grade,track,subject,book,chapter,topic,subtopic,difficulty,question,option_a,option_b,option_c,option_d,correct_option,explanation,source,source_type,source_year
"چهارم","","فارسی","فارسی","آزمون جامع","ارزیابی پایه","هسته ۱۰ سوالی","متوسط","درک متن بیشتر به چه نیاز دارد؟","توجه به واژه‌ها و ارتباط جمله‌ها","حفظ عنوان","شمردن کلمات","حذف مثال‌ها","A","سؤال تألیفی تشخیصی برای ارزیابی اولیه؛ جایگزین پوشش فصل‌به‌فصل کتاب درسی نیست.","ترنم همدلی","original","1405"
"چهارم","","فارسی","فارسی","آزمون جامع","ارزیابی پایه","هسته ۱۰ سوالی","متوسط","واژه مترادف چیست؟","واژه هم‌معنی یا نزدیک‌معنی","واژه مخالف","واژه بی‌معنا","عدد","A","سؤال تألیفی تشخیصی برای ارزیابی اولیه؛ جایگزین پوشش فصل‌به‌فصل کتاب درسی نیست.","ترنم همدلی","original","1405"
"چهارم","","فارسی","فارسی","آزمون جامع","ارزیابی پایه","هسته ۱۰ سوالی","متوسط","فعل معمولاً چه چیزی را نشان می‌دهد؟","کار یا حالت","رنگ","تعداد صفحات","علامت سؤال","A","سؤال تألیفی تشخیصی برای ارزیابی اولیه؛ جایگزین پوشش فصل‌به‌فصل کتاب درسی نیست.","ترنم همدلی","original","1405"
"چهارم","","فارسی","فارسی","آزمون جامع","ارزیابی پایه","هسته ۱۰ سوالی","متوسط","عنوان مناسب چه ویژگی دارد؟","با محتوای متن ارتباط دارد","کاملاً بی‌ربط است","همیشه طولانی است","فقط عدد است","A","سؤال تألیفی تشخیصی برای ارزیابی اولیه؛ جایگزین پوشش فصل‌به‌فصل کتاب درسی نیست.","ترنم همدلی","original","1405"
"چهارم","","فارسی","فارسی","آزمون جامع","ارزیابی پایه","هسته ۱۰ سوالی","متوسط","بازبینی نوشته برای چیست؟","اصلاح محتوا و نگارش","حذف همه جمله‌ها","افزایش خطا","تغییر واقعیت","A","سؤال تألیفی تشخیصی برای ارزیابی اولیه؛ جایگزین پوشش فصل‌به‌فصل کتاب درسی نیست.","ترنم همدلی","original","1405"
"چهارم","","فارسی","فارسی","آزمون جامع","ارزیابی پایه","هسته ۱۰ سوالی","متوسط","پاراگراف معمولاً حول چه چیزی شکل می‌گیرد؟","یک ایده اصلی","واژه‌های تصادفی","یک علامت","یک عدد","A","سؤال تألیفی تشخیصی برای ارزیابی اولیه؛ جایگزین پوشش فصل‌به‌فصل کتاب درسی نیست.","ترنم همدلی","original","1405"
"چهارم","","فارسی","فارسی","آزمون جامع","ارزیابی پایه","هسته ۱۰ سوالی","متوسط","علائم نگارشی چه کمکی می‌کنند؟","خوانایی و فهم ساختار متن","حذف معنا","تغییر موضوع","افزایش ابهام","A","سؤال تألیفی تشخیصی برای ارزیابی اولیه؛ جایگزین پوشش فصل‌به‌فصل کتاب درسی نیست.","ترنم همدلی","original","1405"
"چهارم","","فارسی","فارسی","آزمون جامع","ارزیابی پایه","هسته ۱۰ سوالی","متوسط","تشبیه چه کاربردی دارد؟","بیان هنری شباهت میان دو چیز","اندازه‌گیری","حل معادله","ثبت تاریخ","A","سؤال تألیفی تشخیصی برای ارزیابی اولیه؛ جایگزین پوشش فصل‌به‌فصل کتاب درسی نیست.","ترنم همدلی","original","1405"
"چهارم","","فارسی","فارسی","آزمون جامع","ارزیابی پایه","هسته ۱۰ سوالی","متوسط","خواندن فعال یعنی چه؟","پرسش، ارتباط و بررسی مفهوم","فقط سریع خواندن","حفظ بدون درک","نادیده گرفتن عنوان","A","سؤال تألیفی تشخیصی برای ارزیابی اولیه؛ جایگزین پوشش فصل‌به‌فصل کتاب درسی نیست.","ترنم همدلی","original","1405"
"چهارم","","فارسی","فارسی","آزمون جامع","ارزیابی پایه","هسته ۱۰ سوالی","متوسط","نوشتن منظم چه فایده‌ای دارد؟","انتقال روشن‌تر ایده‌ها","افزایش ابهام","حذف ارتباط","کاهش خوانایی","A","سؤال تألیفی تشخیصی برای ارزیابی اولیه؛ جایگزین پوشش فصل‌به‌فصل کتاب درسی نیست.","ترنم همدلی","original","1405"
"چهارم","","نگارش","نگارش","آزمون جامع","ارزیابی پایه","هسته ۱۰ سوالی","متوسط","درک متن بیشتر به چه نیاز دارد؟","توجه به واژه‌ها و ارتباط جمله‌ها","حفظ عنوان","شمردن کلمات","حذف مثال‌ها","A","سؤال تألیفی تشخیصی برای ارزیابی اولیه؛ جایگزین پوشش فصل‌به‌فصل کتاب درسی نیست.","ترنم همدلی","original","1405"
"چهارم","","نگارش","نگارش","آزمون جامع","ارزیابی پایه","هسته ۱۰ سوالی","متوسط","واژه مترادف چیست؟","واژه هم‌معنی یا نزدیک‌معنی","واژه مخالف","واژه بی‌معنا","عدد","A","سؤال تألیفی تشخیصی برای ارزیابی اولیه؛ جایگزین پوشش فصل‌به‌فصل کتاب درسی نیست.","ترنم همدلی","original","1405"
"چهارم","","نگارش","نگارش","آزمون جامع","ارزیابی پایه","هسته ۱۰ سوالی","متوسط","فعل معمولاً چه چیزی را نشان می‌دهد؟","کار یا حالت","رنگ","تعداد صفحات","علامت سؤال","A","سؤال تألیفی تشخیصی برای ارزیابی اولیه؛ جایگزین پوشش فصل‌به‌فصل کتاب درسی نیست.","ترنم همدلی","original","1405"
"چهارم","","نگارش","نگارش","آزمون جامع","ارزیابی پایه","هسته ۱۰ سوالی","متوسط","عنوان مناسب چه ویژگی دارد؟","با محتوای متن ارتباط دارد","کاملاً بی‌ربط است","همیشه طولانی است","فقط عدد است","A","سؤال تألیفی تشخیصی برای ارزیابی اولیه؛ جایگزین پوشش فصل‌به‌فصل کتاب درسی نیست.","ترنم همدلی","original","1405"
"چهارم","","نگارش","نگارش","آزمون جامع","ارزیابی پایه","هسته ۱۰ سوالی","متوسط","بازبینی نوشته برای چیست؟","اصلاح محتوا و نگارش","حذف همه جمله‌ها","افزایش خطا","تغییر واقعیت","A","سؤال تألیفی تشخیصی برای ارزیابی اولیه؛ جایگزین پوشش فصل‌به‌فصل کتاب درسی نیست.","ترنم همدلی","original","1405"
"چهارم","","نگارش","نگارش","آزمون جامع","ارزیابی پایه","هسته ۱۰ سوالی","متوسط","پاراگراف معمولاً حول چه چیزی شکل می‌گیرد؟","یک ایده اصلی","واژه‌های تصادفی","یک علامت","یک عدد","A","سؤال تألیفی تشخیصی برای ارزیابی اولیه؛ جایگزین پوشش فصل‌به‌فصل کتاب درسی نیست.","ترنم همدلی","original","1405"
"چهارم","","نگارش","نگارش","آزمون جامع","ارزیابی پایه","هسته ۱۰ سوالی","متوسط","علائم نگارشی چه کمکی می‌کنند؟","خوانایی و فهم ساختار متن","حذف معنا","تغییر موضوع","افزایش ابهام","A","سؤال تألیفی تشخیصی برای ارزیابی اولیه؛ جایگزین پوشش فصل‌به‌فصل کتاب درسی نیست.","ترنم همدلی","original","1405"
"چهارم","","نگارش","نگارش","آزمون جامع","ارزیابی پایه","هسته ۱۰ سوالی","متوسط","تشبیه چه کاربردی دارد؟","بیان هنری شباهت میان دو چیز","اندازه‌گیری","حل معادله","ثبت تاریخ","A","سؤال تألیفی تشخیصی برای ارزیابی اولیه؛ جایگزین پوشش فصل‌به‌فصل کتاب درسی نیست.","ترنم همدلی","original","1405"
"چهارم","","نگارش","نگارش","آزمون جامع","ارزیابی پایه","هسته ۱۰ سوالی","متوسط","خواندن فعال یعنی چه؟","پرسش، ارتباط و بررسی مفهوم","فقط سریع خواندن","حفظ بدون درک","نادیده گرفتن عنوان","A","سؤال تألیفی تشخیصی برای ارزیابی اولیه؛ جایگزین پوشش فصل‌به‌فصل کتاب درسی نیست.","ترنم همدلی","original","1405"
"چهارم","","نگارش","نگارش","آزمون جامع","ارزیابی پایه","هسته ۱۰ سوالی","متوسط","نوشتن منظم چه فایده‌ای دارد؟","انتقال روشن‌تر ایده‌ها","افزایش ابهام","حذف ارتباط","کاهش خوانایی","A","سؤال تألیفی تشخیصی برای ارزیابی اولیه؛ جایگزین پوشش فصل‌به‌فصل کتاب درسی نیست.","ترنم همدلی","original","1405"
"چهارم","","ریاضی","ریاضی","آزمون جامع","ارزیابی پایه","هسته ۱۰ سوالی","متوسط","کدام گزینه یک مفهوم پایه در این درس است؟","تعریف و رابطه بین کمیت‌ها","رنگ","صدا","بو","A","سؤال تألیفی تشخیصی برای ارزیابی اولیه؛ جایگزین پوشش فصل‌به‌فصل کتاب درسی نیست.","ترنم همدلی","original","1405"
"چهارم","","ریاضی","ریاضی","آزمون جامع","ارزیابی پایه","هسته ۱۰ سوالی","متوسط","حل مرحله‌ای مسئله چه فایده‌ای دارد؟","کاهش خطا و امکان بررسی مسیر حل","حذف داده","افزایش ابهام","تغییر موضوع","A","سؤال تألیفی تشخیصی برای ارزیابی اولیه؛ جایگزین پوشش فصل‌به‌فصل کتاب درسی نیست.","ترنم همدلی","original","1405"
"چهارم","","ریاضی","ریاضی","آزمون جامع","ارزیابی پایه","هسته ۱۰ سوالی","متوسط","میانگین برای چه کاری به‌کار می‌رود؟","خلاصه‌کردن مجموعه‌ای از داده‌ها","اندازه‌گیری دما","تشخیص صدا","تعیین رنگ","A","سؤال تألیفی تشخیصی برای ارزیابی اولیه؛ جایگزین پوشش فصل‌به‌فصل کتاب درسی نیست.","ترنم همدلی","original","1405"
"چهارم","","ریاضی","ریاضی","آزمون جامع","ارزیابی پایه","هسته ۱۰ سوالی","متوسط","احتمال رویداد قطعی چیست؟","۱","۰","۰٫۵","۲","A","سؤال تألیفی تشخیصی برای ارزیابی اولیه؛ جایگزین پوشش فصل‌به‌فصل کتاب درسی نیست.","ترنم همدلی","original","1405"
"چهارم","","ریاضی","ریاضی","آزمون جامع","ارزیابی پایه","هسته ۱۰ سوالی","متوسط","نمودار چه کمکی می‌کند؟","نمایش و مقایسه داده‌ها","حذف داده","تغییر سؤال","حذف واحد","A","سؤال تألیفی تشخیصی برای ارزیابی اولیه؛ جایگزین پوشش فصل‌به‌فصل کتاب درسی نیست.","ترنم همدلی","original","1405"
"چهارم","","ریاضی","ریاضی","آزمون جامع","ارزیابی پایه","هسته ۱۰ سوالی","متوسط","واحد اندازه‌گیری چه اهمیتی دارد؟","امکان مقایسه و بیان دقیق مقدار","تغییر نتیجه","حذف عدد","افزایش ابهام","A","سؤال تألیفی تشخیصی برای ارزیابی اولیه؛ جایگزین پوشش فصل‌به‌فصل کتاب درسی نیست.","ترنم همدلی","original","1405"
"چهارم","","ریاضی","ریاضی","آزمون جامع","ارزیابی پایه","هسته ۱۰ سوالی","متوسط","برای حل یک مسئله ابتدا چه باید کرد؟","شناخت داده‌ها و خواسته","حدس پاسخ","حذف صورت مسئله","تغییر واحد بدون دلیل","A","سؤال تألیفی تشخیصی برای ارزیابی اولیه؛ جایگزین پوشش فصل‌به‌فصل کتاب درسی نیست.","ترنم همدلی","original","1405"
"چهارم","","ریاضی","ریاضی","آزمون جامع","ارزیابی پایه","هسته ۱۰ سوالی","متوسط","تقریب عدد برای چیست؟","ساده‌سازی با حفظ دقت مناسب","تغییر تصادفی مقدار","حذف عدد","تبدیل به متن","A","سؤال تألیفی تشخیصی برای ارزیابی اولیه؛ جایگزین پوشش فصل‌به‌فصل کتاب درسی نیست.","ترنم همدلی","original","1405"
"چهارم","","ریاضی","ریاضی","آزمون جامع","ارزیابی پایه","هسته ۱۰ سوالی","متوسط","رابطه ریاضی چه چیزی را بیان می‌کند؟","ارتباط میان کمیت‌ها","نام افراد","رنگ‌ها","صدای محیط","A","سؤال تألیفی تشخیصی برای ارزیابی اولیه؛ جایگزین پوشش فصل‌به‌فصل کتاب درسی نیست.","ترنم همدلی","original","1405"
"چهارم","","ریاضی","ریاضی","آزمون جامع","ارزیابی پایه","هسته ۱۰ سوالی","متوسط","بررسی پاسخ پس از حل چه فایده‌ای دارد؟","کشف خطای محاسبه یا استدلال","حذف پاسخ","تغییر موضوع","افزایش ابهام","A","سؤال تألیفی تشخیصی برای ارزیابی اولیه؛ جایگزین پوشش فصل‌به‌فصل کتاب درسی نیست.","ترنم همدلی","original","1405"
"چهارم","","علوم تجربی","علوم تجربی","آزمون جامع","ارزیابی پایه","هسته ۱۰ سوالی","متوسط","مشاهده علمی بر چه چیزی تکیه دارد؟","داده و شواهد","شایعه","حدس بدون بررسی","سلیقه","A","سؤال تألیفی تشخیصی برای ارزیابی اولیه؛ جایگزین پوشش فصل‌به‌فصل کتاب درسی نیست.","ترنم همدلی","original","1405"
"چهارم","","علوم تجربی","علوم تجربی","آزمون جامع","ارزیابی پایه","هسته ۱۰ سوالی","متوسط","فرضیه چیست؟","پاسخ پیشنهادی و قابل آزمون","نتیجه قطعی","نام ابزار","واحد اندازه‌گیری","A","سؤال تألیفی تشخیصی برای ارزیابی اولیه؛ جایگزین پوشش فصل‌به‌فصل کتاب درسی نیست.","ترنم همدلی","original","1405"
"چهارم","","علوم تجربی","علوم تجربی","آزمون جامع","ارزیابی پایه","هسته ۱۰ سوالی","متوسط","چرا متغیرها کنترل می‌شوند؟","برای بررسی دقیق اثر عامل مورد مطالعه","برای طولانی‌شدن آزمایش","برای حذف نتیجه","برای تغییر سؤال","A","سؤال تألیفی تشخیصی برای ارزیابی اولیه؛ جایگزین پوشش فصل‌به‌فصل کتاب درسی نیست.","ترنم همدلی","original","1405"
"چهارم","","علوم تجربی","علوم تجربی","آزمون جامع","ارزیابی پایه","هسته ۱۰ سوالی","متوسط","جرم معمولاً با چه ابزاری اندازه‌گیری می‌شود؟","ترازو","دماسنج","خط‌کش","قطب‌نما","A","سؤال تألیفی تشخیصی برای ارزیابی اولیه؛ جایگزین پوشش فصل‌به‌فصل کتاب درسی نیست.","ترنم همدلی","original","1405"
"چهارم","","علوم تجربی","علوم تجربی","آزمون جامع","ارزیابی پایه","هسته ۱۰ سوالی","متوسط","دما با چه ابزاری اندازه‌گیری می‌شود؟","دماسنج","ترازو","نیروسنج","خط‌کش","A","سؤال تألیفی تشخیصی برای ارزیابی اولیه؛ جایگزین پوشش فصل‌به‌فصل کتاب درسی نیست.","ترنم همدلی","original","1405"
"چهارم","","علوم تجربی","علوم تجربی","آزمون جامع","ارزیابی پایه","هسته ۱۰ سوالی","متوسط","نتیجه‌گیری علمی باید بر چه چیزی تکیه کند؟","شواهد و تحلیل","حدس تنها","سلیقه","شایعه","A","سؤال تألیفی تشخیصی برای ارزیابی اولیه؛ جایگزین پوشش فصل‌به‌فصل کتاب درسی نیست.","ترنم همدلی","original","1405"
"چهارم","","علوم تجربی","علوم تجربی","آزمون جامع","ارزیابی پایه","هسته ۱۰ سوالی","متوسط","مواد می‌توانند در چه حالت‌هایی باشند؟","جامد، مایع و گاز","فقط جامد","فقط مایع","فقط گاز","A","سؤال تألیفی تشخیصی برای ارزیابی اولیه؛ جایگزین پوشش فصل‌به‌فصل کتاب درسی نیست.","ترنم همدلی","original","1405"
"چهارم","","علوم تجربی","علوم تجربی","آزمون جامع","ارزیابی پایه","هسته ۱۰ سوالی","متوسط","آزمایش علمی چه کمکی می‌کند؟","بررسی یک فرض یا پرسش با روش مشخص","حذف داده","تأیید هر حدس","تغییر واقعیت","A","سؤال تألیفی تشخیصی برای ارزیابی اولیه؛ جایگزین پوشش فصل‌به‌فصل کتاب درسی نیست.","ترنم همدلی","original","1405"
"چهارم","","علوم تجربی","علوم تجربی","آزمون جامع","ارزیابی پایه","هسته ۱۰ سوالی","متوسط","حفاظت از محیط زیست چه هدفی دارد؟","حفظ منابع و سلامت اکوسیستم","افزایش آلودگی","حذف تنوع","مصرف بی‌رویه","A","سؤال تألیفی تشخیصی برای ارزیابی اولیه؛ جایگزین پوشش فصل‌به‌فصل کتاب درسی نیست.","ترنم همدلی","original","1405"
"چهارم","","علوم تجربی","علوم تجربی","آزمون جامع","ارزیابی پایه","هسته ۱۰ سوالی","متوسط","داده معتبر چه ویژگی دارد؟","قابل مشاهده، اندازه‌گیری یا مستند باشد","کاملاً حدسی باشد","بدون منبع باشد","متناقض باشد","A","سؤال تألیفی تشخیصی برای ارزیابی اولیه؛ جایگزین پوشش فصل‌به‌فصل کتاب درسی نیست.","ترنم همدلی","original","1405"
"چهارم","","مطالعات اجتماعی","مطالعات اجتماعی","آزمون جامع","ارزیابی پایه","هسته ۱۰ سوالی","متوسط","قانون چه نقشی دارد؟","تنظیم روابط و حقوق","ایجاد بی‌نظمی","حذف مسئولیت","تغییر آب‌وهوا","A","سؤال تألیفی تشخیصی برای ارزیابی اولیه؛ جایگزین پوشش فصل‌به‌فصل کتاب درسی نیست.","ترنم همدلی","original","1405"
"چهارم","","مطالعات اجتماعی","مطالعات اجتماعی","آزمون جامع","ارزیابی پایه","هسته ۱۰ سوالی","متوسط","شهروند مسئول چه می‌کند؟","حقوق دیگران و وظایف خود را رعایت می‌کند","قانون را نادیده می‌گیرد","فقط مطالبه می‌کند","به محیط آسیب می‌زند","A","سؤال تألیفی تشخیصی برای ارزیابی اولیه؛ جایگزین پوشش فصل‌به‌فصل کتاب درسی نیست.","ترنم همدلی","original","1405"
"چهارم","","مطالعات اجتماعی","مطالعات اجتماعی","آزمون جامع","ارزیابی پایه","هسته ۱۰ سوالی","متوسط","نقشه برای چه مفید است؟","نمایش موقعیت‌های مکانی","اندازه‌گیری دما","تشخیص صدا","محاسبه سن","A","سؤال تألیفی تشخیصی برای ارزیابی اولیه؛ جایگزین پوشش فصل‌به‌فصل کتاب درسی نیست.","ترنم همدلی","original","1405"
"چهارم","","مطالعات اجتماعی","مطالعات اجتماعی","آزمون جامع","ارزیابی پایه","هسته ۱۰ سوالی","متوسط","منبع تاریخی چه فایده‌ای دارد؟","شواهدی برای شناخت گذشته فراهم می‌کند","همیشه قطعی است","فقط سرگرمی است","هیچ ارزشی ندارد","A","سؤال تألیفی تشخیصی برای ارزیابی اولیه؛ جایگزین پوشش فصل‌به‌فصل کتاب درسی نیست.","ترنم همدلی","original","1405"
"چهارم","","مطالعات اجتماعی","مطالعات اجتماعی","آزمون جامع","ارزیابی پایه","هسته ۱۰ سوالی","متوسط","فرهنگ شامل چیست؟","ارزش‌ها، هنجارها و نمادها","فقط ساختمان","فقط پول","فقط آب‌وهوا","A","سؤال تألیفی تشخیصی برای ارزیابی اولیه؛ جایگزین پوشش فصل‌به‌فصل کتاب درسی نیست.","ترنم همدلی","original","1405"
"چهارم","","مطالعات اجتماعی","مطالعات اجتماعی","آزمون جامع","ارزیابی پایه","هسته ۱۰ سوالی","متوسط","جمعیت یعنی چه؟","تعداد افراد یک محدوده","تعداد ساختمان","مساحت کشور","تعداد رودها","A","سؤال تألیفی تشخیصی برای ارزیابی اولیه؛ جایگزین پوشش فصل‌به‌فصل کتاب درسی نیست.","ترنم همدلی","original","1405"
"چهارم","","مطالعات اجتماعی","مطالعات اجتماعی","آزمون جامع","ارزیابی پایه","هسته ۱۰ سوالی","متوسط","مهاجرت چیست؟","جابه‌جایی افراد برای سکونت","تغییر فصل","حرکت زمین","تغییر زبان","A","سؤال تألیفی تشخیصی برای ارزیابی اولیه؛ جایگزین پوشش فصل‌به‌فصل کتاب درسی نیست.","ترنم همدلی","original","1405"
"چهارم","","مطالعات اجتماعی","مطالعات اجتماعی","آزمون جامع","ارزیابی پایه","هسته ۱۰ سوالی","متوسط","همکاری اجتماعی چه فایده‌ای دارد؟","حل بهتر مسائل مشترک","حذف مسئولیت","بی‌نیازی از قانون","افزایش قطعی تعارض","A","سؤال تألیفی تشخیصی برای ارزیابی اولیه؛ جایگزین پوشش فصل‌به‌فصل کتاب درسی نیست.","ترنم همدلی","original","1405"
"چهارم","","مطالعات اجتماعی","مطالعات اجتماعی","آزمون جامع","ارزیابی پایه","هسته ۱۰ سوالی","متوسط","توسعه پایدار بر چه چیزی تأکید دارد؟","توجه به نیاز امروز و آینده","مصرف بی‌حد","حذف طبیعت","نادیده گرفتن نسل آینده","A","سؤال تألیفی تشخیصی برای ارزیابی اولیه؛ جایگزین پوشش فصل‌به‌فصل کتاب درسی نیست.","ترنم همدلی","original","1405"
"چهارم","","مطالعات اجتماعی","مطالعات اجتماعی","آزمون جامع","ارزیابی پایه","هسته ۱۰ سوالی","متوسط","پدیده‌های اجتماعی را بهتر است چگونه بررسی کرد؟","با مفهوم، شواهد و توجه به زمینه","با یک شایعه","با حدس تنها","بدون داده","A","سؤال تألیفی تشخیصی برای ارزیابی اولیه؛ جایگزین پوشش فصل‌به‌فصل کتاب درسی نیست.","ترنم همدلی","original","1405"
"چهارم","","آموزش قرآن","آموزش قرآن","آزمون جامع","ارزیابی پایه","هسته ۱۰ سوالی","متوسط","صداقت یعنی چه؟","راستگویی و پرهیز از فریب","پنهان‌کاری برای منفعت","تمسخر","بی‌تفاوتی","A","سؤال تألیفی تشخیصی برای ارزیابی اولیه؛ جایگزین پوشش فصل‌به‌فصل کتاب درسی نیست.","ترنم همدلی","original","1405"
"چهارم","","آموزش قرآن","آموزش قرآن","آزمون جامع","ارزیابی پایه","هسته ۱۰ سوالی","متوسط","مسئولیت‌پذیری چیست؟","پذیرفتن وظیفه و پیامد رفتار","انداختن تقصیر بر دیگران","فرار از وظیفه","نادیده گرفتن پیامد","A","سؤال تألیفی تشخیصی برای ارزیابی اولیه؛ جایگزین پوشش فصل‌به‌فصل کتاب درسی نیست.","ترنم همدلی","original","1405"
"چهارم","","آموزش قرآن","آموزش قرآن","آزمون جامع","ارزیابی پایه","هسته ۱۰ سوالی","متوسط","عدالت به چه چیزی نزدیک است؟","رعایت حق و انصاف","تبعیض","طرفداری بی‌دلیل","بی‌قانونی","A","سؤال تألیفی تشخیصی برای ارزیابی اولیه؛ جایگزین پوشش فصل‌به‌فصل کتاب درسی نیست.","ترنم همدلی","original","1405"
"چهارم","","آموزش قرآن","آموزش قرآن","آزمون جامع","ارزیابی پایه","هسته ۱۰ سوالی","متوسط","امانت‌داری یعنی چه؟","حفظ حق و اعتماد دیگران","افشای راز","استفاده بدون اجازه","تحریف","A","سؤال تألیفی تشخیصی برای ارزیابی اولیه؛ جایگزین پوشش فصل‌به‌فصل کتاب درسی نیست.","ترنم همدلی","original","1405"
"چهارم","","آموزش قرآن","آموزش قرآن","آزمون جامع","ارزیابی پایه","هسته ۱۰ سوالی","متوسط","همدلی چیست؟","درک احساس و موقعیت دیگران","تأیید همه رفتارها","تحقیر","تحمیل نظر","A","سؤال تألیفی تشخیصی برای ارزیابی اولیه؛ جایگزین پوشش فصل‌به‌فصل کتاب درسی نیست.","ترنم همدلی","original","1405"
"چهارم","","آموزش قرآن","آموزش قرآن","آزمون جامع","ارزیابی پایه","هسته ۱۰ سوالی","متوسط","صبر در دشواری یعنی چه؟","پایداری همراه با مدیریت درست واکنش","پرخاشگری","انکار مسئله","بی‌عملی مطلق","A","سؤال تألیفی تشخیصی برای ارزیابی اولیه؛ جایگزین پوشش فصل‌به‌فصل کتاب درسی نیست.","ترنم همدلی","original","1405"
"چهارم","","آموزش قرآن","آموزش قرآن","آزمون جامع","ارزیابی پایه","هسته ۱۰ سوالی","متوسط","شکرگزاری یعنی چه؟","شناخت نعمت و قدردانی","انکار داشته‌ها","مقایسه دائمی","بی‌توجهی","A","سؤال تألیفی تشخیصی برای ارزیابی اولیه؛ جایگزین پوشش فصل‌به‌فصل کتاب درسی نیست.","ترنم همدلی","original","1405"
"چهارم","","آموزش قرآن","آموزش قرآن","آزمون جامع","ارزیابی پایه","هسته ۱۰ سوالی","متوسط","احترام به دیگران چگونه نشان داده می‌شود؟","رعایت کرامت و حقوق آنان","تمسخر","تحقیر","بی‌توجهی","A","سؤال تألیفی تشخیصی برای ارزیابی اولیه؛ جایگزین پوشش فصل‌به‌فصل کتاب درسی نیست.","ترنم همدلی","original","1405"
"چهارم","","آموزش قرآن","آموزش قرآن","آزمون جامع","ارزیابی پایه","هسته ۱۰ سوالی","متوسط","کمک مسئولانه به دیگران چه ویژگی دارد؟","بدون ایجاد آسیب و با توجه به نیاز واقعی","اجبار","فریب","نادیده‌گرفتن حقوق","A","سؤال تألیفی تشخیصی برای ارزیابی اولیه؛ جایگزین پوشش فصل‌به‌فصل کتاب درسی نیست.","ترنم همدلی","original","1405"
"چهارم","","آموزش قرآن","آموزش قرآن","آزمون جامع","ارزیابی پایه","هسته ۱۰ سوالی","متوسط","نیت در عمل اخلاقی چه اهمیتی دارد؟","در ارزش‌گذاری عمل نقش دارد","هیچ اهمیتی ندارد","فقط ظاهر مهم است","فقط پول مهم است","A","سؤال تألیفی تشخیصی برای ارزیابی اولیه؛ جایگزین پوشش فصل‌به‌فصل کتاب درسی نیست.","ترنم همدلی","original","1405"
"چهارم","","هدیه‌های آسمان","هدیه‌های آسمان","آزمون جامع","ارزیابی پایه","هسته ۱۰ سوالی","متوسط","صداقت یعنی چه؟","راستگویی و پرهیز از فریب","پنهان‌کاری برای منفعت","تمسخر","بی‌تفاوتی","A","سؤال تألیفی تشخیصی برای ارزیابی اولیه؛ جایگزین پوشش فصل‌به‌فصل کتاب درسی نیست.","ترنم همدلی","original","1405"
"چهارم","","هدیه‌های آسمان","هدیه‌های آسمان","آزمون جامع","ارزیابی پایه","هسته ۱۰ سوالی","متوسط","مسئولیت‌پذیری چیست؟","پذیرفتن وظیفه و پیامد رفتار","انداختن تقصیر بر دیگران","فرار از وظیفه","نادیده گرفتن پیامد","A","سؤال تألیفی تشخیصی برای ارزیابی اولیه؛ جایگزین پوشش فصل‌به‌فصل کتاب درسی نیست.","ترنم همدلی","original","1405"
"چهارم","","هدیه‌های آسمان","هدیه‌های آسمان","آزمون جامع","ارزیابی پایه","هسته ۱۰ سوالی","متوسط","عدالت به چه چیزی نزدیک است؟","رعایت حق و انصاف","تبعیض","طرفداری بی‌دلیل","بی‌قانونی","A","سؤال تألیفی تشخیصی برای ارزیابی اولیه؛ جایگزین پوشش فصل‌به‌فصل کتاب درسی نیست.","ترنم همدلی","original","1405"
"چهارم","","هدیه‌های آسمان","هدیه‌های آسمان","آزمون جامع","ارزیابی پایه","هسته ۱۰ سوالی","متوسط","امانت‌داری یعنی چه؟","حفظ حق و اعتماد دیگران","افشای راز","استفاده بدون اجازه","تحریف","A","سؤال تألیفی تشخیصی برای ارزیابی اولیه؛ جایگزین پوشش فصل‌به‌فصل کتاب درسی نیست.","ترنم همدلی","original","1405"
"چهارم","","هدیه‌های آسمان","هدیه‌های آسمان","آزمون جامع","ارزیابی پایه","هسته ۱۰ سوالی","متوسط","همدلی چیست؟","درک احساس و موقعیت دیگران","تأیید همه رفتارها","تحقیر","تحمیل نظر","A","سؤال تألیفی تشخیصی برای ارزیابی اولیه؛ جایگزین پوشش فصل‌به‌فصل کتاب درسی نیست.","ترنم همدلی","original","1405"
"چهارم","","هدیه‌های آسمان","هدیه‌های آسمان","آزمون جامع","ارزیابی پایه","هسته ۱۰ سوالی","متوسط","صبر در دشواری یعنی چه؟","پایداری همراه با مدیریت درست واکنش","پرخاشگری","انکار مسئله","بی‌عملی مطلق","A","سؤال تألیفی تشخیصی برای ارزیابی اولیه؛ جایگزین پوشش فصل‌به‌فصل کتاب درسی نیست.","ترنم همدلی","original","1405"
"چهارم","","هدیه‌های آسمان","هدیه‌های آسمان","آزمون جامع","ارزیابی پایه","هسته ۱۰ سوالی","متوسط","شکرگزاری یعنی چه؟","شناخت نعمت و قدردانی","انکار داشته‌ها","مقایسه دائمی","بی‌توجهی","A","سؤال تألیفی تشخیصی برای ارزیابی اولیه؛ جایگزین پوشش فصل‌به‌فصل کتاب درسی نیست.","ترنم همدلی","original","1405"
"چهارم","","هدیه‌های آسمان","هدیه‌های آسمان","آزمون جامع","ارزیابی پایه","هسته ۱۰ سوالی","متوسط","احترام به دیگران چگونه نشان داده می‌شود؟","رعایت کرامت و حقوق آنان","تمسخر","تحقیر","بی‌توجهی","A","سؤال تألیفی تشخیصی برای ارزیابی اولیه؛ جایگزین پوشش فصل‌به‌فصل کتاب درسی نیست.","ترنم همدلی","original","1405"
"چهارم","","هدیه‌های آسمان","هدیه‌های آسمان","آزمون جامع","ارزیابی پایه","هسته ۱۰ سوالی","متوسط","کمک مسئولانه به دیگران چه ویژگی دارد؟","بدون ایجاد آسیب و با توجه به نیاز واقعی","اجبار","فریب","نادیده‌گرفتن حقوق","A","سؤال تألیفی تشخیصی برای ارزیابی اولیه؛ جایگزین پوشش فصل‌به‌فصل کتاب درسی نیست.","ترنم همدلی","original","1405"
"چهارم","","هدیه‌های آسمان","هدیه‌های آسمان","آزمون جامع","ارزیابی پایه","هسته ۱۰ سوالی","متوسط","نیت در عمل اخلاقی چه اهمیتی دارد؟","در ارزش‌گذاری عمل نقش دارد","هیچ اهمیتی ندارد","فقط ظاهر مهم است","فقط پول مهم است","A","سؤال تألیفی تشخیصی برای ارزیابی اولیه؛ جایگزین پوشش فصل‌به‌فصل کتاب درسی نیست.","ترنم همدلی","original","1405"
"پنجم","","فارسی","فارسی","آزمون جامع","ارزیابی پایه","هسته ۱۰ سوالی","متوسط","درک متن بیشتر به چه نیاز دارد؟","توجه به واژه‌ها و ارتباط جمله‌ها","حفظ عنوان","شمردن کلمات","حذف مثال‌ها","A","سؤال تألیفی تشخیصی برای ارزیابی اولیه؛ جایگزین پوشش فصل‌به‌فصل کتاب درسی نیست.","ترنم همدلی","original","1405"
"پنجم","","فارسی","فارسی","آزمون جامع","ارزیابی پایه","هسته ۱۰ سوالی","متوسط","واژه مترادف چیست؟","واژه هم‌معنی یا نزدیک‌معنی","واژه مخالف","واژه بی‌معنا","عدد","A","سؤال تألیفی تشخیصی برای ارزیابی اولیه؛ جایگزین پوشش فصل‌به‌فصل کتاب درسی نیست.","ترنم همدلی","original","1405"
"پنجم","","فارسی","فارسی","آزمون جامع","ارزیابی پایه","هسته ۱۰ سوالی","متوسط","فعل معمولاً چه چیزی را نشان می‌دهد؟","کار یا حالت","رنگ","تعداد صفحات","علامت سؤال","A","سؤال تألیفی تشخیصی برای ارزیابی اولیه؛ جایگزین پوشش فصل‌به‌فصل کتاب درسی نیست.","ترنم همدلی","original","1405"
"پنجم","","فارسی","فارسی","آزمون جامع","ارزیابی پایه","هسته ۱۰ سوالی","متوسط","عنوان مناسب چه ویژگی دارد؟","با محتوای متن ارتباط دارد","کاملاً بی‌ربط است","همیشه طولانی است","فقط عدد است","A","سؤال تألیفی تشخیصی برای ارزیابی اولیه؛ جایگزین پوشش فصل‌به‌فصل کتاب درسی نیست.","ترنم همدلی","original","1405"
"پنجم","","فارسی","فارسی","آزمون جامع","ارزیابی پایه","هسته ۱۰ سوالی","متوسط","بازبینی نوشته برای چیست؟","اصلاح محتوا و نگارش","حذف همه جمله‌ها","افزایش خطا","تغییر واقعیت","A","سؤال تألیفی تشخیصی برای ارزیابی اولیه؛ جایگزین پوشش فصل‌به‌فصل کتاب درسی نیست.","ترنم همدلی","original","1405"
"پنجم","","فارسی","فارسی","آزمون جامع","ارزیابی پایه","هسته ۱۰ سوالی","متوسط","پاراگراف معمولاً حول چه چیزی شکل می‌گیرد؟","یک ایده اصلی","واژه‌های تصادفی","یک علامت","یک عدد","A","سؤال تألیفی تشخیصی برای ارزیابی اولیه؛ جایگزین پوشش فصل‌به‌فصل کتاب درسی نیست.","ترنم همدلی","original","1405"
"پنجم","","فارسی","فارسی","آزمون جامع","ارزیابی پایه","هسته ۱۰ سوالی","متوسط","علائم نگارشی چه کمکی می‌کنند؟","خوانایی و فهم ساختار متن","حذف معنا","تغییر موضوع","افزایش ابهام","A","سؤال تألیفی تشخیصی برای ارزیابی اولیه؛ جایگزین پوشش فصل‌به‌فصل کتاب درسی نیست.","ترنم همدلی","original","1405"
"پنجم","","فارسی","فارسی","آزمون جامع","ارزیابی پایه","هسته ۱۰ سوالی","متوسط","تشبیه چه کاربردی دارد؟","بیان هنری شباهت میان دو چیز","اندازه‌گیری","حل معادله","ثبت تاریخ","A","سؤال تألیفی تشخیصی برای ارزیابی اولیه؛ جایگزین پوشش فصل‌به‌فصل کتاب درسی نیست.","ترنم همدلی","original","1405"
"پنجم","","فارسی","فارسی","آزمون جامع","ارزیابی پایه","هسته ۱۰ سوالی","متوسط","خواندن فعال یعنی چه؟","پرسش، ارتباط و بررسی مفهوم","فقط سریع خواندن","حفظ بدون درک","نادیده گرفتن عنوان","A","سؤال تألیفی تشخیصی برای ارزیابی اولیه؛ جایگزین پوشش فصل‌به‌فصل کتاب درسی نیست.","ترنم همدلی","original","1405"
"پنجم","","فارسی","فارسی","آزمون جامع","ارزیابی پایه","هسته ۱۰ سوالی","متوسط","نوشتن منظم چه فایده‌ای دارد؟","انتقال روشن‌تر ایده‌ها","افزایش ابهام","حذف ارتباط","کاهش خوانایی","A","سؤال تألیفی تشخیصی برای ارزیابی اولیه؛ جایگزین پوشش فصل‌به‌فصل کتاب درسی نیست.","ترنم همدلی","original","1405"
"پنجم","","نگارش","نگارش","آزمون جامع","ارزیابی پایه","هسته ۱۰ سوالی","متوسط","درک متن بیشتر به چه نیاز دارد؟","توجه به واژه‌ها و ارتباط جمله‌ها","حفظ عنوان","شمردن کلمات","حذف مثال‌ها","A","سؤال تألیفی تشخیصی برای ارزیابی اولیه؛ جایگزین پوشش فصل‌به‌فصل کتاب درسی نیست.","ترنم همدلی","original","1405"
"پنجم","","نگارش","نگارش","آزمون جامع","ارزیابی پایه","هسته ۱۰ سوالی","متوسط","واژه مترادف چیست؟","واژه هم‌معنی یا نزدیک‌معنی","واژه مخالف","واژه بی‌معنا","عدد","A","سؤال تألیفی تشخیصی برای ارزیابی اولیه؛ جایگزین پوشش فصل‌به‌فصل کتاب درسی نیست.","ترنم همدلی","original","1405"
"پنجم","","نگارش","نگارش","آزمون جامع","ارزیابی پایه","هسته ۱۰ سوالی","متوسط","فعل معمولاً چه چیزی را نشان می‌دهد؟","کار یا حالت","رنگ","تعداد صفحات","علامت سؤال","A","سؤال تألیفی تشخیصی برای ارزیابی اولیه؛ جایگزین پوشش فصل‌به‌فصل کتاب درسی نیست.","ترنم همدلی","original","1405"
"پنجم","","نگارش","نگارش","آزمون جامع","ارزیابی پایه","هسته ۱۰ سوالی","متوسط","عنوان مناسب چه ویژگی دارد؟","با محتوای متن ارتباط دارد","کاملاً بی‌ربط است","همیشه طولانی است","فقط عدد است","A","سؤال تألیفی تشخیصی برای ارزیابی اولیه؛ جایگزین پوشش فصل‌به‌فصل کتاب درسی نیست.","ترنم همدلی","original","1405"
"پنجم","","نگارش","نگارش","آزمون جامع","ارزیابی پایه","هسته ۱۰ سوالی","متوسط","بازبینی نوشته برای چیست؟","اصلاح محتوا و نگارش","حذف همه جمله‌ها","افزایش خطا","تغییر واقعیت","A","سؤال تألیفی تشخیصی برای ارزیابی اولیه؛ جایگزین پوشش فصل‌به‌فصل کتاب درسی نیست.","ترنم همدلی","original","1405"
"پنجم","","نگارش","نگارش","آزمون جامع","ارزیابی پایه","هسته ۱۰ سوالی","متوسط","پاراگراف معمولاً حول چه چیزی شکل می‌گیرد؟","یک ایده اصلی","واژه‌های تصادفی","یک علامت","یک عدد","A","سؤال تألیفی تشخیصی برای ارزیابی اولیه؛ جایگزین پوشش فصل‌به‌فصل کتاب درسی نیست.","ترنم همدلی","original","1405"
"پنجم","","نگارش","نگارش","آزمون جامع","ارزیابی پایه","هسته ۱۰ سوالی","متوسط","علائم نگارشی چه کمکی می‌کنند؟","خوانایی و فهم ساختار متن","حذف معنا","تغییر موضوع","افزایش ابهام","A","سؤال تألیفی تشخیصی برای ارزیابی اولیه؛ جایگزین پوشش فصل‌به‌فصل کتاب درسی نیست.","ترنم همدلی","original","1405"
"پنجم","","نگارش","نگارش","آزمون جامع","ارزیابی پایه","هسته ۱۰ سوالی","متوسط","تشبیه چه کاربردی دارد؟","بیان هنری شباهت میان دو چیز","اندازه‌گیری","حل معادله","ثبت تاریخ","A","سؤال تألیفی تشخیصی برای ارزیابی اولیه؛ جایگزین پوشش فصل‌به‌فصل کتاب درسی نیست.","ترنم همدلی","original","1405"
"پنجم","","نگارش","نگارش","آزمون جامع","ارزیابی پایه","هسته ۱۰ سوالی","متوسط","خواندن فعال یعنی چه؟","پرسش، ارتباط و بررسی مفهوم","فقط سریع خواندن","حفظ بدون درک","نادیده گرفتن عنوان","A","سؤال تألیفی تشخیصی برای ارزیابی اولیه؛ جایگزین پوشش فصل‌به‌فصل کتاب درسی نیست.","ترنم همدلی","original","1405"
"پنجم","","نگارش","نگارش","آزمون جامع","ارزیابی پایه","هسته ۱۰ سوالی","متوسط","نوشتن منظم چه فایده‌ای دارد؟","انتقال روشن‌تر ایده‌ها","افزایش ابهام","حذف ارتباط","کاهش خوانایی","A","سؤال تألیفی تشخیصی برای ارزیابی اولیه؛ جایگزین پوشش فصل‌به‌فصل کتاب درسی نیست.","ترنم همدلی","original","1405"
"پنجم","","ریاضی","ریاضی","آزمون جامع","ارزیابی پایه","هسته ۱۰ سوالی","متوسط","کدام گزینه یک مفهوم پایه در این درس است؟","تعریف و رابطه بین کمیت‌ها","رنگ","صدا","بو","A","سؤال تألیفی تشخیصی برای ارزیابی اولیه؛ جایگزین پوشش فصل‌به‌فصل کتاب درسی نیست.","ترنم همدلی","original","1405"
"پنجم","","ریاضی","ریاضی","آزمون جامع","ارزیابی پایه","هسته ۱۰ سوالی","متوسط","حل مرحله‌ای مسئله چه فایده‌ای دارد؟","کاهش خطا و امکان بررسی مسیر حل","حذف داده","افزایش ابهام","تغییر موضوع","A","سؤال تألیفی تشخیصی برای ارزیابی اولیه؛ جایگزین پوشش فصل‌به‌فصل کتاب درسی نیست.","ترنم همدلی","original","1405"
"پنجم","","ریاضی","ریاضی","آزمون جامع","ارزیابی پایه","هسته ۱۰ سوالی","متوسط","میانگین برای چه کاری به‌کار می‌رود؟","خلاصه‌کردن مجموعه‌ای از داده‌ها","اندازه‌گیری دما","تشخیص صدا","تعیین رنگ","A","سؤال تألیفی تشخیصی برای ارزیابی اولیه؛ جایگزین پوشش فصل‌به‌فصل کتاب درسی نیست.","ترنم همدلی","original","1405"
"پنجم","","ریاضی","ریاضی","آزمون جامع","ارزیابی پایه","هسته ۱۰ سوالی","متوسط","احتمال رویداد قطعی چیست؟","۱","۰","۰٫۵","۲","A","سؤال تألیفی تشخیصی برای ارزیابی اولیه؛ جایگزین پوشش فصل‌به‌فصل کتاب درسی نیست.","ترنم همدلی","original","1405"
"پنجم","","ریاضی","ریاضی","آزمون جامع","ارزیابی پایه","هسته ۱۰ سوالی","متوسط","نمودار چه کمکی می‌کند؟","نمایش و مقایسه داده‌ها","حذف داده","تغییر سؤال","حذف واحد","A","سؤال تألیفی تشخیصی برای ارزیابی اولیه؛ جایگزین پوشش فصل‌به‌فصل کتاب درسی نیست.","ترنم همدلی","original","1405"
"پنجم","","ریاضی","ریاضی","آزمون جامع","ارزیابی پایه","هسته ۱۰ سوالی","متوسط","واحد اندازه‌گیری چه اهمیتی دارد؟","امکان مقایسه و بیان دقیق مقدار","تغییر نتیجه","حذف عدد","افزایش ابهام","A","سؤال تألیفی تشخیصی برای ارزیابی اولیه؛ جایگزین پوشش فصل‌به‌فصل کتاب درسی نیست.","ترنم همدلی","original","1405"
"پنجم","","ریاضی","ریاضی","آزمون جامع","ارزیابی پایه","هسته ۱۰ سوالی","متوسط","برای حل یک مسئله ابتدا چه باید کرد؟","شناخت داده‌ها و خواسته","حدس پاسخ","حذف صورت مسئله","تغییر واحد بدون دلیل","A","سؤال تألیفی تشخیصی برای ارزیابی اولیه؛ جایگزین پوشش فصل‌به‌فصل کتاب درسی نیست.","ترنم همدلی","original","1405"
"پنجم","","ریاضی","ریاضی","آزمون جامع","ارزیابی پایه","هسته ۱۰ سوالی","متوسط","تقریب عدد برای چیست؟","ساده‌سازی با حفظ دقت مناسب","تغییر تصادفی مقدار","حذف عدد","تبدیل به متن","A","سؤال تألیفی تشخیصی برای ارزیابی اولیه؛ جایگزین پوشش فصل‌به‌فصل کتاب درسی نیست.","ترنم همدلی","original","1405"
"پنجم","","ریاضی","ریاضی","آزمون جامع","ارزیابی پایه","هسته ۱۰ سوالی","متوسط","رابطه ریاضی چه چیزی را بیان می‌کند؟","ارتباط میان کمیت‌ها","نام افراد","رنگ‌ها","صدای محیط","A","سؤال تألیفی تشخیصی برای ارزیابی اولیه؛ جایگزین پوشش فصل‌به‌فصل کتاب درسی نیست.","ترنم همدلی","original","1405"
"پنجم","","ریاضی","ریاضی","آزمون جامع","ارزیابی پایه","هسته ۱۰ سوالی","متوسط","بررسی پاسخ پس از حل چه فایده‌ای دارد؟","کشف خطای محاسبه یا استدلال","حذف پاسخ","تغییر موضوع","افزایش ابهام","A","سؤال تألیفی تشخیصی برای ارزیابی اولیه؛ جایگزین پوشش فصل‌به‌فصل کتاب درسی نیست.","ترنم همدلی","original","1405"
"پنجم","","علوم تجربی","علوم تجربی","آزمون جامع","ارزیابی پایه","هسته ۱۰ سوالی","متوسط","مشاهده علمی بر چه چیزی تکیه دارد؟","داده و شواهد","شایعه","حدس بدون بررسی","سلیقه","A","سؤال تألیفی تشخیصی برای ارزیابی اولیه؛ جایگزین پوشش فصل‌به‌فصل کتاب درسی نیست.","ترنم همدلی","original","1405"
"پنجم","","علوم تجربی","علوم تجربی","آزمون جامع","ارزیابی پایه","هسته ۱۰ سوالی","متوسط","فرضیه چیست؟","پاسخ پیشنهادی و قابل آزمون","نتیجه قطعی","نام ابزار","واحد اندازه‌گیری","A","سؤال تألیفی تشخیصی برای ارزیابی اولیه؛ جایگزین پوشش فصل‌به‌فصل کتاب درسی نیست.","ترنم همدلی","original","1405"
"پنجم","","علوم تجربی","علوم تجربی","آزمون جامع","ارزیابی پایه","هسته ۱۰ سوالی","متوسط","چرا متغیرها کنترل می‌شوند؟","برای بررسی دقیق اثر عامل مورد مطالعه","برای طولانی‌شدن آزمایش","برای حذف نتیجه","برای تغییر سؤال","A","سؤال تألیفی تشخیصی برای ارزیابی اولیه؛ جایگزین پوشش فصل‌به‌فصل کتاب درسی نیست.","ترنم همدلی","original","1405"
"پنجم","","علوم تجربی","علوم تجربی","آزمون جامع","ارزیابی پایه","هسته ۱۰ سوالی","متوسط","جرم معمولاً با چه ابزاری اندازه‌گیری می‌شود؟","ترازو","دماسنج","خط‌کش","قطب‌نما","A","سؤال تألیفی تشخیصی برای ارزیابی اولیه؛ جایگزین پوشش فصل‌به‌فصل کتاب درسی نیست.","ترنم همدلی","original","1405"
"پنجم","","علوم تجربی","علوم تجربی","آزمون جامع","ارزیابی پایه","هسته ۱۰ سوالی","متوسط","دما با چه ابزاری اندازه‌گیری می‌شود؟","دماسنج","ترازو","نیروسنج","خط‌کش","A","سؤال تألیفی تشخیصی برای ارزیابی اولیه؛ جایگزین پوشش فصل‌به‌فصل کتاب درسی نیست.","ترنم همدلی","original","1405"
"پنجم","","علوم تجربی","علوم تجربی","آزمون جامع","ارزیابی پایه","هسته ۱۰ سوالی","متوسط","نتیجه‌گیری علمی باید بر چه چیزی تکیه کند؟","شواهد و تحلیل","حدس تنها","سلیقه","شایعه","A","سؤال تألیفی تشخیصی برای ارزیابی اولیه؛ جایگزین پوشش فصل‌به‌فصل کتاب درسی نیست.","ترنم همدلی","original","1405"
"پنجم","","علوم تجربی","علوم تجربی","آزمون جامع","ارزیابی پایه","هسته ۱۰ سوالی","متوسط","مواد می‌توانند در چه حالت‌هایی باشند؟","جامد، مایع و گاز","فقط جامد","فقط مایع","فقط گاز","A","سؤال تألیفی تشخیصی برای ارزیابی اولیه؛ جایگزین پوشش فصل‌به‌فصل کتاب درسی نیست.","ترنم همدلی","original","1405"
"پنجم","","علوم تجربی","علوم تجربی","آزمون جامع","ارزیابی پایه","هسته ۱۰ سوالی","متوسط","آزمایش علمی چه کمکی می‌کند؟","بررسی یک فرض یا پرسش با روش مشخص","حذف داده","تأیید هر حدس","تغییر واقعیت","A","سؤال تألیفی تشخیصی برای ارزیابی اولیه؛ جایگزین پوشش فصل‌به‌فصل کتاب درسی نیست.","ترنم همدلی","original","1405"
"پنجم","","علوم تجربی","علوم تجربی","آزمون جامع","ارزیابی پایه","هسته ۱۰ سوالی","متوسط","حفاظت از محیط زیست چه هدفی دارد؟","حفظ منابع و سلامت اکوسیستم","افزایش آلودگی","حذف تنوع","مصرف بی‌رویه","A","سؤال تألیفی تشخیصی برای ارزیابی اولیه؛ جایگزین پوشش فصل‌به‌فصل کتاب درسی نیست.","ترنم همدلی","original","1405"
"پنجم","","علوم تجربی","علوم تجربی","آزمون جامع","ارزیابی پایه","هسته ۱۰ سوالی","متوسط","داده معتبر چه ویژگی دارد؟","قابل مشاهده، اندازه‌گیری یا مستند باشد","کاملاً حدسی باشد","بدون منبع باشد","متناقض باشد","A","سؤال تألیفی تشخیصی برای ارزیابی اولیه؛ جایگزین پوشش فصل‌به‌فصل کتاب درسی نیست.","ترنم همدلی","original","1405"
"پنجم","","مطالعات اجتماعی","مطالعات اجتماعی","آزمون جامع","ارزیابی پایه","هسته ۱۰ سوالی","متوسط","قانون چه نقشی دارد؟","تنظیم روابط و حقوق","ایجاد بی‌نظمی","حذف مسئولیت","تغییر آب‌وهوا","A","سؤال تألیفی تشخیصی برای ارزیابی اولیه؛ جایگزین پوشش فصل‌به‌فصل کتاب درسی نیست.","ترنم همدلی","original","1405"
"پنجم","","مطالعات اجتماعی","مطالعات اجتماعی","آزمون جامع","ارزیابی پایه","هسته ۱۰ سوالی","متوسط","شهروند مسئول چه می‌کند؟","حقوق دیگران و وظایف خود را رعایت می‌کند","قانون را نادیده می‌گیرد","فقط مطالبه می‌کند","به محیط آسیب می‌زند","A","سؤال تألیفی تشخیصی برای ارزیابی اولیه؛ جایگزین پوشش فصل‌به‌فصل کتاب درسی نیست.","ترنم همدلی","original","1405"
"پنجم","","مطالعات اجتماعی","مطالعات اجتماعی","آزمون جامع","ارزیابی پایه","هسته ۱۰ سوالی","متوسط","نقشه برای چه مفید است؟","نمایش موقعیت‌های مکانی","اندازه‌گیری دما","تشخیص صدا","محاسبه سن","A","سؤال تألیفی تشخیصی برای ارزیابی اولیه؛ جایگزین پوشش فصل‌به‌فصل کتاب درسی نیست.","ترنم همدلی","original","1405"
"پنجم","","مطالعات اجتماعی","مطالعات اجتماعی","آزمون جامع","ارزیابی پایه","هسته ۱۰ سوالی","متوسط","منبع تاریخی چه فایده‌ای دارد؟","شواهدی برای شناخت گذشته فراهم می‌کند","همیشه قطعی است","فقط سرگرمی است","هیچ ارزشی ندارد","A","سؤال تألیفی تشخیصی برای ارزیابی اولیه؛ جایگزین پوشش فصل‌به‌فصل کتاب درسی نیست.","ترنم همدلی","original","1405"
"پنجم","","مطالعات اجتماعی","مطالعات اجتماعی","آزمون جامع","ارزیابی پایه","هسته ۱۰ سوالی","متوسط","فرهنگ شامل چیست؟","ارزش‌ها، هنجارها و نمادها","فقط ساختمان","فقط پول","فقط آب‌وهوا","A","سؤال تألیفی تشخیصی برای ارزیابی اولیه؛ جایگزین پوشش فصل‌به‌فصل کتاب درسی نیست.","ترنم همدلی","original","1405"
"پنجم","","مطالعات اجتماعی","مطالعات اجتماعی","آزمون جامع","ارزیابی پایه","هسته ۱۰ سوالی","متوسط","جمعیت یعنی چه؟","تعداد افراد یک محدوده","تعداد ساختمان","مساحت کشور","تعداد رودها","A","سؤال تألیفی تشخیصی برای ارزیابی اولیه؛ جایگزین پوشش فصل‌به‌فصل کتاب درسی نیست.","ترنم همدلی","original","1405"
"پنجم","","مطالعات اجتماعی","مطالعات اجتماعی","آزمون جامع","ارزیابی پایه","هسته ۱۰ سوالی","متوسط","مهاجرت چیست؟","جابه‌جایی افراد برای سکونت","تغییر فصل","حرکت زمین","تغییر زبان","A","سؤال تألیفی تشخیصی برای ارزیابی اولیه؛ جایگزین پوشش فصل‌به‌فصل کتاب درسی نیست.","ترنم همدلی","original","1405"
"پنجم","","مطالعات اجتماعی","مطالعات اجتماعی","آزمون جامع","ارزیابی پایه","هسته ۱۰ سوالی","متوسط","همکاری اجتماعی چه فایده‌ای دارد؟","حل بهتر مسائل مشترک","حذف مسئولیت","بی‌نیازی از قانون","افزایش قطعی تعارض","A","سؤال تألیفی تشخیصی برای ارزیابی اولیه؛ جایگزین پوشش فصل‌به‌فصل کتاب درسی نیست.","ترنم همدلی","original","1405"
"پنجم","","مطالعات اجتماعی","مطالعات اجتماعی","آزمون جامع","ارزیابی پایه","هسته ۱۰ سوالی","متوسط","توسعه پایدار بر چه چیزی تأکید دارد؟","توجه به نیاز امروز و آینده","مصرف بی‌حد","حذف طبیعت","نادیده گرفتن نسل آینده","A","سؤال تألیفی تشخیصی برای ارزیابی اولیه؛ جایگزین پوشش فصل‌به‌فصل کتاب درسی نیست.","ترنم همدلی","original","1405"
"پنجم","","مطالعات اجتماعی","مطالعات اجتماعی","آزمون جامع","ارزیابی پایه","هسته ۱۰ سوالی","متوسط","پدیده‌های اجتماعی را بهتر است چگونه بررسی کرد؟","با مفهوم، شواهد و توجه به زمینه","با یک شایعه","با حدس تنها","بدون داده","A","سؤال تألیفی تشخیصی برای ارزیابی اولیه؛ جایگزین پوشش فصل‌به‌فصل کتاب درسی نیست.","ترنم همدلی","original","1405"
"پنجم","","آموزش قرآن","آموزش قرآن","آزمون جامع","ارزیابی پایه","هسته ۱۰ سوالی","متوسط","صداقت یعنی چه؟","راستگویی و پرهیز از فریب","پنهان‌کاری برای منفعت","تمسخر","بی‌تفاوتی","A","سؤال تألیفی تشخیصی برای ارزیابی اولیه؛ جایگزین پوشش فصل‌به‌فصل کتاب درسی نیست.","ترنم همدلی","original","1405"
"پنجم","","آموزش قرآن","آموزش قرآن","آزمون جامع","ارزیابی پایه","هسته ۱۰ سوالی","متوسط","مسئولیت‌پذیری چیست؟","پذیرفتن وظیفه و پیامد رفتار","انداختن تقصیر بر دیگران","فرار از وظیفه","نادیده گرفتن پیامد","A","سؤال تألیفی تشخیصی برای ارزیابی اولیه؛ جایگزین پوشش فصل‌به‌فصل کتاب درسی نیست.","ترنم همدلی","original","1405"
"پنجم","","آموزش قرآن","آموزش قرآن","آزمون جامع","ارزیابی پایه","هسته ۱۰ سوالی","متوسط","عدالت به چه چیزی نزدیک است؟","رعایت حق و انصاف","تبعیض","طرفداری بی‌دلیل","بی‌قانونی","A","سؤال تألیفی تشخیصی برای ارزیابی اولیه؛ جایگزین پوشش فصل‌به‌فصل کتاب درسی نیست.","ترنم همدلی","original","1405"
"پنجم","","آموزش قرآن","آموزش قرآن","آزمون جامع","ارزیابی پایه","هسته ۱۰ سوالی","متوسط","امانت‌داری یعنی چه؟","حفظ حق و اعتماد دیگران","افشای راز","استفاده بدون اجازه","تحریف","A","سؤال تألیفی تشخیصی برای ارزیابی اولیه؛ جایگزین پوشش فصل‌به‌فصل کتاب درسی نیست.","ترنم همدلی","original","1405"
"پنجم","","آموزش قرآن","آموزش قرآن","آزمون جامع","ارزیابی پایه","هسته ۱۰ سوالی","متوسط","همدلی چیست؟","درک احساس و موقعیت دیگران","تأیید همه رفتارها","تحقیر","تحمیل نظر","A","سؤال تألیفی تشخیصی برای ارزیابی اولیه؛ جایگزین پوشش فصل‌به‌فصل کتاب درسی نیست.","ترنم همدلی","original","1405"
"پنجم","","آموزش قرآن","آموزش قرآن","آزمون جامع","ارزیابی پایه","هسته ۱۰ سوالی","متوسط","صبر در دشواری یعنی چه؟","پایداری همراه با مدیریت درست واکنش","پرخاشگری","انکار مسئله","بی‌عملی مطلق","A","سؤال تألیفی تشخیصی برای ارزیابی اولیه؛ جایگزین پوشش فصل‌به‌فصل کتاب درسی نیست.","ترنم همدلی","original","1405"
"پنجم","","آموزش قرآن","آموزش قرآن","آزمون جامع","ارزیابی پایه","هسته ۱۰ سوالی","متوسط","شکرگزاری یعنی چه؟","شناخت نعمت و قدردانی","انکار داشته‌ها","مقایسه دائمی","بی‌توجهی","A","سؤال تألیفی تشخیصی برای ارزیابی اولیه؛ جایگزین پوشش فصل‌به‌فصل کتاب درسی نیست.","ترنم همدلی","original","1405"
"پنجم","","آموزش قرآن","آموزش قرآن","آزمون جامع","ارزیابی پایه","هسته ۱۰ سوالی","متوسط","احترام به دیگران چگونه نشان داده می‌شود؟","رعایت کرامت و حقوق آنان","تمسخر","تحقیر","بی‌توجهی","A","سؤال تألیفی تشخیصی برای ارزیابی اولیه؛ جایگزین پوشش فصل‌به‌فصل کتاب درسی نیست.","ترنم همدلی","original","1405"
"پنجم","","آموزش قرآن","آموزش قرآن","آزمون جامع","ارزیابی پایه","هسته ۱۰ سوالی","متوسط","کمک مسئولانه به دیگران چه ویژگی دارد؟","بدون ایجاد آسیب و با توجه به نیاز واقعی","اجبار","فریب","نادیده‌گرفتن حقوق","A","سؤال تألیفی تشخیصی برای ارزیابی اولیه؛ جایگزین پوشش فصل‌به‌فصل کتاب درسی نیست.","ترنم همدلی","original","1405"
"پنجم","","آموزش قرآن","آموزش قرآن","آزمون جامع","ارزیابی پایه","هسته ۱۰ سوالی","متوسط","نیت در عمل اخلاقی چه اهمیتی دارد؟","در ارزش‌گذاری عمل نقش دارد","هیچ اهمیتی ندارد","فقط ظاهر مهم است","فقط پول مهم است","A","سؤال تألیفی تشخیصی برای ارزیابی اولیه؛ جایگزین پوشش فصل‌به‌فصل کتاب درسی نیست.","ترنم همدلی","original","1405"
"پنجم","","هدیه‌های آسمان","هدیه‌های آسمان","آزمون جامع","ارزیابی پایه","هسته ۱۰ سوالی","متوسط","صداقت یعنی چه؟","راستگویی و پرهیز از فریب","پنهان‌کاری برای منفعت","تمسخر","بی‌تفاوتی","A","سؤال تألیفی تشخیصی برای ارزیابی اولیه؛ جایگزین پوشش فصل‌به‌فصل کتاب درسی نیست.","ترنم همدلی","original","1405"
"پنجم","","هدیه‌های آسمان","هدیه‌های آسمان","آزمون جامع","ارزیابی پایه","هسته ۱۰ سوالی","متوسط","مسئولیت‌پذیری چیست؟","پذیرفتن وظیفه و پیامد رفتار","انداختن تقصیر بر دیگران","فرار از وظیفه","نادیده گرفتن پیامد","A","سؤال تألیفی تشخیصی برای ارزیابی اولیه؛ جایگزین پوشش فصل‌به‌فصل کتاب درسی نیست.","ترنم همدلی","original","1405"
"پنجم","","هدیه‌های آسمان","هدیه‌های آسمان","آزمون جامع","ارزیابی پایه","هسته ۱۰ سوالی","متوسط","عدالت به چه چیزی نزدیک است؟","رعایت حق و انصاف","تبعیض","طرفداری بی‌دلیل","بی‌قانونی","A","سؤال تألیفی تشخیصی برای ارزیابی اولیه؛ جایگزین پوشش فصل‌به‌فصل کتاب درسی نیست.","ترنم همدلی","original","1405"
"پنجم","","هدیه‌های آسمان","هدیه‌های آسمان","آزمون جامع","ارزیابی پایه","هسته ۱۰ سوالی","متوسط","امانت‌داری یعنی چه؟","حفظ حق و اعتماد دیگران","افشای راز","استفاده بدون اجازه","تحریف","A","سؤال تألیفی تشخیصی برای ارزیابی اولیه؛ جایگزین پوشش فصل‌به‌فصل کتاب درسی نیست.","ترنم همدلی","original","1405"
"پنجم","","هدیه‌های آسمان","هدیه‌های آسمان","آزمون جامع","ارزیابی پایه","هسته ۱۰ سوالی","متوسط","همدلی چیست؟","درک احساس و موقعیت دیگران","تأیید همه رفتارها","تحقیر","تحمیل نظر","A","سؤال تألیفی تشخیصی برای ارزیابی اولیه؛ جایگزین پوشش فصل‌به‌فصل کتاب درسی نیست.","ترنم همدلی","original","1405"
"پنجم","","هدیه‌های آسمان","هدیه‌های آسمان","آزمون جامع","ارزیابی پایه","هسته ۱۰ سوالی","متوسط","صبر در دشواری یعنی چه؟","پایداری همراه با مدیریت درست واکنش","پرخاشگری","انکار مسئله","بی‌عملی مطلق","A","سؤال تألیفی تشخیصی برای ارزیابی اولیه؛ جایگزین پوشش فصل‌به‌فصل کتاب درسی نیست.","ترنم همدلی","original","1405"
"پنجم","","هدیه‌های آسمان","هدیه‌های آسمان","آزمون جامع","ارزیابی پایه","هسته ۱۰ سوالی","متوسط","شکرگزاری یعنی چه؟","شناخت نعمت و قدردانی","انکار داشته‌ها","مقایسه دائمی","بی‌توجهی","A","سؤال تألیفی تشخیصی برای ارزیابی اولیه؛ جایگزین پوشش فصل‌به‌فصل کتاب درسی نیست.","ترنم همدلی","original","1405"
"پنجم","","هدیه‌های آسمان","هدیه‌های آسمان","آزمون جامع","ارزیابی پایه","هسته ۱۰ سوالی","متوسط","احترام به دیگران چگونه نشان داده می‌شود؟","رعایت کرامت و حقوق آنان","تمسخر","تحقیر","بی‌توجهی","A","سؤال تألیفی تشخیصی برای ارزیابی اولیه؛ جایگزین پوشش فصل‌به‌فصل کتاب درسی نیست.","ترنم همدلی","original","1405"
"پنجم","","هدیه‌های آسمان","هدیه‌های آسمان","آزمون جامع","ارزیابی پایه","هسته ۱۰ سوالی","متوسط","کمک مسئولانه به دیگران چه ویژگی دارد؟","بدون ایجاد آسیب و با توجه به نیاز واقعی","اجبار","فریب","نادیده‌گرفتن حقوق","A","سؤال تألیفی تشخیصی برای ارزیابی اولیه؛ جایگزین پوشش فصل‌به‌فصل کتاب درسی نیست.","ترنم همدلی","original","1405"
"پنجم","","هدیه‌های آسمان","هدیه‌های آسمان","آزمون جامع","ارزیابی پایه","هسته ۱۰ سوالی","متوسط","نیت در عمل اخلاقی چه اهمیتی دارد؟","در ارزش‌گذاری عمل نقش دارد","هیچ اهمیتی ندارد","فقط ظاهر مهم است","فقط پول مهم است","A","سؤال تألیفی تشخیصی برای ارزیابی اولیه؛ جایگزین پوشش فصل‌به‌فصل کتاب درسی نیست.","ترنم همدلی","original","1405"
"ششم","","فارسی","فارسی","آزمون جامع","ارزیابی پایه","هسته ۱۰ سوالی","متوسط","درک متن بیشتر به چه نیاز دارد؟","توجه به واژه‌ها و ارتباط جمله‌ها","حفظ عنوان","شمردن کلمات","حذف مثال‌ها","A","سؤال تألیفی تشخیصی برای ارزیابی اولیه؛ جایگزین پوشش فصل‌به‌فصل کتاب درسی نیست.","ترنم همدلی","original","1405"
"ششم","","فارسی","فارسی","آزمون جامع","ارزیابی پایه","هسته ۱۰ سوالی","متوسط","واژه مترادف چیست؟","واژه هم‌معنی یا نزدیک‌معنی","واژه مخالف","واژه بی‌معنا","عدد","A","سؤال تألیفی تشخیصی برای ارزیابی اولیه؛ جایگزین پوشش فصل‌به‌فصل کتاب درسی نیست.","ترنم همدلی","original","1405"
"ششم","","فارسی","فارسی","آزمون جامع","ارزیابی پایه","هسته ۱۰ سوالی","متوسط","فعل معمولاً چه چیزی را نشان می‌دهد؟","کار یا حالت","رنگ","تعداد صفحات","علامت سؤال","A","سؤال تألیفی تشخیصی برای ارزیابی اولیه؛ جایگزین پوشش فصل‌به‌فصل کتاب درسی نیست.","ترنم همدلی","original","1405"
"ششم","","فارسی","فارسی","آزمون جامع","ارزیابی پایه","هسته ۱۰ سوالی","متوسط","عنوان مناسب چه ویژگی دارد؟","با محتوای متن ارتباط دارد","کاملاً بی‌ربط است","همیشه طولانی است","فقط عدد است","A","سؤال تألیفی تشخیصی برای ارزیابی اولیه؛ جایگزین پوشش فصل‌به‌فصل کتاب درسی نیست.","ترنم همدلی","original","1405"
"ششم","","فارسی","فارسی","آزمون جامع","ارزیابی پایه","هسته ۱۰ سوالی","متوسط","بازبینی نوشته برای چیست؟","اصلاح محتوا و نگارش","حذف همه جمله‌ها","افزایش خطا","تغییر واقعیت","A","سؤال تألیفی تشخیصی برای ارزیابی اولیه؛ جایگزین پوشش فصل‌به‌فصل کتاب درسی نیست.","ترنم همدلی","original","1405"
"ششم","","فارسی","فارسی","آزمون جامع","ارزیابی پایه","هسته ۱۰ سوالی","متوسط","پاراگراف معمولاً حول چه چیزی شکل می‌گیرد؟","یک ایده اصلی","واژه‌های تصادفی","یک علامت","یک عدد","A","سؤال تألیفی تشخیصی برای ارزیابی اولیه؛ جایگزین پوشش فصل‌به‌فصل کتاب درسی نیست.","ترنم همدلی","original","1405"
"ششم","","فارسی","فارسی","آزمون جامع","ارزیابی پایه","هسته ۱۰ سوالی","متوسط","علائم نگارشی چه کمکی می‌کنند؟","خوانایی و فهم ساختار متن","حذف معنا","تغییر موضوع","افزایش ابهام","A","سؤال تألیفی تشخیصی برای ارزیابی اولیه؛ جایگزین پوشش فصل‌به‌فصل کتاب درسی نیست.","ترنم همدلی","original","1405"
"ششم","","فارسی","فارسی","آزمون جامع","ارزیابی پایه","هسته ۱۰ سوالی","متوسط","تشبیه چه کاربردی دارد؟","بیان هنری شباهت میان دو چیز","اندازه‌گیری","حل معادله","ثبت تاریخ","A","سؤال تألیفی تشخیصی برای ارزیابی اولیه؛ جایگزین پوشش فصل‌به‌فصل کتاب درسی نیست.","ترنم همدلی","original","1405"
"ششم","","فارسی","فارسی","آزمون جامع","ارزیابی پایه","هسته ۱۰ سوالی","متوسط","خواندن فعال یعنی چه؟","پرسش، ارتباط و بررسی مفهوم","فقط سریع خواندن","حفظ بدون درک","نادیده گرفتن عنوان","A","سؤال تألیفی تشخیصی برای ارزیابی اولیه؛ جایگزین پوشش فصل‌به‌فصل کتاب درسی نیست.","ترنم همدلی","original","1405"
"ششم","","فارسی","فارسی","آزمون جامع","ارزیابی پایه","هسته ۱۰ سوالی","متوسط","نوشتن منظم چه فایده‌ای دارد؟","انتقال روشن‌تر ایده‌ها","افزایش ابهام","حذف ارتباط","کاهش خوانایی","A","سؤال تألیفی تشخیصی برای ارزیابی اولیه؛ جایگزین پوشش فصل‌به‌فصل کتاب درسی نیست.","ترنم همدلی","original","1405"
"ششم","","نگارش","نگارش","آزمون جامع","ارزیابی پایه","هسته ۱۰ سوالی","متوسط","درک متن بیشتر به چه نیاز دارد؟","توجه به واژه‌ها و ارتباط جمله‌ها","حفظ عنوان","شمردن کلمات","حذف مثال‌ها","A","سؤال تألیفی تشخیصی برای ارزیابی اولیه؛ جایگزین پوشش فصل‌به‌فصل کتاب درسی نیست.","ترنم همدلی","original","1405"
"ششم","","نگارش","نگارش","آزمون جامع","ارزیابی پایه","هسته ۱۰ سوالی","متوسط","واژه مترادف چیست؟","واژه هم‌معنی یا نزدیک‌معنی","واژه مخالف","واژه بی‌معنا","عدد","A","سؤال تألیفی تشخیصی برای ارزیابی اولیه؛ جایگزین پوشش فصل‌به‌فصل کتاب درسی نیست.","ترنم همدلی","original","1405"
"ششم","","نگارش","نگارش","آزمون جامع","ارزیابی پایه","هسته ۱۰ سوالی","متوسط","فعل معمولاً چه چیزی را نشان می‌دهد؟","کار یا حالت","رنگ","تعداد صفحات","علامت سؤال","A","سؤال تألیفی تشخیصی برای ارزیابی اولیه؛ جایگزین پوشش فصل‌به‌فصل کتاب درسی نیست.","ترنم همدلی","original","1405"
"ششم","","نگارش","نگارش","آزمون جامع","ارزیابی پایه","هسته ۱۰ سوالی","متوسط","عنوان مناسب چه ویژگی دارد؟","با محتوای متن ارتباط دارد","کاملاً بی‌ربط است","همیشه طولانی است","فقط عدد است","A","سؤال تألیفی تشخیصی برای ارزیابی اولیه؛ جایگزین پوشش فصل‌به‌فصل کتاب درسی نیست.","ترنم همدلی","original","1405"
"ششم","","نگارش","نگارش","آزمون جامع","ارزیابی پایه","هسته ۱۰ سوالی","متوسط","بازبینی نوشته برای چیست؟","اصلاح محتوا و نگارش","حذف همه جمله‌ها","افزایش خطا","تغییر واقعیت","A","سؤال تألیفی تشخیصی برای ارزیابی اولیه؛ جایگزین پوشش فصل‌به‌فصل کتاب درسی نیست.","ترنم همدلی","original","1405"
"ششم","","نگارش","نگارش","آزمون جامع","ارزیابی پایه","هسته ۱۰ سوالی","متوسط","پاراگراف معمولاً حول چه چیزی شکل می‌گیرد؟","یک ایده اصلی","واژه‌های تصادفی","یک علامت","یک عدد","A","سؤال تألیفی تشخیصی برای ارزیابی اولیه؛ جایگزین پوشش فصل‌به‌فصل کتاب درسی نیست.","ترنم همدلی","original","1405"
"ششم","","نگارش","نگارش","آزمون جامع","ارزیابی پایه","هسته ۱۰ سوالی","متوسط","علائم نگارشی چه کمکی می‌کنند؟","خوانایی و فهم ساختار متن","حذف معنا","تغییر موضوع","افزایش ابهام","A","سؤال تألیفی تشخیصی برای ارزیابی اولیه؛ جایگزین پوشش فصل‌به‌فصل کتاب درسی نیست.","ترنم همدلی","original","1405"
"ششم","","نگارش","نگارش","آزمون جامع","ارزیابی پایه","هسته ۱۰ سوالی","متوسط","تشبیه چه کاربردی دارد؟","بیان هنری شباهت میان دو چیز","اندازه‌گیری","حل معادله","ثبت تاریخ","A","سؤال تألیفی تشخیصی برای ارزیابی اولیه؛ جایگزین پوشش فصل‌به‌فصل کتاب درسی نیست.","ترنم همدلی","original","1405"
"ششم","","نگارش","نگارش","آزمون جامع","ارزیابی پایه","هسته ۱۰ سوالی","متوسط","خواندن فعال یعنی چه؟","پرسش، ارتباط و بررسی مفهوم","فقط سریع خواندن","حفظ بدون درک","نادیده گرفتن عنوان","A","سؤال تألیفی تشخیصی برای ارزیابی اولیه؛ جایگزین پوشش فصل‌به‌فصل کتاب درسی نیست.","ترنم همدلی","original","1405"
"ششم","","نگارش","نگارش","آزمون جامع","ارزیابی پایه","هسته ۱۰ سوالی","متوسط","نوشتن منظم چه فایده‌ای دارد؟","انتقال روشن‌تر ایده‌ها","افزایش ابهام","حذف ارتباط","کاهش خوانایی","A","سؤال تألیفی تشخیصی برای ارزیابی اولیه؛ جایگزین پوشش فصل‌به‌فصل کتاب درسی نیست.","ترنم همدلی","original","1405"
"ششم","","ریاضی","ریاضی","آزمون جامع","ارزیابی پایه","هسته ۱۰ سوالی","متوسط","کدام گزینه یک مفهوم پایه در این درس است؟","تعریف و رابطه بین کمیت‌ها","رنگ","صدا","بو","A","سؤال تألیفی تشخیصی برای ارزیابی اولیه؛ جایگزین پوشش فصل‌به‌فصل کتاب درسی نیست.","ترنم همدلی","original","1405"
"ششم","","ریاضی","ریاضی","آزمون جامع","ارزیابی پایه","هسته ۱۰ سوالی","متوسط","حل مرحله‌ای مسئله چه فایده‌ای دارد؟","کاهش خطا و امکان بررسی مسیر حل","حذف داده","افزایش ابهام","تغییر موضوع","A","سؤال تألیفی تشخیصی برای ارزیابی اولیه؛ جایگزین پوشش فصل‌به‌فصل کتاب درسی نیست.","ترنم همدلی","original","1405"
"ششم","","ریاضی","ریاضی","آزمون جامع","ارزیابی پایه","هسته ۱۰ سوالی","متوسط","میانگین برای چه کاری به‌کار می‌رود؟","خلاصه‌کردن مجموعه‌ای از داده‌ها","اندازه‌گیری دما","تشخیص صدا","تعیین رنگ","A","سؤال تألیفی تشخیصی برای ارزیابی اولیه؛ جایگزین پوشش فصل‌به‌فصل کتاب درسی نیست.","ترنم همدلی","original","1405"
"ششم","","ریاضی","ریاضی","آزمون جامع","ارزیابی پایه","هسته ۱۰ سوالی","متوسط","احتمال رویداد قطعی چیست؟","۱","۰","۰٫۵","۲","A","سؤال تألیفی تشخیصی برای ارزیابی اولیه؛ جایگزین پوشش فصل‌به‌فصل کتاب درسی نیست.","ترنم همدلی","original","1405"
"ششم","","ریاضی","ریاضی","آزمون جامع","ارزیابی پایه","هسته ۱۰ سوالی","متوسط","نمودار چه کمکی می‌کند؟","نمایش و مقایسه داده‌ها","حذف داده","تغییر سؤال","حذف واحد","A","سؤال تألیفی تشخیصی برای ارزیابی اولیه؛ جایگزین پوشش فصل‌به‌فصل کتاب درسی نیست.","ترنم همدلی","original","1405"
"ششم","","ریاضی","ریاضی","آزمون جامع","ارزیابی پایه","هسته ۱۰ سوالی","متوسط","واحد اندازه‌گیری چه اهمیتی دارد؟","امکان مقایسه و بیان دقیق مقدار","تغییر نتیجه","حذف عدد","افزایش ابهام","A","سؤال تألیفی تشخیصی برای ارزیابی اولیه؛ جایگزین پوشش فصل‌به‌فصل کتاب درسی نیست.","ترنم همدلی","original","1405"
"ششم","","ریاضی","ریاضی","آزمون جامع","ارزیابی پایه","هسته ۱۰ سوالی","متوسط","برای حل یک مسئله ابتدا چه باید کرد؟","شناخت داده‌ها و خواسته","حدس پاسخ","حذف صورت مسئله","تغییر واحد بدون دلیل","A","سؤال تألیفی تشخیصی برای ارزیابی اولیه؛ جایگزین پوشش فصل‌به‌فصل کتاب درسی نیست.","ترنم همدلی","original","1405"
"ششم","","ریاضی","ریاضی","آزمون جامع","ارزیابی پایه","هسته ۱۰ سوالی","متوسط","تقریب عدد برای چیست؟","ساده‌سازی با حفظ دقت مناسب","تغییر تصادفی مقدار","حذف عدد","تبدیل به متن","A","سؤال تألیفی تشخیصی برای ارزیابی اولیه؛ جایگزین پوشش فصل‌به‌فصل کتاب درسی نیست.","ترنم همدلی","original","1405"
"ششم","","ریاضی","ریاضی","آزمون جامع","ارزیابی پایه","هسته ۱۰ سوالی","متوسط","رابطه ریاضی چه چیزی را بیان می‌کند؟","ارتباط میان کمیت‌ها","نام افراد","رنگ‌ها","صدای محیط","A","سؤال تألیفی تشخیصی برای ارزیابی اولیه؛ جایگزین پوشش فصل‌به‌فصل کتاب درسی نیست.","ترنم همدلی","original","1405"
"ششم","","ریاضی","ریاضی","آزمون جامع","ارزیابی پایه","هسته ۱۰ سوالی","متوسط","بررسی پاسخ پس از حل چه فایده‌ای دارد؟","کشف خطای محاسبه یا استدلال","حذف پاسخ","تغییر موضوع","افزایش ابهام","A","سؤال تألیفی تشخیصی برای ارزیابی اولیه؛ جایگزین پوشش فصل‌به‌فصل کتاب درسی نیست.","ترنم همدلی","original","1405"
"ششم","","علوم تجربی","علوم تجربی","آزمون جامع","ارزیابی پایه","هسته ۱۰ سوالی","متوسط","مشاهده علمی بر چه چیزی تکیه دارد؟","داده و شواهد","شایعه","حدس بدون بررسی","سلیقه","A","سؤال تألیفی تشخیصی برای ارزیابی اولیه؛ جایگزین پوشش فصل‌به‌فصل کتاب درسی نیست.","ترنم همدلی","original","1405"
"ششم","","علوم تجربی","علوم تجربی","آزمون جامع","ارزیابی پایه","هسته ۱۰ سوالی","متوسط","فرضیه چیست؟","پاسخ پیشنهادی و قابل آزمون","نتیجه قطعی","نام ابزار","واحد اندازه‌گیری","A","سؤال تألیفی تشخیصی برای ارزیابی اولیه؛ جایگزین پوشش فصل‌به‌فصل کتاب درسی نیست.","ترنم همدلی","original","1405"
"ششم","","علوم تجربی","علوم تجربی","آزمون جامع","ارزیابی پایه","هسته ۱۰ سوالی","متوسط","چرا متغیرها کنترل می‌شوند؟","برای بررسی دقیق اثر عامل مورد مطالعه","برای طولانی‌شدن آزمایش","برای حذف نتیجه","برای تغییر سؤال","A","سؤال تألیفی تشخیصی برای ارزیابی اولیه؛ جایگزین پوشش فصل‌به‌فصل کتاب درسی نیست.","ترنم همدلی","original","1405"
"ششم","","علوم تجربی","علوم تجربی","آزمون جامع","ارزیابی پایه","هسته ۱۰ سوالی","متوسط","جرم معمولاً با چه ابزاری اندازه‌گیری می‌شود؟","ترازو","دماسنج","خط‌کش","قطب‌نما","A","سؤال تألیفی تشخیصی برای ارزیابی اولیه؛ جایگزین پوشش فصل‌به‌فصل کتاب درسی نیست.","ترنم همدلی","original","1405"
"ششم","","علوم تجربی","علوم تجربی","آزمون جامع","ارزیابی پایه","هسته ۱۰ سوالی","متوسط","دما با چه ابزاری اندازه‌گیری می‌شود؟","دماسنج","ترازو","نیروسنج","خط‌کش","A","سؤال تألیفی تشخیصی برای ارزیابی اولیه؛ جایگزین پوشش فصل‌به‌فصل کتاب درسی نیست.","ترنم همدلی","original","1405"
"ششم","","علوم تجربی","علوم تجربی","آزمون جامع","ارزیابی پایه","هسته ۱۰ سوالی","متوسط","نتیجه‌گیری علمی باید بر چه چیزی تکیه کند؟","شواهد و تحلیل","حدس تنها","سلیقه","شایعه","A","سؤال تألیفی تشخیصی برای ارزیابی اولیه؛ جایگزین پوشش فصل‌به‌فصل کتاب درسی نیست.","ترنم همدلی","original","1405"
"ششم","","علوم تجربی","علوم تجربی","آزمون جامع","ارزیابی پایه","هسته ۱۰ سوالی","متوسط","مواد می‌توانند در چه حالت‌هایی باشند؟","جامد، مایع و گاز","فقط جامد","فقط مایع","فقط گاز","A","سؤال تألیفی تشخیصی برای ارزیابی اولیه؛ جایگزین پوشش فصل‌به‌فصل کتاب درسی نیست.","ترنم همدلی","original","1405"
"ششم","","علوم تجربی","علوم تجربی","آزمون جامع","ارزیابی پایه","هسته ۱۰ سوالی","متوسط","آزمایش علمی چه کمکی می‌کند؟","بررسی یک فرض یا پرسش با روش مشخص","حذف داده","تأیید هر حدس","تغییر واقعیت","A","سؤال تألیفی تشخیصی برای ارزیابی اولیه؛ جایگزین پوشش فصل‌به‌فصل کتاب درسی نیست.","ترنم همدلی","original","1405"
"ششم","","علوم تجربی","علوم تجربی","آزمون جامع","ارزیابی پایه","هسته ۱۰ سوالی","متوسط","حفاظت از محیط زیست چه هدفی دارد؟","حفظ منابع و سلامت اکوسیستم","افزایش آلودگی","حذف تنوع","مصرف بی‌رویه","A","سؤال تألیفی تشخیصی برای ارزیابی اولیه؛ جایگزین پوشش فصل‌به‌فصل کتاب درسی نیست.","ترنم همدلی","original","1405"
"ششم","","علوم تجربی","علوم تجربی","آزمون جامع","ارزیابی پایه","هسته ۱۰ سوالی","متوسط","داده معتبر چه ویژگی دارد؟","قابل مشاهده، اندازه‌گیری یا مستند باشد","کاملاً حدسی باشد","بدون منبع باشد","متناقض باشد","A","سؤال تألیفی تشخیصی برای ارزیابی اولیه؛ جایگزین پوشش فصل‌به‌فصل کتاب درسی نیست.","ترنم همدلی","original","1405"
"ششم","","مطالعات اجتماعی","مطالعات اجتماعی","آزمون جامع","ارزیابی پایه","هسته ۱۰ سوالی","متوسط","قانون چه نقشی دارد؟","تنظیم روابط و حقوق","ایجاد بی‌نظمی","حذف مسئولیت","تغییر آب‌وهوا","A","سؤال تألیفی تشخیصی برای ارزیابی اولیه؛ جایگزین پوشش فصل‌به‌فصل کتاب درسی نیست.","ترنم همدلی","original","1405"
"ششم","","مطالعات اجتماعی","مطالعات اجتماعی","آزمون جامع","ارزیابی پایه","هسته ۱۰ سوالی","متوسط","شهروند مسئول چه می‌کند؟","حقوق دیگران و وظایف خود را رعایت می‌کند","قانون را نادیده می‌گیرد","فقط مطالبه می‌کند","به محیط آسیب می‌زند","A","سؤال تألیفی تشخیصی برای ارزیابی اولیه؛ جایگزین پوشش فصل‌به‌فصل کتاب درسی نیست.","ترنم همدلی","original","1405"
"ششم","","مطالعات اجتماعی","مطالعات اجتماعی","آزمون جامع","ارزیابی پایه","هسته ۱۰ سوالی","متوسط","نقشه برای چه مفید است؟","نمایش موقعیت‌های مکانی","اندازه‌گیری دما","تشخیص صدا","محاسبه سن","A","سؤال تألیفی تشخیصی برای ارزیابی اولیه؛ جایگزین پوشش فصل‌به‌فصل کتاب درسی نیست.","ترنم همدلی","original","1405"
"ششم","","مطالعات اجتماعی","مطالعات اجتماعی","آزمون جامع","ارزیابی پایه","هسته ۱۰ سوالی","متوسط","منبع تاریخی چه فایده‌ای دارد؟","شواهدی برای شناخت گذشته فراهم می‌کند","همیشه قطعی است","فقط سرگرمی است","هیچ ارزشی ندارد","A","سؤال تألیفی تشخیصی برای ارزیابی اولیه؛ جایگزین پوشش فصل‌به‌فصل کتاب درسی نیست.","ترنم همدلی","original","1405"
"ششم","","مطالعات اجتماعی","مطالعات اجتماعی","آزمون جامع","ارزیابی پایه","هسته ۱۰ سوالی","متوسط","فرهنگ شامل چیست؟","ارزش‌ها، هنجارها و نمادها","فقط ساختمان","فقط پول","فقط آب‌وهوا","A","سؤال تألیفی تشخیصی برای ارزیابی اولیه؛ جایگزین پوشش فصل‌به‌فصل کتاب درسی نیست.","ترنم همدلی","original","1405"
"ششم","","مطالعات اجتماعی","مطالعات اجتماعی","آزمون جامع","ارزیابی پایه","هسته ۱۰ سوالی","متوسط","جمعیت یعنی چه؟","تعداد افراد یک محدوده","تعداد ساختمان","مساحت کشور","تعداد رودها","A","سؤال تألیفی تشخیصی برای ارزیابی اولیه؛ جایگزین پوشش فصل‌به‌فصل کتاب درسی نیست.","ترنم همدلی","original","1405"
"ششم","","مطالعات اجتماعی","مطالعات اجتماعی","آزمون جامع","ارزیابی پایه","هسته ۱۰ سوالی","متوسط","مهاجرت چیست؟","جابه‌جایی افراد برای سکونت","تغییر فصل","حرکت زمین","تغییر زبان","A","سؤال تألیفی تشخیصی برای ارزیابی اولیه؛ جایگزین پوشش فصل‌به‌فصل کتاب درسی نیست.","ترنم همدلی","original","1405"
"ششم","","مطالعات اجتماعی","مطالعات اجتماعی","آزمون جامع","ارزیابی پایه","هسته ۱۰ سوالی","متوسط","همکاری اجتماعی چه فایده‌ای دارد؟","حل بهتر مسائل مشترک","حذف مسئولیت","بی‌نیازی از قانون","افزایش قطعی تعارض","A","سؤال تألیفی تشخیصی برای ارزیابی اولیه؛ جایگزین پوشش فصل‌به‌فصل کتاب درسی نیست.","ترنم همدلی","original","1405"
"ششم","","مطالعات اجتماعی","مطالعات اجتماعی","آزمون جامع","ارزیابی پایه","هسته ۱۰ سوالی","متوسط","توسعه پایدار بر چه چیزی تأکید دارد؟","توجه به نیاز امروز و آینده","مصرف بی‌حد","حذف طبیعت","نادیده گرفتن نسل آینده","A","سؤال تألیفی تشخیصی برای ارزیابی اولیه؛ جایگزین پوشش فصل‌به‌فصل کتاب درسی نیست.","ترنم همدلی","original","1405"
"ششم","","مطالعات اجتماعی","مطالعات اجتماعی","آزمون جامع","ارزیابی پایه","هسته ۱۰ سوالی","متوسط","پدیده‌های اجتماعی را بهتر است چگونه بررسی کرد؟","با مفهوم، شواهد و توجه به زمینه","با یک شایعه","با حدس تنها","بدون داده","A","سؤال تألیفی تشخیصی برای ارزیابی اولیه؛ جایگزین پوشش فصل‌به‌فصل کتاب درسی نیست.","ترنم همدلی","original","1405"
"ششم","","آموزش قرآن","آموزش قرآن","آزمون جامع","ارزیابی پایه","هسته ۱۰ سوالی","متوسط","صداقت یعنی چه؟","راستگویی و پرهیز از فریب","پنهان‌کاری برای منفعت","تمسخر","بی‌تفاوتی","A","سؤال تألیفی تشخیصی برای ارزیابی اولیه؛ جایگزین پوشش فصل‌به‌فصل کتاب درسی نیست.","ترنم همدلی","original","1405"
"ششم","","آموزش قرآن","آموزش قرآن","آزمون جامع","ارزیابی پایه","هسته ۱۰ سوالی","متوسط","مسئولیت‌پذیری چیست؟","پذیرفتن وظیفه و پیامد رفتار","انداختن تقصیر بر دیگران","فرار از وظیفه","نادیده گرفتن پیامد","A","سؤال تألیفی تشخیصی برای ارزیابی اولیه؛ جایگزین پوشش فصل‌به‌فصل کتاب درسی نیست.","ترنم همدلی","original","1405"
"ششم","","آموزش قرآن","آموزش قرآن","آزمون جامع","ارزیابی پایه","هسته ۱۰ سوالی","متوسط","عدالت به چه چیزی نزدیک است؟","رعایت حق و انصاف","تبعیض","طرفداری بی‌دلیل","بی‌قانونی","A","سؤال تألیفی تشخیصی برای ارزیابی اولیه؛ جایگزین پوشش فصل‌به‌فصل کتاب درسی نیست.","ترنم همدلی","original","1405"
"ششم","","آموزش قرآن","آموزش قرآن","آزمون جامع","ارزیابی پایه","هسته ۱۰ سوالی","متوسط","امانت‌داری یعنی چه؟","حفظ حق و اعتماد دیگران","افشای راز","استفاده بدون اجازه","تحریف","A","سؤال تألیفی تشخیصی برای ارزیابی اولیه؛ جایگزین پوشش فصل‌به‌فصل کتاب درسی نیست.","ترنم همدلی","original","1405"
"ششم","","آموزش قرآن","آموزش قرآن","آزمون جامع","ارزیابی پایه","هسته ۱۰ سوالی","متوسط","همدلی چیست؟","درک احساس و موقعیت دیگران","تأیید همه رفتارها","تحقیر","تحمیل نظر","A","سؤال تألیفی تشخیصی برای ارزیابی اولیه؛ جایگزین پوشش فصل‌به‌فصل کتاب درسی نیست.","ترنم همدلی","original","1405"
"ششم","","آموزش قرآن","آموزش قرآن","آزمون جامع","ارزیابی پایه","هسته ۱۰ سوالی","متوسط","صبر در دشواری یعنی چه؟","پایداری همراه با مدیریت درست واکنش","پرخاشگری","انکار مسئله","بی‌عملی مطلق","A","سؤال تألیفی تشخیصی برای ارزیابی اولیه؛ جایگزین پوشش فصل‌به‌فصل کتاب درسی نیست.","ترنم همدلی","original","1405"
"ششم","","آموزش قرآن","آموزش قرآن","آزمون جامع","ارزیابی پایه","هسته ۱۰ سوالی","متوسط","شکرگزاری یعنی چه؟","شناخت نعمت و قدردانی","انکار داشته‌ها","مقایسه دائمی","بی‌توجهی","A","سؤال تألیفی تشخیصی برای ارزیابی اولیه؛ جایگزین پوشش فصل‌به‌فصل کتاب درسی نیست.","ترنم همدلی","original","1405"
"ششم","","آموزش قرآن","آموزش قرآن","آزمون جامع","ارزیابی پایه","هسته ۱۰ سوالی","متوسط","احترام به دیگران چگونه نشان داده می‌شود؟","رعایت کرامت و حقوق آنان","تمسخر","تحقیر","بی‌توجهی","A","سؤال تألیفی تشخیصی برای ارزیابی اولیه؛ جایگزین پوشش فصل‌به‌فصل کتاب درسی نیست.","ترنم همدلی","original","1405"
"ششم","","آموزش قرآن","آموزش قرآن","آزمون جامع","ارزیابی پایه","هسته ۱۰ سوالی","متوسط","کمک مسئولانه به دیگران چه ویژگی دارد؟","بدون ایجاد آسیب و با توجه به نیاز واقعی","اجبار","فریب","نادیده‌گرفتن حقوق","A","سؤال تألیفی تشخیصی برای ارزیابی اولیه؛ جایگزین پوشش فصل‌به‌فصل کتاب درسی نیست.","ترنم همدلی","original","1405"
"ششم","","آموزش قرآن","آموزش قرآن","آزمون جامع","ارزیابی پایه","هسته ۱۰ سوالی","متوسط","نیت در عمل اخلاقی چه اهمیتی دارد؟","در ارزش‌گذاری عمل نقش دارد","هیچ اهمیتی ندارد","فقط ظاهر مهم است","فقط پول مهم است","A","سؤال تألیفی تشخیصی برای ارزیابی اولیه؛ جایگزین پوشش فصل‌به‌فصل کتاب درسی نیست.","ترنم همدلی","original","1405"
"ششم","","هدیه‌های آسمان","هدیه‌های آسمان","آزمون جامع","ارزیابی پایه","هسته ۱۰ سوالی","متوسط","صداقت یعنی چه؟","راستگویی و پرهیز از فریب","پنهان‌کاری برای منفعت","تمسخر","بی‌تفاوتی","A","سؤال تألیفی تشخیصی برای ارزیابی اولیه؛ جایگزین پوشش فصل‌به‌فصل کتاب درسی نیست.","ترنم همدلی","original","1405"
"ششم","","هدیه‌های آسمان","هدیه‌های آسمان","آزمون جامع","ارزیابی پایه","هسته ۱۰ سوالی","متوسط","مسئولیت‌پذیری چیست؟","پذیرفتن وظیفه و پیامد رفتار","انداختن تقصیر بر دیگران","فرار از وظیفه","نادیده گرفتن پیامد","A","سؤال تألیفی تشخیصی برای ارزیابی اولیه؛ جایگزین پوشش فصل‌به‌فصل کتاب درسی نیست.","ترنم همدلی","original","1405"
"ششم","","هدیه‌های آسمان","هدیه‌های آسمان","آزمون جامع","ارزیابی پایه","هسته ۱۰ سوالی","متوسط","عدالت به چه چیزی نزدیک است؟","رعایت حق و انصاف","تبعیض","طرفداری بی‌دلیل","بی‌قانونی","A","سؤال تألیفی تشخیصی برای ارزیابی اولیه؛ جایگزین پوشش فصل‌به‌فصل کتاب درسی نیست.","ترنم همدلی","original","1405"
"ششم","","هدیه‌های آسمان","هدیه‌های آسمان","آزمون جامع","ارزیابی پایه","هسته ۱۰ سوالی","متوسط","امانت‌داری یعنی چه؟","حفظ حق و اعتماد دیگران","افشای راز","استفاده بدون اجازه","تحریف","A","سؤال تألیفی تشخیصی برای ارزیابی اولیه؛ جایگزین پوشش فصل‌به‌فصل کتاب درسی نیست.","ترنم همدلی","original","1405"
"ششم","","هدیه‌های آسمان","هدیه‌های آسمان","آزمون جامع","ارزیابی پایه","هسته ۱۰ سوالی","متوسط","همدلی چیست؟","درک احساس و موقعیت دیگران","تأیید همه رفتارها","تحقیر","تحمیل نظر","A","سؤال تألیفی تشخیصی برای ارزیابی اولیه؛ جایگزین پوشش فصل‌به‌فصل کتاب درسی نیست.","ترنم همدلی","original","1405"
"ششم","","هدیه‌های آسمان","هدیه‌های آسمان","آزمون جامع","ارزیابی پایه","هسته ۱۰ سوالی","متوسط","صبر در دشواری یعنی چه؟","پایداری همراه با مدیریت درست واکنش","پرخاشگری","انکار مسئله","بی‌عملی مطلق","A","سؤال تألیفی تشخیصی برای ارزیابی اولیه؛ جایگزین پوشش فصل‌به‌فصل کتاب درسی نیست.","ترنم همدلی","original","1405"
"ششم","","هدیه‌های آسمان","هدیه‌های آسمان","آزمون جامع","ارزیابی پایه","هسته ۱۰ سوالی","متوسط","شکرگزاری یعنی چه؟","شناخت نعمت و قدردانی","انکار داشته‌ها","مقایسه دائمی","بی‌توجهی","A","سؤال تألیفی تشخیصی برای ارزیابی اولیه؛ جایگزین پوشش فصل‌به‌فصل کتاب درسی نیست.","ترنم همدلی","original","1405"
"ششم","","هدیه‌های آسمان","هدیه‌های آسمان","آزمون جامع","ارزیابی پایه","هسته ۱۰ سوالی","متوسط","احترام به دیگران چگونه نشان داده می‌شود؟","رعایت کرامت و حقوق آنان","تمسخر","تحقیر","بی‌توجهی","A","سؤال تألیفی تشخیصی برای ارزیابی اولیه؛ جایگزین پوشش فصل‌به‌فصل کتاب درسی نیست.","ترنم همدلی","original","1405"
"ششم","","هدیه‌های آسمان","هدیه‌های آسمان","آزمون جامع","ارزیابی پایه","هسته ۱۰ سوالی","متوسط","کمک مسئولانه به دیگران چه ویژگی دارد؟","بدون ایجاد آسیب و با توجه به نیاز واقعی","اجبار","فریب","نادیده‌گرفتن حقوق","A","سؤال تألیفی تشخیصی برای ارزیابی اولیه؛ جایگزین پوشش فصل‌به‌فصل کتاب درسی نیست.","ترنم همدلی","original","1405"
"ششم","","هدیه‌های آسمان","هدیه‌های آسمان","آزمون جامع","ارزیابی پایه","هسته ۱۰ سوالی","متوسط","نیت در عمل اخلاقی چه اهمیتی دارد؟","در ارزش‌گذاری عمل نقش دارد","هیچ اهمیتی ندارد","فقط ظاهر مهم است","فقط پول مهم است","A","سؤال تألیفی تشخیصی برای ارزیابی اولیه؛ جایگزین پوشش فصل‌به‌فصل کتاب درسی نیست.","ترنم همدلی","original","1405"
"ششم","","کار و فناوری","کار و فناوری","آزمون جامع","ارزیابی پایه","هسته ۱۰ سوالی","متوسط","فناوری چیست؟","کاربرد دانش و ابزار برای حل مسئله","فقط رایانه","فقط اینترنت","یک کتاب","A","سؤال تألیفی تشخیصی برای ارزیابی اولیه؛ جایگزین پوشش فصل‌به‌فصل کتاب درسی نیست.","ترنم همدلی","original","1405"
"ششم","","کار و فناوری","کار و فناوری","آزمون جامع","ارزیابی پایه","هسته ۱۰ سوالی","متوسط","الگوریتم چیست؟","مراحل منظم برای حل مسئله","وسیله فیزیکی","نقاشی","عدد","A","سؤال تألیفی تشخیصی برای ارزیابی اولیه؛ جایگزین پوشش فصل‌به‌فصل کتاب درسی نیست.","ترنم همدلی","original","1405"
"ششم","","کار و فناوری","کار و فناوری","آزمون جامع","ارزیابی پایه","هسته ۱۰ سوالی","متوسط","پشتیبان‌گیری چه فایده‌ای دارد؟","کاهش خطر از دست رفتن اطلاعات","افزایش خطا","حذف فایل","کند کردن اینترنت","A","سؤال تألیفی تشخیصی برای ارزیابی اولیه؛ جایگزین پوشش فصل‌به‌فصل کتاب درسی نیست.","ترنم همدلی","original","1405"
"ششم","","کار و فناوری","کار و فناوری","آزمون جامع","ارزیابی پایه","هسته ۱۰ سوالی","متوسط","حل مسئله فناورانه از کجا شروع می‌شود؟","شناخت نیاز یا مسئله","خرید ابزار بدون هدف","کپی نتیجه","حذف مسئله","A","سؤال تألیفی تشخیصی برای ارزیابی اولیه؛ جایگزین پوشش فصل‌به‌فصل کتاب درسی نیست.","ترنم همدلی","original","1405"
"ششم","","کار و فناوری","کار و فناوری","آزمون جامع","ارزیابی پایه","هسته ۱۰ سوالی","متوسط","داده چیست؟","اطلاعات خام قابل پردازش","فقط تصویر","فقط صدا","فقط متن","A","سؤال تألیفی تشخیصی برای ارزیابی اولیه؛ جایگزین پوشش فصل‌به‌فصل کتاب درسی نیست.","ترنم همدلی","original","1405"
"ششم","","کار و فناوری","کار و فناوری","آزمون جامع","ارزیابی پایه","هسته ۱۰ سوالی","متوسط","پروژه خوب چه ویژگی دارد؟","هدف، مراحل و ارزیابی مشخص","بدون هدف","بدون برنامه","بدون ارزیابی","A","سؤال تألیفی تشخیصی برای ارزیابی اولیه؛ جایگزین پوشش فصل‌به‌فصل کتاب درسی نیست.","ترنم همدلی","original","1405"
"ششم","","کار و فناوری","کار و فناوری","آزمون جامع","ارزیابی پایه","هسته ۱۰ سوالی","متوسط","امنیت رمز عبور چگونه بهتر می‌شود؟","رمز قوی و منحصربه‌فرد","رمز ساده","اشتراک با همه","انتشار عمومی","A","سؤال تألیفی تشخیصی برای ارزیابی اولیه؛ جایگزین پوشش فصل‌به‌فصل کتاب درسی نیست.","ترنم همدلی","original","1405"
"ششم","","کار و فناوری","کار و فناوری","آزمون جامع","ارزیابی پایه","هسته ۱۰ سوالی","متوسط","مصرف مسئولانه فناوری یعنی چه؟","استفاده آگاهانه و ایمن","استفاده بی‌وقفه","اشتراک همه اطلاعات","نادیده گرفتن امنیت","A","سؤال تألیفی تشخیصی برای ارزیابی اولیه؛ جایگزین پوشش فصل‌به‌فصل کتاب درسی نیست.","ترنم همدلی","original","1405"
"ششم","","کار و فناوری","کار و فناوری","آزمون جامع","ارزیابی پایه","هسته ۱۰ سوالی","متوسط","آزمایش راه‌حل چه فایده‌ای دارد؟","شناسایی خطا و بهبود","تضمین بدون آزمون","حذف بررسی","تغییر هدف","A","سؤال تألیفی تشخیصی برای ارزیابی اولیه؛ جایگزین پوشش فصل‌به‌فصل کتاب درسی نیست.","ترنم همدلی","original","1405"
"ششم","","کار و فناوری","کار و فناوری","آزمون جامع","ارزیابی پایه","هسته ۱۰ سوالی","متوسط","فناوری مسئولانه چه اصلی دارد؟","فایده‌رسانی همراه با توجه به ایمنی و پیامدها","مصرف بی‌حد","نادیده گرفتن پیامد","حذف ایمنی","A","سؤال تألیفی تشخیصی برای ارزیابی اولیه؛ جایگزین پوشش فصل‌به‌فصل کتاب درسی نیست.","ترنم همدلی","original","1405"
"ششم","","تفکر و پژوهش","تفکر و پژوهش","آزمون جامع","ارزیابی پایه","هسته ۱۰ سوالی","متوسط","تفکر انتقادی یعنی چه؟","بررسی شواهد و استدلال پیش از پذیرش ادعا","پذیرش هر خبر","رد همه دیدگاه‌ها","حفظ پاسخ","A","سؤال تألیفی تشخیصی برای ارزیابی اولیه؛ جایگزین پوشش فصل‌به‌فصل کتاب درسی نیست.","ترنم همدلی","original","1405"
"ششم","","تفکر و پژوهش","تفکر و پژوهش","آزمون جامع","ارزیابی پایه","هسته ۱۰ سوالی","متوسط","پرسش خوب چه ویژگی دارد؟","روشن و قابل بررسی است","مبهم است","بدون موضوع است","پاسخ از قبل معلوم است","A","سؤال تألیفی تشخیصی برای ارزیابی اولیه؛ جایگزین پوشش فصل‌به‌فصل کتاب درسی نیست.","ترنم همدلی","original","1405"
"ششم","","تفکر و پژوهش","تفکر و پژوهش","آزمون جامع","ارزیابی پایه","هسته ۱۰ سوالی","متوسط","مغالطه چیست؟","خطای استدلالی که ممکن است درست به نظر برسد","هر پاسخ درست","داده علمی","تعریف","A","سؤال تألیفی تشخیصی برای ارزیابی اولیه؛ جایگزین پوشش فصل‌به‌فصل کتاب درسی نیست.","ترنم همدلی","original","1405"
"ششم","","تفکر و پژوهش","تفکر و پژوهش","آزمون جامع","ارزیابی پایه","هسته ۱۰ سوالی","متوسط","منبع معتبر چه کمکی می‌کند؟","ارزیابی بهتر ادعاها","حذف شواهد","افزایش شایعه","تغییر واقعیت","A","سؤال تألیفی تشخیصی برای ارزیابی اولیه؛ جایگزین پوشش فصل‌به‌فصل کتاب درسی نیست.","ترنم همدلی","original","1405"
"ششم","","تفکر و پژوهش","تفکر و پژوهش","آزمون جامع","ارزیابی پایه","هسته ۱۰ سوالی","متوسط","مخاطب فعال چه می‌کند؟","پیام را بررسی و ارزیابی می‌کند","همه چیز را می‌پذیرد","پیام را نمی‌بیند","فقط حفظ می‌کند","A","سؤال تألیفی تشخیصی برای ارزیابی اولیه؛ جایگزین پوشش فصل‌به‌فصل کتاب درسی نیست.","ترنم همدلی","original","1405"
"ششم","","تفکر و پژوهش","تفکر و پژوهش","آزمون جامع","ارزیابی پایه","هسته ۱۰ سوالی","متوسط","بازنمایی رسانه‌ای چیست؟","شیوه ارائه واقعیت در رسانه","خود واقعیت بدون انتخاب","حذف مخاطب","فرمول","A","سؤال تألیفی تشخیصی برای ارزیابی اولیه؛ جایگزین پوشش فصل‌به‌فصل کتاب درسی نیست.","ترنم همدلی","original","1405"
"ششم","","تفکر و پژوهش","تفکر و پژوهش","آزمون جامع","ارزیابی پایه","هسته ۱۰ سوالی","متوسط","تصمیم منطقی بهتر است بر چه چیزی تکیه کند؟","اطلاعات و معیارهای روشن","شایعه","هیجان لحظه‌ای فقط","فشار دیگران","A","سؤال تألیفی تشخیصی برای ارزیابی اولیه؛ جایگزین پوشش فصل‌به‌فصل کتاب درسی نیست.","ترنم همدلی","original","1405"
"ششم","","تفکر و پژوهش","تفکر و پژوهش","آزمون جامع","ارزیابی پایه","هسته ۱۰ سوالی","متوسط","گفت‌وگوی سازنده چه ویژگی دارد؟","گوش دادن و استدلال محترمانه","قطع صحبت","تحقیر","تحمیل","A","سؤال تألیفی تشخیصی برای ارزیابی اولیه؛ جایگزین پوشش فصل‌به‌فصل کتاب درسی نیست.","ترنم همدلی","original","1405"
"ششم","","تفکر و پژوهش","تفکر و پژوهش","آزمون جامع","ارزیابی پایه","هسته ۱۰ سوالی","متوسط","پژوهش برای چه انجام می‌شود؟","پاسخ مستند به پرسش","تأیید هر حدس","حذف شواهد","افزایش ابهام","A","سؤال تألیفی تشخیصی برای ارزیابی اولیه؛ جایگزین پوشش فصل‌به‌فصل کتاب درسی نیست.","ترنم همدلی","original","1405"
"ششم","","تفکر و پژوهش","تفکر و پژوهش","آزمون جامع","ارزیابی پایه","هسته ۱۰ سوالی","متوسط","ارزیابی یک ادعا با چه چیزی بهتر می‌شود؟","مقایسه شواهد و منابع","تعداد تکرار ادعا","شهرت گوینده فقط","هیجان مخاطب","A","سؤال تألیفی تشخیصی برای ارزیابی اولیه؛ جایگزین پوشش فصل‌به‌فصل کتاب درسی نیست.","ترنم همدلی","original","1405"
"هفتم","","فارسی","فارسی","آزمون جامع","ارزیابی پایه","هسته ۱۰ سوالی","متوسط","درک متن بیشتر به چه نیاز دارد؟","توجه به واژه‌ها و ارتباط جمله‌ها","حفظ عنوان","شمردن کلمات","حذف مثال‌ها","A","سؤال تألیفی تشخیصی برای ارزیابی اولیه؛ جایگزین پوشش فصل‌به‌فصل کتاب درسی نیست.","ترنم همدلی","original","1405"
"هفتم","","فارسی","فارسی","آزمون جامع","ارزیابی پایه","هسته ۱۰ سوالی","متوسط","واژه مترادف چیست؟","واژه هم‌معنی یا نزدیک‌معنی","واژه مخالف","واژه بی‌معنا","عدد","A","سؤال تألیفی تشخیصی برای ارزیابی اولیه؛ جایگزین پوشش فصل‌به‌فصل کتاب درسی نیست.","ترنم همدلی","original","1405"
"هفتم","","فارسی","فارسی","آزمون جامع","ارزیابی پایه","هسته ۱۰ سوالی","متوسط","فعل معمولاً چه چیزی را نشان می‌دهد؟","کار یا حالت","رنگ","تعداد صفحات","علامت سؤال","A","سؤال تألیفی تشخیصی برای ارزیابی اولیه؛ جایگزین پوشش فصل‌به‌فصل کتاب درسی نیست.","ترنم همدلی","original","1405"
"هفتم","","فارسی","فارسی","آزمون جامع","ارزیابی پایه","هسته ۱۰ سوالی","متوسط","عنوان مناسب چه ویژگی دارد؟","با محتوای متن ارتباط دارد","کاملاً بی‌ربط است","همیشه طولانی است","فقط عدد است","A","سؤال تألیفی تشخیصی برای ارزیابی اولیه؛ جایگزین پوشش فصل‌به‌فصل کتاب درسی نیست.","ترنم همدلی","original","1405"
"هفتم","","فارسی","فارسی","آزمون جامع","ارزیابی پایه","هسته ۱۰ سوالی","متوسط","بازبینی نوشته برای چیست؟","اصلاح محتوا و نگارش","حذف همه جمله‌ها","افزایش خطا","تغییر واقعیت","A","سؤال تألیفی تشخیصی برای ارزیابی اولیه؛ جایگزین پوشش فصل‌به‌فصل کتاب درسی نیست.","ترنم همدلی","original","1405"
"هفتم","","فارسی","فارسی","آزمون جامع","ارزیابی پایه","هسته ۱۰ سوالی","متوسط","پاراگراف معمولاً حول چه چیزی شکل می‌گیرد؟","یک ایده اصلی","واژه‌های تصادفی","یک علامت","یک عدد","A","سؤال تألیفی تشخیصی برای ارزیابی اولیه؛ جایگزین پوشش فصل‌به‌فصل کتاب درسی نیست.","ترنم همدلی","original","1405"
"هفتم","","فارسی","فارسی","آزمون جامع","ارزیابی پایه","هسته ۱۰ سوالی","متوسط","علائم نگارشی چه کمکی می‌کنند؟","خوانایی و فهم ساختار متن","حذف معنا","تغییر موضوع","افزایش ابهام","A","سؤال تألیفی تشخیصی برای ارزیابی اولیه؛ جایگزین پوشش فصل‌به‌فصل کتاب درسی نیست.","ترنم همدلی","original","1405"
"هفتم","","فارسی","فارسی","آزمون جامع","ارزیابی پایه","هسته ۱۰ سوالی","متوسط","تشبیه چه کاربردی دارد؟","بیان هنری شباهت میان دو چیز","اندازه‌گیری","حل معادله","ثبت تاریخ","A","سؤال تألیفی تشخیصی برای ارزیابی اولیه؛ جایگزین پوشش فصل‌به‌فصل کتاب درسی نیست.","ترنم همدلی","original","1405"
"هفتم","","فارسی","فارسی","آزمون جامع","ارزیابی پایه","هسته ۱۰ سوالی","متوسط","خواندن فعال یعنی چه؟","پرسش، ارتباط و بررسی مفهوم","فقط سریع خواندن","حفظ بدون درک","نادیده گرفتن عنوان","A","سؤال تألیفی تشخیصی برای ارزیابی اولیه؛ جایگزین پوشش فصل‌به‌فصل کتاب درسی نیست.","ترنم همدلی","original","1405"
"هفتم","","فارسی","فارسی","آزمون جامع","ارزیابی پایه","هسته ۱۰ سوالی","متوسط","نوشتن منظم چه فایده‌ای دارد؟","انتقال روشن‌تر ایده‌ها","افزایش ابهام","حذف ارتباط","کاهش خوانایی","A","سؤال تألیفی تشخیصی برای ارزیابی اولیه؛ جایگزین پوشش فصل‌به‌فصل کتاب درسی نیست.","ترنم همدلی","original","1405"
"هفتم","","نگارش","نگارش","آزمون جامع","ارزیابی پایه","هسته ۱۰ سوالی","متوسط","درک متن بیشتر به چه نیاز دارد؟","توجه به واژه‌ها و ارتباط جمله‌ها","حفظ عنوان","شمردن کلمات","حذف مثال‌ها","A","سؤال تألیفی تشخیصی برای ارزیابی اولیه؛ جایگزین پوشش فصل‌به‌فصل کتاب درسی نیست.","ترنم همدلی","original","1405"
"هفتم","","نگارش","نگارش","آزمون جامع","ارزیابی پایه","هسته ۱۰ سوالی","متوسط","واژه مترادف چیست؟","واژه هم‌معنی یا نزدیک‌معنی","واژه مخالف","واژه بی‌معنا","عدد","A","سؤال تألیفی تشخیصی برای ارزیابی اولیه؛ جایگزین پوشش فصل‌به‌فصل کتاب درسی نیست.","ترنم همدلی","original","1405"
"هفتم","","نگارش","نگارش","آزمون جامع","ارزیابی پایه","هسته ۱۰ سوالی","متوسط","فعل معمولاً چه چیزی را نشان می‌دهد؟","کار یا حالت","رنگ","تعداد صفحات","علامت سؤال","A","سؤال تألیفی تشخیصی برای ارزیابی اولیه؛ جایگزین پوشش فصل‌به‌فصل کتاب درسی نیست.","ترنم همدلی","original","1405"
"هفتم","","نگارش","نگارش","آزمون جامع","ارزیابی پایه","هسته ۱۰ سوالی","متوسط","عنوان مناسب چه ویژگی دارد؟","با محتوای متن ارتباط دارد","کاملاً بی‌ربط است","همیشه طولانی است","فقط عدد است","A","سؤال تألیفی تشخیصی برای ارزیابی اولیه؛ جایگزین پوشش فصل‌به‌فصل کتاب درسی نیست.","ترنم همدلی","original","1405"
"هفتم","","نگارش","نگارش","آزمون جامع","ارزیابی پایه","هسته ۱۰ سوالی","متوسط","بازبینی نوشته برای چیست؟","اصلاح محتوا و نگارش","حذف همه جمله‌ها","افزایش خطا","تغییر واقعیت","A","سؤال تألیفی تشخیصی برای ارزیابی اولیه؛ جایگزین پوشش فصل‌به‌فصل کتاب درسی نیست.","ترنم همدلی","original","1405"
"هفتم","","نگارش","نگارش","آزمون جامع","ارزیابی پایه","هسته ۱۰ سوالی","متوسط","پاراگراف معمولاً حول چه چیزی شکل می‌گیرد؟","یک ایده اصلی","واژه‌های تصادفی","یک علامت","یک عدد","A","سؤال تألیفی تشخیصی برای ارزیابی اولیه؛ جایگزین پوشش فصل‌به‌فصل کتاب درسی نیست.","ترنم همدلی","original","1405"
"هفتم","","نگارش","نگارش","آزمون جامع","ارزیابی پایه","هسته ۱۰ سوالی","متوسط","علائم نگارشی چه کمکی می‌کنند؟","خوانایی و فهم ساختار متن","حذف معنا","تغییر موضوع","افزایش ابهام","A","سؤال تألیفی تشخیصی برای ارزیابی اولیه؛ جایگزین پوشش فصل‌به‌فصل کتاب درسی نیست.","ترنم همدلی","original","1405"
"هفتم","","نگارش","نگارش","آزمون جامع","ارزیابی پایه","هسته ۱۰ سوالی","متوسط","تشبیه چه کاربردی دارد؟","بیان هنری شباهت میان دو چیز","اندازه‌گیری","حل معادله","ثبت تاریخ","A","سؤال تألیفی تشخیصی برای ارزیابی اولیه؛ جایگزین پوشش فصل‌به‌فصل کتاب درسی نیست.","ترنم همدلی","original","1405"
"هفتم","","نگارش","نگارش","آزمون جامع","ارزیابی پایه","هسته ۱۰ سوالی","متوسط","خواندن فعال یعنی چه؟","پرسش، ارتباط و بررسی مفهوم","فقط سریع خواندن","حفظ بدون درک","نادیده گرفتن عنوان","A","سؤال تألیفی تشخیصی برای ارزیابی اولیه؛ جایگزین پوشش فصل‌به‌فصل کتاب درسی نیست.","ترنم همدلی","original","1405"
"هفتم","","نگارش","نگارش","آزمون جامع","ارزیابی پایه","هسته ۱۰ سوالی","متوسط","نوشتن منظم چه فایده‌ای دارد؟","انتقال روشن‌تر ایده‌ها","افزایش ابهام","حذف ارتباط","کاهش خوانایی","A","سؤال تألیفی تشخیصی برای ارزیابی اولیه؛ جایگزین پوشش فصل‌به‌فصل کتاب درسی نیست.","ترنم همدلی","original","1405"
"هفتم","","ریاضی","ریاضی","آزمون جامع","ارزیابی پایه","هسته ۱۰ سوالی","متوسط","کدام گزینه یک مفهوم پایه در این درس است؟","تعریف و رابطه بین کمیت‌ها","رنگ","صدا","بو","A","سؤال تألیفی تشخیصی برای ارزیابی اولیه؛ جایگزین پوشش فصل‌به‌فصل کتاب درسی نیست.","ترنم همدلی","original","1405"
"هفتم","","ریاضی","ریاضی","آزمون جامع","ارزیابی پایه","هسته ۱۰ سوالی","متوسط","حل مرحله‌ای مسئله چه فایده‌ای دارد؟","کاهش خطا و امکان بررسی مسیر حل","حذف داده","افزایش ابهام","تغییر موضوع","A","سؤال تألیفی تشخیصی برای ارزیابی اولیه؛ جایگزین پوشش فصل‌به‌فصل کتاب درسی نیست.","ترنم همدلی","original","1405"
"هفتم","","ریاضی","ریاضی","آزمون جامع","ارزیابی پایه","هسته ۱۰ سوالی","متوسط","میانگین برای چه کاری به‌کار می‌رود؟","خلاصه‌کردن مجموعه‌ای از داده‌ها","اندازه‌گیری دما","تشخیص صدا","تعیین رنگ","A","سؤال تألیفی تشخیصی برای ارزیابی اولیه؛ جایگزین پوشش فصل‌به‌فصل کتاب درسی نیست.","ترنم همدلی","original","1405"
"هفتم","","ریاضی","ریاضی","آزمون جامع","ارزیابی پایه","هسته ۱۰ سوالی","متوسط","احتمال رویداد قطعی چیست؟","۱","۰","۰٫۵","۲","A","سؤال تألیفی تشخیصی برای ارزیابی اولیه؛ جایگزین پوشش فصل‌به‌فصل کتاب درسی نیست.","ترنم همدلی","original","1405"
"هفتم","","ریاضی","ریاضی","آزمون جامع","ارزیابی پایه","هسته ۱۰ سوالی","متوسط","نمودار چه کمکی می‌کند؟","نمایش و مقایسه داده‌ها","حذف داده","تغییر سؤال","حذف واحد","A","سؤال تألیفی تشخیصی برای ارزیابی اولیه؛ جایگزین پوشش فصل‌به‌فصل کتاب درسی نیست.","ترنم همدلی","original","1405"
"هفتم","","ریاضی","ریاضی","آزمون جامع","ارزیابی پایه","هسته ۱۰ سوالی","متوسط","واحد اندازه‌گیری چه اهمیتی دارد؟","امکان مقایسه و بیان دقیق مقدار","تغییر نتیجه","حذف عدد","افزایش ابهام","A","سؤال تألیفی تشخیصی برای ارزیابی اولیه؛ جایگزین پوشش فصل‌به‌فصل کتاب درسی نیست.","ترنم همدلی","original","1405"
"هفتم","","ریاضی","ریاضی","آزمون جامع","ارزیابی پایه","هسته ۱۰ سوالی","متوسط","برای حل یک مسئله ابتدا چه باید کرد؟","شناخت داده‌ها و خواسته","حدس پاسخ","حذف صورت مسئله","تغییر واحد بدون دلیل","A","سؤال تألیفی تشخیصی برای ارزیابی اولیه؛ جایگزین پوشش فصل‌به‌فصل کتاب درسی نیست.","ترنم همدلی","original","1405"
"هفتم","","ریاضی","ریاضی","آزمون جامع","ارزیابی پایه","هسته ۱۰ سوالی","متوسط","تقریب عدد برای چیست؟","ساده‌سازی با حفظ دقت مناسب","تغییر تصادفی مقدار","حذف عدد","تبدیل به متن","A","سؤال تألیفی تشخیصی برای ارزیابی اولیه؛ جایگزین پوشش فصل‌به‌فصل کتاب درسی نیست.","ترنم همدلی","original","1405"
"هفتم","","ریاضی","ریاضی","آزمون جامع","ارزیابی پایه","هسته ۱۰ سوالی","متوسط","رابطه ریاضی چه چیزی را بیان می‌کند؟","ارتباط میان کمیت‌ها","نام افراد","رنگ‌ها","صدای محیط","A","سؤال تألیفی تشخیصی برای ارزیابی اولیه؛ جایگزین پوشش فصل‌به‌فصل کتاب درسی نیست.","ترنم همدلی","original","1405"
"هفتم","","ریاضی","ریاضی","آزمون جامع","ارزیابی پایه","هسته ۱۰ سوالی","متوسط","بررسی پاسخ پس از حل چه فایده‌ای دارد؟","کشف خطای محاسبه یا استدلال","حذف پاسخ","تغییر موضوع","افزایش ابهام","A","سؤال تألیفی تشخیصی برای ارزیابی اولیه؛ جایگزین پوشش فصل‌به‌فصل کتاب درسی نیست.","ترنم همدلی","original","1405"
"هفتم","","علوم تجربی","علوم تجربی","آزمون جامع","ارزیابی پایه","هسته ۱۰ سوالی","متوسط","مشاهده علمی بر چه چیزی تکیه دارد؟","داده و شواهد","شایعه","حدس بدون بررسی","سلیقه","A","سؤال تألیفی تشخیصی برای ارزیابی اولیه؛ جایگزین پوشش فصل‌به‌فصل کتاب درسی نیست.","ترنم همدلی","original","1405"
"هفتم","","علوم تجربی","علوم تجربی","آزمون جامع","ارزیابی پایه","هسته ۱۰ سوالی","متوسط","فرضیه چیست؟","پاسخ پیشنهادی و قابل آزمون","نتیجه قطعی","نام ابزار","واحد اندازه‌گیری","A","سؤال تألیفی تشخیصی برای ارزیابی اولیه؛ جایگزین پوشش فصل‌به‌فصل کتاب درسی نیست.","ترنم همدلی","original","1405"
"هفتم","","علوم تجربی","علوم تجربی","آزمون جامع","ارزیابی پایه","هسته ۱۰ سوالی","متوسط","چرا متغیرها کنترل می‌شوند؟","برای بررسی دقیق اثر عامل مورد مطالعه","برای طولانی‌شدن آزمایش","برای حذف نتیجه","برای تغییر سؤال","A","سؤال تألیفی تشخیصی برای ارزیابی اولیه؛ جایگزین پوشش فصل‌به‌فصل کتاب درسی نیست.","ترنم همدلی","original","1405"
"هفتم","","علوم تجربی","علوم تجربی","آزمون جامع","ارزیابی پایه","هسته ۱۰ سوالی","متوسط","جرم معمولاً با چه ابزاری اندازه‌گیری می‌شود؟","ترازو","دماسنج","خط‌کش","قطب‌نما","A","سؤال تألیفی تشخیصی برای ارزیابی اولیه؛ جایگزین پوشش فصل‌به‌فصل کتاب درسی نیست.","ترنم همدلی","original","1405"
"هفتم","","علوم تجربی","علوم تجربی","آزمون جامع","ارزیابی پایه","هسته ۱۰ سوالی","متوسط","دما با چه ابزاری اندازه‌گیری می‌شود؟","دماسنج","ترازو","نیروسنج","خط‌کش","A","سؤال تألیفی تشخیصی برای ارزیابی اولیه؛ جایگزین پوشش فصل‌به‌فصل کتاب درسی نیست.","ترنم همدلی","original","1405"
"هفتم","","علوم تجربی","علوم تجربی","آزمون جامع","ارزیابی پایه","هسته ۱۰ سوالی","متوسط","نتیجه‌گیری علمی باید بر چه چیزی تکیه کند؟","شواهد و تحلیل","حدس تنها","سلیقه","شایعه","A","سؤال تألیفی تشخیصی برای ارزیابی اولیه؛ جایگزین پوشش فصل‌به‌فصل کتاب درسی نیست.","ترنم همدلی","original","1405"
"هفتم","","علوم تجربی","علوم تجربی","آزمون جامع","ارزیابی پایه","هسته ۱۰ سوالی","متوسط","مواد می‌توانند در چه حالت‌هایی باشند؟","جامد، مایع و گاز","فقط جامد","فقط مایع","فقط گاز","A","سؤال تألیفی تشخیصی برای ارزیابی اولیه؛ جایگزین پوشش فصل‌به‌فصل کتاب درسی نیست.","ترنم همدلی","original","1405"
"هفتم","","علوم تجربی","علوم تجربی","آزمون جامع","ارزیابی پایه","هسته ۱۰ سوالی","متوسط","آزمایش علمی چه کمکی می‌کند؟","بررسی یک فرض یا پرسش با روش مشخص","حذف داده","تأیید هر حدس","تغییر واقعیت","A","سؤال تألیفی تشخیصی برای ارزیابی اولیه؛ جایگزین پوشش فصل‌به‌فصل کتاب درسی نیست.","ترنم همدلی","original","1405"
"هفتم","","علوم تجربی","علوم تجربی","آزمون جامع","ارزیابی پایه","هسته ۱۰ سوالی","متوسط","حفاظت از محیط زیست چه هدفی دارد؟","حفظ منابع و سلامت اکوسیستم","افزایش آلودگی","حذف تنوع","مصرف بی‌رویه","A","سؤال تألیفی تشخیصی برای ارزیابی اولیه؛ جایگزین پوشش فصل‌به‌فصل کتاب درسی نیست.","ترنم همدلی","original","1405"
"هفتم","","علوم تجربی","علوم تجربی","آزمون جامع","ارزیابی پایه","هسته ۱۰ سوالی","متوسط","داده معتبر چه ویژگی دارد؟","قابل مشاهده، اندازه‌گیری یا مستند باشد","کاملاً حدسی باشد","بدون منبع باشد","متناقض باشد","A","سؤال تألیفی تشخیصی برای ارزیابی اولیه؛ جایگزین پوشش فصل‌به‌فصل کتاب درسی نیست.","ترنم همدلی","original","1405"
"هفتم","","مطالعات اجتماعی","مطالعات اجتماعی","آزمون جامع","ارزیابی پایه","هسته ۱۰ سوالی","متوسط","قانون چه نقشی دارد؟","تنظیم روابط و حقوق","ایجاد بی‌نظمی","حذف مسئولیت","تغییر آب‌وهوا","A","سؤال تألیفی تشخیصی برای ارزیابی اولیه؛ جایگزین پوشش فصل‌به‌فصل کتاب درسی نیست.","ترنم همدلی","original","1405"
"هفتم","","مطالعات اجتماعی","مطالعات اجتماعی","آزمون جامع","ارزیابی پایه","هسته ۱۰ سوالی","متوسط","شهروند مسئول چه می‌کند؟","حقوق دیگران و وظایف خود را رعایت می‌کند","قانون را نادیده می‌گیرد","فقط مطالبه می‌کند","به محیط آسیب می‌زند","A","سؤال تألیفی تشخیصی برای ارزیابی اولیه؛ جایگزین پوشش فصل‌به‌فصل کتاب درسی نیست.","ترنم همدلی","original","1405"
"هفتم","","مطالعات اجتماعی","مطالعات اجتماعی","آزمون جامع","ارزیابی پایه","هسته ۱۰ سوالی","متوسط","نقشه برای چه مفید است؟","نمایش موقعیت‌های مکانی","اندازه‌گیری دما","تشخیص صدا","محاسبه سن","A","سؤال تألیفی تشخیصی برای ارزیابی اولیه؛ جایگزین پوشش فصل‌به‌فصل کتاب درسی نیست.","ترنم همدلی","original","1405"
"هفتم","","مطالعات اجتماعی","مطالعات اجتماعی","آزمون جامع","ارزیابی پایه","هسته ۱۰ سوالی","متوسط","منبع تاریخی چه فایده‌ای دارد؟","شواهدی برای شناخت گذشته فراهم می‌کند","همیشه قطعی است","فقط سرگرمی است","هیچ ارزشی ندارد","A","سؤال تألیفی تشخیصی برای ارزیابی اولیه؛ جایگزین پوشش فصل‌به‌فصل کتاب درسی نیست.","ترنم همدلی","original","1405"
"هفتم","","مطالعات اجتماعی","مطالعات اجتماعی","آزمون جامع","ارزیابی پایه","هسته ۱۰ سوالی","متوسط","فرهنگ شامل چیست؟","ارزش‌ها، هنجارها و نمادها","فقط ساختمان","فقط پول","فقط آب‌وهوا","A","سؤال تألیفی تشخیصی برای ارزیابی اولیه؛ جایگزین پوشش فصل‌به‌فصل کتاب درسی نیست.","ترنم همدلی","original","1405"
"هفتم","","مطالعات اجتماعی","مطالعات اجتماعی","آزمون جامع","ارزیابی پایه","هسته ۱۰ سوالی","متوسط","جمعیت یعنی چه؟","تعداد افراد یک محدوده","تعداد ساختمان","مساحت کشور","تعداد رودها","A","سؤال تألیفی تشخیصی برای ارزیابی اولیه؛ جایگزین پوشش فصل‌به‌فصل کتاب درسی نیست.","ترنم همدلی","original","1405"
"هفتم","","مطالعات اجتماعی","مطالعات اجتماعی","آزمون جامع","ارزیابی پایه","هسته ۱۰ سوالی","متوسط","مهاجرت چیست؟","جابه‌جایی افراد برای سکونت","تغییر فصل","حرکت زمین","تغییر زبان","A","سؤال تألیفی تشخیصی برای ارزیابی اولیه؛ جایگزین پوشش فصل‌به‌فصل کتاب درسی نیست.","ترنم همدلی","original","1405"
"هفتم","","مطالعات اجتماعی","مطالعات اجتماعی","آزمون جامع","ارزیابی پایه","هسته ۱۰ سوالی","متوسط","همکاری اجتماعی چه فایده‌ای دارد؟","حل بهتر مسائل مشترک","حذف مسئولیت","بی‌نیازی از قانون","افزایش قطعی تعارض","A","سؤال تألیفی تشخیصی برای ارزیابی اولیه؛ جایگزین پوشش فصل‌به‌فصل کتاب درسی نیست.","ترنم همدلی","original","1405"
"هفتم","","مطالعات اجتماعی","مطالعات اجتماعی","آزمون جامع","ارزیابی پایه","هسته ۱۰ سوالی","متوسط","توسعه پایدار بر چه چیزی تأکید دارد؟","توجه به نیاز امروز و آینده","مصرف بی‌حد","حذف طبیعت","نادیده گرفتن نسل آینده","A","سؤال تألیفی تشخیصی برای ارزیابی اولیه؛ جایگزین پوشش فصل‌به‌فصل کتاب درسی نیست.","ترنم همدلی","original","1405"
"هفتم","","مطالعات اجتماعی","مطالعات اجتماعی","آزمون جامع","ارزیابی پایه","هسته ۱۰ سوالی","متوسط","پدیده‌های اجتماعی را بهتر است چگونه بررسی کرد؟","با مفهوم، شواهد و توجه به زمینه","با یک شایعه","با حدس تنها","بدون داده","A","سؤال تألیفی تشخیصی برای ارزیابی اولیه؛ جایگزین پوشش فصل‌به‌فصل کتاب درسی نیست.","ترنم همدلی","original","1405"
"هفتم","","آموزش قرآن","آموزش قرآن","آزمون جامع","ارزیابی پایه","هسته ۱۰ سوالی","متوسط","صداقت یعنی چه؟","راستگویی و پرهیز از فریب","پنهان‌کاری برای منفعت","تمسخر","بی‌تفاوتی","A","سؤال تألیفی تشخیصی برای ارزیابی اولیه؛ جایگزین پوشش فصل‌به‌فصل کتاب درسی نیست.","ترنم همدلی","original","1405"
"هفتم","","آموزش قرآن","آموزش قرآن","آزمون جامع","ارزیابی پایه","هسته ۱۰ سوالی","متوسط","مسئولیت‌پذیری چیست؟","پذیرفتن وظیفه و پیامد رفتار","انداختن تقصیر بر دیگران","فرار از وظیفه","نادیده گرفتن پیامد","A","سؤال تألیفی تشخیصی برای ارزیابی اولیه؛ جایگزین پوشش فصل‌به‌فصل کتاب درسی نیست.","ترنم همدلی","original","1405"
"هفتم","","آموزش قرآن","آموزش قرآن","آزمون جامع","ارزیابی پایه","هسته ۱۰ سوالی","متوسط","عدالت به چه چیزی نزدیک است؟","رعایت حق و انصاف","تبعیض","طرفداری بی‌دلیل","بی‌قانونی","A","سؤال تألیفی تشخیصی برای ارزیابی اولیه؛ جایگزین پوشش فصل‌به‌فصل کتاب درسی نیست.","ترنم همدلی","original","1405"
"هفتم","","آموزش قرآن","آموزش قرآن","آزمون جامع","ارزیابی پایه","هسته ۱۰ سوالی","متوسط","امانت‌داری یعنی چه؟","حفظ حق و اعتماد دیگران","افشای راز","استفاده بدون اجازه","تحریف","A","سؤال تألیفی تشخیصی برای ارزیابی اولیه؛ جایگزین پوشش فصل‌به‌فصل کتاب درسی نیست.","ترنم همدلی","original","1405"
"هفتم","","آموزش قرآن","آموزش قرآن","آزمون جامع","ارزیابی پایه","هسته ۱۰ سوالی","متوسط","همدلی چیست؟","درک احساس و موقعیت دیگران","تأیید همه رفتارها","تحقیر","تحمیل نظر","A","سؤال تألیفی تشخیصی برای ارزیابی اولیه؛ جایگزین پوشش فصل‌به‌فصل کتاب درسی نیست.","ترنم همدلی","original","1405"
"هفتم","","آموزش قرآن","آموزش قرآن","آزمون جامع","ارزیابی پایه","هسته ۱۰ سوالی","متوسط","صبر در دشواری یعنی چه؟","پایداری همراه با مدیریت درست واکنش","پرخاشگری","انکار مسئله","بی‌عملی مطلق","A","سؤال تألیفی تشخیصی برای ارزیابی اولیه؛ جایگزین پوشش فصل‌به‌فصل کتاب درسی نیست.","ترنم همدلی","original","1405"
"هفتم","","آموزش قرآن","آموزش قرآن","آزمون جامع","ارزیابی پایه","هسته ۱۰ سوالی","متوسط","شکرگزاری یعنی چه؟","شناخت نعمت و قدردانی","انکار داشته‌ها","مقایسه دائمی","بی‌توجهی","A","سؤال تألیفی تشخیصی برای ارزیابی اولیه؛ جایگزین پوشش فصل‌به‌فصل کتاب درسی نیست.","ترنم همدلی","original","1405"
"هفتم","","آموزش قرآن","آموزش قرآن","آزمون جامع","ارزیابی پایه","هسته ۱۰ سوالی","متوسط","احترام به دیگران چگونه نشان داده می‌شود؟","رعایت کرامت و حقوق آنان","تمسخر","تحقیر","بی‌توجهی","A","سؤال تألیفی تشخیصی برای ارزیابی اولیه؛ جایگزین پوشش فصل‌به‌فصل کتاب درسی نیست.","ترنم همدلی","original","1405"
"هفتم","","آموزش قرآن","آموزش قرآن","آزمون جامع","ارزیابی پایه","هسته ۱۰ سوالی","متوسط","کمک مسئولانه به دیگران چه ویژگی دارد؟","بدون ایجاد آسیب و با توجه به نیاز واقعی","اجبار","فریب","نادیده‌گرفتن حقوق","A","سؤال تألیفی تشخیصی برای ارزیابی اولیه؛ جایگزین پوشش فصل‌به‌فصل کتاب درسی نیست.","ترنم همدلی","original","1405"
"هفتم","","آموزش قرآن","آموزش قرآن","آزمون جامع","ارزیابی پایه","هسته ۱۰ سوالی","متوسط","نیت در عمل اخلاقی چه اهمیتی دارد؟","در ارزش‌گذاری عمل نقش دارد","هیچ اهمیتی ندارد","فقط ظاهر مهم است","فقط پول مهم است","A","سؤال تألیفی تشخیصی برای ارزیابی اولیه؛ جایگزین پوشش فصل‌به‌فصل کتاب درسی نیست.","ترنم همدلی","original","1405"
"هفتم","","پیام‌های آسمان","پیام‌های آسمان","آزمون جامع","ارزیابی پایه","هسته ۱۰ سوالی","متوسط","صداقت یعنی چه؟","راستگویی و پرهیز از فریب","پنهان‌کاری برای منفعت","تمسخر","بی‌تفاوتی","A","سؤال تألیفی تشخیصی برای ارزیابی اولیه؛ جایگزین پوشش فصل‌به‌فصل کتاب درسی نیست.","ترنم همدلی","original","1405"
"هفتم","","پیام‌های آسمان","پیام‌های آسمان","آزمون جامع","ارزیابی پایه","هسته ۱۰ سوالی","متوسط","مسئولیت‌پذیری چیست؟","پذیرفتن وظیفه و پیامد رفتار","انداختن تقصیر بر دیگران","فرار از وظیفه","نادیده گرفتن پیامد","A","سؤال تألیفی تشخیصی برای ارزیابی اولیه؛ جایگزین پوشش فصل‌به‌فصل کتاب درسی نیست.","ترنم همدلی","original","1405"
"هفتم","","پیام‌های آسمان","پیام‌های آسمان","آزمون جامع","ارزیابی پایه","هسته ۱۰ سوالی","متوسط","عدالت به چه چیزی نزدیک است؟","رعایت حق و انصاف","تبعیض","طرفداری بی‌دلیل","بی‌قانونی","A","سؤال تألیفی تشخیصی برای ارزیابی اولیه؛ جایگزین پوشش فصل‌به‌فصل کتاب درسی نیست.","ترنم همدلی","original","1405"
"هفتم","","پیام‌های آسمان","پیام‌های آسمان","آزمون جامع","ارزیابی پایه","هسته ۱۰ سوالی","متوسط","امانت‌داری یعنی چه؟","حفظ حق و اعتماد دیگران","افشای راز","استفاده بدون اجازه","تحریف","A","سؤال تألیفی تشخیصی برای ارزیابی اولیه؛ جایگزین پوشش فصل‌به‌فصل کتاب درسی نیست.","ترنم همدلی","original","1405"
"هفتم","","پیام‌های آسمان","پیام‌های آسمان","آزمون جامع","ارزیابی پایه","هسته ۱۰ سوالی","متوسط","همدلی چیست؟","درک احساس و موقعیت دیگران","تأیید همه رفتارها","تحقیر","تحمیل نظر","A","سؤال تألیفی تشخیصی برای ارزیابی اولیه؛ جایگزین پوشش فصل‌به‌فصل کتاب درسی نیست.","ترنم همدلی","original","1405"
"هفتم","","پیام‌های آسمان","پیام‌های آسمان","آزمون جامع","ارزیابی پایه","هسته ۱۰ سوالی","متوسط","صبر در دشواری یعنی چه؟","پایداری همراه با مدیریت درست واکنش","پرخاشگری","انکار مسئله","بی‌عملی مطلق","A","سؤال تألیفی تشخیصی برای ارزیابی اولیه؛ جایگزین پوشش فصل‌به‌فصل کتاب درسی نیست.","ترنم همدلی","original","1405"
"هفتم","","پیام‌های آسمان","پیام‌های آسمان","آزمون جامع","ارزیابی پایه","هسته ۱۰ سوالی","متوسط","شکرگزاری یعنی چه؟","شناخت نعمت و قدردانی","انکار داشته‌ها","مقایسه دائمی","بی‌توجهی","A","سؤال تألیفی تشخیصی برای ارزیابی اولیه؛ جایگزین پوشش فصل‌به‌فصل کتاب درسی نیست.","ترنم همدلی","original","1405"
"هفتم","","پیام‌های آسمان","پیام‌های آسمان","آزمون جامع","ارزیابی پایه","هسته ۱۰ سوالی","متوسط","احترام به دیگران چگونه نشان داده می‌شود؟","رعایت کرامت و حقوق آنان","تمسخر","تحقیر","بی‌توجهی","A","سؤال تألیفی تشخیصی برای ارزیابی اولیه؛ جایگزین پوشش فصل‌به‌فصل کتاب درسی نیست.","ترنم همدلی","original","1405"
"هفتم","","پیام‌های آسمان","پیام‌های آسمان","آزمون جامع","ارزیابی پایه","هسته ۱۰ سوالی","متوسط","کمک مسئولانه به دیگران چه ویژگی دارد؟","بدون ایجاد آسیب و با توجه به نیاز واقعی","اجبار","فریب","نادیده‌گرفتن حقوق","A","سؤال تألیفی تشخیصی برای ارزیابی اولیه؛ جایگزین پوشش فصل‌به‌فصل کتاب درسی نیست.","ترنم همدلی","original","1405"
"هفتم","","پیام‌های آسمان","پیام‌های آسمان","آزمون جامع","ارزیابی پایه","هسته ۱۰ سوالی","متوسط","نیت در عمل اخلاقی چه اهمیتی دارد؟","در ارزش‌گذاری عمل نقش دارد","هیچ اهمیتی ندارد","فقط ظاهر مهم است","فقط پول مهم است","A","سؤال تألیفی تشخیصی برای ارزیابی اولیه؛ جایگزین پوشش فصل‌به‌فصل کتاب درسی نیست.","ترنم همدلی","original","1405"
"هفتم","","عربی","عربی","آزمون جامع","ارزیابی پایه","هسته ۱۰ سوالی","متوسط","فعل ماضی به چه زمانی اشاره می‌کند؟","گذشته","حال","آینده","همیشه","A","سؤال تألیفی تشخیصی برای ارزیابی اولیه؛ جایگزین پوشش فصل‌به‌فصل کتاب درسی نیست.","ترنم همدلی","original","1405"
"هفتم","","عربی","عربی","آزمون جامع","ارزیابی پایه","هسته ۱۰ سوالی","متوسط","فعل مضارع معمولاً بر چه زمانی دلالت می‌کند؟","حال یا آینده","فقط گذشته","فقط گذشته دور","هیچ زمان","A","سؤال تألیفی تشخیصی برای ارزیابی اولیه؛ جایگزین پوشش فصل‌به‌فصل کتاب درسی نیست.","ترنم همدلی","original","1405"
"هفتم","","عربی","عربی","آزمون جامع","ارزیابی پایه","هسته ۱۰ سوالی","متوسط","فاعل چیست؟","انجام‌دهنده کار فعل","زمان جمله","محل کار","نشانه جمع","A","سؤال تألیفی تشخیصی برای ارزیابی اولیه؛ جایگزین پوشش فصل‌به‌فصل کتاب درسی نیست.","ترنم همدلی","original","1405"
"هفتم","","عربی","عربی","آزمون جامع","ارزیابی پایه","هسته ۱۰ سوالی","متوسط","مفعول‌به چیست؟","کسی یا چیزی که عمل بر او واقع می‌شود","انجام‌دهنده عمل","زمان","صفت","A","سؤال تألیفی تشخیصی برای ارزیابی اولیه؛ جایگزین پوشش فصل‌به‌فصل کتاب درسی نیست.","ترنم همدلی","original","1405"
"هفتم","","عربی","عربی","آزمون جامع","ارزیابی پایه","هسته ۱۰ سوالی","متوسط","مفرد یعنی چه؟","یک فرد یا چیز","دو فرد","چند فرد","جمله کامل","A","سؤال تألیفی تشخیصی برای ارزیابی اولیه؛ جایگزین پوشش فصل‌به‌فصل کتاب درسی نیست.","ترنم همدلی","original","1405"
"هفتم","","عربی","عربی","آزمون جامع","ارزیابی پایه","هسته ۱۰ سوالی","متوسط","جمع یعنی چه؟","بیش از یک","دقیقاً یک","بدون تعداد","یک فعل","A","سؤال تألیفی تشخیصی برای ارزیابی اولیه؛ جایگزین پوشش فصل‌به‌فصل کتاب درسی نیست.","ترنم همدلی","original","1405"
"هفتم","","عربی","عربی","آزمون جامع","ارزیابی پایه","هسته ۱۰ سوالی","متوسط","ترجمه درست به چه نیاز دارد؟","شناخت واژه و ساختار جمله","حدس یک واژه","حذف فعل","تغییر معنا","A","سؤال تألیفی تشخیصی برای ارزیابی اولیه؛ جایگزین پوشش فصل‌به‌فصل کتاب درسی نیست.","ترنم همدلی","original","1405"
"هفتم","","عربی","عربی","آزمون جامع","ارزیابی پایه","هسته ۱۰ سوالی","متوسط","اسم چه چیزی می‌تواند باشد؟","نام شخص، چیز یا مفهوم","فقط فعل","فقط حرف","فقط عدد","A","سؤال تألیفی تشخیصی برای ارزیابی اولیه؛ جایگزین پوشش فصل‌به‌فصل کتاب درسی نیست.","ترنم همدلی","original","1405"
"هفتم","","عربی","عربی","آزمون جامع","ارزیابی پایه","هسته ۱۰ سوالی","متوسط","معنا در ترجمه باید چگونه حفظ شود؟","متناسب با کل جمله","با حذف فعل","با تغییر فاعل","با حذف واژه‌های مهم","A","سؤال تألیفی تشخیصی برای ارزیابی اولیه؛ جایگزین پوشش فصل‌به‌فصل کتاب درسی نیست.","ترنم همدلی","original","1405"
"هفتم","","عربی","عربی","آزمون جامع","ارزیابی پایه","هسته ۱۰ سوالی","متوسط","یادگیری واژه‌ها در بافت جمله چه فایده‌ای دارد؟","درک بهتر کاربرد و معنا","حذف معنی","افزایش ابهام","تغییر دستور","A","سؤال تألیفی تشخیصی برای ارزیابی اولیه؛ جایگزین پوشش فصل‌به‌فصل کتاب درسی نیست.","ترنم همدلی","original","1405"
"هفتم","","زبان انگلیسی","زبان انگلیسی","آزمون جامع","ارزیابی پایه","هسته ۱۰ سوالی","متوسط","What does 'book' mean?","کتاب","مدرسه","خانه","دوست","A","سؤال تألیفی تشخیصی برای ارزیابی اولیه؛ جایگزین پوشش فصل‌به‌فصل کتاب درسی نیست.","ترنم همدلی","original","1405"
"هفتم","","زبان انگلیسی","زبان انگلیسی","آزمون جامع","ارزیابی پایه","هسته ۱۰ سوالی","متوسط","Which word is a verb?","study","student","school","book","A","سؤال تألیفی تشخیصی برای ارزیابی اولیه؛ جایگزین پوشش فصل‌به‌فصل کتاب درسی نیست.","ترنم همدلی","original","1405"
"هفتم","","زبان انگلیسی","زبان انگلیسی","آزمون جامع","ارزیابی پایه","هسته ۱۰ سوالی","متوسط","What is the opposite of 'big'?","small","long","fast","old","A","سؤال تألیفی تشخیصی برای ارزیابی اولیه؛ جایگزین پوشش فصل‌به‌فصل کتاب درسی نیست.","ترنم همدلی","original","1405"
"هفتم","","زبان انگلیسی","زبان انگلیسی","آزمون جامع","ارزیابی پایه","هسته ۱۰ سوالی","متوسط","Which sentence is a question?","Are you ready?","I am ready.","She studies.","They are students.","A","سؤال تألیفی تشخیصی برای ارزیابی اولیه؛ جایگزین پوشش فصل‌به‌فصل کتاب درسی نیست.","ترنم همدلی","original","1405"
"هفتم","","زبان انگلیسی","زبان انگلیسی","آزمون جامع","ارزیابی پایه","هسته ۱۰ سوالی","متوسط","What does 'teacher' mean?","معلم","دانش‌آموز","کتاب","کلاس","A","سؤال تألیفی تشخیصی برای ارزیابی اولیه؛ جایگزین پوشش فصل‌به‌فصل کتاب درسی نیست.","ترنم همدلی","original","1405"
"هفتم","","زبان انگلیسی","زبان انگلیسی","آزمون جامع","ارزیابی پایه","هسته ۱۰ سوالی","متوسط","Which word means 'آب'?","water","bread","milk","book","A","سؤال تألیفی تشخیصی برای ارزیابی اولیه؛ جایگزین پوشش فصل‌به‌فصل کتاب درسی نیست.","ترنم همدلی","original","1405"
"هفتم","","زبان انگلیسی","زبان انگلیسی","آزمون جامع","ارزیابی پایه","هسته ۱۰ سوالی","متوسط","What is the past form of 'go'?","went","goes","going","go","A","سؤال تألیفی تشخیصی برای ارزیابی اولیه؛ جایگزین پوشش فصل‌به‌فصل کتاب درسی نیست.","ترنم همدلی","original","1405"
"هفتم","","زبان انگلیسی","زبان انگلیسی","آزمون جامع","ارزیابی پایه","هسته ۱۰ سوالی","متوسط","Which word is plural?","books","book","read","quick","A","سؤال تألیفی تشخیصی برای ارزیابی اولیه؛ جایگزین پوشش فصل‌به‌فصل کتاب درسی نیست.","ترنم همدلی","original","1405"
"هفتم","","زبان انگلیسی","زبان انگلیسی","آزمون جامع","ارزیابی پایه","هسته ۱۰ سوالی","متوسط","What does 'happy' mean?","خوشحال","خسته","گرسنه","سرد","A","سؤال تألیفی تشخیصی برای ارزیابی اولیه؛ جایگزین پوشش فصل‌به‌فصل کتاب درسی نیست.","ترنم همدلی","original","1405"
"هفتم","","زبان انگلیسی","زبان انگلیسی","آزمون جامع","ارزیابی پایه","هسته ۱۰ سوالی","متوسط","Why is context important in reading?","It helps determine meaning","It removes words","It changes spelling","It deletes the sentence","A","سؤال تألیفی تشخیصی برای ارزیابی اولیه؛ جایگزین پوشش فصل‌به‌فصل کتاب درسی نیست.","ترنم همدلی","original","1405"
"هفتم","","فرهنگ و هنر","فرهنگ و هنر","آزمون جامع","ارزیابی پایه","هسته ۱۰ سوالی","متوسط","ترکیب‌بندی در هنر به چه مربوط است؟","سازمان‌دهی عناصر اثر","اندازه‌گیری وزن","حل معادله","حفظ تاریخ","A","سؤال تألیفی تشخیصی برای ارزیابی اولیه؛ جایگزین پوشش فصل‌به‌فصل کتاب درسی نیست.","ترنم همدلی","original","1405"
"هفتم","","فرهنگ و هنر","فرهنگ و هنر","آزمون جامع","ارزیابی پایه","هسته ۱۰ سوالی","متوسط","کنتراست چیست؟","تفاوت قابل توجه میان عناصر","تکرار کامل","حذف رنگ","بی‌نظمی","A","سؤال تألیفی تشخیصی برای ارزیابی اولیه؛ جایگزین پوشش فصل‌به‌فصل کتاب درسی نیست.","ترنم همدلی","original","1405"
"هفتم","","فرهنگ و هنر","فرهنگ و هنر","آزمون جامع","ارزیابی پایه","هسته ۱۰ سوالی","متوسط","خط در اثر هنری چه نقشی دارد؟","ایجاد جهت و شکل","اندازه‌گیری فقط","نوشتن متن","تعیین زمان","A","سؤال تألیفی تشخیصی برای ارزیابی اولیه؛ جایگزین پوشش فصل‌به‌فصل کتاب درسی نیست.","ترنم همدلی","original","1405"
"هفتم","","فرهنگ و هنر","فرهنگ و هنر","آزمون جامع","ارزیابی پایه","هسته ۱۰ سوالی","متوسط","تعادل بصری یعنی چه؟","توزیع متناسب وزن بصری عناصر","حذف همه عناصر","یکسانی رنگ‌ها","بی‌نظمی","A","سؤال تألیفی تشخیصی برای ارزیابی اولیه؛ جایگزین پوشش فصل‌به‌فصل کتاب درسی نیست.","ترنم همدلی","original","1405"
"هفتم","","فرهنگ و هنر","فرهنگ و هنر","آزمون جامع","ارزیابی پایه","هسته ۱۰ سوالی","متوسط","خلاقیت با چه چیزی تقویت می‌شود؟","تجربه، مشاهده و ایده‌پردازی","تکرار بی‌فکر","حذف مشاهده","بی‌تمرینی","A","سؤال تألیفی تشخیصی برای ارزیابی اولیه؛ جایگزین پوشش فصل‌به‌فصل کتاب درسی نیست.","ترنم همدلی","original","1405"
"هفتم","","فرهنگ و هنر","فرهنگ و هنر","آزمون جامع","ارزیابی پایه","هسته ۱۰ سوالی","متوسط","بافت در هنر به چه اشاره دارد؟","کیفیت سطح و حس بصری یا لمسی","اندازه صفحه","زمان اثر","نام هنرمند","A","سؤال تألیفی تشخیصی برای ارزیابی اولیه؛ جایگزین پوشش فصل‌به‌فصل کتاب درسی نیست.","ترنم همدلی","original","1405"
"هفتم","","فرهنگ و هنر","فرهنگ و هنر","آزمون جامع","ارزیابی پایه","هسته ۱۰ سوالی","متوسط","پرسپکتیو برای چیست؟","نمایش عمق و فاصله","حذف حجم","تغییر صدا","محاسبه زمان","A","سؤال تألیفی تشخیصی برای ارزیابی اولیه؛ جایگزین پوشش فصل‌به‌فصل کتاب درسی نیست.","ترنم همدلی","original","1405"
"هفتم","","فرهنگ و هنر","فرهنگ و هنر","آزمون جامع","ارزیابی پایه","هسته ۱۰ سوالی","متوسط","فرم چه چیزی را بیان می‌کند؟","ساختار و شکل اثر","فقط رنگ","فقط صدا","فقط متن","A","سؤال تألیفی تشخیصی برای ارزیابی اولیه؛ جایگزین پوشش فصل‌به‌فصل کتاب درسی نیست.","ترنم همدلی","original","1405"
"هفتم","","فرهنگ و هنر","فرهنگ و هنر","آزمون جامع","ارزیابی پایه","هسته ۱۰ سوالی","متوسط","نقد هنری بهتر است بر چه چیزی استوار باشد؟","مشاهده اثر و استدلال","سلیقه بدون توضیح","شایعه","نام هنرمند فقط","A","سؤال تألیفی تشخیصی برای ارزیابی اولیه؛ جایگزین پوشش فصل‌به‌فصل کتاب درسی نیست.","ترنم همدلی","original","1405"
"هفتم","","فرهنگ و هنر","فرهنگ و هنر","آزمون جامع","ارزیابی پایه","هسته ۱۰ سوالی","متوسط","تناسب در اثر هنری یعنی چه؟","رابطه اندازه عناصر با یکدیگر","حذف اندازه","تکرار رنگ","بی‌نظمی","A","سؤال تألیفی تشخیصی برای ارزیابی اولیه؛ جایگزین پوشش فصل‌به‌فصل کتاب درسی نیست.","ترنم همدلی","original","1405"
"هفتم","","کار و فناوری","کار و فناوری","آزمون جامع","ارزیابی پایه","هسته ۱۰ سوالی","متوسط","فناوری چیست؟","کاربرد دانش و ابزار برای حل مسئله","فقط رایانه","فقط اینترنت","یک کتاب","A","سؤال تألیفی تشخیصی برای ارزیابی اولیه؛ جایگزین پوشش فصل‌به‌فصل کتاب درسی نیست.","ترنم همدلی","original","1405"
"هفتم","","کار و فناوری","کار و فناوری","آزمون جامع","ارزیابی پایه","هسته ۱۰ سوالی","متوسط","الگوریتم چیست؟","مراحل منظم برای حل مسئله","وسیله فیزیکی","نقاشی","عدد","A","سؤال تألیفی تشخیصی برای ارزیابی اولیه؛ جایگزین پوشش فصل‌به‌فصل کتاب درسی نیست.","ترنم همدلی","original","1405"
"هفتم","","کار و فناوری","کار و فناوری","آزمون جامع","ارزیابی پایه","هسته ۱۰ سوالی","متوسط","پشتیبان‌گیری چه فایده‌ای دارد؟","کاهش خطر از دست رفتن اطلاعات","افزایش خطا","حذف فایل","کند کردن اینترنت","A","سؤال تألیفی تشخیصی برای ارزیابی اولیه؛ جایگزین پوشش فصل‌به‌فصل کتاب درسی نیست.","ترنم همدلی","original","1405"
"هفتم","","کار و فناوری","کار و فناوری","آزمون جامع","ارزیابی پایه","هسته ۱۰ سوالی","متوسط","حل مسئله فناورانه از کجا شروع می‌شود؟","شناخت نیاز یا مسئله","خرید ابزار بدون هدف","کپی نتیجه","حذف مسئله","A","سؤال تألیفی تشخیصی برای ارزیابی اولیه؛ جایگزین پوشش فصل‌به‌فصل کتاب درسی نیست.","ترنم همدلی","original","1405"
"هفتم","","کار و فناوری","کار و فناوری","آزمون جامع","ارزیابی پایه","هسته ۱۰ سوالی","متوسط","داده چیست؟","اطلاعات خام قابل پردازش","فقط تصویر","فقط صدا","فقط متن","A","سؤال تألیفی تشخیصی برای ارزیابی اولیه؛ جایگزین پوشش فصل‌به‌فصل کتاب درسی نیست.","ترنم همدلی","original","1405"
"هفتم","","کار و فناوری","کار و فناوری","آزمون جامع","ارزیابی پایه","هسته ۱۰ سوالی","متوسط","پروژه خوب چه ویژگی دارد؟","هدف، مراحل و ارزیابی مشخص","بدون هدف","بدون برنامه","بدون ارزیابی","A","سؤال تألیفی تشخیصی برای ارزیابی اولیه؛ جایگزین پوشش فصل‌به‌فصل کتاب درسی نیست.","ترنم همدلی","original","1405"
"هفتم","","کار و فناوری","کار و فناوری","آزمون جامع","ارزیابی پایه","هسته ۱۰ سوالی","متوسط","امنیت رمز عبور چگونه بهتر می‌شود؟","رمز قوی و منحصربه‌فرد","رمز ساده","اشتراک با همه","انتشار عمومی","A","سؤال تألیفی تشخیصی برای ارزیابی اولیه؛ جایگزین پوشش فصل‌به‌فصل کتاب درسی نیست.","ترنم همدلی","original","1405"
"هفتم","","کار و فناوری","کار و فناوری","آزمون جامع","ارزیابی پایه","هسته ۱۰ سوالی","متوسط","مصرف مسئولانه فناوری یعنی چه؟","استفاده آگاهانه و ایمن","استفاده بی‌وقفه","اشتراک همه اطلاعات","نادیده گرفتن امنیت","A","سؤال تألیفی تشخیصی برای ارزیابی اولیه؛ جایگزین پوشش فصل‌به‌فصل کتاب درسی نیست.","ترنم همدلی","original","1405"
"هفتم","","کار و فناوری","کار و فناوری","آزمون جامع","ارزیابی پایه","هسته ۱۰ سوالی","متوسط","آزمایش راه‌حل چه فایده‌ای دارد؟","شناسایی خطا و بهبود","تضمین بدون آزمون","حذف بررسی","تغییر هدف","A","سؤال تألیفی تشخیصی برای ارزیابی اولیه؛ جایگزین پوشش فصل‌به‌فصل کتاب درسی نیست.","ترنم همدلی","original","1405"
"هفتم","","کار و فناوری","کار و فناوری","آزمون جامع","ارزیابی پایه","هسته ۱۰ سوالی","متوسط","فناوری مسئولانه چه اصلی دارد؟","فایده‌رسانی همراه با توجه به ایمنی و پیامدها","مصرف بی‌حد","نادیده گرفتن پیامد","حذف ایمنی","A","سؤال تألیفی تشخیصی برای ارزیابی اولیه؛ جایگزین پوشش فصل‌به‌فصل کتاب درسی نیست.","ترنم همدلی","original","1405"
"هفتم","","تفکر و سبک زندگی","تفکر و سبک زندگی","آزمون جامع","ارزیابی پایه","هسته ۱۰ سوالی","متوسط","تفکر انتقادی یعنی چه؟","بررسی شواهد و استدلال پیش از پذیرش ادعا","پذیرش هر خبر","رد همه دیدگاه‌ها","حفظ پاسخ","A","سؤال تألیفی تشخیصی برای ارزیابی اولیه؛ جایگزین پوشش فصل‌به‌فصل کتاب درسی نیست.","ترنم همدلی","original","1405"
"هفتم","","تفکر و سبک زندگی","تفکر و سبک زندگی","آزمون جامع","ارزیابی پایه","هسته ۱۰ سوالی","متوسط","پرسش خوب چه ویژگی دارد؟","روشن و قابل بررسی است","مبهم است","بدون موضوع است","پاسخ از قبل معلوم است","A","سؤال تألیفی تشخیصی برای ارزیابی اولیه؛ جایگزین پوشش فصل‌به‌فصل کتاب درسی نیست.","ترنم همدلی","original","1405"
"هفتم","","تفکر و سبک زندگی","تفکر و سبک زندگی","آزمون جامع","ارزیابی پایه","هسته ۱۰ سوالی","متوسط","مغالطه چیست؟","خطای استدلالی که ممکن است درست به نظر برسد","هر پاسخ درست","داده علمی","تعریف","A","سؤال تألیفی تشخیصی برای ارزیابی اولیه؛ جایگزین پوشش فصل‌به‌فصل کتاب درسی نیست.","ترنم همدلی","original","1405"
"هفتم","","تفکر و سبک زندگی","تفکر و سبک زندگی","آزمون جامع","ارزیابی پایه","هسته ۱۰ سوالی","متوسط","منبع معتبر چه کمکی می‌کند؟","ارزیابی بهتر ادعاها","حذف شواهد","افزایش شایعه","تغییر واقعیت","A","سؤال تألیفی تشخیصی برای ارزیابی اولیه؛ جایگزین پوشش فصل‌به‌فصل کتاب درسی نیست.","ترنم همدلی","original","1405"
"هفتم","","تفکر و سبک زندگی","تفکر و سبک زندگی","آزمون جامع","ارزیابی پایه","هسته ۱۰ سوالی","متوسط","مخاطب فعال چه می‌کند؟","پیام را بررسی و ارزیابی می‌کند","همه چیز را می‌پذیرد","پیام را نمی‌بیند","فقط حفظ می‌کند","A","سؤال تألیفی تشخیصی برای ارزیابی اولیه؛ جایگزین پوشش فصل‌به‌فصل کتاب درسی نیست.","ترنم همدلی","original","1405"
"هفتم","","تفکر و سبک زندگی","تفکر و سبک زندگی","آزمون جامع","ارزیابی پایه","هسته ۱۰ سوالی","متوسط","بازنمایی رسانه‌ای چیست؟","شیوه ارائه واقعیت در رسانه","خود واقعیت بدون انتخاب","حذف مخاطب","فرمول","A","سؤال تألیفی تشخیصی برای ارزیابی اولیه؛ جایگزین پوشش فصل‌به‌فصل کتاب درسی نیست.","ترنم همدلی","original","1405"
"هفتم","","تفکر و سبک زندگی","تفکر و سبک زندگی","آزمون جامع","ارزیابی پایه","هسته ۱۰ سوالی","متوسط","تصمیم منطقی بهتر است بر چه چیزی تکیه کند؟","اطلاعات و معیارهای روشن","شایعه","هیجان لحظه‌ای فقط","فشار دیگران","A","سؤال تألیفی تشخیصی برای ارزیابی اولیه؛ جایگزین پوشش فصل‌به‌فصل کتاب درسی نیست.","ترنم همدلی","original","1405"
"هفتم","","تفکر و سبک زندگی","تفکر و سبک زندگی","آزمون جامع","ارزیابی پایه","هسته ۱۰ سوالی","متوسط","گفت‌وگوی سازنده چه ویژگی دارد؟","گوش دادن و استدلال محترمانه","قطع صحبت","تحقیر","تحمیل","A","سؤال تألیفی تشخیصی برای ارزیابی اولیه؛ جایگزین پوشش فصل‌به‌فصل کتاب درسی نیست.","ترنم همدلی","original","1405"
"هفتم","","تفکر و سبک زندگی","تفکر و سبک زندگی","آزمون جامع","ارزیابی پایه","هسته ۱۰ سوالی","متوسط","پژوهش برای چه انجام می‌شود؟","پاسخ مستند به پرسش","تأیید هر حدس","حذف شواهد","افزایش ابهام","A","سؤال تألیفی تشخیصی برای ارزیابی اولیه؛ جایگزین پوشش فصل‌به‌فصل کتاب درسی نیست.","ترنم همدلی","original","1405"
"هفتم","","تفکر و سبک زندگی","تفکر و سبک زندگی","آزمون جامع","ارزیابی پایه","هسته ۱۰ سوالی","متوسط","ارزیابی یک ادعا با چه چیزی بهتر می‌شود؟","مقایسه شواهد و منابع","تعداد تکرار ادعا","شهرت گوینده فقط","هیجان مخاطب","A","سؤال تألیفی تشخیصی برای ارزیابی اولیه؛ جایگزین پوشش فصل‌به‌فصل کتاب درسی نیست.","ترنم همدلی","original","1405"
"هشتم","","فارسی","فارسی","آزمون جامع","ارزیابی پایه","هسته ۱۰ سوالی","متوسط","درک متن بیشتر به چه نیاز دارد؟","توجه به واژه‌ها و ارتباط جمله‌ها","حفظ عنوان","شمردن کلمات","حذف مثال‌ها","A","سؤال تألیفی تشخیصی برای ارزیابی اولیه؛ جایگزین پوشش فصل‌به‌فصل کتاب درسی نیست.","ترنم همدلی","original","1405"
"هشتم","","فارسی","فارسی","آزمون جامع","ارزیابی پایه","هسته ۱۰ سوالی","متوسط","واژه مترادف چیست؟","واژه هم‌معنی یا نزدیک‌معنی","واژه مخالف","واژه بی‌معنا","عدد","A","سؤال تألیفی تشخیصی برای ارزیابی اولیه؛ جایگزین پوشش فصل‌به‌فصل کتاب درسی نیست.","ترنم همدلی","original","1405"
"هشتم","","فارسی","فارسی","آزمون جامع","ارزیابی پایه","هسته ۱۰ سوالی","متوسط","فعل معمولاً چه چیزی را نشان می‌دهد؟","کار یا حالت","رنگ","تعداد صفحات","علامت سؤال","A","سؤال تألیفی تشخیصی برای ارزیابی اولیه؛ جایگزین پوشش فصل‌به‌فصل کتاب درسی نیست.","ترنم همدلی","original","1405"
"هشتم","","فارسی","فارسی","آزمون جامع","ارزیابی پایه","هسته ۱۰ سوالی","متوسط","عنوان مناسب چه ویژگی دارد؟","با محتوای متن ارتباط دارد","کاملاً بی‌ربط است","همیشه طولانی است","فقط عدد است","A","سؤال تألیفی تشخیصی برای ارزیابی اولیه؛ جایگزین پوشش فصل‌به‌فصل کتاب درسی نیست.","ترنم همدلی","original","1405"
"هشتم","","فارسی","فارسی","آزمون جامع","ارزیابی پایه","هسته ۱۰ سوالی","متوسط","بازبینی نوشته برای چیست؟","اصلاح محتوا و نگارش","حذف همه جمله‌ها","افزایش خطا","تغییر واقعیت","A","سؤال تألیفی تشخیصی برای ارزیابی اولیه؛ جایگزین پوشش فصل‌به‌فصل کتاب درسی نیست.","ترنم همدلی","original","1405"
"هشتم","","فارسی","فارسی","آزمون جامع","ارزیابی پایه","هسته ۱۰ سوالی","متوسط","پاراگراف معمولاً حول چه چیزی شکل می‌گیرد؟","یک ایده اصلی","واژه‌های تصادفی","یک علامت","یک عدد","A","سؤال تألیفی تشخیصی برای ارزیابی اولیه؛ جایگزین پوشش فصل‌به‌فصل کتاب درسی نیست.","ترنم همدلی","original","1405"
"هشتم","","فارسی","فارسی","آزمون جامع","ارزیابی پایه","هسته ۱۰ سوالی","متوسط","علائم نگارشی چه کمکی می‌کنند؟","خوانایی و فهم ساختار متن","حذف معنا","تغییر موضوع","افزایش ابهام","A","سؤال تألیفی تشخیصی برای ارزیابی اولیه؛ جایگزین پوشش فصل‌به‌فصل کتاب درسی نیست.","ترنم همدلی","original","1405"
"هشتم","","فارسی","فارسی","آزمون جامع","ارزیابی پایه","هسته ۱۰ سوالی","متوسط","تشبیه چه کاربردی دارد؟","بیان هنری شباهت میان دو چیز","اندازه‌گیری","حل معادله","ثبت تاریخ","A","سؤال تألیفی تشخیصی برای ارزیابی اولیه؛ جایگزین پوشش فصل‌به‌فصل کتاب درسی نیست.","ترنم همدلی","original","1405"
"هشتم","","فارسی","فارسی","آزمون جامع","ارزیابی پایه","هسته ۱۰ سوالی","متوسط","خواندن فعال یعنی چه؟","پرسش، ارتباط و بررسی مفهوم","فقط سریع خواندن","حفظ بدون درک","نادیده گرفتن عنوان","A","سؤال تألیفی تشخیصی برای ارزیابی اولیه؛ جایگزین پوشش فصل‌به‌فصل کتاب درسی نیست.","ترنم همدلی","original","1405"
"هشتم","","فارسی","فارسی","آزمون جامع","ارزیابی پایه","هسته ۱۰ سوالی","متوسط","نوشتن منظم چه فایده‌ای دارد؟","انتقال روشن‌تر ایده‌ها","افزایش ابهام","حذف ارتباط","کاهش خوانایی","A","سؤال تألیفی تشخیصی برای ارزیابی اولیه؛ جایگزین پوشش فصل‌به‌فصل کتاب درسی نیست.","ترنم همدلی","original","1405"
"هشتم","","نگارش","نگارش","آزمون جامع","ارزیابی پایه","هسته ۱۰ سوالی","متوسط","درک متن بیشتر به چه نیاز دارد؟","توجه به واژه‌ها و ارتباط جمله‌ها","حفظ عنوان","شمردن کلمات","حذف مثال‌ها","A","سؤال تألیفی تشخیصی برای ارزیابی اولیه؛ جایگزین پوشش فصل‌به‌فصل کتاب درسی نیست.","ترنم همدلی","original","1405"
"هشتم","","نگارش","نگارش","آزمون جامع","ارزیابی پایه","هسته ۱۰ سوالی","متوسط","واژه مترادف چیست؟","واژه هم‌معنی یا نزدیک‌معنی","واژه مخالف","واژه بی‌معنا","عدد","A","سؤال تألیفی تشخیصی برای ارزیابی اولیه؛ جایگزین پوشش فصل‌به‌فصل کتاب درسی نیست.","ترنم همدلی","original","1405"
"هشتم","","نگارش","نگارش","آزمون جامع","ارزیابی پایه","هسته ۱۰ سوالی","متوسط","فعل معمولاً چه چیزی را نشان می‌دهد؟","کار یا حالت","رنگ","تعداد صفحات","علامت سؤال","A","سؤال تألیفی تشخیصی برای ارزیابی اولیه؛ جایگزین پوشش فصل‌به‌فصل کتاب درسی نیست.","ترنم همدلی","original","1405"
"هشتم","","نگارش","نگارش","آزمون جامع","ارزیابی پایه","هسته ۱۰ سوالی","متوسط","عنوان مناسب چه ویژگی دارد؟","با محتوای متن ارتباط دارد","کاملاً بی‌ربط است","همیشه طولانی است","فقط عدد است","A","سؤال تألیفی تشخیصی برای ارزیابی اولیه؛ جایگزین پوشش فصل‌به‌فصل کتاب درسی نیست.","ترنم همدلی","original","1405"
"هشتم","","نگارش","نگارش","آزمون جامع","ارزیابی پایه","هسته ۱۰ سوالی","متوسط","بازبینی نوشته برای چیست؟","اصلاح محتوا و نگارش","حذف همه جمله‌ها","افزایش خطا","تغییر واقعیت","A","سؤال تألیفی تشخیصی برای ارزیابی اولیه؛ جایگزین پوشش فصل‌به‌فصل کتاب درسی نیست.","ترنم همدلی","original","1405"
"هشتم","","نگارش","نگارش","آزمون جامع","ارزیابی پایه","هسته ۱۰ سوالی","متوسط","پاراگراف معمولاً حول چه چیزی شکل می‌گیرد؟","یک ایده اصلی","واژه‌های تصادفی","یک علامت","یک عدد","A","سؤال تألیفی تشخیصی برای ارزیابی اولیه؛ جایگزین پوشش فصل‌به‌فصل کتاب درسی نیست.","ترنم همدلی","original","1405"
"هشتم","","نگارش","نگارش","آزمون جامع","ارزیابی پایه","هسته ۱۰ سوالی","متوسط","علائم نگارشی چه کمکی می‌کنند؟","خوانایی و فهم ساختار متن","حذف معنا","تغییر موضوع","افزایش ابهام","A","سؤال تألیفی تشخیصی برای ارزیابی اولیه؛ جایگزین پوشش فصل‌به‌فصل کتاب درسی نیست.","ترنم همدلی","original","1405"
"هشتم","","نگارش","نگارش","آزمون جامع","ارزیابی پایه","هسته ۱۰ سوالی","متوسط","تشبیه چه کاربردی دارد؟","بیان هنری شباهت میان دو چیز","اندازه‌گیری","حل معادله","ثبت تاریخ","A","سؤال تألیفی تشخیصی برای ارزیابی اولیه؛ جایگزین پوشش فصل‌به‌فصل کتاب درسی نیست.","ترنم همدلی","original","1405"
"هشتم","","نگارش","نگارش","آزمون جامع","ارزیابی پایه","هسته ۱۰ سوالی","متوسط","خواندن فعال یعنی چه؟","پرسش، ارتباط و بررسی مفهوم","فقط سریع خواندن","حفظ بدون درک","نادیده گرفتن عنوان","A","سؤال تألیفی تشخیصی برای ارزیابی اولیه؛ جایگزین پوشش فصل‌به‌فصل کتاب درسی نیست.","ترنم همدلی","original","1405"
"هشتم","","نگارش","نگارش","آزمون جامع","ارزیابی پایه","هسته ۱۰ سوالی","متوسط","نوشتن منظم چه فایده‌ای دارد؟","انتقال روشن‌تر ایده‌ها","افزایش ابهام","حذف ارتباط","کاهش خوانایی","A","سؤال تألیفی تشخیصی برای ارزیابی اولیه؛ جایگزین پوشش فصل‌به‌فصل کتاب درسی نیست.","ترنم همدلی","original","1405"
"هشتم","","ریاضی","ریاضی","آزمون جامع","ارزیابی پایه","هسته ۱۰ سوالی","متوسط","کدام گزینه یک مفهوم پایه در این درس است؟","تعریف و رابطه بین کمیت‌ها","رنگ","صدا","بو","A","سؤال تألیفی تشخیصی برای ارزیابی اولیه؛ جایگزین پوشش فصل‌به‌فصل کتاب درسی نیست.","ترنم همدلی","original","1405"
"هشتم","","ریاضی","ریاضی","آزمون جامع","ارزیابی پایه","هسته ۱۰ سوالی","متوسط","حل مرحله‌ای مسئله چه فایده‌ای دارد؟","کاهش خطا و امکان بررسی مسیر حل","حذف داده","افزایش ابهام","تغییر موضوع","A","سؤال تألیفی تشخیصی برای ارزیابی اولیه؛ جایگزین پوشش فصل‌به‌فصل کتاب درسی نیست.","ترنم همدلی","original","1405"
"هشتم","","ریاضی","ریاضی","آزمون جامع","ارزیابی پایه","هسته ۱۰ سوالی","متوسط","میانگین برای چه کاری به‌کار می‌رود؟","خلاصه‌کردن مجموعه‌ای از داده‌ها","اندازه‌گیری دما","تشخیص صدا","تعیین رنگ","A","سؤال تألیفی تشخیصی برای ارزیابی اولیه؛ جایگزین پوشش فصل‌به‌فصل کتاب درسی نیست.","ترنم همدلی","original","1405"
"هشتم","","ریاضی","ریاضی","آزمون جامع","ارزیابی پایه","هسته ۱۰ سوالی","متوسط","احتمال رویداد قطعی چیست؟","۱","۰","۰٫۵","۲","A","سؤال تألیفی تشخیصی برای ارزیابی اولیه؛ جایگزین پوشش فصل‌به‌فصل کتاب درسی نیست.","ترنم همدلی","original","1405"
"هشتم","","ریاضی","ریاضی","آزمون جامع","ارزیابی پایه","هسته ۱۰ سوالی","متوسط","نمودار چه کمکی می‌کند؟","نمایش و مقایسه داده‌ها","حذف داده","تغییر سؤال","حذف واحد","A","سؤال تألیفی تشخیصی برای ارزیابی اولیه؛ جایگزین پوشش فصل‌به‌فصل کتاب درسی نیست.","ترنم همدلی","original","1405"
"هشتم","","ریاضی","ریاضی","آزمون جامع","ارزیابی پایه","هسته ۱۰ سوالی","متوسط","واحد اندازه‌گیری چه اهمیتی دارد؟","امکان مقایسه و بیان دقیق مقدار","تغییر نتیجه","حذف عدد","افزایش ابهام","A","سؤال تألیفی تشخیصی برای ارزیابی اولیه؛ جایگزین پوشش فصل‌به‌فصل کتاب درسی نیست.","ترنم همدلی","original","1405"
"هشتم","","ریاضی","ریاضی","آزمون جامع","ارزیابی پایه","هسته ۱۰ سوالی","متوسط","برای حل یک مسئله ابتدا چه باید کرد؟","شناخت داده‌ها و خواسته","حدس پاسخ","حذف صورت مسئله","تغییر واحد بدون دلیل","A","سؤال تألیفی تشخیصی برای ارزیابی اولیه؛ جایگزین پوشش فصل‌به‌فصل کتاب درسی نیست.","ترنم همدلی","original","1405"
"هشتم","","ریاضی","ریاضی","آزمون جامع","ارزیابی پایه","هسته ۱۰ سوالی","متوسط","تقریب عدد برای چیست؟","ساده‌سازی با حفظ دقت مناسب","تغییر تصادفی مقدار","حذف عدد","تبدیل به متن","A","سؤال تألیفی تشخیصی برای ارزیابی اولیه؛ جایگزین پوشش فصل‌به‌فصل کتاب درسی نیست.","ترنم همدلی","original","1405"
"هشتم","","ریاضی","ریاضی","آزمون جامع","ارزیابی پایه","هسته ۱۰ سوالی","متوسط","رابطه ریاضی چه چیزی را بیان می‌کند؟","ارتباط میان کمیت‌ها","نام افراد","رنگ‌ها","صدای محیط","A","سؤال تألیفی تشخیصی برای ارزیابی اولیه؛ جایگزین پوشش فصل‌به‌فصل کتاب درسی نیست.","ترنم همدلی","original","1405"
"هشتم","","ریاضی","ریاضی","آزمون جامع","ارزیابی پایه","هسته ۱۰ سوالی","متوسط","بررسی پاسخ پس از حل چه فایده‌ای دارد؟","کشف خطای محاسبه یا استدلال","حذف پاسخ","تغییر موضوع","افزایش ابهام","A","سؤال تألیفی تشخیصی برای ارزیابی اولیه؛ جایگزین پوشش فصل‌به‌فصل کتاب درسی نیست.","ترنم همدلی","original","1405"
"هشتم","","علوم تجربی","علوم تجربی","آزمون جامع","ارزیابی پایه","هسته ۱۰ سوالی","متوسط","مشاهده علمی بر چه چیزی تکیه دارد؟","داده و شواهد","شایعه","حدس بدون بررسی","سلیقه","A","سؤال تألیفی تشخیصی برای ارزیابی اولیه؛ جایگزین پوشش فصل‌به‌فصل کتاب درسی نیست.","ترنم همدلی","original","1405"
"هشتم","","علوم تجربی","علوم تجربی","آزمون جامع","ارزیابی پایه","هسته ۱۰ سوالی","متوسط","فرضیه چیست؟","پاسخ پیشنهادی و قابل آزمون","نتیجه قطعی","نام ابزار","واحد اندازه‌گیری","A","سؤال تألیفی تشخیصی برای ارزیابی اولیه؛ جایگزین پوشش فصل‌به‌فصل کتاب درسی نیست.","ترنم همدلی","original","1405"
"هشتم","","علوم تجربی","علوم تجربی","آزمون جامع","ارزیابی پایه","هسته ۱۰ سوالی","متوسط","چرا متغیرها کنترل می‌شوند؟","برای بررسی دقیق اثر عامل مورد مطالعه","برای طولانی‌شدن آزمایش","برای حذف نتیجه","برای تغییر سؤال","A","سؤال تألیفی تشخیصی برای ارزیابی اولیه؛ جایگزین پوشش فصل‌به‌فصل کتاب درسی نیست.","ترنم همدلی","original","1405"
"هشتم","","علوم تجربی","علوم تجربی","آزمون جامع","ارزیابی پایه","هسته ۱۰ سوالی","متوسط","جرم معمولاً با چه ابزاری اندازه‌گیری می‌شود؟","ترازو","دماسنج","خط‌کش","قطب‌نما","A","سؤال تألیفی تشخیصی برای ارزیابی اولیه؛ جایگزین پوشش فصل‌به‌فصل کتاب درسی نیست.","ترنم همدلی","original","1405"
"هشتم","","علوم تجربی","علوم تجربی","آزمون جامع","ارزیابی پایه","هسته ۱۰ سوالی","متوسط","دما با چه ابزاری اندازه‌گیری می‌شود؟","دماسنج","ترازو","نیروسنج","خط‌کش","A","سؤال تألیفی تشخیصی برای ارزیابی اولیه؛ جایگزین پوشش فصل‌به‌فصل کتاب درسی نیست.","ترنم همدلی","original","1405"
"هشتم","","علوم تجربی","علوم تجربی","آزمون جامع","ارزیابی پایه","هسته ۱۰ سوالی","متوسط","نتیجه‌گیری علمی باید بر چه چیزی تکیه کند؟","شواهد و تحلیل","حدس تنها","سلیقه","شایعه","A","سؤال تألیفی تشخیصی برای ارزیابی اولیه؛ جایگزین پوشش فصل‌به‌فصل کتاب درسی نیست.","ترنم همدلی","original","1405"
"هشتم","","علوم تجربی","علوم تجربی","آزمون جامع","ارزیابی پایه","هسته ۱۰ سوالی","متوسط","مواد می‌توانند در چه حالت‌هایی باشند؟","جامد، مایع و گاز","فقط جامد","فقط مایع","فقط گاز","A","سؤال تألیفی تشخیصی برای ارزیابی اولیه؛ جایگزین پوشش فصل‌به‌فصل کتاب درسی نیست.","ترنم همدلی","original","1405"
"هشتم","","علوم تجربی","علوم تجربی","آزمون جامع","ارزیابی پایه","هسته ۱۰ سوالی","متوسط","آزمایش علمی چه کمکی می‌کند؟","بررسی یک فرض یا پرسش با روش مشخص","حذف داده","تأیید هر حدس","تغییر واقعیت","A","سؤال تألیفی تشخیصی برای ارزیابی اولیه؛ جایگزین پوشش فصل‌به‌فصل کتاب درسی نیست.","ترنم همدلی","original","1405"
"هشتم","","علوم تجربی","علوم تجربی","آزمون جامع","ارزیابی پایه","هسته ۱۰ سوالی","متوسط","حفاظت از محیط زیست چه هدفی دارد؟","حفظ منابع و سلامت اکوسیستم","افزایش آلودگی","حذف تنوع","مصرف بی‌رویه","A","سؤال تألیفی تشخیصی برای ارزیابی اولیه؛ جایگزین پوشش فصل‌به‌فصل کتاب درسی نیست.","ترنم همدلی","original","1405"
"هشتم","","علوم تجربی","علوم تجربی","آزمون جامع","ارزیابی پایه","هسته ۱۰ سوالی","متوسط","داده معتبر چه ویژگی دارد؟","قابل مشاهده، اندازه‌گیری یا مستند باشد","کاملاً حدسی باشد","بدون منبع باشد","متناقض باشد","A","سؤال تألیفی تشخیصی برای ارزیابی اولیه؛ جایگزین پوشش فصل‌به‌فصل کتاب درسی نیست.","ترنم همدلی","original","1405"
"هشتم","","مطالعات اجتماعی","مطالعات اجتماعی","آزمون جامع","ارزیابی پایه","هسته ۱۰ سوالی","متوسط","قانون چه نقشی دارد؟","تنظیم روابط و حقوق","ایجاد بی‌نظمی","حذف مسئولیت","تغییر آب‌وهوا","A","سؤال تألیفی تشخیصی برای ارزیابی اولیه؛ جایگزین پوشش فصل‌به‌فصل کتاب درسی نیست.","ترنم همدلی","original","1405"
"هشتم","","مطالعات اجتماعی","مطالعات اجتماعی","آزمون جامع","ارزیابی پایه","هسته ۱۰ سوالی","متوسط","شهروند مسئول چه می‌کند؟","حقوق دیگران و وظایف خود را رعایت می‌کند","قانون را نادیده می‌گیرد","فقط مطالبه می‌کند","به محیط آسیب می‌زند","A","سؤال تألیفی تشخیصی برای ارزیابی اولیه؛ جایگزین پوشش فصل‌به‌فصل کتاب درسی نیست.","ترنم همدلی","original","1405"
"هشتم","","مطالعات اجتماعی","مطالعات اجتماعی","آزمون جامع","ارزیابی پایه","هسته ۱۰ سوالی","متوسط","نقشه برای چه مفید است؟","نمایش موقعیت‌های مکانی","اندازه‌گیری دما","تشخیص صدا","محاسبه سن","A","سؤال تألیفی تشخیصی برای ارزیابی اولیه؛ جایگزین پوشش فصل‌به‌فصل کتاب درسی نیست.","ترنم همدلی","original","1405"
"هشتم","","مطالعات اجتماعی","مطالعات اجتماعی","آزمون جامع","ارزیابی پایه","هسته ۱۰ سوالی","متوسط","منبع تاریخی چه فایده‌ای دارد؟","شواهدی برای شناخت گذشته فراهم می‌کند","همیشه قطعی است","فقط سرگرمی است","هیچ ارزشی ندارد","A","سؤال تألیفی تشخیصی برای ارزیابی اولیه؛ جایگزین پوشش فصل‌به‌فصل کتاب درسی نیست.","ترنم همدلی","original","1405"
"هشتم","","مطالعات اجتماعی","مطالعات اجتماعی","آزمون جامع","ارزیابی پایه","هسته ۱۰ سوالی","متوسط","فرهنگ شامل چیست؟","ارزش‌ها، هنجارها و نمادها","فقط ساختمان","فقط پول","فقط آب‌وهوا","A","سؤال تألیفی تشخیصی برای ارزیابی اولیه؛ جایگزین پوشش فصل‌به‌فصل کتاب درسی نیست.","ترنم همدلی","original","1405"
"هشتم","","مطالعات اجتماعی","مطالعات اجتماعی","آزمون جامع","ارزیابی پایه","هسته ۱۰ سوالی","متوسط","جمعیت یعنی چه؟","تعداد افراد یک محدوده","تعداد ساختمان","مساحت کشور","تعداد رودها","A","سؤال تألیفی تشخیصی برای ارزیابی اولیه؛ جایگزین پوشش فصل‌به‌فصل کتاب درسی نیست.","ترنم همدلی","original","1405"
"هشتم","","مطالعات اجتماعی","مطالعات اجتماعی","آزمون جامع","ارزیابی پایه","هسته ۱۰ سوالی","متوسط","مهاجرت چیست؟","جابه‌جایی افراد برای سکونت","تغییر فصل","حرکت زمین","تغییر زبان","A","سؤال تألیفی تشخیصی برای ارزیابی اولیه؛ جایگزین پوشش فصل‌به‌فصل کتاب درسی نیست.","ترنم همدلی","original","1405"
"هشتم","","مطالعات اجتماعی","مطالعات اجتماعی","آزمون جامع","ارزیابی پایه","هسته ۱۰ سوالی","متوسط","همکاری اجتماعی چه فایده‌ای دارد؟","حل بهتر مسائل مشترک","حذف مسئولیت","بی‌نیازی از قانون","افزایش قطعی تعارض","A","سؤال تألیفی تشخیصی برای ارزیابی اولیه؛ جایگزین پوشش فصل‌به‌فصل کتاب درسی نیست.","ترنم همدلی","original","1405"
"هشتم","","مطالعات اجتماعی","مطالعات اجتماعی","آزمون جامع","ارزیابی پایه","هسته ۱۰ سوالی","متوسط","توسعه پایدار بر چه چیزی تأکید دارد؟","توجه به نیاز امروز و آینده","مصرف بی‌حد","حذف طبیعت","نادیده گرفتن نسل آینده","A","سؤال تألیفی تشخیصی برای ارزیابی اولیه؛ جایگزین پوشش فصل‌به‌فصل کتاب درسی نیست.","ترنم همدلی","original","1405"
"هشتم","","مطالعات اجتماعی","مطالعات اجتماعی","آزمون جامع","ارزیابی پایه","هسته ۱۰ سوالی","متوسط","پدیده‌های اجتماعی را بهتر است چگونه بررسی کرد؟","با مفهوم، شواهد و توجه به زمینه","با یک شایعه","با حدس تنها","بدون داده","A","سؤال تألیفی تشخیصی برای ارزیابی اولیه؛ جایگزین پوشش فصل‌به‌فصل کتاب درسی نیست.","ترنم همدلی","original","1405"
"هشتم","","آموزش قرآن","آموزش قرآن","آزمون جامع","ارزیابی پایه","هسته ۱۰ سوالی","متوسط","صداقت یعنی چه؟","راستگویی و پرهیز از فریب","پنهان‌کاری برای منفعت","تمسخر","بی‌تفاوتی","A","سؤال تألیفی تشخیصی برای ارزیابی اولیه؛ جایگزین پوشش فصل‌به‌فصل کتاب درسی نیست.","ترنم همدلی","original","1405"
"هشتم","","آموزش قرآن","آموزش قرآن","آزمون جامع","ارزیابی پایه","هسته ۱۰ سوالی","متوسط","مسئولیت‌پذیری چیست؟","پذیرفتن وظیفه و پیامد رفتار","انداختن تقصیر بر دیگران","فرار از وظیفه","نادیده گرفتن پیامد","A","سؤال تألیفی تشخیصی برای ارزیابی اولیه؛ جایگزین پوشش فصل‌به‌فصل کتاب درسی نیست.","ترنم همدلی","original","1405"
"هشتم","","آموزش قرآن","آموزش قرآن","آزمون جامع","ارزیابی پایه","هسته ۱۰ سوالی","متوسط","عدالت به چه چیزی نزدیک است؟","رعایت حق و انصاف","تبعیض","طرفداری بی‌دلیل","بی‌قانونی","A","سؤال تألیفی تشخیصی برای ارزیابی اولیه؛ جایگزین پوشش فصل‌به‌فصل کتاب درسی نیست.","ترنم همدلی","original","1405"
"هشتم","","آموزش قرآن","آموزش قرآن","آزمون جامع","ارزیابی پایه","هسته ۱۰ سوالی","متوسط","امانت‌داری یعنی چه؟","حفظ حق و اعتماد دیگران","افشای راز","استفاده بدون اجازه","تحریف","A","سؤال تألیفی تشخیصی برای ارزیابی اولیه؛ جایگزین پوشش فصل‌به‌فصل کتاب درسی نیست.","ترنم همدلی","original","1405"
"هشتم","","آموزش قرآن","آموزش قرآن","آزمون جامع","ارزیابی پایه","هسته ۱۰ سوالی","متوسط","همدلی چیست؟","درک احساس و موقعیت دیگران","تأیید همه رفتارها","تحقیر","تحمیل نظر","A","سؤال تألیفی تشخیصی برای ارزیابی اولیه؛ جایگزین پوشش فصل‌به‌فصل کتاب درسی نیست.","ترنم همدلی","original","1405"
"هشتم","","آموزش قرآن","آموزش قرآن","آزمون جامع","ارزیابی پایه","هسته ۱۰ سوالی","متوسط","صبر در دشواری یعنی چه؟","پایداری همراه با مدیریت درست واکنش","پرخاشگری","انکار مسئله","بی‌عملی مطلق","A","سؤال تألیفی تشخیصی برای ارزیابی اولیه؛ جایگزین پوشش فصل‌به‌فصل کتاب درسی نیست.","ترنم همدلی","original","1405"
"هشتم","","آموزش قرآن","آموزش قرآن","آزمون جامع","ارزیابی پایه","هسته ۱۰ سوالی","متوسط","شکرگزاری یعنی چه؟","شناخت نعمت و قدردانی","انکار داشته‌ها","مقایسه دائمی","بی‌توجهی","A","سؤال تألیفی تشخیصی برای ارزیابی اولیه؛ جایگزین پوشش فصل‌به‌فصل کتاب درسی نیست.","ترنم همدلی","original","1405"
"هشتم","","آموزش قرآن","آموزش قرآن","آزمون جامع","ارزیابی پایه","هسته ۱۰ سوالی","متوسط","احترام به دیگران چگونه نشان داده می‌شود؟","رعایت کرامت و حقوق آنان","تمسخر","تحقیر","بی‌توجهی","A","سؤال تألیفی تشخیصی برای ارزیابی اولیه؛ جایگزین پوشش فصل‌به‌فصل کتاب درسی نیست.","ترنم همدلی","original","1405"
"هشتم","","آموزش قرآن","آموزش قرآن","آزمون جامع","ارزیابی پایه","هسته ۱۰ سوالی","متوسط","کمک مسئولانه به دیگران چه ویژگی دارد؟","بدون ایجاد آسیب و با توجه به نیاز واقعی","اجبار","فریب","نادیده‌گرفتن حقوق","A","سؤال تألیفی تشخیصی برای ارزیابی اولیه؛ جایگزین پوشش فصل‌به‌فصل کتاب درسی نیست.","ترنم همدلی","original","1405"
"هشتم","","آموزش قرآن","آموزش قرآن","آزمون جامع","ارزیابی پایه","هسته ۱۰ سوالی","متوسط","نیت در عمل اخلاقی چه اهمیتی دارد؟","در ارزش‌گذاری عمل نقش دارد","هیچ اهمیتی ندارد","فقط ظاهر مهم است","فقط پول مهم است","A","سؤال تألیفی تشخیصی برای ارزیابی اولیه؛ جایگزین پوشش فصل‌به‌فصل کتاب درسی نیست.","ترنم همدلی","original","1405"
"هشتم","","پیام‌های آسمان","پیام‌های آسمان","آزمون جامع","ارزیابی پایه","هسته ۱۰ سوالی","متوسط","صداقت یعنی چه؟","راستگویی و پرهیز از فریب","پنهان‌کاری برای منفعت","تمسخر","بی‌تفاوتی","A","سؤال تألیفی تشخیصی برای ارزیابی اولیه؛ جایگزین پوشش فصل‌به‌فصل کتاب درسی نیست.","ترنم همدلی","original","1405"
"هشتم","","پیام‌های آسمان","پیام‌های آسمان","آزمون جامع","ارزیابی پایه","هسته ۱۰ سوالی","متوسط","مسئولیت‌پذیری چیست؟","پذیرفتن وظیفه و پیامد رفتار","انداختن تقصیر بر دیگران","فرار از وظیفه","نادیده گرفتن پیامد","A","سؤال تألیفی تشخیصی برای ارزیابی اولیه؛ جایگزین پوشش فصل‌به‌فصل کتاب درسی نیست.","ترنم همدلی","original","1405"
"هشتم","","پیام‌های آسمان","پیام‌های آسمان","آزمون جامع","ارزیابی پایه","هسته ۱۰ سوالی","متوسط","عدالت به چه چیزی نزدیک است؟","رعایت حق و انصاف","تبعیض","طرفداری بی‌دلیل","بی‌قانونی","A","سؤال تألیفی تشخیصی برای ارزیابی اولیه؛ جایگزین پوشش فصل‌به‌فصل کتاب درسی نیست.","ترنم همدلی","original","1405"
"هشتم","","پیام‌های آسمان","پیام‌های آسمان","آزمون جامع","ارزیابی پایه","هسته ۱۰ سوالی","متوسط","امانت‌داری یعنی چه؟","حفظ حق و اعتماد دیگران","افشای راز","استفاده بدون اجازه","تحریف","A","سؤال تألیفی تشخیصی برای ارزیابی اولیه؛ جایگزین پوشش فصل‌به‌فصل کتاب درسی نیست.","ترنم همدلی","original","1405"
"هشتم","","پیام‌های آسمان","پیام‌های آسمان","آزمون جامع","ارزیابی پایه","هسته ۱۰ سوالی","متوسط","همدلی چیست؟","درک احساس و موقعیت دیگران","تأیید همه رفتارها","تحقیر","تحمیل نظر","A","سؤال تألیفی تشخیصی برای ارزیابی اولیه؛ جایگزین پوشش فصل‌به‌فصل کتاب درسی نیست.","ترنم همدلی","original","1405"
"هشتم","","پیام‌های آسمان","پیام‌های آسمان","آزمون جامع","ارزیابی پایه","هسته ۱۰ سوالی","متوسط","صبر در دشواری یعنی چه؟","پایداری همراه با مدیریت درست واکنش","پرخاشگری","انکار مسئله","بی‌عملی مطلق","A","سؤال تألیفی تشخیصی برای ارزیابی اولیه؛ جایگزین پوشش فصل‌به‌فصل کتاب درسی نیست.","ترنم همدلی","original","1405"
"هشتم","","پیام‌های آسمان","پیام‌های آسمان","آزمون جامع","ارزیابی پایه","هسته ۱۰ سوالی","متوسط","شکرگزاری یعنی چه؟","شناخت نعمت و قدردانی","انکار داشته‌ها","مقایسه دائمی","بی‌توجهی","A","سؤال تألیفی تشخیصی برای ارزیابی اولیه؛ جایگزین پوشش فصل‌به‌فصل کتاب درسی نیست.","ترنم همدلی","original","1405"
"هشتم","","پیام‌های آسمان","پیام‌های آسمان","آزمون جامع","ارزیابی پایه","هسته ۱۰ سوالی","متوسط","احترام به دیگران چگونه نشان داده می‌شود؟","رعایت کرامت و حقوق آنان","تمسخر","تحقیر","بی‌توجهی","A","سؤال تألیفی تشخیصی برای ارزیابی اولیه؛ جایگزین پوشش فصل‌به‌فصل کتاب درسی نیست.","ترنم همدلی","original","1405"
"هشتم","","پیام‌های آسمان","پیام‌های آسمان","آزمون جامع","ارزیابی پایه","هسته ۱۰ سوالی","متوسط","کمک مسئولانه به دیگران چه ویژگی دارد؟","بدون ایجاد آسیب و با توجه به نیاز واقعی","اجبار","فریب","نادیده‌گرفتن حقوق","A","سؤال تألیفی تشخیصی برای ارزیابی اولیه؛ جایگزین پوشش فصل‌به‌فصل کتاب درسی نیست.","ترنم همدلی","original","1405"
"هشتم","","پیام‌های آسمان","پیام‌های آسمان","آزمون جامع","ارزیابی پایه","هسته ۱۰ سوالی","متوسط","نیت در عمل اخلاقی چه اهمیتی دارد؟","در ارزش‌گذاری عمل نقش دارد","هیچ اهمیتی ندارد","فقط ظاهر مهم است","فقط پول مهم است","A","سؤال تألیفی تشخیصی برای ارزیابی اولیه؛ جایگزین پوشش فصل‌به‌فصل کتاب درسی نیست.","ترنم همدلی","original","1405"
"هشتم","","عربی","عربی","آزمون جامع","ارزیابی پایه","هسته ۱۰ سوالی","متوسط","فعل ماضی به چه زمانی اشاره می‌کند؟","گذشته","حال","آینده","همیشه","A","سؤال تألیفی تشخیصی برای ارزیابی اولیه؛ جایگزین پوشش فصل‌به‌فصل کتاب درسی نیست.","ترنم همدلی","original","1405"
"هشتم","","عربی","عربی","آزمون جامع","ارزیابی پایه","هسته ۱۰ سوالی","متوسط","فعل مضارع معمولاً بر چه زمانی دلالت می‌کند؟","حال یا آینده","فقط گذشته","فقط گذشته دور","هیچ زمان","A","سؤال تألیفی تشخیصی برای ارزیابی اولیه؛ جایگزین پوشش فصل‌به‌فصل کتاب درسی نیست.","ترنم همدلی","original","1405"
"هشتم","","عربی","عربی","آزمون جامع","ارزیابی پایه","هسته ۱۰ سوالی","متوسط","فاعل چیست؟","انجام‌دهنده کار فعل","زمان جمله","محل کار","نشانه جمع","A","سؤال تألیفی تشخیصی برای ارزیابی اولیه؛ جایگزین پوشش فصل‌به‌فصل کتاب درسی نیست.","ترنم همدلی","original","1405"
"هشتم","","عربی","عربی","آزمون جامع","ارزیابی پایه","هسته ۱۰ سوالی","متوسط","مفعول‌به چیست؟","کسی یا چیزی که عمل بر او واقع می‌شود","انجام‌دهنده عمل","زمان","صفت","A","سؤال تألیفی تشخیصی برای ارزیابی اولیه؛ جایگزین پوشش فصل‌به‌فصل کتاب درسی نیست.","ترنم همدلی","original","1405"
"هشتم","","عربی","عربی","آزمون جامع","ارزیابی پایه","هسته ۱۰ سوالی","متوسط","مفرد یعنی چه؟","یک فرد یا چیز","دو فرد","چند فرد","جمله کامل","A","سؤال تألیفی تشخیصی برای ارزیابی اولیه؛ جایگزین پوشش فصل‌به‌فصل کتاب درسی نیست.","ترنم همدلی","original","1405"
"هشتم","","عربی","عربی","آزمون جامع","ارزیابی پایه","هسته ۱۰ سوالی","متوسط","جمع یعنی چه؟","بیش از یک","دقیقاً یک","بدون تعداد","یک فعل","A","سؤال تألیفی تشخیصی برای ارزیابی اولیه؛ جایگزین پوشش فصل‌به‌فصل کتاب درسی نیست.","ترنم همدلی","original","1405"
"هشتم","","عربی","عربی","آزمون جامع","ارزیابی پایه","هسته ۱۰ سوالی","متوسط","ترجمه درست به چه نیاز دارد؟","شناخت واژه و ساختار جمله","حدس یک واژه","حذف فعل","تغییر معنا","A","سؤال تألیفی تشخیصی برای ارزیابی اولیه؛ جایگزین پوشش فصل‌به‌فصل کتاب درسی نیست.","ترنم همدلی","original","1405"
"هشتم","","عربی","عربی","آزمون جامع","ارزیابی پایه","هسته ۱۰ سوالی","متوسط","اسم چه چیزی می‌تواند باشد؟","نام شخص، چیز یا مفهوم","فقط فعل","فقط حرف","فقط عدد","A","سؤال تألیفی تشخیصی برای ارزیابی اولیه؛ جایگزین پوشش فصل‌به‌فصل کتاب درسی نیست.","ترنم همدلی","original","1405"
"هشتم","","عربی","عربی","آزمون جامع","ارزیابی پایه","هسته ۱۰ سوالی","متوسط","معنا در ترجمه باید چگونه حفظ شود؟","متناسب با کل جمله","با حذف فعل","با تغییر فاعل","با حذف واژه‌های مهم","A","سؤال تألیفی تشخیصی برای ارزیابی اولیه؛ جایگزین پوشش فصل‌به‌فصل کتاب درسی نیست.","ترنم همدلی","original","1405"
"هشتم","","عربی","عربی","آزمون جامع","ارزیابی پایه","هسته ۱۰ سوالی","متوسط","یادگیری واژه‌ها در بافت جمله چه فایده‌ای دارد؟","درک بهتر کاربرد و معنا","حذف معنی","افزایش ابهام","تغییر دستور","A","سؤال تألیفی تشخیصی برای ارزیابی اولیه؛ جایگزین پوشش فصل‌به‌فصل کتاب درسی نیست.","ترنم همدلی","original","1405"
"هشتم","","زبان انگلیسی","زبان انگلیسی","آزمون جامع","ارزیابی پایه","هسته ۱۰ سوالی","متوسط","What does 'book' mean?","کتاب","مدرسه","خانه","دوست","A","سؤال تألیفی تشخیصی برای ارزیابی اولیه؛ جایگزین پوشش فصل‌به‌فصل کتاب درسی نیست.","ترنم همدلی","original","1405"
"هشتم","","زبان انگلیسی","زبان انگلیسی","آزمون جامع","ارزیابی پایه","هسته ۱۰ سوالی","متوسط","Which word is a verb?","study","student","school","book","A","سؤال تألیفی تشخیصی برای ارزیابی اولیه؛ جایگزین پوشش فصل‌به‌فصل کتاب درسی نیست.","ترنم همدلی","original","1405"
"هشتم","","زبان انگلیسی","زبان انگلیسی","آزمون جامع","ارزیابی پایه","هسته ۱۰ سوالی","متوسط","What is the opposite of 'big'?","small","long","fast","old","A","سؤال تألیفی تشخیصی برای ارزیابی اولیه؛ جایگزین پوشش فصل‌به‌فصل کتاب درسی نیست.","ترنم همدلی","original","1405"
"هشتم","","زبان انگلیسی","زبان انگلیسی","آزمون جامع","ارزیابی پایه","هسته ۱۰ سوالی","متوسط","Which sentence is a question?","Are you ready?","I am ready.","She studies.","They are students.","A","سؤال تألیفی تشخیصی برای ارزیابی اولیه؛ جایگزین پوشش فصل‌به‌فصل کتاب درسی نیست.","ترنم همدلی","original","1405"
"هشتم","","زبان انگلیسی","زبان انگلیسی","آزمون جامع","ارزیابی پایه","هسته ۱۰ سوالی","متوسط","What does 'teacher' mean?","معلم","دانش‌آموز","کتاب","کلاس","A","سؤال تألیفی تشخیصی برای ارزیابی اولیه؛ جایگزین پوشش فصل‌به‌فصل کتاب درسی نیست.","ترنم همدلی","original","1405"
"هشتم","","زبان انگلیسی","زبان انگلیسی","آزمون جامع","ارزیابی پایه","هسته ۱۰ سوالی","متوسط","Which word means 'آب'?","water","bread","milk","book","A","سؤال تألیفی تشخیصی برای ارزیابی اولیه؛ جایگزین پوشش فصل‌به‌فصل کتاب درسی نیست.","ترنم همدلی","original","1405"
"هشتم","","زبان انگلیسی","زبان انگلیسی","آزمون جامع","ارزیابی پایه","هسته ۱۰ سوالی","متوسط","What is the past form of 'go'?","went","goes","going","go","A","سؤال تألیفی تشخیصی برای ارزیابی اولیه؛ جایگزین پوشش فصل‌به‌فصل کتاب درسی نیست.","ترنم همدلی","original","1405"
"هشتم","","زبان انگلیسی","زبان انگلیسی","آزمون جامع","ارزیابی پایه","هسته ۱۰ سوالی","متوسط","Which word is plural?","books","book","read","quick","A","سؤال تألیفی تشخیصی برای ارزیابی اولیه؛ جایگزین پوشش فصل‌به‌فصل کتاب درسی نیست.","ترنم همدلی","original","1405"
"هشتم","","زبان انگلیسی","زبان انگلیسی","آزمون جامع","ارزیابی پایه","هسته ۱۰ سوالی","متوسط","What does 'happy' mean?","خوشحال","خسته","گرسنه","سرد","A","سؤال تألیفی تشخیصی برای ارزیابی اولیه؛ جایگزین پوشش فصل‌به‌فصل کتاب درسی نیست.","ترنم همدلی","original","1405"
"هشتم","","زبان انگلیسی","زبان انگلیسی","آزمون جامع","ارزیابی پایه","هسته ۱۰ سوالی","متوسط","Why is context important in reading?","It helps determine meaning","It removes words","It changes spelling","It deletes the sentence","A","سؤال تألیفی تشخیصی برای ارزیابی اولیه؛ جایگزین پوشش فصل‌به‌فصل کتاب درسی نیست.","ترنم همدلی","original","1405"
"هشتم","","فرهنگ و هنر","فرهنگ و هنر","آزمون جامع","ارزیابی پایه","هسته ۱۰ سوالی","متوسط","ترکیب‌بندی در هنر به چه مربوط است؟","سازمان‌دهی عناصر اثر","اندازه‌گیری وزن","حل معادله","حفظ تاریخ","A","سؤال تألیفی تشخیصی برای ارزیابی اولیه؛ جایگزین پوشش فصل‌به‌فصل کتاب درسی نیست.","ترنم همدلی","original","1405"
"هشتم","","فرهنگ و هنر","فرهنگ و هنر","آزمون جامع","ارزیابی پایه","هسته ۱۰ سوالی","متوسط","کنتراست چیست؟","تفاوت قابل توجه میان عناصر","تکرار کامل","حذف رنگ","بی‌نظمی","A","سؤال تألیفی تشخیصی برای ارزیابی اولیه؛ جایگزین پوشش فصل‌به‌فصل کتاب درسی نیست.","ترنم همدلی","original","1405"
"هشتم","","فرهنگ و هنر","فرهنگ و هنر","آزمون جامع","ارزیابی پایه","هسته ۱۰ سوالی","متوسط","خط در اثر هنری چه نقشی دارد؟","ایجاد جهت و شکل","اندازه‌گیری فقط","نوشتن متن","تعیین زمان","A","سؤال تألیفی تشخیصی برای ارزیابی اولیه؛ جایگزین پوشش فصل‌به‌فصل کتاب درسی نیست.","ترنم همدلی","original","1405"
"هشتم","","فرهنگ و هنر","فرهنگ و هنر","آزمون جامع","ارزیابی پایه","هسته ۱۰ سوالی","متوسط","تعادل بصری یعنی چه؟","توزیع متناسب وزن بصری عناصر","حذف همه عناصر","یکسانی رنگ‌ها","بی‌نظمی","A","سؤال تألیفی تشخیصی برای ارزیابی اولیه؛ جایگزین پوشش فصل‌به‌فصل کتاب درسی نیست.","ترنم همدلی","original","1405"
"هشتم","","فرهنگ و هنر","فرهنگ و هنر","آزمون جامع","ارزیابی پایه","هسته ۱۰ سوالی","متوسط","خلاقیت با چه چیزی تقویت می‌شود؟","تجربه، مشاهده و ایده‌پردازی","تکرار بی‌فکر","حذف مشاهده","بی‌تمرینی","A","سؤال تألیفی تشخیصی برای ارزیابی اولیه؛ جایگزین پوشش فصل‌به‌فصل کتاب درسی نیست.","ترنم همدلی","original","1405"
"هشتم","","فرهنگ و هنر","فرهنگ و هنر","آزمون جامع","ارزیابی پایه","هسته ۱۰ سوالی","متوسط","بافت در هنر به چه اشاره دارد؟","کیفیت سطح و حس بصری یا لمسی","اندازه صفحه","زمان اثر","نام هنرمند","A","سؤال تألیفی تشخیصی برای ارزیابی اولیه؛ جایگزین پوشش فصل‌به‌فصل کتاب درسی نیست.","ترنم همدلی","original","1405"
"هشتم","","فرهنگ و هنر","فرهنگ و هنر","آزمون جامع","ارزیابی پایه","هسته ۱۰ سوالی","متوسط","پرسپکتیو برای چیست؟","نمایش عمق و فاصله","حذف حجم","تغییر صدا","محاسبه زمان","A","سؤال تألیفی تشخیصی برای ارزیابی اولیه؛ جایگزین پوشش فصل‌به‌فصل کتاب درسی نیست.","ترنم همدلی","original","1405"
"هشتم","","فرهنگ و هنر","فرهنگ و هنر","آزمون جامع","ارزیابی پایه","هسته ۱۰ سوالی","متوسط","فرم چه چیزی را بیان می‌کند؟","ساختار و شکل اثر","فقط رنگ","فقط صدا","فقط متن","A","سؤال تألیفی تشخیصی برای ارزیابی اولیه؛ جایگزین پوشش فصل‌به‌فصل کتاب درسی نیست.","ترنم همدلی","original","1405"
"هشتم","","فرهنگ و هنر","فرهنگ و هنر","آزمون جامع","ارزیابی پایه","هسته ۱۰ سوالی","متوسط","نقد هنری بهتر است بر چه چیزی استوار باشد؟","مشاهده اثر و استدلال","سلیقه بدون توضیح","شایعه","نام هنرمند فقط","A","سؤال تألیفی تشخیصی برای ارزیابی اولیه؛ جایگزین پوشش فصل‌به‌فصل کتاب درسی نیست.","ترنم همدلی","original","1405"
"هشتم","","فرهنگ و هنر","فرهنگ و هنر","آزمون جامع","ارزیابی پایه","هسته ۱۰ سوالی","متوسط","تناسب در اثر هنری یعنی چه؟","رابطه اندازه عناصر با یکدیگر","حذف اندازه","تکرار رنگ","بی‌نظمی","A","سؤال تألیفی تشخیصی برای ارزیابی اولیه؛ جایگزین پوشش فصل‌به‌فصل کتاب درسی نیست.","ترنم همدلی","original","1405"
"هشتم","","کار و فناوری","کار و فناوری","آزمون جامع","ارزیابی پایه","هسته ۱۰ سوالی","متوسط","فناوری چیست؟","کاربرد دانش و ابزار برای حل مسئله","فقط رایانه","فقط اینترنت","یک کتاب","A","سؤال تألیفی تشخیصی برای ارزیابی اولیه؛ جایگزین پوشش فصل‌به‌فصل کتاب درسی نیست.","ترنم همدلی","original","1405"
"هشتم","","کار و فناوری","کار و فناوری","آزمون جامع","ارزیابی پایه","هسته ۱۰ سوالی","متوسط","الگوریتم چیست؟","مراحل منظم برای حل مسئله","وسیله فیزیکی","نقاشی","عدد","A","سؤال تألیفی تشخیصی برای ارزیابی اولیه؛ جایگزین پوشش فصل‌به‌فصل کتاب درسی نیست.","ترنم همدلی","original","1405"
"هشتم","","کار و فناوری","کار و فناوری","آزمون جامع","ارزیابی پایه","هسته ۱۰ سوالی","متوسط","پشتیبان‌گیری چه فایده‌ای دارد؟","کاهش خطر از دست رفتن اطلاعات","افزایش خطا","حذف فایل","کند کردن اینترنت","A","سؤال تألیفی تشخیصی برای ارزیابی اولیه؛ جایگزین پوشش فصل‌به‌فصل کتاب درسی نیست.","ترنم همدلی","original","1405"
"هشتم","","کار و فناوری","کار و فناوری","آزمون جامع","ارزیابی پایه","هسته ۱۰ سوالی","متوسط","حل مسئله فناورانه از کجا شروع می‌شود؟","شناخت نیاز یا مسئله","خرید ابزار بدون هدف","کپی نتیجه","حذف مسئله","A","سؤال تألیفی تشخیصی برای ارزیابی اولیه؛ جایگزین پوشش فصل‌به‌فصل کتاب درسی نیست.","ترنم همدلی","original","1405"
"هشتم","","کار و فناوری","کار و فناوری","آزمون جامع","ارزیابی پایه","هسته ۱۰ سوالی","متوسط","داده چیست؟","اطلاعات خام قابل پردازش","فقط تصویر","فقط صدا","فقط متن","A","سؤال تألیفی تشخیصی برای ارزیابی اولیه؛ جایگزین پوشش فصل‌به‌فصل کتاب درسی نیست.","ترنم همدلی","original","1405"
"هشتم","","کار و فناوری","کار و فناوری","آزمون جامع","ارزیابی پایه","هسته ۱۰ سوالی","متوسط","پروژه خوب چه ویژگی دارد؟","هدف، مراحل و ارزیابی مشخص","بدون هدف","بدون برنامه","بدون ارزیابی","A","سؤال تألیفی تشخیصی برای ارزیابی اولیه؛ جایگزین پوشش فصل‌به‌فصل کتاب درسی نیست.","ترنم همدلی","original","1405"
"هشتم","","کار و فناوری","کار و فناوری","آزمون جامع","ارزیابی پایه","هسته ۱۰ سوالی","متوسط","امنیت رمز عبور چگونه بهتر می‌شود؟","رمز قوی و منحصربه‌فرد","رمز ساده","اشتراک با همه","انتشار عمومی","A","سؤال تألیفی تشخیصی برای ارزیابی اولیه؛ جایگزین پوشش فصل‌به‌فصل کتاب درسی نیست.","ترنم همدلی","original","1405"
"هشتم","","کار و فناوری","کار و فناوری","آزمون جامع","ارزیابی پایه","هسته ۱۰ سوالی","متوسط","مصرف مسئولانه فناوری یعنی چه؟","استفاده آگاهانه و ایمن","استفاده بی‌وقفه","اشتراک همه اطلاعات","نادیده گرفتن امنیت","A","سؤال تألیفی تشخیصی برای ارزیابی اولیه؛ جایگزین پوشش فصل‌به‌فصل کتاب درسی نیست.","ترنم همدلی","original","1405"
"هشتم","","کار و فناوری","کار و فناوری","آزمون جامع","ارزیابی پایه","هسته ۱۰ سوالی","متوسط","آزمایش راه‌حل چه فایده‌ای دارد؟","شناسایی خطا و بهبود","تضمین بدون آزمون","حذف بررسی","تغییر هدف","A","سؤال تألیفی تشخیصی برای ارزیابی اولیه؛ جایگزین پوشش فصل‌به‌فصل کتاب درسی نیست.","ترنم همدلی","original","1405"
"هشتم","","کار و فناوری","کار و فناوری","آزمون جامع","ارزیابی پایه","هسته ۱۰ سوالی","متوسط","فناوری مسئولانه چه اصلی دارد؟","فایده‌رسانی همراه با توجه به ایمنی و پیامدها","مصرف بی‌حد","نادیده گرفتن پیامد","حذف ایمنی","A","سؤال تألیفی تشخیصی برای ارزیابی اولیه؛ جایگزین پوشش فصل‌به‌فصل کتاب درسی نیست.","ترنم همدلی","original","1405"
"هشتم","","تفکر و سبک زندگی","تفکر و سبک زندگی","آزمون جامع","ارزیابی پایه","هسته ۱۰ سوالی","متوسط","تفکر انتقادی یعنی چه؟","بررسی شواهد و استدلال پیش از پذیرش ادعا","پذیرش هر خبر","رد همه دیدگاه‌ها","حفظ پاسخ","A","سؤال تألیفی تشخیصی برای ارزیابی اولیه؛ جایگزین پوشش فصل‌به‌فصل کتاب درسی نیست.","ترنم همدلی","original","1405"
"هشتم","","تفکر و سبک زندگی","تفکر و سبک زندگی","آزمون جامع","ارزیابی پایه","هسته ۱۰ سوالی","متوسط","پرسش خوب چه ویژگی دارد؟","روشن و قابل بررسی است","مبهم است","بدون موضوع است","پاسخ از قبل معلوم است","A","سؤال تألیفی تشخیصی برای ارزیابی اولیه؛ جایگزین پوشش فصل‌به‌فصل کتاب درسی نیست.","ترنم همدلی","original","1405"
"هشتم","","تفکر و سبک زندگی","تفکر و سبک زندگی","آزمون جامع","ارزیابی پایه","هسته ۱۰ سوالی","متوسط","مغالطه چیست؟","خطای استدلالی که ممکن است درست به نظر برسد","هر پاسخ درست","داده علمی","تعریف","A","سؤال تألیفی تشخیصی برای ارزیابی اولیه؛ جایگزین پوشش فصل‌به‌فصل کتاب درسی نیست.","ترنم همدلی","original","1405"
"هشتم","","تفکر و سبک زندگی","تفکر و سبک زندگی","آزمون جامع","ارزیابی پایه","هسته ۱۰ سوالی","متوسط","منبع معتبر چه کمکی می‌کند؟","ارزیابی بهتر ادعاها","حذف شواهد","افزایش شایعه","تغییر واقعیت","A","سؤال تألیفی تشخیصی برای ارزیابی اولیه؛ جایگزین پوشش فصل‌به‌فصل کتاب درسی نیست.","ترنم همدلی","original","1405"
"هشتم","","تفکر و سبک زندگی","تفکر و سبک زندگی","آزمون جامع","ارزیابی پایه","هسته ۱۰ سوالی","متوسط","مخاطب فعال چه می‌کند؟","پیام را بررسی و ارزیابی می‌کند","همه چیز را می‌پذیرد","پیام را نمی‌بیند","فقط حفظ می‌کند","A","سؤال تألیفی تشخیصی برای ارزیابی اولیه؛ جایگزین پوشش فصل‌به‌فصل کتاب درسی نیست.","ترنم همدلی","original","1405"
"هشتم","","تفکر و سبک زندگی","تفکر و سبک زندگی","آزمون جامع","ارزیابی پایه","هسته ۱۰ سوالی","متوسط","بازنمایی رسانه‌ای چیست؟","شیوه ارائه واقعیت در رسانه","خود واقعیت بدون انتخاب","حذف مخاطب","فرمول","A","سؤال تألیفی تشخیصی برای ارزیابی اولیه؛ جایگزین پوشش فصل‌به‌فصل کتاب درسی نیست.","ترنم همدلی","original","1405"
"هشتم","","تفکر و سبک زندگی","تفکر و سبک زندگی","آزمون جامع","ارزیابی پایه","هسته ۱۰ سوالی","متوسط","تصمیم منطقی بهتر است بر چه چیزی تکیه کند؟","اطلاعات و معیارهای روشن","شایعه","هیجان لحظه‌ای فقط","فشار دیگران","A","سؤال تألیفی تشخیصی برای ارزیابی اولیه؛ جایگزین پوشش فصل‌به‌فصل کتاب درسی نیست.","ترنم همدلی","original","1405"
"هشتم","","تفکر و سبک زندگی","تفکر و سبک زندگی","آزمون جامع","ارزیابی پایه","هسته ۱۰ سوالی","متوسط","گفت‌وگوی سازنده چه ویژگی دارد؟","گوش دادن و استدلال محترمانه","قطع صحبت","تحقیر","تحمیل","A","سؤال تألیفی تشخیصی برای ارزیابی اولیه؛ جایگزین پوشش فصل‌به‌فصل کتاب درسی نیست.","ترنم همدلی","original","1405"
"هشتم","","تفکر و سبک زندگی","تفکر و سبک زندگی","آزمون جامع","ارزیابی پایه","هسته ۱۰ سوالی","متوسط","پژوهش برای چه انجام می‌شود؟","پاسخ مستند به پرسش","تأیید هر حدس","حذف شواهد","افزایش ابهام","A","سؤال تألیفی تشخیصی برای ارزیابی اولیه؛ جایگزین پوشش فصل‌به‌فصل کتاب درسی نیست.","ترنم همدلی","original","1405"
"هشتم","","تفکر و سبک زندگی","تفکر و سبک زندگی","آزمون جامع","ارزیابی پایه","هسته ۱۰ سوالی","متوسط","ارزیابی یک ادعا با چه چیزی بهتر می‌شود؟","مقایسه شواهد و منابع","تعداد تکرار ادعا","شهرت گوینده فقط","هیجان مخاطب","A","سؤال تألیفی تشخیصی برای ارزیابی اولیه؛ جایگزین پوشش فصل‌به‌فصل کتاب درسی نیست.","ترنم همدلی","original","1405"
"نهم","","فارسی","فارسی","آزمون جامع","ارزیابی پایه","هسته ۱۰ سوالی","متوسط","درک متن بیشتر به چه نیاز دارد؟","توجه به واژه‌ها و ارتباط جمله‌ها","حفظ عنوان","شمردن کلمات","حذف مثال‌ها","A","سؤال تألیفی تشخیصی برای ارزیابی اولیه؛ جایگزین پوشش فصل‌به‌فصل کتاب درسی نیست.","ترنم همدلی","original","1405"
"نهم","","فارسی","فارسی","آزمون جامع","ارزیابی پایه","هسته ۱۰ سوالی","متوسط","واژه مترادف چیست؟","واژه هم‌معنی یا نزدیک‌معنی","واژه مخالف","واژه بی‌معنا","عدد","A","سؤال تألیفی تشخیصی برای ارزیابی اولیه؛ جایگزین پوشش فصل‌به‌فصل کتاب درسی نیست.","ترنم همدلی","original","1405"
"نهم","","فارسی","فارسی","آزمون جامع","ارزیابی پایه","هسته ۱۰ سوالی","متوسط","فعل معمولاً چه چیزی را نشان می‌دهد؟","کار یا حالت","رنگ","تعداد صفحات","علامت سؤال","A","سؤال تألیفی تشخیصی برای ارزیابی اولیه؛ جایگزین پوشش فصل‌به‌فصل کتاب درسی نیست.","ترنم همدلی","original","1405"
"نهم","","فارسی","فارسی","آزمون جامع","ارزیابی پایه","هسته ۱۰ سوالی","متوسط","عنوان مناسب چه ویژگی دارد؟","با محتوای متن ارتباط دارد","کاملاً بی‌ربط است","همیشه طولانی است","فقط عدد است","A","سؤال تألیفی تشخیصی برای ارزیابی اولیه؛ جایگزین پوشش فصل‌به‌فصل کتاب درسی نیست.","ترنم همدلی","original","1405"
"نهم","","فارسی","فارسی","آزمون جامع","ارزیابی پایه","هسته ۱۰ سوالی","متوسط","بازبینی نوشته برای چیست؟","اصلاح محتوا و نگارش","حذف همه جمله‌ها","افزایش خطا","تغییر واقعیت","A","سؤال تألیفی تشخیصی برای ارزیابی اولیه؛ جایگزین پوشش فصل‌به‌فصل کتاب درسی نیست.","ترنم همدلی","original","1405"
"نهم","","فارسی","فارسی","آزمون جامع","ارزیابی پایه","هسته ۱۰ سوالی","متوسط","پاراگراف معمولاً حول چه چیزی شکل می‌گیرد؟","یک ایده اصلی","واژه‌های تصادفی","یک علامت","یک عدد","A","سؤال تألیفی تشخیصی برای ارزیابی اولیه؛ جایگزین پوشش فصل‌به‌فصل کتاب درسی نیست.","ترنم همدلی","original","1405"
"نهم","","فارسی","فارسی","آزمون جامع","ارزیابی پایه","هسته ۱۰ سوالی","متوسط","علائم نگارشی چه کمکی می‌کنند؟","خوانایی و فهم ساختار متن","حذف معنا","تغییر موضوع","افزایش ابهام","A","سؤال تألیفی تشخیصی برای ارزیابی اولیه؛ جایگزین پوشش فصل‌به‌فصل کتاب درسی نیست.","ترنم همدلی","original","1405"
"نهم","","فارسی","فارسی","آزمون جامع","ارزیابی پایه","هسته ۱۰ سوالی","متوسط","تشبیه چه کاربردی دارد؟","بیان هنری شباهت میان دو چیز","اندازه‌گیری","حل معادله","ثبت تاریخ","A","سؤال تألیفی تشخیصی برای ارزیابی اولیه؛ جایگزین پوشش فصل‌به‌فصل کتاب درسی نیست.","ترنم همدلی","original","1405"
"نهم","","فارسی","فارسی","آزمون جامع","ارزیابی پایه","هسته ۱۰ سوالی","متوسط","خواندن فعال یعنی چه؟","پرسش، ارتباط و بررسی مفهوم","فقط سریع خواندن","حفظ بدون درک","نادیده گرفتن عنوان","A","سؤال تألیفی تشخیصی برای ارزیابی اولیه؛ جایگزین پوشش فصل‌به‌فصل کتاب درسی نیست.","ترنم همدلی","original","1405"
"نهم","","فارسی","فارسی","آزمون جامع","ارزیابی پایه","هسته ۱۰ سوالی","متوسط","نوشتن منظم چه فایده‌ای دارد؟","انتقال روشن‌تر ایده‌ها","افزایش ابهام","حذف ارتباط","کاهش خوانایی","A","سؤال تألیفی تشخیصی برای ارزیابی اولیه؛ جایگزین پوشش فصل‌به‌فصل کتاب درسی نیست.","ترنم همدلی","original","1405"
"نهم","","نگارش","نگارش","آزمون جامع","ارزیابی پایه","هسته ۱۰ سوالی","متوسط","درک متن بیشتر به چه نیاز دارد؟","توجه به واژه‌ها و ارتباط جمله‌ها","حفظ عنوان","شمردن کلمات","حذف مثال‌ها","A","سؤال تألیفی تشخیصی برای ارزیابی اولیه؛ جایگزین پوشش فصل‌به‌فصل کتاب درسی نیست.","ترنم همدلی","original","1405"
"نهم","","نگارش","نگارش","آزمون جامع","ارزیابی پایه","هسته ۱۰ سوالی","متوسط","واژه مترادف چیست؟","واژه هم‌معنی یا نزدیک‌معنی","واژه مخالف","واژه بی‌معنا","عدد","A","سؤال تألیفی تشخیصی برای ارزیابی اولیه؛ جایگزین پوشش فصل‌به‌فصل کتاب درسی نیست.","ترنم همدلی","original","1405"
"نهم","","نگارش","نگارش","آزمون جامع","ارزیابی پایه","هسته ۱۰ سوالی","متوسط","فعل معمولاً چه چیزی را نشان می‌دهد؟","کار یا حالت","رنگ","تعداد صفحات","علامت سؤال","A","سؤال تألیفی تشخیصی برای ارزیابی اولیه؛ جایگزین پوشش فصل‌به‌فصل کتاب درسی نیست.","ترنم همدلی","original","1405"
"نهم","","نگارش","نگارش","آزمون جامع","ارزیابی پایه","هسته ۱۰ سوالی","متوسط","عنوان مناسب چه ویژگی دارد؟","با محتوای متن ارتباط دارد","کاملاً بی‌ربط است","همیشه طولانی است","فقط عدد است","A","سؤال تألیفی تشخیصی برای ارزیابی اولیه؛ جایگزین پوشش فصل‌به‌فصل کتاب درسی نیست.","ترنم همدلی","original","1405"
"نهم","","نگارش","نگارش","آزمون جامع","ارزیابی پایه","هسته ۱۰ سوالی","متوسط","بازبینی نوشته برای چیست؟","اصلاح محتوا و نگارش","حذف همه جمله‌ها","افزایش خطا","تغییر واقعیت","A","سؤال تألیفی تشخیصی برای ارزیابی اولیه؛ جایگزین پوشش فصل‌به‌فصل کتاب درسی نیست.","ترنم همدلی","original","1405"
"نهم","","نگارش","نگارش","آزمون جامع","ارزیابی پایه","هسته ۱۰ سوالی","متوسط","پاراگراف معمولاً حول چه چیزی شکل می‌گیرد؟","یک ایده اصلی","واژه‌های تصادفی","یک علامت","یک عدد","A","سؤال تألیفی تشخیصی برای ارزیابی اولیه؛ جایگزین پوشش فصل‌به‌فصل کتاب درسی نیست.","ترنم همدلی","original","1405"
"نهم","","نگارش","نگارش","آزمون جامع","ارزیابی پایه","هسته ۱۰ سوالی","متوسط","علائم نگارشی چه کمکی می‌کنند؟","خوانایی و فهم ساختار متن","حذف معنا","تغییر موضوع","افزایش ابهام","A","سؤال تألیفی تشخیصی برای ارزیابی اولیه؛ جایگزین پوشش فصل‌به‌فصل کتاب درسی نیست.","ترنم همدلی","original","1405"
"نهم","","نگارش","نگارش","آزمون جامع","ارزیابی پایه","هسته ۱۰ سوالی","متوسط","تشبیه چه کاربردی دارد؟","بیان هنری شباهت میان دو چیز","اندازه‌گیری","حل معادله","ثبت تاریخ","A","سؤال تألیفی تشخیصی برای ارزیابی اولیه؛ جایگزین پوشش فصل‌به‌فصل کتاب درسی نیست.","ترنم همدلی","original","1405"
"نهم","","نگارش","نگارش","آزمون جامع","ارزیابی پایه","هسته ۱۰ سوالی","متوسط","خواندن فعال یعنی چه؟","پرسش، ارتباط و بررسی مفهوم","فقط سریع خواندن","حفظ بدون درک","نادیده گرفتن عنوان","A","سؤال تألیفی تشخیصی برای ارزیابی اولیه؛ جایگزین پوشش فصل‌به‌فصل کتاب درسی نیست.","ترنم همدلی","original","1405"
"نهم","","نگارش","نگارش","آزمون جامع","ارزیابی پایه","هسته ۱۰ سوالی","متوسط","نوشتن منظم چه فایده‌ای دارد؟","انتقال روشن‌تر ایده‌ها","افزایش ابهام","حذف ارتباط","کاهش خوانایی","A","سؤال تألیفی تشخیصی برای ارزیابی اولیه؛ جایگزین پوشش فصل‌به‌فصل کتاب درسی نیست.","ترنم همدلی","original","1405"
"نهم","","ریاضی","ریاضی","آزمون جامع","ارزیابی پایه","هسته ۱۰ سوالی","متوسط","کدام گزینه یک مفهوم پایه در این درس است؟","تعریف و رابطه بین کمیت‌ها","رنگ","صدا","بو","A","سؤال تألیفی تشخیصی برای ارزیابی اولیه؛ جایگزین پوشش فصل‌به‌فصل کتاب درسی نیست.","ترنم همدلی","original","1405"
"نهم","","ریاضی","ریاضی","آزمون جامع","ارزیابی پایه","هسته ۱۰ سوالی","متوسط","حل مرحله‌ای مسئله چه فایده‌ای دارد؟","کاهش خطا و امکان بررسی مسیر حل","حذف داده","افزایش ابهام","تغییر موضوع","A","سؤال تألیفی تشخیصی برای ارزیابی اولیه؛ جایگزین پوشش فصل‌به‌فصل کتاب درسی نیست.","ترنم همدلی","original","1405"
"نهم","","ریاضی","ریاضی","آزمون جامع","ارزیابی پایه","هسته ۱۰ سوالی","متوسط","میانگین برای چه کاری به‌کار می‌رود؟","خلاصه‌کردن مجموعه‌ای از داده‌ها","اندازه‌گیری دما","تشخیص صدا","تعیین رنگ","A","سؤال تألیفی تشخیصی برای ارزیابی اولیه؛ جایگزین پوشش فصل‌به‌فصل کتاب درسی نیست.","ترنم همدلی","original","1405"
"نهم","","ریاضی","ریاضی","آزمون جامع","ارزیابی پایه","هسته ۱۰ سوالی","متوسط","احتمال رویداد قطعی چیست؟","۱","۰","۰٫۵","۲","A","سؤال تألیفی تشخیصی برای ارزیابی اولیه؛ جایگزین پوشش فصل‌به‌فصل کتاب درسی نیست.","ترنم همدلی","original","1405"
"نهم","","ریاضی","ریاضی","آزمون جامع","ارزیابی پایه","هسته ۱۰ سوالی","متوسط","نمودار چه کمکی می‌کند؟","نمایش و مقایسه داده‌ها","حذف داده","تغییر سؤال","حذف واحد","A","سؤال تألیفی تشخیصی برای ارزیابی اولیه؛ جایگزین پوشش فصل‌به‌فصل کتاب درسی نیست.","ترنم همدلی","original","1405"
"نهم","","ریاضی","ریاضی","آزمون جامع","ارزیابی پایه","هسته ۱۰ سوالی","متوسط","واحد اندازه‌گیری چه اهمیتی دارد؟","امکان مقایسه و بیان دقیق مقدار","تغییر نتیجه","حذف عدد","افزایش ابهام","A","سؤال تألیفی تشخیصی برای ارزیابی اولیه؛ جایگزین پوشش فصل‌به‌فصل کتاب درسی نیست.","ترنم همدلی","original","1405"
"نهم","","ریاضی","ریاضی","آزمون جامع","ارزیابی پایه","هسته ۱۰ سوالی","متوسط","برای حل یک مسئله ابتدا چه باید کرد؟","شناخت داده‌ها و خواسته","حدس پاسخ","حذف صورت مسئله","تغییر واحد بدون دلیل","A","سؤال تألیفی تشخیصی برای ارزیابی اولیه؛ جایگزین پوشش فصل‌به‌فصل کتاب درسی نیست.","ترنم همدلی","original","1405"
"نهم","","ریاضی","ریاضی","آزمون جامع","ارزیابی پایه","هسته ۱۰ سوالی","متوسط","تقریب عدد برای چیست؟","ساده‌سازی با حفظ دقت مناسب","تغییر تصادفی مقدار","حذف عدد","تبدیل به متن","A","سؤال تألیفی تشخیصی برای ارزیابی اولیه؛ جایگزین پوشش فصل‌به‌فصل کتاب درسی نیست.","ترنم همدلی","original","1405"
"نهم","","ریاضی","ریاضی","آزمون جامع","ارزیابی پایه","هسته ۱۰ سوالی","متوسط","رابطه ریاضی چه چیزی را بیان می‌کند؟","ارتباط میان کمیت‌ها","نام افراد","رنگ‌ها","صدای محیط","A","سؤال تألیفی تشخیصی برای ارزیابی اولیه؛ جایگزین پوشش فصل‌به‌فصل کتاب درسی نیست.","ترنم همدلی","original","1405"
"نهم","","ریاضی","ریاضی","آزمون جامع","ارزیابی پایه","هسته ۱۰ سوالی","متوسط","بررسی پاسخ پس از حل چه فایده‌ای دارد؟","کشف خطای محاسبه یا استدلال","حذف پاسخ","تغییر موضوع","افزایش ابهام","A","سؤال تألیفی تشخیصی برای ارزیابی اولیه؛ جایگزین پوشش فصل‌به‌فصل کتاب درسی نیست.","ترنم همدلی","original","1405"
"نهم","","علوم تجربی","علوم تجربی","آزمون جامع","ارزیابی پایه","هسته ۱۰ سوالی","متوسط","مشاهده علمی بر چه چیزی تکیه دارد؟","داده و شواهد","شایعه","حدس بدون بررسی","سلیقه","A","سؤال تألیفی تشخیصی برای ارزیابی اولیه؛ جایگزین پوشش فصل‌به‌فصل کتاب درسی نیست.","ترنم همدلی","original","1405"
"نهم","","علوم تجربی","علوم تجربی","آزمون جامع","ارزیابی پایه","هسته ۱۰ سوالی","متوسط","فرضیه چیست؟","پاسخ پیشنهادی و قابل آزمون","نتیجه قطعی","نام ابزار","واحد اندازه‌گیری","A","سؤال تألیفی تشخیصی برای ارزیابی اولیه؛ جایگزین پوشش فصل‌به‌فصل کتاب درسی نیست.","ترنم همدلی","original","1405"
"نهم","","علوم تجربی","علوم تجربی","آزمون جامع","ارزیابی پایه","هسته ۱۰ سوالی","متوسط","چرا متغیرها کنترل می‌شوند؟","برای بررسی دقیق اثر عامل مورد مطالعه","برای طولانی‌شدن آزمایش","برای حذف نتیجه","برای تغییر سؤال","A","سؤال تألیفی تشخیصی برای ارزیابی اولیه؛ جایگزین پوشش فصل‌به‌فصل کتاب درسی نیست.","ترنم همدلی","original","1405"
"نهم","","علوم تجربی","علوم تجربی","آزمون جامع","ارزیابی پایه","هسته ۱۰ سوالی","متوسط","جرم معمولاً با چه ابزاری اندازه‌گیری می‌شود؟","ترازو","دماسنج","خط‌کش","قطب‌نما","A","سؤال تألیفی تشخیصی برای ارزیابی اولیه؛ جایگزین پوشش فصل‌به‌فصل کتاب درسی نیست.","ترنم همدلی","original","1405"
"نهم","","علوم تجربی","علوم تجربی","آزمون جامع","ارزیابی پایه","هسته ۱۰ سوالی","متوسط","دما با چه ابزاری اندازه‌گیری می‌شود؟","دماسنج","ترازو","نیروسنج","خط‌کش","A","سؤال تألیفی تشخیصی برای ارزیابی اولیه؛ جایگزین پوشش فصل‌به‌فصل کتاب درسی نیست.","ترنم همدلی","original","1405"
"نهم","","علوم تجربی","علوم تجربی","آزمون جامع","ارزیابی پایه","هسته ۱۰ سوالی","متوسط","نتیجه‌گیری علمی باید بر چه چیزی تکیه کند؟","شواهد و تحلیل","حدس تنها","سلیقه","شایعه","A","سؤال تألیفی تشخیصی برای ارزیابی اولیه؛ جایگزین پوشش فصل‌به‌فصل کتاب درسی نیست.","ترنم همدلی","original","1405"
"نهم","","علوم تجربی","علوم تجربی","آزمون جامع","ارزیابی پایه","هسته ۱۰ سوالی","متوسط","مواد می‌توانند در چه حالت‌هایی باشند؟","جامد، مایع و گاز","فقط جامد","فقط مایع","فقط گاز","A","سؤال تألیفی تشخیصی برای ارزیابی اولیه؛ جایگزین پوشش فصل‌به‌فصل کتاب درسی نیست.","ترنم همدلی","original","1405"
"نهم","","علوم تجربی","علوم تجربی","آزمون جامع","ارزیابی پایه","هسته ۱۰ سوالی","متوسط","آزمایش علمی چه کمکی می‌کند؟","بررسی یک فرض یا پرسش با روش مشخص","حذف داده","تأیید هر حدس","تغییر واقعیت","A","سؤال تألیفی تشخیصی برای ارزیابی اولیه؛ جایگزین پوشش فصل‌به‌فصل کتاب درسی نیست.","ترنم همدلی","original","1405"
"نهم","","علوم تجربی","علوم تجربی","آزمون جامع","ارزیابی پایه","هسته ۱۰ سوالی","متوسط","حفاظت از محیط زیست چه هدفی دارد؟","حفظ منابع و سلامت اکوسیستم","افزایش آلودگی","حذف تنوع","مصرف بی‌رویه","A","سؤال تألیفی تشخیصی برای ارزیابی اولیه؛ جایگزین پوشش فصل‌به‌فصل کتاب درسی نیست.","ترنم همدلی","original","1405"
"نهم","","علوم تجربی","علوم تجربی","آزمون جامع","ارزیابی پایه","هسته ۱۰ سوالی","متوسط","داده معتبر چه ویژگی دارد؟","قابل مشاهده، اندازه‌گیری یا مستند باشد","کاملاً حدسی باشد","بدون منبع باشد","متناقض باشد","A","سؤال تألیفی تشخیصی برای ارزیابی اولیه؛ جایگزین پوشش فصل‌به‌فصل کتاب درسی نیست.","ترنم همدلی","original","1405"
"نهم","","مطالعات اجتماعی","مطالعات اجتماعی","آزمون جامع","ارزیابی پایه","هسته ۱۰ سوالی","متوسط","قانون چه نقشی دارد؟","تنظیم روابط و حقوق","ایجاد بی‌نظمی","حذف مسئولیت","تغییر آب‌وهوا","A","سؤال تألیفی تشخیصی برای ارزیابی اولیه؛ جایگزین پوشش فصل‌به‌فصل کتاب درسی نیست.","ترنم همدلی","original","1405"
"نهم","","مطالعات اجتماعی","مطالعات اجتماعی","آزمون جامع","ارزیابی پایه","هسته ۱۰ سوالی","متوسط","شهروند مسئول چه می‌کند؟","حقوق دیگران و وظایف خود را رعایت می‌کند","قانون را نادیده می‌گیرد","فقط مطالبه می‌کند","به محیط آسیب می‌زند","A","سؤال تألیفی تشخیصی برای ارزیابی اولیه؛ جایگزین پوشش فصل‌به‌فصل کتاب درسی نیست.","ترنم همدلی","original","1405"
"نهم","","مطالعات اجتماعی","مطالعات اجتماعی","آزمون جامع","ارزیابی پایه","هسته ۱۰ سوالی","متوسط","نقشه برای چه مفید است؟","نمایش موقعیت‌های مکانی","اندازه‌گیری دما","تشخیص صدا","محاسبه سن","A","سؤال تألیفی تشخیصی برای ارزیابی اولیه؛ جایگزین پوشش فصل‌به‌فصل کتاب درسی نیست.","ترنم همدلی","original","1405"
"نهم","","مطالعات اجتماعی","مطالعات اجتماعی","آزمون جامع","ارزیابی پایه","هسته ۱۰ سوالی","متوسط","منبع تاریخی چه فایده‌ای دارد؟","شواهدی برای شناخت گذشته فراهم می‌کند","همیشه قطعی است","فقط سرگرمی است","هیچ ارزشی ندارد","A","سؤال تألیفی تشخیصی برای ارزیابی اولیه؛ جایگزین پوشش فصل‌به‌فصل کتاب درسی نیست.","ترنم همدلی","original","1405"
"نهم","","مطالعات اجتماعی","مطالعات اجتماعی","آزمون جامع","ارزیابی پایه","هسته ۱۰ سوالی","متوسط","فرهنگ شامل چیست؟","ارزش‌ها، هنجارها و نمادها","فقط ساختمان","فقط پول","فقط آب‌وهوا","A","سؤال تألیفی تشخیصی برای ارزیابی اولیه؛ جایگزین پوشش فصل‌به‌فصل کتاب درسی نیست.","ترنم همدلی","original","1405"
"نهم","","مطالعات اجتماعی","مطالعات اجتماعی","آزمون جامع","ارزیابی پایه","هسته ۱۰ سوالی","متوسط","جمعیت یعنی چه؟","تعداد افراد یک محدوده","تعداد ساختمان","مساحت کشور","تعداد رودها","A","سؤال تألیفی تشخیصی برای ارزیابی اولیه؛ جایگزین پوشش فصل‌به‌فصل کتاب درسی نیست.","ترنم همدلی","original","1405"
"نهم","","مطالعات اجتماعی","مطالعات اجتماعی","آزمون جامع","ارزیابی پایه","هسته ۱۰ سوالی","متوسط","مهاجرت چیست؟","جابه‌جایی افراد برای سکونت","تغییر فصل","حرکت زمین","تغییر زبان","A","سؤال تألیفی تشخیصی برای ارزیابی اولیه؛ جایگزین پوشش فصل‌به‌فصل کتاب درسی نیست.","ترنم همدلی","original","1405"
"نهم","","مطالعات اجتماعی","مطالعات اجتماعی","آزمون جامع","ارزیابی پایه","هسته ۱۰ سوالی","متوسط","همکاری اجتماعی چه فایده‌ای دارد؟","حل بهتر مسائل مشترک","حذف مسئولیت","بی‌نیازی از قانون","افزایش قطعی تعارض","A","سؤال تألیفی تشخیصی برای ارزیابی اولیه؛ جایگزین پوشش فصل‌به‌فصل کتاب درسی نیست.","ترنم همدلی","original","1405"
"نهم","","مطالعات اجتماعی","مطالعات اجتماعی","آزمون جامع","ارزیابی پایه","هسته ۱۰ سوالی","متوسط","توسعه پایدار بر چه چیزی تأکید دارد؟","توجه به نیاز امروز و آینده","مصرف بی‌حد","حذف طبیعت","نادیده گرفتن نسل آینده","A","سؤال تألیفی تشخیصی برای ارزیابی اولیه؛ جایگزین پوشش فصل‌به‌فصل کتاب درسی نیست.","ترنم همدلی","original","1405"
"نهم","","مطالعات اجتماعی","مطالعات اجتماعی","آزمون جامع","ارزیابی پایه","هسته ۱۰ سوالی","متوسط","پدیده‌های اجتماعی را بهتر است چگونه بررسی کرد؟","با مفهوم، شواهد و توجه به زمینه","با یک شایعه","با حدس تنها","بدون داده","A","سؤال تألیفی تشخیصی برای ارزیابی اولیه؛ جایگزین پوشش فصل‌به‌فصل کتاب درسی نیست.","ترنم همدلی","original","1405"
"نهم","","آموزش قرآن","آموزش قرآن","آزمون جامع","ارزیابی پایه","هسته ۱۰ سوالی","متوسط","صداقت یعنی چه؟","راستگویی و پرهیز از فریب","پنهان‌کاری برای منفعت","تمسخر","بی‌تفاوتی","A","سؤال تألیفی تشخیصی برای ارزیابی اولیه؛ جایگزین پوشش فصل‌به‌فصل کتاب درسی نیست.","ترنم همدلی","original","1405"
"نهم","","آموزش قرآن","آموزش قرآن","آزمون جامع","ارزیابی پایه","هسته ۱۰ سوالی","متوسط","مسئولیت‌پذیری چیست؟","پذیرفتن وظیفه و پیامد رفتار","انداختن تقصیر بر دیگران","فرار از وظیفه","نادیده گرفتن پیامد","A","سؤال تألیفی تشخیصی برای ارزیابی اولیه؛ جایگزین پوشش فصل‌به‌فصل کتاب درسی نیست.","ترنم همدلی","original","1405"
"نهم","","آموزش قرآن","آموزش قرآن","آزمون جامع","ارزیابی پایه","هسته ۱۰ سوالی","متوسط","عدالت به چه چیزی نزدیک است؟","رعایت حق و انصاف","تبعیض","طرفداری بی‌دلیل","بی‌قانونی","A","سؤال تألیفی تشخیصی برای ارزیابی اولیه؛ جایگزین پوشش فصل‌به‌فصل کتاب درسی نیست.","ترنم همدلی","original","1405"
"نهم","","آموزش قرآن","آموزش قرآن","آزمون جامع","ارزیابی پایه","هسته ۱۰ سوالی","متوسط","امانت‌داری یعنی چه؟","حفظ حق و اعتماد دیگران","افشای راز","استفاده بدون اجازه","تحریف","A","سؤال تألیفی تشخیصی برای ارزیابی اولیه؛ جایگزین پوشش فصل‌به‌فصل کتاب درسی نیست.","ترنم همدلی","original","1405"
"نهم","","آموزش قرآن","آموزش قرآن","آزمون جامع","ارزیابی پایه","هسته ۱۰ سوالی","متوسط","همدلی چیست؟","درک احساس و موقعیت دیگران","تأیید همه رفتارها","تحقیر","تحمیل نظر","A","سؤال تألیفی تشخیصی برای ارزیابی اولیه؛ جایگزین پوشش فصل‌به‌فصل کتاب درسی نیست.","ترنم همدلی","original","1405"
"نهم","","آموزش قرآن","آموزش قرآن","آزمون جامع","ارزیابی پایه","هسته ۱۰ سوالی","متوسط","صبر در دشواری یعنی چه؟","پایداری همراه با مدیریت درست واکنش","پرخاشگری","انکار مسئله","بی‌عملی مطلق","A","سؤال تألیفی تشخیصی برای ارزیابی اولیه؛ جایگزین پوشش فصل‌به‌فصل کتاب درسی نیست.","ترنم همدلی","original","1405"
"نهم","","آموزش قرآن","آموزش قرآن","آزمون جامع","ارزیابی پایه","هسته ۱۰ سوالی","متوسط","شکرگزاری یعنی چه؟","شناخت نعمت و قدردانی","انکار داشته‌ها","مقایسه دائمی","بی‌توجهی","A","سؤال تألیفی تشخیصی برای ارزیابی اولیه؛ جایگزین پوشش فصل‌به‌فصل کتاب درسی نیست.","ترنم همدلی","original","1405"
"نهم","","آموزش قرآن","آموزش قرآن","آزمون جامع","ارزیابی پایه","هسته ۱۰ سوالی","متوسط","احترام به دیگران چگونه نشان داده می‌شود؟","رعایت کرامت و حقوق آنان","تمسخر","تحقیر","بی‌توجهی","A","سؤال تألیفی تشخیصی برای ارزیابی اولیه؛ جایگزین پوشش فصل‌به‌فصل کتاب درسی نیست.","ترنم همدلی","original","1405"
"نهم","","آموزش قرآن","آموزش قرآن","آزمون جامع","ارزیابی پایه","هسته ۱۰ سوالی","متوسط","کمک مسئولانه به دیگران چه ویژگی دارد؟","بدون ایجاد آسیب و با توجه به نیاز واقعی","اجبار","فریب","نادیده‌گرفتن حقوق","A","سؤال تألیفی تشخیصی برای ارزیابی اولیه؛ جایگزین پوشش فصل‌به‌فصل کتاب درسی نیست.","ترنم همدلی","original","1405"
"نهم","","آموزش قرآن","آموزش قرآن","آزمون جامع","ارزیابی پایه","هسته ۱۰ سوالی","متوسط","نیت در عمل اخلاقی چه اهمیتی دارد؟","در ارزش‌گذاری عمل نقش دارد","هیچ اهمیتی ندارد","فقط ظاهر مهم است","فقط پول مهم است","A","سؤال تألیفی تشخیصی برای ارزیابی اولیه؛ جایگزین پوشش فصل‌به‌فصل کتاب درسی نیست.","ترنم همدلی","original","1405"
"نهم","","پیام‌های آسمان","پیام‌های آسمان","آزمون جامع","ارزیابی پایه","هسته ۱۰ سوالی","متوسط","صداقت یعنی چه؟","راستگویی و پرهیز از فریب","پنهان‌کاری برای منفعت","تمسخر","بی‌تفاوتی","A","سؤال تألیفی تشخیصی برای ارزیابی اولیه؛ جایگزین پوشش فصل‌به‌فصل کتاب درسی نیست.","ترنم همدلی","original","1405"
"نهم","","پیام‌های آسمان","پیام‌های آسمان","آزمون جامع","ارزیابی پایه","هسته ۱۰ سوالی","متوسط","مسئولیت‌پذیری چیست؟","پذیرفتن وظیفه و پیامد رفتار","انداختن تقصیر بر دیگران","فرار از وظیفه","نادیده گرفتن پیامد","A","سؤال تألیفی تشخیصی برای ارزیابی اولیه؛ جایگزین پوشش فصل‌به‌فصل کتاب درسی نیست.","ترنم همدلی","original","1405"
"نهم","","پیام‌های آسمان","پیام‌های آسمان","آزمون جامع","ارزیابی پایه","هسته ۱۰ سوالی","متوسط","عدالت به چه چیزی نزدیک است؟","رعایت حق و انصاف","تبعیض","طرفداری بی‌دلیل","بی‌قانونی","A","سؤال تألیفی تشخیصی برای ارزیابی اولیه؛ جایگزین پوشش فصل‌به‌فصل کتاب درسی نیست.","ترنم همدلی","original","1405"
"نهم","","پیام‌های آسمان","پیام‌های آسمان","آزمون جامع","ارزیابی پایه","هسته ۱۰ سوالی","متوسط","امانت‌داری یعنی چه؟","حفظ حق و اعتماد دیگران","افشای راز","استفاده بدون اجازه","تحریف","A","سؤال تألیفی تشخیصی برای ارزیابی اولیه؛ جایگزین پوشش فصل‌به‌فصل کتاب درسی نیست.","ترنم همدلی","original","1405"
"نهم","","پیام‌های آسمان","پیام‌های آسمان","آزمون جامع","ارزیابی پایه","هسته ۱۰ سوالی","متوسط","همدلی چیست؟","درک احساس و موقعیت دیگران","تأیید همه رفتارها","تحقیر","تحمیل نظر","A","سؤال تألیفی تشخیصی برای ارزیابی اولیه؛ جایگزین پوشش فصل‌به‌فصل کتاب درسی نیست.","ترنم همدلی","original","1405"
"نهم","","پیام‌های آسمان","پیام‌های آسمان","آزمون جامع","ارزیابی پایه","هسته ۱۰ سوالی","متوسط","صبر در دشواری یعنی چه؟","پایداری همراه با مدیریت درست واکنش","پرخاشگری","انکار مسئله","بی‌عملی مطلق","A","سؤال تألیفی تشخیصی برای ارزیابی اولیه؛ جایگزین پوشش فصل‌به‌فصل کتاب درسی نیست.","ترنم همدلی","original","1405"
"نهم","","پیام‌های آسمان","پیام‌های آسمان","آزمون جامع","ارزیابی پایه","هسته ۱۰ سوالی","متوسط","شکرگزاری یعنی چه؟","شناخت نعمت و قدردانی","انکار داشته‌ها","مقایسه دائمی","بی‌توجهی","A","سؤال تألیفی تشخیصی برای ارزیابی اولیه؛ جایگزین پوشش فصل‌به‌فصل کتاب درسی نیست.","ترنم همدلی","original","1405"
"نهم","","پیام‌های آسمان","پیام‌های آسمان","آزمون جامع","ارزیابی پایه","هسته ۱۰ سوالی","متوسط","احترام به دیگران چگونه نشان داده می‌شود؟","رعایت کرامت و حقوق آنان","تمسخر","تحقیر","بی‌توجهی","A","سؤال تألیفی تشخیصی برای ارزیابی اولیه؛ جایگزین پوشش فصل‌به‌فصل کتاب درسی نیست.","ترنم همدلی","original","1405"
"نهم","","پیام‌های آسمان","پیام‌های آسمان","آزمون جامع","ارزیابی پایه","هسته ۱۰ سوالی","متوسط","کمک مسئولانه به دیگران چه ویژگی دارد؟","بدون ایجاد آسیب و با توجه به نیاز واقعی","اجبار","فریب","نادیده‌گرفتن حقوق","A","سؤال تألیفی تشخیصی برای ارزیابی اولیه؛ جایگزین پوشش فصل‌به‌فصل کتاب درسی نیست.","ترنم همدلی","original","1405"
"نهم","","پیام‌های آسمان","پیام‌های آسمان","آزمون جامع","ارزیابی پایه","هسته ۱۰ سوالی","متوسط","نیت در عمل اخلاقی چه اهمیتی دارد؟","در ارزش‌گذاری عمل نقش دارد","هیچ اهمیتی ندارد","فقط ظاهر مهم است","فقط پول مهم است","A","سؤال تألیفی تشخیصی برای ارزیابی اولیه؛ جایگزین پوشش فصل‌به‌فصل کتاب درسی نیست.","ترنم همدلی","original","1405"
"نهم","","عربی","عربی","آزمون جامع","ارزیابی پایه","هسته ۱۰ سوالی","متوسط","فعل ماضی به چه زمانی اشاره می‌کند؟","گذشته","حال","آینده","همیشه","A","سؤال تألیفی تشخیصی برای ارزیابی اولیه؛ جایگزین پوشش فصل‌به‌فصل کتاب درسی نیست.","ترنم همدلی","original","1405"
"نهم","","عربی","عربی","آزمون جامع","ارزیابی پایه","هسته ۱۰ سوالی","متوسط","فعل مضارع معمولاً بر چه زمانی دلالت می‌کند؟","حال یا آینده","فقط گذشته","فقط گذشته دور","هیچ زمان","A","سؤال تألیفی تشخیصی برای ارزیابی اولیه؛ جایگزین پوشش فصل‌به‌فصل کتاب درسی نیست.","ترنم همدلی","original","1405"
"نهم","","عربی","عربی","آزمون جامع","ارزیابی پایه","هسته ۱۰ سوالی","متوسط","فاعل چیست؟","انجام‌دهنده کار فعل","زمان جمله","محل کار","نشانه جمع","A","سؤال تألیفی تشخیصی برای ارزیابی اولیه؛ جایگزین پوشش فصل‌به‌فصل کتاب درسی نیست.","ترنم همدلی","original","1405"
"نهم","","عربی","عربی","آزمون جامع","ارزیابی پایه","هسته ۱۰ سوالی","متوسط","مفعول‌به چیست؟","کسی یا چیزی که عمل بر او واقع می‌شود","انجام‌دهنده عمل","زمان","صفت","A","سؤال تألیفی تشخیصی برای ارزیابی اولیه؛ جایگزین پوشش فصل‌به‌فصل کتاب درسی نیست.","ترنم همدلی","original","1405"
"نهم","","عربی","عربی","آزمون جامع","ارزیابی پایه","هسته ۱۰ سوالی","متوسط","مفرد یعنی چه؟","یک فرد یا چیز","دو فرد","چند فرد","جمله کامل","A","سؤال تألیفی تشخیصی برای ارزیابی اولیه؛ جایگزین پوشش فصل‌به‌فصل کتاب درسی نیست.","ترنم همدلی","original","1405"
"نهم","","عربی","عربی","آزمون جامع","ارزیابی پایه","هسته ۱۰ سوالی","متوسط","جمع یعنی چه؟","بیش از یک","دقیقاً یک","بدون تعداد","یک فعل","A","سؤال تألیفی تشخیصی برای ارزیابی اولیه؛ جایگزین پوشش فصل‌به‌فصل کتاب درسی نیست.","ترنم همدلی","original","1405"
"نهم","","عربی","عربی","آزمون جامع","ارزیابی پایه","هسته ۱۰ سوالی","متوسط","ترجمه درست به چه نیاز دارد؟","شناخت واژه و ساختار جمله","حدس یک واژه","حذف فعل","تغییر معنا","A","سؤال تألیفی تشخیصی برای ارزیابی اولیه؛ جایگزین پوشش فصل‌به‌فصل کتاب درسی نیست.","ترنم همدلی","original","1405"
"نهم","","عربی","عربی","آزمون جامع","ارزیابی پایه","هسته ۱۰ سوالی","متوسط","اسم چه چیزی می‌تواند باشد؟","نام شخص، چیز یا مفهوم","فقط فعل","فقط حرف","فقط عدد","A","سؤال تألیفی تشخیصی برای ارزیابی اولیه؛ جایگزین پوشش فصل‌به‌فصل کتاب درسی نیست.","ترنم همدلی","original","1405"
"نهم","","عربی","عربی","آزمون جامع","ارزیابی پایه","هسته ۱۰ سوالی","متوسط","معنا در ترجمه باید چگونه حفظ شود؟","متناسب با کل جمله","با حذف فعل","با تغییر فاعل","با حذف واژه‌های مهم","A","سؤال تألیفی تشخیصی برای ارزیابی اولیه؛ جایگزین پوشش فصل‌به‌فصل کتاب درسی نیست.","ترنم همدلی","original","1405"
"نهم","","عربی","عربی","آزمون جامع","ارزیابی پایه","هسته ۱۰ سوالی","متوسط","یادگیری واژه‌ها در بافت جمله چه فایده‌ای دارد؟","درک بهتر کاربرد و معنا","حذف معنی","افزایش ابهام","تغییر دستور","A","سؤال تألیفی تشخیصی برای ارزیابی اولیه؛ جایگزین پوشش فصل‌به‌فصل کتاب درسی نیست.","ترنم همدلی","original","1405"
"نهم","","زبان انگلیسی","زبان انگلیسی","آزمون جامع","ارزیابی پایه","هسته ۱۰ سوالی","متوسط","What does 'book' mean?","کتاب","مدرسه","خانه","دوست","A","سؤال تألیفی تشخیصی برای ارزیابی اولیه؛ جایگزین پوشش فصل‌به‌فصل کتاب درسی نیست.","ترنم همدلی","original","1405"
"نهم","","زبان انگلیسی","زبان انگلیسی","آزمون جامع","ارزیابی پایه","هسته ۱۰ سوالی","متوسط","Which word is a verb?","study","student","school","book","A","سؤال تألیفی تشخیصی برای ارزیابی اولیه؛ جایگزین پوشش فصل‌به‌فصل کتاب درسی نیست.","ترنم همدلی","original","1405"
"نهم","","زبان انگلیسی","زبان انگلیسی","آزمون جامع","ارزیابی پایه","هسته ۱۰ سوالی","متوسط","What is the opposite of 'big'?","small","long","fast","old","A","سؤال تألیفی تشخیصی برای ارزیابی اولیه؛ جایگزین پوشش فصل‌به‌فصل کتاب درسی نیست.","ترنم همدلی","original","1405"
"نهم","","زبان انگلیسی","زبان انگلیسی","آزمون جامع","ارزیابی پایه","هسته ۱۰ سوالی","متوسط","Which sentence is a question?","Are you ready?","I am ready.","She studies.","They are students.","A","سؤال تألیفی تشخیصی برای ارزیابی اولیه؛ جایگزین پوشش فصل‌به‌فصل کتاب درسی نیست.","ترنم همدلی","original","1405"
"نهم","","زبان انگلیسی","زبان انگلیسی","آزمون جامع","ارزیابی پایه","هسته ۱۰ سوالی","متوسط","What does 'teacher' mean?","معلم","دانش‌آموز","کتاب","کلاس","A","سؤال تألیفی تشخیصی برای ارزیابی اولیه؛ جایگزین پوشش فصل‌به‌فصل کتاب درسی نیست.","ترنم همدلی","original","1405"
"نهم","","زبان انگلیسی","زبان انگلیسی","آزمون جامع","ارزیابی پایه","هسته ۱۰ سوالی","متوسط","Which word means 'آب'?","water","bread","milk","book","A","سؤال تألیفی تشخیصی برای ارزیابی اولیه؛ جایگزین پوشش فصل‌به‌فصل کتاب درسی نیست.","ترنم همدلی","original","1405"
"نهم","","زبان انگلیسی","زبان انگلیسی","آزمون جامع","ارزیابی پایه","هسته ۱۰ سوالی","متوسط","What is the past form of 'go'?","went","goes","going","go","A","سؤال تألیفی تشخیصی برای ارزیابی اولیه؛ جایگزین پوشش فصل‌به‌فصل کتاب درسی نیست.","ترنم همدلی","original","1405"
"نهم","","زبان انگلیسی","زبان انگلیسی","آزمون جامع","ارزیابی پایه","هسته ۱۰ سوالی","متوسط","Which word is plural?","books","book","read","quick","A","سؤال تألیفی تشخیصی برای ارزیابی اولیه؛ جایگزین پوشش فصل‌به‌فصل کتاب درسی نیست.","ترنم همدلی","original","1405"
"نهم","","زبان انگلیسی","زبان انگلیسی","آزمون جامع","ارزیابی پایه","هسته ۱۰ سوالی","متوسط","What does 'happy' mean?","خوشحال","خسته","گرسنه","سرد","A","سؤال تألیفی تشخیصی برای ارزیابی اولیه؛ جایگزین پوشش فصل‌به‌فصل کتاب درسی نیست.","ترنم همدلی","original","1405"
"نهم","","زبان انگلیسی","زبان انگلیسی","آزمون جامع","ارزیابی پایه","هسته ۱۰ سوالی","متوسط","Why is context important in reading?","It helps determine meaning","It removes words","It changes spelling","It deletes the sentence","A","سؤال تألیفی تشخیصی برای ارزیابی اولیه؛ جایگزین پوشش فصل‌به‌فصل کتاب درسی نیست.","ترنم همدلی","original","1405"
"نهم","","فرهنگ و هنر","فرهنگ و هنر","آزمون جامع","ارزیابی پایه","هسته ۱۰ سوالی","متوسط","ترکیب‌بندی در هنر به چه مربوط است؟","سازمان‌دهی عناصر اثر","اندازه‌گیری وزن","حل معادله","حفظ تاریخ","A","سؤال تألیفی تشخیصی برای ارزیابی اولیه؛ جایگزین پوشش فصل‌به‌فصل کتاب درسی نیست.","ترنم همدلی","original","1405"
"نهم","","فرهنگ و هنر","فرهنگ و هنر","آزمون جامع","ارزیابی پایه","هسته ۱۰ سوالی","متوسط","کنتراست چیست؟","تفاوت قابل توجه میان عناصر","تکرار کامل","حذف رنگ","بی‌نظمی","A","سؤال تألیفی تشخیصی برای ارزیابی اولیه؛ جایگزین پوشش فصل‌به‌فصل کتاب درسی نیست.","ترنم همدلی","original","1405"
"نهم","","فرهنگ و هنر","فرهنگ و هنر","آزمون جامع","ارزیابی پایه","هسته ۱۰ سوالی","متوسط","خط در اثر هنری چه نقشی دارد؟","ایجاد جهت و شکل","اندازه‌گیری فقط","نوشتن متن","تعیین زمان","A","سؤال تألیفی تشخیصی برای ارزیابی اولیه؛ جایگزین پوشش فصل‌به‌فصل کتاب درسی نیست.","ترنم همدلی","original","1405"
"نهم","","فرهنگ و هنر","فرهنگ و هنر","آزمون جامع","ارزیابی پایه","هسته ۱۰ سوالی","متوسط","تعادل بصری یعنی چه؟","توزیع متناسب وزن بصری عناصر","حذف همه عناصر","یکسانی رنگ‌ها","بی‌نظمی","A","سؤال تألیفی تشخیصی برای ارزیابی اولیه؛ جایگزین پوشش فصل‌به‌فصل کتاب درسی نیست.","ترنم همدلی","original","1405"
"نهم","","فرهنگ و هنر","فرهنگ و هنر","آزمون جامع","ارزیابی پایه","هسته ۱۰ سوالی","متوسط","خلاقیت با چه چیزی تقویت می‌شود؟","تجربه، مشاهده و ایده‌پردازی","تکرار بی‌فکر","حذف مشاهده","بی‌تمرینی","A","سؤال تألیفی تشخیصی برای ارزیابی اولیه؛ جایگزین پوشش فصل‌به‌فصل کتاب درسی نیست.","ترنم همدلی","original","1405"
"نهم","","فرهنگ و هنر","فرهنگ و هنر","آزمون جامع","ارزیابی پایه","هسته ۱۰ سوالی","متوسط","بافت در هنر به چه اشاره دارد؟","کیفیت سطح و حس بصری یا لمسی","اندازه صفحه","زمان اثر","نام هنرمند","A","سؤال تألیفی تشخیصی برای ارزیابی اولیه؛ جایگزین پوشش فصل‌به‌فصل کتاب درسی نیست.","ترنم همدلی","original","1405"
"نهم","","فرهنگ و هنر","فرهنگ و هنر","آزمون جامع","ارزیابی پایه","هسته ۱۰ سوالی","متوسط","پرسپکتیو برای چیست؟","نمایش عمق و فاصله","حذف حجم","تغییر صدا","محاسبه زمان","A","سؤال تألیفی تشخیصی برای ارزیابی اولیه؛ جایگزین پوشش فصل‌به‌فصل کتاب درسی نیست.","ترنم همدلی","original","1405"
"نهم","","فرهنگ و هنر","فرهنگ و هنر","آزمون جامع","ارزیابی پایه","هسته ۱۰ سوالی","متوسط","فرم چه چیزی را بیان می‌کند؟","ساختار و شکل اثر","فقط رنگ","فقط صدا","فقط متن","A","سؤال تألیفی تشخیصی برای ارزیابی اولیه؛ جایگزین پوشش فصل‌به‌فصل کتاب درسی نیست.","ترنم همدلی","original","1405"
"نهم","","فرهنگ و هنر","فرهنگ و هنر","آزمون جامع","ارزیابی پایه","هسته ۱۰ سوالی","متوسط","نقد هنری بهتر است بر چه چیزی استوار باشد؟","مشاهده اثر و استدلال","سلیقه بدون توضیح","شایعه","نام هنرمند فقط","A","سؤال تألیفی تشخیصی برای ارزیابی اولیه؛ جایگزین پوشش فصل‌به‌فصل کتاب درسی نیست.","ترنم همدلی","original","1405"
"نهم","","فرهنگ و هنر","فرهنگ و هنر","آزمون جامع","ارزیابی پایه","هسته ۱۰ سوالی","متوسط","تناسب در اثر هنری یعنی چه؟","رابطه اندازه عناصر با یکدیگر","حذف اندازه","تکرار رنگ","بی‌نظمی","A","سؤال تألیفی تشخیصی برای ارزیابی اولیه؛ جایگزین پوشش فصل‌به‌فصل کتاب درسی نیست.","ترنم همدلی","original","1405"
"نهم","","کار و فناوری","کار و فناوری","آزمون جامع","ارزیابی پایه","هسته ۱۰ سوالی","متوسط","فناوری چیست؟","کاربرد دانش و ابزار برای حل مسئله","فقط رایانه","فقط اینترنت","یک کتاب","A","سؤال تألیفی تشخیصی برای ارزیابی اولیه؛ جایگزین پوشش فصل‌به‌فصل کتاب درسی نیست.","ترنم همدلی","original","1405"
"نهم","","کار و فناوری","کار و فناوری","آزمون جامع","ارزیابی پایه","هسته ۱۰ سوالی","متوسط","الگوریتم چیست؟","مراحل منظم برای حل مسئله","وسیله فیزیکی","نقاشی","عدد","A","سؤال تألیفی تشخیصی برای ارزیابی اولیه؛ جایگزین پوشش فصل‌به‌فصل کتاب درسی نیست.","ترنم همدلی","original","1405"
"نهم","","کار و فناوری","کار و فناوری","آزمون جامع","ارزیابی پایه","هسته ۱۰ سوالی","متوسط","پشتیبان‌گیری چه فایده‌ای دارد؟","کاهش خطر از دست رفتن اطلاعات","افزایش خطا","حذف فایل","کند کردن اینترنت","A","سؤال تألیفی تشخیصی برای ارزیابی اولیه؛ جایگزین پوشش فصل‌به‌فصل کتاب درسی نیست.","ترنم همدلی","original","1405"
"نهم","","کار و فناوری","کار و فناوری","آزمون جامع","ارزیابی پایه","هسته ۱۰ سوالی","متوسط","حل مسئله فناورانه از کجا شروع می‌شود؟","شناخت نیاز یا مسئله","خرید ابزار بدون هدف","کپی نتیجه","حذف مسئله","A","سؤال تألیفی تشخیصی برای ارزیابی اولیه؛ جایگزین پوشش فصل‌به‌فصل کتاب درسی نیست.","ترنم همدلی","original","1405"
"نهم","","کار و فناوری","کار و فناوری","آزمون جامع","ارزیابی پایه","هسته ۱۰ سوالی","متوسط","داده چیست؟","اطلاعات خام قابل پردازش","فقط تصویر","فقط صدا","فقط متن","A","سؤال تألیفی تشخیصی برای ارزیابی اولیه؛ جایگزین پوشش فصل‌به‌فصل کتاب درسی نیست.","ترنم همدلی","original","1405"
"نهم","","کار و فناوری","کار و فناوری","آزمون جامع","ارزیابی پایه","هسته ۱۰ سوالی","متوسط","پروژه خوب چه ویژگی دارد؟","هدف، مراحل و ارزیابی مشخص","بدون هدف","بدون برنامه","بدون ارزیابی","A","سؤال تألیفی تشخیصی برای ارزیابی اولیه؛ جایگزین پوشش فصل‌به‌فصل کتاب درسی نیست.","ترنم همدلی","original","1405"
"نهم","","کار و فناوری","کار و فناوری","آزمون جامع","ارزیابی پایه","هسته ۱۰ سوالی","متوسط","امنیت رمز عبور چگونه بهتر می‌شود؟","رمز قوی و منحصربه‌فرد","رمز ساده","اشتراک با همه","انتشار عمومی","A","سؤال تألیفی تشخیصی برای ارزیابی اولیه؛ جایگزین پوشش فصل‌به‌فصل کتاب درسی نیست.","ترنم همدلی","original","1405"
"نهم","","کار و فناوری","کار و فناوری","آزمون جامع","ارزیابی پایه","هسته ۱۰ سوالی","متوسط","مصرف مسئولانه فناوری یعنی چه؟","استفاده آگاهانه و ایمن","استفاده بی‌وقفه","اشتراک همه اطلاعات","نادیده گرفتن امنیت","A","سؤال تألیفی تشخیصی برای ارزیابی اولیه؛ جایگزین پوشش فصل‌به‌فصل کتاب درسی نیست.","ترنم همدلی","original","1405"
"نهم","","کار و فناوری","کار و فناوری","آزمون جامع","ارزیابی پایه","هسته ۱۰ سوالی","متوسط","آزمایش راه‌حل چه فایده‌ای دارد؟","شناسایی خطا و بهبود","تضمین بدون آزمون","حذف بررسی","تغییر هدف","A","سؤال تألیفی تشخیصی برای ارزیابی اولیه؛ جایگزین پوشش فصل‌به‌فصل کتاب درسی نیست.","ترنم همدلی","original","1405"
"نهم","","کار و فناوری","کار و فناوری","آزمون جامع","ارزیابی پایه","هسته ۱۰ سوالی","متوسط","فناوری مسئولانه چه اصلی دارد؟","فایده‌رسانی همراه با توجه به ایمنی و پیامدها","مصرف بی‌حد","نادیده گرفتن پیامد","حذف ایمنی","A","سؤال تألیفی تشخیصی برای ارزیابی اولیه؛ جایگزین پوشش فصل‌به‌فصل کتاب درسی نیست.","ترنم همدلی","original","1405"
"نهم","","آمادگی دفاعی","آمادگی دفاعی","آزمون جامع","ارزیابی پایه","هسته ۱۰ سوالی","متوسط","آمادگی در بحران چه فایده‌ای دارد؟","کاهش آسیب و واکنش سریع‌تر","افزایش سردرگمی","حذف برنامه","افزایش خطر","A","سؤال تألیفی تشخیصی برای ارزیابی اولیه؛ جایگزین پوشش فصل‌به‌فصل کتاب درسی نیست.","ترنم همدلی","original","1405"
"نهم","","آمادگی دفاعی","آمادگی دفاعی","آزمون جامع","ارزیابی پایه","هسته ۱۰ سوالی","متوسط","در شرایط اضطراری نخستین اقدام مناسب چیست؟","حفظ آرامش و رعایت دستورهای ایمنی","دویدن بی‌هدف","انتشار شایعه","بازگشت به محل خطر","A","سؤال تألیفی تشخیصی برای ارزیابی اولیه؛ جایگزین پوشش فصل‌به‌فصل کتاب درسی نیست.","ترنم همدلی","original","1405"
"نهم","","آمادگی دفاعی","آمادگی دفاعی","آزمون جامع","ارزیابی پایه","هسته ۱۰ سوالی","متوسط","اطلاعات نادرست در بحران چه خطری دارد؟","افزایش اضطراب و تصمیم نادرست","افزایش دقت","کاهش شایعه","بهبود ارتباط","A","سؤال تألیفی تشخیصی برای ارزیابی اولیه؛ جایگزین پوشش فصل‌به‌فصل کتاب درسی نیست.","ترنم همدلی","original","1405"
"نهم","","آمادگی دفاعی","آمادگی دفاعی","آزمون جامع","ارزیابی پایه","هسته ۱۰ سوالی","متوسط","امنیت فردی با چه چیزی بهتر می‌شود؟","رعایت اصول ایمنی و آگاهی از خطرها","نادیده گرفتن هشدار","بی‌احتیاطی","انتشار اطلاعات حساس","A","سؤال تألیفی تشخیصی برای ارزیابی اولیه؛ جایگزین پوشش فصل‌به‌فصل کتاب درسی نیست.","ترنم همدلی","original","1405"
"نهم","","آمادگی دفاعی","آمادگی دفاعی","آزمون جامع","ارزیابی پایه","هسته ۱۰ سوالی","متوسط","کمک‌رسانی مؤثر به چه نیاز دارد؟","هماهنگی و اولویت‌بندی","اقدام پراکنده","حذف ارتباط","بی‌برنامگی","A","سؤال تألیفی تشخیصی برای ارزیابی اولیه؛ جایگزین پوشش فصل‌به‌فصل کتاب درسی نیست.","ترنم همدلی","original","1405"
"نهم","","آمادگی دفاعی","آمادگی دفاعی","آزمون جامع","ارزیابی پایه","هسته ۱۰ سوالی","متوسط","تهدید را چگونه بهتر ارزیابی می‌کنیم؟","بر اساس شواهد و احتمال آسیب","با شایعه","با حدس عجولانه","بدون اطلاعات","A","سؤال تألیفی تشخیصی برای ارزیابی اولیه؛ جایگزین پوشش فصل‌به‌فصل کتاب درسی نیست.","ترنم همدلی","original","1405"
"نهم","","آمادگی دفاعی","آمادگی دفاعی","آزمون جامع","ارزیابی پایه","هسته ۱۰ سوالی","متوسط","تاب‌آوری یعنی چه؟","توان سازگاری و بازگشت پس از دشواری","انکار مشکل","بی‌تفاوتی","اجتناب از هر تغییر","A","سؤال تألیفی تشخیصی برای ارزیابی اولیه؛ جایگزین پوشش فصل‌به‌فصل کتاب درسی نیست.","ترنم همدلی","original","1405"
"نهم","","آمادگی دفاعی","آمادگی دفاعی","آزمون جامع","ارزیابی پایه","هسته ۱۰ سوالی","متوسط","مسئولیت اجتماعی در بحران چیست؟","کمک مسئولانه و رعایت حقوق دیگران","احتکار","شایعه","ایجاد ازدحام","A","سؤال تألیفی تشخیصی برای ارزیابی اولیه؛ جایگزین پوشش فصل‌به‌فصل کتاب درسی نیست.","ترنم همدلی","original","1405"
"نهم","","آمادگی دفاعی","آمادگی دفاعی","آزمون جامع","ارزیابی پایه","هسته ۱۰ سوالی","متوسط","آموزش ایمنی چه نقشی دارد؟","پیشگیری و افزایش آمادگی","افزایش خطر","حذف مهارت","کاهش آگاهی","A","سؤال تألیفی تشخیصی برای ارزیابی اولیه؛ جایگزین پوشش فصل‌به‌فصل کتاب درسی نیست.","ترنم همدلی","original","1405"
"نهم","","آمادگی دفاعی","آمادگی دفاعی","آزمون جامع","ارزیابی پایه","هسته ۱۰ سوالی","متوسط","پدافند غیرعامل بر چه چیزی تأکید دارد؟","کاهش آسیب‌پذیری بدون استفاده مستقیم از سلاح","افزایش خطر","حذف آمادگی","نادیده گرفتن تهدید","A","سؤال تألیفی تشخیصی برای ارزیابی اولیه؛ جایگزین پوشش فصل‌به‌فصل کتاب درسی نیست.","ترنم همدلی","original","1405"
"دهم","ریاضی","فارسی","فارسی","آزمون جامع","ارزیابی پایه","هسته ۱۰ سوالی","متوسط","درک متن بیشتر به چه نیاز دارد؟","توجه به واژه‌ها و ارتباط جمله‌ها","حفظ عنوان","شمردن کلمات","حذف مثال‌ها","A","سؤال تألیفی تشخیصی برای ارزیابی اولیه؛ جایگزین پوشش فصل‌به‌فصل کتاب درسی نیست.","ترنم همدلی","original","1405"
"دهم","ریاضی","فارسی","فارسی","آزمون جامع","ارزیابی پایه","هسته ۱۰ سوالی","متوسط","واژه مترادف چیست؟","واژه هم‌معنی یا نزدیک‌معنی","واژه مخالف","واژه بی‌معنا","عدد","A","سؤال تألیفی تشخیصی برای ارزیابی اولیه؛ جایگزین پوشش فصل‌به‌فصل کتاب درسی نیست.","ترنم همدلی","original","1405"
"دهم","ریاضی","فارسی","فارسی","آزمون جامع","ارزیابی پایه","هسته ۱۰ سوالی","متوسط","فعل معمولاً چه چیزی را نشان می‌دهد؟","کار یا حالت","رنگ","تعداد صفحات","علامت سؤال","A","سؤال تألیفی تشخیصی برای ارزیابی اولیه؛ جایگزین پوشش فصل‌به‌فصل کتاب درسی نیست.","ترنم همدلی","original","1405"
"دهم","ریاضی","فارسی","فارسی","آزمون جامع","ارزیابی پایه","هسته ۱۰ سوالی","متوسط","عنوان مناسب چه ویژگی دارد؟","با محتوای متن ارتباط دارد","کاملاً بی‌ربط است","همیشه طولانی است","فقط عدد است","A","سؤال تألیفی تشخیصی برای ارزیابی اولیه؛ جایگزین پوشش فصل‌به‌فصل کتاب درسی نیست.","ترنم همدلی","original","1405"
"دهم","ریاضی","فارسی","فارسی","آزمون جامع","ارزیابی پایه","هسته ۱۰ سوالی","متوسط","بازبینی نوشته برای چیست؟","اصلاح محتوا و نگارش","حذف همه جمله‌ها","افزایش خطا","تغییر واقعیت","A","سؤال تألیفی تشخیصی برای ارزیابی اولیه؛ جایگزین پوشش فصل‌به‌فصل کتاب درسی نیست.","ترنم همدلی","original","1405"
"دهم","ریاضی","فارسی","فارسی","آزمون جامع","ارزیابی پایه","هسته ۱۰ سوالی","متوسط","پاراگراف معمولاً حول چه چیزی شکل می‌گیرد؟","یک ایده اصلی","واژه‌های تصادفی","یک علامت","یک عدد","A","سؤال تألیفی تشخیصی برای ارزیابی اولیه؛ جایگزین پوشش فصل‌به‌فصل کتاب درسی نیست.","ترنم همدلی","original","1405"
"دهم","ریاضی","فارسی","فارسی","آزمون جامع","ارزیابی پایه","هسته ۱۰ سوالی","متوسط","علائم نگارشی چه کمکی می‌کنند؟","خوانایی و فهم ساختار متن","حذف معنا","تغییر موضوع","افزایش ابهام","A","سؤال تألیفی تشخیصی برای ارزیابی اولیه؛ جایگزین پوشش فصل‌به‌فصل کتاب درسی نیست.","ترنم همدلی","original","1405"
"دهم","ریاضی","فارسی","فارسی","آزمون جامع","ارزیابی پایه","هسته ۱۰ سوالی","متوسط","تشبیه چه کاربردی دارد؟","بیان هنری شباهت میان دو چیز","اندازه‌گیری","حل معادله","ثبت تاریخ","A","سؤال تألیفی تشخیصی برای ارزیابی اولیه؛ جایگزین پوشش فصل‌به‌فصل کتاب درسی نیست.","ترنم همدلی","original","1405"
"دهم","ریاضی","فارسی","فارسی","آزمون جامع","ارزیابی پایه","هسته ۱۰ سوالی","متوسط","خواندن فعال یعنی چه؟","پرسش، ارتباط و بررسی مفهوم","فقط سریع خواندن","حفظ بدون درک","نادیده گرفتن عنوان","A","سؤال تألیفی تشخیصی برای ارزیابی اولیه؛ جایگزین پوشش فصل‌به‌فصل کتاب درسی نیست.","ترنم همدلی","original","1405"
"دهم","ریاضی","فارسی","فارسی","آزمون جامع","ارزیابی پایه","هسته ۱۰ سوالی","متوسط","نوشتن منظم چه فایده‌ای دارد؟","انتقال روشن‌تر ایده‌ها","افزایش ابهام","حذف ارتباط","کاهش خوانایی","A","سؤال تألیفی تشخیصی برای ارزیابی اولیه؛ جایگزین پوشش فصل‌به‌فصل کتاب درسی نیست.","ترنم همدلی","original","1405"
"دهم","تجربی","فارسی","فارسی","آزمون جامع","ارزیابی پایه","هسته ۱۰ سوالی","متوسط","درک متن بیشتر به چه نیاز دارد؟","توجه به واژه‌ها و ارتباط جمله‌ها","حفظ عنوان","شمردن کلمات","حذف مثال‌ها","A","سؤال تألیفی تشخیصی برای ارزیابی اولیه؛ جایگزین پوشش فصل‌به‌فصل کتاب درسی نیست.","ترنم همدلی","original","1405"
"دهم","تجربی","فارسی","فارسی","آزمون جامع","ارزیابی پایه","هسته ۱۰ سوالی","متوسط","واژه مترادف چیست؟","واژه هم‌معنی یا نزدیک‌معنی","واژه مخالف","واژه بی‌معنا","عدد","A","سؤال تألیفی تشخیصی برای ارزیابی اولیه؛ جایگزین پوشش فصل‌به‌فصل کتاب درسی نیست.","ترنم همدلی","original","1405"
"دهم","تجربی","فارسی","فارسی","آزمون جامع","ارزیابی پایه","هسته ۱۰ سوالی","متوسط","فعل معمولاً چه چیزی را نشان می‌دهد؟","کار یا حالت","رنگ","تعداد صفحات","علامت سؤال","A","سؤال تألیفی تشخیصی برای ارزیابی اولیه؛ جایگزین پوشش فصل‌به‌فصل کتاب درسی نیست.","ترنم همدلی","original","1405"
"دهم","تجربی","فارسی","فارسی","آزمون جامع","ارزیابی پایه","هسته ۱۰ سوالی","متوسط","عنوان مناسب چه ویژگی دارد؟","با محتوای متن ارتباط دارد","کاملاً بی‌ربط است","همیشه طولانی است","فقط عدد است","A","سؤال تألیفی تشخیصی برای ارزیابی اولیه؛ جایگزین پوشش فصل‌به‌فصل کتاب درسی نیست.","ترنم همدلی","original","1405"
"دهم","تجربی","فارسی","فارسی","آزمون جامع","ارزیابی پایه","هسته ۱۰ سوالی","متوسط","بازبینی نوشته برای چیست؟","اصلاح محتوا و نگارش","حذف همه جمله‌ها","افزایش خطا","تغییر واقعیت","A","سؤال تألیفی تشخیصی برای ارزیابی اولیه؛ جایگزین پوشش فصل‌به‌فصل کتاب درسی نیست.","ترنم همدلی","original","1405"
"دهم","تجربی","فارسی","فارسی","آزمون جامع","ارزیابی پایه","هسته ۱۰ سوالی","متوسط","پاراگراف معمولاً حول چه چیزی شکل می‌گیرد؟","یک ایده اصلی","واژه‌های تصادفی","یک علامت","یک عدد","A","سؤال تألیفی تشخیصی برای ارزیابی اولیه؛ جایگزین پوشش فصل‌به‌فصل کتاب درسی نیست.","ترنم همدلی","original","1405"
"دهم","تجربی","فارسی","فارسی","آزمون جامع","ارزیابی پایه","هسته ۱۰ سوالی","متوسط","علائم نگارشی چه کمکی می‌کنند؟","خوانایی و فهم ساختار متن","حذف معنا","تغییر موضوع","افزایش ابهام","A","سؤال تألیفی تشخیصی برای ارزیابی اولیه؛ جایگزین پوشش فصل‌به‌فصل کتاب درسی نیست.","ترنم همدلی","original","1405"
"دهم","تجربی","فارسی","فارسی","آزمون جامع","ارزیابی پایه","هسته ۱۰ سوالی","متوسط","تشبیه چه کاربردی دارد؟","بیان هنری شباهت میان دو چیز","اندازه‌گیری","حل معادله","ثبت تاریخ","A","سؤال تألیفی تشخیصی برای ارزیابی اولیه؛ جایگزین پوشش فصل‌به‌فصل کتاب درسی نیست.","ترنم همدلی","original","1405"
"دهم","تجربی","فارسی","فارسی","آزمون جامع","ارزیابی پایه","هسته ۱۰ سوالی","متوسط","خواندن فعال یعنی چه؟","پرسش، ارتباط و بررسی مفهوم","فقط سریع خواندن","حفظ بدون درک","نادیده گرفتن عنوان","A","سؤال تألیفی تشخیصی برای ارزیابی اولیه؛ جایگزین پوشش فصل‌به‌فصل کتاب درسی نیست.","ترنم همدلی","original","1405"
"دهم","تجربی","فارسی","فارسی","آزمون جامع","ارزیابی پایه","هسته ۱۰ سوالی","متوسط","نوشتن منظم چه فایده‌ای دارد؟","انتقال روشن‌تر ایده‌ها","افزایش ابهام","حذف ارتباط","کاهش خوانایی","A","سؤال تألیفی تشخیصی برای ارزیابی اولیه؛ جایگزین پوشش فصل‌به‌فصل کتاب درسی نیست.","ترنم همدلی","original","1405"
"دهم","انسانی","فارسی","فارسی","آزمون جامع","ارزیابی پایه","هسته ۱۰ سوالی","متوسط","درک متن بیشتر به چه نیاز دارد؟","توجه به واژه‌ها و ارتباط جمله‌ها","حفظ عنوان","شمردن کلمات","حذف مثال‌ها","A","سؤال تألیفی تشخیصی برای ارزیابی اولیه؛ جایگزین پوشش فصل‌به‌فصل کتاب درسی نیست.","ترنم همدلی","original","1405"
"دهم","انسانی","فارسی","فارسی","آزمون جامع","ارزیابی پایه","هسته ۱۰ سوالی","متوسط","واژه مترادف چیست؟","واژه هم‌معنی یا نزدیک‌معنی","واژه مخالف","واژه بی‌معنا","عدد","A","سؤال تألیفی تشخیصی برای ارزیابی اولیه؛ جایگزین پوشش فصل‌به‌فصل کتاب درسی نیست.","ترنم همدلی","original","1405"
"دهم","انسانی","فارسی","فارسی","آزمون جامع","ارزیابی پایه","هسته ۱۰ سوالی","متوسط","فعل معمولاً چه چیزی را نشان می‌دهد؟","کار یا حالت","رنگ","تعداد صفحات","علامت سؤال","A","سؤال تألیفی تشخیصی برای ارزیابی اولیه؛ جایگزین پوشش فصل‌به‌فصل کتاب درسی نیست.","ترنم همدلی","original","1405"
"دهم","انسانی","فارسی","فارسی","آزمون جامع","ارزیابی پایه","هسته ۱۰ سوالی","متوسط","عنوان مناسب چه ویژگی دارد؟","با محتوای متن ارتباط دارد","کاملاً بی‌ربط است","همیشه طولانی است","فقط عدد است","A","سؤال تألیفی تشخیصی برای ارزیابی اولیه؛ جایگزین پوشش فصل‌به‌فصل کتاب درسی نیست.","ترنم همدلی","original","1405"
"دهم","انسانی","فارسی","فارسی","آزمون جامع","ارزیابی پایه","هسته ۱۰ سوالی","متوسط","بازبینی نوشته برای چیست؟","اصلاح محتوا و نگارش","حذف همه جمله‌ها","افزایش خطا","تغییر واقعیت","A","سؤال تألیفی تشخیصی برای ارزیابی اولیه؛ جایگزین پوشش فصل‌به‌فصل کتاب درسی نیست.","ترنم همدلی","original","1405"
"دهم","انسانی","فارسی","فارسی","آزمون جامع","ارزیابی پایه","هسته ۱۰ سوالی","متوسط","پاراگراف معمولاً حول چه چیزی شکل می‌گیرد؟","یک ایده اصلی","واژه‌های تصادفی","یک علامت","یک عدد","A","سؤال تألیفی تشخیصی برای ارزیابی اولیه؛ جایگزین پوشش فصل‌به‌فصل کتاب درسی نیست.","ترنم همدلی","original","1405"
"دهم","انسانی","فارسی","فارسی","آزمون جامع","ارزیابی پایه","هسته ۱۰ سوالی","متوسط","علائم نگارشی چه کمکی می‌کنند؟","خوانایی و فهم ساختار متن","حذف معنا","تغییر موضوع","افزایش ابهام","A","سؤال تألیفی تشخیصی برای ارزیابی اولیه؛ جایگزین پوشش فصل‌به‌فصل کتاب درسی نیست.","ترنم همدلی","original","1405"
"دهم","انسانی","فارسی","فارسی","آزمون جامع","ارزیابی پایه","هسته ۱۰ سوالی","متوسط","تشبیه چه کاربردی دارد؟","بیان هنری شباهت میان دو چیز","اندازه‌گیری","حل معادله","ثبت تاریخ","A","سؤال تألیفی تشخیصی برای ارزیابی اولیه؛ جایگزین پوشش فصل‌به‌فصل کتاب درسی نیست.","ترنم همدلی","original","1405"
"دهم","انسانی","فارسی","فارسی","آزمون جامع","ارزیابی پایه","هسته ۱۰ سوالی","متوسط","خواندن فعال یعنی چه؟","پرسش، ارتباط و بررسی مفهوم","فقط سریع خواندن","حفظ بدون درک","نادیده گرفتن عنوان","A","سؤال تألیفی تشخیصی برای ارزیابی اولیه؛ جایگزین پوشش فصل‌به‌فصل کتاب درسی نیست.","ترنم همدلی","original","1405"
"دهم","انسانی","فارسی","فارسی","آزمون جامع","ارزیابی پایه","هسته ۱۰ سوالی","متوسط","نوشتن منظم چه فایده‌ای دارد؟","انتقال روشن‌تر ایده‌ها","افزایش ابهام","حذف ارتباط","کاهش خوانایی","A","سؤال تألیفی تشخیصی برای ارزیابی اولیه؛ جایگزین پوشش فصل‌به‌فصل کتاب درسی نیست.","ترنم همدلی","original","1405"
"دهم","ریاضی","نگارش","نگارش","آزمون جامع","ارزیابی پایه","هسته ۱۰ سوالی","متوسط","درک متن بیشتر به چه نیاز دارد؟","توجه به واژه‌ها و ارتباط جمله‌ها","حفظ عنوان","شمردن کلمات","حذف مثال‌ها","A","سؤال تألیفی تشخیصی برای ارزیابی اولیه؛ جایگزین پوشش فصل‌به‌فصل کتاب درسی نیست.","ترنم همدلی","original","1405"
"دهم","ریاضی","نگارش","نگارش","آزمون جامع","ارزیابی پایه","هسته ۱۰ سوالی","متوسط","واژه مترادف چیست؟","واژه هم‌معنی یا نزدیک‌معنی","واژه مخالف","واژه بی‌معنا","عدد","A","سؤال تألیفی تشخیصی برای ارزیابی اولیه؛ جایگزین پوشش فصل‌به‌فصل کتاب درسی نیست.","ترنم همدلی","original","1405"
"دهم","ریاضی","نگارش","نگارش","آزمون جامع","ارزیابی پایه","هسته ۱۰ سوالی","متوسط","فعل معمولاً چه چیزی را نشان می‌دهد؟","کار یا حالت","رنگ","تعداد صفحات","علامت سؤال","A","سؤال تألیفی تشخیصی برای ارزیابی اولیه؛ جایگزین پوشش فصل‌به‌فصل کتاب درسی نیست.","ترنم همدلی","original","1405"
"دهم","ریاضی","نگارش","نگارش","آزمون جامع","ارزیابی پایه","هسته ۱۰ سوالی","متوسط","عنوان مناسب چه ویژگی دارد؟","با محتوای متن ارتباط دارد","کاملاً بی‌ربط است","همیشه طولانی است","فقط عدد است","A","سؤال تألیفی تشخیصی برای ارزیابی اولیه؛ جایگزین پوشش فصل‌به‌فصل کتاب درسی نیست.","ترنم همدلی","original","1405"
"دهم","ریاضی","نگارش","نگارش","آزمون جامع","ارزیابی پایه","هسته ۱۰ سوالی","متوسط","بازبینی نوشته برای چیست؟","اصلاح محتوا و نگارش","حذف همه جمله‌ها","افزایش خطا","تغییر واقعیت","A","سؤال تألیفی تشخیصی برای ارزیابی اولیه؛ جایگزین پوشش فصل‌به‌فصل کتاب درسی نیست.","ترنم همدلی","original","1405"
"دهم","ریاضی","نگارش","نگارش","آزمون جامع","ارزیابی پایه","هسته ۱۰ سوالی","متوسط","پاراگراف معمولاً حول چه چیزی شکل می‌گیرد؟","یک ایده اصلی","واژه‌های تصادفی","یک علامت","یک عدد","A","سؤال تألیفی تشخیصی برای ارزیابی اولیه؛ جایگزین پوشش فصل‌به‌فصل کتاب درسی نیست.","ترنم همدلی","original","1405"
"دهم","ریاضی","نگارش","نگارش","آزمون جامع","ارزیابی پایه","هسته ۱۰ سوالی","متوسط","علائم نگارشی چه کمکی می‌کنند؟","خوانایی و فهم ساختار متن","حذف معنا","تغییر موضوع","افزایش ابهام","A","سؤال تألیفی تشخیصی برای ارزیابی اولیه؛ جایگزین پوشش فصل‌به‌فصل کتاب درسی نیست.","ترنم همدلی","original","1405"
"دهم","ریاضی","نگارش","نگارش","آزمون جامع","ارزیابی پایه","هسته ۱۰ سوالی","متوسط","تشبیه چه کاربردی دارد؟","بیان هنری شباهت میان دو چیز","اندازه‌گیری","حل معادله","ثبت تاریخ","A","سؤال تألیفی تشخیصی برای ارزیابی اولیه؛ جایگزین پوشش فصل‌به‌فصل کتاب درسی نیست.","ترنم همدلی","original","1405"
"دهم","ریاضی","نگارش","نگارش","آزمون جامع","ارزیابی پایه","هسته ۱۰ سوالی","متوسط","خواندن فعال یعنی چه؟","پرسش، ارتباط و بررسی مفهوم","فقط سریع خواندن","حفظ بدون درک","نادیده گرفتن عنوان","A","سؤال تألیفی تشخیصی برای ارزیابی اولیه؛ جایگزین پوشش فصل‌به‌فصل کتاب درسی نیست.","ترنم همدلی","original","1405"
"دهم","ریاضی","نگارش","نگارش","آزمون جامع","ارزیابی پایه","هسته ۱۰ سوالی","متوسط","نوشتن منظم چه فایده‌ای دارد؟","انتقال روشن‌تر ایده‌ها","افزایش ابهام","حذف ارتباط","کاهش خوانایی","A","سؤال تألیفی تشخیصی برای ارزیابی اولیه؛ جایگزین پوشش فصل‌به‌فصل کتاب درسی نیست.","ترنم همدلی","original","1405"
"دهم","تجربی","نگارش","نگارش","آزمون جامع","ارزیابی پایه","هسته ۱۰ سوالی","متوسط","درک متن بیشتر به چه نیاز دارد؟","توجه به واژه‌ها و ارتباط جمله‌ها","حفظ عنوان","شمردن کلمات","حذف مثال‌ها","A","سؤال تألیفی تشخیصی برای ارزیابی اولیه؛ جایگزین پوشش فصل‌به‌فصل کتاب درسی نیست.","ترنم همدلی","original","1405"
"دهم","تجربی","نگارش","نگارش","آزمون جامع","ارزیابی پایه","هسته ۱۰ سوالی","متوسط","واژه مترادف چیست؟","واژه هم‌معنی یا نزدیک‌معنی","واژه مخالف","واژه بی‌معنا","عدد","A","سؤال تألیفی تشخیصی برای ارزیابی اولیه؛ جایگزین پوشش فصل‌به‌فصل کتاب درسی نیست.","ترنم همدلی","original","1405"
"دهم","تجربی","نگارش","نگارش","آزمون جامع","ارزیابی پایه","هسته ۱۰ سوالی","متوسط","فعل معمولاً چه چیزی را نشان می‌دهد؟","کار یا حالت","رنگ","تعداد صفحات","علامت سؤال","A","سؤال تألیفی تشخیصی برای ارزیابی اولیه؛ جایگزین پوشش فصل‌به‌فصل کتاب درسی نیست.","ترنم همدلی","original","1405"
"دهم","تجربی","نگارش","نگارش","آزمون جامع","ارزیابی پایه","هسته ۱۰ سوالی","متوسط","عنوان مناسب چه ویژگی دارد؟","با محتوای متن ارتباط دارد","کاملاً بی‌ربط است","همیشه طولانی است","فقط عدد است","A","سؤال تألیفی تشخیصی برای ارزیابی اولیه؛ جایگزین پوشش فصل‌به‌فصل کتاب درسی نیست.","ترنم همدلی","original","1405"
"دهم","تجربی","نگارش","نگارش","آزمون جامع","ارزیابی پایه","هسته ۱۰ سوالی","متوسط","بازبینی نوشته برای چیست؟","اصلاح محتوا و نگارش","حذف همه جمله‌ها","افزایش خطا","تغییر واقعیت","A","سؤال تألیفی تشخیصی برای ارزیابی اولیه؛ جایگزین پوشش فصل‌به‌فصل کتاب درسی نیست.","ترنم همدلی","original","1405"
"دهم","تجربی","نگارش","نگارش","آزمون جامع","ارزیابی پایه","هسته ۱۰ سوالی","متوسط","پاراگراف معمولاً حول چه چیزی شکل می‌گیرد؟","یک ایده اصلی","واژه‌های تصادفی","یک علامت","یک عدد","A","سؤال تألیفی تشخیصی برای ارزیابی اولیه؛ جایگزین پوشش فصل‌به‌فصل کتاب درسی نیست.","ترنم همدلی","original","1405"
"دهم","تجربی","نگارش","نگارش","آزمون جامع","ارزیابی پایه","هسته ۱۰ سوالی","متوسط","علائم نگارشی چه کمکی می‌کنند؟","خوانایی و فهم ساختار متن","حذف معنا","تغییر موضوع","افزایش ابهام","A","سؤال تألیفی تشخیصی برای ارزیابی اولیه؛ جایگزین پوشش فصل‌به‌فصل کتاب درسی نیست.","ترنم همدلی","original","1405"
"دهم","تجربی","نگارش","نگارش","آزمون جامع","ارزیابی پایه","هسته ۱۰ سوالی","متوسط","تشبیه چه کاربردی دارد؟","بیان هنری شباهت میان دو چیز","اندازه‌گیری","حل معادله","ثبت تاریخ","A","سؤال تألیفی تشخیصی برای ارزیابی اولیه؛ جایگزین پوشش فصل‌به‌فصل کتاب درسی نیست.","ترنم همدلی","original","1405"
"دهم","تجربی","نگارش","نگارش","آزمون جامع","ارزیابی پایه","هسته ۱۰ سوالی","متوسط","خواندن فعال یعنی چه؟","پرسش، ارتباط و بررسی مفهوم","فقط سریع خواندن","حفظ بدون درک","نادیده گرفتن عنوان","A","سؤال تألیفی تشخیصی برای ارزیابی اولیه؛ جایگزین پوشش فصل‌به‌فصل کتاب درسی نیست.","ترنم همدلی","original","1405"
"دهم","تجربی","نگارش","نگارش","آزمون جامع","ارزیابی پایه","هسته ۱۰ سوالی","متوسط","نوشتن منظم چه فایده‌ای دارد؟","انتقال روشن‌تر ایده‌ها","افزایش ابهام","حذف ارتباط","کاهش خوانایی","A","سؤال تألیفی تشخیصی برای ارزیابی اولیه؛ جایگزین پوشش فصل‌به‌فصل کتاب درسی نیست.","ترنم همدلی","original","1405"
"دهم","انسانی","نگارش","نگارش","آزمون جامع","ارزیابی پایه","هسته ۱۰ سوالی","متوسط","درک متن بیشتر به چه نیاز دارد؟","توجه به واژه‌ها و ارتباط جمله‌ها","حفظ عنوان","شمردن کلمات","حذف مثال‌ها","A","سؤال تألیفی تشخیصی برای ارزیابی اولیه؛ جایگزین پوشش فصل‌به‌فصل کتاب درسی نیست.","ترنم همدلی","original","1405"
"دهم","انسانی","نگارش","نگارش","آزمون جامع","ارزیابی پایه","هسته ۱۰ سوالی","متوسط","واژه مترادف چیست؟","واژه هم‌معنی یا نزدیک‌معنی","واژه مخالف","واژه بی‌معنا","عدد","A","سؤال تألیفی تشخیصی برای ارزیابی اولیه؛ جایگزین پوشش فصل‌به‌فصل کتاب درسی نیست.","ترنم همدلی","original","1405"
"دهم","انسانی","نگارش","نگارش","آزمون جامع","ارزیابی پایه","هسته ۱۰ سوالی","متوسط","فعل معمولاً چه چیزی را نشان می‌دهد؟","کار یا حالت","رنگ","تعداد صفحات","علامت سؤال","A","سؤال تألیفی تشخیصی برای ارزیابی اولیه؛ جایگزین پوشش فصل‌به‌فصل کتاب درسی نیست.","ترنم همدلی","original","1405"
"دهم","انسانی","نگارش","نگارش","آزمون جامع","ارزیابی پایه","هسته ۱۰ سوالی","متوسط","عنوان مناسب چه ویژگی دارد؟","با محتوای متن ارتباط دارد","کاملاً بی‌ربط است","همیشه طولانی است","فقط عدد است","A","سؤال تألیفی تشخیصی برای ارزیابی اولیه؛ جایگزین پوشش فصل‌به‌فصل کتاب درسی نیست.","ترنم همدلی","original","1405"
"دهم","انسانی","نگارش","نگارش","آزمون جامع","ارزیابی پایه","هسته ۱۰ سوالی","متوسط","بازبینی نوشته برای چیست؟","اصلاح محتوا و نگارش","حذف همه جمله‌ها","افزایش خطا","تغییر واقعیت","A","سؤال تألیفی تشخیصی برای ارزیابی اولیه؛ جایگزین پوشش فصل‌به‌فصل کتاب درسی نیست.","ترنم همدلی","original","1405"
"دهم","انسانی","نگارش","نگارش","آزمون جامع","ارزیابی پایه","هسته ۱۰ سوالی","متوسط","پاراگراف معمولاً حول چه چیزی شکل می‌گیرد؟","یک ایده اصلی","واژه‌های تصادفی","یک علامت","یک عدد","A","سؤال تألیفی تشخیصی برای ارزیابی اولیه؛ جایگزین پوشش فصل‌به‌فصل کتاب درسی نیست.","ترنم همدلی","original","1405"
"دهم","انسانی","نگارش","نگارش","آزمون جامع","ارزیابی پایه","هسته ۱۰ سوالی","متوسط","علائم نگارشی چه کمکی می‌کنند؟","خوانایی و فهم ساختار متن","حذف معنا","تغییر موضوع","افزایش ابهام","A","سؤال تألیفی تشخیصی برای ارزیابی اولیه؛ جایگزین پوشش فصل‌به‌فصل کتاب درسی نیست.","ترنم همدلی","original","1405"
"دهم","انسانی","نگارش","نگارش","آزمون جامع","ارزیابی پایه","هسته ۱۰ سوالی","متوسط","تشبیه چه کاربردی دارد؟","بیان هنری شباهت میان دو چیز","اندازه‌گیری","حل معادله","ثبت تاریخ","A","سؤال تألیفی تشخیصی برای ارزیابی اولیه؛ جایگزین پوشش فصل‌به‌فصل کتاب درسی نیست.","ترنم همدلی","original","1405"
"دهم","انسانی","نگارش","نگارش","آزمون جامع","ارزیابی پایه","هسته ۱۰ سوالی","متوسط","خواندن فعال یعنی چه؟","پرسش، ارتباط و بررسی مفهوم","فقط سریع خواندن","حفظ بدون درک","نادیده گرفتن عنوان","A","سؤال تألیفی تشخیصی برای ارزیابی اولیه؛ جایگزین پوشش فصل‌به‌فصل کتاب درسی نیست.","ترنم همدلی","original","1405"
"دهم","انسانی","نگارش","نگارش","آزمون جامع","ارزیابی پایه","هسته ۱۰ سوالی","متوسط","نوشتن منظم چه فایده‌ای دارد؟","انتقال روشن‌تر ایده‌ها","افزایش ابهام","حذف ارتباط","کاهش خوانایی","A","سؤال تألیفی تشخیصی برای ارزیابی اولیه؛ جایگزین پوشش فصل‌به‌فصل کتاب درسی نیست.","ترنم همدلی","original","1405"
"دهم","ریاضی","دین و زندگی","دین و زندگی","آزمون جامع","ارزیابی پایه","هسته ۱۰ سوالی","متوسط","صداقت یعنی چه؟","راستگویی و پرهیز از فریب","پنهان‌کاری برای منفعت","تمسخر","بی‌تفاوتی","A","سؤال تألیفی تشخیصی برای ارزیابی اولیه؛ جایگزین پوشش فصل‌به‌فصل کتاب درسی نیست.","ترنم همدلی","original","1405"
"دهم","ریاضی","دین و زندگی","دین و زندگی","آزمون جامع","ارزیابی پایه","هسته ۱۰ سوالی","متوسط","مسئولیت‌پذیری چیست؟","پذیرفتن وظیفه و پیامد رفتار","انداختن تقصیر بر دیگران","فرار از وظیفه","نادیده گرفتن پیامد","A","سؤال تألیفی تشخیصی برای ارزیابی اولیه؛ جایگزین پوشش فصل‌به‌فصل کتاب درسی نیست.","ترنم همدلی","original","1405"
"دهم","ریاضی","دین و زندگی","دین و زندگی","آزمون جامع","ارزیابی پایه","هسته ۱۰ سوالی","متوسط","عدالت به چه چیزی نزدیک است؟","رعایت حق و انصاف","تبعیض","طرفداری بی‌دلیل","بی‌قانونی","A","سؤال تألیفی تشخیصی برای ارزیابی اولیه؛ جایگزین پوشش فصل‌به‌فصل کتاب درسی نیست.","ترنم همدلی","original","1405"
"دهم","ریاضی","دین و زندگی","دین و زندگی","آزمون جامع","ارزیابی پایه","هسته ۱۰ سوالی","متوسط","امانت‌داری یعنی چه؟","حفظ حق و اعتماد دیگران","افشای راز","استفاده بدون اجازه","تحریف","A","سؤال تألیفی تشخیصی برای ارزیابی اولیه؛ جایگزین پوشش فصل‌به‌فصل کتاب درسی نیست.","ترنم همدلی","original","1405"
"دهم","ریاضی","دین و زندگی","دین و زندگی","آزمون جامع","ارزیابی پایه","هسته ۱۰ سوالی","متوسط","همدلی چیست؟","درک احساس و موقعیت دیگران","تأیید همه رفتارها","تحقیر","تحمیل نظر","A","سؤال تألیفی تشخیصی برای ارزیابی اولیه؛ جایگزین پوشش فصل‌به‌فصل کتاب درسی نیست.","ترنم همدلی","original","1405"
"دهم","ریاضی","دین و زندگی","دین و زندگی","آزمون جامع","ارزیابی پایه","هسته ۱۰ سوالی","متوسط","صبر در دشواری یعنی چه؟","پایداری همراه با مدیریت درست واکنش","پرخاشگری","انکار مسئله","بی‌عملی مطلق","A","سؤال تألیفی تشخیصی برای ارزیابی اولیه؛ جایگزین پوشش فصل‌به‌فصل کتاب درسی نیست.","ترنم همدلی","original","1405"
"دهم","ریاضی","دین و زندگی","دین و زندگی","آزمون جامع","ارزیابی پایه","هسته ۱۰ سوالی","متوسط","شکرگزاری یعنی چه؟","شناخت نعمت و قدردانی","انکار داشته‌ها","مقایسه دائمی","بی‌توجهی","A","سؤال تألیفی تشخیصی برای ارزیابی اولیه؛ جایگزین پوشش فصل‌به‌فصل کتاب درسی نیست.","ترنم همدلی","original","1405"
"دهم","ریاضی","دین و زندگی","دین و زندگی","آزمون جامع","ارزیابی پایه","هسته ۱۰ سوالی","متوسط","احترام به دیگران چگونه نشان داده می‌شود؟","رعایت کرامت و حقوق آنان","تمسخر","تحقیر","بی‌توجهی","A","سؤال تألیفی تشخیصی برای ارزیابی اولیه؛ جایگزین پوشش فصل‌به‌فصل کتاب درسی نیست.","ترنم همدلی","original","1405"
"دهم","ریاضی","دین و زندگی","دین و زندگی","آزمون جامع","ارزیابی پایه","هسته ۱۰ سوالی","متوسط","کمک مسئولانه به دیگران چه ویژگی دارد؟","بدون ایجاد آسیب و با توجه به نیاز واقعی","اجبار","فریب","نادیده‌گرفتن حقوق","A","سؤال تألیفی تشخیصی برای ارزیابی اولیه؛ جایگزین پوشش فصل‌به‌فصل کتاب درسی نیست.","ترنم همدلی","original","1405"
"دهم","ریاضی","دین و زندگی","دین و زندگی","آزمون جامع","ارزیابی پایه","هسته ۱۰ سوالی","متوسط","نیت در عمل اخلاقی چه اهمیتی دارد؟","در ارزش‌گذاری عمل نقش دارد","هیچ اهمیتی ندارد","فقط ظاهر مهم است","فقط پول مهم است","A","سؤال تألیفی تشخیصی برای ارزیابی اولیه؛ جایگزین پوشش فصل‌به‌فصل کتاب درسی نیست.","ترنم همدلی","original","1405"
"دهم","تجربی","دین و زندگی","دین و زندگی","آزمون جامع","ارزیابی پایه","هسته ۱۰ سوالی","متوسط","صداقت یعنی چه؟","راستگویی و پرهیز از فریب","پنهان‌کاری برای منفعت","تمسخر","بی‌تفاوتی","A","سؤال تألیفی تشخیصی برای ارزیابی اولیه؛ جایگزین پوشش فصل‌به‌فصل کتاب درسی نیست.","ترنم همدلی","original","1405"
"دهم","تجربی","دین و زندگی","دین و زندگی","آزمون جامع","ارزیابی پایه","هسته ۱۰ سوالی","متوسط","مسئولیت‌پذیری چیست؟","پذیرفتن وظیفه و پیامد رفتار","انداختن تقصیر بر دیگران","فرار از وظیفه","نادیده گرفتن پیامد","A","سؤال تألیفی تشخیصی برای ارزیابی اولیه؛ جایگزین پوشش فصل‌به‌فصل کتاب درسی نیست.","ترنم همدلی","original","1405"
"دهم","تجربی","دین و زندگی","دین و زندگی","آزمون جامع","ارزیابی پایه","هسته ۱۰ سوالی","متوسط","عدالت به چه چیزی نزدیک است؟","رعایت حق و انصاف","تبعیض","طرفداری بی‌دلیل","بی‌قانونی","A","سؤال تألیفی تشخیصی برای ارزیابی اولیه؛ جایگزین پوشش فصل‌به‌فصل کتاب درسی نیست.","ترنم همدلی","original","1405"
"دهم","تجربی","دین و زندگی","دین و زندگی","آزمون جامع","ارزیابی پایه","هسته ۱۰ سوالی","متوسط","امانت‌داری یعنی چه؟","حفظ حق و اعتماد دیگران","افشای راز","استفاده بدون اجازه","تحریف","A","سؤال تألیفی تشخیصی برای ارزیابی اولیه؛ جایگزین پوشش فصل‌به‌فصل کتاب درسی نیست.","ترنم همدلی","original","1405"
"دهم","تجربی","دین و زندگی","دین و زندگی","آزمون جامع","ارزیابی پایه","هسته ۱۰ سوالی","متوسط","همدلی چیست؟","درک احساس و موقعیت دیگران","تأیید همه رفتارها","تحقیر","تحمیل نظر","A","سؤال تألیفی تشخیصی برای ارزیابی اولیه؛ جایگزین پوشش فصل‌به‌فصل کتاب درسی نیست.","ترنم همدلی","original","1405"
"دهم","تجربی","دین و زندگی","دین و زندگی","آزمون جامع","ارزیابی پایه","هسته ۱۰ سوالی","متوسط","صبر در دشواری یعنی چه؟","پایداری همراه با مدیریت درست واکنش","پرخاشگری","انکار مسئله","بی‌عملی مطلق","A","سؤال تألیفی تشخیصی برای ارزیابی اولیه؛ جایگزین پوشش فصل‌به‌فصل کتاب درسی نیست.","ترنم همدلی","original","1405"
"دهم","تجربی","دین و زندگی","دین و زندگی","آزمون جامع","ارزیابی پایه","هسته ۱۰ سوالی","متوسط","شکرگزاری یعنی چه؟","شناخت نعمت و قدردانی","انکار داشته‌ها","مقایسه دائمی","بی‌توجهی","A","سؤال تألیفی تشخیصی برای ارزیابی اولیه؛ جایگزین پوشش فصل‌به‌فصل کتاب درسی نیست.","ترنم همدلی","original","1405"
"دهم","تجربی","دین و زندگی","دین و زندگی","آزمون جامع","ارزیابی پایه","هسته ۱۰ سوالی","متوسط","احترام به دیگران چگونه نشان داده می‌شود؟","رعایت کرامت و حقوق آنان","تمسخر","تحقیر","بی‌توجهی","A","سؤال تألیفی تشخیصی برای ارزیابی اولیه؛ جایگزین پوشش فصل‌به‌فصل کتاب درسی نیست.","ترنم همدلی","original","1405"
"دهم","تجربی","دین و زندگی","دین و زندگی","آزمون جامع","ارزیابی پایه","هسته ۱۰ سوالی","متوسط","کمک مسئولانه به دیگران چه ویژگی دارد؟","بدون ایجاد آسیب و با توجه به نیاز واقعی","اجبار","فریب","نادیده‌گرفتن حقوق","A","سؤال تألیفی تشخیصی برای ارزیابی اولیه؛ جایگزین پوشش فصل‌به‌فصل کتاب درسی نیست.","ترنم همدلی","original","1405"
"دهم","تجربی","دین و زندگی","دین و زندگی","آزمون جامع","ارزیابی پایه","هسته ۱۰ سوالی","متوسط","نیت در عمل اخلاقی چه اهمیتی دارد؟","در ارزش‌گذاری عمل نقش دارد","هیچ اهمیتی ندارد","فقط ظاهر مهم است","فقط پول مهم است","A","سؤال تألیفی تشخیصی برای ارزیابی اولیه؛ جایگزین پوشش فصل‌به‌فصل کتاب درسی نیست.","ترنم همدلی","original","1405"
"دهم","انسانی","دین و زندگی","دین و زندگی","آزمون جامع","ارزیابی پایه","هسته ۱۰ سوالی","متوسط","صداقت یعنی چه؟","راستگویی و پرهیز از فریب","پنهان‌کاری برای منفعت","تمسخر","بی‌تفاوتی","A","سؤال تألیفی تشخیصی برای ارزیابی اولیه؛ جایگزین پوشش فصل‌به‌فصل کتاب درسی نیست.","ترنم همدلی","original","1405"
"دهم","انسانی","دین و زندگی","دین و زندگی","آزمون جامع","ارزیابی پایه","هسته ۱۰ سوالی","متوسط","مسئولیت‌پذیری چیست؟","پذیرفتن وظیفه و پیامد رفتار","انداختن تقصیر بر دیگران","فرار از وظیفه","نادیده گرفتن پیامد","A","سؤال تألیفی تشخیصی برای ارزیابی اولیه؛ جایگزین پوشش فصل‌به‌فصل کتاب درسی نیست.","ترنم همدلی","original","1405"
"دهم","انسانی","دین و زندگی","دین و زندگی","آزمون جامع","ارزیابی پایه","هسته ۱۰ سوالی","متوسط","عدالت به چه چیزی نزدیک است؟","رعایت حق و انصاف","تبعیض","طرفداری بی‌دلیل","بی‌قانونی","A","سؤال تألیفی تشخیصی برای ارزیابی اولیه؛ جایگزین پوشش فصل‌به‌فصل کتاب درسی نیست.","ترنم همدلی","original","1405"
"دهم","انسانی","دین و زندگی","دین و زندگی","آزمون جامع","ارزیابی پایه","هسته ۱۰ سوالی","متوسط","امانت‌داری یعنی چه؟","حفظ حق و اعتماد دیگران","افشای راز","استفاده بدون اجازه","تحریف","A","سؤال تألیفی تشخیصی برای ارزیابی اولیه؛ جایگزین پوشش فصل‌به‌فصل کتاب درسی نیست.","ترنم همدلی","original","1405"
"دهم","انسانی","دین و زندگی","دین و زندگی","آزمون جامع","ارزیابی پایه","هسته ۱۰ سوالی","متوسط","همدلی چیست؟","درک احساس و موقعیت دیگران","تأیید همه رفتارها","تحقیر","تحمیل نظر","A","سؤال تألیفی تشخیصی برای ارزیابی اولیه؛ جایگزین پوشش فصل‌به‌فصل کتاب درسی نیست.","ترنم همدلی","original","1405"
"دهم","انسانی","دین و زندگی","دین و زندگی","آزمون جامع","ارزیابی پایه","هسته ۱۰ سوالی","متوسط","صبر در دشواری یعنی چه؟","پایداری همراه با مدیریت درست واکنش","پرخاشگری","انکار مسئله","بی‌عملی مطلق","A","سؤال تألیفی تشخیصی برای ارزیابی اولیه؛ جایگزین پوشش فصل‌به‌فصل کتاب درسی نیست.","ترنم همدلی","original","1405"
"دهم","انسانی","دین و زندگی","دین و زندگی","آزمون جامع","ارزیابی پایه","هسته ۱۰ سوالی","متوسط","شکرگزاری یعنی چه؟","شناخت نعمت و قدردانی","انکار داشته‌ها","مقایسه دائمی","بی‌توجهی","A","سؤال تألیفی تشخیصی برای ارزیابی اولیه؛ جایگزین پوشش فصل‌به‌فصل کتاب درسی نیست.","ترنم همدلی","original","1405"
"دهم","انسانی","دین و زندگی","دین و زندگی","آزمون جامع","ارزیابی پایه","هسته ۱۰ سوالی","متوسط","احترام به دیگران چگونه نشان داده می‌شود؟","رعایت کرامت و حقوق آنان","تمسخر","تحقیر","بی‌توجهی","A","سؤال تألیفی تشخیصی برای ارزیابی اولیه؛ جایگزین پوشش فصل‌به‌فصل کتاب درسی نیست.","ترنم همدلی","original","1405"
"دهم","انسانی","دین و زندگی","دین و زندگی","آزمون جامع","ارزیابی پایه","هسته ۱۰ سوالی","متوسط","کمک مسئولانه به دیگران چه ویژگی دارد؟","بدون ایجاد آسیب و با توجه به نیاز واقعی","اجبار","فریب","نادیده‌گرفتن حقوق","A","سؤال تألیفی تشخیصی برای ارزیابی اولیه؛ جایگزین پوشش فصل‌به‌فصل کتاب درسی نیست.","ترنم همدلی","original","1405"
"دهم","انسانی","دین و زندگی","دین و زندگی","آزمون جامع","ارزیابی پایه","هسته ۱۰ سوالی","متوسط","نیت در عمل اخلاقی چه اهمیتی دارد؟","در ارزش‌گذاری عمل نقش دارد","هیچ اهمیتی ندارد","فقط ظاهر مهم است","فقط پول مهم است","A","سؤال تألیفی تشخیصی برای ارزیابی اولیه؛ جایگزین پوشش فصل‌به‌فصل کتاب درسی نیست.","ترنم همدلی","original","1405"
"دهم","ریاضی","عربی","عربی","آزمون جامع","ارزیابی پایه","هسته ۱۰ سوالی","متوسط","فعل ماضی به چه زمانی اشاره می‌کند؟","گذشته","حال","آینده","همیشه","A","سؤال تألیفی تشخیصی برای ارزیابی اولیه؛ جایگزین پوشش فصل‌به‌فصل کتاب درسی نیست.","ترنم همدلی","original","1405"
"دهم","ریاضی","عربی","عربی","آزمون جامع","ارزیابی پایه","هسته ۱۰ سوالی","متوسط","فعل مضارع معمولاً بر چه زمانی دلالت می‌کند؟","حال یا آینده","فقط گذشته","فقط گذشته دور","هیچ زمان","A","سؤال تألیفی تشخیصی برای ارزیابی اولیه؛ جایگزین پوشش فصل‌به‌فصل کتاب درسی نیست.","ترنم همدلی","original","1405"
"دهم","ریاضی","عربی","عربی","آزمون جامع","ارزیابی پایه","هسته ۱۰ سوالی","متوسط","فاعل چیست؟","انجام‌دهنده کار فعل","زمان جمله","محل کار","نشانه جمع","A","سؤال تألیفی تشخیصی برای ارزیابی اولیه؛ جایگزین پوشش فصل‌به‌فصل کتاب درسی نیست.","ترنم همدلی","original","1405"
"دهم","ریاضی","عربی","عربی","آزمون جامع","ارزیابی پایه","هسته ۱۰ سوالی","متوسط","مفعول‌به چیست؟","کسی یا چیزی که عمل بر او واقع می‌شود","انجام‌دهنده عمل","زمان","صفت","A","سؤال تألیفی تشخیصی برای ارزیابی اولیه؛ جایگزین پوشش فصل‌به‌فصل کتاب درسی نیست.","ترنم همدلی","original","1405"
"دهم","ریاضی","عربی","عربی","آزمون جامع","ارزیابی پایه","هسته ۱۰ سوالی","متوسط","مفرد یعنی چه؟","یک فرد یا چیز","دو فرد","چند فرد","جمله کامل","A","سؤال تألیفی تشخیصی برای ارزیابی اولیه؛ جایگزین پوشش فصل‌به‌فصل کتاب درسی نیست.","ترنم همدلی","original","1405"
"دهم","ریاضی","عربی","عربی","آزمون جامع","ارزیابی پایه","هسته ۱۰ سوالی","متوسط","جمع یعنی چه؟","بیش از یک","دقیقاً یک","بدون تعداد","یک فعل","A","سؤال تألیفی تشخیصی برای ارزیابی اولیه؛ جایگزین پوشش فصل‌به‌فصل کتاب درسی نیست.","ترنم همدلی","original","1405"
"دهم","ریاضی","عربی","عربی","آزمون جامع","ارزیابی پایه","هسته ۱۰ سوالی","متوسط","ترجمه درست به چه نیاز دارد؟","شناخت واژه و ساختار جمله","حدس یک واژه","حذف فعل","تغییر معنا","A","سؤال تألیفی تشخیصی برای ارزیابی اولیه؛ جایگزین پوشش فصل‌به‌فصل کتاب درسی نیست.","ترنم همدلی","original","1405"
"دهم","ریاضی","عربی","عربی","آزمون جامع","ارزیابی پایه","هسته ۱۰ سوالی","متوسط","اسم چه چیزی می‌تواند باشد؟","نام شخص، چیز یا مفهوم","فقط فعل","فقط حرف","فقط عدد","A","سؤال تألیفی تشخیصی برای ارزیابی اولیه؛ جایگزین پوشش فصل‌به‌فصل کتاب درسی نیست.","ترنم همدلی","original","1405"
"دهم","ریاضی","عربی","عربی","آزمون جامع","ارزیابی پایه","هسته ۱۰ سوالی","متوسط","معنا در ترجمه باید چگونه حفظ شود؟","متناسب با کل جمله","با حذف فعل","با تغییر فاعل","با حذف واژه‌های مهم","A","سؤال تألیفی تشخیصی برای ارزیابی اولیه؛ جایگزین پوشش فصل‌به‌فصل کتاب درسی نیست.","ترنم همدلی","original","1405"
"دهم","ریاضی","عربی","عربی","آزمون جامع","ارزیابی پایه","هسته ۱۰ سوالی","متوسط","یادگیری واژه‌ها در بافت جمله چه فایده‌ای دارد؟","درک بهتر کاربرد و معنا","حذف معنی","افزایش ابهام","تغییر دستور","A","سؤال تألیفی تشخیصی برای ارزیابی اولیه؛ جایگزین پوشش فصل‌به‌فصل کتاب درسی نیست.","ترنم همدلی","original","1405"
"دهم","تجربی","عربی","عربی","آزمون جامع","ارزیابی پایه","هسته ۱۰ سوالی","متوسط","فعل ماضی به چه زمانی اشاره می‌کند؟","گذشته","حال","آینده","همیشه","A","سؤال تألیفی تشخیصی برای ارزیابی اولیه؛ جایگزین پوشش فصل‌به‌فصل کتاب درسی نیست.","ترنم همدلی","original","1405"
"دهم","تجربی","عربی","عربی","آزمون جامع","ارزیابی پایه","هسته ۱۰ سوالی","متوسط","فعل مضارع معمولاً بر چه زمانی دلالت می‌کند؟","حال یا آینده","فقط گذشته","فقط گذشته دور","هیچ زمان","A","سؤال تألیفی تشخیصی برای ارزیابی اولیه؛ جایگزین پوشش فصل‌به‌فصل کتاب درسی نیست.","ترنم همدلی","original","1405"
"دهم","تجربی","عربی","عربی","آزمون جامع","ارزیابی پایه","هسته ۱۰ سوالی","متوسط","فاعل چیست؟","انجام‌دهنده کار فعل","زمان جمله","محل کار","نشانه جمع","A","سؤال تألیفی تشخیصی برای ارزیابی اولیه؛ جایگزین پوشش فصل‌به‌فصل کتاب درسی نیست.","ترنم همدلی","original","1405"
"دهم","تجربی","عربی","عربی","آزمون جامع","ارزیابی پایه","هسته ۱۰ سوالی","متوسط","مفعول‌به چیست؟","کسی یا چیزی که عمل بر او واقع می‌شود","انجام‌دهنده عمل","زمان","صفت","A","سؤال تألیفی تشخیصی برای ارزیابی اولیه؛ جایگزین پوشش فصل‌به‌فصل کتاب درسی نیست.","ترنم همدلی","original","1405"
"دهم","تجربی","عربی","عربی","آزمون جامع","ارزیابی پایه","هسته ۱۰ سوالی","متوسط","مفرد یعنی چه؟","یک فرد یا چیز","دو فرد","چند فرد","جمله کامل","A","سؤال تألیفی تشخیصی برای ارزیابی اولیه؛ جایگزین پوشش فصل‌به‌فصل کتاب درسی نیست.","ترنم همدلی","original","1405"
"دهم","تجربی","عربی","عربی","آزمون جامع","ارزیابی پایه","هسته ۱۰ سوالی","متوسط","جمع یعنی چه؟","بیش از یک","دقیقاً یک","بدون تعداد","یک فعل","A","سؤال تألیفی تشخیصی برای ارزیابی اولیه؛ جایگزین پوشش فصل‌به‌فصل کتاب درسی نیست.","ترنم همدلی","original","1405"
"دهم","تجربی","عربی","عربی","آزمون جامع","ارزیابی پایه","هسته ۱۰ سوالی","متوسط","ترجمه درست به چه نیاز دارد؟","شناخت واژه و ساختار جمله","حدس یک واژه","حذف فعل","تغییر معنا","A","سؤال تألیفی تشخیصی برای ارزیابی اولیه؛ جایگزین پوشش فصل‌به‌فصل کتاب درسی نیست.","ترنم همدلی","original","1405"
"دهم","تجربی","عربی","عربی","آزمون جامع","ارزیابی پایه","هسته ۱۰ سوالی","متوسط","اسم چه چیزی می‌تواند باشد؟","نام شخص، چیز یا مفهوم","فقط فعل","فقط حرف","فقط عدد","A","سؤال تألیفی تشخیصی برای ارزیابی اولیه؛ جایگزین پوشش فصل‌به‌فصل کتاب درسی نیست.","ترنم همدلی","original","1405"
"دهم","تجربی","عربی","عربی","آزمون جامع","ارزیابی پایه","هسته ۱۰ سوالی","متوسط","معنا در ترجمه باید چگونه حفظ شود؟","متناسب با کل جمله","با حذف فعل","با تغییر فاعل","با حذف واژه‌های مهم","A","سؤال تألیفی تشخیصی برای ارزیابی اولیه؛ جایگزین پوشش فصل‌به‌فصل کتاب درسی نیست.","ترنم همدلی","original","1405"
"دهم","تجربی","عربی","عربی","آزمون جامع","ارزیابی پایه","هسته ۱۰ سوالی","متوسط","یادگیری واژه‌ها در بافت جمله چه فایده‌ای دارد؟","درک بهتر کاربرد و معنا","حذف معنی","افزایش ابهام","تغییر دستور","A","سؤال تألیفی تشخیصی برای ارزیابی اولیه؛ جایگزین پوشش فصل‌به‌فصل کتاب درسی نیست.","ترنم همدلی","original","1405"
"دهم","انسانی","عربی","عربی","آزمون جامع","ارزیابی پایه","هسته ۱۰ سوالی","متوسط","فعل ماضی به چه زمانی اشاره می‌کند؟","گذشته","حال","آینده","همیشه","A","سؤال تألیفی تشخیصی برای ارزیابی اولیه؛ جایگزین پوشش فصل‌به‌فصل کتاب درسی نیست.","ترنم همدلی","original","1405"
"دهم","انسانی","عربی","عربی","آزمون جامع","ارزیابی پایه","هسته ۱۰ سوالی","متوسط","فعل مضارع معمولاً بر چه زمانی دلالت می‌کند؟","حال یا آینده","فقط گذشته","فقط گذشته دور","هیچ زمان","A","سؤال تألیفی تشخیصی برای ارزیابی اولیه؛ جایگزین پوشش فصل‌به‌فصل کتاب درسی نیست.","ترنم همدلی","original","1405"
"دهم","انسانی","عربی","عربی","آزمون جامع","ارزیابی پایه","هسته ۱۰ سوالی","متوسط","فاعل چیست؟","انجام‌دهنده کار فعل","زمان جمله","محل کار","نشانه جمع","A","سؤال تألیفی تشخیصی برای ارزیابی اولیه؛ جایگزین پوشش فصل‌به‌فصل کتاب درسی نیست.","ترنم همدلی","original","1405"
"دهم","انسانی","عربی","عربی","آزمون جامع","ارزیابی پایه","هسته ۱۰ سوالی","متوسط","مفعول‌به چیست؟","کسی یا چیزی که عمل بر او واقع می‌شود","انجام‌دهنده عمل","زمان","صفت","A","سؤال تألیفی تشخیصی برای ارزیابی اولیه؛ جایگزین پوشش فصل‌به‌فصل کتاب درسی نیست.","ترنم همدلی","original","1405"
"دهم","انسانی","عربی","عربی","آزمون جامع","ارزیابی پایه","هسته ۱۰ سوالی","متوسط","مفرد یعنی چه؟","یک فرد یا چیز","دو فرد","چند فرد","جمله کامل","A","سؤال تألیفی تشخیصی برای ارزیابی اولیه؛ جایگزین پوشش فصل‌به‌فصل کتاب درسی نیست.","ترنم همدلی","original","1405"
"دهم","انسانی","عربی","عربی","آزمون جامع","ارزیابی پایه","هسته ۱۰ سوالی","متوسط","جمع یعنی چه؟","بیش از یک","دقیقاً یک","بدون تعداد","یک فعل","A","سؤال تألیفی تشخیصی برای ارزیابی اولیه؛ جایگزین پوشش فصل‌به‌فصل کتاب درسی نیست.","ترنم همدلی","original","1405"
"دهم","انسانی","عربی","عربی","آزمون جامع","ارزیابی پایه","هسته ۱۰ سوالی","متوسط","ترجمه درست به چه نیاز دارد؟","شناخت واژه و ساختار جمله","حدس یک واژه","حذف فعل","تغییر معنا","A","سؤال تألیفی تشخیصی برای ارزیابی اولیه؛ جایگزین پوشش فصل‌به‌فصل کتاب درسی نیست.","ترنم همدلی","original","1405"
"دهم","انسانی","عربی","عربی","آزمون جامع","ارزیابی پایه","هسته ۱۰ سوالی","متوسط","اسم چه چیزی می‌تواند باشد؟","نام شخص، چیز یا مفهوم","فقط فعل","فقط حرف","فقط عدد","A","سؤال تألیفی تشخیصی برای ارزیابی اولیه؛ جایگزین پوشش فصل‌به‌فصل کتاب درسی نیست.","ترنم همدلی","original","1405"
"دهم","انسانی","عربی","عربی","آزمون جامع","ارزیابی پایه","هسته ۱۰ سوالی","متوسط","معنا در ترجمه باید چگونه حفظ شود؟","متناسب با کل جمله","با حذف فعل","با تغییر فاعل","با حذف واژه‌های مهم","A","سؤال تألیفی تشخیصی برای ارزیابی اولیه؛ جایگزین پوشش فصل‌به‌فصل کتاب درسی نیست.","ترنم همدلی","original","1405"
"دهم","انسانی","عربی","عربی","آزمون جامع","ارزیابی پایه","هسته ۱۰ سوالی","متوسط","یادگیری واژه‌ها در بافت جمله چه فایده‌ای دارد؟","درک بهتر کاربرد و معنا","حذف معنی","افزایش ابهام","تغییر دستور","A","سؤال تألیفی تشخیصی برای ارزیابی اولیه؛ جایگزین پوشش فصل‌به‌فصل کتاب درسی نیست.","ترنم همدلی","original","1405"
"دهم","ریاضی","زبان انگلیسی","زبان انگلیسی","آزمون جامع","ارزیابی پایه","هسته ۱۰ سوالی","متوسط","What does 'book' mean?","کتاب","مدرسه","خانه","دوست","A","سؤال تألیفی تشخیصی برای ارزیابی اولیه؛ جایگزین پوشش فصل‌به‌فصل کتاب درسی نیست.","ترنم همدلی","original","1405"
"دهم","ریاضی","زبان انگلیسی","زبان انگلیسی","آزمون جامع","ارزیابی پایه","هسته ۱۰ سوالی","متوسط","Which word is a verb?","study","student","school","book","A","سؤال تألیفی تشخیصی برای ارزیابی اولیه؛ جایگزین پوشش فصل‌به‌فصل کتاب درسی نیست.","ترنم همدلی","original","1405"
"دهم","ریاضی","زبان انگلیسی","زبان انگلیسی","آزمون جامع","ارزیابی پایه","هسته ۱۰ سوالی","متوسط","What is the opposite of 'big'?","small","long","fast","old","A","سؤال تألیفی تشخیصی برای ارزیابی اولیه؛ جایگزین پوشش فصل‌به‌فصل کتاب درسی نیست.","ترنم همدلی","original","1405"
"دهم","ریاضی","زبان انگلیسی","زبان انگلیسی","آزمون جامع","ارزیابی پایه","هسته ۱۰ سوالی","متوسط","Which sentence is a question?","Are you ready?","I am ready.","She studies.","They are students.","A","سؤال تألیفی تشخیصی برای ارزیابی اولیه؛ جایگزین پوشش فصل‌به‌فصل کتاب درسی نیست.","ترنم همدلی","original","1405"
"دهم","ریاضی","زبان انگلیسی","زبان انگلیسی","آزمون جامع","ارزیابی پایه","هسته ۱۰ سوالی","متوسط","What does 'teacher' mean?","معلم","دانش‌آموز","کتاب","کلاس","A","سؤال تألیفی تشخیصی برای ارزیابی اولیه؛ جایگزین پوشش فصل‌به‌فصل کتاب درسی نیست.","ترنم همدلی","original","1405"
"دهم","ریاضی","زبان انگلیسی","زبان انگلیسی","آزمون جامع","ارزیابی پایه","هسته ۱۰ سوالی","متوسط","Which word means 'آب'?","water","bread","milk","book","A","سؤال تألیفی تشخیصی برای ارزیابی اولیه؛ جایگزین پوشش فصل‌به‌فصل کتاب درسی نیست.","ترنم همدلی","original","1405"
"دهم","ریاضی","زبان انگلیسی","زبان انگلیسی","آزمون جامع","ارزیابی پایه","هسته ۱۰ سوالی","متوسط","What is the past form of 'go'?","went","goes","going","go","A","سؤال تألیفی تشخیصی برای ارزیابی اولیه؛ جایگزین پوشش فصل‌به‌فصل کتاب درسی نیست.","ترنم همدلی","original","1405"
"دهم","ریاضی","زبان انگلیسی","زبان انگلیسی","آزمون جامع","ارزیابی پایه","هسته ۱۰ سوالی","متوسط","Which word is plural?","books","book","read","quick","A","سؤال تألیفی تشخیصی برای ارزیابی اولیه؛ جایگزین پوشش فصل‌به‌فصل کتاب درسی نیست.","ترنم همدلی","original","1405"
"دهم","ریاضی","زبان انگلیسی","زبان انگلیسی","آزمون جامع","ارزیابی پایه","هسته ۱۰ سوالی","متوسط","What does 'happy' mean?","خوشحال","خسته","گرسنه","سرد","A","سؤال تألیفی تشخیصی برای ارزیابی اولیه؛ جایگزین پوشش فصل‌به‌فصل کتاب درسی نیست.","ترنم همدلی","original","1405"
"دهم","ریاضی","زبان انگلیسی","زبان انگلیسی","آزمون جامع","ارزیابی پایه","هسته ۱۰ سوالی","متوسط","Why is context important in reading?","It helps determine meaning","It removes words","It changes spelling","It deletes the sentence","A","سؤال تألیفی تشخیصی برای ارزیابی اولیه؛ جایگزین پوشش فصل‌به‌فصل کتاب درسی نیست.","ترنم همدلی","original","1405"
"دهم","تجربی","زبان انگلیسی","زبان انگلیسی","آزمون جامع","ارزیابی پایه","هسته ۱۰ سوالی","متوسط","What does 'book' mean?","کتاب","مدرسه","خانه","دوست","A","سؤال تألیفی تشخیصی برای ارزیابی اولیه؛ جایگزین پوشش فصل‌به‌فصل کتاب درسی نیست.","ترنم همدلی","original","1405"
"دهم","تجربی","زبان انگلیسی","زبان انگلیسی","آزمون جامع","ارزیابی پایه","هسته ۱۰ سوالی","متوسط","Which word is a verb?","study","student","school","book","A","سؤال تألیفی تشخیصی برای ارزیابی اولیه؛ جایگزین پوشش فصل‌به‌فصل کتاب درسی نیست.","ترنم همدلی","original","1405"
"دهم","تجربی","زبان انگلیسی","زبان انگلیسی","آزمون جامع","ارزیابی پایه","هسته ۱۰ سوالی","متوسط","What is the opposite of 'big'?","small","long","fast","old","A","سؤال تألیفی تشخیصی برای ارزیابی اولیه؛ جایگزین پوشش فصل‌به‌فصل کتاب درسی نیست.","ترنم همدلی","original","1405"
"دهم","تجربی","زبان انگلیسی","زبان انگلیسی","آزمون جامع","ارزیابی پایه","هسته ۱۰ سوالی","متوسط","Which sentence is a question?","Are you ready?","I am ready.","She studies.","They are students.","A","سؤال تألیفی تشخیصی برای ارزیابی اولیه؛ جایگزین پوشش فصل‌به‌فصل کتاب درسی نیست.","ترنم همدلی","original","1405"
"دهم","تجربی","زبان انگلیسی","زبان انگلیسی","آزمون جامع","ارزیابی پایه","هسته ۱۰ سوالی","متوسط","What does 'teacher' mean?","معلم","دانش‌آموز","کتاب","کلاس","A","سؤال تألیفی تشخیصی برای ارزیابی اولیه؛ جایگزین پوشش فصل‌به‌فصل کتاب درسی نیست.","ترنم همدلی","original","1405"
"دهم","تجربی","زبان انگلیسی","زبان انگلیسی","آزمون جامع","ارزیابی پایه","هسته ۱۰ سوالی","متوسط","Which word means 'آب'?","water","bread","milk","book","A","سؤال تألیفی تشخیصی برای ارزیابی اولیه؛ جایگزین پوشش فصل‌به‌فصل کتاب درسی نیست.","ترنم همدلی","original","1405"
"دهم","تجربی","زبان انگلیسی","زبان انگلیسی","آزمون جامع","ارزیابی پایه","هسته ۱۰ سوالی","متوسط","What is the past form of 'go'?","went","goes","going","go","A","سؤال تألیفی تشخیصی برای ارزیابی اولیه؛ جایگزین پوشش فصل‌به‌فصل کتاب درسی نیست.","ترنم همدلی","original","1405"
"دهم","تجربی","زبان انگلیسی","زبان انگلیسی","آزمون جامع","ارزیابی پایه","هسته ۱۰ سوالی","متوسط","Which word is plural?","books","book","read","quick","A","سؤال تألیفی تشخیصی برای ارزیابی اولیه؛ جایگزین پوشش فصل‌به‌فصل کتاب درسی نیست.","ترنم همدلی","original","1405"
"دهم","تجربی","زبان انگلیسی","زبان انگلیسی","آزمون جامع","ارزیابی پایه","هسته ۱۰ سوالی","متوسط","What does 'happy' mean?","خوشحال","خسته","گرسنه","سرد","A","سؤال تألیفی تشخیصی برای ارزیابی اولیه؛ جایگزین پوشش فصل‌به‌فصل کتاب درسی نیست.","ترنم همدلی","original","1405"
"دهم","تجربی","زبان انگلیسی","زبان انگلیسی","آزمون جامع","ارزیابی پایه","هسته ۱۰ سوالی","متوسط","Why is context important in reading?","It helps determine meaning","It removes words","It changes spelling","It deletes the sentence","A","سؤال تألیفی تشخیصی برای ارزیابی اولیه؛ جایگزین پوشش فصل‌به‌فصل کتاب درسی نیست.","ترنم همدلی","original","1405"
"دهم","انسانی","زبان انگلیسی","زبان انگلیسی","آزمون جامع","ارزیابی پایه","هسته ۱۰ سوالی","متوسط","What does 'book' mean?","کتاب","مدرسه","خانه","دوست","A","سؤال تألیفی تشخیصی برای ارزیابی اولیه؛ جایگزین پوشش فصل‌به‌فصل کتاب درسی نیست.","ترنم همدلی","original","1405"
"دهم","انسانی","زبان انگلیسی","زبان انگلیسی","آزمون جامع","ارزیابی پایه","هسته ۱۰ سوالی","متوسط","Which word is a verb?","study","student","school","book","A","سؤال تألیفی تشخیصی برای ارزیابی اولیه؛ جایگزین پوشش فصل‌به‌فصل کتاب درسی نیست.","ترنم همدلی","original","1405"
"دهم","انسانی","زبان انگلیسی","زبان انگلیسی","آزمون جامع","ارزیابی پایه","هسته ۱۰ سوالی","متوسط","What is the opposite of 'big'?","small","long","fast","old","A","سؤال تألیفی تشخیصی برای ارزیابی اولیه؛ جایگزین پوشش فصل‌به‌فصل کتاب درسی نیست.","ترنم همدلی","original","1405"
"دهم","انسانی","زبان انگلیسی","زبان انگلیسی","آزمون جامع","ارزیابی پایه","هسته ۱۰ سوالی","متوسط","Which sentence is a question?","Are you ready?","I am ready.","She studies.","They are students.","A","سؤال تألیفی تشخیصی برای ارزیابی اولیه؛ جایگزین پوشش فصل‌به‌فصل کتاب درسی نیست.","ترنم همدلی","original","1405"
"دهم","انسانی","زبان انگلیسی","زبان انگلیسی","آزمون جامع","ارزیابی پایه","هسته ۱۰ سوالی","متوسط","What does 'teacher' mean?","معلم","دانش‌آموز","کتاب","کلاس","A","سؤال تألیفی تشخیصی برای ارزیابی اولیه؛ جایگزین پوشش فصل‌به‌فصل کتاب درسی نیست.","ترنم همدلی","original","1405"
"دهم","انسانی","زبان انگلیسی","زبان انگلیسی","آزمون جامع","ارزیابی پایه","هسته ۱۰ سوالی","متوسط","Which word means 'آب'?","water","bread","milk","book","A","سؤال تألیفی تشخیصی برای ارزیابی اولیه؛ جایگزین پوشش فصل‌به‌فصل کتاب درسی نیست.","ترنم همدلی","original","1405"
"دهم","انسانی","زبان انگلیسی","زبان انگلیسی","آزمون جامع","ارزیابی پایه","هسته ۱۰ سوالی","متوسط","What is the past form of 'go'?","went","goes","going","go","A","سؤال تألیفی تشخیصی برای ارزیابی اولیه؛ جایگزین پوشش فصل‌به‌فصل کتاب درسی نیست.","ترنم همدلی","original","1405"
"دهم","انسانی","زبان انگلیسی","زبان انگلیسی","آزمون جامع","ارزیابی پایه","هسته ۱۰ سوالی","متوسط","Which word is plural?","books","book","read","quick","A","سؤال تألیفی تشخیصی برای ارزیابی اولیه؛ جایگزین پوشش فصل‌به‌فصل کتاب درسی نیست.","ترنم همدلی","original","1405"
"دهم","انسانی","زبان انگلیسی","زبان انگلیسی","آزمون جامع","ارزیابی پایه","هسته ۱۰ سوالی","متوسط","What does 'happy' mean?","خوشحال","خسته","گرسنه","سرد","A","سؤال تألیفی تشخیصی برای ارزیابی اولیه؛ جایگزین پوشش فصل‌به‌فصل کتاب درسی نیست.","ترنم همدلی","original","1405"
"دهم","انسانی","زبان انگلیسی","زبان انگلیسی","آزمون جامع","ارزیابی پایه","هسته ۱۰ سوالی","متوسط","Why is context important in reading?","It helps determine meaning","It removes words","It changes spelling","It deletes the sentence","A","سؤال تألیفی تشخیصی برای ارزیابی اولیه؛ جایگزین پوشش فصل‌به‌فصل کتاب درسی نیست.","ترنم همدلی","original","1405"
"دهم","ریاضی","هنر","هنر","آزمون جامع","ارزیابی پایه","هسته ۱۰ سوالی","متوسط","ترکیب‌بندی در هنر به چه مربوط است؟","سازمان‌دهی عناصر اثر","اندازه‌گیری وزن","حل معادله","حفظ تاریخ","A","سؤال تألیفی تشخیصی برای ارزیابی اولیه؛ جایگزین پوشش فصل‌به‌فصل کتاب درسی نیست.","ترنم همدلی","original","1405"
"دهم","ریاضی","هنر","هنر","آزمون جامع","ارزیابی پایه","هسته ۱۰ سوالی","متوسط","کنتراست چیست؟","تفاوت قابل توجه میان عناصر","تکرار کامل","حذف رنگ","بی‌نظمی","A","سؤال تألیفی تشخیصی برای ارزیابی اولیه؛ جایگزین پوشش فصل‌به‌فصل کتاب درسی نیست.","ترنم همدلی","original","1405"
"دهم","ریاضی","هنر","هنر","آزمون جامع","ارزیابی پایه","هسته ۱۰ سوالی","متوسط","خط در اثر هنری چه نقشی دارد؟","ایجاد جهت و شکل","اندازه‌گیری فقط","نوشتن متن","تعیین زمان","A","سؤال تألیفی تشخیصی برای ارزیابی اولیه؛ جایگزین پوشش فصل‌به‌فصل کتاب درسی نیست.","ترنم همدلی","original","1405"
"دهم","ریاضی","هنر","هنر","آزمون جامع","ارزیابی پایه","هسته ۱۰ سوالی","متوسط","تعادل بصری یعنی چه؟","توزیع متناسب وزن بصری عناصر","حذف همه عناصر","یکسانی رنگ‌ها","بی‌نظمی","A","سؤال تألیفی تشخیصی برای ارزیابی اولیه؛ جایگزین پوشش فصل‌به‌فصل کتاب درسی نیست.","ترنم همدلی","original","1405"
"دهم","ریاضی","هنر","هنر","آزمون جامع","ارزیابی پایه","هسته ۱۰ سوالی","متوسط","خلاقیت با چه چیزی تقویت می‌شود؟","تجربه، مشاهده و ایده‌پردازی","تکرار بی‌فکر","حذف مشاهده","بی‌تمرینی","A","سؤال تألیفی تشخیصی برای ارزیابی اولیه؛ جایگزین پوشش فصل‌به‌فصل کتاب درسی نیست.","ترنم همدلی","original","1405"
"دهم","ریاضی","هنر","هنر","آزمون جامع","ارزیابی پایه","هسته ۱۰ سوالی","متوسط","بافت در هنر به چه اشاره دارد؟","کیفیت سطح و حس بصری یا لمسی","اندازه صفحه","زمان اثر","نام هنرمند","A","سؤال تألیفی تشخیصی برای ارزیابی اولیه؛ جایگزین پوشش فصل‌به‌فصل کتاب درسی نیست.","ترنم همدلی","original","1405"
"دهم","ریاضی","هنر","هنر","آزمون جامع","ارزیابی پایه","هسته ۱۰ سوالی","متوسط","پرسپکتیو برای چیست؟","نمایش عمق و فاصله","حذف حجم","تغییر صدا","محاسبه زمان","A","سؤال تألیفی تشخیصی برای ارزیابی اولیه؛ جایگزین پوشش فصل‌به‌فصل کتاب درسی نیست.","ترنم همدلی","original","1405"
"دهم","ریاضی","هنر","هنر","آزمون جامع","ارزیابی پایه","هسته ۱۰ سوالی","متوسط","فرم چه چیزی را بیان می‌کند؟","ساختار و شکل اثر","فقط رنگ","فقط صدا","فقط متن","A","سؤال تألیفی تشخیصی برای ارزیابی اولیه؛ جایگزین پوشش فصل‌به‌فصل کتاب درسی نیست.","ترنم همدلی","original","1405"
"دهم","ریاضی","هنر","هنر","آزمون جامع","ارزیابی پایه","هسته ۱۰ سوالی","متوسط","نقد هنری بهتر است بر چه چیزی استوار باشد؟","مشاهده اثر و استدلال","سلیقه بدون توضیح","شایعه","نام هنرمند فقط","A","سؤال تألیفی تشخیصی برای ارزیابی اولیه؛ جایگزین پوشش فصل‌به‌فصل کتاب درسی نیست.","ترنم همدلی","original","1405"
"دهم","ریاضی","هنر","هنر","آزمون جامع","ارزیابی پایه","هسته ۱۰ سوالی","متوسط","تناسب در اثر هنری یعنی چه؟","رابطه اندازه عناصر با یکدیگر","حذف اندازه","تکرار رنگ","بی‌نظمی","A","سؤال تألیفی تشخیصی برای ارزیابی اولیه؛ جایگزین پوشش فصل‌به‌فصل کتاب درسی نیست.","ترنم همدلی","original","1405"
"دهم","تجربی","هنر","هنر","آزمون جامع","ارزیابی پایه","هسته ۱۰ سوالی","متوسط","ترکیب‌بندی در هنر به چه مربوط است؟","سازمان‌دهی عناصر اثر","اندازه‌گیری وزن","حل معادله","حفظ تاریخ","A","سؤال تألیفی تشخیصی برای ارزیابی اولیه؛ جایگزین پوشش فصل‌به‌فصل کتاب درسی نیست.","ترنم همدلی","original","1405"
"دهم","تجربی","هنر","هنر","آزمون جامع","ارزیابی پایه","هسته ۱۰ سوالی","متوسط","کنتراست چیست؟","تفاوت قابل توجه میان عناصر","تکرار کامل","حذف رنگ","بی‌نظمی","A","سؤال تألیفی تشخیصی برای ارزیابی اولیه؛ جایگزین پوشش فصل‌به‌فصل کتاب درسی نیست.","ترنم همدلی","original","1405"
"دهم","تجربی","هنر","هنر","آزمون جامع","ارزیابی پایه","هسته ۱۰ سوالی","متوسط","خط در اثر هنری چه نقشی دارد؟","ایجاد جهت و شکل","اندازه‌گیری فقط","نوشتن متن","تعیین زمان","A","سؤال تألیفی تشخیصی برای ارزیابی اولیه؛ جایگزین پوشش فصل‌به‌فصل کتاب درسی نیست.","ترنم همدلی","original","1405"
"دهم","تجربی","هنر","هنر","آزمون جامع","ارزیابی پایه","هسته ۱۰ سوالی","متوسط","تعادل بصری یعنی چه؟","توزیع متناسب وزن بصری عناصر","حذف همه عناصر","یکسانی رنگ‌ها","بی‌نظمی","A","سؤال تألیفی تشخیصی برای ارزیابی اولیه؛ جایگزین پوشش فصل‌به‌فصل کتاب درسی نیست.","ترنم همدلی","original","1405"
"دهم","تجربی","هنر","هنر","آزمون جامع","ارزیابی پایه","هسته ۱۰ سوالی","متوسط","خلاقیت با چه چیزی تقویت می‌شود؟","تجربه، مشاهده و ایده‌پردازی","تکرار بی‌فکر","حذف مشاهده","بی‌تمرینی","A","سؤال تألیفی تشخیصی برای ارزیابی اولیه؛ جایگزین پوشش فصل‌به‌فصل کتاب درسی نیست.","ترنم همدلی","original","1405"
"دهم","تجربی","هنر","هنر","آزمون جامع","ارزیابی پایه","هسته ۱۰ سوالی","متوسط","بافت در هنر به چه اشاره دارد؟","کیفیت سطح و حس بصری یا لمسی","اندازه صفحه","زمان اثر","نام هنرمند","A","سؤال تألیفی تشخیصی برای ارزیابی اولیه؛ جایگزین پوشش فصل‌به‌فصل کتاب درسی نیست.","ترنم همدلی","original","1405"
"دهم","تجربی","هنر","هنر","آزمون جامع","ارزیابی پایه","هسته ۱۰ سوالی","متوسط","پرسپکتیو برای چیست؟","نمایش عمق و فاصله","حذف حجم","تغییر صدا","محاسبه زمان","A","سؤال تألیفی تشخیصی برای ارزیابی اولیه؛ جایگزین پوشش فصل‌به‌فصل کتاب درسی نیست.","ترنم همدلی","original","1405"
"دهم","تجربی","هنر","هنر","آزمون جامع","ارزیابی پایه","هسته ۱۰ سوالی","متوسط","فرم چه چیزی را بیان می‌کند؟","ساختار و شکل اثر","فقط رنگ","فقط صدا","فقط متن","A","سؤال تألیفی تشخیصی برای ارزیابی اولیه؛ جایگزین پوشش فصل‌به‌فصل کتاب درسی نیست.","ترنم همدلی","original","1405"
"دهم","تجربی","هنر","هنر","آزمون جامع","ارزیابی پایه","هسته ۱۰ سوالی","متوسط","نقد هنری بهتر است بر چه چیزی استوار باشد؟","مشاهده اثر و استدلال","سلیقه بدون توضیح","شایعه","نام هنرمند فقط","A","سؤال تألیفی تشخیصی برای ارزیابی اولیه؛ جایگزین پوشش فصل‌به‌فصل کتاب درسی نیست.","ترنم همدلی","original","1405"
"دهم","تجربی","هنر","هنر","آزمون جامع","ارزیابی پایه","هسته ۱۰ سوالی","متوسط","تناسب در اثر هنری یعنی چه؟","رابطه اندازه عناصر با یکدیگر","حذف اندازه","تکرار رنگ","بی‌نظمی","A","سؤال تألیفی تشخیصی برای ارزیابی اولیه؛ جایگزین پوشش فصل‌به‌فصل کتاب درسی نیست.","ترنم همدلی","original","1405"
"دهم","انسانی","هنر","هنر","آزمون جامع","ارزیابی پایه","هسته ۱۰ سوالی","متوسط","ترکیب‌بندی در هنر به چه مربوط است؟","سازمان‌دهی عناصر اثر","اندازه‌گیری وزن","حل معادله","حفظ تاریخ","A","سؤال تألیفی تشخیصی برای ارزیابی اولیه؛ جایگزین پوشش فصل‌به‌فصل کتاب درسی نیست.","ترنم همدلی","original","1405"
"دهم","انسانی","هنر","هنر","آزمون جامع","ارزیابی پایه","هسته ۱۰ سوالی","متوسط","کنتراست چیست؟","تفاوت قابل توجه میان عناصر","تکرار کامل","حذف رنگ","بی‌نظمی","A","سؤال تألیفی تشخیصی برای ارزیابی اولیه؛ جایگزین پوشش فصل‌به‌فصل کتاب درسی نیست.","ترنم همدلی","original","1405"
"دهم","انسانی","هنر","هنر","آزمون جامع","ارزیابی پایه","هسته ۱۰ سوالی","متوسط","خط در اثر هنری چه نقشی دارد؟","ایجاد جهت و شکل","اندازه‌گیری فقط","نوشتن متن","تعیین زمان","A","سؤال تألیفی تشخیصی برای ارزیابی اولیه؛ جایگزین پوشش فصل‌به‌فصل کتاب درسی نیست.","ترنم همدلی","original","1405"
"دهم","انسانی","هنر","هنر","آزمون جامع","ارزیابی پایه","هسته ۱۰ سوالی","متوسط","تعادل بصری یعنی چه؟","توزیع متناسب وزن بصری عناصر","حذف همه عناصر","یکسانی رنگ‌ها","بی‌نظمی","A","سؤال تألیفی تشخیصی برای ارزیابی اولیه؛ جایگزین پوشش فصل‌به‌فصل کتاب درسی نیست.","ترنم همدلی","original","1405"
"دهم","انسانی","هنر","هنر","آزمون جامع","ارزیابی پایه","هسته ۱۰ سوالی","متوسط","خلاقیت با چه چیزی تقویت می‌شود؟","تجربه، مشاهده و ایده‌پردازی","تکرار بی‌فکر","حذف مشاهده","بی‌تمرینی","A","سؤال تألیفی تشخیصی برای ارزیابی اولیه؛ جایگزین پوشش فصل‌به‌فصل کتاب درسی نیست.","ترنم همدلی","original","1405"
"دهم","انسانی","هنر","هنر","آزمون جامع","ارزیابی پایه","هسته ۱۰ سوالی","متوسط","بافت در هنر به چه اشاره دارد؟","کیفیت سطح و حس بصری یا لمسی","اندازه صفحه","زمان اثر","نام هنرمند","A","سؤال تألیفی تشخیصی برای ارزیابی اولیه؛ جایگزین پوشش فصل‌به‌فصل کتاب درسی نیست.","ترنم همدلی","original","1405"
"دهم","انسانی","هنر","هنر","آزمون جامع","ارزیابی پایه","هسته ۱۰ سوالی","متوسط","پرسپکتیو برای چیست؟","نمایش عمق و فاصله","حذف حجم","تغییر صدا","محاسبه زمان","A","سؤال تألیفی تشخیصی برای ارزیابی اولیه؛ جایگزین پوشش فصل‌به‌فصل کتاب درسی نیست.","ترنم همدلی","original","1405"
"دهم","انسانی","هنر","هنر","آزمون جامع","ارزیابی پایه","هسته ۱۰ سوالی","متوسط","فرم چه چیزی را بیان می‌کند؟","ساختار و شکل اثر","فقط رنگ","فقط صدا","فقط متن","A","سؤال تألیفی تشخیصی برای ارزیابی اولیه؛ جایگزین پوشش فصل‌به‌فصل کتاب درسی نیست.","ترنم همدلی","original","1405"
"دهم","انسانی","هنر","هنر","آزمون جامع","ارزیابی پایه","هسته ۱۰ سوالی","متوسط","نقد هنری بهتر است بر چه چیزی استوار باشد؟","مشاهده اثر و استدلال","سلیقه بدون توضیح","شایعه","نام هنرمند فقط","A","سؤال تألیفی تشخیصی برای ارزیابی اولیه؛ جایگزین پوشش فصل‌به‌فصل کتاب درسی نیست.","ترنم همدلی","original","1405"
"دهم","انسانی","هنر","هنر","آزمون جامع","ارزیابی پایه","هسته ۱۰ سوالی","متوسط","تناسب در اثر هنری یعنی چه؟","رابطه اندازه عناصر با یکدیگر","حذف اندازه","تکرار رنگ","بی‌نظمی","A","سؤال تألیفی تشخیصی برای ارزیابی اولیه؛ جایگزین پوشش فصل‌به‌فصل کتاب درسی نیست.","ترنم همدلی","original","1405"
"دهم","ریاضی","جغرافیای ایران","جغرافیای ایران","آزمون جامع","ارزیابی پایه","هسته ۱۰ سوالی","متوسط","قانون چه نقشی دارد؟","تنظیم روابط و حقوق","ایجاد بی‌نظمی","حذف مسئولیت","تغییر آب‌وهوا","A","سؤال تألیفی تشخیصی برای ارزیابی اولیه؛ جایگزین پوشش فصل‌به‌فصل کتاب درسی نیست.","ترنم همدلی","original","1405"
"دهم","ریاضی","جغرافیای ایران","جغرافیای ایران","آزمون جامع","ارزیابی پایه","هسته ۱۰ سوالی","متوسط","شهروند مسئول چه می‌کند؟","حقوق دیگران و وظایف خود را رعایت می‌کند","قانون را نادیده می‌گیرد","فقط مطالبه می‌کند","به محیط آسیب می‌زند","A","سؤال تألیفی تشخیصی برای ارزیابی اولیه؛ جایگزین پوشش فصل‌به‌فصل کتاب درسی نیست.","ترنم همدلی","original","1405"
"دهم","ریاضی","جغرافیای ایران","جغرافیای ایران","آزمون جامع","ارزیابی پایه","هسته ۱۰ سوالی","متوسط","نقشه برای چه مفید است؟","نمایش موقعیت‌های مکانی","اندازه‌گیری دما","تشخیص صدا","محاسبه سن","A","سؤال تألیفی تشخیصی برای ارزیابی اولیه؛ جایگزین پوشش فصل‌به‌فصل کتاب درسی نیست.","ترنم همدلی","original","1405"
"دهم","ریاضی","جغرافیای ایران","جغرافیای ایران","آزمون جامع","ارزیابی پایه","هسته ۱۰ سوالی","متوسط","منبع تاریخی چه فایده‌ای دارد؟","شواهدی برای شناخت گذشته فراهم می‌کند","همیشه قطعی است","فقط سرگرمی است","هیچ ارزشی ندارد","A","سؤال تألیفی تشخیصی برای ارزیابی اولیه؛ جایگزین پوشش فصل‌به‌فصل کتاب درسی نیست.","ترنم همدلی","original","1405"
"دهم","ریاضی","جغرافیای ایران","جغرافیای ایران","آزمون جامع","ارزیابی پایه","هسته ۱۰ سوالی","متوسط","فرهنگ شامل چیست؟","ارزش‌ها، هنجارها و نمادها","فقط ساختمان","فقط پول","فقط آب‌وهوا","A","سؤال تألیفی تشخیصی برای ارزیابی اولیه؛ جایگزین پوشش فصل‌به‌فصل کتاب درسی نیست.","ترنم همدلی","original","1405"
"دهم","ریاضی","جغرافیای ایران","جغرافیای ایران","آزمون جامع","ارزیابی پایه","هسته ۱۰ سوالی","متوسط","جمعیت یعنی چه؟","تعداد افراد یک محدوده","تعداد ساختمان","مساحت کشور","تعداد رودها","A","سؤال تألیفی تشخیصی برای ارزیابی اولیه؛ جایگزین پوشش فصل‌به‌فصل کتاب درسی نیست.","ترنم همدلی","original","1405"
"دهم","ریاضی","جغرافیای ایران","جغرافیای ایران","آزمون جامع","ارزیابی پایه","هسته ۱۰ سوالی","متوسط","مهاجرت چیست؟","جابه‌جایی افراد برای سکونت","تغییر فصل","حرکت زمین","تغییر زبان","A","سؤال تألیفی تشخیصی برای ارزیابی اولیه؛ جایگزین پوشش فصل‌به‌فصل کتاب درسی نیست.","ترنم همدلی","original","1405"
"دهم","ریاضی","جغرافیای ایران","جغرافیای ایران","آزمون جامع","ارزیابی پایه","هسته ۱۰ سوالی","متوسط","همکاری اجتماعی چه فایده‌ای دارد؟","حل بهتر مسائل مشترک","حذف مسئولیت","بی‌نیازی از قانون","افزایش قطعی تعارض","A","سؤال تألیفی تشخیصی برای ارزیابی اولیه؛ جایگزین پوشش فصل‌به‌فصل کتاب درسی نیست.","ترنم همدلی","original","1405"
"دهم","ریاضی","جغرافیای ایران","جغرافیای ایران","آزمون جامع","ارزیابی پایه","هسته ۱۰ سوالی","متوسط","توسعه پایدار بر چه چیزی تأکید دارد؟","توجه به نیاز امروز و آینده","مصرف بی‌حد","حذف طبیعت","نادیده گرفتن نسل آینده","A","سؤال تألیفی تشخیصی برای ارزیابی اولیه؛ جایگزین پوشش فصل‌به‌فصل کتاب درسی نیست.","ترنم همدلی","original","1405"
"دهم","ریاضی","جغرافیای ایران","جغرافیای ایران","آزمون جامع","ارزیابی پایه","هسته ۱۰ سوالی","متوسط","پدیده‌های اجتماعی را بهتر است چگونه بررسی کرد؟","با مفهوم، شواهد و توجه به زمینه","با یک شایعه","با حدس تنها","بدون داده","A","سؤال تألیفی تشخیصی برای ارزیابی اولیه؛ جایگزین پوشش فصل‌به‌فصل کتاب درسی نیست.","ترنم همدلی","original","1405"
"دهم","تجربی","جغرافیای ایران","جغرافیای ایران","آزمون جامع","ارزیابی پایه","هسته ۱۰ سوالی","متوسط","قانون چه نقشی دارد؟","تنظیم روابط و حقوق","ایجاد بی‌نظمی","حذف مسئولیت","تغییر آب‌وهوا","A","سؤال تألیفی تشخیصی برای ارزیابی اولیه؛ جایگزین پوشش فصل‌به‌فصل کتاب درسی نیست.","ترنم همدلی","original","1405"
"دهم","تجربی","جغرافیای ایران","جغرافیای ایران","آزمون جامع","ارزیابی پایه","هسته ۱۰ سوالی","متوسط","شهروند مسئول چه می‌کند؟","حقوق دیگران و وظایف خود را رعایت می‌کند","قانون را نادیده می‌گیرد","فقط مطالبه می‌کند","به محیط آسیب می‌زند","A","سؤال تألیفی تشخیصی برای ارزیابی اولیه؛ جایگزین پوشش فصل‌به‌فصل کتاب درسی نیست.","ترنم همدلی","original","1405"
"دهم","تجربی","جغرافیای ایران","جغرافیای ایران","آزمون جامع","ارزیابی پایه","هسته ۱۰ سوالی","متوسط","نقشه برای چه مفید است؟","نمایش موقعیت‌های مکانی","اندازه‌گیری دما","تشخیص صدا","محاسبه سن","A","سؤال تألیفی تشخیصی برای ارزیابی اولیه؛ جایگزین پوشش فصل‌به‌فصل کتاب درسی نیست.","ترنم همدلی","original","1405"
"دهم","تجربی","جغرافیای ایران","جغرافیای ایران","آزمون جامع","ارزیابی پایه","هسته ۱۰ سوالی","متوسط","منبع تاریخی چه فایده‌ای دارد؟","شواهدی برای شناخت گذشته فراهم می‌کند","همیشه قطعی است","فقط سرگرمی است","هیچ ارزشی ندارد","A","سؤال تألیفی تشخیصی برای ارزیابی اولیه؛ جایگزین پوشش فصل‌به‌فصل کتاب درسی نیست.","ترنم همدلی","original","1405"
"دهم","تجربی","جغرافیای ایران","جغرافیای ایران","آزمون جامع","ارزیابی پایه","هسته ۱۰ سوالی","متوسط","فرهنگ شامل چیست؟","ارزش‌ها، هنجارها و نمادها","فقط ساختمان","فقط پول","فقط آب‌وهوا","A","سؤال تألیفی تشخیصی برای ارزیابی اولیه؛ جایگزین پوشش فصل‌به‌فصل کتاب درسی نیست.","ترنم همدلی","original","1405"
"دهم","تجربی","جغرافیای ایران","جغرافیای ایران","آزمون جامع","ارزیابی پایه","هسته ۱۰ سوالی","متوسط","جمعیت یعنی چه؟","تعداد افراد یک محدوده","تعداد ساختمان","مساحت کشور","تعداد رودها","A","سؤال تألیفی تشخیصی برای ارزیابی اولیه؛ جایگزین پوشش فصل‌به‌فصل کتاب درسی نیست.","ترنم همدلی","original","1405"
"دهم","تجربی","جغرافیای ایران","جغرافیای ایران","آزمون جامع","ارزیابی پایه","هسته ۱۰ سوالی","متوسط","مهاجرت چیست؟","جابه‌جایی افراد برای سکونت","تغییر فصل","حرکت زمین","تغییر زبان","A","سؤال تألیفی تشخیصی برای ارزیابی اولیه؛ جایگزین پوشش فصل‌به‌فصل کتاب درسی نیست.","ترنم همدلی","original","1405"
"دهم","تجربی","جغرافیای ایران","جغرافیای ایران","آزمون جامع","ارزیابی پایه","هسته ۱۰ سوالی","متوسط","همکاری اجتماعی چه فایده‌ای دارد؟","حل بهتر مسائل مشترک","حذف مسئولیت","بی‌نیازی از قانون","افزایش قطعی تعارض","A","سؤال تألیفی تشخیصی برای ارزیابی اولیه؛ جایگزین پوشش فصل‌به‌فصل کتاب درسی نیست.","ترنم همدلی","original","1405"
"دهم","تجربی","جغرافیای ایران","جغرافیای ایران","آزمون جامع","ارزیابی پایه","هسته ۱۰ سوالی","متوسط","توسعه پایدار بر چه چیزی تأکید دارد؟","توجه به نیاز امروز و آینده","مصرف بی‌حد","حذف طبیعت","نادیده گرفتن نسل آینده","A","سؤال تألیفی تشخیصی برای ارزیابی اولیه؛ جایگزین پوشش فصل‌به‌فصل کتاب درسی نیست.","ترنم همدلی","original","1405"
"دهم","تجربی","جغرافیای ایران","جغرافیای ایران","آزمون جامع","ارزیابی پایه","هسته ۱۰ سوالی","متوسط","پدیده‌های اجتماعی را بهتر است چگونه بررسی کرد؟","با مفهوم، شواهد و توجه به زمینه","با یک شایعه","با حدس تنها","بدون داده","A","سؤال تألیفی تشخیصی برای ارزیابی اولیه؛ جایگزین پوشش فصل‌به‌فصل کتاب درسی نیست.","ترنم همدلی","original","1405"
"دهم","انسانی","جغرافیای ایران","جغرافیای ایران","آزمون جامع","ارزیابی پایه","هسته ۱۰ سوالی","متوسط","قانون چه نقشی دارد؟","تنظیم روابط و حقوق","ایجاد بی‌نظمی","حذف مسئولیت","تغییر آب‌وهوا","A","سؤال تألیفی تشخیصی برای ارزیابی اولیه؛ جایگزین پوشش فصل‌به‌فصل کتاب درسی نیست.","ترنم همدلی","original","1405"
"دهم","انسانی","جغرافیای ایران","جغرافیای ایران","آزمون جامع","ارزیابی پایه","هسته ۱۰ سوالی","متوسط","شهروند مسئول چه می‌کند؟","حقوق دیگران و وظایف خود را رعایت می‌کند","قانون را نادیده می‌گیرد","فقط مطالبه می‌کند","به محیط آسیب می‌زند","A","سؤال تألیفی تشخیصی برای ارزیابی اولیه؛ جایگزین پوشش فصل‌به‌فصل کتاب درسی نیست.","ترنم همدلی","original","1405"
"دهم","انسانی","جغرافیای ایران","جغرافیای ایران","آزمون جامع","ارزیابی پایه","هسته ۱۰ سوالی","متوسط","نقشه برای چه مفید است؟","نمایش موقعیت‌های مکانی","اندازه‌گیری دما","تشخیص صدا","محاسبه سن","A","سؤال تألیفی تشخیصی برای ارزیابی اولیه؛ جایگزین پوشش فصل‌به‌فصل کتاب درسی نیست.","ترنم همدلی","original","1405"
"دهم","انسانی","جغرافیای ایران","جغرافیای ایران","آزمون جامع","ارزیابی پایه","هسته ۱۰ سوالی","متوسط","منبع تاریخی چه فایده‌ای دارد؟","شواهدی برای شناخت گذشته فراهم می‌کند","همیشه قطعی است","فقط سرگرمی است","هیچ ارزشی ندارد","A","سؤال تألیفی تشخیصی برای ارزیابی اولیه؛ جایگزین پوشش فصل‌به‌فصل کتاب درسی نیست.","ترنم همدلی","original","1405"
"دهم","انسانی","جغرافیای ایران","جغرافیای ایران","آزمون جامع","ارزیابی پایه","هسته ۱۰ سوالی","متوسط","فرهنگ شامل چیست؟","ارزش‌ها، هنجارها و نمادها","فقط ساختمان","فقط پول","فقط آب‌وهوا","A","سؤال تألیفی تشخیصی برای ارزیابی اولیه؛ جایگزین پوشش فصل‌به‌فصل کتاب درسی نیست.","ترنم همدلی","original","1405"
"دهم","انسانی","جغرافیای ایران","جغرافیای ایران","آزمون جامع","ارزیابی پایه","هسته ۱۰ سوالی","متوسط","جمعیت یعنی چه؟","تعداد افراد یک محدوده","تعداد ساختمان","مساحت کشور","تعداد رودها","A","سؤال تألیفی تشخیصی برای ارزیابی اولیه؛ جایگزین پوشش فصل‌به‌فصل کتاب درسی نیست.","ترنم همدلی","original","1405"
"دهم","انسانی","جغرافیای ایران","جغرافیای ایران","آزمون جامع","ارزیابی پایه","هسته ۱۰ سوالی","متوسط","مهاجرت چیست؟","جابه‌جایی افراد برای سکونت","تغییر فصل","حرکت زمین","تغییر زبان","A","سؤال تألیفی تشخیصی برای ارزیابی اولیه؛ جایگزین پوشش فصل‌به‌فصل کتاب درسی نیست.","ترنم همدلی","original","1405"
"دهم","انسانی","جغرافیای ایران","جغرافیای ایران","آزمون جامع","ارزیابی پایه","هسته ۱۰ سوالی","متوسط","همکاری اجتماعی چه فایده‌ای دارد؟","حل بهتر مسائل مشترک","حذف مسئولیت","بی‌نیازی از قانون","افزایش قطعی تعارض","A","سؤال تألیفی تشخیصی برای ارزیابی اولیه؛ جایگزین پوشش فصل‌به‌فصل کتاب درسی نیست.","ترنم همدلی","original","1405"
"دهم","انسانی","جغرافیای ایران","جغرافیای ایران","آزمون جامع","ارزیابی پایه","هسته ۱۰ سوالی","متوسط","توسعه پایدار بر چه چیزی تأکید دارد؟","توجه به نیاز امروز و آینده","مصرف بی‌حد","حذف طبیعت","نادیده گرفتن نسل آینده","A","سؤال تألیفی تشخیصی برای ارزیابی اولیه؛ جایگزین پوشش فصل‌به‌فصل کتاب درسی نیست.","ترنم همدلی","original","1405"
"دهم","انسانی","جغرافیای ایران","جغرافیای ایران","آزمون جامع","ارزیابی پایه","هسته ۱۰ سوالی","متوسط","پدیده‌های اجتماعی را بهتر است چگونه بررسی کرد؟","با مفهوم، شواهد و توجه به زمینه","با یک شایعه","با حدس تنها","بدون داده","A","سؤال تألیفی تشخیصی برای ارزیابی اولیه؛ جایگزین پوشش فصل‌به‌فصل کتاب درسی نیست.","ترنم همدلی","original","1405"
"دهم","ریاضی","تفکر و سواد رسانه‌ای","تفکر و سواد رسانه‌ای","آزمون جامع","ارزیابی پایه","هسته ۱۰ سوالی","متوسط","تفکر انتقادی یعنی چه؟","بررسی شواهد و استدلال پیش از پذیرش ادعا","پذیرش هر خبر","رد همه دیدگاه‌ها","حفظ پاسخ","A","سؤال تألیفی تشخیصی برای ارزیابی اولیه؛ جایگزین پوشش فصل‌به‌فصل کتاب درسی نیست.","ترنم همدلی","original","1405"
"دهم","ریاضی","تفکر و سواد رسانه‌ای","تفکر و سواد رسانه‌ای","آزمون جامع","ارزیابی پایه","هسته ۱۰ سوالی","متوسط","پرسش خوب چه ویژگی دارد؟","روشن و قابل بررسی است","مبهم است","بدون موضوع است","پاسخ از قبل معلوم است","A","سؤال تألیفی تشخیصی برای ارزیابی اولیه؛ جایگزین پوشش فصل‌به‌فصل کتاب درسی نیست.","ترنم همدلی","original","1405"
"دهم","ریاضی","تفکر و سواد رسانه‌ای","تفکر و سواد رسانه‌ای","آزمون جامع","ارزیابی پایه","هسته ۱۰ سوالی","متوسط","مغالطه چیست؟","خطای استدلالی که ممکن است درست به نظر برسد","هر پاسخ درست","داده علمی","تعریف","A","سؤال تألیفی تشخیصی برای ارزیابی اولیه؛ جایگزین پوشش فصل‌به‌فصل کتاب درسی نیست.","ترنم همدلی","original","1405"
"دهم","ریاضی","تفکر و سواد رسانه‌ای","تفکر و سواد رسانه‌ای","آزمون جامع","ارزیابی پایه","هسته ۱۰ سوالی","متوسط","منبع معتبر چه کمکی می‌کند؟","ارزیابی بهتر ادعاها","حذف شواهد","افزایش شایعه","تغییر واقعیت","A","سؤال تألیفی تشخیصی برای ارزیابی اولیه؛ جایگزین پوشش فصل‌به‌فصل کتاب درسی نیست.","ترنم همدلی","original","1405"
"دهم","ریاضی","تفکر و سواد رسانه‌ای","تفکر و سواد رسانه‌ای","آزمون جامع","ارزیابی پایه","هسته ۱۰ سوالی","متوسط","مخاطب فعال چه می‌کند؟","پیام را بررسی و ارزیابی می‌کند","همه چیز را می‌پذیرد","پیام را نمی‌بیند","فقط حفظ می‌کند","A","سؤال تألیفی تشخیصی برای ارزیابی اولیه؛ جایگزین پوشش فصل‌به‌فصل کتاب درسی نیست.","ترنم همدلی","original","1405"
"دهم","ریاضی","تفکر و سواد رسانه‌ای","تفکر و سواد رسانه‌ای","آزمون جامع","ارزیابی پایه","هسته ۱۰ سوالی","متوسط","بازنمایی رسانه‌ای چیست؟","شیوه ارائه واقعیت در رسانه","خود واقعیت بدون انتخاب","حذف مخاطب","فرمول","A","سؤال تألیفی تشخیصی برای ارزیابی اولیه؛ جایگزین پوشش فصل‌به‌فصل کتاب درسی نیست.","ترنم همدلی","original","1405"
"دهم","ریاضی","تفکر و سواد رسانه‌ای","تفکر و سواد رسانه‌ای","آزمون جامع","ارزیابی پایه","هسته ۱۰ سوالی","متوسط","تصمیم منطقی بهتر است بر چه چیزی تکیه کند؟","اطلاعات و معیارهای روشن","شایعه","هیجان لحظه‌ای فقط","فشار دیگران","A","سؤال تألیفی تشخیصی برای ارزیابی اولیه؛ جایگزین پوشش فصل‌به‌فصل کتاب درسی نیست.","ترنم همدلی","original","1405"
"دهم","ریاضی","تفکر و سواد رسانه‌ای","تفکر و سواد رسانه‌ای","آزمون جامع","ارزیابی پایه","هسته ۱۰ سوالی","متوسط","گفت‌وگوی سازنده چه ویژگی دارد؟","گوش دادن و استدلال محترمانه","قطع صحبت","تحقیر","تحمیل","A","سؤال تألیفی تشخیصی برای ارزیابی اولیه؛ جایگزین پوشش فصل‌به‌فصل کتاب درسی نیست.","ترنم همدلی","original","1405"
"دهم","ریاضی","تفکر و سواد رسانه‌ای","تفکر و سواد رسانه‌ای","آزمون جامع","ارزیابی پایه","هسته ۱۰ سوالی","متوسط","پژوهش برای چه انجام می‌شود؟","پاسخ مستند به پرسش","تأیید هر حدس","حذف شواهد","افزایش ابهام","A","سؤال تألیفی تشخیصی برای ارزیابی اولیه؛ جایگزین پوشش فصل‌به‌فصل کتاب درسی نیست.","ترنم همدلی","original","1405"
"دهم","ریاضی","تفکر و سواد رسانه‌ای","تفکر و سواد رسانه‌ای","آزمون جامع","ارزیابی پایه","هسته ۱۰ سوالی","متوسط","ارزیابی یک ادعا با چه چیزی بهتر می‌شود؟","مقایسه شواهد و منابع","تعداد تکرار ادعا","شهرت گوینده فقط","هیجان مخاطب","A","سؤال تألیفی تشخیصی برای ارزیابی اولیه؛ جایگزین پوشش فصل‌به‌فصل کتاب درسی نیست.","ترنم همدلی","original","1405"
"دهم","تجربی","تفکر و سواد رسانه‌ای","تفکر و سواد رسانه‌ای","آزمون جامع","ارزیابی پایه","هسته ۱۰ سوالی","متوسط","تفکر انتقادی یعنی چه؟","بررسی شواهد و استدلال پیش از پذیرش ادعا","پذیرش هر خبر","رد همه دیدگاه‌ها","حفظ پاسخ","A","سؤال تألیفی تشخیصی برای ارزیابی اولیه؛ جایگزین پوشش فصل‌به‌فصل کتاب درسی نیست.","ترنم همدلی","original","1405"
"دهم","تجربی","تفکر و سواد رسانه‌ای","تفکر و سواد رسانه‌ای","آزمون جامع","ارزیابی پایه","هسته ۱۰ سوالی","متوسط","پرسش خوب چه ویژگی دارد؟","روشن و قابل بررسی است","مبهم است","بدون موضوع است","پاسخ از قبل معلوم است","A","سؤال تألیفی تشخیصی برای ارزیابی اولیه؛ جایگزین پوشش فصل‌به‌فصل کتاب درسی نیست.","ترنم همدلی","original","1405"
"دهم","تجربی","تفکر و سواد رسانه‌ای","تفکر و سواد رسانه‌ای","آزمون جامع","ارزیابی پایه","هسته ۱۰ سوالی","متوسط","مغالطه چیست؟","خطای استدلالی که ممکن است درست به نظر برسد","هر پاسخ درست","داده علمی","تعریف","A","سؤال تألیفی تشخیصی برای ارزیابی اولیه؛ جایگزین پوشش فصل‌به‌فصل کتاب درسی نیست.","ترنم همدلی","original","1405"
"دهم","تجربی","تفکر و سواد رسانه‌ای","تفکر و سواد رسانه‌ای","آزمون جامع","ارزیابی پایه","هسته ۱۰ سوالی","متوسط","منبع معتبر چه کمکی می‌کند؟","ارزیابی بهتر ادعاها","حذف شواهد","افزایش شایعه","تغییر واقعیت","A","سؤال تألیفی تشخیصی برای ارزیابی اولیه؛ جایگزین پوشش فصل‌به‌فصل کتاب درسی نیست.","ترنم همدلی","original","1405"
"دهم","تجربی","تفکر و سواد رسانه‌ای","تفکر و سواد رسانه‌ای","آزمون جامع","ارزیابی پایه","هسته ۱۰ سوالی","متوسط","مخاطب فعال چه می‌کند؟","پیام را بررسی و ارزیابی می‌کند","همه چیز را می‌پذیرد","پیام را نمی‌بیند","فقط حفظ می‌کند","A","سؤال تألیفی تشخیصی برای ارزیابی اولیه؛ جایگزین پوشش فصل‌به‌فصل کتاب درسی نیست.","ترنم همدلی","original","1405"
"دهم","تجربی","تفکر و سواد رسانه‌ای","تفکر و سواد رسانه‌ای","آزمون جامع","ارزیابی پایه","هسته ۱۰ سوالی","متوسط","بازنمایی رسانه‌ای چیست؟","شیوه ارائه واقعیت در رسانه","خود واقعیت بدون انتخاب","حذف مخاطب","فرمول","A","سؤال تألیفی تشخیصی برای ارزیابی اولیه؛ جایگزین پوشش فصل‌به‌فصل کتاب درسی نیست.","ترنم همدلی","original","1405"
"دهم","تجربی","تفکر و سواد رسانه‌ای","تفکر و سواد رسانه‌ای","آزمون جامع","ارزیابی پایه","هسته ۱۰ سوالی","متوسط","تصمیم منطقی بهتر است بر چه چیزی تکیه کند؟","اطلاعات و معیارهای روشن","شایعه","هیجان لحظه‌ای فقط","فشار دیگران","A","سؤال تألیفی تشخیصی برای ارزیابی اولیه؛ جایگزین پوشش فصل‌به‌فصل کتاب درسی نیست.","ترنم همدلی","original","1405"
"دهم","تجربی","تفکر و سواد رسانه‌ای","تفکر و سواد رسانه‌ای","آزمون جامع","ارزیابی پایه","هسته ۱۰ سوالی","متوسط","گفت‌وگوی سازنده چه ویژگی دارد؟","گوش دادن و استدلال محترمانه","قطع صحبت","تحقیر","تحمیل","A","سؤال تألیفی تشخیصی برای ارزیابی اولیه؛ جایگزین پوشش فصل‌به‌فصل کتاب درسی نیست.","ترنم همدلی","original","1405"
"دهم","تجربی","تفکر و سواد رسانه‌ای","تفکر و سواد رسانه‌ای","آزمون جامع","ارزیابی پایه","هسته ۱۰ سوالی","متوسط","پژوهش برای چه انجام می‌شود؟","پاسخ مستند به پرسش","تأیید هر حدس","حذف شواهد","افزایش ابهام","A","سؤال تألیفی تشخیصی برای ارزیابی اولیه؛ جایگزین پوشش فصل‌به‌فصل کتاب درسی نیست.","ترنم همدلی","original","1405"
"دهم","تجربی","تفکر و سواد رسانه‌ای","تفکر و سواد رسانه‌ای","آزمون جامع","ارزیابی پایه","هسته ۱۰ سوالی","متوسط","ارزیابی یک ادعا با چه چیزی بهتر می‌شود؟","مقایسه شواهد و منابع","تعداد تکرار ادعا","شهرت گوینده فقط","هیجان مخاطب","A","سؤال تألیفی تشخیصی برای ارزیابی اولیه؛ جایگزین پوشش فصل‌به‌فصل کتاب درسی نیست.","ترنم همدلی","original","1405"
"دهم","انسانی","تفکر و سواد رسانه‌ای","تفکر و سواد رسانه‌ای","آزمون جامع","ارزیابی پایه","هسته ۱۰ سوالی","متوسط","تفکر انتقادی یعنی چه؟","بررسی شواهد و استدلال پیش از پذیرش ادعا","پذیرش هر خبر","رد همه دیدگاه‌ها","حفظ پاسخ","A","سؤال تألیفی تشخیصی برای ارزیابی اولیه؛ جایگزین پوشش فصل‌به‌فصل کتاب درسی نیست.","ترنم همدلی","original","1405"
"دهم","انسانی","تفکر و سواد رسانه‌ای","تفکر و سواد رسانه‌ای","آزمون جامع","ارزیابی پایه","هسته ۱۰ سوالی","متوسط","پرسش خوب چه ویژگی دارد؟","روشن و قابل بررسی است","مبهم است","بدون موضوع است","پاسخ از قبل معلوم است","A","سؤال تألیفی تشخیصی برای ارزیابی اولیه؛ جایگزین پوشش فصل‌به‌فصل کتاب درسی نیست.","ترنم همدلی","original","1405"
"دهم","انسانی","تفکر و سواد رسانه‌ای","تفکر و سواد رسانه‌ای","آزمون جامع","ارزیابی پایه","هسته ۱۰ سوالی","متوسط","مغالطه چیست؟","خطای استدلالی که ممکن است درست به نظر برسد","هر پاسخ درست","داده علمی","تعریف","A","سؤال تألیفی تشخیصی برای ارزیابی اولیه؛ جایگزین پوشش فصل‌به‌فصل کتاب درسی نیست.","ترنم همدلی","original","1405"
"دهم","انسانی","تفکر و سواد رسانه‌ای","تفکر و سواد رسانه‌ای","آزمون جامع","ارزیابی پایه","هسته ۱۰ سوالی","متوسط","منبع معتبر چه کمکی می‌کند؟","ارزیابی بهتر ادعاها","حذف شواهد","افزایش شایعه","تغییر واقعیت","A","سؤال تألیفی تشخیصی برای ارزیابی اولیه؛ جایگزین پوشش فصل‌به‌فصل کتاب درسی نیست.","ترنم همدلی","original","1405"
"دهم","انسانی","تفکر و سواد رسانه‌ای","تفکر و سواد رسانه‌ای","آزمون جامع","ارزیابی پایه","هسته ۱۰ سوالی","متوسط","مخاطب فعال چه می‌کند؟","پیام را بررسی و ارزیابی می‌کند","همه چیز را می‌پذیرد","پیام را نمی‌بیند","فقط حفظ می‌کند","A","سؤال تألیفی تشخیصی برای ارزیابی اولیه؛ جایگزین پوشش فصل‌به‌فصل کتاب درسی نیست.","ترنم همدلی","original","1405"
"دهم","انسانی","تفکر و سواد رسانه‌ای","تفکر و سواد رسانه‌ای","آزمون جامع","ارزیابی پایه","هسته ۱۰ سوالی","متوسط","بازنمایی رسانه‌ای چیست؟","شیوه ارائه واقعیت در رسانه","خود واقعیت بدون انتخاب","حذف مخاطب","فرمول","A","سؤال تألیفی تشخیصی برای ارزیابی اولیه؛ جایگزین پوشش فصل‌به‌فصل کتاب درسی نیست.","ترنم همدلی","original","1405"
"دهم","انسانی","تفکر و سواد رسانه‌ای","تفکر و سواد رسانه‌ای","آزمون جامع","ارزیابی پایه","هسته ۱۰ سوالی","متوسط","تصمیم منطقی بهتر است بر چه چیزی تکیه کند؟","اطلاعات و معیارهای روشن","شایعه","هیجان لحظه‌ای فقط","فشار دیگران","A","سؤال تألیفی تشخیصی برای ارزیابی اولیه؛ جایگزین پوشش فصل‌به‌فصل کتاب درسی نیست.","ترنم همدلی","original","1405"
"دهم","انسانی","تفکر و سواد رسانه‌ای","تفکر و سواد رسانه‌ای","آزمون جامع","ارزیابی پایه","هسته ۱۰ سوالی","متوسط","گفت‌وگوی سازنده چه ویژگی دارد؟","گوش دادن و استدلال محترمانه","قطع صحبت","تحقیر","تحمیل","A","سؤال تألیفی تشخیصی برای ارزیابی اولیه؛ جایگزین پوشش فصل‌به‌فصل کتاب درسی نیست.","ترنم همدلی","original","1405"
"دهم","انسانی","تفکر و سواد رسانه‌ای","تفکر و سواد رسانه‌ای","آزمون جامع","ارزیابی پایه","هسته ۱۰ سوالی","متوسط","پژوهش برای چه انجام می‌شود؟","پاسخ مستند به پرسش","تأیید هر حدس","حذف شواهد","افزایش ابهام","A","سؤال تألیفی تشخیصی برای ارزیابی اولیه؛ جایگزین پوشش فصل‌به‌فصل کتاب درسی نیست.","ترنم همدلی","original","1405"
"دهم","انسانی","تفکر و سواد رسانه‌ای","تفکر و سواد رسانه‌ای","آزمون جامع","ارزیابی پایه","هسته ۱۰ سوالی","متوسط","ارزیابی یک ادعا با چه چیزی بهتر می‌شود؟","مقایسه شواهد و منابع","تعداد تکرار ادعا","شهرت گوینده فقط","هیجان مخاطب","A","سؤال تألیفی تشخیصی برای ارزیابی اولیه؛ جایگزین پوشش فصل‌به‌فصل کتاب درسی نیست.","ترنم همدلی","original","1405"
"دهم","ریاضی","کارگاه کارآفرینی و تولید","کارگاه کارآفرینی و تولید","آزمون جامع","ارزیابی پایه","هسته ۱۰ سوالی","متوسط","فناوری چیست؟","کاربرد دانش و ابزار برای حل مسئله","فقط رایانه","فقط اینترنت","یک کتاب","A","سؤال تألیفی تشخیصی برای ارزیابی اولیه؛ جایگزین پوشش فصل‌به‌فصل کتاب درسی نیست.","ترنم همدلی","original","1405"
"دهم","ریاضی","کارگاه کارآفرینی و تولید","کارگاه کارآفرینی و تولید","آزمون جامع","ارزیابی پایه","هسته ۱۰ سوالی","متوسط","الگوریتم چیست؟","مراحل منظم برای حل مسئله","وسیله فیزیکی","نقاشی","عدد","A","سؤال تألیفی تشخیصی برای ارزیابی اولیه؛ جایگزین پوشش فصل‌به‌فصل کتاب درسی نیست.","ترنم همدلی","original","1405"
"دهم","ریاضی","کارگاه کارآفرینی و تولید","کارگاه کارآفرینی و تولید","آزمون جامع","ارزیابی پایه","هسته ۱۰ سوالی","متوسط","پشتیبان‌گیری چه فایده‌ای دارد؟","کاهش خطر از دست رفتن اطلاعات","افزایش خطا","حذف فایل","کند کردن اینترنت","A","سؤال تألیفی تشخیصی برای ارزیابی اولیه؛ جایگزین پوشش فصل‌به‌فصل کتاب درسی نیست.","ترنم همدلی","original","1405"
"دهم","ریاضی","کارگاه کارآفرینی و تولید","کارگاه کارآفرینی و تولید","آزمون جامع","ارزیابی پایه","هسته ۱۰ سوالی","متوسط","حل مسئله فناورانه از کجا شروع می‌شود؟","شناخت نیاز یا مسئله","خرید ابزار بدون هدف","کپی نتیجه","حذف مسئله","A","سؤال تألیفی تشخیصی برای ارزیابی اولیه؛ جایگزین پوشش فصل‌به‌فصل کتاب درسی نیست.","ترنم همدلی","original","1405"
"دهم","ریاضی","کارگاه کارآفرینی و تولید","کارگاه کارآفرینی و تولید","آزمون جامع","ارزیابی پایه","هسته ۱۰ سوالی","متوسط","داده چیست؟","اطلاعات خام قابل پردازش","فقط تصویر","فقط صدا","فقط متن","A","سؤال تألیفی تشخیصی برای ارزیابی اولیه؛ جایگزین پوشش فصل‌به‌فصل کتاب درسی نیست.","ترنم همدلی","original","1405"
"دهم","ریاضی","کارگاه کارآفرینی و تولید","کارگاه کارآفرینی و تولید","آزمون جامع","ارزیابی پایه","هسته ۱۰ سوالی","متوسط","پروژه خوب چه ویژگی دارد؟","هدف، مراحل و ارزیابی مشخص","بدون هدف","بدون برنامه","بدون ارزیابی","A","سؤال تألیفی تشخیصی برای ارزیابی اولیه؛ جایگزین پوشش فصل‌به‌فصل کتاب درسی نیست.","ترنم همدلی","original","1405"
"دهم","ریاضی","کارگاه کارآفرینی و تولید","کارگاه کارآفرینی و تولید","آزمون جامع","ارزیابی پایه","هسته ۱۰ سوالی","متوسط","امنیت رمز عبور چگونه بهتر می‌شود؟","رمز قوی و منحصربه‌فرد","رمز ساده","اشتراک با همه","انتشار عمومی","A","سؤال تألیفی تشخیصی برای ارزیابی اولیه؛ جایگزین پوشش فصل‌به‌فصل کتاب درسی نیست.","ترنم همدلی","original","1405"
"دهم","ریاضی","کارگاه کارآفرینی و تولید","کارگاه کارآفرینی و تولید","آزمون جامع","ارزیابی پایه","هسته ۱۰ سوالی","متوسط","مصرف مسئولانه فناوری یعنی چه؟","استفاده آگاهانه و ایمن","استفاده بی‌وقفه","اشتراک همه اطلاعات","نادیده گرفتن امنیت","A","سؤال تألیفی تشخیصی برای ارزیابی اولیه؛ جایگزین پوشش فصل‌به‌فصل کتاب درسی نیست.","ترنم همدلی","original","1405"
"دهم","ریاضی","کارگاه کارآفرینی و تولید","کارگاه کارآفرینی و تولید","آزمون جامع","ارزیابی پایه","هسته ۱۰ سوالی","متوسط","آزمایش راه‌حل چه فایده‌ای دارد؟","شناسایی خطا و بهبود","تضمین بدون آزمون","حذف بررسی","تغییر هدف","A","سؤال تألیفی تشخیصی برای ارزیابی اولیه؛ جایگزین پوشش فصل‌به‌فصل کتاب درسی نیست.","ترنم همدلی","original","1405"
"دهم","ریاضی","کارگاه کارآفرینی و تولید","کارگاه کارآفرینی و تولید","آزمون جامع","ارزیابی پایه","هسته ۱۰ سوالی","متوسط","فناوری مسئولانه چه اصلی دارد؟","فایده‌رسانی همراه با توجه به ایمنی و پیامدها","مصرف بی‌حد","نادیده گرفتن پیامد","حذف ایمنی","A","سؤال تألیفی تشخیصی برای ارزیابی اولیه؛ جایگزین پوشش فصل‌به‌فصل کتاب درسی نیست.","ترنم همدلی","original","1405"
"دهم","تجربی","کارگاه کارآفرینی و تولید","کارگاه کارآفرینی و تولید","آزمون جامع","ارزیابی پایه","هسته ۱۰ سوالی","متوسط","فناوری چیست؟","کاربرد دانش و ابزار برای حل مسئله","فقط رایانه","فقط اینترنت","یک کتاب","A","سؤال تألیفی تشخیصی برای ارزیابی اولیه؛ جایگزین پوشش فصل‌به‌فصل کتاب درسی نیست.","ترنم همدلی","original","1405"
"دهم","تجربی","کارگاه کارآفرینی و تولید","کارگاه کارآفرینی و تولید","آزمون جامع","ارزیابی پایه","هسته ۱۰ سوالی","متوسط","الگوریتم چیست؟","مراحل منظم برای حل مسئله","وسیله فیزیکی","نقاشی","عدد","A","سؤال تألیفی تشخیصی برای ارزیابی اولیه؛ جایگزین پوشش فصل‌به‌فصل کتاب درسی نیست.","ترنم همدلی","original","1405"
"دهم","تجربی","کارگاه کارآفرینی و تولید","کارگاه کارآفرینی و تولید","آزمون جامع","ارزیابی پایه","هسته ۱۰ سوالی","متوسط","پشتیبان‌گیری چه فایده‌ای دارد؟","کاهش خطر از دست رفتن اطلاعات","افزایش خطا","حذف فایل","کند کردن اینترنت","A","سؤال تألیفی تشخیصی برای ارزیابی اولیه؛ جایگزین پوشش فصل‌به‌فصل کتاب درسی نیست.","ترنم همدلی","original","1405"
"دهم","تجربی","کارگاه کارآفرینی و تولید","کارگاه کارآفرینی و تولید","آزمون جامع","ارزیابی پایه","هسته ۱۰ سوالی","متوسط","حل مسئله فناورانه از کجا شروع می‌شود؟","شناخت نیاز یا مسئله","خرید ابزار بدون هدف","کپی نتیجه","حذف مسئله","A","سؤال تألیفی تشخیصی برای ارزیابی اولیه؛ جایگزین پوشش فصل‌به‌فصل کتاب درسی نیست.","ترنم همدلی","original","1405"
"دهم","تجربی","کارگاه کارآفرینی و تولید","کارگاه کارآفرینی و تولید","آزمون جامع","ارزیابی پایه","هسته ۱۰ سوالی","متوسط","داده چیست؟","اطلاعات خام قابل پردازش","فقط تصویر","فقط صدا","فقط متن","A","سؤال تألیفی تشخیصی برای ارزیابی اولیه؛ جایگزین پوشش فصل‌به‌فصل کتاب درسی نیست.","ترنم همدلی","original","1405"
"دهم","تجربی","کارگاه کارآفرینی و تولید","کارگاه کارآفرینی و تولید","آزمون جامع","ارزیابی پایه","هسته ۱۰ سوالی","متوسط","پروژه خوب چه ویژگی دارد؟","هدف، مراحل و ارزیابی مشخص","بدون هدف","بدون برنامه","بدون ارزیابی","A","سؤال تألیفی تشخیصی برای ارزیابی اولیه؛ جایگزین پوشش فصل‌به‌فصل کتاب درسی نیست.","ترنم همدلی","original","1405"
"دهم","تجربی","کارگاه کارآفرینی و تولید","کارگاه کارآفرینی و تولید","آزمون جامع","ارزیابی پایه","هسته ۱۰ سوالی","متوسط","امنیت رمز عبور چگونه بهتر می‌شود؟","رمز قوی و منحصربه‌فرد","رمز ساده","اشتراک با همه","انتشار عمومی","A","سؤال تألیفی تشخیصی برای ارزیابی اولیه؛ جایگزین پوشش فصل‌به‌فصل کتاب درسی نیست.","ترنم همدلی","original","1405"
"دهم","تجربی","کارگاه کارآفرینی و تولید","کارگاه کارآفرینی و تولید","آزمون جامع","ارزیابی پایه","هسته ۱۰ سوالی","متوسط","مصرف مسئولانه فناوری یعنی چه؟","استفاده آگاهانه و ایمن","استفاده بی‌وقفه","اشتراک همه اطلاعات","نادیده گرفتن امنیت","A","سؤال تألیفی تشخیصی برای ارزیابی اولیه؛ جایگزین پوشش فصل‌به‌فصل کتاب درسی نیست.","ترنم همدلی","original","1405"
"دهم","تجربی","کارگاه کارآفرینی و تولید","کارگاه کارآفرینی و تولید","آزمون جامع","ارزیابی پایه","هسته ۱۰ سوالی","متوسط","آزمایش راه‌حل چه فایده‌ای دارد؟","شناسایی خطا و بهبود","تضمین بدون آزمون","حذف بررسی","تغییر هدف","A","سؤال تألیفی تشخیصی برای ارزیابی اولیه؛ جایگزین پوشش فصل‌به‌فصل کتاب درسی نیست.","ترنم همدلی","original","1405"
"دهم","تجربی","کارگاه کارآفرینی و تولید","کارگاه کارآفرینی و تولید","آزمون جامع","ارزیابی پایه","هسته ۱۰ سوالی","متوسط","فناوری مسئولانه چه اصلی دارد؟","فایده‌رسانی همراه با توجه به ایمنی و پیامدها","مصرف بی‌حد","نادیده گرفتن پیامد","حذف ایمنی","A","سؤال تألیفی تشخیصی برای ارزیابی اولیه؛ جایگزین پوشش فصل‌به‌فصل کتاب درسی نیست.","ترنم همدلی","original","1405"
"دهم","انسانی","کارگاه کارآفرینی و تولید","کارگاه کارآفرینی و تولید","آزمون جامع","ارزیابی پایه","هسته ۱۰ سوالی","متوسط","فناوری چیست؟","کاربرد دانش و ابزار برای حل مسئله","فقط رایانه","فقط اینترنت","یک کتاب","A","سؤال تألیفی تشخیصی برای ارزیابی اولیه؛ جایگزین پوشش فصل‌به‌فصل کتاب درسی نیست.","ترنم همدلی","original","1405"
"دهم","انسانی","کارگاه کارآفرینی و تولید","کارگاه کارآفرینی و تولید","آزمون جامع","ارزیابی پایه","هسته ۱۰ سوالی","متوسط","الگوریتم چیست؟","مراحل منظم برای حل مسئله","وسیله فیزیکی","نقاشی","عدد","A","سؤال تألیفی تشخیصی برای ارزیابی اولیه؛ جایگزین پوشش فصل‌به‌فصل کتاب درسی نیست.","ترنم همدلی","original","1405"
"دهم","انسانی","کارگاه کارآفرینی و تولید","کارگاه کارآفرینی و تولید","آزمون جامع","ارزیابی پایه","هسته ۱۰ سوالی","متوسط","پشتیبان‌گیری چه فایده‌ای دارد؟","کاهش خطر از دست رفتن اطلاعات","افزایش خطا","حذف فایل","کند کردن اینترنت","A","سؤال تألیفی تشخیصی برای ارزیابی اولیه؛ جایگزین پوشش فصل‌به‌فصل کتاب درسی نیست.","ترنم همدلی","original","1405"
"دهم","انسانی","کارگاه کارآفرینی و تولید","کارگاه کارآفرینی و تولید","آزمون جامع","ارزیابی پایه","هسته ۱۰ سوالی","متوسط","حل مسئله فناورانه از کجا شروع می‌شود؟","شناخت نیاز یا مسئله","خرید ابزار بدون هدف","کپی نتیجه","حذف مسئله","A","سؤال تألیفی تشخیصی برای ارزیابی اولیه؛ جایگزین پوشش فصل‌به‌فصل کتاب درسی نیست.","ترنم همدلی","original","1405"
"دهم","انسانی","کارگاه کارآفرینی و تولید","کارگاه کارآفرینی و تولید","آزمون جامع","ارزیابی پایه","هسته ۱۰ سوالی","متوسط","داده چیست؟","اطلاعات خام قابل پردازش","فقط تصویر","فقط صدا","فقط متن","A","سؤال تألیفی تشخیصی برای ارزیابی اولیه؛ جایگزین پوشش فصل‌به‌فصل کتاب درسی نیست.","ترنم همدلی","original","1405"
"دهم","انسانی","کارگاه کارآفرینی و تولید","کارگاه کارآفرینی و تولید","آزمون جامع","ارزیابی پایه","هسته ۱۰ سوالی","متوسط","پروژه خوب چه ویژگی دارد؟","هدف، مراحل و ارزیابی مشخص","بدون هدف","بدون برنامه","بدون ارزیابی","A","سؤال تألیفی تشخیصی برای ارزیابی اولیه؛ جایگزین پوشش فصل‌به‌فصل کتاب درسی نیست.","ترنم همدلی","original","1405"
"دهم","انسانی","کارگاه کارآفرینی و تولید","کارگاه کارآفرینی و تولید","آزمون جامع","ارزیابی پایه","هسته ۱۰ سوالی","متوسط","امنیت رمز عبور چگونه بهتر می‌شود؟","رمز قوی و منحصربه‌فرد","رمز ساده","اشتراک با همه","انتشار عمومی","A","سؤال تألیفی تشخیصی برای ارزیابی اولیه؛ جایگزین پوشش فصل‌به‌فصل کتاب درسی نیست.","ترنم همدلی","original","1405"
"دهم","انسانی","کارگاه کارآفرینی و تولید","کارگاه کارآفرینی و تولید","آزمون جامع","ارزیابی پایه","هسته ۱۰ سوالی","متوسط","مصرف مسئولانه فناوری یعنی چه؟","استفاده آگاهانه و ایمن","استفاده بی‌وقفه","اشتراک همه اطلاعات","نادیده گرفتن امنیت","A","سؤال تألیفی تشخیصی برای ارزیابی اولیه؛ جایگزین پوشش فصل‌به‌فصل کتاب درسی نیست.","ترنم همدلی","original","1405"
"دهم","انسانی","کارگاه کارآفرینی و تولید","کارگاه کارآفرینی و تولید","آزمون جامع","ارزیابی پایه","هسته ۱۰ سوالی","متوسط","آزمایش راه‌حل چه فایده‌ای دارد؟","شناسایی خطا و بهبود","تضمین بدون آزمون","حذف بررسی","تغییر هدف","A","سؤال تألیفی تشخیصی برای ارزیابی اولیه؛ جایگزین پوشش فصل‌به‌فصل کتاب درسی نیست.","ترنم همدلی","original","1405"
"دهم","انسانی","کارگاه کارآفرینی و تولید","کارگاه کارآفرینی و تولید","آزمون جامع","ارزیابی پایه","هسته ۱۰ سوالی","متوسط","فناوری مسئولانه چه اصلی دارد؟","فایده‌رسانی همراه با توجه به ایمنی و پیامدها","مصرف بی‌حد","نادیده گرفتن پیامد","حذف ایمنی","A","سؤال تألیفی تشخیصی برای ارزیابی اولیه؛ جایگزین پوشش فصل‌به‌فصل کتاب درسی نیست.","ترنم همدلی","original","1405"
"دهم","ریاضی","آمادگی دفاعی","آمادگی دفاعی","آزمون جامع","ارزیابی پایه","هسته ۱۰ سوالی","متوسط","آمادگی در بحران چه فایده‌ای دارد؟","کاهش آسیب و واکنش سریع‌تر","افزایش سردرگمی","حذف برنامه","افزایش خطر","A","سؤال تألیفی تشخیصی برای ارزیابی اولیه؛ جایگزین پوشش فصل‌به‌فصل کتاب درسی نیست.","ترنم همدلی","original","1405"
"دهم","ریاضی","آمادگی دفاعی","آمادگی دفاعی","آزمون جامع","ارزیابی پایه","هسته ۱۰ سوالی","متوسط","در شرایط اضطراری نخستین اقدام مناسب چیست؟","حفظ آرامش و رعایت دستورهای ایمنی","دویدن بی‌هدف","انتشار شایعه","بازگشت به محل خطر","A","سؤال تألیفی تشخیصی برای ارزیابی اولیه؛ جایگزین پوشش فصل‌به‌فصل کتاب درسی نیست.","ترنم همدلی","original","1405"
"دهم","ریاضی","آمادگی دفاعی","آمادگی دفاعی","آزمون جامع","ارزیابی پایه","هسته ۱۰ سوالی","متوسط","اطلاعات نادرست در بحران چه خطری دارد؟","افزایش اضطراب و تصمیم نادرست","افزایش دقت","کاهش شایعه","بهبود ارتباط","A","سؤال تألیفی تشخیصی برای ارزیابی اولیه؛ جایگزین پوشش فصل‌به‌فصل کتاب درسی نیست.","ترنم همدلی","original","1405"
"دهم","ریاضی","آمادگی دفاعی","آمادگی دفاعی","آزمون جامع","ارزیابی پایه","هسته ۱۰ سوالی","متوسط","امنیت فردی با چه چیزی بهتر می‌شود؟","رعایت اصول ایمنی و آگاهی از خطرها","نادیده گرفتن هشدار","بی‌احتیاطی","انتشار اطلاعات حساس","A","سؤال تألیفی تشخیصی برای ارزیابی اولیه؛ جایگزین پوشش فصل‌به‌فصل کتاب درسی نیست.","ترنم همدلی","original","1405"
"دهم","ریاضی","آمادگی دفاعی","آمادگی دفاعی","آزمون جامع","ارزیابی پایه","هسته ۱۰ سوالی","متوسط","کمک‌رسانی مؤثر به چه نیاز دارد؟","هماهنگی و اولویت‌بندی","اقدام پراکنده","حذف ارتباط","بی‌برنامگی","A","سؤال تألیفی تشخیصی برای ارزیابی اولیه؛ جایگزین پوشش فصل‌به‌فصل کتاب درسی نیست.","ترنم همدلی","original","1405"
"دهم","ریاضی","آمادگی دفاعی","آمادگی دفاعی","آزمون جامع","ارزیابی پایه","هسته ۱۰ سوالی","متوسط","تهدید را چگونه بهتر ارزیابی می‌کنیم؟","بر اساس شواهد و احتمال آسیب","با شایعه","با حدس عجولانه","بدون اطلاعات","A","سؤال تألیفی تشخیصی برای ارزیابی اولیه؛ جایگزین پوشش فصل‌به‌فصل کتاب درسی نیست.","ترنم همدلی","original","1405"
"دهم","ریاضی","آمادگی دفاعی","آمادگی دفاعی","آزمون جامع","ارزیابی پایه","هسته ۱۰ سوالی","متوسط","تاب‌آوری یعنی چه؟","توان سازگاری و بازگشت پس از دشواری","انکار مشکل","بی‌تفاوتی","اجتناب از هر تغییر","A","سؤال تألیفی تشخیصی برای ارزیابی اولیه؛ جایگزین پوشش فصل‌به‌فصل کتاب درسی نیست.","ترنم همدلی","original","1405"
"دهم","ریاضی","آمادگی دفاعی","آمادگی دفاعی","آزمون جامع","ارزیابی پایه","هسته ۱۰ سوالی","متوسط","مسئولیت اجتماعی در بحران چیست؟","کمک مسئولانه و رعایت حقوق دیگران","احتکار","شایعه","ایجاد ازدحام","A","سؤال تألیفی تشخیصی برای ارزیابی اولیه؛ جایگزین پوشش فصل‌به‌فصل کتاب درسی نیست.","ترنم همدلی","original","1405"
"دهم","ریاضی","آمادگی دفاعی","آمادگی دفاعی","آزمون جامع","ارزیابی پایه","هسته ۱۰ سوالی","متوسط","آموزش ایمنی چه نقشی دارد؟","پیشگیری و افزایش آمادگی","افزایش خطر","حذف مهارت","کاهش آگاهی","A","سؤال تألیفی تشخیصی برای ارزیابی اولیه؛ جایگزین پوشش فصل‌به‌فصل کتاب درسی نیست.","ترنم همدلی","original","1405"
"دهم","ریاضی","آمادگی دفاعی","آمادگی دفاعی","آزمون جامع","ارزیابی پایه","هسته ۱۰ سوالی","متوسط","پدافند غیرعامل بر چه چیزی تأکید دارد؟","کاهش آسیب‌پذیری بدون استفاده مستقیم از سلاح","افزایش خطر","حذف آمادگی","نادیده گرفتن تهدید","A","سؤال تألیفی تشخیصی برای ارزیابی اولیه؛ جایگزین پوشش فصل‌به‌فصل کتاب درسی نیست.","ترنم همدلی","original","1405"
"دهم","تجربی","آمادگی دفاعی","آمادگی دفاعی","آزمون جامع","ارزیابی پایه","هسته ۱۰ سوالی","متوسط","آمادگی در بحران چه فایده‌ای دارد؟","کاهش آسیب و واکنش سریع‌تر","افزایش سردرگمی","حذف برنامه","افزایش خطر","A","سؤال تألیفی تشخیصی برای ارزیابی اولیه؛ جایگزین پوشش فصل‌به‌فصل کتاب درسی نیست.","ترنم همدلی","original","1405"
"دهم","تجربی","آمادگی دفاعی","آمادگی دفاعی","آزمون جامع","ارزیابی پایه","هسته ۱۰ سوالی","متوسط","در شرایط اضطراری نخستین اقدام مناسب چیست؟","حفظ آرامش و رعایت دستورهای ایمنی","دویدن بی‌هدف","انتشار شایعه","بازگشت به محل خطر","A","سؤال تألیفی تشخیصی برای ارزیابی اولیه؛ جایگزین پوشش فصل‌به‌فصل کتاب درسی نیست.","ترنم همدلی","original","1405"
"دهم","تجربی","آمادگی دفاعی","آمادگی دفاعی","آزمون جامع","ارزیابی پایه","هسته ۱۰ سوالی","متوسط","اطلاعات نادرست در بحران چه خطری دارد؟","افزایش اضطراب و تصمیم نادرست","افزایش دقت","کاهش شایعه","بهبود ارتباط","A","سؤال تألیفی تشخیصی برای ارزیابی اولیه؛ جایگزین پوشش فصل‌به‌فصل کتاب درسی نیست.","ترنم همدلی","original","1405"
"دهم","تجربی","آمادگی دفاعی","آمادگی دفاعی","آزمون جامع","ارزیابی پایه","هسته ۱۰ سوالی","متوسط","امنیت فردی با چه چیزی بهتر می‌شود؟","رعایت اصول ایمنی و آگاهی از خطرها","نادیده گرفتن هشدار","بی‌احتیاطی","انتشار اطلاعات حساس","A","سؤال تألیفی تشخیصی برای ارزیابی اولیه؛ جایگزین پوشش فصل‌به‌فصل کتاب درسی نیست.","ترنم همدلی","original","1405"
"دهم","تجربی","آمادگی دفاعی","آمادگی دفاعی","آزمون جامع","ارزیابی پایه","هسته ۱۰ سوالی","متوسط","کمک‌رسانی مؤثر به چه نیاز دارد؟","هماهنگی و اولویت‌بندی","اقدام پراکنده","حذف ارتباط","بی‌برنامگی","A","سؤال تألیفی تشخیصی برای ارزیابی اولیه؛ جایگزین پوشش فصل‌به‌فصل کتاب درسی نیست.","ترنم همدلی","original","1405"
"دهم","تجربی","آمادگی دفاعی","آمادگی دفاعی","آزمون جامع","ارزیابی پایه","هسته ۱۰ سوالی","متوسط","تهدید را چگونه بهتر ارزیابی می‌کنیم؟","بر اساس شواهد و احتمال آسیب","با شایعه","با حدس عجولانه","بدون اطلاعات","A","سؤال تألیفی تشخیصی برای ارزیابی اولیه؛ جایگزین پوشش فصل‌به‌فصل کتاب درسی نیست.","ترنم همدلی","original","1405"
"دهم","تجربی","آمادگی دفاعی","آمادگی دفاعی","آزمون جامع","ارزیابی پایه","هسته ۱۰ سوالی","متوسط","تاب‌آوری یعنی چه؟","توان سازگاری و بازگشت پس از دشواری","انکار مشکل","بی‌تفاوتی","اجتناب از هر تغییر","A","سؤال تألیفی تشخیصی برای ارزیابی اولیه؛ جایگزین پوشش فصل‌به‌فصل کتاب درسی نیست.","ترنم همدلی","original","1405"
"دهم","تجربی","آمادگی دفاعی","آمادگی دفاعی","آزمون جامع","ارزیابی پایه","هسته ۱۰ سوالی","متوسط","مسئولیت اجتماعی در بحران چیست؟","کمک مسئولانه و رعایت حقوق دیگران","احتکار","شایعه","ایجاد ازدحام","A","سؤال تألیفی تشخیصی برای ارزیابی اولیه؛ جایگزین پوشش فصل‌به‌فصل کتاب درسی نیست.","ترنم همدلی","original","1405"
"دهم","تجربی","آمادگی دفاعی","آمادگی دفاعی","آزمون جامع","ارزیابی پایه","هسته ۱۰ سوالی","متوسط","آموزش ایمنی چه نقشی دارد؟","پیشگیری و افزایش آمادگی","افزایش خطر","حذف مهارت","کاهش آگاهی","A","سؤال تألیفی تشخیصی برای ارزیابی اولیه؛ جایگزین پوشش فصل‌به‌فصل کتاب درسی نیست.","ترنم همدلی","original","1405"
"دهم","تجربی","آمادگی دفاعی","آمادگی دفاعی","آزمون جامع","ارزیابی پایه","هسته ۱۰ سوالی","متوسط","پدافند غیرعامل بر چه چیزی تأکید دارد؟","کاهش آسیب‌پذیری بدون استفاده مستقیم از سلاح","افزایش خطر","حذف آمادگی","نادیده گرفتن تهدید","A","سؤال تألیفی تشخیصی برای ارزیابی اولیه؛ جایگزین پوشش فصل‌به‌فصل کتاب درسی نیست.","ترنم همدلی","original","1405"
"دهم","انسانی","آمادگی دفاعی","آمادگی دفاعی","آزمون جامع","ارزیابی پایه","هسته ۱۰ سوالی","متوسط","آمادگی در بحران چه فایده‌ای دارد؟","کاهش آسیب و واکنش سریع‌تر","افزایش سردرگمی","حذف برنامه","افزایش خطر","A","سؤال تألیفی تشخیصی برای ارزیابی اولیه؛ جایگزین پوشش فصل‌به‌فصل کتاب درسی نیست.","ترنم همدلی","original","1405"
"دهم","انسانی","آمادگی دفاعی","آمادگی دفاعی","آزمون جامع","ارزیابی پایه","هسته ۱۰ سوالی","متوسط","در شرایط اضطراری نخستین اقدام مناسب چیست؟","حفظ آرامش و رعایت دستورهای ایمنی","دویدن بی‌هدف","انتشار شایعه","بازگشت به محل خطر","A","سؤال تألیفی تشخیصی برای ارزیابی اولیه؛ جایگزین پوشش فصل‌به‌فصل کتاب درسی نیست.","ترنم همدلی","original","1405"
"دهم","انسانی","آمادگی دفاعی","آمادگی دفاعی","آزمون جامع","ارزیابی پایه","هسته ۱۰ سوالی","متوسط","اطلاعات نادرست در بحران چه خطری دارد؟","افزایش اضطراب و تصمیم نادرست","افزایش دقت","کاهش شایعه","بهبود ارتباط","A","سؤال تألیفی تشخیصی برای ارزیابی اولیه؛ جایگزین پوشش فصل‌به‌فصل کتاب درسی نیست.","ترنم همدلی","original","1405"
"دهم","انسانی","آمادگی دفاعی","آمادگی دفاعی","آزمون جامع","ارزیابی پایه","هسته ۱۰ سوالی","متوسط","امنیت فردی با چه چیزی بهتر می‌شود؟","رعایت اصول ایمنی و آگاهی از خطرها","نادیده گرفتن هشدار","بی‌احتیاطی","انتشار اطلاعات حساس","A","سؤال تألیفی تشخیصی برای ارزیابی اولیه؛ جایگزین پوشش فصل‌به‌فصل کتاب درسی نیست.","ترنم همدلی","original","1405"
"دهم","انسانی","آمادگی دفاعی","آمادگی دفاعی","آزمون جامع","ارزیابی پایه","هسته ۱۰ سوالی","متوسط","کمک‌رسانی مؤثر به چه نیاز دارد؟","هماهنگی و اولویت‌بندی","اقدام پراکنده","حذف ارتباط","بی‌برنامگی","A","سؤال تألیفی تشخیصی برای ارزیابی اولیه؛ جایگزین پوشش فصل‌به‌فصل کتاب درسی نیست.","ترنم همدلی","original","1405"
"دهم","انسانی","آمادگی دفاعی","آمادگی دفاعی","آزمون جامع","ارزیابی پایه","هسته ۱۰ سوالی","متوسط","تهدید را چگونه بهتر ارزیابی می‌کنیم؟","بر اساس شواهد و احتمال آسیب","با شایعه","با حدس عجولانه","بدون اطلاعات","A","سؤال تألیفی تشخیصی برای ارزیابی اولیه؛ جایگزین پوشش فصل‌به‌فصل کتاب درسی نیست.","ترنم همدلی","original","1405"
"دهم","انسانی","آمادگی دفاعی","آمادگی دفاعی","آزمون جامع","ارزیابی پایه","هسته ۱۰ سوالی","متوسط","تاب‌آوری یعنی چه؟","توان سازگاری و بازگشت پس از دشواری","انکار مشکل","بی‌تفاوتی","اجتناب از هر تغییر","A","سؤال تألیفی تشخیصی برای ارزیابی اولیه؛ جایگزین پوشش فصل‌به‌فصل کتاب درسی نیست.","ترنم همدلی","original","1405"
"دهم","انسانی","آمادگی دفاعی","آمادگی دفاعی","آزمون جامع","ارزیابی پایه","هسته ۱۰ سوالی","متوسط","مسئولیت اجتماعی در بحران چیست؟","کمک مسئولانه و رعایت حقوق دیگران","احتکار","شایعه","ایجاد ازدحام","A","سؤال تألیفی تشخیصی برای ارزیابی اولیه؛ جایگزین پوشش فصل‌به‌فصل کتاب درسی نیست.","ترنم همدلی","original","1405"
"دهم","انسانی","آمادگی دفاعی","آمادگی دفاعی","آزمون جامع","ارزیابی پایه","هسته ۱۰ سوالی","متوسط","آموزش ایمنی چه نقشی دارد؟","پیشگیری و افزایش آمادگی","افزایش خطر","حذف مهارت","کاهش آگاهی","A","سؤال تألیفی تشخیصی برای ارزیابی اولیه؛ جایگزین پوشش فصل‌به‌فصل کتاب درسی نیست.","ترنم همدلی","original","1405"
"دهم","انسانی","آمادگی دفاعی","آمادگی دفاعی","آزمون جامع","ارزیابی پایه","هسته ۱۰ سوالی","متوسط","پدافند غیرعامل بر چه چیزی تأکید دارد؟","کاهش آسیب‌پذیری بدون استفاده مستقیم از سلاح","افزایش خطر","حذف آمادگی","نادیده گرفتن تهدید","A","سؤال تألیفی تشخیصی برای ارزیابی اولیه؛ جایگزین پوشش فصل‌به‌فصل کتاب درسی نیست.","ترنم همدلی","original","1405"
"یازدهم","ریاضی","فارسی","فارسی","آزمون جامع","ارزیابی پایه","هسته ۱۰ سوالی","متوسط","درک متن بیشتر به چه نیاز دارد؟","توجه به واژه‌ها و ارتباط جمله‌ها","حفظ عنوان","شمردن کلمات","حذف مثال‌ها","A","سؤال تألیفی تشخیصی برای ارزیابی اولیه؛ جایگزین پوشش فصل‌به‌فصل کتاب درسی نیست.","ترنم همدلی","original","1405"
"یازدهم","ریاضی","فارسی","فارسی","آزمون جامع","ارزیابی پایه","هسته ۱۰ سوالی","متوسط","واژه مترادف چیست؟","واژه هم‌معنی یا نزدیک‌معنی","واژه مخالف","واژه بی‌معنا","عدد","A","سؤال تألیفی تشخیصی برای ارزیابی اولیه؛ جایگزین پوشش فصل‌به‌فصل کتاب درسی نیست.","ترنم همدلی","original","1405"
"یازدهم","ریاضی","فارسی","فارسی","آزمون جامع","ارزیابی پایه","هسته ۱۰ سوالی","متوسط","فعل معمولاً چه چیزی را نشان می‌دهد؟","کار یا حالت","رنگ","تعداد صفحات","علامت سؤال","A","سؤال تألیفی تشخیصی برای ارزیابی اولیه؛ جایگزین پوشش فصل‌به‌فصل کتاب درسی نیست.","ترنم همدلی","original","1405"
"یازدهم","ریاضی","فارسی","فارسی","آزمون جامع","ارزیابی پایه","هسته ۱۰ سوالی","متوسط","عنوان مناسب چه ویژگی دارد؟","با محتوای متن ارتباط دارد","کاملاً بی‌ربط است","همیشه طولانی است","فقط عدد است","A","سؤال تألیفی تشخیصی برای ارزیابی اولیه؛ جایگزین پوشش فصل‌به‌فصل کتاب درسی نیست.","ترنم همدلی","original","1405"
"یازدهم","ریاضی","فارسی","فارسی","آزمون جامع","ارزیابی پایه","هسته ۱۰ سوالی","متوسط","بازبینی نوشته برای چیست؟","اصلاح محتوا و نگارش","حذف همه جمله‌ها","افزایش خطا","تغییر واقعیت","A","سؤال تألیفی تشخیصی برای ارزیابی اولیه؛ جایگزین پوشش فصل‌به‌فصل کتاب درسی نیست.","ترنم همدلی","original","1405"
"یازدهم","ریاضی","فارسی","فارسی","آزمون جامع","ارزیابی پایه","هسته ۱۰ سوالی","متوسط","پاراگراف معمولاً حول چه چیزی شکل می‌گیرد؟","یک ایده اصلی","واژه‌های تصادفی","یک علامت","یک عدد","A","سؤال تألیفی تشخیصی برای ارزیابی اولیه؛ جایگزین پوشش فصل‌به‌فصل کتاب درسی نیست.","ترنم همدلی","original","1405"
"یازدهم","ریاضی","فارسی","فارسی","آزمون جامع","ارزیابی پایه","هسته ۱۰ سوالی","متوسط","علائم نگارشی چه کمکی می‌کنند؟","خوانایی و فهم ساختار متن","حذف معنا","تغییر موضوع","افزایش ابهام","A","سؤال تألیفی تشخیصی برای ارزیابی اولیه؛ جایگزین پوشش فصل‌به‌فصل کتاب درسی نیست.","ترنم همدلی","original","1405"
"یازدهم","ریاضی","فارسی","فارسی","آزمون جامع","ارزیابی پایه","هسته ۱۰ سوالی","متوسط","تشبیه چه کاربردی دارد؟","بیان هنری شباهت میان دو چیز","اندازه‌گیری","حل معادله","ثبت تاریخ","A","سؤال تألیفی تشخیصی برای ارزیابی اولیه؛ جایگزین پوشش فصل‌به‌فصل کتاب درسی نیست.","ترنم همدلی","original","1405"
"یازدهم","ریاضی","فارسی","فارسی","آزمون جامع","ارزیابی پایه","هسته ۱۰ سوالی","متوسط","خواندن فعال یعنی چه؟","پرسش، ارتباط و بررسی مفهوم","فقط سریع خواندن","حفظ بدون درک","نادیده گرفتن عنوان","A","سؤال تألیفی تشخیصی برای ارزیابی اولیه؛ جایگزین پوشش فصل‌به‌فصل کتاب درسی نیست.","ترنم همدلی","original","1405"
"یازدهم","ریاضی","فارسی","فارسی","آزمون جامع","ارزیابی پایه","هسته ۱۰ سوالی","متوسط","نوشتن منظم چه فایده‌ای دارد؟","انتقال روشن‌تر ایده‌ها","افزایش ابهام","حذف ارتباط","کاهش خوانایی","A","سؤال تألیفی تشخیصی برای ارزیابی اولیه؛ جایگزین پوشش فصل‌به‌فصل کتاب درسی نیست.","ترنم همدلی","original","1405"
"یازدهم","تجربی","فارسی","فارسی","آزمون جامع","ارزیابی پایه","هسته ۱۰ سوالی","متوسط","درک متن بیشتر به چه نیاز دارد؟","توجه به واژه‌ها و ارتباط جمله‌ها","حفظ عنوان","شمردن کلمات","حذف مثال‌ها","A","سؤال تألیفی تشخیصی برای ارزیابی اولیه؛ جایگزین پوشش فصل‌به‌فصل کتاب درسی نیست.","ترنم همدلی","original","1405"
"یازدهم","تجربی","فارسی","فارسی","آزمون جامع","ارزیابی پایه","هسته ۱۰ سوالی","متوسط","واژه مترادف چیست؟","واژه هم‌معنی یا نزدیک‌معنی","واژه مخالف","واژه بی‌معنا","عدد","A","سؤال تألیفی تشخیصی برای ارزیابی اولیه؛ جایگزین پوشش فصل‌به‌فصل کتاب درسی نیست.","ترنم همدلی","original","1405"
"یازدهم","تجربی","فارسی","فارسی","آزمون جامع","ارزیابی پایه","هسته ۱۰ سوالی","متوسط","فعل معمولاً چه چیزی را نشان می‌دهد؟","کار یا حالت","رنگ","تعداد صفحات","علامت سؤال","A","سؤال تألیفی تشخیصی برای ارزیابی اولیه؛ جایگزین پوشش فصل‌به‌فصل کتاب درسی نیست.","ترنم همدلی","original","1405"
"یازدهم","تجربی","فارسی","فارسی","آزمون جامع","ارزیابی پایه","هسته ۱۰ سوالی","متوسط","عنوان مناسب چه ویژگی دارد؟","با محتوای متن ارتباط دارد","کاملاً بی‌ربط است","همیشه طولانی است","فقط عدد است","A","سؤال تألیفی تشخیصی برای ارزیابی اولیه؛ جایگزین پوشش فصل‌به‌فصل کتاب درسی نیست.","ترنم همدلی","original","1405"
"یازدهم","تجربی","فارسی","فارسی","آزمون جامع","ارزیابی پایه","هسته ۱۰ سوالی","متوسط","بازبینی نوشته برای چیست؟","اصلاح محتوا و نگارش","حذف همه جمله‌ها","افزایش خطا","تغییر واقعیت","A","سؤال تألیفی تشخیصی برای ارزیابی اولیه؛ جایگزین پوشش فصل‌به‌فصل کتاب درسی نیست.","ترنم همدلی","original","1405"
"یازدهم","تجربی","فارسی","فارسی","آزمون جامع","ارزیابی پایه","هسته ۱۰ سوالی","متوسط","پاراگراف معمولاً حول چه چیزی شکل می‌گیرد؟","یک ایده اصلی","واژه‌های تصادفی","یک علامت","یک عدد","A","سؤال تألیفی تشخیصی برای ارزیابی اولیه؛ جایگزین پوشش فصل‌به‌فصل کتاب درسی نیست.","ترنم همدلی","original","1405"
"یازدهم","تجربی","فارسی","فارسی","آزمون جامع","ارزیابی پایه","هسته ۱۰ سوالی","متوسط","علائم نگارشی چه کمکی می‌کنند؟","خوانایی و فهم ساختار متن","حذف معنا","تغییر موضوع","افزایش ابهام","A","سؤال تألیفی تشخیصی برای ارزیابی اولیه؛ جایگزین پوشش فصل‌به‌فصل کتاب درسی نیست.","ترنم همدلی","original","1405"
"یازدهم","تجربی","فارسی","فارسی","آزمون جامع","ارزیابی پایه","هسته ۱۰ سوالی","متوسط","تشبیه چه کاربردی دارد؟","بیان هنری شباهت میان دو چیز","اندازه‌گیری","حل معادله","ثبت تاریخ","A","سؤال تألیفی تشخیصی برای ارزیابی اولیه؛ جایگزین پوشش فصل‌به‌فصل کتاب درسی نیست.","ترنم همدلی","original","1405"
"یازدهم","تجربی","فارسی","فارسی","آزمون جامع","ارزیابی پایه","هسته ۱۰ سوالی","متوسط","خواندن فعال یعنی چه؟","پرسش، ارتباط و بررسی مفهوم","فقط سریع خواندن","حفظ بدون درک","نادیده گرفتن عنوان","A","سؤال تألیفی تشخیصی برای ارزیابی اولیه؛ جایگزین پوشش فصل‌به‌فصل کتاب درسی نیست.","ترنم همدلی","original","1405"
"یازدهم","تجربی","فارسی","فارسی","آزمون جامع","ارزیابی پایه","هسته ۱۰ سوالی","متوسط","نوشتن منظم چه فایده‌ای دارد؟","انتقال روشن‌تر ایده‌ها","افزایش ابهام","حذف ارتباط","کاهش خوانایی","A","سؤال تألیفی تشخیصی برای ارزیابی اولیه؛ جایگزین پوشش فصل‌به‌فصل کتاب درسی نیست.","ترنم همدلی","original","1405"
"یازدهم","انسانی","فارسی","فارسی","آزمون جامع","ارزیابی پایه","هسته ۱۰ سوالی","متوسط","درک متن بیشتر به چه نیاز دارد؟","توجه به واژه‌ها و ارتباط جمله‌ها","حفظ عنوان","شمردن کلمات","حذف مثال‌ها","A","سؤال تألیفی تشخیصی برای ارزیابی اولیه؛ جایگزین پوشش فصل‌به‌فصل کتاب درسی نیست.","ترنم همدلی","original","1405"
"یازدهم","انسانی","فارسی","فارسی","آزمون جامع","ارزیابی پایه","هسته ۱۰ سوالی","متوسط","واژه مترادف چیست؟","واژه هم‌معنی یا نزدیک‌معنی","واژه مخالف","واژه بی‌معنا","عدد","A","سؤال تألیفی تشخیصی برای ارزیابی اولیه؛ جایگزین پوشش فصل‌به‌فصل کتاب درسی نیست.","ترنم همدلی","original","1405"
"یازدهم","انسانی","فارسی","فارسی","آزمون جامع","ارزیابی پایه","هسته ۱۰ سوالی","متوسط","فعل معمولاً چه چیزی را نشان می‌دهد؟","کار یا حالت","رنگ","تعداد صفحات","علامت سؤال","A","سؤال تألیفی تشخیصی برای ارزیابی اولیه؛ جایگزین پوشش فصل‌به‌فصل کتاب درسی نیست.","ترنم همدلی","original","1405"
"یازدهم","انسانی","فارسی","فارسی","آزمون جامع","ارزیابی پایه","هسته ۱۰ سوالی","متوسط","عنوان مناسب چه ویژگی دارد؟","با محتوای متن ارتباط دارد","کاملاً بی‌ربط است","همیشه طولانی است","فقط عدد است","A","سؤال تألیفی تشخیصی برای ارزیابی اولیه؛ جایگزین پوشش فصل‌به‌فصل کتاب درسی نیست.","ترنم همدلی","original","1405"
"یازدهم","انسانی","فارسی","فارسی","آزمون جامع","ارزیابی پایه","هسته ۱۰ سوالی","متوسط","بازبینی نوشته برای چیست؟","اصلاح محتوا و نگارش","حذف همه جمله‌ها","افزایش خطا","تغییر واقعیت","A","سؤال تألیفی تشخیصی برای ارزیابی اولیه؛ جایگزین پوشش فصل‌به‌فصل کتاب درسی نیست.","ترنم همدلی","original","1405"
"یازدهم","انسانی","فارسی","فارسی","آزمون جامع","ارزیابی پایه","هسته ۱۰ سوالی","متوسط","پاراگراف معمولاً حول چه چیزی شکل می‌گیرد؟","یک ایده اصلی","واژه‌های تصادفی","یک علامت","یک عدد","A","سؤال تألیفی تشخیصی برای ارزیابی اولیه؛ جایگزین پوشش فصل‌به‌فصل کتاب درسی نیست.","ترنم همدلی","original","1405"
"یازدهم","انسانی","فارسی","فارسی","آزمون جامع","ارزیابی پایه","هسته ۱۰ سوالی","متوسط","علائم نگارشی چه کمکی می‌کنند؟","خوانایی و فهم ساختار متن","حذف معنا","تغییر موضوع","افزایش ابهام","A","سؤال تألیفی تشخیصی برای ارزیابی اولیه؛ جایگزین پوشش فصل‌به‌فصل کتاب درسی نیست.","ترنم همدلی","original","1405"
"یازدهم","انسانی","فارسی","فارسی","آزمون جامع","ارزیابی پایه","هسته ۱۰ سوالی","متوسط","تشبیه چه کاربردی دارد؟","بیان هنری شباهت میان دو چیز","اندازه‌گیری","حل معادله","ثبت تاریخ","A","سؤال تألیفی تشخیصی برای ارزیابی اولیه؛ جایگزین پوشش فصل‌به‌فصل کتاب درسی نیست.","ترنم همدلی","original","1405"
"یازدهم","انسانی","فارسی","فارسی","آزمون جامع","ارزیابی پایه","هسته ۱۰ سوالی","متوسط","خواندن فعال یعنی چه؟","پرسش، ارتباط و بررسی مفهوم","فقط سریع خواندن","حفظ بدون درک","نادیده گرفتن عنوان","A","سؤال تألیفی تشخیصی برای ارزیابی اولیه؛ جایگزین پوشش فصل‌به‌فصل کتاب درسی نیست.","ترنم همدلی","original","1405"
"یازدهم","انسانی","فارسی","فارسی","آزمون جامع","ارزیابی پایه","هسته ۱۰ سوالی","متوسط","نوشتن منظم چه فایده‌ای دارد؟","انتقال روشن‌تر ایده‌ها","افزایش ابهام","حذف ارتباط","کاهش خوانایی","A","سؤال تألیفی تشخیصی برای ارزیابی اولیه؛ جایگزین پوشش فصل‌به‌فصل کتاب درسی نیست.","ترنم همدلی","original","1405"
"یازدهم","ریاضی","نگارش","نگارش","آزمون جامع","ارزیابی پایه","هسته ۱۰ سوالی","متوسط","درک متن بیشتر به چه نیاز دارد؟","توجه به واژه‌ها و ارتباط جمله‌ها","حفظ عنوان","شمردن کلمات","حذف مثال‌ها","A","سؤال تألیفی تشخیصی برای ارزیابی اولیه؛ جایگزین پوشش فصل‌به‌فصل کتاب درسی نیست.","ترنم همدلی","original","1405"
"یازدهم","ریاضی","نگارش","نگارش","آزمون جامع","ارزیابی پایه","هسته ۱۰ سوالی","متوسط","واژه مترادف چیست؟","واژه هم‌معنی یا نزدیک‌معنی","واژه مخالف","واژه بی‌معنا","عدد","A","سؤال تألیفی تشخیصی برای ارزیابی اولیه؛ جایگزین پوشش فصل‌به‌فصل کتاب درسی نیست.","ترنم همدلی","original","1405"
"یازدهم","ریاضی","نگارش","نگارش","آزمون جامع","ارزیابی پایه","هسته ۱۰ سوالی","متوسط","فعل معمولاً چه چیزی را نشان می‌دهد؟","کار یا حالت","رنگ","تعداد صفحات","علامت سؤال","A","سؤال تألیفی تشخیصی برای ارزیابی اولیه؛ جایگزین پوشش فصل‌به‌فصل کتاب درسی نیست.","ترنم همدلی","original","1405"
"یازدهم","ریاضی","نگارش","نگارش","آزمون جامع","ارزیابی پایه","هسته ۱۰ سوالی","متوسط","عنوان مناسب چه ویژگی دارد؟","با محتوای متن ارتباط دارد","کاملاً بی‌ربط است","همیشه طولانی است","فقط عدد است","A","سؤال تألیفی تشخیصی برای ارزیابی اولیه؛ جایگزین پوشش فصل‌به‌فصل کتاب درسی نیست.","ترنم همدلی","original","1405"
"یازدهم","ریاضی","نگارش","نگارش","آزمون جامع","ارزیابی پایه","هسته ۱۰ سوالی","متوسط","بازبینی نوشته برای چیست؟","اصلاح محتوا و نگارش","حذف همه جمله‌ها","افزایش خطا","تغییر واقعیت","A","سؤال تألیفی تشخیصی برای ارزیابی اولیه؛ جایگزین پوشش فصل‌به‌فصل کتاب درسی نیست.","ترنم همدلی","original","1405"
"یازدهم","ریاضی","نگارش","نگارش","آزمون جامع","ارزیابی پایه","هسته ۱۰ سوالی","متوسط","پاراگراف معمولاً حول چه چیزی شکل می‌گیرد؟","یک ایده اصلی","واژه‌های تصادفی","یک علامت","یک عدد","A","سؤال تألیفی تشخیصی برای ارزیابی اولیه؛ جایگزین پوشش فصل‌به‌فصل کتاب درسی نیست.","ترنم همدلی","original","1405"
"یازدهم","ریاضی","نگارش","نگارش","آزمون جامع","ارزیابی پایه","هسته ۱۰ سوالی","متوسط","علائم نگارشی چه کمکی می‌کنند؟","خوانایی و فهم ساختار متن","حذف معنا","تغییر موضوع","افزایش ابهام","A","سؤال تألیفی تشخیصی برای ارزیابی اولیه؛ جایگزین پوشش فصل‌به‌فصل کتاب درسی نیست.","ترنم همدلی","original","1405"
"یازدهم","ریاضی","نگارش","نگارش","آزمون جامع","ارزیابی پایه","هسته ۱۰ سوالی","متوسط","تشبیه چه کاربردی دارد؟","بیان هنری شباهت میان دو چیز","اندازه‌گیری","حل معادله","ثبت تاریخ","A","سؤال تألیفی تشخیصی برای ارزیابی اولیه؛ جایگزین پوشش فصل‌به‌فصل کتاب درسی نیست.","ترنم همدلی","original","1405"
"یازدهم","ریاضی","نگارش","نگارش","آزمون جامع","ارزیابی پایه","هسته ۱۰ سوالی","متوسط","خواندن فعال یعنی چه؟","پرسش، ارتباط و بررسی مفهوم","فقط سریع خواندن","حفظ بدون درک","نادیده گرفتن عنوان","A","سؤال تألیفی تشخیصی برای ارزیابی اولیه؛ جایگزین پوشش فصل‌به‌فصل کتاب درسی نیست.","ترنم همدلی","original","1405"
"یازدهم","ریاضی","نگارش","نگارش","آزمون جامع","ارزیابی پایه","هسته ۱۰ سوالی","متوسط","نوشتن منظم چه فایده‌ای دارد؟","انتقال روشن‌تر ایده‌ها","افزایش ابهام","حذف ارتباط","کاهش خوانایی","A","سؤال تألیفی تشخیصی برای ارزیابی اولیه؛ جایگزین پوشش فصل‌به‌فصل کتاب درسی نیست.","ترنم همدلی","original","1405"
"یازدهم","تجربی","نگارش","نگارش","آزمون جامع","ارزیابی پایه","هسته ۱۰ سوالی","متوسط","درک متن بیشتر به چه نیاز دارد؟","توجه به واژه‌ها و ارتباط جمله‌ها","حفظ عنوان","شمردن کلمات","حذف مثال‌ها","A","سؤال تألیفی تشخیصی برای ارزیابی اولیه؛ جایگزین پوشش فصل‌به‌فصل کتاب درسی نیست.","ترنم همدلی","original","1405"
"یازدهم","تجربی","نگارش","نگارش","آزمون جامع","ارزیابی پایه","هسته ۱۰ سوالی","متوسط","واژه مترادف چیست؟","واژه هم‌معنی یا نزدیک‌معنی","واژه مخالف","واژه بی‌معنا","عدد","A","سؤال تألیفی تشخیصی برای ارزیابی اولیه؛ جایگزین پوشش فصل‌به‌فصل کتاب درسی نیست.","ترنم همدلی","original","1405"
"یازدهم","تجربی","نگارش","نگارش","آزمون جامع","ارزیابی پایه","هسته ۱۰ سوالی","متوسط","فعل معمولاً چه چیزی را نشان می‌دهد؟","کار یا حالت","رنگ","تعداد صفحات","علامت سؤال","A","سؤال تألیفی تشخیصی برای ارزیابی اولیه؛ جایگزین پوشش فصل‌به‌فصل کتاب درسی نیست.","ترنم همدلی","original","1405"
"یازدهم","تجربی","نگارش","نگارش","آزمون جامع","ارزیابی پایه","هسته ۱۰ سوالی","متوسط","عنوان مناسب چه ویژگی دارد؟","با محتوای متن ارتباط دارد","کاملاً بی‌ربط است","همیشه طولانی است","فقط عدد است","A","سؤال تألیفی تشخیصی برای ارزیابی اولیه؛ جایگزین پوشش فصل‌به‌فصل کتاب درسی نیست.","ترنم همدلی","original","1405"
"یازدهم","تجربی","نگارش","نگارش","آزمون جامع","ارزیابی پایه","هسته ۱۰ سوالی","متوسط","بازبینی نوشته برای چیست؟","اصلاح محتوا و نگارش","حذف همه جمله‌ها","افزایش خطا","تغییر واقعیت","A","سؤال تألیفی تشخیصی برای ارزیابی اولیه؛ جایگزین پوشش فصل‌به‌فصل کتاب درسی نیست.","ترنم همدلی","original","1405"
"یازدهم","تجربی","نگارش","نگارش","آزمون جامع","ارزیابی پایه","هسته ۱۰ سوالی","متوسط","پاراگراف معمولاً حول چه چیزی شکل می‌گیرد؟","یک ایده اصلی","واژه‌های تصادفی","یک علامت","یک عدد","A","سؤال تألیفی تشخیصی برای ارزیابی اولیه؛ جایگزین پوشش فصل‌به‌فصل کتاب درسی نیست.","ترنم همدلی","original","1405"
"یازدهم","تجربی","نگارش","نگارش","آزمون جامع","ارزیابی پایه","هسته ۱۰ سوالی","متوسط","علائم نگارشی چه کمکی می‌کنند؟","خوانایی و فهم ساختار متن","حذف معنا","تغییر موضوع","افزایش ابهام","A","سؤال تألیفی تشخیصی برای ارزیابی اولیه؛ جایگزین پوشش فصل‌به‌فصل کتاب درسی نیست.","ترنم همدلی","original","1405"
"یازدهم","تجربی","نگارش","نگارش","آزمون جامع","ارزیابی پایه","هسته ۱۰ سوالی","متوسط","تشبیه چه کاربردی دارد؟","بیان هنری شباهت میان دو چیز","اندازه‌گیری","حل معادله","ثبت تاریخ","A","سؤال تألیفی تشخیصی برای ارزیابی اولیه؛ جایگزین پوشش فصل‌به‌فصل کتاب درسی نیست.","ترنم همدلی","original","1405"
"یازدهم","تجربی","نگارش","نگارش","آزمون جامع","ارزیابی پایه","هسته ۱۰ سوالی","متوسط","خواندن فعال یعنی چه؟","پرسش، ارتباط و بررسی مفهوم","فقط سریع خواندن","حفظ بدون درک","نادیده گرفتن عنوان","A","سؤال تألیفی تشخیصی برای ارزیابی اولیه؛ جایگزین پوشش فصل‌به‌فصل کتاب درسی نیست.","ترنم همدلی","original","1405"
"یازدهم","تجربی","نگارش","نگارش","آزمون جامع","ارزیابی پایه","هسته ۱۰ سوالی","متوسط","نوشتن منظم چه فایده‌ای دارد؟","انتقال روشن‌تر ایده‌ها","افزایش ابهام","حذف ارتباط","کاهش خوانایی","A","سؤال تألیفی تشخیصی برای ارزیابی اولیه؛ جایگزین پوشش فصل‌به‌فصل کتاب درسی نیست.","ترنم همدلی","original","1405"
"یازدهم","انسانی","نگارش","نگارش","آزمون جامع","ارزیابی پایه","هسته ۱۰ سوالی","متوسط","درک متن بیشتر به چه نیاز دارد؟","توجه به واژه‌ها و ارتباط جمله‌ها","حفظ عنوان","شمردن کلمات","حذف مثال‌ها","A","سؤال تألیفی تشخیصی برای ارزیابی اولیه؛ جایگزین پوشش فصل‌به‌فصل کتاب درسی نیست.","ترنم همدلی","original","1405"
"یازدهم","انسانی","نگارش","نگارش","آزمون جامع","ارزیابی پایه","هسته ۱۰ سوالی","متوسط","واژه مترادف چیست؟","واژه هم‌معنی یا نزدیک‌معنی","واژه مخالف","واژه بی‌معنا","عدد","A","سؤال تألیفی تشخیصی برای ارزیابی اولیه؛ جایگزین پوشش فصل‌به‌فصل کتاب درسی نیست.","ترنم همدلی","original","1405"
"یازدهم","انسانی","نگارش","نگارش","آزمون جامع","ارزیابی پایه","هسته ۱۰ سوالی","متوسط","فعل معمولاً چه چیزی را نشان می‌دهد؟","کار یا حالت","رنگ","تعداد صفحات","علامت سؤال","A","سؤال تألیفی تشخیصی برای ارزیابی اولیه؛ جایگزین پوشش فصل‌به‌فصل کتاب درسی نیست.","ترنم همدلی","original","1405"
"یازدهم","انسانی","نگارش","نگارش","آزمون جامع","ارزیابی پایه","هسته ۱۰ سوالی","متوسط","عنوان مناسب چه ویژگی دارد؟","با محتوای متن ارتباط دارد","کاملاً بی‌ربط است","همیشه طولانی است","فقط عدد است","A","سؤال تألیفی تشخیصی برای ارزیابی اولیه؛ جایگزین پوشش فصل‌به‌فصل کتاب درسی نیست.","ترنم همدلی","original","1405"
"یازدهم","انسانی","نگارش","نگارش","آزمون جامع","ارزیابی پایه","هسته ۱۰ سوالی","متوسط","بازبینی نوشته برای چیست؟","اصلاح محتوا و نگارش","حذف همه جمله‌ها","افزایش خطا","تغییر واقعیت","A","سؤال تألیفی تشخیصی برای ارزیابی اولیه؛ جایگزین پوشش فصل‌به‌فصل کتاب درسی نیست.","ترنم همدلی","original","1405"
"یازدهم","انسانی","نگارش","نگارش","آزمون جامع","ارزیابی پایه","هسته ۱۰ سوالی","متوسط","پاراگراف معمولاً حول چه چیزی شکل می‌گیرد؟","یک ایده اصلی","واژه‌های تصادفی","یک علامت","یک عدد","A","سؤال تألیفی تشخیصی برای ارزیابی اولیه؛ جایگزین پوشش فصل‌به‌فصل کتاب درسی نیست.","ترنم همدلی","original","1405"
"یازدهم","انسانی","نگارش","نگارش","آزمون جامع","ارزیابی پایه","هسته ۱۰ سوالی","متوسط","علائم نگارشی چه کمکی می‌کنند؟","خوانایی و فهم ساختار متن","حذف معنا","تغییر موضوع","افزایش ابهام","A","سؤال تألیفی تشخیصی برای ارزیابی اولیه؛ جایگزین پوشش فصل‌به‌فصل کتاب درسی نیست.","ترنم همدلی","original","1405"
"یازدهم","انسانی","نگارش","نگارش","آزمون جامع","ارزیابی پایه","هسته ۱۰ سوالی","متوسط","تشبیه چه کاربردی دارد؟","بیان هنری شباهت میان دو چیز","اندازه‌گیری","حل معادله","ثبت تاریخ","A","سؤال تألیفی تشخیصی برای ارزیابی اولیه؛ جایگزین پوشش فصل‌به‌فصل کتاب درسی نیست.","ترنم همدلی","original","1405"
"یازدهم","انسانی","نگارش","نگارش","آزمون جامع","ارزیابی پایه","هسته ۱۰ سوالی","متوسط","خواندن فعال یعنی چه؟","پرسش، ارتباط و بررسی مفهوم","فقط سریع خواندن","حفظ بدون درک","نادیده گرفتن عنوان","A","سؤال تألیفی تشخیصی برای ارزیابی اولیه؛ جایگزین پوشش فصل‌به‌فصل کتاب درسی نیست.","ترنم همدلی","original","1405"
"یازدهم","انسانی","نگارش","نگارش","آزمون جامع","ارزیابی پایه","هسته ۱۰ سوالی","متوسط","نوشتن منظم چه فایده‌ای دارد؟","انتقال روشن‌تر ایده‌ها","افزایش ابهام","حذف ارتباط","کاهش خوانایی","A","سؤال تألیفی تشخیصی برای ارزیابی اولیه؛ جایگزین پوشش فصل‌به‌فصل کتاب درسی نیست.","ترنم همدلی","original","1405"
"یازدهم","ریاضی","دین و زندگی","دین و زندگی","آزمون جامع","ارزیابی پایه","هسته ۱۰ سوالی","متوسط","صداقت یعنی چه؟","راستگویی و پرهیز از فریب","پنهان‌کاری برای منفعت","تمسخر","بی‌تفاوتی","A","سؤال تألیفی تشخیصی برای ارزیابی اولیه؛ جایگزین پوشش فصل‌به‌فصل کتاب درسی نیست.","ترنم همدلی","original","1405"
"یازدهم","ریاضی","دین و زندگی","دین و زندگی","آزمون جامع","ارزیابی پایه","هسته ۱۰ سوالی","متوسط","مسئولیت‌پذیری چیست؟","پذیرفتن وظیفه و پیامد رفتار","انداختن تقصیر بر دیگران","فرار از وظیفه","نادیده گرفتن پیامد","A","سؤال تألیفی تشخیصی برای ارزیابی اولیه؛ جایگزین پوشش فصل‌به‌فصل کتاب درسی نیست.","ترنم همدلی","original","1405"
"یازدهم","ریاضی","دین و زندگی","دین و زندگی","آزمون جامع","ارزیابی پایه","هسته ۱۰ سوالی","متوسط","عدالت به چه چیزی نزدیک است؟","رعایت حق و انصاف","تبعیض","طرفداری بی‌دلیل","بی‌قانونی","A","سؤال تألیفی تشخیصی برای ارزیابی اولیه؛ جایگزین پوشش فصل‌به‌فصل کتاب درسی نیست.","ترنم همدلی","original","1405"
"یازدهم","ریاضی","دین و زندگی","دین و زندگی","آزمون جامع","ارزیابی پایه","هسته ۱۰ سوالی","متوسط","امانت‌داری یعنی چه؟","حفظ حق و اعتماد دیگران","افشای راز","استفاده بدون اجازه","تحریف","A","سؤال تألیفی تشخیصی برای ارزیابی اولیه؛ جایگزین پوشش فصل‌به‌فصل کتاب درسی نیست.","ترنم همدلی","original","1405"
"یازدهم","ریاضی","دین و زندگی","دین و زندگی","آزمون جامع","ارزیابی پایه","هسته ۱۰ سوالی","متوسط","همدلی چیست؟","درک احساس و موقعیت دیگران","تأیید همه رفتارها","تحقیر","تحمیل نظر","A","سؤال تألیفی تشخیصی برای ارزیابی اولیه؛ جایگزین پوشش فصل‌به‌فصل کتاب درسی نیست.","ترنم همدلی","original","1405"
"یازدهم","ریاضی","دین و زندگی","دین و زندگی","آزمون جامع","ارزیابی پایه","هسته ۱۰ سوالی","متوسط","صبر در دشواری یعنی چه؟","پایداری همراه با مدیریت درست واکنش","پرخاشگری","انکار مسئله","بی‌عملی مطلق","A","سؤال تألیفی تشخیصی برای ارزیابی اولیه؛ جایگزین پوشش فصل‌به‌فصل کتاب درسی نیست.","ترنم همدلی","original","1405"
"یازدهم","ریاضی","دین و زندگی","دین و زندگی","آزمون جامع","ارزیابی پایه","هسته ۱۰ سوالی","متوسط","شکرگزاری یعنی چه؟","شناخت نعمت و قدردانی","انکار داشته‌ها","مقایسه دائمی","بی‌توجهی","A","سؤال تألیفی تشخیصی برای ارزیابی اولیه؛ جایگزین پوشش فصل‌به‌فصل کتاب درسی نیست.","ترنم همدلی","original","1405"
"یازدهم","ریاضی","دین و زندگی","دین و زندگی","آزمون جامع","ارزیابی پایه","هسته ۱۰ سوالی","متوسط","احترام به دیگران چگونه نشان داده می‌شود؟","رعایت کرامت و حقوق آنان","تمسخر","تحقیر","بی‌توجهی","A","سؤال تألیفی تشخیصی برای ارزیابی اولیه؛ جایگزین پوشش فصل‌به‌فصل کتاب درسی نیست.","ترنم همدلی","original","1405"
"یازدهم","ریاضی","دین و زندگی","دین و زندگی","آزمون جامع","ارزیابی پایه","هسته ۱۰ سوالی","متوسط","کمک مسئولانه به دیگران چه ویژگی دارد؟","بدون ایجاد آسیب و با توجه به نیاز واقعی","اجبار","فریب","نادیده‌گرفتن حقوق","A","سؤال تألیفی تشخیصی برای ارزیابی اولیه؛ جایگزین پوشش فصل‌به‌فصل کتاب درسی نیست.","ترنم همدلی","original","1405"
"یازدهم","ریاضی","دین و زندگی","دین و زندگی","آزمون جامع","ارزیابی پایه","هسته ۱۰ سوالی","متوسط","نیت در عمل اخلاقی چه اهمیتی دارد؟","در ارزش‌گذاری عمل نقش دارد","هیچ اهمیتی ندارد","فقط ظاهر مهم است","فقط پول مهم است","A","سؤال تألیفی تشخیصی برای ارزیابی اولیه؛ جایگزین پوشش فصل‌به‌فصل کتاب درسی نیست.","ترنم همدلی","original","1405"
"یازدهم","تجربی","دین و زندگی","دین و زندگی","آزمون جامع","ارزیابی پایه","هسته ۱۰ سوالی","متوسط","صداقت یعنی چه؟","راستگویی و پرهیز از فریب","پنهان‌کاری برای منفعت","تمسخر","بی‌تفاوتی","A","سؤال تألیفی تشخیصی برای ارزیابی اولیه؛ جایگزین پوشش فصل‌به‌فصل کتاب درسی نیست.","ترنم همدلی","original","1405"
"یازدهم","تجربی","دین و زندگی","دین و زندگی","آزمون جامع","ارزیابی پایه","هسته ۱۰ سوالی","متوسط","مسئولیت‌پذیری چیست؟","پذیرفتن وظیفه و پیامد رفتار","انداختن تقصیر بر دیگران","فرار از وظیفه","نادیده گرفتن پیامد","A","سؤال تألیفی تشخیصی برای ارزیابی اولیه؛ جایگزین پوشش فصل‌به‌فصل کتاب درسی نیست.","ترنم همدلی","original","1405"
"یازدهم","تجربی","دین و زندگی","دین و زندگی","آزمون جامع","ارزیابی پایه","هسته ۱۰ سوالی","متوسط","عدالت به چه چیزی نزدیک است؟","رعایت حق و انصاف","تبعیض","طرفداری بی‌دلیل","بی‌قانونی","A","سؤال تألیفی تشخیصی برای ارزیابی اولیه؛ جایگزین پوشش فصل‌به‌فصل کتاب درسی نیست.","ترنم همدلی","original","1405"
"یازدهم","تجربی","دین و زندگی","دین و زندگی","آزمون جامع","ارزیابی پایه","هسته ۱۰ سوالی","متوسط","امانت‌داری یعنی چه؟","حفظ حق و اعتماد دیگران","افشای راز","استفاده بدون اجازه","تحریف","A","سؤال تألیفی تشخیصی برای ارزیابی اولیه؛ جایگزین پوشش فصل‌به‌فصل کتاب درسی نیست.","ترنم همدلی","original","1405"
"یازدهم","تجربی","دین و زندگی","دین و زندگی","آزمون جامع","ارزیابی پایه","هسته ۱۰ سوالی","متوسط","همدلی چیست؟","درک احساس و موقعیت دیگران","تأیید همه رفتارها","تحقیر","تحمیل نظر","A","سؤال تألیفی تشخیصی برای ارزیابی اولیه؛ جایگزین پوشش فصل‌به‌فصل کتاب درسی نیست.","ترنم همدلی","original","1405"
"یازدهم","تجربی","دین و زندگی","دین و زندگی","آزمون جامع","ارزیابی پایه","هسته ۱۰ سوالی","متوسط","صبر در دشواری یعنی چه؟","پایداری همراه با مدیریت درست واکنش","پرخاشگری","انکار مسئله","بی‌عملی مطلق","A","سؤال تألیفی تشخیصی برای ارزیابی اولیه؛ جایگزین پوشش فصل‌به‌فصل کتاب درسی نیست.","ترنم همدلی","original","1405"
"یازدهم","تجربی","دین و زندگی","دین و زندگی","آزمون جامع","ارزیابی پایه","هسته ۱۰ سوالی","متوسط","شکرگزاری یعنی چه؟","شناخت نعمت و قدردانی","انکار داشته‌ها","مقایسه دائمی","بی‌توجهی","A","سؤال تألیفی تشخیصی برای ارزیابی اولیه؛ جایگزین پوشش فصل‌به‌فصل کتاب درسی نیست.","ترنم همدلی","original","1405"
"یازدهم","تجربی","دین و زندگی","دین و زندگی","آزمون جامع","ارزیابی پایه","هسته ۱۰ سوالی","متوسط","احترام به دیگران چگونه نشان داده می‌شود؟","رعایت کرامت و حقوق آنان","تمسخر","تحقیر","بی‌توجهی","A","سؤال تألیفی تشخیصی برای ارزیابی اولیه؛ جایگزین پوشش فصل‌به‌فصل کتاب درسی نیست.","ترنم همدلی","original","1405"
"یازدهم","تجربی","دین و زندگی","دین و زندگی","آزمون جامع","ارزیابی پایه","هسته ۱۰ سوالی","متوسط","کمک مسئولانه به دیگران چه ویژگی دارد؟","بدون ایجاد آسیب و با توجه به نیاز واقعی","اجبار","فریب","نادیده‌گرفتن حقوق","A","سؤال تألیفی تشخیصی برای ارزیابی اولیه؛ جایگزین پوشش فصل‌به‌فصل کتاب درسی نیست.","ترنم همدلی","original","1405"
"یازدهم","تجربی","دین و زندگی","دین و زندگی","آزمون جامع","ارزیابی پایه","هسته ۱۰ سوالی","متوسط","نیت در عمل اخلاقی چه اهمیتی دارد؟","در ارزش‌گذاری عمل نقش دارد","هیچ اهمیتی ندارد","فقط ظاهر مهم است","فقط پول مهم است","A","سؤال تألیفی تشخیصی برای ارزیابی اولیه؛ جایگزین پوشش فصل‌به‌فصل کتاب درسی نیست.","ترنم همدلی","original","1405"
"یازدهم","انسانی","دین و زندگی","دین و زندگی","آزمون جامع","ارزیابی پایه","هسته ۱۰ سوالی","متوسط","صداقت یعنی چه؟","راستگویی و پرهیز از فریب","پنهان‌کاری برای منفعت","تمسخر","بی‌تفاوتی","A","سؤال تألیفی تشخیصی برای ارزیابی اولیه؛ جایگزین پوشش فصل‌به‌فصل کتاب درسی نیست.","ترنم همدلی","original","1405"
"یازدهم","انسانی","دین و زندگی","دین و زندگی","آزمون جامع","ارزیابی پایه","هسته ۱۰ سوالی","متوسط","مسئولیت‌پذیری چیست؟","پذیرفتن وظیفه و پیامد رفتار","انداختن تقصیر بر دیگران","فرار از وظیفه","نادیده گرفتن پیامد","A","سؤال تألیفی تشخیصی برای ارزیابی اولیه؛ جایگزین پوشش فصل‌به‌فصل کتاب درسی نیست.","ترنم همدلی","original","1405"
"یازدهم","انسانی","دین و زندگی","دین و زندگی","آزمون جامع","ارزیابی پایه","هسته ۱۰ سوالی","متوسط","عدالت به چه چیزی نزدیک است؟","رعایت حق و انصاف","تبعیض","طرفداری بی‌دلیل","بی‌قانونی","A","سؤال تألیفی تشخیصی برای ارزیابی اولیه؛ جایگزین پوشش فصل‌به‌فصل کتاب درسی نیست.","ترنم همدلی","original","1405"
"یازدهم","انسانی","دین و زندگی","دین و زندگی","آزمون جامع","ارزیابی پایه","هسته ۱۰ سوالی","متوسط","امانت‌داری یعنی چه؟","حفظ حق و اعتماد دیگران","افشای راز","استفاده بدون اجازه","تحریف","A","سؤال تألیفی تشخیصی برای ارزیابی اولیه؛ جایگزین پوشش فصل‌به‌فصل کتاب درسی نیست.","ترنم همدلی","original","1405"
"یازدهم","انسانی","دین و زندگی","دین و زندگی","آزمون جامع","ارزیابی پایه","هسته ۱۰ سوالی","متوسط","همدلی چیست؟","درک احساس و موقعیت دیگران","تأیید همه رفتارها","تحقیر","تحمیل نظر","A","سؤال تألیفی تشخیصی برای ارزیابی اولیه؛ جایگزین پوشش فصل‌به‌فصل کتاب درسی نیست.","ترنم همدلی","original","1405"
"یازدهم","انسانی","دین و زندگی","دین و زندگی","آزمون جامع","ارزیابی پایه","هسته ۱۰ سوالی","متوسط","صبر در دشواری یعنی چه؟","پایداری همراه با مدیریت درست واکنش","پرخاشگری","انکار مسئله","بی‌عملی مطلق","A","سؤال تألیفی تشخیصی برای ارزیابی اولیه؛ جایگزین پوشش فصل‌به‌فصل کتاب درسی نیست.","ترنم همدلی","original","1405"
"یازدهم","انسانی","دین و زندگی","دین و زندگی","آزمون جامع","ارزیابی پایه","هسته ۱۰ سوالی","متوسط","شکرگزاری یعنی چه؟","شناخت نعمت و قدردانی","انکار داشته‌ها","مقایسه دائمی","بی‌توجهی","A","سؤال تألیفی تشخیصی برای ارزیابی اولیه؛ جایگزین پوشش فصل‌به‌فصل کتاب درسی نیست.","ترنم همدلی","original","1405"
"یازدهم","انسانی","دین و زندگی","دین و زندگی","آزمون جامع","ارزیابی پایه","هسته ۱۰ سوالی","متوسط","احترام به دیگران چگونه نشان داده می‌شود؟","رعایت کرامت و حقوق آنان","تمسخر","تحقیر","بی‌توجهی","A","سؤال تألیفی تشخیصی برای ارزیابی اولیه؛ جایگزین پوشش فصل‌به‌فصل کتاب درسی نیست.","ترنم همدلی","original","1405"
"یازدهم","انسانی","دین و زندگی","دین و زندگی","آزمون جامع","ارزیابی پایه","هسته ۱۰ سوالی","متوسط","کمک مسئولانه به دیگران چه ویژگی دارد؟","بدون ایجاد آسیب و با توجه به نیاز واقعی","اجبار","فریب","نادیده‌گرفتن حقوق","A","سؤال تألیفی تشخیصی برای ارزیابی اولیه؛ جایگزین پوشش فصل‌به‌فصل کتاب درسی نیست.","ترنم همدلی","original","1405"
"یازدهم","انسانی","دین و زندگی","دین و زندگی","آزمون جامع","ارزیابی پایه","هسته ۱۰ سوالی","متوسط","نیت در عمل اخلاقی چه اهمیتی دارد؟","در ارزش‌گذاری عمل نقش دارد","هیچ اهمیتی ندارد","فقط ظاهر مهم است","فقط پول مهم است","A","سؤال تألیفی تشخیصی برای ارزیابی اولیه؛ جایگزین پوشش فصل‌به‌فصل کتاب درسی نیست.","ترنم همدلی","original","1405"
"یازدهم","ریاضی","عربی","عربی","آزمون جامع","ارزیابی پایه","هسته ۱۰ سوالی","متوسط","فعل ماضی به چه زمانی اشاره می‌کند؟","گذشته","حال","آینده","همیشه","A","سؤال تألیفی تشخیصی برای ارزیابی اولیه؛ جایگزین پوشش فصل‌به‌فصل کتاب درسی نیست.","ترنم همدلی","original","1405"
"یازدهم","ریاضی","عربی","عربی","آزمون جامع","ارزیابی پایه","هسته ۱۰ سوالی","متوسط","فعل مضارع معمولاً بر چه زمانی دلالت می‌کند؟","حال یا آینده","فقط گذشته","فقط گذشته دور","هیچ زمان","A","سؤال تألیفی تشخیصی برای ارزیابی اولیه؛ جایگزین پوشش فصل‌به‌فصل کتاب درسی نیست.","ترنم همدلی","original","1405"
"یازدهم","ریاضی","عربی","عربی","آزمون جامع","ارزیابی پایه","هسته ۱۰ سوالی","متوسط","فاعل چیست؟","انجام‌دهنده کار فعل","زمان جمله","محل کار","نشانه جمع","A","سؤال تألیفی تشخیصی برای ارزیابی اولیه؛ جایگزین پوشش فصل‌به‌فصل کتاب درسی نیست.","ترنم همدلی","original","1405"
"یازدهم","ریاضی","عربی","عربی","آزمون جامع","ارزیابی پایه","هسته ۱۰ سوالی","متوسط","مفعول‌به چیست؟","کسی یا چیزی که عمل بر او واقع می‌شود","انجام‌دهنده عمل","زمان","صفت","A","سؤال تألیفی تشخیصی برای ارزیابی اولیه؛ جایگزین پوشش فصل‌به‌فصل کتاب درسی نیست.","ترنم همدلی","original","1405"
"یازدهم","ریاضی","عربی","عربی","آزمون جامع","ارزیابی پایه","هسته ۱۰ سوالی","متوسط","مفرد یعنی چه؟","یک فرد یا چیز","دو فرد","چند فرد","جمله کامل","A","سؤال تألیفی تشخیصی برای ارزیابی اولیه؛ جایگزین پوشش فصل‌به‌فصل کتاب درسی نیست.","ترنم همدلی","original","1405"
"یازدهم","ریاضی","عربی","عربی","آزمون جامع","ارزیابی پایه","هسته ۱۰ سوالی","متوسط","جمع یعنی چه؟","بیش از یک","دقیقاً یک","بدون تعداد","یک فعل","A","سؤال تألیفی تشخیصی برای ارزیابی اولیه؛ جایگزین پوشش فصل‌به‌فصل کتاب درسی نیست.","ترنم همدلی","original","1405"
"یازدهم","ریاضی","عربی","عربی","آزمون جامع","ارزیابی پایه","هسته ۱۰ سوالی","متوسط","ترجمه درست به چه نیاز دارد؟","شناخت واژه و ساختار جمله","حدس یک واژه","حذف فعل","تغییر معنا","A","سؤال تألیفی تشخیصی برای ارزیابی اولیه؛ جایگزین پوشش فصل‌به‌فصل کتاب درسی نیست.","ترنم همدلی","original","1405"
"یازدهم","ریاضی","عربی","عربی","آزمون جامع","ارزیابی پایه","هسته ۱۰ سوالی","متوسط","اسم چه چیزی می‌تواند باشد؟","نام شخص، چیز یا مفهوم","فقط فعل","فقط حرف","فقط عدد","A","سؤال تألیفی تشخیصی برای ارزیابی اولیه؛ جایگزین پوشش فصل‌به‌فصل کتاب درسی نیست.","ترنم همدلی","original","1405"
"یازدهم","ریاضی","عربی","عربی","آزمون جامع","ارزیابی پایه","هسته ۱۰ سوالی","متوسط","معنا در ترجمه باید چگونه حفظ شود؟","متناسب با کل جمله","با حذف فعل","با تغییر فاعل","با حذف واژه‌های مهم","A","سؤال تألیفی تشخیصی برای ارزیابی اولیه؛ جایگزین پوشش فصل‌به‌فصل کتاب درسی نیست.","ترنم همدلی","original","1405"
"یازدهم","ریاضی","عربی","عربی","آزمون جامع","ارزیابی پایه","هسته ۱۰ سوالی","متوسط","یادگیری واژه‌ها در بافت جمله چه فایده‌ای دارد؟","درک بهتر کاربرد و معنا","حذف معنی","افزایش ابهام","تغییر دستور","A","سؤال تألیفی تشخیصی برای ارزیابی اولیه؛ جایگزین پوشش فصل‌به‌فصل کتاب درسی نیست.","ترنم همدلی","original","1405"
"یازدهم","تجربی","عربی","عربی","آزمون جامع","ارزیابی پایه","هسته ۱۰ سوالی","متوسط","فعل ماضی به چه زمانی اشاره می‌کند؟","گذشته","حال","آینده","همیشه","A","سؤال تألیفی تشخیصی برای ارزیابی اولیه؛ جایگزین پوشش فصل‌به‌فصل کتاب درسی نیست.","ترنم همدلی","original","1405"
"یازدهم","تجربی","عربی","عربی","آزمون جامع","ارزیابی پایه","هسته ۱۰ سوالی","متوسط","فعل مضارع معمولاً بر چه زمانی دلالت می‌کند؟","حال یا آینده","فقط گذشته","فقط گذشته دور","هیچ زمان","A","سؤال تألیفی تشخیصی برای ارزیابی اولیه؛ جایگزین پوشش فصل‌به‌فصل کتاب درسی نیست.","ترنم همدلی","original","1405"
"یازدهم","تجربی","عربی","عربی","آزمون جامع","ارزیابی پایه","هسته ۱۰ سوالی","متوسط","فاعل چیست؟","انجام‌دهنده کار فعل","زمان جمله","محل کار","نشانه جمع","A","سؤال تألیفی تشخیصی برای ارزیابی اولیه؛ جایگزین پوشش فصل‌به‌فصل کتاب درسی نیست.","ترنم همدلی","original","1405"
"یازدهم","تجربی","عربی","عربی","آزمون جامع","ارزیابی پایه","هسته ۱۰ سوالی","متوسط","مفعول‌به چیست؟","کسی یا چیزی که عمل بر او واقع می‌شود","انجام‌دهنده عمل","زمان","صفت","A","سؤال تألیفی تشخیصی برای ارزیابی اولیه؛ جایگزین پوشش فصل‌به‌فصل کتاب درسی نیست.","ترنم همدلی","original","1405"
"یازدهم","تجربی","عربی","عربی","آزمون جامع","ارزیابی پایه","هسته ۱۰ سوالی","متوسط","مفرد یعنی چه؟","یک فرد یا چیز","دو فرد","چند فرد","جمله کامل","A","سؤال تألیفی تشخیصی برای ارزیابی اولیه؛ جایگزین پوشش فصل‌به‌فصل کتاب درسی نیست.","ترنم همدلی","original","1405"
"یازدهم","تجربی","عربی","عربی","آزمون جامع","ارزیابی پایه","هسته ۱۰ سوالی","متوسط","جمع یعنی چه؟","بیش از یک","دقیقاً یک","بدون تعداد","یک فعل","A","سؤال تألیفی تشخیصی برای ارزیابی اولیه؛ جایگزین پوشش فصل‌به‌فصل کتاب درسی نیست.","ترنم همدلی","original","1405"
"یازدهم","تجربی","عربی","عربی","آزمون جامع","ارزیابی پایه","هسته ۱۰ سوالی","متوسط","ترجمه درست به چه نیاز دارد؟","شناخت واژه و ساختار جمله","حدس یک واژه","حذف فعل","تغییر معنا","A","سؤال تألیفی تشخیصی برای ارزیابی اولیه؛ جایگزین پوشش فصل‌به‌فصل کتاب درسی نیست.","ترنم همدلی","original","1405"
"یازدهم","تجربی","عربی","عربی","آزمون جامع","ارزیابی پایه","هسته ۱۰ سوالی","متوسط","اسم چه چیزی می‌تواند باشد؟","نام شخص، چیز یا مفهوم","فقط فعل","فقط حرف","فقط عدد","A","سؤال تألیفی تشخیصی برای ارزیابی اولیه؛ جایگزین پوشش فصل‌به‌فصل کتاب درسی نیست.","ترنم همدلی","original","1405"
"یازدهم","تجربی","عربی","عربی","آزمون جامع","ارزیابی پایه","هسته ۱۰ سوالی","متوسط","معنا در ترجمه باید چگونه حفظ شود؟","متناسب با کل جمله","با حذف فعل","با تغییر فاعل","با حذف واژه‌های مهم","A","سؤال تألیفی تشخیصی برای ارزیابی اولیه؛ جایگزین پوشش فصل‌به‌فصل کتاب درسی نیست.","ترنم همدلی","original","1405"
"یازدهم","تجربی","عربی","عربی","آزمون جامع","ارزیابی پایه","هسته ۱۰ سوالی","متوسط","یادگیری واژه‌ها در بافت جمله چه فایده‌ای دارد؟","درک بهتر کاربرد و معنا","حذف معنی","افزایش ابهام","تغییر دستور","A","سؤال تألیفی تشخیصی برای ارزیابی اولیه؛ جایگزین پوشش فصل‌به‌فصل کتاب درسی نیست.","ترنم همدلی","original","1405"
"یازدهم","انسانی","عربی","عربی","آزمون جامع","ارزیابی پایه","هسته ۱۰ سوالی","متوسط","فعل ماضی به چه زمانی اشاره می‌کند؟","گذشته","حال","آینده","همیشه","A","سؤال تألیفی تشخیصی برای ارزیابی اولیه؛ جایگزین پوشش فصل‌به‌فصل کتاب درسی نیست.","ترنم همدلی","original","1405"
"یازدهم","انسانی","عربی","عربی","آزمون جامع","ارزیابی پایه","هسته ۱۰ سوالی","متوسط","فعل مضارع معمولاً بر چه زمانی دلالت می‌کند؟","حال یا آینده","فقط گذشته","فقط گذشته دور","هیچ زمان","A","سؤال تألیفی تشخیصی برای ارزیابی اولیه؛ جایگزین پوشش فصل‌به‌فصل کتاب درسی نیست.","ترنم همدلی","original","1405"
"یازدهم","انسانی","عربی","عربی","آزمون جامع","ارزیابی پایه","هسته ۱۰ سوالی","متوسط","فاعل چیست؟","انجام‌دهنده کار فعل","زمان جمله","محل کار","نشانه جمع","A","سؤال تألیفی تشخیصی برای ارزیابی اولیه؛ جایگزین پوشش فصل‌به‌فصل کتاب درسی نیست.","ترنم همدلی","original","1405"
"یازدهم","انسانی","عربی","عربی","آزمون جامع","ارزیابی پایه","هسته ۱۰ سوالی","متوسط","مفعول‌به چیست؟","کسی یا چیزی که عمل بر او واقع می‌شود","انجام‌دهنده عمل","زمان","صفت","A","سؤال تألیفی تشخیصی برای ارزیابی اولیه؛ جایگزین پوشش فصل‌به‌فصل کتاب درسی نیست.","ترنم همدلی","original","1405"
"یازدهم","انسانی","عربی","عربی","آزمون جامع","ارزیابی پایه","هسته ۱۰ سوالی","متوسط","مفرد یعنی چه؟","یک فرد یا چیز","دو فرد","چند فرد","جمله کامل","A","سؤال تألیفی تشخیصی برای ارزیابی اولیه؛ جایگزین پوشش فصل‌به‌فصل کتاب درسی نیست.","ترنم همدلی","original","1405"
"یازدهم","انسانی","عربی","عربی","آزمون جامع","ارزیابی پایه","هسته ۱۰ سوالی","متوسط","جمع یعنی چه؟","بیش از یک","دقیقاً یک","بدون تعداد","یک فعل","A","سؤال تألیفی تشخیصی برای ارزیابی اولیه؛ جایگزین پوشش فصل‌به‌فصل کتاب درسی نیست.","ترنم همدلی","original","1405"
"یازدهم","انسانی","عربی","عربی","آزمون جامع","ارزیابی پایه","هسته ۱۰ سوالی","متوسط","ترجمه درست به چه نیاز دارد؟","شناخت واژه و ساختار جمله","حدس یک واژه","حذف فعل","تغییر معنا","A","سؤال تألیفی تشخیصی برای ارزیابی اولیه؛ جایگزین پوشش فصل‌به‌فصل کتاب درسی نیست.","ترنم همدلی","original","1405"
"یازدهم","انسانی","عربی","عربی","آزمون جامع","ارزیابی پایه","هسته ۱۰ سوالی","متوسط","اسم چه چیزی می‌تواند باشد؟","نام شخص، چیز یا مفهوم","فقط فعل","فقط حرف","فقط عدد","A","سؤال تألیفی تشخیصی برای ارزیابی اولیه؛ جایگزین پوشش فصل‌به‌فصل کتاب درسی نیست.","ترنم همدلی","original","1405"
"یازدهم","انسانی","عربی","عربی","آزمون جامع","ارزیابی پایه","هسته ۱۰ سوالی","متوسط","معنا در ترجمه باید چگونه حفظ شود؟","متناسب با کل جمله","با حذف فعل","با تغییر فاعل","با حذف واژه‌های مهم","A","سؤال تألیفی تشخیصی برای ارزیابی اولیه؛ جایگزین پوشش فصل‌به‌فصل کتاب درسی نیست.","ترنم همدلی","original","1405"
"یازدهم","انسانی","عربی","عربی","آزمون جامع","ارزیابی پایه","هسته ۱۰ سوالی","متوسط","یادگیری واژه‌ها در بافت جمله چه فایده‌ای دارد؟","درک بهتر کاربرد و معنا","حذف معنی","افزایش ابهام","تغییر دستور","A","سؤال تألیفی تشخیصی برای ارزیابی اولیه؛ جایگزین پوشش فصل‌به‌فصل کتاب درسی نیست.","ترنم همدلی","original","1405"
"یازدهم","ریاضی","زبان انگلیسی","زبان انگلیسی","آزمون جامع","ارزیابی پایه","هسته ۱۰ سوالی","متوسط","What does 'book' mean?","کتاب","مدرسه","خانه","دوست","A","سؤال تألیفی تشخیصی برای ارزیابی اولیه؛ جایگزین پوشش فصل‌به‌فصل کتاب درسی نیست.","ترنم همدلی","original","1405"
"یازدهم","ریاضی","زبان انگلیسی","زبان انگلیسی","آزمون جامع","ارزیابی پایه","هسته ۱۰ سوالی","متوسط","Which word is a verb?","study","student","school","book","A","سؤال تألیفی تشخیصی برای ارزیابی اولیه؛ جایگزین پوشش فصل‌به‌فصل کتاب درسی نیست.","ترنم همدلی","original","1405"
"یازدهم","ریاضی","زبان انگلیسی","زبان انگلیسی","آزمون جامع","ارزیابی پایه","هسته ۱۰ سوالی","متوسط","What is the opposite of 'big'?","small","long","fast","old","A","سؤال تألیفی تشخیصی برای ارزیابی اولیه؛ جایگزین پوشش فصل‌به‌فصل کتاب درسی نیست.","ترنم همدلی","original","1405"
"یازدهم","ریاضی","زبان انگلیسی","زبان انگلیسی","آزمون جامع","ارزیابی پایه","هسته ۱۰ سوالی","متوسط","Which sentence is a question?","Are you ready?","I am ready.","She studies.","They are students.","A","سؤال تألیفی تشخیصی برای ارزیابی اولیه؛ جایگزین پوشش فصل‌به‌فصل کتاب درسی نیست.","ترنم همدلی","original","1405"
"یازدهم","ریاضی","زبان انگلیسی","زبان انگلیسی","آزمون جامع","ارزیابی پایه","هسته ۱۰ سوالی","متوسط","What does 'teacher' mean?","معلم","دانش‌آموز","کتاب","کلاس","A","سؤال تألیفی تشخیصی برای ارزیابی اولیه؛ جایگزین پوشش فصل‌به‌فصل کتاب درسی نیست.","ترنم همدلی","original","1405"
"یازدهم","ریاضی","زبان انگلیسی","زبان انگلیسی","آزمون جامع","ارزیابی پایه","هسته ۱۰ سوالی","متوسط","Which word means 'آب'?","water","bread","milk","book","A","سؤال تألیفی تشخیصی برای ارزیابی اولیه؛ جایگزین پوشش فصل‌به‌فصل کتاب درسی نیست.","ترنم همدلی","original","1405"
"یازدهم","ریاضی","زبان انگلیسی","زبان انگلیسی","آزمون جامع","ارزیابی پایه","هسته ۱۰ سوالی","متوسط","What is the past form of 'go'?","went","goes","going","go","A","سؤال تألیفی تشخیصی برای ارزیابی اولیه؛ جایگزین پوشش فصل‌به‌فصل کتاب درسی نیست.","ترنم همدلی","original","1405"
"یازدهم","ریاضی","زبان انگلیسی","زبان انگلیسی","آزمون جامع","ارزیابی پایه","هسته ۱۰ سوالی","متوسط","Which word is plural?","books","book","read","quick","A","سؤال تألیفی تشخیصی برای ارزیابی اولیه؛ جایگزین پوشش فصل‌به‌فصل کتاب درسی نیست.","ترنم همدلی","original","1405"
"یازدهم","ریاضی","زبان انگلیسی","زبان انگلیسی","آزمون جامع","ارزیابی پایه","هسته ۱۰ سوالی","متوسط","What does 'happy' mean?","خوشحال","خسته","گرسنه","سرد","A","سؤال تألیفی تشخیصی برای ارزیابی اولیه؛ جایگزین پوشش فصل‌به‌فصل کتاب درسی نیست.","ترنم همدلی","original","1405"
"یازدهم","ریاضی","زبان انگلیسی","زبان انگلیسی","آزمون جامع","ارزیابی پایه","هسته ۱۰ سوالی","متوسط","Why is context important in reading?","It helps determine meaning","It removes words","It changes spelling","It deletes the sentence","A","سؤال تألیفی تشخیصی برای ارزیابی اولیه؛ جایگزین پوشش فصل‌به‌فصل کتاب درسی نیست.","ترنم همدلی","original","1405"
"یازدهم","تجربی","زبان انگلیسی","زبان انگلیسی","آزمون جامع","ارزیابی پایه","هسته ۱۰ سوالی","متوسط","What does 'book' mean?","کتاب","مدرسه","خانه","دوست","A","سؤال تألیفی تشخیصی برای ارزیابی اولیه؛ جایگزین پوشش فصل‌به‌فصل کتاب درسی نیست.","ترنم همدلی","original","1405"
"یازدهم","تجربی","زبان انگلیسی","زبان انگلیسی","آزمون جامع","ارزیابی پایه","هسته ۱۰ سوالی","متوسط","Which word is a verb?","study","student","school","book","A","سؤال تألیفی تشخیصی برای ارزیابی اولیه؛ جایگزین پوشش فصل‌به‌فصل کتاب درسی نیست.","ترنم همدلی","original","1405"
"یازدهم","تجربی","زبان انگلیسی","زبان انگلیسی","آزمون جامع","ارزیابی پایه","هسته ۱۰ سوالی","متوسط","What is the opposite of 'big'?","small","long","fast","old","A","سؤال تألیفی تشخیصی برای ارزیابی اولیه؛ جایگزین پوشش فصل‌به‌فصل کتاب درسی نیست.","ترنم همدلی","original","1405"
"یازدهم","تجربی","زبان انگلیسی","زبان انگلیسی","آزمون جامع","ارزیابی پایه","هسته ۱۰ سوالی","متوسط","Which sentence is a question?","Are you ready?","I am ready.","She studies.","They are students.","A","سؤال تألیفی تشخیصی برای ارزیابی اولیه؛ جایگزین پوشش فصل‌به‌فصل کتاب درسی نیست.","ترنم همدلی","original","1405"
"یازدهم","تجربی","زبان انگلیسی","زبان انگلیسی","آزمون جامع","ارزیابی پایه","هسته ۱۰ سوالی","متوسط","What does 'teacher' mean?","معلم","دانش‌آموز","کتاب","کلاس","A","سؤال تألیفی تشخیصی برای ارزیابی اولیه؛ جایگزین پوشش فصل‌به‌فصل کتاب درسی نیست.","ترنم همدلی","original","1405"
"یازدهم","تجربی","زبان انگلیسی","زبان انگلیسی","آزمون جامع","ارزیابی پایه","هسته ۱۰ سوالی","متوسط","Which word means 'آب'?","water","bread","milk","book","A","سؤال تألیفی تشخیصی برای ارزیابی اولیه؛ جایگزین پوشش فصل‌به‌فصل کتاب درسی نیست.","ترنم همدلی","original","1405"
"یازدهم","تجربی","زبان انگلیسی","زبان انگلیسی","آزمون جامع","ارزیابی پایه","هسته ۱۰ سوالی","متوسط","What is the past form of 'go'?","went","goes","going","go","A","سؤال تألیفی تشخیصی برای ارزیابی اولیه؛ جایگزین پوشش فصل‌به‌فصل کتاب درسی نیست.","ترنم همدلی","original","1405"
"یازدهم","تجربی","زبان انگلیسی","زبان انگلیسی","آزمون جامع","ارزیابی پایه","هسته ۱۰ سوالی","متوسط","Which word is plural?","books","book","read","quick","A","سؤال تألیفی تشخیصی برای ارزیابی اولیه؛ جایگزین پوشش فصل‌به‌فصل کتاب درسی نیست.","ترنم همدلی","original","1405"
"یازدهم","تجربی","زبان انگلیسی","زبان انگلیسی","آزمون جامع","ارزیابی پایه","هسته ۱۰ سوالی","متوسط","What does 'happy' mean?","خوشحال","خسته","گرسنه","سرد","A","سؤال تألیفی تشخیصی برای ارزیابی اولیه؛ جایگزین پوشش فصل‌به‌فصل کتاب درسی نیست.","ترنم همدلی","original","1405"
"یازدهم","تجربی","زبان انگلیسی","زبان انگلیسی","آزمون جامع","ارزیابی پایه","هسته ۱۰ سوالی","متوسط","Why is context important in reading?","It helps determine meaning","It removes words","It changes spelling","It deletes the sentence","A","سؤال تألیفی تشخیصی برای ارزیابی اولیه؛ جایگزین پوشش فصل‌به‌فصل کتاب درسی نیست.","ترنم همدلی","original","1405"
"یازدهم","انسانی","زبان انگلیسی","زبان انگلیسی","آزمون جامع","ارزیابی پایه","هسته ۱۰ سوالی","متوسط","What does 'book' mean?","کتاب","مدرسه","خانه","دوست","A","سؤال تألیفی تشخیصی برای ارزیابی اولیه؛ جایگزین پوشش فصل‌به‌فصل کتاب درسی نیست.","ترنم همدلی","original","1405"
"یازدهم","انسانی","زبان انگلیسی","زبان انگلیسی","آزمون جامع","ارزیابی پایه","هسته ۱۰ سوالی","متوسط","Which word is a verb?","study","student","school","book","A","سؤال تألیفی تشخیصی برای ارزیابی اولیه؛ جایگزین پوشش فصل‌به‌فصل کتاب درسی نیست.","ترنم همدلی","original","1405"
"یازدهم","انسانی","زبان انگلیسی","زبان انگلیسی","آزمون جامع","ارزیابی پایه","هسته ۱۰ سوالی","متوسط","What is the opposite of 'big'?","small","long","fast","old","A","سؤال تألیفی تشخیصی برای ارزیابی اولیه؛ جایگزین پوشش فصل‌به‌فصل کتاب درسی نیست.","ترنم همدلی","original","1405"
"یازدهم","انسانی","زبان انگلیسی","زبان انگلیسی","آزمون جامع","ارزیابی پایه","هسته ۱۰ سوالی","متوسط","Which sentence is a question?","Are you ready?","I am ready.","She studies.","They are students.","A","سؤال تألیفی تشخیصی برای ارزیابی اولیه؛ جایگزین پوشش فصل‌به‌فصل کتاب درسی نیست.","ترنم همدلی","original","1405"
"یازدهم","انسانی","زبان انگلیسی","زبان انگلیسی","آزمون جامع","ارزیابی پایه","هسته ۱۰ سوالی","متوسط","What does 'teacher' mean?","معلم","دانش‌آموز","کتاب","کلاس","A","سؤال تألیفی تشخیصی برای ارزیابی اولیه؛ جایگزین پوشش فصل‌به‌فصل کتاب درسی نیست.","ترنم همدلی","original","1405"
"یازدهم","انسانی","زبان انگلیسی","زبان انگلیسی","آزمون جامع","ارزیابی پایه","هسته ۱۰ سوالی","متوسط","Which word means 'آب'?","water","bread","milk","book","A","سؤال تألیفی تشخیصی برای ارزیابی اولیه؛ جایگزین پوشش فصل‌به‌فصل کتاب درسی نیست.","ترنم همدلی","original","1405"
"یازدهم","انسانی","زبان انگلیسی","زبان انگلیسی","آزمون جامع","ارزیابی پایه","هسته ۱۰ سوالی","متوسط","What is the past form of 'go'?","went","goes","going","go","A","سؤال تألیفی تشخیصی برای ارزیابی اولیه؛ جایگزین پوشش فصل‌به‌فصل کتاب درسی نیست.","ترنم همدلی","original","1405"
"یازدهم","انسانی","زبان انگلیسی","زبان انگلیسی","آزمون جامع","ارزیابی پایه","هسته ۱۰ سوالی","متوسط","Which word is plural?","books","book","read","quick","A","سؤال تألیفی تشخیصی برای ارزیابی اولیه؛ جایگزین پوشش فصل‌به‌فصل کتاب درسی نیست.","ترنم همدلی","original","1405"
"یازدهم","انسانی","زبان انگلیسی","زبان انگلیسی","آزمون جامع","ارزیابی پایه","هسته ۱۰ سوالی","متوسط","What does 'happy' mean?","خوشحال","خسته","گرسنه","سرد","A","سؤال تألیفی تشخیصی برای ارزیابی اولیه؛ جایگزین پوشش فصل‌به‌فصل کتاب درسی نیست.","ترنم همدلی","original","1405"
"یازدهم","انسانی","زبان انگلیسی","زبان انگلیسی","آزمون جامع","ارزیابی پایه","هسته ۱۰ سوالی","متوسط","Why is context important in reading?","It helps determine meaning","It removes words","It changes spelling","It deletes the sentence","A","سؤال تألیفی تشخیصی برای ارزیابی اولیه؛ جایگزین پوشش فصل‌به‌فصل کتاب درسی نیست.","ترنم همدلی","original","1405"
"یازدهم","ریاضی","تاریخ معاصر ایران","تاریخ معاصر ایران","آزمون جامع","ارزیابی پایه","هسته ۱۰ سوالی","متوسط","قانون چه نقشی دارد؟","تنظیم روابط و حقوق","ایجاد بی‌نظمی","حذف مسئولیت","تغییر آب‌وهوا","A","سؤال تألیفی تشخیصی برای ارزیابی اولیه؛ جایگزین پوشش فصل‌به‌فصل کتاب درسی نیست.","ترنم همدلی","original","1405"
"یازدهم","ریاضی","تاریخ معاصر ایران","تاریخ معاصر ایران","آزمون جامع","ارزیابی پایه","هسته ۱۰ سوالی","متوسط","شهروند مسئول چه می‌کند؟","حقوق دیگران و وظایف خود را رعایت می‌کند","قانون را نادیده می‌گیرد","فقط مطالبه می‌کند","به محیط آسیب می‌زند","A","سؤال تألیفی تشخیصی برای ارزیابی اولیه؛ جایگزین پوشش فصل‌به‌فصل کتاب درسی نیست.","ترنم همدلی","original","1405"
"یازدهم","ریاضی","تاریخ معاصر ایران","تاریخ معاصر ایران","آزمون جامع","ارزیابی پایه","هسته ۱۰ سوالی","متوسط","نقشه برای چه مفید است؟","نمایش موقعیت‌های مکانی","اندازه‌گیری دما","تشخیص صدا","محاسبه سن","A","سؤال تألیفی تشخیصی برای ارزیابی اولیه؛ جایگزین پوشش فصل‌به‌فصل کتاب درسی نیست.","ترنم همدلی","original","1405"
"یازدهم","ریاضی","تاریخ معاصر ایران","تاریخ معاصر ایران","آزمون جامع","ارزیابی پایه","هسته ۱۰ سوالی","متوسط","منبع تاریخی چه فایده‌ای دارد؟","شواهدی برای شناخت گذشته فراهم می‌کند","همیشه قطعی است","فقط سرگرمی است","هیچ ارزشی ندارد","A","سؤال تألیفی تشخیصی برای ارزیابی اولیه؛ جایگزین پوشش فصل‌به‌فصل کتاب درسی نیست.","ترنم همدلی","original","1405"
"یازدهم","ریاضی","تاریخ معاصر ایران","تاریخ معاصر ایران","آزمون جامع","ارزیابی پایه","هسته ۱۰ سوالی","متوسط","فرهنگ شامل چیست؟","ارزش‌ها، هنجارها و نمادها","فقط ساختمان","فقط پول","فقط آب‌وهوا","A","سؤال تألیفی تشخیصی برای ارزیابی اولیه؛ جایگزین پوشش فصل‌به‌فصل کتاب درسی نیست.","ترنم همدلی","original","1405"
"یازدهم","ریاضی","تاریخ معاصر ایران","تاریخ معاصر ایران","آزمون جامع","ارزیابی پایه","هسته ۱۰ سوالی","متوسط","جمعیت یعنی چه؟","تعداد افراد یک محدوده","تعداد ساختمان","مساحت کشور","تعداد رودها","A","سؤال تألیفی تشخیصی برای ارزیابی اولیه؛ جایگزین پوشش فصل‌به‌فصل کتاب درسی نیست.","ترنم همدلی","original","1405"
"یازدهم","ریاضی","تاریخ معاصر ایران","تاریخ معاصر ایران","آزمون جامع","ارزیابی پایه","هسته ۱۰ سوالی","متوسط","مهاجرت چیست؟","جابه‌جایی افراد برای سکونت","تغییر فصل","حرکت زمین","تغییر زبان","A","سؤال تألیفی تشخیصی برای ارزیابی اولیه؛ جایگزین پوشش فصل‌به‌فصل کتاب درسی نیست.","ترنم همدلی","original","1405"
"یازدهم","ریاضی","تاریخ معاصر ایران","تاریخ معاصر ایران","آزمون جامع","ارزیابی پایه","هسته ۱۰ سوالی","متوسط","همکاری اجتماعی چه فایده‌ای دارد؟","حل بهتر مسائل مشترک","حذف مسئولیت","بی‌نیازی از قانون","افزایش قطعی تعارض","A","سؤال تألیفی تشخیصی برای ارزیابی اولیه؛ جایگزین پوشش فصل‌به‌فصل کتاب درسی نیست.","ترنم همدلی","original","1405"
"یازدهم","ریاضی","تاریخ معاصر ایران","تاریخ معاصر ایران","آزمون جامع","ارزیابی پایه","هسته ۱۰ سوالی","متوسط","توسعه پایدار بر چه چیزی تأکید دارد؟","توجه به نیاز امروز و آینده","مصرف بی‌حد","حذف طبیعت","نادیده گرفتن نسل آینده","A","سؤال تألیفی تشخیصی برای ارزیابی اولیه؛ جایگزین پوشش فصل‌به‌فصل کتاب درسی نیست.","ترنم همدلی","original","1405"
"یازدهم","ریاضی","تاریخ معاصر ایران","تاریخ معاصر ایران","آزمون جامع","ارزیابی پایه","هسته ۱۰ سوالی","متوسط","پدیده‌های اجتماعی را بهتر است چگونه بررسی کرد؟","با مفهوم، شواهد و توجه به زمینه","با یک شایعه","با حدس تنها","بدون داده","A","سؤال تألیفی تشخیصی برای ارزیابی اولیه؛ جایگزین پوشش فصل‌به‌فصل کتاب درسی نیست.","ترنم همدلی","original","1405"
"یازدهم","تجربی","تاریخ معاصر ایران","تاریخ معاصر ایران","آزمون جامع","ارزیابی پایه","هسته ۱۰ سوالی","متوسط","قانون چه نقشی دارد؟","تنظیم روابط و حقوق","ایجاد بی‌نظمی","حذف مسئولیت","تغییر آب‌وهوا","A","سؤال تألیفی تشخیصی برای ارزیابی اولیه؛ جایگزین پوشش فصل‌به‌فصل کتاب درسی نیست.","ترنم همدلی","original","1405"
"یازدهم","تجربی","تاریخ معاصر ایران","تاریخ معاصر ایران","آزمون جامع","ارزیابی پایه","هسته ۱۰ سوالی","متوسط","شهروند مسئول چه می‌کند؟","حقوق دیگران و وظایف خود را رعایت می‌کند","قانون را نادیده می‌گیرد","فقط مطالبه می‌کند","به محیط آسیب می‌زند","A","سؤال تألیفی تشخیصی برای ارزیابی اولیه؛ جایگزین پوشش فصل‌به‌فصل کتاب درسی نیست.","ترنم همدلی","original","1405"
"یازدهم","تجربی","تاریخ معاصر ایران","تاریخ معاصر ایران","آزمون جامع","ارزیابی پایه","هسته ۱۰ سوالی","متوسط","نقشه برای چه مفید است؟","نمایش موقعیت‌های مکانی","اندازه‌گیری دما","تشخیص صدا","محاسبه سن","A","سؤال تألیفی تشخیصی برای ارزیابی اولیه؛ جایگزین پوشش فصل‌به‌فصل کتاب درسی نیست.","ترنم همدلی","original","1405"
"یازدهم","تجربی","تاریخ معاصر ایران","تاریخ معاصر ایران","آزمون جامع","ارزیابی پایه","هسته ۱۰ سوالی","متوسط","منبع تاریخی چه فایده‌ای دارد؟","شواهدی برای شناخت گذشته فراهم می‌کند","همیشه قطعی است","فقط سرگرمی است","هیچ ارزشی ندارد","A","سؤال تألیفی تشخیصی برای ارزیابی اولیه؛ جایگزین پوشش فصل‌به‌فصل کتاب درسی نیست.","ترنم همدلی","original","1405"
"یازدهم","تجربی","تاریخ معاصر ایران","تاریخ معاصر ایران","آزمون جامع","ارزیابی پایه","هسته ۱۰ سوالی","متوسط","فرهنگ شامل چیست؟","ارزش‌ها، هنجارها و نمادها","فقط ساختمان","فقط پول","فقط آب‌وهوا","A","سؤال تألیفی تشخیصی برای ارزیابی اولیه؛ جایگزین پوشش فصل‌به‌فصل کتاب درسی نیست.","ترنم همدلی","original","1405"
"یازدهم","تجربی","تاریخ معاصر ایران","تاریخ معاصر ایران","آزمون جامع","ارزیابی پایه","هسته ۱۰ سوالی","متوسط","جمعیت یعنی چه؟","تعداد افراد یک محدوده","تعداد ساختمان","مساحت کشور","تعداد رودها","A","سؤال تألیفی تشخیصی برای ارزیابی اولیه؛ جایگزین پوشش فصل‌به‌فصل کتاب درسی نیست.","ترنم همدلی","original","1405"
"یازدهم","تجربی","تاریخ معاصر ایران","تاریخ معاصر ایران","آزمون جامع","ارزیابی پایه","هسته ۱۰ سوالی","متوسط","مهاجرت چیست؟","جابه‌جایی افراد برای سکونت","تغییر فصل","حرکت زمین","تغییر زبان","A","سؤال تألیفی تشخیصی برای ارزیابی اولیه؛ جایگزین پوشش فصل‌به‌فصل کتاب درسی نیست.","ترنم همدلی","original","1405"
"یازدهم","تجربی","تاریخ معاصر ایران","تاریخ معاصر ایران","آزمون جامع","ارزیابی پایه","هسته ۱۰ سوالی","متوسط","همکاری اجتماعی چه فایده‌ای دارد؟","حل بهتر مسائل مشترک","حذف مسئولیت","بی‌نیازی از قانون","افزایش قطعی تعارض","A","سؤال تألیفی تشخیصی برای ارزیابی اولیه؛ جایگزین پوشش فصل‌به‌فصل کتاب درسی نیست.","ترنم همدلی","original","1405"
"یازدهم","تجربی","تاریخ معاصر ایران","تاریخ معاصر ایران","آزمون جامع","ارزیابی پایه","هسته ۱۰ سوالی","متوسط","توسعه پایدار بر چه چیزی تأکید دارد؟","توجه به نیاز امروز و آینده","مصرف بی‌حد","حذف طبیعت","نادیده گرفتن نسل آینده","A","سؤال تألیفی تشخیصی برای ارزیابی اولیه؛ جایگزین پوشش فصل‌به‌فصل کتاب درسی نیست.","ترنم همدلی","original","1405"
"یازدهم","تجربی","تاریخ معاصر ایران","تاریخ معاصر ایران","آزمون جامع","ارزیابی پایه","هسته ۱۰ سوالی","متوسط","پدیده‌های اجتماعی را بهتر است چگونه بررسی کرد؟","با مفهوم، شواهد و توجه به زمینه","با یک شایعه","با حدس تنها","بدون داده","A","سؤال تألیفی تشخیصی برای ارزیابی اولیه؛ جایگزین پوشش فصل‌به‌فصل کتاب درسی نیست.","ترنم همدلی","original","1405"
"یازدهم","انسانی","تاریخ معاصر ایران","تاریخ معاصر ایران","آزمون جامع","ارزیابی پایه","هسته ۱۰ سوالی","متوسط","قانون چه نقشی دارد؟","تنظیم روابط و حقوق","ایجاد بی‌نظمی","حذف مسئولیت","تغییر آب‌وهوا","A","سؤال تألیفی تشخیصی برای ارزیابی اولیه؛ جایگزین پوشش فصل‌به‌فصل کتاب درسی نیست.","ترنم همدلی","original","1405"
"یازدهم","انسانی","تاریخ معاصر ایران","تاریخ معاصر ایران","آزمون جامع","ارزیابی پایه","هسته ۱۰ سوالی","متوسط","شهروند مسئول چه می‌کند؟","حقوق دیگران و وظایف خود را رعایت می‌کند","قانون را نادیده می‌گیرد","فقط مطالبه می‌کند","به محیط آسیب می‌زند","A","سؤال تألیفی تشخیصی برای ارزیابی اولیه؛ جایگزین پوشش فصل‌به‌فصل کتاب درسی نیست.","ترنم همدلی","original","1405"
"یازدهم","انسانی","تاریخ معاصر ایران","تاریخ معاصر ایران","آزمون جامع","ارزیابی پایه","هسته ۱۰ سوالی","متوسط","نقشه برای چه مفید است؟","نمایش موقعیت‌های مکانی","اندازه‌گیری دما","تشخیص صدا","محاسبه سن","A","سؤال تألیفی تشخیصی برای ارزیابی اولیه؛ جایگزین پوشش فصل‌به‌فصل کتاب درسی نیست.","ترنم همدلی","original","1405"
"یازدهم","انسانی","تاریخ معاصر ایران","تاریخ معاصر ایران","آزمون جامع","ارزیابی پایه","هسته ۱۰ سوالی","متوسط","منبع تاریخی چه فایده‌ای دارد؟","شواهدی برای شناخت گذشته فراهم می‌کند","همیشه قطعی است","فقط سرگرمی است","هیچ ارزشی ندارد","A","سؤال تألیفی تشخیصی برای ارزیابی اولیه؛ جایگزین پوشش فصل‌به‌فصل کتاب درسی نیست.","ترنم همدلی","original","1405"
"یازدهم","انسانی","تاریخ معاصر ایران","تاریخ معاصر ایران","آزمون جامع","ارزیابی پایه","هسته ۱۰ سوالی","متوسط","فرهنگ شامل چیست؟","ارزش‌ها، هنجارها و نمادها","فقط ساختمان","فقط پول","فقط آب‌وهوا","A","سؤال تألیفی تشخیصی برای ارزیابی اولیه؛ جایگزین پوشش فصل‌به‌فصل کتاب درسی نیست.","ترنم همدلی","original","1405"
"یازدهم","انسانی","تاریخ معاصر ایران","تاریخ معاصر ایران","آزمون جامع","ارزیابی پایه","هسته ۱۰ سوالی","متوسط","جمعیت یعنی چه؟","تعداد افراد یک محدوده","تعداد ساختمان","مساحت کشور","تعداد رودها","A","سؤال تألیفی تشخیصی برای ارزیابی اولیه؛ جایگزین پوشش فصل‌به‌فصل کتاب درسی نیست.","ترنم همدلی","original","1405"
"یازدهم","انسانی","تاریخ معاصر ایران","تاریخ معاصر ایران","آزمون جامع","ارزیابی پایه","هسته ۱۰ سوالی","متوسط","مهاجرت چیست؟","جابه‌جایی افراد برای سکونت","تغییر فصل","حرکت زمین","تغییر زبان","A","سؤال تألیفی تشخیصی برای ارزیابی اولیه؛ جایگزین پوشش فصل‌به‌فصل کتاب درسی نیست.","ترنم همدلی","original","1405"
"یازدهم","انسانی","تاریخ معاصر ایران","تاریخ معاصر ایران","آزمون جامع","ارزیابی پایه","هسته ۱۰ سوالی","متوسط","همکاری اجتماعی چه فایده‌ای دارد؟","حل بهتر مسائل مشترک","حذف مسئولیت","بی‌نیازی از قانون","افزایش قطعی تعارض","A","سؤال تألیفی تشخیصی برای ارزیابی اولیه؛ جایگزین پوشش فصل‌به‌فصل کتاب درسی نیست.","ترنم همدلی","original","1405"
"یازدهم","انسانی","تاریخ معاصر ایران","تاریخ معاصر ایران","آزمون جامع","ارزیابی پایه","هسته ۱۰ سوالی","متوسط","توسعه پایدار بر چه چیزی تأکید دارد؟","توجه به نیاز امروز و آینده","مصرف بی‌حد","حذف طبیعت","نادیده گرفتن نسل آینده","A","سؤال تألیفی تشخیصی برای ارزیابی اولیه؛ جایگزین پوشش فصل‌به‌فصل کتاب درسی نیست.","ترنم همدلی","original","1405"
"یازدهم","انسانی","تاریخ معاصر ایران","تاریخ معاصر ایران","آزمون جامع","ارزیابی پایه","هسته ۱۰ سوالی","متوسط","پدیده‌های اجتماعی را بهتر است چگونه بررسی کرد؟","با مفهوم، شواهد و توجه به زمینه","با یک شایعه","با حدس تنها","بدون داده","A","سؤال تألیفی تشخیصی برای ارزیابی اولیه؛ جایگزین پوشش فصل‌به‌فصل کتاب درسی نیست.","ترنم همدلی","original","1405"
"یازدهم","ریاضی","انسان و محیط زیست","انسان و محیط زیست","آزمون جامع","ارزیابی پایه","هسته ۱۰ سوالی","متوسط","یاخته چیست؟","واحد بنیادی ساختار و کارکرد جانداران","اندام","بافت فقط","ماده معدنی","A","سؤال تألیفی تشخیصی برای ارزیابی اولیه؛ جایگزین پوشش فصل‌به‌فصل کتاب درسی نیست.","ترنم همدلی","original","1405"
"یازدهم","ریاضی","انسان و محیط زیست","انسان و محیط زیست","آزمون جامع","ارزیابی پایه","هسته ۱۰ سوالی","متوسط","DNA چه نقشی دارد؟","حمل اطلاعات ژنتیکی","هضم غذا","انتقال اکسیژن","تولید صدا","A","سؤال تألیفی تشخیصی برای ارزیابی اولیه؛ جایگزین پوشش فصل‌به‌فصل کتاب درسی نیست.","ترنم همدلی","original","1405"
"یازدهم","ریاضی","انسان و محیط زیست","انسان و محیط زیست","آزمون جامع","ارزیابی پایه","هسته ۱۰ سوالی","متوسط","ژن چیست؟","بخشی از DNA مرتبط با اطلاعات وراثتی","بافت","اندام","هورمون","A","سؤال تألیفی تشخیصی برای ارزیابی اولیه؛ جایگزین پوشش فصل‌به‌فصل کتاب درسی نیست.","ترنم همدلی","original","1405"
"یازدهم","ریاضی","انسان و محیط زیست","انسان و محیط زیست","آزمون جامع","ارزیابی پایه","هسته ۱۰ سوالی","متوسط","بافت چیست؟","مجموعه‌ای از سلول‌های مرتبط با کار مشترک","مولکول","دستگاه فقط","ماده معدنی","A","سؤال تألیفی تشخیصی برای ارزیابی اولیه؛ جایگزین پوشش فصل‌به‌فصل کتاب درسی نیست.","ترنم همدلی","original","1405"
"یازدهم","ریاضی","انسان و محیط زیست","انسان و محیط زیست","آزمون جامع","ارزیابی پایه","هسته ۱۰ سوالی","متوسط","تبادل گازها در شش عمدتاً کجا رخ می‌دهد؟","حبابک‌ها","نای","حنجره","مری","A","سؤال تألیفی تشخیصی برای ارزیابی اولیه؛ جایگزین پوشش فصل‌به‌فصل کتاب درسی نیست.","ترنم همدلی","original","1405"
"یازدهم","ریاضی","انسان و محیط زیست","انسان و محیط زیست","آزمون جامع","ارزیابی پایه","هسته ۱۰ سوالی","متوسط","گلبول قرمز چه نقشی دارد؟","حمل اکسیژن در خون","هضم غذا","تولید هورمون","انتقال پیام عصبی","A","سؤال تألیفی تشخیصی برای ارزیابی اولیه؛ جایگزین پوشش فصل‌به‌فصل کتاب درسی نیست.","ترنم همدلی","original","1405"
"یازدهم","ریاضی","انسان و محیط زیست","انسان و محیط زیست","آزمون جامع","ارزیابی پایه","هسته ۱۰ سوالی","متوسط","دستگاه گوارش چه کاری انجام می‌دهد؟","هضم و جذب مواد غذایی","تولید صدا","تنظیم نور","حرکت استخوان","A","سؤال تألیفی تشخیصی برای ارزیابی اولیه؛ جایگزین پوشش فصل‌به‌فصل کتاب درسی نیست.","ترنم همدلی","original","1405"
"یازدهم","ریاضی","انسان و محیط زیست","انسان و محیط زیست","آزمون جامع","ارزیابی پایه","هسته ۱۰ سوالی","متوسط","اکوسیستم شامل چیست؟","جانداران و عوامل غیرزنده مرتبط","فقط حیوانات","فقط گیاهان","فقط آب","A","سؤال تألیفی تشخیصی برای ارزیابی اولیه؛ جایگزین پوشش فصل‌به‌فصل کتاب درسی نیست.","ترنم همدلی","original","1405"
"یازدهم","ریاضی","انسان و محیط زیست","انسان و محیط زیست","آزمون جامع","ارزیابی پایه","هسته ۱۰ سوالی","متوسط","هومئوستازی یعنی چه؟","حفظ نسبتاً پایدار شرایط داخلی بدن","رشد قد","حرکت","تغییر فصل","A","سؤال تألیفی تشخیصی برای ارزیابی اولیه؛ جایگزین پوشش فصل‌به‌فصل کتاب درسی نیست.","ترنم همدلی","original","1405"
"یازدهم","ریاضی","انسان و محیط زیست","انسان و محیط زیست","آزمون جامع","ارزیابی پایه","هسته ۱۰ سوالی","متوسط","انتخاب طبیعی با چه مفهومی مرتبط است؟","تفاوت بقا و تولیدمثل در شرایط محیطی","یادگیری مهارت","تغییر هوا","تقسیم سلول فقط","A","سؤال تألیفی تشخیصی برای ارزیابی اولیه؛ جایگزین پوشش فصل‌به‌فصل کتاب درسی نیست.","ترنم همدلی","original","1405"
"یازدهم","تجربی","انسان و محیط زیست","انسان و محیط زیست","آزمون جامع","ارزیابی پایه","هسته ۱۰ سوالی","متوسط","یاخته چیست؟","واحد بنیادی ساختار و کارکرد جانداران","اندام","بافت فقط","ماده معدنی","A","سؤال تألیفی تشخیصی برای ارزیابی اولیه؛ جایگزین پوشش فصل‌به‌فصل کتاب درسی نیست.","ترنم همدلی","original","1405"
"یازدهم","تجربی","انسان و محیط زیست","انسان و محیط زیست","آزمون جامع","ارزیابی پایه","هسته ۱۰ سوالی","متوسط","DNA چه نقشی دارد؟","حمل اطلاعات ژنتیکی","هضم غذا","انتقال اکسیژن","تولید صدا","A","سؤال تألیفی تشخیصی برای ارزیابی اولیه؛ جایگزین پوشش فصل‌به‌فصل کتاب درسی نیست.","ترنم همدلی","original","1405"
"یازدهم","تجربی","انسان و محیط زیست","انسان و محیط زیست","آزمون جامع","ارزیابی پایه","هسته ۱۰ سوالی","متوسط","ژن چیست؟","بخشی از DNA مرتبط با اطلاعات وراثتی","بافت","اندام","هورمون","A","سؤال تألیفی تشخیصی برای ارزیابی اولیه؛ جایگزین پوشش فصل‌به‌فصل کتاب درسی نیست.","ترنم همدلی","original","1405"
"یازدهم","تجربی","انسان و محیط زیست","انسان و محیط زیست","آزمون جامع","ارزیابی پایه","هسته ۱۰ سوالی","متوسط","بافت چیست؟","مجموعه‌ای از سلول‌های مرتبط با کار مشترک","مولکول","دستگاه فقط","ماده معدنی","A","سؤال تألیفی تشخیصی برای ارزیابی اولیه؛ جایگزین پوشش فصل‌به‌فصل کتاب درسی نیست.","ترنم همدلی","original","1405"
"یازدهم","تجربی","انسان و محیط زیست","انسان و محیط زیست","آزمون جامع","ارزیابی پایه","هسته ۱۰ سوالی","متوسط","تبادل گازها در شش عمدتاً کجا رخ می‌دهد؟","حبابک‌ها","نای","حنجره","مری","A","سؤال تألیفی تشخیصی برای ارزیابی اولیه؛ جایگزین پوشش فصل‌به‌فصل کتاب درسی نیست.","ترنم همدلی","original","1405"
"یازدهم","تجربی","انسان و محیط زیست","انسان و محیط زیست","آزمون جامع","ارزیابی پایه","هسته ۱۰ سوالی","متوسط","گلبول قرمز چه نقشی دارد؟","حمل اکسیژن در خون","هضم غذا","تولید هورمون","انتقال پیام عصبی","A","سؤال تألیفی تشخیصی برای ارزیابی اولیه؛ جایگزین پوشش فصل‌به‌فصل کتاب درسی نیست.","ترنم همدلی","original","1405"
"یازدهم","تجربی","انسان و محیط زیست","انسان و محیط زیست","آزمون جامع","ارزیابی پایه","هسته ۱۰ سوالی","متوسط","دستگاه گوارش چه کاری انجام می‌دهد؟","هضم و جذب مواد غذایی","تولید صدا","تنظیم نور","حرکت استخوان","A","سؤال تألیفی تشخیصی برای ارزیابی اولیه؛ جایگزین پوشش فصل‌به‌فصل کتاب درسی نیست.","ترنم همدلی","original","1405"
"یازدهم","تجربی","انسان و محیط زیست","انسان و محیط زیست","آزمون جامع","ارزیابی پایه","هسته ۱۰ سوالی","متوسط","اکوسیستم شامل چیست؟","جانداران و عوامل غیرزنده مرتبط","فقط حیوانات","فقط گیاهان","فقط آب","A","سؤال تألیفی تشخیصی برای ارزیابی اولیه؛ جایگزین پوشش فصل‌به‌فصل کتاب درسی نیست.","ترنم همدلی","original","1405"
"یازدهم","تجربی","انسان و محیط زیست","انسان و محیط زیست","آزمون جامع","ارزیابی پایه","هسته ۱۰ سوالی","متوسط","هومئوستازی یعنی چه؟","حفظ نسبتاً پایدار شرایط داخلی بدن","رشد قد","حرکت","تغییر فصل","A","سؤال تألیفی تشخیصی برای ارزیابی اولیه؛ جایگزین پوشش فصل‌به‌فصل کتاب درسی نیست.","ترنم همدلی","original","1405"
"یازدهم","تجربی","انسان و محیط زیست","انسان و محیط زیست","آزمون جامع","ارزیابی پایه","هسته ۱۰ سوالی","متوسط","انتخاب طبیعی با چه مفهومی مرتبط است؟","تفاوت بقا و تولیدمثل در شرایط محیطی","یادگیری مهارت","تغییر هوا","تقسیم سلول فقط","A","سؤال تألیفی تشخیصی برای ارزیابی اولیه؛ جایگزین پوشش فصل‌به‌فصل کتاب درسی نیست.","ترنم همدلی","original","1405"
"یازدهم","انسانی","انسان و محیط زیست","انسان و محیط زیست","آزمون جامع","ارزیابی پایه","هسته ۱۰ سوالی","متوسط","یاخته چیست؟","واحد بنیادی ساختار و کارکرد جانداران","اندام","بافت فقط","ماده معدنی","A","سؤال تألیفی تشخیصی برای ارزیابی اولیه؛ جایگزین پوشش فصل‌به‌فصل کتاب درسی نیست.","ترنم همدلی","original","1405"
"یازدهم","انسانی","انسان و محیط زیست","انسان و محیط زیست","آزمون جامع","ارزیابی پایه","هسته ۱۰ سوالی","متوسط","DNA چه نقشی دارد؟","حمل اطلاعات ژنتیکی","هضم غذا","انتقال اکسیژن","تولید صدا","A","سؤال تألیفی تشخیصی برای ارزیابی اولیه؛ جایگزین پوشش فصل‌به‌فصل کتاب درسی نیست.","ترنم همدلی","original","1405"
"یازدهم","انسانی","انسان و محیط زیست","انسان و محیط زیست","آزمون جامع","ارزیابی پایه","هسته ۱۰ سوالی","متوسط","ژن چیست؟","بخشی از DNA مرتبط با اطلاعات وراثتی","بافت","اندام","هورمون","A","سؤال تألیفی تشخیصی برای ارزیابی اولیه؛ جایگزین پوشش فصل‌به‌فصل کتاب درسی نیست.","ترنم همدلی","original","1405"
"یازدهم","انسانی","انسان و محیط زیست","انسان و محیط زیست","آزمون جامع","ارزیابی پایه","هسته ۱۰ سوالی","متوسط","بافت چیست؟","مجموعه‌ای از سلول‌های مرتبط با کار مشترک","مولکول","دستگاه فقط","ماده معدنی","A","سؤال تألیفی تشخیصی برای ارزیابی اولیه؛ جایگزین پوشش فصل‌به‌فصل کتاب درسی نیست.","ترنم همدلی","original","1405"
"یازدهم","انسانی","انسان و محیط زیست","انسان و محیط زیست","آزمون جامع","ارزیابی پایه","هسته ۱۰ سوالی","متوسط","تبادل گازها در شش عمدتاً کجا رخ می‌دهد؟","حبابک‌ها","نای","حنجره","مری","A","سؤال تألیفی تشخیصی برای ارزیابی اولیه؛ جایگزین پوشش فصل‌به‌فصل کتاب درسی نیست.","ترنم همدلی","original","1405"
"یازدهم","انسانی","انسان و محیط زیست","انسان و محیط زیست","آزمون جامع","ارزیابی پایه","هسته ۱۰ سوالی","متوسط","گلبول قرمز چه نقشی دارد؟","حمل اکسیژن در خون","هضم غذا","تولید هورمون","انتقال پیام عصبی","A","سؤال تألیفی تشخیصی برای ارزیابی اولیه؛ جایگزین پوشش فصل‌به‌فصل کتاب درسی نیست.","ترنم همدلی","original","1405"
"یازدهم","انسانی","انسان و محیط زیست","انسان و محیط زیست","آزمون جامع","ارزیابی پایه","هسته ۱۰ سوالی","متوسط","دستگاه گوارش چه کاری انجام می‌دهد؟","هضم و جذب مواد غذایی","تولید صدا","تنظیم نور","حرکت استخوان","A","سؤال تألیفی تشخیصی برای ارزیابی اولیه؛ جایگزین پوشش فصل‌به‌فصل کتاب درسی نیست.","ترنم همدلی","original","1405"
"یازدهم","انسانی","انسان و محیط زیست","انسان و محیط زیست","آزمون جامع","ارزیابی پایه","هسته ۱۰ سوالی","متوسط","اکوسیستم شامل چیست؟","جانداران و عوامل غیرزنده مرتبط","فقط حیوانات","فقط گیاهان","فقط آب","A","سؤال تألیفی تشخیصی برای ارزیابی اولیه؛ جایگزین پوشش فصل‌به‌فصل کتاب درسی نیست.","ترنم همدلی","original","1405"
"یازدهم","انسانی","انسان و محیط زیست","انسان و محیط زیست","آزمون جامع","ارزیابی پایه","هسته ۱۰ سوالی","متوسط","هومئوستازی یعنی چه؟","حفظ نسبتاً پایدار شرایط داخلی بدن","رشد قد","حرکت","تغییر فصل","A","سؤال تألیفی تشخیصی برای ارزیابی اولیه؛ جایگزین پوشش فصل‌به‌فصل کتاب درسی نیست.","ترنم همدلی","original","1405"
"یازدهم","انسانی","انسان و محیط زیست","انسان و محیط زیست","آزمون جامع","ارزیابی پایه","هسته ۱۰ سوالی","متوسط","انتخاب طبیعی با چه مفهومی مرتبط است؟","تفاوت بقا و تولیدمثل در شرایط محیطی","یادگیری مهارت","تغییر هوا","تقسیم سلول فقط","A","سؤال تألیفی تشخیصی برای ارزیابی اولیه؛ جایگزین پوشش فصل‌به‌فصل کتاب درسی نیست.","ترنم همدلی","original","1405"
"دوازدهم","ریاضی","فارسی","فارسی","آزمون جامع","ارزیابی پایه","هسته ۱۰ سوالی","متوسط","درک متن بیشتر به چه نیاز دارد؟","توجه به واژه‌ها و ارتباط جمله‌ها","حفظ عنوان","شمردن کلمات","حذف مثال‌ها","A","سؤال تألیفی تشخیصی برای ارزیابی اولیه؛ جایگزین پوشش فصل‌به‌فصل کتاب درسی نیست.","ترنم همدلی","original","1405"
"دوازدهم","ریاضی","فارسی","فارسی","آزمون جامع","ارزیابی پایه","هسته ۱۰ سوالی","متوسط","واژه مترادف چیست؟","واژه هم‌معنی یا نزدیک‌معنی","واژه مخالف","واژه بی‌معنا","عدد","A","سؤال تألیفی تشخیصی برای ارزیابی اولیه؛ جایگزین پوشش فصل‌به‌فصل کتاب درسی نیست.","ترنم همدلی","original","1405"
"دوازدهم","ریاضی","فارسی","فارسی","آزمون جامع","ارزیابی پایه","هسته ۱۰ سوالی","متوسط","فعل معمولاً چه چیزی را نشان می‌دهد؟","کار یا حالت","رنگ","تعداد صفحات","علامت سؤال","A","سؤال تألیفی تشخیصی برای ارزیابی اولیه؛ جایگزین پوشش فصل‌به‌فصل کتاب درسی نیست.","ترنم همدلی","original","1405"
"دوازدهم","ریاضی","فارسی","فارسی","آزمون جامع","ارزیابی پایه","هسته ۱۰ سوالی","متوسط","عنوان مناسب چه ویژگی دارد؟","با محتوای متن ارتباط دارد","کاملاً بی‌ربط است","همیشه طولانی است","فقط عدد است","A","سؤال تألیفی تشخیصی برای ارزیابی اولیه؛ جایگزین پوشش فصل‌به‌فصل کتاب درسی نیست.","ترنم همدلی","original","1405"
"دوازدهم","ریاضی","فارسی","فارسی","آزمون جامع","ارزیابی پایه","هسته ۱۰ سوالی","متوسط","بازبینی نوشته برای چیست؟","اصلاح محتوا و نگارش","حذف همه جمله‌ها","افزایش خطا","تغییر واقعیت","A","سؤال تألیفی تشخیصی برای ارزیابی اولیه؛ جایگزین پوشش فصل‌به‌فصل کتاب درسی نیست.","ترنم همدلی","original","1405"
"دوازدهم","ریاضی","فارسی","فارسی","آزمون جامع","ارزیابی پایه","هسته ۱۰ سوالی","متوسط","پاراگراف معمولاً حول چه چیزی شکل می‌گیرد؟","یک ایده اصلی","واژه‌های تصادفی","یک علامت","یک عدد","A","سؤال تألیفی تشخیصی برای ارزیابی اولیه؛ جایگزین پوشش فصل‌به‌فصل کتاب درسی نیست.","ترنم همدلی","original","1405"
"دوازدهم","ریاضی","فارسی","فارسی","آزمون جامع","ارزیابی پایه","هسته ۱۰ سوالی","متوسط","علائم نگارشی چه کمکی می‌کنند؟","خوانایی و فهم ساختار متن","حذف معنا","تغییر موضوع","افزایش ابهام","A","سؤال تألیفی تشخیصی برای ارزیابی اولیه؛ جایگزین پوشش فصل‌به‌فصل کتاب درسی نیست.","ترنم همدلی","original","1405"
"دوازدهم","ریاضی","فارسی","فارسی","آزمون جامع","ارزیابی پایه","هسته ۱۰ سوالی","متوسط","تشبیه چه کاربردی دارد؟","بیان هنری شباهت میان دو چیز","اندازه‌گیری","حل معادله","ثبت تاریخ","A","سؤال تألیفی تشخیصی برای ارزیابی اولیه؛ جایگزین پوشش فصل‌به‌فصل کتاب درسی نیست.","ترنم همدلی","original","1405"
"دوازدهم","ریاضی","فارسی","فارسی","آزمون جامع","ارزیابی پایه","هسته ۱۰ سوالی","متوسط","خواندن فعال یعنی چه؟","پرسش، ارتباط و بررسی مفهوم","فقط سریع خواندن","حفظ بدون درک","نادیده گرفتن عنوان","A","سؤال تألیفی تشخیصی برای ارزیابی اولیه؛ جایگزین پوشش فصل‌به‌فصل کتاب درسی نیست.","ترنم همدلی","original","1405"
"دوازدهم","ریاضی","فارسی","فارسی","آزمون جامع","ارزیابی پایه","هسته ۱۰ سوالی","متوسط","نوشتن منظم چه فایده‌ای دارد؟","انتقال روشن‌تر ایده‌ها","افزایش ابهام","حذف ارتباط","کاهش خوانایی","A","سؤال تألیفی تشخیصی برای ارزیابی اولیه؛ جایگزین پوشش فصل‌به‌فصل کتاب درسی نیست.","ترنم همدلی","original","1405"
"دوازدهم","تجربی","فارسی","فارسی","آزمون جامع","ارزیابی پایه","هسته ۱۰ سوالی","متوسط","درک متن بیشتر به چه نیاز دارد؟","توجه به واژه‌ها و ارتباط جمله‌ها","حفظ عنوان","شمردن کلمات","حذف مثال‌ها","A","سؤال تألیفی تشخیصی برای ارزیابی اولیه؛ جایگزین پوشش فصل‌به‌فصل کتاب درسی نیست.","ترنم همدلی","original","1405"
"دوازدهم","تجربی","فارسی","فارسی","آزمون جامع","ارزیابی پایه","هسته ۱۰ سوالی","متوسط","واژه مترادف چیست؟","واژه هم‌معنی یا نزدیک‌معنی","واژه مخالف","واژه بی‌معنا","عدد","A","سؤال تألیفی تشخیصی برای ارزیابی اولیه؛ جایگزین پوشش فصل‌به‌فصل کتاب درسی نیست.","ترنم همدلی","original","1405"
"دوازدهم","تجربی","فارسی","فارسی","آزمون جامع","ارزیابی پایه","هسته ۱۰ سوالی","متوسط","فعل معمولاً چه چیزی را نشان می‌دهد؟","کار یا حالت","رنگ","تعداد صفحات","علامت سؤال","A","سؤال تألیفی تشخیصی برای ارزیابی اولیه؛ جایگزین پوشش فصل‌به‌فصل کتاب درسی نیست.","ترنم همدلی","original","1405"
"دوازدهم","تجربی","فارسی","فارسی","آزمون جامع","ارزیابی پایه","هسته ۱۰ سوالی","متوسط","عنوان مناسب چه ویژگی دارد؟","با محتوای متن ارتباط دارد","کاملاً بی‌ربط است","همیشه طولانی است","فقط عدد است","A","سؤال تألیفی تشخیصی برای ارزیابی اولیه؛ جایگزین پوشش فصل‌به‌فصل کتاب درسی نیست.","ترنم همدلی","original","1405"
"دوازدهم","تجربی","فارسی","فارسی","آزمون جامع","ارزیابی پایه","هسته ۱۰ سوالی","متوسط","بازبینی نوشته برای چیست؟","اصلاح محتوا و نگارش","حذف همه جمله‌ها","افزایش خطا","تغییر واقعیت","A","سؤال تألیفی تشخیصی برای ارزیابی اولیه؛ جایگزین پوشش فصل‌به‌فصل کتاب درسی نیست.","ترنم همدلی","original","1405"
"دوازدهم","تجربی","فارسی","فارسی","آزمون جامع","ارزیابی پایه","هسته ۱۰ سوالی","متوسط","پاراگراف معمولاً حول چه چیزی شکل می‌گیرد؟","یک ایده اصلی","واژه‌های تصادفی","یک علامت","یک عدد","A","سؤال تألیفی تشخیصی برای ارزیابی اولیه؛ جایگزین پوشش فصل‌به‌فصل کتاب درسی نیست.","ترنم همدلی","original","1405"
"دوازدهم","تجربی","فارسی","فارسی","آزمون جامع","ارزیابی پایه","هسته ۱۰ سوالی","متوسط","علائم نگارشی چه کمکی می‌کنند؟","خوانایی و فهم ساختار متن","حذف معنا","تغییر موضوع","افزایش ابهام","A","سؤال تألیفی تشخیصی برای ارزیابی اولیه؛ جایگزین پوشش فصل‌به‌فصل کتاب درسی نیست.","ترنم همدلی","original","1405"
"دوازدهم","تجربی","فارسی","فارسی","آزمون جامع","ارزیابی پایه","هسته ۱۰ سوالی","متوسط","تشبیه چه کاربردی دارد؟","بیان هنری شباهت میان دو چیز","اندازه‌گیری","حل معادله","ثبت تاریخ","A","سؤال تألیفی تشخیصی برای ارزیابی اولیه؛ جایگزین پوشش فصل‌به‌فصل کتاب درسی نیست.","ترنم همدلی","original","1405"
"دوازدهم","تجربی","فارسی","فارسی","آزمون جامع","ارزیابی پایه","هسته ۱۰ سوالی","متوسط","خواندن فعال یعنی چه؟","پرسش، ارتباط و بررسی مفهوم","فقط سریع خواندن","حفظ بدون درک","نادیده گرفتن عنوان","A","سؤال تألیفی تشخیصی برای ارزیابی اولیه؛ جایگزین پوشش فصل‌به‌فصل کتاب درسی نیست.","ترنم همدلی","original","1405"
"دوازدهم","تجربی","فارسی","فارسی","آزمون جامع","ارزیابی پایه","هسته ۱۰ سوالی","متوسط","نوشتن منظم چه فایده‌ای دارد؟","انتقال روشن‌تر ایده‌ها","افزایش ابهام","حذف ارتباط","کاهش خوانایی","A","سؤال تألیفی تشخیصی برای ارزیابی اولیه؛ جایگزین پوشش فصل‌به‌فصل کتاب درسی نیست.","ترنم همدلی","original","1405"
"دوازدهم","انسانی","فارسی","فارسی","آزمون جامع","ارزیابی پایه","هسته ۱۰ سوالی","متوسط","درک متن بیشتر به چه نیاز دارد؟","توجه به واژه‌ها و ارتباط جمله‌ها","حفظ عنوان","شمردن کلمات","حذف مثال‌ها","A","سؤال تألیفی تشخیصی برای ارزیابی اولیه؛ جایگزین پوشش فصل‌به‌فصل کتاب درسی نیست.","ترنم همدلی","original","1405"
"دوازدهم","انسانی","فارسی","فارسی","آزمون جامع","ارزیابی پایه","هسته ۱۰ سوالی","متوسط","واژه مترادف چیست؟","واژه هم‌معنی یا نزدیک‌معنی","واژه مخالف","واژه بی‌معنا","عدد","A","سؤال تألیفی تشخیصی برای ارزیابی اولیه؛ جایگزین پوشش فصل‌به‌فصل کتاب درسی نیست.","ترنم همدلی","original","1405"
"دوازدهم","انسانی","فارسی","فارسی","آزمون جامع","ارزیابی پایه","هسته ۱۰ سوالی","متوسط","فعل معمولاً چه چیزی را نشان می‌دهد؟","کار یا حالت","رنگ","تعداد صفحات","علامت سؤال","A","سؤال تألیفی تشخیصی برای ارزیابی اولیه؛ جایگزین پوشش فصل‌به‌فصل کتاب درسی نیست.","ترنم همدلی","original","1405"
"دوازدهم","انسانی","فارسی","فارسی","آزمون جامع","ارزیابی پایه","هسته ۱۰ سوالی","متوسط","عنوان مناسب چه ویژگی دارد؟","با محتوای متن ارتباط دارد","کاملاً بی‌ربط است","همیشه طولانی است","فقط عدد است","A","سؤال تألیفی تشخیصی برای ارزیابی اولیه؛ جایگزین پوشش فصل‌به‌فصل کتاب درسی نیست.","ترنم همدلی","original","1405"
"دوازدهم","انسانی","فارسی","فارسی","آزمون جامع","ارزیابی پایه","هسته ۱۰ سوالی","متوسط","بازبینی نوشته برای چیست؟","اصلاح محتوا و نگارش","حذف همه جمله‌ها","افزایش خطا","تغییر واقعیت","A","سؤال تألیفی تشخیصی برای ارزیابی اولیه؛ جایگزین پوشش فصل‌به‌فصل کتاب درسی نیست.","ترنم همدلی","original","1405"
"دوازدهم","انسانی","فارسی","فارسی","آزمون جامع","ارزیابی پایه","هسته ۱۰ سوالی","متوسط","پاراگراف معمولاً حول چه چیزی شکل می‌گیرد؟","یک ایده اصلی","واژه‌های تصادفی","یک علامت","یک عدد","A","سؤال تألیفی تشخیصی برای ارزیابی اولیه؛ جایگزین پوشش فصل‌به‌فصل کتاب درسی نیست.","ترنم همدلی","original","1405"
"دوازدهم","انسانی","فارسی","فارسی","آزمون جامع","ارزیابی پایه","هسته ۱۰ سوالی","متوسط","علائم نگارشی چه کمکی می‌کنند؟","خوانایی و فهم ساختار متن","حذف معنا","تغییر موضوع","افزایش ابهام","A","سؤال تألیفی تشخیصی برای ارزیابی اولیه؛ جایگزین پوشش فصل‌به‌فصل کتاب درسی نیست.","ترنم همدلی","original","1405"
"دوازدهم","انسانی","فارسی","فارسی","آزمون جامع","ارزیابی پایه","هسته ۱۰ سوالی","متوسط","تشبیه چه کاربردی دارد؟","بیان هنری شباهت میان دو چیز","اندازه‌گیری","حل معادله","ثبت تاریخ","A","سؤال تألیفی تشخیصی برای ارزیابی اولیه؛ جایگزین پوشش فصل‌به‌فصل کتاب درسی نیست.","ترنم همدلی","original","1405"
"دوازدهم","انسانی","فارسی","فارسی","آزمون جامع","ارزیابی پایه","هسته ۱۰ سوالی","متوسط","خواندن فعال یعنی چه؟","پرسش، ارتباط و بررسی مفهوم","فقط سریع خواندن","حفظ بدون درک","نادیده گرفتن عنوان","A","سؤال تألیفی تشخیصی برای ارزیابی اولیه؛ جایگزین پوشش فصل‌به‌فصل کتاب درسی نیست.","ترنم همدلی","original","1405"
"دوازدهم","انسانی","فارسی","فارسی","آزمون جامع","ارزیابی پایه","هسته ۱۰ سوالی","متوسط","نوشتن منظم چه فایده‌ای دارد؟","انتقال روشن‌تر ایده‌ها","افزایش ابهام","حذف ارتباط","کاهش خوانایی","A","سؤال تألیفی تشخیصی برای ارزیابی اولیه؛ جایگزین پوشش فصل‌به‌فصل کتاب درسی نیست.","ترنم همدلی","original","1405"
"دوازدهم","ریاضی","نگارش","نگارش","آزمون جامع","ارزیابی پایه","هسته ۱۰ سوالی","متوسط","درک متن بیشتر به چه نیاز دارد؟","توجه به واژه‌ها و ارتباط جمله‌ها","حفظ عنوان","شمردن کلمات","حذف مثال‌ها","A","سؤال تألیفی تشخیصی برای ارزیابی اولیه؛ جایگزین پوشش فصل‌به‌فصل کتاب درسی نیست.","ترنم همدلی","original","1405"
"دوازدهم","ریاضی","نگارش","نگارش","آزمون جامع","ارزیابی پایه","هسته ۱۰ سوالی","متوسط","واژه مترادف چیست؟","واژه هم‌معنی یا نزدیک‌معنی","واژه مخالف","واژه بی‌معنا","عدد","A","سؤال تألیفی تشخیصی برای ارزیابی اولیه؛ جایگزین پوشش فصل‌به‌فصل کتاب درسی نیست.","ترنم همدلی","original","1405"
"دوازدهم","ریاضی","نگارش","نگارش","آزمون جامع","ارزیابی پایه","هسته ۱۰ سوالی","متوسط","فعل معمولاً چه چیزی را نشان می‌دهد؟","کار یا حالت","رنگ","تعداد صفحات","علامت سؤال","A","سؤال تألیفی تشخیصی برای ارزیابی اولیه؛ جایگزین پوشش فصل‌به‌فصل کتاب درسی نیست.","ترنم همدلی","original","1405"
"دوازدهم","ریاضی","نگارش","نگارش","آزمون جامع","ارزیابی پایه","هسته ۱۰ سوالی","متوسط","عنوان مناسب چه ویژگی دارد؟","با محتوای متن ارتباط دارد","کاملاً بی‌ربط است","همیشه طولانی است","فقط عدد است","A","سؤال تألیفی تشخیصی برای ارزیابی اولیه؛ جایگزین پوشش فصل‌به‌فصل کتاب درسی نیست.","ترنم همدلی","original","1405"
"دوازدهم","ریاضی","نگارش","نگارش","آزمون جامع","ارزیابی پایه","هسته ۱۰ سوالی","متوسط","بازبینی نوشته برای چیست؟","اصلاح محتوا و نگارش","حذف همه جمله‌ها","افزایش خطا","تغییر واقعیت","A","سؤال تألیفی تشخیصی برای ارزیابی اولیه؛ جایگزین پوشش فصل‌به‌فصل کتاب درسی نیست.","ترنم همدلی","original","1405"
"دوازدهم","ریاضی","نگارش","نگارش","آزمون جامع","ارزیابی پایه","هسته ۱۰ سوالی","متوسط","پاراگراف معمولاً حول چه چیزی شکل می‌گیرد؟","یک ایده اصلی","واژه‌های تصادفی","یک علامت","یک عدد","A","سؤال تألیفی تشخیصی برای ارزیابی اولیه؛ جایگزین پوشش فصل‌به‌فصل کتاب درسی نیست.","ترنم همدلی","original","1405"
"دوازدهم","ریاضی","نگارش","نگارش","آزمون جامع","ارزیابی پایه","هسته ۱۰ سوالی","متوسط","علائم نگارشی چه کمکی می‌کنند؟","خوانایی و فهم ساختار متن","حذف معنا","تغییر موضوع","افزایش ابهام","A","سؤال تألیفی تشخیصی برای ارزیابی اولیه؛ جایگزین پوشش فصل‌به‌فصل کتاب درسی نیست.","ترنم همدلی","original","1405"
"دوازدهم","ریاضی","نگارش","نگارش","آزمون جامع","ارزیابی پایه","هسته ۱۰ سوالی","متوسط","تشبیه چه کاربردی دارد؟","بیان هنری شباهت میان دو چیز","اندازه‌گیری","حل معادله","ثبت تاریخ","A","سؤال تألیفی تشخیصی برای ارزیابی اولیه؛ جایگزین پوشش فصل‌به‌فصل کتاب درسی نیست.","ترنم همدلی","original","1405"
"دوازدهم","ریاضی","نگارش","نگارش","آزمون جامع","ارزیابی پایه","هسته ۱۰ سوالی","متوسط","خواندن فعال یعنی چه؟","پرسش، ارتباط و بررسی مفهوم","فقط سریع خواندن","حفظ بدون درک","نادیده گرفتن عنوان","A","سؤال تألیفی تشخیصی برای ارزیابی اولیه؛ جایگزین پوشش فصل‌به‌فصل کتاب درسی نیست.","ترنم همدلی","original","1405"
"دوازدهم","ریاضی","نگارش","نگارش","آزمون جامع","ارزیابی پایه","هسته ۱۰ سوالی","متوسط","نوشتن منظم چه فایده‌ای دارد؟","انتقال روشن‌تر ایده‌ها","افزایش ابهام","حذف ارتباط","کاهش خوانایی","A","سؤال تألیفی تشخیصی برای ارزیابی اولیه؛ جایگزین پوشش فصل‌به‌فصل کتاب درسی نیست.","ترنم همدلی","original","1405"
"دوازدهم","تجربی","نگارش","نگارش","آزمون جامع","ارزیابی پایه","هسته ۱۰ سوالی","متوسط","درک متن بیشتر به چه نیاز دارد؟","توجه به واژه‌ها و ارتباط جمله‌ها","حفظ عنوان","شمردن کلمات","حذف مثال‌ها","A","سؤال تألیفی تشخیصی برای ارزیابی اولیه؛ جایگزین پوشش فصل‌به‌فصل کتاب درسی نیست.","ترنم همدلی","original","1405"
"دوازدهم","تجربی","نگارش","نگارش","آزمون جامع","ارزیابی پایه","هسته ۱۰ سوالی","متوسط","واژه مترادف چیست؟","واژه هم‌معنی یا نزدیک‌معنی","واژه مخالف","واژه بی‌معنا","عدد","A","سؤال تألیفی تشخیصی برای ارزیابی اولیه؛ جایگزین پوشش فصل‌به‌فصل کتاب درسی نیست.","ترنم همدلی","original","1405"
"دوازدهم","تجربی","نگارش","نگارش","آزمون جامع","ارزیابی پایه","هسته ۱۰ سوالی","متوسط","فعل معمولاً چه چیزی را نشان می‌دهد؟","کار یا حالت","رنگ","تعداد صفحات","علامت سؤال","A","سؤال تألیفی تشخیصی برای ارزیابی اولیه؛ جایگزین پوشش فصل‌به‌فصل کتاب درسی نیست.","ترنم همدلی","original","1405"
"دوازدهم","تجربی","نگارش","نگارش","آزمون جامع","ارزیابی پایه","هسته ۱۰ سوالی","متوسط","عنوان مناسب چه ویژگی دارد؟","با محتوای متن ارتباط دارد","کاملاً بی‌ربط است","همیشه طولانی است","فقط عدد است","A","سؤال تألیفی تشخیصی برای ارزیابی اولیه؛ جایگزین پوشش فصل‌به‌فصل کتاب درسی نیست.","ترنم همدلی","original","1405"
"دوازدهم","تجربی","نگارش","نگارش","آزمون جامع","ارزیابی پایه","هسته ۱۰ سوالی","متوسط","بازبینی نوشته برای چیست؟","اصلاح محتوا و نگارش","حذف همه جمله‌ها","افزایش خطا","تغییر واقعیت","A","سؤال تألیفی تشخیصی برای ارزیابی اولیه؛ جایگزین پوشش فصل‌به‌فصل کتاب درسی نیست.","ترنم همدلی","original","1405"
"دوازدهم","تجربی","نگارش","نگارش","آزمون جامع","ارزیابی پایه","هسته ۱۰ سوالی","متوسط","پاراگراف معمولاً حول چه چیزی شکل می‌گیرد؟","یک ایده اصلی","واژه‌های تصادفی","یک علامت","یک عدد","A","سؤال تألیفی تشخیصی برای ارزیابی اولیه؛ جایگزین پوشش فصل‌به‌فصل کتاب درسی نیست.","ترنم همدلی","original","1405"
"دوازدهم","تجربی","نگارش","نگارش","آزمون جامع","ارزیابی پایه","هسته ۱۰ سوالی","متوسط","علائم نگارشی چه کمکی می‌کنند؟","خوانایی و فهم ساختار متن","حذف معنا","تغییر موضوع","افزایش ابهام","A","سؤال تألیفی تشخیصی برای ارزیابی اولیه؛ جایگزین پوشش فصل‌به‌فصل کتاب درسی نیست.","ترنم همدلی","original","1405"
"دوازدهم","تجربی","نگارش","نگارش","آزمون جامع","ارزیابی پایه","هسته ۱۰ سوالی","متوسط","تشبیه چه کاربردی دارد؟","بیان هنری شباهت میان دو چیز","اندازه‌گیری","حل معادله","ثبت تاریخ","A","سؤال تألیفی تشخیصی برای ارزیابی اولیه؛ جایگزین پوشش فصل‌به‌فصل کتاب درسی نیست.","ترنم همدلی","original","1405"
"دوازدهم","تجربی","نگارش","نگارش","آزمون جامع","ارزیابی پایه","هسته ۱۰ سوالی","متوسط","خواندن فعال یعنی چه؟","پرسش، ارتباط و بررسی مفهوم","فقط سریع خواندن","حفظ بدون درک","نادیده گرفتن عنوان","A","سؤال تألیفی تشخیصی برای ارزیابی اولیه؛ جایگزین پوشش فصل‌به‌فصل کتاب درسی نیست.","ترنم همدلی","original","1405"
"دوازدهم","تجربی","نگارش","نگارش","آزمون جامع","ارزیابی پایه","هسته ۱۰ سوالی","متوسط","نوشتن منظم چه فایده‌ای دارد؟","انتقال روشن‌تر ایده‌ها","افزایش ابهام","حذف ارتباط","کاهش خوانایی","A","سؤال تألیفی تشخیصی برای ارزیابی اولیه؛ جایگزین پوشش فصل‌به‌فصل کتاب درسی نیست.","ترنم همدلی","original","1405"
"دوازدهم","انسانی","نگارش","نگارش","آزمون جامع","ارزیابی پایه","هسته ۱۰ سوالی","متوسط","درک متن بیشتر به چه نیاز دارد؟","توجه به واژه‌ها و ارتباط جمله‌ها","حفظ عنوان","شمردن کلمات","حذف مثال‌ها","A","سؤال تألیفی تشخیصی برای ارزیابی اولیه؛ جایگزین پوشش فصل‌به‌فصل کتاب درسی نیست.","ترنم همدلی","original","1405"
"دوازدهم","انسانی","نگارش","نگارش","آزمون جامع","ارزیابی پایه","هسته ۱۰ سوالی","متوسط","واژه مترادف چیست؟","واژه هم‌معنی یا نزدیک‌معنی","واژه مخالف","واژه بی‌معنا","عدد","A","سؤال تألیفی تشخیصی برای ارزیابی اولیه؛ جایگزین پوشش فصل‌به‌فصل کتاب درسی نیست.","ترنم همدلی","original","1405"
"دوازدهم","انسانی","نگارش","نگارش","آزمون جامع","ارزیابی پایه","هسته ۱۰ سوالی","متوسط","فعل معمولاً چه چیزی را نشان می‌دهد؟","کار یا حالت","رنگ","تعداد صفحات","علامت سؤال","A","سؤال تألیفی تشخیصی برای ارزیابی اولیه؛ جایگزین پوشش فصل‌به‌فصل کتاب درسی نیست.","ترنم همدلی","original","1405"
"دوازدهم","انسانی","نگارش","نگارش","آزمون جامع","ارزیابی پایه","هسته ۱۰ سوالی","متوسط","عنوان مناسب چه ویژگی دارد؟","با محتوای متن ارتباط دارد","کاملاً بی‌ربط است","همیشه طولانی است","فقط عدد است","A","سؤال تألیفی تشخیصی برای ارزیابی اولیه؛ جایگزین پوشش فصل‌به‌فصل کتاب درسی نیست.","ترنم همدلی","original","1405"
"دوازدهم","انسانی","نگارش","نگارش","آزمون جامع","ارزیابی پایه","هسته ۱۰ سوالی","متوسط","بازبینی نوشته برای چیست؟","اصلاح محتوا و نگارش","حذف همه جمله‌ها","افزایش خطا","تغییر واقعیت","A","سؤال تألیفی تشخیصی برای ارزیابی اولیه؛ جایگزین پوشش فصل‌به‌فصل کتاب درسی نیست.","ترنم همدلی","original","1405"
"دوازدهم","انسانی","نگارش","نگارش","آزمون جامع","ارزیابی پایه","هسته ۱۰ سوالی","متوسط","پاراگراف معمولاً حول چه چیزی شکل می‌گیرد؟","یک ایده اصلی","واژه‌های تصادفی","یک علامت","یک عدد","A","سؤال تألیفی تشخیصی برای ارزیابی اولیه؛ جایگزین پوشش فصل‌به‌فصل کتاب درسی نیست.","ترنم همدلی","original","1405"
"دوازدهم","انسانی","نگارش","نگارش","آزمون جامع","ارزیابی پایه","هسته ۱۰ سوالی","متوسط","علائم نگارشی چه کمکی می‌کنند؟","خوانایی و فهم ساختار متن","حذف معنا","تغییر موضوع","افزایش ابهام","A","سؤال تألیفی تشخیصی برای ارزیابی اولیه؛ جایگزین پوشش فصل‌به‌فصل کتاب درسی نیست.","ترنم همدلی","original","1405"
"دوازدهم","انسانی","نگارش","نگارش","آزمون جامع","ارزیابی پایه","هسته ۱۰ سوالی","متوسط","تشبیه چه کاربردی دارد؟","بیان هنری شباهت میان دو چیز","اندازه‌گیری","حل معادله","ثبت تاریخ","A","سؤال تألیفی تشخیصی برای ارزیابی اولیه؛ جایگزین پوشش فصل‌به‌فصل کتاب درسی نیست.","ترنم همدلی","original","1405"
"دوازدهم","انسانی","نگارش","نگارش","آزمون جامع","ارزیابی پایه","هسته ۱۰ سوالی","متوسط","خواندن فعال یعنی چه؟","پرسش، ارتباط و بررسی مفهوم","فقط سریع خواندن","حفظ بدون درک","نادیده گرفتن عنوان","A","سؤال تألیفی تشخیصی برای ارزیابی اولیه؛ جایگزین پوشش فصل‌به‌فصل کتاب درسی نیست.","ترنم همدلی","original","1405"
"دوازدهم","انسانی","نگارش","نگارش","آزمون جامع","ارزیابی پایه","هسته ۱۰ سوالی","متوسط","نوشتن منظم چه فایده‌ای دارد؟","انتقال روشن‌تر ایده‌ها","افزایش ابهام","حذف ارتباط","کاهش خوانایی","A","سؤال تألیفی تشخیصی برای ارزیابی اولیه؛ جایگزین پوشش فصل‌به‌فصل کتاب درسی نیست.","ترنم همدلی","original","1405"
"دوازدهم","ریاضی","دین و زندگی","دین و زندگی","آزمون جامع","ارزیابی پایه","هسته ۱۰ سوالی","متوسط","صداقت یعنی چه؟","راستگویی و پرهیز از فریب","پنهان‌کاری برای منفعت","تمسخر","بی‌تفاوتی","A","سؤال تألیفی تشخیصی برای ارزیابی اولیه؛ جایگزین پوشش فصل‌به‌فصل کتاب درسی نیست.","ترنم همدلی","original","1405"
"دوازدهم","ریاضی","دین و زندگی","دین و زندگی","آزمون جامع","ارزیابی پایه","هسته ۱۰ سوالی","متوسط","مسئولیت‌پذیری چیست؟","پذیرفتن وظیفه و پیامد رفتار","انداختن تقصیر بر دیگران","فرار از وظیفه","نادیده گرفتن پیامد","A","سؤال تألیفی تشخیصی برای ارزیابی اولیه؛ جایگزین پوشش فصل‌به‌فصل کتاب درسی نیست.","ترنم همدلی","original","1405"
"دوازدهم","ریاضی","دین و زندگی","دین و زندگی","آزمون جامع","ارزیابی پایه","هسته ۱۰ سوالی","متوسط","عدالت به چه چیزی نزدیک است؟","رعایت حق و انصاف","تبعیض","طرفداری بی‌دلیل","بی‌قانونی","A","سؤال تألیفی تشخیصی برای ارزیابی اولیه؛ جایگزین پوشش فصل‌به‌فصل کتاب درسی نیست.","ترنم همدلی","original","1405"
"دوازدهم","ریاضی","دین و زندگی","دین و زندگی","آزمون جامع","ارزیابی پایه","هسته ۱۰ سوالی","متوسط","امانت‌داری یعنی چه؟","حفظ حق و اعتماد دیگران","افشای راز","استفاده بدون اجازه","تحریف","A","سؤال تألیفی تشخیصی برای ارزیابی اولیه؛ جایگزین پوشش فصل‌به‌فصل کتاب درسی نیست.","ترنم همدلی","original","1405"
"دوازدهم","ریاضی","دین و زندگی","دین و زندگی","آزمون جامع","ارزیابی پایه","هسته ۱۰ سوالی","متوسط","همدلی چیست؟","درک احساس و موقعیت دیگران","تأیید همه رفتارها","تحقیر","تحمیل نظر","A","سؤال تألیفی تشخیصی برای ارزیابی اولیه؛ جایگزین پوشش فصل‌به‌فصل کتاب درسی نیست.","ترنم همدلی","original","1405"
"دوازدهم","ریاضی","دین و زندگی","دین و زندگی","آزمون جامع","ارزیابی پایه","هسته ۱۰ سوالی","متوسط","صبر در دشواری یعنی چه؟","پایداری همراه با مدیریت درست واکنش","پرخاشگری","انکار مسئله","بی‌عملی مطلق","A","سؤال تألیفی تشخیصی برای ارزیابی اولیه؛ جایگزین پوشش فصل‌به‌فصل کتاب درسی نیست.","ترنم همدلی","original","1405"
"دوازدهم","ریاضی","دین و زندگی","دین و زندگی","آزمون جامع","ارزیابی پایه","هسته ۱۰ سوالی","متوسط","شکرگزاری یعنی چه؟","شناخت نعمت و قدردانی","انکار داشته‌ها","مقایسه دائمی","بی‌توجهی","A","سؤال تألیفی تشخیصی برای ارزیابی اولیه؛ جایگزین پوشش فصل‌به‌فصل کتاب درسی نیست.","ترنم همدلی","original","1405"
"دوازدهم","ریاضی","دین و زندگی","دین و زندگی","آزمون جامع","ارزیابی پایه","هسته ۱۰ سوالی","متوسط","احترام به دیگران چگونه نشان داده می‌شود؟","رعایت کرامت و حقوق آنان","تمسخر","تحقیر","بی‌توجهی","A","سؤال تألیفی تشخیصی برای ارزیابی اولیه؛ جایگزین پوشش فصل‌به‌فصل کتاب درسی نیست.","ترنم همدلی","original","1405"
"دوازدهم","ریاضی","دین و زندگی","دین و زندگی","آزمون جامع","ارزیابی پایه","هسته ۱۰ سوالی","متوسط","کمک مسئولانه به دیگران چه ویژگی دارد؟","بدون ایجاد آسیب و با توجه به نیاز واقعی","اجبار","فریب","نادیده‌گرفتن حقوق","A","سؤال تألیفی تشخیصی برای ارزیابی اولیه؛ جایگزین پوشش فصل‌به‌فصل کتاب درسی نیست.","ترنم همدلی","original","1405"
"دوازدهم","ریاضی","دین و زندگی","دین و زندگی","آزمون جامع","ارزیابی پایه","هسته ۱۰ سوالی","متوسط","نیت در عمل اخلاقی چه اهمیتی دارد؟","در ارزش‌گذاری عمل نقش دارد","هیچ اهمیتی ندارد","فقط ظاهر مهم است","فقط پول مهم است","A","سؤال تألیفی تشخیصی برای ارزیابی اولیه؛ جایگزین پوشش فصل‌به‌فصل کتاب درسی نیست.","ترنم همدلی","original","1405"
"دوازدهم","تجربی","دین و زندگی","دین و زندگی","آزمون جامع","ارزیابی پایه","هسته ۱۰ سوالی","متوسط","صداقت یعنی چه؟","راستگویی و پرهیز از فریب","پنهان‌کاری برای منفعت","تمسخر","بی‌تفاوتی","A","سؤال تألیفی تشخیصی برای ارزیابی اولیه؛ جایگزین پوشش فصل‌به‌فصل کتاب درسی نیست.","ترنم همدلی","original","1405"
"دوازدهم","تجربی","دین و زندگی","دین و زندگی","آزمون جامع","ارزیابی پایه","هسته ۱۰ سوالی","متوسط","مسئولیت‌پذیری چیست؟","پذیرفتن وظیفه و پیامد رفتار","انداختن تقصیر بر دیگران","فرار از وظیفه","نادیده گرفتن پیامد","A","سؤال تألیفی تشخیصی برای ارزیابی اولیه؛ جایگزین پوشش فصل‌به‌فصل کتاب درسی نیست.","ترنم همدلی","original","1405"
"دوازدهم","تجربی","دین و زندگی","دین و زندگی","آزمون جامع","ارزیابی پایه","هسته ۱۰ سوالی","متوسط","عدالت به چه چیزی نزدیک است؟","رعایت حق و انصاف","تبعیض","طرفداری بی‌دلیل","بی‌قانونی","A","سؤال تألیفی تشخیصی برای ارزیابی اولیه؛ جایگزین پوشش فصل‌به‌فصل کتاب درسی نیست.","ترنم همدلی","original","1405"
"دوازدهم","تجربی","دین و زندگی","دین و زندگی","آزمون جامع","ارزیابی پایه","هسته ۱۰ سوالی","متوسط","امانت‌داری یعنی چه؟","حفظ حق و اعتماد دیگران","افشای راز","استفاده بدون اجازه","تحریف","A","سؤال تألیفی تشخیصی برای ارزیابی اولیه؛ جایگزین پوشش فصل‌به‌فصل کتاب درسی نیست.","ترنم همدلی","original","1405"
"دوازدهم","تجربی","دین و زندگی","دین و زندگی","آزمون جامع","ارزیابی پایه","هسته ۱۰ سوالی","متوسط","همدلی چیست؟","درک احساس و موقعیت دیگران","تأیید همه رفتارها","تحقیر","تحمیل نظر","A","سؤال تألیفی تشخیصی برای ارزیابی اولیه؛ جایگزین پوشش فصل‌به‌فصل کتاب درسی نیست.","ترنم همدلی","original","1405"
"دوازدهم","تجربی","دین و زندگی","دین و زندگی","آزمون جامع","ارزیابی پایه","هسته ۱۰ سوالی","متوسط","صبر در دشواری یعنی چه؟","پایداری همراه با مدیریت درست واکنش","پرخاشگری","انکار مسئله","بی‌عملی مطلق","A","سؤال تألیفی تشخیصی برای ارزیابی اولیه؛ جایگزین پوشش فصل‌به‌فصل کتاب درسی نیست.","ترنم همدلی","original","1405"
"دوازدهم","تجربی","دین و زندگی","دین و زندگی","آزمون جامع","ارزیابی پایه","هسته ۱۰ سوالی","متوسط","شکرگزاری یعنی چه؟","شناخت نعمت و قدردانی","انکار داشته‌ها","مقایسه دائمی","بی‌توجهی","A","سؤال تألیفی تشخیصی برای ارزیابی اولیه؛ جایگزین پوشش فصل‌به‌فصل کتاب درسی نیست.","ترنم همدلی","original","1405"
"دوازدهم","تجربی","دین و زندگی","دین و زندگی","آزمون جامع","ارزیابی پایه","هسته ۱۰ سوالی","متوسط","احترام به دیگران چگونه نشان داده می‌شود؟","رعایت کرامت و حقوق آنان","تمسخر","تحقیر","بی‌توجهی","A","سؤال تألیفی تشخیصی برای ارزیابی اولیه؛ جایگزین پوشش فصل‌به‌فصل کتاب درسی نیست.","ترنم همدلی","original","1405"
"دوازدهم","تجربی","دین و زندگی","دین و زندگی","آزمون جامع","ارزیابی پایه","هسته ۱۰ سوالی","متوسط","کمک مسئولانه به دیگران چه ویژگی دارد؟","بدون ایجاد آسیب و با توجه به نیاز واقعی","اجبار","فریب","نادیده‌گرفتن حقوق","A","سؤال تألیفی تشخیصی برای ارزیابی اولیه؛ جایگزین پوشش فصل‌به‌فصل کتاب درسی نیست.","ترنم همدلی","original","1405"
"دوازدهم","تجربی","دین و زندگی","دین و زندگی","آزمون جامع","ارزیابی پایه","هسته ۱۰ سوالی","متوسط","نیت در عمل اخلاقی چه اهمیتی دارد؟","در ارزش‌گذاری عمل نقش دارد","هیچ اهمیتی ندارد","فقط ظاهر مهم است","فقط پول مهم است","A","سؤال تألیفی تشخیصی برای ارزیابی اولیه؛ جایگزین پوشش فصل‌به‌فصل کتاب درسی نیست.","ترنم همدلی","original","1405"
"دوازدهم","انسانی","دین و زندگی","دین و زندگی","آزمون جامع","ارزیابی پایه","هسته ۱۰ سوالی","متوسط","صداقت یعنی چه؟","راستگویی و پرهیز از فریب","پنهان‌کاری برای منفعت","تمسخر","بی‌تفاوتی","A","سؤال تألیفی تشخیصی برای ارزیابی اولیه؛ جایگزین پوشش فصل‌به‌فصل کتاب درسی نیست.","ترنم همدلی","original","1405"
"دوازدهم","انسانی","دین و زندگی","دین و زندگی","آزمون جامع","ارزیابی پایه","هسته ۱۰ سوالی","متوسط","مسئولیت‌پذیری چیست؟","پذیرفتن وظیفه و پیامد رفتار","انداختن تقصیر بر دیگران","فرار از وظیفه","نادیده گرفتن پیامد","A","سؤال تألیفی تشخیصی برای ارزیابی اولیه؛ جایگزین پوشش فصل‌به‌فصل کتاب درسی نیست.","ترنم همدلی","original","1405"
"دوازدهم","انسانی","دین و زندگی","دین و زندگی","آزمون جامع","ارزیابی پایه","هسته ۱۰ سوالی","متوسط","عدالت به چه چیزی نزدیک است؟","رعایت حق و انصاف","تبعیض","طرفداری بی‌دلیل","بی‌قانونی","A","سؤال تألیفی تشخیصی برای ارزیابی اولیه؛ جایگزین پوشش فصل‌به‌فصل کتاب درسی نیست.","ترنم همدلی","original","1405"
"دوازدهم","انسانی","دین و زندگی","دین و زندگی","آزمون جامع","ارزیابی پایه","هسته ۱۰ سوالی","متوسط","امانت‌داری یعنی چه؟","حفظ حق و اعتماد دیگران","افشای راز","استفاده بدون اجازه","تحریف","A","سؤال تألیفی تشخیصی برای ارزیابی اولیه؛ جایگزین پوشش فصل‌به‌فصل کتاب درسی نیست.","ترنم همدلی","original","1405"
"دوازدهم","انسانی","دین و زندگی","دین و زندگی","آزمون جامع","ارزیابی پایه","هسته ۱۰ سوالی","متوسط","همدلی چیست؟","درک احساس و موقعیت دیگران","تأیید همه رفتارها","تحقیر","تحمیل نظر","A","سؤال تألیفی تشخیصی برای ارزیابی اولیه؛ جایگزین پوشش فصل‌به‌فصل کتاب درسی نیست.","ترنم همدلی","original","1405"
"دوازدهم","انسانی","دین و زندگی","دین و زندگی","آزمون جامع","ارزیابی پایه","هسته ۱۰ سوالی","متوسط","صبر در دشواری یعنی چه؟","پایداری همراه با مدیریت درست واکنش","پرخاشگری","انکار مسئله","بی‌عملی مطلق","A","سؤال تألیفی تشخیصی برای ارزیابی اولیه؛ جایگزین پوشش فصل‌به‌فصل کتاب درسی نیست.","ترنم همدلی","original","1405"
"دوازدهم","انسانی","دین و زندگی","دین و زندگی","آزمون جامع","ارزیابی پایه","هسته ۱۰ سوالی","متوسط","شکرگزاری یعنی چه؟","شناخت نعمت و قدردانی","انکار داشته‌ها","مقایسه دائمی","بی‌توجهی","A","سؤال تألیفی تشخیصی برای ارزیابی اولیه؛ جایگزین پوشش فصل‌به‌فصل کتاب درسی نیست.","ترنم همدلی","original","1405"
"دوازدهم","انسانی","دین و زندگی","دین و زندگی","آزمون جامع","ارزیابی پایه","هسته ۱۰ سوالی","متوسط","احترام به دیگران چگونه نشان داده می‌شود؟","رعایت کرامت و حقوق آنان","تمسخر","تحقیر","بی‌توجهی","A","سؤال تألیفی تشخیصی برای ارزیابی اولیه؛ جایگزین پوشش فصل‌به‌فصل کتاب درسی نیست.","ترنم همدلی","original","1405"
"دوازدهم","انسانی","دین و زندگی","دین و زندگی","آزمون جامع","ارزیابی پایه","هسته ۱۰ سوالی","متوسط","کمک مسئولانه به دیگران چه ویژگی دارد؟","بدون ایجاد آسیب و با توجه به نیاز واقعی","اجبار","فریب","نادیده‌گرفتن حقوق","A","سؤال تألیفی تشخیصی برای ارزیابی اولیه؛ جایگزین پوشش فصل‌به‌فصل کتاب درسی نیست.","ترنم همدلی","original","1405"
"دوازدهم","انسانی","دین و زندگی","دین و زندگی","آزمون جامع","ارزیابی پایه","هسته ۱۰ سوالی","متوسط","نیت در عمل اخلاقی چه اهمیتی دارد؟","در ارزش‌گذاری عمل نقش دارد","هیچ اهمیتی ندارد","فقط ظاهر مهم است","فقط پول مهم است","A","سؤال تألیفی تشخیصی برای ارزیابی اولیه؛ جایگزین پوشش فصل‌به‌فصل کتاب درسی نیست.","ترنم همدلی","original","1405"
"دوازدهم","ریاضی","عربی","عربی","آزمون جامع","ارزیابی پایه","هسته ۱۰ سوالی","متوسط","فعل ماضی به چه زمانی اشاره می‌کند؟","گذشته","حال","آینده","همیشه","A","سؤال تألیفی تشخیصی برای ارزیابی اولیه؛ جایگزین پوشش فصل‌به‌فصل کتاب درسی نیست.","ترنم همدلی","original","1405"
"دوازدهم","ریاضی","عربی","عربی","آزمون جامع","ارزیابی پایه","هسته ۱۰ سوالی","متوسط","فعل مضارع معمولاً بر چه زمانی دلالت می‌کند؟","حال یا آینده","فقط گذشته","فقط گذشته دور","هیچ زمان","A","سؤال تألیفی تشخیصی برای ارزیابی اولیه؛ جایگزین پوشش فصل‌به‌فصل کتاب درسی نیست.","ترنم همدلی","original","1405"
"دوازدهم","ریاضی","عربی","عربی","آزمون جامع","ارزیابی پایه","هسته ۱۰ سوالی","متوسط","فاعل چیست؟","انجام‌دهنده کار فعل","زمان جمله","محل کار","نشانه جمع","A","سؤال تألیفی تشخیصی برای ارزیابی اولیه؛ جایگزین پوشش فصل‌به‌فصل کتاب درسی نیست.","ترنم همدلی","original","1405"
"دوازدهم","ریاضی","عربی","عربی","آزمون جامع","ارزیابی پایه","هسته ۱۰ سوالی","متوسط","مفعول‌به چیست؟","کسی یا چیزی که عمل بر او واقع می‌شود","انجام‌دهنده عمل","زمان","صفت","A","سؤال تألیفی تشخیصی برای ارزیابی اولیه؛ جایگزین پوشش فصل‌به‌فصل کتاب درسی نیست.","ترنم همدلی","original","1405"
"دوازدهم","ریاضی","عربی","عربی","آزمون جامع","ارزیابی پایه","هسته ۱۰ سوالی","متوسط","مفرد یعنی چه؟","یک فرد یا چیز","دو فرد","چند فرد","جمله کامل","A","سؤال تألیفی تشخیصی برای ارزیابی اولیه؛ جایگزین پوشش فصل‌به‌فصل کتاب درسی نیست.","ترنم همدلی","original","1405"
"دوازدهم","ریاضی","عربی","عربی","آزمون جامع","ارزیابی پایه","هسته ۱۰ سوالی","متوسط","جمع یعنی چه؟","بیش از یک","دقیقاً یک","بدون تعداد","یک فعل","A","سؤال تألیفی تشخیصی برای ارزیابی اولیه؛ جایگزین پوشش فصل‌به‌فصل کتاب درسی نیست.","ترنم همدلی","original","1405"
"دوازدهم","ریاضی","عربی","عربی","آزمون جامع","ارزیابی پایه","هسته ۱۰ سوالی","متوسط","ترجمه درست به چه نیاز دارد؟","شناخت واژه و ساختار جمله","حدس یک واژه","حذف فعل","تغییر معنا","A","سؤال تألیفی تشخیصی برای ارزیابی اولیه؛ جایگزین پوشش فصل‌به‌فصل کتاب درسی نیست.","ترنم همدلی","original","1405"
"دوازدهم","ریاضی","عربی","عربی","آزمون جامع","ارزیابی پایه","هسته ۱۰ سوالی","متوسط","اسم چه چیزی می‌تواند باشد؟","نام شخص، چیز یا مفهوم","فقط فعل","فقط حرف","فقط عدد","A","سؤال تألیفی تشخیصی برای ارزیابی اولیه؛ جایگزین پوشش فصل‌به‌فصل کتاب درسی نیست.","ترنم همدلی","original","1405"
"دوازدهم","ریاضی","عربی","عربی","آزمون جامع","ارزیابی پایه","هسته ۱۰ سوالی","متوسط","معنا در ترجمه باید چگونه حفظ شود؟","متناسب با کل جمله","با حذف فعل","با تغییر فاعل","با حذف واژه‌های مهم","A","سؤال تألیفی تشخیصی برای ارزیابی اولیه؛ جایگزین پوشش فصل‌به‌فصل کتاب درسی نیست.","ترنم همدلی","original","1405"
"دوازدهم","ریاضی","عربی","عربی","آزمون جامع","ارزیابی پایه","هسته ۱۰ سوالی","متوسط","یادگیری واژه‌ها در بافت جمله چه فایده‌ای دارد؟","درک بهتر کاربرد و معنا","حذف معنی","افزایش ابهام","تغییر دستور","A","سؤال تألیفی تشخیصی برای ارزیابی اولیه؛ جایگزین پوشش فصل‌به‌فصل کتاب درسی نیست.","ترنم همدلی","original","1405"
"دوازدهم","تجربی","عربی","عربی","آزمون جامع","ارزیابی پایه","هسته ۱۰ سوالی","متوسط","فعل ماضی به چه زمانی اشاره می‌کند؟","گذشته","حال","آینده","همیشه","A","سؤال تألیفی تشخیصی برای ارزیابی اولیه؛ جایگزین پوشش فصل‌به‌فصل کتاب درسی نیست.","ترنم همدلی","original","1405"
"دوازدهم","تجربی","عربی","عربی","آزمون جامع","ارزیابی پایه","هسته ۱۰ سوالی","متوسط","فعل مضارع معمولاً بر چه زمانی دلالت می‌کند؟","حال یا آینده","فقط گذشته","فقط گذشته دور","هیچ زمان","A","سؤال تألیفی تشخیصی برای ارزیابی اولیه؛ جایگزین پوشش فصل‌به‌فصل کتاب درسی نیست.","ترنم همدلی","original","1405"
"دوازدهم","تجربی","عربی","عربی","آزمون جامع","ارزیابی پایه","هسته ۱۰ سوالی","متوسط","فاعل چیست؟","انجام‌دهنده کار فعل","زمان جمله","محل کار","نشانه جمع","A","سؤال تألیفی تشخیصی برای ارزیابی اولیه؛ جایگزین پوشش فصل‌به‌فصل کتاب درسی نیست.","ترنم همدلی","original","1405"
"دوازدهم","تجربی","عربی","عربی","آزمون جامع","ارزیابی پایه","هسته ۱۰ سوالی","متوسط","مفعول‌به چیست؟","کسی یا چیزی که عمل بر او واقع می‌شود","انجام‌دهنده عمل","زمان","صفت","A","سؤال تألیفی تشخیصی برای ارزیابی اولیه؛ جایگزین پوشش فصل‌به‌فصل کتاب درسی نیست.","ترنم همدلی","original","1405"
"دوازدهم","تجربی","عربی","عربی","آزمون جامع","ارزیابی پایه","هسته ۱۰ سوالی","متوسط","مفرد یعنی چه؟","یک فرد یا چیز","دو فرد","چند فرد","جمله کامل","A","سؤال تألیفی تشخیصی برای ارزیابی اولیه؛ جایگزین پوشش فصل‌به‌فصل کتاب درسی نیست.","ترنم همدلی","original","1405"
"دوازدهم","تجربی","عربی","عربی","آزمون جامع","ارزیابی پایه","هسته ۱۰ سوالی","متوسط","جمع یعنی چه؟","بیش از یک","دقیقاً یک","بدون تعداد","یک فعل","A","سؤال تألیفی تشخیصی برای ارزیابی اولیه؛ جایگزین پوشش فصل‌به‌فصل کتاب درسی نیست.","ترنم همدلی","original","1405"
"دوازدهم","تجربی","عربی","عربی","آزمون جامع","ارزیابی پایه","هسته ۱۰ سوالی","متوسط","ترجمه درست به چه نیاز دارد؟","شناخت واژه و ساختار جمله","حدس یک واژه","حذف فعل","تغییر معنا","A","سؤال تألیفی تشخیصی برای ارزیابی اولیه؛ جایگزین پوشش فصل‌به‌فصل کتاب درسی نیست.","ترنم همدلی","original","1405"
"دوازدهم","تجربی","عربی","عربی","آزمون جامع","ارزیابی پایه","هسته ۱۰ سوالی","متوسط","اسم چه چیزی می‌تواند باشد؟","نام شخص، چیز یا مفهوم","فقط فعل","فقط حرف","فقط عدد","A","سؤال تألیفی تشخیصی برای ارزیابی اولیه؛ جایگزین پوشش فصل‌به‌فصل کتاب درسی نیست.","ترنم همدلی","original","1405"
"دوازدهم","تجربی","عربی","عربی","آزمون جامع","ارزیابی پایه","هسته ۱۰ سوالی","متوسط","معنا در ترجمه باید چگونه حفظ شود؟","متناسب با کل جمله","با حذف فعل","با تغییر فاعل","با حذف واژه‌های مهم","A","سؤال تألیفی تشخیصی برای ارزیابی اولیه؛ جایگزین پوشش فصل‌به‌فصل کتاب درسی نیست.","ترنم همدلی","original","1405"
"دوازدهم","تجربی","عربی","عربی","آزمون جامع","ارزیابی پایه","هسته ۱۰ سوالی","متوسط","یادگیری واژه‌ها در بافت جمله چه فایده‌ای دارد؟","درک بهتر کاربرد و معنا","حذف معنی","افزایش ابهام","تغییر دستور","A","سؤال تألیفی تشخیصی برای ارزیابی اولیه؛ جایگزین پوشش فصل‌به‌فصل کتاب درسی نیست.","ترنم همدلی","original","1405"
"دوازدهم","انسانی","عربی","عربی","آزمون جامع","ارزیابی پایه","هسته ۱۰ سوالی","متوسط","فعل ماضی به چه زمانی اشاره می‌کند؟","گذشته","حال","آینده","همیشه","A","سؤال تألیفی تشخیصی برای ارزیابی اولیه؛ جایگزین پوشش فصل‌به‌فصل کتاب درسی نیست.","ترنم همدلی","original","1405"
"دوازدهم","انسانی","عربی","عربی","آزمون جامع","ارزیابی پایه","هسته ۱۰ سوالی","متوسط","فعل مضارع معمولاً بر چه زمانی دلالت می‌کند؟","حال یا آینده","فقط گذشته","فقط گذشته دور","هیچ زمان","A","سؤال تألیفی تشخیصی برای ارزیابی اولیه؛ جایگزین پوشش فصل‌به‌فصل کتاب درسی نیست.","ترنم همدلی","original","1405"
"دوازدهم","انسانی","عربی","عربی","آزمون جامع","ارزیابی پایه","هسته ۱۰ سوالی","متوسط","فاعل چیست؟","انجام‌دهنده کار فعل","زمان جمله","محل کار","نشانه جمع","A","سؤال تألیفی تشخیصی برای ارزیابی اولیه؛ جایگزین پوشش فصل‌به‌فصل کتاب درسی نیست.","ترنم همدلی","original","1405"
"دوازدهم","انسانی","عربی","عربی","آزمون جامع","ارزیابی پایه","هسته ۱۰ سوالی","متوسط","مفعول‌به چیست؟","کسی یا چیزی که عمل بر او واقع می‌شود","انجام‌دهنده عمل","زمان","صفت","A","سؤال تألیفی تشخیصی برای ارزیابی اولیه؛ جایگزین پوشش فصل‌به‌فصل کتاب درسی نیست.","ترنم همدلی","original","1405"
"دوازدهم","انسانی","عربی","عربی","آزمون جامع","ارزیابی پایه","هسته ۱۰ سوالی","متوسط","مفرد یعنی چه؟","یک فرد یا چیز","دو فرد","چند فرد","جمله کامل","A","سؤال تألیفی تشخیصی برای ارزیابی اولیه؛ جایگزین پوشش فصل‌به‌فصل کتاب درسی نیست.","ترنم همدلی","original","1405"
"دوازدهم","انسانی","عربی","عربی","آزمون جامع","ارزیابی پایه","هسته ۱۰ سوالی","متوسط","جمع یعنی چه؟","بیش از یک","دقیقاً یک","بدون تعداد","یک فعل","A","سؤال تألیفی تشخیصی برای ارزیابی اولیه؛ جایگزین پوشش فصل‌به‌فصل کتاب درسی نیست.","ترنم همدلی","original","1405"
"دوازدهم","انسانی","عربی","عربی","آزمون جامع","ارزیابی پایه","هسته ۱۰ سوالی","متوسط","ترجمه درست به چه نیاز دارد؟","شناخت واژه و ساختار جمله","حدس یک واژه","حذف فعل","تغییر معنا","A","سؤال تألیفی تشخیصی برای ارزیابی اولیه؛ جایگزین پوشش فصل‌به‌فصل کتاب درسی نیست.","ترنم همدلی","original","1405"
"دوازدهم","انسانی","عربی","عربی","آزمون جامع","ارزیابی پایه","هسته ۱۰ سوالی","متوسط","اسم چه چیزی می‌تواند باشد؟","نام شخص، چیز یا مفهوم","فقط فعل","فقط حرف","فقط عدد","A","سؤال تألیفی تشخیصی برای ارزیابی اولیه؛ جایگزین پوشش فصل‌به‌فصل کتاب درسی نیست.","ترنم همدلی","original","1405"
"دوازدهم","انسانی","عربی","عربی","آزمون جامع","ارزیابی پایه","هسته ۱۰ سوالی","متوسط","معنا در ترجمه باید چگونه حفظ شود؟","متناسب با کل جمله","با حذف فعل","با تغییر فاعل","با حذف واژه‌های مهم","A","سؤال تألیفی تشخیصی برای ارزیابی اولیه؛ جایگزین پوشش فصل‌به‌فصل کتاب درسی نیست.","ترنم همدلی","original","1405"
"دوازدهم","انسانی","عربی","عربی","آزمون جامع","ارزیابی پایه","هسته ۱۰ سوالی","متوسط","یادگیری واژه‌ها در بافت جمله چه فایده‌ای دارد؟","درک بهتر کاربرد و معنا","حذف معنی","افزایش ابهام","تغییر دستور","A","سؤال تألیفی تشخیصی برای ارزیابی اولیه؛ جایگزین پوشش فصل‌به‌فصل کتاب درسی نیست.","ترنم همدلی","original","1405"
"دوازدهم","ریاضی","زبان انگلیسی","زبان انگلیسی","آزمون جامع","ارزیابی پایه","هسته ۱۰ سوالی","متوسط","What does 'book' mean?","کتاب","مدرسه","خانه","دوست","A","سؤال تألیفی تشخیصی برای ارزیابی اولیه؛ جایگزین پوشش فصل‌به‌فصل کتاب درسی نیست.","ترنم همدلی","original","1405"
"دوازدهم","ریاضی","زبان انگلیسی","زبان انگلیسی","آزمون جامع","ارزیابی پایه","هسته ۱۰ سوالی","متوسط","Which word is a verb?","study","student","school","book","A","سؤال تألیفی تشخیصی برای ارزیابی اولیه؛ جایگزین پوشش فصل‌به‌فصل کتاب درسی نیست.","ترنم همدلی","original","1405"
"دوازدهم","ریاضی","زبان انگلیسی","زبان انگلیسی","آزمون جامع","ارزیابی پایه","هسته ۱۰ سوالی","متوسط","What is the opposite of 'big'?","small","long","fast","old","A","سؤال تألیفی تشخیصی برای ارزیابی اولیه؛ جایگزین پوشش فصل‌به‌فصل کتاب درسی نیست.","ترنم همدلی","original","1405"
"دوازدهم","ریاضی","زبان انگلیسی","زبان انگلیسی","آزمون جامع","ارزیابی پایه","هسته ۱۰ سوالی","متوسط","Which sentence is a question?","Are you ready?","I am ready.","She studies.","They are students.","A","سؤال تألیفی تشخیصی برای ارزیابی اولیه؛ جایگزین پوشش فصل‌به‌فصل کتاب درسی نیست.","ترنم همدلی","original","1405"
"دوازدهم","ریاضی","زبان انگلیسی","زبان انگلیسی","آزمون جامع","ارزیابی پایه","هسته ۱۰ سوالی","متوسط","What does 'teacher' mean?","معلم","دانش‌آموز","کتاب","کلاس","A","سؤال تألیفی تشخیصی برای ارزیابی اولیه؛ جایگزین پوشش فصل‌به‌فصل کتاب درسی نیست.","ترنم همدلی","original","1405"
"دوازدهم","ریاضی","زبان انگلیسی","زبان انگلیسی","آزمون جامع","ارزیابی پایه","هسته ۱۰ سوالی","متوسط","Which word means 'آب'?","water","bread","milk","book","A","سؤال تألیفی تشخیصی برای ارزیابی اولیه؛ جایگزین پوشش فصل‌به‌فصل کتاب درسی نیست.","ترنم همدلی","original","1405"
"دوازدهم","ریاضی","زبان انگلیسی","زبان انگلیسی","آزمون جامع","ارزیابی پایه","هسته ۱۰ سوالی","متوسط","What is the past form of 'go'?","went","goes","going","go","A","سؤال تألیفی تشخیصی برای ارزیابی اولیه؛ جایگزین پوشش فصل‌به‌فصل کتاب درسی نیست.","ترنم همدلی","original","1405"
"دوازدهم","ریاضی","زبان انگلیسی","زبان انگلیسی","آزمون جامع","ارزیابی پایه","هسته ۱۰ سوالی","متوسط","Which word is plural?","books","book","read","quick","A","سؤال تألیفی تشخیصی برای ارزیابی اولیه؛ جایگزین پوشش فصل‌به‌فصل کتاب درسی نیست.","ترنم همدلی","original","1405"
"دوازدهم","ریاضی","زبان انگلیسی","زبان انگلیسی","آزمون جامع","ارزیابی پایه","هسته ۱۰ سوالی","متوسط","What does 'happy' mean?","خوشحال","خسته","گرسنه","سرد","A","سؤال تألیفی تشخیصی برای ارزیابی اولیه؛ جایگزین پوشش فصل‌به‌فصل کتاب درسی نیست.","ترنم همدلی","original","1405"
"دوازدهم","ریاضی","زبان انگلیسی","زبان انگلیسی","آزمون جامع","ارزیابی پایه","هسته ۱۰ سوالی","متوسط","Why is context important in reading?","It helps determine meaning","It removes words","It changes spelling","It deletes the sentence","A","سؤال تألیفی تشخیصی برای ارزیابی اولیه؛ جایگزین پوشش فصل‌به‌فصل کتاب درسی نیست.","ترنم همدلی","original","1405"
"دوازدهم","تجربی","زبان انگلیسی","زبان انگلیسی","آزمون جامع","ارزیابی پایه","هسته ۱۰ سوالی","متوسط","What does 'book' mean?","کتاب","مدرسه","خانه","دوست","A","سؤال تألیفی تشخیصی برای ارزیابی اولیه؛ جایگزین پوشش فصل‌به‌فصل کتاب درسی نیست.","ترنم همدلی","original","1405"
"دوازدهم","تجربی","زبان انگلیسی","زبان انگلیسی","آزمون جامع","ارزیابی پایه","هسته ۱۰ سوالی","متوسط","Which word is a verb?","study","student","school","book","A","سؤال تألیفی تشخیصی برای ارزیابی اولیه؛ جایگزین پوشش فصل‌به‌فصل کتاب درسی نیست.","ترنم همدلی","original","1405"
"دوازدهم","تجربی","زبان انگلیسی","زبان انگلیسی","آزمون جامع","ارزیابی پایه","هسته ۱۰ سوالی","متوسط","What is the opposite of 'big'?","small","long","fast","old","A","سؤال تألیفی تشخیصی برای ارزیابی اولیه؛ جایگزین پوشش فصل‌به‌فصل کتاب درسی نیست.","ترنم همدلی","original","1405"
"دوازدهم","تجربی","زبان انگلیسی","زبان انگلیسی","آزمون جامع","ارزیابی پایه","هسته ۱۰ سوالی","متوسط","Which sentence is a question?","Are you ready?","I am ready.","She studies.","They are students.","A","سؤال تألیفی تشخیصی برای ارزیابی اولیه؛ جایگزین پوشش فصل‌به‌فصل کتاب درسی نیست.","ترنم همدلی","original","1405"
"دوازدهم","تجربی","زبان انگلیسی","زبان انگلیسی","آزمون جامع","ارزیابی پایه","هسته ۱۰ سوالی","متوسط","What does 'teacher' mean?","معلم","دانش‌آموز","کتاب","کلاس","A","سؤال تألیفی تشخیصی برای ارزیابی اولیه؛ جایگزین پوشش فصل‌به‌فصل کتاب درسی نیست.","ترنم همدلی","original","1405"
"دوازدهم","تجربی","زبان انگلیسی","زبان انگلیسی","آزمون جامع","ارزیابی پایه","هسته ۱۰ سوالی","متوسط","Which word means 'آب'?","water","bread","milk","book","A","سؤال تألیفی تشخیصی برای ارزیابی اولیه؛ جایگزین پوشش فصل‌به‌فصل کتاب درسی نیست.","ترنم همدلی","original","1405"
"دوازدهم","تجربی","زبان انگلیسی","زبان انگلیسی","آزمون جامع","ارزیابی پایه","هسته ۱۰ سوالی","متوسط","What is the past form of 'go'?","went","goes","going","go","A","سؤال تألیفی تشخیصی برای ارزیابی اولیه؛ جایگزین پوشش فصل‌به‌فصل کتاب درسی نیست.","ترنم همدلی","original","1405"
"دوازدهم","تجربی","زبان انگلیسی","زبان انگلیسی","آزمون جامع","ارزیابی پایه","هسته ۱۰ سوالی","متوسط","Which word is plural?","books","book","read","quick","A","سؤال تألیفی تشخیصی برای ارزیابی اولیه؛ جایگزین پوشش فصل‌به‌فصل کتاب درسی نیست.","ترنم همدلی","original","1405"
"دوازدهم","تجربی","زبان انگلیسی","زبان انگلیسی","آزمون جامع","ارزیابی پایه","هسته ۱۰ سوالی","متوسط","What does 'happy' mean?","خوشحال","خسته","گرسنه","سرد","A","سؤال تألیفی تشخیصی برای ارزیابی اولیه؛ جایگزین پوشش فصل‌به‌فصل کتاب درسی نیست.","ترنم همدلی","original","1405"
"دوازدهم","تجربی","زبان انگلیسی","زبان انگلیسی","آزمون جامع","ارزیابی پایه","هسته ۱۰ سوالی","متوسط","Why is context important in reading?","It helps determine meaning","It removes words","It changes spelling","It deletes the sentence","A","سؤال تألیفی تشخیصی برای ارزیابی اولیه؛ جایگزین پوشش فصل‌به‌فصل کتاب درسی نیست.","ترنم همدلی","original","1405"
"دوازدهم","انسانی","زبان انگلیسی","زبان انگلیسی","آزمون جامع","ارزیابی پایه","هسته ۱۰ سوالی","متوسط","What does 'book' mean?","کتاب","مدرسه","خانه","دوست","A","سؤال تألیفی تشخیصی برای ارزیابی اولیه؛ جایگزین پوشش فصل‌به‌فصل کتاب درسی نیست.","ترنم همدلی","original","1405"
"دوازدهم","انسانی","زبان انگلیسی","زبان انگلیسی","آزمون جامع","ارزیابی پایه","هسته ۱۰ سوالی","متوسط","Which word is a verb?","study","student","school","book","A","سؤال تألیفی تشخیصی برای ارزیابی اولیه؛ جایگزین پوشش فصل‌به‌فصل کتاب درسی نیست.","ترنم همدلی","original","1405"
"دوازدهم","انسانی","زبان انگلیسی","زبان انگلیسی","آزمون جامع","ارزیابی پایه","هسته ۱۰ سوالی","متوسط","What is the opposite of 'big'?","small","long","fast","old","A","سؤال تألیفی تشخیصی برای ارزیابی اولیه؛ جایگزین پوشش فصل‌به‌فصل کتاب درسی نیست.","ترنم همدلی","original","1405"
"دوازدهم","انسانی","زبان انگلیسی","زبان انگلیسی","آزمون جامع","ارزیابی پایه","هسته ۱۰ سوالی","متوسط","Which sentence is a question?","Are you ready?","I am ready.","She studies.","They are students.","A","سؤال تألیفی تشخیصی برای ارزیابی اولیه؛ جایگزین پوشش فصل‌به‌فصل کتاب درسی نیست.","ترنم همدلی","original","1405"
"دوازدهم","انسانی","زبان انگلیسی","زبان انگلیسی","آزمون جامع","ارزیابی پایه","هسته ۱۰ سوالی","متوسط","What does 'teacher' mean?","معلم","دانش‌آموز","کتاب","کلاس","A","سؤال تألیفی تشخیصی برای ارزیابی اولیه؛ جایگزین پوشش فصل‌به‌فصل کتاب درسی نیست.","ترنم همدلی","original","1405"
"دوازدهم","انسانی","زبان انگلیسی","زبان انگلیسی","آزمون جامع","ارزیابی پایه","هسته ۱۰ سوالی","متوسط","Which word means 'آب'?","water","bread","milk","book","A","سؤال تألیفی تشخیصی برای ارزیابی اولیه؛ جایگزین پوشش فصل‌به‌فصل کتاب درسی نیست.","ترنم همدلی","original","1405"
"دوازدهم","انسانی","زبان انگلیسی","زبان انگلیسی","آزمون جامع","ارزیابی پایه","هسته ۱۰ سوالی","متوسط","What is the past form of 'go'?","went","goes","going","go","A","سؤال تألیفی تشخیصی برای ارزیابی اولیه؛ جایگزین پوشش فصل‌به‌فصل کتاب درسی نیست.","ترنم همدلی","original","1405"
"دوازدهم","انسانی","زبان انگلیسی","زبان انگلیسی","آزمون جامع","ارزیابی پایه","هسته ۱۰ سوالی","متوسط","Which word is plural?","books","book","read","quick","A","سؤال تألیفی تشخیصی برای ارزیابی اولیه؛ جایگزین پوشش فصل‌به‌فصل کتاب درسی نیست.","ترنم همدلی","original","1405"
"دوازدهم","انسانی","زبان انگلیسی","زبان انگلیسی","آزمون جامع","ارزیابی پایه","هسته ۱۰ سوالی","متوسط","What does 'happy' mean?","خوشحال","خسته","گرسنه","سرد","A","سؤال تألیفی تشخیصی برای ارزیابی اولیه؛ جایگزین پوشش فصل‌به‌فصل کتاب درسی نیست.","ترنم همدلی","original","1405"
"دوازدهم","انسانی","زبان انگلیسی","زبان انگلیسی","آزمون جامع","ارزیابی پایه","هسته ۱۰ سوالی","متوسط","Why is context important in reading?","It helps determine meaning","It removes words","It changes spelling","It deletes the sentence","A","سؤال تألیفی تشخیصی برای ارزیابی اولیه؛ جایگزین پوشش فصل‌به‌فصل کتاب درسی نیست.","ترنم همدلی","original","1405"
"دوازدهم","ریاضی","هویت اجتماعی","هویت اجتماعی","آزمون جامع","ارزیابی پایه","هسته ۱۰ سوالی","متوسط","هویت اجتماعی به چه مربوط است؟","تعلق‌ها، نقش‌ها و جایگاه فرد در جامعه","قد","رنگ چشم","وزن","A","سؤال تألیفی تشخیصی برای ارزیابی اولیه؛ جایگزین پوشش فصل‌به‌فصل کتاب درسی نیست.","ترنم همدلی","original","1405"
"دوازدهم","ریاضی","هویت اجتماعی","هویت اجتماعی","آزمون جامع","ارزیابی پایه","هسته ۱۰ سوالی","متوسط","نقش اجتماعی چیست؟","انتظارها و رفتارهای مرتبط با یک جایگاه","ویژگی ژنتیکی","عدد","ماده","A","سؤال تألیفی تشخیصی برای ارزیابی اولیه؛ جایگزین پوشش فصل‌به‌فصل کتاب درسی نیست.","ترنم همدلی","original","1405"
"دوازدهم","ریاضی","هویت اجتماعی","هویت اجتماعی","آزمون جامع","ارزیابی پایه","هسته ۱۰ سوالی","متوسط","ارزش اجتماعی چیست؟","باوری درباره مطلوب و مهم بودن امور","قد","دما","جرم اتمی","A","سؤال تألیفی تشخیصی برای ارزیابی اولیه؛ جایگزین پوشش فصل‌به‌فصل کتاب درسی نیست.","ترنم همدلی","original","1405"
"دوازدهم","ریاضی","هویت اجتماعی","هویت اجتماعی","آزمون جامع","ارزیابی پایه","هسته ۱۰ سوالی","متوسط","هنجار اجتماعی چیست؟","الگوی مورد انتظار رفتار","فرمول","واکنش","حرکت","A","سؤال تألیفی تشخیصی برای ارزیابی اولیه؛ جایگزین پوشش فصل‌به‌فصل کتاب درسی نیست.","ترنم همدلی","original","1405"
"دوازدهم","ریاضی","هویت اجتماعی","هویت اجتماعی","آزمون جامع","ارزیابی پایه","هسته ۱۰ سوالی","متوسط","جامعه‌پذیری چیست؟","یادگیری ارزش‌ها، هنجارها و نقش‌ها","ورزش","رشد قد","خواب","A","سؤال تألیفی تشخیصی برای ارزیابی اولیه؛ جایگزین پوشش فصل‌به‌فصل کتاب درسی نیست.","ترنم همدلی","original","1405"
"دوازدهم","ریاضی","هویت اجتماعی","هویت اجتماعی","آزمون جامع","ارزیابی پایه","هسته ۱۰ سوالی","متوسط","تغییر اجتماعی چیست؟","دگرگونی در الگوها و روابط اجتماعی","تغییر دما","تغییر عدد","تغییر رنگ","A","سؤال تألیفی تشخیصی برای ارزیابی اولیه؛ جایگزین پوشش فصل‌به‌فصل کتاب درسی نیست.","ترنم همدلی","original","1405"
"دوازدهم","ریاضی","هویت اجتماعی","هویت اجتماعی","آزمون جامع","ارزیابی پایه","هسته ۱۰ سوالی","متوسط","مسئولیت اجتماعی یعنی چه؟","توجه به پیامد رفتار برای دیگران و جامعه","فقط منفعت شخصی","نادیده گرفتن قانون","بی‌تفاوتی","A","سؤال تألیفی تشخیصی برای ارزیابی اولیه؛ جایگزین پوشش فصل‌به‌فصل کتاب درسی نیست.","ترنم همدلی","original","1405"
"دوازدهم","ریاضی","هویت اجتماعی","هویت اجتماعی","آزمون جامع","ارزیابی پایه","هسته ۱۰ سوالی","متوسط","تعلق اجتماعی چه اثری دارد؟","تقویت احساس ارتباط با گروه و جامعه","حذف روابط","افزایش قطعی انزوا","حذف هویت","A","سؤال تألیفی تشخیصی برای ارزیابی اولیه؛ جایگزین پوشش فصل‌به‌فصل کتاب درسی نیست.","ترنم همدلی","original","1405"
"دوازدهم","ریاضی","هویت اجتماعی","هویت اجتماعی","آزمون جامع","ارزیابی پایه","هسته ۱۰ سوالی","متوسط","هویت سالم می‌تواند بر چه چیزی استوار باشد؟","شناخت خود و ارتباط متعادل با دیگران","انکار خود","تقلید کامل","قطع روابط","A","سؤال تألیفی تشخیصی برای ارزیابی اولیه؛ جایگزین پوشش فصل‌به‌فصل کتاب درسی نیست.","ترنم همدلی","original","1405"
"دوازدهم","ریاضی","هویت اجتماعی","هویت اجتماعی","آزمون جامع","ارزیابی پایه","هسته ۱۰ سوالی","متوسط","فرهنگ چه نقشی در هویت دارد؟","چارچوبی از ارزش‌ها و معناهای مشترک فراهم می‌کند","هیچ نقشی ندارد","فقط جسم را تغییر می‌دهد","فقط درآمد را تعیین می‌کند","A","سؤال تألیفی تشخیصی برای ارزیابی اولیه؛ جایگزین پوشش فصل‌به‌فصل کتاب درسی نیست.","ترنم همدلی","original","1405"
"دوازدهم","تجربی","هویت اجتماعی","هویت اجتماعی","آزمون جامع","ارزیابی پایه","هسته ۱۰ سوالی","متوسط","هویت اجتماعی به چه مربوط است؟","تعلق‌ها، نقش‌ها و جایگاه فرد در جامعه","قد","رنگ چشم","وزن","A","سؤال تألیفی تشخیصی برای ارزیابی اولیه؛ جایگزین پوشش فصل‌به‌فصل کتاب درسی نیست.","ترنم همدلی","original","1405"
"دوازدهم","تجربی","هویت اجتماعی","هویت اجتماعی","آزمون جامع","ارزیابی پایه","هسته ۱۰ سوالی","متوسط","نقش اجتماعی چیست؟","انتظارها و رفتارهای مرتبط با یک جایگاه","ویژگی ژنتیکی","عدد","ماده","A","سؤال تألیفی تشخیصی برای ارزیابی اولیه؛ جایگزین پوشش فصل‌به‌فصل کتاب درسی نیست.","ترنم همدلی","original","1405"
"دوازدهم","تجربی","هویت اجتماعی","هویت اجتماعی","آزمون جامع","ارزیابی پایه","هسته ۱۰ سوالی","متوسط","ارزش اجتماعی چیست؟","باوری درباره مطلوب و مهم بودن امور","قد","دما","جرم اتمی","A","سؤال تألیفی تشخیصی برای ارزیابی اولیه؛ جایگزین پوشش فصل‌به‌فصل کتاب درسی نیست.","ترنم همدلی","original","1405"
"دوازدهم","تجربی","هویت اجتماعی","هویت اجتماعی","آزمون جامع","ارزیابی پایه","هسته ۱۰ سوالی","متوسط","هنجار اجتماعی چیست؟","الگوی مورد انتظار رفتار","فرمول","واکنش","حرکت","A","سؤال تألیفی تشخیصی برای ارزیابی اولیه؛ جایگزین پوشش فصل‌به‌فصل کتاب درسی نیست.","ترنم همدلی","original","1405"
"دوازدهم","تجربی","هویت اجتماعی","هویت اجتماعی","آزمون جامع","ارزیابی پایه","هسته ۱۰ سوالی","متوسط","جامعه‌پذیری چیست؟","یادگیری ارزش‌ها، هنجارها و نقش‌ها","ورزش","رشد قد","خواب","A","سؤال تألیفی تشخیصی برای ارزیابی اولیه؛ جایگزین پوشش فصل‌به‌فصل کتاب درسی نیست.","ترنم همدلی","original","1405"
"دوازدهم","تجربی","هویت اجتماعی","هویت اجتماعی","آزمون جامع","ارزیابی پایه","هسته ۱۰ سوالی","متوسط","تغییر اجتماعی چیست؟","دگرگونی در الگوها و روابط اجتماعی","تغییر دما","تغییر عدد","تغییر رنگ","A","سؤال تألیفی تشخیصی برای ارزیابی اولیه؛ جایگزین پوشش فصل‌به‌فصل کتاب درسی نیست.","ترنم همدلی","original","1405"
"دوازدهم","تجربی","هویت اجتماعی","هویت اجتماعی","آزمون جامع","ارزیابی پایه","هسته ۱۰ سوالی","متوسط","مسئولیت اجتماعی یعنی چه؟","توجه به پیامد رفتار برای دیگران و جامعه","فقط منفعت شخصی","نادیده گرفتن قانون","بی‌تفاوتی","A","سؤال تألیفی تشخیصی برای ارزیابی اولیه؛ جایگزین پوشش فصل‌به‌فصل کتاب درسی نیست.","ترنم همدلی","original","1405"
"دوازدهم","تجربی","هویت اجتماعی","هویت اجتماعی","آزمون جامع","ارزیابی پایه","هسته ۱۰ سوالی","متوسط","تعلق اجتماعی چه اثری دارد؟","تقویت احساس ارتباط با گروه و جامعه","حذف روابط","افزایش قطعی انزوا","حذف هویت","A","سؤال تألیفی تشخیصی برای ارزیابی اولیه؛ جایگزین پوشش فصل‌به‌فصل کتاب درسی نیست.","ترنم همدلی","original","1405"
"دوازدهم","تجربی","هویت اجتماعی","هویت اجتماعی","آزمون جامع","ارزیابی پایه","هسته ۱۰ سوالی","متوسط","هویت سالم می‌تواند بر چه چیزی استوار باشد؟","شناخت خود و ارتباط متعادل با دیگران","انکار خود","تقلید کامل","قطع روابط","A","سؤال تألیفی تشخیصی برای ارزیابی اولیه؛ جایگزین پوشش فصل‌به‌فصل کتاب درسی نیست.","ترنم همدلی","original","1405"
"دوازدهم","تجربی","هویت اجتماعی","هویت اجتماعی","آزمون جامع","ارزیابی پایه","هسته ۱۰ سوالی","متوسط","فرهنگ چه نقشی در هویت دارد؟","چارچوبی از ارزش‌ها و معناهای مشترک فراهم می‌کند","هیچ نقشی ندارد","فقط جسم را تغییر می‌دهد","فقط درآمد را تعیین می‌کند","A","سؤال تألیفی تشخیصی برای ارزیابی اولیه؛ جایگزین پوشش فصل‌به‌فصل کتاب درسی نیست.","ترنم همدلی","original","1405"
"دوازدهم","انسانی","هویت اجتماعی","هویت اجتماعی","آزمون جامع","ارزیابی پایه","هسته ۱۰ سوالی","متوسط","هویت اجتماعی به چه مربوط است؟","تعلق‌ها، نقش‌ها و جایگاه فرد در جامعه","قد","رنگ چشم","وزن","A","سؤال تألیفی تشخیصی برای ارزیابی اولیه؛ جایگزین پوشش فصل‌به‌فصل کتاب درسی نیست.","ترنم همدلی","original","1405"
"دوازدهم","انسانی","هویت اجتماعی","هویت اجتماعی","آزمون جامع","ارزیابی پایه","هسته ۱۰ سوالی","متوسط","نقش اجتماعی چیست؟","انتظارها و رفتارهای مرتبط با یک جایگاه","ویژگی ژنتیکی","عدد","ماده","A","سؤال تألیفی تشخیصی برای ارزیابی اولیه؛ جایگزین پوشش فصل‌به‌فصل کتاب درسی نیست.","ترنم همدلی","original","1405"
"دوازدهم","انسانی","هویت اجتماعی","هویت اجتماعی","آزمون جامع","ارزیابی پایه","هسته ۱۰ سوالی","متوسط","ارزش اجتماعی چیست؟","باوری درباره مطلوب و مهم بودن امور","قد","دما","جرم اتمی","A","سؤال تألیفی تشخیصی برای ارزیابی اولیه؛ جایگزین پوشش فصل‌به‌فصل کتاب درسی نیست.","ترنم همدلی","original","1405"
"دوازدهم","انسانی","هویت اجتماعی","هویت اجتماعی","آزمون جامع","ارزیابی پایه","هسته ۱۰ سوالی","متوسط","هنجار اجتماعی چیست؟","الگوی مورد انتظار رفتار","فرمول","واکنش","حرکت","A","سؤال تألیفی تشخیصی برای ارزیابی اولیه؛ جایگزین پوشش فصل‌به‌فصل کتاب درسی نیست.","ترنم همدلی","original","1405"
"دوازدهم","انسانی","هویت اجتماعی","هویت اجتماعی","آزمون جامع","ارزیابی پایه","هسته ۱۰ سوالی","متوسط","جامعه‌پذیری چیست؟","یادگیری ارزش‌ها، هنجارها و نقش‌ها","ورزش","رشد قد","خواب","A","سؤال تألیفی تشخیصی برای ارزیابی اولیه؛ جایگزین پوشش فصل‌به‌فصل کتاب درسی نیست.","ترنم همدلی","original","1405"
"دوازدهم","انسانی","هویت اجتماعی","هویت اجتماعی","آزمون جامع","ارزیابی پایه","هسته ۱۰ سوالی","متوسط","تغییر اجتماعی چیست؟","دگرگونی در الگوها و روابط اجتماعی","تغییر دما","تغییر عدد","تغییر رنگ","A","سؤال تألیفی تشخیصی برای ارزیابی اولیه؛ جایگزین پوشش فصل‌به‌فصل کتاب درسی نیست.","ترنم همدلی","original","1405"
"دوازدهم","انسانی","هویت اجتماعی","هویت اجتماعی","آزمون جامع","ارزیابی پایه","هسته ۱۰ سوالی","متوسط","مسئولیت اجتماعی یعنی چه؟","توجه به پیامد رفتار برای دیگران و جامعه","فقط منفعت شخصی","نادیده گرفتن قانون","بی‌تفاوتی","A","سؤال تألیفی تشخیصی برای ارزیابی اولیه؛ جایگزین پوشش فصل‌به‌فصل کتاب درسی نیست.","ترنم همدلی","original","1405"
"دوازدهم","انسانی","هویت اجتماعی","هویت اجتماعی","آزمون جامع","ارزیابی پایه","هسته ۱۰ سوالی","متوسط","تعلق اجتماعی چه اثری دارد؟","تقویت احساس ارتباط با گروه و جامعه","حذف روابط","افزایش قطعی انزوا","حذف هویت","A","سؤال تألیفی تشخیصی برای ارزیابی اولیه؛ جایگزین پوشش فصل‌به‌فصل کتاب درسی نیست.","ترنم همدلی","original","1405"
"دوازدهم","انسانی","هویت اجتماعی","هویت اجتماعی","آزمون جامع","ارزیابی پایه","هسته ۱۰ سوالی","متوسط","هویت سالم می‌تواند بر چه چیزی استوار باشد؟","شناخت خود و ارتباط متعادل با دیگران","انکار خود","تقلید کامل","قطع روابط","A","سؤال تألیفی تشخیصی برای ارزیابی اولیه؛ جایگزین پوشش فصل‌به‌فصل کتاب درسی نیست.","ترنم همدلی","original","1405"
"دوازدهم","انسانی","هویت اجتماعی","هویت اجتماعی","آزمون جامع","ارزیابی پایه","هسته ۱۰ سوالی","متوسط","فرهنگ چه نقشی در هویت دارد؟","چارچوبی از ارزش‌ها و معناهای مشترک فراهم می‌کند","هیچ نقشی ندارد","فقط جسم را تغییر می‌دهد","فقط درآمد را تعیین می‌کند","A","سؤال تألیفی تشخیصی برای ارزیابی اولیه؛ جایگزین پوشش فصل‌به‌فصل کتاب درسی نیست.","ترنم همدلی","original","1405"
"دوازدهم","ریاضی","سلامت و بهداشت","سلامت و بهداشت","آزمون جامع","ارزیابی پایه","هسته ۱۰ سوالی","متوسط","سلامت فقط نبود بیماری است؟","خیر؛ ابعاد جسمی، روانی و اجتماعی دارد","بله","فقط ورزش است","فقط تغذیه است","A","سؤال تألیفی تشخیصی برای ارزیابی اولیه؛ جایگزین پوشش فصل‌به‌فصل کتاب درسی نیست.","ترنم همدلی","original","1405"
"دوازدهم","ریاضی","سلامت و بهداشت","سلامت و بهداشت","آزمون جامع","ارزیابی پایه","هسته ۱۰ سوالی","متوسط","خواب کافی چه نقشی دارد؟","کمک به بازیابی جسم و عملکرد ذهنی","کاهش تمرکز همیشه","حذف تغذیه","افزایش استرس","A","سؤال تألیفی تشخیصی برای ارزیابی اولیه؛ جایگزین پوشش فصل‌به‌فصل کتاب درسی نیست.","ترنم همدلی","original","1405"
"دوازدهم","ریاضی","سلامت و بهداشت","سلامت و بهداشت","آزمون جامع","ارزیابی پایه","هسته ۱۰ سوالی","متوسط","تغذیه متعادل یعنی چه؟","دریافت متنوع و متناسب مواد مغذی","حذف یک گروه بدون دلیل","فقط یک ماده","خوردن بی‌برنامه","A","سؤال تألیفی تشخیصی برای ارزیابی اولیه؛ جایگزین پوشش فصل‌به‌فصل کتاب درسی نیست.","ترنم همدلی","original","1405"
"دوازدهم","ریاضی","سلامت و بهداشت","سلامت و بهداشت","آزمون جامع","ارزیابی پایه","هسته ۱۰ سوالی","متوسط","فعالیت بدنی منظم چه فایده‌ای دارد؟","کمک به سلامت جسم و روان","افزایش قطعی بیماری","حذف خواب","کاهش آب بدن همیشه","A","سؤال تألیفی تشخیصی برای ارزیابی اولیه؛ جایگزین پوشش فصل‌به‌فصل کتاب درسی نیست.","ترنم همدلی","original","1405"
"دوازدهم","ریاضی","سلامت و بهداشت","سلامت و بهداشت","آزمون جامع","ارزیابی پایه","هسته ۱۰ سوالی","متوسط","بهداشت فردی چه هدفی دارد؟","کاهش خطر بیماری و حفظ سلامت","افزایش آلودگی","حذف فعالیت","کاهش تغذیه","A","سؤال تألیفی تشخیصی برای ارزیابی اولیه؛ جایگزین پوشش فصل‌به‌فصل کتاب درسی نیست.","ترنم همدلی","original","1405"
"دوازدهم","ریاضی","سلامت و بهداشت","سلامت و بهداشت","آزمون جامع","ارزیابی پایه","هسته ۱۰ سوالی","متوسط","مدیریت استرس چه کمکی می‌کند؟","کاهش اثرات منفی فشار روانی","حذف همه مشکلات","افزایش اضطراب","بی‌توجهی به بدن","A","سؤال تألیفی تشخیصی برای ارزیابی اولیه؛ جایگزین پوشش فصل‌به‌فصل کتاب درسی نیست.","ترنم همدلی","original","1405"
"دوازدهم","ریاضی","سلامت و بهداشت","سلامت و بهداشت","آزمون جامع","ارزیابی پایه","هسته ۱۰ سوالی","متوسط","سلامت روان با چه چیزی ارتباط دارد؟","تنظیم هیجان، روابط و سازگاری با فشارها","قد","وزن","نمره","A","سؤال تألیفی تشخیصی برای ارزیابی اولیه؛ جایگزین پوشش فصل‌به‌فصل کتاب درسی نیست.","ترنم همدلی","original","1405"
"دوازدهم","ریاضی","سلامت و بهداشت","سلامت و بهداشت","آزمون جامع","ارزیابی پایه","هسته ۱۰ سوالی","متوسط","پیشگیری بهتر است بر چه چیزی تکیه کند؟","رفتار سالم و آگاهی از عوامل خطر","نادیده گرفتن علائم","خوددرمانی بی‌قاعده","بی‌توجهی","A","سؤال تألیفی تشخیصی برای ارزیابی اولیه؛ جایگزین پوشش فصل‌به‌فصل کتاب درسی نیست.","ترنم همدلی","original","1405"
"دوازدهم","ریاضی","سلامت و بهداشت","سلامت و بهداشت","آزمون جامع","ارزیابی پایه","هسته ۱۰ سوالی","متوسط","مصرف دخانیات چه اثری می‌تواند داشته باشد؟","افزایش خطرهای سلامت","بهبود قطعی سلامت","افزایش تمرکز دائمی","کاهش بیماری‌ها","A","سؤال تألیفی تشخیصی برای ارزیابی اولیه؛ جایگزین پوشش فصل‌به‌فصل کتاب درسی نیست.","ترنم همدلی","original","1405"
"دوازدهم","ریاضی","سلامت و بهداشت","سلامت و بهداشت","آزمون جامع","ارزیابی پایه","هسته ۱۰ سوالی","متوسط","تعادل درس و استراحت چرا مهم است؟","برای حفظ عملکرد و کاهش فرسودگی","حذف استراحت","افزایش خستگی","کاهش خواب","A","سؤال تألیفی تشخیصی برای ارزیابی اولیه؛ جایگزین پوشش فصل‌به‌فصل کتاب درسی نیست.","ترنم همدلی","original","1405"
"دوازدهم","تجربی","سلامت و بهداشت","سلامت و بهداشت","آزمون جامع","ارزیابی پایه","هسته ۱۰ سوالی","متوسط","سلامت فقط نبود بیماری است؟","خیر؛ ابعاد جسمی، روانی و اجتماعی دارد","بله","فقط ورزش است","فقط تغذیه است","A","سؤال تألیفی تشخیصی برای ارزیابی اولیه؛ جایگزین پوشش فصل‌به‌فصل کتاب درسی نیست.","ترنم همدلی","original","1405"
"دوازدهم","تجربی","سلامت و بهداشت","سلامت و بهداشت","آزمون جامع","ارزیابی پایه","هسته ۱۰ سوالی","متوسط","خواب کافی چه نقشی دارد؟","کمک به بازیابی جسم و عملکرد ذهنی","کاهش تمرکز همیشه","حذف تغذیه","افزایش استرس","A","سؤال تألیفی تشخیصی برای ارزیابی اولیه؛ جایگزین پوشش فصل‌به‌فصل کتاب درسی نیست.","ترنم همدلی","original","1405"
"دوازدهم","تجربی","سلامت و بهداشت","سلامت و بهداشت","آزمون جامع","ارزیابی پایه","هسته ۱۰ سوالی","متوسط","تغذیه متعادل یعنی چه؟","دریافت متنوع و متناسب مواد مغذی","حذف یک گروه بدون دلیل","فقط یک ماده","خوردن بی‌برنامه","A","سؤال تألیفی تشخیصی برای ارزیابی اولیه؛ جایگزین پوشش فصل‌به‌فصل کتاب درسی نیست.","ترنم همدلی","original","1405"
"دوازدهم","تجربی","سلامت و بهداشت","سلامت و بهداشت","آزمون جامع","ارزیابی پایه","هسته ۱۰ سوالی","متوسط","فعالیت بدنی منظم چه فایده‌ای دارد؟","کمک به سلامت جسم و روان","افزایش قطعی بیماری","حذف خواب","کاهش آب بدن همیشه","A","سؤال تألیفی تشخیصی برای ارزیابی اولیه؛ جایگزین پوشش فصل‌به‌فصل کتاب درسی نیست.","ترنم همدلی","original","1405"
"دوازدهم","تجربی","سلامت و بهداشت","سلامت و بهداشت","آزمون جامع","ارزیابی پایه","هسته ۱۰ سوالی","متوسط","بهداشت فردی چه هدفی دارد؟","کاهش خطر بیماری و حفظ سلامت","افزایش آلودگی","حذف فعالیت","کاهش تغذیه","A","سؤال تألیفی تشخیصی برای ارزیابی اولیه؛ جایگزین پوشش فصل‌به‌فصل کتاب درسی نیست.","ترنم همدلی","original","1405"
"دوازدهم","تجربی","سلامت و بهداشت","سلامت و بهداشت","آزمون جامع","ارزیابی پایه","هسته ۱۰ سوالی","متوسط","مدیریت استرس چه کمکی می‌کند؟","کاهش اثرات منفی فشار روانی","حذف همه مشکلات","افزایش اضطراب","بی‌توجهی به بدن","A","سؤال تألیفی تشخیصی برای ارزیابی اولیه؛ جایگزین پوشش فصل‌به‌فصل کتاب درسی نیست.","ترنم همدلی","original","1405"
"دوازدهم","تجربی","سلامت و بهداشت","سلامت و بهداشت","آزمون جامع","ارزیابی پایه","هسته ۱۰ سوالی","متوسط","سلامت روان با چه چیزی ارتباط دارد؟","تنظیم هیجان، روابط و سازگاری با فشارها","قد","وزن","نمره","A","سؤال تألیفی تشخیصی برای ارزیابی اولیه؛ جایگزین پوشش فصل‌به‌فصل کتاب درسی نیست.","ترنم همدلی","original","1405"
"دوازدهم","تجربی","سلامت و بهداشت","سلامت و بهداشت","آزمون جامع","ارزیابی پایه","هسته ۱۰ سوالی","متوسط","پیشگیری بهتر است بر چه چیزی تکیه کند؟","رفتار سالم و آگاهی از عوامل خطر","نادیده گرفتن علائم","خوددرمانی بی‌قاعده","بی‌توجهی","A","سؤال تألیفی تشخیصی برای ارزیابی اولیه؛ جایگزین پوشش فصل‌به‌فصل کتاب درسی نیست.","ترنم همدلی","original","1405"
"دوازدهم","تجربی","سلامت و بهداشت","سلامت و بهداشت","آزمون جامع","ارزیابی پایه","هسته ۱۰ سوالی","متوسط","مصرف دخانیات چه اثری می‌تواند داشته باشد؟","افزایش خطرهای سلامت","بهبود قطعی سلامت","افزایش تمرکز دائمی","کاهش بیماری‌ها","A","سؤال تألیفی تشخیصی برای ارزیابی اولیه؛ جایگزین پوشش فصل‌به‌فصل کتاب درسی نیست.","ترنم همدلی","original","1405"
"دوازدهم","تجربی","سلامت و بهداشت","سلامت و بهداشت","آزمون جامع","ارزیابی پایه","هسته ۱۰ سوالی","متوسط","تعادل درس و استراحت چرا مهم است؟","برای حفظ عملکرد و کاهش فرسودگی","حذف استراحت","افزایش خستگی","کاهش خواب","A","سؤال تألیفی تشخیصی برای ارزیابی اولیه؛ جایگزین پوشش فصل‌به‌فصل کتاب درسی نیست.","ترنم همدلی","original","1405"
"دوازدهم","انسانی","سلامت و بهداشت","سلامت و بهداشت","آزمون جامع","ارزیابی پایه","هسته ۱۰ سوالی","متوسط","سلامت فقط نبود بیماری است؟","خیر؛ ابعاد جسمی، روانی و اجتماعی دارد","بله","فقط ورزش است","فقط تغذیه است","A","سؤال تألیفی تشخیصی برای ارزیابی اولیه؛ جایگزین پوشش فصل‌به‌فصل کتاب درسی نیست.","ترنم همدلی","original","1405"
"دوازدهم","انسانی","سلامت و بهداشت","سلامت و بهداشت","آزمون جامع","ارزیابی پایه","هسته ۱۰ سوالی","متوسط","خواب کافی چه نقشی دارد؟","کمک به بازیابی جسم و عملکرد ذهنی","کاهش تمرکز همیشه","حذف تغذیه","افزایش استرس","A","سؤال تألیفی تشخیصی برای ارزیابی اولیه؛ جایگزین پوشش فصل‌به‌فصل کتاب درسی نیست.","ترنم همدلی","original","1405"
"دوازدهم","انسانی","سلامت و بهداشت","سلامت و بهداشت","آزمون جامع","ارزیابی پایه","هسته ۱۰ سوالی","متوسط","تغذیه متعادل یعنی چه؟","دریافت متنوع و متناسب مواد مغذی","حذف یک گروه بدون دلیل","فقط یک ماده","خوردن بی‌برنامه","A","سؤال تألیفی تشخیصی برای ارزیابی اولیه؛ جایگزین پوشش فصل‌به‌فصل کتاب درسی نیست.","ترنم همدلی","original","1405"
"دوازدهم","انسانی","سلامت و بهداشت","سلامت و بهداشت","آزمون جامع","ارزیابی پایه","هسته ۱۰ سوالی","متوسط","فعالیت بدنی منظم چه فایده‌ای دارد؟","کمک به سلامت جسم و روان","افزایش قطعی بیماری","حذف خواب","کاهش آب بدن همیشه","A","سؤال تألیفی تشخیصی برای ارزیابی اولیه؛ جایگزین پوشش فصل‌به‌فصل کتاب درسی نیست.","ترنم همدلی","original","1405"
"دوازدهم","انسانی","سلامت و بهداشت","سلامت و بهداشت","آزمون جامع","ارزیابی پایه","هسته ۱۰ سوالی","متوسط","بهداشت فردی چه هدفی دارد؟","کاهش خطر بیماری و حفظ سلامت","افزایش آلودگی","حذف فعالیت","کاهش تغذیه","A","سؤال تألیفی تشخیصی برای ارزیابی اولیه؛ جایگزین پوشش فصل‌به‌فصل کتاب درسی نیست.","ترنم همدلی","original","1405"
"دوازدهم","انسانی","سلامت و بهداشت","سلامت و بهداشت","آزمون جامع","ارزیابی پایه","هسته ۱۰ سوالی","متوسط","مدیریت استرس چه کمکی می‌کند؟","کاهش اثرات منفی فشار روانی","حذف همه مشکلات","افزایش اضطراب","بی‌توجهی به بدن","A","سؤال تألیفی تشخیصی برای ارزیابی اولیه؛ جایگزین پوشش فصل‌به‌فصل کتاب درسی نیست.","ترنم همدلی","original","1405"
"دوازدهم","انسانی","سلامت و بهداشت","سلامت و بهداشت","آزمون جامع","ارزیابی پایه","هسته ۱۰ سوالی","متوسط","سلامت روان با چه چیزی ارتباط دارد؟","تنظیم هیجان، روابط و سازگاری با فشارها","قد","وزن","نمره","A","سؤال تألیفی تشخیصی برای ارزیابی اولیه؛ جایگزین پوشش فصل‌به‌فصل کتاب درسی نیست.","ترنم همدلی","original","1405"
"دوازدهم","انسانی","سلامت و بهداشت","سلامت و بهداشت","آزمون جامع","ارزیابی پایه","هسته ۱۰ سوالی","متوسط","پیشگیری بهتر است بر چه چیزی تکیه کند؟","رفتار سالم و آگاهی از عوامل خطر","نادیده گرفتن علائم","خوددرمانی بی‌قاعده","بی‌توجهی","A","سؤال تألیفی تشخیصی برای ارزیابی اولیه؛ جایگزین پوشش فصل‌به‌فصل کتاب درسی نیست.","ترنم همدلی","original","1405"
"دوازدهم","انسانی","سلامت و بهداشت","سلامت و بهداشت","آزمون جامع","ارزیابی پایه","هسته ۱۰ سوالی","متوسط","مصرف دخانیات چه اثری می‌تواند داشته باشد؟","افزایش خطرهای سلامت","بهبود قطعی سلامت","افزایش تمرکز دائمی","کاهش بیماری‌ها","A","سؤال تألیفی تشخیصی برای ارزیابی اولیه؛ جایگزین پوشش فصل‌به‌فصل کتاب درسی نیست.","ترنم همدلی","original","1405"
"دوازدهم","انسانی","سلامت و بهداشت","سلامت و بهداشت","آزمون جامع","ارزیابی پایه","هسته ۱۰ سوالی","متوسط","تعادل درس و استراحت چرا مهم است؟","برای حفظ عملکرد و کاهش فرسودگی","حذف استراحت","افزایش خستگی","کاهش خواب","A","سؤال تألیفی تشخیصی برای ارزیابی اولیه؛ جایگزین پوشش فصل‌به‌فصل کتاب درسی نیست.","ترنم همدلی","original","1405"
"دوازدهم","ریاضی","مدیریت خانواده و سبک زندگی","مدیریت خانواده و سبک زندگی","آزمون جامع","ارزیابی پایه","هسته ۱۰ سوالی","متوسط","هدف اصلی این درس در آموزش چیست؟","یادگیری مفاهیم و مهارت‌های مرتبط با آن","حذف یادگیری","افزایش ابهام","حفظ بدون درک","A","سؤال تألیفی تشخیصی برای ارزیابی اولیه؛ جایگزین پوشش فصل‌به‌فصل کتاب درسی نیست.","ترنم همدلی","original","1405"
"دوازدهم","ریاضی","مدیریت خانواده و سبک زندگی","مدیریت خانواده و سبک زندگی","آزمون جامع","ارزیابی پایه","هسته ۱۰ سوالی","متوسط","یادگیری مؤثر در این درس به چه نیاز دارد؟","فهم مفهوم و تمرین","فقط زمان زیاد","فقط حفظ","بدون تمرین","A","سؤال تألیفی تشخیصی برای ارزیابی اولیه؛ جایگزین پوشش فصل‌به‌فصل کتاب درسی نیست.","ترنم همدلی","original","1405"
"دوازدهم","ریاضی","مدیریت خانواده و سبک زندگی","مدیریت خانواده و سبک زندگی","آزمون جامع","ارزیابی پایه","هسته ۱۰ سوالی","متوسط","برای بررسی یک پاسخ درسی چه چیزی مهم است؟","دقت در مفهوم و شواهد","حدس","شایعه","ظاهر پاسخ","A","سؤال تألیفی تشخیصی برای ارزیابی اولیه؛ جایگزین پوشش فصل‌به‌فصل کتاب درسی نیست.","ترنم همدلی","original","1405"
"دوازدهم","ریاضی","مدیریت خانواده و سبک زندگی","مدیریت خانواده و سبک زندگی","آزمون جامع","ارزیابی پایه","هسته ۱۰ سوالی","متوسط","مرور مطالب چه فایده‌ای دارد؟","تقویت ماندگاری یادگیری","حذف اطلاعات","افزایش فراموشی","تغییر موضوع","A","سؤال تألیفی تشخیصی برای ارزیابی اولیه؛ جایگزین پوشش فصل‌به‌فصل کتاب درسی نیست.","ترنم همدلی","original","1405"
"دوازدهم","ریاضی","مدیریت خانواده و سبک زندگی","مدیریت خانواده و سبک زندگی","آزمون جامع","ارزیابی پایه","هسته ۱۰ سوالی","متوسط","خودآزمایی چه کمکی می‌کند؟","شناخت نقاط قوت و ضعف","حذف مطالعه","تضمین نمره","تغییر کتاب","A","سؤال تألیفی تشخیصی برای ارزیابی اولیه؛ جایگزین پوشش فصل‌به‌فصل کتاب درسی نیست.","ترنم همدلی","original","1405"
"دوازدهم","ریاضی","مدیریت خانواده و سبک زندگی","مدیریت خانواده و سبک زندگی","آزمون جامع","ارزیابی پایه","هسته ۱۰ سوالی","متوسط","رفع اشکال بهتر است چگونه انجام شود؟","با شناسایی خطا و علت آن","با حفظ پاسخ","با حذف سؤال","بدون بررسی","A","سؤال تألیفی تشخیصی برای ارزیابی اولیه؛ جایگزین پوشش فصل‌به‌فصل کتاب درسی نیست.","ترنم همدلی","original","1405"
"دوازدهم","ریاضی","مدیریت خانواده و سبک زندگی","مدیریت خانواده و سبک زندگی","آزمون جامع","ارزیابی پایه","هسته ۱۰ سوالی","متوسط","سؤال تشخیصی برای چیست؟","شناخت سطح فعلی یادگیری","تضمین موفقیت","حذف تمرین","تغییر پایه","A","سؤال تألیفی تشخیصی برای ارزیابی اولیه؛ جایگزین پوشش فصل‌به‌فصل کتاب درسی نیست.","ترنم همدلی","original","1405"
"دوازدهم","ریاضی","مدیریت خانواده و سبک زندگی","مدیریت خانواده و سبک زندگی","آزمون جامع","ارزیابی پایه","هسته ۱۰ سوالی","متوسط","بازخورد خوب چه ویژگی دارد؟","مشخص و قابل اجراست","فقط کلی است","فقط سرزنش است","بدون ارتباط است","A","سؤال تألیفی تشخیصی برای ارزیابی اولیه؛ جایگزین پوشش فصل‌به‌فصل کتاب درسی نیست.","ترنم همدلی","original","1405"
"دوازدهم","ریاضی","مدیریت خانواده و سبک زندگی","مدیریت خانواده و سبک زندگی","آزمون جامع","ارزیابی پایه","هسته ۱۰ سوالی","متوسط","برنامه‌ریزی مطالعه چه فایده‌ای دارد؟","توزیع منطقی زمان و اولویت‌ها","حذف استراحت","افزایش بی‌نظمی","کاهش هدف","A","سؤال تألیفی تشخیصی برای ارزیابی اولیه؛ جایگزین پوشش فصل‌به‌فصل کتاب درسی نیست.","ترنم همدلی","original","1405"
"دوازدهم","ریاضی","مدیریت خانواده و سبک زندگی","مدیریت خانواده و سبک زندگی","آزمون جامع","ارزیابی پایه","هسته ۱۰ سوالی","متوسط","تمرین متنوع چه فایده‌ای دارد؟","کمک به کاربرد مفهوم در موقعیت‌های مختلف","حذف مفهوم","افزایش حفظ طوطی‌وار","کاهش انعطاف","A","سؤال تألیفی تشخیصی برای ارزیابی اولیه؛ جایگزین پوشش فصل‌به‌فصل کتاب درسی نیست.","ترنم همدلی","original","1405"
"دوازدهم","تجربی","مدیریت خانواده و سبک زندگی","مدیریت خانواده و سبک زندگی","آزمون جامع","ارزیابی پایه","هسته ۱۰ سوالی","متوسط","هدف اصلی این درس در آموزش چیست؟","یادگیری مفاهیم و مهارت‌های مرتبط با آن","حذف یادگیری","افزایش ابهام","حفظ بدون درک","A","سؤال تألیفی تشخیصی برای ارزیابی اولیه؛ جایگزین پوشش فصل‌به‌فصل کتاب درسی نیست.","ترنم همدلی","original","1405"
"دوازدهم","تجربی","مدیریت خانواده و سبک زندگی","مدیریت خانواده و سبک زندگی","آزمون جامع","ارزیابی پایه","هسته ۱۰ سوالی","متوسط","یادگیری مؤثر در این درس به چه نیاز دارد؟","فهم مفهوم و تمرین","فقط زمان زیاد","فقط حفظ","بدون تمرین","A","سؤال تألیفی تشخیصی برای ارزیابی اولیه؛ جایگزین پوشش فصل‌به‌فصل کتاب درسی نیست.","ترنم همدلی","original","1405"
"دوازدهم","تجربی","مدیریت خانواده و سبک زندگی","مدیریت خانواده و سبک زندگی","آزمون جامع","ارزیابی پایه","هسته ۱۰ سوالی","متوسط","برای بررسی یک پاسخ درسی چه چیزی مهم است؟","دقت در مفهوم و شواهد","حدس","شایعه","ظاهر پاسخ","A","سؤال تألیفی تشخیصی برای ارزیابی اولیه؛ جایگزین پوشش فصل‌به‌فصل کتاب درسی نیست.","ترنم همدلی","original","1405"
"دوازدهم","تجربی","مدیریت خانواده و سبک زندگی","مدیریت خانواده و سبک زندگی","آزمون جامع","ارزیابی پایه","هسته ۱۰ سوالی","متوسط","مرور مطالب چه فایده‌ای دارد؟","تقویت ماندگاری یادگیری","حذف اطلاعات","افزایش فراموشی","تغییر موضوع","A","سؤال تألیفی تشخیصی برای ارزیابی اولیه؛ جایگزین پوشش فصل‌به‌فصل کتاب درسی نیست.","ترنم همدلی","original","1405"
"دوازدهم","تجربی","مدیریت خانواده و سبک زندگی","مدیریت خانواده و سبک زندگی","آزمون جامع","ارزیابی پایه","هسته ۱۰ سوالی","متوسط","خودآزمایی چه کمکی می‌کند؟","شناخت نقاط قوت و ضعف","حذف مطالعه","تضمین نمره","تغییر کتاب","A","سؤال تألیفی تشخیصی برای ارزیابی اولیه؛ جایگزین پوشش فصل‌به‌فصل کتاب درسی نیست.","ترنم همدلی","original","1405"
"دوازدهم","تجربی","مدیریت خانواده و سبک زندگی","مدیریت خانواده و سبک زندگی","آزمون جامع","ارزیابی پایه","هسته ۱۰ سوالی","متوسط","رفع اشکال بهتر است چگونه انجام شود؟","با شناسایی خطا و علت آن","با حفظ پاسخ","با حذف سؤال","بدون بررسی","A","سؤال تألیفی تشخیصی برای ارزیابی اولیه؛ جایگزین پوشش فصل‌به‌فصل کتاب درسی نیست.","ترنم همدلی","original","1405"
"دوازدهم","تجربی","مدیریت خانواده و سبک زندگی","مدیریت خانواده و سبک زندگی","آزمون جامع","ارزیابی پایه","هسته ۱۰ سوالی","متوسط","سؤال تشخیصی برای چیست؟","شناخت سطح فعلی یادگیری","تضمین موفقیت","حذف تمرین","تغییر پایه","A","سؤال تألیفی تشخیصی برای ارزیابی اولیه؛ جایگزین پوشش فصل‌به‌فصل کتاب درسی نیست.","ترنم همدلی","original","1405"
"دوازدهم","تجربی","مدیریت خانواده و سبک زندگی","مدیریت خانواده و سبک زندگی","آزمون جامع","ارزیابی پایه","هسته ۱۰ سوالی","متوسط","بازخورد خوب چه ویژگی دارد؟","مشخص و قابل اجراست","فقط کلی است","فقط سرزنش است","بدون ارتباط است","A","سؤال تألیفی تشخیصی برای ارزیابی اولیه؛ جایگزین پوشش فصل‌به‌فصل کتاب درسی نیست.","ترنم همدلی","original","1405"
"دوازدهم","تجربی","مدیریت خانواده و سبک زندگی","مدیریت خانواده و سبک زندگی","آزمون جامع","ارزیابی پایه","هسته ۱۰ سوالی","متوسط","برنامه‌ریزی مطالعه چه فایده‌ای دارد؟","توزیع منطقی زمان و اولویت‌ها","حذف استراحت","افزایش بی‌نظمی","کاهش هدف","A","سؤال تألیفی تشخیصی برای ارزیابی اولیه؛ جایگزین پوشش فصل‌به‌فصل کتاب درسی نیست.","ترنم همدلی","original","1405"
"دوازدهم","تجربی","مدیریت خانواده و سبک زندگی","مدیریت خانواده و سبک زندگی","آزمون جامع","ارزیابی پایه","هسته ۱۰ سوالی","متوسط","تمرین متنوع چه فایده‌ای دارد؟","کمک به کاربرد مفهوم در موقعیت‌های مختلف","حذف مفهوم","افزایش حفظ طوطی‌وار","کاهش انعطاف","A","سؤال تألیفی تشخیصی برای ارزیابی اولیه؛ جایگزین پوشش فصل‌به‌فصل کتاب درسی نیست.","ترنم همدلی","original","1405"
"دوازدهم","انسانی","مدیریت خانواده و سبک زندگی","مدیریت خانواده و سبک زندگی","آزمون جامع","ارزیابی پایه","هسته ۱۰ سوالی","متوسط","هدف اصلی این درس در آموزش چیست؟","یادگیری مفاهیم و مهارت‌های مرتبط با آن","حذف یادگیری","افزایش ابهام","حفظ بدون درک","A","سؤال تألیفی تشخیصی برای ارزیابی اولیه؛ جایگزین پوشش فصل‌به‌فصل کتاب درسی نیست.","ترنم همدلی","original","1405"
"دوازدهم","انسانی","مدیریت خانواده و سبک زندگی","مدیریت خانواده و سبک زندگی","آزمون جامع","ارزیابی پایه","هسته ۱۰ سوالی","متوسط","یادگیری مؤثر در این درس به چه نیاز دارد؟","فهم مفهوم و تمرین","فقط زمان زیاد","فقط حفظ","بدون تمرین","A","سؤال تألیفی تشخیصی برای ارزیابی اولیه؛ جایگزین پوشش فصل‌به‌فصل کتاب درسی نیست.","ترنم همدلی","original","1405"
"دوازدهم","انسانی","مدیریت خانواده و سبک زندگی","مدیریت خانواده و سبک زندگی","آزمون جامع","ارزیابی پایه","هسته ۱۰ سوالی","متوسط","برای بررسی یک پاسخ درسی چه چیزی مهم است؟","دقت در مفهوم و شواهد","حدس","شایعه","ظاهر پاسخ","A","سؤال تألیفی تشخیصی برای ارزیابی اولیه؛ جایگزین پوشش فصل‌به‌فصل کتاب درسی نیست.","ترنم همدلی","original","1405"
"دوازدهم","انسانی","مدیریت خانواده و سبک زندگی","مدیریت خانواده و سبک زندگی","آزمون جامع","ارزیابی پایه","هسته ۱۰ سوالی","متوسط","مرور مطالب چه فایده‌ای دارد؟","تقویت ماندگاری یادگیری","حذف اطلاعات","افزایش فراموشی","تغییر موضوع","A","سؤال تألیفی تشخیصی برای ارزیابی اولیه؛ جایگزین پوشش فصل‌به‌فصل کتاب درسی نیست.","ترنم همدلی","original","1405"
"دوازدهم","انسانی","مدیریت خانواده و سبک زندگی","مدیریت خانواده و سبک زندگی","آزمون جامع","ارزیابی پایه","هسته ۱۰ سوالی","متوسط","خودآزمایی چه کمکی می‌کند؟","شناخت نقاط قوت و ضعف","حذف مطالعه","تضمین نمره","تغییر کتاب","A","سؤال تألیفی تشخیصی برای ارزیابی اولیه؛ جایگزین پوشش فصل‌به‌فصل کتاب درسی نیست.","ترنم همدلی","original","1405"
"دوازدهم","انسانی","مدیریت خانواده و سبک زندگی","مدیریت خانواده و سبک زندگی","آزمون جامع","ارزیابی پایه","هسته ۱۰ سوالی","متوسط","رفع اشکال بهتر است چگونه انجام شود؟","با شناسایی خطا و علت آن","با حفظ پاسخ","با حذف سؤال","بدون بررسی","A","سؤال تألیفی تشخیصی برای ارزیابی اولیه؛ جایگزین پوشش فصل‌به‌فصل کتاب درسی نیست.","ترنم همدلی","original","1405"
"دوازدهم","انسانی","مدیریت خانواده و سبک زندگی","مدیریت خانواده و سبک زندگی","آزمون جامع","ارزیابی پایه","هسته ۱۰ سوالی","متوسط","سؤال تشخیصی برای چیست؟","شناخت سطح فعلی یادگیری","تضمین موفقیت","حذف تمرین","تغییر پایه","A","سؤال تألیفی تشخیصی برای ارزیابی اولیه؛ جایگزین پوشش فصل‌به‌فصل کتاب درسی نیست.","ترنم همدلی","original","1405"
"دوازدهم","انسانی","مدیریت خانواده و سبک زندگی","مدیریت خانواده و سبک زندگی","آزمون جامع","ارزیابی پایه","هسته ۱۰ سوالی","متوسط","بازخورد خوب چه ویژگی دارد؟","مشخص و قابل اجراست","فقط کلی است","فقط سرزنش است","بدون ارتباط است","A","سؤال تألیفی تشخیصی برای ارزیابی اولیه؛ جایگزین پوشش فصل‌به‌فصل کتاب درسی نیست.","ترنم همدلی","original","1405"
"دوازدهم","انسانی","مدیریت خانواده و سبک زندگی","مدیریت خانواده و سبک زندگی","آزمون جامع","ارزیابی پایه","هسته ۱۰ سوالی","متوسط","برنامه‌ریزی مطالعه چه فایده‌ای دارد؟","توزیع منطقی زمان و اولویت‌ها","حذف استراحت","افزایش بی‌نظمی","کاهش هدف","A","سؤال تألیفی تشخیصی برای ارزیابی اولیه؛ جایگزین پوشش فصل‌به‌فصل کتاب درسی نیست.","ترنم همدلی","original","1405"
"دوازدهم","انسانی","مدیریت خانواده و سبک زندگی","مدیریت خانواده و سبک زندگی","آزمون جامع","ارزیابی پایه","هسته ۱۰ سوالی","متوسط","تمرین متنوع چه فایده‌ای دارد؟","کمک به کاربرد مفهوم در موقعیت‌های مختلف","حذف مفهوم","افزایش حفظ طوطی‌وار","کاهش انعطاف","A","سؤال تألیفی تشخیصی برای ارزیابی اولیه؛ جایگزین پوشش فصل‌به‌فصل کتاب درسی نیست.","ترنم همدلی","original","1405"
"دهم","ریاضی","ریاضی","ریاضی","آزمون جامع","ارزیابی پایه","هسته ۱۰ سوالی","متوسط","کدام گزینه یک مفهوم پایه در این درس است؟","تعریف و رابطه بین کمیت‌ها","رنگ","صدا","بو","A","سؤال تألیفی تشخیصی برای ارزیابی اولیه؛ جایگزین پوشش فصل‌به‌فصل کتاب درسی نیست.","ترنم همدلی","original","1405"
"دهم","ریاضی","ریاضی","ریاضی","آزمون جامع","ارزیابی پایه","هسته ۱۰ سوالی","متوسط","حل مرحله‌ای مسئله چه فایده‌ای دارد؟","کاهش خطا و امکان بررسی مسیر حل","حذف داده","افزایش ابهام","تغییر موضوع","A","سؤال تألیفی تشخیصی برای ارزیابی اولیه؛ جایگزین پوشش فصل‌به‌فصل کتاب درسی نیست.","ترنم همدلی","original","1405"
"دهم","ریاضی","ریاضی","ریاضی","آزمون جامع","ارزیابی پایه","هسته ۱۰ سوالی","متوسط","میانگین برای چه کاری به‌کار می‌رود؟","خلاصه‌کردن مجموعه‌ای از داده‌ها","اندازه‌گیری دما","تشخیص صدا","تعیین رنگ","A","سؤال تألیفی تشخیصی برای ارزیابی اولیه؛ جایگزین پوشش فصل‌به‌فصل کتاب درسی نیست.","ترنم همدلی","original","1405"
"دهم","ریاضی","ریاضی","ریاضی","آزمون جامع","ارزیابی پایه","هسته ۱۰ سوالی","متوسط","احتمال رویداد قطعی چیست؟","۱","۰","۰٫۵","۲","A","سؤال تألیفی تشخیصی برای ارزیابی اولیه؛ جایگزین پوشش فصل‌به‌فصل کتاب درسی نیست.","ترنم همدلی","original","1405"
"دهم","ریاضی","ریاضی","ریاضی","آزمون جامع","ارزیابی پایه","هسته ۱۰ سوالی","متوسط","نمودار چه کمکی می‌کند؟","نمایش و مقایسه داده‌ها","حذف داده","تغییر سؤال","حذف واحد","A","سؤال تألیفی تشخیصی برای ارزیابی اولیه؛ جایگزین پوشش فصل‌به‌فصل کتاب درسی نیست.","ترنم همدلی","original","1405"
"دهم","ریاضی","ریاضی","ریاضی","آزمون جامع","ارزیابی پایه","هسته ۱۰ سوالی","متوسط","واحد اندازه‌گیری چه اهمیتی دارد؟","امکان مقایسه و بیان دقیق مقدار","تغییر نتیجه","حذف عدد","افزایش ابهام","A","سؤال تألیفی تشخیصی برای ارزیابی اولیه؛ جایگزین پوشش فصل‌به‌فصل کتاب درسی نیست.","ترنم همدلی","original","1405"
"دهم","ریاضی","ریاضی","ریاضی","آزمون جامع","ارزیابی پایه","هسته ۱۰ سوالی","متوسط","برای حل یک مسئله ابتدا چه باید کرد؟","شناخت داده‌ها و خواسته","حدس پاسخ","حذف صورت مسئله","تغییر واحد بدون دلیل","A","سؤال تألیفی تشخیصی برای ارزیابی اولیه؛ جایگزین پوشش فصل‌به‌فصل کتاب درسی نیست.","ترنم همدلی","original","1405"
"دهم","ریاضی","ریاضی","ریاضی","آزمون جامع","ارزیابی پایه","هسته ۱۰ سوالی","متوسط","تقریب عدد برای چیست؟","ساده‌سازی با حفظ دقت مناسب","تغییر تصادفی مقدار","حذف عدد","تبدیل به متن","A","سؤال تألیفی تشخیصی برای ارزیابی اولیه؛ جایگزین پوشش فصل‌به‌فصل کتاب درسی نیست.","ترنم همدلی","original","1405"
"دهم","ریاضی","ریاضی","ریاضی","آزمون جامع","ارزیابی پایه","هسته ۱۰ سوالی","متوسط","رابطه ریاضی چه چیزی را بیان می‌کند؟","ارتباط میان کمیت‌ها","نام افراد","رنگ‌ها","صدای محیط","A","سؤال تألیفی تشخیصی برای ارزیابی اولیه؛ جایگزین پوشش فصل‌به‌فصل کتاب درسی نیست.","ترنم همدلی","original","1405"
"دهم","ریاضی","ریاضی","ریاضی","آزمون جامع","ارزیابی پایه","هسته ۱۰ سوالی","متوسط","بررسی پاسخ پس از حل چه فایده‌ای دارد؟","کشف خطای محاسبه یا استدلال","حذف پاسخ","تغییر موضوع","افزایش ابهام","A","سؤال تألیفی تشخیصی برای ارزیابی اولیه؛ جایگزین پوشش فصل‌به‌فصل کتاب درسی نیست.","ترنم همدلی","original","1405"
"دهم","ریاضی","فیزیک","فیزیک","آزمون جامع","ارزیابی پایه","هسته ۱۰ سوالی","متوسط","سرعت چه چیزی را بیان می‌کند؟","نرخ تغییر مکان نسبت به زمان","جرم","دما","حجم","A","سؤال تألیفی تشخیصی برای ارزیابی اولیه؛ جایگزین پوشش فصل‌به‌فصل کتاب درسی نیست.","ترنم همدلی","original","1405"
"دهم","ریاضی","فیزیک","فیزیک","آزمون جامع","ارزیابی پایه","هسته ۱۰ سوالی","متوسط","نیرو می‌تواند چه اثری داشته باشد؟","تغییر حرکت یا شکل جسم","تغییر نام","افزایش جرم بدون ماده","حذف زمان","A","سؤال تألیفی تشخیصی برای ارزیابی اولیه؛ جایگزین پوشش فصل‌به‌فصل کتاب درسی نیست.","ترنم همدلی","original","1405"
"دهم","ریاضی","فیزیک","فیزیک","آزمون جامع","ارزیابی پایه","هسته ۱۰ سوالی","متوسط","واحد نیرو در SI چیست؟","نیوتن","ژول","وات","پاسکال","A","سؤال تألیفی تشخیصی برای ارزیابی اولیه؛ جایگزین پوشش فصل‌به‌فصل کتاب درسی نیست.","ترنم همدلی","original","1405"
"دهم","ریاضی","فیزیک","فیزیک","آزمون جامع","ارزیابی پایه","هسته ۱۰ سوالی","متوسط","انرژی جنبشی به چه مربوط است؟","حرکت جسم","رنگ","نام","حجم فقط","A","سؤال تألیفی تشخیصی برای ارزیابی اولیه؛ جایگزین پوشش فصل‌به‌فصل کتاب درسی نیست.","ترنم همدلی","original","1405"
"دهم","ریاضی","فیزیک","فیزیک","آزمون جامع","ارزیابی پایه","هسته ۱۰ سوالی","متوسط","توان چیست؟","نرخ انجام کار یا انتقال انرژی","جرم","فاصله","دما","A","سؤال تألیفی تشخیصی برای ارزیابی اولیه؛ جایگزین پوشش فصل‌به‌فصل کتاب درسی نیست.","ترنم همدلی","original","1405"
"دهم","ریاضی","فیزیک","فیزیک","آزمون جامع","ارزیابی پایه","هسته ۱۰ سوالی","متوسط","فشار به چه چیزی مربوط است؟","نیرو بر واحد سطح","جرم بر زمان","دما بر حجم","سرعت بر جرم","A","سؤال تألیفی تشخیصی برای ارزیابی اولیه؛ جایگزین پوشش فصل‌به‌فصل کتاب درسی نیست.","ترنم همدلی","original","1405"
"دهم","ریاضی","فیزیک","فیزیک","آزمون جامع","ارزیابی پایه","هسته ۱۰ سوالی","متوسط","گرما چیست؟","انتقال انرژی به علت اختلاف دما","جرم","فشار","حجم","A","سؤال تألیفی تشخیصی برای ارزیابی اولیه؛ جایگزین پوشش فصل‌به‌فصل کتاب درسی نیست.","ترنم همدلی","original","1405"
"دهم","ریاضی","فیزیک","فیزیک","آزمون جامع","ارزیابی پایه","هسته ۱۰ سوالی","متوسط","قانون دوم نیوتن چه رابطه‌ای را بیان می‌کند؟","ارتباط نیرو، جرم و شتاب","رنگ و نور","زمان و جرم فقط","دما و رنگ","A","سؤال تألیفی تشخیصی برای ارزیابی اولیه؛ جایگزین پوشش فصل‌به‌فصل کتاب درسی نیست.","ترنم همدلی","original","1405"
"دهم","ریاضی","فیزیک","فیزیک","آزمون جامع","ارزیابی پایه","هسته ۱۰ سوالی","متوسط","مدار الکتریکی بسته چه ویژگی دارد؟","مسیر پیوسته برای جریان فراهم می‌کند","هیچ مسیر ندارد","فقط باتری است","بدون منبع کار می‌کند","A","سؤال تألیفی تشخیصی برای ارزیابی اولیه؛ جایگزین پوشش فصل‌به‌فصل کتاب درسی نیست.","ترنم همدلی","original","1405"
"دهم","ریاضی","فیزیک","فیزیک","آزمون جامع","ارزیابی پایه","هسته ۱۰ سوالی","متوسط","موج چه چیزی را منتقل می‌کند؟","انرژی از یک ناحیه به ناحیه دیگر","جرم به‌طور الزامی","فقط ماده","فقط صدا","A","سؤال تألیفی تشخیصی برای ارزیابی اولیه؛ جایگزین پوشش فصل‌به‌فصل کتاب درسی نیست.","ترنم همدلی","original","1405"
"دهم","ریاضی","شیمی","شیمی","آزمون جامع","ارزیابی پایه","هسته ۱۰ سوالی","متوسط","اتم چیست؟","واحد بسیار کوچک سازنده ماده با هسته و الکترون‌ها","بافت","سلول","محلول","A","سؤال تألیفی تشخیصی برای ارزیابی اولیه؛ جایگزین پوشش فصل‌به‌فصل کتاب درسی نیست.","ترنم همدلی","original","1405"
"دهم","ریاضی","شیمی","شیمی","آزمون جامع","ارزیابی پایه","هسته ۱۰ سوالی","متوسط","عنصر چیست؟","ماده‌ای متشکل از اتم‌های یک نوع","مخلوط","محلول","واکنش","A","سؤال تألیفی تشخیصی برای ارزیابی اولیه؛ جایگزین پوشش فصل‌به‌فصل کتاب درسی نیست.","ترنم همدلی","original","1405"
"دهم","ریاضی","شیمی","شیمی","آزمون جامع","ارزیابی پایه","هسته ۱۰ سوالی","متوسط","مولکول چیست؟","مجموعه‌ای از اتم‌های پیوندشده","بافت","دستگاه","واحد زمان","A","سؤال تألیفی تشخیصی برای ارزیابی اولیه؛ جایگزین پوشش فصل‌به‌فصل کتاب درسی نیست.","ترنم همدلی","original","1405"
"دهم","ریاضی","شیمی","شیمی","آزمون جامع","ارزیابی پایه","هسته ۱۰ سوالی","متوسط","واکنش شیمیایی چیست؟","تبدیل مواد اولیه به مواد جدید","تغییر مکان","تغییر فصل","اندازه‌گیری جرم","A","سؤال تألیفی تشخیصی برای ارزیابی اولیه؛ جایگزین پوشش فصل‌به‌فصل کتاب درسی نیست.","ترنم همدلی","original","1405"
"دهم","ریاضی","شیمی","شیمی","آزمون جامع","ارزیابی پایه","هسته ۱۰ سوالی","متوسط","محلول چیست؟","مخلوط همگن از حل‌شونده و حلال","عنصر خالص","گاز تنها","بافت","A","سؤال تألیفی تشخیصی برای ارزیابی اولیه؛ جایگزین پوشش فصل‌به‌فصل کتاب درسی نیست.","ترنم همدلی","original","1405"
"دهم","ریاضی","شیمی","شیمی","آزمون جامع","ارزیابی پایه","هسته ۱۰ سوالی","متوسط","pH برای چیست؟","بیان اسیدی یا بازی بودن محلول","اندازه‌گیری جرم","طول","سرعت","A","سؤال تألیفی تشخیصی برای ارزیابی اولیه؛ جایگزین پوشش فصل‌به‌فصل کتاب درسی نیست.","ترنم همدلی","original","1405"
"دهم","ریاضی","شیمی","شیمی","آزمون جامع","ارزیابی پایه","هسته ۱۰ سوالی","متوسط","کاتالیزگر چه می‌کند؟","سرعت واکنش را تغییر می‌دهد و در پایان کلی مصرف نمی‌شود","جرم را نابود می‌کند","دما را صفر می‌کند","واکنش را همیشه متوقف می‌کند","A","سؤال تألیفی تشخیصی برای ارزیابی اولیه؛ جایگزین پوشش فصل‌به‌فصل کتاب درسی نیست.","ترنم همدلی","original","1405"
"دهم","ریاضی","شیمی","شیمی","آزمون جامع","ارزیابی پایه","هسته ۱۰ سوالی","متوسط","قانون پایستگی جرم چه می‌گوید؟","جرم کل در واکنش شیمیایی بسته حفظ می‌شود","جرم صفر می‌شود","اتم‌ها نابود می‌شوند","انرژی وجود ندارد","A","سؤال تألیفی تشخیصی برای ارزیابی اولیه؛ جایگزین پوشش فصل‌به‌فصل کتاب درسی نیست.","ترنم همدلی","original","1405"
"دهم","ریاضی","شیمی","شیمی","آزمون جامع","ارزیابی پایه","هسته ۱۰ سوالی","متوسط","پیوند شیمیایی چه نقشی دارد؟","اتصال اتم‌ها در ساختار ماده","اندازه‌گیری دما","تعیین رنگ","حرکت جسم","A","سؤال تألیفی تشخیصی برای ارزیابی اولیه؛ جایگزین پوشش فصل‌به‌فصل کتاب درسی نیست.","ترنم همدلی","original","1405"
"دهم","ریاضی","شیمی","شیمی","آزمون جامع","ارزیابی پایه","هسته ۱۰ سوالی","متوسط","شیمی چه چیزی را بررسی می‌کند؟","ماده، ساختار، خواص و تغییرات آن","فقط سیارات","فقط جامعه","فقط ادبیات","A","سؤال تألیفی تشخیصی برای ارزیابی اولیه؛ جایگزین پوشش فصل‌به‌فصل کتاب درسی نیست.","ترنم همدلی","original","1405"
"دهم","ریاضی","هندسه","هندسه","آزمون جامع","ارزیابی پایه","هسته ۱۰ سوالی","متوسط","کدام گزینه یک مفهوم پایه در این درس است؟","تعریف و رابطه بین کمیت‌ها","رنگ","صدا","بو","A","سؤال تألیفی تشخیصی برای ارزیابی اولیه؛ جایگزین پوشش فصل‌به‌فصل کتاب درسی نیست.","ترنم همدلی","original","1405"
"دهم","ریاضی","هندسه","هندسه","آزمون جامع","ارزیابی پایه","هسته ۱۰ سوالی","متوسط","حل مرحله‌ای مسئله چه فایده‌ای دارد؟","کاهش خطا و امکان بررسی مسیر حل","حذف داده","افزایش ابهام","تغییر موضوع","A","سؤال تألیفی تشخیصی برای ارزیابی اولیه؛ جایگزین پوشش فصل‌به‌فصل کتاب درسی نیست.","ترنم همدلی","original","1405"
"دهم","ریاضی","هندسه","هندسه","آزمون جامع","ارزیابی پایه","هسته ۱۰ سوالی","متوسط","میانگین برای چه کاری به‌کار می‌رود؟","خلاصه‌کردن مجموعه‌ای از داده‌ها","اندازه‌گیری دما","تشخیص صدا","تعیین رنگ","A","سؤال تألیفی تشخیصی برای ارزیابی اولیه؛ جایگزین پوشش فصل‌به‌فصل کتاب درسی نیست.","ترنم همدلی","original","1405"
"دهم","ریاضی","هندسه","هندسه","آزمون جامع","ارزیابی پایه","هسته ۱۰ سوالی","متوسط","احتمال رویداد قطعی چیست؟","۱","۰","۰٫۵","۲","A","سؤال تألیفی تشخیصی برای ارزیابی اولیه؛ جایگزین پوشش فصل‌به‌فصل کتاب درسی نیست.","ترنم همدلی","original","1405"
"دهم","ریاضی","هندسه","هندسه","آزمون جامع","ارزیابی پایه","هسته ۱۰ سوالی","متوسط","نمودار چه کمکی می‌کند؟","نمایش و مقایسه داده‌ها","حذف داده","تغییر سؤال","حذف واحد","A","سؤال تألیفی تشخیصی برای ارزیابی اولیه؛ جایگزین پوشش فصل‌به‌فصل کتاب درسی نیست.","ترنم همدلی","original","1405"
"دهم","ریاضی","هندسه","هندسه","آزمون جامع","ارزیابی پایه","هسته ۱۰ سوالی","متوسط","واحد اندازه‌گیری چه اهمیتی دارد؟","امکان مقایسه و بیان دقیق مقدار","تغییر نتیجه","حذف عدد","افزایش ابهام","A","سؤال تألیفی تشخیصی برای ارزیابی اولیه؛ جایگزین پوشش فصل‌به‌فصل کتاب درسی نیست.","ترنم همدلی","original","1405"
"دهم","ریاضی","هندسه","هندسه","آزمون جامع","ارزیابی پایه","هسته ۱۰ سوالی","متوسط","برای حل یک مسئله ابتدا چه باید کرد؟","شناخت داده‌ها و خواسته","حدس پاسخ","حذف صورت مسئله","تغییر واحد بدون دلیل","A","سؤال تألیفی تشخیصی برای ارزیابی اولیه؛ جایگزین پوشش فصل‌به‌فصل کتاب درسی نیست.","ترنم همدلی","original","1405"
"دهم","ریاضی","هندسه","هندسه","آزمون جامع","ارزیابی پایه","هسته ۱۰ سوالی","متوسط","تقریب عدد برای چیست؟","ساده‌سازی با حفظ دقت مناسب","تغییر تصادفی مقدار","حذف عدد","تبدیل به متن","A","سؤال تألیفی تشخیصی برای ارزیابی اولیه؛ جایگزین پوشش فصل‌به‌فصل کتاب درسی نیست.","ترنم همدلی","original","1405"
"دهم","ریاضی","هندسه","هندسه","آزمون جامع","ارزیابی پایه","هسته ۱۰ سوالی","متوسط","رابطه ریاضی چه چیزی را بیان می‌کند؟","ارتباط میان کمیت‌ها","نام افراد","رنگ‌ها","صدای محیط","A","سؤال تألیفی تشخیصی برای ارزیابی اولیه؛ جایگزین پوشش فصل‌به‌فصل کتاب درسی نیست.","ترنم همدلی","original","1405"
"دهم","ریاضی","هندسه","هندسه","آزمون جامع","ارزیابی پایه","هسته ۱۰ سوالی","متوسط","بررسی پاسخ پس از حل چه فایده‌ای دارد؟","کشف خطای محاسبه یا استدلال","حذف پاسخ","تغییر موضوع","افزایش ابهام","A","سؤال تألیفی تشخیصی برای ارزیابی اولیه؛ جایگزین پوشش فصل‌به‌فصل کتاب درسی نیست.","ترنم همدلی","original","1405"
"دهم","ریاضی","آزمایشگاه علوم تجربی","آزمایشگاه علوم تجربی","آزمون جامع","ارزیابی پایه","هسته ۱۰ سوالی","متوسط","مشاهده علمی بر چه چیزی تکیه دارد؟","داده و شواهد","شایعه","حدس بدون بررسی","سلیقه","A","سؤال تألیفی تشخیصی برای ارزیابی اولیه؛ جایگزین پوشش فصل‌به‌فصل کتاب درسی نیست.","ترنم همدلی","original","1405"
"دهم","ریاضی","آزمایشگاه علوم تجربی","آزمایشگاه علوم تجربی","آزمون جامع","ارزیابی پایه","هسته ۱۰ سوالی","متوسط","فرضیه چیست؟","پاسخ پیشنهادی و قابل آزمون","نتیجه قطعی","نام ابزار","واحد اندازه‌گیری","A","سؤال تألیفی تشخیصی برای ارزیابی اولیه؛ جایگزین پوشش فصل‌به‌فصل کتاب درسی نیست.","ترنم همدلی","original","1405"
"دهم","ریاضی","آزمایشگاه علوم تجربی","آزمایشگاه علوم تجربی","آزمون جامع","ارزیابی پایه","هسته ۱۰ سوالی","متوسط","چرا متغیرها کنترل می‌شوند؟","برای بررسی دقیق اثر عامل مورد مطالعه","برای طولانی‌شدن آزمایش","برای حذف نتیجه","برای تغییر سؤال","A","سؤال تألیفی تشخیصی برای ارزیابی اولیه؛ جایگزین پوشش فصل‌به‌فصل کتاب درسی نیست.","ترنم همدلی","original","1405"
"دهم","ریاضی","آزمایشگاه علوم تجربی","آزمایشگاه علوم تجربی","آزمون جامع","ارزیابی پایه","هسته ۱۰ سوالی","متوسط","جرم معمولاً با چه ابزاری اندازه‌گیری می‌شود؟","ترازو","دماسنج","خط‌کش","قطب‌نما","A","سؤال تألیفی تشخیصی برای ارزیابی اولیه؛ جایگزین پوشش فصل‌به‌فصل کتاب درسی نیست.","ترنم همدلی","original","1405"
"دهم","ریاضی","آزمایشگاه علوم تجربی","آزمایشگاه علوم تجربی","آزمون جامع","ارزیابی پایه","هسته ۱۰ سوالی","متوسط","دما با چه ابزاری اندازه‌گیری می‌شود؟","دماسنج","ترازو","نیروسنج","خط‌کش","A","سؤال تألیفی تشخیصی برای ارزیابی اولیه؛ جایگزین پوشش فصل‌به‌فصل کتاب درسی نیست.","ترنم همدلی","original","1405"
"دهم","ریاضی","آزمایشگاه علوم تجربی","آزمایشگاه علوم تجربی","آزمون جامع","ارزیابی پایه","هسته ۱۰ سوالی","متوسط","نتیجه‌گیری علمی باید بر چه چیزی تکیه کند؟","شواهد و تحلیل","حدس تنها","سلیقه","شایعه","A","سؤال تألیفی تشخیصی برای ارزیابی اولیه؛ جایگزین پوشش فصل‌به‌فصل کتاب درسی نیست.","ترنم همدلی","original","1405"
"دهم","ریاضی","آزمایشگاه علوم تجربی","آزمایشگاه علوم تجربی","آزمون جامع","ارزیابی پایه","هسته ۱۰ سوالی","متوسط","مواد می‌توانند در چه حالت‌هایی باشند؟","جامد، مایع و گاز","فقط جامد","فقط مایع","فقط گاز","A","سؤال تألیفی تشخیصی برای ارزیابی اولیه؛ جایگزین پوشش فصل‌به‌فصل کتاب درسی نیست.","ترنم همدلی","original","1405"
"دهم","ریاضی","آزمایشگاه علوم تجربی","آزمایشگاه علوم تجربی","آزمون جامع","ارزیابی پایه","هسته ۱۰ سوالی","متوسط","آزمایش علمی چه کمکی می‌کند؟","بررسی یک فرض یا پرسش با روش مشخص","حذف داده","تأیید هر حدس","تغییر واقعیت","A","سؤال تألیفی تشخیصی برای ارزیابی اولیه؛ جایگزین پوشش فصل‌به‌فصل کتاب درسی نیست.","ترنم همدلی","original","1405"
"دهم","ریاضی","آزمایشگاه علوم تجربی","آزمایشگاه علوم تجربی","آزمون جامع","ارزیابی پایه","هسته ۱۰ سوالی","متوسط","حفاظت از محیط زیست چه هدفی دارد؟","حفظ منابع و سلامت اکوسیستم","افزایش آلودگی","حذف تنوع","مصرف بی‌رویه","A","سؤال تألیفی تشخیصی برای ارزیابی اولیه؛ جایگزین پوشش فصل‌به‌فصل کتاب درسی نیست.","ترنم همدلی","original","1405"
"دهم","ریاضی","آزمایشگاه علوم تجربی","آزمایشگاه علوم تجربی","آزمون جامع","ارزیابی پایه","هسته ۱۰ سوالی","متوسط","داده معتبر چه ویژگی دارد؟","قابل مشاهده، اندازه‌گیری یا مستند باشد","کاملاً حدسی باشد","بدون منبع باشد","متناقض باشد","A","سؤال تألیفی تشخیصی برای ارزیابی اولیه؛ جایگزین پوشش فصل‌به‌فصل کتاب درسی نیست.","ترنم همدلی","original","1405"
"یازدهم","ریاضی","حسابان","حسابان","آزمون جامع","ارزیابی پایه","هسته ۱۰ سوالی","متوسط","کدام گزینه یک مفهوم پایه در این درس است؟","تعریف و رابطه بین کمیت‌ها","رنگ","صدا","بو","A","سؤال تألیفی تشخیصی برای ارزیابی اولیه؛ جایگزین پوشش فصل‌به‌فصل کتاب درسی نیست.","ترنم همدلی","original","1405"
"یازدهم","ریاضی","حسابان","حسابان","آزمون جامع","ارزیابی پایه","هسته ۱۰ سوالی","متوسط","حل مرحله‌ای مسئله چه فایده‌ای دارد؟","کاهش خطا و امکان بررسی مسیر حل","حذف داده","افزایش ابهام","تغییر موضوع","A","سؤال تألیفی تشخیصی برای ارزیابی اولیه؛ جایگزین پوشش فصل‌به‌فصل کتاب درسی نیست.","ترنم همدلی","original","1405"
"یازدهم","ریاضی","حسابان","حسابان","آزمون جامع","ارزیابی پایه","هسته ۱۰ سوالی","متوسط","میانگین برای چه کاری به‌کار می‌رود؟","خلاصه‌کردن مجموعه‌ای از داده‌ها","اندازه‌گیری دما","تشخیص صدا","تعیین رنگ","A","سؤال تألیفی تشخیصی برای ارزیابی اولیه؛ جایگزین پوشش فصل‌به‌فصل کتاب درسی نیست.","ترنم همدلی","original","1405"
"یازدهم","ریاضی","حسابان","حسابان","آزمون جامع","ارزیابی پایه","هسته ۱۰ سوالی","متوسط","احتمال رویداد قطعی چیست؟","۱","۰","۰٫۵","۲","A","سؤال تألیفی تشخیصی برای ارزیابی اولیه؛ جایگزین پوشش فصل‌به‌فصل کتاب درسی نیست.","ترنم همدلی","original","1405"
"یازدهم","ریاضی","حسابان","حسابان","آزمون جامع","ارزیابی پایه","هسته ۱۰ سوالی","متوسط","نمودار چه کمکی می‌کند؟","نمایش و مقایسه داده‌ها","حذف داده","تغییر سؤال","حذف واحد","A","سؤال تألیفی تشخیصی برای ارزیابی اولیه؛ جایگزین پوشش فصل‌به‌فصل کتاب درسی نیست.","ترنم همدلی","original","1405"
"یازدهم","ریاضی","حسابان","حسابان","آزمون جامع","ارزیابی پایه","هسته ۱۰ سوالی","متوسط","واحد اندازه‌گیری چه اهمیتی دارد؟","امکان مقایسه و بیان دقیق مقدار","تغییر نتیجه","حذف عدد","افزایش ابهام","A","سؤال تألیفی تشخیصی برای ارزیابی اولیه؛ جایگزین پوشش فصل‌به‌فصل کتاب درسی نیست.","ترنم همدلی","original","1405"
"یازدهم","ریاضی","حسابان","حسابان","آزمون جامع","ارزیابی پایه","هسته ۱۰ سوالی","متوسط","برای حل یک مسئله ابتدا چه باید کرد؟","شناخت داده‌ها و خواسته","حدس پاسخ","حذف صورت مسئله","تغییر واحد بدون دلیل","A","سؤال تألیفی تشخیصی برای ارزیابی اولیه؛ جایگزین پوشش فصل‌به‌فصل کتاب درسی نیست.","ترنم همدلی","original","1405"
"یازدهم","ریاضی","حسابان","حسابان","آزمون جامع","ارزیابی پایه","هسته ۱۰ سوالی","متوسط","تقریب عدد برای چیست؟","ساده‌سازی با حفظ دقت مناسب","تغییر تصادفی مقدار","حذف عدد","تبدیل به متن","A","سؤال تألیفی تشخیصی برای ارزیابی اولیه؛ جایگزین پوشش فصل‌به‌فصل کتاب درسی نیست.","ترنم همدلی","original","1405"
"یازدهم","ریاضی","حسابان","حسابان","آزمون جامع","ارزیابی پایه","هسته ۱۰ سوالی","متوسط","رابطه ریاضی چه چیزی را بیان می‌کند؟","ارتباط میان کمیت‌ها","نام افراد","رنگ‌ها","صدای محیط","A","سؤال تألیفی تشخیصی برای ارزیابی اولیه؛ جایگزین پوشش فصل‌به‌فصل کتاب درسی نیست.","ترنم همدلی","original","1405"
"یازدهم","ریاضی","حسابان","حسابان","آزمون جامع","ارزیابی پایه","هسته ۱۰ سوالی","متوسط","بررسی پاسخ پس از حل چه فایده‌ای دارد؟","کشف خطای محاسبه یا استدلال","حذف پاسخ","تغییر موضوع","افزایش ابهام","A","سؤال تألیفی تشخیصی برای ارزیابی اولیه؛ جایگزین پوشش فصل‌به‌فصل کتاب درسی نیست.","ترنم همدلی","original","1405"
"یازدهم","ریاضی","هندسه","هندسه","آزمون جامع","ارزیابی پایه","هسته ۱۰ سوالی","متوسط","کدام گزینه یک مفهوم پایه در این درس است؟","تعریف و رابطه بین کمیت‌ها","رنگ","صدا","بو","A","سؤال تألیفی تشخیصی برای ارزیابی اولیه؛ جایگزین پوشش فصل‌به‌فصل کتاب درسی نیست.","ترنم همدلی","original","1405"
"یازدهم","ریاضی","هندسه","هندسه","آزمون جامع","ارزیابی پایه","هسته ۱۰ سوالی","متوسط","حل مرحله‌ای مسئله چه فایده‌ای دارد؟","کاهش خطا و امکان بررسی مسیر حل","حذف داده","افزایش ابهام","تغییر موضوع","A","سؤال تألیفی تشخیصی برای ارزیابی اولیه؛ جایگزین پوشش فصل‌به‌فصل کتاب درسی نیست.","ترنم همدلی","original","1405"
"یازدهم","ریاضی","هندسه","هندسه","آزمون جامع","ارزیابی پایه","هسته ۱۰ سوالی","متوسط","میانگین برای چه کاری به‌کار می‌رود؟","خلاصه‌کردن مجموعه‌ای از داده‌ها","اندازه‌گیری دما","تشخیص صدا","تعیین رنگ","A","سؤال تألیفی تشخیصی برای ارزیابی اولیه؛ جایگزین پوشش فصل‌به‌فصل کتاب درسی نیست.","ترنم همدلی","original","1405"
"یازدهم","ریاضی","هندسه","هندسه","آزمون جامع","ارزیابی پایه","هسته ۱۰ سوالی","متوسط","احتمال رویداد قطعی چیست؟","۱","۰","۰٫۵","۲","A","سؤال تألیفی تشخیصی برای ارزیابی اولیه؛ جایگزین پوشش فصل‌به‌فصل کتاب درسی نیست.","ترنم همدلی","original","1405"
"یازدهم","ریاضی","هندسه","هندسه","آزمون جامع","ارزیابی پایه","هسته ۱۰ سوالی","متوسط","نمودار چه کمکی می‌کند؟","نمایش و مقایسه داده‌ها","حذف داده","تغییر سؤال","حذف واحد","A","سؤال تألیفی تشخیصی برای ارزیابی اولیه؛ جایگزین پوشش فصل‌به‌فصل کتاب درسی نیست.","ترنم همدلی","original","1405"
"یازدهم","ریاضی","هندسه","هندسه","آزمون جامع","ارزیابی پایه","هسته ۱۰ سوالی","متوسط","واحد اندازه‌گیری چه اهمیتی دارد؟","امکان مقایسه و بیان دقیق مقدار","تغییر نتیجه","حذف عدد","افزایش ابهام","A","سؤال تألیفی تشخیصی برای ارزیابی اولیه؛ جایگزین پوشش فصل‌به‌فصل کتاب درسی نیست.","ترنم همدلی","original","1405"
"یازدهم","ریاضی","هندسه","هندسه","آزمون جامع","ارزیابی پایه","هسته ۱۰ سوالی","متوسط","برای حل یک مسئله ابتدا چه باید کرد؟","شناخت داده‌ها و خواسته","حدس پاسخ","حذف صورت مسئله","تغییر واحد بدون دلیل","A","سؤال تألیفی تشخیصی برای ارزیابی اولیه؛ جایگزین پوشش فصل‌به‌فصل کتاب درسی نیست.","ترنم همدلی","original","1405"
"یازدهم","ریاضی","هندسه","هندسه","آزمون جامع","ارزیابی پایه","هسته ۱۰ سوالی","متوسط","تقریب عدد برای چیست؟","ساده‌سازی با حفظ دقت مناسب","تغییر تصادفی مقدار","حذف عدد","تبدیل به متن","A","سؤال تألیفی تشخیصی برای ارزیابی اولیه؛ جایگزین پوشش فصل‌به‌فصل کتاب درسی نیست.","ترنم همدلی","original","1405"
"یازدهم","ریاضی","هندسه","هندسه","آزمون جامع","ارزیابی پایه","هسته ۱۰ سوالی","متوسط","رابطه ریاضی چه چیزی را بیان می‌کند؟","ارتباط میان کمیت‌ها","نام افراد","رنگ‌ها","صدای محیط","A","سؤال تألیفی تشخیصی برای ارزیابی اولیه؛ جایگزین پوشش فصل‌به‌فصل کتاب درسی نیست.","ترنم همدلی","original","1405"
"یازدهم","ریاضی","هندسه","هندسه","آزمون جامع","ارزیابی پایه","هسته ۱۰ سوالی","متوسط","بررسی پاسخ پس از حل چه فایده‌ای دارد؟","کشف خطای محاسبه یا استدلال","حذف پاسخ","تغییر موضوع","افزایش ابهام","A","سؤال تألیفی تشخیصی برای ارزیابی اولیه؛ جایگزین پوشش فصل‌به‌فصل کتاب درسی نیست.","ترنم همدلی","original","1405"
"یازدهم","ریاضی","آمار و احتمال","آمار و احتمال","آزمون جامع","ارزیابی پایه","هسته ۱۰ سوالی","متوسط","کدام گزینه یک مفهوم پایه در این درس است؟","تعریف و رابطه بین کمیت‌ها","رنگ","صدا","بو","A","سؤال تألیفی تشخیصی برای ارزیابی اولیه؛ جایگزین پوشش فصل‌به‌فصل کتاب درسی نیست.","ترنم همدلی","original","1405"
"یازدهم","ریاضی","آمار و احتمال","آمار و احتمال","آزمون جامع","ارزیابی پایه","هسته ۱۰ سوالی","متوسط","حل مرحله‌ای مسئله چه فایده‌ای دارد؟","کاهش خطا و امکان بررسی مسیر حل","حذف داده","افزایش ابهام","تغییر موضوع","A","سؤال تألیفی تشخیصی برای ارزیابی اولیه؛ جایگزین پوشش فصل‌به‌فصل کتاب درسی نیست.","ترنم همدلی","original","1405"
"یازدهم","ریاضی","آمار و احتمال","آمار و احتمال","آزمون جامع","ارزیابی پایه","هسته ۱۰ سوالی","متوسط","میانگین برای چه کاری به‌کار می‌رود؟","خلاصه‌کردن مجموعه‌ای از داده‌ها","اندازه‌گیری دما","تشخیص صدا","تعیین رنگ","A","سؤال تألیفی تشخیصی برای ارزیابی اولیه؛ جایگزین پوشش فصل‌به‌فصل کتاب درسی نیست.","ترنم همدلی","original","1405"
"یازدهم","ریاضی","آمار و احتمال","آمار و احتمال","آزمون جامع","ارزیابی پایه","هسته ۱۰ سوالی","متوسط","احتمال رویداد قطعی چیست؟","۱","۰","۰٫۵","۲","A","سؤال تألیفی تشخیصی برای ارزیابی اولیه؛ جایگزین پوشش فصل‌به‌فصل کتاب درسی نیست.","ترنم همدلی","original","1405"
"یازدهم","ریاضی","آمار و احتمال","آمار و احتمال","آزمون جامع","ارزیابی پایه","هسته ۱۰ سوالی","متوسط","نمودار چه کمکی می‌کند؟","نمایش و مقایسه داده‌ها","حذف داده","تغییر سؤال","حذف واحد","A","سؤال تألیفی تشخیصی برای ارزیابی اولیه؛ جایگزین پوشش فصل‌به‌فصل کتاب درسی نیست.","ترنم همدلی","original","1405"
"یازدهم","ریاضی","آمار و احتمال","آمار و احتمال","آزمون جامع","ارزیابی پایه","هسته ۱۰ سوالی","متوسط","واحد اندازه‌گیری چه اهمیتی دارد؟","امکان مقایسه و بیان دقیق مقدار","تغییر نتیجه","حذف عدد","افزایش ابهام","A","سؤال تألیفی تشخیصی برای ارزیابی اولیه؛ جایگزین پوشش فصل‌به‌فصل کتاب درسی نیست.","ترنم همدلی","original","1405"
"یازدهم","ریاضی","آمار و احتمال","آمار و احتمال","آزمون جامع","ارزیابی پایه","هسته ۱۰ سوالی","متوسط","برای حل یک مسئله ابتدا چه باید کرد؟","شناخت داده‌ها و خواسته","حدس پاسخ","حذف صورت مسئله","تغییر واحد بدون دلیل","A","سؤال تألیفی تشخیصی برای ارزیابی اولیه؛ جایگزین پوشش فصل‌به‌فصل کتاب درسی نیست.","ترنم همدلی","original","1405"
"یازدهم","ریاضی","آمار و احتمال","آمار و احتمال","آزمون جامع","ارزیابی پایه","هسته ۱۰ سوالی","متوسط","تقریب عدد برای چیست؟","ساده‌سازی با حفظ دقت مناسب","تغییر تصادفی مقدار","حذف عدد","تبدیل به متن","A","سؤال تألیفی تشخیصی برای ارزیابی اولیه؛ جایگزین پوشش فصل‌به‌فصل کتاب درسی نیست.","ترنم همدلی","original","1405"
"یازدهم","ریاضی","آمار و احتمال","آمار و احتمال","آزمون جامع","ارزیابی پایه","هسته ۱۰ سوالی","متوسط","رابطه ریاضی چه چیزی را بیان می‌کند؟","ارتباط میان کمیت‌ها","نام افراد","رنگ‌ها","صدای محیط","A","سؤال تألیفی تشخیصی برای ارزیابی اولیه؛ جایگزین پوشش فصل‌به‌فصل کتاب درسی نیست.","ترنم همدلی","original","1405"
"یازدهم","ریاضی","آمار و احتمال","آمار و احتمال","آزمون جامع","ارزیابی پایه","هسته ۱۰ سوالی","متوسط","بررسی پاسخ پس از حل چه فایده‌ای دارد؟","کشف خطای محاسبه یا استدلال","حذف پاسخ","تغییر موضوع","افزایش ابهام","A","سؤال تألیفی تشخیصی برای ارزیابی اولیه؛ جایگزین پوشش فصل‌به‌فصل کتاب درسی نیست.","ترنم همدلی","original","1405"
"یازدهم","ریاضی","فیزیک","فیزیک","آزمون جامع","ارزیابی پایه","هسته ۱۰ سوالی","متوسط","سرعت چه چیزی را بیان می‌کند؟","نرخ تغییر مکان نسبت به زمان","جرم","دما","حجم","A","سؤال تألیفی تشخیصی برای ارزیابی اولیه؛ جایگزین پوشش فصل‌به‌فصل کتاب درسی نیست.","ترنم همدلی","original","1405"
"یازدهم","ریاضی","فیزیک","فیزیک","آزمون جامع","ارزیابی پایه","هسته ۱۰ سوالی","متوسط","نیرو می‌تواند چه اثری داشته باشد؟","تغییر حرکت یا شکل جسم","تغییر نام","افزایش جرم بدون ماده","حذف زمان","A","سؤال تألیفی تشخیصی برای ارزیابی اولیه؛ جایگزین پوشش فصل‌به‌فصل کتاب درسی نیست.","ترنم همدلی","original","1405"
"یازدهم","ریاضی","فیزیک","فیزیک","آزمون جامع","ارزیابی پایه","هسته ۱۰ سوالی","متوسط","واحد نیرو در SI چیست؟","نیوتن","ژول","وات","پاسکال","A","سؤال تألیفی تشخیصی برای ارزیابی اولیه؛ جایگزین پوشش فصل‌به‌فصل کتاب درسی نیست.","ترنم همدلی","original","1405"
"یازدهم","ریاضی","فیزیک","فیزیک","آزمون جامع","ارزیابی پایه","هسته ۱۰ سوالی","متوسط","انرژی جنبشی به چه مربوط است؟","حرکت جسم","رنگ","نام","حجم فقط","A","سؤال تألیفی تشخیصی برای ارزیابی اولیه؛ جایگزین پوشش فصل‌به‌فصل کتاب درسی نیست.","ترنم همدلی","original","1405"
"یازدهم","ریاضی","فیزیک","فیزیک","آزمون جامع","ارزیابی پایه","هسته ۱۰ سوالی","متوسط","توان چیست؟","نرخ انجام کار یا انتقال انرژی","جرم","فاصله","دما","A","سؤال تألیفی تشخیصی برای ارزیابی اولیه؛ جایگزین پوشش فصل‌به‌فصل کتاب درسی نیست.","ترنم همدلی","original","1405"
"یازدهم","ریاضی","فیزیک","فیزیک","آزمون جامع","ارزیابی پایه","هسته ۱۰ سوالی","متوسط","فشار به چه چیزی مربوط است؟","نیرو بر واحد سطح","جرم بر زمان","دما بر حجم","سرعت بر جرم","A","سؤال تألیفی تشخیصی برای ارزیابی اولیه؛ جایگزین پوشش فصل‌به‌فصل کتاب درسی نیست.","ترنم همدلی","original","1405"
"یازدهم","ریاضی","فیزیک","فیزیک","آزمون جامع","ارزیابی پایه","هسته ۱۰ سوالی","متوسط","گرما چیست؟","انتقال انرژی به علت اختلاف دما","جرم","فشار","حجم","A","سؤال تألیفی تشخیصی برای ارزیابی اولیه؛ جایگزین پوشش فصل‌به‌فصل کتاب درسی نیست.","ترنم همدلی","original","1405"
"یازدهم","ریاضی","فیزیک","فیزیک","آزمون جامع","ارزیابی پایه","هسته ۱۰ سوالی","متوسط","قانون دوم نیوتن چه رابطه‌ای را بیان می‌کند؟","ارتباط نیرو، جرم و شتاب","رنگ و نور","زمان و جرم فقط","دما و رنگ","A","سؤال تألیفی تشخیصی برای ارزیابی اولیه؛ جایگزین پوشش فصل‌به‌فصل کتاب درسی نیست.","ترنم همدلی","original","1405"
"یازدهم","ریاضی","فیزیک","فیزیک","آزمون جامع","ارزیابی پایه","هسته ۱۰ سوالی","متوسط","مدار الکتریکی بسته چه ویژگی دارد؟","مسیر پیوسته برای جریان فراهم می‌کند","هیچ مسیر ندارد","فقط باتری است","بدون منبع کار می‌کند","A","سؤال تألیفی تشخیصی برای ارزیابی اولیه؛ جایگزین پوشش فصل‌به‌فصل کتاب درسی نیست.","ترنم همدلی","original","1405"
"یازدهم","ریاضی","فیزیک","فیزیک","آزمون جامع","ارزیابی پایه","هسته ۱۰ سوالی","متوسط","موج چه چیزی را منتقل می‌کند؟","انرژی از یک ناحیه به ناحیه دیگر","جرم به‌طور الزامی","فقط ماده","فقط صدا","A","سؤال تألیفی تشخیصی برای ارزیابی اولیه؛ جایگزین پوشش فصل‌به‌فصل کتاب درسی نیست.","ترنم همدلی","original","1405"
"یازدهم","ریاضی","شیمی","شیمی","آزمون جامع","ارزیابی پایه","هسته ۱۰ سوالی","متوسط","اتم چیست؟","واحد بسیار کوچک سازنده ماده با هسته و الکترون‌ها","بافت","سلول","محلول","A","سؤال تألیفی تشخیصی برای ارزیابی اولیه؛ جایگزین پوشش فصل‌به‌فصل کتاب درسی نیست.","ترنم همدلی","original","1405"
"یازدهم","ریاضی","شیمی","شیمی","آزمون جامع","ارزیابی پایه","هسته ۱۰ سوالی","متوسط","عنصر چیست؟","ماده‌ای متشکل از اتم‌های یک نوع","مخلوط","محلول","واکنش","A","سؤال تألیفی تشخیصی برای ارزیابی اولیه؛ جایگزین پوشش فصل‌به‌فصل کتاب درسی نیست.","ترنم همدلی","original","1405"
"یازدهم","ریاضی","شیمی","شیمی","آزمون جامع","ارزیابی پایه","هسته ۱۰ سوالی","متوسط","مولکول چیست؟","مجموعه‌ای از اتم‌های پیوندشده","بافت","دستگاه","واحد زمان","A","سؤال تألیفی تشخیصی برای ارزیابی اولیه؛ جایگزین پوشش فصل‌به‌فصل کتاب درسی نیست.","ترنم همدلی","original","1405"
"یازدهم","ریاضی","شیمی","شیمی","آزمون جامع","ارزیابی پایه","هسته ۱۰ سوالی","متوسط","واکنش شیمیایی چیست؟","تبدیل مواد اولیه به مواد جدید","تغییر مکان","تغییر فصل","اندازه‌گیری جرم","A","سؤال تألیفی تشخیصی برای ارزیابی اولیه؛ جایگزین پوشش فصل‌به‌فصل کتاب درسی نیست.","ترنم همدلی","original","1405"
"یازدهم","ریاضی","شیمی","شیمی","آزمون جامع","ارزیابی پایه","هسته ۱۰ سوالی","متوسط","محلول چیست؟","مخلوط همگن از حل‌شونده و حلال","عنصر خالص","گاز تنها","بافت","A","سؤال تألیفی تشخیصی برای ارزیابی اولیه؛ جایگزین پوشش فصل‌به‌فصل کتاب درسی نیست.","ترنم همدلی","original","1405"
"یازدهم","ریاضی","شیمی","شیمی","آزمون جامع","ارزیابی پایه","هسته ۱۰ سوالی","متوسط","pH برای چیست؟","بیان اسیدی یا بازی بودن محلول","اندازه‌گیری جرم","طول","سرعت","A","سؤال تألیفی تشخیصی برای ارزیابی اولیه؛ جایگزین پوشش فصل‌به‌فصل کتاب درسی نیست.","ترنم همدلی","original","1405"
"یازدهم","ریاضی","شیمی","شیمی","آزمون جامع","ارزیابی پایه","هسته ۱۰ سوالی","متوسط","کاتالیزگر چه می‌کند؟","سرعت واکنش را تغییر می‌دهد و در پایان کلی مصرف نمی‌شود","جرم را نابود می‌کند","دما را صفر می‌کند","واکنش را همیشه متوقف می‌کند","A","سؤال تألیفی تشخیصی برای ارزیابی اولیه؛ جایگزین پوشش فصل‌به‌فصل کتاب درسی نیست.","ترنم همدلی","original","1405"
"یازدهم","ریاضی","شیمی","شیمی","آزمون جامع","ارزیابی پایه","هسته ۱۰ سوالی","متوسط","قانون پایستگی جرم چه می‌گوید؟","جرم کل در واکنش شیمیایی بسته حفظ می‌شود","جرم صفر می‌شود","اتم‌ها نابود می‌شوند","انرژی وجود ندارد","A","سؤال تألیفی تشخیصی برای ارزیابی اولیه؛ جایگزین پوشش فصل‌به‌فصل کتاب درسی نیست.","ترنم همدلی","original","1405"
"یازدهم","ریاضی","شیمی","شیمی","آزمون جامع","ارزیابی پایه","هسته ۱۰ سوالی","متوسط","پیوند شیمیایی چه نقشی دارد؟","اتصال اتم‌ها در ساختار ماده","اندازه‌گیری دما","تعیین رنگ","حرکت جسم","A","سؤال تألیفی تشخیصی برای ارزیابی اولیه؛ جایگزین پوشش فصل‌به‌فصل کتاب درسی نیست.","ترنم همدلی","original","1405"
"یازدهم","ریاضی","شیمی","شیمی","آزمون جامع","ارزیابی پایه","هسته ۱۰ سوالی","متوسط","شیمی چه چیزی را بررسی می‌کند؟","ماده، ساختار، خواص و تغییرات آن","فقط سیارات","فقط جامعه","فقط ادبیات","A","سؤال تألیفی تشخیصی برای ارزیابی اولیه؛ جایگزین پوشش فصل‌به‌فصل کتاب درسی نیست.","ترنم همدلی","original","1405"
"یازدهم","ریاضی","آزمایشگاه علوم تجربی","آزمایشگاه علوم تجربی","آزمون جامع","ارزیابی پایه","هسته ۱۰ سوالی","متوسط","مشاهده علمی بر چه چیزی تکیه دارد؟","داده و شواهد","شایعه","حدس بدون بررسی","سلیقه","A","سؤال تألیفی تشخیصی برای ارزیابی اولیه؛ جایگزین پوشش فصل‌به‌فصل کتاب درسی نیست.","ترنم همدلی","original","1405"
"یازدهم","ریاضی","آزمایشگاه علوم تجربی","آزمایشگاه علوم تجربی","آزمون جامع","ارزیابی پایه","هسته ۱۰ سوالی","متوسط","فرضیه چیست؟","پاسخ پیشنهادی و قابل آزمون","نتیجه قطعی","نام ابزار","واحد اندازه‌گیری","A","سؤال تألیفی تشخیصی برای ارزیابی اولیه؛ جایگزین پوشش فصل‌به‌فصل کتاب درسی نیست.","ترنم همدلی","original","1405"
"یازدهم","ریاضی","آزمایشگاه علوم تجربی","آزمایشگاه علوم تجربی","آزمون جامع","ارزیابی پایه","هسته ۱۰ سوالی","متوسط","چرا متغیرها کنترل می‌شوند؟","برای بررسی دقیق اثر عامل مورد مطالعه","برای طولانی‌شدن آزمایش","برای حذف نتیجه","برای تغییر سؤال","A","سؤال تألیفی تشخیصی برای ارزیابی اولیه؛ جایگزین پوشش فصل‌به‌فصل کتاب درسی نیست.","ترنم همدلی","original","1405"
"یازدهم","ریاضی","آزمایشگاه علوم تجربی","آزمایشگاه علوم تجربی","آزمون جامع","ارزیابی پایه","هسته ۱۰ سوالی","متوسط","جرم معمولاً با چه ابزاری اندازه‌گیری می‌شود؟","ترازو","دماسنج","خط‌کش","قطب‌نما","A","سؤال تألیفی تشخیصی برای ارزیابی اولیه؛ جایگزین پوشش فصل‌به‌فصل کتاب درسی نیست.","ترنم همدلی","original","1405"
"یازدهم","ریاضی","آزمایشگاه علوم تجربی","آزمایشگاه علوم تجربی","آزمون جامع","ارزیابی پایه","هسته ۱۰ سوالی","متوسط","دما با چه ابزاری اندازه‌گیری می‌شود؟","دماسنج","ترازو","نیروسنج","خط‌کش","A","سؤال تألیفی تشخیصی برای ارزیابی اولیه؛ جایگزین پوشش فصل‌به‌فصل کتاب درسی نیست.","ترنم همدلی","original","1405"
"یازدهم","ریاضی","آزمایشگاه علوم تجربی","آزمایشگاه علوم تجربی","آزمون جامع","ارزیابی پایه","هسته ۱۰ سوالی","متوسط","نتیجه‌گیری علمی باید بر چه چیزی تکیه کند؟","شواهد و تحلیل","حدس تنها","سلیقه","شایعه","A","سؤال تألیفی تشخیصی برای ارزیابی اولیه؛ جایگزین پوشش فصل‌به‌فصل کتاب درسی نیست.","ترنم همدلی","original","1405"
"یازدهم","ریاضی","آزمایشگاه علوم تجربی","آزمایشگاه علوم تجربی","آزمون جامع","ارزیابی پایه","هسته ۱۰ سوالی","متوسط","مواد می‌توانند در چه حالت‌هایی باشند؟","جامد، مایع و گاز","فقط جامد","فقط مایع","فقط گاز","A","سؤال تألیفی تشخیصی برای ارزیابی اولیه؛ جایگزین پوشش فصل‌به‌فصل کتاب درسی نیست.","ترنم همدلی","original","1405"
"یازدهم","ریاضی","آزمایشگاه علوم تجربی","آزمایشگاه علوم تجربی","آزمون جامع","ارزیابی پایه","هسته ۱۰ سوالی","متوسط","آزمایش علمی چه کمکی می‌کند؟","بررسی یک فرض یا پرسش با روش مشخص","حذف داده","تأیید هر حدس","تغییر واقعیت","A","سؤال تألیفی تشخیصی برای ارزیابی اولیه؛ جایگزین پوشش فصل‌به‌فصل کتاب درسی نیست.","ترنم همدلی","original","1405"
"یازدهم","ریاضی","آزمایشگاه علوم تجربی","آزمایشگاه علوم تجربی","آزمون جامع","ارزیابی پایه","هسته ۱۰ سوالی","متوسط","حفاظت از محیط زیست چه هدفی دارد؟","حفظ منابع و سلامت اکوسیستم","افزایش آلودگی","حذف تنوع","مصرف بی‌رویه","A","سؤال تألیفی تشخیصی برای ارزیابی اولیه؛ جایگزین پوشش فصل‌به‌فصل کتاب درسی نیست.","ترنم همدلی","original","1405"
"یازدهم","ریاضی","آزمایشگاه علوم تجربی","آزمایشگاه علوم تجربی","آزمون جامع","ارزیابی پایه","هسته ۱۰ سوالی","متوسط","داده معتبر چه ویژگی دارد؟","قابل مشاهده، اندازه‌گیری یا مستند باشد","کاملاً حدسی باشد","بدون منبع باشد","متناقض باشد","A","سؤال تألیفی تشخیصی برای ارزیابی اولیه؛ جایگزین پوشش فصل‌به‌فصل کتاب درسی نیست.","ترنم همدلی","original","1405"
"دوازدهم","ریاضی","حسابان","حسابان","آزمون جامع","ارزیابی پایه","هسته ۱۰ سوالی","متوسط","کدام گزینه یک مفهوم پایه در این درس است؟","تعریف و رابطه بین کمیت‌ها","رنگ","صدا","بو","A","سؤال تألیفی تشخیصی برای ارزیابی اولیه؛ جایگزین پوشش فصل‌به‌فصل کتاب درسی نیست.","ترنم همدلی","original","1405"
"دوازدهم","ریاضی","حسابان","حسابان","آزمون جامع","ارزیابی پایه","هسته ۱۰ سوالی","متوسط","حل مرحله‌ای مسئله چه فایده‌ای دارد؟","کاهش خطا و امکان بررسی مسیر حل","حذف داده","افزایش ابهام","تغییر موضوع","A","سؤال تألیفی تشخیصی برای ارزیابی اولیه؛ جایگزین پوشش فصل‌به‌فصل کتاب درسی نیست.","ترنم همدلی","original","1405"
"دوازدهم","ریاضی","حسابان","حسابان","آزمون جامع","ارزیابی پایه","هسته ۱۰ سوالی","متوسط","میانگین برای چه کاری به‌کار می‌رود؟","خلاصه‌کردن مجموعه‌ای از داده‌ها","اندازه‌گیری دما","تشخیص صدا","تعیین رنگ","A","سؤال تألیفی تشخیصی برای ارزیابی اولیه؛ جایگزین پوشش فصل‌به‌فصل کتاب درسی نیست.","ترنم همدلی","original","1405"
"دوازدهم","ریاضی","حسابان","حسابان","آزمون جامع","ارزیابی پایه","هسته ۱۰ سوالی","متوسط","احتمال رویداد قطعی چیست؟","۱","۰","۰٫۵","۲","A","سؤال تألیفی تشخیصی برای ارزیابی اولیه؛ جایگزین پوشش فصل‌به‌فصل کتاب درسی نیست.","ترنم همدلی","original","1405"
"دوازدهم","ریاضی","حسابان","حسابان","آزمون جامع","ارزیابی پایه","هسته ۱۰ سوالی","متوسط","نمودار چه کمکی می‌کند؟","نمایش و مقایسه داده‌ها","حذف داده","تغییر سؤال","حذف واحد","A","سؤال تألیفی تشخیصی برای ارزیابی اولیه؛ جایگزین پوشش فصل‌به‌فصل کتاب درسی نیست.","ترنم همدلی","original","1405"
"دوازدهم","ریاضی","حسابان","حسابان","آزمون جامع","ارزیابی پایه","هسته ۱۰ سوالی","متوسط","واحد اندازه‌گیری چه اهمیتی دارد؟","امکان مقایسه و بیان دقیق مقدار","تغییر نتیجه","حذف عدد","افزایش ابهام","A","سؤال تألیفی تشخیصی برای ارزیابی اولیه؛ جایگزین پوشش فصل‌به‌فصل کتاب درسی نیست.","ترنم همدلی","original","1405"
"دوازدهم","ریاضی","حسابان","حسابان","آزمون جامع","ارزیابی پایه","هسته ۱۰ سوالی","متوسط","برای حل یک مسئله ابتدا چه باید کرد؟","شناخت داده‌ها و خواسته","حدس پاسخ","حذف صورت مسئله","تغییر واحد بدون دلیل","A","سؤال تألیفی تشخیصی برای ارزیابی اولیه؛ جایگزین پوشش فصل‌به‌فصل کتاب درسی نیست.","ترنم همدلی","original","1405"
"دوازدهم","ریاضی","حسابان","حسابان","آزمون جامع","ارزیابی پایه","هسته ۱۰ سوالی","متوسط","تقریب عدد برای چیست؟","ساده‌سازی با حفظ دقت مناسب","تغییر تصادفی مقدار","حذف عدد","تبدیل به متن","A","سؤال تألیفی تشخیصی برای ارزیابی اولیه؛ جایگزین پوشش فصل‌به‌فصل کتاب درسی نیست.","ترنم همدلی","original","1405"
"دوازدهم","ریاضی","حسابان","حسابان","آزمون جامع","ارزیابی پایه","هسته ۱۰ سوالی","متوسط","رابطه ریاضی چه چیزی را بیان می‌کند؟","ارتباط میان کمیت‌ها","نام افراد","رنگ‌ها","صدای محیط","A","سؤال تألیفی تشخیصی برای ارزیابی اولیه؛ جایگزین پوشش فصل‌به‌فصل کتاب درسی نیست.","ترنم همدلی","original","1405"
"دوازدهم","ریاضی","حسابان","حسابان","آزمون جامع","ارزیابی پایه","هسته ۱۰ سوالی","متوسط","بررسی پاسخ پس از حل چه فایده‌ای دارد؟","کشف خطای محاسبه یا استدلال","حذف پاسخ","تغییر موضوع","افزایش ابهام","A","سؤال تألیفی تشخیصی برای ارزیابی اولیه؛ جایگزین پوشش فصل‌به‌فصل کتاب درسی نیست.","ترنم همدلی","original","1405"
"دوازدهم","ریاضی","هندسه","هندسه","آزمون جامع","ارزیابی پایه","هسته ۱۰ سوالی","متوسط","کدام گزینه یک مفهوم پایه در این درس است؟","تعریف و رابطه بین کمیت‌ها","رنگ","صدا","بو","A","سؤال تألیفی تشخیصی برای ارزیابی اولیه؛ جایگزین پوشش فصل‌به‌فصل کتاب درسی نیست.","ترنم همدلی","original","1405"
"دوازدهم","ریاضی","هندسه","هندسه","آزمون جامع","ارزیابی پایه","هسته ۱۰ سوالی","متوسط","حل مرحله‌ای مسئله چه فایده‌ای دارد؟","کاهش خطا و امکان بررسی مسیر حل","حذف داده","افزایش ابهام","تغییر موضوع","A","سؤال تألیفی تشخیصی برای ارزیابی اولیه؛ جایگزین پوشش فصل‌به‌فصل کتاب درسی نیست.","ترنم همدلی","original","1405"
"دوازدهم","ریاضی","هندسه","هندسه","آزمون جامع","ارزیابی پایه","هسته ۱۰ سوالی","متوسط","میانگین برای چه کاری به‌کار می‌رود؟","خلاصه‌کردن مجموعه‌ای از داده‌ها","اندازه‌گیری دما","تشخیص صدا","تعیین رنگ","A","سؤال تألیفی تشخیصی برای ارزیابی اولیه؛ جایگزین پوشش فصل‌به‌فصل کتاب درسی نیست.","ترنم همدلی","original","1405"
"دوازدهم","ریاضی","هندسه","هندسه","آزمون جامع","ارزیابی پایه","هسته ۱۰ سوالی","متوسط","احتمال رویداد قطعی چیست؟","۱","۰","۰٫۵","۲","A","سؤال تألیفی تشخیصی برای ارزیابی اولیه؛ جایگزین پوشش فصل‌به‌فصل کتاب درسی نیست.","ترنم همدلی","original","1405"
"دوازدهم","ریاضی","هندسه","هندسه","آزمون جامع","ارزیابی پایه","هسته ۱۰ سوالی","متوسط","نمودار چه کمکی می‌کند؟","نمایش و مقایسه داده‌ها","حذف داده","تغییر سؤال","حذف واحد","A","سؤال تألیفی تشخیصی برای ارزیابی اولیه؛ جایگزین پوشش فصل‌به‌فصل کتاب درسی نیست.","ترنم همدلی","original","1405"
"دوازدهم","ریاضی","هندسه","هندسه","آزمون جامع","ارزیابی پایه","هسته ۱۰ سوالی","متوسط","واحد اندازه‌گیری چه اهمیتی دارد؟","امکان مقایسه و بیان دقیق مقدار","تغییر نتیجه","حذف عدد","افزایش ابهام","A","سؤال تألیفی تشخیصی برای ارزیابی اولیه؛ جایگزین پوشش فصل‌به‌فصل کتاب درسی نیست.","ترنم همدلی","original","1405"
"دوازدهم","ریاضی","هندسه","هندسه","آزمون جامع","ارزیابی پایه","هسته ۱۰ سوالی","متوسط","برای حل یک مسئله ابتدا چه باید کرد؟","شناخت داده‌ها و خواسته","حدس پاسخ","حذف صورت مسئله","تغییر واحد بدون دلیل","A","سؤال تألیفی تشخیصی برای ارزیابی اولیه؛ جایگزین پوشش فصل‌به‌فصل کتاب درسی نیست.","ترنم همدلی","original","1405"
"دوازدهم","ریاضی","هندسه","هندسه","آزمون جامع","ارزیابی پایه","هسته ۱۰ سوالی","متوسط","تقریب عدد برای چیست؟","ساده‌سازی با حفظ دقت مناسب","تغییر تصادفی مقدار","حذف عدد","تبدیل به متن","A","سؤال تألیفی تشخیصی برای ارزیابی اولیه؛ جایگزین پوشش فصل‌به‌فصل کتاب درسی نیست.","ترنم همدلی","original","1405"
"دوازدهم","ریاضی","هندسه","هندسه","آزمون جامع","ارزیابی پایه","هسته ۱۰ سوالی","متوسط","رابطه ریاضی چه چیزی را بیان می‌کند؟","ارتباط میان کمیت‌ها","نام افراد","رنگ‌ها","صدای محیط","A","سؤال تألیفی تشخیصی برای ارزیابی اولیه؛ جایگزین پوشش فصل‌به‌فصل کتاب درسی نیست.","ترنم همدلی","original","1405"
"دوازدهم","ریاضی","هندسه","هندسه","آزمون جامع","ارزیابی پایه","هسته ۱۰ سوالی","متوسط","بررسی پاسخ پس از حل چه فایده‌ای دارد؟","کشف خطای محاسبه یا استدلال","حذف پاسخ","تغییر موضوع","افزایش ابهام","A","سؤال تألیفی تشخیصی برای ارزیابی اولیه؛ جایگزین پوشش فصل‌به‌فصل کتاب درسی نیست.","ترنم همدلی","original","1405"
"دوازدهم","ریاضی","ریاضیات گسسته","ریاضیات گسسته","آزمون جامع","ارزیابی پایه","هسته ۱۰ سوالی","متوسط","کدام گزینه یک مفهوم پایه در این درس است؟","تعریف و رابطه بین کمیت‌ها","رنگ","صدا","بو","A","سؤال تألیفی تشخیصی برای ارزیابی اولیه؛ جایگزین پوشش فصل‌به‌فصل کتاب درسی نیست.","ترنم همدلی","original","1405"
"دوازدهم","ریاضی","ریاضیات گسسته","ریاضیات گسسته","آزمون جامع","ارزیابی پایه","هسته ۱۰ سوالی","متوسط","حل مرحله‌ای مسئله چه فایده‌ای دارد؟","کاهش خطا و امکان بررسی مسیر حل","حذف داده","افزایش ابهام","تغییر موضوع","A","سؤال تألیفی تشخیصی برای ارزیابی اولیه؛ جایگزین پوشش فصل‌به‌فصل کتاب درسی نیست.","ترنم همدلی","original","1405"
"دوازدهم","ریاضی","ریاضیات گسسته","ریاضیات گسسته","آزمون جامع","ارزیابی پایه","هسته ۱۰ سوالی","متوسط","میانگین برای چه کاری به‌کار می‌رود؟","خلاصه‌کردن مجموعه‌ای از داده‌ها","اندازه‌گیری دما","تشخیص صدا","تعیین رنگ","A","سؤال تألیفی تشخیصی برای ارزیابی اولیه؛ جایگزین پوشش فصل‌به‌فصل کتاب درسی نیست.","ترنم همدلی","original","1405"
"دوازدهم","ریاضی","ریاضیات گسسته","ریاضیات گسسته","آزمون جامع","ارزیابی پایه","هسته ۱۰ سوالی","متوسط","احتمال رویداد قطعی چیست؟","۱","۰","۰٫۵","۲","A","سؤال تألیفی تشخیصی برای ارزیابی اولیه؛ جایگزین پوشش فصل‌به‌فصل کتاب درسی نیست.","ترنم همدلی","original","1405"
"دوازدهم","ریاضی","ریاضیات گسسته","ریاضیات گسسته","آزمون جامع","ارزیابی پایه","هسته ۱۰ سوالی","متوسط","نمودار چه کمکی می‌کند؟","نمایش و مقایسه داده‌ها","حذف داده","تغییر سؤال","حذف واحد","A","سؤال تألیفی تشخیصی برای ارزیابی اولیه؛ جایگزین پوشش فصل‌به‌فصل کتاب درسی نیست.","ترنم همدلی","original","1405"
"دوازدهم","ریاضی","ریاضیات گسسته","ریاضیات گسسته","آزمون جامع","ارزیابی پایه","هسته ۱۰ سوالی","متوسط","واحد اندازه‌گیری چه اهمیتی دارد؟","امکان مقایسه و بیان دقیق مقدار","تغییر نتیجه","حذف عدد","افزایش ابهام","A","سؤال تألیفی تشخیصی برای ارزیابی اولیه؛ جایگزین پوشش فصل‌به‌فصل کتاب درسی نیست.","ترنم همدلی","original","1405"
"دوازدهم","ریاضی","ریاضیات گسسته","ریاضیات گسسته","آزمون جامع","ارزیابی پایه","هسته ۱۰ سوالی","متوسط","برای حل یک مسئله ابتدا چه باید کرد؟","شناخت داده‌ها و خواسته","حدس پاسخ","حذف صورت مسئله","تغییر واحد بدون دلیل","A","سؤال تألیفی تشخیصی برای ارزیابی اولیه؛ جایگزین پوشش فصل‌به‌فصل کتاب درسی نیست.","ترنم همدلی","original","1405"
"دوازدهم","ریاضی","ریاضیات گسسته","ریاضیات گسسته","آزمون جامع","ارزیابی پایه","هسته ۱۰ سوالی","متوسط","تقریب عدد برای چیست؟","ساده‌سازی با حفظ دقت مناسب","تغییر تصادفی مقدار","حذف عدد","تبدیل به متن","A","سؤال تألیفی تشخیصی برای ارزیابی اولیه؛ جایگزین پوشش فصل‌به‌فصل کتاب درسی نیست.","ترنم همدلی","original","1405"
"دوازدهم","ریاضی","ریاضیات گسسته","ریاضیات گسسته","آزمون جامع","ارزیابی پایه","هسته ۱۰ سوالی","متوسط","رابطه ریاضی چه چیزی را بیان می‌کند؟","ارتباط میان کمیت‌ها","نام افراد","رنگ‌ها","صدای محیط","A","سؤال تألیفی تشخیصی برای ارزیابی اولیه؛ جایگزین پوشش فصل‌به‌فصل کتاب درسی نیست.","ترنم همدلی","original","1405"
"دوازدهم","ریاضی","ریاضیات گسسته","ریاضیات گسسته","آزمون جامع","ارزیابی پایه","هسته ۱۰ سوالی","متوسط","بررسی پاسخ پس از حل چه فایده‌ای دارد؟","کشف خطای محاسبه یا استدلال","حذف پاسخ","تغییر موضوع","افزایش ابهام","A","سؤال تألیفی تشخیصی برای ارزیابی اولیه؛ جایگزین پوشش فصل‌به‌فصل کتاب درسی نیست.","ترنم همدلی","original","1405"
"دوازدهم","ریاضی","فیزیک","فیزیک","آزمون جامع","ارزیابی پایه","هسته ۱۰ سوالی","متوسط","سرعت چه چیزی را بیان می‌کند؟","نرخ تغییر مکان نسبت به زمان","جرم","دما","حجم","A","سؤال تألیفی تشخیصی برای ارزیابی اولیه؛ جایگزین پوشش فصل‌به‌فصل کتاب درسی نیست.","ترنم همدلی","original","1405"
"دوازدهم","ریاضی","فیزیک","فیزیک","آزمون جامع","ارزیابی پایه","هسته ۱۰ سوالی","متوسط","نیرو می‌تواند چه اثری داشته باشد؟","تغییر حرکت یا شکل جسم","تغییر نام","افزایش جرم بدون ماده","حذف زمان","A","سؤال تألیفی تشخیصی برای ارزیابی اولیه؛ جایگزین پوشش فصل‌به‌فصل کتاب درسی نیست.","ترنم همدلی","original","1405"
"دوازدهم","ریاضی","فیزیک","فیزیک","آزمون جامع","ارزیابی پایه","هسته ۱۰ سوالی","متوسط","واحد نیرو در SI چیست؟","نیوتن","ژول","وات","پاسکال","A","سؤال تألیفی تشخیصی برای ارزیابی اولیه؛ جایگزین پوشش فصل‌به‌فصل کتاب درسی نیست.","ترنم همدلی","original","1405"
"دوازدهم","ریاضی","فیزیک","فیزیک","آزمون جامع","ارزیابی پایه","هسته ۱۰ سوالی","متوسط","انرژی جنبشی به چه مربوط است؟","حرکت جسم","رنگ","نام","حجم فقط","A","سؤال تألیفی تشخیصی برای ارزیابی اولیه؛ جایگزین پوشش فصل‌به‌فصل کتاب درسی نیست.","ترنم همدلی","original","1405"
"دوازدهم","ریاضی","فیزیک","فیزیک","آزمون جامع","ارزیابی پایه","هسته ۱۰ سوالی","متوسط","توان چیست؟","نرخ انجام کار یا انتقال انرژی","جرم","فاصله","دما","A","سؤال تألیفی تشخیصی برای ارزیابی اولیه؛ جایگزین پوشش فصل‌به‌فصل کتاب درسی نیست.","ترنم همدلی","original","1405"
"دوازدهم","ریاضی","فیزیک","فیزیک","آزمون جامع","ارزیابی پایه","هسته ۱۰ سوالی","متوسط","فشار به چه چیزی مربوط است؟","نیرو بر واحد سطح","جرم بر زمان","دما بر حجم","سرعت بر جرم","A","سؤال تألیفی تشخیصی برای ارزیابی اولیه؛ جایگزین پوشش فصل‌به‌فصل کتاب درسی نیست.","ترنم همدلی","original","1405"
"دوازدهم","ریاضی","فیزیک","فیزیک","آزمون جامع","ارزیابی پایه","هسته ۱۰ سوالی","متوسط","گرما چیست؟","انتقال انرژی به علت اختلاف دما","جرم","فشار","حجم","A","سؤال تألیفی تشخیصی برای ارزیابی اولیه؛ جایگزین پوشش فصل‌به‌فصل کتاب درسی نیست.","ترنم همدلی","original","1405"
"دوازدهم","ریاضی","فیزیک","فیزیک","آزمون جامع","ارزیابی پایه","هسته ۱۰ سوالی","متوسط","قانون دوم نیوتن چه رابطه‌ای را بیان می‌کند؟","ارتباط نیرو، جرم و شتاب","رنگ و نور","زمان و جرم فقط","دما و رنگ","A","سؤال تألیفی تشخیصی برای ارزیابی اولیه؛ جایگزین پوشش فصل‌به‌فصل کتاب درسی نیست.","ترنم همدلی","original","1405"
"دوازدهم","ریاضی","فیزیک","فیزیک","آزمون جامع","ارزیابی پایه","هسته ۱۰ سوالی","متوسط","مدار الکتریکی بسته چه ویژگی دارد؟","مسیر پیوسته برای جریان فراهم می‌کند","هیچ مسیر ندارد","فقط باتری است","بدون منبع کار می‌کند","A","سؤال تألیفی تشخیصی برای ارزیابی اولیه؛ جایگزین پوشش فصل‌به‌فصل کتاب درسی نیست.","ترنم همدلی","original","1405"
"دوازدهم","ریاضی","فیزیک","فیزیک","آزمون جامع","ارزیابی پایه","هسته ۱۰ سوالی","متوسط","موج چه چیزی را منتقل می‌کند؟","انرژی از یک ناحیه به ناحیه دیگر","جرم به‌طور الزامی","فقط ماده","فقط صدا","A","سؤال تألیفی تشخیصی برای ارزیابی اولیه؛ جایگزین پوشش فصل‌به‌فصل کتاب درسی نیست.","ترنم همدلی","original","1405"
"دوازدهم","ریاضی","شیمی","شیمی","آزمون جامع","ارزیابی پایه","هسته ۱۰ سوالی","متوسط","اتم چیست؟","واحد بسیار کوچک سازنده ماده با هسته و الکترون‌ها","بافت","سلول","محلول","A","سؤال تألیفی تشخیصی برای ارزیابی اولیه؛ جایگزین پوشش فصل‌به‌فصل کتاب درسی نیست.","ترنم همدلی","original","1405"
"دوازدهم","ریاضی","شیمی","شیمی","آزمون جامع","ارزیابی پایه","هسته ۱۰ سوالی","متوسط","عنصر چیست؟","ماده‌ای متشکل از اتم‌های یک نوع","مخلوط","محلول","واکنش","A","سؤال تألیفی تشخیصی برای ارزیابی اولیه؛ جایگزین پوشش فصل‌به‌فصل کتاب درسی نیست.","ترنم همدلی","original","1405"
"دوازدهم","ریاضی","شیمی","شیمی","آزمون جامع","ارزیابی پایه","هسته ۱۰ سوالی","متوسط","مولکول چیست؟","مجموعه‌ای از اتم‌های پیوندشده","بافت","دستگاه","واحد زمان","A","سؤال تألیفی تشخیصی برای ارزیابی اولیه؛ جایگزین پوشش فصل‌به‌فصل کتاب درسی نیست.","ترنم همدلی","original","1405"
"دوازدهم","ریاضی","شیمی","شیمی","آزمون جامع","ارزیابی پایه","هسته ۱۰ سوالی","متوسط","واکنش شیمیایی چیست؟","تبدیل مواد اولیه به مواد جدید","تغییر مکان","تغییر فصل","اندازه‌گیری جرم","A","سؤال تألیفی تشخیصی برای ارزیابی اولیه؛ جایگزین پوشش فصل‌به‌فصل کتاب درسی نیست.","ترنم همدلی","original","1405"
"دوازدهم","ریاضی","شیمی","شیمی","آزمون جامع","ارزیابی پایه","هسته ۱۰ سوالی","متوسط","محلول چیست؟","مخلوط همگن از حل‌شونده و حلال","عنصر خالص","گاز تنها","بافت","A","سؤال تألیفی تشخیصی برای ارزیابی اولیه؛ جایگزین پوشش فصل‌به‌فصل کتاب درسی نیست.","ترنم همدلی","original","1405"
"دوازدهم","ریاضی","شیمی","شیمی","آزمون جامع","ارزیابی پایه","هسته ۱۰ سوالی","متوسط","pH برای چیست؟","بیان اسیدی یا بازی بودن محلول","اندازه‌گیری جرم","طول","سرعت","A","سؤال تألیفی تشخیصی برای ارزیابی اولیه؛ جایگزین پوشش فصل‌به‌فصل کتاب درسی نیست.","ترنم همدلی","original","1405"
"دوازدهم","ریاضی","شیمی","شیمی","آزمون جامع","ارزیابی پایه","هسته ۱۰ سوالی","متوسط","کاتالیزگر چه می‌کند؟","سرعت واکنش را تغییر می‌دهد و در پایان کلی مصرف نمی‌شود","جرم را نابود می‌کند","دما را صفر می‌کند","واکنش را همیشه متوقف می‌کند","A","سؤال تألیفی تشخیصی برای ارزیابی اولیه؛ جایگزین پوشش فصل‌به‌فصل کتاب درسی نیست.","ترنم همدلی","original","1405"
"دوازدهم","ریاضی","شیمی","شیمی","آزمون جامع","ارزیابی پایه","هسته ۱۰ سوالی","متوسط","قانون پایستگی جرم چه می‌گوید؟","جرم کل در واکنش شیمیایی بسته حفظ می‌شود","جرم صفر می‌شود","اتم‌ها نابود می‌شوند","انرژی وجود ندارد","A","سؤال تألیفی تشخیصی برای ارزیابی اولیه؛ جایگزین پوشش فصل‌به‌فصل کتاب درسی نیست.","ترنم همدلی","original","1405"
"دوازدهم","ریاضی","شیمی","شیمی","آزمون جامع","ارزیابی پایه","هسته ۱۰ سوالی","متوسط","پیوند شیمیایی چه نقشی دارد؟","اتصال اتم‌ها در ساختار ماده","اندازه‌گیری دما","تعیین رنگ","حرکت جسم","A","سؤال تألیفی تشخیصی برای ارزیابی اولیه؛ جایگزین پوشش فصل‌به‌فصل کتاب درسی نیست.","ترنم همدلی","original","1405"
"دوازدهم","ریاضی","شیمی","شیمی","آزمون جامع","ارزیابی پایه","هسته ۱۰ سوالی","متوسط","شیمی چه چیزی را بررسی می‌کند؟","ماده، ساختار، خواص و تغییرات آن","فقط سیارات","فقط جامعه","فقط ادبیات","A","سؤال تألیفی تشخیصی برای ارزیابی اولیه؛ جایگزین پوشش فصل‌به‌فصل کتاب درسی نیست.","ترنم همدلی","original","1405"
"دهم","تجربی","ریاضی","ریاضی","آزمون جامع","ارزیابی پایه","هسته ۱۰ سوالی","متوسط","کدام گزینه یک مفهوم پایه در این درس است؟","تعریف و رابطه بین کمیت‌ها","رنگ","صدا","بو","A","سؤال تألیفی تشخیصی برای ارزیابی اولیه؛ جایگزین پوشش فصل‌به‌فصل کتاب درسی نیست.","ترنم همدلی","original","1405"
"دهم","تجربی","ریاضی","ریاضی","آزمون جامع","ارزیابی پایه","هسته ۱۰ سوالی","متوسط","حل مرحله‌ای مسئله چه فایده‌ای دارد؟","کاهش خطا و امکان بررسی مسیر حل","حذف داده","افزایش ابهام","تغییر موضوع","A","سؤال تألیفی تشخیصی برای ارزیابی اولیه؛ جایگزین پوشش فصل‌به‌فصل کتاب درسی نیست.","ترنم همدلی","original","1405"
"دهم","تجربی","ریاضی","ریاضی","آزمون جامع","ارزیابی پایه","هسته ۱۰ سوالی","متوسط","میانگین برای چه کاری به‌کار می‌رود؟","خلاصه‌کردن مجموعه‌ای از داده‌ها","اندازه‌گیری دما","تشخیص صدا","تعیین رنگ","A","سؤال تألیفی تشخیصی برای ارزیابی اولیه؛ جایگزین پوشش فصل‌به‌فصل کتاب درسی نیست.","ترنم همدلی","original","1405"
"دهم","تجربی","ریاضی","ریاضی","آزمون جامع","ارزیابی پایه","هسته ۱۰ سوالی","متوسط","احتمال رویداد قطعی چیست؟","۱","۰","۰٫۵","۲","A","سؤال تألیفی تشخیصی برای ارزیابی اولیه؛ جایگزین پوشش فصل‌به‌فصل کتاب درسی نیست.","ترنم همدلی","original","1405"
"دهم","تجربی","ریاضی","ریاضی","آزمون جامع","ارزیابی پایه","هسته ۱۰ سوالی","متوسط","نمودار چه کمکی می‌کند؟","نمایش و مقایسه داده‌ها","حذف داده","تغییر سؤال","حذف واحد","A","سؤال تألیفی تشخیصی برای ارزیابی اولیه؛ جایگزین پوشش فصل‌به‌فصل کتاب درسی نیست.","ترنم همدلی","original","1405"
"دهم","تجربی","ریاضی","ریاضی","آزمون جامع","ارزیابی پایه","هسته ۱۰ سوالی","متوسط","واحد اندازه‌گیری چه اهمیتی دارد؟","امکان مقایسه و بیان دقیق مقدار","تغییر نتیجه","حذف عدد","افزایش ابهام","A","سؤال تألیفی تشخیصی برای ارزیابی اولیه؛ جایگزین پوشش فصل‌به‌فصل کتاب درسی نیست.","ترنم همدلی","original","1405"
"دهم","تجربی","ریاضی","ریاضی","آزمون جامع","ارزیابی پایه","هسته ۱۰ سوالی","متوسط","برای حل یک مسئله ابتدا چه باید کرد؟","شناخت داده‌ها و خواسته","حدس پاسخ","حذف صورت مسئله","تغییر واحد بدون دلیل","A","سؤال تألیفی تشخیصی برای ارزیابی اولیه؛ جایگزین پوشش فصل‌به‌فصل کتاب درسی نیست.","ترنم همدلی","original","1405"
"دهم","تجربی","ریاضی","ریاضی","آزمون جامع","ارزیابی پایه","هسته ۱۰ سوالی","متوسط","تقریب عدد برای چیست؟","ساده‌سازی با حفظ دقت مناسب","تغییر تصادفی مقدار","حذف عدد","تبدیل به متن","A","سؤال تألیفی تشخیصی برای ارزیابی اولیه؛ جایگزین پوشش فصل‌به‌فصل کتاب درسی نیست.","ترنم همدلی","original","1405"
"دهم","تجربی","ریاضی","ریاضی","آزمون جامع","ارزیابی پایه","هسته ۱۰ سوالی","متوسط","رابطه ریاضی چه چیزی را بیان می‌کند؟","ارتباط میان کمیت‌ها","نام افراد","رنگ‌ها","صدای محیط","A","سؤال تألیفی تشخیصی برای ارزیابی اولیه؛ جایگزین پوشش فصل‌به‌فصل کتاب درسی نیست.","ترنم همدلی","original","1405"
"دهم","تجربی","ریاضی","ریاضی","آزمون جامع","ارزیابی پایه","هسته ۱۰ سوالی","متوسط","بررسی پاسخ پس از حل چه فایده‌ای دارد؟","کشف خطای محاسبه یا استدلال","حذف پاسخ","تغییر موضوع","افزایش ابهام","A","سؤال تألیفی تشخیصی برای ارزیابی اولیه؛ جایگزین پوشش فصل‌به‌فصل کتاب درسی نیست.","ترنم همدلی","original","1405"
"دهم","تجربی","فیزیک","فیزیک","آزمون جامع","ارزیابی پایه","هسته ۱۰ سوالی","متوسط","سرعت چه چیزی را بیان می‌کند؟","نرخ تغییر مکان نسبت به زمان","جرم","دما","حجم","A","سؤال تألیفی تشخیصی برای ارزیابی اولیه؛ جایگزین پوشش فصل‌به‌فصل کتاب درسی نیست.","ترنم همدلی","original","1405"
"دهم","تجربی","فیزیک","فیزیک","آزمون جامع","ارزیابی پایه","هسته ۱۰ سوالی","متوسط","نیرو می‌تواند چه اثری داشته باشد؟","تغییر حرکت یا شکل جسم","تغییر نام","افزایش جرم بدون ماده","حذف زمان","A","سؤال تألیفی تشخیصی برای ارزیابی اولیه؛ جایگزین پوشش فصل‌به‌فصل کتاب درسی نیست.","ترنم همدلی","original","1405"
"دهم","تجربی","فیزیک","فیزیک","آزمون جامع","ارزیابی پایه","هسته ۱۰ سوالی","متوسط","واحد نیرو در SI چیست؟","نیوتن","ژول","وات","پاسکال","A","سؤال تألیفی تشخیصی برای ارزیابی اولیه؛ جایگزین پوشش فصل‌به‌فصل کتاب درسی نیست.","ترنم همدلی","original","1405"
"دهم","تجربی","فیزیک","فیزیک","آزمون جامع","ارزیابی پایه","هسته ۱۰ سوالی","متوسط","انرژی جنبشی به چه مربوط است؟","حرکت جسم","رنگ","نام","حجم فقط","A","سؤال تألیفی تشخیصی برای ارزیابی اولیه؛ جایگزین پوشش فصل‌به‌فصل کتاب درسی نیست.","ترنم همدلی","original","1405"
"دهم","تجربی","فیزیک","فیزیک","آزمون جامع","ارزیابی پایه","هسته ۱۰ سوالی","متوسط","توان چیست؟","نرخ انجام کار یا انتقال انرژی","جرم","فاصله","دما","A","سؤال تألیفی تشخیصی برای ارزیابی اولیه؛ جایگزین پوشش فصل‌به‌فصل کتاب درسی نیست.","ترنم همدلی","original","1405"
"دهم","تجربی","فیزیک","فیزیک","آزمون جامع","ارزیابی پایه","هسته ۱۰ سوالی","متوسط","فشار به چه چیزی مربوط است؟","نیرو بر واحد سطح","جرم بر زمان","دما بر حجم","سرعت بر جرم","A","سؤال تألیفی تشخیصی برای ارزیابی اولیه؛ جایگزین پوشش فصل‌به‌فصل کتاب درسی نیست.","ترنم همدلی","original","1405"
"دهم","تجربی","فیزیک","فیزیک","آزمون جامع","ارزیابی پایه","هسته ۱۰ سوالی","متوسط","گرما چیست؟","انتقال انرژی به علت اختلاف دما","جرم","فشار","حجم","A","سؤال تألیفی تشخیصی برای ارزیابی اولیه؛ جایگزین پوشش فصل‌به‌فصل کتاب درسی نیست.","ترنم همدلی","original","1405"
"دهم","تجربی","فیزیک","فیزیک","آزمون جامع","ارزیابی پایه","هسته ۱۰ سوالی","متوسط","قانون دوم نیوتن چه رابطه‌ای را بیان می‌کند؟","ارتباط نیرو، جرم و شتاب","رنگ و نور","زمان و جرم فقط","دما و رنگ","A","سؤال تألیفی تشخیصی برای ارزیابی اولیه؛ جایگزین پوشش فصل‌به‌فصل کتاب درسی نیست.","ترنم همدلی","original","1405"
"دهم","تجربی","فیزیک","فیزیک","آزمون جامع","ارزیابی پایه","هسته ۱۰ سوالی","متوسط","مدار الکتریکی بسته چه ویژگی دارد؟","مسیر پیوسته برای جریان فراهم می‌کند","هیچ مسیر ندارد","فقط باتری است","بدون منبع کار می‌کند","A","سؤال تألیفی تشخیصی برای ارزیابی اولیه؛ جایگزین پوشش فصل‌به‌فصل کتاب درسی نیست.","ترنم همدلی","original","1405"
"دهم","تجربی","فیزیک","فیزیک","آزمون جامع","ارزیابی پایه","هسته ۱۰ سوالی","متوسط","موج چه چیزی را منتقل می‌کند؟","انرژی از یک ناحیه به ناحیه دیگر","جرم به‌طور الزامی","فقط ماده","فقط صدا","A","سؤال تألیفی تشخیصی برای ارزیابی اولیه؛ جایگزین پوشش فصل‌به‌فصل کتاب درسی نیست.","ترنم همدلی","original","1405"
"دهم","تجربی","شیمی","شیمی","آزمون جامع","ارزیابی پایه","هسته ۱۰ سوالی","متوسط","اتم چیست؟","واحد بسیار کوچک سازنده ماده با هسته و الکترون‌ها","بافت","سلول","محلول","A","سؤال تألیفی تشخیصی برای ارزیابی اولیه؛ جایگزین پوشش فصل‌به‌فصل کتاب درسی نیست.","ترنم همدلی","original","1405"
"دهم","تجربی","شیمی","شیمی","آزمون جامع","ارزیابی پایه","هسته ۱۰ سوالی","متوسط","عنصر چیست؟","ماده‌ای متشکل از اتم‌های یک نوع","مخلوط","محلول","واکنش","A","سؤال تألیفی تشخیصی برای ارزیابی اولیه؛ جایگزین پوشش فصل‌به‌فصل کتاب درسی نیست.","ترنم همدلی","original","1405"
"دهم","تجربی","شیمی","شیمی","آزمون جامع","ارزیابی پایه","هسته ۱۰ سوالی","متوسط","مولکول چیست؟","مجموعه‌ای از اتم‌های پیوندشده","بافت","دستگاه","واحد زمان","A","سؤال تألیفی تشخیصی برای ارزیابی اولیه؛ جایگزین پوشش فصل‌به‌فصل کتاب درسی نیست.","ترنم همدلی","original","1405"
"دهم","تجربی","شیمی","شیمی","آزمون جامع","ارزیابی پایه","هسته ۱۰ سوالی","متوسط","واکنش شیمیایی چیست؟","تبدیل مواد اولیه به مواد جدید","تغییر مکان","تغییر فصل","اندازه‌گیری جرم","A","سؤال تألیفی تشخیصی برای ارزیابی اولیه؛ جایگزین پوشش فصل‌به‌فصل کتاب درسی نیست.","ترنم همدلی","original","1405"
"دهم","تجربی","شیمی","شیمی","آزمون جامع","ارزیابی پایه","هسته ۱۰ سوالی","متوسط","محلول چیست؟","مخلوط همگن از حل‌شونده و حلال","عنصر خالص","گاز تنها","بافت","A","سؤال تألیفی تشخیصی برای ارزیابی اولیه؛ جایگزین پوشش فصل‌به‌فصل کتاب درسی نیست.","ترنم همدلی","original","1405"
"دهم","تجربی","شیمی","شیمی","آزمون جامع","ارزیابی پایه","هسته ۱۰ سوالی","متوسط","pH برای چیست؟","بیان اسیدی یا بازی بودن محلول","اندازه‌گیری جرم","طول","سرعت","A","سؤال تألیفی تشخیصی برای ارزیابی اولیه؛ جایگزین پوشش فصل‌به‌فصل کتاب درسی نیست.","ترنم همدلی","original","1405"
"دهم","تجربی","شیمی","شیمی","آزمون جامع","ارزیابی پایه","هسته ۱۰ سوالی","متوسط","کاتالیزگر چه می‌کند؟","سرعت واکنش را تغییر می‌دهد و در پایان کلی مصرف نمی‌شود","جرم را نابود می‌کند","دما را صفر می‌کند","واکنش را همیشه متوقف می‌کند","A","سؤال تألیفی تشخیصی برای ارزیابی اولیه؛ جایگزین پوشش فصل‌به‌فصل کتاب درسی نیست.","ترنم همدلی","original","1405"
"دهم","تجربی","شیمی","شیمی","آزمون جامع","ارزیابی پایه","هسته ۱۰ سوالی","متوسط","قانون پایستگی جرم چه می‌گوید؟","جرم کل در واکنش شیمیایی بسته حفظ می‌شود","جرم صفر می‌شود","اتم‌ها نابود می‌شوند","انرژی وجود ندارد","A","سؤال تألیفی تشخیصی برای ارزیابی اولیه؛ جایگزین پوشش فصل‌به‌فصل کتاب درسی نیست.","ترنم همدلی","original","1405"
"دهم","تجربی","شیمی","شیمی","آزمون جامع","ارزیابی پایه","هسته ۱۰ سوالی","متوسط","پیوند شیمیایی چه نقشی دارد؟","اتصال اتم‌ها در ساختار ماده","اندازه‌گیری دما","تعیین رنگ","حرکت جسم","A","سؤال تألیفی تشخیصی برای ارزیابی اولیه؛ جایگزین پوشش فصل‌به‌فصل کتاب درسی نیست.","ترنم همدلی","original","1405"
"دهم","تجربی","شیمی","شیمی","آزمون جامع","ارزیابی پایه","هسته ۱۰ سوالی","متوسط","شیمی چه چیزی را بررسی می‌کند؟","ماده، ساختار، خواص و تغییرات آن","فقط سیارات","فقط جامعه","فقط ادبیات","A","سؤال تألیفی تشخیصی برای ارزیابی اولیه؛ جایگزین پوشش فصل‌به‌فصل کتاب درسی نیست.","ترنم همدلی","original","1405"
"دهم","تجربی","زیست‌شناسی","زیست‌شناسی","آزمون جامع","ارزیابی پایه","هسته ۱۰ سوالی","متوسط","یاخته چیست؟","واحد بنیادی ساختار و کارکرد جانداران","اندام","بافت فقط","ماده معدنی","A","سؤال تألیفی تشخیصی برای ارزیابی اولیه؛ جایگزین پوشش فصل‌به‌فصل کتاب درسی نیست.","ترنم همدلی","original","1405"
"دهم","تجربی","زیست‌شناسی","زیست‌شناسی","آزمون جامع","ارزیابی پایه","هسته ۱۰ سوالی","متوسط","DNA چه نقشی دارد؟","حمل اطلاعات ژنتیکی","هضم غذا","انتقال اکسیژن","تولید صدا","A","سؤال تألیفی تشخیصی برای ارزیابی اولیه؛ جایگزین پوشش فصل‌به‌فصل کتاب درسی نیست.","ترنم همدلی","original","1405"
"دهم","تجربی","زیست‌شناسی","زیست‌شناسی","آزمون جامع","ارزیابی پایه","هسته ۱۰ سوالی","متوسط","ژن چیست؟","بخشی از DNA مرتبط با اطلاعات وراثتی","بافت","اندام","هورمون","A","سؤال تألیفی تشخیصی برای ارزیابی اولیه؛ جایگزین پوشش فصل‌به‌فصل کتاب درسی نیست.","ترنم همدلی","original","1405"
"دهم","تجربی","زیست‌شناسی","زیست‌شناسی","آزمون جامع","ارزیابی پایه","هسته ۱۰ سوالی","متوسط","بافت چیست؟","مجموعه‌ای از سلول‌های مرتبط با کار مشترک","مولکول","دستگاه فقط","ماده معدنی","A","سؤال تألیفی تشخیصی برای ارزیابی اولیه؛ جایگزین پوشش فصل‌به‌فصل کتاب درسی نیست.","ترنم همدلی","original","1405"
"دهم","تجربی","زیست‌شناسی","زیست‌شناسی","آزمون جامع","ارزیابی پایه","هسته ۱۰ سوالی","متوسط","تبادل گازها در شش عمدتاً کجا رخ می‌دهد؟","حبابک‌ها","نای","حنجره","مری","A","سؤال تألیفی تشخیصی برای ارزیابی اولیه؛ جایگزین پوشش فصل‌به‌فصل کتاب درسی نیست.","ترنم همدلی","original","1405"
"دهم","تجربی","زیست‌شناسی","زیست‌شناسی","آزمون جامع","ارزیابی پایه","هسته ۱۰ سوالی","متوسط","گلبول قرمز چه نقشی دارد؟","حمل اکسیژن در خون","هضم غذا","تولید هورمون","انتقال پیام عصبی","A","سؤال تألیفی تشخیصی برای ارزیابی اولیه؛ جایگزین پوشش فصل‌به‌فصل کتاب درسی نیست.","ترنم همدلی","original","1405"
"دهم","تجربی","زیست‌شناسی","زیست‌شناسی","آزمون جامع","ارزیابی پایه","هسته ۱۰ سوالی","متوسط","دستگاه گوارش چه کاری انجام می‌دهد؟","هضم و جذب مواد غذایی","تولید صدا","تنظیم نور","حرکت استخوان","A","سؤال تألیفی تشخیصی برای ارزیابی اولیه؛ جایگزین پوشش فصل‌به‌فصل کتاب درسی نیست.","ترنم همدلی","original","1405"
"دهم","تجربی","زیست‌شناسی","زیست‌شناسی","آزمون جامع","ارزیابی پایه","هسته ۱۰ سوالی","متوسط","اکوسیستم شامل چیست؟","جانداران و عوامل غیرزنده مرتبط","فقط حیوانات","فقط گیاهان","فقط آب","A","سؤال تألیفی تشخیصی برای ارزیابی اولیه؛ جایگزین پوشش فصل‌به‌فصل کتاب درسی نیست.","ترنم همدلی","original","1405"
"دهم","تجربی","زیست‌شناسی","زیست‌شناسی","آزمون جامع","ارزیابی پایه","هسته ۱۰ سوالی","متوسط","هومئوستازی یعنی چه؟","حفظ نسبتاً پایدار شرایط داخلی بدن","رشد قد","حرکت","تغییر فصل","A","سؤال تألیفی تشخیصی برای ارزیابی اولیه؛ جایگزین پوشش فصل‌به‌فصل کتاب درسی نیست.","ترنم همدلی","original","1405"
"دهم","تجربی","زیست‌شناسی","زیست‌شناسی","آزمون جامع","ارزیابی پایه","هسته ۱۰ سوالی","متوسط","انتخاب طبیعی با چه مفهومی مرتبط است؟","تفاوت بقا و تولیدمثل در شرایط محیطی","یادگیری مهارت","تغییر هوا","تقسیم سلول فقط","A","سؤال تألیفی تشخیصی برای ارزیابی اولیه؛ جایگزین پوشش فصل‌به‌فصل کتاب درسی نیست.","ترنم همدلی","original","1405"
"دهم","تجربی","آزمایشگاه علوم تجربی","آزمایشگاه علوم تجربی","آزمون جامع","ارزیابی پایه","هسته ۱۰ سوالی","متوسط","مشاهده علمی بر چه چیزی تکیه دارد؟","داده و شواهد","شایعه","حدس بدون بررسی","سلیقه","A","سؤال تألیفی تشخیصی برای ارزیابی اولیه؛ جایگزین پوشش فصل‌به‌فصل کتاب درسی نیست.","ترنم همدلی","original","1405"
"دهم","تجربی","آزمایشگاه علوم تجربی","آزمایشگاه علوم تجربی","آزمون جامع","ارزیابی پایه","هسته ۱۰ سوالی","متوسط","فرضیه چیست؟","پاسخ پیشنهادی و قابل آزمون","نتیجه قطعی","نام ابزار","واحد اندازه‌گیری","A","سؤال تألیفی تشخیصی برای ارزیابی اولیه؛ جایگزین پوشش فصل‌به‌فصل کتاب درسی نیست.","ترنم همدلی","original","1405"
"دهم","تجربی","آزمایشگاه علوم تجربی","آزمایشگاه علوم تجربی","آزمون جامع","ارزیابی پایه","هسته ۱۰ سوالی","متوسط","چرا متغیرها کنترل می‌شوند؟","برای بررسی دقیق اثر عامل مورد مطالعه","برای طولانی‌شدن آزمایش","برای حذف نتیجه","برای تغییر سؤال","A","سؤال تألیفی تشخیصی برای ارزیابی اولیه؛ جایگزین پوشش فصل‌به‌فصل کتاب درسی نیست.","ترنم همدلی","original","1405"
"دهم","تجربی","آزمایشگاه علوم تجربی","آزمایشگاه علوم تجربی","آزمون جامع","ارزیابی پایه","هسته ۱۰ سوالی","متوسط","جرم معمولاً با چه ابزاری اندازه‌گیری می‌شود؟","ترازو","دماسنج","خط‌کش","قطب‌نما","A","سؤال تألیفی تشخیصی برای ارزیابی اولیه؛ جایگزین پوشش فصل‌به‌فصل کتاب درسی نیست.","ترنم همدلی","original","1405"
"دهم","تجربی","آزمایشگاه علوم تجربی","آزمایشگاه علوم تجربی","آزمون جامع","ارزیابی پایه","هسته ۱۰ سوالی","متوسط","دما با چه ابزاری اندازه‌گیری می‌شود؟","دماسنج","ترازو","نیروسنج","خط‌کش","A","سؤال تألیفی تشخیصی برای ارزیابی اولیه؛ جایگزین پوشش فصل‌به‌فصل کتاب درسی نیست.","ترنم همدلی","original","1405"
"دهم","تجربی","آزمایشگاه علوم تجربی","آزمایشگاه علوم تجربی","آزمون جامع","ارزیابی پایه","هسته ۱۰ سوالی","متوسط","نتیجه‌گیری علمی باید بر چه چیزی تکیه کند؟","شواهد و تحلیل","حدس تنها","سلیقه","شایعه","A","سؤال تألیفی تشخیصی برای ارزیابی اولیه؛ جایگزین پوشش فصل‌به‌فصل کتاب درسی نیست.","ترنم همدلی","original","1405"
"دهم","تجربی","آزمایشگاه علوم تجربی","آزمایشگاه علوم تجربی","آزمون جامع","ارزیابی پایه","هسته ۱۰ سوالی","متوسط","مواد می‌توانند در چه حالت‌هایی باشند؟","جامد، مایع و گاز","فقط جامد","فقط مایع","فقط گاز","A","سؤال تألیفی تشخیصی برای ارزیابی اولیه؛ جایگزین پوشش فصل‌به‌فصل کتاب درسی نیست.","ترنم همدلی","original","1405"
"دهم","تجربی","آزمایشگاه علوم تجربی","آزمایشگاه علوم تجربی","آزمون جامع","ارزیابی پایه","هسته ۱۰ سوالی","متوسط","آزمایش علمی چه کمکی می‌کند؟","بررسی یک فرض یا پرسش با روش مشخص","حذف داده","تأیید هر حدس","تغییر واقعیت","A","سؤال تألیفی تشخیصی برای ارزیابی اولیه؛ جایگزین پوشش فصل‌به‌فصل کتاب درسی نیست.","ترنم همدلی","original","1405"
"دهم","تجربی","آزمایشگاه علوم تجربی","آزمایشگاه علوم تجربی","آزمون جامع","ارزیابی پایه","هسته ۱۰ سوالی","متوسط","حفاظت از محیط زیست چه هدفی دارد؟","حفظ منابع و سلامت اکوسیستم","افزایش آلودگی","حذف تنوع","مصرف بی‌رویه","A","سؤال تألیفی تشخیصی برای ارزیابی اولیه؛ جایگزین پوشش فصل‌به‌فصل کتاب درسی نیست.","ترنم همدلی","original","1405"
"دهم","تجربی","آزمایشگاه علوم تجربی","آزمایشگاه علوم تجربی","آزمون جامع","ارزیابی پایه","هسته ۱۰ سوالی","متوسط","داده معتبر چه ویژگی دارد؟","قابل مشاهده، اندازه‌گیری یا مستند باشد","کاملاً حدسی باشد","بدون منبع باشد","متناقض باشد","A","سؤال تألیفی تشخیصی برای ارزیابی اولیه؛ جایگزین پوشش فصل‌به‌فصل کتاب درسی نیست.","ترنم همدلی","original","1405"
"یازدهم","تجربی","ریاضی","ریاضی","آزمون جامع","ارزیابی پایه","هسته ۱۰ سوالی","متوسط","کدام گزینه یک مفهوم پایه در این درس است؟","تعریف و رابطه بین کمیت‌ها","رنگ","صدا","بو","A","سؤال تألیفی تشخیصی برای ارزیابی اولیه؛ جایگزین پوشش فصل‌به‌فصل کتاب درسی نیست.","ترنم همدلی","original","1405"
"یازدهم","تجربی","ریاضی","ریاضی","آزمون جامع","ارزیابی پایه","هسته ۱۰ سوالی","متوسط","حل مرحله‌ای مسئله چه فایده‌ای دارد؟","کاهش خطا و امکان بررسی مسیر حل","حذف داده","افزایش ابهام","تغییر موضوع","A","سؤال تألیفی تشخیصی برای ارزیابی اولیه؛ جایگزین پوشش فصل‌به‌فصل کتاب درسی نیست.","ترنم همدلی","original","1405"
"یازدهم","تجربی","ریاضی","ریاضی","آزمون جامع","ارزیابی پایه","هسته ۱۰ سوالی","متوسط","میانگین برای چه کاری به‌کار می‌رود؟","خلاصه‌کردن مجموعه‌ای از داده‌ها","اندازه‌گیری دما","تشخیص صدا","تعیین رنگ","A","سؤال تألیفی تشخیصی برای ارزیابی اولیه؛ جایگزین پوشش فصل‌به‌فصل کتاب درسی نیست.","ترنم همدلی","original","1405"
"یازدهم","تجربی","ریاضی","ریاضی","آزمون جامع","ارزیابی پایه","هسته ۱۰ سوالی","متوسط","احتمال رویداد قطعی چیست؟","۱","۰","۰٫۵","۲","A","سؤال تألیفی تشخیصی برای ارزیابی اولیه؛ جایگزین پوشش فصل‌به‌فصل کتاب درسی نیست.","ترنم همدلی","original","1405"
"یازدهم","تجربی","ریاضی","ریاضی","آزمون جامع","ارزیابی پایه","هسته ۱۰ سوالی","متوسط","نمودار چه کمکی می‌کند؟","نمایش و مقایسه داده‌ها","حذف داده","تغییر سؤال","حذف واحد","A","سؤال تألیفی تشخیصی برای ارزیابی اولیه؛ جایگزین پوشش فصل‌به‌فصل کتاب درسی نیست.","ترنم همدلی","original","1405"
"یازدهم","تجربی","ریاضی","ریاضی","آزمون جامع","ارزیابی پایه","هسته ۱۰ سوالی","متوسط","واحد اندازه‌گیری چه اهمیتی دارد؟","امکان مقایسه و بیان دقیق مقدار","تغییر نتیجه","حذف عدد","افزایش ابهام","A","سؤال تألیفی تشخیصی برای ارزیابی اولیه؛ جایگزین پوشش فصل‌به‌فصل کتاب درسی نیست.","ترنم همدلی","original","1405"
"یازدهم","تجربی","ریاضی","ریاضی","آزمون جامع","ارزیابی پایه","هسته ۱۰ سوالی","متوسط","برای حل یک مسئله ابتدا چه باید کرد؟","شناخت داده‌ها و خواسته","حدس پاسخ","حذف صورت مسئله","تغییر واحد بدون دلیل","A","سؤال تألیفی تشخیصی برای ارزیابی اولیه؛ جایگزین پوشش فصل‌به‌فصل کتاب درسی نیست.","ترنم همدلی","original","1405"
"یازدهم","تجربی","ریاضی","ریاضی","آزمون جامع","ارزیابی پایه","هسته ۱۰ سوالی","متوسط","تقریب عدد برای چیست؟","ساده‌سازی با حفظ دقت مناسب","تغییر تصادفی مقدار","حذف عدد","تبدیل به متن","A","سؤال تألیفی تشخیصی برای ارزیابی اولیه؛ جایگزین پوشش فصل‌به‌فصل کتاب درسی نیست.","ترنم همدلی","original","1405"
"یازدهم","تجربی","ریاضی","ریاضی","آزمون جامع","ارزیابی پایه","هسته ۱۰ سوالی","متوسط","رابطه ریاضی چه چیزی را بیان می‌کند؟","ارتباط میان کمیت‌ها","نام افراد","رنگ‌ها","صدای محیط","A","سؤال تألیفی تشخیصی برای ارزیابی اولیه؛ جایگزین پوشش فصل‌به‌فصل کتاب درسی نیست.","ترنم همدلی","original","1405"
"یازدهم","تجربی","ریاضی","ریاضی","آزمون جامع","ارزیابی پایه","هسته ۱۰ سوالی","متوسط","بررسی پاسخ پس از حل چه فایده‌ای دارد؟","کشف خطای محاسبه یا استدلال","حذف پاسخ","تغییر موضوع","افزایش ابهام","A","سؤال تألیفی تشخیصی برای ارزیابی اولیه؛ جایگزین پوشش فصل‌به‌فصل کتاب درسی نیست.","ترنم همدلی","original","1405"
"یازدهم","تجربی","فیزیک","فیزیک","آزمون جامع","ارزیابی پایه","هسته ۱۰ سوالی","متوسط","سرعت چه چیزی را بیان می‌کند؟","نرخ تغییر مکان نسبت به زمان","جرم","دما","حجم","A","سؤال تألیفی تشخیصی برای ارزیابی اولیه؛ جایگزین پوشش فصل‌به‌فصل کتاب درسی نیست.","ترنم همدلی","original","1405"
"یازدهم","تجربی","فیزیک","فیزیک","آزمون جامع","ارزیابی پایه","هسته ۱۰ سوالی","متوسط","نیرو می‌تواند چه اثری داشته باشد؟","تغییر حرکت یا شکل جسم","تغییر نام","افزایش جرم بدون ماده","حذف زمان","A","سؤال تألیفی تشخیصی برای ارزیابی اولیه؛ جایگزین پوشش فصل‌به‌فصل کتاب درسی نیست.","ترنم همدلی","original","1405"
"یازدهم","تجربی","فیزیک","فیزیک","آزمون جامع","ارزیابی پایه","هسته ۱۰ سوالی","متوسط","واحد نیرو در SI چیست؟","نیوتن","ژول","وات","پاسکال","A","سؤال تألیفی تشخیصی برای ارزیابی اولیه؛ جایگزین پوشش فصل‌به‌فصل کتاب درسی نیست.","ترنم همدلی","original","1405"
"یازدهم","تجربی","فیزیک","فیزیک","آزمون جامع","ارزیابی پایه","هسته ۱۰ سوالی","متوسط","انرژی جنبشی به چه مربوط است؟","حرکت جسم","رنگ","نام","حجم فقط","A","سؤال تألیفی تشخیصی برای ارزیابی اولیه؛ جایگزین پوشش فصل‌به‌فصل کتاب درسی نیست.","ترنم همدلی","original","1405"
"یازدهم","تجربی","فیزیک","فیزیک","آزمون جامع","ارزیابی پایه","هسته ۱۰ سوالی","متوسط","توان چیست؟","نرخ انجام کار یا انتقال انرژی","جرم","فاصله","دما","A","سؤال تألیفی تشخیصی برای ارزیابی اولیه؛ جایگزین پوشش فصل‌به‌فصل کتاب درسی نیست.","ترنم همدلی","original","1405"
"یازدهم","تجربی","فیزیک","فیزیک","آزمون جامع","ارزیابی پایه","هسته ۱۰ سوالی","متوسط","فشار به چه چیزی مربوط است؟","نیرو بر واحد سطح","جرم بر زمان","دما بر حجم","سرعت بر جرم","A","سؤال تألیفی تشخیصی برای ارزیابی اولیه؛ جایگزین پوشش فصل‌به‌فصل کتاب درسی نیست.","ترنم همدلی","original","1405"
"یازدهم","تجربی","فیزیک","فیزیک","آزمون جامع","ارزیابی پایه","هسته ۱۰ سوالی","متوسط","گرما چیست؟","انتقال انرژی به علت اختلاف دما","جرم","فشار","حجم","A","سؤال تألیفی تشخیصی برای ارزیابی اولیه؛ جایگزین پوشش فصل‌به‌فصل کتاب درسی نیست.","ترنم همدلی","original","1405"
"یازدهم","تجربی","فیزیک","فیزیک","آزمون جامع","ارزیابی پایه","هسته ۱۰ سوالی","متوسط","قانون دوم نیوتن چه رابطه‌ای را بیان می‌کند؟","ارتباط نیرو، جرم و شتاب","رنگ و نور","زمان و جرم فقط","دما و رنگ","A","سؤال تألیفی تشخیصی برای ارزیابی اولیه؛ جایگزین پوشش فصل‌به‌فصل کتاب درسی نیست.","ترنم همدلی","original","1405"
"یازدهم","تجربی","فیزیک","فیزیک","آزمون جامع","ارزیابی پایه","هسته ۱۰ سوالی","متوسط","مدار الکتریکی بسته چه ویژگی دارد؟","مسیر پیوسته برای جریان فراهم می‌کند","هیچ مسیر ندارد","فقط باتری است","بدون منبع کار می‌کند","A","سؤال تألیفی تشخیصی برای ارزیابی اولیه؛ جایگزین پوشش فصل‌به‌فصل کتاب درسی نیست.","ترنم همدلی","original","1405"
"یازدهم","تجربی","فیزیک","فیزیک","آزمون جامع","ارزیابی پایه","هسته ۱۰ سوالی","متوسط","موج چه چیزی را منتقل می‌کند؟","انرژی از یک ناحیه به ناحیه دیگر","جرم به‌طور الزامی","فقط ماده","فقط صدا","A","سؤال تألیفی تشخیصی برای ارزیابی اولیه؛ جایگزین پوشش فصل‌به‌فصل کتاب درسی نیست.","ترنم همدلی","original","1405"
"یازدهم","تجربی","شیمی","شیمی","آزمون جامع","ارزیابی پایه","هسته ۱۰ سوالی","متوسط","اتم چیست؟","واحد بسیار کوچک سازنده ماده با هسته و الکترون‌ها","بافت","سلول","محلول","A","سؤال تألیفی تشخیصی برای ارزیابی اولیه؛ جایگزین پوشش فصل‌به‌فصل کتاب درسی نیست.","ترنم همدلی","original","1405"
"یازدهم","تجربی","شیمی","شیمی","آزمون جامع","ارزیابی پایه","هسته ۱۰ سوالی","متوسط","عنصر چیست؟","ماده‌ای متشکل از اتم‌های یک نوع","مخلوط","محلول","واکنش","A","سؤال تألیفی تشخیصی برای ارزیابی اولیه؛ جایگزین پوشش فصل‌به‌فصل کتاب درسی نیست.","ترنم همدلی","original","1405"
"یازدهم","تجربی","شیمی","شیمی","آزمون جامع","ارزیابی پایه","هسته ۱۰ سوالی","متوسط","مولکول چیست؟","مجموعه‌ای از اتم‌های پیوندشده","بافت","دستگاه","واحد زمان","A","سؤال تألیفی تشخیصی برای ارزیابی اولیه؛ جایگزین پوشش فصل‌به‌فصل کتاب درسی نیست.","ترنم همدلی","original","1405"
"یازدهم","تجربی","شیمی","شیمی","آزمون جامع","ارزیابی پایه","هسته ۱۰ سوالی","متوسط","واکنش شیمیایی چیست؟","تبدیل مواد اولیه به مواد جدید","تغییر مکان","تغییر فصل","اندازه‌گیری جرم","A","سؤال تألیفی تشخیصی برای ارزیابی اولیه؛ جایگزین پوشش فصل‌به‌فصل کتاب درسی نیست.","ترنم همدلی","original","1405"
"یازدهم","تجربی","شیمی","شیمی","آزمون جامع","ارزیابی پایه","هسته ۱۰ سوالی","متوسط","محلول چیست؟","مخلوط همگن از حل‌شونده و حلال","عنصر خالص","گاز تنها","بافت","A","سؤال تألیفی تشخیصی برای ارزیابی اولیه؛ جایگزین پوشش فصل‌به‌فصل کتاب درسی نیست.","ترنم همدلی","original","1405"
"یازدهم","تجربی","شیمی","شیمی","آزمون جامع","ارزیابی پایه","هسته ۱۰ سوالی","متوسط","pH برای چیست؟","بیان اسیدی یا بازی بودن محلول","اندازه‌گیری جرم","طول","سرعت","A","سؤال تألیفی تشخیصی برای ارزیابی اولیه؛ جایگزین پوشش فصل‌به‌فصل کتاب درسی نیست.","ترنم همدلی","original","1405"
"یازدهم","تجربی","شیمی","شیمی","آزمون جامع","ارزیابی پایه","هسته ۱۰ سوالی","متوسط","کاتالیزگر چه می‌کند؟","سرعت واکنش را تغییر می‌دهد و در پایان کلی مصرف نمی‌شود","جرم را نابود می‌کند","دما را صفر می‌کند","واکنش را همیشه متوقف می‌کند","A","سؤال تألیفی تشخیصی برای ارزیابی اولیه؛ جایگزین پوشش فصل‌به‌فصل کتاب درسی نیست.","ترنم همدلی","original","1405"
"یازدهم","تجربی","شیمی","شیمی","آزمون جامع","ارزیابی پایه","هسته ۱۰ سوالی","متوسط","قانون پایستگی جرم چه می‌گوید؟","جرم کل در واکنش شیمیایی بسته حفظ می‌شود","جرم صفر می‌شود","اتم‌ها نابود می‌شوند","انرژی وجود ندارد","A","سؤال تألیفی تشخیصی برای ارزیابی اولیه؛ جایگزین پوشش فصل‌به‌فصل کتاب درسی نیست.","ترنم همدلی","original","1405"
"یازدهم","تجربی","شیمی","شیمی","آزمون جامع","ارزیابی پایه","هسته ۱۰ سوالی","متوسط","پیوند شیمیایی چه نقشی دارد؟","اتصال اتم‌ها در ساختار ماده","اندازه‌گیری دما","تعیین رنگ","حرکت جسم","A","سؤال تألیفی تشخیصی برای ارزیابی اولیه؛ جایگزین پوشش فصل‌به‌فصل کتاب درسی نیست.","ترنم همدلی","original","1405"
"یازدهم","تجربی","شیمی","شیمی","آزمون جامع","ارزیابی پایه","هسته ۱۰ سوالی","متوسط","شیمی چه چیزی را بررسی می‌کند؟","ماده، ساختار، خواص و تغییرات آن","فقط سیارات","فقط جامعه","فقط ادبیات","A","سؤال تألیفی تشخیصی برای ارزیابی اولیه؛ جایگزین پوشش فصل‌به‌فصل کتاب درسی نیست.","ترنم همدلی","original","1405"
"یازدهم","تجربی","زیست‌شناسی","زیست‌شناسی","آزمون جامع","ارزیابی پایه","هسته ۱۰ سوالی","متوسط","یاخته چیست؟","واحد بنیادی ساختار و کارکرد جانداران","اندام","بافت فقط","ماده معدنی","A","سؤال تألیفی تشخیصی برای ارزیابی اولیه؛ جایگزین پوشش فصل‌به‌فصل کتاب درسی نیست.","ترنم همدلی","original","1405"
"یازدهم","تجربی","زیست‌شناسی","زیست‌شناسی","آزمون جامع","ارزیابی پایه","هسته ۱۰ سوالی","متوسط","DNA چه نقشی دارد؟","حمل اطلاعات ژنتیکی","هضم غذا","انتقال اکسیژن","تولید صدا","A","سؤال تألیفی تشخیصی برای ارزیابی اولیه؛ جایگزین پوشش فصل‌به‌فصل کتاب درسی نیست.","ترنم همدلی","original","1405"
"یازدهم","تجربی","زیست‌شناسی","زیست‌شناسی","آزمون جامع","ارزیابی پایه","هسته ۱۰ سوالی","متوسط","ژن چیست؟","بخشی از DNA مرتبط با اطلاعات وراثتی","بافت","اندام","هورمون","A","سؤال تألیفی تشخیصی برای ارزیابی اولیه؛ جایگزین پوشش فصل‌به‌فصل کتاب درسی نیست.","ترنم همدلی","original","1405"
"یازدهم","تجربی","زیست‌شناسی","زیست‌شناسی","آزمون جامع","ارزیابی پایه","هسته ۱۰ سوالی","متوسط","بافت چیست؟","مجموعه‌ای از سلول‌های مرتبط با کار مشترک","مولکول","دستگاه فقط","ماده معدنی","A","سؤال تألیفی تشخیصی برای ارزیابی اولیه؛ جایگزین پوشش فصل‌به‌فصل کتاب درسی نیست.","ترنم همدلی","original","1405"
"یازدهم","تجربی","زیست‌شناسی","زیست‌شناسی","آزمون جامع","ارزیابی پایه","هسته ۱۰ سوالی","متوسط","تبادل گازها در شش عمدتاً کجا رخ می‌دهد؟","حبابک‌ها","نای","حنجره","مری","A","سؤال تألیفی تشخیصی برای ارزیابی اولیه؛ جایگزین پوشش فصل‌به‌فصل کتاب درسی نیست.","ترنم همدلی","original","1405"
"یازدهم","تجربی","زیست‌شناسی","زیست‌شناسی","آزمون جامع","ارزیابی پایه","هسته ۱۰ سوالی","متوسط","گلبول قرمز چه نقشی دارد؟","حمل اکسیژن در خون","هضم غذا","تولید هورمون","انتقال پیام عصبی","A","سؤال تألیفی تشخیصی برای ارزیابی اولیه؛ جایگزین پوشش فصل‌به‌فصل کتاب درسی نیست.","ترنم همدلی","original","1405"
"یازدهم","تجربی","زیست‌شناسی","زیست‌شناسی","آزمون جامع","ارزیابی پایه","هسته ۱۰ سوالی","متوسط","دستگاه گوارش چه کاری انجام می‌دهد؟","هضم و جذب مواد غذایی","تولید صدا","تنظیم نور","حرکت استخوان","A","سؤال تألیفی تشخیصی برای ارزیابی اولیه؛ جایگزین پوشش فصل‌به‌فصل کتاب درسی نیست.","ترنم همدلی","original","1405"
"یازدهم","تجربی","زیست‌شناسی","زیست‌شناسی","آزمون جامع","ارزیابی پایه","هسته ۱۰ سوالی","متوسط","اکوسیستم شامل چیست؟","جانداران و عوامل غیرزنده مرتبط","فقط حیوانات","فقط گیاهان","فقط آب","A","سؤال تألیفی تشخیصی برای ارزیابی اولیه؛ جایگزین پوشش فصل‌به‌فصل کتاب درسی نیست.","ترنم همدلی","original","1405"
"یازدهم","تجربی","زیست‌شناسی","زیست‌شناسی","آزمون جامع","ارزیابی پایه","هسته ۱۰ سوالی","متوسط","هومئوستازی یعنی چه؟","حفظ نسبتاً پایدار شرایط داخلی بدن","رشد قد","حرکت","تغییر فصل","A","سؤال تألیفی تشخیصی برای ارزیابی اولیه؛ جایگزین پوشش فصل‌به‌فصل کتاب درسی نیست.","ترنم همدلی","original","1405"
"یازدهم","تجربی","زیست‌شناسی","زیست‌شناسی","آزمون جامع","ارزیابی پایه","هسته ۱۰ سوالی","متوسط","انتخاب طبیعی با چه مفهومی مرتبط است؟","تفاوت بقا و تولیدمثل در شرایط محیطی","یادگیری مهارت","تغییر هوا","تقسیم سلول فقط","A","سؤال تألیفی تشخیصی برای ارزیابی اولیه؛ جایگزین پوشش فصل‌به‌فصل کتاب درسی نیست.","ترنم همدلی","original","1405"
"یازدهم","تجربی","زمین‌شناسی","زمین‌شناسی","آزمون جامع","ارزیابی پایه","هسته ۱۰ سوالی","متوسط","هدف اصلی این درس در آموزش چیست؟","یادگیری مفاهیم و مهارت‌های مرتبط با آن","حذف یادگیری","افزایش ابهام","حفظ بدون درک","A","سؤال تألیفی تشخیصی برای ارزیابی اولیه؛ جایگزین پوشش فصل‌به‌فصل کتاب درسی نیست.","ترنم همدلی","original","1405"
"یازدهم","تجربی","زمین‌شناسی","زمین‌شناسی","آزمون جامع","ارزیابی پایه","هسته ۱۰ سوالی","متوسط","یادگیری مؤثر در این درس به چه نیاز دارد؟","فهم مفهوم و تمرین","فقط زمان زیاد","فقط حفظ","بدون تمرین","A","سؤال تألیفی تشخیصی برای ارزیابی اولیه؛ جایگزین پوشش فصل‌به‌فصل کتاب درسی نیست.","ترنم همدلی","original","1405"
"یازدهم","تجربی","زمین‌شناسی","زمین‌شناسی","آزمون جامع","ارزیابی پایه","هسته ۱۰ سوالی","متوسط","برای بررسی یک پاسخ درسی چه چیزی مهم است؟","دقت در مفهوم و شواهد","حدس","شایعه","ظاهر پاسخ","A","سؤال تألیفی تشخیصی برای ارزیابی اولیه؛ جایگزین پوشش فصل‌به‌فصل کتاب درسی نیست.","ترنم همدلی","original","1405"
"یازدهم","تجربی","زمین‌شناسی","زمین‌شناسی","آزمون جامع","ارزیابی پایه","هسته ۱۰ سوالی","متوسط","مرور مطالب چه فایده‌ای دارد؟","تقویت ماندگاری یادگیری","حذف اطلاعات","افزایش فراموشی","تغییر موضوع","A","سؤال تألیفی تشخیصی برای ارزیابی اولیه؛ جایگزین پوشش فصل‌به‌فصل کتاب درسی نیست.","ترنم همدلی","original","1405"
"یازدهم","تجربی","زمین‌شناسی","زمین‌شناسی","آزمون جامع","ارزیابی پایه","هسته ۱۰ سوالی","متوسط","خودآزمایی چه کمکی می‌کند؟","شناخت نقاط قوت و ضعف","حذف مطالعه","تضمین نمره","تغییر کتاب","A","سؤال تألیفی تشخیصی برای ارزیابی اولیه؛ جایگزین پوشش فصل‌به‌فصل کتاب درسی نیست.","ترنم همدلی","original","1405"
"یازدهم","تجربی","زمین‌شناسی","زمین‌شناسی","آزمون جامع","ارزیابی پایه","هسته ۱۰ سوالی","متوسط","رفع اشکال بهتر است چگونه انجام شود؟","با شناسایی خطا و علت آن","با حفظ پاسخ","با حذف سؤال","بدون بررسی","A","سؤال تألیفی تشخیصی برای ارزیابی اولیه؛ جایگزین پوشش فصل‌به‌فصل کتاب درسی نیست.","ترنم همدلی","original","1405"
"یازدهم","تجربی","زمین‌شناسی","زمین‌شناسی","آزمون جامع","ارزیابی پایه","هسته ۱۰ سوالی","متوسط","سؤال تشخیصی برای چیست؟","شناخت سطح فعلی یادگیری","تضمین موفقیت","حذف تمرین","تغییر پایه","A","سؤال تألیفی تشخیصی برای ارزیابی اولیه؛ جایگزین پوشش فصل‌به‌فصل کتاب درسی نیست.","ترنم همدلی","original","1405"
"یازدهم","تجربی","زمین‌شناسی","زمین‌شناسی","آزمون جامع","ارزیابی پایه","هسته ۱۰ سوالی","متوسط","بازخورد خوب چه ویژگی دارد؟","مشخص و قابل اجراست","فقط کلی است","فقط سرزنش است","بدون ارتباط است","A","سؤال تألیفی تشخیصی برای ارزیابی اولیه؛ جایگزین پوشش فصل‌به‌فصل کتاب درسی نیست.","ترنم همدلی","original","1405"
"یازدهم","تجربی","زمین‌شناسی","زمین‌شناسی","آزمون جامع","ارزیابی پایه","هسته ۱۰ سوالی","متوسط","برنامه‌ریزی مطالعه چه فایده‌ای دارد؟","توزیع منطقی زمان و اولویت‌ها","حذف استراحت","افزایش بی‌نظمی","کاهش هدف","A","سؤال تألیفی تشخیصی برای ارزیابی اولیه؛ جایگزین پوشش فصل‌به‌فصل کتاب درسی نیست.","ترنم همدلی","original","1405"
"یازدهم","تجربی","زمین‌شناسی","زمین‌شناسی","آزمون جامع","ارزیابی پایه","هسته ۱۰ سوالی","متوسط","تمرین متنوع چه فایده‌ای دارد؟","کمک به کاربرد مفهوم در موقعیت‌های مختلف","حذف مفهوم","افزایش حفظ طوطی‌وار","کاهش انعطاف","A","سؤال تألیفی تشخیصی برای ارزیابی اولیه؛ جایگزین پوشش فصل‌به‌فصل کتاب درسی نیست.","ترنم همدلی","original","1405"
"یازدهم","تجربی","آزمایشگاه علوم تجربی","آزمایشگاه علوم تجربی","آزمون جامع","ارزیابی پایه","هسته ۱۰ سوالی","متوسط","مشاهده علمی بر چه چیزی تکیه دارد؟","داده و شواهد","شایعه","حدس بدون بررسی","سلیقه","A","سؤال تألیفی تشخیصی برای ارزیابی اولیه؛ جایگزین پوشش فصل‌به‌فصل کتاب درسی نیست.","ترنم همدلی","original","1405"
"یازدهم","تجربی","آزمایشگاه علوم تجربی","آزمایشگاه علوم تجربی","آزمون جامع","ارزیابی پایه","هسته ۱۰ سوالی","متوسط","فرضیه چیست؟","پاسخ پیشنهادی و قابل آزمون","نتیجه قطعی","نام ابزار","واحد اندازه‌گیری","A","سؤال تألیفی تشخیصی برای ارزیابی اولیه؛ جایگزین پوشش فصل‌به‌فصل کتاب درسی نیست.","ترنم همدلی","original","1405"
"یازدهم","تجربی","آزمایشگاه علوم تجربی","آزمایشگاه علوم تجربی","آزمون جامع","ارزیابی پایه","هسته ۱۰ سوالی","متوسط","چرا متغیرها کنترل می‌شوند؟","برای بررسی دقیق اثر عامل مورد مطالعه","برای طولانی‌شدن آزمایش","برای حذف نتیجه","برای تغییر سؤال","A","سؤال تألیفی تشخیصی برای ارزیابی اولیه؛ جایگزین پوشش فصل‌به‌فصل کتاب درسی نیست.","ترنم همدلی","original","1405"
"یازدهم","تجربی","آزمایشگاه علوم تجربی","آزمایشگاه علوم تجربی","آزمون جامع","ارزیابی پایه","هسته ۱۰ سوالی","متوسط","جرم معمولاً با چه ابزاری اندازه‌گیری می‌شود؟","ترازو","دماسنج","خط‌کش","قطب‌نما","A","سؤال تألیفی تشخیصی برای ارزیابی اولیه؛ جایگزین پوشش فصل‌به‌فصل کتاب درسی نیست.","ترنم همدلی","original","1405"
"یازدهم","تجربی","آزمایشگاه علوم تجربی","آزمایشگاه علوم تجربی","آزمون جامع","ارزیابی پایه","هسته ۱۰ سوالی","متوسط","دما با چه ابزاری اندازه‌گیری می‌شود؟","دماسنج","ترازو","نیروسنج","خط‌کش","A","سؤال تألیفی تشخیصی برای ارزیابی اولیه؛ جایگزین پوشش فصل‌به‌فصل کتاب درسی نیست.","ترنم همدلی","original","1405"
"یازدهم","تجربی","آزمایشگاه علوم تجربی","آزمایشگاه علوم تجربی","آزمون جامع","ارزیابی پایه","هسته ۱۰ سوالی","متوسط","نتیجه‌گیری علمی باید بر چه چیزی تکیه کند؟","شواهد و تحلیل","حدس تنها","سلیقه","شایعه","A","سؤال تألیفی تشخیصی برای ارزیابی اولیه؛ جایگزین پوشش فصل‌به‌فصل کتاب درسی نیست.","ترنم همدلی","original","1405"
"یازدهم","تجربی","آزمایشگاه علوم تجربی","آزمایشگاه علوم تجربی","آزمون جامع","ارزیابی پایه","هسته ۱۰ سوالی","متوسط","مواد می‌توانند در چه حالت‌هایی باشند؟","جامد، مایع و گاز","فقط جامد","فقط مایع","فقط گاز","A","سؤال تألیفی تشخیصی برای ارزیابی اولیه؛ جایگزین پوشش فصل‌به‌فصل کتاب درسی نیست.","ترنم همدلی","original","1405"
"یازدهم","تجربی","آزمایشگاه علوم تجربی","آزمایشگاه علوم تجربی","آزمون جامع","ارزیابی پایه","هسته ۱۰ سوالی","متوسط","آزمایش علمی چه کمکی می‌کند؟","بررسی یک فرض یا پرسش با روش مشخص","حذف داده","تأیید هر حدس","تغییر واقعیت","A","سؤال تألیفی تشخیصی برای ارزیابی اولیه؛ جایگزین پوشش فصل‌به‌فصل کتاب درسی نیست.","ترنم همدلی","original","1405"
"یازدهم","تجربی","آزمایشگاه علوم تجربی","آزمایشگاه علوم تجربی","آزمون جامع","ارزیابی پایه","هسته ۱۰ سوالی","متوسط","حفاظت از محیط زیست چه هدفی دارد؟","حفظ منابع و سلامت اکوسیستم","افزایش آلودگی","حذف تنوع","مصرف بی‌رویه","A","سؤال تألیفی تشخیصی برای ارزیابی اولیه؛ جایگزین پوشش فصل‌به‌فصل کتاب درسی نیست.","ترنم همدلی","original","1405"
"یازدهم","تجربی","آزمایشگاه علوم تجربی","آزمایشگاه علوم تجربی","آزمون جامع","ارزیابی پایه","هسته ۱۰ سوالی","متوسط","داده معتبر چه ویژگی دارد؟","قابل مشاهده، اندازه‌گیری یا مستند باشد","کاملاً حدسی باشد","بدون منبع باشد","متناقض باشد","A","سؤال تألیفی تشخیصی برای ارزیابی اولیه؛ جایگزین پوشش فصل‌به‌فصل کتاب درسی نیست.","ترنم همدلی","original","1405"
"دوازدهم","تجربی","ریاضی","ریاضی","آزمون جامع","ارزیابی پایه","هسته ۱۰ سوالی","متوسط","کدام گزینه یک مفهوم پایه در این درس است؟","تعریف و رابطه بین کمیت‌ها","رنگ","صدا","بو","A","سؤال تألیفی تشخیصی برای ارزیابی اولیه؛ جایگزین پوشش فصل‌به‌فصل کتاب درسی نیست.","ترنم همدلی","original","1405"
"دوازدهم","تجربی","ریاضی","ریاضی","آزمون جامع","ارزیابی پایه","هسته ۱۰ سوالی","متوسط","حل مرحله‌ای مسئله چه فایده‌ای دارد؟","کاهش خطا و امکان بررسی مسیر حل","حذف داده","افزایش ابهام","تغییر موضوع","A","سؤال تألیفی تشخیصی برای ارزیابی اولیه؛ جایگزین پوشش فصل‌به‌فصل کتاب درسی نیست.","ترنم همدلی","original","1405"
"دوازدهم","تجربی","ریاضی","ریاضی","آزمون جامع","ارزیابی پایه","هسته ۱۰ سوالی","متوسط","میانگین برای چه کاری به‌کار می‌رود؟","خلاصه‌کردن مجموعه‌ای از داده‌ها","اندازه‌گیری دما","تشخیص صدا","تعیین رنگ","A","سؤال تألیفی تشخیصی برای ارزیابی اولیه؛ جایگزین پوشش فصل‌به‌فصل کتاب درسی نیست.","ترنم همدلی","original","1405"
"دوازدهم","تجربی","ریاضی","ریاضی","آزمون جامع","ارزیابی پایه","هسته ۱۰ سوالی","متوسط","احتمال رویداد قطعی چیست؟","۱","۰","۰٫۵","۲","A","سؤال تألیفی تشخیصی برای ارزیابی اولیه؛ جایگزین پوشش فصل‌به‌فصل کتاب درسی نیست.","ترنم همدلی","original","1405"
"دوازدهم","تجربی","ریاضی","ریاضی","آزمون جامع","ارزیابی پایه","هسته ۱۰ سوالی","متوسط","نمودار چه کمکی می‌کند؟","نمایش و مقایسه داده‌ها","حذف داده","تغییر سؤال","حذف واحد","A","سؤال تألیفی تشخیصی برای ارزیابی اولیه؛ جایگزین پوشش فصل‌به‌فصل کتاب درسی نیست.","ترنم همدلی","original","1405"
"دوازدهم","تجربی","ریاضی","ریاضی","آزمون جامع","ارزیابی پایه","هسته ۱۰ سوالی","متوسط","واحد اندازه‌گیری چه اهمیتی دارد؟","امکان مقایسه و بیان دقیق مقدار","تغییر نتیجه","حذف عدد","افزایش ابهام","A","سؤال تألیفی تشخیصی برای ارزیابی اولیه؛ جایگزین پوشش فصل‌به‌فصل کتاب درسی نیست.","ترنم همدلی","original","1405"
"دوازدهم","تجربی","ریاضی","ریاضی","آزمون جامع","ارزیابی پایه","هسته ۱۰ سوالی","متوسط","برای حل یک مسئله ابتدا چه باید کرد؟","شناخت داده‌ها و خواسته","حدس پاسخ","حذف صورت مسئله","تغییر واحد بدون دلیل","A","سؤال تألیفی تشخیصی برای ارزیابی اولیه؛ جایگزین پوشش فصل‌به‌فصل کتاب درسی نیست.","ترنم همدلی","original","1405"
"دوازدهم","تجربی","ریاضی","ریاضی","آزمون جامع","ارزیابی پایه","هسته ۱۰ سوالی","متوسط","تقریب عدد برای چیست؟","ساده‌سازی با حفظ دقت مناسب","تغییر تصادفی مقدار","حذف عدد","تبدیل به متن","A","سؤال تألیفی تشخیصی برای ارزیابی اولیه؛ جایگزین پوشش فصل‌به‌فصل کتاب درسی نیست.","ترنم همدلی","original","1405"
"دوازدهم","تجربی","ریاضی","ریاضی","آزمون جامع","ارزیابی پایه","هسته ۱۰ سوالی","متوسط","رابطه ریاضی چه چیزی را بیان می‌کند؟","ارتباط میان کمیت‌ها","نام افراد","رنگ‌ها","صدای محیط","A","سؤال تألیفی تشخیصی برای ارزیابی اولیه؛ جایگزین پوشش فصل‌به‌فصل کتاب درسی نیست.","ترنم همدلی","original","1405"
"دوازدهم","تجربی","ریاضی","ریاضی","آزمون جامع","ارزیابی پایه","هسته ۱۰ سوالی","متوسط","بررسی پاسخ پس از حل چه فایده‌ای دارد؟","کشف خطای محاسبه یا استدلال","حذف پاسخ","تغییر موضوع","افزایش ابهام","A","سؤال تألیفی تشخیصی برای ارزیابی اولیه؛ جایگزین پوشش فصل‌به‌فصل کتاب درسی نیست.","ترنم همدلی","original","1405"
"دوازدهم","تجربی","فیزیک","فیزیک","آزمون جامع","ارزیابی پایه","هسته ۱۰ سوالی","متوسط","سرعت چه چیزی را بیان می‌کند؟","نرخ تغییر مکان نسبت به زمان","جرم","دما","حجم","A","سؤال تألیفی تشخیصی برای ارزیابی اولیه؛ جایگزین پوشش فصل‌به‌فصل کتاب درسی نیست.","ترنم همدلی","original","1405"
"دوازدهم","تجربی","فیزیک","فیزیک","آزمون جامع","ارزیابی پایه","هسته ۱۰ سوالی","متوسط","نیرو می‌تواند چه اثری داشته باشد؟","تغییر حرکت یا شکل جسم","تغییر نام","افزایش جرم بدون ماده","حذف زمان","A","سؤال تألیفی تشخیصی برای ارزیابی اولیه؛ جایگزین پوشش فصل‌به‌فصل کتاب درسی نیست.","ترنم همدلی","original","1405"
"دوازدهم","تجربی","فیزیک","فیزیک","آزمون جامع","ارزیابی پایه","هسته ۱۰ سوالی","متوسط","واحد نیرو در SI چیست؟","نیوتن","ژول","وات","پاسکال","A","سؤال تألیفی تشخیصی برای ارزیابی اولیه؛ جایگزین پوشش فصل‌به‌فصل کتاب درسی نیست.","ترنم همدلی","original","1405"
"دوازدهم","تجربی","فیزیک","فیزیک","آزمون جامع","ارزیابی پایه","هسته ۱۰ سوالی","متوسط","انرژی جنبشی به چه مربوط است؟","حرکت جسم","رنگ","نام","حجم فقط","A","سؤال تألیفی تشخیصی برای ارزیابی اولیه؛ جایگزین پوشش فصل‌به‌فصل کتاب درسی نیست.","ترنم همدلی","original","1405"
"دوازدهم","تجربی","فیزیک","فیزیک","آزمون جامع","ارزیابی پایه","هسته ۱۰ سوالی","متوسط","توان چیست؟","نرخ انجام کار یا انتقال انرژی","جرم","فاصله","دما","A","سؤال تألیفی تشخیصی برای ارزیابی اولیه؛ جایگزین پوشش فصل‌به‌فصل کتاب درسی نیست.","ترنم همدلی","original","1405"
"دوازدهم","تجربی","فیزیک","فیزیک","آزمون جامع","ارزیابی پایه","هسته ۱۰ سوالی","متوسط","فشار به چه چیزی مربوط است؟","نیرو بر واحد سطح","جرم بر زمان","دما بر حجم","سرعت بر جرم","A","سؤال تألیفی تشخیصی برای ارزیابی اولیه؛ جایگزین پوشش فصل‌به‌فصل کتاب درسی نیست.","ترنم همدلی","original","1405"
"دوازدهم","تجربی","فیزیک","فیزیک","آزمون جامع","ارزیابی پایه","هسته ۱۰ سوالی","متوسط","گرما چیست؟","انتقال انرژی به علت اختلاف دما","جرم","فشار","حجم","A","سؤال تألیفی تشخیصی برای ارزیابی اولیه؛ جایگزین پوشش فصل‌به‌فصل کتاب درسی نیست.","ترنم همدلی","original","1405"
"دوازدهم","تجربی","فیزیک","فیزیک","آزمون جامع","ارزیابی پایه","هسته ۱۰ سوالی","متوسط","قانون دوم نیوتن چه رابطه‌ای را بیان می‌کند؟","ارتباط نیرو، جرم و شتاب","رنگ و نور","زمان و جرم فقط","دما و رنگ","A","سؤال تألیفی تشخیصی برای ارزیابی اولیه؛ جایگزین پوشش فصل‌به‌فصل کتاب درسی نیست.","ترنم همدلی","original","1405"
"دوازدهم","تجربی","فیزیک","فیزیک","آزمون جامع","ارزیابی پایه","هسته ۱۰ سوالی","متوسط","مدار الکتریکی بسته چه ویژگی دارد؟","مسیر پیوسته برای جریان فراهم می‌کند","هیچ مسیر ندارد","فقط باتری است","بدون منبع کار می‌کند","A","سؤال تألیفی تشخیصی برای ارزیابی اولیه؛ جایگزین پوشش فصل‌به‌فصل کتاب درسی نیست.","ترنم همدلی","original","1405"
"دوازدهم","تجربی","فیزیک","فیزیک","آزمون جامع","ارزیابی پایه","هسته ۱۰ سوالی","متوسط","موج چه چیزی را منتقل می‌کند؟","انرژی از یک ناحیه به ناحیه دیگر","جرم به‌طور الزامی","فقط ماده","فقط صدا","A","سؤال تألیفی تشخیصی برای ارزیابی اولیه؛ جایگزین پوشش فصل‌به‌فصل کتاب درسی نیست.","ترنم همدلی","original","1405"
"دوازدهم","تجربی","شیمی","شیمی","آزمون جامع","ارزیابی پایه","هسته ۱۰ سوالی","متوسط","اتم چیست؟","واحد بسیار کوچک سازنده ماده با هسته و الکترون‌ها","بافت","سلول","محلول","A","سؤال تألیفی تشخیصی برای ارزیابی اولیه؛ جایگزین پوشش فصل‌به‌فصل کتاب درسی نیست.","ترنم همدلی","original","1405"
"دوازدهم","تجربی","شیمی","شیمی","آزمون جامع","ارزیابی پایه","هسته ۱۰ سوالی","متوسط","عنصر چیست؟","ماده‌ای متشکل از اتم‌های یک نوع","مخلوط","محلول","واکنش","A","سؤال تألیفی تشخیصی برای ارزیابی اولیه؛ جایگزین پوشش فصل‌به‌فصل کتاب درسی نیست.","ترنم همدلی","original","1405"
"دوازدهم","تجربی","شیمی","شیمی","آزمون جامع","ارزیابی پایه","هسته ۱۰ سوالی","متوسط","مولکول چیست؟","مجموعه‌ای از اتم‌های پیوندشده","بافت","دستگاه","واحد زمان","A","سؤال تألیفی تشخیصی برای ارزیابی اولیه؛ جایگزین پوشش فصل‌به‌فصل کتاب درسی نیست.","ترنم همدلی","original","1405"
"دوازدهم","تجربی","شیمی","شیمی","آزمون جامع","ارزیابی پایه","هسته ۱۰ سوالی","متوسط","واکنش شیمیایی چیست؟","تبدیل مواد اولیه به مواد جدید","تغییر مکان","تغییر فصل","اندازه‌گیری جرم","A","سؤال تألیفی تشخیصی برای ارزیابی اولیه؛ جایگزین پوشش فصل‌به‌فصل کتاب درسی نیست.","ترنم همدلی","original","1405"
"دوازدهم","تجربی","شیمی","شیمی","آزمون جامع","ارزیابی پایه","هسته ۱۰ سوالی","متوسط","محلول چیست؟","مخلوط همگن از حل‌شونده و حلال","عنصر خالص","گاز تنها","بافت","A","سؤال تألیفی تشخیصی برای ارزیابی اولیه؛ جایگزین پوشش فصل‌به‌فصل کتاب درسی نیست.","ترنم همدلی","original","1405"
"دوازدهم","تجربی","شیمی","شیمی","آزمون جامع","ارزیابی پایه","هسته ۱۰ سوالی","متوسط","pH برای چیست؟","بیان اسیدی یا بازی بودن محلول","اندازه‌گیری جرم","طول","سرعت","A","سؤال تألیفی تشخیصی برای ارزیابی اولیه؛ جایگزین پوشش فصل‌به‌فصل کتاب درسی نیست.","ترنم همدلی","original","1405"
"دوازدهم","تجربی","شیمی","شیمی","آزمون جامع","ارزیابی پایه","هسته ۱۰ سوالی","متوسط","کاتالیزگر چه می‌کند؟","سرعت واکنش را تغییر می‌دهد و در پایان کلی مصرف نمی‌شود","جرم را نابود می‌کند","دما را صفر می‌کند","واکنش را همیشه متوقف می‌کند","A","سؤال تألیفی تشخیصی برای ارزیابی اولیه؛ جایگزین پوشش فصل‌به‌فصل کتاب درسی نیست.","ترنم همدلی","original","1405"
"دوازدهم","تجربی","شیمی","شیمی","آزمون جامع","ارزیابی پایه","هسته ۱۰ سوالی","متوسط","قانون پایستگی جرم چه می‌گوید؟","جرم کل در واکنش شیمیایی بسته حفظ می‌شود","جرم صفر می‌شود","اتم‌ها نابود می‌شوند","انرژی وجود ندارد","A","سؤال تألیفی تشخیصی برای ارزیابی اولیه؛ جایگزین پوشش فصل‌به‌فصل کتاب درسی نیست.","ترنم همدلی","original","1405"
"دوازدهم","تجربی","شیمی","شیمی","آزمون جامع","ارزیابی پایه","هسته ۱۰ سوالی","متوسط","پیوند شیمیایی چه نقشی دارد؟","اتصال اتم‌ها در ساختار ماده","اندازه‌گیری دما","تعیین رنگ","حرکت جسم","A","سؤال تألیفی تشخیصی برای ارزیابی اولیه؛ جایگزین پوشش فصل‌به‌فصل کتاب درسی نیست.","ترنم همدلی","original","1405"
"دوازدهم","تجربی","شیمی","شیمی","آزمون جامع","ارزیابی پایه","هسته ۱۰ سوالی","متوسط","شیمی چه چیزی را بررسی می‌کند؟","ماده، ساختار، خواص و تغییرات آن","فقط سیارات","فقط جامعه","فقط ادبیات","A","سؤال تألیفی تشخیصی برای ارزیابی اولیه؛ جایگزین پوشش فصل‌به‌فصل کتاب درسی نیست.","ترنم همدلی","original","1405"
"دوازدهم","تجربی","زیست‌شناسی","زیست‌شناسی","آزمون جامع","ارزیابی پایه","هسته ۱۰ سوالی","متوسط","یاخته چیست؟","واحد بنیادی ساختار و کارکرد جانداران","اندام","بافت فقط","ماده معدنی","A","سؤال تألیفی تشخیصی برای ارزیابی اولیه؛ جایگزین پوشش فصل‌به‌فصل کتاب درسی نیست.","ترنم همدلی","original","1405"
"دوازدهم","تجربی","زیست‌شناسی","زیست‌شناسی","آزمون جامع","ارزیابی پایه","هسته ۱۰ سوالی","متوسط","DNA چه نقشی دارد؟","حمل اطلاعات ژنتیکی","هضم غذا","انتقال اکسیژن","تولید صدا","A","سؤال تألیفی تشخیصی برای ارزیابی اولیه؛ جایگزین پوشش فصل‌به‌فصل کتاب درسی نیست.","ترنم همدلی","original","1405"
"دوازدهم","تجربی","زیست‌شناسی","زیست‌شناسی","آزمون جامع","ارزیابی پایه","هسته ۱۰ سوالی","متوسط","ژن چیست؟","بخشی از DNA مرتبط با اطلاعات وراثتی","بافت","اندام","هورمون","A","سؤال تألیفی تشخیصی برای ارزیابی اولیه؛ جایگزین پوشش فصل‌به‌فصل کتاب درسی نیست.","ترنم همدلی","original","1405"
"دوازدهم","تجربی","زیست‌شناسی","زیست‌شناسی","آزمون جامع","ارزیابی پایه","هسته ۱۰ سوالی","متوسط","بافت چیست؟","مجموعه‌ای از سلول‌های مرتبط با کار مشترک","مولکول","دستگاه فقط","ماده معدنی","A","سؤال تألیفی تشخیصی برای ارزیابی اولیه؛ جایگزین پوشش فصل‌به‌فصل کتاب درسی نیست.","ترنم همدلی","original","1405"
"دوازدهم","تجربی","زیست‌شناسی","زیست‌شناسی","آزمون جامع","ارزیابی پایه","هسته ۱۰ سوالی","متوسط","تبادل گازها در شش عمدتاً کجا رخ می‌دهد؟","حبابک‌ها","نای","حنجره","مری","A","سؤال تألیفی تشخیصی برای ارزیابی اولیه؛ جایگزین پوشش فصل‌به‌فصل کتاب درسی نیست.","ترنم همدلی","original","1405"
"دوازدهم","تجربی","زیست‌شناسی","زیست‌شناسی","آزمون جامع","ارزیابی پایه","هسته ۱۰ سوالی","متوسط","گلبول قرمز چه نقشی دارد؟","حمل اکسیژن در خون","هضم غذا","تولید هورمون","انتقال پیام عصبی","A","سؤال تألیفی تشخیصی برای ارزیابی اولیه؛ جایگزین پوشش فصل‌به‌فصل کتاب درسی نیست.","ترنم همدلی","original","1405"
"دوازدهم","تجربی","زیست‌شناسی","زیست‌شناسی","آزمون جامع","ارزیابی پایه","هسته ۱۰ سوالی","متوسط","دستگاه گوارش چه کاری انجام می‌دهد؟","هضم و جذب مواد غذایی","تولید صدا","تنظیم نور","حرکت استخوان","A","سؤال تألیفی تشخیصی برای ارزیابی اولیه؛ جایگزین پوشش فصل‌به‌فصل کتاب درسی نیست.","ترنم همدلی","original","1405"
"دوازدهم","تجربی","زیست‌شناسی","زیست‌شناسی","آزمون جامع","ارزیابی پایه","هسته ۱۰ سوالی","متوسط","اکوسیستم شامل چیست؟","جانداران و عوامل غیرزنده مرتبط","فقط حیوانات","فقط گیاهان","فقط آب","A","سؤال تألیفی تشخیصی برای ارزیابی اولیه؛ جایگزین پوشش فصل‌به‌فصل کتاب درسی نیست.","ترنم همدلی","original","1405"
"دوازدهم","تجربی","زیست‌شناسی","زیست‌شناسی","آزمون جامع","ارزیابی پایه","هسته ۱۰ سوالی","متوسط","هومئوستازی یعنی چه؟","حفظ نسبتاً پایدار شرایط داخلی بدن","رشد قد","حرکت","تغییر فصل","A","سؤال تألیفی تشخیصی برای ارزیابی اولیه؛ جایگزین پوشش فصل‌به‌فصل کتاب درسی نیست.","ترنم همدلی","original","1405"
"دوازدهم","تجربی","زیست‌شناسی","زیست‌شناسی","آزمون جامع","ارزیابی پایه","هسته ۱۰ سوالی","متوسط","انتخاب طبیعی با چه مفهومی مرتبط است؟","تفاوت بقا و تولیدمثل در شرایط محیطی","یادگیری مهارت","تغییر هوا","تقسیم سلول فقط","A","سؤال تألیفی تشخیصی برای ارزیابی اولیه؛ جایگزین پوشش فصل‌به‌فصل کتاب درسی نیست.","ترنم همدلی","original","1405"
"دهم","انسانی","ریاضی و آمار","ریاضی و آمار","آزمون جامع","ارزیابی پایه","هسته ۱۰ سوالی","متوسط","کدام گزینه یک مفهوم پایه در این درس است؟","تعریف و رابطه بین کمیت‌ها","رنگ","صدا","بو","A","سؤال تألیفی تشخیصی برای ارزیابی اولیه؛ جایگزین پوشش فصل‌به‌فصل کتاب درسی نیست.","ترنم همدلی","original","1405"
"دهم","انسانی","ریاضی و آمار","ریاضی و آمار","آزمون جامع","ارزیابی پایه","هسته ۱۰ سوالی","متوسط","حل مرحله‌ای مسئله چه فایده‌ای دارد؟","کاهش خطا و امکان بررسی مسیر حل","حذف داده","افزایش ابهام","تغییر موضوع","A","سؤال تألیفی تشخیصی برای ارزیابی اولیه؛ جایگزین پوشش فصل‌به‌فصل کتاب درسی نیست.","ترنم همدلی","original","1405"
"دهم","انسانی","ریاضی و آمار","ریاضی و آمار","آزمون جامع","ارزیابی پایه","هسته ۱۰ سوالی","متوسط","میانگین برای چه کاری به‌کار می‌رود؟","خلاصه‌کردن مجموعه‌ای از داده‌ها","اندازه‌گیری دما","تشخیص صدا","تعیین رنگ","A","سؤال تألیفی تشخیصی برای ارزیابی اولیه؛ جایگزین پوشش فصل‌به‌فصل کتاب درسی نیست.","ترنم همدلی","original","1405"
"دهم","انسانی","ریاضی و آمار","ریاضی و آمار","آزمون جامع","ارزیابی پایه","هسته ۱۰ سوالی","متوسط","احتمال رویداد قطعی چیست؟","۱","۰","۰٫۵","۲","A","سؤال تألیفی تشخیصی برای ارزیابی اولیه؛ جایگزین پوشش فصل‌به‌فصل کتاب درسی نیست.","ترنم همدلی","original","1405"
"دهم","انسانی","ریاضی و آمار","ریاضی و آمار","آزمون جامع","ارزیابی پایه","هسته ۱۰ سوالی","متوسط","نمودار چه کمکی می‌کند؟","نمایش و مقایسه داده‌ها","حذف داده","تغییر سؤال","حذف واحد","A","سؤال تألیفی تشخیصی برای ارزیابی اولیه؛ جایگزین پوشش فصل‌به‌فصل کتاب درسی نیست.","ترنم همدلی","original","1405"
"دهم","انسانی","ریاضی و آمار","ریاضی و آمار","آزمون جامع","ارزیابی پایه","هسته ۱۰ سوالی","متوسط","واحد اندازه‌گیری چه اهمیتی دارد؟","امکان مقایسه و بیان دقیق مقدار","تغییر نتیجه","حذف عدد","افزایش ابهام","A","سؤال تألیفی تشخیصی برای ارزیابی اولیه؛ جایگزین پوشش فصل‌به‌فصل کتاب درسی نیست.","ترنم همدلی","original","1405"
"دهم","انسانی","ریاضی و آمار","ریاضی و آمار","آزمون جامع","ارزیابی پایه","هسته ۱۰ سوالی","متوسط","برای حل یک مسئله ابتدا چه باید کرد؟","شناخت داده‌ها و خواسته","حدس پاسخ","حذف صورت مسئله","تغییر واحد بدون دلیل","A","سؤال تألیفی تشخیصی برای ارزیابی اولیه؛ جایگزین پوشش فصل‌به‌فصل کتاب درسی نیست.","ترنم همدلی","original","1405"
"دهم","انسانی","ریاضی و آمار","ریاضی و آمار","آزمون جامع","ارزیابی پایه","هسته ۱۰ سوالی","متوسط","تقریب عدد برای چیست؟","ساده‌سازی با حفظ دقت مناسب","تغییر تصادفی مقدار","حذف عدد","تبدیل به متن","A","سؤال تألیفی تشخیصی برای ارزیابی اولیه؛ جایگزین پوشش فصل‌به‌فصل کتاب درسی نیست.","ترنم همدلی","original","1405"
"دهم","انسانی","ریاضی و آمار","ریاضی و آمار","آزمون جامع","ارزیابی پایه","هسته ۱۰ سوالی","متوسط","رابطه ریاضی چه چیزی را بیان می‌کند؟","ارتباط میان کمیت‌ها","نام افراد","رنگ‌ها","صدای محیط","A","سؤال تألیفی تشخیصی برای ارزیابی اولیه؛ جایگزین پوشش فصل‌به‌فصل کتاب درسی نیست.","ترنم همدلی","original","1405"
"دهم","انسانی","ریاضی و آمار","ریاضی و آمار","آزمون جامع","ارزیابی پایه","هسته ۱۰ سوالی","متوسط","بررسی پاسخ پس از حل چه فایده‌ای دارد؟","کشف خطای محاسبه یا استدلال","حذف پاسخ","تغییر موضوع","افزایش ابهام","A","سؤال تألیفی تشخیصی برای ارزیابی اولیه؛ جایگزین پوشش فصل‌به‌فصل کتاب درسی نیست.","ترنم همدلی","original","1405"
"دهم","انسانی","علوم و فنون ادبی","علوم و فنون ادبی","آزمون جامع","ارزیابی پایه","هسته ۱۰ سوالی","متوسط","درک متن بیشتر به چه نیاز دارد؟","توجه به واژه‌ها و ارتباط جمله‌ها","حفظ عنوان","شمردن کلمات","حذف مثال‌ها","A","سؤال تألیفی تشخیصی برای ارزیابی اولیه؛ جایگزین پوشش فصل‌به‌فصل کتاب درسی نیست.","ترنم همدلی","original","1405"
"دهم","انسانی","علوم و فنون ادبی","علوم و فنون ادبی","آزمون جامع","ارزیابی پایه","هسته ۱۰ سوالی","متوسط","واژه مترادف چیست؟","واژه هم‌معنی یا نزدیک‌معنی","واژه مخالف","واژه بی‌معنا","عدد","A","سؤال تألیفی تشخیصی برای ارزیابی اولیه؛ جایگزین پوشش فصل‌به‌فصل کتاب درسی نیست.","ترنم همدلی","original","1405"
"دهم","انسانی","علوم و فنون ادبی","علوم و فنون ادبی","آزمون جامع","ارزیابی پایه","هسته ۱۰ سوالی","متوسط","فعل معمولاً چه چیزی را نشان می‌دهد؟","کار یا حالت","رنگ","تعداد صفحات","علامت سؤال","A","سؤال تألیفی تشخیصی برای ارزیابی اولیه؛ جایگزین پوشش فصل‌به‌فصل کتاب درسی نیست.","ترنم همدلی","original","1405"
"دهم","انسانی","علوم و فنون ادبی","علوم و فنون ادبی","آزمون جامع","ارزیابی پایه","هسته ۱۰ سوالی","متوسط","عنوان مناسب چه ویژگی دارد؟","با محتوای متن ارتباط دارد","کاملاً بی‌ربط است","همیشه طولانی است","فقط عدد است","A","سؤال تألیفی تشخیصی برای ارزیابی اولیه؛ جایگزین پوشش فصل‌به‌فصل کتاب درسی نیست.","ترنم همدلی","original","1405"
"دهم","انسانی","علوم و فنون ادبی","علوم و فنون ادبی","آزمون جامع","ارزیابی پایه","هسته ۱۰ سوالی","متوسط","بازبینی نوشته برای چیست؟","اصلاح محتوا و نگارش","حذف همه جمله‌ها","افزایش خطا","تغییر واقعیت","A","سؤال تألیفی تشخیصی برای ارزیابی اولیه؛ جایگزین پوشش فصل‌به‌فصل کتاب درسی نیست.","ترنم همدلی","original","1405"
"دهم","انسانی","علوم و فنون ادبی","علوم و فنون ادبی","آزمون جامع","ارزیابی پایه","هسته ۱۰ سوالی","متوسط","پاراگراف معمولاً حول چه چیزی شکل می‌گیرد؟","یک ایده اصلی","واژه‌های تصادفی","یک علامت","یک عدد","A","سؤال تألیفی تشخیصی برای ارزیابی اولیه؛ جایگزین پوشش فصل‌به‌فصل کتاب درسی نیست.","ترنم همدلی","original","1405"
"دهم","انسانی","علوم و فنون ادبی","علوم و فنون ادبی","آزمون جامع","ارزیابی پایه","هسته ۱۰ سوالی","متوسط","علائم نگارشی چه کمکی می‌کنند؟","خوانایی و فهم ساختار متن","حذف معنا","تغییر موضوع","افزایش ابهام","A","سؤال تألیفی تشخیصی برای ارزیابی اولیه؛ جایگزین پوشش فصل‌به‌فصل کتاب درسی نیست.","ترنم همدلی","original","1405"
"دهم","انسانی","علوم و فنون ادبی","علوم و فنون ادبی","آزمون جامع","ارزیابی پایه","هسته ۱۰ سوالی","متوسط","تشبیه چه کاربردی دارد؟","بیان هنری شباهت میان دو چیز","اندازه‌گیری","حل معادله","ثبت تاریخ","A","سؤال تألیفی تشخیصی برای ارزیابی اولیه؛ جایگزین پوشش فصل‌به‌فصل کتاب درسی نیست.","ترنم همدلی","original","1405"
"دهم","انسانی","علوم و فنون ادبی","علوم و فنون ادبی","آزمون جامع","ارزیابی پایه","هسته ۱۰ سوالی","متوسط","خواندن فعال یعنی چه؟","پرسش، ارتباط و بررسی مفهوم","فقط سریع خواندن","حفظ بدون درک","نادیده گرفتن عنوان","A","سؤال تألیفی تشخیصی برای ارزیابی اولیه؛ جایگزین پوشش فصل‌به‌فصل کتاب درسی نیست.","ترنم همدلی","original","1405"
"دهم","انسانی","علوم و فنون ادبی","علوم و فنون ادبی","آزمون جامع","ارزیابی پایه","هسته ۱۰ سوالی","متوسط","نوشتن منظم چه فایده‌ای دارد؟","انتقال روشن‌تر ایده‌ها","افزایش ابهام","حذف ارتباط","کاهش خوانایی","A","سؤال تألیفی تشخیصی برای ارزیابی اولیه؛ جایگزین پوشش فصل‌به‌فصل کتاب درسی نیست.","ترنم همدلی","original","1405"
"دهم","انسانی","عربی تخصصی","عربی تخصصی","آزمون جامع","ارزیابی پایه","هسته ۱۰ سوالی","متوسط","فعل ماضی به چه زمانی اشاره می‌کند؟","گذشته","حال","آینده","همیشه","A","سؤال تألیفی تشخیصی برای ارزیابی اولیه؛ جایگزین پوشش فصل‌به‌فصل کتاب درسی نیست.","ترنم همدلی","original","1405"
"دهم","انسانی","عربی تخصصی","عربی تخصصی","آزمون جامع","ارزیابی پایه","هسته ۱۰ سوالی","متوسط","فعل مضارع معمولاً بر چه زمانی دلالت می‌کند؟","حال یا آینده","فقط گذشته","فقط گذشته دور","هیچ زمان","A","سؤال تألیفی تشخیصی برای ارزیابی اولیه؛ جایگزین پوشش فصل‌به‌فصل کتاب درسی نیست.","ترنم همدلی","original","1405"
"دهم","انسانی","عربی تخصصی","عربی تخصصی","آزمون جامع","ارزیابی پایه","هسته ۱۰ سوالی","متوسط","فاعل چیست؟","انجام‌دهنده کار فعل","زمان جمله","محل کار","نشانه جمع","A","سؤال تألیفی تشخیصی برای ارزیابی اولیه؛ جایگزین پوشش فصل‌به‌فصل کتاب درسی نیست.","ترنم همدلی","original","1405"
"دهم","انسانی","عربی تخصصی","عربی تخصصی","آزمون جامع","ارزیابی پایه","هسته ۱۰ سوالی","متوسط","مفعول‌به چیست؟","کسی یا چیزی که عمل بر او واقع می‌شود","انجام‌دهنده عمل","زمان","صفت","A","سؤال تألیفی تشخیصی برای ارزیابی اولیه؛ جایگزین پوشش فصل‌به‌فصل کتاب درسی نیست.","ترنم همدلی","original","1405"
"دهم","انسانی","عربی تخصصی","عربی تخصصی","آزمون جامع","ارزیابی پایه","هسته ۱۰ سوالی","متوسط","مفرد یعنی چه؟","یک فرد یا چیز","دو فرد","چند فرد","جمله کامل","A","سؤال تألیفی تشخیصی برای ارزیابی اولیه؛ جایگزین پوشش فصل‌به‌فصل کتاب درسی نیست.","ترنم همدلی","original","1405"
"دهم","انسانی","عربی تخصصی","عربی تخصصی","آزمون جامع","ارزیابی پایه","هسته ۱۰ سوالی","متوسط","جمع یعنی چه؟","بیش از یک","دقیقاً یک","بدون تعداد","یک فعل","A","سؤال تألیفی تشخیصی برای ارزیابی اولیه؛ جایگزین پوشش فصل‌به‌فصل کتاب درسی نیست.","ترنم همدلی","original","1405"
"دهم","انسانی","عربی تخصصی","عربی تخصصی","آزمون جامع","ارزیابی پایه","هسته ۱۰ سوالی","متوسط","ترجمه درست به چه نیاز دارد؟","شناخت واژه و ساختار جمله","حدس یک واژه","حذف فعل","تغییر معنا","A","سؤال تألیفی تشخیصی برای ارزیابی اولیه؛ جایگزین پوشش فصل‌به‌فصل کتاب درسی نیست.","ترنم همدلی","original","1405"
"دهم","انسانی","عربی تخصصی","عربی تخصصی","آزمون جامع","ارزیابی پایه","هسته ۱۰ سوالی","متوسط","اسم چه چیزی می‌تواند باشد؟","نام شخص، چیز یا مفهوم","فقط فعل","فقط حرف","فقط عدد","A","سؤال تألیفی تشخیصی برای ارزیابی اولیه؛ جایگزین پوشش فصل‌به‌فصل کتاب درسی نیست.","ترنم همدلی","original","1405"
"دهم","انسانی","عربی تخصصی","عربی تخصصی","آزمون جامع","ارزیابی پایه","هسته ۱۰ سوالی","متوسط","معنا در ترجمه باید چگونه حفظ شود؟","متناسب با کل جمله","با حذف فعل","با تغییر فاعل","با حذف واژه‌های مهم","A","سؤال تألیفی تشخیصی برای ارزیابی اولیه؛ جایگزین پوشش فصل‌به‌فصل کتاب درسی نیست.","ترنم همدلی","original","1405"
"دهم","انسانی","عربی تخصصی","عربی تخصصی","آزمون جامع","ارزیابی پایه","هسته ۱۰ سوالی","متوسط","یادگیری واژه‌ها در بافت جمله چه فایده‌ای دارد؟","درک بهتر کاربرد و معنا","حذف معنی","افزایش ابهام","تغییر دستور","A","سؤال تألیفی تشخیصی برای ارزیابی اولیه؛ جایگزین پوشش فصل‌به‌فصل کتاب درسی نیست.","ترنم همدلی","original","1405"
"دهم","انسانی","اقتصاد","اقتصاد","آزمون جامع","ارزیابی پایه","هسته ۱۰ سوالی","متوسط","جامعه‌شناسی چه چیزی را بررسی می‌کند؟","روابط و پدیده‌های اجتماعی","واکنش شیمیایی","حرکت اجسام","ساختار اتم","A","سؤال تألیفی تشخیصی برای ارزیابی اولیه؛ جایگزین پوشش فصل‌به‌فصل کتاب درسی نیست.","ترنم همدلی","original","1405"
"دهم","انسانی","اقتصاد","اقتصاد","آزمون جامع","ارزیابی پایه","هسته ۱۰ سوالی","متوسط","اقتصاد چه چیزی را بررسی می‌کند؟","تولید، توزیع و مصرف منابع کمیاب","ادبیات","آب‌وهوا","بدن انسان","A","سؤال تألیفی تشخیصی برای ارزیابی اولیه؛ جایگزین پوشش فصل‌به‌فصل کتاب درسی نیست.","ترنم همدلی","original","1405"
"دهم","انسانی","اقتصاد","اقتصاد","آزمون جامع","ارزیابی پایه","هسته ۱۰ سوالی","متوسط","منطق به چه چیزی کمک می‌کند؟","درست اندیشیدن و ارزیابی استدلال","اندازه‌گیری دما","واکنش شیمیایی","نقاشی","A","سؤال تألیفی تشخیصی برای ارزیابی اولیه؛ جایگزین پوشش فصل‌به‌فصل کتاب درسی نیست.","ترنم همدلی","original","1405"
"دهم","انسانی","اقتصاد","اقتصاد","آزمون جامع","ارزیابی پایه","هسته ۱۰ سوالی","متوسط","فلسفه بیشتر با چه پرسش‌هایی سروکار دارد؟","پرسش‌های بنیادی درباره هستی و شناخت","محاسبات","آزمایشگاه","ورزش","A","سؤال تألیفی تشخیصی برای ارزیابی اولیه؛ جایگزین پوشش فصل‌به‌فصل کتاب درسی نیست.","ترنم همدلی","original","1405"
"دهم","انسانی","اقتصاد","اقتصاد","آزمون جامع","ارزیابی پایه","هسته ۱۰ سوالی","متوسط","روان‌شناسی چه چیزی را مطالعه می‌کند؟","رفتار و فرایندهای ذهنی","اقتصاد","تاریخ","جغرافیا","A","سؤال تألیفی تشخیصی برای ارزیابی اولیه؛ جایگزین پوشش فصل‌به‌فصل کتاب درسی نیست.","ترنم همدلی","original","1405"
"دهم","انسانی","اقتصاد","اقتصاد","آزمون جامع","ارزیابی پایه","هسته ۱۰ سوالی","متوسط","تاریخ چگونه بررسی می‌شود؟","با رویدادها و شواهد گذشته","پیش‌بینی هوا","ساختار اتم","معادله","A","سؤال تألیفی تشخیصی برای ارزیابی اولیه؛ جایگزین پوشش فصل‌به‌فصل کتاب درسی نیست.","ترنم همدلی","original","1405"
"دهم","انسانی","اقتصاد","اقتصاد","آزمون جامع","ارزیابی پایه","هسته ۱۰ سوالی","متوسط","جغرافیا چه چیزی را بررسی می‌کند؟","پدیده‌های مکانی و رابطه انسان و محیط","شعر","واکنش شیمیایی","زیست سلولی","A","سؤال تألیفی تشخیصی برای ارزیابی اولیه؛ جایگزین پوشش فصل‌به‌فصل کتاب درسی نیست.","ترنم همدلی","original","1405"
"دهم","انسانی","اقتصاد","اقتصاد","آزمون جامع","ارزیابی پایه","هسته ۱۰ سوالی","متوسط","علوم و فنون ادبی با چه چیزی سروکار دارد؟","زبان و عناصر ادبی و هنری متن","فیزیک","جغرافیا","زیست","A","سؤال تألیفی تشخیصی برای ارزیابی اولیه؛ جایگزین پوشش فصل‌به‌فصل کتاب درسی نیست.","ترنم همدلی","original","1405"
"دهم","انسانی","اقتصاد","اقتصاد","آزمون جامع","ارزیابی پایه","هسته ۱۰ سوالی","متوسط","کنش اجتماعی چیست؟","رفتاری که با توجه به دیگران معنا پیدا می‌کند","حرکت عضلانی","واکنش شیمیایی","عدد","A","سؤال تألیفی تشخیصی برای ارزیابی اولیه؛ جایگزین پوشش فصل‌به‌فصل کتاب درسی نیست.","ترنم همدلی","original","1405"
"دهم","انسانی","اقتصاد","اقتصاد","آزمون جامع","ارزیابی پایه","هسته ۱۰ سوالی","متوسط","تحلیل پدیده انسانی بهتر است بر چه چیزی تکیه کند؟","مفهوم، شواهد و استدلال","حدس","شایعه","یک نمونه بدون بررسی","A","سؤال تألیفی تشخیصی برای ارزیابی اولیه؛ جایگزین پوشش فصل‌به‌فصل کتاب درسی نیست.","ترنم همدلی","original","1405"
"دهم","انسانی","تاریخ","تاریخ","آزمون جامع","ارزیابی پایه","هسته ۱۰ سوالی","متوسط","قانون چه نقشی دارد؟","تنظیم روابط و حقوق","ایجاد بی‌نظمی","حذف مسئولیت","تغییر آب‌وهوا","A","سؤال تألیفی تشخیصی برای ارزیابی اولیه؛ جایگزین پوشش فصل‌به‌فصل کتاب درسی نیست.","ترنم همدلی","original","1405"
"دهم","انسانی","تاریخ","تاریخ","آزمون جامع","ارزیابی پایه","هسته ۱۰ سوالی","متوسط","شهروند مسئول چه می‌کند؟","حقوق دیگران و وظایف خود را رعایت می‌کند","قانون را نادیده می‌گیرد","فقط مطالبه می‌کند","به محیط آسیب می‌زند","A","سؤال تألیفی تشخیصی برای ارزیابی اولیه؛ جایگزین پوشش فصل‌به‌فصل کتاب درسی نیست.","ترنم همدلی","original","1405"
"دهم","انسانی","تاریخ","تاریخ","آزمون جامع","ارزیابی پایه","هسته ۱۰ سوالی","متوسط","نقشه برای چه مفید است؟","نمایش موقعیت‌های مکانی","اندازه‌گیری دما","تشخیص صدا","محاسبه سن","A","سؤال تألیفی تشخیصی برای ارزیابی اولیه؛ جایگزین پوشش فصل‌به‌فصل کتاب درسی نیست.","ترنم همدلی","original","1405"
"دهم","انسانی","تاریخ","تاریخ","آزمون جامع","ارزیابی پایه","هسته ۱۰ سوالی","متوسط","منبع تاریخی چه فایده‌ای دارد؟","شواهدی برای شناخت گذشته فراهم می‌کند","همیشه قطعی است","فقط سرگرمی است","هیچ ارزشی ندارد","A","سؤال تألیفی تشخیصی برای ارزیابی اولیه؛ جایگزین پوشش فصل‌به‌فصل کتاب درسی نیست.","ترنم همدلی","original","1405"
"دهم","انسانی","تاریخ","تاریخ","آزمون جامع","ارزیابی پایه","هسته ۱۰ سوالی","متوسط","فرهنگ شامل چیست؟","ارزش‌ها، هنجارها و نمادها","فقط ساختمان","فقط پول","فقط آب‌وهوا","A","سؤال تألیفی تشخیصی برای ارزیابی اولیه؛ جایگزین پوشش فصل‌به‌فصل کتاب درسی نیست.","ترنم همدلی","original","1405"
"دهم","انسانی","تاریخ","تاریخ","آزمون جامع","ارزیابی پایه","هسته ۱۰ سوالی","متوسط","جمعیت یعنی چه؟","تعداد افراد یک محدوده","تعداد ساختمان","مساحت کشور","تعداد رودها","A","سؤال تألیفی تشخیصی برای ارزیابی اولیه؛ جایگزین پوشش فصل‌به‌فصل کتاب درسی نیست.","ترنم همدلی","original","1405"
"دهم","انسانی","تاریخ","تاریخ","آزمون جامع","ارزیابی پایه","هسته ۱۰ سوالی","متوسط","مهاجرت چیست؟","جابه‌جایی افراد برای سکونت","تغییر فصل","حرکت زمین","تغییر زبان","A","سؤال تألیفی تشخیصی برای ارزیابی اولیه؛ جایگزین پوشش فصل‌به‌فصل کتاب درسی نیست.","ترنم همدلی","original","1405"
"دهم","انسانی","تاریخ","تاریخ","آزمون جامع","ارزیابی پایه","هسته ۱۰ سوالی","متوسط","همکاری اجتماعی چه فایده‌ای دارد؟","حل بهتر مسائل مشترک","حذف مسئولیت","بی‌نیازی از قانون","افزایش قطعی تعارض","A","سؤال تألیفی تشخیصی برای ارزیابی اولیه؛ جایگزین پوشش فصل‌به‌فصل کتاب درسی نیست.","ترنم همدلی","original","1405"
"دهم","انسانی","تاریخ","تاریخ","آزمون جامع","ارزیابی پایه","هسته ۱۰ سوالی","متوسط","توسعه پایدار بر چه چیزی تأکید دارد؟","توجه به نیاز امروز و آینده","مصرف بی‌حد","حذف طبیعت","نادیده گرفتن نسل آینده","A","سؤال تألیفی تشخیصی برای ارزیابی اولیه؛ جایگزین پوشش فصل‌به‌فصل کتاب درسی نیست.","ترنم همدلی","original","1405"
"دهم","انسانی","تاریخ","تاریخ","آزمون جامع","ارزیابی پایه","هسته ۱۰ سوالی","متوسط","پدیده‌های اجتماعی را بهتر است چگونه بررسی کرد؟","با مفهوم، شواهد و توجه به زمینه","با یک شایعه","با حدس تنها","بدون داده","A","سؤال تألیفی تشخیصی برای ارزیابی اولیه؛ جایگزین پوشش فصل‌به‌فصل کتاب درسی نیست.","ترنم همدلی","original","1405"
"دهم","انسانی","جغرافیا","جغرافیا","آزمون جامع","ارزیابی پایه","هسته ۱۰ سوالی","متوسط","قانون چه نقشی دارد؟","تنظیم روابط و حقوق","ایجاد بی‌نظمی","حذف مسئولیت","تغییر آب‌وهوا","A","سؤال تألیفی تشخیصی برای ارزیابی اولیه؛ جایگزین پوشش فصل‌به‌فصل کتاب درسی نیست.","ترنم همدلی","original","1405"
"دهم","انسانی","جغرافیا","جغرافیا","آزمون جامع","ارزیابی پایه","هسته ۱۰ سوالی","متوسط","شهروند مسئول چه می‌کند؟","حقوق دیگران و وظایف خود را رعایت می‌کند","قانون را نادیده می‌گیرد","فقط مطالبه می‌کند","به محیط آسیب می‌زند","A","سؤال تألیفی تشخیصی برای ارزیابی اولیه؛ جایگزین پوشش فصل‌به‌فصل کتاب درسی نیست.","ترنم همدلی","original","1405"
"دهم","انسانی","جغرافیا","جغرافیا","آزمون جامع","ارزیابی پایه","هسته ۱۰ سوالی","متوسط","نقشه برای چه مفید است؟","نمایش موقعیت‌های مکانی","اندازه‌گیری دما","تشخیص صدا","محاسبه سن","A","سؤال تألیفی تشخیصی برای ارزیابی اولیه؛ جایگزین پوشش فصل‌به‌فصل کتاب درسی نیست.","ترنم همدلی","original","1405"
"دهم","انسانی","جغرافیا","جغرافیا","آزمون جامع","ارزیابی پایه","هسته ۱۰ سوالی","متوسط","منبع تاریخی چه فایده‌ای دارد؟","شواهدی برای شناخت گذشته فراهم می‌کند","همیشه قطعی است","فقط سرگرمی است","هیچ ارزشی ندارد","A","سؤال تألیفی تشخیصی برای ارزیابی اولیه؛ جایگزین پوشش فصل‌به‌فصل کتاب درسی نیست.","ترنم همدلی","original","1405"
"دهم","انسانی","جغرافیا","جغرافیا","آزمون جامع","ارزیابی پایه","هسته ۱۰ سوالی","متوسط","فرهنگ شامل چیست؟","ارزش‌ها، هنجارها و نمادها","فقط ساختمان","فقط پول","فقط آب‌وهوا","A","سؤال تألیفی تشخیصی برای ارزیابی اولیه؛ جایگزین پوشش فصل‌به‌فصل کتاب درسی نیست.","ترنم همدلی","original","1405"
"دهم","انسانی","جغرافیا","جغرافیا","آزمون جامع","ارزیابی پایه","هسته ۱۰ سوالی","متوسط","جمعیت یعنی چه؟","تعداد افراد یک محدوده","تعداد ساختمان","مساحت کشور","تعداد رودها","A","سؤال تألیفی تشخیصی برای ارزیابی اولیه؛ جایگزین پوشش فصل‌به‌فصل کتاب درسی نیست.","ترنم همدلی","original","1405"
"دهم","انسانی","جغرافیا","جغرافیا","آزمون جامع","ارزیابی پایه","هسته ۱۰ سوالی","متوسط","مهاجرت چیست؟","جابه‌جایی افراد برای سکونت","تغییر فصل","حرکت زمین","تغییر زبان","A","سؤال تألیفی تشخیصی برای ارزیابی اولیه؛ جایگزین پوشش فصل‌به‌فصل کتاب درسی نیست.","ترنم همدلی","original","1405"
"دهم","انسانی","جغرافیا","جغرافیا","آزمون جامع","ارزیابی پایه","هسته ۱۰ سوالی","متوسط","همکاری اجتماعی چه فایده‌ای دارد؟","حل بهتر مسائل مشترک","حذف مسئولیت","بی‌نیازی از قانون","افزایش قطعی تعارض","A","سؤال تألیفی تشخیصی برای ارزیابی اولیه؛ جایگزین پوشش فصل‌به‌فصل کتاب درسی نیست.","ترنم همدلی","original","1405"
"دهم","انسانی","جغرافیا","جغرافیا","آزمون جامع","ارزیابی پایه","هسته ۱۰ سوالی","متوسط","توسعه پایدار بر چه چیزی تأکید دارد؟","توجه به نیاز امروز و آینده","مصرف بی‌حد","حذف طبیعت","نادیده گرفتن نسل آینده","A","سؤال تألیفی تشخیصی برای ارزیابی اولیه؛ جایگزین پوشش فصل‌به‌فصل کتاب درسی نیست.","ترنم همدلی","original","1405"
"دهم","انسانی","جغرافیا","جغرافیا","آزمون جامع","ارزیابی پایه","هسته ۱۰ سوالی","متوسط","پدیده‌های اجتماعی را بهتر است چگونه بررسی کرد؟","با مفهوم، شواهد و توجه به زمینه","با یک شایعه","با حدس تنها","بدون داده","A","سؤال تألیفی تشخیصی برای ارزیابی اولیه؛ جایگزین پوشش فصل‌به‌فصل کتاب درسی نیست.","ترنم همدلی","original","1405"
"دهم","انسانی","جامعه‌شناسی","جامعه‌شناسی","آزمون جامع","ارزیابی پایه","هسته ۱۰ سوالی","متوسط","جامعه‌شناسی چه چیزی را بررسی می‌کند؟","روابط و پدیده‌های اجتماعی","واکنش شیمیایی","حرکت اجسام","ساختار اتم","A","سؤال تألیفی تشخیصی برای ارزیابی اولیه؛ جایگزین پوشش فصل‌به‌فصل کتاب درسی نیست.","ترنم همدلی","original","1405"
"دهم","انسانی","جامعه‌شناسی","جامعه‌شناسی","آزمون جامع","ارزیابی پایه","هسته ۱۰ سوالی","متوسط","اقتصاد چه چیزی را بررسی می‌کند؟","تولید، توزیع و مصرف منابع کمیاب","ادبیات","آب‌وهوا","بدن انسان","A","سؤال تألیفی تشخیصی برای ارزیابی اولیه؛ جایگزین پوشش فصل‌به‌فصل کتاب درسی نیست.","ترنم همدلی","original","1405"
"دهم","انسانی","جامعه‌شناسی","جامعه‌شناسی","آزمون جامع","ارزیابی پایه","هسته ۱۰ سوالی","متوسط","منطق به چه چیزی کمک می‌کند؟","درست اندیشیدن و ارزیابی استدلال","اندازه‌گیری دما","واکنش شیمیایی","نقاشی","A","سؤال تألیفی تشخیصی برای ارزیابی اولیه؛ جایگزین پوشش فصل‌به‌فصل کتاب درسی نیست.","ترنم همدلی","original","1405"
"دهم","انسانی","جامعه‌شناسی","جامعه‌شناسی","آزمون جامع","ارزیابی پایه","هسته ۱۰ سوالی","متوسط","فلسفه بیشتر با چه پرسش‌هایی سروکار دارد؟","پرسش‌های بنیادی درباره هستی و شناخت","محاسبات","آزمایشگاه","ورزش","A","سؤال تألیفی تشخیصی برای ارزیابی اولیه؛ جایگزین پوشش فصل‌به‌فصل کتاب درسی نیست.","ترنم همدلی","original","1405"
"دهم","انسانی","جامعه‌شناسی","جامعه‌شناسی","آزمون جامع","ارزیابی پایه","هسته ۱۰ سوالی","متوسط","روان‌شناسی چه چیزی را مطالعه می‌کند؟","رفتار و فرایندهای ذهنی","اقتصاد","تاریخ","جغرافیا","A","سؤال تألیفی تشخیصی برای ارزیابی اولیه؛ جایگزین پوشش فصل‌به‌فصل کتاب درسی نیست.","ترنم همدلی","original","1405"
"دهم","انسانی","جامعه‌شناسی","جامعه‌شناسی","آزمون جامع","ارزیابی پایه","هسته ۱۰ سوالی","متوسط","تاریخ چگونه بررسی می‌شود؟","با رویدادها و شواهد گذشته","پیش‌بینی هوا","ساختار اتم","معادله","A","سؤال تألیفی تشخیصی برای ارزیابی اولیه؛ جایگزین پوشش فصل‌به‌فصل کتاب درسی نیست.","ترنم همدلی","original","1405"
"دهم","انسانی","جامعه‌شناسی","جامعه‌شناسی","آزمون جامع","ارزیابی پایه","هسته ۱۰ سوالی","متوسط","جغرافیا چه چیزی را بررسی می‌کند؟","پدیده‌های مکانی و رابطه انسان و محیط","شعر","واکنش شیمیایی","زیست سلولی","A","سؤال تألیفی تشخیصی برای ارزیابی اولیه؛ جایگزین پوشش فصل‌به‌فصل کتاب درسی نیست.","ترنم همدلی","original","1405"
"دهم","انسانی","جامعه‌شناسی","جامعه‌شناسی","آزمون جامع","ارزیابی پایه","هسته ۱۰ سوالی","متوسط","علوم و فنون ادبی با چه چیزی سروکار دارد؟","زبان و عناصر ادبی و هنری متن","فیزیک","جغرافیا","زیست","A","سؤال تألیفی تشخیصی برای ارزیابی اولیه؛ جایگزین پوشش فصل‌به‌فصل کتاب درسی نیست.","ترنم همدلی","original","1405"
"دهم","انسانی","جامعه‌شناسی","جامعه‌شناسی","آزمون جامع","ارزیابی پایه","هسته ۱۰ سوالی","متوسط","کنش اجتماعی چیست؟","رفتاری که با توجه به دیگران معنا پیدا می‌کند","حرکت عضلانی","واکنش شیمیایی","عدد","A","سؤال تألیفی تشخیصی برای ارزیابی اولیه؛ جایگزین پوشش فصل‌به‌فصل کتاب درسی نیست.","ترنم همدلی","original","1405"
"دهم","انسانی","جامعه‌شناسی","جامعه‌شناسی","آزمون جامع","ارزیابی پایه","هسته ۱۰ سوالی","متوسط","تحلیل پدیده انسانی بهتر است بر چه چیزی تکیه کند؟","مفهوم، شواهد و استدلال","حدس","شایعه","یک نمونه بدون بررسی","A","سؤال تألیفی تشخیصی برای ارزیابی اولیه؛ جایگزین پوشش فصل‌به‌فصل کتاب درسی نیست.","ترنم همدلی","original","1405"
"دهم","انسانی","منطق","منطق","آزمون جامع","ارزیابی پایه","هسته ۱۰ سوالی","متوسط","جامعه‌شناسی چه چیزی را بررسی می‌کند؟","روابط و پدیده‌های اجتماعی","واکنش شیمیایی","حرکت اجسام","ساختار اتم","A","سؤال تألیفی تشخیصی برای ارزیابی اولیه؛ جایگزین پوشش فصل‌به‌فصل کتاب درسی نیست.","ترنم همدلی","original","1405"
"دهم","انسانی","منطق","منطق","آزمون جامع","ارزیابی پایه","هسته ۱۰ سوالی","متوسط","اقتصاد چه چیزی را بررسی می‌کند؟","تولید، توزیع و مصرف منابع کمیاب","ادبیات","آب‌وهوا","بدن انسان","A","سؤال تألیفی تشخیصی برای ارزیابی اولیه؛ جایگزین پوشش فصل‌به‌فصل کتاب درسی نیست.","ترنم همدلی","original","1405"
"دهم","انسانی","منطق","منطق","آزمون جامع","ارزیابی پایه","هسته ۱۰ سوالی","متوسط","منطق به چه چیزی کمک می‌کند؟","درست اندیشیدن و ارزیابی استدلال","اندازه‌گیری دما","واکنش شیمیایی","نقاشی","A","سؤال تألیفی تشخیصی برای ارزیابی اولیه؛ جایگزین پوشش فصل‌به‌فصل کتاب درسی نیست.","ترنم همدلی","original","1405"
"دهم","انسانی","منطق","منطق","آزمون جامع","ارزیابی پایه","هسته ۱۰ سوالی","متوسط","فلسفه بیشتر با چه پرسش‌هایی سروکار دارد؟","پرسش‌های بنیادی درباره هستی و شناخت","محاسبات","آزمایشگاه","ورزش","A","سؤال تألیفی تشخیصی برای ارزیابی اولیه؛ جایگزین پوشش فصل‌به‌فصل کتاب درسی نیست.","ترنم همدلی","original","1405"
"دهم","انسانی","منطق","منطق","آزمون جامع","ارزیابی پایه","هسته ۱۰ سوالی","متوسط","روان‌شناسی چه چیزی را مطالعه می‌کند؟","رفتار و فرایندهای ذهنی","اقتصاد","تاریخ","جغرافیا","A","سؤال تألیفی تشخیصی برای ارزیابی اولیه؛ جایگزین پوشش فصل‌به‌فصل کتاب درسی نیست.","ترنم همدلی","original","1405"
"دهم","انسانی","منطق","منطق","آزمون جامع","ارزیابی پایه","هسته ۱۰ سوالی","متوسط","تاریخ چگونه بررسی می‌شود؟","با رویدادها و شواهد گذشته","پیش‌بینی هوا","ساختار اتم","معادله","A","سؤال تألیفی تشخیصی برای ارزیابی اولیه؛ جایگزین پوشش فصل‌به‌فصل کتاب درسی نیست.","ترنم همدلی","original","1405"
"دهم","انسانی","منطق","منطق","آزمون جامع","ارزیابی پایه","هسته ۱۰ سوالی","متوسط","جغرافیا چه چیزی را بررسی می‌کند؟","پدیده‌های مکانی و رابطه انسان و محیط","شعر","واکنش شیمیایی","زیست سلولی","A","سؤال تألیفی تشخیصی برای ارزیابی اولیه؛ جایگزین پوشش فصل‌به‌فصل کتاب درسی نیست.","ترنم همدلی","original","1405"
"دهم","انسانی","منطق","منطق","آزمون جامع","ارزیابی پایه","هسته ۱۰ سوالی","متوسط","علوم و فنون ادبی با چه چیزی سروکار دارد؟","زبان و عناصر ادبی و هنری متن","فیزیک","جغرافیا","زیست","A","سؤال تألیفی تشخیصی برای ارزیابی اولیه؛ جایگزین پوشش فصل‌به‌فصل کتاب درسی نیست.","ترنم همدلی","original","1405"
"دهم","انسانی","منطق","منطق","آزمون جامع","ارزیابی پایه","هسته ۱۰ سوالی","متوسط","کنش اجتماعی چیست؟","رفتاری که با توجه به دیگران معنا پیدا می‌کند","حرکت عضلانی","واکنش شیمیایی","عدد","A","سؤال تألیفی تشخیصی برای ارزیابی اولیه؛ جایگزین پوشش فصل‌به‌فصل کتاب درسی نیست.","ترنم همدلی","original","1405"
"دهم","انسانی","منطق","منطق","آزمون جامع","ارزیابی پایه","هسته ۱۰ سوالی","متوسط","تحلیل پدیده انسانی بهتر است بر چه چیزی تکیه کند؟","مفهوم، شواهد و استدلال","حدس","شایعه","یک نمونه بدون بررسی","A","سؤال تألیفی تشخیصی برای ارزیابی اولیه؛ جایگزین پوشش فصل‌به‌فصل کتاب درسی نیست.","ترنم همدلی","original","1405"
"یازدهم","انسانی","ریاضی و آمار","ریاضی و آمار","آزمون جامع","ارزیابی پایه","هسته ۱۰ سوالی","متوسط","کدام گزینه یک مفهوم پایه در این درس است؟","تعریف و رابطه بین کمیت‌ها","رنگ","صدا","بو","A","سؤال تألیفی تشخیصی برای ارزیابی اولیه؛ جایگزین پوشش فصل‌به‌فصل کتاب درسی نیست.","ترنم همدلی","original","1405"
"یازدهم","انسانی","ریاضی و آمار","ریاضی و آمار","آزمون جامع","ارزیابی پایه","هسته ۱۰ سوالی","متوسط","حل مرحله‌ای مسئله چه فایده‌ای دارد؟","کاهش خطا و امکان بررسی مسیر حل","حذف داده","افزایش ابهام","تغییر موضوع","A","سؤال تألیفی تشخیصی برای ارزیابی اولیه؛ جایگزین پوشش فصل‌به‌فصل کتاب درسی نیست.","ترنم همدلی","original","1405"
"یازدهم","انسانی","ریاضی و آمار","ریاضی و آمار","آزمون جامع","ارزیابی پایه","هسته ۱۰ سوالی","متوسط","میانگین برای چه کاری به‌کار می‌رود؟","خلاصه‌کردن مجموعه‌ای از داده‌ها","اندازه‌گیری دما","تشخیص صدا","تعیین رنگ","A","سؤال تألیفی تشخیصی برای ارزیابی اولیه؛ جایگزین پوشش فصل‌به‌فصل کتاب درسی نیست.","ترنم همدلی","original","1405"
"یازدهم","انسانی","ریاضی و آمار","ریاضی و آمار","آزمون جامع","ارزیابی پایه","هسته ۱۰ سوالی","متوسط","احتمال رویداد قطعی چیست؟","۱","۰","۰٫۵","۲","A","سؤال تألیفی تشخیصی برای ارزیابی اولیه؛ جایگزین پوشش فصل‌به‌فصل کتاب درسی نیست.","ترنم همدلی","original","1405"
"یازدهم","انسانی","ریاضی و آمار","ریاضی و آمار","آزمون جامع","ارزیابی پایه","هسته ۱۰ سوالی","متوسط","نمودار چه کمکی می‌کند؟","نمایش و مقایسه داده‌ها","حذف داده","تغییر سؤال","حذف واحد","A","سؤال تألیفی تشخیصی برای ارزیابی اولیه؛ جایگزین پوشش فصل‌به‌فصل کتاب درسی نیست.","ترنم همدلی","original","1405"
"یازدهم","انسانی","ریاضی و آمار","ریاضی و آمار","آزمون جامع","ارزیابی پایه","هسته ۱۰ سوالی","متوسط","واحد اندازه‌گیری چه اهمیتی دارد؟","امکان مقایسه و بیان دقیق مقدار","تغییر نتیجه","حذف عدد","افزایش ابهام","A","سؤال تألیفی تشخیصی برای ارزیابی اولیه؛ جایگزین پوشش فصل‌به‌فصل کتاب درسی نیست.","ترنم همدلی","original","1405"
"یازدهم","انسانی","ریاضی و آمار","ریاضی و آمار","آزمون جامع","ارزیابی پایه","هسته ۱۰ سوالی","متوسط","برای حل یک مسئله ابتدا چه باید کرد؟","شناخت داده‌ها و خواسته","حدس پاسخ","حذف صورت مسئله","تغییر واحد بدون دلیل","A","سؤال تألیفی تشخیصی برای ارزیابی اولیه؛ جایگزین پوشش فصل‌به‌فصل کتاب درسی نیست.","ترنم همدلی","original","1405"
"یازدهم","انسانی","ریاضی و آمار","ریاضی و آمار","آزمون جامع","ارزیابی پایه","هسته ۱۰ سوالی","متوسط","تقریب عدد برای چیست؟","ساده‌سازی با حفظ دقت مناسب","تغییر تصادفی مقدار","حذف عدد","تبدیل به متن","A","سؤال تألیفی تشخیصی برای ارزیابی اولیه؛ جایگزین پوشش فصل‌به‌فصل کتاب درسی نیست.","ترنم همدلی","original","1405"
"یازدهم","انسانی","ریاضی و آمار","ریاضی و آمار","آزمون جامع","ارزیابی پایه","هسته ۱۰ سوالی","متوسط","رابطه ریاضی چه چیزی را بیان می‌کند؟","ارتباط میان کمیت‌ها","نام افراد","رنگ‌ها","صدای محیط","A","سؤال تألیفی تشخیصی برای ارزیابی اولیه؛ جایگزین پوشش فصل‌به‌فصل کتاب درسی نیست.","ترنم همدلی","original","1405"
"یازدهم","انسانی","ریاضی و آمار","ریاضی و آمار","آزمون جامع","ارزیابی پایه","هسته ۱۰ سوالی","متوسط","بررسی پاسخ پس از حل چه فایده‌ای دارد؟","کشف خطای محاسبه یا استدلال","حذف پاسخ","تغییر موضوع","افزایش ابهام","A","سؤال تألیفی تشخیصی برای ارزیابی اولیه؛ جایگزین پوشش فصل‌به‌فصل کتاب درسی نیست.","ترنم همدلی","original","1405"
"یازدهم","انسانی","علوم و فنون ادبی","علوم و فنون ادبی","آزمون جامع","ارزیابی پایه","هسته ۱۰ سوالی","متوسط","درک متن بیشتر به چه نیاز دارد؟","توجه به واژه‌ها و ارتباط جمله‌ها","حفظ عنوان","شمردن کلمات","حذف مثال‌ها","A","سؤال تألیفی تشخیصی برای ارزیابی اولیه؛ جایگزین پوشش فصل‌به‌فصل کتاب درسی نیست.","ترنم همدلی","original","1405"
"یازدهم","انسانی","علوم و فنون ادبی","علوم و فنون ادبی","آزمون جامع","ارزیابی پایه","هسته ۱۰ سوالی","متوسط","واژه مترادف چیست؟","واژه هم‌معنی یا نزدیک‌معنی","واژه مخالف","واژه بی‌معنا","عدد","A","سؤال تألیفی تشخیصی برای ارزیابی اولیه؛ جایگزین پوشش فصل‌به‌فصل کتاب درسی نیست.","ترنم همدلی","original","1405"
"یازدهم","انسانی","علوم و فنون ادبی","علوم و فنون ادبی","آزمون جامع","ارزیابی پایه","هسته ۱۰ سوالی","متوسط","فعل معمولاً چه چیزی را نشان می‌دهد؟","کار یا حالت","رنگ","تعداد صفحات","علامت سؤال","A","سؤال تألیفی تشخیصی برای ارزیابی اولیه؛ جایگزین پوشش فصل‌به‌فصل کتاب درسی نیست.","ترنم همدلی","original","1405"
"یازدهم","انسانی","علوم و فنون ادبی","علوم و فنون ادبی","آزمون جامع","ارزیابی پایه","هسته ۱۰ سوالی","متوسط","عنوان مناسب چه ویژگی دارد؟","با محتوای متن ارتباط دارد","کاملاً بی‌ربط است","همیشه طولانی است","فقط عدد است","A","سؤال تألیفی تشخیصی برای ارزیابی اولیه؛ جایگزین پوشش فصل‌به‌فصل کتاب درسی نیست.","ترنم همدلی","original","1405"
"یازدهم","انسانی","علوم و فنون ادبی","علوم و فنون ادبی","آزمون جامع","ارزیابی پایه","هسته ۱۰ سوالی","متوسط","بازبینی نوشته برای چیست؟","اصلاح محتوا و نگارش","حذف همه جمله‌ها","افزایش خطا","تغییر واقعیت","A","سؤال تألیفی تشخیصی برای ارزیابی اولیه؛ جایگزین پوشش فصل‌به‌فصل کتاب درسی نیست.","ترنم همدلی","original","1405"
"یازدهم","انسانی","علوم و فنون ادبی","علوم و فنون ادبی","آزمون جامع","ارزیابی پایه","هسته ۱۰ سوالی","متوسط","پاراگراف معمولاً حول چه چیزی شکل می‌گیرد؟","یک ایده اصلی","واژه‌های تصادفی","یک علامت","یک عدد","A","سؤال تألیفی تشخیصی برای ارزیابی اولیه؛ جایگزین پوشش فصل‌به‌فصل کتاب درسی نیست.","ترنم همدلی","original","1405"
"یازدهم","انسانی","علوم و فنون ادبی","علوم و فنون ادبی","آزمون جامع","ارزیابی پایه","هسته ۱۰ سوالی","متوسط","علائم نگارشی چه کمکی می‌کنند؟","خوانایی و فهم ساختار متن","حذف معنا","تغییر موضوع","افزایش ابهام","A","سؤال تألیفی تشخیصی برای ارزیابی اولیه؛ جایگزین پوشش فصل‌به‌فصل کتاب درسی نیست.","ترنم همدلی","original","1405"
"یازدهم","انسانی","علوم و فنون ادبی","علوم و فنون ادبی","آزمون جامع","ارزیابی پایه","هسته ۱۰ سوالی","متوسط","تشبیه چه کاربردی دارد؟","بیان هنری شباهت میان دو چیز","اندازه‌گیری","حل معادله","ثبت تاریخ","A","سؤال تألیفی تشخیصی برای ارزیابی اولیه؛ جایگزین پوشش فصل‌به‌فصل کتاب درسی نیست.","ترنم همدلی","original","1405"
"یازدهم","انسانی","علوم و فنون ادبی","علوم و فنون ادبی","آزمون جامع","ارزیابی پایه","هسته ۱۰ سوالی","متوسط","خواندن فعال یعنی چه؟","پرسش، ارتباط و بررسی مفهوم","فقط سریع خواندن","حفظ بدون درک","نادیده گرفتن عنوان","A","سؤال تألیفی تشخیصی برای ارزیابی اولیه؛ جایگزین پوشش فصل‌به‌فصل کتاب درسی نیست.","ترنم همدلی","original","1405"
"یازدهم","انسانی","علوم و فنون ادبی","علوم و فنون ادبی","آزمون جامع","ارزیابی پایه","هسته ۱۰ سوالی","متوسط","نوشتن منظم چه فایده‌ای دارد؟","انتقال روشن‌تر ایده‌ها","افزایش ابهام","حذف ارتباط","کاهش خوانایی","A","سؤال تألیفی تشخیصی برای ارزیابی اولیه؛ جایگزین پوشش فصل‌به‌فصل کتاب درسی نیست.","ترنم همدلی","original","1405"
"یازدهم","انسانی","عربی تخصصی","عربی تخصصی","آزمون جامع","ارزیابی پایه","هسته ۱۰ سوالی","متوسط","فعل ماضی به چه زمانی اشاره می‌کند؟","گذشته","حال","آینده","همیشه","A","سؤال تألیفی تشخیصی برای ارزیابی اولیه؛ جایگزین پوشش فصل‌به‌فصل کتاب درسی نیست.","ترنم همدلی","original","1405"
"یازدهم","انسانی","عربی تخصصی","عربی تخصصی","آزمون جامع","ارزیابی پایه","هسته ۱۰ سوالی","متوسط","فعل مضارع معمولاً بر چه زمانی دلالت می‌کند؟","حال یا آینده","فقط گذشته","فقط گذشته دور","هیچ زمان","A","سؤال تألیفی تشخیصی برای ارزیابی اولیه؛ جایگزین پوشش فصل‌به‌فصل کتاب درسی نیست.","ترنم همدلی","original","1405"
"یازدهم","انسانی","عربی تخصصی","عربی تخصصی","آزمون جامع","ارزیابی پایه","هسته ۱۰ سوالی","متوسط","فاعل چیست؟","انجام‌دهنده کار فعل","زمان جمله","محل کار","نشانه جمع","A","سؤال تألیفی تشخیصی برای ارزیابی اولیه؛ جایگزین پوشش فصل‌به‌فصل کتاب درسی نیست.","ترنم همدلی","original","1405"
"یازدهم","انسانی","عربی تخصصی","عربی تخصصی","آزمون جامع","ارزیابی پایه","هسته ۱۰ سوالی","متوسط","مفعول‌به چیست؟","کسی یا چیزی که عمل بر او واقع می‌شود","انجام‌دهنده عمل","زمان","صفت","A","سؤال تألیفی تشخیصی برای ارزیابی اولیه؛ جایگزین پوشش فصل‌به‌فصل کتاب درسی نیست.","ترنم همدلی","original","1405"
"یازدهم","انسانی","عربی تخصصی","عربی تخصصی","آزمون جامع","ارزیابی پایه","هسته ۱۰ سوالی","متوسط","مفرد یعنی چه؟","یک فرد یا چیز","دو فرد","چند فرد","جمله کامل","A","سؤال تألیفی تشخیصی برای ارزیابی اولیه؛ جایگزین پوشش فصل‌به‌فصل کتاب درسی نیست.","ترنم همدلی","original","1405"
"یازدهم","انسانی","عربی تخصصی","عربی تخصصی","آزمون جامع","ارزیابی پایه","هسته ۱۰ سوالی","متوسط","جمع یعنی چه؟","بیش از یک","دقیقاً یک","بدون تعداد","یک فعل","A","سؤال تألیفی تشخیصی برای ارزیابی اولیه؛ جایگزین پوشش فصل‌به‌فصل کتاب درسی نیست.","ترنم همدلی","original","1405"
"یازدهم","انسانی","عربی تخصصی","عربی تخصصی","آزمون جامع","ارزیابی پایه","هسته ۱۰ سوالی","متوسط","ترجمه درست به چه نیاز دارد؟","شناخت واژه و ساختار جمله","حدس یک واژه","حذف فعل","تغییر معنا","A","سؤال تألیفی تشخیصی برای ارزیابی اولیه؛ جایگزین پوشش فصل‌به‌فصل کتاب درسی نیست.","ترنم همدلی","original","1405"
"یازدهم","انسانی","عربی تخصصی","عربی تخصصی","آزمون جامع","ارزیابی پایه","هسته ۱۰ سوالی","متوسط","اسم چه چیزی می‌تواند باشد؟","نام شخص، چیز یا مفهوم","فقط فعل","فقط حرف","فقط عدد","A","سؤال تألیفی تشخیصی برای ارزیابی اولیه؛ جایگزین پوشش فصل‌به‌فصل کتاب درسی نیست.","ترنم همدلی","original","1405"
"یازدهم","انسانی","عربی تخصصی","عربی تخصصی","آزمون جامع","ارزیابی پایه","هسته ۱۰ سوالی","متوسط","معنا در ترجمه باید چگونه حفظ شود؟","متناسب با کل جمله","با حذف فعل","با تغییر فاعل","با حذف واژه‌های مهم","A","سؤال تألیفی تشخیصی برای ارزیابی اولیه؛ جایگزین پوشش فصل‌به‌فصل کتاب درسی نیست.","ترنم همدلی","original","1405"
"یازدهم","انسانی","عربی تخصصی","عربی تخصصی","آزمون جامع","ارزیابی پایه","هسته ۱۰ سوالی","متوسط","یادگیری واژه‌ها در بافت جمله چه فایده‌ای دارد؟","درک بهتر کاربرد و معنا","حذف معنی","افزایش ابهام","تغییر دستور","A","سؤال تألیفی تشخیصی برای ارزیابی اولیه؛ جایگزین پوشش فصل‌به‌فصل کتاب درسی نیست.","ترنم همدلی","original","1405"
"یازدهم","انسانی","فلسفه","فلسفه","آزمون جامع","ارزیابی پایه","هسته ۱۰ سوالی","متوسط","جامعه‌شناسی چه چیزی را بررسی می‌کند؟","روابط و پدیده‌های اجتماعی","واکنش شیمیایی","حرکت اجسام","ساختار اتم","A","سؤال تألیفی تشخیصی برای ارزیابی اولیه؛ جایگزین پوشش فصل‌به‌فصل کتاب درسی نیست.","ترنم همدلی","original","1405"
"یازدهم","انسانی","فلسفه","فلسفه","آزمون جامع","ارزیابی پایه","هسته ۱۰ سوالی","متوسط","اقتصاد چه چیزی را بررسی می‌کند؟","تولید، توزیع و مصرف منابع کمیاب","ادبیات","آب‌وهوا","بدن انسان","A","سؤال تألیفی تشخیصی برای ارزیابی اولیه؛ جایگزین پوشش فصل‌به‌فصل کتاب درسی نیست.","ترنم همدلی","original","1405"
"یازدهم","انسانی","فلسفه","فلسفه","آزمون جامع","ارزیابی پایه","هسته ۱۰ سوالی","متوسط","منطق به چه چیزی کمک می‌کند؟","درست اندیشیدن و ارزیابی استدلال","اندازه‌گیری دما","واکنش شیمیایی","نقاشی","A","سؤال تألیفی تشخیصی برای ارزیابی اولیه؛ جایگزین پوشش فصل‌به‌فصل کتاب درسی نیست.","ترنم همدلی","original","1405"
"یازدهم","انسانی","فلسفه","فلسفه","آزمون جامع","ارزیابی پایه","هسته ۱۰ سوالی","متوسط","فلسفه بیشتر با چه پرسش‌هایی سروکار دارد؟","پرسش‌های بنیادی درباره هستی و شناخت","محاسبات","آزمایشگاه","ورزش","A","سؤال تألیفی تشخیصی برای ارزیابی اولیه؛ جایگزین پوشش فصل‌به‌فصل کتاب درسی نیست.","ترنم همدلی","original","1405"
"یازدهم","انسانی","فلسفه","فلسفه","آزمون جامع","ارزیابی پایه","هسته ۱۰ سوالی","متوسط","روان‌شناسی چه چیزی را مطالعه می‌کند؟","رفتار و فرایندهای ذهنی","اقتصاد","تاریخ","جغرافیا","A","سؤال تألیفی تشخیصی برای ارزیابی اولیه؛ جایگزین پوشش فصل‌به‌فصل کتاب درسی نیست.","ترنم همدلی","original","1405"
"یازدهم","انسانی","فلسفه","فلسفه","آزمون جامع","ارزیابی پایه","هسته ۱۰ سوالی","متوسط","تاریخ چگونه بررسی می‌شود؟","با رویدادها و شواهد گذشته","پیش‌بینی هوا","ساختار اتم","معادله","A","سؤال تألیفی تشخیصی برای ارزیابی اولیه؛ جایگزین پوشش فصل‌به‌فصل کتاب درسی نیست.","ترنم همدلی","original","1405"
"یازدهم","انسانی","فلسفه","فلسفه","آزمون جامع","ارزیابی پایه","هسته ۱۰ سوالی","متوسط","جغرافیا چه چیزی را بررسی می‌کند؟","پدیده‌های مکانی و رابطه انسان و محیط","شعر","واکنش شیمیایی","زیست سلولی","A","سؤال تألیفی تشخیصی برای ارزیابی اولیه؛ جایگزین پوشش فصل‌به‌فصل کتاب درسی نیست.","ترنم همدلی","original","1405"
"یازدهم","انسانی","فلسفه","فلسفه","آزمون جامع","ارزیابی پایه","هسته ۱۰ سوالی","متوسط","علوم و فنون ادبی با چه چیزی سروکار دارد؟","زبان و عناصر ادبی و هنری متن","فیزیک","جغرافیا","زیست","A","سؤال تألیفی تشخیصی برای ارزیابی اولیه؛ جایگزین پوشش فصل‌به‌فصل کتاب درسی نیست.","ترنم همدلی","original","1405"
"یازدهم","انسانی","فلسفه","فلسفه","آزمون جامع","ارزیابی پایه","هسته ۱۰ سوالی","متوسط","کنش اجتماعی چیست؟","رفتاری که با توجه به دیگران معنا پیدا می‌کند","حرکت عضلانی","واکنش شیمیایی","عدد","A","سؤال تألیفی تشخیصی برای ارزیابی اولیه؛ جایگزین پوشش فصل‌به‌فصل کتاب درسی نیست.","ترنم همدلی","original","1405"
"یازدهم","انسانی","فلسفه","فلسفه","آزمون جامع","ارزیابی پایه","هسته ۱۰ سوالی","متوسط","تحلیل پدیده انسانی بهتر است بر چه چیزی تکیه کند؟","مفهوم، شواهد و استدلال","حدس","شایعه","یک نمونه بدون بررسی","A","سؤال تألیفی تشخیصی برای ارزیابی اولیه؛ جایگزین پوشش فصل‌به‌فصل کتاب درسی نیست.","ترنم همدلی","original","1405"
"یازدهم","انسانی","تاریخ","تاریخ","آزمون جامع","ارزیابی پایه","هسته ۱۰ سوالی","متوسط","قانون چه نقشی دارد؟","تنظیم روابط و حقوق","ایجاد بی‌نظمی","حذف مسئولیت","تغییر آب‌وهوا","A","سؤال تألیفی تشخیصی برای ارزیابی اولیه؛ جایگزین پوشش فصل‌به‌فصل کتاب درسی نیست.","ترنم همدلی","original","1405"
"یازدهم","انسانی","تاریخ","تاریخ","آزمون جامع","ارزیابی پایه","هسته ۱۰ سوالی","متوسط","شهروند مسئول چه می‌کند؟","حقوق دیگران و وظایف خود را رعایت می‌کند","قانون را نادیده می‌گیرد","فقط مطالبه می‌کند","به محیط آسیب می‌زند","A","سؤال تألیفی تشخیصی برای ارزیابی اولیه؛ جایگزین پوشش فصل‌به‌فصل کتاب درسی نیست.","ترنم همدلی","original","1405"
"یازدهم","انسانی","تاریخ","تاریخ","آزمون جامع","ارزیابی پایه","هسته ۱۰ سوالی","متوسط","نقشه برای چه مفید است؟","نمایش موقعیت‌های مکانی","اندازه‌گیری دما","تشخیص صدا","محاسبه سن","A","سؤال تألیفی تشخیصی برای ارزیابی اولیه؛ جایگزین پوشش فصل‌به‌فصل کتاب درسی نیست.","ترنم همدلی","original","1405"
"یازدهم","انسانی","تاریخ","تاریخ","آزمون جامع","ارزیابی پایه","هسته ۱۰ سوالی","متوسط","منبع تاریخی چه فایده‌ای دارد؟","شواهدی برای شناخت گذشته فراهم می‌کند","همیشه قطعی است","فقط سرگرمی است","هیچ ارزشی ندارد","A","سؤال تألیفی تشخیصی برای ارزیابی اولیه؛ جایگزین پوشش فصل‌به‌فصل کتاب درسی نیست.","ترنم همدلی","original","1405"
"یازدهم","انسانی","تاریخ","تاریخ","آزمون جامع","ارزیابی پایه","هسته ۱۰ سوالی","متوسط","فرهنگ شامل چیست؟","ارزش‌ها، هنجارها و نمادها","فقط ساختمان","فقط پول","فقط آب‌وهوا","A","سؤال تألیفی تشخیصی برای ارزیابی اولیه؛ جایگزین پوشش فصل‌به‌فصل کتاب درسی نیست.","ترنم همدلی","original","1405"
"یازدهم","انسانی","تاریخ","تاریخ","آزمون جامع","ارزیابی پایه","هسته ۱۰ سوالی","متوسط","جمعیت یعنی چه؟","تعداد افراد یک محدوده","تعداد ساختمان","مساحت کشور","تعداد رودها","A","سؤال تألیفی تشخیصی برای ارزیابی اولیه؛ جایگزین پوشش فصل‌به‌فصل کتاب درسی نیست.","ترنم همدلی","original","1405"
"یازدهم","انسانی","تاریخ","تاریخ","آزمون جامع","ارزیابی پایه","هسته ۱۰ سوالی","متوسط","مهاجرت چیست؟","جابه‌جایی افراد برای سکونت","تغییر فصل","حرکت زمین","تغییر زبان","A","سؤال تألیفی تشخیصی برای ارزیابی اولیه؛ جایگزین پوشش فصل‌به‌فصل کتاب درسی نیست.","ترنم همدلی","original","1405"
"یازدهم","انسانی","تاریخ","تاریخ","آزمون جامع","ارزیابی پایه","هسته ۱۰ سوالی","متوسط","همکاری اجتماعی چه فایده‌ای دارد؟","حل بهتر مسائل مشترک","حذف مسئولیت","بی‌نیازی از قانون","افزایش قطعی تعارض","A","سؤال تألیفی تشخیصی برای ارزیابی اولیه؛ جایگزین پوشش فصل‌به‌فصل کتاب درسی نیست.","ترنم همدلی","original","1405"
"یازدهم","انسانی","تاریخ","تاریخ","آزمون جامع","ارزیابی پایه","هسته ۱۰ سوالی","متوسط","توسعه پایدار بر چه چیزی تأکید دارد؟","توجه به نیاز امروز و آینده","مصرف بی‌حد","حذف طبیعت","نادیده گرفتن نسل آینده","A","سؤال تألیفی تشخیصی برای ارزیابی اولیه؛ جایگزین پوشش فصل‌به‌فصل کتاب درسی نیست.","ترنم همدلی","original","1405"
"یازدهم","انسانی","تاریخ","تاریخ","آزمون جامع","ارزیابی پایه","هسته ۱۰ سوالی","متوسط","پدیده‌های اجتماعی را بهتر است چگونه بررسی کرد؟","با مفهوم، شواهد و توجه به زمینه","با یک شایعه","با حدس تنها","بدون داده","A","سؤال تألیفی تشخیصی برای ارزیابی اولیه؛ جایگزین پوشش فصل‌به‌فصل کتاب درسی نیست.","ترنم همدلی","original","1405"
"یازدهم","انسانی","جغرافیا","جغرافیا","آزمون جامع","ارزیابی پایه","هسته ۱۰ سوالی","متوسط","قانون چه نقشی دارد؟","تنظیم روابط و حقوق","ایجاد بی‌نظمی","حذف مسئولیت","تغییر آب‌وهوا","A","سؤال تألیفی تشخیصی برای ارزیابی اولیه؛ جایگزین پوشش فصل‌به‌فصل کتاب درسی نیست.","ترنم همدلی","original","1405"
"یازدهم","انسانی","جغرافیا","جغرافیا","آزمون جامع","ارزیابی پایه","هسته ۱۰ سوالی","متوسط","شهروند مسئول چه می‌کند؟","حقوق دیگران و وظایف خود را رعایت می‌کند","قانون را نادیده می‌گیرد","فقط مطالبه می‌کند","به محیط آسیب می‌زند","A","سؤال تألیفی تشخیصی برای ارزیابی اولیه؛ جایگزین پوشش فصل‌به‌فصل کتاب درسی نیست.","ترنم همدلی","original","1405"
"یازدهم","انسانی","جغرافیا","جغرافیا","آزمون جامع","ارزیابی پایه","هسته ۱۰ سوالی","متوسط","نقشه برای چه مفید است؟","نمایش موقعیت‌های مکانی","اندازه‌گیری دما","تشخیص صدا","محاسبه سن","A","سؤال تألیفی تشخیصی برای ارزیابی اولیه؛ جایگزین پوشش فصل‌به‌فصل کتاب درسی نیست.","ترنم همدلی","original","1405"
"یازدهم","انسانی","جغرافیا","جغرافیا","آزمون جامع","ارزیابی پایه","هسته ۱۰ سوالی","متوسط","منبع تاریخی چه فایده‌ای دارد؟","شواهدی برای شناخت گذشته فراهم می‌کند","همیشه قطعی است","فقط سرگرمی است","هیچ ارزشی ندارد","A","سؤال تألیفی تشخیصی برای ارزیابی اولیه؛ جایگزین پوشش فصل‌به‌فصل کتاب درسی نیست.","ترنم همدلی","original","1405"
"یازدهم","انسانی","جغرافیا","جغرافیا","آزمون جامع","ارزیابی پایه","هسته ۱۰ سوالی","متوسط","فرهنگ شامل چیست؟","ارزش‌ها، هنجارها و نمادها","فقط ساختمان","فقط پول","فقط آب‌وهوا","A","سؤال تألیفی تشخیصی برای ارزیابی اولیه؛ جایگزین پوشش فصل‌به‌فصل کتاب درسی نیست.","ترنم همدلی","original","1405"
"یازدهم","انسانی","جغرافیا","جغرافیا","آزمون جامع","ارزیابی پایه","هسته ۱۰ سوالی","متوسط","جمعیت یعنی چه؟","تعداد افراد یک محدوده","تعداد ساختمان","مساحت کشور","تعداد رودها","A","سؤال تألیفی تشخیصی برای ارزیابی اولیه؛ جایگزین پوشش فصل‌به‌فصل کتاب درسی نیست.","ترنم همدلی","original","1405"
"یازدهم","انسانی","جغرافیا","جغرافیا","آزمون جامع","ارزیابی پایه","هسته ۱۰ سوالی","متوسط","مهاجرت چیست؟","جابه‌جایی افراد برای سکونت","تغییر فصل","حرکت زمین","تغییر زبان","A","سؤال تألیفی تشخیصی برای ارزیابی اولیه؛ جایگزین پوشش فصل‌به‌فصل کتاب درسی نیست.","ترنم همدلی","original","1405"
"یازدهم","انسانی","جغرافیا","جغرافیا","آزمون جامع","ارزیابی پایه","هسته ۱۰ سوالی","متوسط","همکاری اجتماعی چه فایده‌ای دارد؟","حل بهتر مسائل مشترک","حذف مسئولیت","بی‌نیازی از قانون","افزایش قطعی تعارض","A","سؤال تألیفی تشخیصی برای ارزیابی اولیه؛ جایگزین پوشش فصل‌به‌فصل کتاب درسی نیست.","ترنم همدلی","original","1405"
"یازدهم","انسانی","جغرافیا","جغرافیا","آزمون جامع","ارزیابی پایه","هسته ۱۰ سوالی","متوسط","توسعه پایدار بر چه چیزی تأکید دارد؟","توجه به نیاز امروز و آینده","مصرف بی‌حد","حذف طبیعت","نادیده گرفتن نسل آینده","A","سؤال تألیفی تشخیصی برای ارزیابی اولیه؛ جایگزین پوشش فصل‌به‌فصل کتاب درسی نیست.","ترنم همدلی","original","1405"
"یازدهم","انسانی","جغرافیا","جغرافیا","آزمون جامع","ارزیابی پایه","هسته ۱۰ سوالی","متوسط","پدیده‌های اجتماعی را بهتر است چگونه بررسی کرد؟","با مفهوم، شواهد و توجه به زمینه","با یک شایعه","با حدس تنها","بدون داده","A","سؤال تألیفی تشخیصی برای ارزیابی اولیه؛ جایگزین پوشش فصل‌به‌فصل کتاب درسی نیست.","ترنم همدلی","original","1405"
"یازدهم","انسانی","جامعه‌شناسی","جامعه‌شناسی","آزمون جامع","ارزیابی پایه","هسته ۱۰ سوالی","متوسط","جامعه‌شناسی چه چیزی را بررسی می‌کند؟","روابط و پدیده‌های اجتماعی","واکنش شیمیایی","حرکت اجسام","ساختار اتم","A","سؤال تألیفی تشخیصی برای ارزیابی اولیه؛ جایگزین پوشش فصل‌به‌فصل کتاب درسی نیست.","ترنم همدلی","original","1405"
"یازدهم","انسانی","جامعه‌شناسی","جامعه‌شناسی","آزمون جامع","ارزیابی پایه","هسته ۱۰ سوالی","متوسط","اقتصاد چه چیزی را بررسی می‌کند؟","تولید، توزیع و مصرف منابع کمیاب","ادبیات","آب‌وهوا","بدن انسان","A","سؤال تألیفی تشخیصی برای ارزیابی اولیه؛ جایگزین پوشش فصل‌به‌فصل کتاب درسی نیست.","ترنم همدلی","original","1405"
"یازدهم","انسانی","جامعه‌شناسی","جامعه‌شناسی","آزمون جامع","ارزیابی پایه","هسته ۱۰ سوالی","متوسط","منطق به چه چیزی کمک می‌کند؟","درست اندیشیدن و ارزیابی استدلال","اندازه‌گیری دما","واکنش شیمیایی","نقاشی","A","سؤال تألیفی تشخیصی برای ارزیابی اولیه؛ جایگزین پوشش فصل‌به‌فصل کتاب درسی نیست.","ترنم همدلی","original","1405"
"یازدهم","انسانی","جامعه‌شناسی","جامعه‌شناسی","آزمون جامع","ارزیابی پایه","هسته ۱۰ سوالی","متوسط","فلسفه بیشتر با چه پرسش‌هایی سروکار دارد؟","پرسش‌های بنیادی درباره هستی و شناخت","محاسبات","آزمایشگاه","ورزش","A","سؤال تألیفی تشخیصی برای ارزیابی اولیه؛ جایگزین پوشش فصل‌به‌فصل کتاب درسی نیست.","ترنم همدلی","original","1405"
"یازدهم","انسانی","جامعه‌شناسی","جامعه‌شناسی","آزمون جامع","ارزیابی پایه","هسته ۱۰ سوالی","متوسط","روان‌شناسی چه چیزی را مطالعه می‌کند؟","رفتار و فرایندهای ذهنی","اقتصاد","تاریخ","جغرافیا","A","سؤال تألیفی تشخیصی برای ارزیابی اولیه؛ جایگزین پوشش فصل‌به‌فصل کتاب درسی نیست.","ترنم همدلی","original","1405"
"یازدهم","انسانی","جامعه‌شناسی","جامعه‌شناسی","آزمون جامع","ارزیابی پایه","هسته ۱۰ سوالی","متوسط","تاریخ چگونه بررسی می‌شود؟","با رویدادها و شواهد گذشته","پیش‌بینی هوا","ساختار اتم","معادله","A","سؤال تألیفی تشخیصی برای ارزیابی اولیه؛ جایگزین پوشش فصل‌به‌فصل کتاب درسی نیست.","ترنم همدلی","original","1405"
"یازدهم","انسانی","جامعه‌شناسی","جامعه‌شناسی","آزمون جامع","ارزیابی پایه","هسته ۱۰ سوالی","متوسط","جغرافیا چه چیزی را بررسی می‌کند؟","پدیده‌های مکانی و رابطه انسان و محیط","شعر","واکنش شیمیایی","زیست سلولی","A","سؤال تألیفی تشخیصی برای ارزیابی اولیه؛ جایگزین پوشش فصل‌به‌فصل کتاب درسی نیست.","ترنم همدلی","original","1405"
"یازدهم","انسانی","جامعه‌شناسی","جامعه‌شناسی","آزمون جامع","ارزیابی پایه","هسته ۱۰ سوالی","متوسط","علوم و فنون ادبی با چه چیزی سروکار دارد؟","زبان و عناصر ادبی و هنری متن","فیزیک","جغرافیا","زیست","A","سؤال تألیفی تشخیصی برای ارزیابی اولیه؛ جایگزین پوشش فصل‌به‌فصل کتاب درسی نیست.","ترنم همدلی","original","1405"
"یازدهم","انسانی","جامعه‌شناسی","جامعه‌شناسی","آزمون جامع","ارزیابی پایه","هسته ۱۰ سوالی","متوسط","کنش اجتماعی چیست؟","رفتاری که با توجه به دیگران معنا پیدا می‌کند","حرکت عضلانی","واکنش شیمیایی","عدد","A","سؤال تألیفی تشخیصی برای ارزیابی اولیه؛ جایگزین پوشش فصل‌به‌فصل کتاب درسی نیست.","ترنم همدلی","original","1405"
"یازدهم","انسانی","جامعه‌شناسی","جامعه‌شناسی","آزمون جامع","ارزیابی پایه","هسته ۱۰ سوالی","متوسط","تحلیل پدیده انسانی بهتر است بر چه چیزی تکیه کند؟","مفهوم، شواهد و استدلال","حدس","شایعه","یک نمونه بدون بررسی","A","سؤال تألیفی تشخیصی برای ارزیابی اولیه؛ جایگزین پوشش فصل‌به‌فصل کتاب درسی نیست.","ترنم همدلی","original","1405"
"یازدهم","انسانی","روان‌شناسی","روان‌شناسی","آزمون جامع","ارزیابی پایه","هسته ۱۰ سوالی","متوسط","جامعه‌شناسی چه چیزی را بررسی می‌کند؟","روابط و پدیده‌های اجتماعی","واکنش شیمیایی","حرکت اجسام","ساختار اتم","A","سؤال تألیفی تشخیصی برای ارزیابی اولیه؛ جایگزین پوشش فصل‌به‌فصل کتاب درسی نیست.","ترنم همدلی","original","1405"
"یازدهم","انسانی","روان‌شناسی","روان‌شناسی","آزمون جامع","ارزیابی پایه","هسته ۱۰ سوالی","متوسط","اقتصاد چه چیزی را بررسی می‌کند؟","تولید، توزیع و مصرف منابع کمیاب","ادبیات","آب‌وهوا","بدن انسان","A","سؤال تألیفی تشخیصی برای ارزیابی اولیه؛ جایگزین پوشش فصل‌به‌فصل کتاب درسی نیست.","ترنم همدلی","original","1405"
"یازدهم","انسانی","روان‌شناسی","روان‌شناسی","آزمون جامع","ارزیابی پایه","هسته ۱۰ سوالی","متوسط","منطق به چه چیزی کمک می‌کند؟","درست اندیشیدن و ارزیابی استدلال","اندازه‌گیری دما","واکنش شیمیایی","نقاشی","A","سؤال تألیفی تشخیصی برای ارزیابی اولیه؛ جایگزین پوشش فصل‌به‌فصل کتاب درسی نیست.","ترنم همدلی","original","1405"
"یازدهم","انسانی","روان‌شناسی","روان‌شناسی","آزمون جامع","ارزیابی پایه","هسته ۱۰ سوالی","متوسط","فلسفه بیشتر با چه پرسش‌هایی سروکار دارد؟","پرسش‌های بنیادی درباره هستی و شناخت","محاسبات","آزمایشگاه","ورزش","A","سؤال تألیفی تشخیصی برای ارزیابی اولیه؛ جایگزین پوشش فصل‌به‌فصل کتاب درسی نیست.","ترنم همدلی","original","1405"
"یازدهم","انسانی","روان‌شناسی","روان‌شناسی","آزمون جامع","ارزیابی پایه","هسته ۱۰ سوالی","متوسط","روان‌شناسی چه چیزی را مطالعه می‌کند؟","رفتار و فرایندهای ذهنی","اقتصاد","تاریخ","جغرافیا","A","سؤال تألیفی تشخیصی برای ارزیابی اولیه؛ جایگزین پوشش فصل‌به‌فصل کتاب درسی نیست.","ترنم همدلی","original","1405"
"یازدهم","انسانی","روان‌شناسی","روان‌شناسی","آزمون جامع","ارزیابی پایه","هسته ۱۰ سوالی","متوسط","تاریخ چگونه بررسی می‌شود؟","با رویدادها و شواهد گذشته","پیش‌بینی هوا","ساختار اتم","معادله","A","سؤال تألیفی تشخیصی برای ارزیابی اولیه؛ جایگزین پوشش فصل‌به‌فصل کتاب درسی نیست.","ترنم همدلی","original","1405"
"یازدهم","انسانی","روان‌شناسی","روان‌شناسی","آزمون جامع","ارزیابی پایه","هسته ۱۰ سوالی","متوسط","جغرافیا چه چیزی را بررسی می‌کند؟","پدیده‌های مکانی و رابطه انسان و محیط","شعر","واکنش شیمیایی","زیست سلولی","A","سؤال تألیفی تشخیصی برای ارزیابی اولیه؛ جایگزین پوشش فصل‌به‌فصل کتاب درسی نیست.","ترنم همدلی","original","1405"
"یازدهم","انسانی","روان‌شناسی","روان‌شناسی","آزمون جامع","ارزیابی پایه","هسته ۱۰ سوالی","متوسط","علوم و فنون ادبی با چه چیزی سروکار دارد؟","زبان و عناصر ادبی و هنری متن","فیزیک","جغرافیا","زیست","A","سؤال تألیفی تشخیصی برای ارزیابی اولیه؛ جایگزین پوشش فصل‌به‌فصل کتاب درسی نیست.","ترنم همدلی","original","1405"
"یازدهم","انسانی","روان‌شناسی","روان‌شناسی","آزمون جامع","ارزیابی پایه","هسته ۱۰ سوالی","متوسط","کنش اجتماعی چیست؟","رفتاری که با توجه به دیگران معنا پیدا می‌کند","حرکت عضلانی","واکنش شیمیایی","عدد","A","سؤال تألیفی تشخیصی برای ارزیابی اولیه؛ جایگزین پوشش فصل‌به‌فصل کتاب درسی نیست.","ترنم همدلی","original","1405"
"یازدهم","انسانی","روان‌شناسی","روان‌شناسی","آزمون جامع","ارزیابی پایه","هسته ۱۰ سوالی","متوسط","تحلیل پدیده انسانی بهتر است بر چه چیزی تکیه کند؟","مفهوم، شواهد و استدلال","حدس","شایعه","یک نمونه بدون بررسی","A","سؤال تألیفی تشخیصی برای ارزیابی اولیه؛ جایگزین پوشش فصل‌به‌فصل کتاب درسی نیست.","ترنم همدلی","original","1405"
"دوازدهم","انسانی","ریاضی و آمار","ریاضی و آمار","آزمون جامع","ارزیابی پایه","هسته ۱۰ سوالی","متوسط","کدام گزینه یک مفهوم پایه در این درس است؟","تعریف و رابطه بین کمیت‌ها","رنگ","صدا","بو","A","سؤال تألیفی تشخیصی برای ارزیابی اولیه؛ جایگزین پوشش فصل‌به‌فصل کتاب درسی نیست.","ترنم همدلی","original","1405"
"دوازدهم","انسانی","ریاضی و آمار","ریاضی و آمار","آزمون جامع","ارزیابی پایه","هسته ۱۰ سوالی","متوسط","حل مرحله‌ای مسئله چه فایده‌ای دارد؟","کاهش خطا و امکان بررسی مسیر حل","حذف داده","افزایش ابهام","تغییر موضوع","A","سؤال تألیفی تشخیصی برای ارزیابی اولیه؛ جایگزین پوشش فصل‌به‌فصل کتاب درسی نیست.","ترنم همدلی","original","1405"
"دوازدهم","انسانی","ریاضی و آمار","ریاضی و آمار","آزمون جامع","ارزیابی پایه","هسته ۱۰ سوالی","متوسط","میانگین برای چه کاری به‌کار می‌رود؟","خلاصه‌کردن مجموعه‌ای از داده‌ها","اندازه‌گیری دما","تشخیص صدا","تعیین رنگ","A","سؤال تألیفی تشخیصی برای ارزیابی اولیه؛ جایگزین پوشش فصل‌به‌فصل کتاب درسی نیست.","ترنم همدلی","original","1405"
"دوازدهم","انسانی","ریاضی و آمار","ریاضی و آمار","آزمون جامع","ارزیابی پایه","هسته ۱۰ سوالی","متوسط","احتمال رویداد قطعی چیست؟","۱","۰","۰٫۵","۲","A","سؤال تألیفی تشخیصی برای ارزیابی اولیه؛ جایگزین پوشش فصل‌به‌فصل کتاب درسی نیست.","ترنم همدلی","original","1405"
"دوازدهم","انسانی","ریاضی و آمار","ریاضی و آمار","آزمون جامع","ارزیابی پایه","هسته ۱۰ سوالی","متوسط","نمودار چه کمکی می‌کند؟","نمایش و مقایسه داده‌ها","حذف داده","تغییر سؤال","حذف واحد","A","سؤال تألیفی تشخیصی برای ارزیابی اولیه؛ جایگزین پوشش فصل‌به‌فصل کتاب درسی نیست.","ترنم همدلی","original","1405"
"دوازدهم","انسانی","ریاضی و آمار","ریاضی و آمار","آزمون جامع","ارزیابی پایه","هسته ۱۰ سوالی","متوسط","واحد اندازه‌گیری چه اهمیتی دارد؟","امکان مقایسه و بیان دقیق مقدار","تغییر نتیجه","حذف عدد","افزایش ابهام","A","سؤال تألیفی تشخیصی برای ارزیابی اولیه؛ جایگزین پوشش فصل‌به‌فصل کتاب درسی نیست.","ترنم همدلی","original","1405"
"دوازدهم","انسانی","ریاضی و آمار","ریاضی و آمار","آزمون جامع","ارزیابی پایه","هسته ۱۰ سوالی","متوسط","برای حل یک مسئله ابتدا چه باید کرد؟","شناخت داده‌ها و خواسته","حدس پاسخ","حذف صورت مسئله","تغییر واحد بدون دلیل","A","سؤال تألیفی تشخیصی برای ارزیابی اولیه؛ جایگزین پوشش فصل‌به‌فصل کتاب درسی نیست.","ترنم همدلی","original","1405"
"دوازدهم","انسانی","ریاضی و آمار","ریاضی و آمار","آزمون جامع","ارزیابی پایه","هسته ۱۰ سوالی","متوسط","تقریب عدد برای چیست؟","ساده‌سازی با حفظ دقت مناسب","تغییر تصادفی مقدار","حذف عدد","تبدیل به متن","A","سؤال تألیفی تشخیصی برای ارزیابی اولیه؛ جایگزین پوشش فصل‌به‌فصل کتاب درسی نیست.","ترنم همدلی","original","1405"
"دوازدهم","انسانی","ریاضی و آمار","ریاضی و آمار","آزمون جامع","ارزیابی پایه","هسته ۱۰ سوالی","متوسط","رابطه ریاضی چه چیزی را بیان می‌کند؟","ارتباط میان کمیت‌ها","نام افراد","رنگ‌ها","صدای محیط","A","سؤال تألیفی تشخیصی برای ارزیابی اولیه؛ جایگزین پوشش فصل‌به‌فصل کتاب درسی نیست.","ترنم همدلی","original","1405"
"دوازدهم","انسانی","ریاضی و آمار","ریاضی و آمار","آزمون جامع","ارزیابی پایه","هسته ۱۰ سوالی","متوسط","بررسی پاسخ پس از حل چه فایده‌ای دارد؟","کشف خطای محاسبه یا استدلال","حذف پاسخ","تغییر موضوع","افزایش ابهام","A","سؤال تألیفی تشخیصی برای ارزیابی اولیه؛ جایگزین پوشش فصل‌به‌فصل کتاب درسی نیست.","ترنم همدلی","original","1405"
"دوازدهم","انسانی","علوم و فنون ادبی","علوم و فنون ادبی","آزمون جامع","ارزیابی پایه","هسته ۱۰ سوالی","متوسط","درک متن بیشتر به چه نیاز دارد؟","توجه به واژه‌ها و ارتباط جمله‌ها","حفظ عنوان","شمردن کلمات","حذف مثال‌ها","A","سؤال تألیفی تشخیصی برای ارزیابی اولیه؛ جایگزین پوشش فصل‌به‌فصل کتاب درسی نیست.","ترنم همدلی","original","1405"
"دوازدهم","انسانی","علوم و فنون ادبی","علوم و فنون ادبی","آزمون جامع","ارزیابی پایه","هسته ۱۰ سوالی","متوسط","واژه مترادف چیست؟","واژه هم‌معنی یا نزدیک‌معنی","واژه مخالف","واژه بی‌معنا","عدد","A","سؤال تألیفی تشخیصی برای ارزیابی اولیه؛ جایگزین پوشش فصل‌به‌فصل کتاب درسی نیست.","ترنم همدلی","original","1405"
"دوازدهم","انسانی","علوم و فنون ادبی","علوم و فنون ادبی","آزمون جامع","ارزیابی پایه","هسته ۱۰ سوالی","متوسط","فعل معمولاً چه چیزی را نشان می‌دهد؟","کار یا حالت","رنگ","تعداد صفحات","علامت سؤال","A","سؤال تألیفی تشخیصی برای ارزیابی اولیه؛ جایگزین پوشش فصل‌به‌فصل کتاب درسی نیست.","ترنم همدلی","original","1405"
"دوازدهم","انسانی","علوم و فنون ادبی","علوم و فنون ادبی","آزمون جامع","ارزیابی پایه","هسته ۱۰ سوالی","متوسط","عنوان مناسب چه ویژگی دارد؟","با محتوای متن ارتباط دارد","کاملاً بی‌ربط است","همیشه طولانی است","فقط عدد است","A","سؤال تألیفی تشخیصی برای ارزیابی اولیه؛ جایگزین پوشش فصل‌به‌فصل کتاب درسی نیست.","ترنم همدلی","original","1405"
"دوازدهم","انسانی","علوم و فنون ادبی","علوم و فنون ادبی","آزمون جامع","ارزیابی پایه","هسته ۱۰ سوالی","متوسط","بازبینی نوشته برای چیست؟","اصلاح محتوا و نگارش","حذف همه جمله‌ها","افزایش خطا","تغییر واقعیت","A","سؤال تألیفی تشخیصی برای ارزیابی اولیه؛ جایگزین پوشش فصل‌به‌فصل کتاب درسی نیست.","ترنم همدلی","original","1405"
"دوازدهم","انسانی","علوم و فنون ادبی","علوم و فنون ادبی","آزمون جامع","ارزیابی پایه","هسته ۱۰ سوالی","متوسط","پاراگراف معمولاً حول چه چیزی شکل می‌گیرد؟","یک ایده اصلی","واژه‌های تصادفی","یک علامت","یک عدد","A","سؤال تألیفی تشخیصی برای ارزیابی اولیه؛ جایگزین پوشش فصل‌به‌فصل کتاب درسی نیست.","ترنم همدلی","original","1405"
"دوازدهم","انسانی","علوم و فنون ادبی","علوم و فنون ادبی","آزمون جامع","ارزیابی پایه","هسته ۱۰ سوالی","متوسط","علائم نگارشی چه کمکی می‌کنند؟","خوانایی و فهم ساختار متن","حذف معنا","تغییر موضوع","افزایش ابهام","A","سؤال تألیفی تشخیصی برای ارزیابی اولیه؛ جایگزین پوشش فصل‌به‌فصل کتاب درسی نیست.","ترنم همدلی","original","1405"
"دوازدهم","انسانی","علوم و فنون ادبی","علوم و فنون ادبی","آزمون جامع","ارزیابی پایه","هسته ۱۰ سوالی","متوسط","تشبیه چه کاربردی دارد؟","بیان هنری شباهت میان دو چیز","اندازه‌گیری","حل معادله","ثبت تاریخ","A","سؤال تألیفی تشخیصی برای ارزیابی اولیه؛ جایگزین پوشش فصل‌به‌فصل کتاب درسی نیست.","ترنم همدلی","original","1405"
"دوازدهم","انسانی","علوم و فنون ادبی","علوم و فنون ادبی","آزمون جامع","ارزیابی پایه","هسته ۱۰ سوالی","متوسط","خواندن فعال یعنی چه؟","پرسش، ارتباط و بررسی مفهوم","فقط سریع خواندن","حفظ بدون درک","نادیده گرفتن عنوان","A","سؤال تألیفی تشخیصی برای ارزیابی اولیه؛ جایگزین پوشش فصل‌به‌فصل کتاب درسی نیست.","ترنم همدلی","original","1405"
"دوازدهم","انسانی","علوم و فنون ادبی","علوم و فنون ادبی","آزمون جامع","ارزیابی پایه","هسته ۱۰ سوالی","متوسط","نوشتن منظم چه فایده‌ای دارد؟","انتقال روشن‌تر ایده‌ها","افزایش ابهام","حذف ارتباط","کاهش خوانایی","A","سؤال تألیفی تشخیصی برای ارزیابی اولیه؛ جایگزین پوشش فصل‌به‌فصل کتاب درسی نیست.","ترنم همدلی","original","1405"
"دوازدهم","انسانی","عربی تخصصی","عربی تخصصی","آزمون جامع","ارزیابی پایه","هسته ۱۰ سوالی","متوسط","فعل ماضی به چه زمانی اشاره می‌کند؟","گذشته","حال","آینده","همیشه","A","سؤال تألیفی تشخیصی برای ارزیابی اولیه؛ جایگزین پوشش فصل‌به‌فصل کتاب درسی نیست.","ترنم همدلی","original","1405"
"دوازدهم","انسانی","عربی تخصصی","عربی تخصصی","آزمون جامع","ارزیابی پایه","هسته ۱۰ سوالی","متوسط","فعل مضارع معمولاً بر چه زمانی دلالت می‌کند؟","حال یا آینده","فقط گذشته","فقط گذشته دور","هیچ زمان","A","سؤال تألیفی تشخیصی برای ارزیابی اولیه؛ جایگزین پوشش فصل‌به‌فصل کتاب درسی نیست.","ترنم همدلی","original","1405"
"دوازدهم","انسانی","عربی تخصصی","عربی تخصصی","آزمون جامع","ارزیابی پایه","هسته ۱۰ سوالی","متوسط","فاعل چیست؟","انجام‌دهنده کار فعل","زمان جمله","محل کار","نشانه جمع","A","سؤال تألیفی تشخیصی برای ارزیابی اولیه؛ جایگزین پوشش فصل‌به‌فصل کتاب درسی نیست.","ترنم همدلی","original","1405"
"دوازدهم","انسانی","عربی تخصصی","عربی تخصصی","آزمون جامع","ارزیابی پایه","هسته ۱۰ سوالی","متوسط","مفعول‌به چیست؟","کسی یا چیزی که عمل بر او واقع می‌شود","انجام‌دهنده عمل","زمان","صفت","A","سؤال تألیفی تشخیصی برای ارزیابی اولیه؛ جایگزین پوشش فصل‌به‌فصل کتاب درسی نیست.","ترنم همدلی","original","1405"
"دوازدهم","انسانی","عربی تخصصی","عربی تخصصی","آزمون جامع","ارزیابی پایه","هسته ۱۰ سوالی","متوسط","مفرد یعنی چه؟","یک فرد یا چیز","دو فرد","چند فرد","جمله کامل","A","سؤال تألیفی تشخیصی برای ارزیابی اولیه؛ جایگزین پوشش فصل‌به‌فصل کتاب درسی نیست.","ترنم همدلی","original","1405"
"دوازدهم","انسانی","عربی تخصصی","عربی تخصصی","آزمون جامع","ارزیابی پایه","هسته ۱۰ سوالی","متوسط","جمع یعنی چه؟","بیش از یک","دقیقاً یک","بدون تعداد","یک فعل","A","سؤال تألیفی تشخیصی برای ارزیابی اولیه؛ جایگزین پوشش فصل‌به‌فصل کتاب درسی نیست.","ترنم همدلی","original","1405"
"دوازدهم","انسانی","عربی تخصصی","عربی تخصصی","آزمون جامع","ارزیابی پایه","هسته ۱۰ سوالی","متوسط","ترجمه درست به چه نیاز دارد؟","شناخت واژه و ساختار جمله","حدس یک واژه","حذف فعل","تغییر معنا","A","سؤال تألیفی تشخیصی برای ارزیابی اولیه؛ جایگزین پوشش فصل‌به‌فصل کتاب درسی نیست.","ترنم همدلی","original","1405"
"دوازدهم","انسانی","عربی تخصصی","عربی تخصصی","آزمون جامع","ارزیابی پایه","هسته ۱۰ سوالی","متوسط","اسم چه چیزی می‌تواند باشد؟","نام شخص، چیز یا مفهوم","فقط فعل","فقط حرف","فقط عدد","A","سؤال تألیفی تشخیصی برای ارزیابی اولیه؛ جایگزین پوشش فصل‌به‌فصل کتاب درسی نیست.","ترنم همدلی","original","1405"
"دوازدهم","انسانی","عربی تخصصی","عربی تخصصی","آزمون جامع","ارزیابی پایه","هسته ۱۰ سوالی","متوسط","معنا در ترجمه باید چگونه حفظ شود؟","متناسب با کل جمله","با حذف فعل","با تغییر فاعل","با حذف واژه‌های مهم","A","سؤال تألیفی تشخیصی برای ارزیابی اولیه؛ جایگزین پوشش فصل‌به‌فصل کتاب درسی نیست.","ترنم همدلی","original","1405"
"دوازدهم","انسانی","عربی تخصصی","عربی تخصصی","آزمون جامع","ارزیابی پایه","هسته ۱۰ سوالی","متوسط","یادگیری واژه‌ها در بافت جمله چه فایده‌ای دارد؟","درک بهتر کاربرد و معنا","حذف معنی","افزایش ابهام","تغییر دستور","A","سؤال تألیفی تشخیصی برای ارزیابی اولیه؛ جایگزین پوشش فصل‌به‌فصل کتاب درسی نیست.","ترنم همدلی","original","1405"
"دوازدهم","انسانی","فلسفه","فلسفه","آزمون جامع","ارزیابی پایه","هسته ۱۰ سوالی","متوسط","جامعه‌شناسی چه چیزی را بررسی می‌کند؟","روابط و پدیده‌های اجتماعی","واکنش شیمیایی","حرکت اجسام","ساختار اتم","A","سؤال تألیفی تشخیصی برای ارزیابی اولیه؛ جایگزین پوشش فصل‌به‌فصل کتاب درسی نیست.","ترنم همدلی","original","1405"
"دوازدهم","انسانی","فلسفه","فلسفه","آزمون جامع","ارزیابی پایه","هسته ۱۰ سوالی","متوسط","اقتصاد چه چیزی را بررسی می‌کند؟","تولید، توزیع و مصرف منابع کمیاب","ادبیات","آب‌وهوا","بدن انسان","A","سؤال تألیفی تشخیصی برای ارزیابی اولیه؛ جایگزین پوشش فصل‌به‌فصل کتاب درسی نیست.","ترنم همدلی","original","1405"
"دوازدهم","انسانی","فلسفه","فلسفه","آزمون جامع","ارزیابی پایه","هسته ۱۰ سوالی","متوسط","منطق به چه چیزی کمک می‌کند؟","درست اندیشیدن و ارزیابی استدلال","اندازه‌گیری دما","واکنش شیمیایی","نقاشی","A","سؤال تألیفی تشخیصی برای ارزیابی اولیه؛ جایگزین پوشش فصل‌به‌فصل کتاب درسی نیست.","ترنم همدلی","original","1405"
"دوازدهم","انسانی","فلسفه","فلسفه","آزمون جامع","ارزیابی پایه","هسته ۱۰ سوالی","متوسط","فلسفه بیشتر با چه پرسش‌هایی سروکار دارد؟","پرسش‌های بنیادی درباره هستی و شناخت","محاسبات","آزمایشگاه","ورزش","A","سؤال تألیفی تشخیصی برای ارزیابی اولیه؛ جایگزین پوشش فصل‌به‌فصل کتاب درسی نیست.","ترنم همدلی","original","1405"
"دوازدهم","انسانی","فلسفه","فلسفه","آزمون جامع","ارزیابی پایه","هسته ۱۰ سوالی","متوسط","روان‌شناسی چه چیزی را مطالعه می‌کند؟","رفتار و فرایندهای ذهنی","اقتصاد","تاریخ","جغرافیا","A","سؤال تألیفی تشخیصی برای ارزیابی اولیه؛ جایگزین پوشش فصل‌به‌فصل کتاب درسی نیست.","ترنم همدلی","original","1405"
"دوازدهم","انسانی","فلسفه","فلسفه","آزمون جامع","ارزیابی پایه","هسته ۱۰ سوالی","متوسط","تاریخ چگونه بررسی می‌شود؟","با رویدادها و شواهد گذشته","پیش‌بینی هوا","ساختار اتم","معادله","A","سؤال تألیفی تشخیصی برای ارزیابی اولیه؛ جایگزین پوشش فصل‌به‌فصل کتاب درسی نیست.","ترنم همدلی","original","1405"
"دوازدهم","انسانی","فلسفه","فلسفه","آزمون جامع","ارزیابی پایه","هسته ۱۰ سوالی","متوسط","جغرافیا چه چیزی را بررسی می‌کند؟","پدیده‌های مکانی و رابطه انسان و محیط","شعر","واکنش شیمیایی","زیست سلولی","A","سؤال تألیفی تشخیصی برای ارزیابی اولیه؛ جایگزین پوشش فصل‌به‌فصل کتاب درسی نیست.","ترنم همدلی","original","1405"
"دوازدهم","انسانی","فلسفه","فلسفه","آزمون جامع","ارزیابی پایه","هسته ۱۰ سوالی","متوسط","علوم و فنون ادبی با چه چیزی سروکار دارد؟","زبان و عناصر ادبی و هنری متن","فیزیک","جغرافیا","زیست","A","سؤال تألیفی تشخیصی برای ارزیابی اولیه؛ جایگزین پوشش فصل‌به‌فصل کتاب درسی نیست.","ترنم همدلی","original","1405"
"دوازدهم","انسانی","فلسفه","فلسفه","آزمون جامع","ارزیابی پایه","هسته ۱۰ سوالی","متوسط","کنش اجتماعی چیست؟","رفتاری که با توجه به دیگران معنا پیدا می‌کند","حرکت عضلانی","واکنش شیمیایی","عدد","A","سؤال تألیفی تشخیصی برای ارزیابی اولیه؛ جایگزین پوشش فصل‌به‌فصل کتاب درسی نیست.","ترنم همدلی","original","1405"
"دوازدهم","انسانی","فلسفه","فلسفه","آزمون جامع","ارزیابی پایه","هسته ۱۰ سوالی","متوسط","تحلیل پدیده انسانی بهتر است بر چه چیزی تکیه کند؟","مفهوم، شواهد و استدلال","حدس","شایعه","یک نمونه بدون بررسی","A","سؤال تألیفی تشخیصی برای ارزیابی اولیه؛ جایگزین پوشش فصل‌به‌فصل کتاب درسی نیست.","ترنم همدلی","original","1405"
"دوازدهم","انسانی","تاریخ","تاریخ","آزمون جامع","ارزیابی پایه","هسته ۱۰ سوالی","متوسط","قانون چه نقشی دارد؟","تنظیم روابط و حقوق","ایجاد بی‌نظمی","حذف مسئولیت","تغییر آب‌وهوا","A","سؤال تألیفی تشخیصی برای ارزیابی اولیه؛ جایگزین پوشش فصل‌به‌فصل کتاب درسی نیست.","ترنم همدلی","original","1405"
"دوازدهم","انسانی","تاریخ","تاریخ","آزمون جامع","ارزیابی پایه","هسته ۱۰ سوالی","متوسط","شهروند مسئول چه می‌کند؟","حقوق دیگران و وظایف خود را رعایت می‌کند","قانون را نادیده می‌گیرد","فقط مطالبه می‌کند","به محیط آسیب می‌زند","A","سؤال تألیفی تشخیصی برای ارزیابی اولیه؛ جایگزین پوشش فصل‌به‌فصل کتاب درسی نیست.","ترنم همدلی","original","1405"
"دوازدهم","انسانی","تاریخ","تاریخ","آزمون جامع","ارزیابی پایه","هسته ۱۰ سوالی","متوسط","نقشه برای چه مفید است؟","نمایش موقعیت‌های مکانی","اندازه‌گیری دما","تشخیص صدا","محاسبه سن","A","سؤال تألیفی تشخیصی برای ارزیابی اولیه؛ جایگزین پوشش فصل‌به‌فصل کتاب درسی نیست.","ترنم همدلی","original","1405"
"دوازدهم","انسانی","تاریخ","تاریخ","آزمون جامع","ارزیابی پایه","هسته ۱۰ سوالی","متوسط","منبع تاریخی چه فایده‌ای دارد؟","شواهدی برای شناخت گذشته فراهم می‌کند","همیشه قطعی است","فقط سرگرمی است","هیچ ارزشی ندارد","A","سؤال تألیفی تشخیصی برای ارزیابی اولیه؛ جایگزین پوشش فصل‌به‌فصل کتاب درسی نیست.","ترنم همدلی","original","1405"
"دوازدهم","انسانی","تاریخ","تاریخ","آزمون جامع","ارزیابی پایه","هسته ۱۰ سوالی","متوسط","فرهنگ شامل چیست؟","ارزش‌ها، هنجارها و نمادها","فقط ساختمان","فقط پول","فقط آب‌وهوا","A","سؤال تألیفی تشخیصی برای ارزیابی اولیه؛ جایگزین پوشش فصل‌به‌فصل کتاب درسی نیست.","ترنم همدلی","original","1405"
"دوازدهم","انسانی","تاریخ","تاریخ","آزمون جامع","ارزیابی پایه","هسته ۱۰ سوالی","متوسط","جمعیت یعنی چه؟","تعداد افراد یک محدوده","تعداد ساختمان","مساحت کشور","تعداد رودها","A","سؤال تألیفی تشخیصی برای ارزیابی اولیه؛ جایگزین پوشش فصل‌به‌فصل کتاب درسی نیست.","ترنم همدلی","original","1405"
"دوازدهم","انسانی","تاریخ","تاریخ","آزمون جامع","ارزیابی پایه","هسته ۱۰ سوالی","متوسط","مهاجرت چیست؟","جابه‌جایی افراد برای سکونت","تغییر فصل","حرکت زمین","تغییر زبان","A","سؤال تألیفی تشخیصی برای ارزیابی اولیه؛ جایگزین پوشش فصل‌به‌فصل کتاب درسی نیست.","ترنم همدلی","original","1405"
"دوازدهم","انسانی","تاریخ","تاریخ","آزمون جامع","ارزیابی پایه","هسته ۱۰ سوالی","متوسط","همکاری اجتماعی چه فایده‌ای دارد؟","حل بهتر مسائل مشترک","حذف مسئولیت","بی‌نیازی از قانون","افزایش قطعی تعارض","A","سؤال تألیفی تشخیصی برای ارزیابی اولیه؛ جایگزین پوشش فصل‌به‌فصل کتاب درسی نیست.","ترنم همدلی","original","1405"
"دوازدهم","انسانی","تاریخ","تاریخ","آزمون جامع","ارزیابی پایه","هسته ۱۰ سوالی","متوسط","توسعه پایدار بر چه چیزی تأکید دارد؟","توجه به نیاز امروز و آینده","مصرف بی‌حد","حذف طبیعت","نادیده گرفتن نسل آینده","A","سؤال تألیفی تشخیصی برای ارزیابی اولیه؛ جایگزین پوشش فصل‌به‌فصل کتاب درسی نیست.","ترنم همدلی","original","1405"
"دوازدهم","انسانی","تاریخ","تاریخ","آزمون جامع","ارزیابی پایه","هسته ۱۰ سوالی","متوسط","پدیده‌های اجتماعی را بهتر است چگونه بررسی کرد؟","با مفهوم، شواهد و توجه به زمینه","با یک شایعه","با حدس تنها","بدون داده","A","سؤال تألیفی تشخیصی برای ارزیابی اولیه؛ جایگزین پوشش فصل‌به‌فصل کتاب درسی نیست.","ترنم همدلی","original","1405"
"دوازدهم","انسانی","جغرافیا","جغرافیا","آزمون جامع","ارزیابی پایه","هسته ۱۰ سوالی","متوسط","قانون چه نقشی دارد؟","تنظیم روابط و حقوق","ایجاد بی‌نظمی","حذف مسئولیت","تغییر آب‌وهوا","A","سؤال تألیفی تشخیصی برای ارزیابی اولیه؛ جایگزین پوشش فصل‌به‌فصل کتاب درسی نیست.","ترنم همدلی","original","1405"
"دوازدهم","انسانی","جغرافیا","جغرافیا","آزمون جامع","ارزیابی پایه","هسته ۱۰ سوالی","متوسط","شهروند مسئول چه می‌کند؟","حقوق دیگران و وظایف خود را رعایت می‌کند","قانون را نادیده می‌گیرد","فقط مطالبه می‌کند","به محیط آسیب می‌زند","A","سؤال تألیفی تشخیصی برای ارزیابی اولیه؛ جایگزین پوشش فصل‌به‌فصل کتاب درسی نیست.","ترنم همدلی","original","1405"
"دوازدهم","انسانی","جغرافیا","جغرافیا","آزمون جامع","ارزیابی پایه","هسته ۱۰ سوالی","متوسط","نقشه برای چه مفید است؟","نمایش موقعیت‌های مکانی","اندازه‌گیری دما","تشخیص صدا","محاسبه سن","A","سؤال تألیفی تشخیصی برای ارزیابی اولیه؛ جایگزین پوشش فصل‌به‌فصل کتاب درسی نیست.","ترنم همدلی","original","1405"
"دوازدهم","انسانی","جغرافیا","جغرافیا","آزمون جامع","ارزیابی پایه","هسته ۱۰ سوالی","متوسط","منبع تاریخی چه فایده‌ای دارد؟","شواهدی برای شناخت گذشته فراهم می‌کند","همیشه قطعی است","فقط سرگرمی است","هیچ ارزشی ندارد","A","سؤال تألیفی تشخیصی برای ارزیابی اولیه؛ جایگزین پوشش فصل‌به‌فصل کتاب درسی نیست.","ترنم همدلی","original","1405"
"دوازدهم","انسانی","جغرافیا","جغرافیا","آزمون جامع","ارزیابی پایه","هسته ۱۰ سوالی","متوسط","فرهنگ شامل چیست؟","ارزش‌ها، هنجارها و نمادها","فقط ساختمان","فقط پول","فقط آب‌وهوا","A","سؤال تألیفی تشخیصی برای ارزیابی اولیه؛ جایگزین پوشش فصل‌به‌فصل کتاب درسی نیست.","ترنم همدلی","original","1405"
"دوازدهم","انسانی","جغرافیا","جغرافیا","آزمون جامع","ارزیابی پایه","هسته ۱۰ سوالی","متوسط","جمعیت یعنی چه؟","تعداد افراد یک محدوده","تعداد ساختمان","مساحت کشور","تعداد رودها","A","سؤال تألیفی تشخیصی برای ارزیابی اولیه؛ جایگزین پوشش فصل‌به‌فصل کتاب درسی نیست.","ترنم همدلی","original","1405"
"دوازدهم","انسانی","جغرافیا","جغرافیا","آزمون جامع","ارزیابی پایه","هسته ۱۰ سوالی","متوسط","مهاجرت چیست؟","جابه‌جایی افراد برای سکونت","تغییر فصل","حرکت زمین","تغییر زبان","A","سؤال تألیفی تشخیصی برای ارزیابی اولیه؛ جایگزین پوشش فصل‌به‌فصل کتاب درسی نیست.","ترنم همدلی","original","1405"
"دوازدهم","انسانی","جغرافیا","جغرافیا","آزمون جامع","ارزیابی پایه","هسته ۱۰ سوالی","متوسط","همکاری اجتماعی چه فایده‌ای دارد؟","حل بهتر مسائل مشترک","حذف مسئولیت","بی‌نیازی از قانون","افزایش قطعی تعارض","A","سؤال تألیفی تشخیصی برای ارزیابی اولیه؛ جایگزین پوشش فصل‌به‌فصل کتاب درسی نیست.","ترنم همدلی","original","1405"
"دوازدهم","انسانی","جغرافیا","جغرافیا","آزمون جامع","ارزیابی پایه","هسته ۱۰ سوالی","متوسط","توسعه پایدار بر چه چیزی تأکید دارد؟","توجه به نیاز امروز و آینده","مصرف بی‌حد","حذف طبیعت","نادیده گرفتن نسل آینده","A","سؤال تألیفی تشخیصی برای ارزیابی اولیه؛ جایگزین پوشش فصل‌به‌فصل کتاب درسی نیست.","ترنم همدلی","original","1405"
"دوازدهم","انسانی","جغرافیا","جغرافیا","آزمون جامع","ارزیابی پایه","هسته ۱۰ سوالی","متوسط","پدیده‌های اجتماعی را بهتر است چگونه بررسی کرد؟","با مفهوم، شواهد و توجه به زمینه","با یک شایعه","با حدس تنها","بدون داده","A","سؤال تألیفی تشخیصی برای ارزیابی اولیه؛ جایگزین پوشش فصل‌به‌فصل کتاب درسی نیست.","ترنم همدلی","original","1405"
"دوازدهم","انسانی","جامعه‌شناسی","جامعه‌شناسی","آزمون جامع","ارزیابی پایه","هسته ۱۰ سوالی","متوسط","جامعه‌شناسی چه چیزی را بررسی می‌کند؟","روابط و پدیده‌های اجتماعی","واکنش شیمیایی","حرکت اجسام","ساختار اتم","A","سؤال تألیفی تشخیصی برای ارزیابی اولیه؛ جایگزین پوشش فصل‌به‌فصل کتاب درسی نیست.","ترنم همدلی","original","1405"
"دوازدهم","انسانی","جامعه‌شناسی","جامعه‌شناسی","آزمون جامع","ارزیابی پایه","هسته ۱۰ سوالی","متوسط","اقتصاد چه چیزی را بررسی می‌کند؟","تولید، توزیع و مصرف منابع کمیاب","ادبیات","آب‌وهوا","بدن انسان","A","سؤال تألیفی تشخیصی برای ارزیابی اولیه؛ جایگزین پوشش فصل‌به‌فصل کتاب درسی نیست.","ترنم همدلی","original","1405"
"دوازدهم","انسانی","جامعه‌شناسی","جامعه‌شناسی","آزمون جامع","ارزیابی پایه","هسته ۱۰ سوالی","متوسط","منطق به چه چیزی کمک می‌کند؟","درست اندیشیدن و ارزیابی استدلال","اندازه‌گیری دما","واکنش شیمیایی","نقاشی","A","سؤال تألیفی تشخیصی برای ارزیابی اولیه؛ جایگزین پوشش فصل‌به‌فصل کتاب درسی نیست.","ترنم همدلی","original","1405"
"دوازدهم","انسانی","جامعه‌شناسی","جامعه‌شناسی","آزمون جامع","ارزیابی پایه","هسته ۱۰ سوالی","متوسط","فلسفه بیشتر با چه پرسش‌هایی سروکار دارد؟","پرسش‌های بنیادی درباره هستی و شناخت","محاسبات","آزمایشگاه","ورزش","A","سؤال تألیفی تشخیصی برای ارزیابی اولیه؛ جایگزین پوشش فصل‌به‌فصل کتاب درسی نیست.","ترنم همدلی","original","1405"
"دوازدهم","انسانی","جامعه‌شناسی","جامعه‌شناسی","آزمون جامع","ارزیابی پایه","هسته ۱۰ سوالی","متوسط","روان‌شناسی چه چیزی را مطالعه می‌کند؟","رفتار و فرایندهای ذهنی","اقتصاد","تاریخ","جغرافیا","A","سؤال تألیفی تشخیصی برای ارزیابی اولیه؛ جایگزین پوشش فصل‌به‌فصل کتاب درسی نیست.","ترنم همدلی","original","1405"
"دوازدهم","انسانی","جامعه‌شناسی","جامعه‌شناسی","آزمون جامع","ارزیابی پایه","هسته ۱۰ سوالی","متوسط","تاریخ چگونه بررسی می‌شود؟","با رویدادها و شواهد گذشته","پیش‌بینی هوا","ساختار اتم","معادله","A","سؤال تألیفی تشخیصی برای ارزیابی اولیه؛ جایگزین پوشش فصل‌به‌فصل کتاب درسی نیست.","ترنم همدلی","original","1405"
"دوازدهم","انسانی","جامعه‌شناسی","جامعه‌شناسی","آزمون جامع","ارزیابی پایه","هسته ۱۰ سوالی","متوسط","جغرافیا چه چیزی را بررسی می‌کند؟","پدیده‌های مکانی و رابطه انسان و محیط","شعر","واکنش شیمیایی","زیست سلولی","A","سؤال تألیفی تشخیصی برای ارزیابی اولیه؛ جایگزین پوشش فصل‌به‌فصل کتاب درسی نیست.","ترنم همدلی","original","1405"
"دوازدهم","انسانی","جامعه‌شناسی","جامعه‌شناسی","آزمون جامع","ارزیابی پایه","هسته ۱۰ سوالی","متوسط","علوم و فنون ادبی با چه چیزی سروکار دارد؟","زبان و عناصر ادبی و هنری متن","فیزیک","جغرافیا","زیست","A","سؤال تألیفی تشخیصی برای ارزیابی اولیه؛ جایگزین پوشش فصل‌به‌فصل کتاب درسی نیست.","ترنم همدلی","original","1405"
"دوازدهم","انسانی","جامعه‌شناسی","جامعه‌شناسی","آزمون جامع","ارزیابی پایه","هسته ۱۰ سوالی","متوسط","کنش اجتماعی چیست؟","رفتاری که با توجه به دیگران معنا پیدا می‌کند","حرکت عضلانی","واکنش شیمیایی","عدد","A","سؤال تألیفی تشخیصی برای ارزیابی اولیه؛ جایگزین پوشش فصل‌به‌فصل کتاب درسی نیست.","ترنم همدلی","original","1405"
"دوازدهم","انسانی","جامعه‌شناسی","جامعه‌شناسی","آزمون جامع","ارزیابی پایه","هسته ۱۰ سوالی","متوسط","تحلیل پدیده انسانی بهتر است بر چه چیزی تکیه کند؟","مفهوم، شواهد و استدلال","حدس","شایعه","یک نمونه بدون بررسی","A","سؤال تألیفی تشخیصی برای ارزیابی اولیه؛ جایگزین پوشش فصل‌به‌فصل کتاب درسی نیست.","ترنم همدلی","original","1405"
"دوازدهم","انسانی","تحلیل فرهنگی","تحلیل فرهنگی","آزمون جامع","ارزیابی پایه","هسته ۱۰ سوالی","متوسط","جامعه‌شناسی چه چیزی را بررسی می‌کند؟","روابط و پدیده‌های اجتماعی","واکنش شیمیایی","حرکت اجسام","ساختار اتم","A","سؤال تألیفی تشخیصی برای ارزیابی اولیه؛ جایگزین پوشش فصل‌به‌فصل کتاب درسی نیست.","ترنم همدلی","original","1405"
"دوازدهم","انسانی","تحلیل فرهنگی","تحلیل فرهنگی","آزمون جامع","ارزیابی پایه","هسته ۱۰ سوالی","متوسط","اقتصاد چه چیزی را بررسی می‌کند؟","تولید، توزیع و مصرف منابع کمیاب","ادبیات","آب‌وهوا","بدن انسان","A","سؤال تألیفی تشخیصی برای ارزیابی اولیه؛ جایگزین پوشش فصل‌به‌فصل کتاب درسی نیست.","ترنم همدلی","original","1405"
"دوازدهم","انسانی","تحلیل فرهنگی","تحلیل فرهنگی","آزمون جامع","ارزیابی پایه","هسته ۱۰ سوالی","متوسط","منطق به چه چیزی کمک می‌کند؟","درست اندیشیدن و ارزیابی استدلال","اندازه‌گیری دما","واکنش شیمیایی","نقاشی","A","سؤال تألیفی تشخیصی برای ارزیابی اولیه؛ جایگزین پوشش فصل‌به‌فصل کتاب درسی نیست.","ترنم همدلی","original","1405"
"دوازدهم","انسانی","تحلیل فرهنگی","تحلیل فرهنگی","آزمون جامع","ارزیابی پایه","هسته ۱۰ سوالی","متوسط","فلسفه بیشتر با چه پرسش‌هایی سروکار دارد؟","پرسش‌های بنیادی درباره هستی و شناخت","محاسبات","آزمایشگاه","ورزش","A","سؤال تألیفی تشخیصی برای ارزیابی اولیه؛ جایگزین پوشش فصل‌به‌فصل کتاب درسی نیست.","ترنم همدلی","original","1405"
"دوازدهم","انسانی","تحلیل فرهنگی","تحلیل فرهنگی","آزمون جامع","ارزیابی پایه","هسته ۱۰ سوالی","متوسط","روان‌شناسی چه چیزی را مطالعه می‌کند؟","رفتار و فرایندهای ذهنی","اقتصاد","تاریخ","جغرافیا","A","سؤال تألیفی تشخیصی برای ارزیابی اولیه؛ جایگزین پوشش فصل‌به‌فصل کتاب درسی نیست.","ترنم همدلی","original","1405"
"دوازدهم","انسانی","تحلیل فرهنگی","تحلیل فرهنگی","آزمون جامع","ارزیابی پایه","هسته ۱۰ سوالی","متوسط","تاریخ چگونه بررسی می‌شود؟","با رویدادها و شواهد گذشته","پیش‌بینی هوا","ساختار اتم","معادله","A","سؤال تألیفی تشخیصی برای ارزیابی اولیه؛ جایگزین پوشش فصل‌به‌فصل کتاب درسی نیست.","ترنم همدلی","original","1405"
"دوازدهم","انسانی","تحلیل فرهنگی","تحلیل فرهنگی","آزمون جامع","ارزیابی پایه","هسته ۱۰ سوالی","متوسط","جغرافیا چه چیزی را بررسی می‌کند؟","پدیده‌های مکانی و رابطه انسان و محیط","شعر","واکنش شیمیایی","زیست سلولی","A","سؤال تألیفی تشخیصی برای ارزیابی اولیه؛ جایگزین پوشش فصل‌به‌فصل کتاب درسی نیست.","ترنم همدلی","original","1405"
"دوازدهم","انسانی","تحلیل فرهنگی","تحلیل فرهنگی","آزمون جامع","ارزیابی پایه","هسته ۱۰ سوالی","متوسط","علوم و فنون ادبی با چه چیزی سروکار دارد؟","زبان و عناصر ادبی و هنری متن","فیزیک","جغرافیا","زیست","A","سؤال تألیفی تشخیصی برای ارزیابی اولیه؛ جایگزین پوشش فصل‌به‌فصل کتاب درسی نیست.","ترنم همدلی","original","1405"
"دوازدهم","انسانی","تحلیل فرهنگی","تحلیل فرهنگی","آزمون جامع","ارزیابی پایه","هسته ۱۰ سوالی","متوسط","کنش اجتماعی چیست؟","رفتاری که با توجه به دیگران معنا پیدا می‌کند","حرکت عضلانی","واکنش شیمیایی","عدد","A","سؤال تألیفی تشخیصی برای ارزیابی اولیه؛ جایگزین پوشش فصل‌به‌فصل کتاب درسی نیست.","ترنم همدلی","original","1405"
"دوازدهم","انسانی","تحلیل فرهنگی","تحلیل فرهنگی","آزمون جامع","ارزیابی پایه","هسته ۱۰ سوالی","متوسط","تحلیل پدیده انسانی بهتر است بر چه چیزی تکیه کند؟","مفهوم، شواهد و استدلال","حدس","شایعه","یک نمونه بدون بررسی","A","سؤال تألیفی تشخیصی برای ارزیابی اولیه؛ جایگزین پوشش فصل‌به‌فصل کتاب درسی نیست.","ترنم همدلی","original","1405"
"دهم","هنر","درک عمومی هنر","درک عمومی هنر","آزمون جامع","ارزیابی پایه","هسته ۱۰ سوالی","متوسط","ترکیب‌بندی در هنر به چه مربوط است؟","سازمان‌دهی عناصر اثر","اندازه‌گیری وزن","حل معادله","حفظ تاریخ","A","سؤال تألیفی تشخیصی برای ارزیابی اولیه؛ جایگزین پوشش فصل‌به‌فصل کتاب درسی نیست.","ترنم همدلی","original","1405"
"دهم","هنر","درک عمومی هنر","درک عمومی هنر","آزمون جامع","ارزیابی پایه","هسته ۱۰ سوالی","متوسط","کنتراست چیست؟","تفاوت قابل توجه میان عناصر","تکرار کامل","حذف رنگ","بی‌نظمی","A","سؤال تألیفی تشخیصی برای ارزیابی اولیه؛ جایگزین پوشش فصل‌به‌فصل کتاب درسی نیست.","ترنم همدلی","original","1405"
"دهم","هنر","درک عمومی هنر","درک عمومی هنر","آزمون جامع","ارزیابی پایه","هسته ۱۰ سوالی","متوسط","خط در اثر هنری چه نقشی دارد؟","ایجاد جهت و شکل","اندازه‌گیری فقط","نوشتن متن","تعیین زمان","A","سؤال تألیفی تشخیصی برای ارزیابی اولیه؛ جایگزین پوشش فصل‌به‌فصل کتاب درسی نیست.","ترنم همدلی","original","1405"
"دهم","هنر","درک عمومی هنر","درک عمومی هنر","آزمون جامع","ارزیابی پایه","هسته ۱۰ سوالی","متوسط","تعادل بصری یعنی چه؟","توزیع متناسب وزن بصری عناصر","حذف همه عناصر","یکسانی رنگ‌ها","بی‌نظمی","A","سؤال تألیفی تشخیصی برای ارزیابی اولیه؛ جایگزین پوشش فصل‌به‌فصل کتاب درسی نیست.","ترنم همدلی","original","1405"
"دهم","هنر","درک عمومی هنر","درک عمومی هنر","آزمون جامع","ارزیابی پایه","هسته ۱۰ سوالی","متوسط","خلاقیت با چه چیزی تقویت می‌شود؟","تجربه، مشاهده و ایده‌پردازی","تکرار بی‌فکر","حذف مشاهده","بی‌تمرینی","A","سؤال تألیفی تشخیصی برای ارزیابی اولیه؛ جایگزین پوشش فصل‌به‌فصل کتاب درسی نیست.","ترنم همدلی","original","1405"
"دهم","هنر","درک عمومی هنر","درک عمومی هنر","آزمون جامع","ارزیابی پایه","هسته ۱۰ سوالی","متوسط","بافت در هنر به چه اشاره دارد؟","کیفیت سطح و حس بصری یا لمسی","اندازه صفحه","زمان اثر","نام هنرمند","A","سؤال تألیفی تشخیصی برای ارزیابی اولیه؛ جایگزین پوشش فصل‌به‌فصل کتاب درسی نیست.","ترنم همدلی","original","1405"
"دهم","هنر","درک عمومی هنر","درک عمومی هنر","آزمون جامع","ارزیابی پایه","هسته ۱۰ سوالی","متوسط","پرسپکتیو برای چیست؟","نمایش عمق و فاصله","حذف حجم","تغییر صدا","محاسبه زمان","A","سؤال تألیفی تشخیصی برای ارزیابی اولیه؛ جایگزین پوشش فصل‌به‌فصل کتاب درسی نیست.","ترنم همدلی","original","1405"
"دهم","هنر","درک عمومی هنر","درک عمومی هنر","آزمون جامع","ارزیابی پایه","هسته ۱۰ سوالی","متوسط","فرم چه چیزی را بیان می‌کند؟","ساختار و شکل اثر","فقط رنگ","فقط صدا","فقط متن","A","سؤال تألیفی تشخیصی برای ارزیابی اولیه؛ جایگزین پوشش فصل‌به‌فصل کتاب درسی نیست.","ترنم همدلی","original","1405"
"دهم","هنر","درک عمومی هنر","درک عمومی هنر","آزمون جامع","ارزیابی پایه","هسته ۱۰ سوالی","متوسط","نقد هنری بهتر است بر چه چیزی استوار باشد؟","مشاهده اثر و استدلال","سلیقه بدون توضیح","شایعه","نام هنرمند فقط","A","سؤال تألیفی تشخیصی برای ارزیابی اولیه؛ جایگزین پوشش فصل‌به‌فصل کتاب درسی نیست.","ترنم همدلی","original","1405"
"دهم","هنر","درک عمومی هنر","درک عمومی هنر","آزمون جامع","ارزیابی پایه","هسته ۱۰ سوالی","متوسط","تناسب در اثر هنری یعنی چه؟","رابطه اندازه عناصر با یکدیگر","حذف اندازه","تکرار رنگ","بی‌نظمی","A","سؤال تألیفی تشخیصی برای ارزیابی اولیه؛ جایگزین پوشش فصل‌به‌فصل کتاب درسی نیست.","ترنم همدلی","original","1405"
"دهم","هنر","درک عمومی ریاضی-فیزیک","درک عمومی ریاضی-فیزیک","آزمون جامع","ارزیابی پایه","هسته ۱۰ سوالی","متوسط","کدام گزینه یک مفهوم پایه در این درس است؟","تعریف و رابطه بین کمیت‌ها","رنگ","صدا","بو","A","سؤال تألیفی تشخیصی برای ارزیابی اولیه؛ جایگزین پوشش فصل‌به‌فصل کتاب درسی نیست.","ترنم همدلی","original","1405"
"دهم","هنر","درک عمومی ریاضی-فیزیک","درک عمومی ریاضی-فیزیک","آزمون جامع","ارزیابی پایه","هسته ۱۰ سوالی","متوسط","حل مرحله‌ای مسئله چه فایده‌ای دارد؟","کاهش خطا و امکان بررسی مسیر حل","حذف داده","افزایش ابهام","تغییر موضوع","A","سؤال تألیفی تشخیصی برای ارزیابی اولیه؛ جایگزین پوشش فصل‌به‌فصل کتاب درسی نیست.","ترنم همدلی","original","1405"
"دهم","هنر","درک عمومی ریاضی-فیزیک","درک عمومی ریاضی-فیزیک","آزمون جامع","ارزیابی پایه","هسته ۱۰ سوالی","متوسط","میانگین برای چه کاری به‌کار می‌رود؟","خلاصه‌کردن مجموعه‌ای از داده‌ها","اندازه‌گیری دما","تشخیص صدا","تعیین رنگ","A","سؤال تألیفی تشخیصی برای ارزیابی اولیه؛ جایگزین پوشش فصل‌به‌فصل کتاب درسی نیست.","ترنم همدلی","original","1405"
"دهم","هنر","درک عمومی ریاضی-فیزیک","درک عمومی ریاضی-فیزیک","آزمون جامع","ارزیابی پایه","هسته ۱۰ سوالی","متوسط","احتمال رویداد قطعی چیست؟","۱","۰","۰٫۵","۲","A","سؤال تألیفی تشخیصی برای ارزیابی اولیه؛ جایگزین پوشش فصل‌به‌فصل کتاب درسی نیست.","ترنم همدلی","original","1405"
"دهم","هنر","درک عمومی ریاضی-فیزیک","درک عمومی ریاضی-فیزیک","آزمون جامع","ارزیابی پایه","هسته ۱۰ سوالی","متوسط","نمودار چه کمکی می‌کند؟","نمایش و مقایسه داده‌ها","حذف داده","تغییر سؤال","حذف واحد","A","سؤال تألیفی تشخیصی برای ارزیابی اولیه؛ جایگزین پوشش فصل‌به‌فصل کتاب درسی نیست.","ترنم همدلی","original","1405"
"دهم","هنر","درک عمومی ریاضی-فیزیک","درک عمومی ریاضی-فیزیک","آزمون جامع","ارزیابی پایه","هسته ۱۰ سوالی","متوسط","واحد اندازه‌گیری چه اهمیتی دارد؟","امکان مقایسه و بیان دقیق مقدار","تغییر نتیجه","حذف عدد","افزایش ابهام","A","سؤال تألیفی تشخیصی برای ارزیابی اولیه؛ جایگزین پوشش فصل‌به‌فصل کتاب درسی نیست.","ترنم همدلی","original","1405"
"دهم","هنر","درک عمومی ریاضی-فیزیک","درک عمومی ریاضی-فیزیک","آزمون جامع","ارزیابی پایه","هسته ۱۰ سوالی","متوسط","برای حل یک مسئله ابتدا چه باید کرد؟","شناخت داده‌ها و خواسته","حدس پاسخ","حذف صورت مسئله","تغییر واحد بدون دلیل","A","سؤال تألیفی تشخیصی برای ارزیابی اولیه؛ جایگزین پوشش فصل‌به‌فصل کتاب درسی نیست.","ترنم همدلی","original","1405"
"دهم","هنر","درک عمومی ریاضی-فیزیک","درک عمومی ریاضی-فیزیک","آزمون جامع","ارزیابی پایه","هسته ۱۰ سوالی","متوسط","تقریب عدد برای چیست؟","ساده‌سازی با حفظ دقت مناسب","تغییر تصادفی مقدار","حذف عدد","تبدیل به متن","A","سؤال تألیفی تشخیصی برای ارزیابی اولیه؛ جایگزین پوشش فصل‌به‌فصل کتاب درسی نیست.","ترنم همدلی","original","1405"
"دهم","هنر","درک عمومی ریاضی-فیزیک","درک عمومی ریاضی-فیزیک","آزمون جامع","ارزیابی پایه","هسته ۱۰ سوالی","متوسط","رابطه ریاضی چه چیزی را بیان می‌کند؟","ارتباط میان کمیت‌ها","نام افراد","رنگ‌ها","صدای محیط","A","سؤال تألیفی تشخیصی برای ارزیابی اولیه؛ جایگزین پوشش فصل‌به‌فصل کتاب درسی نیست.","ترنم همدلی","original","1405"
"دهم","هنر","درک عمومی ریاضی-فیزیک","درک عمومی ریاضی-فیزیک","آزمون جامع","ارزیابی پایه","هسته ۱۰ سوالی","متوسط","بررسی پاسخ پس از حل چه فایده‌ای دارد؟","کشف خطای محاسبه یا استدلال","حذف پاسخ","تغییر موضوع","افزایش ابهام","A","سؤال تألیفی تشخیصی برای ارزیابی اولیه؛ جایگزین پوشش فصل‌به‌فصل کتاب درسی نیست.","ترنم همدلی","original","1405"
"دهم","هنر","خلاقیت تصویری و تجسمی","خلاقیت تصویری و تجسمی","آزمون جامع","ارزیابی پایه","هسته ۱۰ سوالی","متوسط","ترکیب‌بندی در هنر به چه مربوط است؟","سازمان‌دهی عناصر اثر","اندازه‌گیری وزن","حل معادله","حفظ تاریخ","A","سؤال تألیفی تشخیصی برای ارزیابی اولیه؛ جایگزین پوشش فصل‌به‌فصل کتاب درسی نیست.","ترنم همدلی","original","1405"
"دهم","هنر","خلاقیت تصویری و تجسمی","خلاقیت تصویری و تجسمی","آزمون جامع","ارزیابی پایه","هسته ۱۰ سوالی","متوسط","کنتراست چیست؟","تفاوت قابل توجه میان عناصر","تکرار کامل","حذف رنگ","بی‌نظمی","A","سؤال تألیفی تشخیصی برای ارزیابی اولیه؛ جایگزین پوشش فصل‌به‌فصل کتاب درسی نیست.","ترنم همدلی","original","1405"
"دهم","هنر","خلاقیت تصویری و تجسمی","خلاقیت تصویری و تجسمی","آزمون جامع","ارزیابی پایه","هسته ۱۰ سوالی","متوسط","خط در اثر هنری چه نقشی دارد؟","ایجاد جهت و شکل","اندازه‌گیری فقط","نوشتن متن","تعیین زمان","A","سؤال تألیفی تشخیصی برای ارزیابی اولیه؛ جایگزین پوشش فصل‌به‌فصل کتاب درسی نیست.","ترنم همدلی","original","1405"
"دهم","هنر","خلاقیت تصویری و تجسمی","خلاقیت تصویری و تجسمی","آزمون جامع","ارزیابی پایه","هسته ۱۰ سوالی","متوسط","تعادل بصری یعنی چه؟","توزیع متناسب وزن بصری عناصر","حذف همه عناصر","یکسانی رنگ‌ها","بی‌نظمی","A","سؤال تألیفی تشخیصی برای ارزیابی اولیه؛ جایگزین پوشش فصل‌به‌فصل کتاب درسی نیست.","ترنم همدلی","original","1405"
"دهم","هنر","خلاقیت تصویری و تجسمی","خلاقیت تصویری و تجسمی","آزمون جامع","ارزیابی پایه","هسته ۱۰ سوالی","متوسط","خلاقیت با چه چیزی تقویت می‌شود؟","تجربه، مشاهده و ایده‌پردازی","تکرار بی‌فکر","حذف مشاهده","بی‌تمرینی","A","سؤال تألیفی تشخیصی برای ارزیابی اولیه؛ جایگزین پوشش فصل‌به‌فصل کتاب درسی نیست.","ترنم همدلی","original","1405"
"دهم","هنر","خلاقیت تصویری و تجسمی","خلاقیت تصویری و تجسمی","آزمون جامع","ارزیابی پایه","هسته ۱۰ سوالی","متوسط","بافت در هنر به چه اشاره دارد؟","کیفیت سطح و حس بصری یا لمسی","اندازه صفحه","زمان اثر","نام هنرمند","A","سؤال تألیفی تشخیصی برای ارزیابی اولیه؛ جایگزین پوشش فصل‌به‌فصل کتاب درسی نیست.","ترنم همدلی","original","1405"
"دهم","هنر","خلاقیت تصویری و تجسمی","خلاقیت تصویری و تجسمی","آزمون جامع","ارزیابی پایه","هسته ۱۰ سوالی","متوسط","پرسپکتیو برای چیست؟","نمایش عمق و فاصله","حذف حجم","تغییر صدا","محاسبه زمان","A","سؤال تألیفی تشخیصی برای ارزیابی اولیه؛ جایگزین پوشش فصل‌به‌فصل کتاب درسی نیست.","ترنم همدلی","original","1405"
"دهم","هنر","خلاقیت تصویری و تجسمی","خلاقیت تصویری و تجسمی","آزمون جامع","ارزیابی پایه","هسته ۱۰ سوالی","متوسط","فرم چه چیزی را بیان می‌کند؟","ساختار و شکل اثر","فقط رنگ","فقط صدا","فقط متن","A","سؤال تألیفی تشخیصی برای ارزیابی اولیه؛ جایگزین پوشش فصل‌به‌فصل کتاب درسی نیست.","ترنم همدلی","original","1405"
"دهم","هنر","خلاقیت تصویری و تجسمی","خلاقیت تصویری و تجسمی","آزمون جامع","ارزیابی پایه","هسته ۱۰ سوالی","متوسط","نقد هنری بهتر است بر چه چیزی استوار باشد؟","مشاهده اثر و استدلال","سلیقه بدون توضیح","شایعه","نام هنرمند فقط","A","سؤال تألیفی تشخیصی برای ارزیابی اولیه؛ جایگزین پوشش فصل‌به‌فصل کتاب درسی نیست.","ترنم همدلی","original","1405"
"دهم","هنر","خلاقیت تصویری و تجسمی","خلاقیت تصویری و تجسمی","آزمون جامع","ارزیابی پایه","هسته ۱۰ سوالی","متوسط","تناسب در اثر هنری یعنی چه؟","رابطه اندازه عناصر با یکدیگر","حذف اندازه","تکرار رنگ","بی‌نظمی","A","سؤال تألیفی تشخیصی برای ارزیابی اولیه؛ جایگزین پوشش فصل‌به‌فصل کتاب درسی نیست.","ترنم همدلی","original","1405"
"یازدهم","هنر","درک عمومی هنر","درک عمومی هنر","آزمون جامع","ارزیابی پایه","هسته ۱۰ سوالی","متوسط","ترکیب‌بندی در هنر به چه مربوط است؟","سازمان‌دهی عناصر اثر","اندازه‌گیری وزن","حل معادله","حفظ تاریخ","A","سؤال تألیفی تشخیصی برای ارزیابی اولیه؛ جایگزین پوشش فصل‌به‌فصل کتاب درسی نیست.","ترنم همدلی","original","1405"
"یازدهم","هنر","درک عمومی هنر","درک عمومی هنر","آزمون جامع","ارزیابی پایه","هسته ۱۰ سوالی","متوسط","کنتراست چیست؟","تفاوت قابل توجه میان عناصر","تکرار کامل","حذف رنگ","بی‌نظمی","A","سؤال تألیفی تشخیصی برای ارزیابی اولیه؛ جایگزین پوشش فصل‌به‌فصل کتاب درسی نیست.","ترنم همدلی","original","1405"
"یازدهم","هنر","درک عمومی هنر","درک عمومی هنر","آزمون جامع","ارزیابی پایه","هسته ۱۰ سوالی","متوسط","خط در اثر هنری چه نقشی دارد؟","ایجاد جهت و شکل","اندازه‌گیری فقط","نوشتن متن","تعیین زمان","A","سؤال تألیفی تشخیصی برای ارزیابی اولیه؛ جایگزین پوشش فصل‌به‌فصل کتاب درسی نیست.","ترنم همدلی","original","1405"
"یازدهم","هنر","درک عمومی هنر","درک عمومی هنر","آزمون جامع","ارزیابی پایه","هسته ۱۰ سوالی","متوسط","تعادل بصری یعنی چه؟","توزیع متناسب وزن بصری عناصر","حذف همه عناصر","یکسانی رنگ‌ها","بی‌نظمی","A","سؤال تألیفی تشخیصی برای ارزیابی اولیه؛ جایگزین پوشش فصل‌به‌فصل کتاب درسی نیست.","ترنم همدلی","original","1405"
"یازدهم","هنر","درک عمومی هنر","درک عمومی هنر","آزمون جامع","ارزیابی پایه","هسته ۱۰ سوالی","متوسط","خلاقیت با چه چیزی تقویت می‌شود؟","تجربه، مشاهده و ایده‌پردازی","تکرار بی‌فکر","حذف مشاهده","بی‌تمرینی","A","سؤال تألیفی تشخیصی برای ارزیابی اولیه؛ جایگزین پوشش فصل‌به‌فصل کتاب درسی نیست.","ترنم همدلی","original","1405"
"یازدهم","هنر","درک عمومی هنر","درک عمومی هنر","آزمون جامع","ارزیابی پایه","هسته ۱۰ سوالی","متوسط","بافت در هنر به چه اشاره دارد؟","کیفیت سطح و حس بصری یا لمسی","اندازه صفحه","زمان اثر","نام هنرمند","A","سؤال تألیفی تشخیصی برای ارزیابی اولیه؛ جایگزین پوشش فصل‌به‌فصل کتاب درسی نیست.","ترنم همدلی","original","1405"
"یازدهم","هنر","درک عمومی هنر","درک عمومی هنر","آزمون جامع","ارزیابی پایه","هسته ۱۰ سوالی","متوسط","پرسپکتیو برای چیست؟","نمایش عمق و فاصله","حذف حجم","تغییر صدا","محاسبه زمان","A","سؤال تألیفی تشخیصی برای ارزیابی اولیه؛ جایگزین پوشش فصل‌به‌فصل کتاب درسی نیست.","ترنم همدلی","original","1405"
"یازدهم","هنر","درک عمومی هنر","درک عمومی هنر","آزمون جامع","ارزیابی پایه","هسته ۱۰ سوالی","متوسط","فرم چه چیزی را بیان می‌کند؟","ساختار و شکل اثر","فقط رنگ","فقط صدا","فقط متن","A","سؤال تألیفی تشخیصی برای ارزیابی اولیه؛ جایگزین پوشش فصل‌به‌فصل کتاب درسی نیست.","ترنم همدلی","original","1405"
"یازدهم","هنر","درک عمومی هنر","درک عمومی هنر","آزمون جامع","ارزیابی پایه","هسته ۱۰ سوالی","متوسط","نقد هنری بهتر است بر چه چیزی استوار باشد؟","مشاهده اثر و استدلال","سلیقه بدون توضیح","شایعه","نام هنرمند فقط","A","سؤال تألیفی تشخیصی برای ارزیابی اولیه؛ جایگزین پوشش فصل‌به‌فصل کتاب درسی نیست.","ترنم همدلی","original","1405"
"یازدهم","هنر","درک عمومی هنر","درک عمومی هنر","آزمون جامع","ارزیابی پایه","هسته ۱۰ سوالی","متوسط","تناسب در اثر هنری یعنی چه؟","رابطه اندازه عناصر با یکدیگر","حذف اندازه","تکرار رنگ","بی‌نظمی","A","سؤال تألیفی تشخیصی برای ارزیابی اولیه؛ جایگزین پوشش فصل‌به‌فصل کتاب درسی نیست.","ترنم همدلی","original","1405"
"یازدهم","هنر","درک عمومی ریاضی-فیزیک","درک عمومی ریاضی-فیزیک","آزمون جامع","ارزیابی پایه","هسته ۱۰ سوالی","متوسط","کدام گزینه یک مفهوم پایه در این درس است؟","تعریف و رابطه بین کمیت‌ها","رنگ","صدا","بو","A","سؤال تألیفی تشخیصی برای ارزیابی اولیه؛ جایگزین پوشش فصل‌به‌فصل کتاب درسی نیست.","ترنم همدلی","original","1405"
"یازدهم","هنر","درک عمومی ریاضی-فیزیک","درک عمومی ریاضی-فیزیک","آزمون جامع","ارزیابی پایه","هسته ۱۰ سوالی","متوسط","حل مرحله‌ای مسئله چه فایده‌ای دارد؟","کاهش خطا و امکان بررسی مسیر حل","حذف داده","افزایش ابهام","تغییر موضوع","A","سؤال تألیفی تشخیصی برای ارزیابی اولیه؛ جایگزین پوشش فصل‌به‌فصل کتاب درسی نیست.","ترنم همدلی","original","1405"
"یازدهم","هنر","درک عمومی ریاضی-فیزیک","درک عمومی ریاضی-فیزیک","آزمون جامع","ارزیابی پایه","هسته ۱۰ سوالی","متوسط","میانگین برای چه کاری به‌کار می‌رود؟","خلاصه‌کردن مجموعه‌ای از داده‌ها","اندازه‌گیری دما","تشخیص صدا","تعیین رنگ","A","سؤال تألیفی تشخیصی برای ارزیابی اولیه؛ جایگزین پوشش فصل‌به‌فصل کتاب درسی نیست.","ترنم همدلی","original","1405"
"یازدهم","هنر","درک عمومی ریاضی-فیزیک","درک عمومی ریاضی-فیزیک","آزمون جامع","ارزیابی پایه","هسته ۱۰ سوالی","متوسط","احتمال رویداد قطعی چیست؟","۱","۰","۰٫۵","۲","A","سؤال تألیفی تشخیصی برای ارزیابی اولیه؛ جایگزین پوشش فصل‌به‌فصل کتاب درسی نیست.","ترنم همدلی","original","1405"
"یازدهم","هنر","درک عمومی ریاضی-فیزیک","درک عمومی ریاضی-فیزیک","آزمون جامع","ارزیابی پایه","هسته ۱۰ سوالی","متوسط","نمودار چه کمکی می‌کند؟","نمایش و مقایسه داده‌ها","حذف داده","تغییر سؤال","حذف واحد","A","سؤال تألیفی تشخیصی برای ارزیابی اولیه؛ جایگزین پوشش فصل‌به‌فصل کتاب درسی نیست.","ترنم همدلی","original","1405"
"یازدهم","هنر","درک عمومی ریاضی-فیزیک","درک عمومی ریاضی-فیزیک","آزمون جامع","ارزیابی پایه","هسته ۱۰ سوالی","متوسط","واحد اندازه‌گیری چه اهمیتی دارد؟","امکان مقایسه و بیان دقیق مقدار","تغییر نتیجه","حذف عدد","افزایش ابهام","A","سؤال تألیفی تشخیصی برای ارزیابی اولیه؛ جایگزین پوشش فصل‌به‌فصل کتاب درسی نیست.","ترنم همدلی","original","1405"
"یازدهم","هنر","درک عمومی ریاضی-فیزیک","درک عمومی ریاضی-فیزیک","آزمون جامع","ارزیابی پایه","هسته ۱۰ سوالی","متوسط","برای حل یک مسئله ابتدا چه باید کرد؟","شناخت داده‌ها و خواسته","حدس پاسخ","حذف صورت مسئله","تغییر واحد بدون دلیل","A","سؤال تألیفی تشخیصی برای ارزیابی اولیه؛ جایگزین پوشش فصل‌به‌فصل کتاب درسی نیست.","ترنم همدلی","original","1405"
"یازدهم","هنر","درک عمومی ریاضی-فیزیک","درک عمومی ریاضی-فیزیک","آزمون جامع","ارزیابی پایه","هسته ۱۰ سوالی","متوسط","تقریب عدد برای چیست؟","ساده‌سازی با حفظ دقت مناسب","تغییر تصادفی مقدار","حذف عدد","تبدیل به متن","A","سؤال تألیفی تشخیصی برای ارزیابی اولیه؛ جایگزین پوشش فصل‌به‌فصل کتاب درسی نیست.","ترنم همدلی","original","1405"
"یازدهم","هنر","درک عمومی ریاضی-فیزیک","درک عمومی ریاضی-فیزیک","آزمون جامع","ارزیابی پایه","هسته ۱۰ سوالی","متوسط","رابطه ریاضی چه چیزی را بیان می‌کند؟","ارتباط میان کمیت‌ها","نام افراد","رنگ‌ها","صدای محیط","A","سؤال تألیفی تشخیصی برای ارزیابی اولیه؛ جایگزین پوشش فصل‌به‌فصل کتاب درسی نیست.","ترنم همدلی","original","1405"
"یازدهم","هنر","درک عمومی ریاضی-فیزیک","درک عمومی ریاضی-فیزیک","آزمون جامع","ارزیابی پایه","هسته ۱۰ سوالی","متوسط","بررسی پاسخ پس از حل چه فایده‌ای دارد؟","کشف خطای محاسبه یا استدلال","حذف پاسخ","تغییر موضوع","افزایش ابهام","A","سؤال تألیفی تشخیصی برای ارزیابی اولیه؛ جایگزین پوشش فصل‌به‌فصل کتاب درسی نیست.","ترنم همدلی","original","1405"
"یازدهم","هنر","خلاقیت تصویری و تجسمی","خلاقیت تصویری و تجسمی","آزمون جامع","ارزیابی پایه","هسته ۱۰ سوالی","متوسط","ترکیب‌بندی در هنر به چه مربوط است؟","سازمان‌دهی عناصر اثر","اندازه‌گیری وزن","حل معادله","حفظ تاریخ","A","سؤال تألیفی تشخیصی برای ارزیابی اولیه؛ جایگزین پوشش فصل‌به‌فصل کتاب درسی نیست.","ترنم همدلی","original","1405"
"یازدهم","هنر","خلاقیت تصویری و تجسمی","خلاقیت تصویری و تجسمی","آزمون جامع","ارزیابی پایه","هسته ۱۰ سوالی","متوسط","کنتراست چیست؟","تفاوت قابل توجه میان عناصر","تکرار کامل","حذف رنگ","بی‌نظمی","A","سؤال تألیفی تشخیصی برای ارزیابی اولیه؛ جایگزین پوشش فصل‌به‌فصل کتاب درسی نیست.","ترنم همدلی","original","1405"
"یازدهم","هنر","خلاقیت تصویری و تجسمی","خلاقیت تصویری و تجسمی","آزمون جامع","ارزیابی پایه","هسته ۱۰ سوالی","متوسط","خط در اثر هنری چه نقشی دارد؟","ایجاد جهت و شکل","اندازه‌گیری فقط","نوشتن متن","تعیین زمان","A","سؤال تألیفی تشخیصی برای ارزیابی اولیه؛ جایگزین پوشش فصل‌به‌فصل کتاب درسی نیست.","ترنم همدلی","original","1405"
"یازدهم","هنر","خلاقیت تصویری و تجسمی","خلاقیت تصویری و تجسمی","آزمون جامع","ارزیابی پایه","هسته ۱۰ سوالی","متوسط","تعادل بصری یعنی چه؟","توزیع متناسب وزن بصری عناصر","حذف همه عناصر","یکسانی رنگ‌ها","بی‌نظمی","A","سؤال تألیفی تشخیصی برای ارزیابی اولیه؛ جایگزین پوشش فصل‌به‌فصل کتاب درسی نیست.","ترنم همدلی","original","1405"
"یازدهم","هنر","خلاقیت تصویری و تجسمی","خلاقیت تصویری و تجسمی","آزمون جامع","ارزیابی پایه","هسته ۱۰ سوالی","متوسط","خلاقیت با چه چیزی تقویت می‌شود؟","تجربه، مشاهده و ایده‌پردازی","تکرار بی‌فکر","حذف مشاهده","بی‌تمرینی","A","سؤال تألیفی تشخیصی برای ارزیابی اولیه؛ جایگزین پوشش فصل‌به‌فصل کتاب درسی نیست.","ترنم همدلی","original","1405"
"یازدهم","هنر","خلاقیت تصویری و تجسمی","خلاقیت تصویری و تجسمی","آزمون جامع","ارزیابی پایه","هسته ۱۰ سوالی","متوسط","بافت در هنر به چه اشاره دارد؟","کیفیت سطح و حس بصری یا لمسی","اندازه صفحه","زمان اثر","نام هنرمند","A","سؤال تألیفی تشخیصی برای ارزیابی اولیه؛ جایگزین پوشش فصل‌به‌فصل کتاب درسی نیست.","ترنم همدلی","original","1405"
"یازدهم","هنر","خلاقیت تصویری و تجسمی","خلاقیت تصویری و تجسمی","آزمون جامع","ارزیابی پایه","هسته ۱۰ سوالی","متوسط","پرسپکتیو برای چیست؟","نمایش عمق و فاصله","حذف حجم","تغییر صدا","محاسبه زمان","A","سؤال تألیفی تشخیصی برای ارزیابی اولیه؛ جایگزین پوشش فصل‌به‌فصل کتاب درسی نیست.","ترنم همدلی","original","1405"
"یازدهم","هنر","خلاقیت تصویری و تجسمی","خلاقیت تصویری و تجسمی","آزمون جامع","ارزیابی پایه","هسته ۱۰ سوالی","متوسط","فرم چه چیزی را بیان می‌کند؟","ساختار و شکل اثر","فقط رنگ","فقط صدا","فقط متن","A","سؤال تألیفی تشخیصی برای ارزیابی اولیه؛ جایگزین پوشش فصل‌به‌فصل کتاب درسی نیست.","ترنم همدلی","original","1405"
"یازدهم","هنر","خلاقیت تصویری و تجسمی","خلاقیت تصویری و تجسمی","آزمون جامع","ارزیابی پایه","هسته ۱۰ سوالی","متوسط","نقد هنری بهتر است بر چه چیزی استوار باشد؟","مشاهده اثر و استدلال","سلیقه بدون توضیح","شایعه","نام هنرمند فقط","A","سؤال تألیفی تشخیصی برای ارزیابی اولیه؛ جایگزین پوشش فصل‌به‌فصل کتاب درسی نیست.","ترنم همدلی","original","1405"
"یازدهم","هنر","خلاقیت تصویری و تجسمی","خلاقیت تصویری و تجسمی","آزمون جامع","ارزیابی پایه","هسته ۱۰ سوالی","متوسط","تناسب در اثر هنری یعنی چه؟","رابطه اندازه عناصر با یکدیگر","حذف اندازه","تکرار رنگ","بی‌نظمی","A","سؤال تألیفی تشخیصی برای ارزیابی اولیه؛ جایگزین پوشش فصل‌به‌فصل کتاب درسی نیست.","ترنم همدلی","original","1405"
"دوازدهم","هنر","درک عمومی هنر","درک عمومی هنر","آزمون جامع","ارزیابی پایه","هسته ۱۰ سوالی","متوسط","ترکیب‌بندی در هنر به چه مربوط است؟","سازمان‌دهی عناصر اثر","اندازه‌گیری وزن","حل معادله","حفظ تاریخ","A","سؤال تألیفی تشخیصی برای ارزیابی اولیه؛ جایگزین پوشش فصل‌به‌فصل کتاب درسی نیست.","ترنم همدلی","original","1405"
"دوازدهم","هنر","درک عمومی هنر","درک عمومی هنر","آزمون جامع","ارزیابی پایه","هسته ۱۰ سوالی","متوسط","کنتراست چیست؟","تفاوت قابل توجه میان عناصر","تکرار کامل","حذف رنگ","بی‌نظمی","A","سؤال تألیفی تشخیصی برای ارزیابی اولیه؛ جایگزین پوشش فصل‌به‌فصل کتاب درسی نیست.","ترنم همدلی","original","1405"
"دوازدهم","هنر","درک عمومی هنر","درک عمومی هنر","آزمون جامع","ارزیابی پایه","هسته ۱۰ سوالی","متوسط","خط در اثر هنری چه نقشی دارد؟","ایجاد جهت و شکل","اندازه‌گیری فقط","نوشتن متن","تعیین زمان","A","سؤال تألیفی تشخیصی برای ارزیابی اولیه؛ جایگزین پوشش فصل‌به‌فصل کتاب درسی نیست.","ترنم همدلی","original","1405"
"دوازدهم","هنر","درک عمومی هنر","درک عمومی هنر","آزمون جامع","ارزیابی پایه","هسته ۱۰ سوالی","متوسط","تعادل بصری یعنی چه؟","توزیع متناسب وزن بصری عناصر","حذف همه عناصر","یکسانی رنگ‌ها","بی‌نظمی","A","سؤال تألیفی تشخیصی برای ارزیابی اولیه؛ جایگزین پوشش فصل‌به‌فصل کتاب درسی نیست.","ترنم همدلی","original","1405"
"دوازدهم","هنر","درک عمومی هنر","درک عمومی هنر","آزمون جامع","ارزیابی پایه","هسته ۱۰ سوالی","متوسط","خلاقیت با چه چیزی تقویت می‌شود؟","تجربه، مشاهده و ایده‌پردازی","تکرار بی‌فکر","حذف مشاهده","بی‌تمرینی","A","سؤال تألیفی تشخیصی برای ارزیابی اولیه؛ جایگزین پوشش فصل‌به‌فصل کتاب درسی نیست.","ترنم همدلی","original","1405"
"دوازدهم","هنر","درک عمومی هنر","درک عمومی هنر","آزمون جامع","ارزیابی پایه","هسته ۱۰ سوالی","متوسط","بافت در هنر به چه اشاره دارد؟","کیفیت سطح و حس بصری یا لمسی","اندازه صفحه","زمان اثر","نام هنرمند","A","سؤال تألیفی تشخیصی برای ارزیابی اولیه؛ جایگزین پوشش فصل‌به‌فصل کتاب درسی نیست.","ترنم همدلی","original","1405"
"دوازدهم","هنر","درک عمومی هنر","درک عمومی هنر","آزمون جامع","ارزیابی پایه","هسته ۱۰ سوالی","متوسط","پرسپکتیو برای چیست؟","نمایش عمق و فاصله","حذف حجم","تغییر صدا","محاسبه زمان","A","سؤال تألیفی تشخیصی برای ارزیابی اولیه؛ جایگزین پوشش فصل‌به‌فصل کتاب درسی نیست.","ترنم همدلی","original","1405"
"دوازدهم","هنر","درک عمومی هنر","درک عمومی هنر","آزمون جامع","ارزیابی پایه","هسته ۱۰ سوالی","متوسط","فرم چه چیزی را بیان می‌کند؟","ساختار و شکل اثر","فقط رنگ","فقط صدا","فقط متن","A","سؤال تألیفی تشخیصی برای ارزیابی اولیه؛ جایگزین پوشش فصل‌به‌فصل کتاب درسی نیست.","ترنم همدلی","original","1405"
"دوازدهم","هنر","درک عمومی هنر","درک عمومی هنر","آزمون جامع","ارزیابی پایه","هسته ۱۰ سوالی","متوسط","نقد هنری بهتر است بر چه چیزی استوار باشد؟","مشاهده اثر و استدلال","سلیقه بدون توضیح","شایعه","نام هنرمند فقط","A","سؤال تألیفی تشخیصی برای ارزیابی اولیه؛ جایگزین پوشش فصل‌به‌فصل کتاب درسی نیست.","ترنم همدلی","original","1405"
"دوازدهم","هنر","درک عمومی هنر","درک عمومی هنر","آزمون جامع","ارزیابی پایه","هسته ۱۰ سوالی","متوسط","تناسب در اثر هنری یعنی چه؟","رابطه اندازه عناصر با یکدیگر","حذف اندازه","تکرار رنگ","بی‌نظمی","A","سؤال تألیفی تشخیصی برای ارزیابی اولیه؛ جایگزین پوشش فصل‌به‌فصل کتاب درسی نیست.","ترنم همدلی","original","1405"
"دوازدهم","هنر","درک عمومی ریاضی-فیزیک","درک عمومی ریاضی-فیزیک","آزمون جامع","ارزیابی پایه","هسته ۱۰ سوالی","متوسط","کدام گزینه یک مفهوم پایه در این درس است؟","تعریف و رابطه بین کمیت‌ها","رنگ","صدا","بو","A","سؤال تألیفی تشخیصی برای ارزیابی اولیه؛ جایگزین پوشش فصل‌به‌فصل کتاب درسی نیست.","ترنم همدلی","original","1405"
"دوازدهم","هنر","درک عمومی ریاضی-فیزیک","درک عمومی ریاضی-فیزیک","آزمون جامع","ارزیابی پایه","هسته ۱۰ سوالی","متوسط","حل مرحله‌ای مسئله چه فایده‌ای دارد؟","کاهش خطا و امکان بررسی مسیر حل","حذف داده","افزایش ابهام","تغییر موضوع","A","سؤال تألیفی تشخیصی برای ارزیابی اولیه؛ جایگزین پوشش فصل‌به‌فصل کتاب درسی نیست.","ترنم همدلی","original","1405"
"دوازدهم","هنر","درک عمومی ریاضی-فیزیک","درک عمومی ریاضی-فیزیک","آزمون جامع","ارزیابی پایه","هسته ۱۰ سوالی","متوسط","میانگین برای چه کاری به‌کار می‌رود؟","خلاصه‌کردن مجموعه‌ای از داده‌ها","اندازه‌گیری دما","تشخیص صدا","تعیین رنگ","A","سؤال تألیفی تشخیصی برای ارزیابی اولیه؛ جایگزین پوشش فصل‌به‌فصل کتاب درسی نیست.","ترنم همدلی","original","1405"
"دوازدهم","هنر","درک عمومی ریاضی-فیزیک","درک عمومی ریاضی-فیزیک","آزمون جامع","ارزیابی پایه","هسته ۱۰ سوالی","متوسط","احتمال رویداد قطعی چیست؟","۱","۰","۰٫۵","۲","A","سؤال تألیفی تشخیصی برای ارزیابی اولیه؛ جایگزین پوشش فصل‌به‌فصل کتاب درسی نیست.","ترنم همدلی","original","1405"
"دوازدهم","هنر","درک عمومی ریاضی-فیزیک","درک عمومی ریاضی-فیزیک","آزمون جامع","ارزیابی پایه","هسته ۱۰ سوالی","متوسط","نمودار چه کمکی می‌کند؟","نمایش و مقایسه داده‌ها","حذف داده","تغییر سؤال","حذف واحد","A","سؤال تألیفی تشخیصی برای ارزیابی اولیه؛ جایگزین پوشش فصل‌به‌فصل کتاب درسی نیست.","ترنم همدلی","original","1405"
"دوازدهم","هنر","درک عمومی ریاضی-فیزیک","درک عمومی ریاضی-فیزیک","آزمون جامع","ارزیابی پایه","هسته ۱۰ سوالی","متوسط","واحد اندازه‌گیری چه اهمیتی دارد؟","امکان مقایسه و بیان دقیق مقدار","تغییر نتیجه","حذف عدد","افزایش ابهام","A","سؤال تألیفی تشخیصی برای ارزیابی اولیه؛ جایگزین پوشش فصل‌به‌فصل کتاب درسی نیست.","ترنم همدلی","original","1405"
"دوازدهم","هنر","درک عمومی ریاضی-فیزیک","درک عمومی ریاضی-فیزیک","آزمون جامع","ارزیابی پایه","هسته ۱۰ سوالی","متوسط","برای حل یک مسئله ابتدا چه باید کرد؟","شناخت داده‌ها و خواسته","حدس پاسخ","حذف صورت مسئله","تغییر واحد بدون دلیل","A","سؤال تألیفی تشخیصی برای ارزیابی اولیه؛ جایگزین پوشش فصل‌به‌فصل کتاب درسی نیست.","ترنم همدلی","original","1405"
"دوازدهم","هنر","درک عمومی ریاضی-فیزیک","درک عمومی ریاضی-فیزیک","آزمون جامع","ارزیابی پایه","هسته ۱۰ سوالی","متوسط","تقریب عدد برای چیست؟","ساده‌سازی با حفظ دقت مناسب","تغییر تصادفی مقدار","حذف عدد","تبدیل به متن","A","سؤال تألیفی تشخیصی برای ارزیابی اولیه؛ جایگزین پوشش فصل‌به‌فصل کتاب درسی نیست.","ترنم همدلی","original","1405"
"دوازدهم","هنر","درک عمومی ریاضی-فیزیک","درک عمومی ریاضی-فیزیک","آزمون جامع","ارزیابی پایه","هسته ۱۰ سوالی","متوسط","رابطه ریاضی چه چیزی را بیان می‌کند؟","ارتباط میان کمیت‌ها","نام افراد","رنگ‌ها","صدای محیط","A","سؤال تألیفی تشخیصی برای ارزیابی اولیه؛ جایگزین پوشش فصل‌به‌فصل کتاب درسی نیست.","ترنم همدلی","original","1405"
"دوازدهم","هنر","درک عمومی ریاضی-فیزیک","درک عمومی ریاضی-فیزیک","آزمون جامع","ارزیابی پایه","هسته ۱۰ سوالی","متوسط","بررسی پاسخ پس از حل چه فایده‌ای دارد؟","کشف خطای محاسبه یا استدلال","حذف پاسخ","تغییر موضوع","افزایش ابهام","A","سؤال تألیفی تشخیصی برای ارزیابی اولیه؛ جایگزین پوشش فصل‌به‌فصل کتاب درسی نیست.","ترنم همدلی","original","1405"
"دوازدهم","هنر","خلاقیت تصویری و تجسمی","خلاقیت تصویری و تجسمی","آزمون جامع","ارزیابی پایه","هسته ۱۰ سوالی","متوسط","ترکیب‌بندی در هنر به چه مربوط است؟","سازمان‌دهی عناصر اثر","اندازه‌گیری وزن","حل معادله","حفظ تاریخ","A","سؤال تألیفی تشخیصی برای ارزیابی اولیه؛ جایگزین پوشش فصل‌به‌فصل کتاب درسی نیست.","ترنم همدلی","original","1405"
"دوازدهم","هنر","خلاقیت تصویری و تجسمی","خلاقیت تصویری و تجسمی","آزمون جامع","ارزیابی پایه","هسته ۱۰ سوالی","متوسط","کنتراست چیست؟","تفاوت قابل توجه میان عناصر","تکرار کامل","حذف رنگ","بی‌نظمی","A","سؤال تألیفی تشخیصی برای ارزیابی اولیه؛ جایگزین پوشش فصل‌به‌فصل کتاب درسی نیست.","ترنم همدلی","original","1405"
"دوازدهم","هنر","خلاقیت تصویری و تجسمی","خلاقیت تصویری و تجسمی","آزمون جامع","ارزیابی پایه","هسته ۱۰ سوالی","متوسط","خط در اثر هنری چه نقشی دارد؟","ایجاد جهت و شکل","اندازه‌گیری فقط","نوشتن متن","تعیین زمان","A","سؤال تألیفی تشخیصی برای ارزیابی اولیه؛ جایگزین پوشش فصل‌به‌فصل کتاب درسی نیست.","ترنم همدلی","original","1405"
"دوازدهم","هنر","خلاقیت تصویری و تجسمی","خلاقیت تصویری و تجسمی","آزمون جامع","ارزیابی پایه","هسته ۱۰ سوالی","متوسط","تعادل بصری یعنی چه؟","توزیع متناسب وزن بصری عناصر","حذف همه عناصر","یکسانی رنگ‌ها","بی‌نظمی","A","سؤال تألیفی تشخیصی برای ارزیابی اولیه؛ جایگزین پوشش فصل‌به‌فصل کتاب درسی نیست.","ترنم همدلی","original","1405"
"دوازدهم","هنر","خلاقیت تصویری و تجسمی","خلاقیت تصویری و تجسمی","آزمون جامع","ارزیابی پایه","هسته ۱۰ سوالی","متوسط","خلاقیت با چه چیزی تقویت می‌شود؟","تجربه، مشاهده و ایده‌پردازی","تکرار بی‌فکر","حذف مشاهده","بی‌تمرینی","A","سؤال تألیفی تشخیصی برای ارزیابی اولیه؛ جایگزین پوشش فصل‌به‌فصل کتاب درسی نیست.","ترنم همدلی","original","1405"
"دوازدهم","هنر","خلاقیت تصویری و تجسمی","خلاقیت تصویری و تجسمی","آزمون جامع","ارزیابی پایه","هسته ۱۰ سوالی","متوسط","بافت در هنر به چه اشاره دارد؟","کیفیت سطح و حس بصری یا لمسی","اندازه صفحه","زمان اثر","نام هنرمند","A","سؤال تألیفی تشخیصی برای ارزیابی اولیه؛ جایگزین پوشش فصل‌به‌فصل کتاب درسی نیست.","ترنم همدلی","original","1405"
"دوازدهم","هنر","خلاقیت تصویری و تجسمی","خلاقیت تصویری و تجسمی","آزمون جامع","ارزیابی پایه","هسته ۱۰ سوالی","متوسط","پرسپکتیو برای چیست؟","نمایش عمق و فاصله","حذف حجم","تغییر صدا","محاسبه زمان","A","سؤال تألیفی تشخیصی برای ارزیابی اولیه؛ جایگزین پوشش فصل‌به‌فصل کتاب درسی نیست.","ترنم همدلی","original","1405"
"دوازدهم","هنر","خلاقیت تصویری و تجسمی","خلاقیت تصویری و تجسمی","آزمون جامع","ارزیابی پایه","هسته ۱۰ سوالی","متوسط","فرم چه چیزی را بیان می‌کند؟","ساختار و شکل اثر","فقط رنگ","فقط صدا","فقط متن","A","سؤال تألیفی تشخیصی برای ارزیابی اولیه؛ جایگزین پوشش فصل‌به‌فصل کتاب درسی نیست.","ترنم همدلی","original","1405"
"دوازدهم","هنر","خلاقیت تصویری و تجسمی","خلاقیت تصویری و تجسمی","آزمون جامع","ارزیابی پایه","هسته ۱۰ سوالی","متوسط","نقد هنری بهتر است بر چه چیزی استوار باشد؟","مشاهده اثر و استدلال","سلیقه بدون توضیح","شایعه","نام هنرمند فقط","A","سؤال تألیفی تشخیصی برای ارزیابی اولیه؛ جایگزین پوشش فصل‌به‌فصل کتاب درسی نیست.","ترنم همدلی","original","1405"
"دوازدهم","هنر","خلاقیت تصویری و تجسمی","خلاقیت تصویری و تجسمی","آزمون جامع","ارزیابی پایه","هسته ۱۰ سوالی","متوسط","تناسب در اثر هنری یعنی چه؟","رابطه اندازه عناصر با یکدیگر","حذف اندازه","تکرار رنگ","بی‌نظمی","A","سؤال تألیفی تشخیصی برای ارزیابی اولیه؛ جایگزین پوشش فصل‌به‌فصل کتاب درسی نیست.","ترنم همدلی","original","1405"
"دهم","زبان","زبان تخصصی","زبان تخصصی","آزمون جامع","ارزیابی پایه","هسته ۱۰ سوالی","متوسط","What does 'book' mean?","کتاب","مدرسه","خانه","دوست","A","سؤال تألیفی تشخیصی برای ارزیابی اولیه؛ جایگزین پوشش فصل‌به‌فصل کتاب درسی نیست.","ترنم همدلی","original","1405"
"دهم","زبان","زبان تخصصی","زبان تخصصی","آزمون جامع","ارزیابی پایه","هسته ۱۰ سوالی","متوسط","Which word is a verb?","study","student","school","book","A","سؤال تألیفی تشخیصی برای ارزیابی اولیه؛ جایگزین پوشش فصل‌به‌فصل کتاب درسی نیست.","ترنم همدلی","original","1405"
"دهم","زبان","زبان تخصصی","زبان تخصصی","آزمون جامع","ارزیابی پایه","هسته ۱۰ سوالی","متوسط","What is the opposite of 'big'?","small","long","fast","old","A","سؤال تألیفی تشخیصی برای ارزیابی اولیه؛ جایگزین پوشش فصل‌به‌فصل کتاب درسی نیست.","ترنم همدلی","original","1405"
"دهم","زبان","زبان تخصصی","زبان تخصصی","آزمون جامع","ارزیابی پایه","هسته ۱۰ سوالی","متوسط","Which sentence is a question?","Are you ready?","I am ready.","She studies.","They are students.","A","سؤال تألیفی تشخیصی برای ارزیابی اولیه؛ جایگزین پوشش فصل‌به‌فصل کتاب درسی نیست.","ترنم همدلی","original","1405"
"دهم","زبان","زبان تخصصی","زبان تخصصی","آزمون جامع","ارزیابی پایه","هسته ۱۰ سوالی","متوسط","What does 'teacher' mean?","معلم","دانش‌آموز","کتاب","کلاس","A","سؤال تألیفی تشخیصی برای ارزیابی اولیه؛ جایگزین پوشش فصل‌به‌فصل کتاب درسی نیست.","ترنم همدلی","original","1405"
"دهم","زبان","زبان تخصصی","زبان تخصصی","آزمون جامع","ارزیابی پایه","هسته ۱۰ سوالی","متوسط","Which word means 'آب'?","water","bread","milk","book","A","سؤال تألیفی تشخیصی برای ارزیابی اولیه؛ جایگزین پوشش فصل‌به‌فصل کتاب درسی نیست.","ترنم همدلی","original","1405"
"دهم","زبان","زبان تخصصی","زبان تخصصی","آزمون جامع","ارزیابی پایه","هسته ۱۰ سوالی","متوسط","What is the past form of 'go'?","went","goes","going","go","A","سؤال تألیفی تشخیصی برای ارزیابی اولیه؛ جایگزین پوشش فصل‌به‌فصل کتاب درسی نیست.","ترنم همدلی","original","1405"
"دهم","زبان","زبان تخصصی","زبان تخصصی","آزمون جامع","ارزیابی پایه","هسته ۱۰ سوالی","متوسط","Which word is plural?","books","book","read","quick","A","سؤال تألیفی تشخیصی برای ارزیابی اولیه؛ جایگزین پوشش فصل‌به‌فصل کتاب درسی نیست.","ترنم همدلی","original","1405"
"دهم","زبان","زبان تخصصی","زبان تخصصی","آزمون جامع","ارزیابی پایه","هسته ۱۰ سوالی","متوسط","What does 'happy' mean?","خوشحال","خسته","گرسنه","سرد","A","سؤال تألیفی تشخیصی برای ارزیابی اولیه؛ جایگزین پوشش فصل‌به‌فصل کتاب درسی نیست.","ترنم همدلی","original","1405"
"دهم","زبان","زبان تخصصی","زبان تخصصی","آزمون جامع","ارزیابی پایه","هسته ۱۰ سوالی","متوسط","Why is context important in reading?","It helps determine meaning","It removes words","It changes spelling","It deletes the sentence","A","سؤال تألیفی تشخیصی برای ارزیابی اولیه؛ جایگزین پوشش فصل‌به‌فصل کتاب درسی نیست.","ترنم همدلی","original","1405"
"یازدهم","زبان","زبان تخصصی","زبان تخصصی","آزمون جامع","ارزیابی پایه","هسته ۱۰ سوالی","متوسط","What does 'book' mean?","کتاب","مدرسه","خانه","دوست","A","سؤال تألیفی تشخیصی برای ارزیابی اولیه؛ جایگزین پوشش فصل‌به‌فصل کتاب درسی نیست.","ترنم همدلی","original","1405"
"یازدهم","زبان","زبان تخصصی","زبان تخصصی","آزمون جامع","ارزیابی پایه","هسته ۱۰ سوالی","متوسط","Which word is a verb?","study","student","school","book","A","سؤال تألیفی تشخیصی برای ارزیابی اولیه؛ جایگزین پوشش فصل‌به‌فصل کتاب درسی نیست.","ترنم همدلی","original","1405"
"یازدهم","زبان","زبان تخصصی","زبان تخصصی","آزمون جامع","ارزیابی پایه","هسته ۱۰ سوالی","متوسط","What is the opposite of 'big'?","small","long","fast","old","A","سؤال تألیفی تشخیصی برای ارزیابی اولیه؛ جایگزین پوشش فصل‌به‌فصل کتاب درسی نیست.","ترنم همدلی","original","1405"
"یازدهم","زبان","زبان تخصصی","زبان تخصصی","آزمون جامع","ارزیابی پایه","هسته ۱۰ سوالی","متوسط","Which sentence is a question?","Are you ready?","I am ready.","She studies.","They are students.","A","سؤال تألیفی تشخیصی برای ارزیابی اولیه؛ جایگزین پوشش فصل‌به‌فصل کتاب درسی نیست.","ترنم همدلی","original","1405"
"یازدهم","زبان","زبان تخصصی","زبان تخصصی","آزمون جامع","ارزیابی پایه","هسته ۱۰ سوالی","متوسط","What does 'teacher' mean?","معلم","دانش‌آموز","کتاب","کلاس","A","سؤال تألیفی تشخیصی برای ارزیابی اولیه؛ جایگزین پوشش فصل‌به‌فصل کتاب درسی نیست.","ترنم همدلی","original","1405"
"یازدهم","زبان","زبان تخصصی","زبان تخصصی","آزمون جامع","ارزیابی پایه","هسته ۱۰ سوالی","متوسط","Which word means 'آب'?","water","bread","milk","book","A","سؤال تألیفی تشخیصی برای ارزیابی اولیه؛ جایگزین پوشش فصل‌به‌فصل کتاب درسی نیست.","ترنم همدلی","original","1405"
"یازدهم","زبان","زبان تخصصی","زبان تخصصی","آزمون جامع","ارزیابی پایه","هسته ۱۰ سوالی","متوسط","What is the past form of 'go'?","went","goes","going","go","A","سؤال تألیفی تشخیصی برای ارزیابی اولیه؛ جایگزین پوشش فصل‌به‌فصل کتاب درسی نیست.","ترنم همدلی","original","1405"
"یازدهم","زبان","زبان تخصصی","زبان تخصصی","آزمون جامع","ارزیابی پایه","هسته ۱۰ سوالی","متوسط","Which word is plural?","books","book","read","quick","A","سؤال تألیفی تشخیصی برای ارزیابی اولیه؛ جایگزین پوشش فصل‌به‌فصل کتاب درسی نیست.","ترنم همدلی","original","1405"
"یازدهم","زبان","زبان تخصصی","زبان تخصصی","آزمون جامع","ارزیابی پایه","هسته ۱۰ سوالی","متوسط","What does 'happy' mean?","خوشحال","خسته","گرسنه","سرد","A","سؤال تألیفی تشخیصی برای ارزیابی اولیه؛ جایگزین پوشش فصل‌به‌فصل کتاب درسی نیست.","ترنم همدلی","original","1405"
"یازدهم","زبان","زبان تخصصی","زبان تخصصی","آزمون جامع","ارزیابی پایه","هسته ۱۰ سوالی","متوسط","Why is context important in reading?","It helps determine meaning","It removes words","It changes spelling","It deletes the sentence","A","سؤال تألیفی تشخیصی برای ارزیابی اولیه؛ جایگزین پوشش فصل‌به‌فصل کتاب درسی نیست.","ترنم همدلی","original","1405"
"دوازدهم","زبان","زبان تخصصی","زبان تخصصی","آزمون جامع","ارزیابی پایه","هسته ۱۰ سوالی","متوسط","What does 'book' mean?","کتاب","مدرسه","خانه","دوست","A","سؤال تألیفی تشخیصی برای ارزیابی اولیه؛ جایگزین پوشش فصل‌به‌فصل کتاب درسی نیست.","ترنم همدلی","original","1405"
"دوازدهم","زبان","زبان تخصصی","زبان تخصصی","آزمون جامع","ارزیابی پایه","هسته ۱۰ سوالی","متوسط","Which word is a verb?","study","student","school","book","A","سؤال تألیفی تشخیصی برای ارزیابی اولیه؛ جایگزین پوشش فصل‌به‌فصل کتاب درسی نیست.","ترنم همدلی","original","1405"
"دوازدهم","زبان","زبان تخصصی","زبان تخصصی","آزمون جامع","ارزیابی پایه","هسته ۱۰ سوالی","متوسط","What is the opposite of 'big'?","small","long","fast","old","A","سؤال تألیفی تشخیصی برای ارزیابی اولیه؛ جایگزین پوشش فصل‌به‌فصل کتاب درسی نیست.","ترنم همدلی","original","1405"
"دوازدهم","زبان","زبان تخصصی","زبان تخصصی","آزمون جامع","ارزیابی پایه","هسته ۱۰ سوالی","متوسط","Which sentence is a question?","Are you ready?","I am ready.","She studies.","They are students.","A","سؤال تألیفی تشخیصی برای ارزیابی اولیه؛ جایگزین پوشش فصل‌به‌فصل کتاب درسی نیست.","ترنم همدلی","original","1405"
"دوازدهم","زبان","زبان تخصصی","زبان تخصصی","آزمون جامع","ارزیابی پایه","هسته ۱۰ سوالی","متوسط","What does 'teacher' mean?","معلم","دانش‌آموز","کتاب","کلاس","A","سؤال تألیفی تشخیصی برای ارزیابی اولیه؛ جایگزین پوشش فصل‌به‌فصل کتاب درسی نیست.","ترنم همدلی","original","1405"
"دوازدهم","زبان","زبان تخصصی","زبان تخصصی","آزمون جامع","ارزیابی پایه","هسته ۱۰ سوالی","متوسط","Which word means 'آب'?","water","bread","milk","book","A","سؤال تألیفی تشخیصی برای ارزیابی اولیه؛ جایگزین پوشش فصل‌به‌فصل کتاب درسی نیست.","ترنم همدلی","original","1405"
"دوازدهم","زبان","زبان تخصصی","زبان تخصصی","آزمون جامع","ارزیابی پایه","هسته ۱۰ سوالی","متوسط","What is the past form of 'go'?","went","goes","going","go","A","سؤال تألیفی تشخیصی برای ارزیابی اولیه؛ جایگزین پوشش فصل‌به‌فصل کتاب درسی نیست.","ترنم همدلی","original","1405"
"دوازدهم","زبان","زبان تخصصی","زبان تخصصی","آزمون جامع","ارزیابی پایه","هسته ۱۰ سوالی","متوسط","Which word is plural?","books","book","read","quick","A","سؤال تألیفی تشخیصی برای ارزیابی اولیه؛ جایگزین پوشش فصل‌به‌فصل کتاب درسی نیست.","ترنم همدلی","original","1405"
"دوازدهم","زبان","زبان تخصصی","زبان تخصصی","آزمون جامع","ارزیابی پایه","هسته ۱۰ سوالی","متوسط","What does 'happy' mean?","خوشحال","خسته","گرسنه","سرد","A","سؤال تألیفی تشخیصی برای ارزیابی اولیه؛ جایگزین پوشش فصل‌به‌فصل کتاب درسی نیست.","ترنم همدلی","original","1405"
"دوازدهم","زبان","زبان تخصصی","زبان تخصصی","آزمون جامع","ارزیابی پایه","هسته ۱۰ سوالی","متوسط","Why is context important in reading?","It helps determine meaning","It removes words","It changes spelling","It deletes the sentence","A","سؤال تألیفی تشخیصی برای ارزیابی اولیه؛ جایگزین پوشش فصل‌به‌فصل کتاب درسی نیست.","ترنم همدلی","original","1405"
