grade,track,subject,book,chapter,topic,subtopic,difficulty,question,option_a,option_b,option_c,option_d,correct_option,explanation,source,source_type,source_year
چهارم,,ریاضی,ریاضی,بخش 1,عددهای صحیح و گویا,,متوسط,حاصل  -3+8  کدام است؟,3,5,-5,11,B,-3+8=5.,ترنم همدلی,original,1405
چهارم,,ریاضی,ریاضی,بخش 2,جبر و عبارت‌ها,,متوسط,اگر x=4 باشد، مقدار 3x-2 چیست؟,8,10,12,14,B,3×4-2=10.,ترنم همدلی,original,1405
چهارم,,ریاضی,ریاضی,بخش 3,توان و ریشه,,متوسط,کدام گزینه برابر 2^5 است؟,10,16,32,64,C,2^5=32.,ترنم همدلی,original,1405
چهارم,,ریاضی,ریاضی,بخش 4,هندسه,,متوسط,مجموع زاویه‌های داخلی مثلث چند درجه است؟,90,180,270,360,B,مجموع زاویه‌های داخلی مثلث 180 درجه است.,ترنم همدلی,original,1405
چهارم,,ریاضی,ریاضی,بخش 5,تناسب و درصد,,متوسط,25 درصد عدد 80 چند است؟,10,15,20,25,C,80×0.25=20.,ترنم همدلی,original,1405
چهارم,,ریاضی,ریاضی,بخش 6,احتمال و آمار,,متوسط,میانگین 4، 6 و 8 چند است؟,5,6,7,8,B,(4+6+8)÷3=6.,ترنم همدلی,original,1405
چهارم,,علوم,علوم,بخش 1,اندازه‌گیری,,متوسط,واحد SI طول کدام است؟,سانتی‌متر,متر,کیلومتر,میلی‌متر,B,واحد پایه طول در SI متر است.,ترنم همدلی,original,1405
چهارم,,علوم,علوم,بخش 2,ماده و تغییرات,,متوسط,کدام مورد تغییر فیزیکی است؟,سوختن چوب,زنگ‌زدن آهن,ذوب شدن یخ,پختن غذا,C,در ذوب شدن یخ ماده جدیدی تشکیل نمی‌شود.,ترنم همدلی,original,1405
چهارم,,علوم,علوم,بخش 3,انرژی,,متوسط,کدام منبع تجدیدپذیر است؟,نفت,زغال‌سنگ,باد,گاز طبیعی,C,باد منبع انرژی تجدیدپذیر است.,ترنم همدلی,original,1405
چهارم,,علوم,علوم,بخش 4,زیست و بدن,,متوسط,واحد بنیادی حیات چیست؟,بافت,سلول,اندام,دستگاه,B,سلول واحد بنیادی حیات است.,ترنم همدلی,original,1405
چهارم,,علوم,علوم,بخش 5,نیرو و حرکت,,متوسط,واحد نیرو در SI چیست؟,ژول,وات,نیوتن,پاسکال,C,واحد نیرو نیوتن است.,ترنم همدلی,original,1405
چهارم,,علوم,علوم,بخش 6,زمین و فضا,,متوسط,کدام لایه زمین ضخیم‌تر از پوسته است؟,هسته,گوشته,جو,آب‌کره,B,گوشته زیر پوسته قرار دارد و بسیار ضخیم‌تر است.,ترنم همدلی,original,1405
چهارم,,فارسی,فارسی,بخش 1,واژگان,,متوسط,کدام واژه با «کوشش» هم‌معنی است؟,تلاش,آرامش,دانش,آرایش,A,تلاش با کوشش هم‌معناست.,ترنم همدلی,original,1405
چهارم,,فارسی,فارسی,بخش 2,دستور زبان,,متوسط,در جمله «دانش‌آموز کتاب را خواند»، مفعول کدام است؟,دانش‌آموز,کتاب,خواند,را,B,کتاب مفعول است و «را» نشانه مفعول است.,ترنم همدلی,original,1405
چهارم,,فارسی,فارسی,بخش 3,آرایه ادبی,,متوسط,در «لبش چون لعل بود» کدام آرایه برجسته است؟,تشبیه,تضاد,جناس,کنایه,A,لب به لعل تشبیه شده است.,ترنم همدلی,original,1405
چهارم,,فارسی,فارسی,بخش 4,املاء,,متوسط,کدام گزینه درست نوشته شده است؟,مسئول,مسول,مسئولل,مسعول,A,املای درست «مسئول» است.,ترنم همدلی,original,1405
چهارم,,فارسی,فارسی,بخش 5,معنی و مفهوم,,متوسط,مفهوم «از تو حرکت، از خدا برکت» چیست؟,بی‌تلاشی,ضرورت تلاش,ترس از آینده,بی‌نظمی,B,ضرب‌المثل بر نقش تلاش انسان تأکید دارد.,ترنم همدلی,original,1405
چهارم,,فارسی,فارسی,بخش 6,نگارش,,متوسط,کدام مورد برای یک بند منسجم ضروری‌تر است؟,بی‌ربطی جمله‌ها,وحدت موضوع,تکرار واژه‌ها,حذف جمله اصلی,B,وحدت موضوع انسجام بند را بیشتر می‌کند.,ترنم همدلی,original,1405
چهارم,,عربی,عربی,بخش 1,ترجمه,,متوسط,معنی «هؤلاء الطلاب» چیست؟,آن دانش‌آموزان,این دانش‌آموزان,این معلم,آن معلمان,B,هؤلاء برای اشاره نزدیک جمع است.,ترنم همدلی,original,1405
چهارم,,عربی,عربی,بخش 2,اسم اشاره,,متوسط,کدام گزینه برای مفرد مذکر نزدیک درست است؟,هذه,هؤلاء,هذا,ذلک,C,هذا برای مفرد مذکر نزدیک است.,ترنم همدلی,original,1405
چهارم,,عربی,عربی,بخش 3,فعل ماضی,,متوسط,معنی «کَتَبَ» چیست؟,می‌نویسد,نوشت,خواهد نوشت,بخوان,B,کَتَبَ فعل ماضی به معنی نوشت است.,ترنم همدلی,original,1405
چهارم,,عربی,عربی,بخش 4,مفرد و جمع,,متوسط,جمع «کتاب» در عربی کدام است؟,کتابات,کتب,کاتبون,مکتب,B,جمع مکسر کتاب، کتب است.,ترنم همدلی,original,1405
چهارم,,عربی,عربی,بخش 5,ضمیر,,متوسط,«هُوَ» به چه معناست؟,او مذکر,او مؤنث,آن دو,آنان,A,هو ضمیر مفرد مذکر است.,ترنم همدلی,original,1405
چهارم,,عربی,عربی,بخش 6,صفت و موصوف,,متوسط,در «الطالبُ المجتهدُ» کدام واژه صفت است؟,الطالب,المجتهد,ال,هیچ‌کدام,B,المجتهد صفت الطالب است.,ترنم همدلی,original,1405
چهارم,,انگلیسی,انگلیسی,بخش 1,واژگان,,متوسط,"meaning of ""book"" چیست؟",مدرسه,کتاب,دفتر,مداد,B,book یعنی کتاب.,ترنم همدلی,original,1405
چهارم,,انگلیسی,انگلیسی,بخش 2,افعال be,,متوسط,کدام جمله درست است؟,He are a student.,He is a student.,He am a student.,He be a student.,B,برای he از is استفاده می‌شود.,ترنم همدلی,original,1405
چهارم,,انگلیسی,انگلیسی,بخش 3,گذشته ساده,,متوسط,گذشته فعل go کدام است؟,goed,gone,went,going,C,گذشته ساده go، went است.,ترنم همدلی,original,1405
چهارم,,انگلیسی,انگلیسی,بخش 4,متضادها,,متوسط,opposite of expensive چیست؟,cheap,large,strong,early,A,cheap متضاد expensive است.,ترنم همدلی,original,1405
چهارم,,انگلیسی,انگلیسی,بخش 5,ضمیرها,,متوسط,کدام ضمیر برای «مریم و من» مناسب است؟,he,she,we,it,C,برای مریم و من از we استفاده می‌شود.,ترنم همدلی,original,1405
چهارم,,انگلیسی,انگلیسی,بخش 6,حال ساده,,متوسط,کدام جمله درست است؟,She play tennis.,She plays tennis.,She playing tennis.,She played tennis every day.,B,در سوم‌شخص مفرد فعل حال ساده معمولاً s می‌گیرد.,ترنم همدلی,original,1405
چهارم,,مطالعات اجتماعی,مطالعات اجتماعی,بخش 1,جغرافیا,,متوسط,کدام مورد از عناصر آب‌وهواست؟,دما,تعداد مدرسه,تعداد خودرو,نوع زبان,A,دما از عناصر آب‌وهواست.,ترنم همدلی,original,1405
چهارم,,مطالعات اجتماعی,مطالعات اجتماعی,بخش 2,تاریخ,,متوسط,منبع دست‌اول تاریخی کدام است؟,خاطرات شاهد رویداد,کتاب درسی جدید,خلاصه اینترنتی,نظر دانش‌آموز,A,خاطرات شاهد مستقیم منبع دست‌اول محسوب می‌شود.,ترنم همدلی,original,1405
چهارم,,مطالعات اجتماعی,مطالعات اجتماعی,بخش 3,مدنی,,متوسط,کدام مورد نمونه مسئولیت شهروندی است؟,رعایت قانون,بی‌توجهی به حقوق دیگران,تخریب اموال عمومی,فرار از مسئولیت,A,رعایت قانون از مسئولیت‌های شهروندی است.,ترنم همدلی,original,1405
چهارم,,مطالعات اجتماعی,مطالعات اجتماعی,بخش 4,نقشه,,متوسط,مقیاس نقشه چه چیزی را نشان می‌دهد؟,رابطه فاصله روی نقشه و واقعیت,جهت شمال,ارتفاع کوه,جمعیت شهر,A,مقیاس رابطه فاصله نقشه با فاصله واقعی را نشان می‌دهد.,ترنم همدلی,original,1405
چهارم,,مطالعات اجتماعی,مطالعات اجتماعی,بخش 5,اقتصاد خانواده,,متوسط,پس‌انداز چه فایده‌ای دارد؟,افزایش هزینه‌های غیرضروری,آمادگی برای نیازهای آینده,حذف بودجه,افزایش بدهی,B,پس‌انداز برای نیازهای آینده مفید است.,ترنم همدلی,original,1405
چهارم,,مطالعات اجتماعی,مطالعات اجتماعی,بخش 6,جامعه,,متوسط,قانون چه نقشی در جامعه دارد؟,ایجاد نظم,افزایش بی‌نظمی,حذف مسئولیت,کاهش همکاری,A,قانون به ایجاد نظم و تنظیم روابط کمک می‌کند.,ترنم همدلی,original,1405
چهارم,,پیام‌های آسمان,پیام‌های آسمان,بخش 1,توحید,,متوسط,توحید به چه معناست؟,یگانگی خداوند,تعدد خدایان,انکار خدا,پرستش انسان,A,توحید یعنی یگانگی خداوند.,ترنم همدلی,original,1405
چهارم,,پیام‌های آسمان,پیام‌های آسمان,بخش 2,نبوت,,متوسط,پیامبران برای چه هدفی فرستاده شدند؟,هدایت انسان,افزایش ثروت,رقابت سیاسی,حذف اختیار,A,هدف اصلی رسالت، هدایت انسان‌هاست.,ترنم همدلی,original,1405
چهارم,,پیام‌های آسمان,پیام‌های آسمان,بخش 3,معاد,,متوسط,معاد به چه معناست؟,بازگشت و زندگی پس از مرگ,تولد دوباره زمین,تغییر فصل,سفر زمینی,A,معاد به زندگی پس از مرگ اشاره دارد.,ترنم همدلی,original,1405
چهارم,,پیام‌های آسمان,پیام‌های آسمان,بخش 4,اخلاق,,متوسط,کدام رفتار نمونه امانت‌داری است؟,حفظ مال سپرده‌شده,پنهان کردن خیانت,تخریب مال دیگران,دروغ‌گویی,A,حفظ امانت نشانه امانت‌داری است.,ترنم همدلی,original,1405
چهارم,,پیام‌های آسمان,پیام‌های آسمان,بخش 5,نماز,,متوسط,نماز در آموزه‌های اسلامی چه جایگاهی دارد؟,عبادت مهم,فعالیت اقتصادی,تفریح,درس مدرسه,A,نماز از عبادت‌های مهم اسلامی است.,ترنم همدلی,original,1405
چهارم,,پیام‌های آسمان,پیام‌های آسمان,بخش 6,مسئولیت,,متوسط,امر به معروف با چه هدفی انجام می‌شود؟,تقویت رفتار درست,تحقیر دیگران,ایجاد دشمنی,بی‌قانونی,A,هدف آن دعوت به کار نیک و اصلاح است.,ترنم همدلی,original,1405
چهارم,,قرآن,قرآن,بخش 1,تلاوت,,متوسط,تلاوت قرآن یعنی چه؟,خواندن قرآن,نوشتن تاریخ,محاسبه,نقاشی,A,تلاوت یعنی خواندن قرآن.,ترنم همدلی,original,1405
چهارم,,قرآن,قرآن,بخش 2,تدبر,,متوسط,تدبر در قرآن چه معنایی دارد؟,اندیشیدن در مفاهیم آیات,حفظ بدون فهم,ترجمه ماشینی,بی‌توجهی,A,تدبر به اندیشیدن و تأمل در آیات اشاره دارد.,ترنم همدلی,original,1405
چهارم,,قرآن,قرآن,بخش 3,اخلاق قرآنی,,متوسط,کدام رفتار با آموزه‌های قرآنی سازگارتر است؟,راستگویی,دروغ,ظلم,خیانت,A,راستگویی از فضایل اخلاقی است.,ترنم همدلی,original,1405
چهارم,,قرآن,قرآن,بخش 4,احترام,,متوسط,احترام به والدین در قرآن چه جایگاهی دارد؟,ارزشمند,بی‌اهمیت,ممنوع,اختیاری در همه شرایط,A,احترام به والدین مورد تأکید آموزه‌های دینی است.,ترنم همدلی,original,1405
چهارم,,قرآن,قرآن,بخش 5,شکر,,متوسط,شکرگزاری یعنی چه؟,شناخت نعمت و قدردانی,نادیده گرفتن نعمت,اسراف,ناامیدی,A,شکر شامل شناخت نعمت و قدردانی است.,ترنم همدلی,original,1405
چهارم,,قرآن,قرآن,بخش 6,عمل صالح,,متوسط,عمل صالح چیست؟,کار شایسته,کار زیان‌آور,دروغ,ظلم,A,عمل صالح یعنی رفتار شایسته و نیک.,ترنم همدلی,original,1405
پنجم,,ریاضی,ریاضی,بخش 1,عددهای صحیح و گویا,,متوسط,حاصل  -3+8  کدام است؟,3,5,-5,11,B,-3+8=5.,ترنم همدلی,original,1405
پنجم,,ریاضی,ریاضی,بخش 2,جبر و عبارت‌ها,,متوسط,اگر x=4 باشد، مقدار 3x-2 چیست؟,8,10,12,14,B,3×4-2=10.,ترنم همدلی,original,1405
پنجم,,ریاضی,ریاضی,بخش 3,توان و ریشه,,متوسط,کدام گزینه برابر 2^5 است؟,10,16,32,64,C,2^5=32.,ترنم همدلی,original,1405
پنجم,,ریاضی,ریاضی,بخش 4,هندسه,,متوسط,مجموع زاویه‌های داخلی مثلث چند درجه است؟,90,180,270,360,B,مجموع زاویه‌های داخلی مثلث 180 درجه است.,ترنم همدلی,original,1405
پنجم,,ریاضی,ریاضی,بخش 5,تناسب و درصد,,متوسط,25 درصد عدد 80 چند است؟,10,15,20,25,C,80×0.25=20.,ترنم همدلی,original,1405
پنجم,,ریاضی,ریاضی,بخش 6,احتمال و آمار,,متوسط,میانگین 4، 6 و 8 چند است؟,5,6,7,8,B,(4+6+8)÷3=6.,ترنم همدلی,original,1405
پنجم,,علوم,علوم,بخش 1,اندازه‌گیری,,متوسط,واحد SI طول کدام است؟,سانتی‌متر,متر,کیلومتر,میلی‌متر,B,واحد پایه طول در SI متر است.,ترنم همدلی,original,1405
پنجم,,علوم,علوم,بخش 2,ماده و تغییرات,,متوسط,کدام مورد تغییر فیزیکی است؟,سوختن چوب,زنگ‌زدن آهن,ذوب شدن یخ,پختن غذا,C,در ذوب شدن یخ ماده جدیدی تشکیل نمی‌شود.,ترنم همدلی,original,1405
پنجم,,علوم,علوم,بخش 3,انرژی,,متوسط,کدام منبع تجدیدپذیر است؟,نفت,زغال‌سنگ,باد,گاز طبیعی,C,باد منبع انرژی تجدیدپذیر است.,ترنم همدلی,original,1405
پنجم,,علوم,علوم,بخش 4,زیست و بدن,,متوسط,واحد بنیادی حیات چیست؟,بافت,سلول,اندام,دستگاه,B,سلول واحد بنیادی حیات است.,ترنم همدلی,original,1405
پنجم,,علوم,علوم,بخش 5,نیرو و حرکت,,متوسط,واحد نیرو در SI چیست؟,ژول,وات,نیوتن,پاسکال,C,واحد نیرو نیوتن است.,ترنم همدلی,original,1405
پنجم,,علوم,علوم,بخش 6,زمین و فضا,,متوسط,کدام لایه زمین ضخیم‌تر از پوسته است؟,هسته,گوشته,جو,آب‌کره,B,گوشته زیر پوسته قرار دارد و بسیار ضخیم‌تر است.,ترنم همدلی,original,1405
پنجم,,فارسی,فارسی,بخش 1,واژگان,,متوسط,کدام واژه با «کوشش» هم‌معنی است؟,تلاش,آرامش,دانش,آرایش,A,تلاش با کوشش هم‌معناست.,ترنم همدلی,original,1405
پنجم,,فارسی,فارسی,بخش 2,دستور زبان,,متوسط,در جمله «دانش‌آموز کتاب را خواند»، مفعول کدام است؟,دانش‌آموز,کتاب,خواند,را,B,کتاب مفعول است و «را» نشانه مفعول است.,ترنم همدلی,original,1405
پنجم,,فارسی,فارسی,بخش 3,آرایه ادبی,,متوسط,در «لبش چون لعل بود» کدام آرایه برجسته است؟,تشبیه,تضاد,جناس,کنایه,A,لب به لعل تشبیه شده است.,ترنم همدلی,original,1405
پنجم,,فارسی,فارسی,بخش 4,املاء,,متوسط,کدام گزینه درست نوشته شده است؟,مسئول,مسول,مسئولل,مسعول,A,املای درست «مسئول» است.,ترنم همدلی,original,1405
پنجم,,فارسی,فارسی,بخش 5,معنی و مفهوم,,متوسط,مفهوم «از تو حرکت، از خدا برکت» چیست؟,بی‌تلاشی,ضرورت تلاش,ترس از آینده,بی‌نظمی,B,ضرب‌المثل بر نقش تلاش انسان تأکید دارد.,ترنم همدلی,original,1405
پنجم,,فارسی,فارسی,بخش 6,نگارش,,متوسط,کدام مورد برای یک بند منسجم ضروری‌تر است؟,بی‌ربطی جمله‌ها,وحدت موضوع,تکرار واژه‌ها,حذف جمله اصلی,B,وحدت موضوع انسجام بند را بیشتر می‌کند.,ترنم همدلی,original,1405
پنجم,,عربی,عربی,بخش 1,ترجمه,,متوسط,معنی «هؤلاء الطلاب» چیست؟,آن دانش‌آموزان,این دانش‌آموزان,این معلم,آن معلمان,B,هؤلاء برای اشاره نزدیک جمع است.,ترنم همدلی,original,1405
پنجم,,عربی,عربی,بخش 2,اسم اشاره,,متوسط,کدام گزینه برای مفرد مذکر نزدیک درست است؟,هذه,هؤلاء,هذا,ذلک,C,هذا برای مفرد مذکر نزدیک است.,ترنم همدلی,original,1405
پنجم,,عربی,عربی,بخش 3,فعل ماضی,,متوسط,معنی «کَتَبَ» چیست؟,می‌نویسد,نوشت,خواهد نوشت,بخوان,B,کَتَبَ فعل ماضی به معنی نوشت است.,ترنم همدلی,original,1405
پنجم,,عربی,عربی,بخش 4,مفرد و جمع,,متوسط,جمع «کتاب» در عربی کدام است؟,کتابات,کتب,کاتبون,مکتب,B,جمع مکسر کتاب، کتب است.,ترنم همدلی,original,1405
پنجم,,عربی,عربی,بخش 5,ضمیر,,متوسط,«هُوَ» به چه معناست؟,او مذکر,او مؤنث,آن دو,آنان,A,هو ضمیر مفرد مذکر است.,ترنم همدلی,original,1405
پنجم,,عربی,عربی,بخش 6,صفت و موصوف,,متوسط,در «الطالبُ المجتهدُ» کدام واژه صفت است؟,الطالب,المجتهد,ال,هیچ‌کدام,B,المجتهد صفت الطالب است.,ترنم همدلی,original,1405
پنجم,,انگلیسی,انگلیسی,بخش 1,واژگان,,متوسط,"meaning of ""book"" چیست؟",مدرسه,کتاب,دفتر,مداد,B,book یعنی کتاب.,ترنم همدلی,original,1405
پنجم,,انگلیسی,انگلیسی,بخش 2,افعال be,,متوسط,کدام جمله درست است؟,He are a student.,He is a student.,He am a student.,He be a student.,B,برای he از is استفاده می‌شود.,ترنم همدلی,original,1405
پنجم,,انگلیسی,انگلیسی,بخش 3,گذشته ساده,,متوسط,گذشته فعل go کدام است؟,goed,gone,went,going,C,گذشته ساده go، went است.,ترنم همدلی,original,1405
پنجم,,انگلیسی,انگلیسی,بخش 4,متضادها,,متوسط,opposite of expensive چیست؟,cheap,large,strong,early,A,cheap متضاد expensive است.,ترنم همدلی,original,1405
پنجم,,انگلیسی,انگلیسی,بخش 5,ضمیرها,,متوسط,کدام ضمیر برای «مریم و من» مناسب است؟,he,she,we,it,C,برای مریم و من از we استفاده می‌شود.,ترنم همدلی,original,1405
پنجم,,انگلیسی,انگلیسی,بخش 6,حال ساده,,متوسط,کدام جمله درست است؟,She play tennis.,She plays tennis.,She playing tennis.,She played tennis every day.,B,در سوم‌شخص مفرد فعل حال ساده معمولاً s می‌گیرد.,ترنم همدلی,original,1405
پنجم,,مطالعات اجتماعی,مطالعات اجتماعی,بخش 1,جغرافیا,,متوسط,کدام مورد از عناصر آب‌وهواست؟,دما,تعداد مدرسه,تعداد خودرو,نوع زبان,A,دما از عناصر آب‌وهواست.,ترنم همدلی,original,1405
پنجم,,مطالعات اجتماعی,مطالعات اجتماعی,بخش 2,تاریخ,,متوسط,منبع دست‌اول تاریخی کدام است؟,خاطرات شاهد رویداد,کتاب درسی جدید,خلاصه اینترنتی,نظر دانش‌آموز,A,خاطرات شاهد مستقیم منبع دست‌اول محسوب می‌شود.,ترنم همدلی,original,1405
پنجم,,مطالعات اجتماعی,مطالعات اجتماعی,بخش 3,مدنی,,متوسط,کدام مورد نمونه مسئولیت شهروندی است؟,رعایت قانون,بی‌توجهی به حقوق دیگران,تخریب اموال عمومی,فرار از مسئولیت,A,رعایت قانون از مسئولیت‌های شهروندی است.,ترنم همدلی,original,1405
پنجم,,مطالعات اجتماعی,مطالعات اجتماعی,بخش 4,نقشه,,متوسط,مقیاس نقشه چه چیزی را نشان می‌دهد؟,رابطه فاصله روی نقشه و واقعیت,جهت شمال,ارتفاع کوه,جمعیت شهر,A,مقیاس رابطه فاصله نقشه با فاصله واقعی را نشان می‌دهد.,ترنم همدلی,original,1405
پنجم,,مطالعات اجتماعی,مطالعات اجتماعی,بخش 5,اقتصاد خانواده,,متوسط,پس‌انداز چه فایده‌ای دارد؟,افزایش هزینه‌های غیرضروری,آمادگی برای نیازهای آینده,حذف بودجه,افزایش بدهی,B,پس‌انداز برای نیازهای آینده مفید است.,ترنم همدلی,original,1405
پنجم,,مطالعات اجتماعی,مطالعات اجتماعی,بخش 6,جامعه,,متوسط,قانون چه نقشی در جامعه دارد؟,ایجاد نظم,افزایش بی‌نظمی,حذف مسئولیت,کاهش همکاری,A,قانون به ایجاد نظم و تنظیم روابط کمک می‌کند.,ترنم همدلی,original,1405
پنجم,,پیام‌های آسمان,پیام‌های آسمان,بخش 1,توحید,,متوسط,توحید به چه معناست؟,یگانگی خداوند,تعدد خدایان,انکار خدا,پرستش انسان,A,توحید یعنی یگانگی خداوند.,ترنم همدلی,original,1405
پنجم,,پیام‌های آسمان,پیام‌های آسمان,بخش 2,نبوت,,متوسط,پیامبران برای چه هدفی فرستاده شدند؟,هدایت انسان,افزایش ثروت,رقابت سیاسی,حذف اختیار,A,هدف اصلی رسالت، هدایت انسان‌هاست.,ترنم همدلی,original,1405
پنجم,,پیام‌های آسمان,پیام‌های آسمان,بخش 3,معاد,,متوسط,معاد به چه معناست؟,بازگشت و زندگی پس از مرگ,تولد دوباره زمین,تغییر فصل,سفر زمینی,A,معاد به زندگی پس از مرگ اشاره دارد.,ترنم همدلی,original,1405
پنجم,,پیام‌های آسمان,پیام‌های آسمان,بخش 4,اخلاق,,متوسط,کدام رفتار نمونه امانت‌داری است؟,حفظ مال سپرده‌شده,پنهان کردن خیانت,تخریب مال دیگران,دروغ‌گویی,A,حفظ امانت نشانه امانت‌داری است.,ترنم همدلی,original,1405
پنجم,,پیام‌های آسمان,پیام‌های آسمان,بخش 5,نماز,,متوسط,نماز در آموزه‌های اسلامی چه جایگاهی دارد؟,عبادت مهم,فعالیت اقتصادی,تفریح,درس مدرسه,A,نماز از عبادت‌های مهم اسلامی است.,ترنم همدلی,original,1405
پنجم,,پیام‌های آسمان,پیام‌های آسمان,بخش 6,مسئولیت,,متوسط,امر به معروف با چه هدفی انجام می‌شود؟,تقویت رفتار درست,تحقیر دیگران,ایجاد دشمنی,بی‌قانونی,A,هدف آن دعوت به کار نیک و اصلاح است.,ترنم همدلی,original,1405
پنجم,,قرآن,قرآن,بخش 1,تلاوت,,متوسط,تلاوت قرآن یعنی چه؟,خواندن قرآن,نوشتن تاریخ,محاسبه,نقاشی,A,تلاوت یعنی خواندن قرآن.,ترنم همدلی,original,1405
پنجم,,قرآن,قرآن,بخش 2,تدبر,,متوسط,تدبر در قرآن چه معنایی دارد؟,اندیشیدن در مفاهیم آیات,حفظ بدون فهم,ترجمه ماشینی,بی‌توجهی,A,تدبر به اندیشیدن و تأمل در آیات اشاره دارد.,ترنم همدلی,original,1405
پنجم,,قرآن,قرآن,بخش 3,اخلاق قرآنی,,متوسط,کدام رفتار با آموزه‌های قرآنی سازگارتر است؟,راستگویی,دروغ,ظلم,خیانت,A,راستگویی از فضایل اخلاقی است.,ترنم همدلی,original,1405
پنجم,,قرآن,قرآن,بخش 4,احترام,,متوسط,احترام به والدین در قرآن چه جایگاهی دارد؟,ارزشمند,بی‌اهمیت,ممنوع,اختیاری در همه شرایط,A,احترام به والدین مورد تأکید آموزه‌های دینی است.,ترنم همدلی,original,1405
پنجم,,قرآن,قرآن,بخش 5,شکر,,متوسط,شکرگزاری یعنی چه؟,شناخت نعمت و قدردانی,نادیده گرفتن نعمت,اسراف,ناامیدی,A,شکر شامل شناخت نعمت و قدردانی است.,ترنم همدلی,original,1405
پنجم,,قرآن,قرآن,بخش 6,عمل صالح,,متوسط,عمل صالح چیست؟,کار شایسته,کار زیان‌آور,دروغ,ظلم,A,عمل صالح یعنی رفتار شایسته و نیک.,ترنم همدلی,original,1405
ششم,,ریاضی,ریاضی,بخش 1,عددهای صحیح و گویا,,متوسط,حاصل  -3+8  کدام است؟,3,5,-5,11,B,-3+8=5.,ترنم همدلی,original,1405
ششم,,ریاضی,ریاضی,بخش 2,جبر و عبارت‌ها,,متوسط,اگر x=4 باشد، مقدار 3x-2 چیست؟,8,10,12,14,B,3×4-2=10.,ترنم همدلی,original,1405
ششم,,ریاضی,ریاضی,بخش 3,توان و ریشه,,متوسط,کدام گزینه برابر 2^5 است؟,10,16,32,64,C,2^5=32.,ترنم همدلی,original,1405
ششم,,ریاضی,ریاضی,بخش 4,هندسه,,متوسط,مجموع زاویه‌های داخلی مثلث چند درجه است؟,90,180,270,360,B,مجموع زاویه‌های داخلی مثلث 180 درجه است.,ترنم همدلی,original,1405
ششم,,ریاضی,ریاضی,بخش 5,تناسب و درصد,,متوسط,25 درصد عدد 80 چند است؟,10,15,20,25,C,80×0.25=20.,ترنم همدلی,original,1405
ششم,,ریاضی,ریاضی,بخش 6,احتمال و آمار,,متوسط,میانگین 4، 6 و 8 چند است؟,5,6,7,8,B,(4+6+8)÷3=6.,ترنم همدلی,original,1405
ششم,,علوم,علوم,بخش 1,اندازه‌گیری,,متوسط,واحد SI طول کدام است؟,سانتی‌متر,متر,کیلومتر,میلی‌متر,B,واحد پایه طول در SI متر است.,ترنم همدلی,original,1405
ششم,,علوم,علوم,بخش 2,ماده و تغییرات,,متوسط,کدام مورد تغییر فیزیکی است؟,سوختن چوب,زنگ‌زدن آهن,ذوب شدن یخ,پختن غذا,C,در ذوب شدن یخ ماده جدیدی تشکیل نمی‌شود.,ترنم همدلی,original,1405
ششم,,علوم,علوم,بخش 3,انرژی,,متوسط,کدام منبع تجدیدپذیر است؟,نفت,زغال‌سنگ,باد,گاز طبیعی,C,باد منبع انرژی تجدیدپذیر است.,ترنم همدلی,original,1405
ششم,,علوم,علوم,بخش 4,زیست و بدن,,متوسط,واحد بنیادی حیات چیست؟,بافت,سلول,اندام,دستگاه,B,سلول واحد بنیادی حیات است.,ترنم همدلی,original,1405
ششم,,علوم,علوم,بخش 5,نیرو و حرکت,,متوسط,واحد نیرو در SI چیست؟,ژول,وات,نیوتن,پاسکال,C,واحد نیرو نیوتن است.,ترنم همدلی,original,1405
ششم,,علوم,علوم,بخش 6,زمین و فضا,,متوسط,کدام لایه زمین ضخیم‌تر از پوسته است؟,هسته,گوشته,جو,آب‌کره,B,گوشته زیر پوسته قرار دارد و بسیار ضخیم‌تر است.,ترنم همدلی,original,1405
ششم,,فارسی,فارسی,بخش 1,واژگان,,متوسط,کدام واژه با «کوشش» هم‌معنی است؟,تلاش,آرامش,دانش,آرایش,A,تلاش با کوشش هم‌معناست.,ترنم همدلی,original,1405
ششم,,فارسی,فارسی,بخش 2,دستور زبان,,متوسط,در جمله «دانش‌آموز کتاب را خواند»، مفعول کدام است؟,دانش‌آموز,کتاب,خواند,را,B,کتاب مفعول است و «را» نشانه مفعول است.,ترنم همدلی,original,1405
ششم,,فارسی,فارسی,بخش 3,آرایه ادبی,,متوسط,در «لبش چون لعل بود» کدام آرایه برجسته است؟,تشبیه,تضاد,جناس,کنایه,A,لب به لعل تشبیه شده است.,ترنم همدلی,original,1405
ششم,,فارسی,فارسی,بخش 4,املاء,,متوسط,کدام گزینه درست نوشته شده است؟,مسئول,مسول,مسئولل,مسعول,A,املای درست «مسئول» است.,ترنم همدلی,original,1405
ششم,,فارسی,فارسی,بخش 5,معنی و مفهوم,,متوسط,مفهوم «از تو حرکت، از خدا برکت» چیست؟,بی‌تلاشی,ضرورت تلاش,ترس از آینده,بی‌نظمی,B,ضرب‌المثل بر نقش تلاش انسان تأکید دارد.,ترنم همدلی,original,1405
ششم,,فارسی,فارسی,بخش 6,نگارش,,متوسط,کدام مورد برای یک بند منسجم ضروری‌تر است؟,بی‌ربطی جمله‌ها,وحدت موضوع,تکرار واژه‌ها,حذف جمله اصلی,B,وحدت موضوع انسجام بند را بیشتر می‌کند.,ترنم همدلی,original,1405
ششم,,عربی,عربی,بخش 1,ترجمه,,متوسط,معنی «هؤلاء الطلاب» چیست؟,آن دانش‌آموزان,این دانش‌آموزان,این معلم,آن معلمان,B,هؤلاء برای اشاره نزدیک جمع است.,ترنم همدلی,original,1405
ششم,,عربی,عربی,بخش 2,اسم اشاره,,متوسط,کدام گزینه برای مفرد مذکر نزدیک درست است؟,هذه,هؤلاء,هذا,ذلک,C,هذا برای مفرد مذکر نزدیک است.,ترنم همدلی,original,1405
ششم,,عربی,عربی,بخش 3,فعل ماضی,,متوسط,معنی «کَتَبَ» چیست؟,می‌نویسد,نوشت,خواهد نوشت,بخوان,B,کَتَبَ فعل ماضی به معنی نوشت است.,ترنم همدلی,original,1405
ششم,,عربی,عربی,بخش 4,مفرد و جمع,,متوسط,جمع «کتاب» در عربی کدام است؟,کتابات,کتب,کاتبون,مکتب,B,جمع مکسر کتاب، کتب است.,ترنم همدلی,original,1405
ششم,,عربی,عربی,بخش 5,ضمیر,,متوسط,«هُوَ» به چه معناست؟,او مذکر,او مؤنث,آن دو,آنان,A,هو ضمیر مفرد مذکر است.,ترنم همدلی,original,1405
ششم,,عربی,عربی,بخش 6,صفت و موصوف,,متوسط,در «الطالبُ المجتهدُ» کدام واژه صفت است؟,الطالب,المجتهد,ال,هیچ‌کدام,B,المجتهد صفت الطالب است.,ترنم همدلی,original,1405
ششم,,انگلیسی,انگلیسی,بخش 1,واژگان,,متوسط,"meaning of ""book"" چیست؟",مدرسه,کتاب,دفتر,مداد,B,book یعنی کتاب.,ترنم همدلی,original,1405
ششم,,انگلیسی,انگلیسی,بخش 2,افعال be,,متوسط,کدام جمله درست است؟,He are a student.,He is a student.,He am a student.,He be a student.,B,برای he از is استفاده می‌شود.,ترنم همدلی,original,1405
ششم,,انگلیسی,انگلیسی,بخش 3,گذشته ساده,,متوسط,گذشته فعل go کدام است؟,goed,gone,went,going,C,گذشته ساده go، went است.,ترنم همدلی,original,1405
ششم,,انگلیسی,انگلیسی,بخش 4,متضادها,,متوسط,opposite of expensive چیست؟,cheap,large,strong,early,A,cheap متضاد expensive است.,ترنم همدلی,original,1405
ششم,,انگلیسی,انگلیسی,بخش 5,ضمیرها,,متوسط,کدام ضمیر برای «مریم و من» مناسب است؟,he,she,we,it,C,برای مریم و من از we استفاده می‌شود.,ترنم همدلی,original,1405
ششم,,انگلیسی,انگلیسی,بخش 6,حال ساده,,متوسط,کدام جمله درست است؟,She play tennis.,She plays tennis.,She playing tennis.,She played tennis every day.,B,در سوم‌شخص مفرد فعل حال ساده معمولاً s می‌گیرد.,ترنم همدلی,original,1405
ششم,,مطالعات اجتماعی,مطالعات اجتماعی,بخش 1,جغرافیا,,متوسط,کدام مورد از عناصر آب‌وهواست؟,دما,تعداد مدرسه,تعداد خودرو,نوع زبان,A,دما از عناصر آب‌وهواست.,ترنم همدلی,original,1405
ششم,,مطالعات اجتماعی,مطالعات اجتماعی,بخش 2,تاریخ,,متوسط,منبع دست‌اول تاریخی کدام است؟,خاطرات شاهد رویداد,کتاب درسی جدید,خلاصه اینترنتی,نظر دانش‌آموز,A,خاطرات شاهد مستقیم منبع دست‌اول محسوب می‌شود.,ترنم همدلی,original,1405
ششم,,مطالعات اجتماعی,مطالعات اجتماعی,بخش 3,مدنی,,متوسط,کدام مورد نمونه مسئولیت شهروندی است؟,رعایت قانون,بی‌توجهی به حقوق دیگران,تخریب اموال عمومی,فرار از مسئولیت,A,رعایت قانون از مسئولیت‌های شهروندی است.,ترنم همدلی,original,1405
ششم,,مطالعات اجتماعی,مطالعات اجتماعی,بخش 4,نقشه,,متوسط,مقیاس نقشه چه چیزی را نشان می‌دهد؟,رابطه فاصله روی نقشه و واقعیت,جهت شمال,ارتفاع کوه,جمعیت شهر,A,مقیاس رابطه فاصله نقشه با فاصله واقعی را نشان می‌دهد.,ترنم همدلی,original,1405
ششم,,مطالعات اجتماعی,مطالعات اجتماعی,بخش 5,اقتصاد خانواده,,متوسط,پس‌انداز چه فایده‌ای دارد؟,افزایش هزینه‌های غیرضروری,آمادگی برای نیازهای آینده,حذف بودجه,افزایش بدهی,B,پس‌انداز برای نیازهای آینده مفید است.,ترنم همدلی,original,1405
ششم,,مطالعات اجتماعی,مطالعات اجتماعی,بخش 6,جامعه,,متوسط,قانون چه نقشی در جامعه دارد؟,ایجاد نظم,افزایش بی‌نظمی,حذف مسئولیت,کاهش همکاری,A,قانون به ایجاد نظم و تنظیم روابط کمک می‌کند.,ترنم همدلی,original,1405
ششم,,پیام‌های آسمان,پیام‌های آسمان,بخش 1,توحید,,متوسط,توحید به چه معناست؟,یگانگی خداوند,تعدد خدایان,انکار خدا,پرستش انسان,A,توحید یعنی یگانگی خداوند.,ترنم همدلی,original,1405
ششم,,پیام‌های آسمان,پیام‌های آسمان,بخش 2,نبوت,,متوسط,پیامبران برای چه هدفی فرستاده شدند؟,هدایت انسان,افزایش ثروت,رقابت سیاسی,حذف اختیار,A,هدف اصلی رسالت، هدایت انسان‌هاست.,ترنم همدلی,original,1405
ششم,,پیام‌های آسمان,پیام‌های آسمان,بخش 3,معاد,,متوسط,معاد به چه معناست؟,بازگشت و زندگی پس از مرگ,تولد دوباره زمین,تغییر فصل,سفر زمینی,A,معاد به زندگی پس از مرگ اشاره دارد.,ترنم همدلی,original,1405
ششم,,پیام‌های آسمان,پیام‌های آسمان,بخش 4,اخلاق,,متوسط,کدام رفتار نمونه امانت‌داری است؟,حفظ مال سپرده‌شده,پنهان کردن خیانت,تخریب مال دیگران,دروغ‌گویی,A,حفظ امانت نشانه امانت‌داری است.,ترنم همدلی,original,1405
ششم,,پیام‌های آسمان,پیام‌های آسمان,بخش 5,نماز,,متوسط,نماز در آموزه‌های اسلامی چه جایگاهی دارد؟,عبادت مهم,فعالیت اقتصادی,تفریح,درس مدرسه,A,نماز از عبادت‌های مهم اسلامی است.,ترنم همدلی,original,1405
ششم,,پیام‌های آسمان,پیام‌های آسمان,بخش 6,مسئولیت,,متوسط,امر به معروف با چه هدفی انجام می‌شود؟,تقویت رفتار درست,تحقیر دیگران,ایجاد دشمنی,بی‌قانونی,A,هدف آن دعوت به کار نیک و اصلاح است.,ترنم همدلی,original,1405
ششم,,قرآن,قرآن,بخش 1,تلاوت,,متوسط,تلاوت قرآن یعنی چه؟,خواندن قرآن,نوشتن تاریخ,محاسبه,نقاشی,A,تلاوت یعنی خواندن قرآن.,ترنم همدلی,original,1405
ششم,,قرآن,قرآن,بخش 2,تدبر,,متوسط,تدبر در قرآن چه معنایی دارد؟,اندیشیدن در مفاهیم آیات,حفظ بدون فهم,ترجمه ماشینی,بی‌توجهی,A,تدبر به اندیشیدن و تأمل در آیات اشاره دارد.,ترنم همدلی,original,1405
ششم,,قرآن,قرآن,بخش 3,اخلاق قرآنی,,متوسط,کدام رفتار با آموزه‌های قرآنی سازگارتر است؟,راستگویی,دروغ,ظلم,خیانت,A,راستگویی از فضایل اخلاقی است.,ترنم همدلی,original,1405
ششم,,قرآن,قرآن,بخش 4,احترام,,متوسط,احترام به والدین در قرآن چه جایگاهی دارد؟,ارزشمند,بی‌اهمیت,ممنوع,اختیاری در همه شرایط,A,احترام به والدین مورد تأکید آموزه‌های دینی است.,ترنم همدلی,original,1405
ششم,,قرآن,قرآن,بخش 5,شکر,,متوسط,شکرگزاری یعنی چه؟,شناخت نعمت و قدردانی,نادیده گرفتن نعمت,اسراف,ناامیدی,A,شکر شامل شناخت نعمت و قدردانی است.,ترنم همدلی,original,1405
ششم,,قرآن,قرآن,بخش 6,عمل صالح,,متوسط,عمل صالح چیست؟,کار شایسته,کار زیان‌آور,دروغ,ظلم,A,عمل صالح یعنی رفتار شایسته و نیک.,ترنم همدلی,original,1405
هفتم,,ریاضی,ریاضی,بخش 1,عددهای صحیح و گویا,,متوسط,حاصل  -3+8  کدام است؟,3,5,-5,11,B,-3+8=5.,ترنم همدلی,original,1405
هفتم,,ریاضی,ریاضی,بخش 2,جبر و عبارت‌ها,,متوسط,اگر x=4 باشد، مقدار 3x-2 چیست؟,8,10,12,14,B,3×4-2=10.,ترنم همدلی,original,1405
هفتم,,ریاضی,ریاضی,بخش 3,توان و ریشه,,متوسط,کدام گزینه برابر 2^5 است؟,10,16,32,64,C,2^5=32.,ترنم همدلی,original,1405
هفتم,,ریاضی,ریاضی,بخش 4,هندسه,,متوسط,مجموع زاویه‌های داخلی مثلث چند درجه است؟,90,180,270,360,B,مجموع زاویه‌های داخلی مثلث 180 درجه است.,ترنم همدلی,original,1405
هفتم,,ریاضی,ریاضی,بخش 5,تناسب و درصد,,متوسط,25 درصد عدد 80 چند است؟,10,15,20,25,C,80×0.25=20.,ترنم همدلی,original,1405
هفتم,,ریاضی,ریاضی,بخش 6,احتمال و آمار,,متوسط,میانگین 4، 6 و 8 چند است؟,5,6,7,8,B,(4+6+8)÷3=6.,ترنم همدلی,original,1405
هفتم,,علوم,علوم,بخش 1,اندازه‌گیری,,متوسط,واحد SI طول کدام است؟,سانتی‌متر,متر,کیلومتر,میلی‌متر,B,واحد پایه طول در SI متر است.,ترنم همدلی,original,1405
هفتم,,علوم,علوم,بخش 2,ماده و تغییرات,,متوسط,کدام مورد تغییر فیزیکی است؟,سوختن چوب,زنگ‌زدن آهن,ذوب شدن یخ,پختن غذا,C,در ذوب شدن یخ ماده جدیدی تشکیل نمی‌شود.,ترنم همدلی,original,1405
هفتم,,علوم,علوم,بخش 3,انرژی,,متوسط,کدام منبع تجدیدپذیر است؟,نفت,زغال‌سنگ,باد,گاز طبیعی,C,باد منبع انرژی تجدیدپذیر است.,ترنم همدلی,original,1405
هفتم,,علوم,علوم,بخش 4,زیست و بدن,,متوسط,واحد بنیادی حیات چیست؟,بافت,سلول,اندام,دستگاه,B,سلول واحد بنیادی حیات است.,ترنم همدلی,original,1405
هفتم,,علوم,علوم,بخش 5,نیرو و حرکت,,متوسط,واحد نیرو در SI چیست؟,ژول,وات,نیوتن,پاسکال,C,واحد نیرو نیوتن است.,ترنم همدلی,original,1405
هفتم,,علوم,علوم,بخش 6,زمین و فضا,,متوسط,کدام لایه زمین ضخیم‌تر از پوسته است؟,هسته,گوشته,جو,آب‌کره,B,گوشته زیر پوسته قرار دارد و بسیار ضخیم‌تر است.,ترنم همدلی,original,1405
هفتم,,فارسی,فارسی,بخش 1,واژگان,,متوسط,کدام واژه با «کوشش» هم‌معنی است؟,تلاش,آرامش,دانش,آرایش,A,تلاش با کوشش هم‌معناست.,ترنم همدلی,original,1405
هفتم,,فارسی,فارسی,بخش 2,دستور زبان,,متوسط,در جمله «دانش‌آموز کتاب را خواند»، مفعول کدام است؟,دانش‌آموز,کتاب,خواند,را,B,کتاب مفعول است و «را» نشانه مفعول است.,ترنم همدلی,original,1405
هفتم,,فارسی,فارسی,بخش 3,آرایه ادبی,,متوسط,در «لبش چون لعل بود» کدام آرایه برجسته است؟,تشبیه,تضاد,جناس,کنایه,A,لب به لعل تشبیه شده است.,ترنم همدلی,original,1405
هفتم,,فارسی,فارسی,بخش 4,املاء,,متوسط,کدام گزینه درست نوشته شده است؟,مسئول,مسول,مسئولل,مسعول,A,املای درست «مسئول» است.,ترنم همدلی,original,1405
هفتم,,فارسی,فارسی,بخش 5,معنی و مفهوم,,متوسط,مفهوم «از تو حرکت، از خدا برکت» چیست؟,بی‌تلاشی,ضرورت تلاش,ترس از آینده,بی‌نظمی,B,ضرب‌المثل بر نقش تلاش انسان تأکید دارد.,ترنم همدلی,original,1405
هفتم,,فارسی,فارسی,بخش 6,نگارش,,متوسط,کدام مورد برای یک بند منسجم ضروری‌تر است؟,بی‌ربطی جمله‌ها,وحدت موضوع,تکرار واژه‌ها,حذف جمله اصلی,B,وحدت موضوع انسجام بند را بیشتر می‌کند.,ترنم همدلی,original,1405
هفتم,,عربی,عربی,بخش 1,ترجمه,,متوسط,معنی «هؤلاء الطلاب» چیست؟,آن دانش‌آموزان,این دانش‌آموزان,این معلم,آن معلمان,B,هؤلاء برای اشاره نزدیک جمع است.,ترنم همدلی,original,1405
هفتم,,عربی,عربی,بخش 2,اسم اشاره,,متوسط,کدام گزینه برای مفرد مذکر نزدیک درست است؟,هذه,هؤلاء,هذا,ذلک,C,هذا برای مفرد مذکر نزدیک است.,ترنم همدلی,original,1405
هفتم,,عربی,عربی,بخش 3,فعل ماضی,,متوسط,معنی «کَتَبَ» چیست؟,می‌نویسد,نوشت,خواهد نوشت,بخوان,B,کَتَبَ فعل ماضی به معنی نوشت است.,ترنم همدلی,original,1405
هفتم,,عربی,عربی,بخش 4,مفرد و جمع,,متوسط,جمع «کتاب» در عربی کدام است؟,کتابات,کتب,کاتبون,مکتب,B,جمع مکسر کتاب، کتب است.,ترنم همدلی,original,1405
هفتم,,عربی,عربی,بخش 5,ضمیر,,متوسط,«هُوَ» به چه معناست؟,او مذکر,او مؤنث,آن دو,آنان,A,هو ضمیر مفرد مذکر است.,ترنم همدلی,original,1405
هفتم,,عربی,عربی,بخش 6,صفت و موصوف,,متوسط,در «الطالبُ المجتهدُ» کدام واژه صفت است؟,الطالب,المجتهد,ال,هیچ‌کدام,B,المجتهد صفت الطالب است.,ترنم همدلی,original,1405
هفتم,,انگلیسی,انگلیسی,بخش 1,واژگان,,متوسط,"meaning of ""book"" چیست؟",مدرسه,کتاب,دفتر,مداد,B,book یعنی کتاب.,ترنم همدلی,original,1405
هفتم,,انگلیسی,انگلیسی,بخش 2,افعال be,,متوسط,کدام جمله درست است؟,He are a student.,He is a student.,He am a student.,He be a student.,B,برای he از is استفاده می‌شود.,ترنم همدلی,original,1405
هفتم,,انگلیسی,انگلیسی,بخش 3,گذشته ساده,,متوسط,گذشته فعل go کدام است؟,goed,gone,went,going,C,گذشته ساده go، went است.,ترنم همدلی,original,1405
هفتم,,انگلیسی,انگلیسی,بخش 4,متضادها,,متوسط,opposite of expensive چیست؟,cheap,large,strong,early,A,cheap متضاد expensive است.,ترنم همدلی,original,1405
هفتم,,انگلیسی,انگلیسی,بخش 5,ضمیرها,,متوسط,کدام ضمیر برای «مریم و من» مناسب است؟,he,she,we,it,C,برای مریم و من از we استفاده می‌شود.,ترنم همدلی,original,1405
هفتم,,انگلیسی,انگلیسی,بخش 6,حال ساده,,متوسط,کدام جمله درست است؟,She play tennis.,She plays tennis.,She playing tennis.,She played tennis every day.,B,در سوم‌شخص مفرد فعل حال ساده معمولاً s می‌گیرد.,ترنم همدلی,original,1405
هفتم,,مطالعات اجتماعی,مطالعات اجتماعی,بخش 1,جغرافیا,,متوسط,کدام مورد از عناصر آب‌وهواست؟,دما,تعداد مدرسه,تعداد خودرو,نوع زبان,A,دما از عناصر آب‌وهواست.,ترنم همدلی,original,1405
هفتم,,مطالعات اجتماعی,مطالعات اجتماعی,بخش 2,تاریخ,,متوسط,منبع دست‌اول تاریخی کدام است؟,خاطرات شاهد رویداد,کتاب درسی جدید,خلاصه اینترنتی,نظر دانش‌آموز,A,خاطرات شاهد مستقیم منبع دست‌اول محسوب می‌شود.,ترنم همدلی,original,1405
هفتم,,مطالعات اجتماعی,مطالعات اجتماعی,بخش 3,مدنی,,متوسط,کدام مورد نمونه مسئولیت شهروندی است؟,رعایت قانون,بی‌توجهی به حقوق دیگران,تخریب اموال عمومی,فرار از مسئولیت,A,رعایت قانون از مسئولیت‌های شهروندی است.,ترنم همدلی,original,1405
هفتم,,مطالعات اجتماعی,مطالعات اجتماعی,بخش 4,نقشه,,متوسط,مقیاس نقشه چه چیزی را نشان می‌دهد؟,رابطه فاصله روی نقشه و واقعیت,جهت شمال,ارتفاع کوه,جمعیت شهر,A,مقیاس رابطه فاصله نقشه با فاصله واقعی را نشان می‌دهد.,ترنم همدلی,original,1405
هفتم,,مطالعات اجتماعی,مطالعات اجتماعی,بخش 5,اقتصاد خانواده,,متوسط,پس‌انداز چه فایده‌ای دارد؟,افزایش هزینه‌های غیرضروری,آمادگی برای نیازهای آینده,حذف بودجه,افزایش بدهی,B,پس‌انداز برای نیازهای آینده مفید است.,ترنم همدلی,original,1405
هفتم,,مطالعات اجتماعی,مطالعات اجتماعی,بخش 6,جامعه,,متوسط,قانون چه نقشی در جامعه دارد؟,ایجاد نظم,افزایش بی‌نظمی,حذف مسئولیت,کاهش همکاری,A,قانون به ایجاد نظم و تنظیم روابط کمک می‌کند.,ترنم همدلی,original,1405
هفتم,,پیام‌های آسمان,پیام‌های آسمان,بخش 1,توحید,,متوسط,توحید به چه معناست؟,یگانگی خداوند,تعدد خدایان,انکار خدا,پرستش انسان,A,توحید یعنی یگانگی خداوند.,ترنم همدلی,original,1405
هفتم,,پیام‌های آسمان,پیام‌های آسمان,بخش 2,نبوت,,متوسط,پیامبران برای چه هدفی فرستاده شدند؟,هدایت انسان,افزایش ثروت,رقابت سیاسی,حذف اختیار,A,هدف اصلی رسالت، هدایت انسان‌هاست.,ترنم همدلی,original,1405
هفتم,,پیام‌های آسمان,پیام‌های آسمان,بخش 3,معاد,,متوسط,معاد به چه معناست؟,بازگشت و زندگی پس از مرگ,تولد دوباره زمین,تغییر فصل,سفر زمینی,A,معاد به زندگی پس از مرگ اشاره دارد.,ترنم همدلی,original,1405
هفتم,,پیام‌های آسمان,پیام‌های آسمان,بخش 4,اخلاق,,متوسط,کدام رفتار نمونه امانت‌داری است؟,حفظ مال سپرده‌شده,پنهان کردن خیانت,تخریب مال دیگران,دروغ‌گویی,A,حفظ امانت نشانه امانت‌داری است.,ترنم همدلی,original,1405
هفتم,,پیام‌های آسمان,پیام‌های آسمان,بخش 5,نماز,,متوسط,نماز در آموزه‌های اسلامی چه جایگاهی دارد؟,عبادت مهم,فعالیت اقتصادی,تفریح,درس مدرسه,A,نماز از عبادت‌های مهم اسلامی است.,ترنم همدلی,original,1405
هفتم,,پیام‌های آسمان,پیام‌های آسمان,بخش 6,مسئولیت,,متوسط,امر به معروف با چه هدفی انجام می‌شود؟,تقویت رفتار درست,تحقیر دیگران,ایجاد دشمنی,بی‌قانونی,A,هدف آن دعوت به کار نیک و اصلاح است.,ترنم همدلی,original,1405
هفتم,,قرآن,قرآن,بخش 1,تلاوت,,متوسط,تلاوت قرآن یعنی چه؟,خواندن قرآن,نوشتن تاریخ,محاسبه,نقاشی,A,تلاوت یعنی خواندن قرآن.,ترنم همدلی,original,1405
هفتم,,قرآن,قرآن,بخش 2,تدبر,,متوسط,تدبر در قرآن چه معنایی دارد؟,اندیشیدن در مفاهیم آیات,حفظ بدون فهم,ترجمه ماشینی,بی‌توجهی,A,تدبر به اندیشیدن و تأمل در آیات اشاره دارد.,ترنم همدلی,original,1405
هفتم,,قرآن,قرآن,بخش 3,اخلاق قرآنی,,متوسط,کدام رفتار با آموزه‌های قرآنی سازگارتر است؟,راستگویی,دروغ,ظلم,خیانت,A,راستگویی از فضایل اخلاقی است.,ترنم همدلی,original,1405
هفتم,,قرآن,قرآن,بخش 4,احترام,,متوسط,احترام به والدین در قرآن چه جایگاهی دارد؟,ارزشمند,بی‌اهمیت,ممنوع,اختیاری در همه شرایط,A,احترام به والدین مورد تأکید آموزه‌های دینی است.,ترنم همدلی,original,1405
هفتم,,قرآن,قرآن,بخش 5,شکر,,متوسط,شکرگزاری یعنی چه؟,شناخت نعمت و قدردانی,نادیده گرفتن نعمت,اسراف,ناامیدی,A,شکر شامل شناخت نعمت و قدردانی است.,ترنم همدلی,original,1405
هفتم,,قرآن,قرآن,بخش 6,عمل صالح,,متوسط,عمل صالح چیست؟,کار شایسته,کار زیان‌آور,دروغ,ظلم,A,عمل صالح یعنی رفتار شایسته و نیک.,ترنم همدلی,original,1405
هشتم,,ریاضی,ریاضی,بخش 1,عددهای صحیح و گویا,,متوسط,حاصل  -3+8  کدام است؟,3,5,-5,11,B,-3+8=5.,ترنم همدلی,original,1405
هشتم,,ریاضی,ریاضی,بخش 2,جبر و عبارت‌ها,,متوسط,اگر x=4 باشد، مقدار 3x-2 چیست؟,8,10,12,14,B,3×4-2=10.,ترنم همدلی,original,1405
هشتم,,ریاضی,ریاضی,بخش 3,توان و ریشه,,متوسط,کدام گزینه برابر 2^5 است؟,10,16,32,64,C,2^5=32.,ترنم همدلی,original,1405
هشتم,,ریاضی,ریاضی,بخش 4,هندسه,,متوسط,مجموع زاویه‌های داخلی مثلث چند درجه است؟,90,180,270,360,B,مجموع زاویه‌های داخلی مثلث 180 درجه است.,ترنم همدلی,original,1405
هشتم,,ریاضی,ریاضی,بخش 5,تناسب و درصد,,متوسط,25 درصد عدد 80 چند است؟,10,15,20,25,C,80×0.25=20.,ترنم همدلی,original,1405
هشتم,,ریاضی,ریاضی,بخش 6,احتمال و آمار,,متوسط,میانگین 4، 6 و 8 چند است؟,5,6,7,8,B,(4+6+8)÷3=6.,ترنم همدلی,original,1405
هشتم,,علوم,علوم,بخش 1,اندازه‌گیری,,متوسط,واحد SI طول کدام است؟,سانتی‌متر,متر,کیلومتر,میلی‌متر,B,واحد پایه طول در SI متر است.,ترنم همدلی,original,1405
هشتم,,علوم,علوم,بخش 2,ماده و تغییرات,,متوسط,کدام مورد تغییر فیزیکی است؟,سوختن چوب,زنگ‌زدن آهن,ذوب شدن یخ,پختن غذا,C,در ذوب شدن یخ ماده جدیدی تشکیل نمی‌شود.,ترنم همدلی,original,1405
هشتم,,علوم,علوم,بخش 3,انرژی,,متوسط,کدام منبع تجدیدپذیر است؟,نفت,زغال‌سنگ,باد,گاز طبیعی,C,باد منبع انرژی تجدیدپذیر است.,ترنم همدلی,original,1405
هشتم,,علوم,علوم,بخش 4,زیست و بدن,,متوسط,واحد بنیادی حیات چیست؟,بافت,سلول,اندام,دستگاه,B,سلول واحد بنیادی حیات است.,ترنم همدلی,original,1405
هشتم,,علوم,علوم,بخش 5,نیرو و حرکت,,متوسط,واحد نیرو در SI چیست؟,ژول,وات,نیوتن,پاسکال,C,واحد نیرو نیوتن است.,ترنم همدلی,original,1405
هشتم,,علوم,علوم,بخش 6,زمین و فضا,,متوسط,کدام لایه زمین ضخیم‌تر از پوسته است؟,هسته,گوشته,جو,آب‌کره,B,گوشته زیر پوسته قرار دارد و بسیار ضخیم‌تر است.,ترنم همدلی,original,1405
هشتم,,فارسی,فارسی,بخش 1,واژگان,,متوسط,کدام واژه با «کوشش» هم‌معنی است؟,تلاش,آرامش,دانش,آرایش,A,تلاش با کوشش هم‌معناست.,ترنم همدلی,original,1405
هشتم,,فارسی,فارسی,بخش 2,دستور زبان,,متوسط,در جمله «دانش‌آموز کتاب را خواند»، مفعول کدام است؟,دانش‌آموز,کتاب,خواند,را,B,کتاب مفعول است و «را» نشانه مفعول است.,ترنم همدلی,original,1405
هشتم,,فارسی,فارسی,بخش 3,آرایه ادبی,,متوسط,در «لبش چون لعل بود» کدام آرایه برجسته است؟,تشبیه,تضاد,جناس,کنایه,A,لب به لعل تشبیه شده است.,ترنم همدلی,original,1405
هشتم,,فارسی,فارسی,بخش 4,املاء,,متوسط,کدام گزینه درست نوشته شده است؟,مسئول,مسول,مسئولل,مسعول,A,املای درست «مسئول» است.,ترنم همدلی,original,1405
هشتم,,فارسی,فارسی,بخش 5,معنی و مفهوم,,متوسط,مفهوم «از تو حرکت، از خدا برکت» چیست؟,بی‌تلاشی,ضرورت تلاش,ترس از آینده,بی‌نظمی,B,ضرب‌المثل بر نقش تلاش انسان تأکید دارد.,ترنم همدلی,original,1405
هشتم,,فارسی,فارسی,بخش 6,نگارش,,متوسط,کدام مورد برای یک بند منسجم ضروری‌تر است؟,بی‌ربطی جمله‌ها,وحدت موضوع,تکرار واژه‌ها,حذف جمله اصلی,B,وحدت موضوع انسجام بند را بیشتر می‌کند.,ترنم همدلی,original,1405
هشتم,,عربی,عربی,بخش 1,ترجمه,,متوسط,معنی «هؤلاء الطلاب» چیست؟,آن دانش‌آموزان,این دانش‌آموزان,این معلم,آن معلمان,B,هؤلاء برای اشاره نزدیک جمع است.,ترنم همدلی,original,1405
هشتم,,عربی,عربی,بخش 2,اسم اشاره,,متوسط,کدام گزینه برای مفرد مذکر نزدیک درست است؟,هذه,هؤلاء,هذا,ذلک,C,هذا برای مفرد مذکر نزدیک است.,ترنم همدلی,original,1405
هشتم,,عربی,عربی,بخش 3,فعل ماضی,,متوسط,معنی «کَتَبَ» چیست؟,می‌نویسد,نوشت,خواهد نوشت,بخوان,B,کَتَبَ فعل ماضی به معنی نوشت است.,ترنم همدلی,original,1405
هشتم,,عربی,عربی,بخش 4,مفرد و جمع,,متوسط,جمع «کتاب» در عربی کدام است؟,کتابات,کتب,کاتبون,مکتب,B,جمع مکسر کتاب، کتب است.,ترنم همدلی,original,1405
هشتم,,عربی,عربی,بخش 5,ضمیر,,متوسط,«هُوَ» به چه معناست؟,او مذکر,او مؤنث,آن دو,آنان,A,هو ضمیر مفرد مذکر است.,ترنم همدلی,original,1405
هشتم,,عربی,عربی,بخش 6,صفت و موصوف,,متوسط,در «الطالبُ المجتهدُ» کدام واژه صفت است؟,الطالب,المجتهد,ال,هیچ‌کدام,B,المجتهد صفت الطالب است.,ترنم همدلی,original,1405
هشتم,,انگلیسی,انگلیسی,بخش 1,واژگان,,متوسط,"meaning of ""book"" چیست؟",مدرسه,کتاب,دفتر,مداد,B,book یعنی کتاب.,ترنم همدلی,original,1405
هشتم,,انگلیسی,انگلیسی,بخش 2,افعال be,,متوسط,کدام جمله درست است؟,He are a student.,He is a student.,He am a student.,He be a student.,B,برای he از is استفاده می‌شود.,ترنم همدلی,original,1405
هشتم,,انگلیسی,انگلیسی,بخش 3,گذشته ساده,,متوسط,گذشته فعل go کدام است؟,goed,gone,went,going,C,گذشته ساده go، went است.,ترنم همدلی,original,1405
هشتم,,انگلیسی,انگلیسی,بخش 4,متضادها,,متوسط,opposite of expensive چیست؟,cheap,large,strong,early,A,cheap متضاد expensive است.,ترنم همدلی,original,1405
هشتم,,انگلیسی,انگلیسی,بخش 5,ضمیرها,,متوسط,کدام ضمیر برای «مریم و من» مناسب است؟,he,she,we,it,C,برای مریم و من از we استفاده می‌شود.,ترنم همدلی,original,1405
هشتم,,انگلیسی,انگلیسی,بخش 6,حال ساده,,متوسط,کدام جمله درست است؟,She play tennis.,She plays tennis.,She playing tennis.,She played tennis every day.,B,در سوم‌شخص مفرد فعل حال ساده معمولاً s می‌گیرد.,ترنم همدلی,original,1405
هشتم,,مطالعات اجتماعی,مطالعات اجتماعی,بخش 1,جغرافیا,,متوسط,کدام مورد از عناصر آب‌وهواست؟,دما,تعداد مدرسه,تعداد خودرو,نوع زبان,A,دما از عناصر آب‌وهواست.,ترنم همدلی,original,1405
هشتم,,مطالعات اجتماعی,مطالعات اجتماعی,بخش 2,تاریخ,,متوسط,منبع دست‌اول تاریخی کدام است؟,خاطرات شاهد رویداد,کتاب درسی جدید,خلاصه اینترنتی,نظر دانش‌آموز,A,خاطرات شاهد مستقیم منبع دست‌اول محسوب می‌شود.,ترنم همدلی,original,1405
هشتم,,مطالعات اجتماعی,مطالعات اجتماعی,بخش 3,مدنی,,متوسط,کدام مورد نمونه مسئولیت شهروندی است؟,رعایت قانون,بی‌توجهی به حقوق دیگران,تخریب اموال عمومی,فرار از مسئولیت,A,رعایت قانون از مسئولیت‌های شهروندی است.,ترنم همدلی,original,1405
هشتم,,مطالعات اجتماعی,مطالعات اجتماعی,بخش 4,نقشه,,متوسط,مقیاس نقشه چه چیزی را نشان می‌دهد؟,رابطه فاصله روی نقشه و واقعیت,جهت شمال,ارتفاع کوه,جمعیت شهر,A,مقیاس رابطه فاصله نقشه با فاصله واقعی را نشان می‌دهد.,ترنم همدلی,original,1405
هشتم,,مطالعات اجتماعی,مطالعات اجتماعی,بخش 5,اقتصاد خانواده,,متوسط,پس‌انداز چه فایده‌ای دارد؟,افزایش هزینه‌های غیرضروری,آمادگی برای نیازهای آینده,حذف بودجه,افزایش بدهی,B,پس‌انداز برای نیازهای آینده مفید است.,ترنم همدلی,original,1405
هشتم,,مطالعات اجتماعی,مطالعات اجتماعی,بخش 6,جامعه,,متوسط,قانون چه نقشی در جامعه دارد؟,ایجاد نظم,افزایش بی‌نظمی,حذف مسئولیت,کاهش همکاری,A,قانون به ایجاد نظم و تنظیم روابط کمک می‌کند.,ترنم همدلی,original,1405
هشتم,,پیام‌های آسمان,پیام‌های آسمان,بخش 1,توحید,,متوسط,توحید به چه معناست؟,یگانگی خداوند,تعدد خدایان,انکار خدا,پرستش انسان,A,توحید یعنی یگانگی خداوند.,ترنم همدلی,original,1405
هشتم,,پیام‌های آسمان,پیام‌های آسمان,بخش 2,نبوت,,متوسط,پیامبران برای چه هدفی فرستاده شدند؟,هدایت انسان,افزایش ثروت,رقابت سیاسی,حذف اختیار,A,هدف اصلی رسالت، هدایت انسان‌هاست.,ترنم همدلی,original,1405
هشتم,,پیام‌های آسمان,پیام‌های آسمان,بخش 3,معاد,,متوسط,معاد به چه معناست؟,بازگشت و زندگی پس از مرگ,تولد دوباره زمین,تغییر فصل,سفر زمینی,A,معاد به زندگی پس از مرگ اشاره دارد.,ترنم همدلی,original,1405
هشتم,,پیام‌های آسمان,پیام‌های آسمان,بخش 4,اخلاق,,متوسط,کدام رفتار نمونه امانت‌داری است؟,حفظ مال سپرده‌شده,پنهان کردن خیانت,تخریب مال دیگران,دروغ‌گویی,A,حفظ امانت نشانه امانت‌داری است.,ترنم همدلی,original,1405
هشتم,,پیام‌های آسمان,پیام‌های آسمان,بخش 5,نماز,,متوسط,نماز در آموزه‌های اسلامی چه جایگاهی دارد؟,عبادت مهم,فعالیت اقتصادی,تفریح,درس مدرسه,A,نماز از عبادت‌های مهم اسلامی است.,ترنم همدلی,original,1405
هشتم,,پیام‌های آسمان,پیام‌های آسمان,بخش 6,مسئولیت,,متوسط,امر به معروف با چه هدفی انجام می‌شود؟,تقویت رفتار درست,تحقیر دیگران,ایجاد دشمنی,بی‌قانونی,A,هدف آن دعوت به کار نیک و اصلاح است.,ترنم همدلی,original,1405
هشتم,,قرآن,قرآن,بخش 1,تلاوت,,متوسط,تلاوت قرآن یعنی چه؟,خواندن قرآن,نوشتن تاریخ,محاسبه,نقاشی,A,تلاوت یعنی خواندن قرآن.,ترنم همدلی,original,1405
هشتم,,قرآن,قرآن,بخش 2,تدبر,,متوسط,تدبر در قرآن چه معنایی دارد؟,اندیشیدن در مفاهیم آیات,حفظ بدون فهم,ترجمه ماشینی,بی‌توجهی,A,تدبر به اندیشیدن و تأمل در آیات اشاره دارد.,ترنم همدلی,original,1405
هشتم,,قرآن,قرآن,بخش 3,اخلاق قرآنی,,متوسط,کدام رفتار با آموزه‌های قرآنی سازگارتر است؟,راستگویی,دروغ,ظلم,خیانت,A,راستگویی از فضایل اخلاقی است.,ترنم همدلی,original,1405
هشتم,,قرآن,قرآن,بخش 4,احترام,,متوسط,احترام به والدین در قرآن چه جایگاهی دارد؟,ارزشمند,بی‌اهمیت,ممنوع,اختیاری در همه شرایط,A,احترام به والدین مورد تأکید آموزه‌های دینی است.,ترنم همدلی,original,1405
هشتم,,قرآن,قرآن,بخش 5,شکر,,متوسط,شکرگزاری یعنی چه؟,شناخت نعمت و قدردانی,نادیده گرفتن نعمت,اسراف,ناامیدی,A,شکر شامل شناخت نعمت و قدردانی است.,ترنم همدلی,original,1405
هشتم,,قرآن,قرآن,بخش 6,عمل صالح,,متوسط,عمل صالح چیست؟,کار شایسته,کار زیان‌آور,دروغ,ظلم,A,عمل صالح یعنی رفتار شایسته و نیک.,ترنم همدلی,original,1405
نهم,,ریاضی,ریاضی,بخش 1,عددهای صحیح و گویا,,متوسط,حاصل  -3+8  کدام است؟,3,5,-5,11,B,-3+8=5.,ترنم همدلی,original,1405
نهم,,ریاضی,ریاضی,بخش 2,جبر و عبارت‌ها,,متوسط,اگر x=4 باشد، مقدار 3x-2 چیست؟,8,10,12,14,B,3×4-2=10.,ترنم همدلی,original,1405
نهم,,ریاضی,ریاضی,بخش 3,توان و ریشه,,متوسط,کدام گزینه برابر 2^5 است؟,10,16,32,64,C,2^5=32.,ترنم همدلی,original,1405
نهم,,ریاضی,ریاضی,بخش 4,هندسه,,متوسط,مجموع زاویه‌های داخلی مثلث چند درجه است؟,90,180,270,360,B,مجموع زاویه‌های داخلی مثلث 180 درجه است.,ترنم همدلی,original,1405
نهم,,ریاضی,ریاضی,بخش 5,تناسب و درصد,,متوسط,25 درصد عدد 80 چند است؟,10,15,20,25,C,80×0.25=20.,ترنم همدلی,original,1405
نهم,,ریاضی,ریاضی,بخش 6,احتمال و آمار,,متوسط,میانگین 4، 6 و 8 چند است؟,5,6,7,8,B,(4+6+8)÷3=6.,ترنم همدلی,original,1405
نهم,,علوم,علوم,بخش 1,اندازه‌گیری,,متوسط,واحد SI طول کدام است؟,سانتی‌متر,متر,کیلومتر,میلی‌متر,B,واحد پایه طول در SI متر است.,ترنم همدلی,original,1405
نهم,,علوم,علوم,بخش 2,ماده و تغییرات,,متوسط,کدام مورد تغییر فیزیکی است؟,سوختن چوب,زنگ‌زدن آهن,ذوب شدن یخ,پختن غذا,C,در ذوب شدن یخ ماده جدیدی تشکیل نمی‌شود.,ترنم همدلی,original,1405
نهم,,علوم,علوم,بخش 3,انرژی,,متوسط,کدام منبع تجدیدپذیر است؟,نفت,زغال‌سنگ,باد,گاز طبیعی,C,باد منبع انرژی تجدیدپذیر است.,ترنم همدلی,original,1405
نهم,,علوم,علوم,بخش 4,زیست و بدن,,متوسط,واحد بنیادی حیات چیست؟,بافت,سلول,اندام,دستگاه,B,سلول واحد بنیادی حیات است.,ترنم همدلی,original,1405
نهم,,علوم,علوم,بخش 5,نیرو و حرکت,,متوسط,واحد نیرو در SI چیست؟,ژول,وات,نیوتن,پاسکال,C,واحد نیرو نیوتن است.,ترنم همدلی,original,1405
نهم,,علوم,علوم,بخش 6,زمین و فضا,,متوسط,کدام لایه زمین ضخیم‌تر از پوسته است؟,هسته,گوشته,جو,آب‌کره,B,گوشته زیر پوسته قرار دارد و بسیار ضخیم‌تر است.,ترنم همدلی,original,1405
نهم,,فارسی,فارسی,بخش 1,واژگان,,متوسط,کدام واژه با «کوشش» هم‌معنی است؟,تلاش,آرامش,دانش,آرایش,A,تلاش با کوشش هم‌معناست.,ترنم همدلی,original,1405
نهم,,فارسی,فارسی,بخش 2,دستور زبان,,متوسط,در جمله «دانش‌آموز کتاب را خواند»، مفعول کدام است؟,دانش‌آموز,کتاب,خواند,را,B,کتاب مفعول است و «را» نشانه مفعول است.,ترنم همدلی,original,1405
نهم,,فارسی,فارسی,بخش 3,آرایه ادبی,,متوسط,در «لبش چون لعل بود» کدام آرایه برجسته است؟,تشبیه,تضاد,جناس,کنایه,A,لب به لعل تشبیه شده است.,ترنم همدلی,original,1405
نهم,,فارسی,فارسی,بخش 4,املاء,,متوسط,کدام گزینه درست نوشته شده است؟,مسئول,مسول,مسئولل,مسعول,A,املای درست «مسئول» است.,ترنم همدلی,original,1405
نهم,,فارسی,فارسی,بخش 5,معنی و مفهوم,,متوسط,مفهوم «از تو حرکت، از خدا برکت» چیست؟,بی‌تلاشی,ضرورت تلاش,ترس از آینده,بی‌نظمی,B,ضرب‌المثل بر نقش تلاش انسان تأکید دارد.,ترنم همدلی,original,1405
نهم,,فارسی,فارسی,بخش 6,نگارش,,متوسط,کدام مورد برای یک بند منسجم ضروری‌تر است؟,بی‌ربطی جمله‌ها,وحدت موضوع,تکرار واژه‌ها,حذف جمله اصلی,B,وحدت موضوع انسجام بند را بیشتر می‌کند.,ترنم همدلی,original,1405
نهم,,عربی,عربی,بخش 1,ترجمه,,متوسط,معنی «هؤلاء الطلاب» چیست؟,آن دانش‌آموزان,این دانش‌آموزان,این معلم,آن معلمان,B,هؤلاء برای اشاره نزدیک جمع است.,ترنم همدلی,original,1405
نهم,,عربی,عربی,بخش 2,اسم اشاره,,متوسط,کدام گزینه برای مفرد مذکر نزدیک درست است؟,هذه,هؤلاء,هذا,ذلک,C,هذا برای مفرد مذکر نزدیک است.,ترنم همدلی,original,1405
نهم,,عربی,عربی,بخش 3,فعل ماضی,,متوسط,معنی «کَتَبَ» چیست؟,می‌نویسد,نوشت,خواهد نوشت,بخوان,B,کَتَبَ فعل ماضی به معنی نوشت است.,ترنم همدلی,original,1405
نهم,,عربی,عربی,بخش 4,مفرد و جمع,,متوسط,جمع «کتاب» در عربی کدام است؟,کتابات,کتب,کاتبون,مکتب,B,جمع مکسر کتاب، کتب است.,ترنم همدلی,original,1405
نهم,,عربی,عربی,بخش 5,ضمیر,,متوسط,«هُوَ» به چه معناست؟,او مذکر,او مؤنث,آن دو,آنان,A,هو ضمیر مفرد مذکر است.,ترنم همدلی,original,1405
نهم,,عربی,عربی,بخش 6,صفت و موصوف,,متوسط,در «الطالبُ المجتهدُ» کدام واژه صفت است؟,الطالب,المجتهد,ال,هیچ‌کدام,B,المجتهد صفت الطالب است.,ترنم همدلی,original,1405
نهم,,انگلیسی,انگلیسی,بخش 1,واژگان,,متوسط,"meaning of ""book"" چیست؟",مدرسه,کتاب,دفتر,مداد,B,book یعنی کتاب.,ترنم همدلی,original,1405
نهم,,انگلیسی,انگلیسی,بخش 2,افعال be,,متوسط,کدام جمله درست است؟,He are a student.,He is a student.,He am a student.,He be a student.,B,برای he از is استفاده می‌شود.,ترنم همدلی,original,1405
نهم,,انگلیسی,انگلیسی,بخش 3,گذشته ساده,,متوسط,گذشته فعل go کدام است؟,goed,gone,went,going,C,گذشته ساده go، went است.,ترنم همدلی,original,1405
نهم,,انگلیسی,انگلیسی,بخش 4,متضادها,,متوسط,opposite of expensive چیست؟,cheap,large,strong,early,A,cheap متضاد expensive است.,ترنم همدلی,original,1405
نهم,,انگلیسی,انگلیسی,بخش 5,ضمیرها,,متوسط,کدام ضمیر برای «مریم و من» مناسب است؟,he,she,we,it,C,برای مریم و من از we استفاده می‌شود.,ترنم همدلی,original,1405
نهم,,انگلیسی,انگلیسی,بخش 6,حال ساده,,متوسط,کدام جمله درست است؟,She play tennis.,She plays tennis.,She playing tennis.,She played tennis every day.,B,در سوم‌شخص مفرد فعل حال ساده معمولاً s می‌گیرد.,ترنم همدلی,original,1405
نهم,,مطالعات اجتماعی,مطالعات اجتماعی,بخش 1,جغرافیا,,متوسط,کدام مورد از عناصر آب‌وهواست؟,دما,تعداد مدرسه,تعداد خودرو,نوع زبان,A,دما از عناصر آب‌وهواست.,ترنم همدلی,original,1405
نهم,,مطالعات اجتماعی,مطالعات اجتماعی,بخش 2,تاریخ,,متوسط,منبع دست‌اول تاریخی کدام است؟,خاطرات شاهد رویداد,کتاب درسی جدید,خلاصه اینترنتی,نظر دانش‌آموز,A,خاطرات شاهد مستقیم منبع دست‌اول محسوب می‌شود.,ترنم همدلی,original,1405
نهم,,مطالعات اجتماعی,مطالعات اجتماعی,بخش 3,مدنی,,متوسط,کدام مورد نمونه مسئولیت شهروندی است؟,رعایت قانون,بی‌توجهی به حقوق دیگران,تخریب اموال عمومی,فرار از مسئولیت,A,رعایت قانون از مسئولیت‌های شهروندی است.,ترنم همدلی,original,1405
نهم,,مطالعات اجتماعی,مطالعات اجتماعی,بخش 4,نقشه,,متوسط,مقیاس نقشه چه چیزی را نشان می‌دهد؟,رابطه فاصله روی نقشه و واقعیت,جهت شمال,ارتفاع کوه,جمعیت شهر,A,مقیاس رابطه فاصله نقشه با فاصله واقعی را نشان می‌دهد.,ترنم همدلی,original,1405
نهم,,مطالعات اجتماعی,مطالعات اجتماعی,بخش 5,اقتصاد خانواده,,متوسط,پس‌انداز چه فایده‌ای دارد؟,افزایش هزینه‌های غیرضروری,آمادگی برای نیازهای آینده,حذف بودجه,افزایش بدهی,B,پس‌انداز برای نیازهای آینده مفید است.,ترنم همدلی,original,1405
نهم,,مطالعات اجتماعی,مطالعات اجتماعی,بخش 6,جامعه,,متوسط,قانون چه نقشی در جامعه دارد؟,ایجاد نظم,افزایش بی‌نظمی,حذف مسئولیت,کاهش همکاری,A,قانون به ایجاد نظم و تنظیم روابط کمک می‌کند.,ترنم همدلی,original,1405
نهم,,پیام‌های آسمان,پیام‌های آسمان,بخش 1,توحید,,متوسط,توحید به چه معناست؟,یگانگی خداوند,تعدد خدایان,انکار خدا,پرستش انسان,A,توحید یعنی یگانگی خداوند.,ترنم همدلی,original,1405
نهم,,پیام‌های آسمان,پیام‌های آسمان,بخش 2,نبوت,,متوسط,پیامبران برای چه هدفی فرستاده شدند؟,هدایت انسان,افزایش ثروت,رقابت سیاسی,حذف اختیار,A,هدف اصلی رسالت، هدایت انسان‌هاست.,ترنم همدلی,original,1405
نهم,,پیام‌های آسمان,پیام‌های آسمان,بخش 3,معاد,,متوسط,معاد به چه معناست؟,بازگشت و زندگی پس از مرگ,تولد دوباره زمین,تغییر فصل,سفر زمینی,A,معاد به زندگی پس از مرگ اشاره دارد.,ترنم همدلی,original,1405
نهم,,پیام‌های آسمان,پیام‌های آسمان,بخش 4,اخلاق,,متوسط,کدام رفتار نمونه امانت‌داری است؟,حفظ مال سپرده‌شده,پنهان کردن خیانت,تخریب مال دیگران,دروغ‌گویی,A,حفظ امانت نشانه امانت‌داری است.,ترنم همدلی,original,1405
نهم,,پیام‌های آسمان,پیام‌های آسمان,بخش 5,نماز,,متوسط,نماز در آموزه‌های اسلامی چه جایگاهی دارد؟,عبادت مهم,فعالیت اقتصادی,تفریح,درس مدرسه,A,نماز از عبادت‌های مهم اسلامی است.,ترنم همدلی,original,1405
نهم,,پیام‌های آسمان,پیام‌های آسمان,بخش 6,مسئولیت,,متوسط,امر به معروف با چه هدفی انجام می‌شود؟,تقویت رفتار درست,تحقیر دیگران,ایجاد دشمنی,بی‌قانونی,A,هدف آن دعوت به کار نیک و اصلاح است.,ترنم همدلی,original,1405
نهم,,قرآن,قرآن,بخش 1,تلاوت,,متوسط,تلاوت قرآن یعنی چه؟,خواندن قرآن,نوشتن تاریخ,محاسبه,نقاشی,A,تلاوت یعنی خواندن قرآن.,ترنم همدلی,original,1405
نهم,,قرآن,قرآن,بخش 2,تدبر,,متوسط,تدبر در قرآن چه معنایی دارد؟,اندیشیدن در مفاهیم آیات,حفظ بدون فهم,ترجمه ماشینی,بی‌توجهی,A,تدبر به اندیشیدن و تأمل در آیات اشاره دارد.,ترنم همدلی,original,1405
نهم,,قرآن,قرآن,بخش 3,اخلاق قرآنی,,متوسط,کدام رفتار با آموزه‌های قرآنی سازگارتر است؟,راستگویی,دروغ,ظلم,خیانت,A,راستگویی از فضایل اخلاقی است.,ترنم همدلی,original,1405
نهم,,قرآن,قرآن,بخش 4,احترام,,متوسط,احترام به والدین در قرآن چه جایگاهی دارد؟,ارزشمند,بی‌اهمیت,ممنوع,اختیاری در همه شرایط,A,احترام به والدین مورد تأکید آموزه‌های دینی است.,ترنم همدلی,original,1405
نهم,,قرآن,قرآن,بخش 5,شکر,,متوسط,شکرگزاری یعنی چه؟,شناخت نعمت و قدردانی,نادیده گرفتن نعمت,اسراف,ناامیدی,A,شکر شامل شناخت نعمت و قدردانی است.,ترنم همدلی,original,1405
نهم,,قرآن,قرآن,بخش 6,عمل صالح,,متوسط,عمل صالح چیست؟,کار شایسته,کار زیان‌آور,دروغ,ظلم,A,عمل صالح یعنی رفتار شایسته و نیک.,ترنم همدلی,original,1405
دهم,تجربی,فارسی,فارسی,بخش 1,واژگان,,متوسط,واژه «فرهیخته» به کدام معنا نزدیک‌تر است؟,دانشمند,بی‌تجربه,کم‌حوصله,بی‌تفاوت,A,فرهیخته به فرد دانش‌آموخته و اهل فرهنگ گفته می‌شود.,ترنم همدلی,original,1405
دهم,تجربی,فارسی,فارسی,بخش 2,آرایه,,متوسط,در «قد سرو» کدام آرایه دیده می‌شود؟,تشبیه,تضاد,جناس,سجع,A,قد به سرو مانند شده است.,ترنم همدلی,original,1405
دهم,تجربی,فارسی,فارسی,بخش 3,دستور,,متوسط,در «دانش‌آموزان درس را خواندند» نهاد کدام است؟,درس,دانش‌آموزان,را,خواندند,B,انجام‌دهنده فعل نهاد است.,ترنم همدلی,original,1405
دهم,تجربی,فارسی,فارسی,بخش 4,املاء,,متوسط,کدام واژه درست است؟,تأثیر,تاثیر,تأثیرر,تاثیر,A,املای معیار «تأثیر» است.,ترنم همدلی,original,1405
دهم,تجربی,فارسی,فارسی,بخش 5,قرابت,,متوسط,کدام مفهوم به ارزش دانش نزدیک‌تر است؟,دانایی عامل رشد است,ثروت همیشه کافی است,تلاش بی‌فایده است,یادگیری بی‌ارزش است,A,مفهوم بر اهمیت دانش تأکید دارد.,ترنم همدلی,original,1405
دهم,تجربی,فارسی,فارسی,بخش 6,نگارش,,متوسط,مقدمه خوب چه ویژگی دارد؟,ارتباط با موضوع,بی‌ربطی,تکرار نتیجه,حذف موضوع,A,مقدمه باید زمینه موضوع را فراهم کند.,ترنم همدلی,original,1405
دهم,تجربی,عربی,عربی,بخش 1,ترجمه,,متوسط,معنی «الطلابُ مجتهدون» چیست؟,دانش‌آموزان کوشا هستند,دانش‌آموز کوشاست,معلمان کوشا هستند,دانش‌آموزان غایب‌اند,A,ترجمه جمله همین است.,ترنم همدلی,original,1405
دهم,تجربی,عربی,عربی,بخش 2,اسم فاعل,,متوسط,اسم فاعل «کاتب» به چه معناست؟,نویسنده/نویسنده‌کننده,نوشته‌شده,کتاب,خوانده‌شده,A,کاتب اسم فاعل از کتب است.,ترنم همدلی,original,1405
دهم,تجربی,عربی,عربی,بخش 3,فعل مضارع,,متوسط,«یذهب» چه زمانی را نشان می‌دهد؟,مضارع,ماضی,امر,نهی,A,یذهب فعل مضارع است.,ترنم همدلی,original,1405
دهم,تجربی,عربی,عربی,بخش 4,عدد,,متوسط,«ثلاثة» چه عددی است؟,دو,سه,چهار,پنج,B,ثلاثة یعنی سه.,ترنم همدلی,original,1405
دهم,تجربی,عربی,عربی,بخش 5,جمع,,متوسط,جمع «معلم» کدام است؟,معلمان,معلمون,تعلیم,معلومة,B,در حالت رفع جمع مذکر سالم «معلمون» است.,ترنم همدلی,original,1405
دهم,تجربی,عربی,عربی,بخش 6,مفعول,,متوسط,در «قرأ الطالبُ الکتابَ» مفعول چیست؟,الطالب,قرأ,الکتاب,هیچ‌کدام,C,الکتاب مفعول فعل قرأ است.,ترنم همدلی,original,1405
دهم,تجربی,دین و زندگی,دین و زندگی,بخش 1,توحید,,متوسط,توحید در ربوبیت به چه معناست؟,خداوند مدبر جهان است,انکار خدا,چندخدایی,بی‌نیازی از هدایت,A,ربوبیت به تدبیر و پروردگاری خداوند اشاره دارد.,ترنم همدلی,original,1405
دهم,تجربی,دین و زندگی,دین و زندگی,بخش 2,نبوت,,متوسط,یکی از نیازهای انسان به پیامبران چیست؟,هدایت الهی,افزایش ثروت,حل همه مسائل علمی,حذف اختیار,A,پیامبران راه هدایت الهی را ارائه می‌کنند.,ترنم همدلی,original,1405
دهم,تجربی,دین و زندگی,دین و زندگی,بخش 3,معاد,,متوسط,باور به معاد چه اثری می‌تواند داشته باشد؟,مسئولیت‌پذیری,بی‌تفاوتی,بی‌قانونی,ناامیدی,A,باور به حسابرسی می‌تواند مسئولیت‌پذیری را تقویت کند.,ترنم همدلی,original,1405
دهم,تجربی,دین و زندگی,دین و زندگی,بخش 4,اخلاق,,متوسط,اخلاص یعنی چه؟,انجام عمل برای رضای خدا,انجام کار برای شهرت,ترس از مردم,خودنمایی,A,اخلاص به نیت الهی در عمل اشاره دارد.,ترنم همدلی,original,1405
دهم,تجربی,دین و زندگی,دین و زندگی,بخش 5,اختیار,,متوسط,اختیار انسان با مسئولیت چه ارتباطی دارد؟,انتخاب زمینه مسئولیت است,هیچ ارتباطی ندارد,اختیار مسئولیت را حذف می‌کند,مسئولیت را ناممکن می‌کند,A,مسئولیت اخلاقی بر انتخاب آگاهانه استوار است.,ترنم همدلی,original,1405
دهم,تجربی,دین و زندگی,دین و زندگی,بخش 6,هدایت,,متوسط,عقل و وحی چه نقشی در هدایت دارند؟,راهنمایی انسان,ایجاد سردرگمی,حذف انتخاب,افزایش جهل,A,هر دو در چارچوب آموزه دینی ابزار هدایت‌اند.,ترنم همدلی,original,1405
دهم,تجربی,زبان انگلیسی,زبان انگلیسی,بخش 1,واژگان,,متوسط,"meaning of ""benefit"" چیست؟",فایده,خطر,هزینه,شکست,A,benefit یعنی فایده.,ترنم همدلی,original,1405
دهم,تجربی,زبان انگلیسی,زبان انگلیسی,بخش 2,گرامر,,متوسط,کدام جمله درست است؟,She has finished her work.,She have finished.,She finish has.,She finishing has.,A,ساختار حال کامل برای she با has است.,ترنم همدلی,original,1405
دهم,تجربی,زبان انگلیسی,زبان انگلیسی,بخش 3,مجهول,,متوسط,کدام جمله مجهول است؟,Ali wrote the letter.,The letter was written by Ali.,Ali writes letters.,Ali is writing.,B,در جمله دوم فاعل گیرنده عمل است.,ترنم همدلی,original,1405
دهم,تجربی,زبان انگلیسی,زبان انگلیسی,بخش 4,شرطی,,متوسط,کدام جمله شرطی نوع اول است؟,"If it rains, we will stay home.","If it rained, we would stay.","If it had rained, we would have stayed.",It rains yesterday.,A,شرطی نوع اول معمولاً if+حال و will دارد.,ترنم همدلی,original,1405
دهم,تجربی,زبان انگلیسی,زبان انگلیسی,بخش 5,درک مطلب,,متوسط,برای فهم ایده اصلی متن چه چیزی مهم است؟,تمرکز بر پیام کلی,حفظ همه کلمات,نادیده گرفتن عنوان,فقط ترجمه یک جمله,A,ایده اصلی پیام کلی متن است.,ترنم همدلی,original,1405
دهم,تجربی,زبان انگلیسی,زبان انگلیسی,بخش 6,واژگان,,متوسط,"opposite of ""increase"" چیست؟",decrease,improve,expand,raise,A,decrease متضاد increase است.,ترنم همدلی,original,1405
دهم,تجربی,زیست‌شناسی,زیست‌شناسی دهم,بخش 1,یاخته,,متوسط,میتوکندری چه نقشی دارد؟,تولید ATP,ساخت دیواره,ذخیره DNA در همه سلول‌ها,ساخت کلروفیل,A,میتوکندری محل اصلی تولید ATP در تنفس یاخته‌ای است.,ترنم همدلی,original,1405
دهم,تجربی,زیست‌شناسی,زیست‌شناسی دهم,بخش 2,بافت,,متوسط,وظیفه اصلی بافت پوششی چیست؟,پوشش و حفاظت,انقباض,انتقال پیام عصبی,تولید گلبول قرمز,A,بافت پوششی سطوح را می‌پوشاند و حفاظت می‌کند.,ترنم همدلی,original,1405
دهم,تجربی,زیست‌شناسی,زیست‌شناسی دهم,بخش 3,گوارش,,متوسط,بیشترین جذب مواد غذایی در کجاست؟,معده,روده باریک,روده بزرگ,مری,B,روده باریک محل اصلی جذب است.,ترنم همدلی,original,1405
دهم,تجربی,زیست‌شناسی,زیست‌شناسی دهم,بخش 4,گردش خون,,متوسط,کدام رگ خون را از قلب دور می‌کند؟,سیاهرگ,سرخرگ,مویرگ,لنف,B,سرخرگ‌ها خون را از قلب دور می‌کنند.,ترنم همدلی,original,1405
دهم,تجربی,زیست‌شناسی,زیست‌شناسی دهم,بخش 5,تنفس,,متوسط,محل اصلی تبادل گازها در شش چیست؟,نای,حبابک‌ها,حنجره,دیافراگم,B,تبادل گازها در حبابک‌ها انجام می‌شود.,ترنم همدلی,original,1405
دهم,تجربی,زیست‌شناسی,زیست‌شناسی دهم,بخش 6,ژنتیک,,متوسط,ژن چیست؟,بخشی از DNA با اطلاعات وراثتی,نوعی سلول,بافت,هورمون,A,ژن واحدی از اطلاعات وراثتی در DNA است.,ترنم همدلی,original,1405
دهم,تجربی,شیمی,شیمی دهم,بخش 1,ساختار اتم,,متوسط,عدد اتمی چه چیزی را نشان می‌دهد؟,تعداد پروتون‌ها,تعداد نوترون‌ها,جرم اتم,تعداد لایه‌ها,A,عدد اتمی برابر تعداد پروتون‌هاست.,ترنم همدلی,original,1405
دهم,تجربی,شیمی,شیمی دهم,بخش 2,پیوند,,متوسط,پیوند یونی معمولاً از چه راهی شکل می‌گیرد؟,انتقال الکترون,اشتراک کامل هسته,انتقال نوترون,تغییر پروتون,A,در پیوند یونی انتقال الکترون رخ می‌دهد.,ترنم همدلی,original,1405
دهم,تجربی,شیمی,شیمی دهم,بخش 3,محلول,,متوسط,pH کمتر از 7 معمولاً نشان‌دهنده چیست؟,اسیدی بودن,بازی بودن,خنثی بودن,فلزی بودن,A,محلول‌های اسیدی pH کمتر از 7 دارند.,ترنم همدلی,original,1405
دهم,تجربی,شیمی,شیمی دهم,بخش 4,استوکیومتری,,متوسط,جرم مولی آب تقریباً چقدر است؟,10,18,20,36,B,2×1+16=18 g/mol.,ترنم همدلی,original,1405
دهم,تجربی,شیمی,شیمی دهم,بخش 5,اکسایش و کاهش,,متوسط,اکسایش در تعریف ساده به چه معناست؟,از دست دادن الکترون,گرفتن پروتون,از دست دادن نوترون,گرفتن هسته,A,اکسایش با از دست دادن الکترون همراه است.,ترنم همدلی,original,1405
دهم,تجربی,شیمی,شیمی دهم,بخش 6,شیمی آلی,,متوسط,متان چند اتم کربن دارد؟,1,2,4,8,A,فرمول متان CH4 است.,ترنم همدلی,original,1405
دهم,تجربی,فیزیک,فیزیک دهم,بخش 1,حرکت,,متوسط,سرعت متوسط چگونه به‌دست می‌آید؟,مسافت تقسیم بر زمان,زمان تقسیم بر مسافت,جرم تقسیم بر نیرو,نیرو تقسیم بر جرم,A,v=Δx/Δt.,ترنم همدلی,original,1405
دهم,تجربی,فیزیک,فیزیک دهم,بخش 2,نیرو,,متوسط,قانون دوم نیوتن کدام است؟,F=ma,F=m/a,F=a/m,F=m+a,A,قانون دوم نیوتن F=ma است.,ترنم همدلی,original,1405
دهم,تجربی,فیزیک,فیزیک دهم,بخش 3,کار,,متوسط,اگر نیرو و جابه‌جایی هم‌جهت باشند، کار چگونه محاسبه می‌شود؟,W=Fd,W=F/d,W=d/F,W=F+d,A,در حالت هم‌جهت W=Fd.,ترنم همدلی,original,1405
دهم,تجربی,فیزیک,فیزیک دهم,بخش 4,الکتریسیته,,متوسط,واحد مقاومت الکتریکی چیست؟,ولت,آمپر,اهم,وات,C,واحد مقاومت اهم است.,ترنم همدلی,original,1405
دهم,تجربی,فیزیک,فیزیک دهم,بخش 5,موج,,متوسط,فرکانس چیست؟,تعداد نوسان در واحد زمان,زمان یک نوسان,طول مسیر,دامنه,A,فرکانس تعداد نوسان در واحد زمان است.,ترنم همدلی,original,1405
دهم,تجربی,فیزیک,فیزیک دهم,بخش 6,انرژی,,متوسط,انرژی جنبشی به چه عواملی وابسته است؟,جرم و سرعت,فقط جرم,فقط ارتفاع,فقط زمان,A,K=1/2 mv².,ترنم همدلی,original,1405
دهم,تجربی,ریاضی,ریاضی دهم,بخش 1,تابع,,متوسط,اگر f(x)=2x+1 باشد f(3) چند است؟,5,6,7,8,C,2×3+1=7.,ترنم همدلی,original,1405
دهم,تجربی,ریاضی,ریاضی دهم,بخش 2,معادله,,متوسط,حل 2x+6=14 چیست؟,2,3,4,5,C,2x=8 پس x=4.,ترنم همدلی,original,1405
دهم,تجربی,ریاضی,ریاضی دهم,بخش 3,حد,,متوسط,حد بیانگر چه مفهومی است؟,رفتار تابع نزدیک یک نقطه,فقط مقدار تابع در نقطه,مشتق همیشه,مساحت,A,حد رفتار تابع هنگام نزدیک شدن ورودی به نقطه را توصیف می‌کند.,ترنم همدلی,original,1405
دهم,تجربی,ریاضی,ریاضی دهم,بخش 4,مشتق,,متوسط,مشتق x² چیست؟,x,2x,x²,2,B,مشتق x² برابر 2x است.,ترنم همدلی,original,1405
دهم,تجربی,ریاضی,ریاضی دهم,بخش 5,احتمال,,متوسط,احتمال رخداد قطعی چیست؟,0,1,1/2,2,B,رخداد قطعی احتمال 1 دارد.,ترنم همدلی,original,1405
دهم,تجربی,ریاضی,ریاضی دهم,بخش 6,هندسه,,متوسط,شیب خط افقی چیست؟,1,-1,0,تعریف‌نشده,C,خط افقی شیب صفر دارد.,ترنم همدلی,original,1405
دهم,ریاضی,فارسی,فارسی,بخش 1,واژگان,,متوسط,واژه «فرهیخته» به کدام معنا نزدیک‌تر است؟,دانشمند,بی‌تجربه,کم‌حوصله,بی‌تفاوت,A,فرهیخته به فرد دانش‌آموخته و اهل فرهنگ گفته می‌شود.,ترنم همدلی,original,1405
دهم,ریاضی,فارسی,فارسی,بخش 2,آرایه,,متوسط,در «قد سرو» کدام آرایه دیده می‌شود؟,تشبیه,تضاد,جناس,سجع,A,قد به سرو مانند شده است.,ترنم همدلی,original,1405
دهم,ریاضی,فارسی,فارسی,بخش 3,دستور,,متوسط,در «دانش‌آموزان درس را خواندند» نهاد کدام است؟,درس,دانش‌آموزان,را,خواندند,B,انجام‌دهنده فعل نهاد است.,ترنم همدلی,original,1405
دهم,ریاضی,فارسی,فارسی,بخش 4,املاء,,متوسط,کدام واژه درست است؟,تأثیر,تاثیر,تأثیرر,تاثیر,A,املای معیار «تأثیر» است.,ترنم همدلی,original,1405
دهم,ریاضی,فارسی,فارسی,بخش 5,قرابت,,متوسط,کدام مفهوم به ارزش دانش نزدیک‌تر است؟,دانایی عامل رشد است,ثروت همیشه کافی است,تلاش بی‌فایده است,یادگیری بی‌ارزش است,A,مفهوم بر اهمیت دانش تأکید دارد.,ترنم همدلی,original,1405
دهم,ریاضی,فارسی,فارسی,بخش 6,نگارش,,متوسط,مقدمه خوب چه ویژگی دارد؟,ارتباط با موضوع,بی‌ربطی,تکرار نتیجه,حذف موضوع,A,مقدمه باید زمینه موضوع را فراهم کند.,ترنم همدلی,original,1405
دهم,ریاضی,عربی,عربی,بخش 1,ترجمه,,متوسط,معنی «الطلابُ مجتهدون» چیست؟,دانش‌آموزان کوشا هستند,دانش‌آموز کوشاست,معلمان کوشا هستند,دانش‌آموزان غایب‌اند,A,ترجمه جمله همین است.,ترنم همدلی,original,1405
دهم,ریاضی,عربی,عربی,بخش 2,اسم فاعل,,متوسط,اسم فاعل «کاتب» به چه معناست؟,نویسنده/نویسنده‌کننده,نوشته‌شده,کتاب,خوانده‌شده,A,کاتب اسم فاعل از کتب است.,ترنم همدلی,original,1405
دهم,ریاضی,عربی,عربی,بخش 3,فعل مضارع,,متوسط,«یذهب» چه زمانی را نشان می‌دهد؟,مضارع,ماضی,امر,نهی,A,یذهب فعل مضارع است.,ترنم همدلی,original,1405
دهم,ریاضی,عربی,عربی,بخش 4,عدد,,متوسط,«ثلاثة» چه عددی است؟,دو,سه,چهار,پنج,B,ثلاثة یعنی سه.,ترنم همدلی,original,1405
دهم,ریاضی,عربی,عربی,بخش 5,جمع,,متوسط,جمع «معلم» کدام است؟,معلمان,معلمون,تعلیم,معلومة,B,در حالت رفع جمع مذکر سالم «معلمون» است.,ترنم همدلی,original,1405
دهم,ریاضی,عربی,عربی,بخش 6,مفعول,,متوسط,در «قرأ الطالبُ الکتابَ» مفعول چیست؟,الطالب,قرأ,الکتاب,هیچ‌کدام,C,الکتاب مفعول فعل قرأ است.,ترنم همدلی,original,1405
دهم,ریاضی,دین و زندگی,دین و زندگی,بخش 1,توحید,,متوسط,توحید در ربوبیت به چه معناست؟,خداوند مدبر جهان است,انکار خدا,چندخدایی,بی‌نیازی از هدایت,A,ربوبیت به تدبیر و پروردگاری خداوند اشاره دارد.,ترنم همدلی,original,1405
دهم,ریاضی,دین و زندگی,دین و زندگی,بخش 2,نبوت,,متوسط,یکی از نیازهای انسان به پیامبران چیست؟,هدایت الهی,افزایش ثروت,حل همه مسائل علمی,حذف اختیار,A,پیامبران راه هدایت الهی را ارائه می‌کنند.,ترنم همدلی,original,1405
دهم,ریاضی,دین و زندگی,دین و زندگی,بخش 3,معاد,,متوسط,باور به معاد چه اثری می‌تواند داشته باشد؟,مسئولیت‌پذیری,بی‌تفاوتی,بی‌قانونی,ناامیدی,A,باور به حسابرسی می‌تواند مسئولیت‌پذیری را تقویت کند.,ترنم همدلی,original,1405
دهم,ریاضی,دین و زندگی,دین و زندگی,بخش 4,اخلاق,,متوسط,اخلاص یعنی چه؟,انجام عمل برای رضای خدا,انجام کار برای شهرت,ترس از مردم,خودنمایی,A,اخلاص به نیت الهی در عمل اشاره دارد.,ترنم همدلی,original,1405
دهم,ریاضی,دین و زندگی,دین و زندگی,بخش 5,اختیار,,متوسط,اختیار انسان با مسئولیت چه ارتباطی دارد؟,انتخاب زمینه مسئولیت است,هیچ ارتباطی ندارد,اختیار مسئولیت را حذف می‌کند,مسئولیت را ناممکن می‌کند,A,مسئولیت اخلاقی بر انتخاب آگاهانه استوار است.,ترنم همدلی,original,1405
دهم,ریاضی,دین و زندگی,دین و زندگی,بخش 6,هدایت,,متوسط,عقل و وحی چه نقشی در هدایت دارند؟,راهنمایی انسان,ایجاد سردرگمی,حذف انتخاب,افزایش جهل,A,هر دو در چارچوب آموزه دینی ابزار هدایت‌اند.,ترنم همدلی,original,1405
دهم,ریاضی,زبان انگلیسی,زبان انگلیسی,بخش 1,واژگان,,متوسط,"meaning of ""benefit"" چیست؟",فایده,خطر,هزینه,شکست,A,benefit یعنی فایده.,ترنم همدلی,original,1405
دهم,ریاضی,زبان انگلیسی,زبان انگلیسی,بخش 2,گرامر,,متوسط,کدام جمله درست است؟,She has finished her work.,She have finished.,She finish has.,She finishing has.,A,ساختار حال کامل برای she با has است.,ترنم همدلی,original,1405
دهم,ریاضی,زبان انگلیسی,زبان انگلیسی,بخش 3,مجهول,,متوسط,کدام جمله مجهول است؟,Ali wrote the letter.,The letter was written by Ali.,Ali writes letters.,Ali is writing.,B,در جمله دوم فاعل گیرنده عمل است.,ترنم همدلی,original,1405
دهم,ریاضی,زبان انگلیسی,زبان انگلیسی,بخش 4,شرطی,,متوسط,کدام جمله شرطی نوع اول است؟,"If it rains, we will stay home.","If it rained, we would stay.","If it had rained, we would have stayed.",It rains yesterday.,A,شرطی نوع اول معمولاً if+حال و will دارد.,ترنم همدلی,original,1405
دهم,ریاضی,زبان انگلیسی,زبان انگلیسی,بخش 5,درک مطلب,,متوسط,برای فهم ایده اصلی متن چه چیزی مهم است؟,تمرکز بر پیام کلی,حفظ همه کلمات,نادیده گرفتن عنوان,فقط ترجمه یک جمله,A,ایده اصلی پیام کلی متن است.,ترنم همدلی,original,1405
دهم,ریاضی,زبان انگلیسی,زبان انگلیسی,بخش 6,واژگان,,متوسط,"opposite of ""increase"" چیست؟",decrease,improve,expand,raise,A,decrease متضاد increase است.,ترنم همدلی,original,1405
دهم,ریاضی,ریاضی,ریاضی دهم,بخش 1,تابع,,متوسط,اگر f(x)=x² باشد f(-2) چند است؟,-4,-2,2,4,D,(-2)²=4.,ترنم همدلی,original,1405
دهم,ریاضی,ریاضی,ریاضی دهم,بخش 2,معادله,,متوسط,حل x²=9 کدام است؟,3,-3,3 و -3,9,C,ریشه‌های معادله 3 و -3 هستند.,ترنم همدلی,original,1405
دهم,ریاضی,ریاضی,ریاضی دهم,بخش 3,مشتق,,متوسط,مشتق 3x² چیست؟,3x,6x,x²,6,B,مشتق 3x² برابر 6x است.,ترنم همدلی,original,1405
دهم,ریاضی,ریاضی,ریاضی دهم,بخش 4,احتمال,,متوسط,در پرتاب یک تاس سالم احتمال آمدن عدد زوج چیست؟,1/6,1/3,1/2,2/3,C,سه حالت از شش حالت زوج‌اند.,ترنم همدلی,original,1405
دهم,ریاضی,ریاضی,ریاضی دهم,بخش 5,بردار,,متوسط,بردار چه کمیتی است؟,فقط اسکالر,دارای اندازه و جهت,فقط جهت,بدون اندازه,B,بردار هم اندازه و هم جهت دارد.,ترنم همدلی,original,1405
دهم,ریاضی,ریاضی,ریاضی دهم,بخش 6,آمار,,متوسط,میانگین 2،4،6 و 8 چند است؟,4,5,6,20,B,جمع 20 و تقسیم بر 4 برابر 5 است.,ترنم همدلی,original,1405
دهم,ریاضی,فیزیک,فیزیک دهم,بخش 1,حرکت,,متوسط,شتاب متوسط چیست؟,تغییر سرعت تقسیم بر زمان,مسافت تقسیم بر زمان,نیرو تقسیم بر جرم,جرم تقسیم بر زمان,A,a=Δv/Δt.,ترنم همدلی,original,1405
دهم,ریاضی,فیزیک,فیزیک دهم,بخش 2,دینامیک,,متوسط,قانون سوم نیوتن بر چه اصلی استوار است؟,کنش و واکنش,پایستگی جرم,قانون اهم,اصل برنولی,A,نیروهای کنش و واکنش برابر و خلاف جهت‌اند.,ترنم همدلی,original,1405
دهم,ریاضی,فیزیک,فیزیک دهم,بخش 3,الکتریسیته,,متوسط,قانون اهم چیست؟,V=IR,V=I/R,I=VR,R=VI,A,قانون اهم V=IR است.,ترنم همدلی,original,1405
دهم,ریاضی,فیزیک,فیزیک دهم,بخش 4,مغناطیس,,متوسط,میدان مغناطیسی اطراف جریان الکتریکی چگونه ایجاد می‌شود؟,جریان الکتریکی,سکون کامل بار,خلأ,فشار,A,جریان الکتریکی میدان مغناطیسی ایجاد می‌کند.,ترنم همدلی,original,1405
دهم,ریاضی,فیزیک,فیزیک دهم,بخش 5,نوسان,,متوسط,دوره تناوب چیست؟,زمان یک نوسان کامل,تعداد نوسان در ثانیه,دامنه,طول موج,A,دوره زمان یک نوسان کامل است.,ترنم همدلی,original,1405
دهم,ریاضی,فیزیک,فیزیک دهم,بخش 6,انرژی,,متوسط,انرژی پتانسیل گرانشی به چه عواملی وابسته است؟,جرم و ارتفاع,فقط سرعت,فقط زمان,مقاومت,A,U=mgh.,ترنم همدلی,original,1405
دهم,ریاضی,شیمی,شیمی دهم,بخش 1,اتم,,متوسط,ایزوتوپ‌های یک عنصر در چه چیزی متفاوت‌اند؟,تعداد نوترون,تعداد پروتون,نام عنصر,عدد اتمی,A,ایزوتوپ‌ها پروتون یکسان و نوترون متفاوت دارند.,ترنم همدلی,original,1405
دهم,ریاضی,شیمی,شیمی دهم,بخش 2,استوکیومتری,,متوسط,یک مول تقریباً چند ذره دارد؟,6.02×10^23,6.02×10^3,10^23,6.02,A,عدد آووگادرو حدود 6.02×10^23 است.,ترنم همدلی,original,1405
دهم,ریاضی,شیمی,شیمی دهم,بخش 3,محلول,,متوسط,غلظت مولار یعنی چه؟,مول حل‌شونده در لیتر محلول,جرم در گرم,لیتر در مول,فشار در حجم,A,مولاریته mol/L است.,ترنم همدلی,original,1405
دهم,ریاضی,شیمی,شیمی دهم,بخش 4,تعادل,,متوسط,در تعادل شیمیایی چه چیزی برابر می‌شود؟,سرعت واکنش رفت و برگشت,غلظت همه مواد,جرم همه مواد,دما و فشار,A,در تعادل سرعت رفت و برگشت برابر است.,ترنم همدلی,original,1405
دهم,ریاضی,شیمی,شیمی دهم,بخش 5,اسید و باز,,متوسط,کدام ماده در آب یون H+ بیشتری ایجاد می‌کند؟,اسید,باز,نمک خنثی,فلز,A,اسیدها دهنده H+ هستند.,ترنم همدلی,original,1405
دهم,ریاضی,شیمی,شیمی دهم,بخش 6,آلی,,متوسط,گروه عاملی الکل چیست؟,OH-,COOH,NH2,CHO,A,الکل‌ها گروه هیدروکسیل OH دارند.,ترنم همدلی,original,1405
دهم,انسانی,فارسی,فارسی,بخش 1,واژگان,,متوسط,واژه «فرهیخته» به کدام معنا نزدیک‌تر است؟,دانشمند,بی‌تجربه,کم‌حوصله,بی‌تفاوت,A,فرهیخته به فرد دانش‌آموخته و اهل فرهنگ گفته می‌شود.,ترنم همدلی,original,1405
دهم,انسانی,فارسی,فارسی,بخش 2,آرایه,,متوسط,در «قد سرو» کدام آرایه دیده می‌شود؟,تشبیه,تضاد,جناس,سجع,A,قد به سرو مانند شده است.,ترنم همدلی,original,1405
دهم,انسانی,فارسی,فارسی,بخش 3,دستور,,متوسط,در «دانش‌آموزان درس را خواندند» نهاد کدام است؟,درس,دانش‌آموزان,را,خواندند,B,انجام‌دهنده فعل نهاد است.,ترنم همدلی,original,1405
دهم,انسانی,فارسی,فارسی,بخش 4,املاء,,متوسط,کدام واژه درست است؟,تأثیر,تاثیر,تأثیرر,تاثیر,A,املای معیار «تأثیر» است.,ترنم همدلی,original,1405
دهم,انسانی,فارسی,فارسی,بخش 5,قرابت,,متوسط,کدام مفهوم به ارزش دانش نزدیک‌تر است؟,دانایی عامل رشد است,ثروت همیشه کافی است,تلاش بی‌فایده است,یادگیری بی‌ارزش است,A,مفهوم بر اهمیت دانش تأکید دارد.,ترنم همدلی,original,1405
دهم,انسانی,فارسی,فارسی,بخش 6,نگارش,,متوسط,مقدمه خوب چه ویژگی دارد؟,ارتباط با موضوع,بی‌ربطی,تکرار نتیجه,حذف موضوع,A,مقدمه باید زمینه موضوع را فراهم کند.,ترنم همدلی,original,1405
دهم,انسانی,عربی,عربی,بخش 1,ترجمه,,متوسط,معنی «الطلابُ مجتهدون» چیست؟,دانش‌آموزان کوشا هستند,دانش‌آموز کوشاست,معلمان کوشا هستند,دانش‌آموزان غایب‌اند,A,ترجمه جمله همین است.,ترنم همدلی,original,1405
دهم,انسانی,عربی,عربی,بخش 2,اسم فاعل,,متوسط,اسم فاعل «کاتب» به چه معناست؟,نویسنده/نویسنده‌کننده,نوشته‌شده,کتاب,خوانده‌شده,A,کاتب اسم فاعل از کتب است.,ترنم همدلی,original,1405
دهم,انسانی,عربی,عربی,بخش 3,فعل مضارع,,متوسط,«یذهب» چه زمانی را نشان می‌دهد؟,مضارع,ماضی,امر,نهی,A,یذهب فعل مضارع است.,ترنم همدلی,original,1405
دهم,انسانی,عربی,عربی,بخش 4,عدد,,متوسط,«ثلاثة» چه عددی است؟,دو,سه,چهار,پنج,B,ثلاثة یعنی سه.,ترنم همدلی,original,1405
دهم,انسانی,عربی,عربی,بخش 5,جمع,,متوسط,جمع «معلم» کدام است؟,معلمان,معلمون,تعلیم,معلومة,B,در حالت رفع جمع مذکر سالم «معلمون» است.,ترنم همدلی,original,1405
دهم,انسانی,عربی,عربی,بخش 6,مفعول,,متوسط,در «قرأ الطالبُ الکتابَ» مفعول چیست؟,الطالب,قرأ,الکتاب,هیچ‌کدام,C,الکتاب مفعول فعل قرأ است.,ترنم همدلی,original,1405
دهم,انسانی,دین و زندگی,دین و زندگی,بخش 1,توحید,,متوسط,توحید در ربوبیت به چه معناست؟,خداوند مدبر جهان است,انکار خدا,چندخدایی,بی‌نیازی از هدایت,A,ربوبیت به تدبیر و پروردگاری خداوند اشاره دارد.,ترنم همدلی,original,1405
دهم,انسانی,دین و زندگی,دین و زندگی,بخش 2,نبوت,,متوسط,یکی از نیازهای انسان به پیامبران چیست؟,هدایت الهی,افزایش ثروت,حل همه مسائل علمی,حذف اختیار,A,پیامبران راه هدایت الهی را ارائه می‌کنند.,ترنم همدلی,original,1405
دهم,انسانی,دین و زندگی,دین و زندگی,بخش 3,معاد,,متوسط,باور به معاد چه اثری می‌تواند داشته باشد؟,مسئولیت‌پذیری,بی‌تفاوتی,بی‌قانونی,ناامیدی,A,باور به حسابرسی می‌تواند مسئولیت‌پذیری را تقویت کند.,ترنم همدلی,original,1405
دهم,انسانی,دین و زندگی,دین و زندگی,بخش 4,اخلاق,,متوسط,اخلاص یعنی چه؟,انجام عمل برای رضای خدا,انجام کار برای شهرت,ترس از مردم,خودنمایی,A,اخلاص به نیت الهی در عمل اشاره دارد.,ترنم همدلی,original,1405
دهم,انسانی,دین و زندگی,دین و زندگی,بخش 5,اختیار,,متوسط,اختیار انسان با مسئولیت چه ارتباطی دارد؟,انتخاب زمینه مسئولیت است,هیچ ارتباطی ندارد,اختیار مسئولیت را حذف می‌کند,مسئولیت را ناممکن می‌کند,A,مسئولیت اخلاقی بر انتخاب آگاهانه استوار است.,ترنم همدلی,original,1405
دهم,انسانی,دین و زندگی,دین و زندگی,بخش 6,هدایت,,متوسط,عقل و وحی چه نقشی در هدایت دارند؟,راهنمایی انسان,ایجاد سردرگمی,حذف انتخاب,افزایش جهل,A,هر دو در چارچوب آموزه دینی ابزار هدایت‌اند.,ترنم همدلی,original,1405
دهم,انسانی,زبان انگلیسی,زبان انگلیسی,بخش 1,واژگان,,متوسط,"meaning of ""benefit"" چیست؟",فایده,خطر,هزینه,شکست,A,benefit یعنی فایده.,ترنم همدلی,original,1405
دهم,انسانی,زبان انگلیسی,زبان انگلیسی,بخش 2,گرامر,,متوسط,کدام جمله درست است؟,She has finished her work.,She have finished.,She finish has.,She finishing has.,A,ساختار حال کامل برای she با has است.,ترنم همدلی,original,1405
دهم,انسانی,زبان انگلیسی,زبان انگلیسی,بخش 3,مجهول,,متوسط,کدام جمله مجهول است؟,Ali wrote the letter.,The letter was written by Ali.,Ali writes letters.,Ali is writing.,B,در جمله دوم فاعل گیرنده عمل است.,ترنم همدلی,original,1405
دهم,انسانی,زبان انگلیسی,زبان انگلیسی,بخش 4,شرطی,,متوسط,کدام جمله شرطی نوع اول است؟,"If it rains, we will stay home.","If it rained, we would stay.","If it had rained, we would have stayed.",It rains yesterday.,A,شرطی نوع اول معمولاً if+حال و will دارد.,ترنم همدلی,original,1405
دهم,انسانی,زبان انگلیسی,زبان انگلیسی,بخش 5,درک مطلب,,متوسط,برای فهم ایده اصلی متن چه چیزی مهم است؟,تمرکز بر پیام کلی,حفظ همه کلمات,نادیده گرفتن عنوان,فقط ترجمه یک جمله,A,ایده اصلی پیام کلی متن است.,ترنم همدلی,original,1405
دهم,انسانی,زبان انگلیسی,زبان انگلیسی,بخش 6,واژگان,,متوسط,"opposite of ""increase"" چیست؟",decrease,improve,expand,raise,A,decrease متضاد increase است.,ترنم همدلی,original,1405
دهم,انسانی,علوم و فنون ادبی,علوم و فنون ادبی دهم,بخش 1,عروض,,متوسط,واحد بنیادی وزن شعر فارسی چیست؟,هجا,بند,جمله,مصراع تنها,A,وزن بر پایه هجاها بررسی می‌شود.,ترنم همدلی,original,1405
دهم,انسانی,علوم و فنون ادبی,علوم و فنون ادبی دهم,بخش 2,آرایه,,متوسط,تضاد چیست؟,جمع دو مفهوم مخالف,تکرار صدا,تشبیه,حذف فعل,A,تضاد کنار هم آمدن مفاهیم مخالف است.,ترنم همدلی,original,1405
دهم,انسانی,علوم و فنون ادبی,علوم و فنون ادبی دهم,بخش 3,قافیه,,متوسط,قافیه در شعر چه نقشی دارد؟,آهنگ و هماهنگی پایانی,معنی واژه,ساخت جمله,تغییر موضوع,A,قافیه به هماهنگی پایانی شعر کمک می‌کند.,ترنم همدلی,original,1405
دهم,انسانی,علوم و فنون ادبی,علوم و فنون ادبی دهم,بخش 4,سبک,,متوسط,سبک خراسانی چه ویژگی برجسته‌ای دارد؟,زبان نسبتاً ساده و استوار,پیچیدگی کامل عرفانی,زبان کاملاً محاوره‌ای,نبود وزن,A,از ویژگی‌های شناخته‌شده سبک خراسانی زبان نسبتاً ساده و استوار است.,ترنم همدلی,original,1405
دهم,انسانی,علوم و فنون ادبی,علوم و فنون ادبی دهم,بخش 5,واج‌آرایی,,متوسط,واج‌آرایی چیست؟,تکرار یک واج,تکرار معنی,تضاد,تشبیه,A,تکرار آوای یک واج واج‌آرایی است.,ترنم همدلی,original,1405
دهم,انسانی,علوم و فنون ادبی,علوم و فنون ادبی دهم,بخش 6,معانی,,متوسط,خبر در جمله چه نقشی دارد؟,انتقال اطلاعات درباره نهاد,فقط پرسش,امر,نداء,A,خبر درباره نهاد اطلاعات می‌دهد.,ترنم همدلی,original,1405
دهم,انسانی,جامعه‌شناسی,جامعه‌شناسی دهم,بخش 1,کنش اجتماعی,,متوسط,کنش اجتماعی چیست؟,رفتار معنادار نسبت به دیگران,حرکت فیزیکی بدون معنا,فقط تفکر,واکنش شیمیایی,A,کنش اجتماعی رفتار معنادار در ارتباط با دیگران است.,ترنم همدلی,original,1405
دهم,انسانی,جامعه‌شناسی,جامعه‌شناسی دهم,بخش 2,فرهنگ,,متوسط,فرهنگ شامل چه چیزهایی است؟,ارزش‌ها و هنجارها و نمادها,فقط ساختمان‌ها,فقط اقتصاد,فقط جغرافیا,A,فرهنگ مجموعه‌ای از ارزش‌ها، هنجارها، نمادها و معانی است.,ترنم همدلی,original,1405
دهم,انسانی,جامعه‌شناسی,جامعه‌شناسی دهم,بخش 3,نهاد اجتماعی,,متوسط,خانواده نمونه چیست؟,نهاد اجتماعی,عنصر شیمیایی,قانون طبیعی,دستگاه فیزیکی,A,خانواده یک نهاد اجتماعی بنیادی است.,ترنم همدلی,original,1405
دهم,انسانی,جامعه‌شناسی,جامعه‌شناسی دهم,بخش 4,هویت,,متوسط,هویت اجتماعی چه چیزی را نشان می‌دهد؟,جایگاه و تعلقات فرد در جامعه,فقط قد و وزن,فقط درآمد,فقط ژنتیک,A,هویت اجتماعی با تعلقات و نقش‌های اجتماعی پیوند دارد.,ترنم همدلی,original,1405
دهم,انسانی,جامعه‌شناسی,جامعه‌شناسی دهم,بخش 5,تغییر اجتماعی,,متوسط,کدام مورد می‌تواند عامل تغییر اجتماعی باشد؟,فناوری,سکون کامل,نبود ارتباط,حذف آموزش,A,فناوری می‌تواند الگوهای زندگی اجتماعی را تغییر دهد.,ترنم همدلی,original,1405
دهم,انسانی,جامعه‌شناسی,جامعه‌شناسی دهم,بخش 6,جهانی‌شدن,,متوسط,جهانی‌شدن به چه معناست؟,افزایش پیوندهای جهانی,انزوای کامل جوامع,کاهش ارتباط,حذف فناوری,A,جهانی‌شدن با افزایش ارتباط و وابستگی متقابل همراه است.,ترنم همدلی,original,1405
دهم,انسانی,اقتصاد,اقتصاد دهم,بخش 1,نیاز و خواسته,,متوسط,نیاز چه تفاوتی با خواسته دارد؟,ضروری‌تر بودن نیاز,گران‌تر بودن نیاز,همیشه یکسان بودن,نداشتن هزینه,A,نیاز برای زندگی ضروری‌تر است.,ترنم همدلی,original,1405
دهم,انسانی,اقتصاد,اقتصاد دهم,بخش 2,کمیابی,,متوسط,کمیابی چرا مسئله اقتصادی ایجاد می‌کند؟,منابع محدودند و نیازها گسترده,همه چیز فراوان است,تقاضا صفر است,قیمت‌ها ثابت‌اند,A,محدودیت منابع انتخاب را ضروری می‌کند.,ترنم همدلی,original,1405
دهم,انسانی,اقتصاد,اقتصاد دهم,بخش 3,عرضه و تقاضا,,متوسط,افزایش تقاضا با ثابت بودن سایر شرایط چه اثری می‌تواند داشته باشد؟,افزایش قیمت,کاهش قطعی قیمت,حذف بازار,ثابت ماندن حتمی,A,در مدل ساده افزایش تقاضا فشار افزایشی بر قیمت دارد.,ترنم همدلی,original,1405
دهم,انسانی,اقتصاد,اقتصاد دهم,بخش 4,تورم,,متوسط,تورم چیست؟,افزایش مستمر سطح عمومی قیمت‌ها,کاهش یک قیمت,افزایش تولید یک کالا,ثبات قیمت‌ها,A,تورم افزایش عمومی و مستمر سطح قیمت‌هاست.,ترنم همدلی,original,1405
دهم,انسانی,اقتصاد,اقتصاد دهم,بخش 5,پس‌انداز,,متوسط,پس‌انداز چه نقشی دارد؟,تأمین منابع آینده,افزایش مصرف فوری,حذف سرمایه‌گذاری,کاهش درآمد,A,پس‌انداز منابع را برای آینده فراهم می‌کند.,ترنم همدلی,original,1405
دهم,انسانی,اقتصاد,اقتصاد دهم,بخش 6,کارآفرینی,,متوسط,کارآفرین چه کاری انجام می‌دهد؟,شناسایی فرصت و پذیرش ریسک,فقط مصرف کالا,حذف نوآوری,کاهش بهره‌وری,A,کارآفرینی با فرصت، نوآوری و پذیرش ریسک همراه است.,ترنم همدلی,original,1405
دهم,انسانی,فلسفه,فلسفه دهم,بخش 1,تعریف فلسفه,,متوسط,فلسفه بیشتر با چه نوع پرسش‌هایی سروکار دارد؟,پرسش‌های بنیادی درباره هستی و شناخت,فقط محاسبات,فقط آزمایشگاه,فقط ورزش,A,فلسفه به پرسش‌های بنیادی می‌پردازد.,ترنم همدلی,original,1405
دهم,انسانی,فلسفه,فلسفه دهم,بخش 2,معرفت,,متوسط,معرفت یعنی چه؟,شناخت و آگاهی,صرفاً احساس,حرکت,تغذیه,A,معرفت به شناخت و آگاهی اشاره دارد.,ترنم همدلی,original,1405
دهم,انسانی,فلسفه,فلسفه دهم,بخش 3,استدلال,,متوسط,استدلال چه هدفی دارد؟,پشتیبانی منطقی از نتیجه,حذف دلیل,افزایش ابهام,تکرار واژه,A,استدلال برای حمایت منطقی از نتیجه به کار می‌رود.,ترنم همدلی,original,1405
دهم,انسانی,فلسفه,فلسفه دهم,بخش 4,واقعیت,,متوسط,پرسش «چه چیزی واقعاً وجود دارد؟» بیشتر مربوط به چیست؟,هستی‌شناسی,اخلاق کاربردی,اقتصاد,دستور زبان,A,هستی‌شناسی درباره وجود و واقعیت بحث می‌کند.,ترنم همدلی,original,1405
دهم,انسانی,فلسفه,فلسفه دهم,بخش 5,اخلاق,,متوسط,پرسش «چه کاری درست است؟» به کدام حوزه نزدیک‌تر است؟,اخلاق,هستی‌شناسی,فیزیک,جغرافیا,A,اخلاق درباره درست و نادرست عمل بحث می‌کند.,ترنم همدلی,original,1405
دهم,انسانی,فلسفه,فلسفه دهم,بخش 6,شناخت,,متوسط,تفاوت باور و دانش چیست؟,دانش نیازمند پشتوانه معرفتی است,هیچ تفاوتی ندارند,باور همیشه علمی است,دانش بدون دلیل است,A,دانش معمولاً به توجیه و پشتوانه معرفتی نیاز دارد.,ترنم همدلی,original,1405
دهم,انسانی,روان‌شناسی,روان‌شناسی دهم,بخش 1,یادگیری,,متوسط,یادگیری چیست؟,تغییر نسبتاً پایدار در رفتار یا توانایی,تغییر لحظه‌ای ضربان قلب,رشد قد,خواب,A,تعریف رایج یادگیری بر تغییر نسبتاً پایدار تأکید دارد.,ترنم همدلی,original,1405
دهم,انسانی,روان‌شناسی,روان‌شناسی دهم,بخش 2,حافظه,,متوسط,حافظه کوتاه‌مدت چه ویژگی دارد؟,ظرفیت و دوام محدودتر,ظرفیت نامحدود,بدون فراموشی,فقط برای مهارت حرکتی,A,حافظه کوتاه‌مدت ظرفیت و دوام محدودتری دارد.,ترنم همدلی,original,1405
دهم,انسانی,روان‌شناسی,روان‌شناسی دهم,بخش 3,انگیزه,,متوسط,انگیزه چه نقشی دارد؟,جهت‌دهی و فعال‌سازی رفتار,حذف هدف,کاهش همه رفتارها,تغییر رنگ چشم,A,انگیزه رفتار را فعال و جهت‌دهی می‌کند.,ترنم همدلی,original,1405
دهم,انسانی,روان‌شناسی,روان‌شناسی دهم,بخش 4,ادراک,,متوسط,ادراک چیست؟,تفسیر اطلاعات حسی,فقط دریافت نور,حرکت عضله,تنفس,A,ادراک تفسیر و سازمان‌دهی اطلاعات حسی است.,ترنم همدلی,original,1405
دهم,انسانی,روان‌شناسی,روان‌شناسی دهم,بخش 5,شخصیت,,متوسط,شخصیت به چه چیزی اشاره دارد؟,الگوهای نسبتاً پایدار ویژگی و رفتار,یک هیجان لحظه‌ای,قد,وزن,A,شخصیت مجموعه الگوهای نسبتاً پایدار ویژگی‌ها و رفتار است.,ترنم همدلی,original,1405
دهم,انسانی,روان‌شناسی,روان‌شناسی دهم,بخش 6,استرس,,متوسط,استرس چه زمانی می‌تواند مشکل‌زا شود؟,وقتی طولانی و ناتوان‌کننده باشد,هرگز,فقط هنگام ورزش,فقط در خواب,A,استرس شدید یا مزمن می‌تواند مشکل‌زا شود.,ترنم همدلی,original,1405
دهم,انسانی,تاریخ,تاریخ دهم,بخش 1,منبع تاریخی,,متوسط,منبع دست‌اول چیست؟,اثر یا گزارش نزدیک به زمان رویداد,خلاصه امروزی,نظر شخص ثالث,داستان تخیلی,A,منبع دست‌اول به دوره یا شاهد نزدیک‌تر است.,ترنم همدلی,original,1405
دهم,انسانی,تاریخ,تاریخ دهم,بخش 2,علت و معلول,,متوسط,در تحلیل تاریخی چرا علت و معلول مهم است؟,برای فهم چرایی رویدادها,برای حفظ تاریخ‌ها فقط,برای حذف زمینه,برای شمارش جمعیت,A,تحلیل علت و معلول فهم رویداد را عمیق‌تر می‌کند.,ترنم همدلی,original,1405
دهم,انسانی,تاریخ,تاریخ دهم,بخش 3,دوره‌بندی,,متوسط,دوره‌بندی تاریخی چه فایده‌ای دارد؟,سازمان‌دهی مطالعه گذشته,تغییر واقعیت,حذف منابع,ساختن رویداد,A,دوره‌بندی مطالعه گذشته را منظم می‌کند.,ترنم همدلی,original,1405
دهم,انسانی,تاریخ,تاریخ دهم,بخش 4,منبع,,متوسط,کدام مورد منبع مادی است؟,سکه تاریخی,نظر دانش‌آموز,پست شبکه اجتماعی امروز,فرمول ریاضی,A,سکه تاریخی یک منبع مادی است.,ترنم همدلی,original,1405
دهم,انسانی,تاریخ,تاریخ دهم,بخش 5,نقد منبع,,متوسط,در نقد منبع چه چیزی بررسی می‌شود؟,اعتبار و زمینه منبع,فقط طول متن,رنگ کاغذ,تعداد صفحات تنها,A,اعتبار، نویسنده، زمان و زمینه اهمیت دارند.,ترنم همدلی,original,1405
دهم,انسانی,تاریخ,تاریخ دهم,بخش 6,تحلیل,,متوسط,یک رویداد تاریخی را باید چگونه بررسی کرد؟,با توجه به زمینه و شواهد,فقط با یک نظر,بدون منبع,صرفاً با حدس,A,تحلیل تاریخی باید مبتنی بر شواهد و زمینه باشد.,ترنم همدلی,original,1405
دهم,انسانی,جغرافیا,جغرافیا دهم,بخش 1,نقشه,,متوسط,مقیاس چه چیزی را نشان می‌دهد؟,رابطه فاصله نقشه و واقعیت,فقط جهت,فقط ارتفاع,نوع خاک,A,مقیاس رابطه فاصله روی نقشه با واقعیت است.,ترنم همدلی,original,1405
دهم,انسانی,جغرافیا,جغرافیا دهم,بخش 2,آب‌وهوا,,متوسط,اقلیم چیست؟,الگوی بلندمدت وضعیت جوی,وضعیت یک ساعت,فقط بارش امروز,باد لحظه‌ای,A,اقلیم الگوی بلندمدت شرایط جوی است.,ترنم همدلی,original,1405
دهم,انسانی,جغرافیا,جغرافیا دهم,بخش 3,جمعیت,,متوسط,تراکم جمعیت چگونه محاسبه می‌شود؟,جمعیت تقسیم بر مساحت,مساحت تقسیم بر جمعیت,جمعیت ضربدر مساحت,جمعیت منهای مساحت,A,تراکم=جمعیت/مساحت.,ترنم همدلی,original,1405
دهم,انسانی,جغرافیا,جغرافیا دهم,بخش 4,منابع,,متوسط,کدام منبع تجدیدپذیر است؟,خورشید,نفت,زغال‌سنگ,گاز طبیعی,A,انرژی خورشیدی تجدیدپذیر است.,ترنم همدلی,original,1405
دهم,انسانی,جغرافیا,جغرافیا دهم,بخش 5,شهرنشینی,,متوسط,شهرنشینی به چه معناست؟,افزایش سهم جمعیت شهری,کاهش ارتباط,تخلیه همه شهرها,افزایش کشاورزی روستایی,A,شهرنشینی با افزایش سهم جمعیت شهری مرتبط است.,ترنم همدلی,original,1405
دهم,انسانی,جغرافیا,جغرافیا دهم,بخش 6,محیط زیست,,متوسط,توسعه پایدار بر چه تأکیدی است؟,تأمین نیاز امروز بدون آسیب جدی به آینده,مصرف بی‌حد,حذف منابع,تخریب محیط,A,توسعه پایدار تعادل میان نیازهای امروز و آینده را دنبال می‌کند.,ترنم همدلی,original,1405
دهم,انسانی,ریاضی و آمار,ریاضی و آمار دهم,بخش 1,آمار,,متوسط,میانگین 3،5 و7 چیست؟,4,5,6,7,B,میانگین 15÷3=5.,ترنم همدلی,original,1405
دهم,انسانی,ریاضی و آمار,ریاضی و آمار دهم,بخش 2,احتمال,,متوسط,احتمال رویداد غیرممکن چیست؟,0,1,1/2,2,A,رویداد غیرممکن احتمال صفر دارد.,ترنم همدلی,original,1405
دهم,انسانی,ریاضی و آمار,ریاضی و آمار دهم,بخش 3,تابع,,متوسط,اگر f(x)=x+2 باشد f(5) چند است؟,5,6,7,8,C,5+2=7.,ترنم همدلی,original,1405
دهم,انسانی,ریاضی و آمار,ریاضی و آمار دهم,بخش 4,معادله,,متوسط,حل 3x=12 چیست؟,2,3,4,6,C,x=4.,ترنم همدلی,original,1405
دهم,انسانی,ریاضی و آمار,ریاضی و آمار دهم,بخش 5,دنباله,,متوسط,جمله بعدی 2،4،6،8 چیست؟,9,10,12,16,B,الگو هر بار 2 واحد افزایش دارد.,ترنم همدلی,original,1405
دهم,انسانی,ریاضی و آمار,ریاضی و آمار دهم,بخش 6,نمودار,,متوسط,نمودار ستونی برای چه داده‌هایی مناسب است؟,مقایسه دسته‌ها,فقط تابع پیوسته,فقط هندسه,فقط متن,A,نمودار ستونی برای مقایسه دسته‌ها مناسب است.,ترنم همدلی,original,1405
یازدهم,تجربی,فارسی,فارسی,بخش 1,واژگان,,متوسط,واژه «فرهیخته» به کدام معنا نزدیک‌تر است؟,دانشمند,بی‌تجربه,کم‌حوصله,بی‌تفاوت,A,فرهیخته به فرد دانش‌آموخته و اهل فرهنگ گفته می‌شود.,ترنم همدلی,original,1405
یازدهم,تجربی,فارسی,فارسی,بخش 2,آرایه,,متوسط,در «قد سرو» کدام آرایه دیده می‌شود؟,تشبیه,تضاد,جناس,سجع,A,قد به سرو مانند شده است.,ترنم همدلی,original,1405
یازدهم,تجربی,فارسی,فارسی,بخش 3,دستور,,متوسط,در «دانش‌آموزان درس را خواندند» نهاد کدام است؟,درس,دانش‌آموزان,را,خواندند,B,انجام‌دهنده فعل نهاد است.,ترنم همدلی,original,1405
یازدهم,تجربی,فارسی,فارسی,بخش 4,املاء,,متوسط,کدام واژه درست است؟,تأثیر,تاثیر,تأثیرر,تاثیر,A,املای معیار «تأثیر» است.,ترنم همدلی,original,1405
یازدهم,تجربی,فارسی,فارسی,بخش 5,قرابت,,متوسط,کدام مفهوم به ارزش دانش نزدیک‌تر است؟,دانایی عامل رشد است,ثروت همیشه کافی است,تلاش بی‌فایده است,یادگیری بی‌ارزش است,A,مفهوم بر اهمیت دانش تأکید دارد.,ترنم همدلی,original,1405
یازدهم,تجربی,فارسی,فارسی,بخش 6,نگارش,,متوسط,مقدمه خوب چه ویژگی دارد؟,ارتباط با موضوع,بی‌ربطی,تکرار نتیجه,حذف موضوع,A,مقدمه باید زمینه موضوع را فراهم کند.,ترنم همدلی,original,1405
یازدهم,تجربی,عربی,عربی,بخش 1,ترجمه,,متوسط,معنی «الطلابُ مجتهدون» چیست؟,دانش‌آموزان کوشا هستند,دانش‌آموز کوشاست,معلمان کوشا هستند,دانش‌آموزان غایب‌اند,A,ترجمه جمله همین است.,ترنم همدلی,original,1405
یازدهم,تجربی,عربی,عربی,بخش 2,اسم فاعل,,متوسط,اسم فاعل «کاتب» به چه معناست؟,نویسنده/نویسنده‌کننده,نوشته‌شده,کتاب,خوانده‌شده,A,کاتب اسم فاعل از کتب است.,ترنم همدلی,original,1405
یازدهم,تجربی,عربی,عربی,بخش 3,فعل مضارع,,متوسط,«یذهب» چه زمانی را نشان می‌دهد؟,مضارع,ماضی,امر,نهی,A,یذهب فعل مضارع است.,ترنم همدلی,original,1405
یازدهم,تجربی,عربی,عربی,بخش 4,عدد,,متوسط,«ثلاثة» چه عددی است؟,دو,سه,چهار,پنج,B,ثلاثة یعنی سه.,ترنم همدلی,original,1405
یازدهم,تجربی,عربی,عربی,بخش 5,جمع,,متوسط,جمع «معلم» کدام است؟,معلمان,معلمون,تعلیم,معلومة,B,در حالت رفع جمع مذکر سالم «معلمون» است.,ترنم همدلی,original,1405
یازدهم,تجربی,عربی,عربی,بخش 6,مفعول,,متوسط,در «قرأ الطالبُ الکتابَ» مفعول چیست؟,الطالب,قرأ,الکتاب,هیچ‌کدام,C,الکتاب مفعول فعل قرأ است.,ترنم همدلی,original,1405
یازدهم,تجربی,دین و زندگی,دین و زندگی,بخش 1,توحید,,متوسط,توحید در ربوبیت به چه معناست؟,خداوند مدبر جهان است,انکار خدا,چندخدایی,بی‌نیازی از هدایت,A,ربوبیت به تدبیر و پروردگاری خداوند اشاره دارد.,ترنم همدلی,original,1405
یازدهم,تجربی,دین و زندگی,دین و زندگی,بخش 2,نبوت,,متوسط,یکی از نیازهای انسان به پیامبران چیست؟,هدایت الهی,افزایش ثروت,حل همه مسائل علمی,حذف اختیار,A,پیامبران راه هدایت الهی را ارائه می‌کنند.,ترنم همدلی,original,1405
یازدهم,تجربی,دین و زندگی,دین و زندگی,بخش 3,معاد,,متوسط,باور به معاد چه اثری می‌تواند داشته باشد؟,مسئولیت‌پذیری,بی‌تفاوتی,بی‌قانونی,ناامیدی,A,باور به حسابرسی می‌تواند مسئولیت‌پذیری را تقویت کند.,ترنم همدلی,original,1405
یازدهم,تجربی,دین و زندگی,دین و زندگی,بخش 4,اخلاق,,متوسط,اخلاص یعنی چه؟,انجام عمل برای رضای خدا,انجام کار برای شهرت,ترس از مردم,خودنمایی,A,اخلاص به نیت الهی در عمل اشاره دارد.,ترنم همدلی,original,1405
یازدهم,تجربی,دین و زندگی,دین و زندگی,بخش 5,اختیار,,متوسط,اختیار انسان با مسئولیت چه ارتباطی دارد؟,انتخاب زمینه مسئولیت است,هیچ ارتباطی ندارد,اختیار مسئولیت را حذف می‌کند,مسئولیت را ناممکن می‌کند,A,مسئولیت اخلاقی بر انتخاب آگاهانه استوار است.,ترنم همدلی,original,1405
یازدهم,تجربی,دین و زندگی,دین و زندگی,بخش 6,هدایت,,متوسط,عقل و وحی چه نقشی در هدایت دارند؟,راهنمایی انسان,ایجاد سردرگمی,حذف انتخاب,افزایش جهل,A,هر دو در چارچوب آموزه دینی ابزار هدایت‌اند.,ترنم همدلی,original,1405
یازدهم,تجربی,زبان انگلیسی,زبان انگلیسی,بخش 1,واژگان,,متوسط,"meaning of ""benefit"" چیست؟",فایده,خطر,هزینه,شکست,A,benefit یعنی فایده.,ترنم همدلی,original,1405
یازدهم,تجربی,زبان انگلیسی,زبان انگلیسی,بخش 2,گرامر,,متوسط,کدام جمله درست است؟,She has finished her work.,She have finished.,She finish has.,She finishing has.,A,ساختار حال کامل برای she با has است.,ترنم همدلی,original,1405
یازدهم,تجربی,زبان انگلیسی,زبان انگلیسی,بخش 3,مجهول,,متوسط,کدام جمله مجهول است؟,Ali wrote the letter.,The letter was written by Ali.,Ali writes letters.,Ali is writing.,B,در جمله دوم فاعل گیرنده عمل است.,ترنم همدلی,original,1405
یازدهم,تجربی,زبان انگلیسی,زبان انگلیسی,بخش 4,شرطی,,متوسط,کدام جمله شرطی نوع اول است؟,"If it rains, we will stay home.","If it rained, we would stay.","If it had rained, we would have stayed.",It rains yesterday.,A,شرطی نوع اول معمولاً if+حال و will دارد.,ترنم همدلی,original,1405
یازدهم,تجربی,زبان انگلیسی,زبان انگلیسی,بخش 5,درک مطلب,,متوسط,برای فهم ایده اصلی متن چه چیزی مهم است؟,تمرکز بر پیام کلی,حفظ همه کلمات,نادیده گرفتن عنوان,فقط ترجمه یک جمله,A,ایده اصلی پیام کلی متن است.,ترنم همدلی,original,1405
یازدهم,تجربی,زبان انگلیسی,زبان انگلیسی,بخش 6,واژگان,,متوسط,"opposite of ""increase"" چیست؟",decrease,improve,expand,raise,A,decrease متضاد increase است.,ترنم همدلی,original,1405
یازدهم,تجربی,زیست‌شناسی,زیست‌شناسی یازدهم,بخش 1,یاخته,,متوسط,میتوکندری چه نقشی دارد؟,تولید ATP,ساخت دیواره,ذخیره DNA در همه سلول‌ها,ساخت کلروفیل,A,میتوکندری محل اصلی تولید ATP در تنفس یاخته‌ای است.,ترنم همدلی,original,1405
یازدهم,تجربی,زیست‌شناسی,زیست‌شناسی یازدهم,بخش 2,بافت,,متوسط,وظیفه اصلی بافت پوششی چیست؟,پوشش و حفاظت,انقباض,انتقال پیام عصبی,تولید گلبول قرمز,A,بافت پوششی سطوح را می‌پوشاند و حفاظت می‌کند.,ترنم همدلی,original,1405
یازدهم,تجربی,زیست‌شناسی,زیست‌شناسی یازدهم,بخش 3,گوارش,,متوسط,بیشترین جذب مواد غذایی در کجاست؟,معده,روده باریک,روده بزرگ,مری,B,روده باریک محل اصلی جذب است.,ترنم همدلی,original,1405
یازدهم,تجربی,زیست‌شناسی,زیست‌شناسی یازدهم,بخش 4,گردش خون,,متوسط,کدام رگ خون را از قلب دور می‌کند؟,سیاهرگ,سرخرگ,مویرگ,لنف,B,سرخرگ‌ها خون را از قلب دور می‌کنند.,ترنم همدلی,original,1405
یازدهم,تجربی,زیست‌شناسی,زیست‌شناسی یازدهم,بخش 5,تنفس,,متوسط,محل اصلی تبادل گازها در شش چیست؟,نای,حبابک‌ها,حنجره,دیافراگم,B,تبادل گازها در حبابک‌ها انجام می‌شود.,ترنم همدلی,original,1405
یازدهم,تجربی,زیست‌شناسی,زیست‌شناسی یازدهم,بخش 6,ژنتیک,,متوسط,ژن چیست؟,بخشی از DNA با اطلاعات وراثتی,نوعی سلول,بافت,هورمون,A,ژن واحدی از اطلاعات وراثتی در DNA است.,ترنم همدلی,original,1405
یازدهم,تجربی,شیمی,شیمی یازدهم,بخش 1,ساختار اتم,,متوسط,عدد اتمی چه چیزی را نشان می‌دهد؟,تعداد پروتون‌ها,تعداد نوترون‌ها,جرم اتم,تعداد لایه‌ها,A,عدد اتمی برابر تعداد پروتون‌هاست.,ترنم همدلی,original,1405
یازدهم,تجربی,شیمی,شیمی یازدهم,بخش 2,پیوند,,متوسط,پیوند یونی معمولاً از چه راهی شکل می‌گیرد؟,انتقال الکترون,اشتراک کامل هسته,انتقال نوترون,تغییر پروتون,A,در پیوند یونی انتقال الکترون رخ می‌دهد.,ترنم همدلی,original,1405
یازدهم,تجربی,شیمی,شیمی یازدهم,بخش 3,محلول,,متوسط,pH کمتر از 7 معمولاً نشان‌دهنده چیست؟,اسیدی بودن,بازی بودن,خنثی بودن,فلزی بودن,A,محلول‌های اسیدی pH کمتر از 7 دارند.,ترنم همدلی,original,1405
یازدهم,تجربی,شیمی,شیمی یازدهم,بخش 4,استوکیومتری,,متوسط,جرم مولی آب تقریباً چقدر است؟,10,18,20,36,B,2×1+16=18 g/mol.,ترنم همدلی,original,1405
یازدهم,تجربی,شیمی,شیمی یازدهم,بخش 5,اکسایش و کاهش,,متوسط,اکسایش در تعریف ساده به چه معناست؟,از دست دادن الکترون,گرفتن پروتون,از دست دادن نوترون,گرفتن هسته,A,اکسایش با از دست دادن الکترون همراه است.,ترنم همدلی,original,1405
یازدهم,تجربی,شیمی,شیمی یازدهم,بخش 6,شیمی آلی,,متوسط,متان چند اتم کربن دارد؟,1,2,4,8,A,فرمول متان CH4 است.,ترنم همدلی,original,1405
یازدهم,تجربی,فیزیک,فیزیک یازدهم,بخش 1,حرکت,,متوسط,سرعت متوسط چگونه به‌دست می‌آید؟,مسافت تقسیم بر زمان,زمان تقسیم بر مسافت,جرم تقسیم بر نیرو,نیرو تقسیم بر جرم,A,v=Δx/Δt.,ترنم همدلی,original,1405
یازدهم,تجربی,فیزیک,فیزیک یازدهم,بخش 2,نیرو,,متوسط,قانون دوم نیوتن کدام است؟,F=ma,F=m/a,F=a/m,F=m+a,A,قانون دوم نیوتن F=ma است.,ترنم همدلی,original,1405
یازدهم,تجربی,فیزیک,فیزیک یازدهم,بخش 3,کار,,متوسط,اگر نیرو و جابه‌جایی هم‌جهت باشند، کار چگونه محاسبه می‌شود؟,W=Fd,W=F/d,W=d/F,W=F+d,A,در حالت هم‌جهت W=Fd.,ترنم همدلی,original,1405
یازدهم,تجربی,فیزیک,فیزیک یازدهم,بخش 4,الکتریسیته,,متوسط,واحد مقاومت الکتریکی چیست؟,ولت,آمپر,اهم,وات,C,واحد مقاومت اهم است.,ترنم همدلی,original,1405
یازدهم,تجربی,فیزیک,فیزیک یازدهم,بخش 5,موج,,متوسط,فرکانس چیست؟,تعداد نوسان در واحد زمان,زمان یک نوسان,طول مسیر,دامنه,A,فرکانس تعداد نوسان در واحد زمان است.,ترنم همدلی,original,1405
یازدهم,تجربی,فیزیک,فیزیک یازدهم,بخش 6,انرژی,,متوسط,انرژی جنبشی به چه عواملی وابسته است؟,جرم و سرعت,فقط جرم,فقط ارتفاع,فقط زمان,A,K=1/2 mv².,ترنم همدلی,original,1405
یازدهم,تجربی,ریاضی,ریاضی یازدهم,بخش 1,تابع,,متوسط,اگر f(x)=2x+1 باشد f(3) چند است؟,5,6,7,8,C,2×3+1=7.,ترنم همدلی,original,1405
یازدهم,تجربی,ریاضی,ریاضی یازدهم,بخش 2,معادله,,متوسط,حل 2x+6=14 چیست؟,2,3,4,5,C,2x=8 پس x=4.,ترنم همدلی,original,1405
یازدهم,تجربی,ریاضی,ریاضی یازدهم,بخش 3,حد,,متوسط,حد بیانگر چه مفهومی است؟,رفتار تابع نزدیک یک نقطه,فقط مقدار تابع در نقطه,مشتق همیشه,مساحت,A,حد رفتار تابع هنگام نزدیک شدن ورودی به نقطه را توصیف می‌کند.,ترنم همدلی,original,1405
یازدهم,تجربی,ریاضی,ریاضی یازدهم,بخش 4,مشتق,,متوسط,مشتق x² چیست؟,x,2x,x²,2,B,مشتق x² برابر 2x است.,ترنم همدلی,original,1405
یازدهم,تجربی,ریاضی,ریاضی یازدهم,بخش 5,احتمال,,متوسط,احتمال رخداد قطعی چیست؟,0,1,1/2,2,B,رخداد قطعی احتمال 1 دارد.,ترنم همدلی,original,1405
یازدهم,تجربی,ریاضی,ریاضی یازدهم,بخش 6,هندسه,,متوسط,شیب خط افقی چیست؟,1,-1,0,تعریف‌نشده,C,خط افقی شیب صفر دارد.,ترنم همدلی,original,1405
یازدهم,ریاضی,فارسی,فارسی,بخش 1,واژگان,,متوسط,واژه «فرهیخته» به کدام معنا نزدیک‌تر است؟,دانشمند,بی‌تجربه,کم‌حوصله,بی‌تفاوت,A,فرهیخته به فرد دانش‌آموخته و اهل فرهنگ گفته می‌شود.,ترنم همدلی,original,1405
یازدهم,ریاضی,فارسی,فارسی,بخش 2,آرایه,,متوسط,در «قد سرو» کدام آرایه دیده می‌شود؟,تشبیه,تضاد,جناس,سجع,A,قد به سرو مانند شده است.,ترنم همدلی,original,1405
یازدهم,ریاضی,فارسی,فارسی,بخش 3,دستور,,متوسط,در «دانش‌آموزان درس را خواندند» نهاد کدام است؟,درس,دانش‌آموزان,را,خواندند,B,انجام‌دهنده فعل نهاد است.,ترنم همدلی,original,1405
یازدهم,ریاضی,فارسی,فارسی,بخش 4,املاء,,متوسط,کدام واژه درست است؟,تأثیر,تاثیر,تأثیرر,تاثیر,A,املای معیار «تأثیر» است.,ترنم همدلی,original,1405
یازدهم,ریاضی,فارسی,فارسی,بخش 5,قرابت,,متوسط,کدام مفهوم به ارزش دانش نزدیک‌تر است؟,دانایی عامل رشد است,ثروت همیشه کافی است,تلاش بی‌فایده است,یادگیری بی‌ارزش است,A,مفهوم بر اهمیت دانش تأکید دارد.,ترنم همدلی,original,1405
یازدهم,ریاضی,فارسی,فارسی,بخش 6,نگارش,,متوسط,مقدمه خوب چه ویژگی دارد؟,ارتباط با موضوع,بی‌ربطی,تکرار نتیجه,حذف موضوع,A,مقدمه باید زمینه موضوع را فراهم کند.,ترنم همدلی,original,1405
یازدهم,ریاضی,عربی,عربی,بخش 1,ترجمه,,متوسط,معنی «الطلابُ مجتهدون» چیست؟,دانش‌آموزان کوشا هستند,دانش‌آموز کوشاست,معلمان کوشا هستند,دانش‌آموزان غایب‌اند,A,ترجمه جمله همین است.,ترنم همدلی,original,1405
یازدهم,ریاضی,عربی,عربی,بخش 2,اسم فاعل,,متوسط,اسم فاعل «کاتب» به چه معناست؟,نویسنده/نویسنده‌کننده,نوشته‌شده,کتاب,خوانده‌شده,A,کاتب اسم فاعل از کتب است.,ترنم همدلی,original,1405
یازدهم,ریاضی,عربی,عربی,بخش 3,فعل مضارع,,متوسط,«یذهب» چه زمانی را نشان می‌دهد؟,مضارع,ماضی,امر,نهی,A,یذهب فعل مضارع است.,ترنم همدلی,original,1405
یازدهم,ریاضی,عربی,عربی,بخش 4,عدد,,متوسط,«ثلاثة» چه عددی است؟,دو,سه,چهار,پنج,B,ثلاثة یعنی سه.,ترنم همدلی,original,1405
یازدهم,ریاضی,عربی,عربی,بخش 5,جمع,,متوسط,جمع «معلم» کدام است؟,معلمان,معلمون,تعلیم,معلومة,B,در حالت رفع جمع مذکر سالم «معلمون» است.,ترنم همدلی,original,1405
یازدهم,ریاضی,عربی,عربی,بخش 6,مفعول,,متوسط,در «قرأ الطالبُ الکتابَ» مفعول چیست؟,الطالب,قرأ,الکتاب,هیچ‌کدام,C,الکتاب مفعول فعل قرأ است.,ترنم همدلی,original,1405
یازدهم,ریاضی,دین و زندگی,دین و زندگی,بخش 1,توحید,,متوسط,توحید در ربوبیت به چه معناست؟,خداوند مدبر جهان است,انکار خدا,چندخدایی,بی‌نیازی از هدایت,A,ربوبیت به تدبیر و پروردگاری خداوند اشاره دارد.,ترنم همدلی,original,1405
یازدهم,ریاضی,دین و زندگی,دین و زندگی,بخش 2,نبوت,,متوسط,یکی از نیازهای انسان به پیامبران چیست؟,هدایت الهی,افزایش ثروت,حل همه مسائل علمی,حذف اختیار,A,پیامبران راه هدایت الهی را ارائه می‌کنند.,ترنم همدلی,original,1405
یازدهم,ریاضی,دین و زندگی,دین و زندگی,بخش 3,معاد,,متوسط,باور به معاد چه اثری می‌تواند داشته باشد؟,مسئولیت‌پذیری,بی‌تفاوتی,بی‌قانونی,ناامیدی,A,باور به حسابرسی می‌تواند مسئولیت‌پذیری را تقویت کند.,ترنم همدلی,original,1405
یازدهم,ریاضی,دین و زندگی,دین و زندگی,بخش 4,اخلاق,,متوسط,اخلاص یعنی چه؟,انجام عمل برای رضای خدا,انجام کار برای شهرت,ترس از مردم,خودنمایی,A,اخلاص به نیت الهی در عمل اشاره دارد.,ترنم همدلی,original,1405
یازدهم,ریاضی,دین و زندگی,دین و زندگی,بخش 5,اختیار,,متوسط,اختیار انسان با مسئولیت چه ارتباطی دارد؟,انتخاب زمینه مسئولیت است,هیچ ارتباطی ندارد,اختیار مسئولیت را حذف می‌کند,مسئولیت را ناممکن می‌کند,A,مسئولیت اخلاقی بر انتخاب آگاهانه استوار است.,ترنم همدلی,original,1405
یازدهم,ریاضی,دین و زندگی,دین و زندگی,بخش 6,هدایت,,متوسط,عقل و وحی چه نقشی در هدایت دارند؟,راهنمایی انسان,ایجاد سردرگمی,حذف انتخاب,افزایش جهل,A,هر دو در چارچوب آموزه دینی ابزار هدایت‌اند.,ترنم همدلی,original,1405
یازدهم,ریاضی,زبان انگلیسی,زبان انگلیسی,بخش 1,واژگان,,متوسط,"meaning of ""benefit"" چیست؟",فایده,خطر,هزینه,شکست,A,benefit یعنی فایده.,ترنم همدلی,original,1405
یازدهم,ریاضی,زبان انگلیسی,زبان انگلیسی,بخش 2,گرامر,,متوسط,کدام جمله درست است؟,She has finished her work.,She have finished.,She finish has.,She finishing has.,A,ساختار حال کامل برای she با has است.,ترنم همدلی,original,1405
یازدهم,ریاضی,زبان انگلیسی,زبان انگلیسی,بخش 3,مجهول,,متوسط,کدام جمله مجهول است؟,Ali wrote the letter.,The letter was written by Ali.,Ali writes letters.,Ali is writing.,B,در جمله دوم فاعل گیرنده عمل است.,ترنم همدلی,original,1405
یازدهم,ریاضی,زبان انگلیسی,زبان انگلیسی,بخش 4,شرطی,,متوسط,کدام جمله شرطی نوع اول است؟,"If it rains, we will stay home.","If it rained, we would stay.","If it had rained, we would have stayed.",It rains yesterday.,A,شرطی نوع اول معمولاً if+حال و will دارد.,ترنم همدلی,original,1405
یازدهم,ریاضی,زبان انگلیسی,زبان انگلیسی,بخش 5,درک مطلب,,متوسط,برای فهم ایده اصلی متن چه چیزی مهم است؟,تمرکز بر پیام کلی,حفظ همه کلمات,نادیده گرفتن عنوان,فقط ترجمه یک جمله,A,ایده اصلی پیام کلی متن است.,ترنم همدلی,original,1405
یازدهم,ریاضی,زبان انگلیسی,زبان انگلیسی,بخش 6,واژگان,,متوسط,"opposite of ""increase"" چیست؟",decrease,improve,expand,raise,A,decrease متضاد increase است.,ترنم همدلی,original,1405
یازدهم,ریاضی,ریاضی,ریاضی یازدهم,بخش 1,تابع,,متوسط,اگر f(x)=x² باشد f(-2) چند است؟,-4,-2,2,4,D,(-2)²=4.,ترنم همدلی,original,1405
یازدهم,ریاضی,ریاضی,ریاضی یازدهم,بخش 2,معادله,,متوسط,حل x²=9 کدام است؟,3,-3,3 و -3,9,C,ریشه‌های معادله 3 و -3 هستند.,ترنم همدلی,original,1405
یازدهم,ریاضی,ریاضی,ریاضی یازدهم,بخش 3,مشتق,,متوسط,مشتق 3x² چیست؟,3x,6x,x²,6,B,مشتق 3x² برابر 6x است.,ترنم همدلی,original,1405
یازدهم,ریاضی,ریاضی,ریاضی یازدهم,بخش 4,احتمال,,متوسط,در پرتاب یک تاس سالم احتمال آمدن عدد زوج چیست؟,1/6,1/3,1/2,2/3,C,سه حالت از شش حالت زوج‌اند.,ترنم همدلی,original,1405
یازدهم,ریاضی,ریاضی,ریاضی یازدهم,بخش 5,بردار,,متوسط,بردار چه کمیتی است؟,فقط اسکالر,دارای اندازه و جهت,فقط جهت,بدون اندازه,B,بردار هم اندازه و هم جهت دارد.,ترنم همدلی,original,1405
یازدهم,ریاضی,ریاضی,ریاضی یازدهم,بخش 6,آمار,,متوسط,میانگین 2،4،6 و 8 چند است؟,4,5,6,20,B,جمع 20 و تقسیم بر 4 برابر 5 است.,ترنم همدلی,original,1405
یازدهم,ریاضی,فیزیک,فیزیک یازدهم,بخش 1,حرکت,,متوسط,شتاب متوسط چیست؟,تغییر سرعت تقسیم بر زمان,مسافت تقسیم بر زمان,نیرو تقسیم بر جرم,جرم تقسیم بر زمان,A,a=Δv/Δt.,ترنم همدلی,original,1405
یازدهم,ریاضی,فیزیک,فیزیک یازدهم,بخش 2,دینامیک,,متوسط,قانون سوم نیوتن بر چه اصلی استوار است؟,کنش و واکنش,پایستگی جرم,قانون اهم,اصل برنولی,A,نیروهای کنش و واکنش برابر و خلاف جهت‌اند.,ترنم همدلی,original,1405
یازدهم,ریاضی,فیزیک,فیزیک یازدهم,بخش 3,الکتریسیته,,متوسط,قانون اهم چیست؟,V=IR,V=I/R,I=VR,R=VI,A,قانون اهم V=IR است.,ترنم همدلی,original,1405
یازدهم,ریاضی,فیزیک,فیزیک یازدهم,بخش 4,مغناطیس,,متوسط,میدان مغناطیسی اطراف جریان الکتریکی چگونه ایجاد می‌شود؟,جریان الکتریکی,سکون کامل بار,خلأ,فشار,A,جریان الکتریکی میدان مغناطیسی ایجاد می‌کند.,ترنم همدلی,original,1405
یازدهم,ریاضی,فیزیک,فیزیک یازدهم,بخش 5,نوسان,,متوسط,دوره تناوب چیست؟,زمان یک نوسان کامل,تعداد نوسان در ثانیه,دامنه,طول موج,A,دوره زمان یک نوسان کامل است.,ترنم همدلی,original,1405
یازدهم,ریاضی,فیزیک,فیزیک یازدهم,بخش 6,انرژی,,متوسط,انرژی پتانسیل گرانشی به چه عواملی وابسته است؟,جرم و ارتفاع,فقط سرعت,فقط زمان,مقاومت,A,U=mgh.,ترنم همدلی,original,1405
یازدهم,ریاضی,شیمی,شیمی یازدهم,بخش 1,اتم,,متوسط,ایزوتوپ‌های یک عنصر در چه چیزی متفاوت‌اند؟,تعداد نوترون,تعداد پروتون,نام عنصر,عدد اتمی,A,ایزوتوپ‌ها پروتون یکسان و نوترون متفاوت دارند.,ترنم همدلی,original,1405
یازدهم,ریاضی,شیمی,شیمی یازدهم,بخش 2,استوکیومتری,,متوسط,یک مول تقریباً چند ذره دارد؟,6.02×10^23,6.02×10^3,10^23,6.02,A,عدد آووگادرو حدود 6.02×10^23 است.,ترنم همدلی,original,1405
یازدهم,ریاضی,شیمی,شیمی یازدهم,بخش 3,محلول,,متوسط,غلظت مولار یعنی چه؟,مول حل‌شونده در لیتر محلول,جرم در گرم,لیتر در مول,فشار در حجم,A,مولاریته mol/L است.,ترنم همدلی,original,1405
یازدهم,ریاضی,شیمی,شیمی یازدهم,بخش 4,تعادل,,متوسط,در تعادل شیمیایی چه چیزی برابر می‌شود؟,سرعت واکنش رفت و برگشت,غلظت همه مواد,جرم همه مواد,دما و فشار,A,در تعادل سرعت رفت و برگشت برابر است.,ترنم همدلی,original,1405
یازدهم,ریاضی,شیمی,شیمی یازدهم,بخش 5,اسید و باز,,متوسط,کدام ماده در آب یون H+ بیشتری ایجاد می‌کند؟,اسید,باز,نمک خنثی,فلز,A,اسیدها دهنده H+ هستند.,ترنم همدلی,original,1405
یازدهم,ریاضی,شیمی,شیمی یازدهم,بخش 6,آلی,,متوسط,گروه عاملی الکل چیست؟,OH-,COOH,NH2,CHO,A,الکل‌ها گروه هیدروکسیل OH دارند.,ترنم همدلی,original,1405
یازدهم,انسانی,فارسی,فارسی,بخش 1,واژگان,,متوسط,واژه «فرهیخته» به کدام معنا نزدیک‌تر است؟,دانشمند,بی‌تجربه,کم‌حوصله,بی‌تفاوت,A,فرهیخته به فرد دانش‌آموخته و اهل فرهنگ گفته می‌شود.,ترنم همدلی,original,1405
یازدهم,انسانی,فارسی,فارسی,بخش 2,آرایه,,متوسط,در «قد سرو» کدام آرایه دیده می‌شود؟,تشبیه,تضاد,جناس,سجع,A,قد به سرو مانند شده است.,ترنم همدلی,original,1405
یازدهم,انسانی,فارسی,فارسی,بخش 3,دستور,,متوسط,در «دانش‌آموزان درس را خواندند» نهاد کدام است؟,درس,دانش‌آموزان,را,خواندند,B,انجام‌دهنده فعل نهاد است.,ترنم همدلی,original,1405
یازدهم,انسانی,فارسی,فارسی,بخش 4,املاء,,متوسط,کدام واژه درست است؟,تأثیر,تاثیر,تأثیرر,تاثیر,A,املای معیار «تأثیر» است.,ترنم همدلی,original,1405
یازدهم,انسانی,فارسی,فارسی,بخش 5,قرابت,,متوسط,کدام مفهوم به ارزش دانش نزدیک‌تر است؟,دانایی عامل رشد است,ثروت همیشه کافی است,تلاش بی‌فایده است,یادگیری بی‌ارزش است,A,مفهوم بر اهمیت دانش تأکید دارد.,ترنم همدلی,original,1405
یازدهم,انسانی,فارسی,فارسی,بخش 6,نگارش,,متوسط,مقدمه خوب چه ویژگی دارد؟,ارتباط با موضوع,بی‌ربطی,تکرار نتیجه,حذف موضوع,A,مقدمه باید زمینه موضوع را فراهم کند.,ترنم همدلی,original,1405
یازدهم,انسانی,عربی,عربی,بخش 1,ترجمه,,متوسط,معنی «الطلابُ مجتهدون» چیست؟,دانش‌آموزان کوشا هستند,دانش‌آموز کوشاست,معلمان کوشا هستند,دانش‌آموزان غایب‌اند,A,ترجمه جمله همین است.,ترنم همدلی,original,1405
یازدهم,انسانی,عربی,عربی,بخش 2,اسم فاعل,,متوسط,اسم فاعل «کاتب» به چه معناست؟,نویسنده/نویسنده‌کننده,نوشته‌شده,کتاب,خوانده‌شده,A,کاتب اسم فاعل از کتب است.,ترنم همدلی,original,1405
یازدهم,انسانی,عربی,عربی,بخش 3,فعل مضارع,,متوسط,«یذهب» چه زمانی را نشان می‌دهد؟,مضارع,ماضی,امر,نهی,A,یذهب فعل مضارع است.,ترنم همدلی,original,1405
یازدهم,انسانی,عربی,عربی,بخش 4,عدد,,متوسط,«ثلاثة» چه عددی است؟,دو,سه,چهار,پنج,B,ثلاثة یعنی سه.,ترنم همدلی,original,1405
یازدهم,انسانی,عربی,عربی,بخش 5,جمع,,متوسط,جمع «معلم» کدام است؟,معلمان,معلمون,تعلیم,معلومة,B,در حالت رفع جمع مذکر سالم «معلمون» است.,ترنم همدلی,original,1405
یازدهم,انسانی,عربی,عربی,بخش 6,مفعول,,متوسط,در «قرأ الطالبُ الکتابَ» مفعول چیست؟,الطالب,قرأ,الکتاب,هیچ‌کدام,C,الکتاب مفعول فعل قرأ است.,ترنم همدلی,original,1405
یازدهم,انسانی,دین و زندگی,دین و زندگی,بخش 1,توحید,,متوسط,توحید در ربوبیت به چه معناست؟,خداوند مدبر جهان است,انکار خدا,چندخدایی,بی‌نیازی از هدایت,A,ربوبیت به تدبیر و پروردگاری خداوند اشاره دارد.,ترنم همدلی,original,1405
یازدهم,انسانی,دین و زندگی,دین و زندگی,بخش 2,نبوت,,متوسط,یکی از نیازهای انسان به پیامبران چیست؟,هدایت الهی,افزایش ثروت,حل همه مسائل علمی,حذف اختیار,A,پیامبران راه هدایت الهی را ارائه می‌کنند.,ترنم همدلی,original,1405
یازدهم,انسانی,دین و زندگی,دین و زندگی,بخش 3,معاد,,متوسط,باور به معاد چه اثری می‌تواند داشته باشد؟,مسئولیت‌پذیری,بی‌تفاوتی,بی‌قانونی,ناامیدی,A,باور به حسابرسی می‌تواند مسئولیت‌پذیری را تقویت کند.,ترنم همدلی,original,1405
یازدهم,انسانی,دین و زندگی,دین و زندگی,بخش 4,اخلاق,,متوسط,اخلاص یعنی چه؟,انجام عمل برای رضای خدا,انجام کار برای شهرت,ترس از مردم,خودنمایی,A,اخلاص به نیت الهی در عمل اشاره دارد.,ترنم همدلی,original,1405
یازدهم,انسانی,دین و زندگی,دین و زندگی,بخش 5,اختیار,,متوسط,اختیار انسان با مسئولیت چه ارتباطی دارد؟,انتخاب زمینه مسئولیت است,هیچ ارتباطی ندارد,اختیار مسئولیت را حذف می‌کند,مسئولیت را ناممکن می‌کند,A,مسئولیت اخلاقی بر انتخاب آگاهانه استوار است.,ترنم همدلی,original,1405
یازدهم,انسانی,دین و زندگی,دین و زندگی,بخش 6,هدایت,,متوسط,عقل و وحی چه نقشی در هدایت دارند؟,راهنمایی انسان,ایجاد سردرگمی,حذف انتخاب,افزایش جهل,A,هر دو در چارچوب آموزه دینی ابزار هدایت‌اند.,ترنم همدلی,original,1405
یازدهم,انسانی,زبان انگلیسی,زبان انگلیسی,بخش 1,واژگان,,متوسط,"meaning of ""benefit"" چیست؟",فایده,خطر,هزینه,شکست,A,benefit یعنی فایده.,ترنم همدلی,original,1405
یازدهم,انسانی,زبان انگلیسی,زبان انگلیسی,بخش 2,گرامر,,متوسط,کدام جمله درست است؟,She has finished her work.,She have finished.,She finish has.,She finishing has.,A,ساختار حال کامل برای she با has است.,ترنم همدلی,original,1405
یازدهم,انسانی,زبان انگلیسی,زبان انگلیسی,بخش 3,مجهول,,متوسط,کدام جمله مجهول است؟,Ali wrote the letter.,The letter was written by Ali.,Ali writes letters.,Ali is writing.,B,در جمله دوم فاعل گیرنده عمل است.,ترنم همدلی,original,1405
یازدهم,انسانی,زبان انگلیسی,زبان انگلیسی,بخش 4,شرطی,,متوسط,کدام جمله شرطی نوع اول است؟,"If it rains, we will stay home.","If it rained, we would stay.","If it had rained, we would have stayed.",It rains yesterday.,A,شرطی نوع اول معمولاً if+حال و will دارد.,ترنم همدلی,original,1405
یازدهم,انسانی,زبان انگلیسی,زبان انگلیسی,بخش 5,درک مطلب,,متوسط,برای فهم ایده اصلی متن چه چیزی مهم است؟,تمرکز بر پیام کلی,حفظ همه کلمات,نادیده گرفتن عنوان,فقط ترجمه یک جمله,A,ایده اصلی پیام کلی متن است.,ترنم همدلی,original,1405
یازدهم,انسانی,زبان انگلیسی,زبان انگلیسی,بخش 6,واژگان,,متوسط,"opposite of ""increase"" چیست؟",decrease,improve,expand,raise,A,decrease متضاد increase است.,ترنم همدلی,original,1405
یازدهم,انسانی,علوم و فنون ادبی,علوم و فنون ادبی یازدهم,بخش 1,عروض,,متوسط,واحد بنیادی وزن شعر فارسی چیست؟,هجا,بند,جمله,مصراع تنها,A,وزن بر پایه هجاها بررسی می‌شود.,ترنم همدلی,original,1405
یازدهم,انسانی,علوم و فنون ادبی,علوم و فنون ادبی یازدهم,بخش 2,آرایه,,متوسط,تضاد چیست؟,جمع دو مفهوم مخالف,تکرار صدا,تشبیه,حذف فعل,A,تضاد کنار هم آمدن مفاهیم مخالف است.,ترنم همدلی,original,1405
یازدهم,انسانی,علوم و فنون ادبی,علوم و فنون ادبی یازدهم,بخش 3,قافیه,,متوسط,قافیه در شعر چه نقشی دارد؟,آهنگ و هماهنگی پایانی,معنی واژه,ساخت جمله,تغییر موضوع,A,قافیه به هماهنگی پایانی شعر کمک می‌کند.,ترنم همدلی,original,1405
یازدهم,انسانی,علوم و فنون ادبی,علوم و فنون ادبی یازدهم,بخش 4,سبک,,متوسط,سبک خراسانی چه ویژگی برجسته‌ای دارد؟,زبان نسبتاً ساده و استوار,پیچیدگی کامل عرفانی,زبان کاملاً محاوره‌ای,نبود وزن,A,از ویژگی‌های شناخته‌شده سبک خراسانی زبان نسبتاً ساده و استوار است.,ترنم همدلی,original,1405
یازدهم,انسانی,علوم و فنون ادبی,علوم و فنون ادبی یازدهم,بخش 5,واج‌آرایی,,متوسط,واج‌آرایی چیست؟,تکرار یک واج,تکرار معنی,تضاد,تشبیه,A,تکرار آوای یک واج واج‌آرایی است.,ترنم همدلی,original,1405
یازدهم,انسانی,علوم و فنون ادبی,علوم و فنون ادبی یازدهم,بخش 6,معانی,,متوسط,خبر در جمله چه نقشی دارد؟,انتقال اطلاعات درباره نهاد,فقط پرسش,امر,نداء,A,خبر درباره نهاد اطلاعات می‌دهد.,ترنم همدلی,original,1405
یازدهم,انسانی,جامعه‌شناسی,جامعه‌شناسی یازدهم,بخش 1,کنش اجتماعی,,متوسط,کنش اجتماعی چیست؟,رفتار معنادار نسبت به دیگران,حرکت فیزیکی بدون معنا,فقط تفکر,واکنش شیمیایی,A,کنش اجتماعی رفتار معنادار در ارتباط با دیگران است.,ترنم همدلی,original,1405
یازدهم,انسانی,جامعه‌شناسی,جامعه‌شناسی یازدهم,بخش 2,فرهنگ,,متوسط,فرهنگ شامل چه چیزهایی است؟,ارزش‌ها و هنجارها و نمادها,فقط ساختمان‌ها,فقط اقتصاد,فقط جغرافیا,A,فرهنگ مجموعه‌ای از ارزش‌ها، هنجارها، نمادها و معانی است.,ترنم همدلی,original,1405
یازدهم,انسانی,جامعه‌شناسی,جامعه‌شناسی یازدهم,بخش 3,نهاد اجتماعی,,متوسط,خانواده نمونه چیست؟,نهاد اجتماعی,عنصر شیمیایی,قانون طبیعی,دستگاه فیزیکی,A,خانواده یک نهاد اجتماعی بنیادی است.,ترنم همدلی,original,1405
یازدهم,انسانی,جامعه‌شناسی,جامعه‌شناسی یازدهم,بخش 4,هویت,,متوسط,هویت اجتماعی چه چیزی را نشان می‌دهد؟,جایگاه و تعلقات فرد در جامعه,فقط قد و وزن,فقط درآمد,فقط ژنتیک,A,هویت اجتماعی با تعلقات و نقش‌های اجتماعی پیوند دارد.,ترنم همدلی,original,1405
یازدهم,انسانی,جامعه‌شناسی,جامعه‌شناسی یازدهم,بخش 5,تغییر اجتماعی,,متوسط,کدام مورد می‌تواند عامل تغییر اجتماعی باشد؟,فناوری,سکون کامل,نبود ارتباط,حذف آموزش,A,فناوری می‌تواند الگوهای زندگی اجتماعی را تغییر دهد.,ترنم همدلی,original,1405
یازدهم,انسانی,جامعه‌شناسی,جامعه‌شناسی یازدهم,بخش 6,جهانی‌شدن,,متوسط,جهانی‌شدن به چه معناست؟,افزایش پیوندهای جهانی,انزوای کامل جوامع,کاهش ارتباط,حذف فناوری,A,جهانی‌شدن با افزایش ارتباط و وابستگی متقابل همراه است.,ترنم همدلی,original,1405
یازدهم,انسانی,اقتصاد,اقتصاد یازدهم,بخش 1,نیاز و خواسته,,متوسط,نیاز چه تفاوتی با خواسته دارد؟,ضروری‌تر بودن نیاز,گران‌تر بودن نیاز,همیشه یکسان بودن,نداشتن هزینه,A,نیاز برای زندگی ضروری‌تر است.,ترنم همدلی,original,1405
یازدهم,انسانی,اقتصاد,اقتصاد یازدهم,بخش 2,کمیابی,,متوسط,کمیابی چرا مسئله اقتصادی ایجاد می‌کند؟,منابع محدودند و نیازها گسترده,همه چیز فراوان است,تقاضا صفر است,قیمت‌ها ثابت‌اند,A,محدودیت منابع انتخاب را ضروری می‌کند.,ترنم همدلی,original,1405
یازدهم,انسانی,اقتصاد,اقتصاد یازدهم,بخش 3,عرضه و تقاضا,,متوسط,افزایش تقاضا با ثابت بودن سایر شرایط چه اثری می‌تواند داشته باشد؟,افزایش قیمت,کاهش قطعی قیمت,حذف بازار,ثابت ماندن حتمی,A,در مدل ساده افزایش تقاضا فشار افزایشی بر قیمت دارد.,ترنم همدلی,original,1405
یازدهم,انسانی,اقتصاد,اقتصاد یازدهم,بخش 4,تورم,,متوسط,تورم چیست؟,افزایش مستمر سطح عمومی قیمت‌ها,کاهش یک قیمت,افزایش تولید یک کالا,ثبات قیمت‌ها,A,تورم افزایش عمومی و مستمر سطح قیمت‌هاست.,ترنم همدلی,original,1405
یازدهم,انسانی,اقتصاد,اقتصاد یازدهم,بخش 5,پس‌انداز,,متوسط,پس‌انداز چه نقشی دارد؟,تأمین منابع آینده,افزایش مصرف فوری,حذف سرمایه‌گذاری,کاهش درآمد,A,پس‌انداز منابع را برای آینده فراهم می‌کند.,ترنم همدلی,original,1405
یازدهم,انسانی,اقتصاد,اقتصاد یازدهم,بخش 6,کارآفرینی,,متوسط,کارآفرین چه کاری انجام می‌دهد؟,شناسایی فرصت و پذیرش ریسک,فقط مصرف کالا,حذف نوآوری,کاهش بهره‌وری,A,کارآفرینی با فرصت، نوآوری و پذیرش ریسک همراه است.,ترنم همدلی,original,1405
یازدهم,انسانی,فلسفه,فلسفه یازدهم,بخش 1,تعریف فلسفه,,متوسط,فلسفه بیشتر با چه نوع پرسش‌هایی سروکار دارد؟,پرسش‌های بنیادی درباره هستی و شناخت,فقط محاسبات,فقط آزمایشگاه,فقط ورزش,A,فلسفه به پرسش‌های بنیادی می‌پردازد.,ترنم همدلی,original,1405
یازدهم,انسانی,فلسفه,فلسفه یازدهم,بخش 2,معرفت,,متوسط,معرفت یعنی چه؟,شناخت و آگاهی,صرفاً احساس,حرکت,تغذیه,A,معرفت به شناخت و آگاهی اشاره دارد.,ترنم همدلی,original,1405
یازدهم,انسانی,فلسفه,فلسفه یازدهم,بخش 3,استدلال,,متوسط,استدلال چه هدفی دارد؟,پشتیبانی منطقی از نتیجه,حذف دلیل,افزایش ابهام,تکرار واژه,A,استدلال برای حمایت منطقی از نتیجه به کار می‌رود.,ترنم همدلی,original,1405
یازدهم,انسانی,فلسفه,فلسفه یازدهم,بخش 4,واقعیت,,متوسط,پرسش «چه چیزی واقعاً وجود دارد؟» بیشتر مربوط به چیست؟,هستی‌شناسی,اخلاق کاربردی,اقتصاد,دستور زبان,A,هستی‌شناسی درباره وجود و واقعیت بحث می‌کند.,ترنم همدلی,original,1405
یازدهم,انسانی,فلسفه,فلسفه یازدهم,بخش 5,اخلاق,,متوسط,پرسش «چه کاری درست است؟» به کدام حوزه نزدیک‌تر است؟,اخلاق,هستی‌شناسی,فیزیک,جغرافیا,A,اخلاق درباره درست و نادرست عمل بحث می‌کند.,ترنم همدلی,original,1405
یازدهم,انسانی,فلسفه,فلسفه یازدهم,بخش 6,شناخت,,متوسط,تفاوت باور و دانش چیست؟,دانش نیازمند پشتوانه معرفتی است,هیچ تفاوتی ندارند,باور همیشه علمی است,دانش بدون دلیل است,A,دانش معمولاً به توجیه و پشتوانه معرفتی نیاز دارد.,ترنم همدلی,original,1405
یازدهم,انسانی,روان‌شناسی,روان‌شناسی یازدهم,بخش 1,یادگیری,,متوسط,یادگیری چیست؟,تغییر نسبتاً پایدار در رفتار یا توانایی,تغییر لحظه‌ای ضربان قلب,رشد قد,خواب,A,تعریف رایج یادگیری بر تغییر نسبتاً پایدار تأکید دارد.,ترنم همدلی,original,1405
یازدهم,انسانی,روان‌شناسی,روان‌شناسی یازدهم,بخش 2,حافظه,,متوسط,حافظه کوتاه‌مدت چه ویژگی دارد؟,ظرفیت و دوام محدودتر,ظرفیت نامحدود,بدون فراموشی,فقط برای مهارت حرکتی,A,حافظه کوتاه‌مدت ظرفیت و دوام محدودتری دارد.,ترنم همدلی,original,1405
یازدهم,انسانی,روان‌شناسی,روان‌شناسی یازدهم,بخش 3,انگیزه,,متوسط,انگیزه چه نقشی دارد؟,جهت‌دهی و فعال‌سازی رفتار,حذف هدف,کاهش همه رفتارها,تغییر رنگ چشم,A,انگیزه رفتار را فعال و جهت‌دهی می‌کند.,ترنم همدلی,original,1405
یازدهم,انسانی,روان‌شناسی,روان‌شناسی یازدهم,بخش 4,ادراک,,متوسط,ادراک چیست؟,تفسیر اطلاعات حسی,فقط دریافت نور,حرکت عضله,تنفس,A,ادراک تفسیر و سازمان‌دهی اطلاعات حسی است.,ترنم همدلی,original,1405
یازدهم,انسانی,روان‌شناسی,روان‌شناسی یازدهم,بخش 5,شخصیت,,متوسط,شخصیت به چه چیزی اشاره دارد؟,الگوهای نسبتاً پایدار ویژگی و رفتار,یک هیجان لحظه‌ای,قد,وزن,A,شخصیت مجموعه الگوهای نسبتاً پایدار ویژگی‌ها و رفتار است.,ترنم همدلی,original,1405
یازدهم,انسانی,روان‌شناسی,روان‌شناسی یازدهم,بخش 6,استرس,,متوسط,استرس چه زمانی می‌تواند مشکل‌زا شود؟,وقتی طولانی و ناتوان‌کننده باشد,هرگز,فقط هنگام ورزش,فقط در خواب,A,استرس شدید یا مزمن می‌تواند مشکل‌زا شود.,ترنم همدلی,original,1405
یازدهم,انسانی,تاریخ,تاریخ یازدهم,بخش 1,منبع تاریخی,,متوسط,منبع دست‌اول چیست؟,اثر یا گزارش نزدیک به زمان رویداد,خلاصه امروزی,نظر شخص ثالث,داستان تخیلی,A,منبع دست‌اول به دوره یا شاهد نزدیک‌تر است.,ترنم همدلی,original,1405
یازدهم,انسانی,تاریخ,تاریخ یازدهم,بخش 2,علت و معلول,,متوسط,در تحلیل تاریخی چرا علت و معلول مهم است؟,برای فهم چرایی رویدادها,برای حفظ تاریخ‌ها فقط,برای حذف زمینه,برای شمارش جمعیت,A,تحلیل علت و معلول فهم رویداد را عمیق‌تر می‌کند.,ترنم همدلی,original,1405
یازدهم,انسانی,تاریخ,تاریخ یازدهم,بخش 3,دوره‌بندی,,متوسط,دوره‌بندی تاریخی چه فایده‌ای دارد؟,سازمان‌دهی مطالعه گذشته,تغییر واقعیت,حذف منابع,ساختن رویداد,A,دوره‌بندی مطالعه گذشته را منظم می‌کند.,ترنم همدلی,original,1405
یازدهم,انسانی,تاریخ,تاریخ یازدهم,بخش 4,منبع,,متوسط,کدام مورد منبع مادی است؟,سکه تاریخی,نظر دانش‌آموز,پست شبکه اجتماعی امروز,فرمول ریاضی,A,سکه تاریخی یک منبع مادی است.,ترنم همدلی,original,1405
یازدهم,انسانی,تاریخ,تاریخ یازدهم,بخش 5,نقد منبع,,متوسط,در نقد منبع چه چیزی بررسی می‌شود؟,اعتبار و زمینه منبع,فقط طول متن,رنگ کاغذ,تعداد صفحات تنها,A,اعتبار، نویسنده، زمان و زمینه اهمیت دارند.,ترنم همدلی,original,1405
یازدهم,انسانی,تاریخ,تاریخ یازدهم,بخش 6,تحلیل,,متوسط,یک رویداد تاریخی را باید چگونه بررسی کرد؟,با توجه به زمینه و شواهد,فقط با یک نظر,بدون منبع,صرفاً با حدس,A,تحلیل تاریخی باید مبتنی بر شواهد و زمینه باشد.,ترنم همدلی,original,1405
یازدهم,انسانی,جغرافیا,جغرافیا یازدهم,بخش 1,نقشه,,متوسط,مقیاس چه چیزی را نشان می‌دهد؟,رابطه فاصله نقشه و واقعیت,فقط جهت,فقط ارتفاع,نوع خاک,A,مقیاس رابطه فاصله روی نقشه با واقعیت است.,ترنم همدلی,original,1405
یازدهم,انسانی,جغرافیا,جغرافیا یازدهم,بخش 2,آب‌وهوا,,متوسط,اقلیم چیست؟,الگوی بلندمدت وضعیت جوی,وضعیت یک ساعت,فقط بارش امروز,باد لحظه‌ای,A,اقلیم الگوی بلندمدت شرایط جوی است.,ترنم همدلی,original,1405
یازدهم,انسانی,جغرافیا,جغرافیا یازدهم,بخش 3,جمعیت,,متوسط,تراکم جمعیت چگونه محاسبه می‌شود؟,جمعیت تقسیم بر مساحت,مساحت تقسیم بر جمعیت,جمعیت ضربدر مساحت,جمعیت منهای مساحت,A,تراکم=جمعیت/مساحت.,ترنم همدلی,original,1405
یازدهم,انسانی,جغرافیا,جغرافیا یازدهم,بخش 4,منابع,,متوسط,کدام منبع تجدیدپذیر است؟,خورشید,نفت,زغال‌سنگ,گاز طبیعی,A,انرژی خورشیدی تجدیدپذیر است.,ترنم همدلی,original,1405
یازدهم,انسانی,جغرافیا,جغرافیا یازدهم,بخش 5,شهرنشینی,,متوسط,شهرنشینی به چه معناست؟,افزایش سهم جمعیت شهری,کاهش ارتباط,تخلیه همه شهرها,افزایش کشاورزی روستایی,A,شهرنشینی با افزایش سهم جمعیت شهری مرتبط است.,ترنم همدلی,original,1405
یازدهم,انسانی,جغرافیا,جغرافیا یازدهم,بخش 6,محیط زیست,,متوسط,توسعه پایدار بر چه تأکیدی است؟,تأمین نیاز امروز بدون آسیب جدی به آینده,مصرف بی‌حد,حذف منابع,تخریب محیط,A,توسعه پایدار تعادل میان نیازهای امروز و آینده را دنبال می‌کند.,ترنم همدلی,original,1405
یازدهم,انسانی,ریاضی و آمار,ریاضی و آمار یازدهم,بخش 1,آمار,,متوسط,میانگین 3،5 و7 چیست؟,4,5,6,7,B,میانگین 15÷3=5.,ترنم همدلی,original,1405
یازدهم,انسانی,ریاضی و آمار,ریاضی و آمار یازدهم,بخش 2,احتمال,,متوسط,احتمال رویداد غیرممکن چیست؟,0,1,1/2,2,A,رویداد غیرممکن احتمال صفر دارد.,ترنم همدلی,original,1405
یازدهم,انسانی,ریاضی و آمار,ریاضی و آمار یازدهم,بخش 3,تابع,,متوسط,اگر f(x)=x+2 باشد f(5) چند است؟,5,6,7,8,C,5+2=7.,ترنم همدلی,original,1405
یازدهم,انسانی,ریاضی و آمار,ریاضی و آمار یازدهم,بخش 4,معادله,,متوسط,حل 3x=12 چیست؟,2,3,4,6,C,x=4.,ترنم همدلی,original,1405
یازدهم,انسانی,ریاضی و آمار,ریاضی و آمار یازدهم,بخش 5,دنباله,,متوسط,جمله بعدی 2،4،6،8 چیست؟,9,10,12,16,B,الگو هر بار 2 واحد افزایش دارد.,ترنم همدلی,original,1405
یازدهم,انسانی,ریاضی و آمار,ریاضی و آمار یازدهم,بخش 6,نمودار,,متوسط,نمودار ستونی برای چه داده‌هایی مناسب است؟,مقایسه دسته‌ها,فقط تابع پیوسته,فقط هندسه,فقط متن,A,نمودار ستونی برای مقایسه دسته‌ها مناسب است.,ترنم همدلی,original,1405
دوازدهم,تجربی,فارسی,فارسی,بخش 1,واژگان,,متوسط,واژه «فرهیخته» به کدام معنا نزدیک‌تر است؟,دانشمند,بی‌تجربه,کم‌حوصله,بی‌تفاوت,A,فرهیخته به فرد دانش‌آموخته و اهل فرهنگ گفته می‌شود.,ترنم همدلی,original,1405
دوازدهم,تجربی,فارسی,فارسی,بخش 2,آرایه,,متوسط,در «قد سرو» کدام آرایه دیده می‌شود؟,تشبیه,تضاد,جناس,سجع,A,قد به سرو مانند شده است.,ترنم همدلی,original,1405
دوازدهم,تجربی,فارسی,فارسی,بخش 3,دستور,,متوسط,در «دانش‌آموزان درس را خواندند» نهاد کدام است؟,درس,دانش‌آموزان,را,خواندند,B,انجام‌دهنده فعل نهاد است.,ترنم همدلی,original,1405
دوازدهم,تجربی,فارسی,فارسی,بخش 4,املاء,,متوسط,کدام واژه درست است؟,تأثیر,تاثیر,تأثیرر,تاثیر,A,املای معیار «تأثیر» است.,ترنم همدلی,original,1405
دوازدهم,تجربی,فارسی,فارسی,بخش 5,قرابت,,متوسط,کدام مفهوم به ارزش دانش نزدیک‌تر است؟,دانایی عامل رشد است,ثروت همیشه کافی است,تلاش بی‌فایده است,یادگیری بی‌ارزش است,A,مفهوم بر اهمیت دانش تأکید دارد.,ترنم همدلی,original,1405
دوازدهم,تجربی,فارسی,فارسی,بخش 6,نگارش,,متوسط,مقدمه خوب چه ویژگی دارد؟,ارتباط با موضوع,بی‌ربطی,تکرار نتیجه,حذف موضوع,A,مقدمه باید زمینه موضوع را فراهم کند.,ترنم همدلی,original,1405
دوازدهم,تجربی,عربی,عربی,بخش 1,ترجمه,,متوسط,معنی «الطلابُ مجتهدون» چیست؟,دانش‌آموزان کوشا هستند,دانش‌آموز کوشاست,معلمان کوشا هستند,دانش‌آموزان غایب‌اند,A,ترجمه جمله همین است.,ترنم همدلی,original,1405
دوازدهم,تجربی,عربی,عربی,بخش 2,اسم فاعل,,متوسط,اسم فاعل «کاتب» به چه معناست؟,نویسنده/نویسنده‌کننده,نوشته‌شده,کتاب,خوانده‌شده,A,کاتب اسم فاعل از کتب است.,ترنم همدلی,original,1405
دوازدهم,تجربی,عربی,عربی,بخش 3,فعل مضارع,,متوسط,«یذهب» چه زمانی را نشان می‌دهد؟,مضارع,ماضی,امر,نهی,A,یذهب فعل مضارع است.,ترنم همدلی,original,1405
دوازدهم,تجربی,عربی,عربی,بخش 4,عدد,,متوسط,«ثلاثة» چه عددی است؟,دو,سه,چهار,پنج,B,ثلاثة یعنی سه.,ترنم همدلی,original,1405
دوازدهم,تجربی,عربی,عربی,بخش 5,جمع,,متوسط,جمع «معلم» کدام است؟,معلمان,معلمون,تعلیم,معلومة,B,در حالت رفع جمع مذکر سالم «معلمون» است.,ترنم همدلی,original,1405
دوازدهم,تجربی,عربی,عربی,بخش 6,مفعول,,متوسط,در «قرأ الطالبُ الکتابَ» مفعول چیست؟,الطالب,قرأ,الکتاب,هیچ‌کدام,C,الکتاب مفعول فعل قرأ است.,ترنم همدلی,original,1405
دوازدهم,تجربی,دین و زندگی,دین و زندگی,بخش 1,توحید,,متوسط,توحید در ربوبیت به چه معناست؟,خداوند مدبر جهان است,انکار خدا,چندخدایی,بی‌نیازی از هدایت,A,ربوبیت به تدبیر و پروردگاری خداوند اشاره دارد.,ترنم همدلی,original,1405
دوازدهم,تجربی,دین و زندگی,دین و زندگی,بخش 2,نبوت,,متوسط,یکی از نیازهای انسان به پیامبران چیست؟,هدایت الهی,افزایش ثروت,حل همه مسائل علمی,حذف اختیار,A,پیامبران راه هدایت الهی را ارائه می‌کنند.,ترنم همدلی,original,1405
دوازدهم,تجربی,دین و زندگی,دین و زندگی,بخش 3,معاد,,متوسط,باور به معاد چه اثری می‌تواند داشته باشد؟,مسئولیت‌پذیری,بی‌تفاوتی,بی‌قانونی,ناامیدی,A,باور به حسابرسی می‌تواند مسئولیت‌پذیری را تقویت کند.,ترنم همدلی,original,1405
دوازدهم,تجربی,دین و زندگی,دین و زندگی,بخش 4,اخلاق,,متوسط,اخلاص یعنی چه؟,انجام عمل برای رضای خدا,انجام کار برای شهرت,ترس از مردم,خودنمایی,A,اخلاص به نیت الهی در عمل اشاره دارد.,ترنم همدلی,original,1405
دوازدهم,تجربی,دین و زندگی,دین و زندگی,بخش 5,اختیار,,متوسط,اختیار انسان با مسئولیت چه ارتباطی دارد؟,انتخاب زمینه مسئولیت است,هیچ ارتباطی ندارد,اختیار مسئولیت را حذف می‌کند,مسئولیت را ناممکن می‌کند,A,مسئولیت اخلاقی بر انتخاب آگاهانه استوار است.,ترنم همدلی,original,1405
دوازدهم,تجربی,دین و زندگی,دین و زندگی,بخش 6,هدایت,,متوسط,عقل و وحی چه نقشی در هدایت دارند؟,راهنمایی انسان,ایجاد سردرگمی,حذف انتخاب,افزایش جهل,A,هر دو در چارچوب آموزه دینی ابزار هدایت‌اند.,ترنم همدلی,original,1405
دوازدهم,تجربی,زبان انگلیسی,زبان انگلیسی,بخش 1,واژگان,,متوسط,"meaning of ""benefit"" چیست؟",فایده,خطر,هزینه,شکست,A,benefit یعنی فایده.,ترنم همدلی,original,1405
دوازدهم,تجربی,زبان انگلیسی,زبان انگلیسی,بخش 2,گرامر,,متوسط,کدام جمله درست است؟,She has finished her work.,She have finished.,She finish has.,She finishing has.,A,ساختار حال کامل برای she با has است.,ترنم همدلی,original,1405
دوازدهم,تجربی,زبان انگلیسی,زبان انگلیسی,بخش 3,مجهول,,متوسط,کدام جمله مجهول است؟,Ali wrote the letter.,The letter was written by Ali.,Ali writes letters.,Ali is writing.,B,در جمله دوم فاعل گیرنده عمل است.,ترنم همدلی,original,1405
دوازدهم,تجربی,زبان انگلیسی,زبان انگلیسی,بخش 4,شرطی,,متوسط,کدام جمله شرطی نوع اول است؟,"If it rains, we will stay home.","If it rained, we would stay.","If it had rained, we would have stayed.",It rains yesterday.,A,شرطی نوع اول معمولاً if+حال و will دارد.,ترنم همدلی,original,1405
دوازدهم,تجربی,زبان انگلیسی,زبان انگلیسی,بخش 5,درک مطلب,,متوسط,برای فهم ایده اصلی متن چه چیزی مهم است؟,تمرکز بر پیام کلی,حفظ همه کلمات,نادیده گرفتن عنوان,فقط ترجمه یک جمله,A,ایده اصلی پیام کلی متن است.,ترنم همدلی,original,1405
دوازدهم,تجربی,زبان انگلیسی,زبان انگلیسی,بخش 6,واژگان,,متوسط,"opposite of ""increase"" چیست؟",decrease,improve,expand,raise,A,decrease متضاد increase است.,ترنم همدلی,original,1405
دوازدهم,تجربی,زیست‌شناسی,زیست‌شناسی دوازدهم,بخش 1,یاخته,,متوسط,میتوکندری چه نقشی دارد؟,تولید ATP,ساخت دیواره,ذخیره DNA در همه سلول‌ها,ساخت کلروفیل,A,میتوکندری محل اصلی تولید ATP در تنفس یاخته‌ای است.,ترنم همدلی,original,1405
دوازدهم,تجربی,زیست‌شناسی,زیست‌شناسی دوازدهم,بخش 2,بافت,,متوسط,وظیفه اصلی بافت پوششی چیست؟,پوشش و حفاظت,انقباض,انتقال پیام عصبی,تولید گلبول قرمز,A,بافت پوششی سطوح را می‌پوشاند و حفاظت می‌کند.,ترنم همدلی,original,1405
دوازدهم,تجربی,زیست‌شناسی,زیست‌شناسی دوازدهم,بخش 3,گوارش,,متوسط,بیشترین جذب مواد غذایی در کجاست؟,معده,روده باریک,روده بزرگ,مری,B,روده باریک محل اصلی جذب است.,ترنم همدلی,original,1405
دوازدهم,تجربی,زیست‌شناسی,زیست‌شناسی دوازدهم,بخش 4,گردش خون,,متوسط,کدام رگ خون را از قلب دور می‌کند؟,سیاهرگ,سرخرگ,مویرگ,لنف,B,سرخرگ‌ها خون را از قلب دور می‌کنند.,ترنم همدلی,original,1405
دوازدهم,تجربی,زیست‌شناسی,زیست‌شناسی دوازدهم,بخش 5,تنفس,,متوسط,محل اصلی تبادل گازها در شش چیست؟,نای,حبابک‌ها,حنجره,دیافراگم,B,تبادل گازها در حبابک‌ها انجام می‌شود.,ترنم همدلی,original,1405
دوازدهم,تجربی,زیست‌شناسی,زیست‌شناسی دوازدهم,بخش 6,ژنتیک,,متوسط,ژن چیست؟,بخشی از DNA با اطلاعات وراثتی,نوعی سلول,بافت,هورمون,A,ژن واحدی از اطلاعات وراثتی در DNA است.,ترنم همدلی,original,1405
دوازدهم,تجربی,شیمی,شیمی دوازدهم,بخش 1,ساختار اتم,,متوسط,عدد اتمی چه چیزی را نشان می‌دهد؟,تعداد پروتون‌ها,تعداد نوترون‌ها,جرم اتم,تعداد لایه‌ها,A,عدد اتمی برابر تعداد پروتون‌هاست.,ترنم همدلی,original,1405
دوازدهم,تجربی,شیمی,شیمی دوازدهم,بخش 2,پیوند,,متوسط,پیوند یونی معمولاً از چه راهی شکل می‌گیرد؟,انتقال الکترون,اشتراک کامل هسته,انتقال نوترون,تغییر پروتون,A,در پیوند یونی انتقال الکترون رخ می‌دهد.,ترنم همدلی,original,1405
دوازدهم,تجربی,شیمی,شیمی دوازدهم,بخش 3,محلول,,متوسط,pH کمتر از 7 معمولاً نشان‌دهنده چیست؟,اسیدی بودن,بازی بودن,خنثی بودن,فلزی بودن,A,محلول‌های اسیدی pH کمتر از 7 دارند.,ترنم همدلی,original,1405
دوازدهم,تجربی,شیمی,شیمی دوازدهم,بخش 4,استوکیومتری,,متوسط,جرم مولی آب تقریباً چقدر است؟,10,18,20,36,B,2×1+16=18 g/mol.,ترنم همدلی,original,1405
دوازدهم,تجربی,شیمی,شیمی دوازدهم,بخش 5,اکسایش و کاهش,,متوسط,اکسایش در تعریف ساده به چه معناست؟,از دست دادن الکترون,گرفتن پروتون,از دست دادن نوترون,گرفتن هسته,A,اکسایش با از دست دادن الکترون همراه است.,ترنم همدلی,original,1405
دوازدهم,تجربی,شیمی,شیمی دوازدهم,بخش 6,شیمی آلی,,متوسط,متان چند اتم کربن دارد؟,1,2,4,8,A,فرمول متان CH4 است.,ترنم همدلی,original,1405
دوازدهم,تجربی,فیزیک,فیزیک دوازدهم,بخش 1,حرکت,,متوسط,سرعت متوسط چگونه به‌دست می‌آید؟,مسافت تقسیم بر زمان,زمان تقسیم بر مسافت,جرم تقسیم بر نیرو,نیرو تقسیم بر جرم,A,v=Δx/Δt.,ترنم همدلی,original,1405
دوازدهم,تجربی,فیزیک,فیزیک دوازدهم,بخش 2,نیرو,,متوسط,قانون دوم نیوتن کدام است؟,F=ma,F=m/a,F=a/m,F=m+a,A,قانون دوم نیوتن F=ma است.,ترنم همدلی,original,1405
دوازدهم,تجربی,فیزیک,فیزیک دوازدهم,بخش 3,کار,,متوسط,اگر نیرو و جابه‌جایی هم‌جهت باشند، کار چگونه محاسبه می‌شود؟,W=Fd,W=F/d,W=d/F,W=F+d,A,در حالت هم‌جهت W=Fd.,ترنم همدلی,original,1405
دوازدهم,تجربی,فیزیک,فیزیک دوازدهم,بخش 4,الکتریسیته,,متوسط,واحد مقاومت الکتریکی چیست؟,ولت,آمپر,اهم,وات,C,واحد مقاومت اهم است.,ترنم همدلی,original,1405
دوازدهم,تجربی,فیزیک,فیزیک دوازدهم,بخش 5,موج,,متوسط,فرکانس چیست؟,تعداد نوسان در واحد زمان,زمان یک نوسان,طول مسیر,دامنه,A,فرکانس تعداد نوسان در واحد زمان است.,ترنم همدلی,original,1405
دوازدهم,تجربی,فیزیک,فیزیک دوازدهم,بخش 6,انرژی,,متوسط,انرژی جنبشی به چه عواملی وابسته است؟,جرم و سرعت,فقط جرم,فقط ارتفاع,فقط زمان,A,K=1/2 mv².,ترنم همدلی,original,1405
دوازدهم,تجربی,ریاضی,ریاضی دوازدهم,بخش 1,تابع,,متوسط,اگر f(x)=2x+1 باشد f(3) چند است؟,5,6,7,8,C,2×3+1=7.,ترنم همدلی,original,1405
دوازدهم,تجربی,ریاضی,ریاضی دوازدهم,بخش 2,معادله,,متوسط,حل 2x+6=14 چیست؟,2,3,4,5,C,2x=8 پس x=4.,ترنم همدلی,original,1405
دوازدهم,تجربی,ریاضی,ریاضی دوازدهم,بخش 3,حد,,متوسط,حد بیانگر چه مفهومی است؟,رفتار تابع نزدیک یک نقطه,فقط مقدار تابع در نقطه,مشتق همیشه,مساحت,A,حد رفتار تابع هنگام نزدیک شدن ورودی به نقطه را توصیف می‌کند.,ترنم همدلی,original,1405
دوازدهم,تجربی,ریاضی,ریاضی دوازدهم,بخش 4,مشتق,,متوسط,مشتق x² چیست؟,x,2x,x²,2,B,مشتق x² برابر 2x است.,ترنم همدلی,original,1405
دوازدهم,تجربی,ریاضی,ریاضی دوازدهم,بخش 5,احتمال,,متوسط,احتمال رخداد قطعی چیست؟,0,1,1/2,2,B,رخداد قطعی احتمال 1 دارد.,ترنم همدلی,original,1405
دوازدهم,تجربی,ریاضی,ریاضی دوازدهم,بخش 6,هندسه,,متوسط,شیب خط افقی چیست؟,1,-1,0,تعریف‌نشده,C,خط افقی شیب صفر دارد.,ترنم همدلی,original,1405
دوازدهم,ریاضی,فارسی,فارسی,بخش 1,واژگان,,متوسط,واژه «فرهیخته» به کدام معنا نزدیک‌تر است؟,دانشمند,بی‌تجربه,کم‌حوصله,بی‌تفاوت,A,فرهیخته به فرد دانش‌آموخته و اهل فرهنگ گفته می‌شود.,ترنم همدلی,original,1405
دوازدهم,ریاضی,فارسی,فارسی,بخش 2,آرایه,,متوسط,در «قد سرو» کدام آرایه دیده می‌شود؟,تشبیه,تضاد,جناس,سجع,A,قد به سرو مانند شده است.,ترنم همدلی,original,1405
دوازدهم,ریاضی,فارسی,فارسی,بخش 3,دستور,,متوسط,در «دانش‌آموزان درس را خواندند» نهاد کدام است؟,درس,دانش‌آموزان,را,خواندند,B,انجام‌دهنده فعل نهاد است.,ترنم همدلی,original,1405
دوازدهم,ریاضی,فارسی,فارسی,بخش 4,املاء,,متوسط,کدام واژه درست است؟,تأثیر,تاثیر,تأثیرر,تاثیر,A,املای معیار «تأثیر» است.,ترنم همدلی,original,1405
دوازدهم,ریاضی,فارسی,فارسی,بخش 5,قرابت,,متوسط,کدام مفهوم به ارزش دانش نزدیک‌تر است؟,دانایی عامل رشد است,ثروت همیشه کافی است,تلاش بی‌فایده است,یادگیری بی‌ارزش است,A,مفهوم بر اهمیت دانش تأکید دارد.,ترنم همدلی,original,1405
دوازدهم,ریاضی,فارسی,فارسی,بخش 6,نگارش,,متوسط,مقدمه خوب چه ویژگی دارد؟,ارتباط با موضوع,بی‌ربطی,تکرار نتیجه,حذف موضوع,A,مقدمه باید زمینه موضوع را فراهم کند.,ترنم همدلی,original,1405
دوازدهم,ریاضی,عربی,عربی,بخش 1,ترجمه,,متوسط,معنی «الطلابُ مجتهدون» چیست؟,دانش‌آموزان کوشا هستند,دانش‌آموز کوشاست,معلمان کوشا هستند,دانش‌آموزان غایب‌اند,A,ترجمه جمله همین است.,ترنم همدلی,original,1405
دوازدهم,ریاضی,عربی,عربی,بخش 2,اسم فاعل,,متوسط,اسم فاعل «کاتب» به چه معناست؟,نویسنده/نویسنده‌کننده,نوشته‌شده,کتاب,خوانده‌شده,A,کاتب اسم فاعل از کتب است.,ترنم همدلی,original,1405
دوازدهم,ریاضی,عربی,عربی,بخش 3,فعل مضارع,,متوسط,«یذهب» چه زمانی را نشان می‌دهد؟,مضارع,ماضی,امر,نهی,A,یذهب فعل مضارع است.,ترنم همدلی,original,1405
دوازدهم,ریاضی,عربی,عربی,بخش 4,عدد,,متوسط,«ثلاثة» چه عددی است؟,دو,سه,چهار,پنج,B,ثلاثة یعنی سه.,ترنم همدلی,original,1405
دوازدهم,ریاضی,عربی,عربی,بخش 5,جمع,,متوسط,جمع «معلم» کدام است؟,معلمان,معلمون,تعلیم,معلومة,B,در حالت رفع جمع مذکر سالم «معلمون» است.,ترنم همدلی,original,1405
دوازدهم,ریاضی,عربی,عربی,بخش 6,مفعول,,متوسط,در «قرأ الطالبُ الکتابَ» مفعول چیست؟,الطالب,قرأ,الکتاب,هیچ‌کدام,C,الکتاب مفعول فعل قرأ است.,ترنم همدلی,original,1405
دوازدهم,ریاضی,دین و زندگی,دین و زندگی,بخش 1,توحید,,متوسط,توحید در ربوبیت به چه معناست؟,خداوند مدبر جهان است,انکار خدا,چندخدایی,بی‌نیازی از هدایت,A,ربوبیت به تدبیر و پروردگاری خداوند اشاره دارد.,ترنم همدلی,original,1405
دوازدهم,ریاضی,دین و زندگی,دین و زندگی,بخش 2,نبوت,,متوسط,یکی از نیازهای انسان به پیامبران چیست؟,هدایت الهی,افزایش ثروت,حل همه مسائل علمی,حذف اختیار,A,پیامبران راه هدایت الهی را ارائه می‌کنند.,ترنم همدلی,original,1405
دوازدهم,ریاضی,دین و زندگی,دین و زندگی,بخش 3,معاد,,متوسط,باور به معاد چه اثری می‌تواند داشته باشد؟,مسئولیت‌پذیری,بی‌تفاوتی,بی‌قانونی,ناامیدی,A,باور به حسابرسی می‌تواند مسئولیت‌پذیری را تقویت کند.,ترنم همدلی,original,1405
دوازدهم,ریاضی,دین و زندگی,دین و زندگی,بخش 4,اخلاق,,متوسط,اخلاص یعنی چه؟,انجام عمل برای رضای خدا,انجام کار برای شهرت,ترس از مردم,خودنمایی,A,اخلاص به نیت الهی در عمل اشاره دارد.,ترنم همدلی,original,1405
دوازدهم,ریاضی,دین و زندگی,دین و زندگی,بخش 5,اختیار,,متوسط,اختیار انسان با مسئولیت چه ارتباطی دارد؟,انتخاب زمینه مسئولیت است,هیچ ارتباطی ندارد,اختیار مسئولیت را حذف می‌کند,مسئولیت را ناممکن می‌کند,A,مسئولیت اخلاقی بر انتخاب آگاهانه استوار است.,ترنم همدلی,original,1405
دوازدهم,ریاضی,دین و زندگی,دین و زندگی,بخش 6,هدایت,,متوسط,عقل و وحی چه نقشی در هدایت دارند؟,راهنمایی انسان,ایجاد سردرگمی,حذف انتخاب,افزایش جهل,A,هر دو در چارچوب آموزه دینی ابزار هدایت‌اند.,ترنم همدلی,original,1405
دوازدهم,ریاضی,زبان انگلیسی,زبان انگلیسی,بخش 1,واژگان,,متوسط,"meaning of ""benefit"" چیست؟",فایده,خطر,هزینه,شکست,A,benefit یعنی فایده.,ترنم همدلی,original,1405
دوازدهم,ریاضی,زبان انگلیسی,زبان انگلیسی,بخش 2,گرامر,,متوسط,کدام جمله درست است؟,She has finished her work.,She have finished.,She finish has.,She finishing has.,A,ساختار حال کامل برای she با has است.,ترنم همدلی,original,1405
دوازدهم,ریاضی,زبان انگلیسی,زبان انگلیسی,بخش 3,مجهول,,متوسط,کدام جمله مجهول است؟,Ali wrote the letter.,The letter was written by Ali.,Ali writes letters.,Ali is writing.,B,در جمله دوم فاعل گیرنده عمل است.,ترنم همدلی,original,1405
دوازدهم,ریاضی,زبان انگلیسی,زبان انگلیسی,بخش 4,شرطی,,متوسط,کدام جمله شرطی نوع اول است؟,"If it rains, we will stay home.","If it rained, we would stay.","If it had rained, we would have stayed.",It rains yesterday.,A,شرطی نوع اول معمولاً if+حال و will دارد.,ترنم همدلی,original,1405
دوازدهم,ریاضی,زبان انگلیسی,زبان انگلیسی,بخش 5,درک مطلب,,متوسط,برای فهم ایده اصلی متن چه چیزی مهم است؟,تمرکز بر پیام کلی,حفظ همه کلمات,نادیده گرفتن عنوان,فقط ترجمه یک جمله,A,ایده اصلی پیام کلی متن است.,ترنم همدلی,original,1405
دوازدهم,ریاضی,زبان انگلیسی,زبان انگلیسی,بخش 6,واژگان,,متوسط,"opposite of ""increase"" چیست؟",decrease,improve,expand,raise,A,decrease متضاد increase است.,ترنم همدلی,original,1405
دوازدهم,ریاضی,ریاضی,ریاضی دوازدهم,بخش 1,تابع,,متوسط,اگر f(x)=x² باشد f(-2) چند است؟,-4,-2,2,4,D,(-2)²=4.,ترنم همدلی,original,1405
دوازدهم,ریاضی,ریاضی,ریاضی دوازدهم,بخش 2,معادله,,متوسط,حل x²=9 کدام است؟,3,-3,3 و -3,9,C,ریشه‌های معادله 3 و -3 هستند.,ترنم همدلی,original,1405
دوازدهم,ریاضی,ریاضی,ریاضی دوازدهم,بخش 3,مشتق,,متوسط,مشتق 3x² چیست؟,3x,6x,x²,6,B,مشتق 3x² برابر 6x است.,ترنم همدلی,original,1405
دوازدهم,ریاضی,ریاضی,ریاضی دوازدهم,بخش 4,احتمال,,متوسط,در پرتاب یک تاس سالم احتمال آمدن عدد زوج چیست؟,1/6,1/3,1/2,2/3,C,سه حالت از شش حالت زوج‌اند.,ترنم همدلی,original,1405
دوازدهم,ریاضی,ریاضی,ریاضی دوازدهم,بخش 5,بردار,,متوسط,بردار چه کمیتی است؟,فقط اسکالر,دارای اندازه و جهت,فقط جهت,بدون اندازه,B,بردار هم اندازه و هم جهت دارد.,ترنم همدلی,original,1405
دوازدهم,ریاضی,ریاضی,ریاضی دوازدهم,بخش 6,آمار,,متوسط,میانگین 2،4،6 و 8 چند است؟,4,5,6,20,B,جمع 20 و تقسیم بر 4 برابر 5 است.,ترنم همدلی,original,1405
دوازدهم,ریاضی,فیزیک,فیزیک دوازدهم,بخش 1,حرکت,,متوسط,شتاب متوسط چیست؟,تغییر سرعت تقسیم بر زمان,مسافت تقسیم بر زمان,نیرو تقسیم بر جرم,جرم تقسیم بر زمان,A,a=Δv/Δt.,ترنم همدلی,original,1405
دوازدهم,ریاضی,فیزیک,فیزیک دوازدهم,بخش 2,دینامیک,,متوسط,قانون سوم نیوتن بر چه اصلی استوار است؟,کنش و واکنش,پایستگی جرم,قانون اهم,اصل برنولی,A,نیروهای کنش و واکنش برابر و خلاف جهت‌اند.,ترنم همدلی,original,1405
دوازدهم,ریاضی,فیزیک,فیزیک دوازدهم,بخش 3,الکتریسیته,,متوسط,قانون اهم چیست؟,V=IR,V=I/R,I=VR,R=VI,A,قانون اهم V=IR است.,ترنم همدلی,original,1405
دوازدهم,ریاضی,فیزیک,فیزیک دوازدهم,بخش 4,مغناطیس,,متوسط,میدان مغناطیسی اطراف جریان الکتریکی چگونه ایجاد می‌شود؟,جریان الکتریکی,سکون کامل بار,خلأ,فشار,A,جریان الکتریکی میدان مغناطیسی ایجاد می‌کند.,ترنم همدلی,original,1405
دوازدهم,ریاضی,فیزیک,فیزیک دوازدهم,بخش 5,نوسان,,متوسط,دوره تناوب چیست؟,زمان یک نوسان کامل,تعداد نوسان در ثانیه,دامنه,طول موج,A,دوره زمان یک نوسان کامل است.,ترنم همدلی,original,1405
دوازدهم,ریاضی,فیزیک,فیزیک دوازدهم,بخش 6,انرژی,,متوسط,انرژی پتانسیل گرانشی به چه عواملی وابسته است؟,جرم و ارتفاع,فقط سرعت,فقط زمان,مقاومت,A,U=mgh.,ترنم همدلی,original,1405
دوازدهم,ریاضی,شیمی,شیمی دوازدهم,بخش 1,اتم,,متوسط,ایزوتوپ‌های یک عنصر در چه چیزی متفاوت‌اند؟,تعداد نوترون,تعداد پروتون,نام عنصر,عدد اتمی,A,ایزوتوپ‌ها پروتون یکسان و نوترون متفاوت دارند.,ترنم همدلی,original,1405
دوازدهم,ریاضی,شیمی,شیمی دوازدهم,بخش 2,استوکیومتری,,متوسط,یک مول تقریباً چند ذره دارد؟,6.02×10^23,6.02×10^3,10^23,6.02,A,عدد آووگادرو حدود 6.02×10^23 است.,ترنم همدلی,original,1405
دوازدهم,ریاضی,شیمی,شیمی دوازدهم,بخش 3,محلول,,متوسط,غلظت مولار یعنی چه؟,مول حل‌شونده در لیتر محلول,جرم در گرم,لیتر در مول,فشار در حجم,A,مولاریته mol/L است.,ترنم همدلی,original,1405
دوازدهم,ریاضی,شیمی,شیمی دوازدهم,بخش 4,تعادل,,متوسط,در تعادل شیمیایی چه چیزی برابر می‌شود؟,سرعت واکنش رفت و برگشت,غلظت همه مواد,جرم همه مواد,دما و فشار,A,در تعادل سرعت رفت و برگشت برابر است.,ترنم همدلی,original,1405
دوازدهم,ریاضی,شیمی,شیمی دوازدهم,بخش 5,اسید و باز,,متوسط,کدام ماده در آب یون H+ بیشتری ایجاد می‌کند؟,اسید,باز,نمک خنثی,فلز,A,اسیدها دهنده H+ هستند.,ترنم همدلی,original,1405
دوازدهم,ریاضی,شیمی,شیمی دوازدهم,بخش 6,آلی,,متوسط,گروه عاملی الکل چیست؟,OH-,COOH,NH2,CHO,A,الکل‌ها گروه هیدروکسیل OH دارند.,ترنم همدلی,original,1405
دوازدهم,انسانی,فارسی,فارسی,بخش 1,واژگان,,متوسط,واژه «فرهیخته» به کدام معنا نزدیک‌تر است؟,دانشمند,بی‌تجربه,کم‌حوصله,بی‌تفاوت,A,فرهیخته به فرد دانش‌آموخته و اهل فرهنگ گفته می‌شود.,ترنم همدلی,original,1405
دوازدهم,انسانی,فارسی,فارسی,بخش 2,آرایه,,متوسط,در «قد سرو» کدام آرایه دیده می‌شود؟,تشبیه,تضاد,جناس,سجع,A,قد به سرو مانند شده است.,ترنم همدلی,original,1405
دوازدهم,انسانی,فارسی,فارسی,بخش 3,دستور,,متوسط,در «دانش‌آموزان درس را خواندند» نهاد کدام است؟,درس,دانش‌آموزان,را,خواندند,B,انجام‌دهنده فعل نهاد است.,ترنم همدلی,original,1405
دوازدهم,انسانی,فارسی,فارسی,بخش 4,املاء,,متوسط,کدام واژه درست است؟,تأثیر,تاثیر,تأثیرر,تاثیر,A,املای معیار «تأثیر» است.,ترنم همدلی,original,1405
دوازدهم,انسانی,فارسی,فارسی,بخش 5,قرابت,,متوسط,کدام مفهوم به ارزش دانش نزدیک‌تر است؟,دانایی عامل رشد است,ثروت همیشه کافی است,تلاش بی‌فایده است,یادگیری بی‌ارزش است,A,مفهوم بر اهمیت دانش تأکید دارد.,ترنم همدلی,original,1405
دوازدهم,انسانی,فارسی,فارسی,بخش 6,نگارش,,متوسط,مقدمه خوب چه ویژگی دارد؟,ارتباط با موضوع,بی‌ربطی,تکرار نتیجه,حذف موضوع,A,مقدمه باید زمینه موضوع را فراهم کند.,ترنم همدلی,original,1405
دوازدهم,انسانی,عربی,عربی,بخش 1,ترجمه,,متوسط,معنی «الطلابُ مجتهدون» چیست؟,دانش‌آموزان کوشا هستند,دانش‌آموز کوشاست,معلمان کوشا هستند,دانش‌آموزان غایب‌اند,A,ترجمه جمله همین است.,ترنم همدلی,original,1405
دوازدهم,انسانی,عربی,عربی,بخش 2,اسم فاعل,,متوسط,اسم فاعل «کاتب» به چه معناست؟,نویسنده/نویسنده‌کننده,نوشته‌شده,کتاب,خوانده‌شده,A,کاتب اسم فاعل از کتب است.,ترنم همدلی,original,1405
دوازدهم,انسانی,عربی,عربی,بخش 3,فعل مضارع,,متوسط,«یذهب» چه زمانی را نشان می‌دهد؟,مضارع,ماضی,امر,نهی,A,یذهب فعل مضارع است.,ترنم همدلی,original,1405
دوازدهم,انسانی,عربی,عربی,بخش 4,عدد,,متوسط,«ثلاثة» چه عددی است؟,دو,سه,چهار,پنج,B,ثلاثة یعنی سه.,ترنم همدلی,original,1405
دوازدهم,انسانی,عربی,عربی,بخش 5,جمع,,متوسط,جمع «معلم» کدام است؟,معلمان,معلمون,تعلیم,معلومة,B,در حالت رفع جمع مذکر سالم «معلمون» است.,ترنم همدلی,original,1405
دوازدهم,انسانی,عربی,عربی,بخش 6,مفعول,,متوسط,در «قرأ الطالبُ الکتابَ» مفعول چیست؟,الطالب,قرأ,الکتاب,هیچ‌کدام,C,الکتاب مفعول فعل قرأ است.,ترنم همدلی,original,1405
دوازدهم,انسانی,دین و زندگی,دین و زندگی,بخش 1,توحید,,متوسط,توحید در ربوبیت به چه معناست؟,خداوند مدبر جهان است,انکار خدا,چندخدایی,بی‌نیازی از هدایت,A,ربوبیت به تدبیر و پروردگاری خداوند اشاره دارد.,ترنم همدلی,original,1405
دوازدهم,انسانی,دین و زندگی,دین و زندگی,بخش 2,نبوت,,متوسط,یکی از نیازهای انسان به پیامبران چیست؟,هدایت الهی,افزایش ثروت,حل همه مسائل علمی,حذف اختیار,A,پیامبران راه هدایت الهی را ارائه می‌کنند.,ترنم همدلی,original,1405
دوازدهم,انسانی,دین و زندگی,دین و زندگی,بخش 3,معاد,,متوسط,باور به معاد چه اثری می‌تواند داشته باشد؟,مسئولیت‌پذیری,بی‌تفاوتی,بی‌قانونی,ناامیدی,A,باور به حسابرسی می‌تواند مسئولیت‌پذیری را تقویت کند.,ترنم همدلی,original,1405
دوازدهم,انسانی,دین و زندگی,دین و زندگی,بخش 4,اخلاق,,متوسط,اخلاص یعنی چه؟,انجام عمل برای رضای خدا,انجام کار برای شهرت,ترس از مردم,خودنمایی,A,اخلاص به نیت الهی در عمل اشاره دارد.,ترنم همدلی,original,1405
دوازدهم,انسانی,دین و زندگی,دین و زندگی,بخش 5,اختیار,,متوسط,اختیار انسان با مسئولیت چه ارتباطی دارد؟,انتخاب زمینه مسئولیت است,هیچ ارتباطی ندارد,اختیار مسئولیت را حذف می‌کند,مسئولیت را ناممکن می‌کند,A,مسئولیت اخلاقی بر انتخاب آگاهانه استوار است.,ترنم همدلی,original,1405
دوازدهم,انسانی,دین و زندگی,دین و زندگی,بخش 6,هدایت,,متوسط,عقل و وحی چه نقشی در هدایت دارند؟,راهنمایی انسان,ایجاد سردرگمی,حذف انتخاب,افزایش جهل,A,هر دو در چارچوب آموزه دینی ابزار هدایت‌اند.,ترنم همدلی,original,1405
دوازدهم,انسانی,زبان انگلیسی,زبان انگلیسی,بخش 1,واژگان,,متوسط,"meaning of ""benefit"" چیست؟",فایده,خطر,هزینه,شکست,A,benefit یعنی فایده.,ترنم همدلی,original,1405
دوازدهم,انسانی,زبان انگلیسی,زبان انگلیسی,بخش 2,گرامر,,متوسط,کدام جمله درست است؟,She has finished her work.,She have finished.,She finish has.,She finishing has.,A,ساختار حال کامل برای she با has است.,ترنم همدلی,original,1405
دوازدهم,انسانی,زبان انگلیسی,زبان انگلیسی,بخش 3,مجهول,,متوسط,کدام جمله مجهول است؟,Ali wrote the letter.,The letter was written by Ali.,Ali writes letters.,Ali is writing.,B,در جمله دوم فاعل گیرنده عمل است.,ترنم همدلی,original,1405
دوازدهم,انسانی,زبان انگلیسی,زبان انگلیسی,بخش 4,شرطی,,متوسط,کدام جمله شرطی نوع اول است؟,"If it rains, we will stay home.","If it rained, we would stay.","If it had rained, we would have stayed.",It rains yesterday.,A,شرطی نوع اول معمولاً if+حال و will دارد.,ترنم همدلی,original,1405
دوازدهم,انسانی,زبان انگلیسی,زبان انگلیسی,بخش 5,درک مطلب,,متوسط,برای فهم ایده اصلی متن چه چیزی مهم است؟,تمرکز بر پیام کلی,حفظ همه کلمات,نادیده گرفتن عنوان,فقط ترجمه یک جمله,A,ایده اصلی پیام کلی متن است.,ترنم همدلی,original,1405
دوازدهم,انسانی,زبان انگلیسی,زبان انگلیسی,بخش 6,واژگان,,متوسط,"opposite of ""increase"" چیست؟",decrease,improve,expand,raise,A,decrease متضاد increase است.,ترنم همدلی,original,1405
دوازدهم,انسانی,علوم و فنون ادبی,علوم و فنون ادبی دوازدهم,بخش 1,عروض,,متوسط,واحد بنیادی وزن شعر فارسی چیست؟,هجا,بند,جمله,مصراع تنها,A,وزن بر پایه هجاها بررسی می‌شود.,ترنم همدلی,original,1405
دوازدهم,انسانی,علوم و فنون ادبی,علوم و فنون ادبی دوازدهم,بخش 2,آرایه,,متوسط,تضاد چیست؟,جمع دو مفهوم مخالف,تکرار صدا,تشبیه,حذف فعل,A,تضاد کنار هم آمدن مفاهیم مخالف است.,ترنم همدلی,original,1405
دوازدهم,انسانی,علوم و فنون ادبی,علوم و فنون ادبی دوازدهم,بخش 3,قافیه,,متوسط,قافیه در شعر چه نقشی دارد؟,آهنگ و هماهنگی پایانی,معنی واژه,ساخت جمله,تغییر موضوع,A,قافیه به هماهنگی پایانی شعر کمک می‌کند.,ترنم همدلی,original,1405
دوازدهم,انسانی,علوم و فنون ادبی,علوم و فنون ادبی دوازدهم,بخش 4,سبک,,متوسط,سبک خراسانی چه ویژگی برجسته‌ای دارد؟,زبان نسبتاً ساده و استوار,پیچیدگی کامل عرفانی,زبان کاملاً محاوره‌ای,نبود وزن,A,از ویژگی‌های شناخته‌شده سبک خراسانی زبان نسبتاً ساده و استوار است.,ترنم همدلی,original,1405
دوازدهم,انسانی,علوم و فنون ادبی,علوم و فنون ادبی دوازدهم,بخش 5,واج‌آرایی,,متوسط,واج‌آرایی چیست؟,تکرار یک واج,تکرار معنی,تضاد,تشبیه,A,تکرار آوای یک واج واج‌آرایی است.,ترنم همدلی,original,1405
دوازدهم,انسانی,علوم و فنون ادبی,علوم و فنون ادبی دوازدهم,بخش 6,معانی,,متوسط,خبر در جمله چه نقشی دارد؟,انتقال اطلاعات درباره نهاد,فقط پرسش,امر,نداء,A,خبر درباره نهاد اطلاعات می‌دهد.,ترنم همدلی,original,1405
دوازدهم,انسانی,جامعه‌شناسی,جامعه‌شناسی دوازدهم,بخش 1,کنش اجتماعی,,متوسط,کنش اجتماعی چیست؟,رفتار معنادار نسبت به دیگران,حرکت فیزیکی بدون معنا,فقط تفکر,واکنش شیمیایی,A,کنش اجتماعی رفتار معنادار در ارتباط با دیگران است.,ترنم همدلی,original,1405
دوازدهم,انسانی,جامعه‌شناسی,جامعه‌شناسی دوازدهم,بخش 2,فرهنگ,,متوسط,فرهنگ شامل چه چیزهایی است؟,ارزش‌ها و هنجارها و نمادها,فقط ساختمان‌ها,فقط اقتصاد,فقط جغرافیا,A,فرهنگ مجموعه‌ای از ارزش‌ها، هنجارها، نمادها و معانی است.,ترنم همدلی,original,1405
دوازدهم,انسانی,جامعه‌شناسی,جامعه‌شناسی دوازدهم,بخش 3,نهاد اجتماعی,,متوسط,خانواده نمونه چیست؟,نهاد اجتماعی,عنصر شیمیایی,قانون طبیعی,دستگاه فیزیکی,A,خانواده یک نهاد اجتماعی بنیادی است.,ترنم همدلی,original,1405
دوازدهم,انسانی,جامعه‌شناسی,جامعه‌شناسی دوازدهم,بخش 4,هویت,,متوسط,هویت اجتماعی چه چیزی را نشان می‌دهد؟,جایگاه و تعلقات فرد در جامعه,فقط قد و وزن,فقط درآمد,فقط ژنتیک,A,هویت اجتماعی با تعلقات و نقش‌های اجتماعی پیوند دارد.,ترنم همدلی,original,1405
دوازدهم,انسانی,جامعه‌شناسی,جامعه‌شناسی دوازدهم,بخش 5,تغییر اجتماعی,,متوسط,کدام مورد می‌تواند عامل تغییر اجتماعی باشد؟,فناوری,سکون کامل,نبود ارتباط,حذف آموزش,A,فناوری می‌تواند الگوهای زندگی اجتماعی را تغییر دهد.,ترنم همدلی,original,1405
دوازدهم,انسانی,جامعه‌شناسی,جامعه‌شناسی دوازدهم,بخش 6,جهانی‌شدن,,متوسط,جهانی‌شدن به چه معناست؟,افزایش پیوندهای جهانی,انزوای کامل جوامع,کاهش ارتباط,حذف فناوری,A,جهانی‌شدن با افزایش ارتباط و وابستگی متقابل همراه است.,ترنم همدلی,original,1405
دوازدهم,انسانی,اقتصاد,اقتصاد دوازدهم,بخش 1,نیاز و خواسته,,متوسط,نیاز چه تفاوتی با خواسته دارد؟,ضروری‌تر بودن نیاز,گران‌تر بودن نیاز,همیشه یکسان بودن,نداشتن هزینه,A,نیاز برای زندگی ضروری‌تر است.,ترنم همدلی,original,1405
دوازدهم,انسانی,اقتصاد,اقتصاد دوازدهم,بخش 2,کمیابی,,متوسط,کمیابی چرا مسئله اقتصادی ایجاد می‌کند؟,منابع محدودند و نیازها گسترده,همه چیز فراوان است,تقاضا صفر است,قیمت‌ها ثابت‌اند,A,محدودیت منابع انتخاب را ضروری می‌کند.,ترنم همدلی,original,1405
دوازدهم,انسانی,اقتصاد,اقتصاد دوازدهم,بخش 3,عرضه و تقاضا,,متوسط,افزایش تقاضا با ثابت بودن سایر شرایط چه اثری می‌تواند داشته باشد؟,افزایش قیمت,کاهش قطعی قیمت,حذف بازار,ثابت ماندن حتمی,A,در مدل ساده افزایش تقاضا فشار افزایشی بر قیمت دارد.,ترنم همدلی,original,1405
دوازدهم,انسانی,اقتصاد,اقتصاد دوازدهم,بخش 4,تورم,,متوسط,تورم چیست؟,افزایش مستمر سطح عمومی قیمت‌ها,کاهش یک قیمت,افزایش تولید یک کالا,ثبات قیمت‌ها,A,تورم افزایش عمومی و مستمر سطح قیمت‌هاست.,ترنم همدلی,original,1405
دوازدهم,انسانی,اقتصاد,اقتصاد دوازدهم,بخش 5,پس‌انداز,,متوسط,پس‌انداز چه نقشی دارد؟,تأمین منابع آینده,افزایش مصرف فوری,حذف سرمایه‌گذاری,کاهش درآمد,A,پس‌انداز منابع را برای آینده فراهم می‌کند.,ترنم همدلی,original,1405
دوازدهم,انسانی,اقتصاد,اقتصاد دوازدهم,بخش 6,کارآفرینی,,متوسط,کارآفرین چه کاری انجام می‌دهد؟,شناسایی فرصت و پذیرش ریسک,فقط مصرف کالا,حذف نوآوری,کاهش بهره‌وری,A,کارآفرینی با فرصت، نوآوری و پذیرش ریسک همراه است.,ترنم همدلی,original,1405
دوازدهم,انسانی,فلسفه,فلسفه دوازدهم,بخش 1,تعریف فلسفه,,متوسط,فلسفه بیشتر با چه نوع پرسش‌هایی سروکار دارد؟,پرسش‌های بنیادی درباره هستی و شناخت,فقط محاسبات,فقط آزمایشگاه,فقط ورزش,A,فلسفه به پرسش‌های بنیادی می‌پردازد.,ترنم همدلی,original,1405
دوازدهم,انسانی,فلسفه,فلسفه دوازدهم,بخش 2,معرفت,,متوسط,معرفت یعنی چه؟,شناخت و آگاهی,صرفاً احساس,حرکت,تغذیه,A,معرفت به شناخت و آگاهی اشاره دارد.,ترنم همدلی,original,1405
دوازدهم,انسانی,فلسفه,فلسفه دوازدهم,بخش 3,استدلال,,متوسط,استدلال چه هدفی دارد؟,پشتیبانی منطقی از نتیجه,حذف دلیل,افزایش ابهام,تکرار واژه,A,استدلال برای حمایت منطقی از نتیجه به کار می‌رود.,ترنم همدلی,original,1405
دوازدهم,انسانی,فلسفه,فلسفه دوازدهم,بخش 4,واقعیت,,متوسط,پرسش «چه چیزی واقعاً وجود دارد؟» بیشتر مربوط به چیست؟,هستی‌شناسی,اخلاق کاربردی,اقتصاد,دستور زبان,A,هستی‌شناسی درباره وجود و واقعیت بحث می‌کند.,ترنم همدلی,original,1405
دوازدهم,انسانی,فلسفه,فلسفه دوازدهم,بخش 5,اخلاق,,متوسط,پرسش «چه کاری درست است؟» به کدام حوزه نزدیک‌تر است؟,اخلاق,هستی‌شناسی,فیزیک,جغرافیا,A,اخلاق درباره درست و نادرست عمل بحث می‌کند.,ترنم همدلی,original,1405
دوازدهم,انسانی,فلسفه,فلسفه دوازدهم,بخش 6,شناخت,,متوسط,تفاوت باور و دانش چیست؟,دانش نیازمند پشتوانه معرفتی است,هیچ تفاوتی ندارند,باور همیشه علمی است,دانش بدون دلیل است,A,دانش معمولاً به توجیه و پشتوانه معرفتی نیاز دارد.,ترنم همدلی,original,1405
دوازدهم,انسانی,روان‌شناسی,روان‌شناسی دوازدهم,بخش 1,یادگیری,,متوسط,یادگیری چیست؟,تغییر نسبتاً پایدار در رفتار یا توانایی,تغییر لحظه‌ای ضربان قلب,رشد قد,خواب,A,تعریف رایج یادگیری بر تغییر نسبتاً پایدار تأکید دارد.,ترنم همدلی,original,1405
دوازدهم,انسانی,روان‌شناسی,روان‌شناسی دوازدهم,بخش 2,حافظه,,متوسط,حافظه کوتاه‌مدت چه ویژگی دارد؟,ظرفیت و دوام محدودتر,ظرفیت نامحدود,بدون فراموشی,فقط برای مهارت حرکتی,A,حافظه کوتاه‌مدت ظرفیت و دوام محدودتری دارد.,ترنم همدلی,original,1405
دوازدهم,انسانی,روان‌شناسی,روان‌شناسی دوازدهم,بخش 3,انگیزه,,متوسط,انگیزه چه نقشی دارد؟,جهت‌دهی و فعال‌سازی رفتار,حذف هدف,کاهش همه رفتارها,تغییر رنگ چشم,A,انگیزه رفتار را فعال و جهت‌دهی می‌کند.,ترنم همدلی,original,1405
دوازدهم,انسانی,روان‌شناسی,روان‌شناسی دوازدهم,بخش 4,ادراک,,متوسط,ادراک چیست؟,تفسیر اطلاعات حسی,فقط دریافت نور,حرکت عضله,تنفس,A,ادراک تفسیر و سازمان‌دهی اطلاعات حسی است.,ترنم همدلی,original,1405
دوازدهم,انسانی,روان‌شناسی,روان‌شناسی دوازدهم,بخش 5,شخصیت,,متوسط,شخصیت به چه چیزی اشاره دارد؟,الگوهای نسبتاً پایدار ویژگی و رفتار,یک هیجان لحظه‌ای,قد,وزن,A,شخصیت مجموعه الگوهای نسبتاً پایدار ویژگی‌ها و رفتار است.,ترنم همدلی,original,1405
دوازدهم,انسانی,روان‌شناسی,روان‌شناسی دوازدهم,بخش 6,استرس,,متوسط,استرس چه زمانی می‌تواند مشکل‌زا شود؟,وقتی طولانی و ناتوان‌کننده باشد,هرگز,فقط هنگام ورزش,فقط در خواب,A,استرس شدید یا مزمن می‌تواند مشکل‌زا شود.,ترنم همدلی,original,1405
دوازدهم,انسانی,تاریخ,تاریخ دوازدهم,بخش 1,منبع تاریخی,,متوسط,منبع دست‌اول چیست؟,اثر یا گزارش نزدیک به زمان رویداد,خلاصه امروزی,نظر شخص ثالث,داستان تخیلی,A,منبع دست‌اول به دوره یا شاهد نزدیک‌تر است.,ترنم همدلی,original,1405
دوازدهم,انسانی,تاریخ,تاریخ دوازدهم,بخش 2,علت و معلول,,متوسط,در تحلیل تاریخی چرا علت و معلول مهم است؟,برای فهم چرایی رویدادها,برای حفظ تاریخ‌ها فقط,برای حذف زمینه,برای شمارش جمعیت,A,تحلیل علت و معلول فهم رویداد را عمیق‌تر می‌کند.,ترنم همدلی,original,1405
دوازدهم,انسانی,تاریخ,تاریخ دوازدهم,بخش 3,دوره‌بندی,,متوسط,دوره‌بندی تاریخی چه فایده‌ای دارد؟,سازمان‌دهی مطالعه گذشته,تغییر واقعیت,حذف منابع,ساختن رویداد,A,دوره‌بندی مطالعه گذشته را منظم می‌کند.,ترنم همدلی,original,1405
دوازدهم,انسانی,تاریخ,تاریخ دوازدهم,بخش 4,منبع,,متوسط,کدام مورد منبع مادی است؟,سکه تاریخی,نظر دانش‌آموز,پست شبکه اجتماعی امروز,فرمول ریاضی,A,سکه تاریخی یک منبع مادی است.,ترنم همدلی,original,1405
دوازدهم,انسانی,تاریخ,تاریخ دوازدهم,بخش 5,نقد منبع,,متوسط,در نقد منبع چه چیزی بررسی می‌شود؟,اعتبار و زمینه منبع,فقط طول متن,رنگ کاغذ,تعداد صفحات تنها,A,اعتبار، نویسنده، زمان و زمینه اهمیت دارند.,ترنم همدلی,original,1405
دوازدهم,انسانی,تاریخ,تاریخ دوازدهم,بخش 6,تحلیل,,متوسط,یک رویداد تاریخی را باید چگونه بررسی کرد؟,با توجه به زمینه و شواهد,فقط با یک نظر,بدون منبع,صرفاً با حدس,A,تحلیل تاریخی باید مبتنی بر شواهد و زمینه باشد.,ترنم همدلی,original,1405
دوازدهم,انسانی,جغرافیا,جغرافیا دوازدهم,بخش 1,نقشه,,متوسط,مقیاس چه چیزی را نشان می‌دهد؟,رابطه فاصله نقشه و واقعیت,فقط جهت,فقط ارتفاع,نوع خاک,A,مقیاس رابطه فاصله روی نقشه با واقعیت است.,ترنم همدلی,original,1405
دوازدهم,انسانی,جغرافیا,جغرافیا دوازدهم,بخش 2,آب‌وهوا,,متوسط,اقلیم چیست؟,الگوی بلندمدت وضعیت جوی,وضعیت یک ساعت,فقط بارش امروز,باد لحظه‌ای,A,اقلیم الگوی بلندمدت شرایط جوی است.,ترنم همدلی,original,1405
دوازدهم,انسانی,جغرافیا,جغرافیا دوازدهم,بخش 3,جمعیت,,متوسط,تراکم جمعیت چگونه محاسبه می‌شود؟,جمعیت تقسیم بر مساحت,مساحت تقسیم بر جمعیت,جمعیت ضربدر مساحت,جمعیت منهای مساحت,A,تراکم=جمعیت/مساحت.,ترنم همدلی,original,1405
دوازدهم,انسانی,جغرافیا,جغرافیا دوازدهم,بخش 4,منابع,,متوسط,کدام منبع تجدیدپذیر است؟,خورشید,نفت,زغال‌سنگ,گاز طبیعی,A,انرژی خورشیدی تجدیدپذیر است.,ترنم همدلی,original,1405
دوازدهم,انسانی,جغرافیا,جغرافیا دوازدهم,بخش 5,شهرنشینی,,متوسط,شهرنشینی به چه معناست؟,افزایش سهم جمعیت شهری,کاهش ارتباط,تخلیه همه شهرها,افزایش کشاورزی روستایی,A,شهرنشینی با افزایش سهم جمعیت شهری مرتبط است.,ترنم همدلی,original,1405
دوازدهم,انسانی,جغرافیا,جغرافیا دوازدهم,بخش 6,محیط زیست,,متوسط,توسعه پایدار بر چه تأکیدی است؟,تأمین نیاز امروز بدون آسیب جدی به آینده,مصرف بی‌حد,حذف منابع,تخریب محیط,A,توسعه پایدار تعادل میان نیازهای امروز و آینده را دنبال می‌کند.,ترنم همدلی,original,1405
دوازدهم,انسانی,ریاضی و آمار,ریاضی و آمار دوازدهم,بخش 1,آمار,,متوسط,میانگین 3،5 و7 چیست؟,4,5,6,7,B,میانگین 15÷3=5.,ترنم همدلی,original,1405
دوازدهم,انسانی,ریاضی و آمار,ریاضی و آمار دوازدهم,بخش 2,احتمال,,متوسط,احتمال رویداد غیرممکن چیست؟,0,1,1/2,2,A,رویداد غیرممکن احتمال صفر دارد.,ترنم همدلی,original,1405
دوازدهم,انسانی,ریاضی و آمار,ریاضی و آمار دوازدهم,بخش 3,تابع,,متوسط,اگر f(x)=x+2 باشد f(5) چند است؟,5,6,7,8,C,5+2=7.,ترنم همدلی,original,1405
دوازدهم,انسانی,ریاضی و آمار,ریاضی و آمار دوازدهم,بخش 4,معادله,,متوسط,حل 3x=12 چیست؟,2,3,4,6,C,x=4.,ترنم همدلی,original,1405
دوازدهم,انسانی,ریاضی و آمار,ریاضی و آمار دوازدهم,بخش 5,دنباله,,متوسط,جمله بعدی 2،4،6،8 چیست؟,9,10,12,16,B,الگو هر بار 2 واحد افزایش دارد.,ترنم همدلی,original,1405
دوازدهم,انسانی,ریاضی و آمار,ریاضی و آمار دوازدهم,بخش 6,نمودار,,متوسط,نمودار ستونی برای چه داده‌هایی مناسب است؟,مقایسه دسته‌ها,فقط تابع پیوسته,فقط هندسه,فقط متن,A,نمودار ستونی برای مقایسه دسته‌ها مناسب است.,ترنم همدلی,original,1405
دوازدهم,تجربی,زیست‌شناسی,زیست‌شناسی دوازدهم,کنکورمحور,سبک کنکور 1400,,سخت,کدام گزینه بهترین توصیف برای نقش آنزیم‌ها در سلول است؟,افزایش انرژی فعال‌سازی,کاهش انرژی فعال‌سازی,مصرف دائمی در واکنش,تبدیل شدن به DNA,B,آنزیم‌ها با کاهش انرژی فعال‌سازی سرعت واکنش را افزایش می‌دهند.,سؤال تألیفی هم‌سبک کنکور 1400,konkur_style,1400
دوازدهم,تجربی,زیست‌شناسی,زیست‌شناسی دوازدهم,کنکورمحور,سبک کنکور 1401,,سخت,کدام گزینه بهترین توصیف برای نقش آنزیم‌ها در سلول است؟,افزایش انرژی فعال‌سازی,کاهش انرژی فعال‌سازی,مصرف دائمی در واکنش,تبدیل شدن به DNA,B,آنزیم‌ها با کاهش انرژی فعال‌سازی سرعت واکنش را افزایش می‌دهند.,سؤال تألیفی هم‌سبک کنکور 1401,konkur_style,1401
دوازدهم,تجربی,زیست‌شناسی,زیست‌شناسی دوازدهم,کنکورمحور,سبک کنکور 1402,,سخت,کدام گزینه بهترین توصیف برای نقش آنزیم‌ها در سلول است؟,افزایش انرژی فعال‌سازی,کاهش انرژی فعال‌سازی,مصرف دائمی در واکنش,تبدیل شدن به DNA,B,آنزیم‌ها با کاهش انرژی فعال‌سازی سرعت واکنش را افزایش می‌دهند.,سؤال تألیفی هم‌سبک کنکور 1402,konkur_style,1402
دوازدهم,تجربی,زیست‌شناسی,زیست‌شناسی دوازدهم,کنکورمحور,سبک کنکور 1403,,سخت,کدام گزینه بهترین توصیف برای نقش آنزیم‌ها در سلول است؟,افزایش انرژی فعال‌سازی,کاهش انرژی فعال‌سازی,مصرف دائمی در واکنش,تبدیل شدن به DNA,B,آنزیم‌ها با کاهش انرژی فعال‌سازی سرعت واکنش را افزایش می‌دهند.,سؤال تألیفی هم‌سبک کنکور 1403,konkur_style,1403
دوازدهم,تجربی,زیست‌شناسی,زیست‌شناسی دوازدهم,کنکورمحور,سبک کنکور 1404,,سخت,کدام گزینه بهترین توصیف برای نقش آنزیم‌ها در سلول است؟,افزایش انرژی فعال‌سازی,کاهش انرژی فعال‌سازی,مصرف دائمی در واکنش,تبدیل شدن به DNA,B,آنزیم‌ها با کاهش انرژی فعال‌سازی سرعت واکنش را افزایش می‌دهند.,سؤال تألیفی هم‌سبک کنکور 1404,konkur_style,1404
دوازدهم,تجربی,زیست‌شناسی,زیست‌شناسی دوازدهم,کنکورمحور,سبک کنکور 1405,,سخت,کدام گزینه بهترین توصیف برای نقش آنزیم‌ها در سلول است؟,افزایش انرژی فعال‌سازی,کاهش انرژی فعال‌سازی,مصرف دائمی در واکنش,تبدیل شدن به DNA,B,آنزیم‌ها با کاهش انرژی فعال‌سازی سرعت واکنش را افزایش می‌دهند.,سؤال تألیفی هم‌سبک کنکور 1405,konkur_style,1405
دوازدهم,تجربی,شیمی,شیمی دوازدهم,کنکورمحور,سبک کنکور 1400,,سخت,در یک واکنش اکسایش-کاهش، گونه‌ای که الکترون می‌گیرد چه نام دارد؟,عامل کاهنده,عامل اکسنده,محصول خنثی,کاتالیزگر,B,گونه‌ای که الکترون می‌گیرد کاهش می‌یابد و عامل اکسنده است.,سؤال تألیفی هم‌سبک کنکور 1400,konkur_style,1400
دوازدهم,تجربی,شیمی,شیمی دوازدهم,کنکورمحور,سبک کنکور 1401,,سخت,در یک واکنش اکسایش-کاهش، گونه‌ای که الکترون می‌گیرد چه نام دارد؟,عامل کاهنده,عامل اکسنده,محصول خنثی,کاتالیزگر,B,گونه‌ای که الکترون می‌گیرد کاهش می‌یابد و عامل اکسنده است.,سؤال تألیفی هم‌سبک کنکور 1401,konkur_style,1401
دوازدهم,تجربی,شیمی,شیمی دوازدهم,کنکورمحور,سبک کنکور 1402,,سخت,در یک واکنش اکسایش-کاهش، گونه‌ای که الکترون می‌گیرد چه نام دارد؟,عامل کاهنده,عامل اکسنده,محصول خنثی,کاتالیزگر,B,گونه‌ای که الکترون می‌گیرد کاهش می‌یابد و عامل اکسنده است.,سؤال تألیفی هم‌سبک کنکور 1402,konkur_style,1402
دوازدهم,تجربی,شیمی,شیمی دوازدهم,کنکورمحور,سبک کنکور 1403,,سخت,در یک واکنش اکسایش-کاهش، گونه‌ای که الکترون می‌گیرد چه نام دارد؟,عامل کاهنده,عامل اکسنده,محصول خنثی,کاتالیزگر,B,گونه‌ای که الکترون می‌گیرد کاهش می‌یابد و عامل اکسنده است.,سؤال تألیفی هم‌سبک کنکور 1403,konkur_style,1403
دوازدهم,تجربی,شیمی,شیمی دوازدهم,کنکورمحور,سبک کنکور 1404,,سخت,در یک واکنش اکسایش-کاهش، گونه‌ای که الکترون می‌گیرد چه نام دارد؟,عامل کاهنده,عامل اکسنده,محصول خنثی,کاتالیزگر,B,گونه‌ای که الکترون می‌گیرد کاهش می‌یابد و عامل اکسنده است.,سؤال تألیفی هم‌سبک کنکور 1404,konkur_style,1404
دوازدهم,تجربی,شیمی,شیمی دوازدهم,کنکورمحور,سبک کنکور 1405,,سخت,در یک واکنش اکسایش-کاهش، گونه‌ای که الکترون می‌گیرد چه نام دارد؟,عامل کاهنده,عامل اکسنده,محصول خنثی,کاتالیزگر,B,گونه‌ای که الکترون می‌گیرد کاهش می‌یابد و عامل اکسنده است.,سؤال تألیفی هم‌سبک کنکور 1405,konkur_style,1405
دوازدهم,تجربی,فیزیک,فیزیک دوازدهم,کنکورمحور,سبک کنکور 1400,,سخت,جسمی با سرعت ثابت روی خط راست حرکت می‌کند. برآیند نیروی وارد بر آن در حالت ایده‌آل چقدر است؟,صفر,ثابت و غیرصفر,متغیر,نامشخص,A,سرعت ثابت یعنی شتاب صفر و در نتیجه برآیند نیرو صفر است.,سؤال تألیفی هم‌سبک کنکور 1400,konkur_style,1400
دوازدهم,تجربی,فیزیک,فیزیک دوازدهم,کنکورمحور,سبک کنکور 1401,,سخت,جسمی با سرعت ثابت روی خط راست حرکت می‌کند. برآیند نیروی وارد بر آن در حالت ایده‌آل چقدر است؟,صفر,ثابت و غیرصفر,متغیر,نامشخص,A,سرعت ثابت یعنی شتاب صفر و در نتیجه برآیند نیرو صفر است.,سؤال تألیفی هم‌سبک کنکور 1401,konkur_style,1401
دوازدهم,تجربی,فیزیک,فیزیک دوازدهم,کنکورمحور,سبک کنکور 1402,,سخت,جسمی با سرعت ثابت روی خط راست حرکت می‌کند. برآیند نیروی وارد بر آن در حالت ایده‌آل چقدر است؟,صفر,ثابت و غیرصفر,متغیر,نامشخص,A,سرعت ثابت یعنی شتاب صفر و در نتیجه برآیند نیرو صفر است.,سؤال تألیفی هم‌سبک کنکور 1402,konkur_style,1402
دوازدهم,تجربی,فیزیک,فیزیک دوازدهم,کنکورمحور,سبک کنکور 1403,,سخت,جسمی با سرعت ثابت روی خط راست حرکت می‌کند. برآیند نیروی وارد بر آن در حالت ایده‌آل چقدر است؟,صفر,ثابت و غیرصفر,متغیر,نامشخص,A,سرعت ثابت یعنی شتاب صفر و در نتیجه برآیند نیرو صفر است.,سؤال تألیفی هم‌سبک کنکور 1403,konkur_style,1403
دوازدهم,تجربی,فیزیک,فیزیک دوازدهم,کنکورمحور,سبک کنکور 1404,,سخت,جسمی با سرعت ثابت روی خط راست حرکت می‌کند. برآیند نیروی وارد بر آن در حالت ایده‌آل چقدر است؟,صفر,ثابت و غیرصفر,متغیر,نامشخص,A,سرعت ثابت یعنی شتاب صفر و در نتیجه برآیند نیرو صفر است.,سؤال تألیفی هم‌سبک کنکور 1404,konkur_style,1404
دوازدهم,تجربی,فیزیک,فیزیک دوازدهم,کنکورمحور,سبک کنکور 1405,,سخت,جسمی با سرعت ثابت روی خط راست حرکت می‌کند. برآیند نیروی وارد بر آن در حالت ایده‌آل چقدر است؟,صفر,ثابت و غیرصفر,متغیر,نامشخص,A,سرعت ثابت یعنی شتاب صفر و در نتیجه برآیند نیرو صفر است.,سؤال تألیفی هم‌سبک کنکور 1405,konkur_style,1405
دوازدهم,تجربی,ریاضی,ریاضی دوازدهم,کنکورمحور,سبک کنکور 1400,,سخت,اگر تابع f(x)=x²-2x باشد، کمینه تابع در کدام x رخ می‌دهد؟,0,1,2,-1,B,f(x)=(x-1)²-1 است، پس کمینه در x=1 رخ می‌دهد.,سؤال تألیفی هم‌سبک کنکور 1400,konkur_style,1400
دوازدهم,تجربی,ریاضی,ریاضی دوازدهم,کنکورمحور,سبک کنکور 1401,,سخت,اگر تابع f(x)=x²-2x باشد، کمینه تابع در کدام x رخ می‌دهد؟,0,1,2,-1,B,f(x)=(x-1)²-1 است، پس کمینه در x=1 رخ می‌دهد.,سؤال تألیفی هم‌سبک کنکور 1401,konkur_style,1401
دوازدهم,تجربی,ریاضی,ریاضی دوازدهم,کنکورمحور,سبک کنکور 1402,,سخت,اگر تابع f(x)=x²-2x باشد، کمینه تابع در کدام x رخ می‌دهد؟,0,1,2,-1,B,f(x)=(x-1)²-1 است، پس کمینه در x=1 رخ می‌دهد.,سؤال تألیفی هم‌سبک کنکور 1402,konkur_style,1402
دوازدهم,تجربی,ریاضی,ریاضی دوازدهم,کنکورمحور,سبک کنکور 1403,,سخت,اگر تابع f(x)=x²-2x باشد، کمینه تابع در کدام x رخ می‌دهد؟,0,1,2,-1,B,f(x)=(x-1)²-1 است، پس کمینه در x=1 رخ می‌دهد.,سؤال تألیفی هم‌سبک کنکور 1403,konkur_style,1403
دوازدهم,تجربی,ریاضی,ریاضی دوازدهم,کنکورمحور,سبک کنکور 1404,,سخت,اگر تابع f(x)=x²-2x باشد، کمینه تابع در کدام x رخ می‌دهد؟,0,1,2,-1,B,f(x)=(x-1)²-1 است، پس کمینه در x=1 رخ می‌دهد.,سؤال تألیفی هم‌سبک کنکور 1404,konkur_style,1404
دوازدهم,تجربی,ریاضی,ریاضی دوازدهم,کنکورمحور,سبک کنکور 1405,,سخت,اگر تابع f(x)=x²-2x باشد، کمینه تابع در کدام x رخ می‌دهد؟,0,1,2,-1,B,f(x)=(x-1)²-1 است، پس کمینه در x=1 رخ می‌دهد.,سؤال تألیفی هم‌سبک کنکور 1405,konkur_style,1405
دوازدهم,ریاضی,ریاضی,ریاضی دوازدهم,کنکورمحور,سبک کنکور 1400,,سخت,اگر میانگین سه عدد 12 باشد، مجموع آن سه عدد چند است؟,12,24,36,48,C,مجموع=میانگین×تعداد=12×3=36.,سؤال تألیفی هم‌سبک کنکور 1400,konkur_style,1400
دوازدهم,ریاضی,ریاضی,ریاضی دوازدهم,کنکورمحور,سبک کنکور 1401,,سخت,اگر میانگین سه عدد 12 باشد، مجموع آن سه عدد چند است؟,12,24,36,48,C,مجموع=میانگین×تعداد=12×3=36.,سؤال تألیفی هم‌سبک کنکور 1401,konkur_style,1401
دوازدهم,ریاضی,ریاضی,ریاضی دوازدهم,کنکورمحور,سبک کنکور 1402,,سخت,اگر میانگین سه عدد 12 باشد، مجموع آن سه عدد چند است؟,12,24,36,48,C,مجموع=میانگین×تعداد=12×3=36.,سؤال تألیفی هم‌سبک کنکور 1402,konkur_style,1402
دوازدهم,ریاضی,ریاضی,ریاضی دوازدهم,کنکورمحور,سبک کنکور 1403,,سخت,اگر میانگین سه عدد 12 باشد، مجموع آن سه عدد چند است؟,12,24,36,48,C,مجموع=میانگین×تعداد=12×3=36.,سؤال تألیفی هم‌سبک کنکور 1403,konkur_style,1403
دوازدهم,ریاضی,ریاضی,ریاضی دوازدهم,کنکورمحور,سبک کنکور 1404,,سخت,اگر میانگین سه عدد 12 باشد، مجموع آن سه عدد چند است؟,12,24,36,48,C,مجموع=میانگین×تعداد=12×3=36.,سؤال تألیفی هم‌سبک کنکور 1404,konkur_style,1404
دوازدهم,ریاضی,ریاضی,ریاضی دوازدهم,کنکورمحور,سبک کنکور 1405,,سخت,اگر میانگین سه عدد 12 باشد، مجموع آن سه عدد چند است؟,12,24,36,48,C,مجموع=میانگین×تعداد=12×3=36.,سؤال تألیفی هم‌سبک کنکور 1405,konkur_style,1405
دوازدهم,ریاضی,فیزیک,فیزیک دوازدهم,کنکورمحور,سبک کنکور 1400,,سخت,جسمی با سرعت ثابت روی خط راست حرکت می‌کند. برآیند نیروی وارد بر آن در حالت ایده‌آل چقدر است؟,صفر,ثابت و غیرصفر,متغیر,نامشخص,A,سرعت ثابت یعنی شتاب صفر و در نتیجه برآیند نیرو صفر است.,سؤال تألیفی هم‌سبک کنکور 1400,konkur_style,1400
دوازدهم,ریاضی,فیزیک,فیزیک دوازدهم,کنکورمحور,سبک کنکور 1401,,سخت,جسمی با سرعت ثابت روی خط راست حرکت می‌کند. برآیند نیروی وارد بر آن در حالت ایده‌آل چقدر است؟,صفر,ثابت و غیرصفر,متغیر,نامشخص,A,سرعت ثابت یعنی شتاب صفر و در نتیجه برآیند نیرو صفر است.,سؤال تألیفی هم‌سبک کنکور 1401,konkur_style,1401
دوازدهم,ریاضی,فیزیک,فیزیک دوازدهم,کنکورمحور,سبک کنکور 1402,,سخت,جسمی با سرعت ثابت روی خط راست حرکت می‌کند. برآیند نیروی وارد بر آن در حالت ایده‌آل چقدر است؟,صفر,ثابت و غیرصفر,متغیر,نامشخص,A,سرعت ثابت یعنی شتاب صفر و در نتیجه برآیند نیرو صفر است.,سؤال تألیفی هم‌سبک کنکور 1402,konkur_style,1402
دوازدهم,ریاضی,فیزیک,فیزیک دوازدهم,کنکورمحور,سبک کنکور 1403,,سخت,جسمی با سرعت ثابت روی خط راست حرکت می‌کند. برآیند نیروی وارد بر آن در حالت ایده‌آل چقدر است؟,صفر,ثابت و غیرصفر,متغیر,نامشخص,A,سرعت ثابت یعنی شتاب صفر و در نتیجه برآیند نیرو صفر است.,سؤال تألیفی هم‌سبک کنکور 1403,konkur_style,1403
دوازدهم,ریاضی,فیزیک,فیزیک دوازدهم,کنکورمحور,سبک کنکور 1404,,سخت,جسمی با سرعت ثابت روی خط راست حرکت می‌کند. برآیند نیروی وارد بر آن در حالت ایده‌آل چقدر است؟,صفر,ثابت و غیرصفر,متغیر,نامشخص,A,سرعت ثابت یعنی شتاب صفر و در نتیجه برآیند نیرو صفر است.,سؤال تألیفی هم‌سبک کنکور 1404,konkur_style,1404
دوازدهم,ریاضی,فیزیک,فیزیک دوازدهم,کنکورمحور,سبک کنکور 1405,,سخت,جسمی با سرعت ثابت روی خط راست حرکت می‌کند. برآیند نیروی وارد بر آن در حالت ایده‌آل چقدر است؟,صفر,ثابت و غیرصفر,متغیر,نامشخص,A,سرعت ثابت یعنی شتاب صفر و در نتیجه برآیند نیرو صفر است.,سؤال تألیفی هم‌سبک کنکور 1405,konkur_style,1405
دوازدهم,ریاضی,شیمی,شیمی دوازدهم,کنکورمحور,سبک کنکور 1400,,سخت,در یک واکنش اکسایش-کاهش، گونه‌ای که الکترون می‌گیرد چه نام دارد؟,عامل کاهنده,عامل اکسنده,محصول خنثی,کاتالیزگر,B,گونه‌ای که الکترون می‌گیرد کاهش می‌یابد و عامل اکسنده است.,سؤال تألیفی هم‌سبک کنکور 1400,konkur_style,1400
دوازدهم,ریاضی,شیمی,شیمی دوازدهم,کنکورمحور,سبک کنکور 1401,,سخت,در یک واکنش اکسایش-کاهش، گونه‌ای که الکترون می‌گیرد چه نام دارد؟,عامل کاهنده,عامل اکسنده,محصول خنثی,کاتالیزگر,B,گونه‌ای که الکترون می‌گیرد کاهش می‌یابد و عامل اکسنده است.,سؤال تألیفی هم‌سبک کنکور 1401,konkur_style,1401
دوازدهم,ریاضی,شیمی,شیمی دوازدهم,کنکورمحور,سبک کنکور 1402,,سخت,در یک واکنش اکسایش-کاهش، گونه‌ای که الکترون می‌گیرد چه نام دارد؟,عامل کاهنده,عامل اکسنده,محصول خنثی,کاتالیزگر,B,گونه‌ای که الکترون می‌گیرد کاهش می‌یابد و عامل اکسنده است.,سؤال تألیفی هم‌سبک کنکور 1402,konkur_style,1402
دوازدهم,ریاضی,شیمی,شیمی دوازدهم,کنکورمحور,سبک کنکور 1403,,سخت,در یک واکنش اکسایش-کاهش، گونه‌ای که الکترون می‌گیرد چه نام دارد؟,عامل کاهنده,عامل اکسنده,محصول خنثی,کاتالیزگر,B,گونه‌ای که الکترون می‌گیرد کاهش می‌یابد و عامل اکسنده است.,سؤال تألیفی هم‌سبک کنکور 1403,konkur_style,1403
دوازدهم,ریاضی,شیمی,شیمی دوازدهم,کنکورمحور,سبک کنکور 1404,,سخت,در یک واکنش اکسایش-کاهش، گونه‌ای که الکترون می‌گیرد چه نام دارد؟,عامل کاهنده,عامل اکسنده,محصول خنثی,کاتالیزگر,B,گونه‌ای که الکترون می‌گیرد کاهش می‌یابد و عامل اکسنده است.,سؤال تألیفی هم‌سبک کنکور 1404,konkur_style,1404
دوازدهم,ریاضی,شیمی,شیمی دوازدهم,کنکورمحور,سبک کنکور 1405,,سخت,در یک واکنش اکسایش-کاهش، گونه‌ای که الکترون می‌گیرد چه نام دارد؟,عامل کاهنده,عامل اکسنده,محصول خنثی,کاتالیزگر,B,گونه‌ای که الکترون می‌گیرد کاهش می‌یابد و عامل اکسنده است.,سؤال تألیفی هم‌سبک کنکور 1405,konkur_style,1405
دوازدهم,انسانی,ریاضی و آمار,ریاضی و آمار دوازدهم,کنکورمحور,سبک کنکور 1400,,سخت,اگر میانگین سه عدد 12 باشد، مجموع آن سه عدد چند است؟,12,24,36,48,C,مجموع=میانگین×تعداد=12×3=36.,سؤال تألیفی هم‌سبک کنکور 1400,konkur_style,1400
دوازدهم,انسانی,ریاضی و آمار,ریاضی و آمار دوازدهم,کنکورمحور,سبک کنکور 1401,,سخت,اگر میانگین سه عدد 12 باشد، مجموع آن سه عدد چند است؟,12,24,36,48,C,مجموع=میانگین×تعداد=12×3=36.,سؤال تألیفی هم‌سبک کنکور 1401,konkur_style,1401
دوازدهم,انسانی,ریاضی و آمار,ریاضی و آمار دوازدهم,کنکورمحور,سبک کنکور 1402,,سخت,اگر میانگین سه عدد 12 باشد، مجموع آن سه عدد چند است؟,12,24,36,48,C,مجموع=میانگین×تعداد=12×3=36.,سؤال تألیفی هم‌سبک کنکور 1402,konkur_style,1402
دوازدهم,انسانی,ریاضی و آمار,ریاضی و آمار دوازدهم,کنکورمحور,سبک کنکور 1403,,سخت,اگر میانگین سه عدد 12 باشد، مجموع آن سه عدد چند است؟,12,24,36,48,C,مجموع=میانگین×تعداد=12×3=36.,سؤال تألیفی هم‌سبک کنکور 1403,konkur_style,1403
دوازدهم,انسانی,ریاضی و آمار,ریاضی و آمار دوازدهم,کنکورمحور,سبک کنکور 1404,,سخت,اگر میانگین سه عدد 12 باشد، مجموع آن سه عدد چند است؟,12,24,36,48,C,مجموع=میانگین×تعداد=12×3=36.,سؤال تألیفی هم‌سبک کنکور 1404,konkur_style,1404
دوازدهم,انسانی,ریاضی و آمار,ریاضی و آمار دوازدهم,کنکورمحور,سبک کنکور 1405,,سخت,اگر میانگین سه عدد 12 باشد، مجموع آن سه عدد چند است؟,12,24,36,48,C,مجموع=میانگین×تعداد=12×3=36.,سؤال تألیفی هم‌سبک کنکور 1405,konkur_style,1405
دوازدهم,انسانی,اقتصاد,اقتصاد دوازدهم,کنکورمحور,سبک کنکور 1400,,سخت,اگر قیمت یک کالا افزایش یابد و سایر شرایط ثابت باشد، در مدل ساده تقاضا چه تغییری می‌کند؟,افزایش,کاهش,همیشه ثابت,دو برابر,B,طبق قانون تقاضا، با افزایش قیمت مقدار تقاضا معمولاً کاهش می‌یابد.,سؤال تألیفی هم‌سبک کنکور 1400,konkur_style,1400
دوازدهم,انسانی,اقتصاد,اقتصاد دوازدهم,کنکورمحور,سبک کنکور 1401,,سخت,اگر قیمت یک کالا افزایش یابد و سایر شرایط ثابت باشد، در مدل ساده تقاضا چه تغییری می‌کند؟,افزایش,کاهش,همیشه ثابت,دو برابر,B,طبق قانون تقاضا، با افزایش قیمت مقدار تقاضا معمولاً کاهش می‌یابد.,سؤال تألیفی هم‌سبک کنکور 1401,konkur_style,1401
دوازدهم,انسانی,اقتصاد,اقتصاد دوازدهم,کنکورمحور,سبک کنکور 1402,,سخت,اگر قیمت یک کالا افزایش یابد و سایر شرایط ثابت باشد، در مدل ساده تقاضا چه تغییری می‌کند؟,افزایش,کاهش,همیشه ثابت,دو برابر,B,طبق قانون تقاضا، با افزایش قیمت مقدار تقاضا معمولاً کاهش می‌یابد.,سؤال تألیفی هم‌سبک کنکور 1402,konkur_style,1402
دوازدهم,انسانی,اقتصاد,اقتصاد دوازدهم,کنکورمحور,سبک کنکور 1403,,سخت,اگر قیمت یک کالا افزایش یابد و سایر شرایط ثابت باشد، در مدل ساده تقاضا چه تغییری می‌کند؟,افزایش,کاهش,همیشه ثابت,دو برابر,B,طبق قانون تقاضا، با افزایش قیمت مقدار تقاضا معمولاً کاهش می‌یابد.,سؤال تألیفی هم‌سبک کنکور 1403,konkur_style,1403
دوازدهم,انسانی,اقتصاد,اقتصاد دوازدهم,کنکورمحور,سبک کنکور 1404,,سخت,اگر قیمت یک کالا افزایش یابد و سایر شرایط ثابت باشد، در مدل ساده تقاضا چه تغییری می‌کند؟,افزایش,کاهش,همیشه ثابت,دو برابر,B,طبق قانون تقاضا، با افزایش قیمت مقدار تقاضا معمولاً کاهش می‌یابد.,سؤال تألیفی هم‌سبک کنکور 1404,konkur_style,1404
دوازدهم,انسانی,اقتصاد,اقتصاد دوازدهم,کنکورمحور,سبک کنکور 1405,,سخت,اگر قیمت یک کالا افزایش یابد و سایر شرایط ثابت باشد، در مدل ساده تقاضا چه تغییری می‌کند؟,افزایش,کاهش,همیشه ثابت,دو برابر,B,طبق قانون تقاضا، با افزایش قیمت مقدار تقاضا معمولاً کاهش می‌یابد.,سؤال تألیفی هم‌سبک کنکور 1405,konkur_style,1405
دوازدهم,انسانی,جامعه‌شناسی,جامعه‌شناسی دوازدهم,کنکورمحور,سبک کنکور 1400,,سخت,کدام مورد نمونه‌ای از هنجار اجتماعی است؟,قانون فیزیک,رعایت نوبت در صف,جرم اتمی,دمای جوش آب,B,هنجارها قواعد و انتظارات رفتاری جامعه‌اند.,سؤال تألیفی هم‌سبک کنکور 1400,konkur_style,1400
دوازدهم,انسانی,جامعه‌شناسی,جامعه‌شناسی دوازدهم,کنکورمحور,سبک کنکور 1401,,سخت,کدام مورد نمونه‌ای از هنجار اجتماعی است؟,قانون فیزیک,رعایت نوبت در صف,جرم اتمی,دمای جوش آب,B,هنجارها قواعد و انتظارات رفتاری جامعه‌اند.,سؤال تألیفی هم‌سبک کنکور 1401,konkur_style,1401
دوازدهم,انسانی,جامعه‌شناسی,جامعه‌شناسی دوازدهم,کنکورمحور,سبک کنکور 1402,,سخت,کدام مورد نمونه‌ای از هنجار اجتماعی است؟,قانون فیزیک,رعایت نوبت در صف,جرم اتمی,دمای جوش آب,B,هنجارها قواعد و انتظارات رفتاری جامعه‌اند.,سؤال تألیفی هم‌سبک کنکور 1402,konkur_style,1402
دوازدهم,انسانی,جامعه‌شناسی,جامعه‌شناسی دوازدهم,کنکورمحور,سبک کنکور 1403,,سخت,کدام مورد نمونه‌ای از هنجار اجتماعی است؟,قانون فیزیک,رعایت نوبت در صف,جرم اتمی,دمای جوش آب,B,هنجارها قواعد و انتظارات رفتاری جامعه‌اند.,سؤال تألیفی هم‌سبک کنکور 1403,konkur_style,1403
دوازدهم,انسانی,جامعه‌شناسی,جامعه‌شناسی دوازدهم,کنکورمحور,سبک کنکور 1404,,سخت,کدام مورد نمونه‌ای از هنجار اجتماعی است؟,قانون فیزیک,رعایت نوبت در صف,جرم اتمی,دمای جوش آب,B,هنجارها قواعد و انتظارات رفتاری جامعه‌اند.,سؤال تألیفی هم‌سبک کنکور 1404,konkur_style,1404
دوازدهم,انسانی,جامعه‌شناسی,جامعه‌شناسی دوازدهم,کنکورمحور,سبک کنکور 1405,,سخت,کدام مورد نمونه‌ای از هنجار اجتماعی است؟,قانون فیزیک,رعایت نوبت در صف,جرم اتمی,دمای جوش آب,B,هنجارها قواعد و انتظارات رفتاری جامعه‌اند.,سؤال تألیفی هم‌سبک کنکور 1405,konkur_style,1405
دهم,تجربی,سلامت و بهداشت,سلامت و بهداشت,بخش 1,سلامت جسم,,متوسط,کدام عامل در سلامت جسم نقش مستقیم دارد؟,فعالیت بدنی منظم,کم‌خوابی مداوم,کم‌تحرکی,مصرف بی‌رویه قند,A,فعالیت بدنی منظم از عوامل مهم سلامت جسم است.,ترنم همدلی,original,1405
دهم,تجربی,سلامت و بهداشت,سلامت و بهداشت,بخش 2,تغذیه,,متوسط,کدام گزینه منبع مناسب پروتئین است؟,تخم‌مرغ,نوشابه,شکر,نمک,A,تخم‌مرغ منبع پروتئین است.,ترنم همدلی,original,1405
دهم,تجربی,سلامت و بهداشت,سلامت و بهداشت,بخش 3,خواب,,متوسط,خواب کافی چه اثری دارد؟,بهبود توجه و یادگیری,کاهش تمرکز,افزایش خستگی,اختلال حافظه,A,خواب کافی به عملکرد شناختی کمک می‌کند.,ترنم همدلی,original,1405
دهم,تجربی,سلامت و بهداشت,سلامت و بهداشت,بخش 4,سلامت روان,,متوسط,کدام رفتار برای مدیریت استرس مناسب‌تر است؟,برنامه‌ریزی و فعالیت بدنی,حذف خواب,انزوا,مصرف خودسرانه دارو,A,برنامه‌ریزی و فعالیت بدنی از راهکارهای سالم مدیریت استرس‌اند.,ترنم همدلی,original,1405
دهم,تجربی,سلامت و بهداشت,سلامت و بهداشت,بخش 5,پیشگیری,,متوسط,کدام مورد از اصول پیشگیری است؟,رعایت بهداشت و واکسیناسیون مناسب,نادیده گرفتن علائم,خوددرمانی دائمی,حذف مراجعه پزشکی,A,پیشگیری شامل رفتارهای بهداشتی و واکسیناسیون مناسب است.,ترنم همدلی,original,1405
دهم,تجربی,سلامت و بهداشت,سلامت و بهداشت,بخش 6,مواد و دخانیات,,متوسط,مصرف دخانیات چه اثری می‌تواند داشته باشد؟,افزایش خطر بیماری‌ها,تقویت قطعی سلامت,افزایش ظرفیت ریه,کاهش همه خطرها,A,دخانیات خطر بیماری‌های مختلف را افزایش می‌دهد.,ترنم همدلی,original,1405
دهم,تجربی,هویت اجتماعی,هویت اجتماعی,بخش 1,هویت,,متوسط,هویت اجتماعی به چه چیزی مربوط است؟,تعلق‌ها و نقش‌های اجتماعی,فقط ویژگی جسمی,فقط نمره مدرسه,فقط درآمد,A,هویت اجتماعی با تعلقات و نقش‌های فرد مرتبط است.,ترنم همدلی,original,1405
دهم,تجربی,هویت اجتماعی,هویت اجتماعی,بخش 2,ارزش‌ها,,متوسط,ارزش اجتماعی چیست؟,باور درباره مطلوب و مهم بودن امور,یک قانون فیزیک,واحد اندازه‌گیری,نوع غذا,A,ارزش‌ها درباره مطلوبیت و اهمیت امور داوری ایجاد می‌کنند.,ترنم همدلی,original,1405
دهم,تجربی,هویت اجتماعی,هویت اجتماعی,بخش 3,نقش اجتماعی,,متوسط,نقش اجتماعی چیست؟,انتظارات رفتاری مرتبط با یک جایگاه,قد فرد,نام خانوادگی,محل تولد,A,نقش مجموعه انتظارات رفتاری از یک جایگاه است.,ترنم همدلی,original,1405
دهم,تجربی,هویت اجتماعی,هویت اجتماعی,بخش 4,عضویت گروهی,,متوسط,عضویت در گروه چه اثری می‌تواند داشته باشد؟,شکل‌گیری احساس تعلق,حذف کامل هویت فردی,بی‌اثر بودن همیشگی,قطع ارتباط,A,گروه‌ها می‌توانند احساس تعلق و هویت اجتماعی را شکل دهند.,ترنم همدلی,original,1405
دهم,تجربی,هویت اجتماعی,هویت اجتماعی,بخش 5,مسئولیت اجتماعی,,متوسط,نمونه مسئولیت اجتماعی کدام است؟,رعایت حقوق دیگران,تخریب اموال عمومی,بی‌توجهی به قانون,انتشار شایعه,A,مسئولیت اجتماعی با رعایت حقوق و منافع عمومی مرتبط است.,ترنم همدلی,original,1405
دهم,تجربی,هویت اجتماعی,هویت اجتماعی,بخش 6,رسانه,,متوسط,رسانه‌ها چگونه می‌توانند بر هویت اثر بگذارند؟,با انتقال الگوها و ارزش‌ها,فقط با تغییر دما,بدون هیچ اثر ممکن,فقط با کاهش جمعیت,A,رسانه‌ها در انتقال الگوها، ارزش‌ها و سبک زندگی نقش دارند.,ترنم همدلی,original,1405
دهم,ریاضی,سلامت و بهداشت,سلامت و بهداشت,بخش 1,سلامت جسم,,متوسط,کدام عامل در سلامت جسم نقش مستقیم دارد؟,فعالیت بدنی منظم,کم‌خوابی مداوم,کم‌تحرکی,مصرف بی‌رویه قند,A,فعالیت بدنی منظم از عوامل مهم سلامت جسم است.,ترنم همدلی,original,1405
دهم,ریاضی,سلامت و بهداشت,سلامت و بهداشت,بخش 2,تغذیه,,متوسط,کدام گزینه منبع مناسب پروتئین است؟,تخم‌مرغ,نوشابه,شکر,نمک,A,تخم‌مرغ منبع پروتئین است.,ترنم همدلی,original,1405
دهم,ریاضی,سلامت و بهداشت,سلامت و بهداشت,بخش 3,خواب,,متوسط,خواب کافی چه اثری دارد؟,بهبود توجه و یادگیری,کاهش تمرکز,افزایش خستگی,اختلال حافظه,A,خواب کافی به عملکرد شناختی کمک می‌کند.,ترنم همدلی,original,1405
دهم,ریاضی,سلامت و بهداشت,سلامت و بهداشت,بخش 4,سلامت روان,,متوسط,کدام رفتار برای مدیریت استرس مناسب‌تر است؟,برنامه‌ریزی و فعالیت بدنی,حذف خواب,انزوا,مصرف خودسرانه دارو,A,برنامه‌ریزی و فعالیت بدنی از راهکارهای سالم مدیریت استرس‌اند.,ترنم همدلی,original,1405
دهم,ریاضی,سلامت و بهداشت,سلامت و بهداشت,بخش 5,پیشگیری,,متوسط,کدام مورد از اصول پیشگیری است؟,رعایت بهداشت و واکسیناسیون مناسب,نادیده گرفتن علائم,خوددرمانی دائمی,حذف مراجعه پزشکی,A,پیشگیری شامل رفتارهای بهداشتی و واکسیناسیون مناسب است.,ترنم همدلی,original,1405
دهم,ریاضی,سلامت و بهداشت,سلامت و بهداشت,بخش 6,مواد و دخانیات,,متوسط,مصرف دخانیات چه اثری می‌تواند داشته باشد؟,افزایش خطر بیماری‌ها,تقویت قطعی سلامت,افزایش ظرفیت ریه,کاهش همه خطرها,A,دخانیات خطر بیماری‌های مختلف را افزایش می‌دهد.,ترنم همدلی,original,1405
دهم,ریاضی,هویت اجتماعی,هویت اجتماعی,بخش 1,هویت,,متوسط,هویت اجتماعی به چه چیزی مربوط است؟,تعلق‌ها و نقش‌های اجتماعی,فقط ویژگی جسمی,فقط نمره مدرسه,فقط درآمد,A,هویت اجتماعی با تعلقات و نقش‌های فرد مرتبط است.,ترنم همدلی,original,1405
دهم,ریاضی,هویت اجتماعی,هویت اجتماعی,بخش 2,ارزش‌ها,,متوسط,ارزش اجتماعی چیست؟,باور درباره مطلوب و مهم بودن امور,یک قانون فیزیک,واحد اندازه‌گیری,نوع غذا,A,ارزش‌ها درباره مطلوبیت و اهمیت امور داوری ایجاد می‌کنند.,ترنم همدلی,original,1405
دهم,ریاضی,هویت اجتماعی,هویت اجتماعی,بخش 3,نقش اجتماعی,,متوسط,نقش اجتماعی چیست؟,انتظارات رفتاری مرتبط با یک جایگاه,قد فرد,نام خانوادگی,محل تولد,A,نقش مجموعه انتظارات رفتاری از یک جایگاه است.,ترنم همدلی,original,1405
دهم,ریاضی,هویت اجتماعی,هویت اجتماعی,بخش 4,عضویت گروهی,,متوسط,عضویت در گروه چه اثری می‌تواند داشته باشد؟,شکل‌گیری احساس تعلق,حذف کامل هویت فردی,بی‌اثر بودن همیشگی,قطع ارتباط,A,گروه‌ها می‌توانند احساس تعلق و هویت اجتماعی را شکل دهند.,ترنم همدلی,original,1405
دهم,ریاضی,هویت اجتماعی,هویت اجتماعی,بخش 5,مسئولیت اجتماعی,,متوسط,نمونه مسئولیت اجتماعی کدام است؟,رعایت حقوق دیگران,تخریب اموال عمومی,بی‌توجهی به قانون,انتشار شایعه,A,مسئولیت اجتماعی با رعایت حقوق و منافع عمومی مرتبط است.,ترنم همدلی,original,1405
دهم,ریاضی,هویت اجتماعی,هویت اجتماعی,بخش 6,رسانه,,متوسط,رسانه‌ها چگونه می‌توانند بر هویت اثر بگذارند؟,با انتقال الگوها و ارزش‌ها,فقط با تغییر دما,بدون هیچ اثر ممکن,فقط با کاهش جمعیت,A,رسانه‌ها در انتقال الگوها، ارزش‌ها و سبک زندگی نقش دارند.,ترنم همدلی,original,1405
دهم,انسانی,سلامت و بهداشت,سلامت و بهداشت,بخش 1,سلامت جسم,,متوسط,کدام عامل در سلامت جسم نقش مستقیم دارد؟,فعالیت بدنی منظم,کم‌خوابی مداوم,کم‌تحرکی,مصرف بی‌رویه قند,A,فعالیت بدنی منظم از عوامل مهم سلامت جسم است.,ترنم همدلی,original,1405
دهم,انسانی,سلامت و بهداشت,سلامت و بهداشت,بخش 2,تغذیه,,متوسط,کدام گزینه منبع مناسب پروتئین است؟,تخم‌مرغ,نوشابه,شکر,نمک,A,تخم‌مرغ منبع پروتئین است.,ترنم همدلی,original,1405
دهم,انسانی,سلامت و بهداشت,سلامت و بهداشت,بخش 3,خواب,,متوسط,خواب کافی چه اثری دارد؟,بهبود توجه و یادگیری,کاهش تمرکز,افزایش خستگی,اختلال حافظه,A,خواب کافی به عملکرد شناختی کمک می‌کند.,ترنم همدلی,original,1405
دهم,انسانی,سلامت و بهداشت,سلامت و بهداشت,بخش 4,سلامت روان,,متوسط,کدام رفتار برای مدیریت استرس مناسب‌تر است؟,برنامه‌ریزی و فعالیت بدنی,حذف خواب,انزوا,مصرف خودسرانه دارو,A,برنامه‌ریزی و فعالیت بدنی از راهکارهای سالم مدیریت استرس‌اند.,ترنم همدلی,original,1405
دهم,انسانی,سلامت و بهداشت,سلامت و بهداشت,بخش 5,پیشگیری,,متوسط,کدام مورد از اصول پیشگیری است؟,رعایت بهداشت و واکسیناسیون مناسب,نادیده گرفتن علائم,خوددرمانی دائمی,حذف مراجعه پزشکی,A,پیشگیری شامل رفتارهای بهداشتی و واکسیناسیون مناسب است.,ترنم همدلی,original,1405
دهم,انسانی,سلامت و بهداشت,سلامت و بهداشت,بخش 6,مواد و دخانیات,,متوسط,مصرف دخانیات چه اثری می‌تواند داشته باشد؟,افزایش خطر بیماری‌ها,تقویت قطعی سلامت,افزایش ظرفیت ریه,کاهش همه خطرها,A,دخانیات خطر بیماری‌های مختلف را افزایش می‌دهد.,ترنم همدلی,original,1405
دهم,انسانی,هویت اجتماعی,هویت اجتماعی,بخش 1,هویت,,متوسط,هویت اجتماعی به چه چیزی مربوط است؟,تعلق‌ها و نقش‌های اجتماعی,فقط ویژگی جسمی,فقط نمره مدرسه,فقط درآمد,A,هویت اجتماعی با تعلقات و نقش‌های فرد مرتبط است.,ترنم همدلی,original,1405
دهم,انسانی,هویت اجتماعی,هویت اجتماعی,بخش 2,ارزش‌ها,,متوسط,ارزش اجتماعی چیست؟,باور درباره مطلوب و مهم بودن امور,یک قانون فیزیک,واحد اندازه‌گیری,نوع غذا,A,ارزش‌ها درباره مطلوبیت و اهمیت امور داوری ایجاد می‌کنند.,ترنم همدلی,original,1405
دهم,انسانی,هویت اجتماعی,هویت اجتماعی,بخش 3,نقش اجتماعی,,متوسط,نقش اجتماعی چیست؟,انتظارات رفتاری مرتبط با یک جایگاه,قد فرد,نام خانوادگی,محل تولد,A,نقش مجموعه انتظارات رفتاری از یک جایگاه است.,ترنم همدلی,original,1405
دهم,انسانی,هویت اجتماعی,هویت اجتماعی,بخش 4,عضویت گروهی,,متوسط,عضویت در گروه چه اثری می‌تواند داشته باشد؟,شکل‌گیری احساس تعلق,حذف کامل هویت فردی,بی‌اثر بودن همیشگی,قطع ارتباط,A,گروه‌ها می‌توانند احساس تعلق و هویت اجتماعی را شکل دهند.,ترنم همدلی,original,1405
دهم,انسانی,هویت اجتماعی,هویت اجتماعی,بخش 5,مسئولیت اجتماعی,,متوسط,نمونه مسئولیت اجتماعی کدام است؟,رعایت حقوق دیگران,تخریب اموال عمومی,بی‌توجهی به قانون,انتشار شایعه,A,مسئولیت اجتماعی با رعایت حقوق و منافع عمومی مرتبط است.,ترنم همدلی,original,1405
دهم,انسانی,هویت اجتماعی,هویت اجتماعی,بخش 6,رسانه,,متوسط,رسانه‌ها چگونه می‌توانند بر هویت اثر بگذارند؟,با انتقال الگوها و ارزش‌ها,فقط با تغییر دما,بدون هیچ اثر ممکن,فقط با کاهش جمعیت,A,رسانه‌ها در انتقال الگوها، ارزش‌ها و سبک زندگی نقش دارند.,ترنم همدلی,original,1405
یازدهم,تجربی,سلامت و بهداشت,سلامت و بهداشت,بخش 1,سلامت جسم,,متوسط,کدام عامل در سلامت جسم نقش مستقیم دارد؟,فعالیت بدنی منظم,کم‌خوابی مداوم,کم‌تحرکی,مصرف بی‌رویه قند,A,فعالیت بدنی منظم از عوامل مهم سلامت جسم است.,ترنم همدلی,original,1405
یازدهم,تجربی,سلامت و بهداشت,سلامت و بهداشت,بخش 2,تغذیه,,متوسط,کدام گزینه منبع مناسب پروتئین است؟,تخم‌مرغ,نوشابه,شکر,نمک,A,تخم‌مرغ منبع پروتئین است.,ترنم همدلی,original,1405
یازدهم,تجربی,سلامت و بهداشت,سلامت و بهداشت,بخش 3,خواب,,متوسط,خواب کافی چه اثری دارد؟,بهبود توجه و یادگیری,کاهش تمرکز,افزایش خستگی,اختلال حافظه,A,خواب کافی به عملکرد شناختی کمک می‌کند.,ترنم همدلی,original,1405
یازدهم,تجربی,سلامت و بهداشت,سلامت و بهداشت,بخش 4,سلامت روان,,متوسط,کدام رفتار برای مدیریت استرس مناسب‌تر است؟,برنامه‌ریزی و فعالیت بدنی,حذف خواب,انزوا,مصرف خودسرانه دارو,A,برنامه‌ریزی و فعالیت بدنی از راهکارهای سالم مدیریت استرس‌اند.,ترنم همدلی,original,1405
یازدهم,تجربی,سلامت و بهداشت,سلامت و بهداشت,بخش 5,پیشگیری,,متوسط,کدام مورد از اصول پیشگیری است؟,رعایت بهداشت و واکسیناسیون مناسب,نادیده گرفتن علائم,خوددرمانی دائمی,حذف مراجعه پزشکی,A,پیشگیری شامل رفتارهای بهداشتی و واکسیناسیون مناسب است.,ترنم همدلی,original,1405
یازدهم,تجربی,سلامت و بهداشت,سلامت و بهداشت,بخش 6,مواد و دخانیات,,متوسط,مصرف دخانیات چه اثری می‌تواند داشته باشد؟,افزایش خطر بیماری‌ها,تقویت قطعی سلامت,افزایش ظرفیت ریه,کاهش همه خطرها,A,دخانیات خطر بیماری‌های مختلف را افزایش می‌دهد.,ترنم همدلی,original,1405
یازدهم,تجربی,هویت اجتماعی,هویت اجتماعی,بخش 1,هویت,,متوسط,هویت اجتماعی به چه چیزی مربوط است؟,تعلق‌ها و نقش‌های اجتماعی,فقط ویژگی جسمی,فقط نمره مدرسه,فقط درآمد,A,هویت اجتماعی با تعلقات و نقش‌های فرد مرتبط است.,ترنم همدلی,original,1405
یازدهم,تجربی,هویت اجتماعی,هویت اجتماعی,بخش 2,ارزش‌ها,,متوسط,ارزش اجتماعی چیست؟,باور درباره مطلوب و مهم بودن امور,یک قانون فیزیک,واحد اندازه‌گیری,نوع غذا,A,ارزش‌ها درباره مطلوبیت و اهمیت امور داوری ایجاد می‌کنند.,ترنم همدلی,original,1405
یازدهم,تجربی,هویت اجتماعی,هویت اجتماعی,بخش 3,نقش اجتماعی,,متوسط,نقش اجتماعی چیست؟,انتظارات رفتاری مرتبط با یک جایگاه,قد فرد,نام خانوادگی,محل تولد,A,نقش مجموعه انتظارات رفتاری از یک جایگاه است.,ترنم همدلی,original,1405
یازدهم,تجربی,هویت اجتماعی,هویت اجتماعی,بخش 4,عضویت گروهی,,متوسط,عضویت در گروه چه اثری می‌تواند داشته باشد؟,شکل‌گیری احساس تعلق,حذف کامل هویت فردی,بی‌اثر بودن همیشگی,قطع ارتباط,A,گروه‌ها می‌توانند احساس تعلق و هویت اجتماعی را شکل دهند.,ترنم همدلی,original,1405
یازدهم,تجربی,هویت اجتماعی,هویت اجتماعی,بخش 5,مسئولیت اجتماعی,,متوسط,نمونه مسئولیت اجتماعی کدام است؟,رعایت حقوق دیگران,تخریب اموال عمومی,بی‌توجهی به قانون,انتشار شایعه,A,مسئولیت اجتماعی با رعایت حقوق و منافع عمومی مرتبط است.,ترنم همدلی,original,1405
یازدهم,تجربی,هویت اجتماعی,هویت اجتماعی,بخش 6,رسانه,,متوسط,رسانه‌ها چگونه می‌توانند بر هویت اثر بگذارند؟,با انتقال الگوها و ارزش‌ها,فقط با تغییر دما,بدون هیچ اثر ممکن,فقط با کاهش جمعیت,A,رسانه‌ها در انتقال الگوها، ارزش‌ها و سبک زندگی نقش دارند.,ترنم همدلی,original,1405
یازدهم,ریاضی,سلامت و بهداشت,سلامت و بهداشت,بخش 1,سلامت جسم,,متوسط,کدام عامل در سلامت جسم نقش مستقیم دارد؟,فعالیت بدنی منظم,کم‌خوابی مداوم,کم‌تحرکی,مصرف بی‌رویه قند,A,فعالیت بدنی منظم از عوامل مهم سلامت جسم است.,ترنم همدلی,original,1405
یازدهم,ریاضی,سلامت و بهداشت,سلامت و بهداشت,بخش 2,تغذیه,,متوسط,کدام گزینه منبع مناسب پروتئین است؟,تخم‌مرغ,نوشابه,شکر,نمک,A,تخم‌مرغ منبع پروتئین است.,ترنم همدلی,original,1405
یازدهم,ریاضی,سلامت و بهداشت,سلامت و بهداشت,بخش 3,خواب,,متوسط,خواب کافی چه اثری دارد؟,بهبود توجه و یادگیری,کاهش تمرکز,افزایش خستگی,اختلال حافظه,A,خواب کافی به عملکرد شناختی کمک می‌کند.,ترنم همدلی,original,1405
یازدهم,ریاضی,سلامت و بهداشت,سلامت و بهداشت,بخش 4,سلامت روان,,متوسط,کدام رفتار برای مدیریت استرس مناسب‌تر است؟,برنامه‌ریزی و فعالیت بدنی,حذف خواب,انزوا,مصرف خودسرانه دارو,A,برنامه‌ریزی و فعالیت بدنی از راهکارهای سالم مدیریت استرس‌اند.,ترنم همدلی,original,1405
یازدهم,ریاضی,سلامت و بهداشت,سلامت و بهداشت,بخش 5,پیشگیری,,متوسط,کدام مورد از اصول پیشگیری است؟,رعایت بهداشت و واکسیناسیون مناسب,نادیده گرفتن علائم,خوددرمانی دائمی,حذف مراجعه پزشکی,A,پیشگیری شامل رفتارهای بهداشتی و واکسیناسیون مناسب است.,ترنم همدلی,original,1405
یازدهم,ریاضی,سلامت و بهداشت,سلامت و بهداشت,بخش 6,مواد و دخانیات,,متوسط,مصرف دخانیات چه اثری می‌تواند داشته باشد؟,افزایش خطر بیماری‌ها,تقویت قطعی سلامت,افزایش ظرفیت ریه,کاهش همه خطرها,A,دخانیات خطر بیماری‌های مختلف را افزایش می‌دهد.,ترنم همدلی,original,1405
یازدهم,ریاضی,هویت اجتماعی,هویت اجتماعی,بخش 1,هویت,,متوسط,هویت اجتماعی به چه چیزی مربوط است؟,تعلق‌ها و نقش‌های اجتماعی,فقط ویژگی جسمی,فقط نمره مدرسه,فقط درآمد,A,هویت اجتماعی با تعلقات و نقش‌های فرد مرتبط است.,ترنم همدلی,original,1405
یازدهم,ریاضی,هویت اجتماعی,هویت اجتماعی,بخش 2,ارزش‌ها,,متوسط,ارزش اجتماعی چیست؟,باور درباره مطلوب و مهم بودن امور,یک قانون فیزیک,واحد اندازه‌گیری,نوع غذا,A,ارزش‌ها درباره مطلوبیت و اهمیت امور داوری ایجاد می‌کنند.,ترنم همدلی,original,1405
یازدهم,ریاضی,هویت اجتماعی,هویت اجتماعی,بخش 3,نقش اجتماعی,,متوسط,نقش اجتماعی چیست؟,انتظارات رفتاری مرتبط با یک جایگاه,قد فرد,نام خانوادگی,محل تولد,A,نقش مجموعه انتظارات رفتاری از یک جایگاه است.,ترنم همدلی,original,1405
یازدهم,ریاضی,هویت اجتماعی,هویت اجتماعی,بخش 4,عضویت گروهی,,متوسط,عضویت در گروه چه اثری می‌تواند داشته باشد؟,شکل‌گیری احساس تعلق,حذف کامل هویت فردی,بی‌اثر بودن همیشگی,قطع ارتباط,A,گروه‌ها می‌توانند احساس تعلق و هویت اجتماعی را شکل دهند.,ترنم همدلی,original,1405
یازدهم,ریاضی,هویت اجتماعی,هویت اجتماعی,بخش 5,مسئولیت اجتماعی,,متوسط,نمونه مسئولیت اجتماعی کدام است؟,رعایت حقوق دیگران,تخریب اموال عمومی,بی‌توجهی به قانون,انتشار شایعه,A,مسئولیت اجتماعی با رعایت حقوق و منافع عمومی مرتبط است.,ترنم همدلی,original,1405
یازدهم,ریاضی,هویت اجتماعی,هویت اجتماعی,بخش 6,رسانه,,متوسط,رسانه‌ها چگونه می‌توانند بر هویت اثر بگذارند؟,با انتقال الگوها و ارزش‌ها,فقط با تغییر دما,بدون هیچ اثر ممکن,فقط با کاهش جمعیت,A,رسانه‌ها در انتقال الگوها، ارزش‌ها و سبک زندگی نقش دارند.,ترنم همدلی,original,1405
یازدهم,انسانی,سلامت و بهداشت,سلامت و بهداشت,بخش 1,سلامت جسم,,متوسط,کدام عامل در سلامت جسم نقش مستقیم دارد؟,فعالیت بدنی منظم,کم‌خوابی مداوم,کم‌تحرکی,مصرف بی‌رویه قند,A,فعالیت بدنی منظم از عوامل مهم سلامت جسم است.,ترنم همدلی,original,1405
یازدهم,انسانی,سلامت و بهداشت,سلامت و بهداشت,بخش 2,تغذیه,,متوسط,کدام گزینه منبع مناسب پروتئین است؟,تخم‌مرغ,نوشابه,شکر,نمک,A,تخم‌مرغ منبع پروتئین است.,ترنم همدلی,original,1405
یازدهم,انسانی,سلامت و بهداشت,سلامت و بهداشت,بخش 3,خواب,,متوسط,خواب کافی چه اثری دارد؟,بهبود توجه و یادگیری,کاهش تمرکز,افزایش خستگی,اختلال حافظه,A,خواب کافی به عملکرد شناختی کمک می‌کند.,ترنم همدلی,original,1405
یازدهم,انسانی,سلامت و بهداشت,سلامت و بهداشت,بخش 4,سلامت روان,,متوسط,کدام رفتار برای مدیریت استرس مناسب‌تر است؟,برنامه‌ریزی و فعالیت بدنی,حذف خواب,انزوا,مصرف خودسرانه دارو,A,برنامه‌ریزی و فعالیت بدنی از راهکارهای سالم مدیریت استرس‌اند.,ترنم همدلی,original,1405
یازدهم,انسانی,سلامت و بهداشت,سلامت و بهداشت,بخش 5,پیشگیری,,متوسط,کدام مورد از اصول پیشگیری است؟,رعایت بهداشت و واکسیناسیون مناسب,نادیده گرفتن علائم,خوددرمانی دائمی,حذف مراجعه پزشکی,A,پیشگیری شامل رفتارهای بهداشتی و واکسیناسیون مناسب است.,ترنم همدلی,original,1405
یازدهم,انسانی,سلامت و بهداشت,سلامت و بهداشت,بخش 6,مواد و دخانیات,,متوسط,مصرف دخانیات چه اثری می‌تواند داشته باشد؟,افزایش خطر بیماری‌ها,تقویت قطعی سلامت,افزایش ظرفیت ریه,کاهش همه خطرها,A,دخانیات خطر بیماری‌های مختلف را افزایش می‌دهد.,ترنم همدلی,original,1405
یازدهم,انسانی,هویت اجتماعی,هویت اجتماعی,بخش 1,هویت,,متوسط,هویت اجتماعی به چه چیزی مربوط است؟,تعلق‌ها و نقش‌های اجتماعی,فقط ویژگی جسمی,فقط نمره مدرسه,فقط درآمد,A,هویت اجتماعی با تعلقات و نقش‌های فرد مرتبط است.,ترنم همدلی,original,1405
یازدهم,انسانی,هویت اجتماعی,هویت اجتماعی,بخش 2,ارزش‌ها,,متوسط,ارزش اجتماعی چیست؟,باور درباره مطلوب و مهم بودن امور,یک قانون فیزیک,واحد اندازه‌گیری,نوع غذا,A,ارزش‌ها درباره مطلوبیت و اهمیت امور داوری ایجاد می‌کنند.,ترنم همدلی,original,1405
یازدهم,انسانی,هویت اجتماعی,هویت اجتماعی,بخش 3,نقش اجتماعی,,متوسط,نقش اجتماعی چیست؟,انتظارات رفتاری مرتبط با یک جایگاه,قد فرد,نام خانوادگی,محل تولد,A,نقش مجموعه انتظارات رفتاری از یک جایگاه است.,ترنم همدلی,original,1405
یازدهم,انسانی,هویت اجتماعی,هویت اجتماعی,بخش 4,عضویت گروهی,,متوسط,عضویت در گروه چه اثری می‌تواند داشته باشد؟,شکل‌گیری احساس تعلق,حذف کامل هویت فردی,بی‌اثر بودن همیشگی,قطع ارتباط,A,گروه‌ها می‌توانند احساس تعلق و هویت اجتماعی را شکل دهند.,ترنم همدلی,original,1405
یازدهم,انسانی,هویت اجتماعی,هویت اجتماعی,بخش 5,مسئولیت اجتماعی,,متوسط,نمونه مسئولیت اجتماعی کدام است؟,رعایت حقوق دیگران,تخریب اموال عمومی,بی‌توجهی به قانون,انتشار شایعه,A,مسئولیت اجتماعی با رعایت حقوق و منافع عمومی مرتبط است.,ترنم همدلی,original,1405
یازدهم,انسانی,هویت اجتماعی,هویت اجتماعی,بخش 6,رسانه,,متوسط,رسانه‌ها چگونه می‌توانند بر هویت اثر بگذارند؟,با انتقال الگوها و ارزش‌ها,فقط با تغییر دما,بدون هیچ اثر ممکن,فقط با کاهش جمعیت,A,رسانه‌ها در انتقال الگوها، ارزش‌ها و سبک زندگی نقش دارند.,ترنم همدلی,original,1405
دوازدهم,تجربی,سلامت و بهداشت,سلامت و بهداشت,بخش 1,سلامت جسم,,متوسط,کدام عامل در سلامت جسم نقش مستقیم دارد؟,فعالیت بدنی منظم,کم‌خوابی مداوم,کم‌تحرکی,مصرف بی‌رویه قند,A,فعالیت بدنی منظم از عوامل مهم سلامت جسم است.,ترنم همدلی,original,1405
دوازدهم,تجربی,سلامت و بهداشت,سلامت و بهداشت,بخش 2,تغذیه,,متوسط,کدام گزینه منبع مناسب پروتئین است؟,تخم‌مرغ,نوشابه,شکر,نمک,A,تخم‌مرغ منبع پروتئین است.,ترنم همدلی,original,1405
دوازدهم,تجربی,سلامت و بهداشت,سلامت و بهداشت,بخش 3,خواب,,متوسط,خواب کافی چه اثری دارد؟,بهبود توجه و یادگیری,کاهش تمرکز,افزایش خستگی,اختلال حافظه,A,خواب کافی به عملکرد شناختی کمک می‌کند.,ترنم همدلی,original,1405
دوازدهم,تجربی,سلامت و بهداشت,سلامت و بهداشت,بخش 4,سلامت روان,,متوسط,کدام رفتار برای مدیریت استرس مناسب‌تر است؟,برنامه‌ریزی و فعالیت بدنی,حذف خواب,انزوا,مصرف خودسرانه دارو,A,برنامه‌ریزی و فعالیت بدنی از راهکارهای سالم مدیریت استرس‌اند.,ترنم همدلی,original,1405
دوازدهم,تجربی,سلامت و بهداشت,سلامت و بهداشت,بخش 5,پیشگیری,,متوسط,کدام مورد از اصول پیشگیری است؟,رعایت بهداشت و واکسیناسیون مناسب,نادیده گرفتن علائم,خوددرمانی دائمی,حذف مراجعه پزشکی,A,پیشگیری شامل رفتارهای بهداشتی و واکسیناسیون مناسب است.,ترنم همدلی,original,1405
دوازدهم,تجربی,سلامت و بهداشت,سلامت و بهداشت,بخش 6,مواد و دخانیات,,متوسط,مصرف دخانیات چه اثری می‌تواند داشته باشد؟,افزایش خطر بیماری‌ها,تقویت قطعی سلامت,افزایش ظرفیت ریه,کاهش همه خطرها,A,دخانیات خطر بیماری‌های مختلف را افزایش می‌دهد.,ترنم همدلی,original,1405
دوازدهم,تجربی,هویت اجتماعی,هویت اجتماعی,بخش 1,هویت,,متوسط,هویت اجتماعی به چه چیزی مربوط است؟,تعلق‌ها و نقش‌های اجتماعی,فقط ویژگی جسمی,فقط نمره مدرسه,فقط درآمد,A,هویت اجتماعی با تعلقات و نقش‌های فرد مرتبط است.,ترنم همدلی,original,1405
دوازدهم,تجربی,هویت اجتماعی,هویت اجتماعی,بخش 2,ارزش‌ها,,متوسط,ارزش اجتماعی چیست؟,باور درباره مطلوب و مهم بودن امور,یک قانون فیزیک,واحد اندازه‌گیری,نوع غذا,A,ارزش‌ها درباره مطلوبیت و اهمیت امور داوری ایجاد می‌کنند.,ترنم همدلی,original,1405
دوازدهم,تجربی,هویت اجتماعی,هویت اجتماعی,بخش 3,نقش اجتماعی,,متوسط,نقش اجتماعی چیست؟,انتظارات رفتاری مرتبط با یک جایگاه,قد فرد,نام خانوادگی,محل تولد,A,نقش مجموعه انتظارات رفتاری از یک جایگاه است.,ترنم همدلی,original,1405
دوازدهم,تجربی,هویت اجتماعی,هویت اجتماعی,بخش 4,عضویت گروهی,,متوسط,عضویت در گروه چه اثری می‌تواند داشته باشد؟,شکل‌گیری احساس تعلق,حذف کامل هویت فردی,بی‌اثر بودن همیشگی,قطع ارتباط,A,گروه‌ها می‌توانند احساس تعلق و هویت اجتماعی را شکل دهند.,ترنم همدلی,original,1405
دوازدهم,تجربی,هویت اجتماعی,هویت اجتماعی,بخش 5,مسئولیت اجتماعی,,متوسط,نمونه مسئولیت اجتماعی کدام است؟,رعایت حقوق دیگران,تخریب اموال عمومی,بی‌توجهی به قانون,انتشار شایعه,A,مسئولیت اجتماعی با رعایت حقوق و منافع عمومی مرتبط است.,ترنم همدلی,original,1405
دوازدهم,تجربی,هویت اجتماعی,هویت اجتماعی,بخش 6,رسانه,,متوسط,رسانه‌ها چگونه می‌توانند بر هویت اثر بگذارند؟,با انتقال الگوها و ارزش‌ها,فقط با تغییر دما,بدون هیچ اثر ممکن,فقط با کاهش جمعیت,A,رسانه‌ها در انتقال الگوها، ارزش‌ها و سبک زندگی نقش دارند.,ترنم همدلی,original,1405
دوازدهم,ریاضی,سلامت و بهداشت,سلامت و بهداشت,بخش 1,سلامت جسم,,متوسط,کدام عامل در سلامت جسم نقش مستقیم دارد؟,فعالیت بدنی منظم,کم‌خوابی مداوم,کم‌تحرکی,مصرف بی‌رویه قند,A,فعالیت بدنی منظم از عوامل مهم سلامت جسم است.,ترنم همدلی,original,1405
دوازدهم,ریاضی,سلامت و بهداشت,سلامت و بهداشت,بخش 2,تغذیه,,متوسط,کدام گزینه منبع مناسب پروتئین است؟,تخم‌مرغ,نوشابه,شکر,نمک,A,تخم‌مرغ منبع پروتئین است.,ترنم همدلی,original,1405
دوازدهم,ریاضی,سلامت و بهداشت,سلامت و بهداشت,بخش 3,خواب,,متوسط,خواب کافی چه اثری دارد؟,بهبود توجه و یادگیری,کاهش تمرکز,افزایش خستگی,اختلال حافظه,A,خواب کافی به عملکرد شناختی کمک می‌کند.,ترنم همدلی,original,1405
دوازدهم,ریاضی,سلامت و بهداشت,سلامت و بهداشت,بخش 4,سلامت روان,,متوسط,کدام رفتار برای مدیریت استرس مناسب‌تر است؟,برنامه‌ریزی و فعالیت بدنی,حذف خواب,انزوا,مصرف خودسرانه دارو,A,برنامه‌ریزی و فعالیت بدنی از راهکارهای سالم مدیریت استرس‌اند.,ترنم همدلی,original,1405
دوازدهم,ریاضی,سلامت و بهداشت,سلامت و بهداشت,بخش 5,پیشگیری,,متوسط,کدام مورد از اصول پیشگیری است؟,رعایت بهداشت و واکسیناسیون مناسب,نادیده گرفتن علائم,خوددرمانی دائمی,حذف مراجعه پزشکی,A,پیشگیری شامل رفتارهای بهداشتی و واکسیناسیون مناسب است.,ترنم همدلی,original,1405
دوازدهم,ریاضی,سلامت و بهداشت,سلامت و بهداشت,بخش 6,مواد و دخانیات,,متوسط,مصرف دخانیات چه اثری می‌تواند داشته باشد؟,افزایش خطر بیماری‌ها,تقویت قطعی سلامت,افزایش ظرفیت ریه,کاهش همه خطرها,A,دخانیات خطر بیماری‌های مختلف را افزایش می‌دهد.,ترنم همدلی,original,1405
دوازدهم,ریاضی,هویت اجتماعی,هویت اجتماعی,بخش 1,هویت,,متوسط,هویت اجتماعی به چه چیزی مربوط است؟,تعلق‌ها و نقش‌های اجتماعی,فقط ویژگی جسمی,فقط نمره مدرسه,فقط درآمد,A,هویت اجتماعی با تعلقات و نقش‌های فرد مرتبط است.,ترنم همدلی,original,1405
دوازدهم,ریاضی,هویت اجتماعی,هویت اجتماعی,بخش 2,ارزش‌ها,,متوسط,ارزش اجتماعی چیست؟,باور درباره مطلوب و مهم بودن امور,یک قانون فیزیک,واحد اندازه‌گیری,نوع غذا,A,ارزش‌ها درباره مطلوبیت و اهمیت امور داوری ایجاد می‌کنند.,ترنم همدلی,original,1405
دوازدهم,ریاضی,هویت اجتماعی,هویت اجتماعی,بخش 3,نقش اجتماعی,,متوسط,نقش اجتماعی چیست؟,انتظارات رفتاری مرتبط با یک جایگاه,قد فرد,نام خانوادگی,محل تولد,A,نقش مجموعه انتظارات رفتاری از یک جایگاه است.,ترنم همدلی,original,1405
دوازدهم,ریاضی,هویت اجتماعی,هویت اجتماعی,بخش 4,عضویت گروهی,,متوسط,عضویت در گروه چه اثری می‌تواند داشته باشد؟,شکل‌گیری احساس تعلق,حذف کامل هویت فردی,بی‌اثر بودن همیشگی,قطع ارتباط,A,گروه‌ها می‌توانند احساس تعلق و هویت اجتماعی را شکل دهند.,ترنم همدلی,original,1405
دوازدهم,ریاضی,هویت اجتماعی,هویت اجتماعی,بخش 5,مسئولیت اجتماعی,,متوسط,نمونه مسئولیت اجتماعی کدام است؟,رعایت حقوق دیگران,تخریب اموال عمومی,بی‌توجهی به قانون,انتشار شایعه,A,مسئولیت اجتماعی با رعایت حقوق و منافع عمومی مرتبط است.,ترنم همدلی,original,1405
دوازدهم,ریاضی,هویت اجتماعی,هویت اجتماعی,بخش 6,رسانه,,متوسط,رسانه‌ها چگونه می‌توانند بر هویت اثر بگذارند؟,با انتقال الگوها و ارزش‌ها,فقط با تغییر دما,بدون هیچ اثر ممکن,فقط با کاهش جمعیت,A,رسانه‌ها در انتقال الگوها، ارزش‌ها و سبک زندگی نقش دارند.,ترنم همدلی,original,1405
دوازدهم,انسانی,سلامت و بهداشت,سلامت و بهداشت,بخش 1,سلامت جسم,,متوسط,کدام عامل در سلامت جسم نقش مستقیم دارد؟,فعالیت بدنی منظم,کم‌خوابی مداوم,کم‌تحرکی,مصرف بی‌رویه قند,A,فعالیت بدنی منظم از عوامل مهم سلامت جسم است.,ترنم همدلی,original,1405
دوازدهم,انسانی,سلامت و بهداشت,سلامت و بهداشت,بخش 2,تغذیه,,متوسط,کدام گزینه منبع مناسب پروتئین است؟,تخم‌مرغ,نوشابه,شکر,نمک,A,تخم‌مرغ منبع پروتئین است.,ترنم همدلی,original,1405
دوازدهم,انسانی,سلامت و بهداشت,سلامت و بهداشت,بخش 3,خواب,,متوسط,خواب کافی چه اثری دارد؟,بهبود توجه و یادگیری,کاهش تمرکز,افزایش خستگی,اختلال حافظه,A,خواب کافی به عملکرد شناختی کمک می‌کند.,ترنم همدلی,original,1405
دوازدهم,انسانی,سلامت و بهداشت,سلامت و بهداشت,بخش 4,سلامت روان,,متوسط,کدام رفتار برای مدیریت استرس مناسب‌تر است؟,برنامه‌ریزی و فعالیت بدنی,حذف خواب,انزوا,مصرف خودسرانه دارو,A,برنامه‌ریزی و فعالیت بدنی از راهکارهای سالم مدیریت استرس‌اند.,ترنم همدلی,original,1405
دوازدهم,انسانی,سلامت و بهداشت,سلامت و بهداشت,بخش 5,پیشگیری,,متوسط,کدام مورد از اصول پیشگیری است؟,رعایت بهداشت و واکسیناسیون مناسب,نادیده گرفتن علائم,خوددرمانی دائمی,حذف مراجعه پزشکی,A,پیشگیری شامل رفتارهای بهداشتی و واکسیناسیون مناسب است.,ترنم همدلی,original,1405
دوازدهم,انسانی,سلامت و بهداشت,سلامت و بهداشت,بخش 6,مواد و دخانیات,,متوسط,مصرف دخانیات چه اثری می‌تواند داشته باشد؟,افزایش خطر بیماری‌ها,تقویت قطعی سلامت,افزایش ظرفیت ریه,کاهش همه خطرها,A,دخانیات خطر بیماری‌های مختلف را افزایش می‌دهد.,ترنم همدلی,original,1405
دوازدهم,انسانی,هویت اجتماعی,هویت اجتماعی,بخش 1,هویت,,متوسط,هویت اجتماعی به چه چیزی مربوط است؟,تعلق‌ها و نقش‌های اجتماعی,فقط ویژگی جسمی,فقط نمره مدرسه,فقط درآمد,A,هویت اجتماعی با تعلقات و نقش‌های فرد مرتبط است.,ترنم همدلی,original,1405
دوازدهم,انسانی,هویت اجتماعی,هویت اجتماعی,بخش 2,ارزش‌ها,,متوسط,ارزش اجتماعی چیست؟,باور درباره مطلوب و مهم بودن امور,یک قانون فیزیک,واحد اندازه‌گیری,نوع غذا,A,ارزش‌ها درباره مطلوبیت و اهمیت امور داوری ایجاد می‌کنند.,ترنم همدلی,original,1405
دوازدهم,انسانی,هویت اجتماعی,هویت اجتماعی,بخش 3,نقش اجتماعی,,متوسط,نقش اجتماعی چیست؟,انتظارات رفتاری مرتبط با یک جایگاه,قد فرد,نام خانوادگی,محل تولد,A,نقش مجموعه انتظارات رفتاری از یک جایگاه است.,ترنم همدلی,original,1405
دوازدهم,انسانی,هویت اجتماعی,هویت اجتماعی,بخش 4,عضویت گروهی,,متوسط,عضویت در گروه چه اثری می‌تواند داشته باشد؟,شکل‌گیری احساس تعلق,حذف کامل هویت فردی,بی‌اثر بودن همیشگی,قطع ارتباط,A,گروه‌ها می‌توانند احساس تعلق و هویت اجتماعی را شکل دهند.,ترنم همدلی,original,1405
دوازدهم,انسانی,هویت اجتماعی,هویت اجتماعی,بخش 5,مسئولیت اجتماعی,,متوسط,نمونه مسئولیت اجتماعی کدام است؟,رعایت حقوق دیگران,تخریب اموال عمومی,بی‌توجهی به قانون,انتشار شایعه,A,مسئولیت اجتماعی با رعایت حقوق و منافع عمومی مرتبط است.,ترنم همدلی,original,1405
دوازدهم,انسانی,هویت اجتماعی,هویت اجتماعی,بخش 6,رسانه,,متوسط,رسانه‌ها چگونه می‌توانند بر هویت اثر بگذارند؟,با انتقال الگوها و ارزش‌ها,فقط با تغییر دما,بدون هیچ اثر ممکن,فقط با کاهش جمعیت,A,رسانه‌ها در انتقال الگوها، ارزش‌ها و سبک زندگی نقش دارند.,ترنم همدلی,original,1405
