grade,track,subject,book,chapter,topic,subtopic,difficulty,question,option_a,option_b,option_c,option_d,correct_option,explanation,source,source_type,source_year
"دهم","ریاضی","فیزیک","فیزیک","مفاهیم پایه","قانون دوم نیوتن","محاسبه","آسان","اگر جرم جسم 2 کیلوگرم و شتاب آن 1 متر بر مجذور ثانیه باشد، نیروی خالص وارد بر آن چند نیوتن است؟","2","4","1","4","A","طبق رابطه F=ma، حاصل 2×1 برابر 2 نیوتن است.","ترنم همدلی","original","1405"
"دهم","ریاضی","فیزیک","فیزیک","مفاهیم پایه","قانون دوم نیوتن","محاسبه","متوسط","اگر جرم جسم 3 کیلوگرم و شتاب آن 2 متر بر مجذور ثانیه باشد، نیروی خالص وارد بر آن چند نیوتن است؟","6","9","4","12","A","طبق رابطه F=ma، حاصل 3×2 برابر 6 نیوتن است.","ترنم همدلی","original","1405"
"دهم","ریاضی","فیزیک","فیزیک","مفاهیم پایه","قانون دوم نیوتن","محاسبه","متوسط","اگر جرم جسم 4 کیلوگرم و شتاب آن 3 متر بر مجذور ثانیه باشد، نیروی خالص وارد بر آن چند نیوتن است؟","12","16","9","24","A","طبق رابطه F=ma، حاصل 4×3 برابر 12 نیوتن است.","ترنم همدلی","original","1405"
"دهم","ریاضی","فیزیک","فیزیک","مفاهیم پایه","قانون دوم نیوتن","محاسبه","متوسط","اگر جرم جسم 5 کیلوگرم و شتاب آن 4 متر بر مجذور ثانیه باشد، نیروی خالص وارد بر آن چند نیوتن است؟","20","25","16","40","A","طبق رابطه F=ma، حاصل 5×4 برابر 20 نیوتن است.","ترنم همدلی","original","1405"
"دهم","ریاضی","فیزیک","فیزیک","مفاهیم پایه","قانون دوم نیوتن","محاسبه","آسان","اگر جرم جسم 6 کیلوگرم و شتاب آن 5 متر بر مجذور ثانیه باشد، نیروی خالص وارد بر آن چند نیوتن است؟","30","36","25","60","A","طبق رابطه F=ma، حاصل 6×5 برابر 30 نیوتن است.","ترنم همدلی","original","1405"
"دهم","ریاضی","فیزیک","فیزیک","مفاهیم پایه","قانون دوم نیوتن","محاسبه","متوسط","اگر جرم جسم 7 کیلوگرم و شتاب آن 6 متر بر مجذور ثانیه باشد، نیروی خالص وارد بر آن چند نیوتن است؟","42","49","36","84","A","طبق رابطه F=ma، حاصل 7×6 برابر 42 نیوتن است.","ترنم همدلی","original","1405"
"دهم","ریاضی","فیزیک","فیزیک","مفاهیم پایه","قانون دوم نیوتن","محاسبه","متوسط","اگر جرم جسم 8 کیلوگرم و شتاب آن 7 متر بر مجذور ثانیه باشد، نیروی خالص وارد بر آن چند نیوتن است؟","56","64","49","112","A","طبق رابطه F=ma، حاصل 8×7 برابر 56 نیوتن است.","ترنم همدلی","original","1405"
"دهم","ریاضی","فیزیک","فیزیک","مفاهیم پایه","قانون دوم نیوتن","محاسبه","متوسط","اگر جرم جسم 9 کیلوگرم و شتاب آن 8 متر بر مجذور ثانیه باشد، نیروی خالص وارد بر آن چند نیوتن است؟","72","81","64","144","A","طبق رابطه F=ma، حاصل 9×8 برابر 72 نیوتن است.","ترنم همدلی","original","1405"
"دهم","ریاضی","فیزیک","فیزیک","مفاهیم پایه","قانون دوم نیوتن","محاسبه","آسان","اگر جرم جسم 10 کیلوگرم و شتاب آن 1 متر بر مجذور ثانیه باشد، نیروی خالص وارد بر آن چند نیوتن است؟","10","20","9","20","A","طبق رابطه F=ma، حاصل 10×1 برابر 10 نیوتن است.","ترنم همدلی","original","1405"
"دهم","ریاضی","فیزیک","فیزیک","مفاهیم پایه","قانون دوم نیوتن","محاسبه","متوسط","اگر جرم جسم 2 کیلوگرم و شتاب آن 2 متر بر مجذور ثانیه باشد، نیروی خالص وارد بر آن چند نیوتن است؟","4","6","2","8","A","طبق رابطه F=ma، حاصل 2×2 برابر 4 نیوتن است.","ترنم همدلی","original","1405"
"دهم","ریاضی","فیزیک","فیزیک","مفاهیم پایه","قانون دوم نیوتن","محاسبه","متوسط","اگر جرم جسم 3 کیلوگرم و شتاب آن 3 متر بر مجذور ثانیه باشد، نیروی خالص وارد بر آن چند نیوتن است؟","9","12","6","18","A","طبق رابطه F=ma، حاصل 3×3 برابر 9 نیوتن است.","ترنم همدلی","original","1405"
"دهم","ریاضی","فیزیک","فیزیک","مفاهیم پایه","قانون دوم نیوتن","محاسبه","متوسط","اگر جرم جسم 4 کیلوگرم و شتاب آن 4 متر بر مجذور ثانیه باشد، نیروی خالص وارد بر آن چند نیوتن است؟","16","20","12","32","A","طبق رابطه F=ma، حاصل 4×4 برابر 16 نیوتن است.","ترنم همدلی","original","1405"
"دهم","ریاضی","فیزیک","فیزیک","مفاهیم پایه","قانون دوم نیوتن","محاسبه","آسان","اگر جرم جسم 5 کیلوگرم و شتاب آن 5 متر بر مجذور ثانیه باشد، نیروی خالص وارد بر آن چند نیوتن است؟","25","30","20","50","A","طبق رابطه F=ma، حاصل 5×5 برابر 25 نیوتن است.","ترنم همدلی","original","1405"
"دهم","ریاضی","فیزیک","فیزیک","مفاهیم پایه","قانون دوم نیوتن","محاسبه","متوسط","اگر جرم جسم 6 کیلوگرم و شتاب آن 6 متر بر مجذور ثانیه باشد، نیروی خالص وارد بر آن چند نیوتن است؟","36","42","30","72","A","طبق رابطه F=ma، حاصل 6×6 برابر 36 نیوتن است.","ترنم همدلی","original","1405"
"دهم","ریاضی","فیزیک","فیزیک","مفاهیم پایه","قانون دوم نیوتن","محاسبه","متوسط","اگر جرم جسم 7 کیلوگرم و شتاب آن 7 متر بر مجذور ثانیه باشد، نیروی خالص وارد بر آن چند نیوتن است؟","49","56","42","98","A","طبق رابطه F=ma، حاصل 7×7 برابر 49 نیوتن است.","ترنم همدلی","original","1405"
"دهم","ریاضی","فیزیک","فیزیک","مفاهیم پایه","قانون دوم نیوتن","محاسبه","متوسط","اگر جرم جسم 8 کیلوگرم و شتاب آن 8 متر بر مجذور ثانیه باشد، نیروی خالص وارد بر آن چند نیوتن است؟","64","72","56","128","A","طبق رابطه F=ma، حاصل 8×8 برابر 64 نیوتن است.","ترنم همدلی","original","1405"
"دهم","ریاضی","فیزیک","فیزیک","مفاهیم پایه","قانون دوم نیوتن","محاسبه","آسان","اگر جرم جسم 9 کیلوگرم و شتاب آن 1 متر بر مجذور ثانیه باشد، نیروی خالص وارد بر آن چند نیوتن است؟","9","18","8","18","A","طبق رابطه F=ma، حاصل 9×1 برابر 9 نیوتن است.","ترنم همدلی","original","1405"
"دهم","ریاضی","فیزیک","فیزیک","مفاهیم پایه","قانون دوم نیوتن","محاسبه","متوسط","اگر جرم جسم 10 کیلوگرم و شتاب آن 2 متر بر مجذور ثانیه باشد، نیروی خالص وارد بر آن چند نیوتن است؟","20","30","18","40","A","طبق رابطه F=ma، حاصل 10×2 برابر 20 نیوتن است.","ترنم همدلی","original","1405"
"دهم","ریاضی","فیزیک","فیزیک","مفاهیم پایه","قانون دوم نیوتن","محاسبه","متوسط","اگر جرم جسم 2 کیلوگرم و شتاب آن 3 متر بر مجذور ثانیه باشد، نیروی خالص وارد بر آن چند نیوتن است؟","6","8","3","12","A","طبق رابطه F=ma، حاصل 2×3 برابر 6 نیوتن است.","ترنم همدلی","original","1405"
"دهم","ریاضی","فیزیک","فیزیک","مفاهیم پایه","قانون دوم نیوتن","محاسبه","متوسط","اگر جرم جسم 3 کیلوگرم و شتاب آن 4 متر بر مجذور ثانیه باشد، نیروی خالص وارد بر آن چند نیوتن است؟","12","15","8","24","A","طبق رابطه F=ma، حاصل 3×4 برابر 12 نیوتن است.","ترنم همدلی","original","1405"
"دهم","ریاضی","فیزیک","فیزیک","مفاهیم پایه","قانون دوم نیوتن","محاسبه","آسان","اگر جرم جسم 4 کیلوگرم و شتاب آن 5 متر بر مجذور ثانیه باشد، نیروی خالص وارد بر آن چند نیوتن است؟","20","24","15","40","A","طبق رابطه F=ma، حاصل 4×5 برابر 20 نیوتن است.","ترنم همدلی","original","1405"
"دهم","ریاضی","فیزیک","فیزیک","مفاهیم پایه","قانون دوم نیوتن","محاسبه","متوسط","اگر جرم جسم 5 کیلوگرم و شتاب آن 6 متر بر مجذور ثانیه باشد، نیروی خالص وارد بر آن چند نیوتن است؟","30","35","24","60","A","طبق رابطه F=ma، حاصل 5×6 برابر 30 نیوتن است.","ترنم همدلی","original","1405"
"دهم","ریاضی","فیزیک","فیزیک","مفاهیم پایه","قانون دوم نیوتن","محاسبه","متوسط","اگر جرم جسم 6 کیلوگرم و شتاب آن 7 متر بر مجذور ثانیه باشد، نیروی خالص وارد بر آن چند نیوتن است؟","42","48","35","84","A","طبق رابطه F=ma، حاصل 6×7 برابر 42 نیوتن است.","ترنم همدلی","original","1405"
"دهم","ریاضی","فیزیک","فیزیک","مفاهیم پایه","قانون دوم نیوتن","محاسبه","متوسط","اگر جرم جسم 7 کیلوگرم و شتاب آن 8 متر بر مجذور ثانیه باشد، نیروی خالص وارد بر آن چند نیوتن است؟","56","63","48","112","A","طبق رابطه F=ma، حاصل 7×8 برابر 56 نیوتن است.","ترنم همدلی","original","1405"
"دهم","ریاضی","فیزیک","فیزیک","مفاهیم پایه","قانون دوم نیوتن","محاسبه","آسان","اگر جرم جسم 8 کیلوگرم و شتاب آن 1 متر بر مجذور ثانیه باشد، نیروی خالص وارد بر آن چند نیوتن است؟","8","16","7","16","A","طبق رابطه F=ma، حاصل 8×1 برابر 8 نیوتن است.","ترنم همدلی","original","1405"
"دهم","ریاضی","فیزیک","فیزیک","مفاهیم پایه","قانون دوم نیوتن","محاسبه","متوسط","اگر جرم جسم 9 کیلوگرم و شتاب آن 2 متر بر مجذور ثانیه باشد، نیروی خالص وارد بر آن چند نیوتن است؟","18","27","16","36","A","طبق رابطه F=ma، حاصل 9×2 برابر 18 نیوتن است.","ترنم همدلی","original","1405"
"دهم","ریاضی","فیزیک","فیزیک","مفاهیم پایه","قانون دوم نیوتن","محاسبه","متوسط","اگر جرم جسم 10 کیلوگرم و شتاب آن 3 متر بر مجذور ثانیه باشد، نیروی خالص وارد بر آن چند نیوتن است؟","30","40","27","60","A","طبق رابطه F=ma، حاصل 10×3 برابر 30 نیوتن است.","ترنم همدلی","original","1405"
"دهم","ریاضی","فیزیک","فیزیک","مفاهیم پایه","قانون دوم نیوتن","محاسبه","متوسط","اگر جرم جسم 2 کیلوگرم و شتاب آن 4 متر بر مجذور ثانیه باشد، نیروی خالص وارد بر آن چند نیوتن است؟","8","10","4","16","A","طبق رابطه F=ma، حاصل 2×4 برابر 8 نیوتن است.","ترنم همدلی","original","1405"
"دهم","ریاضی","فیزیک","فیزیک","مفاهیم پایه","قانون دوم نیوتن","محاسبه","آسان","اگر جرم جسم 3 کیلوگرم و شتاب آن 5 متر بر مجذور ثانیه باشد، نیروی خالص وارد بر آن چند نیوتن است؟","15","18","10","30","A","طبق رابطه F=ma، حاصل 3×5 برابر 15 نیوتن است.","ترنم همدلی","original","1405"
"دهم","ریاضی","فیزیک","فیزیک","مفاهیم پایه","قانون دوم نیوتن","محاسبه","متوسط","اگر جرم جسم 4 کیلوگرم و شتاب آن 6 متر بر مجذور ثانیه باشد، نیروی خالص وارد بر آن چند نیوتن است؟","24","28","18","48","A","طبق رابطه F=ma، حاصل 4×6 برابر 24 نیوتن است.","ترنم همدلی","original","1405"
"دهم","ریاضی","فیزیک","فیزیک","مفاهیم پایه","قانون دوم نیوتن","محاسبه","متوسط","اگر جرم جسم 5 کیلوگرم و شتاب آن 7 متر بر مجذور ثانیه باشد، نیروی خالص وارد بر آن چند نیوتن است؟","35","40","28","70","A","طبق رابطه F=ma، حاصل 5×7 برابر 35 نیوتن است.","ترنم همدلی","original","1405"
"دهم","ریاضی","فیزیک","فیزیک","مفاهیم پایه","قانون دوم نیوتن","محاسبه","متوسط","اگر جرم جسم 6 کیلوگرم و شتاب آن 8 متر بر مجذور ثانیه باشد، نیروی خالص وارد بر آن چند نیوتن است؟","48","54","40","96","A","طبق رابطه F=ma، حاصل 6×8 برابر 48 نیوتن است.","ترنم همدلی","original","1405"
"دهم","ریاضی","فیزیک","فیزیک","مفاهیم پایه","قانون دوم نیوتن","محاسبه","آسان","اگر جرم جسم 7 کیلوگرم و شتاب آن 1 متر بر مجذور ثانیه باشد، نیروی خالص وارد بر آن چند نیوتن است؟","7","14","6","14","A","طبق رابطه F=ma، حاصل 7×1 برابر 7 نیوتن است.","ترنم همدلی","original","1405"
"دهم","ریاضی","فیزیک","فیزیک","مفاهیم پایه","قانون دوم نیوتن","محاسبه","متوسط","اگر جرم جسم 8 کیلوگرم و شتاب آن 2 متر بر مجذور ثانیه باشد، نیروی خالص وارد بر آن چند نیوتن است؟","16","24","14","32","A","طبق رابطه F=ma، حاصل 8×2 برابر 16 نیوتن است.","ترنم همدلی","original","1405"
"دهم","ریاضی","فیزیک","فیزیک","مفاهیم پایه","قانون دوم نیوتن","محاسبه","متوسط","اگر جرم جسم 9 کیلوگرم و شتاب آن 3 متر بر مجذور ثانیه باشد، نیروی خالص وارد بر آن چند نیوتن است؟","27","36","24","54","A","طبق رابطه F=ma، حاصل 9×3 برابر 27 نیوتن است.","ترنم همدلی","original","1405"
"دهم","ریاضی","فیزیک","فیزیک","مفاهیم پایه","قانون دوم نیوتن","محاسبه","متوسط","اگر جرم جسم 10 کیلوگرم و شتاب آن 4 متر بر مجذور ثانیه باشد، نیروی خالص وارد بر آن چند نیوتن است؟","40","50","36","80","A","طبق رابطه F=ma، حاصل 10×4 برابر 40 نیوتن است.","ترنم همدلی","original","1405"
"دهم","ریاضی","فیزیک","فیزیک","مفاهیم پایه","قانون دوم نیوتن","محاسبه","آسان","اگر جرم جسم 2 کیلوگرم و شتاب آن 5 متر بر مجذور ثانیه باشد، نیروی خالص وارد بر آن چند نیوتن است؟","10","12","5","20","A","طبق رابطه F=ma، حاصل 2×5 برابر 10 نیوتن است.","ترنم همدلی","original","1405"
"دهم","ریاضی","فیزیک","فیزیک","مفاهیم پایه","قانون دوم نیوتن","محاسبه","متوسط","اگر جرم جسم 3 کیلوگرم و شتاب آن 6 متر بر مجذور ثانیه باشد، نیروی خالص وارد بر آن چند نیوتن است؟","18","21","12","36","A","طبق رابطه F=ma، حاصل 3×6 برابر 18 نیوتن است.","ترنم همدلی","original","1405"
"دهم","ریاضی","فیزیک","فیزیک","مفاهیم پایه","قانون دوم نیوتن","محاسبه","متوسط","اگر جرم جسم 4 کیلوگرم و شتاب آن 7 متر بر مجذور ثانیه باشد، نیروی خالص وارد بر آن چند نیوتن است؟","28","32","21","56","A","طبق رابطه F=ma، حاصل 4×7 برابر 28 نیوتن است.","ترنم همدلی","original","1405"
"دهم","ریاضی","فیزیک","فیزیک","مفاهیم پایه","قانون دوم نیوتن","محاسبه","متوسط","اگر جرم جسم 5 کیلوگرم و شتاب آن 8 متر بر مجذور ثانیه باشد، نیروی خالص وارد بر آن چند نیوتن است؟","40","45","32","80","A","طبق رابطه F=ma، حاصل 5×8 برابر 40 نیوتن است.","ترنم همدلی","original","1405"
"دهم","ریاضی","فیزیک","فیزیک","مفاهیم پایه","قانون دوم نیوتن","محاسبه","آسان","اگر جرم جسم 6 کیلوگرم و شتاب آن 1 متر بر مجذور ثانیه باشد، نیروی خالص وارد بر آن چند نیوتن است؟","6","12","5","12","A","طبق رابطه F=ma، حاصل 6×1 برابر 6 نیوتن است.","ترنم همدلی","original","1405"
"دهم","ریاضی","فیزیک","فیزیک","مفاهیم پایه","قانون دوم نیوتن","محاسبه","متوسط","اگر جرم جسم 7 کیلوگرم و شتاب آن 2 متر بر مجذور ثانیه باشد، نیروی خالص وارد بر آن چند نیوتن است؟","14","21","12","28","A","طبق رابطه F=ma، حاصل 7×2 برابر 14 نیوتن است.","ترنم همدلی","original","1405"
"دهم","ریاضی","فیزیک","فیزیک","مفاهیم پایه","قانون دوم نیوتن","محاسبه","متوسط","اگر جرم جسم 8 کیلوگرم و شتاب آن 3 متر بر مجذور ثانیه باشد، نیروی خالص وارد بر آن چند نیوتن است؟","24","32","21","48","A","طبق رابطه F=ma، حاصل 8×3 برابر 24 نیوتن است.","ترنم همدلی","original","1405"
"دهم","ریاضی","فیزیک","فیزیک","مفاهیم پایه","قانون دوم نیوتن","محاسبه","متوسط","اگر جرم جسم 9 کیلوگرم و شتاب آن 4 متر بر مجذور ثانیه باشد، نیروی خالص وارد بر آن چند نیوتن است؟","36","45","32","72","A","طبق رابطه F=ma، حاصل 9×4 برابر 36 نیوتن است.","ترنم همدلی","original","1405"
"دهم","ریاضی","فیزیک","فیزیک","مفاهیم پایه","قانون دوم نیوتن","محاسبه","آسان","اگر جرم جسم 10 کیلوگرم و شتاب آن 5 متر بر مجذور ثانیه باشد، نیروی خالص وارد بر آن چند نیوتن است؟","50","60","45","100","A","طبق رابطه F=ma، حاصل 10×5 برابر 50 نیوتن است.","ترنم همدلی","original","1405"
"دهم","ریاضی","فیزیک","فیزیک","مفاهیم پایه","قانون دوم نیوتن","محاسبه","متوسط","اگر جرم جسم 2 کیلوگرم و شتاب آن 6 متر بر مجذور ثانیه باشد، نیروی خالص وارد بر آن چند نیوتن است؟","12","14","6","24","A","طبق رابطه F=ma، حاصل 2×6 برابر 12 نیوتن است.","ترنم همدلی","original","1405"
"دهم","ریاضی","فیزیک","فیزیک","مفاهیم پایه","قانون دوم نیوتن","محاسبه","متوسط","اگر جرم جسم 3 کیلوگرم و شتاب آن 7 متر بر مجذور ثانیه باشد، نیروی خالص وارد بر آن چند نیوتن است؟","21","24","14","42","A","طبق رابطه F=ma، حاصل 3×7 برابر 21 نیوتن است.","ترنم همدلی","original","1405"
"دهم","ریاضی","فیزیک","فیزیک","مفاهیم پایه","قانون دوم نیوتن","محاسبه","متوسط","اگر جرم جسم 4 کیلوگرم و شتاب آن 8 متر بر مجذور ثانیه باشد، نیروی خالص وارد بر آن چند نیوتن است؟","32","36","24","64","A","طبق رابطه F=ma، حاصل 4×8 برابر 32 نیوتن است.","ترنم همدلی","original","1405"
"دهم","ریاضی","فیزیک","فیزیک","مفاهیم پایه","قانون دوم نیوتن","محاسبه","آسان","اگر جرم جسم 5 کیلوگرم و شتاب آن 1 متر بر مجذور ثانیه باشد، نیروی خالص وارد بر آن چند نیوتن است؟","5","10","4","10","A","طبق رابطه F=ma، حاصل 5×1 برابر 5 نیوتن است.","ترنم همدلی","original","1405"
"دهم","ریاضی","فیزیک","فیزیک","مفاهیم پایه","قانون دوم نیوتن","محاسبه","متوسط","اگر جرم جسم 6 کیلوگرم و شتاب آن 2 متر بر مجذور ثانیه باشد، نیروی خالص وارد بر آن چند نیوتن است؟","12","18","10","24","A","طبق رابطه F=ma، حاصل 6×2 برابر 12 نیوتن است.","ترنم همدلی","original","1405"
"دهم","ریاضی","فیزیک","فیزیک","مفاهیم پایه","قانون دوم نیوتن","محاسبه","متوسط","اگر جرم جسم 7 کیلوگرم و شتاب آن 3 متر بر مجذور ثانیه باشد، نیروی خالص وارد بر آن چند نیوتن است؟","21","28","18","42","A","طبق رابطه F=ma، حاصل 7×3 برابر 21 نیوتن است.","ترنم همدلی","original","1405"
"دهم","ریاضی","فیزیک","فیزیک","مفاهیم پایه","قانون دوم نیوتن","محاسبه","متوسط","اگر جرم جسم 8 کیلوگرم و شتاب آن 4 متر بر مجذور ثانیه باشد، نیروی خالص وارد بر آن چند نیوتن است؟","32","40","28","64","A","طبق رابطه F=ma، حاصل 8×4 برابر 32 نیوتن است.","ترنم همدلی","original","1405"
"دهم","ریاضی","فیزیک","فیزیک","مفاهیم پایه","قانون دوم نیوتن","محاسبه","آسان","اگر جرم جسم 9 کیلوگرم و شتاب آن 5 متر بر مجذور ثانیه باشد، نیروی خالص وارد بر آن چند نیوتن است؟","45","54","40","90","A","طبق رابطه F=ma، حاصل 9×5 برابر 45 نیوتن است.","ترنم همدلی","original","1405"
"دهم","ریاضی","فیزیک","فیزیک","مفاهیم پایه","قانون دوم نیوتن","محاسبه","متوسط","اگر جرم جسم 10 کیلوگرم و شتاب آن 6 متر بر مجذور ثانیه باشد، نیروی خالص وارد بر آن چند نیوتن است؟","60","70","54","120","A","طبق رابطه F=ma، حاصل 10×6 برابر 60 نیوتن است.","ترنم همدلی","original","1405"
"دهم","ریاضی","فیزیک","فیزیک","مفاهیم پایه","قانون دوم نیوتن","محاسبه","متوسط","اگر جرم جسم 2 کیلوگرم و شتاب آن 7 متر بر مجذور ثانیه باشد، نیروی خالص وارد بر آن چند نیوتن است؟","14","16","7","28","A","طبق رابطه F=ma، حاصل 2×7 برابر 14 نیوتن است.","ترنم همدلی","original","1405"
"دهم","ریاضی","فیزیک","فیزیک","مفاهیم پایه","قانون دوم نیوتن","محاسبه","متوسط","اگر جرم جسم 3 کیلوگرم و شتاب آن 8 متر بر مجذور ثانیه باشد، نیروی خالص وارد بر آن چند نیوتن است؟","24","27","16","48","A","طبق رابطه F=ma، حاصل 3×8 برابر 24 نیوتن است.","ترنم همدلی","original","1405"
"دهم","ریاضی","فیزیک","فیزیک","مفاهیم پایه","قانون دوم نیوتن","محاسبه","آسان","اگر جرم جسم 4 کیلوگرم و شتاب آن 1 متر بر مجذور ثانیه باشد، نیروی خالص وارد بر آن چند نیوتن است؟","4","8","3","8","A","طبق رابطه F=ma، حاصل 4×1 برابر 4 نیوتن است.","ترنم همدلی","original","1405"
"دهم","ریاضی","فیزیک","فیزیک","مفاهیم پایه","قانون دوم نیوتن","محاسبه","متوسط","اگر جرم جسم 5 کیلوگرم و شتاب آن 2 متر بر مجذور ثانیه باشد، نیروی خالص وارد بر آن چند نیوتن است؟","10","15","8","20","A","طبق رابطه F=ma، حاصل 5×2 برابر 10 نیوتن است.","ترنم همدلی","original","1405"
"دهم","ریاضی","فیزیک","فیزیک","مفاهیم پایه","قانون دوم نیوتن","محاسبه","متوسط","اگر جرم جسم 6 کیلوگرم و شتاب آن 3 متر بر مجذور ثانیه باشد، نیروی خالص وارد بر آن چند نیوتن است؟","18","24","15","36","A","طبق رابطه F=ma، حاصل 6×3 برابر 18 نیوتن است.","ترنم همدلی","original","1405"
"دهم","ریاضی","فیزیک","فیزیک","مفاهیم پایه","قانون دوم نیوتن","محاسبه","متوسط","اگر جرم جسم 7 کیلوگرم و شتاب آن 4 متر بر مجذور ثانیه باشد، نیروی خالص وارد بر آن چند نیوتن است؟","28","35","24","56","A","طبق رابطه F=ma، حاصل 7×4 برابر 28 نیوتن است.","ترنم همدلی","original","1405"
"دهم","ریاضی","فیزیک","فیزیک","مفاهیم پایه","قانون دوم نیوتن","محاسبه","آسان","اگر جرم جسم 8 کیلوگرم و شتاب آن 5 متر بر مجذور ثانیه باشد، نیروی خالص وارد بر آن چند نیوتن است؟","40","48","35","80","A","طبق رابطه F=ma، حاصل 8×5 برابر 40 نیوتن است.","ترنم همدلی","original","1405"
"دهم","ریاضی","فیزیک","فیزیک","مفاهیم پایه","قانون دوم نیوتن","محاسبه","متوسط","اگر جرم جسم 9 کیلوگرم و شتاب آن 6 متر بر مجذور ثانیه باشد، نیروی خالص وارد بر آن چند نیوتن است؟","54","63","48","108","A","طبق رابطه F=ma، حاصل 9×6 برابر 54 نیوتن است.","ترنم همدلی","original","1405"
"دهم","ریاضی","فیزیک","فیزیک","مفاهیم پایه","قانون دوم نیوتن","محاسبه","متوسط","اگر جرم جسم 10 کیلوگرم و شتاب آن 7 متر بر مجذور ثانیه باشد، نیروی خالص وارد بر آن چند نیوتن است؟","70","80","63","140","A","طبق رابطه F=ma، حاصل 10×7 برابر 70 نیوتن است.","ترنم همدلی","original","1405"
"دهم","ریاضی","فیزیک","فیزیک","مفاهیم پایه","قانون دوم نیوتن","محاسبه","متوسط","اگر جرم جسم 2 کیلوگرم و شتاب آن 8 متر بر مجذور ثانیه باشد، نیروی خالص وارد بر آن چند نیوتن است؟","16","18","8","32","A","طبق رابطه F=ma، حاصل 2×8 برابر 16 نیوتن است.","ترنم همدلی","original","1405"
"دهم","ریاضی","فیزیک","فیزیک","مفاهیم پایه","قانون دوم نیوتن","محاسبه","آسان","اگر جرم جسم 3 کیلوگرم و شتاب آن 1 متر بر مجذور ثانیه باشد، نیروی خالص وارد بر آن چند نیوتن است؟","3","6","2","6","A","طبق رابطه F=ma، حاصل 3×1 برابر 3 نیوتن است.","ترنم همدلی","original","1405"
"دهم","ریاضی","فیزیک","فیزیک","مفاهیم پایه","قانون دوم نیوتن","محاسبه","متوسط","اگر جرم جسم 4 کیلوگرم و شتاب آن 2 متر بر مجذور ثانیه باشد، نیروی خالص وارد بر آن چند نیوتن است؟","8","12","6","16","A","طبق رابطه F=ma، حاصل 4×2 برابر 8 نیوتن است.","ترنم همدلی","original","1405"
"دهم","ریاضی","فیزیک","فیزیک","مفاهیم پایه","قانون دوم نیوتن","محاسبه","متوسط","اگر جرم جسم 5 کیلوگرم و شتاب آن 3 متر بر مجذور ثانیه باشد، نیروی خالص وارد بر آن چند نیوتن است؟","15","20","12","30","A","طبق رابطه F=ma، حاصل 5×3 برابر 15 نیوتن است.","ترنم همدلی","original","1405"
"دهم","ریاضی","فیزیک","فیزیک","مفاهیم پایه","قانون دوم نیوتن","محاسبه","متوسط","اگر جرم جسم 6 کیلوگرم و شتاب آن 4 متر بر مجذور ثانیه باشد، نیروی خالص وارد بر آن چند نیوتن است؟","24","30","20","48","A","طبق رابطه F=ma، حاصل 6×4 برابر 24 نیوتن است.","ترنم همدلی","original","1405"
"دهم","ریاضی","فیزیک","فیزیک","مفاهیم پایه","قانون دوم نیوتن","محاسبه","آسان","اگر جرم جسم 7 کیلوگرم و شتاب آن 5 متر بر مجذور ثانیه باشد، نیروی خالص وارد بر آن چند نیوتن است؟","35","42","30","70","A","طبق رابطه F=ma، حاصل 7×5 برابر 35 نیوتن است.","ترنم همدلی","original","1405"
"دهم","ریاضی","فیزیک","فیزیک","مفاهیم پایه","قانون دوم نیوتن","محاسبه","متوسط","اگر جرم جسم 8 کیلوگرم و شتاب آن 6 متر بر مجذور ثانیه باشد، نیروی خالص وارد بر آن چند نیوتن است؟","48","56","42","96","A","طبق رابطه F=ma، حاصل 8×6 برابر 48 نیوتن است.","ترنم همدلی","original","1405"
"دهم","ریاضی","فیزیک","فیزیک","مفاهیم پایه","قانون دوم نیوتن","محاسبه","متوسط","اگر جرم جسم 9 کیلوگرم و شتاب آن 7 متر بر مجذور ثانیه باشد، نیروی خالص وارد بر آن چند نیوتن است؟","63","72","56","126","A","طبق رابطه F=ma، حاصل 9×7 برابر 63 نیوتن است.","ترنم همدلی","original","1405"
"دهم","ریاضی","فیزیک","فیزیک","مفاهیم پایه","قانون دوم نیوتن","محاسبه","متوسط","اگر جرم جسم 10 کیلوگرم و شتاب آن 8 متر بر مجذور ثانیه باشد، نیروی خالص وارد بر آن چند نیوتن است؟","80","90","72","160","A","طبق رابطه F=ma، حاصل 10×8 برابر 80 نیوتن است.","ترنم همدلی","original","1405"
"دهم","ریاضی","فیزیک","فیزیک","مفاهیم پایه","قانون دوم نیوتن","محاسبه","آسان","اگر جرم جسم 2 کیلوگرم و شتاب آن 1 متر بر مجذور ثانیه باشد، نیروی خالص وارد بر آن چند نیوتن است؟","2","4","1","4","A","طبق رابطه F=ma، حاصل 2×1 برابر 2 نیوتن است.","ترنم همدلی","original","1405"
"دهم","ریاضی","فیزیک","فیزیک","مفاهیم پایه","قانون دوم نیوتن","محاسبه","متوسط","اگر جرم جسم 3 کیلوگرم و شتاب آن 2 متر بر مجذور ثانیه باشد، نیروی خالص وارد بر آن چند نیوتن است؟","6","9","4","12","A","طبق رابطه F=ma، حاصل 3×2 برابر 6 نیوتن است.","ترنم همدلی","original","1405"
"دهم","ریاضی","فیزیک","فیزیک","مفاهیم پایه","قانون دوم نیوتن","محاسبه","متوسط","اگر جرم جسم 4 کیلوگرم و شتاب آن 3 متر بر مجذور ثانیه باشد، نیروی خالص وارد بر آن چند نیوتن است؟","12","16","9","24","A","طبق رابطه F=ma، حاصل 4×3 برابر 12 نیوتن است.","ترنم همدلی","original","1405"
"دهم","ریاضی","فیزیک","فیزیک","مفاهیم پایه","قانون دوم نیوتن","محاسبه","متوسط","اگر جرم جسم 5 کیلوگرم و شتاب آن 4 متر بر مجذور ثانیه باشد، نیروی خالص وارد بر آن چند نیوتن است؟","20","25","16","40","A","طبق رابطه F=ma، حاصل 5×4 برابر 20 نیوتن است.","ترنم همدلی","original","1405"
"دهم","ریاضی","فیزیک","فیزیک","مفاهیم پایه","قانون دوم نیوتن","محاسبه","آسان","اگر جرم جسم 6 کیلوگرم و شتاب آن 5 متر بر مجذور ثانیه باشد، نیروی خالص وارد بر آن چند نیوتن است؟","30","36","25","60","A","طبق رابطه F=ma، حاصل 6×5 برابر 30 نیوتن است.","ترنم همدلی","original","1405"
"دهم","ریاضی","فیزیک","فیزیک","مفاهیم پایه","قانون دوم نیوتن","محاسبه","متوسط","اگر جرم جسم 7 کیلوگرم و شتاب آن 6 متر بر مجذور ثانیه باشد، نیروی خالص وارد بر آن چند نیوتن است؟","42","49","36","84","A","طبق رابطه F=ma، حاصل 7×6 برابر 42 نیوتن است.","ترنم همدلی","original","1405"
"دهم","ریاضی","فیزیک","فیزیک","مفاهیم پایه","قانون دوم نیوتن","محاسبه","متوسط","اگر جرم جسم 8 کیلوگرم و شتاب آن 7 متر بر مجذور ثانیه باشد، نیروی خالص وارد بر آن چند نیوتن است؟","56","64","49","112","A","طبق رابطه F=ma، حاصل 8×7 برابر 56 نیوتن است.","ترنم همدلی","original","1405"
"دهم","ریاضی","فیزیک","فیزیک","مفاهیم پایه","قانون دوم نیوتن","محاسبه","متوسط","اگر جرم جسم 9 کیلوگرم و شتاب آن 8 متر بر مجذور ثانیه باشد، نیروی خالص وارد بر آن چند نیوتن است؟","72","81","64","144","A","طبق رابطه F=ma، حاصل 9×8 برابر 72 نیوتن است.","ترنم همدلی","original","1405"
"دهم","ریاضی","فیزیک","فیزیک","مفاهیم پایه","قانون دوم نیوتن","محاسبه","آسان","اگر جرم جسم 10 کیلوگرم و شتاب آن 1 متر بر مجذور ثانیه باشد، نیروی خالص وارد بر آن چند نیوتن است؟","10","20","9","20","A","طبق رابطه F=ma، حاصل 10×1 برابر 10 نیوتن است.","ترنم همدلی","original","1405"
"دهم","ریاضی","فیزیک","فیزیک","مفاهیم پایه","قانون دوم نیوتن","محاسبه","متوسط","اگر جرم جسم 2 کیلوگرم و شتاب آن 2 متر بر مجذور ثانیه باشد، نیروی خالص وارد بر آن چند نیوتن است؟","4","6","2","8","A","طبق رابطه F=ma، حاصل 2×2 برابر 4 نیوتن است.","ترنم همدلی","original","1405"
"دهم","ریاضی","فیزیک","فیزیک","مفاهیم پایه","قانون دوم نیوتن","محاسبه","متوسط","اگر جرم جسم 3 کیلوگرم و شتاب آن 3 متر بر مجذور ثانیه باشد، نیروی خالص وارد بر آن چند نیوتن است؟","9","12","6","18","A","طبق رابطه F=ma، حاصل 3×3 برابر 9 نیوتن است.","ترنم همدلی","original","1405"
"دهم","ریاضی","فیزیک","فیزیک","مفاهیم پایه","قانون دوم نیوتن","محاسبه","متوسط","اگر جرم جسم 4 کیلوگرم و شتاب آن 4 متر بر مجذور ثانیه باشد، نیروی خالص وارد بر آن چند نیوتن است؟","16","20","12","32","A","طبق رابطه F=ma، حاصل 4×4 برابر 16 نیوتن است.","ترنم همدلی","original","1405"
"دهم","ریاضی","فیزیک","فیزیک","مفاهیم پایه","قانون دوم نیوتن","محاسبه","آسان","اگر جرم جسم 5 کیلوگرم و شتاب آن 5 متر بر مجذور ثانیه باشد، نیروی خالص وارد بر آن چند نیوتن است؟","25","30","20","50","A","طبق رابطه F=ma، حاصل 5×5 برابر 25 نیوتن است.","ترنم همدلی","original","1405"
"دهم","ریاضی","فیزیک","فیزیک","مفاهیم پایه","قانون دوم نیوتن","محاسبه","متوسط","اگر جرم جسم 6 کیلوگرم و شتاب آن 6 متر بر مجذور ثانیه باشد، نیروی خالص وارد بر آن چند نیوتن است؟","36","42","30","72","A","طبق رابطه F=ma، حاصل 6×6 برابر 36 نیوتن است.","ترنم همدلی","original","1405"
"دهم","ریاضی","فیزیک","فیزیک","مفاهیم پایه","قانون دوم نیوتن","محاسبه","متوسط","اگر جرم جسم 7 کیلوگرم و شتاب آن 7 متر بر مجذور ثانیه باشد، نیروی خالص وارد بر آن چند نیوتن است؟","49","56","42","98","A","طبق رابطه F=ma، حاصل 7×7 برابر 49 نیوتن است.","ترنم همدلی","original","1405"
"دهم","ریاضی","فیزیک","فیزیک","مفاهیم پایه","قانون دوم نیوتن","محاسبه","متوسط","اگر جرم جسم 8 کیلوگرم و شتاب آن 8 متر بر مجذور ثانیه باشد، نیروی خالص وارد بر آن چند نیوتن است؟","64","72","56","128","A","طبق رابطه F=ma، حاصل 8×8 برابر 64 نیوتن است.","ترنم همدلی","original","1405"
"دهم","ریاضی","فیزیک","فیزیک","مفاهیم پایه","قانون دوم نیوتن","محاسبه","آسان","اگر جرم جسم 9 کیلوگرم و شتاب آن 1 متر بر مجذور ثانیه باشد، نیروی خالص وارد بر آن چند نیوتن است؟","9","18","8","18","A","طبق رابطه F=ma، حاصل 9×1 برابر 9 نیوتن است.","ترنم همدلی","original","1405"
"دهم","ریاضی","فیزیک","فیزیک","مفاهیم پایه","قانون دوم نیوتن","محاسبه","متوسط","اگر جرم جسم 10 کیلوگرم و شتاب آن 2 متر بر مجذور ثانیه باشد، نیروی خالص وارد بر آن چند نیوتن است؟","20","30","18","40","A","طبق رابطه F=ma، حاصل 10×2 برابر 20 نیوتن است.","ترنم همدلی","original","1405"
"دهم","ریاضی","فیزیک","فیزیک","مفاهیم پایه","قانون دوم نیوتن","محاسبه","متوسط","اگر جرم جسم 2 کیلوگرم و شتاب آن 3 متر بر مجذور ثانیه باشد، نیروی خالص وارد بر آن چند نیوتن است؟","6","8","3","12","A","طبق رابطه F=ma، حاصل 2×3 برابر 6 نیوتن است.","ترنم همدلی","original","1405"
"دهم","ریاضی","فیزیک","فیزیک","مفاهیم پایه","قانون دوم نیوتن","محاسبه","متوسط","اگر جرم جسم 3 کیلوگرم و شتاب آن 4 متر بر مجذور ثانیه باشد، نیروی خالص وارد بر آن چند نیوتن است؟","12","15","8","24","A","طبق رابطه F=ma، حاصل 3×4 برابر 12 نیوتن است.","ترنم همدلی","original","1405"
"دهم","ریاضی","فیزیک","فیزیک","مفاهیم پایه","قانون دوم نیوتن","محاسبه","آسان","اگر جرم جسم 4 کیلوگرم و شتاب آن 5 متر بر مجذور ثانیه باشد، نیروی خالص وارد بر آن چند نیوتن است؟","20","24","15","40","A","طبق رابطه F=ma، حاصل 4×5 برابر 20 نیوتن است.","ترنم همدلی","original","1405"
"دهم","ریاضی","فیزیک","فیزیک","مفاهیم پایه","قانون دوم نیوتن","محاسبه","متوسط","اگر جرم جسم 5 کیلوگرم و شتاب آن 6 متر بر مجذور ثانیه باشد، نیروی خالص وارد بر آن چند نیوتن است؟","30","35","24","60","A","طبق رابطه F=ma، حاصل 5×6 برابر 30 نیوتن است.","ترنم همدلی","original","1405"
"دهم","ریاضی","فیزیک","فیزیک","مفاهیم پایه","قانون دوم نیوتن","محاسبه","متوسط","اگر جرم جسم 6 کیلوگرم و شتاب آن 7 متر بر مجذور ثانیه باشد، نیروی خالص وارد بر آن چند نیوتن است؟","42","48","35","84","A","طبق رابطه F=ma، حاصل 6×7 برابر 42 نیوتن است.","ترنم همدلی","original","1405"
"دهم","ریاضی","فیزیک","فیزیک","مفاهیم پایه","قانون دوم نیوتن","محاسبه","متوسط","اگر جرم جسم 7 کیلوگرم و شتاب آن 8 متر بر مجذور ثانیه باشد، نیروی خالص وارد بر آن چند نیوتن است؟","56","63","48","112","A","طبق رابطه F=ma، حاصل 7×8 برابر 56 نیوتن است.","ترنم همدلی","original","1405"
"دهم","ریاضی","فیزیک","فیزیک","مفاهیم پایه","قانون دوم نیوتن","محاسبه","آسان","اگر جرم جسم 8 کیلوگرم و شتاب آن 1 متر بر مجذور ثانیه باشد، نیروی خالص وارد بر آن چند نیوتن است؟","8","16","7","16","A","طبق رابطه F=ma، حاصل 8×1 برابر 8 نیوتن است.","ترنم همدلی","original","1405"
"دهم","ریاضی","فیزیک","فیزیک","مفاهیم پایه","قانون دوم نیوتن","محاسبه","متوسط","اگر جرم جسم 9 کیلوگرم و شتاب آن 2 متر بر مجذور ثانیه باشد، نیروی خالص وارد بر آن چند نیوتن است؟","18","27","16","36","A","طبق رابطه F=ma، حاصل 9×2 برابر 18 نیوتن است.","ترنم همدلی","original","1405"
"دهم","ریاضی","فیزیک","فیزیک","مفاهیم پایه","قانون دوم نیوتن","محاسبه","متوسط","اگر جرم جسم 10 کیلوگرم و شتاب آن 3 متر بر مجذور ثانیه باشد، نیروی خالص وارد بر آن چند نیوتن است؟","30","40","27","60","A","طبق رابطه F=ma، حاصل 10×3 برابر 30 نیوتن است.","ترنم همدلی","original","1405"
"دهم","ریاضی","فیزیک","فیزیک","مفاهیم پایه","قانون دوم نیوتن","محاسبه","متوسط","اگر جرم جسم 2 کیلوگرم و شتاب آن 4 متر بر مجذور ثانیه باشد، نیروی خالص وارد بر آن چند نیوتن است؟","8","10","4","16","A","طبق رابطه F=ma، حاصل 2×4 برابر 8 نیوتن است.","ترنم همدلی","original","1405"
"یازدهم","ریاضی","فیزیک","فیزیک","مفاهیم پایه","قانون دوم نیوتن","محاسبه","آسان","اگر جرم جسم 2 کیلوگرم و شتاب آن 1 متر بر مجذور ثانیه باشد، نیروی خالص وارد بر آن چند نیوتن است؟","2","4","1","4","A","طبق رابطه F=ma، حاصل 2×1 برابر 2 نیوتن است.","ترنم همدلی","original","1405"
"یازدهم","ریاضی","فیزیک","فیزیک","مفاهیم پایه","قانون دوم نیوتن","محاسبه","متوسط","اگر جرم جسم 3 کیلوگرم و شتاب آن 2 متر بر مجذور ثانیه باشد، نیروی خالص وارد بر آن چند نیوتن است؟","6","9","4","12","A","طبق رابطه F=ma، حاصل 3×2 برابر 6 نیوتن است.","ترنم همدلی","original","1405"
"یازدهم","ریاضی","فیزیک","فیزیک","مفاهیم پایه","قانون دوم نیوتن","محاسبه","متوسط","اگر جرم جسم 4 کیلوگرم و شتاب آن 3 متر بر مجذور ثانیه باشد، نیروی خالص وارد بر آن چند نیوتن است؟","12","16","9","24","A","طبق رابطه F=ma، حاصل 4×3 برابر 12 نیوتن است.","ترنم همدلی","original","1405"
"یازدهم","ریاضی","فیزیک","فیزیک","مفاهیم پایه","قانون دوم نیوتن","محاسبه","متوسط","اگر جرم جسم 5 کیلوگرم و شتاب آن 4 متر بر مجذور ثانیه باشد، نیروی خالص وارد بر آن چند نیوتن است؟","20","25","16","40","A","طبق رابطه F=ma، حاصل 5×4 برابر 20 نیوتن است.","ترنم همدلی","original","1405"
"یازدهم","ریاضی","فیزیک","فیزیک","مفاهیم پایه","قانون دوم نیوتن","محاسبه","آسان","اگر جرم جسم 6 کیلوگرم و شتاب آن 5 متر بر مجذور ثانیه باشد، نیروی خالص وارد بر آن چند نیوتن است؟","30","36","25","60","A","طبق رابطه F=ma، حاصل 6×5 برابر 30 نیوتن است.","ترنم همدلی","original","1405"
"یازدهم","ریاضی","فیزیک","فیزیک","مفاهیم پایه","قانون دوم نیوتن","محاسبه","متوسط","اگر جرم جسم 7 کیلوگرم و شتاب آن 6 متر بر مجذور ثانیه باشد، نیروی خالص وارد بر آن چند نیوتن است؟","42","49","36","84","A","طبق رابطه F=ma، حاصل 7×6 برابر 42 نیوتن است.","ترنم همدلی","original","1405"
"یازدهم","ریاضی","فیزیک","فیزیک","مفاهیم پایه","قانون دوم نیوتن","محاسبه","متوسط","اگر جرم جسم 8 کیلوگرم و شتاب آن 7 متر بر مجذور ثانیه باشد، نیروی خالص وارد بر آن چند نیوتن است؟","56","64","49","112","A","طبق رابطه F=ma، حاصل 8×7 برابر 56 نیوتن است.","ترنم همدلی","original","1405"
"یازدهم","ریاضی","فیزیک","فیزیک","مفاهیم پایه","قانون دوم نیوتن","محاسبه","متوسط","اگر جرم جسم 9 کیلوگرم و شتاب آن 8 متر بر مجذور ثانیه باشد، نیروی خالص وارد بر آن چند نیوتن است؟","72","81","64","144","A","طبق رابطه F=ma، حاصل 9×8 برابر 72 نیوتن است.","ترنم همدلی","original","1405"
"یازدهم","ریاضی","فیزیک","فیزیک","مفاهیم پایه","قانون دوم نیوتن","محاسبه","آسان","اگر جرم جسم 10 کیلوگرم و شتاب آن 1 متر بر مجذور ثانیه باشد، نیروی خالص وارد بر آن چند نیوتن است؟","10","20","9","20","A","طبق رابطه F=ma، حاصل 10×1 برابر 10 نیوتن است.","ترنم همدلی","original","1405"
"یازدهم","ریاضی","فیزیک","فیزیک","مفاهیم پایه","قانون دوم نیوتن","محاسبه","متوسط","اگر جرم جسم 2 کیلوگرم و شتاب آن 2 متر بر مجذور ثانیه باشد، نیروی خالص وارد بر آن چند نیوتن است؟","4","6","2","8","A","طبق رابطه F=ma، حاصل 2×2 برابر 4 نیوتن است.","ترنم همدلی","original","1405"
"یازدهم","ریاضی","فیزیک","فیزیک","مفاهیم پایه","قانون دوم نیوتن","محاسبه","متوسط","اگر جرم جسم 3 کیلوگرم و شتاب آن 3 متر بر مجذور ثانیه باشد، نیروی خالص وارد بر آن چند نیوتن است؟","9","12","6","18","A","طبق رابطه F=ma، حاصل 3×3 برابر 9 نیوتن است.","ترنم همدلی","original","1405"
"یازدهم","ریاضی","فیزیک","فیزیک","مفاهیم پایه","قانون دوم نیوتن","محاسبه","متوسط","اگر جرم جسم 4 کیلوگرم و شتاب آن 4 متر بر مجذور ثانیه باشد، نیروی خالص وارد بر آن چند نیوتن است؟","16","20","12","32","A","طبق رابطه F=ma، حاصل 4×4 برابر 16 نیوتن است.","ترنم همدلی","original","1405"
"یازدهم","ریاضی","فیزیک","فیزیک","مفاهیم پایه","قانون دوم نیوتن","محاسبه","آسان","اگر جرم جسم 5 کیلوگرم و شتاب آن 5 متر بر مجذور ثانیه باشد، نیروی خالص وارد بر آن چند نیوتن است؟","25","30","20","50","A","طبق رابطه F=ma، حاصل 5×5 برابر 25 نیوتن است.","ترنم همدلی","original","1405"
"یازدهم","ریاضی","فیزیک","فیزیک","مفاهیم پایه","قانون دوم نیوتن","محاسبه","متوسط","اگر جرم جسم 6 کیلوگرم و شتاب آن 6 متر بر مجذور ثانیه باشد، نیروی خالص وارد بر آن چند نیوتن است؟","36","42","30","72","A","طبق رابطه F=ma، حاصل 6×6 برابر 36 نیوتن است.","ترنم همدلی","original","1405"
"یازدهم","ریاضی","فیزیک","فیزیک","مفاهیم پایه","قانون دوم نیوتن","محاسبه","متوسط","اگر جرم جسم 7 کیلوگرم و شتاب آن 7 متر بر مجذور ثانیه باشد، نیروی خالص وارد بر آن چند نیوتن است؟","49","56","42","98","A","طبق رابطه F=ma، حاصل 7×7 برابر 49 نیوتن است.","ترنم همدلی","original","1405"
"یازدهم","ریاضی","فیزیک","فیزیک","مفاهیم پایه","قانون دوم نیوتن","محاسبه","متوسط","اگر جرم جسم 8 کیلوگرم و شتاب آن 8 متر بر مجذور ثانیه باشد، نیروی خالص وارد بر آن چند نیوتن است؟","64","72","56","128","A","طبق رابطه F=ma، حاصل 8×8 برابر 64 نیوتن است.","ترنم همدلی","original","1405"
"یازدهم","ریاضی","فیزیک","فیزیک","مفاهیم پایه","قانون دوم نیوتن","محاسبه","آسان","اگر جرم جسم 9 کیلوگرم و شتاب آن 1 متر بر مجذور ثانیه باشد، نیروی خالص وارد بر آن چند نیوتن است؟","9","18","8","18","A","طبق رابطه F=ma، حاصل 9×1 برابر 9 نیوتن است.","ترنم همدلی","original","1405"
"یازدهم","ریاضی","فیزیک","فیزیک","مفاهیم پایه","قانون دوم نیوتن","محاسبه","متوسط","اگر جرم جسم 10 کیلوگرم و شتاب آن 2 متر بر مجذور ثانیه باشد، نیروی خالص وارد بر آن چند نیوتن است؟","20","30","18","40","A","طبق رابطه F=ma، حاصل 10×2 برابر 20 نیوتن است.","ترنم همدلی","original","1405"
"یازدهم","ریاضی","فیزیک","فیزیک","مفاهیم پایه","قانون دوم نیوتن","محاسبه","متوسط","اگر جرم جسم 2 کیلوگرم و شتاب آن 3 متر بر مجذور ثانیه باشد، نیروی خالص وارد بر آن چند نیوتن است؟","6","8","3","12","A","طبق رابطه F=ma، حاصل 2×3 برابر 6 نیوتن است.","ترنم همدلی","original","1405"
"یازدهم","ریاضی","فیزیک","فیزیک","مفاهیم پایه","قانون دوم نیوتن","محاسبه","متوسط","اگر جرم جسم 3 کیلوگرم و شتاب آن 4 متر بر مجذور ثانیه باشد، نیروی خالص وارد بر آن چند نیوتن است؟","12","15","8","24","A","طبق رابطه F=ma، حاصل 3×4 برابر 12 نیوتن است.","ترنم همدلی","original","1405"
"یازدهم","ریاضی","فیزیک","فیزیک","مفاهیم پایه","قانون دوم نیوتن","محاسبه","آسان","اگر جرم جسم 4 کیلوگرم و شتاب آن 5 متر بر مجذور ثانیه باشد، نیروی خالص وارد بر آن چند نیوتن است؟","20","24","15","40","A","طبق رابطه F=ma، حاصل 4×5 برابر 20 نیوتن است.","ترنم همدلی","original","1405"
"یازدهم","ریاضی","فیزیک","فیزیک","مفاهیم پایه","قانون دوم نیوتن","محاسبه","متوسط","اگر جرم جسم 5 کیلوگرم و شتاب آن 6 متر بر مجذور ثانیه باشد، نیروی خالص وارد بر آن چند نیوتن است؟","30","35","24","60","A","طبق رابطه F=ma، حاصل 5×6 برابر 30 نیوتن است.","ترنم همدلی","original","1405"
"یازدهم","ریاضی","فیزیک","فیزیک","مفاهیم پایه","قانون دوم نیوتن","محاسبه","متوسط","اگر جرم جسم 6 کیلوگرم و شتاب آن 7 متر بر مجذور ثانیه باشد، نیروی خالص وارد بر آن چند نیوتن است؟","42","48","35","84","A","طبق رابطه F=ma، حاصل 6×7 برابر 42 نیوتن است.","ترنم همدلی","original","1405"
"یازدهم","ریاضی","فیزیک","فیزیک","مفاهیم پایه","قانون دوم نیوتن","محاسبه","متوسط","اگر جرم جسم 7 کیلوگرم و شتاب آن 8 متر بر مجذور ثانیه باشد، نیروی خالص وارد بر آن چند نیوتن است؟","56","63","48","112","A","طبق رابطه F=ma، حاصل 7×8 برابر 56 نیوتن است.","ترنم همدلی","original","1405"
"یازدهم","ریاضی","فیزیک","فیزیک","مفاهیم پایه","قانون دوم نیوتن","محاسبه","آسان","اگر جرم جسم 8 کیلوگرم و شتاب آن 1 متر بر مجذور ثانیه باشد، نیروی خالص وارد بر آن چند نیوتن است؟","8","16","7","16","A","طبق رابطه F=ma، حاصل 8×1 برابر 8 نیوتن است.","ترنم همدلی","original","1405"
"یازدهم","ریاضی","فیزیک","فیزیک","مفاهیم پایه","قانون دوم نیوتن","محاسبه","متوسط","اگر جرم جسم 9 کیلوگرم و شتاب آن 2 متر بر مجذور ثانیه باشد، نیروی خالص وارد بر آن چند نیوتن است؟","18","27","16","36","A","طبق رابطه F=ma، حاصل 9×2 برابر 18 نیوتن است.","ترنم همدلی","original","1405"
"یازدهم","ریاضی","فیزیک","فیزیک","مفاهیم پایه","قانون دوم نیوتن","محاسبه","متوسط","اگر جرم جسم 10 کیلوگرم و شتاب آن 3 متر بر مجذور ثانیه باشد، نیروی خالص وارد بر آن چند نیوتن است؟","30","40","27","60","A","طبق رابطه F=ma، حاصل 10×3 برابر 30 نیوتن است.","ترنم همدلی","original","1405"
"یازدهم","ریاضی","فیزیک","فیزیک","مفاهیم پایه","قانون دوم نیوتن","محاسبه","متوسط","اگر جرم جسم 2 کیلوگرم و شتاب آن 4 متر بر مجذور ثانیه باشد، نیروی خالص وارد بر آن چند نیوتن است؟","8","10","4","16","A","طبق رابطه F=ma، حاصل 2×4 برابر 8 نیوتن است.","ترنم همدلی","original","1405"
"یازدهم","ریاضی","فیزیک","فیزیک","مفاهیم پایه","قانون دوم نیوتن","محاسبه","آسان","اگر جرم جسم 3 کیلوگرم و شتاب آن 5 متر بر مجذور ثانیه باشد، نیروی خالص وارد بر آن چند نیوتن است؟","15","18","10","30","A","طبق رابطه F=ma، حاصل 3×5 برابر 15 نیوتن است.","ترنم همدلی","original","1405"
"یازدهم","ریاضی","فیزیک","فیزیک","مفاهیم پایه","قانون دوم نیوتن","محاسبه","متوسط","اگر جرم جسم 4 کیلوگرم و شتاب آن 6 متر بر مجذور ثانیه باشد، نیروی خالص وارد بر آن چند نیوتن است؟","24","28","18","48","A","طبق رابطه F=ma، حاصل 4×6 برابر 24 نیوتن است.","ترنم همدلی","original","1405"
"یازدهم","ریاضی","فیزیک","فیزیک","مفاهیم پایه","قانون دوم نیوتن","محاسبه","متوسط","اگر جرم جسم 5 کیلوگرم و شتاب آن 7 متر بر مجذور ثانیه باشد، نیروی خالص وارد بر آن چند نیوتن است؟","35","40","28","70","A","طبق رابطه F=ma، حاصل 5×7 برابر 35 نیوتن است.","ترنم همدلی","original","1405"
"یازدهم","ریاضی","فیزیک","فیزیک","مفاهیم پایه","قانون دوم نیوتن","محاسبه","متوسط","اگر جرم جسم 6 کیلوگرم و شتاب آن 8 متر بر مجذور ثانیه باشد، نیروی خالص وارد بر آن چند نیوتن است؟","48","54","40","96","A","طبق رابطه F=ma، حاصل 6×8 برابر 48 نیوتن است.","ترنم همدلی","original","1405"
"یازدهم","ریاضی","فیزیک","فیزیک","مفاهیم پایه","قانون دوم نیوتن","محاسبه","آسان","اگر جرم جسم 7 کیلوگرم و شتاب آن 1 متر بر مجذور ثانیه باشد، نیروی خالص وارد بر آن چند نیوتن است؟","7","14","6","14","A","طبق رابطه F=ma، حاصل 7×1 برابر 7 نیوتن است.","ترنم همدلی","original","1405"
"یازدهم","ریاضی","فیزیک","فیزیک","مفاهیم پایه","قانون دوم نیوتن","محاسبه","متوسط","اگر جرم جسم 8 کیلوگرم و شتاب آن 2 متر بر مجذور ثانیه باشد، نیروی خالص وارد بر آن چند نیوتن است؟","16","24","14","32","A","طبق رابطه F=ma، حاصل 8×2 برابر 16 نیوتن است.","ترنم همدلی","original","1405"
"یازدهم","ریاضی","فیزیک","فیزیک","مفاهیم پایه","قانون دوم نیوتن","محاسبه","متوسط","اگر جرم جسم 9 کیلوگرم و شتاب آن 3 متر بر مجذور ثانیه باشد، نیروی خالص وارد بر آن چند نیوتن است؟","27","36","24","54","A","طبق رابطه F=ma، حاصل 9×3 برابر 27 نیوتن است.","ترنم همدلی","original","1405"
"یازدهم","ریاضی","فیزیک","فیزیک","مفاهیم پایه","قانون دوم نیوتن","محاسبه","متوسط","اگر جرم جسم 10 کیلوگرم و شتاب آن 4 متر بر مجذور ثانیه باشد، نیروی خالص وارد بر آن چند نیوتن است؟","40","50","36","80","A","طبق رابطه F=ma، حاصل 10×4 برابر 40 نیوتن است.","ترنم همدلی","original","1405"
"یازدهم","ریاضی","فیزیک","فیزیک","مفاهیم پایه","قانون دوم نیوتن","محاسبه","آسان","اگر جرم جسم 2 کیلوگرم و شتاب آن 5 متر بر مجذور ثانیه باشد، نیروی خالص وارد بر آن چند نیوتن است؟","10","12","5","20","A","طبق رابطه F=ma، حاصل 2×5 برابر 10 نیوتن است.","ترنم همدلی","original","1405"
"یازدهم","ریاضی","فیزیک","فیزیک","مفاهیم پایه","قانون دوم نیوتن","محاسبه","متوسط","اگر جرم جسم 3 کیلوگرم و شتاب آن 6 متر بر مجذور ثانیه باشد، نیروی خالص وارد بر آن چند نیوتن است؟","18","21","12","36","A","طبق رابطه F=ma، حاصل 3×6 برابر 18 نیوتن است.","ترنم همدلی","original","1405"
"یازدهم","ریاضی","فیزیک","فیزیک","مفاهیم پایه","قانون دوم نیوتن","محاسبه","متوسط","اگر جرم جسم 4 کیلوگرم و شتاب آن 7 متر بر مجذور ثانیه باشد، نیروی خالص وارد بر آن چند نیوتن است؟","28","32","21","56","A","طبق رابطه F=ma، حاصل 4×7 برابر 28 نیوتن است.","ترنم همدلی","original","1405"
"یازدهم","ریاضی","فیزیک","فیزیک","مفاهیم پایه","قانون دوم نیوتن","محاسبه","متوسط","اگر جرم جسم 5 کیلوگرم و شتاب آن 8 متر بر مجذور ثانیه باشد، نیروی خالص وارد بر آن چند نیوتن است؟","40","45","32","80","A","طبق رابطه F=ma، حاصل 5×8 برابر 40 نیوتن است.","ترنم همدلی","original","1405"
"یازدهم","ریاضی","فیزیک","فیزیک","مفاهیم پایه","قانون دوم نیوتن","محاسبه","آسان","اگر جرم جسم 6 کیلوگرم و شتاب آن 1 متر بر مجذور ثانیه باشد، نیروی خالص وارد بر آن چند نیوتن است؟","6","12","5","12","A","طبق رابطه F=ma، حاصل 6×1 برابر 6 نیوتن است.","ترنم همدلی","original","1405"
"یازدهم","ریاضی","فیزیک","فیزیک","مفاهیم پایه","قانون دوم نیوتن","محاسبه","متوسط","اگر جرم جسم 7 کیلوگرم و شتاب آن 2 متر بر مجذور ثانیه باشد، نیروی خالص وارد بر آن چند نیوتن است؟","14","21","12","28","A","طبق رابطه F=ma، حاصل 7×2 برابر 14 نیوتن است.","ترنم همدلی","original","1405"
"یازدهم","ریاضی","فیزیک","فیزیک","مفاهیم پایه","قانون دوم نیوتن","محاسبه","متوسط","اگر جرم جسم 8 کیلوگرم و شتاب آن 3 متر بر مجذور ثانیه باشد، نیروی خالص وارد بر آن چند نیوتن است؟","24","32","21","48","A","طبق رابطه F=ma، حاصل 8×3 برابر 24 نیوتن است.","ترنم همدلی","original","1405"
"یازدهم","ریاضی","فیزیک","فیزیک","مفاهیم پایه","قانون دوم نیوتن","محاسبه","متوسط","اگر جرم جسم 9 کیلوگرم و شتاب آن 4 متر بر مجذور ثانیه باشد، نیروی خالص وارد بر آن چند نیوتن است؟","36","45","32","72","A","طبق رابطه F=ma، حاصل 9×4 برابر 36 نیوتن است.","ترنم همدلی","original","1405"
"یازدهم","ریاضی","فیزیک","فیزیک","مفاهیم پایه","قانون دوم نیوتن","محاسبه","آسان","اگر جرم جسم 10 کیلوگرم و شتاب آن 5 متر بر مجذور ثانیه باشد، نیروی خالص وارد بر آن چند نیوتن است؟","50","60","45","100","A","طبق رابطه F=ma، حاصل 10×5 برابر 50 نیوتن است.","ترنم همدلی","original","1405"
"یازدهم","ریاضی","فیزیک","فیزیک","مفاهیم پایه","قانون دوم نیوتن","محاسبه","متوسط","اگر جرم جسم 2 کیلوگرم و شتاب آن 6 متر بر مجذور ثانیه باشد، نیروی خالص وارد بر آن چند نیوتن است؟","12","14","6","24","A","طبق رابطه F=ma، حاصل 2×6 برابر 12 نیوتن است.","ترنم همدلی","original","1405"
"یازدهم","ریاضی","فیزیک","فیزیک","مفاهیم پایه","قانون دوم نیوتن","محاسبه","متوسط","اگر جرم جسم 3 کیلوگرم و شتاب آن 7 متر بر مجذور ثانیه باشد، نیروی خالص وارد بر آن چند نیوتن است؟","21","24","14","42","A","طبق رابطه F=ma، حاصل 3×7 برابر 21 نیوتن است.","ترنم همدلی","original","1405"
"یازدهم","ریاضی","فیزیک","فیزیک","مفاهیم پایه","قانون دوم نیوتن","محاسبه","متوسط","اگر جرم جسم 4 کیلوگرم و شتاب آن 8 متر بر مجذور ثانیه باشد، نیروی خالص وارد بر آن چند نیوتن است؟","32","36","24","64","A","طبق رابطه F=ma، حاصل 4×8 برابر 32 نیوتن است.","ترنم همدلی","original","1405"
"یازدهم","ریاضی","فیزیک","فیزیک","مفاهیم پایه","قانون دوم نیوتن","محاسبه","آسان","اگر جرم جسم 5 کیلوگرم و شتاب آن 1 متر بر مجذور ثانیه باشد، نیروی خالص وارد بر آن چند نیوتن است؟","5","10","4","10","A","طبق رابطه F=ma، حاصل 5×1 برابر 5 نیوتن است.","ترنم همدلی","original","1405"
"یازدهم","ریاضی","فیزیک","فیزیک","مفاهیم پایه","قانون دوم نیوتن","محاسبه","متوسط","اگر جرم جسم 6 کیلوگرم و شتاب آن 2 متر بر مجذور ثانیه باشد، نیروی خالص وارد بر آن چند نیوتن است؟","12","18","10","24","A","طبق رابطه F=ma، حاصل 6×2 برابر 12 نیوتن است.","ترنم همدلی","original","1405"
"یازدهم","ریاضی","فیزیک","فیزیک","مفاهیم پایه","قانون دوم نیوتن","محاسبه","متوسط","اگر جرم جسم 7 کیلوگرم و شتاب آن 3 متر بر مجذور ثانیه باشد، نیروی خالص وارد بر آن چند نیوتن است؟","21","28","18","42","A","طبق رابطه F=ma، حاصل 7×3 برابر 21 نیوتن است.","ترنم همدلی","original","1405"
"یازدهم","ریاضی","فیزیک","فیزیک","مفاهیم پایه","قانون دوم نیوتن","محاسبه","متوسط","اگر جرم جسم 8 کیلوگرم و شتاب آن 4 متر بر مجذور ثانیه باشد، نیروی خالص وارد بر آن چند نیوتن است؟","32","40","28","64","A","طبق رابطه F=ma، حاصل 8×4 برابر 32 نیوتن است.","ترنم همدلی","original","1405"
"یازدهم","ریاضی","فیزیک","فیزیک","مفاهیم پایه","قانون دوم نیوتن","محاسبه","آسان","اگر جرم جسم 9 کیلوگرم و شتاب آن 5 متر بر مجذور ثانیه باشد، نیروی خالص وارد بر آن چند نیوتن است؟","45","54","40","90","A","طبق رابطه F=ma، حاصل 9×5 برابر 45 نیوتن است.","ترنم همدلی","original","1405"
"یازدهم","ریاضی","فیزیک","فیزیک","مفاهیم پایه","قانون دوم نیوتن","محاسبه","متوسط","اگر جرم جسم 10 کیلوگرم و شتاب آن 6 متر بر مجذور ثانیه باشد، نیروی خالص وارد بر آن چند نیوتن است؟","60","70","54","120","A","طبق رابطه F=ma، حاصل 10×6 برابر 60 نیوتن است.","ترنم همدلی","original","1405"
"یازدهم","ریاضی","فیزیک","فیزیک","مفاهیم پایه","قانون دوم نیوتن","محاسبه","متوسط","اگر جرم جسم 2 کیلوگرم و شتاب آن 7 متر بر مجذور ثانیه باشد، نیروی خالص وارد بر آن چند نیوتن است؟","14","16","7","28","A","طبق رابطه F=ma، حاصل 2×7 برابر 14 نیوتن است.","ترنم همدلی","original","1405"
"یازدهم","ریاضی","فیزیک","فیزیک","مفاهیم پایه","قانون دوم نیوتن","محاسبه","متوسط","اگر جرم جسم 3 کیلوگرم و شتاب آن 8 متر بر مجذور ثانیه باشد، نیروی خالص وارد بر آن چند نیوتن است؟","24","27","16","48","A","طبق رابطه F=ma، حاصل 3×8 برابر 24 نیوتن است.","ترنم همدلی","original","1405"
"یازدهم","ریاضی","فیزیک","فیزیک","مفاهیم پایه","قانون دوم نیوتن","محاسبه","آسان","اگر جرم جسم 4 کیلوگرم و شتاب آن 1 متر بر مجذور ثانیه باشد، نیروی خالص وارد بر آن چند نیوتن است؟","4","8","3","8","A","طبق رابطه F=ma، حاصل 4×1 برابر 4 نیوتن است.","ترنم همدلی","original","1405"
"یازدهم","ریاضی","فیزیک","فیزیک","مفاهیم پایه","قانون دوم نیوتن","محاسبه","متوسط","اگر جرم جسم 5 کیلوگرم و شتاب آن 2 متر بر مجذور ثانیه باشد، نیروی خالص وارد بر آن چند نیوتن است؟","10","15","8","20","A","طبق رابطه F=ma، حاصل 5×2 برابر 10 نیوتن است.","ترنم همدلی","original","1405"
"یازدهم","ریاضی","فیزیک","فیزیک","مفاهیم پایه","قانون دوم نیوتن","محاسبه","متوسط","اگر جرم جسم 6 کیلوگرم و شتاب آن 3 متر بر مجذور ثانیه باشد، نیروی خالص وارد بر آن چند نیوتن است؟","18","24","15","36","A","طبق رابطه F=ma، حاصل 6×3 برابر 18 نیوتن است.","ترنم همدلی","original","1405"
"یازدهم","ریاضی","فیزیک","فیزیک","مفاهیم پایه","قانون دوم نیوتن","محاسبه","متوسط","اگر جرم جسم 7 کیلوگرم و شتاب آن 4 متر بر مجذور ثانیه باشد، نیروی خالص وارد بر آن چند نیوتن است؟","28","35","24","56","A","طبق رابطه F=ma، حاصل 7×4 برابر 28 نیوتن است.","ترنم همدلی","original","1405"
"یازدهم","ریاضی","فیزیک","فیزیک","مفاهیم پایه","قانون دوم نیوتن","محاسبه","آسان","اگر جرم جسم 8 کیلوگرم و شتاب آن 5 متر بر مجذور ثانیه باشد، نیروی خالص وارد بر آن چند نیوتن است؟","40","48","35","80","A","طبق رابطه F=ma، حاصل 8×5 برابر 40 نیوتن است.","ترنم همدلی","original","1405"
"یازدهم","ریاضی","فیزیک","فیزیک","مفاهیم پایه","قانون دوم نیوتن","محاسبه","متوسط","اگر جرم جسم 9 کیلوگرم و شتاب آن 6 متر بر مجذور ثانیه باشد، نیروی خالص وارد بر آن چند نیوتن است؟","54","63","48","108","A","طبق رابطه F=ma، حاصل 9×6 برابر 54 نیوتن است.","ترنم همدلی","original","1405"
"یازدهم","ریاضی","فیزیک","فیزیک","مفاهیم پایه","قانون دوم نیوتن","محاسبه","متوسط","اگر جرم جسم 10 کیلوگرم و شتاب آن 7 متر بر مجذور ثانیه باشد، نیروی خالص وارد بر آن چند نیوتن است؟","70","80","63","140","A","طبق رابطه F=ma، حاصل 10×7 برابر 70 نیوتن است.","ترنم همدلی","original","1405"
"یازدهم","ریاضی","فیزیک","فیزیک","مفاهیم پایه","قانون دوم نیوتن","محاسبه","متوسط","اگر جرم جسم 2 کیلوگرم و شتاب آن 8 متر بر مجذور ثانیه باشد، نیروی خالص وارد بر آن چند نیوتن است؟","16","18","8","32","A","طبق رابطه F=ma، حاصل 2×8 برابر 16 نیوتن است.","ترنم همدلی","original","1405"
"یازدهم","ریاضی","فیزیک","فیزیک","مفاهیم پایه","قانون دوم نیوتن","محاسبه","آسان","اگر جرم جسم 3 کیلوگرم و شتاب آن 1 متر بر مجذور ثانیه باشد، نیروی خالص وارد بر آن چند نیوتن است؟","3","6","2","6","A","طبق رابطه F=ma، حاصل 3×1 برابر 3 نیوتن است.","ترنم همدلی","original","1405"
"یازدهم","ریاضی","فیزیک","فیزیک","مفاهیم پایه","قانون دوم نیوتن","محاسبه","متوسط","اگر جرم جسم 4 کیلوگرم و شتاب آن 2 متر بر مجذور ثانیه باشد، نیروی خالص وارد بر آن چند نیوتن است؟","8","12","6","16","A","طبق رابطه F=ma، حاصل 4×2 برابر 8 نیوتن است.","ترنم همدلی","original","1405"
"یازدهم","ریاضی","فیزیک","فیزیک","مفاهیم پایه","قانون دوم نیوتن","محاسبه","متوسط","اگر جرم جسم 5 کیلوگرم و شتاب آن 3 متر بر مجذور ثانیه باشد، نیروی خالص وارد بر آن چند نیوتن است؟","15","20","12","30","A","طبق رابطه F=ma، حاصل 5×3 برابر 15 نیوتن است.","ترنم همدلی","original","1405"
"یازدهم","ریاضی","فیزیک","فیزیک","مفاهیم پایه","قانون دوم نیوتن","محاسبه","متوسط","اگر جرم جسم 6 کیلوگرم و شتاب آن 4 متر بر مجذور ثانیه باشد، نیروی خالص وارد بر آن چند نیوتن است؟","24","30","20","48","A","طبق رابطه F=ma، حاصل 6×4 برابر 24 نیوتن است.","ترنم همدلی","original","1405"
"یازدهم","ریاضی","فیزیک","فیزیک","مفاهیم پایه","قانون دوم نیوتن","محاسبه","آسان","اگر جرم جسم 7 کیلوگرم و شتاب آن 5 متر بر مجذور ثانیه باشد، نیروی خالص وارد بر آن چند نیوتن است؟","35","42","30","70","A","طبق رابطه F=ma، حاصل 7×5 برابر 35 نیوتن است.","ترنم همدلی","original","1405"
"یازدهم","ریاضی","فیزیک","فیزیک","مفاهیم پایه","قانون دوم نیوتن","محاسبه","متوسط","اگر جرم جسم 8 کیلوگرم و شتاب آن 6 متر بر مجذور ثانیه باشد، نیروی خالص وارد بر آن چند نیوتن است؟","48","56","42","96","A","طبق رابطه F=ma، حاصل 8×6 برابر 48 نیوتن است.","ترنم همدلی","original","1405"
"یازدهم","ریاضی","فیزیک","فیزیک","مفاهیم پایه","قانون دوم نیوتن","محاسبه","متوسط","اگر جرم جسم 9 کیلوگرم و شتاب آن 7 متر بر مجذور ثانیه باشد، نیروی خالص وارد بر آن چند نیوتن است؟","63","72","56","126","A","طبق رابطه F=ma، حاصل 9×7 برابر 63 نیوتن است.","ترنم همدلی","original","1405"
"یازدهم","ریاضی","فیزیک","فیزیک","مفاهیم پایه","قانون دوم نیوتن","محاسبه","متوسط","اگر جرم جسم 10 کیلوگرم و شتاب آن 8 متر بر مجذور ثانیه باشد، نیروی خالص وارد بر آن چند نیوتن است؟","80","90","72","160","A","طبق رابطه F=ma، حاصل 10×8 برابر 80 نیوتن است.","ترنم همدلی","original","1405"
"یازدهم","ریاضی","فیزیک","فیزیک","مفاهیم پایه","قانون دوم نیوتن","محاسبه","آسان","اگر جرم جسم 2 کیلوگرم و شتاب آن 1 متر بر مجذور ثانیه باشد، نیروی خالص وارد بر آن چند نیوتن است؟","2","4","1","4","A","طبق رابطه F=ma، حاصل 2×1 برابر 2 نیوتن است.","ترنم همدلی","original","1405"
"یازدهم","ریاضی","فیزیک","فیزیک","مفاهیم پایه","قانون دوم نیوتن","محاسبه","متوسط","اگر جرم جسم 3 کیلوگرم و شتاب آن 2 متر بر مجذور ثانیه باشد، نیروی خالص وارد بر آن چند نیوتن است؟","6","9","4","12","A","طبق رابطه F=ma، حاصل 3×2 برابر 6 نیوتن است.","ترنم همدلی","original","1405"
"یازدهم","ریاضی","فیزیک","فیزیک","مفاهیم پایه","قانون دوم نیوتن","محاسبه","متوسط","اگر جرم جسم 4 کیلوگرم و شتاب آن 3 متر بر مجذور ثانیه باشد، نیروی خالص وارد بر آن چند نیوتن است؟","12","16","9","24","A","طبق رابطه F=ma، حاصل 4×3 برابر 12 نیوتن است.","ترنم همدلی","original","1405"
"یازدهم","ریاضی","فیزیک","فیزیک","مفاهیم پایه","قانون دوم نیوتن","محاسبه","متوسط","اگر جرم جسم 5 کیلوگرم و شتاب آن 4 متر بر مجذور ثانیه باشد، نیروی خالص وارد بر آن چند نیوتن است؟","20","25","16","40","A","طبق رابطه F=ma، حاصل 5×4 برابر 20 نیوتن است.","ترنم همدلی","original","1405"
"یازدهم","ریاضی","فیزیک","فیزیک","مفاهیم پایه","قانون دوم نیوتن","محاسبه","آسان","اگر جرم جسم 6 کیلوگرم و شتاب آن 5 متر بر مجذور ثانیه باشد، نیروی خالص وارد بر آن چند نیوتن است؟","30","36","25","60","A","طبق رابطه F=ma، حاصل 6×5 برابر 30 نیوتن است.","ترنم همدلی","original","1405"
"یازدهم","ریاضی","فیزیک","فیزیک","مفاهیم پایه","قانون دوم نیوتن","محاسبه","متوسط","اگر جرم جسم 7 کیلوگرم و شتاب آن 6 متر بر مجذور ثانیه باشد، نیروی خالص وارد بر آن چند نیوتن است؟","42","49","36","84","A","طبق رابطه F=ma، حاصل 7×6 برابر 42 نیوتن است.","ترنم همدلی","original","1405"
"یازدهم","ریاضی","فیزیک","فیزیک","مفاهیم پایه","قانون دوم نیوتن","محاسبه","متوسط","اگر جرم جسم 8 کیلوگرم و شتاب آن 7 متر بر مجذور ثانیه باشد، نیروی خالص وارد بر آن چند نیوتن است؟","56","64","49","112","A","طبق رابطه F=ma، حاصل 8×7 برابر 56 نیوتن است.","ترنم همدلی","original","1405"
"یازدهم","ریاضی","فیزیک","فیزیک","مفاهیم پایه","قانون دوم نیوتن","محاسبه","متوسط","اگر جرم جسم 9 کیلوگرم و شتاب آن 8 متر بر مجذور ثانیه باشد، نیروی خالص وارد بر آن چند نیوتن است؟","72","81","64","144","A","طبق رابطه F=ma، حاصل 9×8 برابر 72 نیوتن است.","ترنم همدلی","original","1405"
"یازدهم","ریاضی","فیزیک","فیزیک","مفاهیم پایه","قانون دوم نیوتن","محاسبه","آسان","اگر جرم جسم 10 کیلوگرم و شتاب آن 1 متر بر مجذور ثانیه باشد، نیروی خالص وارد بر آن چند نیوتن است؟","10","20","9","20","A","طبق رابطه F=ma، حاصل 10×1 برابر 10 نیوتن است.","ترنم همدلی","original","1405"
"یازدهم","ریاضی","فیزیک","فیزیک","مفاهیم پایه","قانون دوم نیوتن","محاسبه","متوسط","اگر جرم جسم 2 کیلوگرم و شتاب آن 2 متر بر مجذور ثانیه باشد، نیروی خالص وارد بر آن چند نیوتن است؟","4","6","2","8","A","طبق رابطه F=ma، حاصل 2×2 برابر 4 نیوتن است.","ترنم همدلی","original","1405"
"یازدهم","ریاضی","فیزیک","فیزیک","مفاهیم پایه","قانون دوم نیوتن","محاسبه","متوسط","اگر جرم جسم 3 کیلوگرم و شتاب آن 3 متر بر مجذور ثانیه باشد، نیروی خالص وارد بر آن چند نیوتن است؟","9","12","6","18","A","طبق رابطه F=ma، حاصل 3×3 برابر 9 نیوتن است.","ترنم همدلی","original","1405"
"یازدهم","ریاضی","فیزیک","فیزیک","مفاهیم پایه","قانون دوم نیوتن","محاسبه","متوسط","اگر جرم جسم 4 کیلوگرم و شتاب آن 4 متر بر مجذور ثانیه باشد، نیروی خالص وارد بر آن چند نیوتن است؟","16","20","12","32","A","طبق رابطه F=ma، حاصل 4×4 برابر 16 نیوتن است.","ترنم همدلی","original","1405"
"یازدهم","ریاضی","فیزیک","فیزیک","مفاهیم پایه","قانون دوم نیوتن","محاسبه","آسان","اگر جرم جسم 5 کیلوگرم و شتاب آن 5 متر بر مجذور ثانیه باشد، نیروی خالص وارد بر آن چند نیوتن است؟","25","30","20","50","A","طبق رابطه F=ma، حاصل 5×5 برابر 25 نیوتن است.","ترنم همدلی","original","1405"
"یازدهم","ریاضی","فیزیک","فیزیک","مفاهیم پایه","قانون دوم نیوتن","محاسبه","متوسط","اگر جرم جسم 6 کیلوگرم و شتاب آن 6 متر بر مجذور ثانیه باشد، نیروی خالص وارد بر آن چند نیوتن است؟","36","42","30","72","A","طبق رابطه F=ma، حاصل 6×6 برابر 36 نیوتن است.","ترنم همدلی","original","1405"
"یازدهم","ریاضی","فیزیک","فیزیک","مفاهیم پایه","قانون دوم نیوتن","محاسبه","متوسط","اگر جرم جسم 7 کیلوگرم و شتاب آن 7 متر بر مجذور ثانیه باشد، نیروی خالص وارد بر آن چند نیوتن است؟","49","56","42","98","A","طبق رابطه F=ma، حاصل 7×7 برابر 49 نیوتن است.","ترنم همدلی","original","1405"
"یازدهم","ریاضی","فیزیک","فیزیک","مفاهیم پایه","قانون دوم نیوتن","محاسبه","متوسط","اگر جرم جسم 8 کیلوگرم و شتاب آن 8 متر بر مجذور ثانیه باشد، نیروی خالص وارد بر آن چند نیوتن است؟","64","72","56","128","A","طبق رابطه F=ma، حاصل 8×8 برابر 64 نیوتن است.","ترنم همدلی","original","1405"
"یازدهم","ریاضی","فیزیک","فیزیک","مفاهیم پایه","قانون دوم نیوتن","محاسبه","آسان","اگر جرم جسم 9 کیلوگرم و شتاب آن 1 متر بر مجذور ثانیه باشد، نیروی خالص وارد بر آن چند نیوتن است؟","9","18","8","18","A","طبق رابطه F=ma، حاصل 9×1 برابر 9 نیوتن است.","ترنم همدلی","original","1405"
"یازدهم","ریاضی","فیزیک","فیزیک","مفاهیم پایه","قانون دوم نیوتن","محاسبه","متوسط","اگر جرم جسم 10 کیلوگرم و شتاب آن 2 متر بر مجذور ثانیه باشد، نیروی خالص وارد بر آن چند نیوتن است؟","20","30","18","40","A","طبق رابطه F=ma، حاصل 10×2 برابر 20 نیوتن است.","ترنم همدلی","original","1405"
"یازدهم","ریاضی","فیزیک","فیزیک","مفاهیم پایه","قانون دوم نیوتن","محاسبه","متوسط","اگر جرم جسم 2 کیلوگرم و شتاب آن 3 متر بر مجذور ثانیه باشد، نیروی خالص وارد بر آن چند نیوتن است؟","6","8","3","12","A","طبق رابطه F=ma، حاصل 2×3 برابر 6 نیوتن است.","ترنم همدلی","original","1405"
"یازدهم","ریاضی","فیزیک","فیزیک","مفاهیم پایه","قانون دوم نیوتن","محاسبه","متوسط","اگر جرم جسم 3 کیلوگرم و شتاب آن 4 متر بر مجذور ثانیه باشد، نیروی خالص وارد بر آن چند نیوتن است؟","12","15","8","24","A","طبق رابطه F=ma، حاصل 3×4 برابر 12 نیوتن است.","ترنم همدلی","original","1405"
"یازدهم","ریاضی","فیزیک","فیزیک","مفاهیم پایه","قانون دوم نیوتن","محاسبه","آسان","اگر جرم جسم 4 کیلوگرم و شتاب آن 5 متر بر مجذور ثانیه باشد، نیروی خالص وارد بر آن چند نیوتن است؟","20","24","15","40","A","طبق رابطه F=ma، حاصل 4×5 برابر 20 نیوتن است.","ترنم همدلی","original","1405"
"یازدهم","ریاضی","فیزیک","فیزیک","مفاهیم پایه","قانون دوم نیوتن","محاسبه","متوسط","اگر جرم جسم 5 کیلوگرم و شتاب آن 6 متر بر مجذور ثانیه باشد، نیروی خالص وارد بر آن چند نیوتن است؟","30","35","24","60","A","طبق رابطه F=ma، حاصل 5×6 برابر 30 نیوتن است.","ترنم همدلی","original","1405"
"یازدهم","ریاضی","فیزیک","فیزیک","مفاهیم پایه","قانون دوم نیوتن","محاسبه","متوسط","اگر جرم جسم 6 کیلوگرم و شتاب آن 7 متر بر مجذور ثانیه باشد، نیروی خالص وارد بر آن چند نیوتن است؟","42","48","35","84","A","طبق رابطه F=ma، حاصل 6×7 برابر 42 نیوتن است.","ترنم همدلی","original","1405"
"یازدهم","ریاضی","فیزیک","فیزیک","مفاهیم پایه","قانون دوم نیوتن","محاسبه","متوسط","اگر جرم جسم 7 کیلوگرم و شتاب آن 8 متر بر مجذور ثانیه باشد، نیروی خالص وارد بر آن چند نیوتن است؟","56","63","48","112","A","طبق رابطه F=ma، حاصل 7×8 برابر 56 نیوتن است.","ترنم همدلی","original","1405"
"یازدهم","ریاضی","فیزیک","فیزیک","مفاهیم پایه","قانون دوم نیوتن","محاسبه","آسان","اگر جرم جسم 8 کیلوگرم و شتاب آن 1 متر بر مجذور ثانیه باشد، نیروی خالص وارد بر آن چند نیوتن است؟","8","16","7","16","A","طبق رابطه F=ma، حاصل 8×1 برابر 8 نیوتن است.","ترنم همدلی","original","1405"
"یازدهم","ریاضی","فیزیک","فیزیک","مفاهیم پایه","قانون دوم نیوتن","محاسبه","متوسط","اگر جرم جسم 9 کیلوگرم و شتاب آن 2 متر بر مجذور ثانیه باشد، نیروی خالص وارد بر آن چند نیوتن است؟","18","27","16","36","A","طبق رابطه F=ma، حاصل 9×2 برابر 18 نیوتن است.","ترنم همدلی","original","1405"
"یازدهم","ریاضی","فیزیک","فیزیک","مفاهیم پایه","قانون دوم نیوتن","محاسبه","متوسط","اگر جرم جسم 10 کیلوگرم و شتاب آن 3 متر بر مجذور ثانیه باشد، نیروی خالص وارد بر آن چند نیوتن است؟","30","40","27","60","A","طبق رابطه F=ma، حاصل 10×3 برابر 30 نیوتن است.","ترنم همدلی","original","1405"
"یازدهم","ریاضی","فیزیک","فیزیک","مفاهیم پایه","قانون دوم نیوتن","محاسبه","متوسط","اگر جرم جسم 2 کیلوگرم و شتاب آن 4 متر بر مجذور ثانیه باشد، نیروی خالص وارد بر آن چند نیوتن است؟","8","10","4","16","A","طبق رابطه F=ma، حاصل 2×4 برابر 8 نیوتن است.","ترنم همدلی","original","1405"
"دوازدهم","ریاضی","فیزیک","فیزیک","مفاهیم پایه","قانون دوم نیوتن","محاسبه","آسان","اگر جرم جسم 2 کیلوگرم و شتاب آن 1 متر بر مجذور ثانیه باشد، نیروی خالص وارد بر آن چند نیوتن است؟","2","4","1","4","A","طبق رابطه F=ma، حاصل 2×1 برابر 2 نیوتن است.","ترنم همدلی","original","1405"
"دوازدهم","ریاضی","فیزیک","فیزیک","مفاهیم پایه","قانون دوم نیوتن","محاسبه","متوسط","اگر جرم جسم 3 کیلوگرم و شتاب آن 2 متر بر مجذور ثانیه باشد، نیروی خالص وارد بر آن چند نیوتن است؟","6","9","4","12","A","طبق رابطه F=ma، حاصل 3×2 برابر 6 نیوتن است.","ترنم همدلی","original","1405"
"دوازدهم","ریاضی","فیزیک","فیزیک","مفاهیم پایه","قانون دوم نیوتن","محاسبه","متوسط","اگر جرم جسم 4 کیلوگرم و شتاب آن 3 متر بر مجذور ثانیه باشد، نیروی خالص وارد بر آن چند نیوتن است؟","12","16","9","24","A","طبق رابطه F=ma، حاصل 4×3 برابر 12 نیوتن است.","ترنم همدلی","original","1405"
"دوازدهم","ریاضی","فیزیک","فیزیک","مفاهیم پایه","قانون دوم نیوتن","محاسبه","متوسط","اگر جرم جسم 5 کیلوگرم و شتاب آن 4 متر بر مجذور ثانیه باشد، نیروی خالص وارد بر آن چند نیوتن است؟","20","25","16","40","A","طبق رابطه F=ma، حاصل 5×4 برابر 20 نیوتن است.","ترنم همدلی","original","1405"
"دوازدهم","ریاضی","فیزیک","فیزیک","مفاهیم پایه","قانون دوم نیوتن","محاسبه","آسان","اگر جرم جسم 6 کیلوگرم و شتاب آن 5 متر بر مجذور ثانیه باشد، نیروی خالص وارد بر آن چند نیوتن است؟","30","36","25","60","A","طبق رابطه F=ma، حاصل 6×5 برابر 30 نیوتن است.","ترنم همدلی","original","1405"
"دوازدهم","ریاضی","فیزیک","فیزیک","مفاهیم پایه","قانون دوم نیوتن","محاسبه","متوسط","اگر جرم جسم 7 کیلوگرم و شتاب آن 6 متر بر مجذور ثانیه باشد، نیروی خالص وارد بر آن چند نیوتن است؟","42","49","36","84","A","طبق رابطه F=ma، حاصل 7×6 برابر 42 نیوتن است.","ترنم همدلی","original","1405"
"دوازدهم","ریاضی","فیزیک","فیزیک","مفاهیم پایه","قانون دوم نیوتن","محاسبه","متوسط","اگر جرم جسم 8 کیلوگرم و شتاب آن 7 متر بر مجذور ثانیه باشد، نیروی خالص وارد بر آن چند نیوتن است؟","56","64","49","112","A","طبق رابطه F=ma، حاصل 8×7 برابر 56 نیوتن است.","ترنم همدلی","original","1405"
"دوازدهم","ریاضی","فیزیک","فیزیک","مفاهیم پایه","قانون دوم نیوتن","محاسبه","متوسط","اگر جرم جسم 9 کیلوگرم و شتاب آن 8 متر بر مجذور ثانیه باشد، نیروی خالص وارد بر آن چند نیوتن است؟","72","81","64","144","A","طبق رابطه F=ma، حاصل 9×8 برابر 72 نیوتن است.","ترنم همدلی","original","1405"
"دوازدهم","ریاضی","فیزیک","فیزیک","مفاهیم پایه","قانون دوم نیوتن","محاسبه","آسان","اگر جرم جسم 10 کیلوگرم و شتاب آن 1 متر بر مجذور ثانیه باشد، نیروی خالص وارد بر آن چند نیوتن است؟","10","20","9","20","A","طبق رابطه F=ma، حاصل 10×1 برابر 10 نیوتن است.","ترنم همدلی","original","1405"
"دوازدهم","ریاضی","فیزیک","فیزیک","مفاهیم پایه","قانون دوم نیوتن","محاسبه","متوسط","اگر جرم جسم 2 کیلوگرم و شتاب آن 2 متر بر مجذور ثانیه باشد، نیروی خالص وارد بر آن چند نیوتن است؟","4","6","2","8","A","طبق رابطه F=ma، حاصل 2×2 برابر 4 نیوتن است.","ترنم همدلی","original","1405"
"دوازدهم","ریاضی","فیزیک","فیزیک","مفاهیم پایه","قانون دوم نیوتن","محاسبه","متوسط","اگر جرم جسم 3 کیلوگرم و شتاب آن 3 متر بر مجذور ثانیه باشد، نیروی خالص وارد بر آن چند نیوتن است؟","9","12","6","18","A","طبق رابطه F=ma، حاصل 3×3 برابر 9 نیوتن است.","ترنم همدلی","original","1405"
"دوازدهم","ریاضی","فیزیک","فیزیک","مفاهیم پایه","قانون دوم نیوتن","محاسبه","متوسط","اگر جرم جسم 4 کیلوگرم و شتاب آن 4 متر بر مجذور ثانیه باشد، نیروی خالص وارد بر آن چند نیوتن است؟","16","20","12","32","A","طبق رابطه F=ma، حاصل 4×4 برابر 16 نیوتن است.","ترنم همدلی","original","1405"
"دوازدهم","ریاضی","فیزیک","فیزیک","مفاهیم پایه","قانون دوم نیوتن","محاسبه","آسان","اگر جرم جسم 5 کیلوگرم و شتاب آن 5 متر بر مجذور ثانیه باشد، نیروی خالص وارد بر آن چند نیوتن است؟","25","30","20","50","A","طبق رابطه F=ma، حاصل 5×5 برابر 25 نیوتن است.","ترنم همدلی","original","1405"
"دوازدهم","ریاضی","فیزیک","فیزیک","مفاهیم پایه","قانون دوم نیوتن","محاسبه","متوسط","اگر جرم جسم 6 کیلوگرم و شتاب آن 6 متر بر مجذور ثانیه باشد، نیروی خالص وارد بر آن چند نیوتن است؟","36","42","30","72","A","طبق رابطه F=ma، حاصل 6×6 برابر 36 نیوتن است.","ترنم همدلی","original","1405"
"دوازدهم","ریاضی","فیزیک","فیزیک","مفاهیم پایه","قانون دوم نیوتن","محاسبه","متوسط","اگر جرم جسم 7 کیلوگرم و شتاب آن 7 متر بر مجذور ثانیه باشد، نیروی خالص وارد بر آن چند نیوتن است؟","49","56","42","98","A","طبق رابطه F=ma، حاصل 7×7 برابر 49 نیوتن است.","ترنم همدلی","original","1405"
"دوازدهم","ریاضی","فیزیک","فیزیک","مفاهیم پایه","قانون دوم نیوتن","محاسبه","متوسط","اگر جرم جسم 8 کیلوگرم و شتاب آن 8 متر بر مجذور ثانیه باشد، نیروی خالص وارد بر آن چند نیوتن است؟","64","72","56","128","A","طبق رابطه F=ma، حاصل 8×8 برابر 64 نیوتن است.","ترنم همدلی","original","1405"
"دوازدهم","ریاضی","فیزیک","فیزیک","مفاهیم پایه","قانون دوم نیوتن","محاسبه","آسان","اگر جرم جسم 9 کیلوگرم و شتاب آن 1 متر بر مجذور ثانیه باشد، نیروی خالص وارد بر آن چند نیوتن است؟","9","18","8","18","A","طبق رابطه F=ma، حاصل 9×1 برابر 9 نیوتن است.","ترنم همدلی","original","1405"
"دوازدهم","ریاضی","فیزیک","فیزیک","مفاهیم پایه","قانون دوم نیوتن","محاسبه","متوسط","اگر جرم جسم 10 کیلوگرم و شتاب آن 2 متر بر مجذور ثانیه باشد، نیروی خالص وارد بر آن چند نیوتن است؟","20","30","18","40","A","طبق رابطه F=ma، حاصل 10×2 برابر 20 نیوتن است.","ترنم همدلی","original","1405"
"دوازدهم","ریاضی","فیزیک","فیزیک","مفاهیم پایه","قانون دوم نیوتن","محاسبه","متوسط","اگر جرم جسم 2 کیلوگرم و شتاب آن 3 متر بر مجذور ثانیه باشد، نیروی خالص وارد بر آن چند نیوتن است؟","6","8","3","12","A","طبق رابطه F=ma، حاصل 2×3 برابر 6 نیوتن است.","ترنم همدلی","original","1405"
"دوازدهم","ریاضی","فیزیک","فیزیک","مفاهیم پایه","قانون دوم نیوتن","محاسبه","متوسط","اگر جرم جسم 3 کیلوگرم و شتاب آن 4 متر بر مجذور ثانیه باشد، نیروی خالص وارد بر آن چند نیوتن است؟","12","15","8","24","A","طبق رابطه F=ma، حاصل 3×4 برابر 12 نیوتن است.","ترنم همدلی","original","1405"
"دوازدهم","ریاضی","فیزیک","فیزیک","مفاهیم پایه","قانون دوم نیوتن","محاسبه","آسان","اگر جرم جسم 4 کیلوگرم و شتاب آن 5 متر بر مجذور ثانیه باشد، نیروی خالص وارد بر آن چند نیوتن است؟","20","24","15","40","A","طبق رابطه F=ma، حاصل 4×5 برابر 20 نیوتن است.","ترنم همدلی","original","1405"
"دوازدهم","ریاضی","فیزیک","فیزیک","مفاهیم پایه","قانون دوم نیوتن","محاسبه","متوسط","اگر جرم جسم 5 کیلوگرم و شتاب آن 6 متر بر مجذور ثانیه باشد، نیروی خالص وارد بر آن چند نیوتن است؟","30","35","24","60","A","طبق رابطه F=ma، حاصل 5×6 برابر 30 نیوتن است.","ترنم همدلی","original","1405"
"دوازدهم","ریاضی","فیزیک","فیزیک","مفاهیم پایه","قانون دوم نیوتن","محاسبه","متوسط","اگر جرم جسم 6 کیلوگرم و شتاب آن 7 متر بر مجذور ثانیه باشد، نیروی خالص وارد بر آن چند نیوتن است؟","42","48","35","84","A","طبق رابطه F=ma، حاصل 6×7 برابر 42 نیوتن است.","ترنم همدلی","original","1405"
"دوازدهم","ریاضی","فیزیک","فیزیک","مفاهیم پایه","قانون دوم نیوتن","محاسبه","متوسط","اگر جرم جسم 7 کیلوگرم و شتاب آن 8 متر بر مجذور ثانیه باشد، نیروی خالص وارد بر آن چند نیوتن است؟","56","63","48","112","A","طبق رابطه F=ma، حاصل 7×8 برابر 56 نیوتن است.","ترنم همدلی","original","1405"
"دوازدهم","ریاضی","فیزیک","فیزیک","مفاهیم پایه","قانون دوم نیوتن","محاسبه","آسان","اگر جرم جسم 8 کیلوگرم و شتاب آن 1 متر بر مجذور ثانیه باشد، نیروی خالص وارد بر آن چند نیوتن است؟","8","16","7","16","A","طبق رابطه F=ma، حاصل 8×1 برابر 8 نیوتن است.","ترنم همدلی","original","1405"
"دوازدهم","ریاضی","فیزیک","فیزیک","مفاهیم پایه","قانون دوم نیوتن","محاسبه","متوسط","اگر جرم جسم 9 کیلوگرم و شتاب آن 2 متر بر مجذور ثانیه باشد، نیروی خالص وارد بر آن چند نیوتن است؟","18","27","16","36","A","طبق رابطه F=ma، حاصل 9×2 برابر 18 نیوتن است.","ترنم همدلی","original","1405"
"دوازدهم","ریاضی","فیزیک","فیزیک","مفاهیم پایه","قانون دوم نیوتن","محاسبه","متوسط","اگر جرم جسم 10 کیلوگرم و شتاب آن 3 متر بر مجذور ثانیه باشد، نیروی خالص وارد بر آن چند نیوتن است؟","30","40","27","60","A","طبق رابطه F=ma، حاصل 10×3 برابر 30 نیوتن است.","ترنم همدلی","original","1405"
"دوازدهم","ریاضی","فیزیک","فیزیک","مفاهیم پایه","قانون دوم نیوتن","محاسبه","متوسط","اگر جرم جسم 2 کیلوگرم و شتاب آن 4 متر بر مجذور ثانیه باشد، نیروی خالص وارد بر آن چند نیوتن است؟","8","10","4","16","A","طبق رابطه F=ma، حاصل 2×4 برابر 8 نیوتن است.","ترنم همدلی","original","1405"
"دوازدهم","ریاضی","فیزیک","فیزیک","مفاهیم پایه","قانون دوم نیوتن","محاسبه","آسان","اگر جرم جسم 3 کیلوگرم و شتاب آن 5 متر بر مجذور ثانیه باشد، نیروی خالص وارد بر آن چند نیوتن است؟","15","18","10","30","A","طبق رابطه F=ma، حاصل 3×5 برابر 15 نیوتن است.","ترنم همدلی","original","1405"
"دوازدهم","ریاضی","فیزیک","فیزیک","مفاهیم پایه","قانون دوم نیوتن","محاسبه","متوسط","اگر جرم جسم 4 کیلوگرم و شتاب آن 6 متر بر مجذور ثانیه باشد، نیروی خالص وارد بر آن چند نیوتن است؟","24","28","18","48","A","طبق رابطه F=ma، حاصل 4×6 برابر 24 نیوتن است.","ترنم همدلی","original","1405"
"دوازدهم","ریاضی","فیزیک","فیزیک","مفاهیم پایه","قانون دوم نیوتن","محاسبه","متوسط","اگر جرم جسم 5 کیلوگرم و شتاب آن 7 متر بر مجذور ثانیه باشد، نیروی خالص وارد بر آن چند نیوتن است؟","35","40","28","70","A","طبق رابطه F=ma، حاصل 5×7 برابر 35 نیوتن است.","ترنم همدلی","original","1405"
"دوازدهم","ریاضی","فیزیک","فیزیک","مفاهیم پایه","قانون دوم نیوتن","محاسبه","متوسط","اگر جرم جسم 6 کیلوگرم و شتاب آن 8 متر بر مجذور ثانیه باشد، نیروی خالص وارد بر آن چند نیوتن است؟","48","54","40","96","A","طبق رابطه F=ma، حاصل 6×8 برابر 48 نیوتن است.","ترنم همدلی","original","1405"
"دوازدهم","ریاضی","فیزیک","فیزیک","مفاهیم پایه","قانون دوم نیوتن","محاسبه","آسان","اگر جرم جسم 7 کیلوگرم و شتاب آن 1 متر بر مجذور ثانیه باشد، نیروی خالص وارد بر آن چند نیوتن است؟","7","14","6","14","A","طبق رابطه F=ma، حاصل 7×1 برابر 7 نیوتن است.","ترنم همدلی","original","1405"
"دوازدهم","ریاضی","فیزیک","فیزیک","مفاهیم پایه","قانون دوم نیوتن","محاسبه","متوسط","اگر جرم جسم 8 کیلوگرم و شتاب آن 2 متر بر مجذور ثانیه باشد، نیروی خالص وارد بر آن چند نیوتن است؟","16","24","14","32","A","طبق رابطه F=ma، حاصل 8×2 برابر 16 نیوتن است.","ترنم همدلی","original","1405"
"دوازدهم","ریاضی","فیزیک","فیزیک","مفاهیم پایه","قانون دوم نیوتن","محاسبه","متوسط","اگر جرم جسم 9 کیلوگرم و شتاب آن 3 متر بر مجذور ثانیه باشد، نیروی خالص وارد بر آن چند نیوتن است؟","27","36","24","54","A","طبق رابطه F=ma، حاصل 9×3 برابر 27 نیوتن است.","ترنم همدلی","original","1405"
"دوازدهم","ریاضی","فیزیک","فیزیک","مفاهیم پایه","قانون دوم نیوتن","محاسبه","متوسط","اگر جرم جسم 10 کیلوگرم و شتاب آن 4 متر بر مجذور ثانیه باشد، نیروی خالص وارد بر آن چند نیوتن است؟","40","50","36","80","A","طبق رابطه F=ma، حاصل 10×4 برابر 40 نیوتن است.","ترنم همدلی","original","1405"
"دوازدهم","ریاضی","فیزیک","فیزیک","مفاهیم پایه","قانون دوم نیوتن","محاسبه","آسان","اگر جرم جسم 2 کیلوگرم و شتاب آن 5 متر بر مجذور ثانیه باشد، نیروی خالص وارد بر آن چند نیوتن است؟","10","12","5","20","A","طبق رابطه F=ma، حاصل 2×5 برابر 10 نیوتن است.","ترنم همدلی","original","1405"
"دوازدهم","ریاضی","فیزیک","فیزیک","مفاهیم پایه","قانون دوم نیوتن","محاسبه","متوسط","اگر جرم جسم 3 کیلوگرم و شتاب آن 6 متر بر مجذور ثانیه باشد، نیروی خالص وارد بر آن چند نیوتن است؟","18","21","12","36","A","طبق رابطه F=ma، حاصل 3×6 برابر 18 نیوتن است.","ترنم همدلی","original","1405"
"دوازدهم","ریاضی","فیزیک","فیزیک","مفاهیم پایه","قانون دوم نیوتن","محاسبه","متوسط","اگر جرم جسم 4 کیلوگرم و شتاب آن 7 متر بر مجذور ثانیه باشد، نیروی خالص وارد بر آن چند نیوتن است؟","28","32","21","56","A","طبق رابطه F=ma، حاصل 4×7 برابر 28 نیوتن است.","ترنم همدلی","original","1405"
"دوازدهم","ریاضی","فیزیک","فیزیک","مفاهیم پایه","قانون دوم نیوتن","محاسبه","متوسط","اگر جرم جسم 5 کیلوگرم و شتاب آن 8 متر بر مجذور ثانیه باشد، نیروی خالص وارد بر آن چند نیوتن است؟","40","45","32","80","A","طبق رابطه F=ma، حاصل 5×8 برابر 40 نیوتن است.","ترنم همدلی","original","1405"
"دوازدهم","ریاضی","فیزیک","فیزیک","مفاهیم پایه","قانون دوم نیوتن","محاسبه","آسان","اگر جرم جسم 6 کیلوگرم و شتاب آن 1 متر بر مجذور ثانیه باشد، نیروی خالص وارد بر آن چند نیوتن است؟","6","12","5","12","A","طبق رابطه F=ma، حاصل 6×1 برابر 6 نیوتن است.","ترنم همدلی","original","1405"
"دوازدهم","ریاضی","فیزیک","فیزیک","مفاهیم پایه","قانون دوم نیوتن","محاسبه","متوسط","اگر جرم جسم 7 کیلوگرم و شتاب آن 2 متر بر مجذور ثانیه باشد، نیروی خالص وارد بر آن چند نیوتن است؟","14","21","12","28","A","طبق رابطه F=ma، حاصل 7×2 برابر 14 نیوتن است.","ترنم همدلی","original","1405"
"دوازدهم","ریاضی","فیزیک","فیزیک","مفاهیم پایه","قانون دوم نیوتن","محاسبه","متوسط","اگر جرم جسم 8 کیلوگرم و شتاب آن 3 متر بر مجذور ثانیه باشد، نیروی خالص وارد بر آن چند نیوتن است؟","24","32","21","48","A","طبق رابطه F=ma، حاصل 8×3 برابر 24 نیوتن است.","ترنم همدلی","original","1405"
"دوازدهم","ریاضی","فیزیک","فیزیک","مفاهیم پایه","قانون دوم نیوتن","محاسبه","متوسط","اگر جرم جسم 9 کیلوگرم و شتاب آن 4 متر بر مجذور ثانیه باشد، نیروی خالص وارد بر آن چند نیوتن است؟","36","45","32","72","A","طبق رابطه F=ma، حاصل 9×4 برابر 36 نیوتن است.","ترنم همدلی","original","1405"
"دوازدهم","ریاضی","فیزیک","فیزیک","مفاهیم پایه","قانون دوم نیوتن","محاسبه","آسان","اگر جرم جسم 10 کیلوگرم و شتاب آن 5 متر بر مجذور ثانیه باشد، نیروی خالص وارد بر آن چند نیوتن است؟","50","60","45","100","A","طبق رابطه F=ma، حاصل 10×5 برابر 50 نیوتن است.","ترنم همدلی","original","1405"
"دوازدهم","ریاضی","فیزیک","فیزیک","مفاهیم پایه","قانون دوم نیوتن","محاسبه","متوسط","اگر جرم جسم 2 کیلوگرم و شتاب آن 6 متر بر مجذور ثانیه باشد، نیروی خالص وارد بر آن چند نیوتن است؟","12","14","6","24","A","طبق رابطه F=ma، حاصل 2×6 برابر 12 نیوتن است.","ترنم همدلی","original","1405"
"دوازدهم","ریاضی","فیزیک","فیزیک","مفاهیم پایه","قانون دوم نیوتن","محاسبه","متوسط","اگر جرم جسم 3 کیلوگرم و شتاب آن 7 متر بر مجذور ثانیه باشد، نیروی خالص وارد بر آن چند نیوتن است؟","21","24","14","42","A","طبق رابطه F=ma، حاصل 3×7 برابر 21 نیوتن است.","ترنم همدلی","original","1405"
"دوازدهم","ریاضی","فیزیک","فیزیک","مفاهیم پایه","قانون دوم نیوتن","محاسبه","متوسط","اگر جرم جسم 4 کیلوگرم و شتاب آن 8 متر بر مجذور ثانیه باشد، نیروی خالص وارد بر آن چند نیوتن است؟","32","36","24","64","A","طبق رابطه F=ma، حاصل 4×8 برابر 32 نیوتن است.","ترنم همدلی","original","1405"
"دوازدهم","ریاضی","فیزیک","فیزیک","مفاهیم پایه","قانون دوم نیوتن","محاسبه","آسان","اگر جرم جسم 5 کیلوگرم و شتاب آن 1 متر بر مجذور ثانیه باشد، نیروی خالص وارد بر آن چند نیوتن است؟","5","10","4","10","A","طبق رابطه F=ma، حاصل 5×1 برابر 5 نیوتن است.","ترنم همدلی","original","1405"
"دوازدهم","ریاضی","فیزیک","فیزیک","مفاهیم پایه","قانون دوم نیوتن","محاسبه","متوسط","اگر جرم جسم 6 کیلوگرم و شتاب آن 2 متر بر مجذور ثانیه باشد، نیروی خالص وارد بر آن چند نیوتن است؟","12","18","10","24","A","طبق رابطه F=ma، حاصل 6×2 برابر 12 نیوتن است.","ترنم همدلی","original","1405"
"دوازدهم","ریاضی","فیزیک","فیزیک","مفاهیم پایه","قانون دوم نیوتن","محاسبه","متوسط","اگر جرم جسم 7 کیلوگرم و شتاب آن 3 متر بر مجذور ثانیه باشد، نیروی خالص وارد بر آن چند نیوتن است؟","21","28","18","42","A","طبق رابطه F=ma، حاصل 7×3 برابر 21 نیوتن است.","ترنم همدلی","original","1405"
"دوازدهم","ریاضی","فیزیک","فیزیک","مفاهیم پایه","قانون دوم نیوتن","محاسبه","متوسط","اگر جرم جسم 8 کیلوگرم و شتاب آن 4 متر بر مجذور ثانیه باشد، نیروی خالص وارد بر آن چند نیوتن است؟","32","40","28","64","A","طبق رابطه F=ma، حاصل 8×4 برابر 32 نیوتن است.","ترنم همدلی","original","1405"
"دوازدهم","ریاضی","فیزیک","فیزیک","مفاهیم پایه","قانون دوم نیوتن","محاسبه","آسان","اگر جرم جسم 9 کیلوگرم و شتاب آن 5 متر بر مجذور ثانیه باشد، نیروی خالص وارد بر آن چند نیوتن است؟","45","54","40","90","A","طبق رابطه F=ma، حاصل 9×5 برابر 45 نیوتن است.","ترنم همدلی","original","1405"
"دوازدهم","ریاضی","فیزیک","فیزیک","مفاهیم پایه","قانون دوم نیوتن","محاسبه","متوسط","اگر جرم جسم 10 کیلوگرم و شتاب آن 6 متر بر مجذور ثانیه باشد، نیروی خالص وارد بر آن چند نیوتن است؟","60","70","54","120","A","طبق رابطه F=ma، حاصل 10×6 برابر 60 نیوتن است.","ترنم همدلی","original","1405"
"دوازدهم","ریاضی","فیزیک","فیزیک","مفاهیم پایه","قانون دوم نیوتن","محاسبه","متوسط","اگر جرم جسم 2 کیلوگرم و شتاب آن 7 متر بر مجذور ثانیه باشد، نیروی خالص وارد بر آن چند نیوتن است؟","14","16","7","28","A","طبق رابطه F=ma، حاصل 2×7 برابر 14 نیوتن است.","ترنم همدلی","original","1405"
"دوازدهم","ریاضی","فیزیک","فیزیک","مفاهیم پایه","قانون دوم نیوتن","محاسبه","متوسط","اگر جرم جسم 3 کیلوگرم و شتاب آن 8 متر بر مجذور ثانیه باشد، نیروی خالص وارد بر آن چند نیوتن است؟","24","27","16","48","A","طبق رابطه F=ma، حاصل 3×8 برابر 24 نیوتن است.","ترنم همدلی","original","1405"
"دوازدهم","ریاضی","فیزیک","فیزیک","مفاهیم پایه","قانون دوم نیوتن","محاسبه","آسان","اگر جرم جسم 4 کیلوگرم و شتاب آن 1 متر بر مجذور ثانیه باشد، نیروی خالص وارد بر آن چند نیوتن است؟","4","8","3","8","A","طبق رابطه F=ma، حاصل 4×1 برابر 4 نیوتن است.","ترنم همدلی","original","1405"
"دوازدهم","ریاضی","فیزیک","فیزیک","مفاهیم پایه","قانون دوم نیوتن","محاسبه","متوسط","اگر جرم جسم 5 کیلوگرم و شتاب آن 2 متر بر مجذور ثانیه باشد، نیروی خالص وارد بر آن چند نیوتن است؟","10","15","8","20","A","طبق رابطه F=ma، حاصل 5×2 برابر 10 نیوتن است.","ترنم همدلی","original","1405"
"دوازدهم","ریاضی","فیزیک","فیزیک","مفاهیم پایه","قانون دوم نیوتن","محاسبه","متوسط","اگر جرم جسم 6 کیلوگرم و شتاب آن 3 متر بر مجذور ثانیه باشد، نیروی خالص وارد بر آن چند نیوتن است؟","18","24","15","36","A","طبق رابطه F=ma، حاصل 6×3 برابر 18 نیوتن است.","ترنم همدلی","original","1405"
"دوازدهم","ریاضی","فیزیک","فیزیک","مفاهیم پایه","قانون دوم نیوتن","محاسبه","متوسط","اگر جرم جسم 7 کیلوگرم و شتاب آن 4 متر بر مجذور ثانیه باشد، نیروی خالص وارد بر آن چند نیوتن است؟","28","35","24","56","A","طبق رابطه F=ma، حاصل 7×4 برابر 28 نیوتن است.","ترنم همدلی","original","1405"
"دوازدهم","ریاضی","فیزیک","فیزیک","مفاهیم پایه","قانون دوم نیوتن","محاسبه","آسان","اگر جرم جسم 8 کیلوگرم و شتاب آن 5 متر بر مجذور ثانیه باشد، نیروی خالص وارد بر آن چند نیوتن است؟","40","48","35","80","A","طبق رابطه F=ma، حاصل 8×5 برابر 40 نیوتن است.","ترنم همدلی","original","1405"
"دوازدهم","ریاضی","فیزیک","فیزیک","مفاهیم پایه","قانون دوم نیوتن","محاسبه","متوسط","اگر جرم جسم 9 کیلوگرم و شتاب آن 6 متر بر مجذور ثانیه باشد، نیروی خالص وارد بر آن چند نیوتن است؟","54","63","48","108","A","طبق رابطه F=ma، حاصل 9×6 برابر 54 نیوتن است.","ترنم همدلی","original","1405"
"دوازدهم","ریاضی","فیزیک","فیزیک","مفاهیم پایه","قانون دوم نیوتن","محاسبه","متوسط","اگر جرم جسم 10 کیلوگرم و شتاب آن 7 متر بر مجذور ثانیه باشد، نیروی خالص وارد بر آن چند نیوتن است؟","70","80","63","140","A","طبق رابطه F=ma، حاصل 10×7 برابر 70 نیوتن است.","ترنم همدلی","original","1405"
"دوازدهم","ریاضی","فیزیک","فیزیک","مفاهیم پایه","قانون دوم نیوتن","محاسبه","متوسط","اگر جرم جسم 2 کیلوگرم و شتاب آن 8 متر بر مجذور ثانیه باشد، نیروی خالص وارد بر آن چند نیوتن است؟","16","18","8","32","A","طبق رابطه F=ma، حاصل 2×8 برابر 16 نیوتن است.","ترنم همدلی","original","1405"
"دوازدهم","ریاضی","فیزیک","فیزیک","مفاهیم پایه","قانون دوم نیوتن","محاسبه","آسان","اگر جرم جسم 3 کیلوگرم و شتاب آن 1 متر بر مجذور ثانیه باشد، نیروی خالص وارد بر آن چند نیوتن است؟","3","6","2","6","A","طبق رابطه F=ma، حاصل 3×1 برابر 3 نیوتن است.","ترنم همدلی","original","1405"
"دوازدهم","ریاضی","فیزیک","فیزیک","مفاهیم پایه","قانون دوم نیوتن","محاسبه","متوسط","اگر جرم جسم 4 کیلوگرم و شتاب آن 2 متر بر مجذور ثانیه باشد، نیروی خالص وارد بر آن چند نیوتن است؟","8","12","6","16","A","طبق رابطه F=ma، حاصل 4×2 برابر 8 نیوتن است.","ترنم همدلی","original","1405"
"دوازدهم","ریاضی","فیزیک","فیزیک","مفاهیم پایه","قانون دوم نیوتن","محاسبه","متوسط","اگر جرم جسم 5 کیلوگرم و شتاب آن 3 متر بر مجذور ثانیه باشد، نیروی خالص وارد بر آن چند نیوتن است؟","15","20","12","30","A","طبق رابطه F=ma، حاصل 5×3 برابر 15 نیوتن است.","ترنم همدلی","original","1405"
"دوازدهم","ریاضی","فیزیک","فیزیک","مفاهیم پایه","قانون دوم نیوتن","محاسبه","متوسط","اگر جرم جسم 6 کیلوگرم و شتاب آن 4 متر بر مجذور ثانیه باشد، نیروی خالص وارد بر آن چند نیوتن است؟","24","30","20","48","A","طبق رابطه F=ma، حاصل 6×4 برابر 24 نیوتن است.","ترنم همدلی","original","1405"
"دوازدهم","ریاضی","فیزیک","فیزیک","مفاهیم پایه","قانون دوم نیوتن","محاسبه","آسان","اگر جرم جسم 7 کیلوگرم و شتاب آن 5 متر بر مجذور ثانیه باشد، نیروی خالص وارد بر آن چند نیوتن است؟","35","42","30","70","A","طبق رابطه F=ma، حاصل 7×5 برابر 35 نیوتن است.","ترنم همدلی","original","1405"
"دوازدهم","ریاضی","فیزیک","فیزیک","مفاهیم پایه","قانون دوم نیوتن","محاسبه","متوسط","اگر جرم جسم 8 کیلوگرم و شتاب آن 6 متر بر مجذور ثانیه باشد، نیروی خالص وارد بر آن چند نیوتن است؟","48","56","42","96","A","طبق رابطه F=ma، حاصل 8×6 برابر 48 نیوتن است.","ترنم همدلی","original","1405"
"دوازدهم","ریاضی","فیزیک","فیزیک","مفاهیم پایه","قانون دوم نیوتن","محاسبه","متوسط","اگر جرم جسم 9 کیلوگرم و شتاب آن 7 متر بر مجذور ثانیه باشد، نیروی خالص وارد بر آن چند نیوتن است؟","63","72","56","126","A","طبق رابطه F=ma، حاصل 9×7 برابر 63 نیوتن است.","ترنم همدلی","original","1405"
"دوازدهم","ریاضی","فیزیک","فیزیک","مفاهیم پایه","قانون دوم نیوتن","محاسبه","متوسط","اگر جرم جسم 10 کیلوگرم و شتاب آن 8 متر بر مجذور ثانیه باشد، نیروی خالص وارد بر آن چند نیوتن است؟","80","90","72","160","A","طبق رابطه F=ma، حاصل 10×8 برابر 80 نیوتن است.","ترنم همدلی","original","1405"
"دوازدهم","ریاضی","فیزیک","فیزیک","مفاهیم پایه","قانون دوم نیوتن","محاسبه","آسان","اگر جرم جسم 2 کیلوگرم و شتاب آن 1 متر بر مجذور ثانیه باشد، نیروی خالص وارد بر آن چند نیوتن است؟","2","4","1","4","A","طبق رابطه F=ma، حاصل 2×1 برابر 2 نیوتن است.","ترنم همدلی","original","1405"
"دوازدهم","ریاضی","فیزیک","فیزیک","مفاهیم پایه","قانون دوم نیوتن","محاسبه","متوسط","اگر جرم جسم 3 کیلوگرم و شتاب آن 2 متر بر مجذور ثانیه باشد، نیروی خالص وارد بر آن چند نیوتن است؟","6","9","4","12","A","طبق رابطه F=ma، حاصل 3×2 برابر 6 نیوتن است.","ترنم همدلی","original","1405"
"دوازدهم","ریاضی","فیزیک","فیزیک","مفاهیم پایه","قانون دوم نیوتن","محاسبه","متوسط","اگر جرم جسم 4 کیلوگرم و شتاب آن 3 متر بر مجذور ثانیه باشد، نیروی خالص وارد بر آن چند نیوتن است؟","12","16","9","24","A","طبق رابطه F=ma، حاصل 4×3 برابر 12 نیوتن است.","ترنم همدلی","original","1405"
"دوازدهم","ریاضی","فیزیک","فیزیک","مفاهیم پایه","قانون دوم نیوتن","محاسبه","متوسط","اگر جرم جسم 5 کیلوگرم و شتاب آن 4 متر بر مجذور ثانیه باشد، نیروی خالص وارد بر آن چند نیوتن است؟","20","25","16","40","A","طبق رابطه F=ma، حاصل 5×4 برابر 20 نیوتن است.","ترنم همدلی","original","1405"
"دوازدهم","ریاضی","فیزیک","فیزیک","مفاهیم پایه","قانون دوم نیوتن","محاسبه","آسان","اگر جرم جسم 6 کیلوگرم و شتاب آن 5 متر بر مجذور ثانیه باشد، نیروی خالص وارد بر آن چند نیوتن است؟","30","36","25","60","A","طبق رابطه F=ma، حاصل 6×5 برابر 30 نیوتن است.","ترنم همدلی","original","1405"
"دوازدهم","ریاضی","فیزیک","فیزیک","مفاهیم پایه","قانون دوم نیوتن","محاسبه","متوسط","اگر جرم جسم 7 کیلوگرم و شتاب آن 6 متر بر مجذور ثانیه باشد، نیروی خالص وارد بر آن چند نیوتن است؟","42","49","36","84","A","طبق رابطه F=ma، حاصل 7×6 برابر 42 نیوتن است.","ترنم همدلی","original","1405"
"دوازدهم","ریاضی","فیزیک","فیزیک","مفاهیم پایه","قانون دوم نیوتن","محاسبه","متوسط","اگر جرم جسم 8 کیلوگرم و شتاب آن 7 متر بر مجذور ثانیه باشد، نیروی خالص وارد بر آن چند نیوتن است؟","56","64","49","112","A","طبق رابطه F=ma، حاصل 8×7 برابر 56 نیوتن است.","ترنم همدلی","original","1405"
"دوازدهم","ریاضی","فیزیک","فیزیک","مفاهیم پایه","قانون دوم نیوتن","محاسبه","متوسط","اگر جرم جسم 9 کیلوگرم و شتاب آن 8 متر بر مجذور ثانیه باشد، نیروی خالص وارد بر آن چند نیوتن است؟","72","81","64","144","A","طبق رابطه F=ma، حاصل 9×8 برابر 72 نیوتن است.","ترنم همدلی","original","1405"
"دوازدهم","ریاضی","فیزیک","فیزیک","مفاهیم پایه","قانون دوم نیوتن","محاسبه","آسان","اگر جرم جسم 10 کیلوگرم و شتاب آن 1 متر بر مجذور ثانیه باشد، نیروی خالص وارد بر آن چند نیوتن است؟","10","20","9","20","A","طبق رابطه F=ma، حاصل 10×1 برابر 10 نیوتن است.","ترنم همدلی","original","1405"
"دوازدهم","ریاضی","فیزیک","فیزیک","مفاهیم پایه","قانون دوم نیوتن","محاسبه","متوسط","اگر جرم جسم 2 کیلوگرم و شتاب آن 2 متر بر مجذور ثانیه باشد، نیروی خالص وارد بر آن چند نیوتن است؟","4","6","2","8","A","طبق رابطه F=ma، حاصل 2×2 برابر 4 نیوتن است.","ترنم همدلی","original","1405"
"دوازدهم","ریاضی","فیزیک","فیزیک","مفاهیم پایه","قانون دوم نیوتن","محاسبه","متوسط","اگر جرم جسم 3 کیلوگرم و شتاب آن 3 متر بر مجذور ثانیه باشد، نیروی خالص وارد بر آن چند نیوتن است؟","9","12","6","18","A","طبق رابطه F=ma، حاصل 3×3 برابر 9 نیوتن است.","ترنم همدلی","original","1405"
"دوازدهم","ریاضی","فیزیک","فیزیک","مفاهیم پایه","قانون دوم نیوتن","محاسبه","متوسط","اگر جرم جسم 4 کیلوگرم و شتاب آن 4 متر بر مجذور ثانیه باشد، نیروی خالص وارد بر آن چند نیوتن است؟","16","20","12","32","A","طبق رابطه F=ma، حاصل 4×4 برابر 16 نیوتن است.","ترنم همدلی","original","1405"
"دوازدهم","ریاضی","فیزیک","فیزیک","مفاهیم پایه","قانون دوم نیوتن","محاسبه","آسان","اگر جرم جسم 5 کیلوگرم و شتاب آن 5 متر بر مجذور ثانیه باشد، نیروی خالص وارد بر آن چند نیوتن است؟","25","30","20","50","A","طبق رابطه F=ma، حاصل 5×5 برابر 25 نیوتن است.","ترنم همدلی","original","1405"
"دوازدهم","ریاضی","فیزیک","فیزیک","مفاهیم پایه","قانون دوم نیوتن","محاسبه","متوسط","اگر جرم جسم 6 کیلوگرم و شتاب آن 6 متر بر مجذور ثانیه باشد، نیروی خالص وارد بر آن چند نیوتن است؟","36","42","30","72","A","طبق رابطه F=ma، حاصل 6×6 برابر 36 نیوتن است.","ترنم همدلی","original","1405"
"دوازدهم","ریاضی","فیزیک","فیزیک","مفاهیم پایه","قانون دوم نیوتن","محاسبه","متوسط","اگر جرم جسم 7 کیلوگرم و شتاب آن 7 متر بر مجذور ثانیه باشد، نیروی خالص وارد بر آن چند نیوتن است؟","49","56","42","98","A","طبق رابطه F=ma، حاصل 7×7 برابر 49 نیوتن است.","ترنم همدلی","original","1405"
"دوازدهم","ریاضی","فیزیک","فیزیک","مفاهیم پایه","قانون دوم نیوتن","محاسبه","متوسط","اگر جرم جسم 8 کیلوگرم و شتاب آن 8 متر بر مجذور ثانیه باشد، نیروی خالص وارد بر آن چند نیوتن است؟","64","72","56","128","A","طبق رابطه F=ma، حاصل 8×8 برابر 64 نیوتن است.","ترنم همدلی","original","1405"
"دوازدهم","ریاضی","فیزیک","فیزیک","مفاهیم پایه","قانون دوم نیوتن","محاسبه","آسان","اگر جرم جسم 9 کیلوگرم و شتاب آن 1 متر بر مجذور ثانیه باشد، نیروی خالص وارد بر آن چند نیوتن است؟","9","18","8","18","A","طبق رابطه F=ma، حاصل 9×1 برابر 9 نیوتن است.","ترنم همدلی","original","1405"
"دوازدهم","ریاضی","فیزیک","فیزیک","مفاهیم پایه","قانون دوم نیوتن","محاسبه","متوسط","اگر جرم جسم 10 کیلوگرم و شتاب آن 2 متر بر مجذور ثانیه باشد، نیروی خالص وارد بر آن چند نیوتن است؟","20","30","18","40","A","طبق رابطه F=ma، حاصل 10×2 برابر 20 نیوتن است.","ترنم همدلی","original","1405"
"دوازدهم","ریاضی","فیزیک","فیزیک","مفاهیم پایه","قانون دوم نیوتن","محاسبه","متوسط","اگر جرم جسم 2 کیلوگرم و شتاب آن 3 متر بر مجذور ثانیه باشد، نیروی خالص وارد بر آن چند نیوتن است؟","6","8","3","12","A","طبق رابطه F=ma، حاصل 2×3 برابر 6 نیوتن است.","ترنم همدلی","original","1405"
"دوازدهم","ریاضی","فیزیک","فیزیک","مفاهیم پایه","قانون دوم نیوتن","محاسبه","متوسط","اگر جرم جسم 3 کیلوگرم و شتاب آن 4 متر بر مجذور ثانیه باشد، نیروی خالص وارد بر آن چند نیوتن است؟","12","15","8","24","A","طبق رابطه F=ma، حاصل 3×4 برابر 12 نیوتن است.","ترنم همدلی","original","1405"
"دوازدهم","ریاضی","فیزیک","فیزیک","مفاهیم پایه","قانون دوم نیوتن","محاسبه","آسان","اگر جرم جسم 4 کیلوگرم و شتاب آن 5 متر بر مجذور ثانیه باشد، نیروی خالص وارد بر آن چند نیوتن است؟","20","24","15","40","A","طبق رابطه F=ma، حاصل 4×5 برابر 20 نیوتن است.","ترنم همدلی","original","1405"
"دوازدهم","ریاضی","فیزیک","فیزیک","مفاهیم پایه","قانون دوم نیوتن","محاسبه","متوسط","اگر جرم جسم 5 کیلوگرم و شتاب آن 6 متر بر مجذور ثانیه باشد، نیروی خالص وارد بر آن چند نیوتن است؟","30","35","24","60","A","طبق رابطه F=ma، حاصل 5×6 برابر 30 نیوتن است.","ترنم همدلی","original","1405"
"دوازدهم","ریاضی","فیزیک","فیزیک","مفاهیم پایه","قانون دوم نیوتن","محاسبه","متوسط","اگر جرم جسم 6 کیلوگرم و شتاب آن 7 متر بر مجذور ثانیه باشد، نیروی خالص وارد بر آن چند نیوتن است؟","42","48","35","84","A","طبق رابطه F=ma، حاصل 6×7 برابر 42 نیوتن است.","ترنم همدلی","original","1405"
"دوازدهم","ریاضی","فیزیک","فیزیک","مفاهیم پایه","قانون دوم نیوتن","محاسبه","متوسط","اگر جرم جسم 7 کیلوگرم و شتاب آن 8 متر بر مجذور ثانیه باشد، نیروی خالص وارد بر آن چند نیوتن است؟","56","63","48","112","A","طبق رابطه F=ma، حاصل 7×8 برابر 56 نیوتن است.","ترنم همدلی","original","1405"
"دوازدهم","ریاضی","فیزیک","فیزیک","مفاهیم پایه","قانون دوم نیوتن","محاسبه","آسان","اگر جرم جسم 8 کیلوگرم و شتاب آن 1 متر بر مجذور ثانیه باشد، نیروی خالص وارد بر آن چند نیوتن است؟","8","16","7","16","A","طبق رابطه F=ma، حاصل 8×1 برابر 8 نیوتن است.","ترنم همدلی","original","1405"
"دوازدهم","ریاضی","فیزیک","فیزیک","مفاهیم پایه","قانون دوم نیوتن","محاسبه","متوسط","اگر جرم جسم 9 کیلوگرم و شتاب آن 2 متر بر مجذور ثانیه باشد، نیروی خالص وارد بر آن چند نیوتن است؟","18","27","16","36","A","طبق رابطه F=ma، حاصل 9×2 برابر 18 نیوتن است.","ترنم همدلی","original","1405"
"دوازدهم","ریاضی","فیزیک","فیزیک","مفاهیم پایه","قانون دوم نیوتن","محاسبه","متوسط","اگر جرم جسم 10 کیلوگرم و شتاب آن 3 متر بر مجذور ثانیه باشد، نیروی خالص وارد بر آن چند نیوتن است؟","30","40","27","60","A","طبق رابطه F=ma، حاصل 10×3 برابر 30 نیوتن است.","ترنم همدلی","original","1405"
"دوازدهم","ریاضی","فیزیک","فیزیک","مفاهیم پایه","قانون دوم نیوتن","محاسبه","متوسط","اگر جرم جسم 2 کیلوگرم و شتاب آن 4 متر بر مجذور ثانیه باشد، نیروی خالص وارد بر آن چند نیوتن است؟","8","10","4","16","A","طبق رابطه F=ma، حاصل 2×4 برابر 8 نیوتن است.","ترنم همدلی","original","1405"
"دهم","تجربی","فیزیک","فیزیک","مفاهیم پایه","قانون دوم نیوتن","محاسبه","آسان","اگر جرم جسم 2 کیلوگرم و شتاب آن 1 متر بر مجذور ثانیه باشد، نیروی خالص وارد بر آن چند نیوتن است؟","2","4","1","4","A","طبق رابطه F=ma، حاصل 2×1 برابر 2 نیوتن است.","ترنم همدلی","original","1405"
"دهم","تجربی","فیزیک","فیزیک","مفاهیم پایه","قانون دوم نیوتن","محاسبه","متوسط","اگر جرم جسم 3 کیلوگرم و شتاب آن 2 متر بر مجذور ثانیه باشد، نیروی خالص وارد بر آن چند نیوتن است؟","6","9","4","12","A","طبق رابطه F=ma، حاصل 3×2 برابر 6 نیوتن است.","ترنم همدلی","original","1405"
"دهم","تجربی","فیزیک","فیزیک","مفاهیم پایه","قانون دوم نیوتن","محاسبه","متوسط","اگر جرم جسم 4 کیلوگرم و شتاب آن 3 متر بر مجذور ثانیه باشد، نیروی خالص وارد بر آن چند نیوتن است؟","12","16","9","24","A","طبق رابطه F=ma، حاصل 4×3 برابر 12 نیوتن است.","ترنم همدلی","original","1405"
"دهم","تجربی","فیزیک","فیزیک","مفاهیم پایه","قانون دوم نیوتن","محاسبه","متوسط","اگر جرم جسم 5 کیلوگرم و شتاب آن 4 متر بر مجذور ثانیه باشد، نیروی خالص وارد بر آن چند نیوتن است؟","20","25","16","40","A","طبق رابطه F=ma، حاصل 5×4 برابر 20 نیوتن است.","ترنم همدلی","original","1405"
"دهم","تجربی","فیزیک","فیزیک","مفاهیم پایه","قانون دوم نیوتن","محاسبه","آسان","اگر جرم جسم 6 کیلوگرم و شتاب آن 5 متر بر مجذور ثانیه باشد، نیروی خالص وارد بر آن چند نیوتن است؟","30","36","25","60","A","طبق رابطه F=ma، حاصل 6×5 برابر 30 نیوتن است.","ترنم همدلی","original","1405"
"دهم","تجربی","فیزیک","فیزیک","مفاهیم پایه","قانون دوم نیوتن","محاسبه","متوسط","اگر جرم جسم 7 کیلوگرم و شتاب آن 6 متر بر مجذور ثانیه باشد، نیروی خالص وارد بر آن چند نیوتن است؟","42","49","36","84","A","طبق رابطه F=ma، حاصل 7×6 برابر 42 نیوتن است.","ترنم همدلی","original","1405"
"دهم","تجربی","فیزیک","فیزیک","مفاهیم پایه","قانون دوم نیوتن","محاسبه","متوسط","اگر جرم جسم 8 کیلوگرم و شتاب آن 7 متر بر مجذور ثانیه باشد، نیروی خالص وارد بر آن چند نیوتن است؟","56","64","49","112","A","طبق رابطه F=ma، حاصل 8×7 برابر 56 نیوتن است.","ترنم همدلی","original","1405"
"دهم","تجربی","فیزیک","فیزیک","مفاهیم پایه","قانون دوم نیوتن","محاسبه","متوسط","اگر جرم جسم 9 کیلوگرم و شتاب آن 8 متر بر مجذور ثانیه باشد، نیروی خالص وارد بر آن چند نیوتن است؟","72","81","64","144","A","طبق رابطه F=ma، حاصل 9×8 برابر 72 نیوتن است.","ترنم همدلی","original","1405"
"دهم","تجربی","فیزیک","فیزیک","مفاهیم پایه","قانون دوم نیوتن","محاسبه","آسان","اگر جرم جسم 10 کیلوگرم و شتاب آن 1 متر بر مجذور ثانیه باشد، نیروی خالص وارد بر آن چند نیوتن است؟","10","20","9","20","A","طبق رابطه F=ma، حاصل 10×1 برابر 10 نیوتن است.","ترنم همدلی","original","1405"
"دهم","تجربی","فیزیک","فیزیک","مفاهیم پایه","قانون دوم نیوتن","محاسبه","متوسط","اگر جرم جسم 2 کیلوگرم و شتاب آن 2 متر بر مجذور ثانیه باشد، نیروی خالص وارد بر آن چند نیوتن است؟","4","6","2","8","A","طبق رابطه F=ma، حاصل 2×2 برابر 4 نیوتن است.","ترنم همدلی","original","1405"
"دهم","تجربی","فیزیک","فیزیک","مفاهیم پایه","قانون دوم نیوتن","محاسبه","متوسط","اگر جرم جسم 3 کیلوگرم و شتاب آن 3 متر بر مجذور ثانیه باشد، نیروی خالص وارد بر آن چند نیوتن است؟","9","12","6","18","A","طبق رابطه F=ma، حاصل 3×3 برابر 9 نیوتن است.","ترنم همدلی","original","1405"
"دهم","تجربی","فیزیک","فیزیک","مفاهیم پایه","قانون دوم نیوتن","محاسبه","متوسط","اگر جرم جسم 4 کیلوگرم و شتاب آن 4 متر بر مجذور ثانیه باشد، نیروی خالص وارد بر آن چند نیوتن است؟","16","20","12","32","A","طبق رابطه F=ma، حاصل 4×4 برابر 16 نیوتن است.","ترنم همدلی","original","1405"
"دهم","تجربی","فیزیک","فیزیک","مفاهیم پایه","قانون دوم نیوتن","محاسبه","آسان","اگر جرم جسم 5 کیلوگرم و شتاب آن 5 متر بر مجذور ثانیه باشد، نیروی خالص وارد بر آن چند نیوتن است؟","25","30","20","50","A","طبق رابطه F=ma، حاصل 5×5 برابر 25 نیوتن است.","ترنم همدلی","original","1405"
"دهم","تجربی","فیزیک","فیزیک","مفاهیم پایه","قانون دوم نیوتن","محاسبه","متوسط","اگر جرم جسم 6 کیلوگرم و شتاب آن 6 متر بر مجذور ثانیه باشد، نیروی خالص وارد بر آن چند نیوتن است؟","36","42","30","72","A","طبق رابطه F=ma، حاصل 6×6 برابر 36 نیوتن است.","ترنم همدلی","original","1405"
"دهم","تجربی","فیزیک","فیزیک","مفاهیم پایه","قانون دوم نیوتن","محاسبه","متوسط","اگر جرم جسم 7 کیلوگرم و شتاب آن 7 متر بر مجذور ثانیه باشد، نیروی خالص وارد بر آن چند نیوتن است؟","49","56","42","98","A","طبق رابطه F=ma، حاصل 7×7 برابر 49 نیوتن است.","ترنم همدلی","original","1405"
"دهم","تجربی","فیزیک","فیزیک","مفاهیم پایه","قانون دوم نیوتن","محاسبه","متوسط","اگر جرم جسم 8 کیلوگرم و شتاب آن 8 متر بر مجذور ثانیه باشد، نیروی خالص وارد بر آن چند نیوتن است؟","64","72","56","128","A","طبق رابطه F=ma، حاصل 8×8 برابر 64 نیوتن است.","ترنم همدلی","original","1405"
"دهم","تجربی","فیزیک","فیزیک","مفاهیم پایه","قانون دوم نیوتن","محاسبه","آسان","اگر جرم جسم 9 کیلوگرم و شتاب آن 1 متر بر مجذور ثانیه باشد، نیروی خالص وارد بر آن چند نیوتن است؟","9","18","8","18","A","طبق رابطه F=ma، حاصل 9×1 برابر 9 نیوتن است.","ترنم همدلی","original","1405"
"دهم","تجربی","فیزیک","فیزیک","مفاهیم پایه","قانون دوم نیوتن","محاسبه","متوسط","اگر جرم جسم 10 کیلوگرم و شتاب آن 2 متر بر مجذور ثانیه باشد، نیروی خالص وارد بر آن چند نیوتن است؟","20","30","18","40","A","طبق رابطه F=ma، حاصل 10×2 برابر 20 نیوتن است.","ترنم همدلی","original","1405"
"دهم","تجربی","فیزیک","فیزیک","مفاهیم پایه","قانون دوم نیوتن","محاسبه","متوسط","اگر جرم جسم 2 کیلوگرم و شتاب آن 3 متر بر مجذور ثانیه باشد، نیروی خالص وارد بر آن چند نیوتن است؟","6","8","3","12","A","طبق رابطه F=ma، حاصل 2×3 برابر 6 نیوتن است.","ترنم همدلی","original","1405"
"دهم","تجربی","فیزیک","فیزیک","مفاهیم پایه","قانون دوم نیوتن","محاسبه","متوسط","اگر جرم جسم 3 کیلوگرم و شتاب آن 4 متر بر مجذور ثانیه باشد، نیروی خالص وارد بر آن چند نیوتن است؟","12","15","8","24","A","طبق رابطه F=ma، حاصل 3×4 برابر 12 نیوتن است.","ترنم همدلی","original","1405"
"دهم","تجربی","فیزیک","فیزیک","مفاهیم پایه","قانون دوم نیوتن","محاسبه","آسان","اگر جرم جسم 4 کیلوگرم و شتاب آن 5 متر بر مجذور ثانیه باشد، نیروی خالص وارد بر آن چند نیوتن است؟","20","24","15","40","A","طبق رابطه F=ma، حاصل 4×5 برابر 20 نیوتن است.","ترنم همدلی","original","1405"
"دهم","تجربی","فیزیک","فیزیک","مفاهیم پایه","قانون دوم نیوتن","محاسبه","متوسط","اگر جرم جسم 5 کیلوگرم و شتاب آن 6 متر بر مجذور ثانیه باشد، نیروی خالص وارد بر آن چند نیوتن است؟","30","35","24","60","A","طبق رابطه F=ma، حاصل 5×6 برابر 30 نیوتن است.","ترنم همدلی","original","1405"
"دهم","تجربی","فیزیک","فیزیک","مفاهیم پایه","قانون دوم نیوتن","محاسبه","متوسط","اگر جرم جسم 6 کیلوگرم و شتاب آن 7 متر بر مجذور ثانیه باشد، نیروی خالص وارد بر آن چند نیوتن است؟","42","48","35","84","A","طبق رابطه F=ma، حاصل 6×7 برابر 42 نیوتن است.","ترنم همدلی","original","1405"
"دهم","تجربی","فیزیک","فیزیک","مفاهیم پایه","قانون دوم نیوتن","محاسبه","متوسط","اگر جرم جسم 7 کیلوگرم و شتاب آن 8 متر بر مجذور ثانیه باشد، نیروی خالص وارد بر آن چند نیوتن است؟","56","63","48","112","A","طبق رابطه F=ma، حاصل 7×8 برابر 56 نیوتن است.","ترنم همدلی","original","1405"
"دهم","تجربی","فیزیک","فیزیک","مفاهیم پایه","قانون دوم نیوتن","محاسبه","آسان","اگر جرم جسم 8 کیلوگرم و شتاب آن 1 متر بر مجذور ثانیه باشد، نیروی خالص وارد بر آن چند نیوتن است؟","8","16","7","16","A","طبق رابطه F=ma، حاصل 8×1 برابر 8 نیوتن است.","ترنم همدلی","original","1405"
"دهم","تجربی","فیزیک","فیزیک","مفاهیم پایه","قانون دوم نیوتن","محاسبه","متوسط","اگر جرم جسم 9 کیلوگرم و شتاب آن 2 متر بر مجذور ثانیه باشد، نیروی خالص وارد بر آن چند نیوتن است؟","18","27","16","36","A","طبق رابطه F=ma، حاصل 9×2 برابر 18 نیوتن است.","ترنم همدلی","original","1405"
"دهم","تجربی","فیزیک","فیزیک","مفاهیم پایه","قانون دوم نیوتن","محاسبه","متوسط","اگر جرم جسم 10 کیلوگرم و شتاب آن 3 متر بر مجذور ثانیه باشد، نیروی خالص وارد بر آن چند نیوتن است؟","30","40","27","60","A","طبق رابطه F=ma، حاصل 10×3 برابر 30 نیوتن است.","ترنم همدلی","original","1405"
"دهم","تجربی","فیزیک","فیزیک","مفاهیم پایه","قانون دوم نیوتن","محاسبه","متوسط","اگر جرم جسم 2 کیلوگرم و شتاب آن 4 متر بر مجذور ثانیه باشد، نیروی خالص وارد بر آن چند نیوتن است؟","8","10","4","16","A","طبق رابطه F=ma، حاصل 2×4 برابر 8 نیوتن است.","ترنم همدلی","original","1405"
"دهم","تجربی","فیزیک","فیزیک","مفاهیم پایه","قانون دوم نیوتن","محاسبه","آسان","اگر جرم جسم 3 کیلوگرم و شتاب آن 5 متر بر مجذور ثانیه باشد، نیروی خالص وارد بر آن چند نیوتن است؟","15","18","10","30","A","طبق رابطه F=ma، حاصل 3×5 برابر 15 نیوتن است.","ترنم همدلی","original","1405"
"دهم","تجربی","فیزیک","فیزیک","مفاهیم پایه","قانون دوم نیوتن","محاسبه","متوسط","اگر جرم جسم 4 کیلوگرم و شتاب آن 6 متر بر مجذور ثانیه باشد، نیروی خالص وارد بر آن چند نیوتن است؟","24","28","18","48","A","طبق رابطه F=ma، حاصل 4×6 برابر 24 نیوتن است.","ترنم همدلی","original","1405"
"دهم","تجربی","فیزیک","فیزیک","مفاهیم پایه","قانون دوم نیوتن","محاسبه","متوسط","اگر جرم جسم 5 کیلوگرم و شتاب آن 7 متر بر مجذور ثانیه باشد، نیروی خالص وارد بر آن چند نیوتن است؟","35","40","28","70","A","طبق رابطه F=ma، حاصل 5×7 برابر 35 نیوتن است.","ترنم همدلی","original","1405"
"دهم","تجربی","فیزیک","فیزیک","مفاهیم پایه","قانون دوم نیوتن","محاسبه","متوسط","اگر جرم جسم 6 کیلوگرم و شتاب آن 8 متر بر مجذور ثانیه باشد، نیروی خالص وارد بر آن چند نیوتن است؟","48","54","40","96","A","طبق رابطه F=ma، حاصل 6×8 برابر 48 نیوتن است.","ترنم همدلی","original","1405"
"دهم","تجربی","فیزیک","فیزیک","مفاهیم پایه","قانون دوم نیوتن","محاسبه","آسان","اگر جرم جسم 7 کیلوگرم و شتاب آن 1 متر بر مجذور ثانیه باشد، نیروی خالص وارد بر آن چند نیوتن است؟","7","14","6","14","A","طبق رابطه F=ma، حاصل 7×1 برابر 7 نیوتن است.","ترنم همدلی","original","1405"
"دهم","تجربی","فیزیک","فیزیک","مفاهیم پایه","قانون دوم نیوتن","محاسبه","متوسط","اگر جرم جسم 8 کیلوگرم و شتاب آن 2 متر بر مجذور ثانیه باشد، نیروی خالص وارد بر آن چند نیوتن است؟","16","24","14","32","A","طبق رابطه F=ma، حاصل 8×2 برابر 16 نیوتن است.","ترنم همدلی","original","1405"
"دهم","تجربی","فیزیک","فیزیک","مفاهیم پایه","قانون دوم نیوتن","محاسبه","متوسط","اگر جرم جسم 9 کیلوگرم و شتاب آن 3 متر بر مجذور ثانیه باشد، نیروی خالص وارد بر آن چند نیوتن است؟","27","36","24","54","A","طبق رابطه F=ma، حاصل 9×3 برابر 27 نیوتن است.","ترنم همدلی","original","1405"
"دهم","تجربی","فیزیک","فیزیک","مفاهیم پایه","قانون دوم نیوتن","محاسبه","متوسط","اگر جرم جسم 10 کیلوگرم و شتاب آن 4 متر بر مجذور ثانیه باشد، نیروی خالص وارد بر آن چند نیوتن است؟","40","50","36","80","A","طبق رابطه F=ma، حاصل 10×4 برابر 40 نیوتن است.","ترنم همدلی","original","1405"
"دهم","تجربی","فیزیک","فیزیک","مفاهیم پایه","قانون دوم نیوتن","محاسبه","آسان","اگر جرم جسم 2 کیلوگرم و شتاب آن 5 متر بر مجذور ثانیه باشد، نیروی خالص وارد بر آن چند نیوتن است؟","10","12","5","20","A","طبق رابطه F=ma، حاصل 2×5 برابر 10 نیوتن است.","ترنم همدلی","original","1405"
"دهم","تجربی","فیزیک","فیزیک","مفاهیم پایه","قانون دوم نیوتن","محاسبه","متوسط","اگر جرم جسم 3 کیلوگرم و شتاب آن 6 متر بر مجذور ثانیه باشد، نیروی خالص وارد بر آن چند نیوتن است؟","18","21","12","36","A","طبق رابطه F=ma، حاصل 3×6 برابر 18 نیوتن است.","ترنم همدلی","original","1405"
"دهم","تجربی","فیزیک","فیزیک","مفاهیم پایه","قانون دوم نیوتن","محاسبه","متوسط","اگر جرم جسم 4 کیلوگرم و شتاب آن 7 متر بر مجذور ثانیه باشد، نیروی خالص وارد بر آن چند نیوتن است؟","28","32","21","56","A","طبق رابطه F=ma، حاصل 4×7 برابر 28 نیوتن است.","ترنم همدلی","original","1405"
"دهم","تجربی","فیزیک","فیزیک","مفاهیم پایه","قانون دوم نیوتن","محاسبه","متوسط","اگر جرم جسم 5 کیلوگرم و شتاب آن 8 متر بر مجذور ثانیه باشد، نیروی خالص وارد بر آن چند نیوتن است؟","40","45","32","80","A","طبق رابطه F=ma، حاصل 5×8 برابر 40 نیوتن است.","ترنم همدلی","original","1405"
"دهم","تجربی","فیزیک","فیزیک","مفاهیم پایه","قانون دوم نیوتن","محاسبه","آسان","اگر جرم جسم 6 کیلوگرم و شتاب آن 1 متر بر مجذور ثانیه باشد، نیروی خالص وارد بر آن چند نیوتن است؟","6","12","5","12","A","طبق رابطه F=ma، حاصل 6×1 برابر 6 نیوتن است.","ترنم همدلی","original","1405"
"دهم","تجربی","فیزیک","فیزیک","مفاهیم پایه","قانون دوم نیوتن","محاسبه","متوسط","اگر جرم جسم 7 کیلوگرم و شتاب آن 2 متر بر مجذور ثانیه باشد، نیروی خالص وارد بر آن چند نیوتن است؟","14","21","12","28","A","طبق رابطه F=ma، حاصل 7×2 برابر 14 نیوتن است.","ترنم همدلی","original","1405"
"دهم","تجربی","فیزیک","فیزیک","مفاهیم پایه","قانون دوم نیوتن","محاسبه","متوسط","اگر جرم جسم 8 کیلوگرم و شتاب آن 3 متر بر مجذور ثانیه باشد، نیروی خالص وارد بر آن چند نیوتن است؟","24","32","21","48","A","طبق رابطه F=ma، حاصل 8×3 برابر 24 نیوتن است.","ترنم همدلی","original","1405"
"دهم","تجربی","فیزیک","فیزیک","مفاهیم پایه","قانون دوم نیوتن","محاسبه","متوسط","اگر جرم جسم 9 کیلوگرم و شتاب آن 4 متر بر مجذور ثانیه باشد، نیروی خالص وارد بر آن چند نیوتن است؟","36","45","32","72","A","طبق رابطه F=ma، حاصل 9×4 برابر 36 نیوتن است.","ترنم همدلی","original","1405"
"دهم","تجربی","فیزیک","فیزیک","مفاهیم پایه","قانون دوم نیوتن","محاسبه","آسان","اگر جرم جسم 10 کیلوگرم و شتاب آن 5 متر بر مجذور ثانیه باشد، نیروی خالص وارد بر آن چند نیوتن است؟","50","60","45","100","A","طبق رابطه F=ma، حاصل 10×5 برابر 50 نیوتن است.","ترنم همدلی","original","1405"
"دهم","تجربی","فیزیک","فیزیک","مفاهیم پایه","قانون دوم نیوتن","محاسبه","متوسط","اگر جرم جسم 2 کیلوگرم و شتاب آن 6 متر بر مجذور ثانیه باشد، نیروی خالص وارد بر آن چند نیوتن است؟","12","14","6","24","A","طبق رابطه F=ma، حاصل 2×6 برابر 12 نیوتن است.","ترنم همدلی","original","1405"
"دهم","تجربی","فیزیک","فیزیک","مفاهیم پایه","قانون دوم نیوتن","محاسبه","متوسط","اگر جرم جسم 3 کیلوگرم و شتاب آن 7 متر بر مجذور ثانیه باشد، نیروی خالص وارد بر آن چند نیوتن است؟","21","24","14","42","A","طبق رابطه F=ma، حاصل 3×7 برابر 21 نیوتن است.","ترنم همدلی","original","1405"
"دهم","تجربی","فیزیک","فیزیک","مفاهیم پایه","قانون دوم نیوتن","محاسبه","متوسط","اگر جرم جسم 4 کیلوگرم و شتاب آن 8 متر بر مجذور ثانیه باشد، نیروی خالص وارد بر آن چند نیوتن است؟","32","36","24","64","A","طبق رابطه F=ma، حاصل 4×8 برابر 32 نیوتن است.","ترنم همدلی","original","1405"
"دهم","تجربی","فیزیک","فیزیک","مفاهیم پایه","قانون دوم نیوتن","محاسبه","آسان","اگر جرم جسم 5 کیلوگرم و شتاب آن 1 متر بر مجذور ثانیه باشد، نیروی خالص وارد بر آن چند نیوتن است؟","5","10","4","10","A","طبق رابطه F=ma، حاصل 5×1 برابر 5 نیوتن است.","ترنم همدلی","original","1405"
"دهم","تجربی","فیزیک","فیزیک","مفاهیم پایه","قانون دوم نیوتن","محاسبه","متوسط","اگر جرم جسم 6 کیلوگرم و شتاب آن 2 متر بر مجذور ثانیه باشد، نیروی خالص وارد بر آن چند نیوتن است؟","12","18","10","24","A","طبق رابطه F=ma، حاصل 6×2 برابر 12 نیوتن است.","ترنم همدلی","original","1405"
"دهم","تجربی","فیزیک","فیزیک","مفاهیم پایه","قانون دوم نیوتن","محاسبه","متوسط","اگر جرم جسم 7 کیلوگرم و شتاب آن 3 متر بر مجذور ثانیه باشد، نیروی خالص وارد بر آن چند نیوتن است؟","21","28","18","42","A","طبق رابطه F=ma، حاصل 7×3 برابر 21 نیوتن است.","ترنم همدلی","original","1405"
"دهم","تجربی","فیزیک","فیزیک","مفاهیم پایه","قانون دوم نیوتن","محاسبه","متوسط","اگر جرم جسم 8 کیلوگرم و شتاب آن 4 متر بر مجذور ثانیه باشد، نیروی خالص وارد بر آن چند نیوتن است؟","32","40","28","64","A","طبق رابطه F=ma، حاصل 8×4 برابر 32 نیوتن است.","ترنم همدلی","original","1405"
"دهم","تجربی","فیزیک","فیزیک","مفاهیم پایه","قانون دوم نیوتن","محاسبه","آسان","اگر جرم جسم 9 کیلوگرم و شتاب آن 5 متر بر مجذور ثانیه باشد، نیروی خالص وارد بر آن چند نیوتن است؟","45","54","40","90","A","طبق رابطه F=ma، حاصل 9×5 برابر 45 نیوتن است.","ترنم همدلی","original","1405"
"دهم","تجربی","فیزیک","فیزیک","مفاهیم پایه","قانون دوم نیوتن","محاسبه","متوسط","اگر جرم جسم 10 کیلوگرم و شتاب آن 6 متر بر مجذور ثانیه باشد، نیروی خالص وارد بر آن چند نیوتن است؟","60","70","54","120","A","طبق رابطه F=ma، حاصل 10×6 برابر 60 نیوتن است.","ترنم همدلی","original","1405"
"دهم","تجربی","فیزیک","فیزیک","مفاهیم پایه","قانون دوم نیوتن","محاسبه","متوسط","اگر جرم جسم 2 کیلوگرم و شتاب آن 7 متر بر مجذور ثانیه باشد، نیروی خالص وارد بر آن چند نیوتن است؟","14","16","7","28","A","طبق رابطه F=ma، حاصل 2×7 برابر 14 نیوتن است.","ترنم همدلی","original","1405"
"دهم","تجربی","فیزیک","فیزیک","مفاهیم پایه","قانون دوم نیوتن","محاسبه","متوسط","اگر جرم جسم 3 کیلوگرم و شتاب آن 8 متر بر مجذور ثانیه باشد، نیروی خالص وارد بر آن چند نیوتن است؟","24","27","16","48","A","طبق رابطه F=ma، حاصل 3×8 برابر 24 نیوتن است.","ترنم همدلی","original","1405"
"دهم","تجربی","فیزیک","فیزیک","مفاهیم پایه","قانون دوم نیوتن","محاسبه","آسان","اگر جرم جسم 4 کیلوگرم و شتاب آن 1 متر بر مجذور ثانیه باشد، نیروی خالص وارد بر آن چند نیوتن است؟","4","8","3","8","A","طبق رابطه F=ma، حاصل 4×1 برابر 4 نیوتن است.","ترنم همدلی","original","1405"
"دهم","تجربی","فیزیک","فیزیک","مفاهیم پایه","قانون دوم نیوتن","محاسبه","متوسط","اگر جرم جسم 5 کیلوگرم و شتاب آن 2 متر بر مجذور ثانیه باشد، نیروی خالص وارد بر آن چند نیوتن است؟","10","15","8","20","A","طبق رابطه F=ma، حاصل 5×2 برابر 10 نیوتن است.","ترنم همدلی","original","1405"
"دهم","تجربی","فیزیک","فیزیک","مفاهیم پایه","قانون دوم نیوتن","محاسبه","متوسط","اگر جرم جسم 6 کیلوگرم و شتاب آن 3 متر بر مجذور ثانیه باشد، نیروی خالص وارد بر آن چند نیوتن است؟","18","24","15","36","A","طبق رابطه F=ma، حاصل 6×3 برابر 18 نیوتن است.","ترنم همدلی","original","1405"
"دهم","تجربی","فیزیک","فیزیک","مفاهیم پایه","قانون دوم نیوتن","محاسبه","متوسط","اگر جرم جسم 7 کیلوگرم و شتاب آن 4 متر بر مجذور ثانیه باشد، نیروی خالص وارد بر آن چند نیوتن است؟","28","35","24","56","A","طبق رابطه F=ma، حاصل 7×4 برابر 28 نیوتن است.","ترنم همدلی","original","1405"
"دهم","تجربی","فیزیک","فیزیک","مفاهیم پایه","قانون دوم نیوتن","محاسبه","آسان","اگر جرم جسم 8 کیلوگرم و شتاب آن 5 متر بر مجذور ثانیه باشد، نیروی خالص وارد بر آن چند نیوتن است؟","40","48","35","80","A","طبق رابطه F=ma، حاصل 8×5 برابر 40 نیوتن است.","ترنم همدلی","original","1405"
"دهم","تجربی","فیزیک","فیزیک","مفاهیم پایه","قانون دوم نیوتن","محاسبه","متوسط","اگر جرم جسم 9 کیلوگرم و شتاب آن 6 متر بر مجذور ثانیه باشد، نیروی خالص وارد بر آن چند نیوتن است؟","54","63","48","108","A","طبق رابطه F=ma، حاصل 9×6 برابر 54 نیوتن است.","ترنم همدلی","original","1405"
"دهم","تجربی","فیزیک","فیزیک","مفاهیم پایه","قانون دوم نیوتن","محاسبه","متوسط","اگر جرم جسم 10 کیلوگرم و شتاب آن 7 متر بر مجذور ثانیه باشد، نیروی خالص وارد بر آن چند نیوتن است؟","70","80","63","140","A","طبق رابطه F=ma، حاصل 10×7 برابر 70 نیوتن است.","ترنم همدلی","original","1405"
"دهم","تجربی","فیزیک","فیزیک","مفاهیم پایه","قانون دوم نیوتن","محاسبه","متوسط","اگر جرم جسم 2 کیلوگرم و شتاب آن 8 متر بر مجذور ثانیه باشد، نیروی خالص وارد بر آن چند نیوتن است؟","16","18","8","32","A","طبق رابطه F=ma، حاصل 2×8 برابر 16 نیوتن است.","ترنم همدلی","original","1405"
"دهم","تجربی","فیزیک","فیزیک","مفاهیم پایه","قانون دوم نیوتن","محاسبه","آسان","اگر جرم جسم 3 کیلوگرم و شتاب آن 1 متر بر مجذور ثانیه باشد، نیروی خالص وارد بر آن چند نیوتن است؟","3","6","2","6","A","طبق رابطه F=ma، حاصل 3×1 برابر 3 نیوتن است.","ترنم همدلی","original","1405"
"دهم","تجربی","فیزیک","فیزیک","مفاهیم پایه","قانون دوم نیوتن","محاسبه","متوسط","اگر جرم جسم 4 کیلوگرم و شتاب آن 2 متر بر مجذور ثانیه باشد، نیروی خالص وارد بر آن چند نیوتن است؟","8","12","6","16","A","طبق رابطه F=ma، حاصل 4×2 برابر 8 نیوتن است.","ترنم همدلی","original","1405"
"دهم","تجربی","فیزیک","فیزیک","مفاهیم پایه","قانون دوم نیوتن","محاسبه","متوسط","اگر جرم جسم 5 کیلوگرم و شتاب آن 3 متر بر مجذور ثانیه باشد، نیروی خالص وارد بر آن چند نیوتن است؟","15","20","12","30","A","طبق رابطه F=ma، حاصل 5×3 برابر 15 نیوتن است.","ترنم همدلی","original","1405"
"دهم","تجربی","فیزیک","فیزیک","مفاهیم پایه","قانون دوم نیوتن","محاسبه","متوسط","اگر جرم جسم 6 کیلوگرم و شتاب آن 4 متر بر مجذور ثانیه باشد، نیروی خالص وارد بر آن چند نیوتن است؟","24","30","20","48","A","طبق رابطه F=ma، حاصل 6×4 برابر 24 نیوتن است.","ترنم همدلی","original","1405"
"دهم","تجربی","فیزیک","فیزیک","مفاهیم پایه","قانون دوم نیوتن","محاسبه","آسان","اگر جرم جسم 7 کیلوگرم و شتاب آن 5 متر بر مجذور ثانیه باشد، نیروی خالص وارد بر آن چند نیوتن است؟","35","42","30","70","A","طبق رابطه F=ma، حاصل 7×5 برابر 35 نیوتن است.","ترنم همدلی","original","1405"
"دهم","تجربی","فیزیک","فیزیک","مفاهیم پایه","قانون دوم نیوتن","محاسبه","متوسط","اگر جرم جسم 8 کیلوگرم و شتاب آن 6 متر بر مجذور ثانیه باشد، نیروی خالص وارد بر آن چند نیوتن است؟","48","56","42","96","A","طبق رابطه F=ma، حاصل 8×6 برابر 48 نیوتن است.","ترنم همدلی","original","1405"
"دهم","تجربی","فیزیک","فیزیک","مفاهیم پایه","قانون دوم نیوتن","محاسبه","متوسط","اگر جرم جسم 9 کیلوگرم و شتاب آن 7 متر بر مجذور ثانیه باشد، نیروی خالص وارد بر آن چند نیوتن است؟","63","72","56","126","A","طبق رابطه F=ma، حاصل 9×7 برابر 63 نیوتن است.","ترنم همدلی","original","1405"
"دهم","تجربی","فیزیک","فیزیک","مفاهیم پایه","قانون دوم نیوتن","محاسبه","متوسط","اگر جرم جسم 10 کیلوگرم و شتاب آن 8 متر بر مجذور ثانیه باشد، نیروی خالص وارد بر آن چند نیوتن است؟","80","90","72","160","A","طبق رابطه F=ma، حاصل 10×8 برابر 80 نیوتن است.","ترنم همدلی","original","1405"
"دهم","تجربی","فیزیک","فیزیک","مفاهیم پایه","قانون دوم نیوتن","محاسبه","آسان","اگر جرم جسم 2 کیلوگرم و شتاب آن 1 متر بر مجذور ثانیه باشد، نیروی خالص وارد بر آن چند نیوتن است؟","2","4","1","4","A","طبق رابطه F=ma، حاصل 2×1 برابر 2 نیوتن است.","ترنم همدلی","original","1405"
"دهم","تجربی","فیزیک","فیزیک","مفاهیم پایه","قانون دوم نیوتن","محاسبه","متوسط","اگر جرم جسم 3 کیلوگرم و شتاب آن 2 متر بر مجذور ثانیه باشد، نیروی خالص وارد بر آن چند نیوتن است؟","6","9","4","12","A","طبق رابطه F=ma، حاصل 3×2 برابر 6 نیوتن است.","ترنم همدلی","original","1405"
"دهم","تجربی","فیزیک","فیزیک","مفاهیم پایه","قانون دوم نیوتن","محاسبه","متوسط","اگر جرم جسم 4 کیلوگرم و شتاب آن 3 متر بر مجذور ثانیه باشد، نیروی خالص وارد بر آن چند نیوتن است؟","12","16","9","24","A","طبق رابطه F=ma، حاصل 4×3 برابر 12 نیوتن است.","ترنم همدلی","original","1405"
"دهم","تجربی","فیزیک","فیزیک","مفاهیم پایه","قانون دوم نیوتن","محاسبه","متوسط","اگر جرم جسم 5 کیلوگرم و شتاب آن 4 متر بر مجذور ثانیه باشد، نیروی خالص وارد بر آن چند نیوتن است؟","20","25","16","40","A","طبق رابطه F=ma، حاصل 5×4 برابر 20 نیوتن است.","ترنم همدلی","original","1405"
"دهم","تجربی","فیزیک","فیزیک","مفاهیم پایه","قانون دوم نیوتن","محاسبه","آسان","اگر جرم جسم 6 کیلوگرم و شتاب آن 5 متر بر مجذور ثانیه باشد، نیروی خالص وارد بر آن چند نیوتن است؟","30","36","25","60","A","طبق رابطه F=ma، حاصل 6×5 برابر 30 نیوتن است.","ترنم همدلی","original","1405"
"دهم","تجربی","فیزیک","فیزیک","مفاهیم پایه","قانون دوم نیوتن","محاسبه","متوسط","اگر جرم جسم 7 کیلوگرم و شتاب آن 6 متر بر مجذور ثانیه باشد، نیروی خالص وارد بر آن چند نیوتن است؟","42","49","36","84","A","طبق رابطه F=ma، حاصل 7×6 برابر 42 نیوتن است.","ترنم همدلی","original","1405"
"دهم","تجربی","فیزیک","فیزیک","مفاهیم پایه","قانون دوم نیوتن","محاسبه","متوسط","اگر جرم جسم 8 کیلوگرم و شتاب آن 7 متر بر مجذور ثانیه باشد، نیروی خالص وارد بر آن چند نیوتن است؟","56","64","49","112","A","طبق رابطه F=ma، حاصل 8×7 برابر 56 نیوتن است.","ترنم همدلی","original","1405"
"دهم","تجربی","فیزیک","فیزیک","مفاهیم پایه","قانون دوم نیوتن","محاسبه","متوسط","اگر جرم جسم 9 کیلوگرم و شتاب آن 8 متر بر مجذور ثانیه باشد، نیروی خالص وارد بر آن چند نیوتن است؟","72","81","64","144","A","طبق رابطه F=ma، حاصل 9×8 برابر 72 نیوتن است.","ترنم همدلی","original","1405"
"دهم","تجربی","فیزیک","فیزیک","مفاهیم پایه","قانون دوم نیوتن","محاسبه","آسان","اگر جرم جسم 10 کیلوگرم و شتاب آن 1 متر بر مجذور ثانیه باشد، نیروی خالص وارد بر آن چند نیوتن است؟","10","20","9","20","A","طبق رابطه F=ma، حاصل 10×1 برابر 10 نیوتن است.","ترنم همدلی","original","1405"
"دهم","تجربی","فیزیک","فیزیک","مفاهیم پایه","قانون دوم نیوتن","محاسبه","متوسط","اگر جرم جسم 2 کیلوگرم و شتاب آن 2 متر بر مجذور ثانیه باشد، نیروی خالص وارد بر آن چند نیوتن است؟","4","6","2","8","A","طبق رابطه F=ma، حاصل 2×2 برابر 4 نیوتن است.","ترنم همدلی","original","1405"
"دهم","تجربی","فیزیک","فیزیک","مفاهیم پایه","قانون دوم نیوتن","محاسبه","متوسط","اگر جرم جسم 3 کیلوگرم و شتاب آن 3 متر بر مجذور ثانیه باشد، نیروی خالص وارد بر آن چند نیوتن است؟","9","12","6","18","A","طبق رابطه F=ma، حاصل 3×3 برابر 9 نیوتن است.","ترنم همدلی","original","1405"
"دهم","تجربی","فیزیک","فیزیک","مفاهیم پایه","قانون دوم نیوتن","محاسبه","متوسط","اگر جرم جسم 4 کیلوگرم و شتاب آن 4 متر بر مجذور ثانیه باشد، نیروی خالص وارد بر آن چند نیوتن است؟","16","20","12","32","A","طبق رابطه F=ma، حاصل 4×4 برابر 16 نیوتن است.","ترنم همدلی","original","1405"
"دهم","تجربی","فیزیک","فیزیک","مفاهیم پایه","قانون دوم نیوتن","محاسبه","آسان","اگر جرم جسم 5 کیلوگرم و شتاب آن 5 متر بر مجذور ثانیه باشد، نیروی خالص وارد بر آن چند نیوتن است؟","25","30","20","50","A","طبق رابطه F=ma، حاصل 5×5 برابر 25 نیوتن است.","ترنم همدلی","original","1405"
"دهم","تجربی","فیزیک","فیزیک","مفاهیم پایه","قانون دوم نیوتن","محاسبه","متوسط","اگر جرم جسم 6 کیلوگرم و شتاب آن 6 متر بر مجذور ثانیه باشد، نیروی خالص وارد بر آن چند نیوتن است؟","36","42","30","72","A","طبق رابطه F=ma، حاصل 6×6 برابر 36 نیوتن است.","ترنم همدلی","original","1405"
"دهم","تجربی","فیزیک","فیزیک","مفاهیم پایه","قانون دوم نیوتن","محاسبه","متوسط","اگر جرم جسم 7 کیلوگرم و شتاب آن 7 متر بر مجذور ثانیه باشد، نیروی خالص وارد بر آن چند نیوتن است؟","49","56","42","98","A","طبق رابطه F=ma، حاصل 7×7 برابر 49 نیوتن است.","ترنم همدلی","original","1405"
"دهم","تجربی","فیزیک","فیزیک","مفاهیم پایه","قانون دوم نیوتن","محاسبه","متوسط","اگر جرم جسم 8 کیلوگرم و شتاب آن 8 متر بر مجذور ثانیه باشد، نیروی خالص وارد بر آن چند نیوتن است؟","64","72","56","128","A","طبق رابطه F=ma، حاصل 8×8 برابر 64 نیوتن است.","ترنم همدلی","original","1405"
"دهم","تجربی","فیزیک","فیزیک","مفاهیم پایه","قانون دوم نیوتن","محاسبه","آسان","اگر جرم جسم 9 کیلوگرم و شتاب آن 1 متر بر مجذور ثانیه باشد، نیروی خالص وارد بر آن چند نیوتن است؟","9","18","8","18","A","طبق رابطه F=ma، حاصل 9×1 برابر 9 نیوتن است.","ترنم همدلی","original","1405"
"دهم","تجربی","فیزیک","فیزیک","مفاهیم پایه","قانون دوم نیوتن","محاسبه","متوسط","اگر جرم جسم 10 کیلوگرم و شتاب آن 2 متر بر مجذور ثانیه باشد، نیروی خالص وارد بر آن چند نیوتن است؟","20","30","18","40","A","طبق رابطه F=ma، حاصل 10×2 برابر 20 نیوتن است.","ترنم همدلی","original","1405"
"دهم","تجربی","فیزیک","فیزیک","مفاهیم پایه","قانون دوم نیوتن","محاسبه","متوسط","اگر جرم جسم 2 کیلوگرم و شتاب آن 3 متر بر مجذور ثانیه باشد، نیروی خالص وارد بر آن چند نیوتن است؟","6","8","3","12","A","طبق رابطه F=ma، حاصل 2×3 برابر 6 نیوتن است.","ترنم همدلی","original","1405"
"دهم","تجربی","فیزیک","فیزیک","مفاهیم پایه","قانون دوم نیوتن","محاسبه","متوسط","اگر جرم جسم 3 کیلوگرم و شتاب آن 4 متر بر مجذور ثانیه باشد، نیروی خالص وارد بر آن چند نیوتن است؟","12","15","8","24","A","طبق رابطه F=ma، حاصل 3×4 برابر 12 نیوتن است.","ترنم همدلی","original","1405"
"دهم","تجربی","فیزیک","فیزیک","مفاهیم پایه","قانون دوم نیوتن","محاسبه","آسان","اگر جرم جسم 4 کیلوگرم و شتاب آن 5 متر بر مجذور ثانیه باشد، نیروی خالص وارد بر آن چند نیوتن است؟","20","24","15","40","A","طبق رابطه F=ma، حاصل 4×5 برابر 20 نیوتن است.","ترنم همدلی","original","1405"
"دهم","تجربی","فیزیک","فیزیک","مفاهیم پایه","قانون دوم نیوتن","محاسبه","متوسط","اگر جرم جسم 5 کیلوگرم و شتاب آن 6 متر بر مجذور ثانیه باشد، نیروی خالص وارد بر آن چند نیوتن است؟","30","35","24","60","A","طبق رابطه F=ma، حاصل 5×6 برابر 30 نیوتن است.","ترنم همدلی","original","1405"
"دهم","تجربی","فیزیک","فیزیک","مفاهیم پایه","قانون دوم نیوتن","محاسبه","متوسط","اگر جرم جسم 6 کیلوگرم و شتاب آن 7 متر بر مجذور ثانیه باشد، نیروی خالص وارد بر آن چند نیوتن است؟","42","48","35","84","A","طبق رابطه F=ma، حاصل 6×7 برابر 42 نیوتن است.","ترنم همدلی","original","1405"
"دهم","تجربی","فیزیک","فیزیک","مفاهیم پایه","قانون دوم نیوتن","محاسبه","متوسط","اگر جرم جسم 7 کیلوگرم و شتاب آن 8 متر بر مجذور ثانیه باشد، نیروی خالص وارد بر آن چند نیوتن است؟","56","63","48","112","A","طبق رابطه F=ma، حاصل 7×8 برابر 56 نیوتن است.","ترنم همدلی","original","1405"
"دهم","تجربی","فیزیک","فیزیک","مفاهیم پایه","قانون دوم نیوتن","محاسبه","آسان","اگر جرم جسم 8 کیلوگرم و شتاب آن 1 متر بر مجذور ثانیه باشد، نیروی خالص وارد بر آن چند نیوتن است؟","8","16","7","16","A","طبق رابطه F=ma، حاصل 8×1 برابر 8 نیوتن است.","ترنم همدلی","original","1405"
"دهم","تجربی","فیزیک","فیزیک","مفاهیم پایه","قانون دوم نیوتن","محاسبه","متوسط","اگر جرم جسم 9 کیلوگرم و شتاب آن 2 متر بر مجذور ثانیه باشد، نیروی خالص وارد بر آن چند نیوتن است؟","18","27","16","36","A","طبق رابطه F=ma، حاصل 9×2 برابر 18 نیوتن است.","ترنم همدلی","original","1405"
"دهم","تجربی","فیزیک","فیزیک","مفاهیم پایه","قانون دوم نیوتن","محاسبه","متوسط","اگر جرم جسم 10 کیلوگرم و شتاب آن 3 متر بر مجذور ثانیه باشد، نیروی خالص وارد بر آن چند نیوتن است؟","30","40","27","60","A","طبق رابطه F=ma، حاصل 10×3 برابر 30 نیوتن است.","ترنم همدلی","original","1405"
"دهم","تجربی","فیزیک","فیزیک","مفاهیم پایه","قانون دوم نیوتن","محاسبه","متوسط","اگر جرم جسم 2 کیلوگرم و شتاب آن 4 متر بر مجذور ثانیه باشد، نیروی خالص وارد بر آن چند نیوتن است؟","8","10","4","16","A","طبق رابطه F=ma، حاصل 2×4 برابر 8 نیوتن است.","ترنم همدلی","original","1405"
"یازدهم","تجربی","فیزیک","فیزیک","مفاهیم پایه","قانون دوم نیوتن","محاسبه","آسان","اگر جرم جسم 2 کیلوگرم و شتاب آن 1 متر بر مجذور ثانیه باشد، نیروی خالص وارد بر آن چند نیوتن است؟","2","4","1","4","A","طبق رابطه F=ma، حاصل 2×1 برابر 2 نیوتن است.","ترنم همدلی","original","1405"
"یازدهم","تجربی","فیزیک","فیزیک","مفاهیم پایه","قانون دوم نیوتن","محاسبه","متوسط","اگر جرم جسم 3 کیلوگرم و شتاب آن 2 متر بر مجذور ثانیه باشد، نیروی خالص وارد بر آن چند نیوتن است؟","6","9","4","12","A","طبق رابطه F=ma، حاصل 3×2 برابر 6 نیوتن است.","ترنم همدلی","original","1405"
"یازدهم","تجربی","فیزیک","فیزیک","مفاهیم پایه","قانون دوم نیوتن","محاسبه","متوسط","اگر جرم جسم 4 کیلوگرم و شتاب آن 3 متر بر مجذور ثانیه باشد، نیروی خالص وارد بر آن چند نیوتن است؟","12","16","9","24","A","طبق رابطه F=ma، حاصل 4×3 برابر 12 نیوتن است.","ترنم همدلی","original","1405"
"یازدهم","تجربی","فیزیک","فیزیک","مفاهیم پایه","قانون دوم نیوتن","محاسبه","متوسط","اگر جرم جسم 5 کیلوگرم و شتاب آن 4 متر بر مجذور ثانیه باشد، نیروی خالص وارد بر آن چند نیوتن است؟","20","25","16","40","A","طبق رابطه F=ma، حاصل 5×4 برابر 20 نیوتن است.","ترنم همدلی","original","1405"
"یازدهم","تجربی","فیزیک","فیزیک","مفاهیم پایه","قانون دوم نیوتن","محاسبه","آسان","اگر جرم جسم 6 کیلوگرم و شتاب آن 5 متر بر مجذور ثانیه باشد، نیروی خالص وارد بر آن چند نیوتن است؟","30","36","25","60","A","طبق رابطه F=ma، حاصل 6×5 برابر 30 نیوتن است.","ترنم همدلی","original","1405"
"یازدهم","تجربی","فیزیک","فیزیک","مفاهیم پایه","قانون دوم نیوتن","محاسبه","متوسط","اگر جرم جسم 7 کیلوگرم و شتاب آن 6 متر بر مجذور ثانیه باشد، نیروی خالص وارد بر آن چند نیوتن است؟","42","49","36","84","A","طبق رابطه F=ma، حاصل 7×6 برابر 42 نیوتن است.","ترنم همدلی","original","1405"
"یازدهم","تجربی","فیزیک","فیزیک","مفاهیم پایه","قانون دوم نیوتن","محاسبه","متوسط","اگر جرم جسم 8 کیلوگرم و شتاب آن 7 متر بر مجذور ثانیه باشد، نیروی خالص وارد بر آن چند نیوتن است؟","56","64","49","112","A","طبق رابطه F=ma، حاصل 8×7 برابر 56 نیوتن است.","ترنم همدلی","original","1405"
"یازدهم","تجربی","فیزیک","فیزیک","مفاهیم پایه","قانون دوم نیوتن","محاسبه","متوسط","اگر جرم جسم 9 کیلوگرم و شتاب آن 8 متر بر مجذور ثانیه باشد، نیروی خالص وارد بر آن چند نیوتن است؟","72","81","64","144","A","طبق رابطه F=ma، حاصل 9×8 برابر 72 نیوتن است.","ترنم همدلی","original","1405"
"یازدهم","تجربی","فیزیک","فیزیک","مفاهیم پایه","قانون دوم نیوتن","محاسبه","آسان","اگر جرم جسم 10 کیلوگرم و شتاب آن 1 متر بر مجذور ثانیه باشد، نیروی خالص وارد بر آن چند نیوتن است؟","10","20","9","20","A","طبق رابطه F=ma، حاصل 10×1 برابر 10 نیوتن است.","ترنم همدلی","original","1405"
"یازدهم","تجربی","فیزیک","فیزیک","مفاهیم پایه","قانون دوم نیوتن","محاسبه","متوسط","اگر جرم جسم 2 کیلوگرم و شتاب آن 2 متر بر مجذور ثانیه باشد، نیروی خالص وارد بر آن چند نیوتن است؟","4","6","2","8","A","طبق رابطه F=ma، حاصل 2×2 برابر 4 نیوتن است.","ترنم همدلی","original","1405"
"یازدهم","تجربی","فیزیک","فیزیک","مفاهیم پایه","قانون دوم نیوتن","محاسبه","متوسط","اگر جرم جسم 3 کیلوگرم و شتاب آن 3 متر بر مجذور ثانیه باشد، نیروی خالص وارد بر آن چند نیوتن است؟","9","12","6","18","A","طبق رابطه F=ma، حاصل 3×3 برابر 9 نیوتن است.","ترنم همدلی","original","1405"
"یازدهم","تجربی","فیزیک","فیزیک","مفاهیم پایه","قانون دوم نیوتن","محاسبه","متوسط","اگر جرم جسم 4 کیلوگرم و شتاب آن 4 متر بر مجذور ثانیه باشد، نیروی خالص وارد بر آن چند نیوتن است؟","16","20","12","32","A","طبق رابطه F=ma، حاصل 4×4 برابر 16 نیوتن است.","ترنم همدلی","original","1405"
"یازدهم","تجربی","فیزیک","فیزیک","مفاهیم پایه","قانون دوم نیوتن","محاسبه","آسان","اگر جرم جسم 5 کیلوگرم و شتاب آن 5 متر بر مجذور ثانیه باشد، نیروی خالص وارد بر آن چند نیوتن است؟","25","30","20","50","A","طبق رابطه F=ma، حاصل 5×5 برابر 25 نیوتن است.","ترنم همدلی","original","1405"
"یازدهم","تجربی","فیزیک","فیزیک","مفاهیم پایه","قانون دوم نیوتن","محاسبه","متوسط","اگر جرم جسم 6 کیلوگرم و شتاب آن 6 متر بر مجذور ثانیه باشد، نیروی خالص وارد بر آن چند نیوتن است؟","36","42","30","72","A","طبق رابطه F=ma، حاصل 6×6 برابر 36 نیوتن است.","ترنم همدلی","original","1405"
"یازدهم","تجربی","فیزیک","فیزیک","مفاهیم پایه","قانون دوم نیوتن","محاسبه","متوسط","اگر جرم جسم 7 کیلوگرم و شتاب آن 7 متر بر مجذور ثانیه باشد، نیروی خالص وارد بر آن چند نیوتن است؟","49","56","42","98","A","طبق رابطه F=ma، حاصل 7×7 برابر 49 نیوتن است.","ترنم همدلی","original","1405"
"یازدهم","تجربی","فیزیک","فیزیک","مفاهیم پایه","قانون دوم نیوتن","محاسبه","متوسط","اگر جرم جسم 8 کیلوگرم و شتاب آن 8 متر بر مجذور ثانیه باشد، نیروی خالص وارد بر آن چند نیوتن است؟","64","72","56","128","A","طبق رابطه F=ma، حاصل 8×8 برابر 64 نیوتن است.","ترنم همدلی","original","1405"
"یازدهم","تجربی","فیزیک","فیزیک","مفاهیم پایه","قانون دوم نیوتن","محاسبه","آسان","اگر جرم جسم 9 کیلوگرم و شتاب آن 1 متر بر مجذور ثانیه باشد، نیروی خالص وارد بر آن چند نیوتن است؟","9","18","8","18","A","طبق رابطه F=ma، حاصل 9×1 برابر 9 نیوتن است.","ترنم همدلی","original","1405"
"یازدهم","تجربی","فیزیک","فیزیک","مفاهیم پایه","قانون دوم نیوتن","محاسبه","متوسط","اگر جرم جسم 10 کیلوگرم و شتاب آن 2 متر بر مجذور ثانیه باشد، نیروی خالص وارد بر آن چند نیوتن است؟","20","30","18","40","A","طبق رابطه F=ma، حاصل 10×2 برابر 20 نیوتن است.","ترنم همدلی","original","1405"
"یازدهم","تجربی","فیزیک","فیزیک","مفاهیم پایه","قانون دوم نیوتن","محاسبه","متوسط","اگر جرم جسم 2 کیلوگرم و شتاب آن 3 متر بر مجذور ثانیه باشد، نیروی خالص وارد بر آن چند نیوتن است؟","6","8","3","12","A","طبق رابطه F=ma، حاصل 2×3 برابر 6 نیوتن است.","ترنم همدلی","original","1405"
"یازدهم","تجربی","فیزیک","فیزیک","مفاهیم پایه","قانون دوم نیوتن","محاسبه","متوسط","اگر جرم جسم 3 کیلوگرم و شتاب آن 4 متر بر مجذور ثانیه باشد، نیروی خالص وارد بر آن چند نیوتن است؟","12","15","8","24","A","طبق رابطه F=ma، حاصل 3×4 برابر 12 نیوتن است.","ترنم همدلی","original","1405"
"یازدهم","تجربی","فیزیک","فیزیک","مفاهیم پایه","قانون دوم نیوتن","محاسبه","آسان","اگر جرم جسم 4 کیلوگرم و شتاب آن 5 متر بر مجذور ثانیه باشد، نیروی خالص وارد بر آن چند نیوتن است؟","20","24","15","40","A","طبق رابطه F=ma، حاصل 4×5 برابر 20 نیوتن است.","ترنم همدلی","original","1405"
"یازدهم","تجربی","فیزیک","فیزیک","مفاهیم پایه","قانون دوم نیوتن","محاسبه","متوسط","اگر جرم جسم 5 کیلوگرم و شتاب آن 6 متر بر مجذور ثانیه باشد، نیروی خالص وارد بر آن چند نیوتن است؟","30","35","24","60","A","طبق رابطه F=ma، حاصل 5×6 برابر 30 نیوتن است.","ترنم همدلی","original","1405"
"یازدهم","تجربی","فیزیک","فیزیک","مفاهیم پایه","قانون دوم نیوتن","محاسبه","متوسط","اگر جرم جسم 6 کیلوگرم و شتاب آن 7 متر بر مجذور ثانیه باشد، نیروی خالص وارد بر آن چند نیوتن است؟","42","48","35","84","A","طبق رابطه F=ma، حاصل 6×7 برابر 42 نیوتن است.","ترنم همدلی","original","1405"
"یازدهم","تجربی","فیزیک","فیزیک","مفاهیم پایه","قانون دوم نیوتن","محاسبه","متوسط","اگر جرم جسم 7 کیلوگرم و شتاب آن 8 متر بر مجذور ثانیه باشد، نیروی خالص وارد بر آن چند نیوتن است؟","56","63","48","112","A","طبق رابطه F=ma، حاصل 7×8 برابر 56 نیوتن است.","ترنم همدلی","original","1405"
"یازدهم","تجربی","فیزیک","فیزیک","مفاهیم پایه","قانون دوم نیوتن","محاسبه","آسان","اگر جرم جسم 8 کیلوگرم و شتاب آن 1 متر بر مجذور ثانیه باشد، نیروی خالص وارد بر آن چند نیوتن است؟","8","16","7","16","A","طبق رابطه F=ma، حاصل 8×1 برابر 8 نیوتن است.","ترنم همدلی","original","1405"
"یازدهم","تجربی","فیزیک","فیزیک","مفاهیم پایه","قانون دوم نیوتن","محاسبه","متوسط","اگر جرم جسم 9 کیلوگرم و شتاب آن 2 متر بر مجذور ثانیه باشد، نیروی خالص وارد بر آن چند نیوتن است؟","18","27","16","36","A","طبق رابطه F=ma، حاصل 9×2 برابر 18 نیوتن است.","ترنم همدلی","original","1405"
"یازدهم","تجربی","فیزیک","فیزیک","مفاهیم پایه","قانون دوم نیوتن","محاسبه","متوسط","اگر جرم جسم 10 کیلوگرم و شتاب آن 3 متر بر مجذور ثانیه باشد، نیروی خالص وارد بر آن چند نیوتن است؟","30","40","27","60","A","طبق رابطه F=ma، حاصل 10×3 برابر 30 نیوتن است.","ترنم همدلی","original","1405"
"یازدهم","تجربی","فیزیک","فیزیک","مفاهیم پایه","قانون دوم نیوتن","محاسبه","متوسط","اگر جرم جسم 2 کیلوگرم و شتاب آن 4 متر بر مجذور ثانیه باشد، نیروی خالص وارد بر آن چند نیوتن است؟","8","10","4","16","A","طبق رابطه F=ma، حاصل 2×4 برابر 8 نیوتن است.","ترنم همدلی","original","1405"
"یازدهم","تجربی","فیزیک","فیزیک","مفاهیم پایه","قانون دوم نیوتن","محاسبه","آسان","اگر جرم جسم 3 کیلوگرم و شتاب آن 5 متر بر مجذور ثانیه باشد، نیروی خالص وارد بر آن چند نیوتن است؟","15","18","10","30","A","طبق رابطه F=ma، حاصل 3×5 برابر 15 نیوتن است.","ترنم همدلی","original","1405"
"یازدهم","تجربی","فیزیک","فیزیک","مفاهیم پایه","قانون دوم نیوتن","محاسبه","متوسط","اگر جرم جسم 4 کیلوگرم و شتاب آن 6 متر بر مجذور ثانیه باشد، نیروی خالص وارد بر آن چند نیوتن است؟","24","28","18","48","A","طبق رابطه F=ma، حاصل 4×6 برابر 24 نیوتن است.","ترنم همدلی","original","1405"
"یازدهم","تجربی","فیزیک","فیزیک","مفاهیم پایه","قانون دوم نیوتن","محاسبه","متوسط","اگر جرم جسم 5 کیلوگرم و شتاب آن 7 متر بر مجذور ثانیه باشد، نیروی خالص وارد بر آن چند نیوتن است؟","35","40","28","70","A","طبق رابطه F=ma، حاصل 5×7 برابر 35 نیوتن است.","ترنم همدلی","original","1405"
"یازدهم","تجربی","فیزیک","فیزیک","مفاهیم پایه","قانون دوم نیوتن","محاسبه","متوسط","اگر جرم جسم 6 کیلوگرم و شتاب آن 8 متر بر مجذور ثانیه باشد، نیروی خالص وارد بر آن چند نیوتن است؟","48","54","40","96","A","طبق رابطه F=ma، حاصل 6×8 برابر 48 نیوتن است.","ترنم همدلی","original","1405"
"یازدهم","تجربی","فیزیک","فیزیک","مفاهیم پایه","قانون دوم نیوتن","محاسبه","آسان","اگر جرم جسم 7 کیلوگرم و شتاب آن 1 متر بر مجذور ثانیه باشد، نیروی خالص وارد بر آن چند نیوتن است؟","7","14","6","14","A","طبق رابطه F=ma، حاصل 7×1 برابر 7 نیوتن است.","ترنم همدلی","original","1405"
"یازدهم","تجربی","فیزیک","فیزیک","مفاهیم پایه","قانون دوم نیوتن","محاسبه","متوسط","اگر جرم جسم 8 کیلوگرم و شتاب آن 2 متر بر مجذور ثانیه باشد، نیروی خالص وارد بر آن چند نیوتن است؟","16","24","14","32","A","طبق رابطه F=ma، حاصل 8×2 برابر 16 نیوتن است.","ترنم همدلی","original","1405"
"یازدهم","تجربی","فیزیک","فیزیک","مفاهیم پایه","قانون دوم نیوتن","محاسبه","متوسط","اگر جرم جسم 9 کیلوگرم و شتاب آن 3 متر بر مجذور ثانیه باشد، نیروی خالص وارد بر آن چند نیوتن است؟","27","36","24","54","A","طبق رابطه F=ma، حاصل 9×3 برابر 27 نیوتن است.","ترنم همدلی","original","1405"
"یازدهم","تجربی","فیزیک","فیزیک","مفاهیم پایه","قانون دوم نیوتن","محاسبه","متوسط","اگر جرم جسم 10 کیلوگرم و شتاب آن 4 متر بر مجذور ثانیه باشد، نیروی خالص وارد بر آن چند نیوتن است؟","40","50","36","80","A","طبق رابطه F=ma، حاصل 10×4 برابر 40 نیوتن است.","ترنم همدلی","original","1405"
"یازدهم","تجربی","فیزیک","فیزیک","مفاهیم پایه","قانون دوم نیوتن","محاسبه","آسان","اگر جرم جسم 2 کیلوگرم و شتاب آن 5 متر بر مجذور ثانیه باشد، نیروی خالص وارد بر آن چند نیوتن است؟","10","12","5","20","A","طبق رابطه F=ma، حاصل 2×5 برابر 10 نیوتن است.","ترنم همدلی","original","1405"
"یازدهم","تجربی","فیزیک","فیزیک","مفاهیم پایه","قانون دوم نیوتن","محاسبه","متوسط","اگر جرم جسم 3 کیلوگرم و شتاب آن 6 متر بر مجذور ثانیه باشد، نیروی خالص وارد بر آن چند نیوتن است؟","18","21","12","36","A","طبق رابطه F=ma، حاصل 3×6 برابر 18 نیوتن است.","ترنم همدلی","original","1405"
"یازدهم","تجربی","فیزیک","فیزیک","مفاهیم پایه","قانون دوم نیوتن","محاسبه","متوسط","اگر جرم جسم 4 کیلوگرم و شتاب آن 7 متر بر مجذور ثانیه باشد، نیروی خالص وارد بر آن چند نیوتن است؟","28","32","21","56","A","طبق رابطه F=ma، حاصل 4×7 برابر 28 نیوتن است.","ترنم همدلی","original","1405"
"یازدهم","تجربی","فیزیک","فیزیک","مفاهیم پایه","قانون دوم نیوتن","محاسبه","متوسط","اگر جرم جسم 5 کیلوگرم و شتاب آن 8 متر بر مجذور ثانیه باشد، نیروی خالص وارد بر آن چند نیوتن است؟","40","45","32","80","A","طبق رابطه F=ma، حاصل 5×8 برابر 40 نیوتن است.","ترنم همدلی","original","1405"
"یازدهم","تجربی","فیزیک","فیزیک","مفاهیم پایه","قانون دوم نیوتن","محاسبه","آسان","اگر جرم جسم 6 کیلوگرم و شتاب آن 1 متر بر مجذور ثانیه باشد، نیروی خالص وارد بر آن چند نیوتن است؟","6","12","5","12","A","طبق رابطه F=ma، حاصل 6×1 برابر 6 نیوتن است.","ترنم همدلی","original","1405"
"یازدهم","تجربی","فیزیک","فیزیک","مفاهیم پایه","قانون دوم نیوتن","محاسبه","متوسط","اگر جرم جسم 7 کیلوگرم و شتاب آن 2 متر بر مجذور ثانیه باشد، نیروی خالص وارد بر آن چند نیوتن است؟","14","21","12","28","A","طبق رابطه F=ma، حاصل 7×2 برابر 14 نیوتن است.","ترنم همدلی","original","1405"
"یازدهم","تجربی","فیزیک","فیزیک","مفاهیم پایه","قانون دوم نیوتن","محاسبه","متوسط","اگر جرم جسم 8 کیلوگرم و شتاب آن 3 متر بر مجذور ثانیه باشد، نیروی خالص وارد بر آن چند نیوتن است؟","24","32","21","48","A","طبق رابطه F=ma، حاصل 8×3 برابر 24 نیوتن است.","ترنم همدلی","original","1405"
"یازدهم","تجربی","فیزیک","فیزیک","مفاهیم پایه","قانون دوم نیوتن","محاسبه","متوسط","اگر جرم جسم 9 کیلوگرم و شتاب آن 4 متر بر مجذور ثانیه باشد، نیروی خالص وارد بر آن چند نیوتن است؟","36","45","32","72","A","طبق رابطه F=ma، حاصل 9×4 برابر 36 نیوتن است.","ترنم همدلی","original","1405"
"یازدهم","تجربی","فیزیک","فیزیک","مفاهیم پایه","قانون دوم نیوتن","محاسبه","آسان","اگر جرم جسم 10 کیلوگرم و شتاب آن 5 متر بر مجذور ثانیه باشد، نیروی خالص وارد بر آن چند نیوتن است؟","50","60","45","100","A","طبق رابطه F=ma، حاصل 10×5 برابر 50 نیوتن است.","ترنم همدلی","original","1405"
"یازدهم","تجربی","فیزیک","فیزیک","مفاهیم پایه","قانون دوم نیوتن","محاسبه","متوسط","اگر جرم جسم 2 کیلوگرم و شتاب آن 6 متر بر مجذور ثانیه باشد، نیروی خالص وارد بر آن چند نیوتن است؟","12","14","6","24","A","طبق رابطه F=ma، حاصل 2×6 برابر 12 نیوتن است.","ترنم همدلی","original","1405"
"یازدهم","تجربی","فیزیک","فیزیک","مفاهیم پایه","قانون دوم نیوتن","محاسبه","متوسط","اگر جرم جسم 3 کیلوگرم و شتاب آن 7 متر بر مجذور ثانیه باشد، نیروی خالص وارد بر آن چند نیوتن است؟","21","24","14","42","A","طبق رابطه F=ma، حاصل 3×7 برابر 21 نیوتن است.","ترنم همدلی","original","1405"
"یازدهم","تجربی","فیزیک","فیزیک","مفاهیم پایه","قانون دوم نیوتن","محاسبه","متوسط","اگر جرم جسم 4 کیلوگرم و شتاب آن 8 متر بر مجذور ثانیه باشد، نیروی خالص وارد بر آن چند نیوتن است؟","32","36","24","64","A","طبق رابطه F=ma، حاصل 4×8 برابر 32 نیوتن است.","ترنم همدلی","original","1405"
"یازدهم","تجربی","فیزیک","فیزیک","مفاهیم پایه","قانون دوم نیوتن","محاسبه","آسان","اگر جرم جسم 5 کیلوگرم و شتاب آن 1 متر بر مجذور ثانیه باشد، نیروی خالص وارد بر آن چند نیوتن است؟","5","10","4","10","A","طبق رابطه F=ma، حاصل 5×1 برابر 5 نیوتن است.","ترنم همدلی","original","1405"
"یازدهم","تجربی","فیزیک","فیزیک","مفاهیم پایه","قانون دوم نیوتن","محاسبه","متوسط","اگر جرم جسم 6 کیلوگرم و شتاب آن 2 متر بر مجذور ثانیه باشد، نیروی خالص وارد بر آن چند نیوتن است؟","12","18","10","24","A","طبق رابطه F=ma، حاصل 6×2 برابر 12 نیوتن است.","ترنم همدلی","original","1405"
"یازدهم","تجربی","فیزیک","فیزیک","مفاهیم پایه","قانون دوم نیوتن","محاسبه","متوسط","اگر جرم جسم 7 کیلوگرم و شتاب آن 3 متر بر مجذور ثانیه باشد، نیروی خالص وارد بر آن چند نیوتن است؟","21","28","18","42","A","طبق رابطه F=ma، حاصل 7×3 برابر 21 نیوتن است.","ترنم همدلی","original","1405"
"یازدهم","تجربی","فیزیک","فیزیک","مفاهیم پایه","قانون دوم نیوتن","محاسبه","متوسط","اگر جرم جسم 8 کیلوگرم و شتاب آن 4 متر بر مجذور ثانیه باشد، نیروی خالص وارد بر آن چند نیوتن است؟","32","40","28","64","A","طبق رابطه F=ma، حاصل 8×4 برابر 32 نیوتن است.","ترنم همدلی","original","1405"
"یازدهم","تجربی","فیزیک","فیزیک","مفاهیم پایه","قانون دوم نیوتن","محاسبه","آسان","اگر جرم جسم 9 کیلوگرم و شتاب آن 5 متر بر مجذور ثانیه باشد، نیروی خالص وارد بر آن چند نیوتن است؟","45","54","40","90","A","طبق رابطه F=ma، حاصل 9×5 برابر 45 نیوتن است.","ترنم همدلی","original","1405"
"یازدهم","تجربی","فیزیک","فیزیک","مفاهیم پایه","قانون دوم نیوتن","محاسبه","متوسط","اگر جرم جسم 10 کیلوگرم و شتاب آن 6 متر بر مجذور ثانیه باشد، نیروی خالص وارد بر آن چند نیوتن است؟","60","70","54","120","A","طبق رابطه F=ma، حاصل 10×6 برابر 60 نیوتن است.","ترنم همدلی","original","1405"
"یازدهم","تجربی","فیزیک","فیزیک","مفاهیم پایه","قانون دوم نیوتن","محاسبه","متوسط","اگر جرم جسم 2 کیلوگرم و شتاب آن 7 متر بر مجذور ثانیه باشد، نیروی خالص وارد بر آن چند نیوتن است؟","14","16","7","28","A","طبق رابطه F=ma، حاصل 2×7 برابر 14 نیوتن است.","ترنم همدلی","original","1405"
"یازدهم","تجربی","فیزیک","فیزیک","مفاهیم پایه","قانون دوم نیوتن","محاسبه","متوسط","اگر جرم جسم 3 کیلوگرم و شتاب آن 8 متر بر مجذور ثانیه باشد، نیروی خالص وارد بر آن چند نیوتن است؟","24","27","16","48","A","طبق رابطه F=ma، حاصل 3×8 برابر 24 نیوتن است.","ترنم همدلی","original","1405"
"یازدهم","تجربی","فیزیک","فیزیک","مفاهیم پایه","قانون دوم نیوتن","محاسبه","آسان","اگر جرم جسم 4 کیلوگرم و شتاب آن 1 متر بر مجذور ثانیه باشد، نیروی خالص وارد بر آن چند نیوتن است؟","4","8","3","8","A","طبق رابطه F=ma، حاصل 4×1 برابر 4 نیوتن است.","ترنم همدلی","original","1405"
"یازدهم","تجربی","فیزیک","فیزیک","مفاهیم پایه","قانون دوم نیوتن","محاسبه","متوسط","اگر جرم جسم 5 کیلوگرم و شتاب آن 2 متر بر مجذور ثانیه باشد، نیروی خالص وارد بر آن چند نیوتن است؟","10","15","8","20","A","طبق رابطه F=ma، حاصل 5×2 برابر 10 نیوتن است.","ترنم همدلی","original","1405"
"یازدهم","تجربی","فیزیک","فیزیک","مفاهیم پایه","قانون دوم نیوتن","محاسبه","متوسط","اگر جرم جسم 6 کیلوگرم و شتاب آن 3 متر بر مجذور ثانیه باشد، نیروی خالص وارد بر آن چند نیوتن است؟","18","24","15","36","A","طبق رابطه F=ma، حاصل 6×3 برابر 18 نیوتن است.","ترنم همدلی","original","1405"
"یازدهم","تجربی","فیزیک","فیزیک","مفاهیم پایه","قانون دوم نیوتن","محاسبه","متوسط","اگر جرم جسم 7 کیلوگرم و شتاب آن 4 متر بر مجذور ثانیه باشد، نیروی خالص وارد بر آن چند نیوتن است؟","28","35","24","56","A","طبق رابطه F=ma، حاصل 7×4 برابر 28 نیوتن است.","ترنم همدلی","original","1405"
"یازدهم","تجربی","فیزیک","فیزیک","مفاهیم پایه","قانون دوم نیوتن","محاسبه","آسان","اگر جرم جسم 8 کیلوگرم و شتاب آن 5 متر بر مجذور ثانیه باشد، نیروی خالص وارد بر آن چند نیوتن است؟","40","48","35","80","A","طبق رابطه F=ma، حاصل 8×5 برابر 40 نیوتن است.","ترنم همدلی","original","1405"
"یازدهم","تجربی","فیزیک","فیزیک","مفاهیم پایه","قانون دوم نیوتن","محاسبه","متوسط","اگر جرم جسم 9 کیلوگرم و شتاب آن 6 متر بر مجذور ثانیه باشد، نیروی خالص وارد بر آن چند نیوتن است؟","54","63","48","108","A","طبق رابطه F=ma، حاصل 9×6 برابر 54 نیوتن است.","ترنم همدلی","original","1405"
"یازدهم","تجربی","فیزیک","فیزیک","مفاهیم پایه","قانون دوم نیوتن","محاسبه","متوسط","اگر جرم جسم 10 کیلوگرم و شتاب آن 7 متر بر مجذور ثانیه باشد، نیروی خالص وارد بر آن چند نیوتن است؟","70","80","63","140","A","طبق رابطه F=ma، حاصل 10×7 برابر 70 نیوتن است.","ترنم همدلی","original","1405"
"یازدهم","تجربی","فیزیک","فیزیک","مفاهیم پایه","قانون دوم نیوتن","محاسبه","متوسط","اگر جرم جسم 2 کیلوگرم و شتاب آن 8 متر بر مجذور ثانیه باشد، نیروی خالص وارد بر آن چند نیوتن است؟","16","18","8","32","A","طبق رابطه F=ma، حاصل 2×8 برابر 16 نیوتن است.","ترنم همدلی","original","1405"
"یازدهم","تجربی","فیزیک","فیزیک","مفاهیم پایه","قانون دوم نیوتن","محاسبه","آسان","اگر جرم جسم 3 کیلوگرم و شتاب آن 1 متر بر مجذور ثانیه باشد، نیروی خالص وارد بر آن چند نیوتن است؟","3","6","2","6","A","طبق رابطه F=ma، حاصل 3×1 برابر 3 نیوتن است.","ترنم همدلی","original","1405"
"یازدهم","تجربی","فیزیک","فیزیک","مفاهیم پایه","قانون دوم نیوتن","محاسبه","متوسط","اگر جرم جسم 4 کیلوگرم و شتاب آن 2 متر بر مجذور ثانیه باشد، نیروی خالص وارد بر آن چند نیوتن است؟","8","12","6","16","A","طبق رابطه F=ma، حاصل 4×2 برابر 8 نیوتن است.","ترنم همدلی","original","1405"
"یازدهم","تجربی","فیزیک","فیزیک","مفاهیم پایه","قانون دوم نیوتن","محاسبه","متوسط","اگر جرم جسم 5 کیلوگرم و شتاب آن 3 متر بر مجذور ثانیه باشد، نیروی خالص وارد بر آن چند نیوتن است؟","15","20","12","30","A","طبق رابطه F=ma، حاصل 5×3 برابر 15 نیوتن است.","ترنم همدلی","original","1405"
"یازدهم","تجربی","فیزیک","فیزیک","مفاهیم پایه","قانون دوم نیوتن","محاسبه","متوسط","اگر جرم جسم 6 کیلوگرم و شتاب آن 4 متر بر مجذور ثانیه باشد، نیروی خالص وارد بر آن چند نیوتن است؟","24","30","20","48","A","طبق رابطه F=ma، حاصل 6×4 برابر 24 نیوتن است.","ترنم همدلی","original","1405"
"یازدهم","تجربی","فیزیک","فیزیک","مفاهیم پایه","قانون دوم نیوتن","محاسبه","آسان","اگر جرم جسم 7 کیلوگرم و شتاب آن 5 متر بر مجذور ثانیه باشد، نیروی خالص وارد بر آن چند نیوتن است؟","35","42","30","70","A","طبق رابطه F=ma، حاصل 7×5 برابر 35 نیوتن است.","ترنم همدلی","original","1405"
"یازدهم","تجربی","فیزیک","فیزیک","مفاهیم پایه","قانون دوم نیوتن","محاسبه","متوسط","اگر جرم جسم 8 کیلوگرم و شتاب آن 6 متر بر مجذور ثانیه باشد، نیروی خالص وارد بر آن چند نیوتن است؟","48","56","42","96","A","طبق رابطه F=ma، حاصل 8×6 برابر 48 نیوتن است.","ترنم همدلی","original","1405"
"یازدهم","تجربی","فیزیک","فیزیک","مفاهیم پایه","قانون دوم نیوتن","محاسبه","متوسط","اگر جرم جسم 9 کیلوگرم و شتاب آن 7 متر بر مجذور ثانیه باشد، نیروی خالص وارد بر آن چند نیوتن است؟","63","72","56","126","A","طبق رابطه F=ma، حاصل 9×7 برابر 63 نیوتن است.","ترنم همدلی","original","1405"
"یازدهم","تجربی","فیزیک","فیزیک","مفاهیم پایه","قانون دوم نیوتن","محاسبه","متوسط","اگر جرم جسم 10 کیلوگرم و شتاب آن 8 متر بر مجذور ثانیه باشد، نیروی خالص وارد بر آن چند نیوتن است؟","80","90","72","160","A","طبق رابطه F=ma، حاصل 10×8 برابر 80 نیوتن است.","ترنم همدلی","original","1405"
"یازدهم","تجربی","فیزیک","فیزیک","مفاهیم پایه","قانون دوم نیوتن","محاسبه","آسان","اگر جرم جسم 2 کیلوگرم و شتاب آن 1 متر بر مجذور ثانیه باشد، نیروی خالص وارد بر آن چند نیوتن است؟","2","4","1","4","A","طبق رابطه F=ma، حاصل 2×1 برابر 2 نیوتن است.","ترنم همدلی","original","1405"
"یازدهم","تجربی","فیزیک","فیزیک","مفاهیم پایه","قانون دوم نیوتن","محاسبه","متوسط","اگر جرم جسم 3 کیلوگرم و شتاب آن 2 متر بر مجذور ثانیه باشد، نیروی خالص وارد بر آن چند نیوتن است؟","6","9","4","12","A","طبق رابطه F=ma، حاصل 3×2 برابر 6 نیوتن است.","ترنم همدلی","original","1405"
"یازدهم","تجربی","فیزیک","فیزیک","مفاهیم پایه","قانون دوم نیوتن","محاسبه","متوسط","اگر جرم جسم 4 کیلوگرم و شتاب آن 3 متر بر مجذور ثانیه باشد، نیروی خالص وارد بر آن چند نیوتن است؟","12","16","9","24","A","طبق رابطه F=ma، حاصل 4×3 برابر 12 نیوتن است.","ترنم همدلی","original","1405"
"یازدهم","تجربی","فیزیک","فیزیک","مفاهیم پایه","قانون دوم نیوتن","محاسبه","متوسط","اگر جرم جسم 5 کیلوگرم و شتاب آن 4 متر بر مجذور ثانیه باشد، نیروی خالص وارد بر آن چند نیوتن است؟","20","25","16","40","A","طبق رابطه F=ma، حاصل 5×4 برابر 20 نیوتن است.","ترنم همدلی","original","1405"
"یازدهم","تجربی","فیزیک","فیزیک","مفاهیم پایه","قانون دوم نیوتن","محاسبه","آسان","اگر جرم جسم 6 کیلوگرم و شتاب آن 5 متر بر مجذور ثانیه باشد، نیروی خالص وارد بر آن چند نیوتن است؟","30","36","25","60","A","طبق رابطه F=ma، حاصل 6×5 برابر 30 نیوتن است.","ترنم همدلی","original","1405"
"یازدهم","تجربی","فیزیک","فیزیک","مفاهیم پایه","قانون دوم نیوتن","محاسبه","متوسط","اگر جرم جسم 7 کیلوگرم و شتاب آن 6 متر بر مجذور ثانیه باشد، نیروی خالص وارد بر آن چند نیوتن است؟","42","49","36","84","A","طبق رابطه F=ma، حاصل 7×6 برابر 42 نیوتن است.","ترنم همدلی","original","1405"
"یازدهم","تجربی","فیزیک","فیزیک","مفاهیم پایه","قانون دوم نیوتن","محاسبه","متوسط","اگر جرم جسم 8 کیلوگرم و شتاب آن 7 متر بر مجذور ثانیه باشد، نیروی خالص وارد بر آن چند نیوتن است؟","56","64","49","112","A","طبق رابطه F=ma، حاصل 8×7 برابر 56 نیوتن است.","ترنم همدلی","original","1405"
"یازدهم","تجربی","فیزیک","فیزیک","مفاهیم پایه","قانون دوم نیوتن","محاسبه","متوسط","اگر جرم جسم 9 کیلوگرم و شتاب آن 8 متر بر مجذور ثانیه باشد، نیروی خالص وارد بر آن چند نیوتن است؟","72","81","64","144","A","طبق رابطه F=ma، حاصل 9×8 برابر 72 نیوتن است.","ترنم همدلی","original","1405"
"یازدهم","تجربی","فیزیک","فیزیک","مفاهیم پایه","قانون دوم نیوتن","محاسبه","آسان","اگر جرم جسم 10 کیلوگرم و شتاب آن 1 متر بر مجذور ثانیه باشد، نیروی خالص وارد بر آن چند نیوتن است؟","10","20","9","20","A","طبق رابطه F=ma، حاصل 10×1 برابر 10 نیوتن است.","ترنم همدلی","original","1405"
"یازدهم","تجربی","فیزیک","فیزیک","مفاهیم پایه","قانون دوم نیوتن","محاسبه","متوسط","اگر جرم جسم 2 کیلوگرم و شتاب آن 2 متر بر مجذور ثانیه باشد، نیروی خالص وارد بر آن چند نیوتن است؟","4","6","2","8","A","طبق رابطه F=ma، حاصل 2×2 برابر 4 نیوتن است.","ترنم همدلی","original","1405"
"یازدهم","تجربی","فیزیک","فیزیک","مفاهیم پایه","قانون دوم نیوتن","محاسبه","متوسط","اگر جرم جسم 3 کیلوگرم و شتاب آن 3 متر بر مجذور ثانیه باشد، نیروی خالص وارد بر آن چند نیوتن است؟","9","12","6","18","A","طبق رابطه F=ma، حاصل 3×3 برابر 9 نیوتن است.","ترنم همدلی","original","1405"
"یازدهم","تجربی","فیزیک","فیزیک","مفاهیم پایه","قانون دوم نیوتن","محاسبه","متوسط","اگر جرم جسم 4 کیلوگرم و شتاب آن 4 متر بر مجذور ثانیه باشد، نیروی خالص وارد بر آن چند نیوتن است؟","16","20","12","32","A","طبق رابطه F=ma، حاصل 4×4 برابر 16 نیوتن است.","ترنم همدلی","original","1405"
"یازدهم","تجربی","فیزیک","فیزیک","مفاهیم پایه","قانون دوم نیوتن","محاسبه","آسان","اگر جرم جسم 5 کیلوگرم و شتاب آن 5 متر بر مجذور ثانیه باشد، نیروی خالص وارد بر آن چند نیوتن است؟","25","30","20","50","A","طبق رابطه F=ma، حاصل 5×5 برابر 25 نیوتن است.","ترنم همدلی","original","1405"
"یازدهم","تجربی","فیزیک","فیزیک","مفاهیم پایه","قانون دوم نیوتن","محاسبه","متوسط","اگر جرم جسم 6 کیلوگرم و شتاب آن 6 متر بر مجذور ثانیه باشد، نیروی خالص وارد بر آن چند نیوتن است؟","36","42","30","72","A","طبق رابطه F=ma، حاصل 6×6 برابر 36 نیوتن است.","ترنم همدلی","original","1405"
"یازدهم","تجربی","فیزیک","فیزیک","مفاهیم پایه","قانون دوم نیوتن","محاسبه","متوسط","اگر جرم جسم 7 کیلوگرم و شتاب آن 7 متر بر مجذور ثانیه باشد، نیروی خالص وارد بر آن چند نیوتن است؟","49","56","42","98","A","طبق رابطه F=ma، حاصل 7×7 برابر 49 نیوتن است.","ترنم همدلی","original","1405"
"یازدهم","تجربی","فیزیک","فیزیک","مفاهیم پایه","قانون دوم نیوتن","محاسبه","متوسط","اگر جرم جسم 8 کیلوگرم و شتاب آن 8 متر بر مجذور ثانیه باشد، نیروی خالص وارد بر آن چند نیوتن است؟","64","72","56","128","A","طبق رابطه F=ma، حاصل 8×8 برابر 64 نیوتن است.","ترنم همدلی","original","1405"
"یازدهم","تجربی","فیزیک","فیزیک","مفاهیم پایه","قانون دوم نیوتن","محاسبه","آسان","اگر جرم جسم 9 کیلوگرم و شتاب آن 1 متر بر مجذور ثانیه باشد، نیروی خالص وارد بر آن چند نیوتن است؟","9","18","8","18","A","طبق رابطه F=ma، حاصل 9×1 برابر 9 نیوتن است.","ترنم همدلی","original","1405"
"یازدهم","تجربی","فیزیک","فیزیک","مفاهیم پایه","قانون دوم نیوتن","محاسبه","متوسط","اگر جرم جسم 10 کیلوگرم و شتاب آن 2 متر بر مجذور ثانیه باشد، نیروی خالص وارد بر آن چند نیوتن است؟","20","30","18","40","A","طبق رابطه F=ma، حاصل 10×2 برابر 20 نیوتن است.","ترنم همدلی","original","1405"
"یازدهم","تجربی","فیزیک","فیزیک","مفاهیم پایه","قانون دوم نیوتن","محاسبه","متوسط","اگر جرم جسم 2 کیلوگرم و شتاب آن 3 متر بر مجذور ثانیه باشد، نیروی خالص وارد بر آن چند نیوتن است؟","6","8","3","12","A","طبق رابطه F=ma، حاصل 2×3 برابر 6 نیوتن است.","ترنم همدلی","original","1405"
"یازدهم","تجربی","فیزیک","فیزیک","مفاهیم پایه","قانون دوم نیوتن","محاسبه","متوسط","اگر جرم جسم 3 کیلوگرم و شتاب آن 4 متر بر مجذور ثانیه باشد، نیروی خالص وارد بر آن چند نیوتن است؟","12","15","8","24","A","طبق رابطه F=ma، حاصل 3×4 برابر 12 نیوتن است.","ترنم همدلی","original","1405"
"یازدهم","تجربی","فیزیک","فیزیک","مفاهیم پایه","قانون دوم نیوتن","محاسبه","آسان","اگر جرم جسم 4 کیلوگرم و شتاب آن 5 متر بر مجذور ثانیه باشد، نیروی خالص وارد بر آن چند نیوتن است؟","20","24","15","40","A","طبق رابطه F=ma، حاصل 4×5 برابر 20 نیوتن است.","ترنم همدلی","original","1405"
"یازدهم","تجربی","فیزیک","فیزیک","مفاهیم پایه","قانون دوم نیوتن","محاسبه","متوسط","اگر جرم جسم 5 کیلوگرم و شتاب آن 6 متر بر مجذور ثانیه باشد، نیروی خالص وارد بر آن چند نیوتن است؟","30","35","24","60","A","طبق رابطه F=ma، حاصل 5×6 برابر 30 نیوتن است.","ترنم همدلی","original","1405"
"یازدهم","تجربی","فیزیک","فیزیک","مفاهیم پایه","قانون دوم نیوتن","محاسبه","متوسط","اگر جرم جسم 6 کیلوگرم و شتاب آن 7 متر بر مجذور ثانیه باشد، نیروی خالص وارد بر آن چند نیوتن است؟","42","48","35","84","A","طبق رابطه F=ma، حاصل 6×7 برابر 42 نیوتن است.","ترنم همدلی","original","1405"
"یازدهم","تجربی","فیزیک","فیزیک","مفاهیم پایه","قانون دوم نیوتن","محاسبه","متوسط","اگر جرم جسم 7 کیلوگرم و شتاب آن 8 متر بر مجذور ثانیه باشد، نیروی خالص وارد بر آن چند نیوتن است؟","56","63","48","112","A","طبق رابطه F=ma، حاصل 7×8 برابر 56 نیوتن است.","ترنم همدلی","original","1405"
"یازدهم","تجربی","فیزیک","فیزیک","مفاهیم پایه","قانون دوم نیوتن","محاسبه","آسان","اگر جرم جسم 8 کیلوگرم و شتاب آن 1 متر بر مجذور ثانیه باشد، نیروی خالص وارد بر آن چند نیوتن است؟","8","16","7","16","A","طبق رابطه F=ma، حاصل 8×1 برابر 8 نیوتن است.","ترنم همدلی","original","1405"
"یازدهم","تجربی","فیزیک","فیزیک","مفاهیم پایه","قانون دوم نیوتن","محاسبه","متوسط","اگر جرم جسم 9 کیلوگرم و شتاب آن 2 متر بر مجذور ثانیه باشد، نیروی خالص وارد بر آن چند نیوتن است؟","18","27","16","36","A","طبق رابطه F=ma، حاصل 9×2 برابر 18 نیوتن است.","ترنم همدلی","original","1405"
"یازدهم","تجربی","فیزیک","فیزیک","مفاهیم پایه","قانون دوم نیوتن","محاسبه","متوسط","اگر جرم جسم 10 کیلوگرم و شتاب آن 3 متر بر مجذور ثانیه باشد، نیروی خالص وارد بر آن چند نیوتن است؟","30","40","27","60","A","طبق رابطه F=ma، حاصل 10×3 برابر 30 نیوتن است.","ترنم همدلی","original","1405"
"یازدهم","تجربی","فیزیک","فیزیک","مفاهیم پایه","قانون دوم نیوتن","محاسبه","متوسط","اگر جرم جسم 2 کیلوگرم و شتاب آن 4 متر بر مجذور ثانیه باشد، نیروی خالص وارد بر آن چند نیوتن است؟","8","10","4","16","A","طبق رابطه F=ma، حاصل 2×4 برابر 8 نیوتن است.","ترنم همدلی","original","1405"
"دوازدهم","تجربی","فیزیک","فیزیک","مفاهیم پایه","قانون دوم نیوتن","محاسبه","آسان","اگر جرم جسم 2 کیلوگرم و شتاب آن 1 متر بر مجذور ثانیه باشد، نیروی خالص وارد بر آن چند نیوتن است؟","2","4","1","4","A","طبق رابطه F=ma، حاصل 2×1 برابر 2 نیوتن است.","ترنم همدلی","original","1405"
"دوازدهم","تجربی","فیزیک","فیزیک","مفاهیم پایه","قانون دوم نیوتن","محاسبه","متوسط","اگر جرم جسم 3 کیلوگرم و شتاب آن 2 متر بر مجذور ثانیه باشد، نیروی خالص وارد بر آن چند نیوتن است؟","6","9","4","12","A","طبق رابطه F=ma، حاصل 3×2 برابر 6 نیوتن است.","ترنم همدلی","original","1405"
"دوازدهم","تجربی","فیزیک","فیزیک","مفاهیم پایه","قانون دوم نیوتن","محاسبه","متوسط","اگر جرم جسم 4 کیلوگرم و شتاب آن 3 متر بر مجذور ثانیه باشد، نیروی خالص وارد بر آن چند نیوتن است؟","12","16","9","24","A","طبق رابطه F=ma، حاصل 4×3 برابر 12 نیوتن است.","ترنم همدلی","original","1405"
"دوازدهم","تجربی","فیزیک","فیزیک","مفاهیم پایه","قانون دوم نیوتن","محاسبه","متوسط","اگر جرم جسم 5 کیلوگرم و شتاب آن 4 متر بر مجذور ثانیه باشد، نیروی خالص وارد بر آن چند نیوتن است؟","20","25","16","40","A","طبق رابطه F=ma، حاصل 5×4 برابر 20 نیوتن است.","ترنم همدلی","original","1405"
"دوازدهم","تجربی","فیزیک","فیزیک","مفاهیم پایه","قانون دوم نیوتن","محاسبه","آسان","اگر جرم جسم 6 کیلوگرم و شتاب آن 5 متر بر مجذور ثانیه باشد، نیروی خالص وارد بر آن چند نیوتن است؟","30","36","25","60","A","طبق رابطه F=ma، حاصل 6×5 برابر 30 نیوتن است.","ترنم همدلی","original","1405"
"دوازدهم","تجربی","فیزیک","فیزیک","مفاهیم پایه","قانون دوم نیوتن","محاسبه","متوسط","اگر جرم جسم 7 کیلوگرم و شتاب آن 6 متر بر مجذور ثانیه باشد، نیروی خالص وارد بر آن چند نیوتن است؟","42","49","36","84","A","طبق رابطه F=ma، حاصل 7×6 برابر 42 نیوتن است.","ترنم همدلی","original","1405"
"دوازدهم","تجربی","فیزیک","فیزیک","مفاهیم پایه","قانون دوم نیوتن","محاسبه","متوسط","اگر جرم جسم 8 کیلوگرم و شتاب آن 7 متر بر مجذور ثانیه باشد، نیروی خالص وارد بر آن چند نیوتن است؟","56","64","49","112","A","طبق رابطه F=ma، حاصل 8×7 برابر 56 نیوتن است.","ترنم همدلی","original","1405"
"دوازدهم","تجربی","فیزیک","فیزیک","مفاهیم پایه","قانون دوم نیوتن","محاسبه","متوسط","اگر جرم جسم 9 کیلوگرم و شتاب آن 8 متر بر مجذور ثانیه باشد، نیروی خالص وارد بر آن چند نیوتن است؟","72","81","64","144","A","طبق رابطه F=ma، حاصل 9×8 برابر 72 نیوتن است.","ترنم همدلی","original","1405"
"دوازدهم","تجربی","فیزیک","فیزیک","مفاهیم پایه","قانون دوم نیوتن","محاسبه","آسان","اگر جرم جسم 10 کیلوگرم و شتاب آن 1 متر بر مجذور ثانیه باشد، نیروی خالص وارد بر آن چند نیوتن است؟","10","20","9","20","A","طبق رابطه F=ma، حاصل 10×1 برابر 10 نیوتن است.","ترنم همدلی","original","1405"
"دوازدهم","تجربی","فیزیک","فیزیک","مفاهیم پایه","قانون دوم نیوتن","محاسبه","متوسط","اگر جرم جسم 2 کیلوگرم و شتاب آن 2 متر بر مجذور ثانیه باشد، نیروی خالص وارد بر آن چند نیوتن است؟","4","6","2","8","A","طبق رابطه F=ma، حاصل 2×2 برابر 4 نیوتن است.","ترنم همدلی","original","1405"
"دوازدهم","تجربی","فیزیک","فیزیک","مفاهیم پایه","قانون دوم نیوتن","محاسبه","متوسط","اگر جرم جسم 3 کیلوگرم و شتاب آن 3 متر بر مجذور ثانیه باشد، نیروی خالص وارد بر آن چند نیوتن است؟","9","12","6","18","A","طبق رابطه F=ma، حاصل 3×3 برابر 9 نیوتن است.","ترنم همدلی","original","1405"
"دوازدهم","تجربی","فیزیک","فیزیک","مفاهیم پایه","قانون دوم نیوتن","محاسبه","متوسط","اگر جرم جسم 4 کیلوگرم و شتاب آن 4 متر بر مجذور ثانیه باشد، نیروی خالص وارد بر آن چند نیوتن است؟","16","20","12","32","A","طبق رابطه F=ma، حاصل 4×4 برابر 16 نیوتن است.","ترنم همدلی","original","1405"
"دوازدهم","تجربی","فیزیک","فیزیک","مفاهیم پایه","قانون دوم نیوتن","محاسبه","آسان","اگر جرم جسم 5 کیلوگرم و شتاب آن 5 متر بر مجذور ثانیه باشد، نیروی خالص وارد بر آن چند نیوتن است؟","25","30","20","50","A","طبق رابطه F=ma، حاصل 5×5 برابر 25 نیوتن است.","ترنم همدلی","original","1405"
"دوازدهم","تجربی","فیزیک","فیزیک","مفاهیم پایه","قانون دوم نیوتن","محاسبه","متوسط","اگر جرم جسم 6 کیلوگرم و شتاب آن 6 متر بر مجذور ثانیه باشد، نیروی خالص وارد بر آن چند نیوتن است؟","36","42","30","72","A","طبق رابطه F=ma، حاصل 6×6 برابر 36 نیوتن است.","ترنم همدلی","original","1405"
"دوازدهم","تجربی","فیزیک","فیزیک","مفاهیم پایه","قانون دوم نیوتن","محاسبه","متوسط","اگر جرم جسم 7 کیلوگرم و شتاب آن 7 متر بر مجذور ثانیه باشد، نیروی خالص وارد بر آن چند نیوتن است؟","49","56","42","98","A","طبق رابطه F=ma، حاصل 7×7 برابر 49 نیوتن است.","ترنم همدلی","original","1405"
"دوازدهم","تجربی","فیزیک","فیزیک","مفاهیم پایه","قانون دوم نیوتن","محاسبه","متوسط","اگر جرم جسم 8 کیلوگرم و شتاب آن 8 متر بر مجذور ثانیه باشد، نیروی خالص وارد بر آن چند نیوتن است؟","64","72","56","128","A","طبق رابطه F=ma، حاصل 8×8 برابر 64 نیوتن است.","ترنم همدلی","original","1405"
"دوازدهم","تجربی","فیزیک","فیزیک","مفاهیم پایه","قانون دوم نیوتن","محاسبه","آسان","اگر جرم جسم 9 کیلوگرم و شتاب آن 1 متر بر مجذور ثانیه باشد، نیروی خالص وارد بر آن چند نیوتن است؟","9","18","8","18","A","طبق رابطه F=ma، حاصل 9×1 برابر 9 نیوتن است.","ترنم همدلی","original","1405"
"دوازدهم","تجربی","فیزیک","فیزیک","مفاهیم پایه","قانون دوم نیوتن","محاسبه","متوسط","اگر جرم جسم 10 کیلوگرم و شتاب آن 2 متر بر مجذور ثانیه باشد، نیروی خالص وارد بر آن چند نیوتن است؟","20","30","18","40","A","طبق رابطه F=ma، حاصل 10×2 برابر 20 نیوتن است.","ترنم همدلی","original","1405"
"دوازدهم","تجربی","فیزیک","فیزیک","مفاهیم پایه","قانون دوم نیوتن","محاسبه","متوسط","اگر جرم جسم 2 کیلوگرم و شتاب آن 3 متر بر مجذور ثانیه باشد، نیروی خالص وارد بر آن چند نیوتن است؟","6","8","3","12","A","طبق رابطه F=ma، حاصل 2×3 برابر 6 نیوتن است.","ترنم همدلی","original","1405"
"دوازدهم","تجربی","فیزیک","فیزیک","مفاهیم پایه","قانون دوم نیوتن","محاسبه","متوسط","اگر جرم جسم 3 کیلوگرم و شتاب آن 4 متر بر مجذور ثانیه باشد، نیروی خالص وارد بر آن چند نیوتن است؟","12","15","8","24","A","طبق رابطه F=ma، حاصل 3×4 برابر 12 نیوتن است.","ترنم همدلی","original","1405"
"دوازدهم","تجربی","فیزیک","فیزیک","مفاهیم پایه","قانون دوم نیوتن","محاسبه","آسان","اگر جرم جسم 4 کیلوگرم و شتاب آن 5 متر بر مجذور ثانیه باشد، نیروی خالص وارد بر آن چند نیوتن است؟","20","24","15","40","A","طبق رابطه F=ma، حاصل 4×5 برابر 20 نیوتن است.","ترنم همدلی","original","1405"
"دوازدهم","تجربی","فیزیک","فیزیک","مفاهیم پایه","قانون دوم نیوتن","محاسبه","متوسط","اگر جرم جسم 5 کیلوگرم و شتاب آن 6 متر بر مجذور ثانیه باشد، نیروی خالص وارد بر آن چند نیوتن است؟","30","35","24","60","A","طبق رابطه F=ma، حاصل 5×6 برابر 30 نیوتن است.","ترنم همدلی","original","1405"
"دوازدهم","تجربی","فیزیک","فیزیک","مفاهیم پایه","قانون دوم نیوتن","محاسبه","متوسط","اگر جرم جسم 6 کیلوگرم و شتاب آن 7 متر بر مجذور ثانیه باشد، نیروی خالص وارد بر آن چند نیوتن است؟","42","48","35","84","A","طبق رابطه F=ma، حاصل 6×7 برابر 42 نیوتن است.","ترنم همدلی","original","1405"
"دوازدهم","تجربی","فیزیک","فیزیک","مفاهیم پایه","قانون دوم نیوتن","محاسبه","متوسط","اگر جرم جسم 7 کیلوگرم و شتاب آن 8 متر بر مجذور ثانیه باشد، نیروی خالص وارد بر آن چند نیوتن است؟","56","63","48","112","A","طبق رابطه F=ma، حاصل 7×8 برابر 56 نیوتن است.","ترنم همدلی","original","1405"
"دوازدهم","تجربی","فیزیک","فیزیک","مفاهیم پایه","قانون دوم نیوتن","محاسبه","آسان","اگر جرم جسم 8 کیلوگرم و شتاب آن 1 متر بر مجذور ثانیه باشد، نیروی خالص وارد بر آن چند نیوتن است؟","8","16","7","16","A","طبق رابطه F=ma، حاصل 8×1 برابر 8 نیوتن است.","ترنم همدلی","original","1405"
"دوازدهم","تجربی","فیزیک","فیزیک","مفاهیم پایه","قانون دوم نیوتن","محاسبه","متوسط","اگر جرم جسم 9 کیلوگرم و شتاب آن 2 متر بر مجذور ثانیه باشد، نیروی خالص وارد بر آن چند نیوتن است؟","18","27","16","36","A","طبق رابطه F=ma، حاصل 9×2 برابر 18 نیوتن است.","ترنم همدلی","original","1405"
"دوازدهم","تجربی","فیزیک","فیزیک","مفاهیم پایه","قانون دوم نیوتن","محاسبه","متوسط","اگر جرم جسم 10 کیلوگرم و شتاب آن 3 متر بر مجذور ثانیه باشد، نیروی خالص وارد بر آن چند نیوتن است؟","30","40","27","60","A","طبق رابطه F=ma، حاصل 10×3 برابر 30 نیوتن است.","ترنم همدلی","original","1405"
"دوازدهم","تجربی","فیزیک","فیزیک","مفاهیم پایه","قانون دوم نیوتن","محاسبه","متوسط","اگر جرم جسم 2 کیلوگرم و شتاب آن 4 متر بر مجذور ثانیه باشد، نیروی خالص وارد بر آن چند نیوتن است؟","8","10","4","16","A","طبق رابطه F=ma، حاصل 2×4 برابر 8 نیوتن است.","ترنم همدلی","original","1405"
"دوازدهم","تجربی","فیزیک","فیزیک","مفاهیم پایه","قانون دوم نیوتن","محاسبه","آسان","اگر جرم جسم 3 کیلوگرم و شتاب آن 5 متر بر مجذور ثانیه باشد، نیروی خالص وارد بر آن چند نیوتن است؟","15","18","10","30","A","طبق رابطه F=ma، حاصل 3×5 برابر 15 نیوتن است.","ترنم همدلی","original","1405"
"دوازدهم","تجربی","فیزیک","فیزیک","مفاهیم پایه","قانون دوم نیوتن","محاسبه","متوسط","اگر جرم جسم 4 کیلوگرم و شتاب آن 6 متر بر مجذور ثانیه باشد، نیروی خالص وارد بر آن چند نیوتن است؟","24","28","18","48","A","طبق رابطه F=ma، حاصل 4×6 برابر 24 نیوتن است.","ترنم همدلی","original","1405"
"دوازدهم","تجربی","فیزیک","فیزیک","مفاهیم پایه","قانون دوم نیوتن","محاسبه","متوسط","اگر جرم جسم 5 کیلوگرم و شتاب آن 7 متر بر مجذور ثانیه باشد، نیروی خالص وارد بر آن چند نیوتن است؟","35","40","28","70","A","طبق رابطه F=ma، حاصل 5×7 برابر 35 نیوتن است.","ترنم همدلی","original","1405"
"دوازدهم","تجربی","فیزیک","فیزیک","مفاهیم پایه","قانون دوم نیوتن","محاسبه","متوسط","اگر جرم جسم 6 کیلوگرم و شتاب آن 8 متر بر مجذور ثانیه باشد، نیروی خالص وارد بر آن چند نیوتن است؟","48","54","40","96","A","طبق رابطه F=ma، حاصل 6×8 برابر 48 نیوتن است.","ترنم همدلی","original","1405"
"دوازدهم","تجربی","فیزیک","فیزیک","مفاهیم پایه","قانون دوم نیوتن","محاسبه","آسان","اگر جرم جسم 7 کیلوگرم و شتاب آن 1 متر بر مجذور ثانیه باشد، نیروی خالص وارد بر آن چند نیوتن است؟","7","14","6","14","A","طبق رابطه F=ma، حاصل 7×1 برابر 7 نیوتن است.","ترنم همدلی","original","1405"
"دوازدهم","تجربی","فیزیک","فیزیک","مفاهیم پایه","قانون دوم نیوتن","محاسبه","متوسط","اگر جرم جسم 8 کیلوگرم و شتاب آن 2 متر بر مجذور ثانیه باشد، نیروی خالص وارد بر آن چند نیوتن است؟","16","24","14","32","A","طبق رابطه F=ma، حاصل 8×2 برابر 16 نیوتن است.","ترنم همدلی","original","1405"
"دوازدهم","تجربی","فیزیک","فیزیک","مفاهیم پایه","قانون دوم نیوتن","محاسبه","متوسط","اگر جرم جسم 9 کیلوگرم و شتاب آن 3 متر بر مجذور ثانیه باشد، نیروی خالص وارد بر آن چند نیوتن است؟","27","36","24","54","A","طبق رابطه F=ma، حاصل 9×3 برابر 27 نیوتن است.","ترنم همدلی","original","1405"
"دوازدهم","تجربی","فیزیک","فیزیک","مفاهیم پایه","قانون دوم نیوتن","محاسبه","متوسط","اگر جرم جسم 10 کیلوگرم و شتاب آن 4 متر بر مجذور ثانیه باشد، نیروی خالص وارد بر آن چند نیوتن است؟","40","50","36","80","A","طبق رابطه F=ma، حاصل 10×4 برابر 40 نیوتن است.","ترنم همدلی","original","1405"
"دوازدهم","تجربی","فیزیک","فیزیک","مفاهیم پایه","قانون دوم نیوتن","محاسبه","آسان","اگر جرم جسم 2 کیلوگرم و شتاب آن 5 متر بر مجذور ثانیه باشد، نیروی خالص وارد بر آن چند نیوتن است؟","10","12","5","20","A","طبق رابطه F=ma، حاصل 2×5 برابر 10 نیوتن است.","ترنم همدلی","original","1405"
"دوازدهم","تجربی","فیزیک","فیزیک","مفاهیم پایه","قانون دوم نیوتن","محاسبه","متوسط","اگر جرم جسم 3 کیلوگرم و شتاب آن 6 متر بر مجذور ثانیه باشد، نیروی خالص وارد بر آن چند نیوتن است؟","18","21","12","36","A","طبق رابطه F=ma، حاصل 3×6 برابر 18 نیوتن است.","ترنم همدلی","original","1405"
"دوازدهم","تجربی","فیزیک","فیزیک","مفاهیم پایه","قانون دوم نیوتن","محاسبه","متوسط","اگر جرم جسم 4 کیلوگرم و شتاب آن 7 متر بر مجذور ثانیه باشد، نیروی خالص وارد بر آن چند نیوتن است؟","28","32","21","56","A","طبق رابطه F=ma، حاصل 4×7 برابر 28 نیوتن است.","ترنم همدلی","original","1405"
"دوازدهم","تجربی","فیزیک","فیزیک","مفاهیم پایه","قانون دوم نیوتن","محاسبه","متوسط","اگر جرم جسم 5 کیلوگرم و شتاب آن 8 متر بر مجذور ثانیه باشد، نیروی خالص وارد بر آن چند نیوتن است؟","40","45","32","80","A","طبق رابطه F=ma، حاصل 5×8 برابر 40 نیوتن است.","ترنم همدلی","original","1405"
"دوازدهم","تجربی","فیزیک","فیزیک","مفاهیم پایه","قانون دوم نیوتن","محاسبه","آسان","اگر جرم جسم 6 کیلوگرم و شتاب آن 1 متر بر مجذور ثانیه باشد، نیروی خالص وارد بر آن چند نیوتن است؟","6","12","5","12","A","طبق رابطه F=ma، حاصل 6×1 برابر 6 نیوتن است.","ترنم همدلی","original","1405"
"دوازدهم","تجربی","فیزیک","فیزیک","مفاهیم پایه","قانون دوم نیوتن","محاسبه","متوسط","اگر جرم جسم 7 کیلوگرم و شتاب آن 2 متر بر مجذور ثانیه باشد، نیروی خالص وارد بر آن چند نیوتن است؟","14","21","12","28","A","طبق رابطه F=ma، حاصل 7×2 برابر 14 نیوتن است.","ترنم همدلی","original","1405"
"دوازدهم","تجربی","فیزیک","فیزیک","مفاهیم پایه","قانون دوم نیوتن","محاسبه","متوسط","اگر جرم جسم 8 کیلوگرم و شتاب آن 3 متر بر مجذور ثانیه باشد، نیروی خالص وارد بر آن چند نیوتن است؟","24","32","21","48","A","طبق رابطه F=ma، حاصل 8×3 برابر 24 نیوتن است.","ترنم همدلی","original","1405"
"دوازدهم","تجربی","فیزیک","فیزیک","مفاهیم پایه","قانون دوم نیوتن","محاسبه","متوسط","اگر جرم جسم 9 کیلوگرم و شتاب آن 4 متر بر مجذور ثانیه باشد، نیروی خالص وارد بر آن چند نیوتن است؟","36","45","32","72","A","طبق رابطه F=ma، حاصل 9×4 برابر 36 نیوتن است.","ترنم همدلی","original","1405"
"دوازدهم","تجربی","فیزیک","فیزیک","مفاهیم پایه","قانون دوم نیوتن","محاسبه","آسان","اگر جرم جسم 10 کیلوگرم و شتاب آن 5 متر بر مجذور ثانیه باشد، نیروی خالص وارد بر آن چند نیوتن است؟","50","60","45","100","A","طبق رابطه F=ma، حاصل 10×5 برابر 50 نیوتن است.","ترنم همدلی","original","1405"
"دوازدهم","تجربی","فیزیک","فیزیک","مفاهیم پایه","قانون دوم نیوتن","محاسبه","متوسط","اگر جرم جسم 2 کیلوگرم و شتاب آن 6 متر بر مجذور ثانیه باشد، نیروی خالص وارد بر آن چند نیوتن است؟","12","14","6","24","A","طبق رابطه F=ma، حاصل 2×6 برابر 12 نیوتن است.","ترنم همدلی","original","1405"
"دوازدهم","تجربی","فیزیک","فیزیک","مفاهیم پایه","قانون دوم نیوتن","محاسبه","متوسط","اگر جرم جسم 3 کیلوگرم و شتاب آن 7 متر بر مجذور ثانیه باشد، نیروی خالص وارد بر آن چند نیوتن است؟","21","24","14","42","A","طبق رابطه F=ma، حاصل 3×7 برابر 21 نیوتن است.","ترنم همدلی","original","1405"
"دوازدهم","تجربی","فیزیک","فیزیک","مفاهیم پایه","قانون دوم نیوتن","محاسبه","متوسط","اگر جرم جسم 4 کیلوگرم و شتاب آن 8 متر بر مجذور ثانیه باشد، نیروی خالص وارد بر آن چند نیوتن است؟","32","36","24","64","A","طبق رابطه F=ma، حاصل 4×8 برابر 32 نیوتن است.","ترنم همدلی","original","1405"
"دوازدهم","تجربی","فیزیک","فیزیک","مفاهیم پایه","قانون دوم نیوتن","محاسبه","آسان","اگر جرم جسم 5 کیلوگرم و شتاب آن 1 متر بر مجذور ثانیه باشد، نیروی خالص وارد بر آن چند نیوتن است؟","5","10","4","10","A","طبق رابطه F=ma، حاصل 5×1 برابر 5 نیوتن است.","ترنم همدلی","original","1405"
"دوازدهم","تجربی","فیزیک","فیزیک","مفاهیم پایه","قانون دوم نیوتن","محاسبه","متوسط","اگر جرم جسم 6 کیلوگرم و شتاب آن 2 متر بر مجذور ثانیه باشد، نیروی خالص وارد بر آن چند نیوتن است؟","12","18","10","24","A","طبق رابطه F=ma، حاصل 6×2 برابر 12 نیوتن است.","ترنم همدلی","original","1405"
"دوازدهم","تجربی","فیزیک","فیزیک","مفاهیم پایه","قانون دوم نیوتن","محاسبه","متوسط","اگر جرم جسم 7 کیلوگرم و شتاب آن 3 متر بر مجذور ثانیه باشد، نیروی خالص وارد بر آن چند نیوتن است؟","21","28","18","42","A","طبق رابطه F=ma، حاصل 7×3 برابر 21 نیوتن است.","ترنم همدلی","original","1405"
"دوازدهم","تجربی","فیزیک","فیزیک","مفاهیم پایه","قانون دوم نیوتن","محاسبه","متوسط","اگر جرم جسم 8 کیلوگرم و شتاب آن 4 متر بر مجذور ثانیه باشد، نیروی خالص وارد بر آن چند نیوتن است؟","32","40","28","64","A","طبق رابطه F=ma، حاصل 8×4 برابر 32 نیوتن است.","ترنم همدلی","original","1405"
"دوازدهم","تجربی","فیزیک","فیزیک","مفاهیم پایه","قانون دوم نیوتن","محاسبه","آسان","اگر جرم جسم 9 کیلوگرم و شتاب آن 5 متر بر مجذور ثانیه باشد، نیروی خالص وارد بر آن چند نیوتن است؟","45","54","40","90","A","طبق رابطه F=ma، حاصل 9×5 برابر 45 نیوتن است.","ترنم همدلی","original","1405"
"دوازدهم","تجربی","فیزیک","فیزیک","مفاهیم پایه","قانون دوم نیوتن","محاسبه","متوسط","اگر جرم جسم 10 کیلوگرم و شتاب آن 6 متر بر مجذور ثانیه باشد، نیروی خالص وارد بر آن چند نیوتن است؟","60","70","54","120","A","طبق رابطه F=ma، حاصل 10×6 برابر 60 نیوتن است.","ترنم همدلی","original","1405"
"دوازدهم","تجربی","فیزیک","فیزیک","مفاهیم پایه","قانون دوم نیوتن","محاسبه","متوسط","اگر جرم جسم 2 کیلوگرم و شتاب آن 7 متر بر مجذور ثانیه باشد، نیروی خالص وارد بر آن چند نیوتن است؟","14","16","7","28","A","طبق رابطه F=ma، حاصل 2×7 برابر 14 نیوتن است.","ترنم همدلی","original","1405"
"دوازدهم","تجربی","فیزیک","فیزیک","مفاهیم پایه","قانون دوم نیوتن","محاسبه","متوسط","اگر جرم جسم 3 کیلوگرم و شتاب آن 8 متر بر مجذور ثانیه باشد، نیروی خالص وارد بر آن چند نیوتن است؟","24","27","16","48","A","طبق رابطه F=ma، حاصل 3×8 برابر 24 نیوتن است.","ترنم همدلی","original","1405"
"دوازدهم","تجربی","فیزیک","فیزیک","مفاهیم پایه","قانون دوم نیوتن","محاسبه","آسان","اگر جرم جسم 4 کیلوگرم و شتاب آن 1 متر بر مجذور ثانیه باشد، نیروی خالص وارد بر آن چند نیوتن است؟","4","8","3","8","A","طبق رابطه F=ma، حاصل 4×1 برابر 4 نیوتن است.","ترنم همدلی","original","1405"
"دوازدهم","تجربی","فیزیک","فیزیک","مفاهیم پایه","قانون دوم نیوتن","محاسبه","متوسط","اگر جرم جسم 5 کیلوگرم و شتاب آن 2 متر بر مجذور ثانیه باشد، نیروی خالص وارد بر آن چند نیوتن است؟","10","15","8","20","A","طبق رابطه F=ma، حاصل 5×2 برابر 10 نیوتن است.","ترنم همدلی","original","1405"
"دوازدهم","تجربی","فیزیک","فیزیک","مفاهیم پایه","قانون دوم نیوتن","محاسبه","متوسط","اگر جرم جسم 6 کیلوگرم و شتاب آن 3 متر بر مجذور ثانیه باشد، نیروی خالص وارد بر آن چند نیوتن است؟","18","24","15","36","A","طبق رابطه F=ma، حاصل 6×3 برابر 18 نیوتن است.","ترنم همدلی","original","1405"
"دوازدهم","تجربی","فیزیک","فیزیک","مفاهیم پایه","قانون دوم نیوتن","محاسبه","متوسط","اگر جرم جسم 7 کیلوگرم و شتاب آن 4 متر بر مجذور ثانیه باشد، نیروی خالص وارد بر آن چند نیوتن است؟","28","35","24","56","A","طبق رابطه F=ma، حاصل 7×4 برابر 28 نیوتن است.","ترنم همدلی","original","1405"
"دوازدهم","تجربی","فیزیک","فیزیک","مفاهیم پایه","قانون دوم نیوتن","محاسبه","آسان","اگر جرم جسم 8 کیلوگرم و شتاب آن 5 متر بر مجذور ثانیه باشد، نیروی خالص وارد بر آن چند نیوتن است؟","40","48","35","80","A","طبق رابطه F=ma، حاصل 8×5 برابر 40 نیوتن است.","ترنم همدلی","original","1405"
"دوازدهم","تجربی","فیزیک","فیزیک","مفاهیم پایه","قانون دوم نیوتن","محاسبه","متوسط","اگر جرم جسم 9 کیلوگرم و شتاب آن 6 متر بر مجذور ثانیه باشد، نیروی خالص وارد بر آن چند نیوتن است؟","54","63","48","108","A","طبق رابطه F=ma، حاصل 9×6 برابر 54 نیوتن است.","ترنم همدلی","original","1405"
"دوازدهم","تجربی","فیزیک","فیزیک","مفاهیم پایه","قانون دوم نیوتن","محاسبه","متوسط","اگر جرم جسم 10 کیلوگرم و شتاب آن 7 متر بر مجذور ثانیه باشد، نیروی خالص وارد بر آن چند نیوتن است؟","70","80","63","140","A","طبق رابطه F=ma، حاصل 10×7 برابر 70 نیوتن است.","ترنم همدلی","original","1405"
"دوازدهم","تجربی","فیزیک","فیزیک","مفاهیم پایه","قانون دوم نیوتن","محاسبه","متوسط","اگر جرم جسم 2 کیلوگرم و شتاب آن 8 متر بر مجذور ثانیه باشد، نیروی خالص وارد بر آن چند نیوتن است؟","16","18","8","32","A","طبق رابطه F=ma، حاصل 2×8 برابر 16 نیوتن است.","ترنم همدلی","original","1405"
"دوازدهم","تجربی","فیزیک","فیزیک","مفاهیم پایه","قانون دوم نیوتن","محاسبه","آسان","اگر جرم جسم 3 کیلوگرم و شتاب آن 1 متر بر مجذور ثانیه باشد، نیروی خالص وارد بر آن چند نیوتن است؟","3","6","2","6","A","طبق رابطه F=ma، حاصل 3×1 برابر 3 نیوتن است.","ترنم همدلی","original","1405"
"دوازدهم","تجربی","فیزیک","فیزیک","مفاهیم پایه","قانون دوم نیوتن","محاسبه","متوسط","اگر جرم جسم 4 کیلوگرم و شتاب آن 2 متر بر مجذور ثانیه باشد، نیروی خالص وارد بر آن چند نیوتن است؟","8","12","6","16","A","طبق رابطه F=ma، حاصل 4×2 برابر 8 نیوتن است.","ترنم همدلی","original","1405"
"دوازدهم","تجربی","فیزیک","فیزیک","مفاهیم پایه","قانون دوم نیوتن","محاسبه","متوسط","اگر جرم جسم 5 کیلوگرم و شتاب آن 3 متر بر مجذور ثانیه باشد، نیروی خالص وارد بر آن چند نیوتن است؟","15","20","12","30","A","طبق رابطه F=ma، حاصل 5×3 برابر 15 نیوتن است.","ترنم همدلی","original","1405"
"دوازدهم","تجربی","فیزیک","فیزیک","مفاهیم پایه","قانون دوم نیوتن","محاسبه","متوسط","اگر جرم جسم 6 کیلوگرم و شتاب آن 4 متر بر مجذور ثانیه باشد، نیروی خالص وارد بر آن چند نیوتن است؟","24","30","20","48","A","طبق رابطه F=ma، حاصل 6×4 برابر 24 نیوتن است.","ترنم همدلی","original","1405"
"دوازدهم","تجربی","فیزیک","فیزیک","مفاهیم پایه","قانون دوم نیوتن","محاسبه","آسان","اگر جرم جسم 7 کیلوگرم و شتاب آن 5 متر بر مجذور ثانیه باشد، نیروی خالص وارد بر آن چند نیوتن است؟","35","42","30","70","A","طبق رابطه F=ma، حاصل 7×5 برابر 35 نیوتن است.","ترنم همدلی","original","1405"
"دوازدهم","تجربی","فیزیک","فیزیک","مفاهیم پایه","قانون دوم نیوتن","محاسبه","متوسط","اگر جرم جسم 8 کیلوگرم و شتاب آن 6 متر بر مجذور ثانیه باشد، نیروی خالص وارد بر آن چند نیوتن است؟","48","56","42","96","A","طبق رابطه F=ma، حاصل 8×6 برابر 48 نیوتن است.","ترنم همدلی","original","1405"
"دوازدهم","تجربی","فیزیک","فیزیک","مفاهیم پایه","قانون دوم نیوتن","محاسبه","متوسط","اگر جرم جسم 9 کیلوگرم و شتاب آن 7 متر بر مجذور ثانیه باشد، نیروی خالص وارد بر آن چند نیوتن است؟","63","72","56","126","A","طبق رابطه F=ma، حاصل 9×7 برابر 63 نیوتن است.","ترنم همدلی","original","1405"
"دوازدهم","تجربی","فیزیک","فیزیک","مفاهیم پایه","قانون دوم نیوتن","محاسبه","متوسط","اگر جرم جسم 10 کیلوگرم و شتاب آن 8 متر بر مجذور ثانیه باشد، نیروی خالص وارد بر آن چند نیوتن است؟","80","90","72","160","A","طبق رابطه F=ma، حاصل 10×8 برابر 80 نیوتن است.","ترنم همدلی","original","1405"
"دوازدهم","تجربی","فیزیک","فیزیک","مفاهیم پایه","قانون دوم نیوتن","محاسبه","آسان","اگر جرم جسم 2 کیلوگرم و شتاب آن 1 متر بر مجذور ثانیه باشد، نیروی خالص وارد بر آن چند نیوتن است؟","2","4","1","4","A","طبق رابطه F=ma، حاصل 2×1 برابر 2 نیوتن است.","ترنم همدلی","original","1405"
"دوازدهم","تجربی","فیزیک","فیزیک","مفاهیم پایه","قانون دوم نیوتن","محاسبه","متوسط","اگر جرم جسم 3 کیلوگرم و شتاب آن 2 متر بر مجذور ثانیه باشد، نیروی خالص وارد بر آن چند نیوتن است؟","6","9","4","12","A","طبق رابطه F=ma، حاصل 3×2 برابر 6 نیوتن است.","ترنم همدلی","original","1405"
"دوازدهم","تجربی","فیزیک","فیزیک","مفاهیم پایه","قانون دوم نیوتن","محاسبه","متوسط","اگر جرم جسم 4 کیلوگرم و شتاب آن 3 متر بر مجذور ثانیه باشد، نیروی خالص وارد بر آن چند نیوتن است؟","12","16","9","24","A","طبق رابطه F=ma، حاصل 4×3 برابر 12 نیوتن است.","ترنم همدلی","original","1405"
"دوازدهم","تجربی","فیزیک","فیزیک","مفاهیم پایه","قانون دوم نیوتن","محاسبه","متوسط","اگر جرم جسم 5 کیلوگرم و شتاب آن 4 متر بر مجذور ثانیه باشد، نیروی خالص وارد بر آن چند نیوتن است؟","20","25","16","40","A","طبق رابطه F=ma، حاصل 5×4 برابر 20 نیوتن است.","ترنم همدلی","original","1405"
"دوازدهم","تجربی","فیزیک","فیزیک","مفاهیم پایه","قانون دوم نیوتن","محاسبه","آسان","اگر جرم جسم 6 کیلوگرم و شتاب آن 5 متر بر مجذور ثانیه باشد، نیروی خالص وارد بر آن چند نیوتن است؟","30","36","25","60","A","طبق رابطه F=ma، حاصل 6×5 برابر 30 نیوتن است.","ترنم همدلی","original","1405"
"دوازدهم","تجربی","فیزیک","فیزیک","مفاهیم پایه","قانون دوم نیوتن","محاسبه","متوسط","اگر جرم جسم 7 کیلوگرم و شتاب آن 6 متر بر مجذور ثانیه باشد، نیروی خالص وارد بر آن چند نیوتن است؟","42","49","36","84","A","طبق رابطه F=ma، حاصل 7×6 برابر 42 نیوتن است.","ترنم همدلی","original","1405"
"دوازدهم","تجربی","فیزیک","فیزیک","مفاهیم پایه","قانون دوم نیوتن","محاسبه","متوسط","اگر جرم جسم 8 کیلوگرم و شتاب آن 7 متر بر مجذور ثانیه باشد، نیروی خالص وارد بر آن چند نیوتن است؟","56","64","49","112","A","طبق رابطه F=ma، حاصل 8×7 برابر 56 نیوتن است.","ترنم همدلی","original","1405"
"دوازدهم","تجربی","فیزیک","فیزیک","مفاهیم پایه","قانون دوم نیوتن","محاسبه","متوسط","اگر جرم جسم 9 کیلوگرم و شتاب آن 8 متر بر مجذور ثانیه باشد، نیروی خالص وارد بر آن چند نیوتن است؟","72","81","64","144","A","طبق رابطه F=ma، حاصل 9×8 برابر 72 نیوتن است.","ترنم همدلی","original","1405"
"دوازدهم","تجربی","فیزیک","فیزیک","مفاهیم پایه","قانون دوم نیوتن","محاسبه","آسان","اگر جرم جسم 10 کیلوگرم و شتاب آن 1 متر بر مجذور ثانیه باشد، نیروی خالص وارد بر آن چند نیوتن است؟","10","20","9","20","A","طبق رابطه F=ma، حاصل 10×1 برابر 10 نیوتن است.","ترنم همدلی","original","1405"
"دوازدهم","تجربی","فیزیک","فیزیک","مفاهیم پایه","قانون دوم نیوتن","محاسبه","متوسط","اگر جرم جسم 2 کیلوگرم و شتاب آن 2 متر بر مجذور ثانیه باشد، نیروی خالص وارد بر آن چند نیوتن است؟","4","6","2","8","A","طبق رابطه F=ma، حاصل 2×2 برابر 4 نیوتن است.","ترنم همدلی","original","1405"
"دوازدهم","تجربی","فیزیک","فیزیک","مفاهیم پایه","قانون دوم نیوتن","محاسبه","متوسط","اگر جرم جسم 3 کیلوگرم و شتاب آن 3 متر بر مجذور ثانیه باشد، نیروی خالص وارد بر آن چند نیوتن است؟","9","12","6","18","A","طبق رابطه F=ma، حاصل 3×3 برابر 9 نیوتن است.","ترنم همدلی","original","1405"
"دوازدهم","تجربی","فیزیک","فیزیک","مفاهیم پایه","قانون دوم نیوتن","محاسبه","متوسط","اگر جرم جسم 4 کیلوگرم و شتاب آن 4 متر بر مجذور ثانیه باشد، نیروی خالص وارد بر آن چند نیوتن است؟","16","20","12","32","A","طبق رابطه F=ma، حاصل 4×4 برابر 16 نیوتن است.","ترنم همدلی","original","1405"
"دوازدهم","تجربی","فیزیک","فیزیک","مفاهیم پایه","قانون دوم نیوتن","محاسبه","آسان","اگر جرم جسم 5 کیلوگرم و شتاب آن 5 متر بر مجذور ثانیه باشد، نیروی خالص وارد بر آن چند نیوتن است؟","25","30","20","50","A","طبق رابطه F=ma، حاصل 5×5 برابر 25 نیوتن است.","ترنم همدلی","original","1405"
"دوازدهم","تجربی","فیزیک","فیزیک","مفاهیم پایه","قانون دوم نیوتن","محاسبه","متوسط","اگر جرم جسم 6 کیلوگرم و شتاب آن 6 متر بر مجذور ثانیه باشد، نیروی خالص وارد بر آن چند نیوتن است؟","36","42","30","72","A","طبق رابطه F=ma، حاصل 6×6 برابر 36 نیوتن است.","ترنم همدلی","original","1405"
"دوازدهم","تجربی","فیزیک","فیزیک","مفاهیم پایه","قانون دوم نیوتن","محاسبه","متوسط","اگر جرم جسم 7 کیلوگرم و شتاب آن 7 متر بر مجذور ثانیه باشد، نیروی خالص وارد بر آن چند نیوتن است؟","49","56","42","98","A","طبق رابطه F=ma، حاصل 7×7 برابر 49 نیوتن است.","ترنم همدلی","original","1405"
"دوازدهم","تجربی","فیزیک","فیزیک","مفاهیم پایه","قانون دوم نیوتن","محاسبه","متوسط","اگر جرم جسم 8 کیلوگرم و شتاب آن 8 متر بر مجذور ثانیه باشد، نیروی خالص وارد بر آن چند نیوتن است؟","64","72","56","128","A","طبق رابطه F=ma، حاصل 8×8 برابر 64 نیوتن است.","ترنم همدلی","original","1405"
"دوازدهم","تجربی","فیزیک","فیزیک","مفاهیم پایه","قانون دوم نیوتن","محاسبه","آسان","اگر جرم جسم 9 کیلوگرم و شتاب آن 1 متر بر مجذور ثانیه باشد، نیروی خالص وارد بر آن چند نیوتن است؟","9","18","8","18","A","طبق رابطه F=ma، حاصل 9×1 برابر 9 نیوتن است.","ترنم همدلی","original","1405"
"دوازدهم","تجربی","فیزیک","فیزیک","مفاهیم پایه","قانون دوم نیوتن","محاسبه","متوسط","اگر جرم جسم 10 کیلوگرم و شتاب آن 2 متر بر مجذور ثانیه باشد، نیروی خالص وارد بر آن چند نیوتن است؟","20","30","18","40","A","طبق رابطه F=ma، حاصل 10×2 برابر 20 نیوتن است.","ترنم همدلی","original","1405"
"دوازدهم","تجربی","فیزیک","فیزیک","مفاهیم پایه","قانون دوم نیوتن","محاسبه","متوسط","اگر جرم جسم 2 کیلوگرم و شتاب آن 3 متر بر مجذور ثانیه باشد، نیروی خالص وارد بر آن چند نیوتن است؟","6","8","3","12","A","طبق رابطه F=ma، حاصل 2×3 برابر 6 نیوتن است.","ترنم همدلی","original","1405"
"دوازدهم","تجربی","فیزیک","فیزیک","مفاهیم پایه","قانون دوم نیوتن","محاسبه","متوسط","اگر جرم جسم 3 کیلوگرم و شتاب آن 4 متر بر مجذور ثانیه باشد، نیروی خالص وارد بر آن چند نیوتن است؟","12","15","8","24","A","طبق رابطه F=ma، حاصل 3×4 برابر 12 نیوتن است.","ترنم همدلی","original","1405"
"دوازدهم","تجربی","فیزیک","فیزیک","مفاهیم پایه","قانون دوم نیوتن","محاسبه","آسان","اگر جرم جسم 4 کیلوگرم و شتاب آن 5 متر بر مجذور ثانیه باشد، نیروی خالص وارد بر آن چند نیوتن است؟","20","24","15","40","A","طبق رابطه F=ma، حاصل 4×5 برابر 20 نیوتن است.","ترنم همدلی","original","1405"
"دوازدهم","تجربی","فیزیک","فیزیک","مفاهیم پایه","قانون دوم نیوتن","محاسبه","متوسط","اگر جرم جسم 5 کیلوگرم و شتاب آن 6 متر بر مجذور ثانیه باشد، نیروی خالص وارد بر آن چند نیوتن است؟","30","35","24","60","A","طبق رابطه F=ma، حاصل 5×6 برابر 30 نیوتن است.","ترنم همدلی","original","1405"
"دوازدهم","تجربی","فیزیک","فیزیک","مفاهیم پایه","قانون دوم نیوتن","محاسبه","متوسط","اگر جرم جسم 6 کیلوگرم و شتاب آن 7 متر بر مجذور ثانیه باشد، نیروی خالص وارد بر آن چند نیوتن است؟","42","48","35","84","A","طبق رابطه F=ma، حاصل 6×7 برابر 42 نیوتن است.","ترنم همدلی","original","1405"
"دوازدهم","تجربی","فیزیک","فیزیک","مفاهیم پایه","قانون دوم نیوتن","محاسبه","متوسط","اگر جرم جسم 7 کیلوگرم و شتاب آن 8 متر بر مجذور ثانیه باشد، نیروی خالص وارد بر آن چند نیوتن است؟","56","63","48","112","A","طبق رابطه F=ma، حاصل 7×8 برابر 56 نیوتن است.","ترنم همدلی","original","1405"
"دوازدهم","تجربی","فیزیک","فیزیک","مفاهیم پایه","قانون دوم نیوتن","محاسبه","آسان","اگر جرم جسم 8 کیلوگرم و شتاب آن 1 متر بر مجذور ثانیه باشد، نیروی خالص وارد بر آن چند نیوتن است؟","8","16","7","16","A","طبق رابطه F=ma، حاصل 8×1 برابر 8 نیوتن است.","ترنم همدلی","original","1405"
"دوازدهم","تجربی","فیزیک","فیزیک","مفاهیم پایه","قانون دوم نیوتن","محاسبه","متوسط","اگر جرم جسم 9 کیلوگرم و شتاب آن 2 متر بر مجذور ثانیه باشد، نیروی خالص وارد بر آن چند نیوتن است؟","18","27","16","36","A","طبق رابطه F=ma، حاصل 9×2 برابر 18 نیوتن است.","ترنم همدلی","original","1405"
"دوازدهم","تجربی","فیزیک","فیزیک","مفاهیم پایه","قانون دوم نیوتن","محاسبه","متوسط","اگر جرم جسم 10 کیلوگرم و شتاب آن 3 متر بر مجذور ثانیه باشد، نیروی خالص وارد بر آن چند نیوتن است؟","30","40","27","60","A","طبق رابطه F=ma، حاصل 10×3 برابر 30 نیوتن است.","ترنم همدلی","original","1405"
"دوازدهم","تجربی","فیزیک","فیزیک","مفاهیم پایه","قانون دوم نیوتن","محاسبه","متوسط","اگر جرم جسم 2 کیلوگرم و شتاب آن 4 متر بر مجذور ثانیه باشد، نیروی خالص وارد بر آن چند نیوتن است؟","8","10","4","16","A","طبق رابطه F=ma، حاصل 2×4 برابر 8 نیوتن است.","ترنم همدلی","original","1405"
"دهم","تجربی","شیمی","شیمی","مفاهیم پایه","اتم و عنصر","ساختار اتم","آسان","اگر عدد اتمی یک عنصر 6 باشد، تعداد پروتون‌های اتم خنثی آن چند است؟","6","5","7","12","A","عدد اتمی برابر تعداد پروتون‌های هسته است؛ بنابراین پاسخ 6 است.","ترنم همدلی","original","1405"
"دهم","تجربی","شیمی","شیمی","مفاهیم پایه","اتم و عنصر","ساختار اتم","متوسط","اگر عدد اتمی یک عنصر 7 باشد، تعداد پروتون‌های اتم خنثی آن چند است؟","7","6","8","14","A","عدد اتمی برابر تعداد پروتون‌های هسته است؛ بنابراین پاسخ 7 است.","ترنم همدلی","original","1405"
"دهم","تجربی","شیمی","شیمی","مفاهیم پایه","اتم و عنصر","ساختار اتم","متوسط","اگر عدد اتمی یک عنصر 8 باشد، تعداد پروتون‌های اتم خنثی آن چند است؟","8","7","9","16","A","عدد اتمی برابر تعداد پروتون‌های هسته است؛ بنابراین پاسخ 8 است.","ترنم همدلی","original","1405"
"دهم","تجربی","شیمی","شیمی","مفاهیم پایه","اتم و عنصر","ساختار اتم","آسان","اگر عدد اتمی یک عنصر 9 باشد، تعداد پروتون‌های اتم خنثی آن چند است؟","9","8","10","18","A","عدد اتمی برابر تعداد پروتون‌های هسته است؛ بنابراین پاسخ 9 است.","ترنم همدلی","original","1405"
"دهم","تجربی","شیمی","شیمی","مفاهیم پایه","اتم و عنصر","ساختار اتم","متوسط","اگر عدد اتمی یک عنصر 10 باشد، تعداد پروتون‌های اتم خنثی آن چند است؟","10","9","11","20","A","عدد اتمی برابر تعداد پروتون‌های هسته است؛ بنابراین پاسخ 10 است.","ترنم همدلی","original","1405"
"دهم","تجربی","شیمی","شیمی","مفاهیم پایه","اتم و عنصر","ساختار اتم","متوسط","اگر عدد اتمی یک عنصر 11 باشد، تعداد پروتون‌های اتم خنثی آن چند است؟","11","10","12","22","A","عدد اتمی برابر تعداد پروتون‌های هسته است؛ بنابراین پاسخ 11 است.","ترنم همدلی","original","1405"
"دهم","تجربی","شیمی","شیمی","مفاهیم پایه","اتم و عنصر","ساختار اتم","آسان","اگر عدد اتمی یک عنصر 12 باشد، تعداد پروتون‌های اتم خنثی آن چند است؟","12","11","13","24","A","عدد اتمی برابر تعداد پروتون‌های هسته است؛ بنابراین پاسخ 12 است.","ترنم همدلی","original","1405"
"دهم","تجربی","شیمی","شیمی","مفاهیم پایه","اتم و عنصر","ساختار اتم","متوسط","اگر عدد اتمی یک عنصر 13 باشد، تعداد پروتون‌های اتم خنثی آن چند است؟","13","12","14","26","A","عدد اتمی برابر تعداد پروتون‌های هسته است؛ بنابراین پاسخ 13 است.","ترنم همدلی","original","1405"
"دهم","تجربی","شیمی","شیمی","مفاهیم پایه","اتم و عنصر","ساختار اتم","متوسط","اگر عدد اتمی یک عنصر 6 باشد، تعداد پروتون‌های اتم خنثی آن چند است؟","6","5","7","12","A","عدد اتمی برابر تعداد پروتون‌های هسته است؛ بنابراین پاسخ 6 است.","ترنم همدلی","original","1405"
"دهم","تجربی","شیمی","شیمی","مفاهیم پایه","اتم و عنصر","ساختار اتم","آسان","اگر عدد اتمی یک عنصر 7 باشد، تعداد پروتون‌های اتم خنثی آن چند است؟","7","6","8","14","A","عدد اتمی برابر تعداد پروتون‌های هسته است؛ بنابراین پاسخ 7 است.","ترنم همدلی","original","1405"
"دهم","تجربی","شیمی","شیمی","مفاهیم پایه","اتم و عنصر","ساختار اتم","متوسط","اگر عدد اتمی یک عنصر 8 باشد، تعداد پروتون‌های اتم خنثی آن چند است؟","8","7","9","16","A","عدد اتمی برابر تعداد پروتون‌های هسته است؛ بنابراین پاسخ 8 است.","ترنم همدلی","original","1405"
"دهم","تجربی","شیمی","شیمی","مفاهیم پایه","اتم و عنصر","ساختار اتم","متوسط","اگر عدد اتمی یک عنصر 9 باشد، تعداد پروتون‌های اتم خنثی آن چند است؟","9","8","10","18","A","عدد اتمی برابر تعداد پروتون‌های هسته است؛ بنابراین پاسخ 9 است.","ترنم همدلی","original","1405"
"دهم","تجربی","شیمی","شیمی","مفاهیم پایه","اتم و عنصر","ساختار اتم","آسان","اگر عدد اتمی یک عنصر 10 باشد، تعداد پروتون‌های اتم خنثی آن چند است؟","10","9","11","20","A","عدد اتمی برابر تعداد پروتون‌های هسته است؛ بنابراین پاسخ 10 است.","ترنم همدلی","original","1405"
"دهم","تجربی","شیمی","شیمی","مفاهیم پایه","اتم و عنصر","ساختار اتم","متوسط","اگر عدد اتمی یک عنصر 11 باشد، تعداد پروتون‌های اتم خنثی آن چند است؟","11","10","12","22","A","عدد اتمی برابر تعداد پروتون‌های هسته است؛ بنابراین پاسخ 11 است.","ترنم همدلی","original","1405"
"دهم","تجربی","شیمی","شیمی","مفاهیم پایه","اتم و عنصر","ساختار اتم","متوسط","اگر عدد اتمی یک عنصر 12 باشد، تعداد پروتون‌های اتم خنثی آن چند است؟","12","11","13","24","A","عدد اتمی برابر تعداد پروتون‌های هسته است؛ بنابراین پاسخ 12 است.","ترنم همدلی","original","1405"
"دهم","تجربی","شیمی","شیمی","مفاهیم پایه","اتم و عنصر","ساختار اتم","آسان","اگر عدد اتمی یک عنصر 13 باشد، تعداد پروتون‌های اتم خنثی آن چند است؟","13","12","14","26","A","عدد اتمی برابر تعداد پروتون‌های هسته است؛ بنابراین پاسخ 13 است.","ترنم همدلی","original","1405"
"دهم","تجربی","شیمی","شیمی","مفاهیم پایه","اتم و عنصر","ساختار اتم","متوسط","اگر عدد اتمی یک عنصر 6 باشد، تعداد پروتون‌های اتم خنثی آن چند است؟","6","5","7","12","A","عدد اتمی برابر تعداد پروتون‌های هسته است؛ بنابراین پاسخ 6 است.","ترنم همدلی","original","1405"
"دهم","تجربی","شیمی","شیمی","مفاهیم پایه","اتم و عنصر","ساختار اتم","متوسط","اگر عدد اتمی یک عنصر 7 باشد، تعداد پروتون‌های اتم خنثی آن چند است؟","7","6","8","14","A","عدد اتمی برابر تعداد پروتون‌های هسته است؛ بنابراین پاسخ 7 است.","ترنم همدلی","original","1405"
"دهم","تجربی","شیمی","شیمی","مفاهیم پایه","اتم و عنصر","ساختار اتم","آسان","اگر عدد اتمی یک عنصر 8 باشد، تعداد پروتون‌های اتم خنثی آن چند است؟","8","7","9","16","A","عدد اتمی برابر تعداد پروتون‌های هسته است؛ بنابراین پاسخ 8 است.","ترنم همدلی","original","1405"
"دهم","تجربی","شیمی","شیمی","مفاهیم پایه","اتم و عنصر","ساختار اتم","متوسط","اگر عدد اتمی یک عنصر 9 باشد، تعداد پروتون‌های اتم خنثی آن چند است؟","9","8","10","18","A","عدد اتمی برابر تعداد پروتون‌های هسته است؛ بنابراین پاسخ 9 است.","ترنم همدلی","original","1405"
"دهم","تجربی","شیمی","شیمی","مفاهیم پایه","اتم و عنصر","ساختار اتم","متوسط","اگر عدد اتمی یک عنصر 10 باشد، تعداد پروتون‌های اتم خنثی آن چند است؟","10","9","11","20","A","عدد اتمی برابر تعداد پروتون‌های هسته است؛ بنابراین پاسخ 10 است.","ترنم همدلی","original","1405"
"دهم","تجربی","شیمی","شیمی","مفاهیم پایه","اتم و عنصر","ساختار اتم","آسان","اگر عدد اتمی یک عنصر 11 باشد، تعداد پروتون‌های اتم خنثی آن چند است؟","11","10","12","22","A","عدد اتمی برابر تعداد پروتون‌های هسته است؛ بنابراین پاسخ 11 است.","ترنم همدلی","original","1405"
"دهم","تجربی","شیمی","شیمی","مفاهیم پایه","اتم و عنصر","ساختار اتم","متوسط","اگر عدد اتمی یک عنصر 12 باشد، تعداد پروتون‌های اتم خنثی آن چند است؟","12","11","13","24","A","عدد اتمی برابر تعداد پروتون‌های هسته است؛ بنابراین پاسخ 12 است.","ترنم همدلی","original","1405"
"دهم","تجربی","شیمی","شیمی","مفاهیم پایه","اتم و عنصر","ساختار اتم","متوسط","اگر عدد اتمی یک عنصر 13 باشد، تعداد پروتون‌های اتم خنثی آن چند است؟","13","12","14","26","A","عدد اتمی برابر تعداد پروتون‌های هسته است؛ بنابراین پاسخ 13 است.","ترنم همدلی","original","1405"
"دهم","تجربی","شیمی","شیمی","مفاهیم پایه","اتم و عنصر","ساختار اتم","آسان","اگر عدد اتمی یک عنصر 6 باشد، تعداد پروتون‌های اتم خنثی آن چند است؟","6","5","7","12","A","عدد اتمی برابر تعداد پروتون‌های هسته است؛ بنابراین پاسخ 6 است.","ترنم همدلی","original","1405"
"دهم","تجربی","شیمی","شیمی","مفاهیم پایه","اتم و عنصر","ساختار اتم","متوسط","اگر عدد اتمی یک عنصر 7 باشد، تعداد پروتون‌های اتم خنثی آن چند است؟","7","6","8","14","A","عدد اتمی برابر تعداد پروتون‌های هسته است؛ بنابراین پاسخ 7 است.","ترنم همدلی","original","1405"
"دهم","تجربی","شیمی","شیمی","مفاهیم پایه","اتم و عنصر","ساختار اتم","متوسط","اگر عدد اتمی یک عنصر 8 باشد، تعداد پروتون‌های اتم خنثی آن چند است؟","8","7","9","16","A","عدد اتمی برابر تعداد پروتون‌های هسته است؛ بنابراین پاسخ 8 است.","ترنم همدلی","original","1405"
"دهم","تجربی","شیمی","شیمی","مفاهیم پایه","اتم و عنصر","ساختار اتم","آسان","اگر عدد اتمی یک عنصر 9 باشد، تعداد پروتون‌های اتم خنثی آن چند است؟","9","8","10","18","A","عدد اتمی برابر تعداد پروتون‌های هسته است؛ بنابراین پاسخ 9 است.","ترنم همدلی","original","1405"
"دهم","تجربی","شیمی","شیمی","مفاهیم پایه","اتم و عنصر","ساختار اتم","متوسط","اگر عدد اتمی یک عنصر 10 باشد، تعداد پروتون‌های اتم خنثی آن چند است؟","10","9","11","20","A","عدد اتمی برابر تعداد پروتون‌های هسته است؛ بنابراین پاسخ 10 است.","ترنم همدلی","original","1405"
"دهم","تجربی","شیمی","شیمی","مفاهیم پایه","اتم و عنصر","ساختار اتم","متوسط","اگر عدد اتمی یک عنصر 11 باشد، تعداد پروتون‌های اتم خنثی آن چند است؟","11","10","12","22","A","عدد اتمی برابر تعداد پروتون‌های هسته است؛ بنابراین پاسخ 11 است.","ترنم همدلی","original","1405"
"دهم","تجربی","شیمی","شیمی","مفاهیم پایه","اتم و عنصر","ساختار اتم","آسان","اگر عدد اتمی یک عنصر 12 باشد، تعداد پروتون‌های اتم خنثی آن چند است؟","12","11","13","24","A","عدد اتمی برابر تعداد پروتون‌های هسته است؛ بنابراین پاسخ 12 است.","ترنم همدلی","original","1405"
"دهم","تجربی","شیمی","شیمی","مفاهیم پایه","اتم و عنصر","ساختار اتم","متوسط","اگر عدد اتمی یک عنصر 13 باشد، تعداد پروتون‌های اتم خنثی آن چند است؟","13","12","14","26","A","عدد اتمی برابر تعداد پروتون‌های هسته است؛ بنابراین پاسخ 13 است.","ترنم همدلی","original","1405"
"دهم","تجربی","شیمی","شیمی","مفاهیم پایه","اتم و عنصر","ساختار اتم","متوسط","اگر عدد اتمی یک عنصر 6 باشد، تعداد پروتون‌های اتم خنثی آن چند است؟","6","5","7","12","A","عدد اتمی برابر تعداد پروتون‌های هسته است؛ بنابراین پاسخ 6 است.","ترنم همدلی","original","1405"
"دهم","تجربی","شیمی","شیمی","مفاهیم پایه","اتم و عنصر","ساختار اتم","آسان","اگر عدد اتمی یک عنصر 7 باشد، تعداد پروتون‌های اتم خنثی آن چند است؟","7","6","8","14","A","عدد اتمی برابر تعداد پروتون‌های هسته است؛ بنابراین پاسخ 7 است.","ترنم همدلی","original","1405"
"دهم","تجربی","شیمی","شیمی","مفاهیم پایه","اتم و عنصر","ساختار اتم","متوسط","اگر عدد اتمی یک عنصر 8 باشد، تعداد پروتون‌های اتم خنثی آن چند است؟","8","7","9","16","A","عدد اتمی برابر تعداد پروتون‌های هسته است؛ بنابراین پاسخ 8 است.","ترنم همدلی","original","1405"
"دهم","تجربی","شیمی","شیمی","مفاهیم پایه","اتم و عنصر","ساختار اتم","متوسط","اگر عدد اتمی یک عنصر 9 باشد، تعداد پروتون‌های اتم خنثی آن چند است؟","9","8","10","18","A","عدد اتمی برابر تعداد پروتون‌های هسته است؛ بنابراین پاسخ 9 است.","ترنم همدلی","original","1405"
"دهم","تجربی","شیمی","شیمی","مفاهیم پایه","اتم و عنصر","ساختار اتم","آسان","اگر عدد اتمی یک عنصر 10 باشد، تعداد پروتون‌های اتم خنثی آن چند است؟","10","9","11","20","A","عدد اتمی برابر تعداد پروتون‌های هسته است؛ بنابراین پاسخ 10 است.","ترنم همدلی","original","1405"
"دهم","تجربی","شیمی","شیمی","مفاهیم پایه","اتم و عنصر","ساختار اتم","متوسط","اگر عدد اتمی یک عنصر 11 باشد، تعداد پروتون‌های اتم خنثی آن چند است؟","11","10","12","22","A","عدد اتمی برابر تعداد پروتون‌های هسته است؛ بنابراین پاسخ 11 است.","ترنم همدلی","original","1405"
"دهم","تجربی","شیمی","شیمی","مفاهیم پایه","اتم و عنصر","ساختار اتم","متوسط","اگر عدد اتمی یک عنصر 12 باشد، تعداد پروتون‌های اتم خنثی آن چند است؟","12","11","13","24","A","عدد اتمی برابر تعداد پروتون‌های هسته است؛ بنابراین پاسخ 12 است.","ترنم همدلی","original","1405"
"دهم","تجربی","شیمی","شیمی","مفاهیم پایه","اتم و عنصر","ساختار اتم","آسان","اگر عدد اتمی یک عنصر 13 باشد، تعداد پروتون‌های اتم خنثی آن چند است؟","13","12","14","26","A","عدد اتمی برابر تعداد پروتون‌های هسته است؛ بنابراین پاسخ 13 است.","ترنم همدلی","original","1405"
"دهم","تجربی","شیمی","شیمی","مفاهیم پایه","اتم و عنصر","ساختار اتم","متوسط","اگر عدد اتمی یک عنصر 6 باشد، تعداد پروتون‌های اتم خنثی آن چند است؟","6","5","7","12","A","عدد اتمی برابر تعداد پروتون‌های هسته است؛ بنابراین پاسخ 6 است.","ترنم همدلی","original","1405"
"دهم","تجربی","شیمی","شیمی","مفاهیم پایه","اتم و عنصر","ساختار اتم","متوسط","اگر عدد اتمی یک عنصر 7 باشد، تعداد پروتون‌های اتم خنثی آن چند است؟","7","6","8","14","A","عدد اتمی برابر تعداد پروتون‌های هسته است؛ بنابراین پاسخ 7 است.","ترنم همدلی","original","1405"
"دهم","تجربی","شیمی","شیمی","مفاهیم پایه","اتم و عنصر","ساختار اتم","آسان","اگر عدد اتمی یک عنصر 8 باشد، تعداد پروتون‌های اتم خنثی آن چند است؟","8","7","9","16","A","عدد اتمی برابر تعداد پروتون‌های هسته است؛ بنابراین پاسخ 8 است.","ترنم همدلی","original","1405"
"دهم","تجربی","شیمی","شیمی","مفاهیم پایه","اتم و عنصر","ساختار اتم","متوسط","اگر عدد اتمی یک عنصر 9 باشد، تعداد پروتون‌های اتم خنثی آن چند است؟","9","8","10","18","A","عدد اتمی برابر تعداد پروتون‌های هسته است؛ بنابراین پاسخ 9 است.","ترنم همدلی","original","1405"
"دهم","تجربی","شیمی","شیمی","مفاهیم پایه","اتم و عنصر","ساختار اتم","متوسط","اگر عدد اتمی یک عنصر 10 باشد، تعداد پروتون‌های اتم خنثی آن چند است؟","10","9","11","20","A","عدد اتمی برابر تعداد پروتون‌های هسته است؛ بنابراین پاسخ 10 است.","ترنم همدلی","original","1405"
"دهم","تجربی","شیمی","شیمی","مفاهیم پایه","اتم و عنصر","ساختار اتم","آسان","اگر عدد اتمی یک عنصر 11 باشد، تعداد پروتون‌های اتم خنثی آن چند است؟","11","10","12","22","A","عدد اتمی برابر تعداد پروتون‌های هسته است؛ بنابراین پاسخ 11 است.","ترنم همدلی","original","1405"
"دهم","تجربی","شیمی","شیمی","مفاهیم پایه","اتم و عنصر","ساختار اتم","متوسط","اگر عدد اتمی یک عنصر 12 باشد، تعداد پروتون‌های اتم خنثی آن چند است؟","12","11","13","24","A","عدد اتمی برابر تعداد پروتون‌های هسته است؛ بنابراین پاسخ 12 است.","ترنم همدلی","original","1405"
"دهم","تجربی","شیمی","شیمی","مفاهیم پایه","اتم و عنصر","ساختار اتم","متوسط","اگر عدد اتمی یک عنصر 13 باشد، تعداد پروتون‌های اتم خنثی آن چند است؟","13","12","14","26","A","عدد اتمی برابر تعداد پروتون‌های هسته است؛ بنابراین پاسخ 13 است.","ترنم همدلی","original","1405"
"دهم","تجربی","شیمی","شیمی","مفاهیم پایه","اتم و عنصر","ساختار اتم","آسان","اگر عدد اتمی یک عنصر 6 باشد، تعداد پروتون‌های اتم خنثی آن چند است؟","6","5","7","12","A","عدد اتمی برابر تعداد پروتون‌های هسته است؛ بنابراین پاسخ 6 است.","ترنم همدلی","original","1405"
"دهم","تجربی","شیمی","شیمی","مفاهیم پایه","اتم و عنصر","ساختار اتم","متوسط","اگر عدد اتمی یک عنصر 7 باشد، تعداد پروتون‌های اتم خنثی آن چند است؟","7","6","8","14","A","عدد اتمی برابر تعداد پروتون‌های هسته است؛ بنابراین پاسخ 7 است.","ترنم همدلی","original","1405"
"دهم","تجربی","شیمی","شیمی","مفاهیم پایه","اتم و عنصر","ساختار اتم","متوسط","اگر عدد اتمی یک عنصر 8 باشد، تعداد پروتون‌های اتم خنثی آن چند است؟","8","7","9","16","A","عدد اتمی برابر تعداد پروتون‌های هسته است؛ بنابراین پاسخ 8 است.","ترنم همدلی","original","1405"
"دهم","تجربی","شیمی","شیمی","مفاهیم پایه","اتم و عنصر","ساختار اتم","آسان","اگر عدد اتمی یک عنصر 9 باشد، تعداد پروتون‌های اتم خنثی آن چند است؟","9","8","10","18","A","عدد اتمی برابر تعداد پروتون‌های هسته است؛ بنابراین پاسخ 9 است.","ترنم همدلی","original","1405"
"دهم","تجربی","شیمی","شیمی","مفاهیم پایه","اتم و عنصر","ساختار اتم","متوسط","اگر عدد اتمی یک عنصر 10 باشد، تعداد پروتون‌های اتم خنثی آن چند است؟","10","9","11","20","A","عدد اتمی برابر تعداد پروتون‌های هسته است؛ بنابراین پاسخ 10 است.","ترنم همدلی","original","1405"
"دهم","تجربی","شیمی","شیمی","مفاهیم پایه","اتم و عنصر","ساختار اتم","متوسط","اگر عدد اتمی یک عنصر 11 باشد، تعداد پروتون‌های اتم خنثی آن چند است؟","11","10","12","22","A","عدد اتمی برابر تعداد پروتون‌های هسته است؛ بنابراین پاسخ 11 است.","ترنم همدلی","original","1405"
"دهم","تجربی","شیمی","شیمی","مفاهیم پایه","اتم و عنصر","ساختار اتم","آسان","اگر عدد اتمی یک عنصر 12 باشد، تعداد پروتون‌های اتم خنثی آن چند است؟","12","11","13","24","A","عدد اتمی برابر تعداد پروتون‌های هسته است؛ بنابراین پاسخ 12 است.","ترنم همدلی","original","1405"
"دهم","تجربی","شیمی","شیمی","مفاهیم پایه","اتم و عنصر","ساختار اتم","متوسط","اگر عدد اتمی یک عنصر 13 باشد، تعداد پروتون‌های اتم خنثی آن چند است؟","13","12","14","26","A","عدد اتمی برابر تعداد پروتون‌های هسته است؛ بنابراین پاسخ 13 است.","ترنم همدلی","original","1405"
"دهم","تجربی","شیمی","شیمی","مفاهیم پایه","اتم و عنصر","ساختار اتم","متوسط","اگر عدد اتمی یک عنصر 6 باشد، تعداد پروتون‌های اتم خنثی آن چند است؟","6","5","7","12","A","عدد اتمی برابر تعداد پروتون‌های هسته است؛ بنابراین پاسخ 6 است.","ترنم همدلی","original","1405"
"دهم","تجربی","شیمی","شیمی","مفاهیم پایه","اتم و عنصر","ساختار اتم","آسان","اگر عدد اتمی یک عنصر 7 باشد، تعداد پروتون‌های اتم خنثی آن چند است؟","7","6","8","14","A","عدد اتمی برابر تعداد پروتون‌های هسته است؛ بنابراین پاسخ 7 است.","ترنم همدلی","original","1405"
"دهم","تجربی","شیمی","شیمی","مفاهیم پایه","اتم و عنصر","ساختار اتم","متوسط","اگر عدد اتمی یک عنصر 8 باشد، تعداد پروتون‌های اتم خنثی آن چند است؟","8","7","9","16","A","عدد اتمی برابر تعداد پروتون‌های هسته است؛ بنابراین پاسخ 8 است.","ترنم همدلی","original","1405"
"دهم","تجربی","شیمی","شیمی","مفاهیم پایه","اتم و عنصر","ساختار اتم","متوسط","اگر عدد اتمی یک عنصر 9 باشد، تعداد پروتون‌های اتم خنثی آن چند است؟","9","8","10","18","A","عدد اتمی برابر تعداد پروتون‌های هسته است؛ بنابراین پاسخ 9 است.","ترنم همدلی","original","1405"
"دهم","تجربی","شیمی","شیمی","مفاهیم پایه","اتم و عنصر","ساختار اتم","آسان","اگر عدد اتمی یک عنصر 10 باشد، تعداد پروتون‌های اتم خنثی آن چند است؟","10","9","11","20","A","عدد اتمی برابر تعداد پروتون‌های هسته است؛ بنابراین پاسخ 10 است.","ترنم همدلی","original","1405"
"دهم","تجربی","شیمی","شیمی","مفاهیم پایه","اتم و عنصر","ساختار اتم","متوسط","اگر عدد اتمی یک عنصر 11 باشد، تعداد پروتون‌های اتم خنثی آن چند است؟","11","10","12","22","A","عدد اتمی برابر تعداد پروتون‌های هسته است؛ بنابراین پاسخ 11 است.","ترنم همدلی","original","1405"
"دهم","تجربی","شیمی","شیمی","مفاهیم پایه","اتم و عنصر","ساختار اتم","متوسط","اگر عدد اتمی یک عنصر 12 باشد، تعداد پروتون‌های اتم خنثی آن چند است؟","12","11","13","24","A","عدد اتمی برابر تعداد پروتون‌های هسته است؛ بنابراین پاسخ 12 است.","ترنم همدلی","original","1405"
"دهم","تجربی","شیمی","شیمی","مفاهیم پایه","اتم و عنصر","ساختار اتم","آسان","اگر عدد اتمی یک عنصر 13 باشد، تعداد پروتون‌های اتم خنثی آن چند است؟","13","12","14","26","A","عدد اتمی برابر تعداد پروتون‌های هسته است؛ بنابراین پاسخ 13 است.","ترنم همدلی","original","1405"
"دهم","تجربی","شیمی","شیمی","مفاهیم پایه","اتم و عنصر","ساختار اتم","متوسط","اگر عدد اتمی یک عنصر 6 باشد، تعداد پروتون‌های اتم خنثی آن چند است؟","6","5","7","12","A","عدد اتمی برابر تعداد پروتون‌های هسته است؛ بنابراین پاسخ 6 است.","ترنم همدلی","original","1405"
"دهم","تجربی","شیمی","شیمی","مفاهیم پایه","اتم و عنصر","ساختار اتم","متوسط","اگر عدد اتمی یک عنصر 7 باشد، تعداد پروتون‌های اتم خنثی آن چند است؟","7","6","8","14","A","عدد اتمی برابر تعداد پروتون‌های هسته است؛ بنابراین پاسخ 7 است.","ترنم همدلی","original","1405"
"دهم","تجربی","شیمی","شیمی","مفاهیم پایه","اتم و عنصر","ساختار اتم","آسان","اگر عدد اتمی یک عنصر 8 باشد، تعداد پروتون‌های اتم خنثی آن چند است؟","8","7","9","16","A","عدد اتمی برابر تعداد پروتون‌های هسته است؛ بنابراین پاسخ 8 است.","ترنم همدلی","original","1405"
"دهم","تجربی","شیمی","شیمی","مفاهیم پایه","اتم و عنصر","ساختار اتم","متوسط","اگر عدد اتمی یک عنصر 9 باشد، تعداد پروتون‌های اتم خنثی آن چند است؟","9","8","10","18","A","عدد اتمی برابر تعداد پروتون‌های هسته است؛ بنابراین پاسخ 9 است.","ترنم همدلی","original","1405"
"دهم","تجربی","شیمی","شیمی","مفاهیم پایه","اتم و عنصر","ساختار اتم","متوسط","اگر عدد اتمی یک عنصر 10 باشد، تعداد پروتون‌های اتم خنثی آن چند است؟","10","9","11","20","A","عدد اتمی برابر تعداد پروتون‌های هسته است؛ بنابراین پاسخ 10 است.","ترنم همدلی","original","1405"
"دهم","تجربی","شیمی","شیمی","مفاهیم پایه","اتم و عنصر","ساختار اتم","آسان","اگر عدد اتمی یک عنصر 11 باشد، تعداد پروتون‌های اتم خنثی آن چند است؟","11","10","12","22","A","عدد اتمی برابر تعداد پروتون‌های هسته است؛ بنابراین پاسخ 11 است.","ترنم همدلی","original","1405"
"دهم","تجربی","شیمی","شیمی","مفاهیم پایه","اتم و عنصر","ساختار اتم","متوسط","اگر عدد اتمی یک عنصر 12 باشد، تعداد پروتون‌های اتم خنثی آن چند است؟","12","11","13","24","A","عدد اتمی برابر تعداد پروتون‌های هسته است؛ بنابراین پاسخ 12 است.","ترنم همدلی","original","1405"
"دهم","تجربی","شیمی","شیمی","مفاهیم پایه","اتم و عنصر","ساختار اتم","متوسط","اگر عدد اتمی یک عنصر 13 باشد، تعداد پروتون‌های اتم خنثی آن چند است؟","13","12","14","26","A","عدد اتمی برابر تعداد پروتون‌های هسته است؛ بنابراین پاسخ 13 است.","ترنم همدلی","original","1405"
"دهم","تجربی","شیمی","شیمی","مفاهیم پایه","اتم و عنصر","ساختار اتم","آسان","اگر عدد اتمی یک عنصر 6 باشد، تعداد پروتون‌های اتم خنثی آن چند است؟","6","5","7","12","A","عدد اتمی برابر تعداد پروتون‌های هسته است؛ بنابراین پاسخ 6 است.","ترنم همدلی","original","1405"
"دهم","تجربی","شیمی","شیمی","مفاهیم پایه","اتم و عنصر","ساختار اتم","متوسط","اگر عدد اتمی یک عنصر 7 باشد، تعداد پروتون‌های اتم خنثی آن چند است؟","7","6","8","14","A","عدد اتمی برابر تعداد پروتون‌های هسته است؛ بنابراین پاسخ 7 است.","ترنم همدلی","original","1405"
"دهم","تجربی","شیمی","شیمی","مفاهیم پایه","اتم و عنصر","ساختار اتم","متوسط","اگر عدد اتمی یک عنصر 8 باشد، تعداد پروتون‌های اتم خنثی آن چند است؟","8","7","9","16","A","عدد اتمی برابر تعداد پروتون‌های هسته است؛ بنابراین پاسخ 8 است.","ترنم همدلی","original","1405"
"دهم","تجربی","شیمی","شیمی","مفاهیم پایه","اتم و عنصر","ساختار اتم","آسان","اگر عدد اتمی یک عنصر 9 باشد، تعداد پروتون‌های اتم خنثی آن چند است؟","9","8","10","18","A","عدد اتمی برابر تعداد پروتون‌های هسته است؛ بنابراین پاسخ 9 است.","ترنم همدلی","original","1405"
"دهم","تجربی","شیمی","شیمی","مفاهیم پایه","اتم و عنصر","ساختار اتم","متوسط","اگر عدد اتمی یک عنصر 10 باشد، تعداد پروتون‌های اتم خنثی آن چند است؟","10","9","11","20","A","عدد اتمی برابر تعداد پروتون‌های هسته است؛ بنابراین پاسخ 10 است.","ترنم همدلی","original","1405"
"دهم","تجربی","شیمی","شیمی","مفاهیم پایه","اتم و عنصر","ساختار اتم","متوسط","اگر عدد اتمی یک عنصر 11 باشد، تعداد پروتون‌های اتم خنثی آن چند است؟","11","10","12","22","A","عدد اتمی برابر تعداد پروتون‌های هسته است؛ بنابراین پاسخ 11 است.","ترنم همدلی","original","1405"
"دهم","تجربی","شیمی","شیمی","مفاهیم پایه","اتم و عنصر","ساختار اتم","آسان","اگر عدد اتمی یک عنصر 12 باشد، تعداد پروتون‌های اتم خنثی آن چند است؟","12","11","13","24","A","عدد اتمی برابر تعداد پروتون‌های هسته است؛ بنابراین پاسخ 12 است.","ترنم همدلی","original","1405"
"دهم","تجربی","شیمی","شیمی","مفاهیم پایه","اتم و عنصر","ساختار اتم","متوسط","اگر عدد اتمی یک عنصر 13 باشد، تعداد پروتون‌های اتم خنثی آن چند است؟","13","12","14","26","A","عدد اتمی برابر تعداد پروتون‌های هسته است؛ بنابراین پاسخ 13 است.","ترنم همدلی","original","1405"
"دهم","تجربی","شیمی","شیمی","مفاهیم پایه","اتم و عنصر","ساختار اتم","متوسط","اگر عدد اتمی یک عنصر 6 باشد، تعداد پروتون‌های اتم خنثی آن چند است؟","6","5","7","12","A","عدد اتمی برابر تعداد پروتون‌های هسته است؛ بنابراین پاسخ 6 است.","ترنم همدلی","original","1405"
"دهم","تجربی","شیمی","شیمی","مفاهیم پایه","اتم و عنصر","ساختار اتم","آسان","اگر عدد اتمی یک عنصر 7 باشد، تعداد پروتون‌های اتم خنثی آن چند است؟","7","6","8","14","A","عدد اتمی برابر تعداد پروتون‌های هسته است؛ بنابراین پاسخ 7 است.","ترنم همدلی","original","1405"
"دهم","تجربی","شیمی","شیمی","مفاهیم پایه","اتم و عنصر","ساختار اتم","متوسط","اگر عدد اتمی یک عنصر 8 باشد، تعداد پروتون‌های اتم خنثی آن چند است؟","8","7","9","16","A","عدد اتمی برابر تعداد پروتون‌های هسته است؛ بنابراین پاسخ 8 است.","ترنم همدلی","original","1405"
"دهم","تجربی","شیمی","شیمی","مفاهیم پایه","اتم و عنصر","ساختار اتم","متوسط","اگر عدد اتمی یک عنصر 9 باشد، تعداد پروتون‌های اتم خنثی آن چند است؟","9","8","10","18","A","عدد اتمی برابر تعداد پروتون‌های هسته است؛ بنابراین پاسخ 9 است.","ترنم همدلی","original","1405"
"دهم","تجربی","شیمی","شیمی","مفاهیم پایه","اتم و عنصر","ساختار اتم","آسان","اگر عدد اتمی یک عنصر 10 باشد، تعداد پروتون‌های اتم خنثی آن چند است؟","10","9","11","20","A","عدد اتمی برابر تعداد پروتون‌های هسته است؛ بنابراین پاسخ 10 است.","ترنم همدلی","original","1405"
"دهم","تجربی","شیمی","شیمی","مفاهیم پایه","اتم و عنصر","ساختار اتم","متوسط","اگر عدد اتمی یک عنصر 11 باشد، تعداد پروتون‌های اتم خنثی آن چند است؟","11","10","12","22","A","عدد اتمی برابر تعداد پروتون‌های هسته است؛ بنابراین پاسخ 11 است.","ترنم همدلی","original","1405"
"دهم","تجربی","شیمی","شیمی","مفاهیم پایه","اتم و عنصر","ساختار اتم","متوسط","اگر عدد اتمی یک عنصر 12 باشد، تعداد پروتون‌های اتم خنثی آن چند است؟","12","11","13","24","A","عدد اتمی برابر تعداد پروتون‌های هسته است؛ بنابراین پاسخ 12 است.","ترنم همدلی","original","1405"
"دهم","تجربی","شیمی","شیمی","مفاهیم پایه","اتم و عنصر","ساختار اتم","آسان","اگر عدد اتمی یک عنصر 13 باشد، تعداد پروتون‌های اتم خنثی آن چند است؟","13","12","14","26","A","عدد اتمی برابر تعداد پروتون‌های هسته است؛ بنابراین پاسخ 13 است.","ترنم همدلی","original","1405"
"دهم","تجربی","شیمی","شیمی","مفاهیم پایه","اتم و عنصر","ساختار اتم","متوسط","اگر عدد اتمی یک عنصر 6 باشد، تعداد پروتون‌های اتم خنثی آن چند است؟","6","5","7","12","A","عدد اتمی برابر تعداد پروتون‌های هسته است؛ بنابراین پاسخ 6 است.","ترنم همدلی","original","1405"
"دهم","تجربی","شیمی","شیمی","مفاهیم پایه","اتم و عنصر","ساختار اتم","متوسط","اگر عدد اتمی یک عنصر 7 باشد، تعداد پروتون‌های اتم خنثی آن چند است؟","7","6","8","14","A","عدد اتمی برابر تعداد پروتون‌های هسته است؛ بنابراین پاسخ 7 است.","ترنم همدلی","original","1405"
"دهم","تجربی","شیمی","شیمی","مفاهیم پایه","اتم و عنصر","ساختار اتم","آسان","اگر عدد اتمی یک عنصر 8 باشد، تعداد پروتون‌های اتم خنثی آن چند است؟","8","7","9","16","A","عدد اتمی برابر تعداد پروتون‌های هسته است؛ بنابراین پاسخ 8 است.","ترنم همدلی","original","1405"
"دهم","تجربی","شیمی","شیمی","مفاهیم پایه","اتم و عنصر","ساختار اتم","متوسط","اگر عدد اتمی یک عنصر 9 باشد، تعداد پروتون‌های اتم خنثی آن چند است؟","9","8","10","18","A","عدد اتمی برابر تعداد پروتون‌های هسته است؛ بنابراین پاسخ 9 است.","ترنم همدلی","original","1405"
"دهم","تجربی","شیمی","شیمی","مفاهیم پایه","اتم و عنصر","ساختار اتم","متوسط","اگر عدد اتمی یک عنصر 10 باشد، تعداد پروتون‌های اتم خنثی آن چند است؟","10","9","11","20","A","عدد اتمی برابر تعداد پروتون‌های هسته است؛ بنابراین پاسخ 10 است.","ترنم همدلی","original","1405"
"دهم","تجربی","شیمی","شیمی","مفاهیم پایه","اتم و عنصر","ساختار اتم","آسان","اگر عدد اتمی یک عنصر 11 باشد، تعداد پروتون‌های اتم خنثی آن چند است؟","11","10","12","22","A","عدد اتمی برابر تعداد پروتون‌های هسته است؛ بنابراین پاسخ 11 است.","ترنم همدلی","original","1405"
"دهم","تجربی","شیمی","شیمی","مفاهیم پایه","اتم و عنصر","ساختار اتم","متوسط","اگر عدد اتمی یک عنصر 12 باشد، تعداد پروتون‌های اتم خنثی آن چند است؟","12","11","13","24","A","عدد اتمی برابر تعداد پروتون‌های هسته است؛ بنابراین پاسخ 12 است.","ترنم همدلی","original","1405"
"دهم","تجربی","شیمی","شیمی","مفاهیم پایه","اتم و عنصر","ساختار اتم","متوسط","اگر عدد اتمی یک عنصر 13 باشد، تعداد پروتون‌های اتم خنثی آن چند است؟","13","12","14","26","A","عدد اتمی برابر تعداد پروتون‌های هسته است؛ بنابراین پاسخ 13 است.","ترنم همدلی","original","1405"
"دهم","تجربی","شیمی","شیمی","مفاهیم پایه","اتم و عنصر","ساختار اتم","آسان","اگر عدد اتمی یک عنصر 6 باشد، تعداد پروتون‌های اتم خنثی آن چند است؟","6","5","7","12","A","عدد اتمی برابر تعداد پروتون‌های هسته است؛ بنابراین پاسخ 6 است.","ترنم همدلی","original","1405"
"دهم","تجربی","شیمی","شیمی","مفاهیم پایه","اتم و عنصر","ساختار اتم","متوسط","اگر عدد اتمی یک عنصر 7 باشد، تعداد پروتون‌های اتم خنثی آن چند است؟","7","6","8","14","A","عدد اتمی برابر تعداد پروتون‌های هسته است؛ بنابراین پاسخ 7 است.","ترنم همدلی","original","1405"
"دهم","تجربی","شیمی","شیمی","مفاهیم پایه","اتم و عنصر","ساختار اتم","متوسط","اگر عدد اتمی یک عنصر 8 باشد، تعداد پروتون‌های اتم خنثی آن چند است؟","8","7","9","16","A","عدد اتمی برابر تعداد پروتون‌های هسته است؛ بنابراین پاسخ 8 است.","ترنم همدلی","original","1405"
"دهم","تجربی","شیمی","شیمی","مفاهیم پایه","اتم و عنصر","ساختار اتم","آسان","اگر عدد اتمی یک عنصر 9 باشد، تعداد پروتون‌های اتم خنثی آن چند است؟","9","8","10","18","A","عدد اتمی برابر تعداد پروتون‌های هسته است؛ بنابراین پاسخ 9 است.","ترنم همدلی","original","1405"
"یازدهم","تجربی","شیمی","شیمی","مفاهیم پایه","اتم و عنصر","ساختار اتم","آسان","اگر عدد اتمی یک عنصر 6 باشد، تعداد پروتون‌های اتم خنثی آن چند است؟","6","5","7","12","A","عدد اتمی برابر تعداد پروتون‌های هسته است؛ بنابراین پاسخ 6 است.","ترنم همدلی","original","1405"
"یازدهم","تجربی","شیمی","شیمی","مفاهیم پایه","اتم و عنصر","ساختار اتم","متوسط","اگر عدد اتمی یک عنصر 7 باشد، تعداد پروتون‌های اتم خنثی آن چند است؟","7","6","8","14","A","عدد اتمی برابر تعداد پروتون‌های هسته است؛ بنابراین پاسخ 7 است.","ترنم همدلی","original","1405"
"یازدهم","تجربی","شیمی","شیمی","مفاهیم پایه","اتم و عنصر","ساختار اتم","متوسط","اگر عدد اتمی یک عنصر 8 باشد، تعداد پروتون‌های اتم خنثی آن چند است؟","8","7","9","16","A","عدد اتمی برابر تعداد پروتون‌های هسته است؛ بنابراین پاسخ 8 است.","ترنم همدلی","original","1405"
"یازدهم","تجربی","شیمی","شیمی","مفاهیم پایه","اتم و عنصر","ساختار اتم","آسان","اگر عدد اتمی یک عنصر 9 باشد، تعداد پروتون‌های اتم خنثی آن چند است؟","9","8","10","18","A","عدد اتمی برابر تعداد پروتون‌های هسته است؛ بنابراین پاسخ 9 است.","ترنم همدلی","original","1405"
"یازدهم","تجربی","شیمی","شیمی","مفاهیم پایه","اتم و عنصر","ساختار اتم","متوسط","اگر عدد اتمی یک عنصر 10 باشد، تعداد پروتون‌های اتم خنثی آن چند است؟","10","9","11","20","A","عدد اتمی برابر تعداد پروتون‌های هسته است؛ بنابراین پاسخ 10 است.","ترنم همدلی","original","1405"
"یازدهم","تجربی","شیمی","شیمی","مفاهیم پایه","اتم و عنصر","ساختار اتم","متوسط","اگر عدد اتمی یک عنصر 11 باشد، تعداد پروتون‌های اتم خنثی آن چند است؟","11","10","12","22","A","عدد اتمی برابر تعداد پروتون‌های هسته است؛ بنابراین پاسخ 11 است.","ترنم همدلی","original","1405"
"یازدهم","تجربی","شیمی","شیمی","مفاهیم پایه","اتم و عنصر","ساختار اتم","آسان","اگر عدد اتمی یک عنصر 12 باشد، تعداد پروتون‌های اتم خنثی آن چند است؟","12","11","13","24","A","عدد اتمی برابر تعداد پروتون‌های هسته است؛ بنابراین پاسخ 12 است.","ترنم همدلی","original","1405"
"یازدهم","تجربی","شیمی","شیمی","مفاهیم پایه","اتم و عنصر","ساختار اتم","متوسط","اگر عدد اتمی یک عنصر 13 باشد، تعداد پروتون‌های اتم خنثی آن چند است؟","13","12","14","26","A","عدد اتمی برابر تعداد پروتون‌های هسته است؛ بنابراین پاسخ 13 است.","ترنم همدلی","original","1405"
"یازدهم","تجربی","شیمی","شیمی","مفاهیم پایه","اتم و عنصر","ساختار اتم","متوسط","اگر عدد اتمی یک عنصر 6 باشد، تعداد پروتون‌های اتم خنثی آن چند است؟","6","5","7","12","A","عدد اتمی برابر تعداد پروتون‌های هسته است؛ بنابراین پاسخ 6 است.","ترنم همدلی","original","1405"
"یازدهم","تجربی","شیمی","شیمی","مفاهیم پایه","اتم و عنصر","ساختار اتم","آسان","اگر عدد اتمی یک عنصر 7 باشد، تعداد پروتون‌های اتم خنثی آن چند است؟","7","6","8","14","A","عدد اتمی برابر تعداد پروتون‌های هسته است؛ بنابراین پاسخ 7 است.","ترنم همدلی","original","1405"
"یازدهم","تجربی","شیمی","شیمی","مفاهیم پایه","اتم و عنصر","ساختار اتم","متوسط","اگر عدد اتمی یک عنصر 8 باشد، تعداد پروتون‌های اتم خنثی آن چند است؟","8","7","9","16","A","عدد اتمی برابر تعداد پروتون‌های هسته است؛ بنابراین پاسخ 8 است.","ترنم همدلی","original","1405"
"یازدهم","تجربی","شیمی","شیمی","مفاهیم پایه","اتم و عنصر","ساختار اتم","متوسط","اگر عدد اتمی یک عنصر 9 باشد، تعداد پروتون‌های اتم خنثی آن چند است؟","9","8","10","18","A","عدد اتمی برابر تعداد پروتون‌های هسته است؛ بنابراین پاسخ 9 است.","ترنم همدلی","original","1405"
"یازدهم","تجربی","شیمی","شیمی","مفاهیم پایه","اتم و عنصر","ساختار اتم","آسان","اگر عدد اتمی یک عنصر 10 باشد، تعداد پروتون‌های اتم خنثی آن چند است؟","10","9","11","20","A","عدد اتمی برابر تعداد پروتون‌های هسته است؛ بنابراین پاسخ 10 است.","ترنم همدلی","original","1405"
"یازدهم","تجربی","شیمی","شیمی","مفاهیم پایه","اتم و عنصر","ساختار اتم","متوسط","اگر عدد اتمی یک عنصر 11 باشد، تعداد پروتون‌های اتم خنثی آن چند است؟","11","10","12","22","A","عدد اتمی برابر تعداد پروتون‌های هسته است؛ بنابراین پاسخ 11 است.","ترنم همدلی","original","1405"
"یازدهم","تجربی","شیمی","شیمی","مفاهیم پایه","اتم و عنصر","ساختار اتم","متوسط","اگر عدد اتمی یک عنصر 12 باشد، تعداد پروتون‌های اتم خنثی آن چند است؟","12","11","13","24","A","عدد اتمی برابر تعداد پروتون‌های هسته است؛ بنابراین پاسخ 12 است.","ترنم همدلی","original","1405"
"یازدهم","تجربی","شیمی","شیمی","مفاهیم پایه","اتم و عنصر","ساختار اتم","آسان","اگر عدد اتمی یک عنصر 13 باشد، تعداد پروتون‌های اتم خنثی آن چند است؟","13","12","14","26","A","عدد اتمی برابر تعداد پروتون‌های هسته است؛ بنابراین پاسخ 13 است.","ترنم همدلی","original","1405"
"یازدهم","تجربی","شیمی","شیمی","مفاهیم پایه","اتم و عنصر","ساختار اتم","متوسط","اگر عدد اتمی یک عنصر 6 باشد، تعداد پروتون‌های اتم خنثی آن چند است؟","6","5","7","12","A","عدد اتمی برابر تعداد پروتون‌های هسته است؛ بنابراین پاسخ 6 است.","ترنم همدلی","original","1405"
"یازدهم","تجربی","شیمی","شیمی","مفاهیم پایه","اتم و عنصر","ساختار اتم","متوسط","اگر عدد اتمی یک عنصر 7 باشد، تعداد پروتون‌های اتم خنثی آن چند است؟","7","6","8","14","A","عدد اتمی برابر تعداد پروتون‌های هسته است؛ بنابراین پاسخ 7 است.","ترنم همدلی","original","1405"
"یازدهم","تجربی","شیمی","شیمی","مفاهیم پایه","اتم و عنصر","ساختار اتم","آسان","اگر عدد اتمی یک عنصر 8 باشد، تعداد پروتون‌های اتم خنثی آن چند است؟","8","7","9","16","A","عدد اتمی برابر تعداد پروتون‌های هسته است؛ بنابراین پاسخ 8 است.","ترنم همدلی","original","1405"
"یازدهم","تجربی","شیمی","شیمی","مفاهیم پایه","اتم و عنصر","ساختار اتم","متوسط","اگر عدد اتمی یک عنصر 9 باشد، تعداد پروتون‌های اتم خنثی آن چند است؟","9","8","10","18","A","عدد اتمی برابر تعداد پروتون‌های هسته است؛ بنابراین پاسخ 9 است.","ترنم همدلی","original","1405"
"یازدهم","تجربی","شیمی","شیمی","مفاهیم پایه","اتم و عنصر","ساختار اتم","متوسط","اگر عدد اتمی یک عنصر 10 باشد، تعداد پروتون‌های اتم خنثی آن چند است؟","10","9","11","20","A","عدد اتمی برابر تعداد پروتون‌های هسته است؛ بنابراین پاسخ 10 است.","ترنم همدلی","original","1405"
"یازدهم","تجربی","شیمی","شیمی","مفاهیم پایه","اتم و عنصر","ساختار اتم","آسان","اگر عدد اتمی یک عنصر 11 باشد، تعداد پروتون‌های اتم خنثی آن چند است؟","11","10","12","22","A","عدد اتمی برابر تعداد پروتون‌های هسته است؛ بنابراین پاسخ 11 است.","ترنم همدلی","original","1405"
"یازدهم","تجربی","شیمی","شیمی","مفاهیم پایه","اتم و عنصر","ساختار اتم","متوسط","اگر عدد اتمی یک عنصر 12 باشد، تعداد پروتون‌های اتم خنثی آن چند است؟","12","11","13","24","A","عدد اتمی برابر تعداد پروتون‌های هسته است؛ بنابراین پاسخ 12 است.","ترنم همدلی","original","1405"
"یازدهم","تجربی","شیمی","شیمی","مفاهیم پایه","اتم و عنصر","ساختار اتم","متوسط","اگر عدد اتمی یک عنصر 13 باشد، تعداد پروتون‌های اتم خنثی آن چند است؟","13","12","14","26","A","عدد اتمی برابر تعداد پروتون‌های هسته است؛ بنابراین پاسخ 13 است.","ترنم همدلی","original","1405"
"یازدهم","تجربی","شیمی","شیمی","مفاهیم پایه","اتم و عنصر","ساختار اتم","آسان","اگر عدد اتمی یک عنصر 6 باشد، تعداد پروتون‌های اتم خنثی آن چند است؟","6","5","7","12","A","عدد اتمی برابر تعداد پروتون‌های هسته است؛ بنابراین پاسخ 6 است.","ترنم همدلی","original","1405"
"یازدهم","تجربی","شیمی","شیمی","مفاهیم پایه","اتم و عنصر","ساختار اتم","متوسط","اگر عدد اتمی یک عنصر 7 باشد، تعداد پروتون‌های اتم خنثی آن چند است؟","7","6","8","14","A","عدد اتمی برابر تعداد پروتون‌های هسته است؛ بنابراین پاسخ 7 است.","ترنم همدلی","original","1405"
"یازدهم","تجربی","شیمی","شیمی","مفاهیم پایه","اتم و عنصر","ساختار اتم","متوسط","اگر عدد اتمی یک عنصر 8 باشد، تعداد پروتون‌های اتم خنثی آن چند است؟","8","7","9","16","A","عدد اتمی برابر تعداد پروتون‌های هسته است؛ بنابراین پاسخ 8 است.","ترنم همدلی","original","1405"
"یازدهم","تجربی","شیمی","شیمی","مفاهیم پایه","اتم و عنصر","ساختار اتم","آسان","اگر عدد اتمی یک عنصر 9 باشد، تعداد پروتون‌های اتم خنثی آن چند است؟","9","8","10","18","A","عدد اتمی برابر تعداد پروتون‌های هسته است؛ بنابراین پاسخ 9 است.","ترنم همدلی","original","1405"
"یازدهم","تجربی","شیمی","شیمی","مفاهیم پایه","اتم و عنصر","ساختار اتم","متوسط","اگر عدد اتمی یک عنصر 10 باشد، تعداد پروتون‌های اتم خنثی آن چند است؟","10","9","11","20","A","عدد اتمی برابر تعداد پروتون‌های هسته است؛ بنابراین پاسخ 10 است.","ترنم همدلی","original","1405"
"یازدهم","تجربی","شیمی","شیمی","مفاهیم پایه","اتم و عنصر","ساختار اتم","متوسط","اگر عدد اتمی یک عنصر 11 باشد، تعداد پروتون‌های اتم خنثی آن چند است؟","11","10","12","22","A","عدد اتمی برابر تعداد پروتون‌های هسته است؛ بنابراین پاسخ 11 است.","ترنم همدلی","original","1405"
"یازدهم","تجربی","شیمی","شیمی","مفاهیم پایه","اتم و عنصر","ساختار اتم","آسان","اگر عدد اتمی یک عنصر 12 باشد، تعداد پروتون‌های اتم خنثی آن چند است؟","12","11","13","24","A","عدد اتمی برابر تعداد پروتون‌های هسته است؛ بنابراین پاسخ 12 است.","ترنم همدلی","original","1405"
"یازدهم","تجربی","شیمی","شیمی","مفاهیم پایه","اتم و عنصر","ساختار اتم","متوسط","اگر عدد اتمی یک عنصر 13 باشد، تعداد پروتون‌های اتم خنثی آن چند است؟","13","12","14","26","A","عدد اتمی برابر تعداد پروتون‌های هسته است؛ بنابراین پاسخ 13 است.","ترنم همدلی","original","1405"
"یازدهم","تجربی","شیمی","شیمی","مفاهیم پایه","اتم و عنصر","ساختار اتم","متوسط","اگر عدد اتمی یک عنصر 6 باشد، تعداد پروتون‌های اتم خنثی آن چند است؟","6","5","7","12","A","عدد اتمی برابر تعداد پروتون‌های هسته است؛ بنابراین پاسخ 6 است.","ترنم همدلی","original","1405"
"یازدهم","تجربی","شیمی","شیمی","مفاهیم پایه","اتم و عنصر","ساختار اتم","آسان","اگر عدد اتمی یک عنصر 7 باشد، تعداد پروتون‌های اتم خنثی آن چند است؟","7","6","8","14","A","عدد اتمی برابر تعداد پروتون‌های هسته است؛ بنابراین پاسخ 7 است.","ترنم همدلی","original","1405"
"یازدهم","تجربی","شیمی","شیمی","مفاهیم پایه","اتم و عنصر","ساختار اتم","متوسط","اگر عدد اتمی یک عنصر 8 باشد، تعداد پروتون‌های اتم خنثی آن چند است؟","8","7","9","16","A","عدد اتمی برابر تعداد پروتون‌های هسته است؛ بنابراین پاسخ 8 است.","ترنم همدلی","original","1405"
"یازدهم","تجربی","شیمی","شیمی","مفاهیم پایه","اتم و عنصر","ساختار اتم","متوسط","اگر عدد اتمی یک عنصر 9 باشد، تعداد پروتون‌های اتم خنثی آن چند است؟","9","8","10","18","A","عدد اتمی برابر تعداد پروتون‌های هسته است؛ بنابراین پاسخ 9 است.","ترنم همدلی","original","1405"
"یازدهم","تجربی","شیمی","شیمی","مفاهیم پایه","اتم و عنصر","ساختار اتم","آسان","اگر عدد اتمی یک عنصر 10 باشد، تعداد پروتون‌های اتم خنثی آن چند است؟","10","9","11","20","A","عدد اتمی برابر تعداد پروتون‌های هسته است؛ بنابراین پاسخ 10 است.","ترنم همدلی","original","1405"
"یازدهم","تجربی","شیمی","شیمی","مفاهیم پایه","اتم و عنصر","ساختار اتم","متوسط","اگر عدد اتمی یک عنصر 11 باشد، تعداد پروتون‌های اتم خنثی آن چند است؟","11","10","12","22","A","عدد اتمی برابر تعداد پروتون‌های هسته است؛ بنابراین پاسخ 11 است.","ترنم همدلی","original","1405"
"یازدهم","تجربی","شیمی","شیمی","مفاهیم پایه","اتم و عنصر","ساختار اتم","متوسط","اگر عدد اتمی یک عنصر 12 باشد، تعداد پروتون‌های اتم خنثی آن چند است؟","12","11","13","24","A","عدد اتمی برابر تعداد پروتون‌های هسته است؛ بنابراین پاسخ 12 است.","ترنم همدلی","original","1405"
"یازدهم","تجربی","شیمی","شیمی","مفاهیم پایه","اتم و عنصر","ساختار اتم","آسان","اگر عدد اتمی یک عنصر 13 باشد، تعداد پروتون‌های اتم خنثی آن چند است؟","13","12","14","26","A","عدد اتمی برابر تعداد پروتون‌های هسته است؛ بنابراین پاسخ 13 است.","ترنم همدلی","original","1405"
"یازدهم","تجربی","شیمی","شیمی","مفاهیم پایه","اتم و عنصر","ساختار اتم","متوسط","اگر عدد اتمی یک عنصر 6 باشد، تعداد پروتون‌های اتم خنثی آن چند است؟","6","5","7","12","A","عدد اتمی برابر تعداد پروتون‌های هسته است؛ بنابراین پاسخ 6 است.","ترنم همدلی","original","1405"
"یازدهم","تجربی","شیمی","شیمی","مفاهیم پایه","اتم و عنصر","ساختار اتم","متوسط","اگر عدد اتمی یک عنصر 7 باشد، تعداد پروتون‌های اتم خنثی آن چند است؟","7","6","8","14","A","عدد اتمی برابر تعداد پروتون‌های هسته است؛ بنابراین پاسخ 7 است.","ترنم همدلی","original","1405"
"یازدهم","تجربی","شیمی","شیمی","مفاهیم پایه","اتم و عنصر","ساختار اتم","آسان","اگر عدد اتمی یک عنصر 8 باشد، تعداد پروتون‌های اتم خنثی آن چند است؟","8","7","9","16","A","عدد اتمی برابر تعداد پروتون‌های هسته است؛ بنابراین پاسخ 8 است.","ترنم همدلی","original","1405"
"یازدهم","تجربی","شیمی","شیمی","مفاهیم پایه","اتم و عنصر","ساختار اتم","متوسط","اگر عدد اتمی یک عنصر 9 باشد، تعداد پروتون‌های اتم خنثی آن چند است؟","9","8","10","18","A","عدد اتمی برابر تعداد پروتون‌های هسته است؛ بنابراین پاسخ 9 است.","ترنم همدلی","original","1405"
"یازدهم","تجربی","شیمی","شیمی","مفاهیم پایه","اتم و عنصر","ساختار اتم","متوسط","اگر عدد اتمی یک عنصر 10 باشد، تعداد پروتون‌های اتم خنثی آن چند است؟","10","9","11","20","A","عدد اتمی برابر تعداد پروتون‌های هسته است؛ بنابراین پاسخ 10 است.","ترنم همدلی","original","1405"
"یازدهم","تجربی","شیمی","شیمی","مفاهیم پایه","اتم و عنصر","ساختار اتم","آسان","اگر عدد اتمی یک عنصر 11 باشد، تعداد پروتون‌های اتم خنثی آن چند است؟","11","10","12","22","A","عدد اتمی برابر تعداد پروتون‌های هسته است؛ بنابراین پاسخ 11 است.","ترنم همدلی","original","1405"
"یازدهم","تجربی","شیمی","شیمی","مفاهیم پایه","اتم و عنصر","ساختار اتم","متوسط","اگر عدد اتمی یک عنصر 12 باشد، تعداد پروتون‌های اتم خنثی آن چند است؟","12","11","13","24","A","عدد اتمی برابر تعداد پروتون‌های هسته است؛ بنابراین پاسخ 12 است.","ترنم همدلی","original","1405"
"یازدهم","تجربی","شیمی","شیمی","مفاهیم پایه","اتم و عنصر","ساختار اتم","متوسط","اگر عدد اتمی یک عنصر 13 باشد، تعداد پروتون‌های اتم خنثی آن چند است؟","13","12","14","26","A","عدد اتمی برابر تعداد پروتون‌های هسته است؛ بنابراین پاسخ 13 است.","ترنم همدلی","original","1405"
"یازدهم","تجربی","شیمی","شیمی","مفاهیم پایه","اتم و عنصر","ساختار اتم","آسان","اگر عدد اتمی یک عنصر 6 باشد، تعداد پروتون‌های اتم خنثی آن چند است؟","6","5","7","12","A","عدد اتمی برابر تعداد پروتون‌های هسته است؛ بنابراین پاسخ 6 است.","ترنم همدلی","original","1405"
"یازدهم","تجربی","شیمی","شیمی","مفاهیم پایه","اتم و عنصر","ساختار اتم","متوسط","اگر عدد اتمی یک عنصر 7 باشد، تعداد پروتون‌های اتم خنثی آن چند است؟","7","6","8","14","A","عدد اتمی برابر تعداد پروتون‌های هسته است؛ بنابراین پاسخ 7 است.","ترنم همدلی","original","1405"
"یازدهم","تجربی","شیمی","شیمی","مفاهیم پایه","اتم و عنصر","ساختار اتم","متوسط","اگر عدد اتمی یک عنصر 8 باشد، تعداد پروتون‌های اتم خنثی آن چند است؟","8","7","9","16","A","عدد اتمی برابر تعداد پروتون‌های هسته است؛ بنابراین پاسخ 8 است.","ترنم همدلی","original","1405"
"یازدهم","تجربی","شیمی","شیمی","مفاهیم پایه","اتم و عنصر","ساختار اتم","آسان","اگر عدد اتمی یک عنصر 9 باشد، تعداد پروتون‌های اتم خنثی آن چند است؟","9","8","10","18","A","عدد اتمی برابر تعداد پروتون‌های هسته است؛ بنابراین پاسخ 9 است.","ترنم همدلی","original","1405"
"یازدهم","تجربی","شیمی","شیمی","مفاهیم پایه","اتم و عنصر","ساختار اتم","متوسط","اگر عدد اتمی یک عنصر 10 باشد، تعداد پروتون‌های اتم خنثی آن چند است؟","10","9","11","20","A","عدد اتمی برابر تعداد پروتون‌های هسته است؛ بنابراین پاسخ 10 است.","ترنم همدلی","original","1405"
"یازدهم","تجربی","شیمی","شیمی","مفاهیم پایه","اتم و عنصر","ساختار اتم","متوسط","اگر عدد اتمی یک عنصر 11 باشد، تعداد پروتون‌های اتم خنثی آن چند است؟","11","10","12","22","A","عدد اتمی برابر تعداد پروتون‌های هسته است؛ بنابراین پاسخ 11 است.","ترنم همدلی","original","1405"
"یازدهم","تجربی","شیمی","شیمی","مفاهیم پایه","اتم و عنصر","ساختار اتم","آسان","اگر عدد اتمی یک عنصر 12 باشد، تعداد پروتون‌های اتم خنثی آن چند است؟","12","11","13","24","A","عدد اتمی برابر تعداد پروتون‌های هسته است؛ بنابراین پاسخ 12 است.","ترنم همدلی","original","1405"
"یازدهم","تجربی","شیمی","شیمی","مفاهیم پایه","اتم و عنصر","ساختار اتم","متوسط","اگر عدد اتمی یک عنصر 13 باشد، تعداد پروتون‌های اتم خنثی آن چند است؟","13","12","14","26","A","عدد اتمی برابر تعداد پروتون‌های هسته است؛ بنابراین پاسخ 13 است.","ترنم همدلی","original","1405"
"یازدهم","تجربی","شیمی","شیمی","مفاهیم پایه","اتم و عنصر","ساختار اتم","متوسط","اگر عدد اتمی یک عنصر 6 باشد، تعداد پروتون‌های اتم خنثی آن چند است؟","6","5","7","12","A","عدد اتمی برابر تعداد پروتون‌های هسته است؛ بنابراین پاسخ 6 است.","ترنم همدلی","original","1405"
"یازدهم","تجربی","شیمی","شیمی","مفاهیم پایه","اتم و عنصر","ساختار اتم","آسان","اگر عدد اتمی یک عنصر 7 باشد، تعداد پروتون‌های اتم خنثی آن چند است؟","7","6","8","14","A","عدد اتمی برابر تعداد پروتون‌های هسته است؛ بنابراین پاسخ 7 است.","ترنم همدلی","original","1405"
"یازدهم","تجربی","شیمی","شیمی","مفاهیم پایه","اتم و عنصر","ساختار اتم","متوسط","اگر عدد اتمی یک عنصر 8 باشد، تعداد پروتون‌های اتم خنثی آن چند است؟","8","7","9","16","A","عدد اتمی برابر تعداد پروتون‌های هسته است؛ بنابراین پاسخ 8 است.","ترنم همدلی","original","1405"
"یازدهم","تجربی","شیمی","شیمی","مفاهیم پایه","اتم و عنصر","ساختار اتم","متوسط","اگر عدد اتمی یک عنصر 9 باشد، تعداد پروتون‌های اتم خنثی آن چند است؟","9","8","10","18","A","عدد اتمی برابر تعداد پروتون‌های هسته است؛ بنابراین پاسخ 9 است.","ترنم همدلی","original","1405"
"یازدهم","تجربی","شیمی","شیمی","مفاهیم پایه","اتم و عنصر","ساختار اتم","آسان","اگر عدد اتمی یک عنصر 10 باشد، تعداد پروتون‌های اتم خنثی آن چند است؟","10","9","11","20","A","عدد اتمی برابر تعداد پروتون‌های هسته است؛ بنابراین پاسخ 10 است.","ترنم همدلی","original","1405"
"یازدهم","تجربی","شیمی","شیمی","مفاهیم پایه","اتم و عنصر","ساختار اتم","متوسط","اگر عدد اتمی یک عنصر 11 باشد، تعداد پروتون‌های اتم خنثی آن چند است؟","11","10","12","22","A","عدد اتمی برابر تعداد پروتون‌های هسته است؛ بنابراین پاسخ 11 است.","ترنم همدلی","original","1405"
"یازدهم","تجربی","شیمی","شیمی","مفاهیم پایه","اتم و عنصر","ساختار اتم","متوسط","اگر عدد اتمی یک عنصر 12 باشد، تعداد پروتون‌های اتم خنثی آن چند است؟","12","11","13","24","A","عدد اتمی برابر تعداد پروتون‌های هسته است؛ بنابراین پاسخ 12 است.","ترنم همدلی","original","1405"
"یازدهم","تجربی","شیمی","شیمی","مفاهیم پایه","اتم و عنصر","ساختار اتم","آسان","اگر عدد اتمی یک عنصر 13 باشد، تعداد پروتون‌های اتم خنثی آن چند است؟","13","12","14","26","A","عدد اتمی برابر تعداد پروتون‌های هسته است؛ بنابراین پاسخ 13 است.","ترنم همدلی","original","1405"
"یازدهم","تجربی","شیمی","شیمی","مفاهیم پایه","اتم و عنصر","ساختار اتم","متوسط","اگر عدد اتمی یک عنصر 6 باشد، تعداد پروتون‌های اتم خنثی آن چند است؟","6","5","7","12","A","عدد اتمی برابر تعداد پروتون‌های هسته است؛ بنابراین پاسخ 6 است.","ترنم همدلی","original","1405"
"یازدهم","تجربی","شیمی","شیمی","مفاهیم پایه","اتم و عنصر","ساختار اتم","متوسط","اگر عدد اتمی یک عنصر 7 باشد، تعداد پروتون‌های اتم خنثی آن چند است؟","7","6","8","14","A","عدد اتمی برابر تعداد پروتون‌های هسته است؛ بنابراین پاسخ 7 است.","ترنم همدلی","original","1405"
"یازدهم","تجربی","شیمی","شیمی","مفاهیم پایه","اتم و عنصر","ساختار اتم","آسان","اگر عدد اتمی یک عنصر 8 باشد، تعداد پروتون‌های اتم خنثی آن چند است؟","8","7","9","16","A","عدد اتمی برابر تعداد پروتون‌های هسته است؛ بنابراین پاسخ 8 است.","ترنم همدلی","original","1405"
"یازدهم","تجربی","شیمی","شیمی","مفاهیم پایه","اتم و عنصر","ساختار اتم","متوسط","اگر عدد اتمی یک عنصر 9 باشد، تعداد پروتون‌های اتم خنثی آن چند است؟","9","8","10","18","A","عدد اتمی برابر تعداد پروتون‌های هسته است؛ بنابراین پاسخ 9 است.","ترنم همدلی","original","1405"
"یازدهم","تجربی","شیمی","شیمی","مفاهیم پایه","اتم و عنصر","ساختار اتم","متوسط","اگر عدد اتمی یک عنصر 10 باشد، تعداد پروتون‌های اتم خنثی آن چند است؟","10","9","11","20","A","عدد اتمی برابر تعداد پروتون‌های هسته است؛ بنابراین پاسخ 10 است.","ترنم همدلی","original","1405"
"یازدهم","تجربی","شیمی","شیمی","مفاهیم پایه","اتم و عنصر","ساختار اتم","آسان","اگر عدد اتمی یک عنصر 11 باشد، تعداد پروتون‌های اتم خنثی آن چند است؟","11","10","12","22","A","عدد اتمی برابر تعداد پروتون‌های هسته است؛ بنابراین پاسخ 11 است.","ترنم همدلی","original","1405"
"یازدهم","تجربی","شیمی","شیمی","مفاهیم پایه","اتم و عنصر","ساختار اتم","متوسط","اگر عدد اتمی یک عنصر 12 باشد، تعداد پروتون‌های اتم خنثی آن چند است؟","12","11","13","24","A","عدد اتمی برابر تعداد پروتون‌های هسته است؛ بنابراین پاسخ 12 است.","ترنم همدلی","original","1405"
"یازدهم","تجربی","شیمی","شیمی","مفاهیم پایه","اتم و عنصر","ساختار اتم","متوسط","اگر عدد اتمی یک عنصر 13 باشد، تعداد پروتون‌های اتم خنثی آن چند است؟","13","12","14","26","A","عدد اتمی برابر تعداد پروتون‌های هسته است؛ بنابراین پاسخ 13 است.","ترنم همدلی","original","1405"
"یازدهم","تجربی","شیمی","شیمی","مفاهیم پایه","اتم و عنصر","ساختار اتم","آسان","اگر عدد اتمی یک عنصر 6 باشد، تعداد پروتون‌های اتم خنثی آن چند است؟","6","5","7","12","A","عدد اتمی برابر تعداد پروتون‌های هسته است؛ بنابراین پاسخ 6 است.","ترنم همدلی","original","1405"
"یازدهم","تجربی","شیمی","شیمی","مفاهیم پایه","اتم و عنصر","ساختار اتم","متوسط","اگر عدد اتمی یک عنصر 7 باشد، تعداد پروتون‌های اتم خنثی آن چند است؟","7","6","8","14","A","عدد اتمی برابر تعداد پروتون‌های هسته است؛ بنابراین پاسخ 7 است.","ترنم همدلی","original","1405"
"یازدهم","تجربی","شیمی","شیمی","مفاهیم پایه","اتم و عنصر","ساختار اتم","متوسط","اگر عدد اتمی یک عنصر 8 باشد، تعداد پروتون‌های اتم خنثی آن چند است؟","8","7","9","16","A","عدد اتمی برابر تعداد پروتون‌های هسته است؛ بنابراین پاسخ 8 است.","ترنم همدلی","original","1405"
"یازدهم","تجربی","شیمی","شیمی","مفاهیم پایه","اتم و عنصر","ساختار اتم","آسان","اگر عدد اتمی یک عنصر 9 باشد، تعداد پروتون‌های اتم خنثی آن چند است؟","9","8","10","18","A","عدد اتمی برابر تعداد پروتون‌های هسته است؛ بنابراین پاسخ 9 است.","ترنم همدلی","original","1405"
"یازدهم","تجربی","شیمی","شیمی","مفاهیم پایه","اتم و عنصر","ساختار اتم","متوسط","اگر عدد اتمی یک عنصر 10 باشد، تعداد پروتون‌های اتم خنثی آن چند است؟","10","9","11","20","A","عدد اتمی برابر تعداد پروتون‌های هسته است؛ بنابراین پاسخ 10 است.","ترنم همدلی","original","1405"
"یازدهم","تجربی","شیمی","شیمی","مفاهیم پایه","اتم و عنصر","ساختار اتم","متوسط","اگر عدد اتمی یک عنصر 11 باشد، تعداد پروتون‌های اتم خنثی آن چند است؟","11","10","12","22","A","عدد اتمی برابر تعداد پروتون‌های هسته است؛ بنابراین پاسخ 11 است.","ترنم همدلی","original","1405"
"یازدهم","تجربی","شیمی","شیمی","مفاهیم پایه","اتم و عنصر","ساختار اتم","آسان","اگر عدد اتمی یک عنصر 12 باشد، تعداد پروتون‌های اتم خنثی آن چند است؟","12","11","13","24","A","عدد اتمی برابر تعداد پروتون‌های هسته است؛ بنابراین پاسخ 12 است.","ترنم همدلی","original","1405"
"یازدهم","تجربی","شیمی","شیمی","مفاهیم پایه","اتم و عنصر","ساختار اتم","متوسط","اگر عدد اتمی یک عنصر 13 باشد، تعداد پروتون‌های اتم خنثی آن چند است؟","13","12","14","26","A","عدد اتمی برابر تعداد پروتون‌های هسته است؛ بنابراین پاسخ 13 است.","ترنم همدلی","original","1405"
"یازدهم","تجربی","شیمی","شیمی","مفاهیم پایه","اتم و عنصر","ساختار اتم","متوسط","اگر عدد اتمی یک عنصر 6 باشد، تعداد پروتون‌های اتم خنثی آن چند است؟","6","5","7","12","A","عدد اتمی برابر تعداد پروتون‌های هسته است؛ بنابراین پاسخ 6 است.","ترنم همدلی","original","1405"
"یازدهم","تجربی","شیمی","شیمی","مفاهیم پایه","اتم و عنصر","ساختار اتم","آسان","اگر عدد اتمی یک عنصر 7 باشد، تعداد پروتون‌های اتم خنثی آن چند است؟","7","6","8","14","A","عدد اتمی برابر تعداد پروتون‌های هسته است؛ بنابراین پاسخ 7 است.","ترنم همدلی","original","1405"
"یازدهم","تجربی","شیمی","شیمی","مفاهیم پایه","اتم و عنصر","ساختار اتم","متوسط","اگر عدد اتمی یک عنصر 8 باشد، تعداد پروتون‌های اتم خنثی آن چند است؟","8","7","9","16","A","عدد اتمی برابر تعداد پروتون‌های هسته است؛ بنابراین پاسخ 8 است.","ترنم همدلی","original","1405"
"یازدهم","تجربی","شیمی","شیمی","مفاهیم پایه","اتم و عنصر","ساختار اتم","متوسط","اگر عدد اتمی یک عنصر 9 باشد، تعداد پروتون‌های اتم خنثی آن چند است؟","9","8","10","18","A","عدد اتمی برابر تعداد پروتون‌های هسته است؛ بنابراین پاسخ 9 است.","ترنم همدلی","original","1405"
"یازدهم","تجربی","شیمی","شیمی","مفاهیم پایه","اتم و عنصر","ساختار اتم","آسان","اگر عدد اتمی یک عنصر 10 باشد، تعداد پروتون‌های اتم خنثی آن چند است؟","10","9","11","20","A","عدد اتمی برابر تعداد پروتون‌های هسته است؛ بنابراین پاسخ 10 است.","ترنم همدلی","original","1405"
"یازدهم","تجربی","شیمی","شیمی","مفاهیم پایه","اتم و عنصر","ساختار اتم","متوسط","اگر عدد اتمی یک عنصر 11 باشد، تعداد پروتون‌های اتم خنثی آن چند است؟","11","10","12","22","A","عدد اتمی برابر تعداد پروتون‌های هسته است؛ بنابراین پاسخ 11 است.","ترنم همدلی","original","1405"
"یازدهم","تجربی","شیمی","شیمی","مفاهیم پایه","اتم و عنصر","ساختار اتم","متوسط","اگر عدد اتمی یک عنصر 12 باشد، تعداد پروتون‌های اتم خنثی آن چند است؟","12","11","13","24","A","عدد اتمی برابر تعداد پروتون‌های هسته است؛ بنابراین پاسخ 12 است.","ترنم همدلی","original","1405"
"یازدهم","تجربی","شیمی","شیمی","مفاهیم پایه","اتم و عنصر","ساختار اتم","آسان","اگر عدد اتمی یک عنصر 13 باشد، تعداد پروتون‌های اتم خنثی آن چند است؟","13","12","14","26","A","عدد اتمی برابر تعداد پروتون‌های هسته است؛ بنابراین پاسخ 13 است.","ترنم همدلی","original","1405"
"یازدهم","تجربی","شیمی","شیمی","مفاهیم پایه","اتم و عنصر","ساختار اتم","متوسط","اگر عدد اتمی یک عنصر 6 باشد، تعداد پروتون‌های اتم خنثی آن چند است؟","6","5","7","12","A","عدد اتمی برابر تعداد پروتون‌های هسته است؛ بنابراین پاسخ 6 است.","ترنم همدلی","original","1405"
"یازدهم","تجربی","شیمی","شیمی","مفاهیم پایه","اتم و عنصر","ساختار اتم","متوسط","اگر عدد اتمی یک عنصر 7 باشد، تعداد پروتون‌های اتم خنثی آن چند است؟","7","6","8","14","A","عدد اتمی برابر تعداد پروتون‌های هسته است؛ بنابراین پاسخ 7 است.","ترنم همدلی","original","1405"
"یازدهم","تجربی","شیمی","شیمی","مفاهیم پایه","اتم و عنصر","ساختار اتم","آسان","اگر عدد اتمی یک عنصر 8 باشد، تعداد پروتون‌های اتم خنثی آن چند است؟","8","7","9","16","A","عدد اتمی برابر تعداد پروتون‌های هسته است؛ بنابراین پاسخ 8 است.","ترنم همدلی","original","1405"
"یازدهم","تجربی","شیمی","شیمی","مفاهیم پایه","اتم و عنصر","ساختار اتم","متوسط","اگر عدد اتمی یک عنصر 9 باشد، تعداد پروتون‌های اتم خنثی آن چند است؟","9","8","10","18","A","عدد اتمی برابر تعداد پروتون‌های هسته است؛ بنابراین پاسخ 9 است.","ترنم همدلی","original","1405"
"یازدهم","تجربی","شیمی","شیمی","مفاهیم پایه","اتم و عنصر","ساختار اتم","متوسط","اگر عدد اتمی یک عنصر 10 باشد، تعداد پروتون‌های اتم خنثی آن چند است؟","10","9","11","20","A","عدد اتمی برابر تعداد پروتون‌های هسته است؛ بنابراین پاسخ 10 است.","ترنم همدلی","original","1405"
"یازدهم","تجربی","شیمی","شیمی","مفاهیم پایه","اتم و عنصر","ساختار اتم","آسان","اگر عدد اتمی یک عنصر 11 باشد، تعداد پروتون‌های اتم خنثی آن چند است؟","11","10","12","22","A","عدد اتمی برابر تعداد پروتون‌های هسته است؛ بنابراین پاسخ 11 است.","ترنم همدلی","original","1405"
"یازدهم","تجربی","شیمی","شیمی","مفاهیم پایه","اتم و عنصر","ساختار اتم","متوسط","اگر عدد اتمی یک عنصر 12 باشد، تعداد پروتون‌های اتم خنثی آن چند است؟","12","11","13","24","A","عدد اتمی برابر تعداد پروتون‌های هسته است؛ بنابراین پاسخ 12 است.","ترنم همدلی","original","1405"
"یازدهم","تجربی","شیمی","شیمی","مفاهیم پایه","اتم و عنصر","ساختار اتم","متوسط","اگر عدد اتمی یک عنصر 13 باشد، تعداد پروتون‌های اتم خنثی آن چند است؟","13","12","14","26","A","عدد اتمی برابر تعداد پروتون‌های هسته است؛ بنابراین پاسخ 13 است.","ترنم همدلی","original","1405"
"یازدهم","تجربی","شیمی","شیمی","مفاهیم پایه","اتم و عنصر","ساختار اتم","آسان","اگر عدد اتمی یک عنصر 6 باشد، تعداد پروتون‌های اتم خنثی آن چند است؟","6","5","7","12","A","عدد اتمی برابر تعداد پروتون‌های هسته است؛ بنابراین پاسخ 6 است.","ترنم همدلی","original","1405"
"یازدهم","تجربی","شیمی","شیمی","مفاهیم پایه","اتم و عنصر","ساختار اتم","متوسط","اگر عدد اتمی یک عنصر 7 باشد، تعداد پروتون‌های اتم خنثی آن چند است؟","7","6","8","14","A","عدد اتمی برابر تعداد پروتون‌های هسته است؛ بنابراین پاسخ 7 است.","ترنم همدلی","original","1405"
"یازدهم","تجربی","شیمی","شیمی","مفاهیم پایه","اتم و عنصر","ساختار اتم","متوسط","اگر عدد اتمی یک عنصر 8 باشد، تعداد پروتون‌های اتم خنثی آن چند است؟","8","7","9","16","A","عدد اتمی برابر تعداد پروتون‌های هسته است؛ بنابراین پاسخ 8 است.","ترنم همدلی","original","1405"
"یازدهم","تجربی","شیمی","شیمی","مفاهیم پایه","اتم و عنصر","ساختار اتم","آسان","اگر عدد اتمی یک عنصر 9 باشد، تعداد پروتون‌های اتم خنثی آن چند است؟","9","8","10","18","A","عدد اتمی برابر تعداد پروتون‌های هسته است؛ بنابراین پاسخ 9 است.","ترنم همدلی","original","1405"
"دوازدهم","تجربی","شیمی","شیمی","مفاهیم پایه","اتم و عنصر","ساختار اتم","آسان","اگر عدد اتمی یک عنصر 6 باشد، تعداد پروتون‌های اتم خنثی آن چند است؟","6","5","7","12","A","عدد اتمی برابر تعداد پروتون‌های هسته است؛ بنابراین پاسخ 6 است.","ترنم همدلی","original","1405"
"دوازدهم","تجربی","شیمی","شیمی","مفاهیم پایه","اتم و عنصر","ساختار اتم","متوسط","اگر عدد اتمی یک عنصر 7 باشد، تعداد پروتون‌های اتم خنثی آن چند است؟","7","6","8","14","A","عدد اتمی برابر تعداد پروتون‌های هسته است؛ بنابراین پاسخ 7 است.","ترنم همدلی","original","1405"
"دوازدهم","تجربی","شیمی","شیمی","مفاهیم پایه","اتم و عنصر","ساختار اتم","متوسط","اگر عدد اتمی یک عنصر 8 باشد، تعداد پروتون‌های اتم خنثی آن چند است؟","8","7","9","16","A","عدد اتمی برابر تعداد پروتون‌های هسته است؛ بنابراین پاسخ 8 است.","ترنم همدلی","original","1405"
"دوازدهم","تجربی","شیمی","شیمی","مفاهیم پایه","اتم و عنصر","ساختار اتم","آسان","اگر عدد اتمی یک عنصر 9 باشد، تعداد پروتون‌های اتم خنثی آن چند است؟","9","8","10","18","A","عدد اتمی برابر تعداد پروتون‌های هسته است؛ بنابراین پاسخ 9 است.","ترنم همدلی","original","1405"
"دوازدهم","تجربی","شیمی","شیمی","مفاهیم پایه","اتم و عنصر","ساختار اتم","متوسط","اگر عدد اتمی یک عنصر 10 باشد، تعداد پروتون‌های اتم خنثی آن چند است؟","10","9","11","20","A","عدد اتمی برابر تعداد پروتون‌های هسته است؛ بنابراین پاسخ 10 است.","ترنم همدلی","original","1405"
"دوازدهم","تجربی","شیمی","شیمی","مفاهیم پایه","اتم و عنصر","ساختار اتم","متوسط","اگر عدد اتمی یک عنصر 11 باشد، تعداد پروتون‌های اتم خنثی آن چند است؟","11","10","12","22","A","عدد اتمی برابر تعداد پروتون‌های هسته است؛ بنابراین پاسخ 11 است.","ترنم همدلی","original","1405"
"دوازدهم","تجربی","شیمی","شیمی","مفاهیم پایه","اتم و عنصر","ساختار اتم","آسان","اگر عدد اتمی یک عنصر 12 باشد، تعداد پروتون‌های اتم خنثی آن چند است؟","12","11","13","24","A","عدد اتمی برابر تعداد پروتون‌های هسته است؛ بنابراین پاسخ 12 است.","ترنم همدلی","original","1405"
"دوازدهم","تجربی","شیمی","شیمی","مفاهیم پایه","اتم و عنصر","ساختار اتم","متوسط","اگر عدد اتمی یک عنصر 13 باشد، تعداد پروتون‌های اتم خنثی آن چند است؟","13","12","14","26","A","عدد اتمی برابر تعداد پروتون‌های هسته است؛ بنابراین پاسخ 13 است.","ترنم همدلی","original","1405"
"دوازدهم","تجربی","شیمی","شیمی","مفاهیم پایه","اتم و عنصر","ساختار اتم","متوسط","اگر عدد اتمی یک عنصر 6 باشد، تعداد پروتون‌های اتم خنثی آن چند است؟","6","5","7","12","A","عدد اتمی برابر تعداد پروتون‌های هسته است؛ بنابراین پاسخ 6 است.","ترنم همدلی","original","1405"
"دوازدهم","تجربی","شیمی","شیمی","مفاهیم پایه","اتم و عنصر","ساختار اتم","آسان","اگر عدد اتمی یک عنصر 7 باشد، تعداد پروتون‌های اتم خنثی آن چند است؟","7","6","8","14","A","عدد اتمی برابر تعداد پروتون‌های هسته است؛ بنابراین پاسخ 7 است.","ترنم همدلی","original","1405"
"دوازدهم","تجربی","شیمی","شیمی","مفاهیم پایه","اتم و عنصر","ساختار اتم","متوسط","اگر عدد اتمی یک عنصر 8 باشد، تعداد پروتون‌های اتم خنثی آن چند است؟","8","7","9","16","A","عدد اتمی برابر تعداد پروتون‌های هسته است؛ بنابراین پاسخ 8 است.","ترنم همدلی","original","1405"
"دوازدهم","تجربی","شیمی","شیمی","مفاهیم پایه","اتم و عنصر","ساختار اتم","متوسط","اگر عدد اتمی یک عنصر 9 باشد، تعداد پروتون‌های اتم خنثی آن چند است؟","9","8","10","18","A","عدد اتمی برابر تعداد پروتون‌های هسته است؛ بنابراین پاسخ 9 است.","ترنم همدلی","original","1405"
"دوازدهم","تجربی","شیمی","شیمی","مفاهیم پایه","اتم و عنصر","ساختار اتم","آسان","اگر عدد اتمی یک عنصر 10 باشد، تعداد پروتون‌های اتم خنثی آن چند است؟","10","9","11","20","A","عدد اتمی برابر تعداد پروتون‌های هسته است؛ بنابراین پاسخ 10 است.","ترنم همدلی","original","1405"
"دوازدهم","تجربی","شیمی","شیمی","مفاهیم پایه","اتم و عنصر","ساختار اتم","متوسط","اگر عدد اتمی یک عنصر 11 باشد، تعداد پروتون‌های اتم خنثی آن چند است؟","11","10","12","22","A","عدد اتمی برابر تعداد پروتون‌های هسته است؛ بنابراین پاسخ 11 است.","ترنم همدلی","original","1405"
"دوازدهم","تجربی","شیمی","شیمی","مفاهیم پایه","اتم و عنصر","ساختار اتم","متوسط","اگر عدد اتمی یک عنصر 12 باشد، تعداد پروتون‌های اتم خنثی آن چند است؟","12","11","13","24","A","عدد اتمی برابر تعداد پروتون‌های هسته است؛ بنابراین پاسخ 12 است.","ترنم همدلی","original","1405"
"دوازدهم","تجربی","شیمی","شیمی","مفاهیم پایه","اتم و عنصر","ساختار اتم","آسان","اگر عدد اتمی یک عنصر 13 باشد، تعداد پروتون‌های اتم خنثی آن چند است؟","13","12","14","26","A","عدد اتمی برابر تعداد پروتون‌های هسته است؛ بنابراین پاسخ 13 است.","ترنم همدلی","original","1405"
"دوازدهم","تجربی","شیمی","شیمی","مفاهیم پایه","اتم و عنصر","ساختار اتم","متوسط","اگر عدد اتمی یک عنصر 6 باشد، تعداد پروتون‌های اتم خنثی آن چند است؟","6","5","7","12","A","عدد اتمی برابر تعداد پروتون‌های هسته است؛ بنابراین پاسخ 6 است.","ترنم همدلی","original","1405"
"دوازدهم","تجربی","شیمی","شیمی","مفاهیم پایه","اتم و عنصر","ساختار اتم","متوسط","اگر عدد اتمی یک عنصر 7 باشد، تعداد پروتون‌های اتم خنثی آن چند است؟","7","6","8","14","A","عدد اتمی برابر تعداد پروتون‌های هسته است؛ بنابراین پاسخ 7 است.","ترنم همدلی","original","1405"
"دوازدهم","تجربی","شیمی","شیمی","مفاهیم پایه","اتم و عنصر","ساختار اتم","آسان","اگر عدد اتمی یک عنصر 8 باشد، تعداد پروتون‌های اتم خنثی آن چند است؟","8","7","9","16","A","عدد اتمی برابر تعداد پروتون‌های هسته است؛ بنابراین پاسخ 8 است.","ترنم همدلی","original","1405"
"دوازدهم","تجربی","شیمی","شیمی","مفاهیم پایه","اتم و عنصر","ساختار اتم","متوسط","اگر عدد اتمی یک عنصر 9 باشد، تعداد پروتون‌های اتم خنثی آن چند است؟","9","8","10","18","A","عدد اتمی برابر تعداد پروتون‌های هسته است؛ بنابراین پاسخ 9 است.","ترنم همدلی","original","1405"
"دوازدهم","تجربی","شیمی","شیمی","مفاهیم پایه","اتم و عنصر","ساختار اتم","متوسط","اگر عدد اتمی یک عنصر 10 باشد، تعداد پروتون‌های اتم خنثی آن چند است؟","10","9","11","20","A","عدد اتمی برابر تعداد پروتون‌های هسته است؛ بنابراین پاسخ 10 است.","ترنم همدلی","original","1405"
"دوازدهم","تجربی","شیمی","شیمی","مفاهیم پایه","اتم و عنصر","ساختار اتم","آسان","اگر عدد اتمی یک عنصر 11 باشد، تعداد پروتون‌های اتم خنثی آن چند است؟","11","10","12","22","A","عدد اتمی برابر تعداد پروتون‌های هسته است؛ بنابراین پاسخ 11 است.","ترنم همدلی","original","1405"
"دوازدهم","تجربی","شیمی","شیمی","مفاهیم پایه","اتم و عنصر","ساختار اتم","متوسط","اگر عدد اتمی یک عنصر 12 باشد، تعداد پروتون‌های اتم خنثی آن چند است؟","12","11","13","24","A","عدد اتمی برابر تعداد پروتون‌های هسته است؛ بنابراین پاسخ 12 است.","ترنم همدلی","original","1405"
"دوازدهم","تجربی","شیمی","شیمی","مفاهیم پایه","اتم و عنصر","ساختار اتم","متوسط","اگر عدد اتمی یک عنصر 13 باشد، تعداد پروتون‌های اتم خنثی آن چند است؟","13","12","14","26","A","عدد اتمی برابر تعداد پروتون‌های هسته است؛ بنابراین پاسخ 13 است.","ترنم همدلی","original","1405"
"دوازدهم","تجربی","شیمی","شیمی","مفاهیم پایه","اتم و عنصر","ساختار اتم","آسان","اگر عدد اتمی یک عنصر 6 باشد، تعداد پروتون‌های اتم خنثی آن چند است؟","6","5","7","12","A","عدد اتمی برابر تعداد پروتون‌های هسته است؛ بنابراین پاسخ 6 است.","ترنم همدلی","original","1405"
"دوازدهم","تجربی","شیمی","شیمی","مفاهیم پایه","اتم و عنصر","ساختار اتم","متوسط","اگر عدد اتمی یک عنصر 7 باشد، تعداد پروتون‌های اتم خنثی آن چند است؟","7","6","8","14","A","عدد اتمی برابر تعداد پروتون‌های هسته است؛ بنابراین پاسخ 7 است.","ترنم همدلی","original","1405"
"دوازدهم","تجربی","شیمی","شیمی","مفاهیم پایه","اتم و عنصر","ساختار اتم","متوسط","اگر عدد اتمی یک عنصر 8 باشد، تعداد پروتون‌های اتم خنثی آن چند است؟","8","7","9","16","A","عدد اتمی برابر تعداد پروتون‌های هسته است؛ بنابراین پاسخ 8 است.","ترنم همدلی","original","1405"
"دوازدهم","تجربی","شیمی","شیمی","مفاهیم پایه","اتم و عنصر","ساختار اتم","آسان","اگر عدد اتمی یک عنصر 9 باشد، تعداد پروتون‌های اتم خنثی آن چند است؟","9","8","10","18","A","عدد اتمی برابر تعداد پروتون‌های هسته است؛ بنابراین پاسخ 9 است.","ترنم همدلی","original","1405"
"دوازدهم","تجربی","شیمی","شیمی","مفاهیم پایه","اتم و عنصر","ساختار اتم","متوسط","اگر عدد اتمی یک عنصر 10 باشد، تعداد پروتون‌های اتم خنثی آن چند است؟","10","9","11","20","A","عدد اتمی برابر تعداد پروتون‌های هسته است؛ بنابراین پاسخ 10 است.","ترنم همدلی","original","1405"
"دوازدهم","تجربی","شیمی","شیمی","مفاهیم پایه","اتم و عنصر","ساختار اتم","متوسط","اگر عدد اتمی یک عنصر 11 باشد، تعداد پروتون‌های اتم خنثی آن چند است؟","11","10","12","22","A","عدد اتمی برابر تعداد پروتون‌های هسته است؛ بنابراین پاسخ 11 است.","ترنم همدلی","original","1405"
"دوازدهم","تجربی","شیمی","شیمی","مفاهیم پایه","اتم و عنصر","ساختار اتم","آسان","اگر عدد اتمی یک عنصر 12 باشد، تعداد پروتون‌های اتم خنثی آن چند است؟","12","11","13","24","A","عدد اتمی برابر تعداد پروتون‌های هسته است؛ بنابراین پاسخ 12 است.","ترنم همدلی","original","1405"
"دوازدهم","تجربی","شیمی","شیمی","مفاهیم پایه","اتم و عنصر","ساختار اتم","متوسط","اگر عدد اتمی یک عنصر 13 باشد، تعداد پروتون‌های اتم خنثی آن چند است؟","13","12","14","26","A","عدد اتمی برابر تعداد پروتون‌های هسته است؛ بنابراین پاسخ 13 است.","ترنم همدلی","original","1405"
"دوازدهم","تجربی","شیمی","شیمی","مفاهیم پایه","اتم و عنصر","ساختار اتم","متوسط","اگر عدد اتمی یک عنصر 6 باشد، تعداد پروتون‌های اتم خنثی آن چند است؟","6","5","7","12","A","عدد اتمی برابر تعداد پروتون‌های هسته است؛ بنابراین پاسخ 6 است.","ترنم همدلی","original","1405"
"دوازدهم","تجربی","شیمی","شیمی","مفاهیم پایه","اتم و عنصر","ساختار اتم","آسان","اگر عدد اتمی یک عنصر 7 باشد، تعداد پروتون‌های اتم خنثی آن چند است؟","7","6","8","14","A","عدد اتمی برابر تعداد پروتون‌های هسته است؛ بنابراین پاسخ 7 است.","ترنم همدلی","original","1405"
"دوازدهم","تجربی","شیمی","شیمی","مفاهیم پایه","اتم و عنصر","ساختار اتم","متوسط","اگر عدد اتمی یک عنصر 8 باشد، تعداد پروتون‌های اتم خنثی آن چند است؟","8","7","9","16","A","عدد اتمی برابر تعداد پروتون‌های هسته است؛ بنابراین پاسخ 8 است.","ترنم همدلی","original","1405"
"دوازدهم","تجربی","شیمی","شیمی","مفاهیم پایه","اتم و عنصر","ساختار اتم","متوسط","اگر عدد اتمی یک عنصر 9 باشد، تعداد پروتون‌های اتم خنثی آن چند است؟","9","8","10","18","A","عدد اتمی برابر تعداد پروتون‌های هسته است؛ بنابراین پاسخ 9 است.","ترنم همدلی","original","1405"
"دوازدهم","تجربی","شیمی","شیمی","مفاهیم پایه","اتم و عنصر","ساختار اتم","آسان","اگر عدد اتمی یک عنصر 10 باشد، تعداد پروتون‌های اتم خنثی آن چند است؟","10","9","11","20","A","عدد اتمی برابر تعداد پروتون‌های هسته است؛ بنابراین پاسخ 10 است.","ترنم همدلی","original","1405"
"دوازدهم","تجربی","شیمی","شیمی","مفاهیم پایه","اتم و عنصر","ساختار اتم","متوسط","اگر عدد اتمی یک عنصر 11 باشد، تعداد پروتون‌های اتم خنثی آن چند است؟","11","10","12","22","A","عدد اتمی برابر تعداد پروتون‌های هسته است؛ بنابراین پاسخ 11 است.","ترنم همدلی","original","1405"
"دوازدهم","تجربی","شیمی","شیمی","مفاهیم پایه","اتم و عنصر","ساختار اتم","متوسط","اگر عدد اتمی یک عنصر 12 باشد، تعداد پروتون‌های اتم خنثی آن چند است؟","12","11","13","24","A","عدد اتمی برابر تعداد پروتون‌های هسته است؛ بنابراین پاسخ 12 است.","ترنم همدلی","original","1405"
"دوازدهم","تجربی","شیمی","شیمی","مفاهیم پایه","اتم و عنصر","ساختار اتم","آسان","اگر عدد اتمی یک عنصر 13 باشد، تعداد پروتون‌های اتم خنثی آن چند است؟","13","12","14","26","A","عدد اتمی برابر تعداد پروتون‌های هسته است؛ بنابراین پاسخ 13 است.","ترنم همدلی","original","1405"
"دوازدهم","تجربی","شیمی","شیمی","مفاهیم پایه","اتم و عنصر","ساختار اتم","متوسط","اگر عدد اتمی یک عنصر 6 باشد، تعداد پروتون‌های اتم خنثی آن چند است؟","6","5","7","12","A","عدد اتمی برابر تعداد پروتون‌های هسته است؛ بنابراین پاسخ 6 است.","ترنم همدلی","original","1405"
"دوازدهم","تجربی","شیمی","شیمی","مفاهیم پایه","اتم و عنصر","ساختار اتم","متوسط","اگر عدد اتمی یک عنصر 7 باشد، تعداد پروتون‌های اتم خنثی آن چند است؟","7","6","8","14","A","عدد اتمی برابر تعداد پروتون‌های هسته است؛ بنابراین پاسخ 7 است.","ترنم همدلی","original","1405"
"دوازدهم","تجربی","شیمی","شیمی","مفاهیم پایه","اتم و عنصر","ساختار اتم","آسان","اگر عدد اتمی یک عنصر 8 باشد، تعداد پروتون‌های اتم خنثی آن چند است؟","8","7","9","16","A","عدد اتمی برابر تعداد پروتون‌های هسته است؛ بنابراین پاسخ 8 است.","ترنم همدلی","original","1405"
"دوازدهم","تجربی","شیمی","شیمی","مفاهیم پایه","اتم و عنصر","ساختار اتم","متوسط","اگر عدد اتمی یک عنصر 9 باشد، تعداد پروتون‌های اتم خنثی آن چند است؟","9","8","10","18","A","عدد اتمی برابر تعداد پروتون‌های هسته است؛ بنابراین پاسخ 9 است.","ترنم همدلی","original","1405"
"دوازدهم","تجربی","شیمی","شیمی","مفاهیم پایه","اتم و عنصر","ساختار اتم","متوسط","اگر عدد اتمی یک عنصر 10 باشد، تعداد پروتون‌های اتم خنثی آن چند است؟","10","9","11","20","A","عدد اتمی برابر تعداد پروتون‌های هسته است؛ بنابراین پاسخ 10 است.","ترنم همدلی","original","1405"
"دوازدهم","تجربی","شیمی","شیمی","مفاهیم پایه","اتم و عنصر","ساختار اتم","آسان","اگر عدد اتمی یک عنصر 11 باشد، تعداد پروتون‌های اتم خنثی آن چند است؟","11","10","12","22","A","عدد اتمی برابر تعداد پروتون‌های هسته است؛ بنابراین پاسخ 11 است.","ترنم همدلی","original","1405"
"دوازدهم","تجربی","شیمی","شیمی","مفاهیم پایه","اتم و عنصر","ساختار اتم","متوسط","اگر عدد اتمی یک عنصر 12 باشد، تعداد پروتون‌های اتم خنثی آن چند است؟","12","11","13","24","A","عدد اتمی برابر تعداد پروتون‌های هسته است؛ بنابراین پاسخ 12 است.","ترنم همدلی","original","1405"
"دوازدهم","تجربی","شیمی","شیمی","مفاهیم پایه","اتم و عنصر","ساختار اتم","متوسط","اگر عدد اتمی یک عنصر 13 باشد، تعداد پروتون‌های اتم خنثی آن چند است؟","13","12","14","26","A","عدد اتمی برابر تعداد پروتون‌های هسته است؛ بنابراین پاسخ 13 است.","ترنم همدلی","original","1405"
"دوازدهم","تجربی","شیمی","شیمی","مفاهیم پایه","اتم و عنصر","ساختار اتم","آسان","اگر عدد اتمی یک عنصر 6 باشد، تعداد پروتون‌های اتم خنثی آن چند است؟","6","5","7","12","A","عدد اتمی برابر تعداد پروتون‌های هسته است؛ بنابراین پاسخ 6 است.","ترنم همدلی","original","1405"
"دوازدهم","تجربی","شیمی","شیمی","مفاهیم پایه","اتم و عنصر","ساختار اتم","متوسط","اگر عدد اتمی یک عنصر 7 باشد، تعداد پروتون‌های اتم خنثی آن چند است؟","7","6","8","14","A","عدد اتمی برابر تعداد پروتون‌های هسته است؛ بنابراین پاسخ 7 است.","ترنم همدلی","original","1405"
"دوازدهم","تجربی","شیمی","شیمی","مفاهیم پایه","اتم و عنصر","ساختار اتم","متوسط","اگر عدد اتمی یک عنصر 8 باشد، تعداد پروتون‌های اتم خنثی آن چند است؟","8","7","9","16","A","عدد اتمی برابر تعداد پروتون‌های هسته است؛ بنابراین پاسخ 8 است.","ترنم همدلی","original","1405"
"دوازدهم","تجربی","شیمی","شیمی","مفاهیم پایه","اتم و عنصر","ساختار اتم","آسان","اگر عدد اتمی یک عنصر 9 باشد، تعداد پروتون‌های اتم خنثی آن چند است؟","9","8","10","18","A","عدد اتمی برابر تعداد پروتون‌های هسته است؛ بنابراین پاسخ 9 است.","ترنم همدلی","original","1405"
"دوازدهم","تجربی","شیمی","شیمی","مفاهیم پایه","اتم و عنصر","ساختار اتم","متوسط","اگر عدد اتمی یک عنصر 10 باشد، تعداد پروتون‌های اتم خنثی آن چند است؟","10","9","11","20","A","عدد اتمی برابر تعداد پروتون‌های هسته است؛ بنابراین پاسخ 10 است.","ترنم همدلی","original","1405"
"دوازدهم","تجربی","شیمی","شیمی","مفاهیم پایه","اتم و عنصر","ساختار اتم","متوسط","اگر عدد اتمی یک عنصر 11 باشد، تعداد پروتون‌های اتم خنثی آن چند است؟","11","10","12","22","A","عدد اتمی برابر تعداد پروتون‌های هسته است؛ بنابراین پاسخ 11 است.","ترنم همدلی","original","1405"
"دوازدهم","تجربی","شیمی","شیمی","مفاهیم پایه","اتم و عنصر","ساختار اتم","آسان","اگر عدد اتمی یک عنصر 12 باشد، تعداد پروتون‌های اتم خنثی آن چند است؟","12","11","13","24","A","عدد اتمی برابر تعداد پروتون‌های هسته است؛ بنابراین پاسخ 12 است.","ترنم همدلی","original","1405"
"دوازدهم","تجربی","شیمی","شیمی","مفاهیم پایه","اتم و عنصر","ساختار اتم","متوسط","اگر عدد اتمی یک عنصر 13 باشد، تعداد پروتون‌های اتم خنثی آن چند است؟","13","12","14","26","A","عدد اتمی برابر تعداد پروتون‌های هسته است؛ بنابراین پاسخ 13 است.","ترنم همدلی","original","1405"
"دوازدهم","تجربی","شیمی","شیمی","مفاهیم پایه","اتم و عنصر","ساختار اتم","متوسط","اگر عدد اتمی یک عنصر 6 باشد، تعداد پروتون‌های اتم خنثی آن چند است؟","6","5","7","12","A","عدد اتمی برابر تعداد پروتون‌های هسته است؛ بنابراین پاسخ 6 است.","ترنم همدلی","original","1405"
"دوازدهم","تجربی","شیمی","شیمی","مفاهیم پایه","اتم و عنصر","ساختار اتم","آسان","اگر عدد اتمی یک عنصر 7 باشد، تعداد پروتون‌های اتم خنثی آن چند است؟","7","6","8","14","A","عدد اتمی برابر تعداد پروتون‌های هسته است؛ بنابراین پاسخ 7 است.","ترنم همدلی","original","1405"
"دوازدهم","تجربی","شیمی","شیمی","مفاهیم پایه","اتم و عنصر","ساختار اتم","متوسط","اگر عدد اتمی یک عنصر 8 باشد، تعداد پروتون‌های اتم خنثی آن چند است؟","8","7","9","16","A","عدد اتمی برابر تعداد پروتون‌های هسته است؛ بنابراین پاسخ 8 است.","ترنم همدلی","original","1405"
"دوازدهم","تجربی","شیمی","شیمی","مفاهیم پایه","اتم و عنصر","ساختار اتم","متوسط","اگر عدد اتمی یک عنصر 9 باشد، تعداد پروتون‌های اتم خنثی آن چند است؟","9","8","10","18","A","عدد اتمی برابر تعداد پروتون‌های هسته است؛ بنابراین پاسخ 9 است.","ترنم همدلی","original","1405"
"دوازدهم","تجربی","شیمی","شیمی","مفاهیم پایه","اتم و عنصر","ساختار اتم","آسان","اگر عدد اتمی یک عنصر 10 باشد، تعداد پروتون‌های اتم خنثی آن چند است؟","10","9","11","20","A","عدد اتمی برابر تعداد پروتون‌های هسته است؛ بنابراین پاسخ 10 است.","ترنم همدلی","original","1405"
"دوازدهم","تجربی","شیمی","شیمی","مفاهیم پایه","اتم و عنصر","ساختار اتم","متوسط","اگر عدد اتمی یک عنصر 11 باشد، تعداد پروتون‌های اتم خنثی آن چند است؟","11","10","12","22","A","عدد اتمی برابر تعداد پروتون‌های هسته است؛ بنابراین پاسخ 11 است.","ترنم همدلی","original","1405"
"دوازدهم","تجربی","شیمی","شیمی","مفاهیم پایه","اتم و عنصر","ساختار اتم","متوسط","اگر عدد اتمی یک عنصر 12 باشد، تعداد پروتون‌های اتم خنثی آن چند است؟","12","11","13","24","A","عدد اتمی برابر تعداد پروتون‌های هسته است؛ بنابراین پاسخ 12 است.","ترنم همدلی","original","1405"
"دوازدهم","تجربی","شیمی","شیمی","مفاهیم پایه","اتم و عنصر","ساختار اتم","آسان","اگر عدد اتمی یک عنصر 13 باشد، تعداد پروتون‌های اتم خنثی آن چند است؟","13","12","14","26","A","عدد اتمی برابر تعداد پروتون‌های هسته است؛ بنابراین پاسخ 13 است.","ترنم همدلی","original","1405"
"دوازدهم","تجربی","شیمی","شیمی","مفاهیم پایه","اتم و عنصر","ساختار اتم","متوسط","اگر عدد اتمی یک عنصر 6 باشد، تعداد پروتون‌های اتم خنثی آن چند است؟","6","5","7","12","A","عدد اتمی برابر تعداد پروتون‌های هسته است؛ بنابراین پاسخ 6 است.","ترنم همدلی","original","1405"
"دوازدهم","تجربی","شیمی","شیمی","مفاهیم پایه","اتم و عنصر","ساختار اتم","متوسط","اگر عدد اتمی یک عنصر 7 باشد، تعداد پروتون‌های اتم خنثی آن چند است؟","7","6","8","14","A","عدد اتمی برابر تعداد پروتون‌های هسته است؛ بنابراین پاسخ 7 است.","ترنم همدلی","original","1405"
"دوازدهم","تجربی","شیمی","شیمی","مفاهیم پایه","اتم و عنصر","ساختار اتم","آسان","اگر عدد اتمی یک عنصر 8 باشد، تعداد پروتون‌های اتم خنثی آن چند است؟","8","7","9","16","A","عدد اتمی برابر تعداد پروتون‌های هسته است؛ بنابراین پاسخ 8 است.","ترنم همدلی","original","1405"
"دوازدهم","تجربی","شیمی","شیمی","مفاهیم پایه","اتم و عنصر","ساختار اتم","متوسط","اگر عدد اتمی یک عنصر 9 باشد، تعداد پروتون‌های اتم خنثی آن چند است؟","9","8","10","18","A","عدد اتمی برابر تعداد پروتون‌های هسته است؛ بنابراین پاسخ 9 است.","ترنم همدلی","original","1405"
"دوازدهم","تجربی","شیمی","شیمی","مفاهیم پایه","اتم و عنصر","ساختار اتم","متوسط","اگر عدد اتمی یک عنصر 10 باشد، تعداد پروتون‌های اتم خنثی آن چند است؟","10","9","11","20","A","عدد اتمی برابر تعداد پروتون‌های هسته است؛ بنابراین پاسخ 10 است.","ترنم همدلی","original","1405"
"دوازدهم","تجربی","شیمی","شیمی","مفاهیم پایه","اتم و عنصر","ساختار اتم","آسان","اگر عدد اتمی یک عنصر 11 باشد، تعداد پروتون‌های اتم خنثی آن چند است؟","11","10","12","22","A","عدد اتمی برابر تعداد پروتون‌های هسته است؛ بنابراین پاسخ 11 است.","ترنم همدلی","original","1405"
"دوازدهم","تجربی","شیمی","شیمی","مفاهیم پایه","اتم و عنصر","ساختار اتم","متوسط","اگر عدد اتمی یک عنصر 12 باشد، تعداد پروتون‌های اتم خنثی آن چند است؟","12","11","13","24","A","عدد اتمی برابر تعداد پروتون‌های هسته است؛ بنابراین پاسخ 12 است.","ترنم همدلی","original","1405"
"دوازدهم","تجربی","شیمی","شیمی","مفاهیم پایه","اتم و عنصر","ساختار اتم","متوسط","اگر عدد اتمی یک عنصر 13 باشد، تعداد پروتون‌های اتم خنثی آن چند است؟","13","12","14","26","A","عدد اتمی برابر تعداد پروتون‌های هسته است؛ بنابراین پاسخ 13 است.","ترنم همدلی","original","1405"
"دوازدهم","تجربی","شیمی","شیمی","مفاهیم پایه","اتم و عنصر","ساختار اتم","آسان","اگر عدد اتمی یک عنصر 6 باشد، تعداد پروتون‌های اتم خنثی آن چند است؟","6","5","7","12","A","عدد اتمی برابر تعداد پروتون‌های هسته است؛ بنابراین پاسخ 6 است.","ترنم همدلی","original","1405"
"دوازدهم","تجربی","شیمی","شیمی","مفاهیم پایه","اتم و عنصر","ساختار اتم","متوسط","اگر عدد اتمی یک عنصر 7 باشد، تعداد پروتون‌های اتم خنثی آن چند است؟","7","6","8","14","A","عدد اتمی برابر تعداد پروتون‌های هسته است؛ بنابراین پاسخ 7 است.","ترنم همدلی","original","1405"
"دوازدهم","تجربی","شیمی","شیمی","مفاهیم پایه","اتم و عنصر","ساختار اتم","متوسط","اگر عدد اتمی یک عنصر 8 باشد، تعداد پروتون‌های اتم خنثی آن چند است؟","8","7","9","16","A","عدد اتمی برابر تعداد پروتون‌های هسته است؛ بنابراین پاسخ 8 است.","ترنم همدلی","original","1405"
"دوازدهم","تجربی","شیمی","شیمی","مفاهیم پایه","اتم و عنصر","ساختار اتم","آسان","اگر عدد اتمی یک عنصر 9 باشد، تعداد پروتون‌های اتم خنثی آن چند است؟","9","8","10","18","A","عدد اتمی برابر تعداد پروتون‌های هسته است؛ بنابراین پاسخ 9 است.","ترنم همدلی","original","1405"
"دوازدهم","تجربی","شیمی","شیمی","مفاهیم پایه","اتم و عنصر","ساختار اتم","متوسط","اگر عدد اتمی یک عنصر 10 باشد، تعداد پروتون‌های اتم خنثی آن چند است؟","10","9","11","20","A","عدد اتمی برابر تعداد پروتون‌های هسته است؛ بنابراین پاسخ 10 است.","ترنم همدلی","original","1405"
"دوازدهم","تجربی","شیمی","شیمی","مفاهیم پایه","اتم و عنصر","ساختار اتم","متوسط","اگر عدد اتمی یک عنصر 11 باشد، تعداد پروتون‌های اتم خنثی آن چند است؟","11","10","12","22","A","عدد اتمی برابر تعداد پروتون‌های هسته است؛ بنابراین پاسخ 11 است.","ترنم همدلی","original","1405"
"دوازدهم","تجربی","شیمی","شیمی","مفاهیم پایه","اتم و عنصر","ساختار اتم","آسان","اگر عدد اتمی یک عنصر 12 باشد، تعداد پروتون‌های اتم خنثی آن چند است؟","12","11","13","24","A","عدد اتمی برابر تعداد پروتون‌های هسته است؛ بنابراین پاسخ 12 است.","ترنم همدلی","original","1405"
"دوازدهم","تجربی","شیمی","شیمی","مفاهیم پایه","اتم و عنصر","ساختار اتم","متوسط","اگر عدد اتمی یک عنصر 13 باشد، تعداد پروتون‌های اتم خنثی آن چند است؟","13","12","14","26","A","عدد اتمی برابر تعداد پروتون‌های هسته است؛ بنابراین پاسخ 13 است.","ترنم همدلی","original","1405"
"دوازدهم","تجربی","شیمی","شیمی","مفاهیم پایه","اتم و عنصر","ساختار اتم","متوسط","اگر عدد اتمی یک عنصر 6 باشد، تعداد پروتون‌های اتم خنثی آن چند است؟","6","5","7","12","A","عدد اتمی برابر تعداد پروتون‌های هسته است؛ بنابراین پاسخ 6 است.","ترنم همدلی","original","1405"
"دوازدهم","تجربی","شیمی","شیمی","مفاهیم پایه","اتم و عنصر","ساختار اتم","آسان","اگر عدد اتمی یک عنصر 7 باشد، تعداد پروتون‌های اتم خنثی آن چند است؟","7","6","8","14","A","عدد اتمی برابر تعداد پروتون‌های هسته است؛ بنابراین پاسخ 7 است.","ترنم همدلی","original","1405"
"دوازدهم","تجربی","شیمی","شیمی","مفاهیم پایه","اتم و عنصر","ساختار اتم","متوسط","اگر عدد اتمی یک عنصر 8 باشد، تعداد پروتون‌های اتم خنثی آن چند است؟","8","7","9","16","A","عدد اتمی برابر تعداد پروتون‌های هسته است؛ بنابراین پاسخ 8 است.","ترنم همدلی","original","1405"
"دوازدهم","تجربی","شیمی","شیمی","مفاهیم پایه","اتم و عنصر","ساختار اتم","متوسط","اگر عدد اتمی یک عنصر 9 باشد، تعداد پروتون‌های اتم خنثی آن چند است؟","9","8","10","18","A","عدد اتمی برابر تعداد پروتون‌های هسته است؛ بنابراین پاسخ 9 است.","ترنم همدلی","original","1405"
"دوازدهم","تجربی","شیمی","شیمی","مفاهیم پایه","اتم و عنصر","ساختار اتم","آسان","اگر عدد اتمی یک عنصر 10 باشد، تعداد پروتون‌های اتم خنثی آن چند است؟","10","9","11","20","A","عدد اتمی برابر تعداد پروتون‌های هسته است؛ بنابراین پاسخ 10 است.","ترنم همدلی","original","1405"
"دوازدهم","تجربی","شیمی","شیمی","مفاهیم پایه","اتم و عنصر","ساختار اتم","متوسط","اگر عدد اتمی یک عنصر 11 باشد، تعداد پروتون‌های اتم خنثی آن چند است؟","11","10","12","22","A","عدد اتمی برابر تعداد پروتون‌های هسته است؛ بنابراین پاسخ 11 است.","ترنم همدلی","original","1405"
"دوازدهم","تجربی","شیمی","شیمی","مفاهیم پایه","اتم و عنصر","ساختار اتم","متوسط","اگر عدد اتمی یک عنصر 12 باشد، تعداد پروتون‌های اتم خنثی آن چند است؟","12","11","13","24","A","عدد اتمی برابر تعداد پروتون‌های هسته است؛ بنابراین پاسخ 12 است.","ترنم همدلی","original","1405"
"دوازدهم","تجربی","شیمی","شیمی","مفاهیم پایه","اتم و عنصر","ساختار اتم","آسان","اگر عدد اتمی یک عنصر 13 باشد، تعداد پروتون‌های اتم خنثی آن چند است؟","13","12","14","26","A","عدد اتمی برابر تعداد پروتون‌های هسته است؛ بنابراین پاسخ 13 است.","ترنم همدلی","original","1405"
"دوازدهم","تجربی","شیمی","شیمی","مفاهیم پایه","اتم و عنصر","ساختار اتم","متوسط","اگر عدد اتمی یک عنصر 6 باشد، تعداد پروتون‌های اتم خنثی آن چند است؟","6","5","7","12","A","عدد اتمی برابر تعداد پروتون‌های هسته است؛ بنابراین پاسخ 6 است.","ترنم همدلی","original","1405"
"دوازدهم","تجربی","شیمی","شیمی","مفاهیم پایه","اتم و عنصر","ساختار اتم","متوسط","اگر عدد اتمی یک عنصر 7 باشد، تعداد پروتون‌های اتم خنثی آن چند است؟","7","6","8","14","A","عدد اتمی برابر تعداد پروتون‌های هسته است؛ بنابراین پاسخ 7 است.","ترنم همدلی","original","1405"
"دوازدهم","تجربی","شیمی","شیمی","مفاهیم پایه","اتم و عنصر","ساختار اتم","آسان","اگر عدد اتمی یک عنصر 8 باشد، تعداد پروتون‌های اتم خنثی آن چند است؟","8","7","9","16","A","عدد اتمی برابر تعداد پروتون‌های هسته است؛ بنابراین پاسخ 8 است.","ترنم همدلی","original","1405"
"دوازدهم","تجربی","شیمی","شیمی","مفاهیم پایه","اتم و عنصر","ساختار اتم","متوسط","اگر عدد اتمی یک عنصر 9 باشد، تعداد پروتون‌های اتم خنثی آن چند است؟","9","8","10","18","A","عدد اتمی برابر تعداد پروتون‌های هسته است؛ بنابراین پاسخ 9 است.","ترنم همدلی","original","1405"
"دوازدهم","تجربی","شیمی","شیمی","مفاهیم پایه","اتم و عنصر","ساختار اتم","متوسط","اگر عدد اتمی یک عنصر 10 باشد، تعداد پروتون‌های اتم خنثی آن چند است؟","10","9","11","20","A","عدد اتمی برابر تعداد پروتون‌های هسته است؛ بنابراین پاسخ 10 است.","ترنم همدلی","original","1405"
"دوازدهم","تجربی","شیمی","شیمی","مفاهیم پایه","اتم و عنصر","ساختار اتم","آسان","اگر عدد اتمی یک عنصر 11 باشد، تعداد پروتون‌های اتم خنثی آن چند است؟","11","10","12","22","A","عدد اتمی برابر تعداد پروتون‌های هسته است؛ بنابراین پاسخ 11 است.","ترنم همدلی","original","1405"
"دوازدهم","تجربی","شیمی","شیمی","مفاهیم پایه","اتم و عنصر","ساختار اتم","متوسط","اگر عدد اتمی یک عنصر 12 باشد، تعداد پروتون‌های اتم خنثی آن چند است؟","12","11","13","24","A","عدد اتمی برابر تعداد پروتون‌های هسته است؛ بنابراین پاسخ 12 است.","ترنم همدلی","original","1405"
"دوازدهم","تجربی","شیمی","شیمی","مفاهیم پایه","اتم و عنصر","ساختار اتم","متوسط","اگر عدد اتمی یک عنصر 13 باشد، تعداد پروتون‌های اتم خنثی آن چند است؟","13","12","14","26","A","عدد اتمی برابر تعداد پروتون‌های هسته است؛ بنابراین پاسخ 13 است.","ترنم همدلی","original","1405"
"دوازدهم","تجربی","شیمی","شیمی","مفاهیم پایه","اتم و عنصر","ساختار اتم","آسان","اگر عدد اتمی یک عنصر 6 باشد، تعداد پروتون‌های اتم خنثی آن چند است؟","6","5","7","12","A","عدد اتمی برابر تعداد پروتون‌های هسته است؛ بنابراین پاسخ 6 است.","ترنم همدلی","original","1405"
"دوازدهم","تجربی","شیمی","شیمی","مفاهیم پایه","اتم و عنصر","ساختار اتم","متوسط","اگر عدد اتمی یک عنصر 7 باشد، تعداد پروتون‌های اتم خنثی آن چند است؟","7","6","8","14","A","عدد اتمی برابر تعداد پروتون‌های هسته است؛ بنابراین پاسخ 7 است.","ترنم همدلی","original","1405"
"دوازدهم","تجربی","شیمی","شیمی","مفاهیم پایه","اتم و عنصر","ساختار اتم","متوسط","اگر عدد اتمی یک عنصر 8 باشد، تعداد پروتون‌های اتم خنثی آن چند است؟","8","7","9","16","A","عدد اتمی برابر تعداد پروتون‌های هسته است؛ بنابراین پاسخ 8 است.","ترنم همدلی","original","1405"
"دوازدهم","تجربی","شیمی","شیمی","مفاهیم پایه","اتم و عنصر","ساختار اتم","آسان","اگر عدد اتمی یک عنصر 9 باشد، تعداد پروتون‌های اتم خنثی آن چند است؟","9","8","10","18","A","عدد اتمی برابر تعداد پروتون‌های هسته است؛ بنابراین پاسخ 9 است.","ترنم همدلی","original","1405"
"دهم","تجربی","زیست‌شناسی","زیست‌شناسی","زیست‌شناسی سلولی","مفاهیم پایه","درک مفهومی","آسان","کدام ساختار محل اصلی تولید انرژی قابل استفاده در سلول است؟","میتوکندری","هسته","ریبوزوم","دیواره سلولی","A","میتوکندری در تولید ATP نقش اساسی دارد.","ترنم همدلی","original","1405"
"دهم","تجربی","زیست‌شناسی","زیست‌شناسی","زیست‌شناسی سلولی","مفاهیم پایه","درک مفهومی","متوسط","کدام مولکول نقش اصلی در انتقال اطلاعات ژنتیکی دارد؟","DNA","گلوکز","هموگلوبین","آب","A","DNA حامل اطلاعات ژنتیکی است.","ترنم همدلی","original","1405"
"دهم","تجربی","زیست‌شناسی","زیست‌شناسی","زیست‌شناسی سلولی","مفاهیم پایه","درک مفهومی","متوسط","کدام فرایند برای ساخت پروتئین ضروری است؟","ترجمه","تبخیر","تقطیر","احتراق","A","ترجمه فرایندی است که طی آن اطلاعات RNA به زنجیره پروتئینی تبدیل می‌شود.","ترنم همدلی","original","1405"
"دهم","تجربی","زیست‌شناسی","زیست‌شناسی","زیست‌شناسی سلولی","مفاهیم پایه","درک مفهومی","آسان","کدام اندام در بدن انسان نقش اصلی در پمپاژ خون دارد؟","قلب","کبد","کلیه","معده","A","قلب خون را در گردش عمومی به حرکت درمی‌آورد.","ترنم همدلی","original","1405"
"دهم","تجربی","زیست‌شناسی","زیست‌شناسی","زیست‌شناسی سلولی","مفاهیم پایه","درک مفهومی","متوسط","کدام ساختار محل اصلی تولید انرژی قابل استفاده در سلول است؟","میتوکندری","هسته","ریبوزوم","دیواره سلولی","A","میتوکندری در تولید ATP نقش اساسی دارد.","ترنم همدلی","original","1405"
"دهم","تجربی","زیست‌شناسی","زیست‌شناسی","زیست‌شناسی سلولی","مفاهیم پایه","درک مفهومی","متوسط","کدام مولکول نقش اصلی در انتقال اطلاعات ژنتیکی دارد؟","DNA","گلوکز","هموگلوبین","آب","A","DNA حامل اطلاعات ژنتیکی است.","ترنم همدلی","original","1405"
"دهم","تجربی","زیست‌شناسی","زیست‌شناسی","زیست‌شناسی سلولی","مفاهیم پایه","درک مفهومی","آسان","کدام فرایند برای ساخت پروتئین ضروری است؟","ترجمه","تبخیر","تقطیر","احتراق","A","ترجمه فرایندی است که طی آن اطلاعات RNA به زنجیره پروتئینی تبدیل می‌شود.","ترنم همدلی","original","1405"
"دهم","تجربی","زیست‌شناسی","زیست‌شناسی","زیست‌شناسی سلولی","مفاهیم پایه","درک مفهومی","متوسط","کدام اندام در بدن انسان نقش اصلی در پمپاژ خون دارد؟","قلب","کبد","کلیه","معده","A","قلب خون را در گردش عمومی به حرکت درمی‌آورد.","ترنم همدلی","original","1405"
"دهم","تجربی","زیست‌شناسی","زیست‌شناسی","زیست‌شناسی سلولی","مفاهیم پایه","درک مفهومی","متوسط","کدام ساختار محل اصلی تولید انرژی قابل استفاده در سلول است؟","میتوکندری","هسته","ریبوزوم","دیواره سلولی","A","میتوکندری در تولید ATP نقش اساسی دارد.","ترنم همدلی","original","1405"
"دهم","تجربی","زیست‌شناسی","زیست‌شناسی","زیست‌شناسی سلولی","مفاهیم پایه","درک مفهومی","آسان","کدام مولکول نقش اصلی در انتقال اطلاعات ژنتیکی دارد؟","DNA","گلوکز","هموگلوبین","آب","A","DNA حامل اطلاعات ژنتیکی است.","ترنم همدلی","original","1405"
"دهم","تجربی","زیست‌شناسی","زیست‌شناسی","زیست‌شناسی سلولی","مفاهیم پایه","درک مفهومی","متوسط","کدام فرایند برای ساخت پروتئین ضروری است؟","ترجمه","تبخیر","تقطیر","احتراق","A","ترجمه فرایندی است که طی آن اطلاعات RNA به زنجیره پروتئینی تبدیل می‌شود.","ترنم همدلی","original","1405"
"دهم","تجربی","زیست‌شناسی","زیست‌شناسی","زیست‌شناسی سلولی","مفاهیم پایه","درک مفهومی","متوسط","کدام اندام در بدن انسان نقش اصلی در پمپاژ خون دارد؟","قلب","کبد","کلیه","معده","A","قلب خون را در گردش عمومی به حرکت درمی‌آورد.","ترنم همدلی","original","1405"
"دهم","تجربی","زیست‌شناسی","زیست‌شناسی","زیست‌شناسی سلولی","مفاهیم پایه","درک مفهومی","آسان","کدام ساختار محل اصلی تولید انرژی قابل استفاده در سلول است؟","میتوکندری","هسته","ریبوزوم","دیواره سلولی","A","میتوکندری در تولید ATP نقش اساسی دارد.","ترنم همدلی","original","1405"
"دهم","تجربی","زیست‌شناسی","زیست‌شناسی","زیست‌شناسی سلولی","مفاهیم پایه","درک مفهومی","متوسط","کدام مولکول نقش اصلی در انتقال اطلاعات ژنتیکی دارد؟","DNA","گلوکز","هموگلوبین","آب","A","DNA حامل اطلاعات ژنتیکی است.","ترنم همدلی","original","1405"
"دهم","تجربی","زیست‌شناسی","زیست‌شناسی","زیست‌شناسی سلولی","مفاهیم پایه","درک مفهومی","متوسط","کدام فرایند برای ساخت پروتئین ضروری است؟","ترجمه","تبخیر","تقطیر","احتراق","A","ترجمه فرایندی است که طی آن اطلاعات RNA به زنجیره پروتئینی تبدیل می‌شود.","ترنم همدلی","original","1405"
"دهم","تجربی","زیست‌شناسی","زیست‌شناسی","زیست‌شناسی سلولی","مفاهیم پایه","درک مفهومی","آسان","کدام اندام در بدن انسان نقش اصلی در پمپاژ خون دارد؟","قلب","کبد","کلیه","معده","A","قلب خون را در گردش عمومی به حرکت درمی‌آورد.","ترنم همدلی","original","1405"
"دهم","تجربی","زیست‌شناسی","زیست‌شناسی","زیست‌شناسی سلولی","مفاهیم پایه","درک مفهومی","متوسط","کدام ساختار محل اصلی تولید انرژی قابل استفاده در سلول است؟","میتوکندری","هسته","ریبوزوم","دیواره سلولی","A","میتوکندری در تولید ATP نقش اساسی دارد.","ترنم همدلی","original","1405"
"دهم","تجربی","زیست‌شناسی","زیست‌شناسی","زیست‌شناسی سلولی","مفاهیم پایه","درک مفهومی","متوسط","کدام مولکول نقش اصلی در انتقال اطلاعات ژنتیکی دارد؟","DNA","گلوکز","هموگلوبین","آب","A","DNA حامل اطلاعات ژنتیکی است.","ترنم همدلی","original","1405"
"دهم","تجربی","زیست‌شناسی","زیست‌شناسی","زیست‌شناسی سلولی","مفاهیم پایه","درک مفهومی","آسان","کدام فرایند برای ساخت پروتئین ضروری است؟","ترجمه","تبخیر","تقطیر","احتراق","A","ترجمه فرایندی است که طی آن اطلاعات RNA به زنجیره پروتئینی تبدیل می‌شود.","ترنم همدلی","original","1405"
"دهم","تجربی","زیست‌شناسی","زیست‌شناسی","زیست‌شناسی سلولی","مفاهیم پایه","درک مفهومی","متوسط","کدام اندام در بدن انسان نقش اصلی در پمپاژ خون دارد؟","قلب","کبد","کلیه","معده","A","قلب خون را در گردش عمومی به حرکت درمی‌آورد.","ترنم همدلی","original","1405"
"دهم","تجربی","زیست‌شناسی","زیست‌شناسی","زیست‌شناسی سلولی","مفاهیم پایه","درک مفهومی","متوسط","کدام ساختار محل اصلی تولید انرژی قابل استفاده در سلول است؟","میتوکندری","هسته","ریبوزوم","دیواره سلولی","A","میتوکندری در تولید ATP نقش اساسی دارد.","ترنم همدلی","original","1405"
"دهم","تجربی","زیست‌شناسی","زیست‌شناسی","زیست‌شناسی سلولی","مفاهیم پایه","درک مفهومی","آسان","کدام مولکول نقش اصلی در انتقال اطلاعات ژنتیکی دارد؟","DNA","گلوکز","هموگلوبین","آب","A","DNA حامل اطلاعات ژنتیکی است.","ترنم همدلی","original","1405"
"دهم","تجربی","زیست‌شناسی","زیست‌شناسی","زیست‌شناسی سلولی","مفاهیم پایه","درک مفهومی","متوسط","کدام فرایند برای ساخت پروتئین ضروری است؟","ترجمه","تبخیر","تقطیر","احتراق","A","ترجمه فرایندی است که طی آن اطلاعات RNA به زنجیره پروتئینی تبدیل می‌شود.","ترنم همدلی","original","1405"
"دهم","تجربی","زیست‌شناسی","زیست‌شناسی","زیست‌شناسی سلولی","مفاهیم پایه","درک مفهومی","متوسط","کدام اندام در بدن انسان نقش اصلی در پمپاژ خون دارد؟","قلب","کبد","کلیه","معده","A","قلب خون را در گردش عمومی به حرکت درمی‌آورد.","ترنم همدلی","original","1405"
"دهم","تجربی","زیست‌شناسی","زیست‌شناسی","زیست‌شناسی سلولی","مفاهیم پایه","درک مفهومی","آسان","کدام ساختار محل اصلی تولید انرژی قابل استفاده در سلول است؟","میتوکندری","هسته","ریبوزوم","دیواره سلولی","A","میتوکندری در تولید ATP نقش اساسی دارد.","ترنم همدلی","original","1405"
"دهم","تجربی","زیست‌شناسی","زیست‌شناسی","زیست‌شناسی سلولی","مفاهیم پایه","درک مفهومی","متوسط","کدام مولکول نقش اصلی در انتقال اطلاعات ژنتیکی دارد؟","DNA","گلوکز","هموگلوبین","آب","A","DNA حامل اطلاعات ژنتیکی است.","ترنم همدلی","original","1405"
"دهم","تجربی","زیست‌شناسی","زیست‌شناسی","زیست‌شناسی سلولی","مفاهیم پایه","درک مفهومی","متوسط","کدام فرایند برای ساخت پروتئین ضروری است؟","ترجمه","تبخیر","تقطیر","احتراق","A","ترجمه فرایندی است که طی آن اطلاعات RNA به زنجیره پروتئینی تبدیل می‌شود.","ترنم همدلی","original","1405"
"دهم","تجربی","زیست‌شناسی","زیست‌شناسی","زیست‌شناسی سلولی","مفاهیم پایه","درک مفهومی","آسان","کدام اندام در بدن انسان نقش اصلی در پمپاژ خون دارد؟","قلب","کبد","کلیه","معده","A","قلب خون را در گردش عمومی به حرکت درمی‌آورد.","ترنم همدلی","original","1405"
"دهم","تجربی","زیست‌شناسی","زیست‌شناسی","زیست‌شناسی سلولی","مفاهیم پایه","درک مفهومی","متوسط","کدام ساختار محل اصلی تولید انرژی قابل استفاده در سلول است؟","میتوکندری","هسته","ریبوزوم","دیواره سلولی","A","میتوکندری در تولید ATP نقش اساسی دارد.","ترنم همدلی","original","1405"
"دهم","تجربی","زیست‌شناسی","زیست‌شناسی","زیست‌شناسی سلولی","مفاهیم پایه","درک مفهومی","متوسط","کدام مولکول نقش اصلی در انتقال اطلاعات ژنتیکی دارد؟","DNA","گلوکز","هموگلوبین","آب","A","DNA حامل اطلاعات ژنتیکی است.","ترنم همدلی","original","1405"
"دهم","تجربی","زیست‌شناسی","زیست‌شناسی","زیست‌شناسی سلولی","مفاهیم پایه","درک مفهومی","آسان","کدام فرایند برای ساخت پروتئین ضروری است؟","ترجمه","تبخیر","تقطیر","احتراق","A","ترجمه فرایندی است که طی آن اطلاعات RNA به زنجیره پروتئینی تبدیل می‌شود.","ترنم همدلی","original","1405"
"دهم","تجربی","زیست‌شناسی","زیست‌شناسی","زیست‌شناسی سلولی","مفاهیم پایه","درک مفهومی","متوسط","کدام اندام در بدن انسان نقش اصلی در پمپاژ خون دارد؟","قلب","کبد","کلیه","معده","A","قلب خون را در گردش عمومی به حرکت درمی‌آورد.","ترنم همدلی","original","1405"
"دهم","تجربی","زیست‌شناسی","زیست‌شناسی","زیست‌شناسی سلولی","مفاهیم پایه","درک مفهومی","متوسط","کدام ساختار محل اصلی تولید انرژی قابل استفاده در سلول است؟","میتوکندری","هسته","ریبوزوم","دیواره سلولی","A","میتوکندری در تولید ATP نقش اساسی دارد.","ترنم همدلی","original","1405"
"دهم","تجربی","زیست‌شناسی","زیست‌شناسی","زیست‌شناسی سلولی","مفاهیم پایه","درک مفهومی","آسان","کدام مولکول نقش اصلی در انتقال اطلاعات ژنتیکی دارد؟","DNA","گلوکز","هموگلوبین","آب","A","DNA حامل اطلاعات ژنتیکی است.","ترنم همدلی","original","1405"
"دهم","تجربی","زیست‌شناسی","زیست‌شناسی","زیست‌شناسی سلولی","مفاهیم پایه","درک مفهومی","متوسط","کدام فرایند برای ساخت پروتئین ضروری است؟","ترجمه","تبخیر","تقطیر","احتراق","A","ترجمه فرایندی است که طی آن اطلاعات RNA به زنجیره پروتئینی تبدیل می‌شود.","ترنم همدلی","original","1405"
"دهم","تجربی","زیست‌شناسی","زیست‌شناسی","زیست‌شناسی سلولی","مفاهیم پایه","درک مفهومی","متوسط","کدام اندام در بدن انسان نقش اصلی در پمپاژ خون دارد؟","قلب","کبد","کلیه","معده","A","قلب خون را در گردش عمومی به حرکت درمی‌آورد.","ترنم همدلی","original","1405"
"دهم","تجربی","زیست‌شناسی","زیست‌شناسی","زیست‌شناسی سلولی","مفاهیم پایه","درک مفهومی","آسان","کدام ساختار محل اصلی تولید انرژی قابل استفاده در سلول است؟","میتوکندری","هسته","ریبوزوم","دیواره سلولی","A","میتوکندری در تولید ATP نقش اساسی دارد.","ترنم همدلی","original","1405"
"دهم","تجربی","زیست‌شناسی","زیست‌شناسی","زیست‌شناسی سلولی","مفاهیم پایه","درک مفهومی","متوسط","کدام مولکول نقش اصلی در انتقال اطلاعات ژنتیکی دارد؟","DNA","گلوکز","هموگلوبین","آب","A","DNA حامل اطلاعات ژنتیکی است.","ترنم همدلی","original","1405"
"دهم","تجربی","زیست‌شناسی","زیست‌شناسی","زیست‌شناسی سلولی","مفاهیم پایه","درک مفهومی","متوسط","کدام فرایند برای ساخت پروتئین ضروری است؟","ترجمه","تبخیر","تقطیر","احتراق","A","ترجمه فرایندی است که طی آن اطلاعات RNA به زنجیره پروتئینی تبدیل می‌شود.","ترنم همدلی","original","1405"
"دهم","تجربی","زیست‌شناسی","زیست‌شناسی","زیست‌شناسی سلولی","مفاهیم پایه","درک مفهومی","آسان","کدام اندام در بدن انسان نقش اصلی در پمپاژ خون دارد؟","قلب","کبد","کلیه","معده","A","قلب خون را در گردش عمومی به حرکت درمی‌آورد.","ترنم همدلی","original","1405"
"دهم","تجربی","زیست‌شناسی","زیست‌شناسی","زیست‌شناسی سلولی","مفاهیم پایه","درک مفهومی","متوسط","کدام ساختار محل اصلی تولید انرژی قابل استفاده در سلول است؟","میتوکندری","هسته","ریبوزوم","دیواره سلولی","A","میتوکندری در تولید ATP نقش اساسی دارد.","ترنم همدلی","original","1405"
"دهم","تجربی","زیست‌شناسی","زیست‌شناسی","زیست‌شناسی سلولی","مفاهیم پایه","درک مفهومی","متوسط","کدام مولکول نقش اصلی در انتقال اطلاعات ژنتیکی دارد؟","DNA","گلوکز","هموگلوبین","آب","A","DNA حامل اطلاعات ژنتیکی است.","ترنم همدلی","original","1405"
"دهم","تجربی","زیست‌شناسی","زیست‌شناسی","زیست‌شناسی سلولی","مفاهیم پایه","درک مفهومی","آسان","کدام فرایند برای ساخت پروتئین ضروری است؟","ترجمه","تبخیر","تقطیر","احتراق","A","ترجمه فرایندی است که طی آن اطلاعات RNA به زنجیره پروتئینی تبدیل می‌شود.","ترنم همدلی","original","1405"
"دهم","تجربی","زیست‌شناسی","زیست‌شناسی","زیست‌شناسی سلولی","مفاهیم پایه","درک مفهومی","متوسط","کدام اندام در بدن انسان نقش اصلی در پمپاژ خون دارد؟","قلب","کبد","کلیه","معده","A","قلب خون را در گردش عمومی به حرکت درمی‌آورد.","ترنم همدلی","original","1405"
"دهم","تجربی","زیست‌شناسی","زیست‌شناسی","زیست‌شناسی سلولی","مفاهیم پایه","درک مفهومی","متوسط","کدام ساختار محل اصلی تولید انرژی قابل استفاده در سلول است؟","میتوکندری","هسته","ریبوزوم","دیواره سلولی","A","میتوکندری در تولید ATP نقش اساسی دارد.","ترنم همدلی","original","1405"
"دهم","تجربی","زیست‌شناسی","زیست‌شناسی","زیست‌شناسی سلولی","مفاهیم پایه","درک مفهومی","آسان","کدام مولکول نقش اصلی در انتقال اطلاعات ژنتیکی دارد؟","DNA","گلوکز","هموگلوبین","آب","A","DNA حامل اطلاعات ژنتیکی است.","ترنم همدلی","original","1405"
"دهم","تجربی","زیست‌شناسی","زیست‌شناسی","زیست‌شناسی سلولی","مفاهیم پایه","درک مفهومی","متوسط","کدام فرایند برای ساخت پروتئین ضروری است؟","ترجمه","تبخیر","تقطیر","احتراق","A","ترجمه فرایندی است که طی آن اطلاعات RNA به زنجیره پروتئینی تبدیل می‌شود.","ترنم همدلی","original","1405"
"دهم","تجربی","زیست‌شناسی","زیست‌شناسی","زیست‌شناسی سلولی","مفاهیم پایه","درک مفهومی","متوسط","کدام اندام در بدن انسان نقش اصلی در پمپاژ خون دارد؟","قلب","کبد","کلیه","معده","A","قلب خون را در گردش عمومی به حرکت درمی‌آورد.","ترنم همدلی","original","1405"
"دهم","تجربی","زیست‌شناسی","زیست‌شناسی","زیست‌شناسی سلولی","مفاهیم پایه","درک مفهومی","آسان","کدام ساختار محل اصلی تولید انرژی قابل استفاده در سلول است؟","میتوکندری","هسته","ریبوزوم","دیواره سلولی","A","میتوکندری در تولید ATP نقش اساسی دارد.","ترنم همدلی","original","1405"
"دهم","تجربی","زیست‌شناسی","زیست‌شناسی","زیست‌شناسی سلولی","مفاهیم پایه","درک مفهومی","متوسط","کدام مولکول نقش اصلی در انتقال اطلاعات ژنتیکی دارد؟","DNA","گلوکز","هموگلوبین","آب","A","DNA حامل اطلاعات ژنتیکی است.","ترنم همدلی","original","1405"
"دهم","تجربی","زیست‌شناسی","زیست‌شناسی","زیست‌شناسی سلولی","مفاهیم پایه","درک مفهومی","متوسط","کدام فرایند برای ساخت پروتئین ضروری است؟","ترجمه","تبخیر","تقطیر","احتراق","A","ترجمه فرایندی است که طی آن اطلاعات RNA به زنجیره پروتئینی تبدیل می‌شود.","ترنم همدلی","original","1405"
"دهم","تجربی","زیست‌شناسی","زیست‌شناسی","زیست‌شناسی سلولی","مفاهیم پایه","درک مفهومی","آسان","کدام اندام در بدن انسان نقش اصلی در پمپاژ خون دارد؟","قلب","کبد","کلیه","معده","A","قلب خون را در گردش عمومی به حرکت درمی‌آورد.","ترنم همدلی","original","1405"
"دهم","تجربی","زیست‌شناسی","زیست‌شناسی","زیست‌شناسی سلولی","مفاهیم پایه","درک مفهومی","متوسط","کدام ساختار محل اصلی تولید انرژی قابل استفاده در سلول است؟","میتوکندری","هسته","ریبوزوم","دیواره سلولی","A","میتوکندری در تولید ATP نقش اساسی دارد.","ترنم همدلی","original","1405"
"دهم","تجربی","زیست‌شناسی","زیست‌شناسی","زیست‌شناسی سلولی","مفاهیم پایه","درک مفهومی","متوسط","کدام مولکول نقش اصلی در انتقال اطلاعات ژنتیکی دارد؟","DNA","گلوکز","هموگلوبین","آب","A","DNA حامل اطلاعات ژنتیکی است.","ترنم همدلی","original","1405"
"دهم","تجربی","زیست‌شناسی","زیست‌شناسی","زیست‌شناسی سلولی","مفاهیم پایه","درک مفهومی","آسان","کدام فرایند برای ساخت پروتئین ضروری است؟","ترجمه","تبخیر","تقطیر","احتراق","A","ترجمه فرایندی است که طی آن اطلاعات RNA به زنجیره پروتئینی تبدیل می‌شود.","ترنم همدلی","original","1405"
"دهم","تجربی","زیست‌شناسی","زیست‌شناسی","زیست‌شناسی سلولی","مفاهیم پایه","درک مفهومی","متوسط","کدام اندام در بدن انسان نقش اصلی در پمپاژ خون دارد؟","قلب","کبد","کلیه","معده","A","قلب خون را در گردش عمومی به حرکت درمی‌آورد.","ترنم همدلی","original","1405"
"دهم","تجربی","زیست‌شناسی","زیست‌شناسی","زیست‌شناسی سلولی","مفاهیم پایه","درک مفهومی","متوسط","کدام ساختار محل اصلی تولید انرژی قابل استفاده در سلول است؟","میتوکندری","هسته","ریبوزوم","دیواره سلولی","A","میتوکندری در تولید ATP نقش اساسی دارد.","ترنم همدلی","original","1405"
"دهم","تجربی","زیست‌شناسی","زیست‌شناسی","زیست‌شناسی سلولی","مفاهیم پایه","درک مفهومی","آسان","کدام مولکول نقش اصلی در انتقال اطلاعات ژنتیکی دارد؟","DNA","گلوکز","هموگلوبین","آب","A","DNA حامل اطلاعات ژنتیکی است.","ترنم همدلی","original","1405"
"دهم","تجربی","زیست‌شناسی","زیست‌شناسی","زیست‌شناسی سلولی","مفاهیم پایه","درک مفهومی","متوسط","کدام فرایند برای ساخت پروتئین ضروری است؟","ترجمه","تبخیر","تقطیر","احتراق","A","ترجمه فرایندی است که طی آن اطلاعات RNA به زنجیره پروتئینی تبدیل می‌شود.","ترنم همدلی","original","1405"
"دهم","تجربی","زیست‌شناسی","زیست‌شناسی","زیست‌شناسی سلولی","مفاهیم پایه","درک مفهومی","متوسط","کدام اندام در بدن انسان نقش اصلی در پمپاژ خون دارد؟","قلب","کبد","کلیه","معده","A","قلب خون را در گردش عمومی به حرکت درمی‌آورد.","ترنم همدلی","original","1405"
"دهم","تجربی","زیست‌شناسی","زیست‌شناسی","زیست‌شناسی سلولی","مفاهیم پایه","درک مفهومی","آسان","کدام ساختار محل اصلی تولید انرژی قابل استفاده در سلول است؟","میتوکندری","هسته","ریبوزوم","دیواره سلولی","A","میتوکندری در تولید ATP نقش اساسی دارد.","ترنم همدلی","original","1405"
"دهم","تجربی","زیست‌شناسی","زیست‌شناسی","زیست‌شناسی سلولی","مفاهیم پایه","درک مفهومی","متوسط","کدام مولکول نقش اصلی در انتقال اطلاعات ژنتیکی دارد؟","DNA","گلوکز","هموگلوبین","آب","A","DNA حامل اطلاعات ژنتیکی است.","ترنم همدلی","original","1405"
"دهم","تجربی","زیست‌شناسی","زیست‌شناسی","زیست‌شناسی سلولی","مفاهیم پایه","درک مفهومی","متوسط","کدام فرایند برای ساخت پروتئین ضروری است؟","ترجمه","تبخیر","تقطیر","احتراق","A","ترجمه فرایندی است که طی آن اطلاعات RNA به زنجیره پروتئینی تبدیل می‌شود.","ترنم همدلی","original","1405"
"دهم","تجربی","زیست‌شناسی","زیست‌شناسی","زیست‌شناسی سلولی","مفاهیم پایه","درک مفهومی","آسان","کدام اندام در بدن انسان نقش اصلی در پمپاژ خون دارد؟","قلب","کبد","کلیه","معده","A","قلب خون را در گردش عمومی به حرکت درمی‌آورد.","ترنم همدلی","original","1405"
"دهم","تجربی","زیست‌شناسی","زیست‌شناسی","زیست‌شناسی سلولی","مفاهیم پایه","درک مفهومی","متوسط","کدام ساختار محل اصلی تولید انرژی قابل استفاده در سلول است؟","میتوکندری","هسته","ریبوزوم","دیواره سلولی","A","میتوکندری در تولید ATP نقش اساسی دارد.","ترنم همدلی","original","1405"
"دهم","تجربی","زیست‌شناسی","زیست‌شناسی","زیست‌شناسی سلولی","مفاهیم پایه","درک مفهومی","متوسط","کدام مولکول نقش اصلی در انتقال اطلاعات ژنتیکی دارد؟","DNA","گلوکز","هموگلوبین","آب","A","DNA حامل اطلاعات ژنتیکی است.","ترنم همدلی","original","1405"
"دهم","تجربی","زیست‌شناسی","زیست‌شناسی","زیست‌شناسی سلولی","مفاهیم پایه","درک مفهومی","آسان","کدام فرایند برای ساخت پروتئین ضروری است؟","ترجمه","تبخیر","تقطیر","احتراق","A","ترجمه فرایندی است که طی آن اطلاعات RNA به زنجیره پروتئینی تبدیل می‌شود.","ترنم همدلی","original","1405"
"دهم","تجربی","زیست‌شناسی","زیست‌شناسی","زیست‌شناسی سلولی","مفاهیم پایه","درک مفهومی","متوسط","کدام اندام در بدن انسان نقش اصلی در پمپاژ خون دارد؟","قلب","کبد","کلیه","معده","A","قلب خون را در گردش عمومی به حرکت درمی‌آورد.","ترنم همدلی","original","1405"
"دهم","تجربی","زیست‌شناسی","زیست‌شناسی","زیست‌شناسی سلولی","مفاهیم پایه","درک مفهومی","متوسط","کدام ساختار محل اصلی تولید انرژی قابل استفاده در سلول است؟","میتوکندری","هسته","ریبوزوم","دیواره سلولی","A","میتوکندری در تولید ATP نقش اساسی دارد.","ترنم همدلی","original","1405"
"دهم","تجربی","زیست‌شناسی","زیست‌شناسی","زیست‌شناسی سلولی","مفاهیم پایه","درک مفهومی","آسان","کدام مولکول نقش اصلی در انتقال اطلاعات ژنتیکی دارد؟","DNA","گلوکز","هموگلوبین","آب","A","DNA حامل اطلاعات ژنتیکی است.","ترنم همدلی","original","1405"
"دهم","تجربی","زیست‌شناسی","زیست‌شناسی","زیست‌شناسی سلولی","مفاهیم پایه","درک مفهومی","متوسط","کدام فرایند برای ساخت پروتئین ضروری است؟","ترجمه","تبخیر","تقطیر","احتراق","A","ترجمه فرایندی است که طی آن اطلاعات RNA به زنجیره پروتئینی تبدیل می‌شود.","ترنم همدلی","original","1405"
"دهم","تجربی","زیست‌شناسی","زیست‌شناسی","زیست‌شناسی سلولی","مفاهیم پایه","درک مفهومی","متوسط","کدام اندام در بدن انسان نقش اصلی در پمپاژ خون دارد؟","قلب","کبد","کلیه","معده","A","قلب خون را در گردش عمومی به حرکت درمی‌آورد.","ترنم همدلی","original","1405"
"دهم","تجربی","زیست‌شناسی","زیست‌شناسی","زیست‌شناسی سلولی","مفاهیم پایه","درک مفهومی","آسان","کدام ساختار محل اصلی تولید انرژی قابل استفاده در سلول است؟","میتوکندری","هسته","ریبوزوم","دیواره سلولی","A","میتوکندری در تولید ATP نقش اساسی دارد.","ترنم همدلی","original","1405"
"دهم","تجربی","زیست‌شناسی","زیست‌شناسی","زیست‌شناسی سلولی","مفاهیم پایه","درک مفهومی","متوسط","کدام مولکول نقش اصلی در انتقال اطلاعات ژنتیکی دارد؟","DNA","گلوکز","هموگلوبین","آب","A","DNA حامل اطلاعات ژنتیکی است.","ترنم همدلی","original","1405"
"دهم","تجربی","زیست‌شناسی","زیست‌شناسی","زیست‌شناسی سلولی","مفاهیم پایه","درک مفهومی","متوسط","کدام فرایند برای ساخت پروتئین ضروری است؟","ترجمه","تبخیر","تقطیر","احتراق","A","ترجمه فرایندی است که طی آن اطلاعات RNA به زنجیره پروتئینی تبدیل می‌شود.","ترنم همدلی","original","1405"
"دهم","تجربی","زیست‌شناسی","زیست‌شناسی","زیست‌شناسی سلولی","مفاهیم پایه","درک مفهومی","آسان","کدام اندام در بدن انسان نقش اصلی در پمپاژ خون دارد؟","قلب","کبد","کلیه","معده","A","قلب خون را در گردش عمومی به حرکت درمی‌آورد.","ترنم همدلی","original","1405"
"دهم","تجربی","زیست‌شناسی","زیست‌شناسی","زیست‌شناسی سلولی","مفاهیم پایه","درک مفهومی","متوسط","کدام ساختار محل اصلی تولید انرژی قابل استفاده در سلول است؟","میتوکندری","هسته","ریبوزوم","دیواره سلولی","A","میتوکندری در تولید ATP نقش اساسی دارد.","ترنم همدلی","original","1405"
"دهم","تجربی","زیست‌شناسی","زیست‌شناسی","زیست‌شناسی سلولی","مفاهیم پایه","درک مفهومی","متوسط","کدام مولکول نقش اصلی در انتقال اطلاعات ژنتیکی دارد؟","DNA","گلوکز","هموگلوبین","آب","A","DNA حامل اطلاعات ژنتیکی است.","ترنم همدلی","original","1405"
"دهم","تجربی","زیست‌شناسی","زیست‌شناسی","زیست‌شناسی سلولی","مفاهیم پایه","درک مفهومی","آسان","کدام فرایند برای ساخت پروتئین ضروری است؟","ترجمه","تبخیر","تقطیر","احتراق","A","ترجمه فرایندی است که طی آن اطلاعات RNA به زنجیره پروتئینی تبدیل می‌شود.","ترنم همدلی","original","1405"
"دهم","تجربی","زیست‌شناسی","زیست‌شناسی","زیست‌شناسی سلولی","مفاهیم پایه","درک مفهومی","متوسط","کدام اندام در بدن انسان نقش اصلی در پمپاژ خون دارد؟","قلب","کبد","کلیه","معده","A","قلب خون را در گردش عمومی به حرکت درمی‌آورد.","ترنم همدلی","original","1405"
"دهم","تجربی","زیست‌شناسی","زیست‌شناسی","زیست‌شناسی سلولی","مفاهیم پایه","درک مفهومی","متوسط","کدام ساختار محل اصلی تولید انرژی قابل استفاده در سلول است؟","میتوکندری","هسته","ریبوزوم","دیواره سلولی","A","میتوکندری در تولید ATP نقش اساسی دارد.","ترنم همدلی","original","1405"
"دهم","تجربی","زیست‌شناسی","زیست‌شناسی","زیست‌شناسی سلولی","مفاهیم پایه","درک مفهومی","آسان","کدام مولکول نقش اصلی در انتقال اطلاعات ژنتیکی دارد؟","DNA","گلوکز","هموگلوبین","آب","A","DNA حامل اطلاعات ژنتیکی است.","ترنم همدلی","original","1405"
"دهم","تجربی","زیست‌شناسی","زیست‌شناسی","زیست‌شناسی سلولی","مفاهیم پایه","درک مفهومی","متوسط","کدام فرایند برای ساخت پروتئین ضروری است؟","ترجمه","تبخیر","تقطیر","احتراق","A","ترجمه فرایندی است که طی آن اطلاعات RNA به زنجیره پروتئینی تبدیل می‌شود.","ترنم همدلی","original","1405"
"دهم","تجربی","زیست‌شناسی","زیست‌شناسی","زیست‌شناسی سلولی","مفاهیم پایه","درک مفهومی","متوسط","کدام اندام در بدن انسان نقش اصلی در پمپاژ خون دارد؟","قلب","کبد","کلیه","معده","A","قلب خون را در گردش عمومی به حرکت درمی‌آورد.","ترنم همدلی","original","1405"
"دهم","تجربی","زیست‌شناسی","زیست‌شناسی","زیست‌شناسی سلولی","مفاهیم پایه","درک مفهومی","آسان","کدام ساختار محل اصلی تولید انرژی قابل استفاده در سلول است؟","میتوکندری","هسته","ریبوزوم","دیواره سلولی","A","میتوکندری در تولید ATP نقش اساسی دارد.","ترنم همدلی","original","1405"
"دهم","تجربی","زیست‌شناسی","زیست‌شناسی","زیست‌شناسی سلولی","مفاهیم پایه","درک مفهومی","متوسط","کدام مولکول نقش اصلی در انتقال اطلاعات ژنتیکی دارد؟","DNA","گلوکز","هموگلوبین","آب","A","DNA حامل اطلاعات ژنتیکی است.","ترنم همدلی","original","1405"
"دهم","تجربی","زیست‌شناسی","زیست‌شناسی","زیست‌شناسی سلولی","مفاهیم پایه","درک مفهومی","متوسط","کدام فرایند برای ساخت پروتئین ضروری است؟","ترجمه","تبخیر","تقطیر","احتراق","A","ترجمه فرایندی است که طی آن اطلاعات RNA به زنجیره پروتئینی تبدیل می‌شود.","ترنم همدلی","original","1405"
"دهم","تجربی","زیست‌شناسی","زیست‌شناسی","زیست‌شناسی سلولی","مفاهیم پایه","درک مفهومی","آسان","کدام اندام در بدن انسان نقش اصلی در پمپاژ خون دارد؟","قلب","کبد","کلیه","معده","A","قلب خون را در گردش عمومی به حرکت درمی‌آورد.","ترنم همدلی","original","1405"
"دهم","تجربی","زیست‌شناسی","زیست‌شناسی","زیست‌شناسی سلولی","مفاهیم پایه","درک مفهومی","متوسط","کدام ساختار محل اصلی تولید انرژی قابل استفاده در سلول است؟","میتوکندری","هسته","ریبوزوم","دیواره سلولی","A","میتوکندری در تولید ATP نقش اساسی دارد.","ترنم همدلی","original","1405"
"دهم","تجربی","زیست‌شناسی","زیست‌شناسی","زیست‌شناسی سلولی","مفاهیم پایه","درک مفهومی","متوسط","کدام مولکول نقش اصلی در انتقال اطلاعات ژنتیکی دارد؟","DNA","گلوکز","هموگلوبین","آب","A","DNA حامل اطلاعات ژنتیکی است.","ترنم همدلی","original","1405"
"دهم","تجربی","زیست‌شناسی","زیست‌شناسی","زیست‌شناسی سلولی","مفاهیم پایه","درک مفهومی","آسان","کدام فرایند برای ساخت پروتئین ضروری است؟","ترجمه","تبخیر","تقطیر","احتراق","A","ترجمه فرایندی است که طی آن اطلاعات RNA به زنجیره پروتئینی تبدیل می‌شود.","ترنم همدلی","original","1405"
"دهم","تجربی","زیست‌شناسی","زیست‌شناسی","زیست‌شناسی سلولی","مفاهیم پایه","درک مفهومی","متوسط","کدام اندام در بدن انسان نقش اصلی در پمپاژ خون دارد؟","قلب","کبد","کلیه","معده","A","قلب خون را در گردش عمومی به حرکت درمی‌آورد.","ترنم همدلی","original","1405"
"دهم","تجربی","زیست‌شناسی","زیست‌شناسی","زیست‌شناسی سلولی","مفاهیم پایه","درک مفهومی","متوسط","کدام ساختار محل اصلی تولید انرژی قابل استفاده در سلول است؟","میتوکندری","هسته","ریبوزوم","دیواره سلولی","A","میتوکندری در تولید ATP نقش اساسی دارد.","ترنم همدلی","original","1405"
"دهم","تجربی","زیست‌شناسی","زیست‌شناسی","زیست‌شناسی سلولی","مفاهیم پایه","درک مفهومی","آسان","کدام مولکول نقش اصلی در انتقال اطلاعات ژنتیکی دارد؟","DNA","گلوکز","هموگلوبین","آب","A","DNA حامل اطلاعات ژنتیکی است.","ترنم همدلی","original","1405"
"دهم","تجربی","زیست‌شناسی","زیست‌شناسی","زیست‌شناسی سلولی","مفاهیم پایه","درک مفهومی","متوسط","کدام فرایند برای ساخت پروتئین ضروری است؟","ترجمه","تبخیر","تقطیر","احتراق","A","ترجمه فرایندی است که طی آن اطلاعات RNA به زنجیره پروتئینی تبدیل می‌شود.","ترنم همدلی","original","1405"
"دهم","تجربی","زیست‌شناسی","زیست‌شناسی","زیست‌شناسی سلولی","مفاهیم پایه","درک مفهومی","متوسط","کدام اندام در بدن انسان نقش اصلی در پمپاژ خون دارد؟","قلب","کبد","کلیه","معده","A","قلب خون را در گردش عمومی به حرکت درمی‌آورد.","ترنم همدلی","original","1405"
"دهم","تجربی","زیست‌شناسی","زیست‌شناسی","زیست‌شناسی سلولی","مفاهیم پایه","درک مفهومی","آسان","کدام ساختار محل اصلی تولید انرژی قابل استفاده در سلول است؟","میتوکندری","هسته","ریبوزوم","دیواره سلولی","A","میتوکندری در تولید ATP نقش اساسی دارد.","ترنم همدلی","original","1405"
"دهم","تجربی","زیست‌شناسی","زیست‌شناسی","زیست‌شناسی سلولی","مفاهیم پایه","درک مفهومی","متوسط","کدام مولکول نقش اصلی در انتقال اطلاعات ژنتیکی دارد؟","DNA","گلوکز","هموگلوبین","آب","A","DNA حامل اطلاعات ژنتیکی است.","ترنم همدلی","original","1405"
"دهم","تجربی","زیست‌شناسی","زیست‌شناسی","زیست‌شناسی سلولی","مفاهیم پایه","درک مفهومی","متوسط","کدام فرایند برای ساخت پروتئین ضروری است؟","ترجمه","تبخیر","تقطیر","احتراق","A","ترجمه فرایندی است که طی آن اطلاعات RNA به زنجیره پروتئینی تبدیل می‌شود.","ترنم همدلی","original","1405"
"دهم","تجربی","زیست‌شناسی","زیست‌شناسی","زیست‌شناسی سلولی","مفاهیم پایه","درک مفهومی","آسان","کدام اندام در بدن انسان نقش اصلی در پمپاژ خون دارد؟","قلب","کبد","کلیه","معده","A","قلب خون را در گردش عمومی به حرکت درمی‌آورد.","ترنم همدلی","original","1405"
"یازدهم","تجربی","زیست‌شناسی","زیست‌شناسی","زیست‌شناسی سلولی","مفاهیم پایه","درک مفهومی","آسان","کدام ساختار محل اصلی تولید انرژی قابل استفاده در سلول است؟","میتوکندری","هسته","ریبوزوم","دیواره سلولی","A","میتوکندری در تولید ATP نقش اساسی دارد.","ترنم همدلی","original","1405"
"یازدهم","تجربی","زیست‌شناسی","زیست‌شناسی","زیست‌شناسی سلولی","مفاهیم پایه","درک مفهومی","متوسط","کدام مولکول نقش اصلی در انتقال اطلاعات ژنتیکی دارد؟","DNA","گلوکز","هموگلوبین","آب","A","DNA حامل اطلاعات ژنتیکی است.","ترنم همدلی","original","1405"
"یازدهم","تجربی","زیست‌شناسی","زیست‌شناسی","زیست‌شناسی سلولی","مفاهیم پایه","درک مفهومی","متوسط","کدام فرایند برای ساخت پروتئین ضروری است؟","ترجمه","تبخیر","تقطیر","احتراق","A","ترجمه فرایندی است که طی آن اطلاعات RNA به زنجیره پروتئینی تبدیل می‌شود.","ترنم همدلی","original","1405"
"یازدهم","تجربی","زیست‌شناسی","زیست‌شناسی","زیست‌شناسی سلولی","مفاهیم پایه","درک مفهومی","آسان","کدام اندام در بدن انسان نقش اصلی در پمپاژ خون دارد؟","قلب","کبد","کلیه","معده","A","قلب خون را در گردش عمومی به حرکت درمی‌آورد.","ترنم همدلی","original","1405"
"یازدهم","تجربی","زیست‌شناسی","زیست‌شناسی","زیست‌شناسی سلولی","مفاهیم پایه","درک مفهومی","متوسط","کدام ساختار محل اصلی تولید انرژی قابل استفاده در سلول است؟","میتوکندری","هسته","ریبوزوم","دیواره سلولی","A","میتوکندری در تولید ATP نقش اساسی دارد.","ترنم همدلی","original","1405"
"یازدهم","تجربی","زیست‌شناسی","زیست‌شناسی","زیست‌شناسی سلولی","مفاهیم پایه","درک مفهومی","متوسط","کدام مولکول نقش اصلی در انتقال اطلاعات ژنتیکی دارد؟","DNA","گلوکز","هموگلوبین","آب","A","DNA حامل اطلاعات ژنتیکی است.","ترنم همدلی","original","1405"
"یازدهم","تجربی","زیست‌شناسی","زیست‌شناسی","زیست‌شناسی سلولی","مفاهیم پایه","درک مفهومی","آسان","کدام فرایند برای ساخت پروتئین ضروری است؟","ترجمه","تبخیر","تقطیر","احتراق","A","ترجمه فرایندی است که طی آن اطلاعات RNA به زنجیره پروتئینی تبدیل می‌شود.","ترنم همدلی","original","1405"
"یازدهم","تجربی","زیست‌شناسی","زیست‌شناسی","زیست‌شناسی سلولی","مفاهیم پایه","درک مفهومی","متوسط","کدام اندام در بدن انسان نقش اصلی در پمپاژ خون دارد؟","قلب","کبد","کلیه","معده","A","قلب خون را در گردش عمومی به حرکت درمی‌آورد.","ترنم همدلی","original","1405"
"یازدهم","تجربی","زیست‌شناسی","زیست‌شناسی","زیست‌شناسی سلولی","مفاهیم پایه","درک مفهومی","متوسط","کدام ساختار محل اصلی تولید انرژی قابل استفاده در سلول است؟","میتوکندری","هسته","ریبوزوم","دیواره سلولی","A","میتوکندری در تولید ATP نقش اساسی دارد.","ترنم همدلی","original","1405"
"یازدهم","تجربی","زیست‌شناسی","زیست‌شناسی","زیست‌شناسی سلولی","مفاهیم پایه","درک مفهومی","آسان","کدام مولکول نقش اصلی در انتقال اطلاعات ژنتیکی دارد؟","DNA","گلوکز","هموگلوبین","آب","A","DNA حامل اطلاعات ژنتیکی است.","ترنم همدلی","original","1405"
"یازدهم","تجربی","زیست‌شناسی","زیست‌شناسی","زیست‌شناسی سلولی","مفاهیم پایه","درک مفهومی","متوسط","کدام فرایند برای ساخت پروتئین ضروری است؟","ترجمه","تبخیر","تقطیر","احتراق","A","ترجمه فرایندی است که طی آن اطلاعات RNA به زنجیره پروتئینی تبدیل می‌شود.","ترنم همدلی","original","1405"
"یازدهم","تجربی","زیست‌شناسی","زیست‌شناسی","زیست‌شناسی سلولی","مفاهیم پایه","درک مفهومی","متوسط","کدام اندام در بدن انسان نقش اصلی در پمپاژ خون دارد؟","قلب","کبد","کلیه","معده","A","قلب خون را در گردش عمومی به حرکت درمی‌آورد.","ترنم همدلی","original","1405"
"یازدهم","تجربی","زیست‌شناسی","زیست‌شناسی","زیست‌شناسی سلولی","مفاهیم پایه","درک مفهومی","آسان","کدام ساختار محل اصلی تولید انرژی قابل استفاده در سلول است؟","میتوکندری","هسته","ریبوزوم","دیواره سلولی","A","میتوکندری در تولید ATP نقش اساسی دارد.","ترنم همدلی","original","1405"
"یازدهم","تجربی","زیست‌شناسی","زیست‌شناسی","زیست‌شناسی سلولی","مفاهیم پایه","درک مفهومی","متوسط","کدام مولکول نقش اصلی در انتقال اطلاعات ژنتیکی دارد؟","DNA","گلوکز","هموگلوبین","آب","A","DNA حامل اطلاعات ژنتیکی است.","ترنم همدلی","original","1405"
"یازدهم","تجربی","زیست‌شناسی","زیست‌شناسی","زیست‌شناسی سلولی","مفاهیم پایه","درک مفهومی","متوسط","کدام فرایند برای ساخت پروتئین ضروری است؟","ترجمه","تبخیر","تقطیر","احتراق","A","ترجمه فرایندی است که طی آن اطلاعات RNA به زنجیره پروتئینی تبدیل می‌شود.","ترنم همدلی","original","1405"
"یازدهم","تجربی","زیست‌شناسی","زیست‌شناسی","زیست‌شناسی سلولی","مفاهیم پایه","درک مفهومی","آسان","کدام اندام در بدن انسان نقش اصلی در پمپاژ خون دارد؟","قلب","کبد","کلیه","معده","A","قلب خون را در گردش عمومی به حرکت درمی‌آورد.","ترنم همدلی","original","1405"
"یازدهم","تجربی","زیست‌شناسی","زیست‌شناسی","زیست‌شناسی سلولی","مفاهیم پایه","درک مفهومی","متوسط","کدام ساختار محل اصلی تولید انرژی قابل استفاده در سلول است؟","میتوکندری","هسته","ریبوزوم","دیواره سلولی","A","میتوکندری در تولید ATP نقش اساسی دارد.","ترنم همدلی","original","1405"
"یازدهم","تجربی","زیست‌شناسی","زیست‌شناسی","زیست‌شناسی سلولی","مفاهیم پایه","درک مفهومی","متوسط","کدام مولکول نقش اصلی در انتقال اطلاعات ژنتیکی دارد؟","DNA","گلوکز","هموگلوبین","آب","A","DNA حامل اطلاعات ژنتیکی است.","ترنم همدلی","original","1405"
"یازدهم","تجربی","زیست‌شناسی","زیست‌شناسی","زیست‌شناسی سلولی","مفاهیم پایه","درک مفهومی","آسان","کدام فرایند برای ساخت پروتئین ضروری است؟","ترجمه","تبخیر","تقطیر","احتراق","A","ترجمه فرایندی است که طی آن اطلاعات RNA به زنجیره پروتئینی تبدیل می‌شود.","ترنم همدلی","original","1405"
"یازدهم","تجربی","زیست‌شناسی","زیست‌شناسی","زیست‌شناسی سلولی","مفاهیم پایه","درک مفهومی","متوسط","کدام اندام در بدن انسان نقش اصلی در پمپاژ خون دارد؟","قلب","کبد","کلیه","معده","A","قلب خون را در گردش عمومی به حرکت درمی‌آورد.","ترنم همدلی","original","1405"
"یازدهم","تجربی","زیست‌شناسی","زیست‌شناسی","زیست‌شناسی سلولی","مفاهیم پایه","درک مفهومی","متوسط","کدام ساختار محل اصلی تولید انرژی قابل استفاده در سلول است؟","میتوکندری","هسته","ریبوزوم","دیواره سلولی","A","میتوکندری در تولید ATP نقش اساسی دارد.","ترنم همدلی","original","1405"
"یازدهم","تجربی","زیست‌شناسی","زیست‌شناسی","زیست‌شناسی سلولی","مفاهیم پایه","درک مفهومی","آسان","کدام مولکول نقش اصلی در انتقال اطلاعات ژنتیکی دارد؟","DNA","گلوکز","هموگلوبین","آب","A","DNA حامل اطلاعات ژنتیکی است.","ترنم همدلی","original","1405"
"یازدهم","تجربی","زیست‌شناسی","زیست‌شناسی","زیست‌شناسی سلولی","مفاهیم پایه","درک مفهومی","متوسط","کدام فرایند برای ساخت پروتئین ضروری است؟","ترجمه","تبخیر","تقطیر","احتراق","A","ترجمه فرایندی است که طی آن اطلاعات RNA به زنجیره پروتئینی تبدیل می‌شود.","ترنم همدلی","original","1405"
"یازدهم","تجربی","زیست‌شناسی","زیست‌شناسی","زیست‌شناسی سلولی","مفاهیم پایه","درک مفهومی","متوسط","کدام اندام در بدن انسان نقش اصلی در پمپاژ خون دارد؟","قلب","کبد","کلیه","معده","A","قلب خون را در گردش عمومی به حرکت درمی‌آورد.","ترنم همدلی","original","1405"
"یازدهم","تجربی","زیست‌شناسی","زیست‌شناسی","زیست‌شناسی سلولی","مفاهیم پایه","درک مفهومی","آسان","کدام ساختار محل اصلی تولید انرژی قابل استفاده در سلول است؟","میتوکندری","هسته","ریبوزوم","دیواره سلولی","A","میتوکندری در تولید ATP نقش اساسی دارد.","ترنم همدلی","original","1405"
"یازدهم","تجربی","زیست‌شناسی","زیست‌شناسی","زیست‌شناسی سلولی","مفاهیم پایه","درک مفهومی","متوسط","کدام مولکول نقش اصلی در انتقال اطلاعات ژنتیکی دارد؟","DNA","گلوکز","هموگلوبین","آب","A","DNA حامل اطلاعات ژنتیکی است.","ترنم همدلی","original","1405"
"یازدهم","تجربی","زیست‌شناسی","زیست‌شناسی","زیست‌شناسی سلولی","مفاهیم پایه","درک مفهومی","متوسط","کدام فرایند برای ساخت پروتئین ضروری است؟","ترجمه","تبخیر","تقطیر","احتراق","A","ترجمه فرایندی است که طی آن اطلاعات RNA به زنجیره پروتئینی تبدیل می‌شود.","ترنم همدلی","original","1405"
"یازدهم","تجربی","زیست‌شناسی","زیست‌شناسی","زیست‌شناسی سلولی","مفاهیم پایه","درک مفهومی","آسان","کدام اندام در بدن انسان نقش اصلی در پمپاژ خون دارد؟","قلب","کبد","کلیه","معده","A","قلب خون را در گردش عمومی به حرکت درمی‌آورد.","ترنم همدلی","original","1405"
"یازدهم","تجربی","زیست‌شناسی","زیست‌شناسی","زیست‌شناسی سلولی","مفاهیم پایه","درک مفهومی","متوسط","کدام ساختار محل اصلی تولید انرژی قابل استفاده در سلول است؟","میتوکندری","هسته","ریبوزوم","دیواره سلولی","A","میتوکندری در تولید ATP نقش اساسی دارد.","ترنم همدلی","original","1405"
"یازدهم","تجربی","زیست‌شناسی","زیست‌شناسی","زیست‌شناسی سلولی","مفاهیم پایه","درک مفهومی","متوسط","کدام مولکول نقش اصلی در انتقال اطلاعات ژنتیکی دارد؟","DNA","گلوکز","هموگلوبین","آب","A","DNA حامل اطلاعات ژنتیکی است.","ترنم همدلی","original","1405"
"یازدهم","تجربی","زیست‌شناسی","زیست‌شناسی","زیست‌شناسی سلولی","مفاهیم پایه","درک مفهومی","آسان","کدام فرایند برای ساخت پروتئین ضروری است؟","ترجمه","تبخیر","تقطیر","احتراق","A","ترجمه فرایندی است که طی آن اطلاعات RNA به زنجیره پروتئینی تبدیل می‌شود.","ترنم همدلی","original","1405"
"یازدهم","تجربی","زیست‌شناسی","زیست‌شناسی","زیست‌شناسی سلولی","مفاهیم پایه","درک مفهومی","متوسط","کدام اندام در بدن انسان نقش اصلی در پمپاژ خون دارد؟","قلب","کبد","کلیه","معده","A","قلب خون را در گردش عمومی به حرکت درمی‌آورد.","ترنم همدلی","original","1405"
"یازدهم","تجربی","زیست‌شناسی","زیست‌شناسی","زیست‌شناسی سلولی","مفاهیم پایه","درک مفهومی","متوسط","کدام ساختار محل اصلی تولید انرژی قابل استفاده در سلول است؟","میتوکندری","هسته","ریبوزوم","دیواره سلولی","A","میتوکندری در تولید ATP نقش اساسی دارد.","ترنم همدلی","original","1405"
"یازدهم","تجربی","زیست‌شناسی","زیست‌شناسی","زیست‌شناسی سلولی","مفاهیم پایه","درک مفهومی","آسان","کدام مولکول نقش اصلی در انتقال اطلاعات ژنتیکی دارد؟","DNA","گلوکز","هموگلوبین","آب","A","DNA حامل اطلاعات ژنتیکی است.","ترنم همدلی","original","1405"
"یازدهم","تجربی","زیست‌شناسی","زیست‌شناسی","زیست‌شناسی سلولی","مفاهیم پایه","درک مفهومی","متوسط","کدام فرایند برای ساخت پروتئین ضروری است؟","ترجمه","تبخیر","تقطیر","احتراق","A","ترجمه فرایندی است که طی آن اطلاعات RNA به زنجیره پروتئینی تبدیل می‌شود.","ترنم همدلی","original","1405"
"یازدهم","تجربی","زیست‌شناسی","زیست‌شناسی","زیست‌شناسی سلولی","مفاهیم پایه","درک مفهومی","متوسط","کدام اندام در بدن انسان نقش اصلی در پمپاژ خون دارد؟","قلب","کبد","کلیه","معده","A","قلب خون را در گردش عمومی به حرکت درمی‌آورد.","ترنم همدلی","original","1405"
"یازدهم","تجربی","زیست‌شناسی","زیست‌شناسی","زیست‌شناسی سلولی","مفاهیم پایه","درک مفهومی","آسان","کدام ساختار محل اصلی تولید انرژی قابل استفاده در سلول است؟","میتوکندری","هسته","ریبوزوم","دیواره سلولی","A","میتوکندری در تولید ATP نقش اساسی دارد.","ترنم همدلی","original","1405"
"یازدهم","تجربی","زیست‌شناسی","زیست‌شناسی","زیست‌شناسی سلولی","مفاهیم پایه","درک مفهومی","متوسط","کدام مولکول نقش اصلی در انتقال اطلاعات ژنتیکی دارد؟","DNA","گلوکز","هموگلوبین","آب","A","DNA حامل اطلاعات ژنتیکی است.","ترنم همدلی","original","1405"
"یازدهم","تجربی","زیست‌شناسی","زیست‌شناسی","زیست‌شناسی سلولی","مفاهیم پایه","درک مفهومی","متوسط","کدام فرایند برای ساخت پروتئین ضروری است؟","ترجمه","تبخیر","تقطیر","احتراق","A","ترجمه فرایندی است که طی آن اطلاعات RNA به زنجیره پروتئینی تبدیل می‌شود.","ترنم همدلی","original","1405"
"یازدهم","تجربی","زیست‌شناسی","زیست‌شناسی","زیست‌شناسی سلولی","مفاهیم پایه","درک مفهومی","آسان","کدام اندام در بدن انسان نقش اصلی در پمپاژ خون دارد؟","قلب","کبد","کلیه","معده","A","قلب خون را در گردش عمومی به حرکت درمی‌آورد.","ترنم همدلی","original","1405"
"یازدهم","تجربی","زیست‌شناسی","زیست‌شناسی","زیست‌شناسی سلولی","مفاهیم پایه","درک مفهومی","متوسط","کدام ساختار محل اصلی تولید انرژی قابل استفاده در سلول است؟","میتوکندری","هسته","ریبوزوم","دیواره سلولی","A","میتوکندری در تولید ATP نقش اساسی دارد.","ترنم همدلی","original","1405"
"یازدهم","تجربی","زیست‌شناسی","زیست‌شناسی","زیست‌شناسی سلولی","مفاهیم پایه","درک مفهومی","متوسط","کدام مولکول نقش اصلی در انتقال اطلاعات ژنتیکی دارد؟","DNA","گلوکز","هموگلوبین","آب","A","DNA حامل اطلاعات ژنتیکی است.","ترنم همدلی","original","1405"
"یازدهم","تجربی","زیست‌شناسی","زیست‌شناسی","زیست‌شناسی سلولی","مفاهیم پایه","درک مفهومی","آسان","کدام فرایند برای ساخت پروتئین ضروری است؟","ترجمه","تبخیر","تقطیر","احتراق","A","ترجمه فرایندی است که طی آن اطلاعات RNA به زنجیره پروتئینی تبدیل می‌شود.","ترنم همدلی","original","1405"
"یازدهم","تجربی","زیست‌شناسی","زیست‌شناسی","زیست‌شناسی سلولی","مفاهیم پایه","درک مفهومی","متوسط","کدام اندام در بدن انسان نقش اصلی در پمپاژ خون دارد؟","قلب","کبد","کلیه","معده","A","قلب خون را در گردش عمومی به حرکت درمی‌آورد.","ترنم همدلی","original","1405"
"یازدهم","تجربی","زیست‌شناسی","زیست‌شناسی","زیست‌شناسی سلولی","مفاهیم پایه","درک مفهومی","متوسط","کدام ساختار محل اصلی تولید انرژی قابل استفاده در سلول است؟","میتوکندری","هسته","ریبوزوم","دیواره سلولی","A","میتوکندری در تولید ATP نقش اساسی دارد.","ترنم همدلی","original","1405"
"یازدهم","تجربی","زیست‌شناسی","زیست‌شناسی","زیست‌شناسی سلولی","مفاهیم پایه","درک مفهومی","آسان","کدام مولکول نقش اصلی در انتقال اطلاعات ژنتیکی دارد؟","DNA","گلوکز","هموگلوبین","آب","A","DNA حامل اطلاعات ژنتیکی است.","ترنم همدلی","original","1405"
"یازدهم","تجربی","زیست‌شناسی","زیست‌شناسی","زیست‌شناسی سلولی","مفاهیم پایه","درک مفهومی","متوسط","کدام فرایند برای ساخت پروتئین ضروری است؟","ترجمه","تبخیر","تقطیر","احتراق","A","ترجمه فرایندی است که طی آن اطلاعات RNA به زنجیره پروتئینی تبدیل می‌شود.","ترنم همدلی","original","1405"
"یازدهم","تجربی","زیست‌شناسی","زیست‌شناسی","زیست‌شناسی سلولی","مفاهیم پایه","درک مفهومی","متوسط","کدام اندام در بدن انسان نقش اصلی در پمپاژ خون دارد؟","قلب","کبد","کلیه","معده","A","قلب خون را در گردش عمومی به حرکت درمی‌آورد.","ترنم همدلی","original","1405"
"یازدهم","تجربی","زیست‌شناسی","زیست‌شناسی","زیست‌شناسی سلولی","مفاهیم پایه","درک مفهومی","آسان","کدام ساختار محل اصلی تولید انرژی قابل استفاده در سلول است؟","میتوکندری","هسته","ریبوزوم","دیواره سلولی","A","میتوکندری در تولید ATP نقش اساسی دارد.","ترنم همدلی","original","1405"
"یازدهم","تجربی","زیست‌شناسی","زیست‌شناسی","زیست‌شناسی سلولی","مفاهیم پایه","درک مفهومی","متوسط","کدام مولکول نقش اصلی در انتقال اطلاعات ژنتیکی دارد؟","DNA","گلوکز","هموگلوبین","آب","A","DNA حامل اطلاعات ژنتیکی است.","ترنم همدلی","original","1405"
"یازدهم","تجربی","زیست‌شناسی","زیست‌شناسی","زیست‌شناسی سلولی","مفاهیم پایه","درک مفهومی","متوسط","کدام فرایند برای ساخت پروتئین ضروری است؟","ترجمه","تبخیر","تقطیر","احتراق","A","ترجمه فرایندی است که طی آن اطلاعات RNA به زنجیره پروتئینی تبدیل می‌شود.","ترنم همدلی","original","1405"
"یازدهم","تجربی","زیست‌شناسی","زیست‌شناسی","زیست‌شناسی سلولی","مفاهیم پایه","درک مفهومی","آسان","کدام اندام در بدن انسان نقش اصلی در پمپاژ خون دارد؟","قلب","کبد","کلیه","معده","A","قلب خون را در گردش عمومی به حرکت درمی‌آورد.","ترنم همدلی","original","1405"
"یازدهم","تجربی","زیست‌شناسی","زیست‌شناسی","زیست‌شناسی سلولی","مفاهیم پایه","درک مفهومی","متوسط","کدام ساختار محل اصلی تولید انرژی قابل استفاده در سلول است؟","میتوکندری","هسته","ریبوزوم","دیواره سلولی","A","میتوکندری در تولید ATP نقش اساسی دارد.","ترنم همدلی","original","1405"
"یازدهم","تجربی","زیست‌شناسی","زیست‌شناسی","زیست‌شناسی سلولی","مفاهیم پایه","درک مفهومی","متوسط","کدام مولکول نقش اصلی در انتقال اطلاعات ژنتیکی دارد؟","DNA","گلوکز","هموگلوبین","آب","A","DNA حامل اطلاعات ژنتیکی است.","ترنم همدلی","original","1405"
"یازدهم","تجربی","زیست‌شناسی","زیست‌شناسی","زیست‌شناسی سلولی","مفاهیم پایه","درک مفهومی","آسان","کدام فرایند برای ساخت پروتئین ضروری است؟","ترجمه","تبخیر","تقطیر","احتراق","A","ترجمه فرایندی است که طی آن اطلاعات RNA به زنجیره پروتئینی تبدیل می‌شود.","ترنم همدلی","original","1405"
"یازدهم","تجربی","زیست‌شناسی","زیست‌شناسی","زیست‌شناسی سلولی","مفاهیم پایه","درک مفهومی","متوسط","کدام اندام در بدن انسان نقش اصلی در پمپاژ خون دارد؟","قلب","کبد","کلیه","معده","A","قلب خون را در گردش عمومی به حرکت درمی‌آورد.","ترنم همدلی","original","1405"
"یازدهم","تجربی","زیست‌شناسی","زیست‌شناسی","زیست‌شناسی سلولی","مفاهیم پایه","درک مفهومی","متوسط","کدام ساختار محل اصلی تولید انرژی قابل استفاده در سلول است؟","میتوکندری","هسته","ریبوزوم","دیواره سلولی","A","میتوکندری در تولید ATP نقش اساسی دارد.","ترنم همدلی","original","1405"
"یازدهم","تجربی","زیست‌شناسی","زیست‌شناسی","زیست‌شناسی سلولی","مفاهیم پایه","درک مفهومی","آسان","کدام مولکول نقش اصلی در انتقال اطلاعات ژنتیکی دارد؟","DNA","گلوکز","هموگلوبین","آب","A","DNA حامل اطلاعات ژنتیکی است.","ترنم همدلی","original","1405"
"یازدهم","تجربی","زیست‌شناسی","زیست‌شناسی","زیست‌شناسی سلولی","مفاهیم پایه","درک مفهومی","متوسط","کدام فرایند برای ساخت پروتئین ضروری است؟","ترجمه","تبخیر","تقطیر","احتراق","A","ترجمه فرایندی است که طی آن اطلاعات RNA به زنجیره پروتئینی تبدیل می‌شود.","ترنم همدلی","original","1405"
"یازدهم","تجربی","زیست‌شناسی","زیست‌شناسی","زیست‌شناسی سلولی","مفاهیم پایه","درک مفهومی","متوسط","کدام اندام در بدن انسان نقش اصلی در پمپاژ خون دارد؟","قلب","کبد","کلیه","معده","A","قلب خون را در گردش عمومی به حرکت درمی‌آورد.","ترنم همدلی","original","1405"
"یازدهم","تجربی","زیست‌شناسی","زیست‌شناسی","زیست‌شناسی سلولی","مفاهیم پایه","درک مفهومی","آسان","کدام ساختار محل اصلی تولید انرژی قابل استفاده در سلول است؟","میتوکندری","هسته","ریبوزوم","دیواره سلولی","A","میتوکندری در تولید ATP نقش اساسی دارد.","ترنم همدلی","original","1405"
"یازدهم","تجربی","زیست‌شناسی","زیست‌شناسی","زیست‌شناسی سلولی","مفاهیم پایه","درک مفهومی","متوسط","کدام مولکول نقش اصلی در انتقال اطلاعات ژنتیکی دارد؟","DNA","گلوکز","هموگلوبین","آب","A","DNA حامل اطلاعات ژنتیکی است.","ترنم همدلی","original","1405"
"یازدهم","تجربی","زیست‌شناسی","زیست‌شناسی","زیست‌شناسی سلولی","مفاهیم پایه","درک مفهومی","متوسط","کدام فرایند برای ساخت پروتئین ضروری است؟","ترجمه","تبخیر","تقطیر","احتراق","A","ترجمه فرایندی است که طی آن اطلاعات RNA به زنجیره پروتئینی تبدیل می‌شود.","ترنم همدلی","original","1405"
"یازدهم","تجربی","زیست‌شناسی","زیست‌شناسی","زیست‌شناسی سلولی","مفاهیم پایه","درک مفهومی","آسان","کدام اندام در بدن انسان نقش اصلی در پمپاژ خون دارد؟","قلب","کبد","کلیه","معده","A","قلب خون را در گردش عمومی به حرکت درمی‌آورد.","ترنم همدلی","original","1405"
"یازدهم","تجربی","زیست‌شناسی","زیست‌شناسی","زیست‌شناسی سلولی","مفاهیم پایه","درک مفهومی","متوسط","کدام ساختار محل اصلی تولید انرژی قابل استفاده در سلول است؟","میتوکندری","هسته","ریبوزوم","دیواره سلولی","A","میتوکندری در تولید ATP نقش اساسی دارد.","ترنم همدلی","original","1405"
"یازدهم","تجربی","زیست‌شناسی","زیست‌شناسی","زیست‌شناسی سلولی","مفاهیم پایه","درک مفهومی","متوسط","کدام مولکول نقش اصلی در انتقال اطلاعات ژنتیکی دارد؟","DNA","گلوکز","هموگلوبین","آب","A","DNA حامل اطلاعات ژنتیکی است.","ترنم همدلی","original","1405"
"یازدهم","تجربی","زیست‌شناسی","زیست‌شناسی","زیست‌شناسی سلولی","مفاهیم پایه","درک مفهومی","آسان","کدام فرایند برای ساخت پروتئین ضروری است؟","ترجمه","تبخیر","تقطیر","احتراق","A","ترجمه فرایندی است که طی آن اطلاعات RNA به زنجیره پروتئینی تبدیل می‌شود.","ترنم همدلی","original","1405"
"یازدهم","تجربی","زیست‌شناسی","زیست‌شناسی","زیست‌شناسی سلولی","مفاهیم پایه","درک مفهومی","متوسط","کدام اندام در بدن انسان نقش اصلی در پمپاژ خون دارد؟","قلب","کبد","کلیه","معده","A","قلب خون را در گردش عمومی به حرکت درمی‌آورد.","ترنم همدلی","original","1405"
"یازدهم","تجربی","زیست‌شناسی","زیست‌شناسی","زیست‌شناسی سلولی","مفاهیم پایه","درک مفهومی","متوسط","کدام ساختار محل اصلی تولید انرژی قابل استفاده در سلول است؟","میتوکندری","هسته","ریبوزوم","دیواره سلولی","A","میتوکندری در تولید ATP نقش اساسی دارد.","ترنم همدلی","original","1405"
"یازدهم","تجربی","زیست‌شناسی","زیست‌شناسی","زیست‌شناسی سلولی","مفاهیم پایه","درک مفهومی","آسان","کدام مولکول نقش اصلی در انتقال اطلاعات ژنتیکی دارد؟","DNA","گلوکز","هموگلوبین","آب","A","DNA حامل اطلاعات ژنتیکی است.","ترنم همدلی","original","1405"
"یازدهم","تجربی","زیست‌شناسی","زیست‌شناسی","زیست‌شناسی سلولی","مفاهیم پایه","درک مفهومی","متوسط","کدام فرایند برای ساخت پروتئین ضروری است؟","ترجمه","تبخیر","تقطیر","احتراق","A","ترجمه فرایندی است که طی آن اطلاعات RNA به زنجیره پروتئینی تبدیل می‌شود.","ترنم همدلی","original","1405"
"یازدهم","تجربی","زیست‌شناسی","زیست‌شناسی","زیست‌شناسی سلولی","مفاهیم پایه","درک مفهومی","متوسط","کدام اندام در بدن انسان نقش اصلی در پمپاژ خون دارد؟","قلب","کبد","کلیه","معده","A","قلب خون را در گردش عمومی به حرکت درمی‌آورد.","ترنم همدلی","original","1405"
"یازدهم","تجربی","زیست‌شناسی","زیست‌شناسی","زیست‌شناسی سلولی","مفاهیم پایه","درک مفهومی","آسان","کدام ساختار محل اصلی تولید انرژی قابل استفاده در سلول است؟","میتوکندری","هسته","ریبوزوم","دیواره سلولی","A","میتوکندری در تولید ATP نقش اساسی دارد.","ترنم همدلی","original","1405"
"یازدهم","تجربی","زیست‌شناسی","زیست‌شناسی","زیست‌شناسی سلولی","مفاهیم پایه","درک مفهومی","متوسط","کدام مولکول نقش اصلی در انتقال اطلاعات ژنتیکی دارد؟","DNA","گلوکز","هموگلوبین","آب","A","DNA حامل اطلاعات ژنتیکی است.","ترنم همدلی","original","1405"
"یازدهم","تجربی","زیست‌شناسی","زیست‌شناسی","زیست‌شناسی سلولی","مفاهیم پایه","درک مفهومی","متوسط","کدام فرایند برای ساخت پروتئین ضروری است؟","ترجمه","تبخیر","تقطیر","احتراق","A","ترجمه فرایندی است که طی آن اطلاعات RNA به زنجیره پروتئینی تبدیل می‌شود.","ترنم همدلی","original","1405"
"یازدهم","تجربی","زیست‌شناسی","زیست‌شناسی","زیست‌شناسی سلولی","مفاهیم پایه","درک مفهومی","آسان","کدام اندام در بدن انسان نقش اصلی در پمپاژ خون دارد؟","قلب","کبد","کلیه","معده","A","قلب خون را در گردش عمومی به حرکت درمی‌آورد.","ترنم همدلی","original","1405"
"یازدهم","تجربی","زیست‌شناسی","زیست‌شناسی","زیست‌شناسی سلولی","مفاهیم پایه","درک مفهومی","متوسط","کدام ساختار محل اصلی تولید انرژی قابل استفاده در سلول است؟","میتوکندری","هسته","ریبوزوم","دیواره سلولی","A","میتوکندری در تولید ATP نقش اساسی دارد.","ترنم همدلی","original","1405"
"یازدهم","تجربی","زیست‌شناسی","زیست‌شناسی","زیست‌شناسی سلولی","مفاهیم پایه","درک مفهومی","متوسط","کدام مولکول نقش اصلی در انتقال اطلاعات ژنتیکی دارد؟","DNA","گلوکز","هموگلوبین","آب","A","DNA حامل اطلاعات ژنتیکی است.","ترنم همدلی","original","1405"
"یازدهم","تجربی","زیست‌شناسی","زیست‌شناسی","زیست‌شناسی سلولی","مفاهیم پایه","درک مفهومی","آسان","کدام فرایند برای ساخت پروتئین ضروری است؟","ترجمه","تبخیر","تقطیر","احتراق","A","ترجمه فرایندی است که طی آن اطلاعات RNA به زنجیره پروتئینی تبدیل می‌شود.","ترنم همدلی","original","1405"
"یازدهم","تجربی","زیست‌شناسی","زیست‌شناسی","زیست‌شناسی سلولی","مفاهیم پایه","درک مفهومی","متوسط","کدام اندام در بدن انسان نقش اصلی در پمپاژ خون دارد؟","قلب","کبد","کلیه","معده","A","قلب خون را در گردش عمومی به حرکت درمی‌آورد.","ترنم همدلی","original","1405"
"یازدهم","تجربی","زیست‌شناسی","زیست‌شناسی","زیست‌شناسی سلولی","مفاهیم پایه","درک مفهومی","متوسط","کدام ساختار محل اصلی تولید انرژی قابل استفاده در سلول است؟","میتوکندری","هسته","ریبوزوم","دیواره سلولی","A","میتوکندری در تولید ATP نقش اساسی دارد.","ترنم همدلی","original","1405"
"یازدهم","تجربی","زیست‌شناسی","زیست‌شناسی","زیست‌شناسی سلولی","مفاهیم پایه","درک مفهومی","آسان","کدام مولکول نقش اصلی در انتقال اطلاعات ژنتیکی دارد؟","DNA","گلوکز","هموگلوبین","آب","A","DNA حامل اطلاعات ژنتیکی است.","ترنم همدلی","original","1405"
"یازدهم","تجربی","زیست‌شناسی","زیست‌شناسی","زیست‌شناسی سلولی","مفاهیم پایه","درک مفهومی","متوسط","کدام فرایند برای ساخت پروتئین ضروری است؟","ترجمه","تبخیر","تقطیر","احتراق","A","ترجمه فرایندی است که طی آن اطلاعات RNA به زنجیره پروتئینی تبدیل می‌شود.","ترنم همدلی","original","1405"
"یازدهم","تجربی","زیست‌شناسی","زیست‌شناسی","زیست‌شناسی سلولی","مفاهیم پایه","درک مفهومی","متوسط","کدام اندام در بدن انسان نقش اصلی در پمپاژ خون دارد؟","قلب","کبد","کلیه","معده","A","قلب خون را در گردش عمومی به حرکت درمی‌آورد.","ترنم همدلی","original","1405"
"یازدهم","تجربی","زیست‌شناسی","زیست‌شناسی","زیست‌شناسی سلولی","مفاهیم پایه","درک مفهومی","آسان","کدام ساختار محل اصلی تولید انرژی قابل استفاده در سلول است؟","میتوکندری","هسته","ریبوزوم","دیواره سلولی","A","میتوکندری در تولید ATP نقش اساسی دارد.","ترنم همدلی","original","1405"
"یازدهم","تجربی","زیست‌شناسی","زیست‌شناسی","زیست‌شناسی سلولی","مفاهیم پایه","درک مفهومی","متوسط","کدام مولکول نقش اصلی در انتقال اطلاعات ژنتیکی دارد؟","DNA","گلوکز","هموگلوبین","آب","A","DNA حامل اطلاعات ژنتیکی است.","ترنم همدلی","original","1405"
"یازدهم","تجربی","زیست‌شناسی","زیست‌شناسی","زیست‌شناسی سلولی","مفاهیم پایه","درک مفهومی","متوسط","کدام فرایند برای ساخت پروتئین ضروری است؟","ترجمه","تبخیر","تقطیر","احتراق","A","ترجمه فرایندی است که طی آن اطلاعات RNA به زنجیره پروتئینی تبدیل می‌شود.","ترنم همدلی","original","1405"
"یازدهم","تجربی","زیست‌شناسی","زیست‌شناسی","زیست‌شناسی سلولی","مفاهیم پایه","درک مفهومی","آسان","کدام اندام در بدن انسان نقش اصلی در پمپاژ خون دارد؟","قلب","کبد","کلیه","معده","A","قلب خون را در گردش عمومی به حرکت درمی‌آورد.","ترنم همدلی","original","1405"
"یازدهم","تجربی","زیست‌شناسی","زیست‌شناسی","زیست‌شناسی سلولی","مفاهیم پایه","درک مفهومی","متوسط","کدام ساختار محل اصلی تولید انرژی قابل استفاده در سلول است؟","میتوکندری","هسته","ریبوزوم","دیواره سلولی","A","میتوکندری در تولید ATP نقش اساسی دارد.","ترنم همدلی","original","1405"
"یازدهم","تجربی","زیست‌شناسی","زیست‌شناسی","زیست‌شناسی سلولی","مفاهیم پایه","درک مفهومی","متوسط","کدام مولکول نقش اصلی در انتقال اطلاعات ژنتیکی دارد؟","DNA","گلوکز","هموگلوبین","آب","A","DNA حامل اطلاعات ژنتیکی است.","ترنم همدلی","original","1405"
"یازدهم","تجربی","زیست‌شناسی","زیست‌شناسی","زیست‌شناسی سلولی","مفاهیم پایه","درک مفهومی","آسان","کدام فرایند برای ساخت پروتئین ضروری است؟","ترجمه","تبخیر","تقطیر","احتراق","A","ترجمه فرایندی است که طی آن اطلاعات RNA به زنجیره پروتئینی تبدیل می‌شود.","ترنم همدلی","original","1405"
"یازدهم","تجربی","زیست‌شناسی","زیست‌شناسی","زیست‌شناسی سلولی","مفاهیم پایه","درک مفهومی","متوسط","کدام اندام در بدن انسان نقش اصلی در پمپاژ خون دارد؟","قلب","کبد","کلیه","معده","A","قلب خون را در گردش عمومی به حرکت درمی‌آورد.","ترنم همدلی","original","1405"
"یازدهم","تجربی","زیست‌شناسی","زیست‌شناسی","زیست‌شناسی سلولی","مفاهیم پایه","درک مفهومی","متوسط","کدام ساختار محل اصلی تولید انرژی قابل استفاده در سلول است؟","میتوکندری","هسته","ریبوزوم","دیواره سلولی","A","میتوکندری در تولید ATP نقش اساسی دارد.","ترنم همدلی","original","1405"
"یازدهم","تجربی","زیست‌شناسی","زیست‌شناسی","زیست‌شناسی سلولی","مفاهیم پایه","درک مفهومی","آسان","کدام مولکول نقش اصلی در انتقال اطلاعات ژنتیکی دارد؟","DNA","گلوکز","هموگلوبین","آب","A","DNA حامل اطلاعات ژنتیکی است.","ترنم همدلی","original","1405"
"یازدهم","تجربی","زیست‌شناسی","زیست‌شناسی","زیست‌شناسی سلولی","مفاهیم پایه","درک مفهومی","متوسط","کدام فرایند برای ساخت پروتئین ضروری است؟","ترجمه","تبخیر","تقطیر","احتراق","A","ترجمه فرایندی است که طی آن اطلاعات RNA به زنجیره پروتئینی تبدیل می‌شود.","ترنم همدلی","original","1405"
"یازدهم","تجربی","زیست‌شناسی","زیست‌شناسی","زیست‌شناسی سلولی","مفاهیم پایه","درک مفهومی","متوسط","کدام اندام در بدن انسان نقش اصلی در پمپاژ خون دارد؟","قلب","کبد","کلیه","معده","A","قلب خون را در گردش عمومی به حرکت درمی‌آورد.","ترنم همدلی","original","1405"
"یازدهم","تجربی","زیست‌شناسی","زیست‌شناسی","زیست‌شناسی سلولی","مفاهیم پایه","درک مفهومی","آسان","کدام ساختار محل اصلی تولید انرژی قابل استفاده در سلول است؟","میتوکندری","هسته","ریبوزوم","دیواره سلولی","A","میتوکندری در تولید ATP نقش اساسی دارد.","ترنم همدلی","original","1405"
"یازدهم","تجربی","زیست‌شناسی","زیست‌شناسی","زیست‌شناسی سلولی","مفاهیم پایه","درک مفهومی","متوسط","کدام مولکول نقش اصلی در انتقال اطلاعات ژنتیکی دارد؟","DNA","گلوکز","هموگلوبین","آب","A","DNA حامل اطلاعات ژنتیکی است.","ترنم همدلی","original","1405"
"یازدهم","تجربی","زیست‌شناسی","زیست‌شناسی","زیست‌شناسی سلولی","مفاهیم پایه","درک مفهومی","متوسط","کدام فرایند برای ساخت پروتئین ضروری است؟","ترجمه","تبخیر","تقطیر","احتراق","A","ترجمه فرایندی است که طی آن اطلاعات RNA به زنجیره پروتئینی تبدیل می‌شود.","ترنم همدلی","original","1405"
"یازدهم","تجربی","زیست‌شناسی","زیست‌شناسی","زیست‌شناسی سلولی","مفاهیم پایه","درک مفهومی","آسان","کدام اندام در بدن انسان نقش اصلی در پمپاژ خون دارد؟","قلب","کبد","کلیه","معده","A","قلب خون را در گردش عمومی به حرکت درمی‌آورد.","ترنم همدلی","original","1405"
"دوازدهم","تجربی","زیست‌شناسی","زیست‌شناسی","زیست‌شناسی سلولی","مفاهیم پایه","درک مفهومی","آسان","کدام ساختار محل اصلی تولید انرژی قابل استفاده در سلول است؟","میتوکندری","هسته","ریبوزوم","دیواره سلولی","A","میتوکندری در تولید ATP نقش اساسی دارد.","ترنم همدلی","original","1405"
"دوازدهم","تجربی","زیست‌شناسی","زیست‌شناسی","زیست‌شناسی سلولی","مفاهیم پایه","درک مفهومی","متوسط","کدام مولکول نقش اصلی در انتقال اطلاعات ژنتیکی دارد؟","DNA","گلوکز","هموگلوبین","آب","A","DNA حامل اطلاعات ژنتیکی است.","ترنم همدلی","original","1405"
"دوازدهم","تجربی","زیست‌شناسی","زیست‌شناسی","زیست‌شناسی سلولی","مفاهیم پایه","درک مفهومی","متوسط","کدام فرایند برای ساخت پروتئین ضروری است؟","ترجمه","تبخیر","تقطیر","احتراق","A","ترجمه فرایندی است که طی آن اطلاعات RNA به زنجیره پروتئینی تبدیل می‌شود.","ترنم همدلی","original","1405"
"دوازدهم","تجربی","زیست‌شناسی","زیست‌شناسی","زیست‌شناسی سلولی","مفاهیم پایه","درک مفهومی","آسان","کدام اندام در بدن انسان نقش اصلی در پمپاژ خون دارد؟","قلب","کبد","کلیه","معده","A","قلب خون را در گردش عمومی به حرکت درمی‌آورد.","ترنم همدلی","original","1405"
"دوازدهم","تجربی","زیست‌شناسی","زیست‌شناسی","زیست‌شناسی سلولی","مفاهیم پایه","درک مفهومی","متوسط","کدام ساختار محل اصلی تولید انرژی قابل استفاده در سلول است؟","میتوکندری","هسته","ریبوزوم","دیواره سلولی","A","میتوکندری در تولید ATP نقش اساسی دارد.","ترنم همدلی","original","1405"
"دوازدهم","تجربی","زیست‌شناسی","زیست‌شناسی","زیست‌شناسی سلولی","مفاهیم پایه","درک مفهومی","متوسط","کدام مولکول نقش اصلی در انتقال اطلاعات ژنتیکی دارد؟","DNA","گلوکز","هموگلوبین","آب","A","DNA حامل اطلاعات ژنتیکی است.","ترنم همدلی","original","1405"
"دوازدهم","تجربی","زیست‌شناسی","زیست‌شناسی","زیست‌شناسی سلولی","مفاهیم پایه","درک مفهومی","آسان","کدام فرایند برای ساخت پروتئین ضروری است؟","ترجمه","تبخیر","تقطیر","احتراق","A","ترجمه فرایندی است که طی آن اطلاعات RNA به زنجیره پروتئینی تبدیل می‌شود.","ترنم همدلی","original","1405"
"دوازدهم","تجربی","زیست‌شناسی","زیست‌شناسی","زیست‌شناسی سلولی","مفاهیم پایه","درک مفهومی","متوسط","کدام اندام در بدن انسان نقش اصلی در پمپاژ خون دارد؟","قلب","کبد","کلیه","معده","A","قلب خون را در گردش عمومی به حرکت درمی‌آورد.","ترنم همدلی","original","1405"
"دوازدهم","تجربی","زیست‌شناسی","زیست‌شناسی","زیست‌شناسی سلولی","مفاهیم پایه","درک مفهومی","متوسط","کدام ساختار محل اصلی تولید انرژی قابل استفاده در سلول است؟","میتوکندری","هسته","ریبوزوم","دیواره سلولی","A","میتوکندری در تولید ATP نقش اساسی دارد.","ترنم همدلی","original","1405"
"دوازدهم","تجربی","زیست‌شناسی","زیست‌شناسی","زیست‌شناسی سلولی","مفاهیم پایه","درک مفهومی","آسان","کدام مولکول نقش اصلی در انتقال اطلاعات ژنتیکی دارد؟","DNA","گلوکز","هموگلوبین","آب","A","DNA حامل اطلاعات ژنتیکی است.","ترنم همدلی","original","1405"
"دوازدهم","تجربی","زیست‌شناسی","زیست‌شناسی","زیست‌شناسی سلولی","مفاهیم پایه","درک مفهومی","متوسط","کدام فرایند برای ساخت پروتئین ضروری است؟","ترجمه","تبخیر","تقطیر","احتراق","A","ترجمه فرایندی است که طی آن اطلاعات RNA به زنجیره پروتئینی تبدیل می‌شود.","ترنم همدلی","original","1405"
"دوازدهم","تجربی","زیست‌شناسی","زیست‌شناسی","زیست‌شناسی سلولی","مفاهیم پایه","درک مفهومی","متوسط","کدام اندام در بدن انسان نقش اصلی در پمپاژ خون دارد؟","قلب","کبد","کلیه","معده","A","قلب خون را در گردش عمومی به حرکت درمی‌آورد.","ترنم همدلی","original","1405"
"دوازدهم","تجربی","زیست‌شناسی","زیست‌شناسی","زیست‌شناسی سلولی","مفاهیم پایه","درک مفهومی","آسان","کدام ساختار محل اصلی تولید انرژی قابل استفاده در سلول است؟","میتوکندری","هسته","ریبوزوم","دیواره سلولی","A","میتوکندری در تولید ATP نقش اساسی دارد.","ترنم همدلی","original","1405"
"دوازدهم","تجربی","زیست‌شناسی","زیست‌شناسی","زیست‌شناسی سلولی","مفاهیم پایه","درک مفهومی","متوسط","کدام مولکول نقش اصلی در انتقال اطلاعات ژنتیکی دارد؟","DNA","گلوکز","هموگلوبین","آب","A","DNA حامل اطلاعات ژنتیکی است.","ترنم همدلی","original","1405"
"دوازدهم","تجربی","زیست‌شناسی","زیست‌شناسی","زیست‌شناسی سلولی","مفاهیم پایه","درک مفهومی","متوسط","کدام فرایند برای ساخت پروتئین ضروری است؟","ترجمه","تبخیر","تقطیر","احتراق","A","ترجمه فرایندی است که طی آن اطلاعات RNA به زنجیره پروتئینی تبدیل می‌شود.","ترنم همدلی","original","1405"
"دوازدهم","تجربی","زیست‌شناسی","زیست‌شناسی","زیست‌شناسی سلولی","مفاهیم پایه","درک مفهومی","آسان","کدام اندام در بدن انسان نقش اصلی در پمپاژ خون دارد؟","قلب","کبد","کلیه","معده","A","قلب خون را در گردش عمومی به حرکت درمی‌آورد.","ترنم همدلی","original","1405"
"دوازدهم","تجربی","زیست‌شناسی","زیست‌شناسی","زیست‌شناسی سلولی","مفاهیم پایه","درک مفهومی","متوسط","کدام ساختار محل اصلی تولید انرژی قابل استفاده در سلول است؟","میتوکندری","هسته","ریبوزوم","دیواره سلولی","A","میتوکندری در تولید ATP نقش اساسی دارد.","ترنم همدلی","original","1405"
"دوازدهم","تجربی","زیست‌شناسی","زیست‌شناسی","زیست‌شناسی سلولی","مفاهیم پایه","درک مفهومی","متوسط","کدام مولکول نقش اصلی در انتقال اطلاعات ژنتیکی دارد؟","DNA","گلوکز","هموگلوبین","آب","A","DNA حامل اطلاعات ژنتیکی است.","ترنم همدلی","original","1405"
"دوازدهم","تجربی","زیست‌شناسی","زیست‌شناسی","زیست‌شناسی سلولی","مفاهیم پایه","درک مفهومی","آسان","کدام فرایند برای ساخت پروتئین ضروری است؟","ترجمه","تبخیر","تقطیر","احتراق","A","ترجمه فرایندی است که طی آن اطلاعات RNA به زنجیره پروتئینی تبدیل می‌شود.","ترنم همدلی","original","1405"
"دوازدهم","تجربی","زیست‌شناسی","زیست‌شناسی","زیست‌شناسی سلولی","مفاهیم پایه","درک مفهومی","متوسط","کدام اندام در بدن انسان نقش اصلی در پمپاژ خون دارد؟","قلب","کبد","کلیه","معده","A","قلب خون را در گردش عمومی به حرکت درمی‌آورد.","ترنم همدلی","original","1405"
"دوازدهم","تجربی","زیست‌شناسی","زیست‌شناسی","زیست‌شناسی سلولی","مفاهیم پایه","درک مفهومی","متوسط","کدام ساختار محل اصلی تولید انرژی قابل استفاده در سلول است؟","میتوکندری","هسته","ریبوزوم","دیواره سلولی","A","میتوکندری در تولید ATP نقش اساسی دارد.","ترنم همدلی","original","1405"
"دوازدهم","تجربی","زیست‌شناسی","زیست‌شناسی","زیست‌شناسی سلولی","مفاهیم پایه","درک مفهومی","آسان","کدام مولکول نقش اصلی در انتقال اطلاعات ژنتیکی دارد؟","DNA","گلوکز","هموگلوبین","آب","A","DNA حامل اطلاعات ژنتیکی است.","ترنم همدلی","original","1405"
"دوازدهم","تجربی","زیست‌شناسی","زیست‌شناسی","زیست‌شناسی سلولی","مفاهیم پایه","درک مفهومی","متوسط","کدام فرایند برای ساخت پروتئین ضروری است؟","ترجمه","تبخیر","تقطیر","احتراق","A","ترجمه فرایندی است که طی آن اطلاعات RNA به زنجیره پروتئینی تبدیل می‌شود.","ترنم همدلی","original","1405"
"دوازدهم","تجربی","زیست‌شناسی","زیست‌شناسی","زیست‌شناسی سلولی","مفاهیم پایه","درک مفهومی","متوسط","کدام اندام در بدن انسان نقش اصلی در پمپاژ خون دارد؟","قلب","کبد","کلیه","معده","A","قلب خون را در گردش عمومی به حرکت درمی‌آورد.","ترنم همدلی","original","1405"
"دوازدهم","تجربی","زیست‌شناسی","زیست‌شناسی","زیست‌شناسی سلولی","مفاهیم پایه","درک مفهومی","آسان","کدام ساختار محل اصلی تولید انرژی قابل استفاده در سلول است؟","میتوکندری","هسته","ریبوزوم","دیواره سلولی","A","میتوکندری در تولید ATP نقش اساسی دارد.","ترنم همدلی","original","1405"
"دوازدهم","تجربی","زیست‌شناسی","زیست‌شناسی","زیست‌شناسی سلولی","مفاهیم پایه","درک مفهومی","متوسط","کدام مولکول نقش اصلی در انتقال اطلاعات ژنتیکی دارد؟","DNA","گلوکز","هموگلوبین","آب","A","DNA حامل اطلاعات ژنتیکی است.","ترنم همدلی","original","1405"
"دوازدهم","تجربی","زیست‌شناسی","زیست‌شناسی","زیست‌شناسی سلولی","مفاهیم پایه","درک مفهومی","متوسط","کدام فرایند برای ساخت پروتئین ضروری است؟","ترجمه","تبخیر","تقطیر","احتراق","A","ترجمه فرایندی است که طی آن اطلاعات RNA به زنجیره پروتئینی تبدیل می‌شود.","ترنم همدلی","original","1405"
"دوازدهم","تجربی","زیست‌شناسی","زیست‌شناسی","زیست‌شناسی سلولی","مفاهیم پایه","درک مفهومی","آسان","کدام اندام در بدن انسان نقش اصلی در پمپاژ خون دارد؟","قلب","کبد","کلیه","معده","A","قلب خون را در گردش عمومی به حرکت درمی‌آورد.","ترنم همدلی","original","1405"
"دوازدهم","تجربی","زیست‌شناسی","زیست‌شناسی","زیست‌شناسی سلولی","مفاهیم پایه","درک مفهومی","متوسط","کدام ساختار محل اصلی تولید انرژی قابل استفاده در سلول است؟","میتوکندری","هسته","ریبوزوم","دیواره سلولی","A","میتوکندری در تولید ATP نقش اساسی دارد.","ترنم همدلی","original","1405"
"دوازدهم","تجربی","زیست‌شناسی","زیست‌شناسی","زیست‌شناسی سلولی","مفاهیم پایه","درک مفهومی","متوسط","کدام مولکول نقش اصلی در انتقال اطلاعات ژنتیکی دارد؟","DNA","گلوکز","هموگلوبین","آب","A","DNA حامل اطلاعات ژنتیکی است.","ترنم همدلی","original","1405"
"دوازدهم","تجربی","زیست‌شناسی","زیست‌شناسی","زیست‌شناسی سلولی","مفاهیم پایه","درک مفهومی","آسان","کدام فرایند برای ساخت پروتئین ضروری است؟","ترجمه","تبخیر","تقطیر","احتراق","A","ترجمه فرایندی است که طی آن اطلاعات RNA به زنجیره پروتئینی تبدیل می‌شود.","ترنم همدلی","original","1405"
"دوازدهم","تجربی","زیست‌شناسی","زیست‌شناسی","زیست‌شناسی سلولی","مفاهیم پایه","درک مفهومی","متوسط","کدام اندام در بدن انسان نقش اصلی در پمپاژ خون دارد؟","قلب","کبد","کلیه","معده","A","قلب خون را در گردش عمومی به حرکت درمی‌آورد.","ترنم همدلی","original","1405"
"دوازدهم","تجربی","زیست‌شناسی","زیست‌شناسی","زیست‌شناسی سلولی","مفاهیم پایه","درک مفهومی","متوسط","کدام ساختار محل اصلی تولید انرژی قابل استفاده در سلول است؟","میتوکندری","هسته","ریبوزوم","دیواره سلولی","A","میتوکندری در تولید ATP نقش اساسی دارد.","ترنم همدلی","original","1405"
"دوازدهم","تجربی","زیست‌شناسی","زیست‌شناسی","زیست‌شناسی سلولی","مفاهیم پایه","درک مفهومی","آسان","کدام مولکول نقش اصلی در انتقال اطلاعات ژنتیکی دارد؟","DNA","گلوکز","هموگلوبین","آب","A","DNA حامل اطلاعات ژنتیکی است.","ترنم همدلی","original","1405"
"دوازدهم","تجربی","زیست‌شناسی","زیست‌شناسی","زیست‌شناسی سلولی","مفاهیم پایه","درک مفهومی","متوسط","کدام فرایند برای ساخت پروتئین ضروری است؟","ترجمه","تبخیر","تقطیر","احتراق","A","ترجمه فرایندی است که طی آن اطلاعات RNA به زنجیره پروتئینی تبدیل می‌شود.","ترنم همدلی","original","1405"
"دوازدهم","تجربی","زیست‌شناسی","زیست‌شناسی","زیست‌شناسی سلولی","مفاهیم پایه","درک مفهومی","متوسط","کدام اندام در بدن انسان نقش اصلی در پمپاژ خون دارد؟","قلب","کبد","کلیه","معده","A","قلب خون را در گردش عمومی به حرکت درمی‌آورد.","ترنم همدلی","original","1405"
"دوازدهم","تجربی","زیست‌شناسی","زیست‌شناسی","زیست‌شناسی سلولی","مفاهیم پایه","درک مفهومی","آسان","کدام ساختار محل اصلی تولید انرژی قابل استفاده در سلول است؟","میتوکندری","هسته","ریبوزوم","دیواره سلولی","A","میتوکندری در تولید ATP نقش اساسی دارد.","ترنم همدلی","original","1405"
"دوازدهم","تجربی","زیست‌شناسی","زیست‌شناسی","زیست‌شناسی سلولی","مفاهیم پایه","درک مفهومی","متوسط","کدام مولکول نقش اصلی در انتقال اطلاعات ژنتیکی دارد؟","DNA","گلوکز","هموگلوبین","آب","A","DNA حامل اطلاعات ژنتیکی است.","ترنم همدلی","original","1405"
"دوازدهم","تجربی","زیست‌شناسی","زیست‌شناسی","زیست‌شناسی سلولی","مفاهیم پایه","درک مفهومی","متوسط","کدام فرایند برای ساخت پروتئین ضروری است؟","ترجمه","تبخیر","تقطیر","احتراق","A","ترجمه فرایندی است که طی آن اطلاعات RNA به زنجیره پروتئینی تبدیل می‌شود.","ترنم همدلی","original","1405"
"دوازدهم","تجربی","زیست‌شناسی","زیست‌شناسی","زیست‌شناسی سلولی","مفاهیم پایه","درک مفهومی","آسان","کدام اندام در بدن انسان نقش اصلی در پمپاژ خون دارد؟","قلب","کبد","کلیه","معده","A","قلب خون را در گردش عمومی به حرکت درمی‌آورد.","ترنم همدلی","original","1405"
"دوازدهم","تجربی","زیست‌شناسی","زیست‌شناسی","زیست‌شناسی سلولی","مفاهیم پایه","درک مفهومی","متوسط","کدام ساختار محل اصلی تولید انرژی قابل استفاده در سلول است؟","میتوکندری","هسته","ریبوزوم","دیواره سلولی","A","میتوکندری در تولید ATP نقش اساسی دارد.","ترنم همدلی","original","1405"
"دوازدهم","تجربی","زیست‌شناسی","زیست‌شناسی","زیست‌شناسی سلولی","مفاهیم پایه","درک مفهومی","متوسط","کدام مولکول نقش اصلی در انتقال اطلاعات ژنتیکی دارد؟","DNA","گلوکز","هموگلوبین","آب","A","DNA حامل اطلاعات ژنتیکی است.","ترنم همدلی","original","1405"
"دوازدهم","تجربی","زیست‌شناسی","زیست‌شناسی","زیست‌شناسی سلولی","مفاهیم پایه","درک مفهومی","آسان","کدام فرایند برای ساخت پروتئین ضروری است؟","ترجمه","تبخیر","تقطیر","احتراق","A","ترجمه فرایندی است که طی آن اطلاعات RNA به زنجیره پروتئینی تبدیل می‌شود.","ترنم همدلی","original","1405"
"دوازدهم","تجربی","زیست‌شناسی","زیست‌شناسی","زیست‌شناسی سلولی","مفاهیم پایه","درک مفهومی","متوسط","کدام اندام در بدن انسان نقش اصلی در پمپاژ خون دارد؟","قلب","کبد","کلیه","معده","A","قلب خون را در گردش عمومی به حرکت درمی‌آورد.","ترنم همدلی","original","1405"
"دوازدهم","تجربی","زیست‌شناسی","زیست‌شناسی","زیست‌شناسی سلولی","مفاهیم پایه","درک مفهومی","متوسط","کدام ساختار محل اصلی تولید انرژی قابل استفاده در سلول است؟","میتوکندری","هسته","ریبوزوم","دیواره سلولی","A","میتوکندری در تولید ATP نقش اساسی دارد.","ترنم همدلی","original","1405"
"دوازدهم","تجربی","زیست‌شناسی","زیست‌شناسی","زیست‌شناسی سلولی","مفاهیم پایه","درک مفهومی","آسان","کدام مولکول نقش اصلی در انتقال اطلاعات ژنتیکی دارد؟","DNA","گلوکز","هموگلوبین","آب","A","DNA حامل اطلاعات ژنتیکی است.","ترنم همدلی","original","1405"
"دوازدهم","تجربی","زیست‌شناسی","زیست‌شناسی","زیست‌شناسی سلولی","مفاهیم پایه","درک مفهومی","متوسط","کدام فرایند برای ساخت پروتئین ضروری است؟","ترجمه","تبخیر","تقطیر","احتراق","A","ترجمه فرایندی است که طی آن اطلاعات RNA به زنجیره پروتئینی تبدیل می‌شود.","ترنم همدلی","original","1405"
"دوازدهم","تجربی","زیست‌شناسی","زیست‌شناسی","زیست‌شناسی سلولی","مفاهیم پایه","درک مفهومی","متوسط","کدام اندام در بدن انسان نقش اصلی در پمپاژ خون دارد؟","قلب","کبد","کلیه","معده","A","قلب خون را در گردش عمومی به حرکت درمی‌آورد.","ترنم همدلی","original","1405"
"دوازدهم","تجربی","زیست‌شناسی","زیست‌شناسی","زیست‌شناسی سلولی","مفاهیم پایه","درک مفهومی","آسان","کدام ساختار محل اصلی تولید انرژی قابل استفاده در سلول است؟","میتوکندری","هسته","ریبوزوم","دیواره سلولی","A","میتوکندری در تولید ATP نقش اساسی دارد.","ترنم همدلی","original","1405"
"دوازدهم","تجربی","زیست‌شناسی","زیست‌شناسی","زیست‌شناسی سلولی","مفاهیم پایه","درک مفهومی","متوسط","کدام مولکول نقش اصلی در انتقال اطلاعات ژنتیکی دارد؟","DNA","گلوکز","هموگلوبین","آب","A","DNA حامل اطلاعات ژنتیکی است.","ترنم همدلی","original","1405"
"دوازدهم","تجربی","زیست‌شناسی","زیست‌شناسی","زیست‌شناسی سلولی","مفاهیم پایه","درک مفهومی","متوسط","کدام فرایند برای ساخت پروتئین ضروری است؟","ترجمه","تبخیر","تقطیر","احتراق","A","ترجمه فرایندی است که طی آن اطلاعات RNA به زنجیره پروتئینی تبدیل می‌شود.","ترنم همدلی","original","1405"
"دوازدهم","تجربی","زیست‌شناسی","زیست‌شناسی","زیست‌شناسی سلولی","مفاهیم پایه","درک مفهومی","آسان","کدام اندام در بدن انسان نقش اصلی در پمپاژ خون دارد؟","قلب","کبد","کلیه","معده","A","قلب خون را در گردش عمومی به حرکت درمی‌آورد.","ترنم همدلی","original","1405"
"دوازدهم","تجربی","زیست‌شناسی","زیست‌شناسی","زیست‌شناسی سلولی","مفاهیم پایه","درک مفهومی","متوسط","کدام ساختار محل اصلی تولید انرژی قابل استفاده در سلول است؟","میتوکندری","هسته","ریبوزوم","دیواره سلولی","A","میتوکندری در تولید ATP نقش اساسی دارد.","ترنم همدلی","original","1405"
"دوازدهم","تجربی","زیست‌شناسی","زیست‌شناسی","زیست‌شناسی سلولی","مفاهیم پایه","درک مفهومی","متوسط","کدام مولکول نقش اصلی در انتقال اطلاعات ژنتیکی دارد؟","DNA","گلوکز","هموگلوبین","آب","A","DNA حامل اطلاعات ژنتیکی است.","ترنم همدلی","original","1405"
"دوازدهم","تجربی","زیست‌شناسی","زیست‌شناسی","زیست‌شناسی سلولی","مفاهیم پایه","درک مفهومی","آسان","کدام فرایند برای ساخت پروتئین ضروری است؟","ترجمه","تبخیر","تقطیر","احتراق","A","ترجمه فرایندی است که طی آن اطلاعات RNA به زنجیره پروتئینی تبدیل می‌شود.","ترنم همدلی","original","1405"
"دوازدهم","تجربی","زیست‌شناسی","زیست‌شناسی","زیست‌شناسی سلولی","مفاهیم پایه","درک مفهومی","متوسط","کدام اندام در بدن انسان نقش اصلی در پمپاژ خون دارد؟","قلب","کبد","کلیه","معده","A","قلب خون را در گردش عمومی به حرکت درمی‌آورد.","ترنم همدلی","original","1405"
"دوازدهم","تجربی","زیست‌شناسی","زیست‌شناسی","زیست‌شناسی سلولی","مفاهیم پایه","درک مفهومی","متوسط","کدام ساختار محل اصلی تولید انرژی قابل استفاده در سلول است؟","میتوکندری","هسته","ریبوزوم","دیواره سلولی","A","میتوکندری در تولید ATP نقش اساسی دارد.","ترنم همدلی","original","1405"
"دوازدهم","تجربی","زیست‌شناسی","زیست‌شناسی","زیست‌شناسی سلولی","مفاهیم پایه","درک مفهومی","آسان","کدام مولکول نقش اصلی در انتقال اطلاعات ژنتیکی دارد؟","DNA","گلوکز","هموگلوبین","آب","A","DNA حامل اطلاعات ژنتیکی است.","ترنم همدلی","original","1405"
"دوازدهم","تجربی","زیست‌شناسی","زیست‌شناسی","زیست‌شناسی سلولی","مفاهیم پایه","درک مفهومی","متوسط","کدام فرایند برای ساخت پروتئین ضروری است؟","ترجمه","تبخیر","تقطیر","احتراق","A","ترجمه فرایندی است که طی آن اطلاعات RNA به زنجیره پروتئینی تبدیل می‌شود.","ترنم همدلی","original","1405"
"دوازدهم","تجربی","زیست‌شناسی","زیست‌شناسی","زیست‌شناسی سلولی","مفاهیم پایه","درک مفهومی","متوسط","کدام اندام در بدن انسان نقش اصلی در پمپاژ خون دارد؟","قلب","کبد","کلیه","معده","A","قلب خون را در گردش عمومی به حرکت درمی‌آورد.","ترنم همدلی","original","1405"
"دوازدهم","تجربی","زیست‌شناسی","زیست‌شناسی","زیست‌شناسی سلولی","مفاهیم پایه","درک مفهومی","آسان","کدام ساختار محل اصلی تولید انرژی قابل استفاده در سلول است؟","میتوکندری","هسته","ریبوزوم","دیواره سلولی","A","میتوکندری در تولید ATP نقش اساسی دارد.","ترنم همدلی","original","1405"
"دوازدهم","تجربی","زیست‌شناسی","زیست‌شناسی","زیست‌شناسی سلولی","مفاهیم پایه","درک مفهومی","متوسط","کدام مولکول نقش اصلی در انتقال اطلاعات ژنتیکی دارد؟","DNA","گلوکز","هموگلوبین","آب","A","DNA حامل اطلاعات ژنتیکی است.","ترنم همدلی","original","1405"
"دوازدهم","تجربی","زیست‌شناسی","زیست‌شناسی","زیست‌شناسی سلولی","مفاهیم پایه","درک مفهومی","متوسط","کدام فرایند برای ساخت پروتئین ضروری است؟","ترجمه","تبخیر","تقطیر","احتراق","A","ترجمه فرایندی است که طی آن اطلاعات RNA به زنجیره پروتئینی تبدیل می‌شود.","ترنم همدلی","original","1405"
"دوازدهم","تجربی","زیست‌شناسی","زیست‌شناسی","زیست‌شناسی سلولی","مفاهیم پایه","درک مفهومی","آسان","کدام اندام در بدن انسان نقش اصلی در پمپاژ خون دارد؟","قلب","کبد","کلیه","معده","A","قلب خون را در گردش عمومی به حرکت درمی‌آورد.","ترنم همدلی","original","1405"
"دوازدهم","تجربی","زیست‌شناسی","زیست‌شناسی","زیست‌شناسی سلولی","مفاهیم پایه","درک مفهومی","متوسط","کدام ساختار محل اصلی تولید انرژی قابل استفاده در سلول است؟","میتوکندری","هسته","ریبوزوم","دیواره سلولی","A","میتوکندری در تولید ATP نقش اساسی دارد.","ترنم همدلی","original","1405"
"دوازدهم","تجربی","زیست‌شناسی","زیست‌شناسی","زیست‌شناسی سلولی","مفاهیم پایه","درک مفهومی","متوسط","کدام مولکول نقش اصلی در انتقال اطلاعات ژنتیکی دارد؟","DNA","گلوکز","هموگلوبین","آب","A","DNA حامل اطلاعات ژنتیکی است.","ترنم همدلی","original","1405"
"دوازدهم","تجربی","زیست‌شناسی","زیست‌شناسی","زیست‌شناسی سلولی","مفاهیم پایه","درک مفهومی","آسان","کدام فرایند برای ساخت پروتئین ضروری است؟","ترجمه","تبخیر","تقطیر","احتراق","A","ترجمه فرایندی است که طی آن اطلاعات RNA به زنجیره پروتئینی تبدیل می‌شود.","ترنم همدلی","original","1405"
"دوازدهم","تجربی","زیست‌شناسی","زیست‌شناسی","زیست‌شناسی سلولی","مفاهیم پایه","درک مفهومی","متوسط","کدام اندام در بدن انسان نقش اصلی در پمپاژ خون دارد؟","قلب","کبد","کلیه","معده","A","قلب خون را در گردش عمومی به حرکت درمی‌آورد.","ترنم همدلی","original","1405"
"دوازدهم","تجربی","زیست‌شناسی","زیست‌شناسی","زیست‌شناسی سلولی","مفاهیم پایه","درک مفهومی","متوسط","کدام ساختار محل اصلی تولید انرژی قابل استفاده در سلول است؟","میتوکندری","هسته","ریبوزوم","دیواره سلولی","A","میتوکندری در تولید ATP نقش اساسی دارد.","ترنم همدلی","original","1405"
"دوازدهم","تجربی","زیست‌شناسی","زیست‌شناسی","زیست‌شناسی سلولی","مفاهیم پایه","درک مفهومی","آسان","کدام مولکول نقش اصلی در انتقال اطلاعات ژنتیکی دارد؟","DNA","گلوکز","هموگلوبین","آب","A","DNA حامل اطلاعات ژنتیکی است.","ترنم همدلی","original","1405"
"دوازدهم","تجربی","زیست‌شناسی","زیست‌شناسی","زیست‌شناسی سلولی","مفاهیم پایه","درک مفهومی","متوسط","کدام فرایند برای ساخت پروتئین ضروری است؟","ترجمه","تبخیر","تقطیر","احتراق","A","ترجمه فرایندی است که طی آن اطلاعات RNA به زنجیره پروتئینی تبدیل می‌شود.","ترنم همدلی","original","1405"
"دوازدهم","تجربی","زیست‌شناسی","زیست‌شناسی","زیست‌شناسی سلولی","مفاهیم پایه","درک مفهومی","متوسط","کدام اندام در بدن انسان نقش اصلی در پمپاژ خون دارد؟","قلب","کبد","کلیه","معده","A","قلب خون را در گردش عمومی به حرکت درمی‌آورد.","ترنم همدلی","original","1405"
"دوازدهم","تجربی","زیست‌شناسی","زیست‌شناسی","زیست‌شناسی سلولی","مفاهیم پایه","درک مفهومی","آسان","کدام ساختار محل اصلی تولید انرژی قابل استفاده در سلول است؟","میتوکندری","هسته","ریبوزوم","دیواره سلولی","A","میتوکندری در تولید ATP نقش اساسی دارد.","ترنم همدلی","original","1405"
"دوازدهم","تجربی","زیست‌شناسی","زیست‌شناسی","زیست‌شناسی سلولی","مفاهیم پایه","درک مفهومی","متوسط","کدام مولکول نقش اصلی در انتقال اطلاعات ژنتیکی دارد؟","DNA","گلوکز","هموگلوبین","آب","A","DNA حامل اطلاعات ژنتیکی است.","ترنم همدلی","original","1405"
"دوازدهم","تجربی","زیست‌شناسی","زیست‌شناسی","زیست‌شناسی سلولی","مفاهیم پایه","درک مفهومی","متوسط","کدام فرایند برای ساخت پروتئین ضروری است؟","ترجمه","تبخیر","تقطیر","احتراق","A","ترجمه فرایندی است که طی آن اطلاعات RNA به زنجیره پروتئینی تبدیل می‌شود.","ترنم همدلی","original","1405"
"دوازدهم","تجربی","زیست‌شناسی","زیست‌شناسی","زیست‌شناسی سلولی","مفاهیم پایه","درک مفهومی","آسان","کدام اندام در بدن انسان نقش اصلی در پمپاژ خون دارد؟","قلب","کبد","کلیه","معده","A","قلب خون را در گردش عمومی به حرکت درمی‌آورد.","ترنم همدلی","original","1405"
"دوازدهم","تجربی","زیست‌شناسی","زیست‌شناسی","زیست‌شناسی سلولی","مفاهیم پایه","درک مفهومی","متوسط","کدام ساختار محل اصلی تولید انرژی قابل استفاده در سلول است؟","میتوکندری","هسته","ریبوزوم","دیواره سلولی","A","میتوکندری در تولید ATP نقش اساسی دارد.","ترنم همدلی","original","1405"
"دوازدهم","تجربی","زیست‌شناسی","زیست‌شناسی","زیست‌شناسی سلولی","مفاهیم پایه","درک مفهومی","متوسط","کدام مولکول نقش اصلی در انتقال اطلاعات ژنتیکی دارد؟","DNA","گلوکز","هموگلوبین","آب","A","DNA حامل اطلاعات ژنتیکی است.","ترنم همدلی","original","1405"
"دوازدهم","تجربی","زیست‌شناسی","زیست‌شناسی","زیست‌شناسی سلولی","مفاهیم پایه","درک مفهومی","آسان","کدام فرایند برای ساخت پروتئین ضروری است؟","ترجمه","تبخیر","تقطیر","احتراق","A","ترجمه فرایندی است که طی آن اطلاعات RNA به زنجیره پروتئینی تبدیل می‌شود.","ترنم همدلی","original","1405"
"دوازدهم","تجربی","زیست‌شناسی","زیست‌شناسی","زیست‌شناسی سلولی","مفاهیم پایه","درک مفهومی","متوسط","کدام اندام در بدن انسان نقش اصلی در پمپاژ خون دارد؟","قلب","کبد","کلیه","معده","A","قلب خون را در گردش عمومی به حرکت درمی‌آورد.","ترنم همدلی","original","1405"
"دوازدهم","تجربی","زیست‌شناسی","زیست‌شناسی","زیست‌شناسی سلولی","مفاهیم پایه","درک مفهومی","متوسط","کدام ساختار محل اصلی تولید انرژی قابل استفاده در سلول است؟","میتوکندری","هسته","ریبوزوم","دیواره سلولی","A","میتوکندری در تولید ATP نقش اساسی دارد.","ترنم همدلی","original","1405"
"دوازدهم","تجربی","زیست‌شناسی","زیست‌شناسی","زیست‌شناسی سلولی","مفاهیم پایه","درک مفهومی","آسان","کدام مولکول نقش اصلی در انتقال اطلاعات ژنتیکی دارد؟","DNA","گلوکز","هموگلوبین","آب","A","DNA حامل اطلاعات ژنتیکی است.","ترنم همدلی","original","1405"
"دوازدهم","تجربی","زیست‌شناسی","زیست‌شناسی","زیست‌شناسی سلولی","مفاهیم پایه","درک مفهومی","متوسط","کدام فرایند برای ساخت پروتئین ضروری است؟","ترجمه","تبخیر","تقطیر","احتراق","A","ترجمه فرایندی است که طی آن اطلاعات RNA به زنجیره پروتئینی تبدیل می‌شود.","ترنم همدلی","original","1405"
"دوازدهم","تجربی","زیست‌شناسی","زیست‌شناسی","زیست‌شناسی سلولی","مفاهیم پایه","درک مفهومی","متوسط","کدام اندام در بدن انسان نقش اصلی در پمپاژ خون دارد؟","قلب","کبد","کلیه","معده","A","قلب خون را در گردش عمومی به حرکت درمی‌آورد.","ترنم همدلی","original","1405"
"دوازدهم","تجربی","زیست‌شناسی","زیست‌شناسی","زیست‌شناسی سلولی","مفاهیم پایه","درک مفهومی","آسان","کدام ساختار محل اصلی تولید انرژی قابل استفاده در سلول است؟","میتوکندری","هسته","ریبوزوم","دیواره سلولی","A","میتوکندری در تولید ATP نقش اساسی دارد.","ترنم همدلی","original","1405"
"دوازدهم","تجربی","زیست‌شناسی","زیست‌شناسی","زیست‌شناسی سلولی","مفاهیم پایه","درک مفهومی","متوسط","کدام مولکول نقش اصلی در انتقال اطلاعات ژنتیکی دارد؟","DNA","گلوکز","هموگلوبین","آب","A","DNA حامل اطلاعات ژنتیکی است.","ترنم همدلی","original","1405"
"دوازدهم","تجربی","زیست‌شناسی","زیست‌شناسی","زیست‌شناسی سلولی","مفاهیم پایه","درک مفهومی","متوسط","کدام فرایند برای ساخت پروتئین ضروری است؟","ترجمه","تبخیر","تقطیر","احتراق","A","ترجمه فرایندی است که طی آن اطلاعات RNA به زنجیره پروتئینی تبدیل می‌شود.","ترنم همدلی","original","1405"
"دوازدهم","تجربی","زیست‌شناسی","زیست‌شناسی","زیست‌شناسی سلولی","مفاهیم پایه","درک مفهومی","آسان","کدام اندام در بدن انسان نقش اصلی در پمپاژ خون دارد؟","قلب","کبد","کلیه","معده","A","قلب خون را در گردش عمومی به حرکت درمی‌آورد.","ترنم همدلی","original","1405"
"دوازدهم","تجربی","زیست‌شناسی","زیست‌شناسی","زیست‌شناسی سلولی","مفاهیم پایه","درک مفهومی","متوسط","کدام ساختار محل اصلی تولید انرژی قابل استفاده در سلول است؟","میتوکندری","هسته","ریبوزوم","دیواره سلولی","A","میتوکندری در تولید ATP نقش اساسی دارد.","ترنم همدلی","original","1405"
"دوازدهم","تجربی","زیست‌شناسی","زیست‌شناسی","زیست‌شناسی سلولی","مفاهیم پایه","درک مفهومی","متوسط","کدام مولکول نقش اصلی در انتقال اطلاعات ژنتیکی دارد؟","DNA","گلوکز","هموگلوبین","آب","A","DNA حامل اطلاعات ژنتیکی است.","ترنم همدلی","original","1405"
"دوازدهم","تجربی","زیست‌شناسی","زیست‌شناسی","زیست‌شناسی سلولی","مفاهیم پایه","درک مفهومی","آسان","کدام فرایند برای ساخت پروتئین ضروری است؟","ترجمه","تبخیر","تقطیر","احتراق","A","ترجمه فرایندی است که طی آن اطلاعات RNA به زنجیره پروتئینی تبدیل می‌شود.","ترنم همدلی","original","1405"
"دوازدهم","تجربی","زیست‌شناسی","زیست‌شناسی","زیست‌شناسی سلولی","مفاهیم پایه","درک مفهومی","متوسط","کدام اندام در بدن انسان نقش اصلی در پمپاژ خون دارد؟","قلب","کبد","کلیه","معده","A","قلب خون را در گردش عمومی به حرکت درمی‌آورد.","ترنم همدلی","original","1405"
"دوازدهم","تجربی","زیست‌شناسی","زیست‌شناسی","زیست‌شناسی سلولی","مفاهیم پایه","درک مفهومی","متوسط","کدام ساختار محل اصلی تولید انرژی قابل استفاده در سلول است؟","میتوکندری","هسته","ریبوزوم","دیواره سلولی","A","میتوکندری در تولید ATP نقش اساسی دارد.","ترنم همدلی","original","1405"
"دوازدهم","تجربی","زیست‌شناسی","زیست‌شناسی","زیست‌شناسی سلولی","مفاهیم پایه","درک مفهومی","آسان","کدام مولکول نقش اصلی در انتقال اطلاعات ژنتیکی دارد؟","DNA","گلوکز","هموگلوبین","آب","A","DNA حامل اطلاعات ژنتیکی است.","ترنم همدلی","original","1405"
"دوازدهم","تجربی","زیست‌شناسی","زیست‌شناسی","زیست‌شناسی سلولی","مفاهیم پایه","درک مفهومی","متوسط","کدام فرایند برای ساخت پروتئین ضروری است؟","ترجمه","تبخیر","تقطیر","احتراق","A","ترجمه فرایندی است که طی آن اطلاعات RNA به زنجیره پروتئینی تبدیل می‌شود.","ترنم همدلی","original","1405"
"دوازدهم","تجربی","زیست‌شناسی","زیست‌شناسی","زیست‌شناسی سلولی","مفاهیم پایه","درک مفهومی","متوسط","کدام اندام در بدن انسان نقش اصلی در پمپاژ خون دارد؟","قلب","کبد","کلیه","معده","A","قلب خون را در گردش عمومی به حرکت درمی‌آورد.","ترنم همدلی","original","1405"
"دوازدهم","تجربی","زیست‌شناسی","زیست‌شناسی","زیست‌شناسی سلولی","مفاهیم پایه","درک مفهومی","آسان","کدام ساختار محل اصلی تولید انرژی قابل استفاده در سلول است؟","میتوکندری","هسته","ریبوزوم","دیواره سلولی","A","میتوکندری در تولید ATP نقش اساسی دارد.","ترنم همدلی","original","1405"
"دوازدهم","تجربی","زیست‌شناسی","زیست‌شناسی","زیست‌شناسی سلولی","مفاهیم پایه","درک مفهومی","متوسط","کدام مولکول نقش اصلی در انتقال اطلاعات ژنتیکی دارد؟","DNA","گلوکز","هموگلوبین","آب","A","DNA حامل اطلاعات ژنتیکی است.","ترنم همدلی","original","1405"
"دوازدهم","تجربی","زیست‌شناسی","زیست‌شناسی","زیست‌شناسی سلولی","مفاهیم پایه","درک مفهومی","متوسط","کدام فرایند برای ساخت پروتئین ضروری است؟","ترجمه","تبخیر","تقطیر","احتراق","A","ترجمه فرایندی است که طی آن اطلاعات RNA به زنجیره پروتئینی تبدیل می‌شود.","ترنم همدلی","original","1405"
"دوازدهم","تجربی","زیست‌شناسی","زیست‌شناسی","زیست‌شناسی سلولی","مفاهیم پایه","درک مفهومی","آسان","کدام اندام در بدن انسان نقش اصلی در پمپاژ خون دارد؟","قلب","کبد","کلیه","معده","A","قلب خون را در گردش عمومی به حرکت درمی‌آورد.","ترنم همدلی","original","1405"
"دهم","انسانی","تاریخ","تاریخ","روش مطالعه تاریخ","مفاهیم پایه","تحلیل منبع","آسان","مطالعه تاریخ در درجه نخست چه چیزی را بررسی می‌کند؟","رویدادها و فرایندهای گذشته","پیش‌بینی آب‌وهوا","اندازه‌گیری فشار خون","محاسبه سرعت","A","موضوع اصلی تاریخ بررسی رویدادها و فرایندهای گذشته انسانی است.","ترنم همدلی","original","1405"
"دهم","انسانی","تاریخ","تاریخ","روش مطالعه تاریخ","مفاهیم پایه","تحلیل منبع","متوسط","منبع تاریخی دست اول به چه نوع منبعی گفته می‌شود؟","منبع نزدیک به زمان رویداد","کتاب درسی جدید","داستان تخیلی","جدول ضرب","A","منبع دست اول ارتباط مستقیم‌تری با زمان یا شاهدان رویداد دارد.","ترنم همدلی","original","1405"
"دهم","انسانی","تاریخ","تاریخ","روش مطالعه تاریخ","مفاهیم پایه","تحلیل منبع","متوسط","خط زمانی برای چه منظوری کاربرد دارد؟","نشان دادن ترتیب زمانی رویدادها","محاسبه مساحت","اندازه‌گیری دما","تشخیص آرایه ادبی","A","خط زمانی ترتیب و فاصله زمانی رویدادها را نمایش می‌دهد.","ترنم همدلی","original","1405"
"دهم","انسانی","تاریخ","تاریخ","روش مطالعه تاریخ","مفاهیم پایه","تحلیل منبع","آسان","مطالعه تاریخ در درجه نخست چه چیزی را بررسی می‌کند؟","رویدادها و فرایندهای گذشته","پیش‌بینی آب‌وهوا","اندازه‌گیری فشار خون","محاسبه سرعت","A","موضوع اصلی تاریخ بررسی رویدادها و فرایندهای گذشته انسانی است.","ترنم همدلی","original","1405"
"دهم","انسانی","تاریخ","تاریخ","روش مطالعه تاریخ","مفاهیم پایه","تحلیل منبع","متوسط","منبع تاریخی دست اول به چه نوع منبعی گفته می‌شود؟","منبع نزدیک به زمان رویداد","کتاب درسی جدید","داستان تخیلی","جدول ضرب","A","منبع دست اول ارتباط مستقیم‌تری با زمان یا شاهدان رویداد دارد.","ترنم همدلی","original","1405"
"دهم","انسانی","تاریخ","تاریخ","روش مطالعه تاریخ","مفاهیم پایه","تحلیل منبع","متوسط","خط زمانی برای چه منظوری کاربرد دارد؟","نشان دادن ترتیب زمانی رویدادها","محاسبه مساحت","اندازه‌گیری دما","تشخیص آرایه ادبی","A","خط زمانی ترتیب و فاصله زمانی رویدادها را نمایش می‌دهد.","ترنم همدلی","original","1405"
"دهم","انسانی","تاریخ","تاریخ","روش مطالعه تاریخ","مفاهیم پایه","تحلیل منبع","آسان","مطالعه تاریخ در درجه نخست چه چیزی را بررسی می‌کند؟","رویدادها و فرایندهای گذشته","پیش‌بینی آب‌وهوا","اندازه‌گیری فشار خون","محاسبه سرعت","A","موضوع اصلی تاریخ بررسی رویدادها و فرایندهای گذشته انسانی است.","ترنم همدلی","original","1405"
"دهم","انسانی","تاریخ","تاریخ","روش مطالعه تاریخ","مفاهیم پایه","تحلیل منبع","متوسط","منبع تاریخی دست اول به چه نوع منبعی گفته می‌شود؟","منبع نزدیک به زمان رویداد","کتاب درسی جدید","داستان تخیلی","جدول ضرب","A","منبع دست اول ارتباط مستقیم‌تری با زمان یا شاهدان رویداد دارد.","ترنم همدلی","original","1405"
"دهم","انسانی","تاریخ","تاریخ","روش مطالعه تاریخ","مفاهیم پایه","تحلیل منبع","متوسط","خط زمانی برای چه منظوری کاربرد دارد؟","نشان دادن ترتیب زمانی رویدادها","محاسبه مساحت","اندازه‌گیری دما","تشخیص آرایه ادبی","A","خط زمانی ترتیب و فاصله زمانی رویدادها را نمایش می‌دهد.","ترنم همدلی","original","1405"
"دهم","انسانی","تاریخ","تاریخ","روش مطالعه تاریخ","مفاهیم پایه","تحلیل منبع","آسان","مطالعه تاریخ در درجه نخست چه چیزی را بررسی می‌کند؟","رویدادها و فرایندهای گذشته","پیش‌بینی آب‌وهوا","اندازه‌گیری فشار خون","محاسبه سرعت","A","موضوع اصلی تاریخ بررسی رویدادها و فرایندهای گذشته انسانی است.","ترنم همدلی","original","1405"
"دهم","انسانی","تاریخ","تاریخ","روش مطالعه تاریخ","مفاهیم پایه","تحلیل منبع","متوسط","منبع تاریخی دست اول به چه نوع منبعی گفته می‌شود؟","منبع نزدیک به زمان رویداد","کتاب درسی جدید","داستان تخیلی","جدول ضرب","A","منبع دست اول ارتباط مستقیم‌تری با زمان یا شاهدان رویداد دارد.","ترنم همدلی","original","1405"
"دهم","انسانی","تاریخ","تاریخ","روش مطالعه تاریخ","مفاهیم پایه","تحلیل منبع","متوسط","خط زمانی برای چه منظوری کاربرد دارد؟","نشان دادن ترتیب زمانی رویدادها","محاسبه مساحت","اندازه‌گیری دما","تشخیص آرایه ادبی","A","خط زمانی ترتیب و فاصله زمانی رویدادها را نمایش می‌دهد.","ترنم همدلی","original","1405"
"دهم","انسانی","تاریخ","تاریخ","روش مطالعه تاریخ","مفاهیم پایه","تحلیل منبع","آسان","مطالعه تاریخ در درجه نخست چه چیزی را بررسی می‌کند؟","رویدادها و فرایندهای گذشته","پیش‌بینی آب‌وهوا","اندازه‌گیری فشار خون","محاسبه سرعت","A","موضوع اصلی تاریخ بررسی رویدادها و فرایندهای گذشته انسانی است.","ترنم همدلی","original","1405"
"دهم","انسانی","تاریخ","تاریخ","روش مطالعه تاریخ","مفاهیم پایه","تحلیل منبع","متوسط","منبع تاریخی دست اول به چه نوع منبعی گفته می‌شود؟","منبع نزدیک به زمان رویداد","کتاب درسی جدید","داستان تخیلی","جدول ضرب","A","منبع دست اول ارتباط مستقیم‌تری با زمان یا شاهدان رویداد دارد.","ترنم همدلی","original","1405"
"دهم","انسانی","تاریخ","تاریخ","روش مطالعه تاریخ","مفاهیم پایه","تحلیل منبع","متوسط","خط زمانی برای چه منظوری کاربرد دارد؟","نشان دادن ترتیب زمانی رویدادها","محاسبه مساحت","اندازه‌گیری دما","تشخیص آرایه ادبی","A","خط زمانی ترتیب و فاصله زمانی رویدادها را نمایش می‌دهد.","ترنم همدلی","original","1405"
"دهم","انسانی","تاریخ","تاریخ","روش مطالعه تاریخ","مفاهیم پایه","تحلیل منبع","آسان","مطالعه تاریخ در درجه نخست چه چیزی را بررسی می‌کند؟","رویدادها و فرایندهای گذشته","پیش‌بینی آب‌وهوا","اندازه‌گیری فشار خون","محاسبه سرعت","A","موضوع اصلی تاریخ بررسی رویدادها و فرایندهای گذشته انسانی است.","ترنم همدلی","original","1405"
"دهم","انسانی","تاریخ","تاریخ","روش مطالعه تاریخ","مفاهیم پایه","تحلیل منبع","متوسط","منبع تاریخی دست اول به چه نوع منبعی گفته می‌شود؟","منبع نزدیک به زمان رویداد","کتاب درسی جدید","داستان تخیلی","جدول ضرب","A","منبع دست اول ارتباط مستقیم‌تری با زمان یا شاهدان رویداد دارد.","ترنم همدلی","original","1405"
"دهم","انسانی","تاریخ","تاریخ","روش مطالعه تاریخ","مفاهیم پایه","تحلیل منبع","متوسط","خط زمانی برای چه منظوری کاربرد دارد؟","نشان دادن ترتیب زمانی رویدادها","محاسبه مساحت","اندازه‌گیری دما","تشخیص آرایه ادبی","A","خط زمانی ترتیب و فاصله زمانی رویدادها را نمایش می‌دهد.","ترنم همدلی","original","1405"
"دهم","انسانی","تاریخ","تاریخ","روش مطالعه تاریخ","مفاهیم پایه","تحلیل منبع","آسان","مطالعه تاریخ در درجه نخست چه چیزی را بررسی می‌کند؟","رویدادها و فرایندهای گذشته","پیش‌بینی آب‌وهوا","اندازه‌گیری فشار خون","محاسبه سرعت","A","موضوع اصلی تاریخ بررسی رویدادها و فرایندهای گذشته انسانی است.","ترنم همدلی","original","1405"
"دهم","انسانی","تاریخ","تاریخ","روش مطالعه تاریخ","مفاهیم پایه","تحلیل منبع","متوسط","منبع تاریخی دست اول به چه نوع منبعی گفته می‌شود؟","منبع نزدیک به زمان رویداد","کتاب درسی جدید","داستان تخیلی","جدول ضرب","A","منبع دست اول ارتباط مستقیم‌تری با زمان یا شاهدان رویداد دارد.","ترنم همدلی","original","1405"
"دهم","انسانی","تاریخ","تاریخ","روش مطالعه تاریخ","مفاهیم پایه","تحلیل منبع","متوسط","خط زمانی برای چه منظوری کاربرد دارد؟","نشان دادن ترتیب زمانی رویدادها","محاسبه مساحت","اندازه‌گیری دما","تشخیص آرایه ادبی","A","خط زمانی ترتیب و فاصله زمانی رویدادها را نمایش می‌دهد.","ترنم همدلی","original","1405"
"دهم","انسانی","تاریخ","تاریخ","روش مطالعه تاریخ","مفاهیم پایه","تحلیل منبع","آسان","مطالعه تاریخ در درجه نخست چه چیزی را بررسی می‌کند؟","رویدادها و فرایندهای گذشته","پیش‌بینی آب‌وهوا","اندازه‌گیری فشار خون","محاسبه سرعت","A","موضوع اصلی تاریخ بررسی رویدادها و فرایندهای گذشته انسانی است.","ترنم همدلی","original","1405"
"دهم","انسانی","تاریخ","تاریخ","روش مطالعه تاریخ","مفاهیم پایه","تحلیل منبع","متوسط","منبع تاریخی دست اول به چه نوع منبعی گفته می‌شود؟","منبع نزدیک به زمان رویداد","کتاب درسی جدید","داستان تخیلی","جدول ضرب","A","منبع دست اول ارتباط مستقیم‌تری با زمان یا شاهدان رویداد دارد.","ترنم همدلی","original","1405"
"دهم","انسانی","تاریخ","تاریخ","روش مطالعه تاریخ","مفاهیم پایه","تحلیل منبع","متوسط","خط زمانی برای چه منظوری کاربرد دارد؟","نشان دادن ترتیب زمانی رویدادها","محاسبه مساحت","اندازه‌گیری دما","تشخیص آرایه ادبی","A","خط زمانی ترتیب و فاصله زمانی رویدادها را نمایش می‌دهد.","ترنم همدلی","original","1405"
"دهم","انسانی","تاریخ","تاریخ","روش مطالعه تاریخ","مفاهیم پایه","تحلیل منبع","آسان","مطالعه تاریخ در درجه نخست چه چیزی را بررسی می‌کند؟","رویدادها و فرایندهای گذشته","پیش‌بینی آب‌وهوا","اندازه‌گیری فشار خون","محاسبه سرعت","A","موضوع اصلی تاریخ بررسی رویدادها و فرایندهای گذشته انسانی است.","ترنم همدلی","original","1405"
"دهم","انسانی","تاریخ","تاریخ","روش مطالعه تاریخ","مفاهیم پایه","تحلیل منبع","متوسط","منبع تاریخی دست اول به چه نوع منبعی گفته می‌شود؟","منبع نزدیک به زمان رویداد","کتاب درسی جدید","داستان تخیلی","جدول ضرب","A","منبع دست اول ارتباط مستقیم‌تری با زمان یا شاهدان رویداد دارد.","ترنم همدلی","original","1405"
"دهم","انسانی","تاریخ","تاریخ","روش مطالعه تاریخ","مفاهیم پایه","تحلیل منبع","متوسط","خط زمانی برای چه منظوری کاربرد دارد؟","نشان دادن ترتیب زمانی رویدادها","محاسبه مساحت","اندازه‌گیری دما","تشخیص آرایه ادبی","A","خط زمانی ترتیب و فاصله زمانی رویدادها را نمایش می‌دهد.","ترنم همدلی","original","1405"
"دهم","انسانی","تاریخ","تاریخ","روش مطالعه تاریخ","مفاهیم پایه","تحلیل منبع","آسان","مطالعه تاریخ در درجه نخست چه چیزی را بررسی می‌کند؟","رویدادها و فرایندهای گذشته","پیش‌بینی آب‌وهوا","اندازه‌گیری فشار خون","محاسبه سرعت","A","موضوع اصلی تاریخ بررسی رویدادها و فرایندهای گذشته انسانی است.","ترنم همدلی","original","1405"
"دهم","انسانی","تاریخ","تاریخ","روش مطالعه تاریخ","مفاهیم پایه","تحلیل منبع","متوسط","منبع تاریخی دست اول به چه نوع منبعی گفته می‌شود؟","منبع نزدیک به زمان رویداد","کتاب درسی جدید","داستان تخیلی","جدول ضرب","A","منبع دست اول ارتباط مستقیم‌تری با زمان یا شاهدان رویداد دارد.","ترنم همدلی","original","1405"
"دهم","انسانی","تاریخ","تاریخ","روش مطالعه تاریخ","مفاهیم پایه","تحلیل منبع","متوسط","خط زمانی برای چه منظوری کاربرد دارد؟","نشان دادن ترتیب زمانی رویدادها","محاسبه مساحت","اندازه‌گیری دما","تشخیص آرایه ادبی","A","خط زمانی ترتیب و فاصله زمانی رویدادها را نمایش می‌دهد.","ترنم همدلی","original","1405"
"دهم","انسانی","تاریخ","تاریخ","روش مطالعه تاریخ","مفاهیم پایه","تحلیل منبع","آسان","مطالعه تاریخ در درجه نخست چه چیزی را بررسی می‌کند؟","رویدادها و فرایندهای گذشته","پیش‌بینی آب‌وهوا","اندازه‌گیری فشار خون","محاسبه سرعت","A","موضوع اصلی تاریخ بررسی رویدادها و فرایندهای گذشته انسانی است.","ترنم همدلی","original","1405"
"دهم","انسانی","تاریخ","تاریخ","روش مطالعه تاریخ","مفاهیم پایه","تحلیل منبع","متوسط","منبع تاریخی دست اول به چه نوع منبعی گفته می‌شود؟","منبع نزدیک به زمان رویداد","کتاب درسی جدید","داستان تخیلی","جدول ضرب","A","منبع دست اول ارتباط مستقیم‌تری با زمان یا شاهدان رویداد دارد.","ترنم همدلی","original","1405"
"دهم","انسانی","تاریخ","تاریخ","روش مطالعه تاریخ","مفاهیم پایه","تحلیل منبع","متوسط","خط زمانی برای چه منظوری کاربرد دارد؟","نشان دادن ترتیب زمانی رویدادها","محاسبه مساحت","اندازه‌گیری دما","تشخیص آرایه ادبی","A","خط زمانی ترتیب و فاصله زمانی رویدادها را نمایش می‌دهد.","ترنم همدلی","original","1405"
"دهم","انسانی","تاریخ","تاریخ","روش مطالعه تاریخ","مفاهیم پایه","تحلیل منبع","آسان","مطالعه تاریخ در درجه نخست چه چیزی را بررسی می‌کند؟","رویدادها و فرایندهای گذشته","پیش‌بینی آب‌وهوا","اندازه‌گیری فشار خون","محاسبه سرعت","A","موضوع اصلی تاریخ بررسی رویدادها و فرایندهای گذشته انسانی است.","ترنم همدلی","original","1405"
"دهم","انسانی","تاریخ","تاریخ","روش مطالعه تاریخ","مفاهیم پایه","تحلیل منبع","متوسط","منبع تاریخی دست اول به چه نوع منبعی گفته می‌شود؟","منبع نزدیک به زمان رویداد","کتاب درسی جدید","داستان تخیلی","جدول ضرب","A","منبع دست اول ارتباط مستقیم‌تری با زمان یا شاهدان رویداد دارد.","ترنم همدلی","original","1405"
"دهم","انسانی","تاریخ","تاریخ","روش مطالعه تاریخ","مفاهیم پایه","تحلیل منبع","متوسط","خط زمانی برای چه منظوری کاربرد دارد؟","نشان دادن ترتیب زمانی رویدادها","محاسبه مساحت","اندازه‌گیری دما","تشخیص آرایه ادبی","A","خط زمانی ترتیب و فاصله زمانی رویدادها را نمایش می‌دهد.","ترنم همدلی","original","1405"
"دهم","انسانی","تاریخ","تاریخ","روش مطالعه تاریخ","مفاهیم پایه","تحلیل منبع","آسان","مطالعه تاریخ در درجه نخست چه چیزی را بررسی می‌کند؟","رویدادها و فرایندهای گذشته","پیش‌بینی آب‌وهوا","اندازه‌گیری فشار خون","محاسبه سرعت","A","موضوع اصلی تاریخ بررسی رویدادها و فرایندهای گذشته انسانی است.","ترنم همدلی","original","1405"
"دهم","انسانی","تاریخ","تاریخ","روش مطالعه تاریخ","مفاهیم پایه","تحلیل منبع","متوسط","منبع تاریخی دست اول به چه نوع منبعی گفته می‌شود؟","منبع نزدیک به زمان رویداد","کتاب درسی جدید","داستان تخیلی","جدول ضرب","A","منبع دست اول ارتباط مستقیم‌تری با زمان یا شاهدان رویداد دارد.","ترنم همدلی","original","1405"
"دهم","انسانی","تاریخ","تاریخ","روش مطالعه تاریخ","مفاهیم پایه","تحلیل منبع","متوسط","خط زمانی برای چه منظوری کاربرد دارد؟","نشان دادن ترتیب زمانی رویدادها","محاسبه مساحت","اندازه‌گیری دما","تشخیص آرایه ادبی","A","خط زمانی ترتیب و فاصله زمانی رویدادها را نمایش می‌دهد.","ترنم همدلی","original","1405"
"دهم","انسانی","تاریخ","تاریخ","روش مطالعه تاریخ","مفاهیم پایه","تحلیل منبع","آسان","مطالعه تاریخ در درجه نخست چه چیزی را بررسی می‌کند؟","رویدادها و فرایندهای گذشته","پیش‌بینی آب‌وهوا","اندازه‌گیری فشار خون","محاسبه سرعت","A","موضوع اصلی تاریخ بررسی رویدادها و فرایندهای گذشته انسانی است.","ترنم همدلی","original","1405"
"دهم","انسانی","تاریخ","تاریخ","روش مطالعه تاریخ","مفاهیم پایه","تحلیل منبع","متوسط","منبع تاریخی دست اول به چه نوع منبعی گفته می‌شود؟","منبع نزدیک به زمان رویداد","کتاب درسی جدید","داستان تخیلی","جدول ضرب","A","منبع دست اول ارتباط مستقیم‌تری با زمان یا شاهدان رویداد دارد.","ترنم همدلی","original","1405"
"دهم","انسانی","تاریخ","تاریخ","روش مطالعه تاریخ","مفاهیم پایه","تحلیل منبع","متوسط","خط زمانی برای چه منظوری کاربرد دارد؟","نشان دادن ترتیب زمانی رویدادها","محاسبه مساحت","اندازه‌گیری دما","تشخیص آرایه ادبی","A","خط زمانی ترتیب و فاصله زمانی رویدادها را نمایش می‌دهد.","ترنم همدلی","original","1405"
"دهم","انسانی","تاریخ","تاریخ","روش مطالعه تاریخ","مفاهیم پایه","تحلیل منبع","آسان","مطالعه تاریخ در درجه نخست چه چیزی را بررسی می‌کند؟","رویدادها و فرایندهای گذشته","پیش‌بینی آب‌وهوا","اندازه‌گیری فشار خون","محاسبه سرعت","A","موضوع اصلی تاریخ بررسی رویدادها و فرایندهای گذشته انسانی است.","ترنم همدلی","original","1405"
"دهم","انسانی","تاریخ","تاریخ","روش مطالعه تاریخ","مفاهیم پایه","تحلیل منبع","متوسط","منبع تاریخی دست اول به چه نوع منبعی گفته می‌شود؟","منبع نزدیک به زمان رویداد","کتاب درسی جدید","داستان تخیلی","جدول ضرب","A","منبع دست اول ارتباط مستقیم‌تری با زمان یا شاهدان رویداد دارد.","ترنم همدلی","original","1405"
"دهم","انسانی","تاریخ","تاریخ","روش مطالعه تاریخ","مفاهیم پایه","تحلیل منبع","متوسط","خط زمانی برای چه منظوری کاربرد دارد؟","نشان دادن ترتیب زمانی رویدادها","محاسبه مساحت","اندازه‌گیری دما","تشخیص آرایه ادبی","A","خط زمانی ترتیب و فاصله زمانی رویدادها را نمایش می‌دهد.","ترنم همدلی","original","1405"
"دهم","انسانی","تاریخ","تاریخ","روش مطالعه تاریخ","مفاهیم پایه","تحلیل منبع","آسان","مطالعه تاریخ در درجه نخست چه چیزی را بررسی می‌کند؟","رویدادها و فرایندهای گذشته","پیش‌بینی آب‌وهوا","اندازه‌گیری فشار خون","محاسبه سرعت","A","موضوع اصلی تاریخ بررسی رویدادها و فرایندهای گذشته انسانی است.","ترنم همدلی","original","1405"
"دهم","انسانی","تاریخ","تاریخ","روش مطالعه تاریخ","مفاهیم پایه","تحلیل منبع","متوسط","منبع تاریخی دست اول به چه نوع منبعی گفته می‌شود؟","منبع نزدیک به زمان رویداد","کتاب درسی جدید","داستان تخیلی","جدول ضرب","A","منبع دست اول ارتباط مستقیم‌تری با زمان یا شاهدان رویداد دارد.","ترنم همدلی","original","1405"
"دهم","انسانی","تاریخ","تاریخ","روش مطالعه تاریخ","مفاهیم پایه","تحلیل منبع","متوسط","خط زمانی برای چه منظوری کاربرد دارد؟","نشان دادن ترتیب زمانی رویدادها","محاسبه مساحت","اندازه‌گیری دما","تشخیص آرایه ادبی","A","خط زمانی ترتیب و فاصله زمانی رویدادها را نمایش می‌دهد.","ترنم همدلی","original","1405"
"دهم","انسانی","تاریخ","تاریخ","روش مطالعه تاریخ","مفاهیم پایه","تحلیل منبع","آسان","مطالعه تاریخ در درجه نخست چه چیزی را بررسی می‌کند؟","رویدادها و فرایندهای گذشته","پیش‌بینی آب‌وهوا","اندازه‌گیری فشار خون","محاسبه سرعت","A","موضوع اصلی تاریخ بررسی رویدادها و فرایندهای گذشته انسانی است.","ترنم همدلی","original","1405"
"دهم","انسانی","تاریخ","تاریخ","روش مطالعه تاریخ","مفاهیم پایه","تحلیل منبع","متوسط","منبع تاریخی دست اول به چه نوع منبعی گفته می‌شود؟","منبع نزدیک به زمان رویداد","کتاب درسی جدید","داستان تخیلی","جدول ضرب","A","منبع دست اول ارتباط مستقیم‌تری با زمان یا شاهدان رویداد دارد.","ترنم همدلی","original","1405"
"دهم","انسانی","تاریخ","تاریخ","روش مطالعه تاریخ","مفاهیم پایه","تحلیل منبع","متوسط","خط زمانی برای چه منظوری کاربرد دارد؟","نشان دادن ترتیب زمانی رویدادها","محاسبه مساحت","اندازه‌گیری دما","تشخیص آرایه ادبی","A","خط زمانی ترتیب و فاصله زمانی رویدادها را نمایش می‌دهد.","ترنم همدلی","original","1405"
"دهم","انسانی","تاریخ","تاریخ","روش مطالعه تاریخ","مفاهیم پایه","تحلیل منبع","آسان","مطالعه تاریخ در درجه نخست چه چیزی را بررسی می‌کند؟","رویدادها و فرایندهای گذشته","پیش‌بینی آب‌وهوا","اندازه‌گیری فشار خون","محاسبه سرعت","A","موضوع اصلی تاریخ بررسی رویدادها و فرایندهای گذشته انسانی است.","ترنم همدلی","original","1405"
"دهم","انسانی","تاریخ","تاریخ","روش مطالعه تاریخ","مفاهیم پایه","تحلیل منبع","متوسط","منبع تاریخی دست اول به چه نوع منبعی گفته می‌شود؟","منبع نزدیک به زمان رویداد","کتاب درسی جدید","داستان تخیلی","جدول ضرب","A","منبع دست اول ارتباط مستقیم‌تری با زمان یا شاهدان رویداد دارد.","ترنم همدلی","original","1405"
"دهم","انسانی","تاریخ","تاریخ","روش مطالعه تاریخ","مفاهیم پایه","تحلیل منبع","متوسط","خط زمانی برای چه منظوری کاربرد دارد؟","نشان دادن ترتیب زمانی رویدادها","محاسبه مساحت","اندازه‌گیری دما","تشخیص آرایه ادبی","A","خط زمانی ترتیب و فاصله زمانی رویدادها را نمایش می‌دهد.","ترنم همدلی","original","1405"
"دهم","انسانی","تاریخ","تاریخ","روش مطالعه تاریخ","مفاهیم پایه","تحلیل منبع","آسان","مطالعه تاریخ در درجه نخست چه چیزی را بررسی می‌کند؟","رویدادها و فرایندهای گذشته","پیش‌بینی آب‌وهوا","اندازه‌گیری فشار خون","محاسبه سرعت","A","موضوع اصلی تاریخ بررسی رویدادها و فرایندهای گذشته انسانی است.","ترنم همدلی","original","1405"
"دهم","انسانی","تاریخ","تاریخ","روش مطالعه تاریخ","مفاهیم پایه","تحلیل منبع","متوسط","منبع تاریخی دست اول به چه نوع منبعی گفته می‌شود؟","منبع نزدیک به زمان رویداد","کتاب درسی جدید","داستان تخیلی","جدول ضرب","A","منبع دست اول ارتباط مستقیم‌تری با زمان یا شاهدان رویداد دارد.","ترنم همدلی","original","1405"
"دهم","انسانی","تاریخ","تاریخ","روش مطالعه تاریخ","مفاهیم پایه","تحلیل منبع","متوسط","خط زمانی برای چه منظوری کاربرد دارد؟","نشان دادن ترتیب زمانی رویدادها","محاسبه مساحت","اندازه‌گیری دما","تشخیص آرایه ادبی","A","خط زمانی ترتیب و فاصله زمانی رویدادها را نمایش می‌دهد.","ترنم همدلی","original","1405"
"دهم","انسانی","تاریخ","تاریخ","روش مطالعه تاریخ","مفاهیم پایه","تحلیل منبع","آسان","مطالعه تاریخ در درجه نخست چه چیزی را بررسی می‌کند؟","رویدادها و فرایندهای گذشته","پیش‌بینی آب‌وهوا","اندازه‌گیری فشار خون","محاسبه سرعت","A","موضوع اصلی تاریخ بررسی رویدادها و فرایندهای گذشته انسانی است.","ترنم همدلی","original","1405"
"دهم","انسانی","تاریخ","تاریخ","روش مطالعه تاریخ","مفاهیم پایه","تحلیل منبع","متوسط","منبع تاریخی دست اول به چه نوع منبعی گفته می‌شود؟","منبع نزدیک به زمان رویداد","کتاب درسی جدید","داستان تخیلی","جدول ضرب","A","منبع دست اول ارتباط مستقیم‌تری با زمان یا شاهدان رویداد دارد.","ترنم همدلی","original","1405"
"دهم","انسانی","تاریخ","تاریخ","روش مطالعه تاریخ","مفاهیم پایه","تحلیل منبع","متوسط","خط زمانی برای چه منظوری کاربرد دارد؟","نشان دادن ترتیب زمانی رویدادها","محاسبه مساحت","اندازه‌گیری دما","تشخیص آرایه ادبی","A","خط زمانی ترتیب و فاصله زمانی رویدادها را نمایش می‌دهد.","ترنم همدلی","original","1405"
"دهم","انسانی","تاریخ","تاریخ","روش مطالعه تاریخ","مفاهیم پایه","تحلیل منبع","آسان","مطالعه تاریخ در درجه نخست چه چیزی را بررسی می‌کند؟","رویدادها و فرایندهای گذشته","پیش‌بینی آب‌وهوا","اندازه‌گیری فشار خون","محاسبه سرعت","A","موضوع اصلی تاریخ بررسی رویدادها و فرایندهای گذشته انسانی است.","ترنم همدلی","original","1405"
"دهم","انسانی","تاریخ","تاریخ","روش مطالعه تاریخ","مفاهیم پایه","تحلیل منبع","متوسط","منبع تاریخی دست اول به چه نوع منبعی گفته می‌شود؟","منبع نزدیک به زمان رویداد","کتاب درسی جدید","داستان تخیلی","جدول ضرب","A","منبع دست اول ارتباط مستقیم‌تری با زمان یا شاهدان رویداد دارد.","ترنم همدلی","original","1405"
"دهم","انسانی","تاریخ","تاریخ","روش مطالعه تاریخ","مفاهیم پایه","تحلیل منبع","متوسط","خط زمانی برای چه منظوری کاربرد دارد؟","نشان دادن ترتیب زمانی رویدادها","محاسبه مساحت","اندازه‌گیری دما","تشخیص آرایه ادبی","A","خط زمانی ترتیب و فاصله زمانی رویدادها را نمایش می‌دهد.","ترنم همدلی","original","1405"
"دهم","انسانی","تاریخ","تاریخ","روش مطالعه تاریخ","مفاهیم پایه","تحلیل منبع","آسان","مطالعه تاریخ در درجه نخست چه چیزی را بررسی می‌کند؟","رویدادها و فرایندهای گذشته","پیش‌بینی آب‌وهوا","اندازه‌گیری فشار خون","محاسبه سرعت","A","موضوع اصلی تاریخ بررسی رویدادها و فرایندهای گذشته انسانی است.","ترنم همدلی","original","1405"
"دهم","انسانی","تاریخ","تاریخ","روش مطالعه تاریخ","مفاهیم پایه","تحلیل منبع","متوسط","منبع تاریخی دست اول به چه نوع منبعی گفته می‌شود؟","منبع نزدیک به زمان رویداد","کتاب درسی جدید","داستان تخیلی","جدول ضرب","A","منبع دست اول ارتباط مستقیم‌تری با زمان یا شاهدان رویداد دارد.","ترنم همدلی","original","1405"
"دهم","انسانی","تاریخ","تاریخ","روش مطالعه تاریخ","مفاهیم پایه","تحلیل منبع","متوسط","خط زمانی برای چه منظوری کاربرد دارد؟","نشان دادن ترتیب زمانی رویدادها","محاسبه مساحت","اندازه‌گیری دما","تشخیص آرایه ادبی","A","خط زمانی ترتیب و فاصله زمانی رویدادها را نمایش می‌دهد.","ترنم همدلی","original","1405"
"دهم","انسانی","تاریخ","تاریخ","روش مطالعه تاریخ","مفاهیم پایه","تحلیل منبع","آسان","مطالعه تاریخ در درجه نخست چه چیزی را بررسی می‌کند؟","رویدادها و فرایندهای گذشته","پیش‌بینی آب‌وهوا","اندازه‌گیری فشار خون","محاسبه سرعت","A","موضوع اصلی تاریخ بررسی رویدادها و فرایندهای گذشته انسانی است.","ترنم همدلی","original","1405"
"دهم","انسانی","تاریخ","تاریخ","روش مطالعه تاریخ","مفاهیم پایه","تحلیل منبع","متوسط","منبع تاریخی دست اول به چه نوع منبعی گفته می‌شود؟","منبع نزدیک به زمان رویداد","کتاب درسی جدید","داستان تخیلی","جدول ضرب","A","منبع دست اول ارتباط مستقیم‌تری با زمان یا شاهدان رویداد دارد.","ترنم همدلی","original","1405"
"دهم","انسانی","تاریخ","تاریخ","روش مطالعه تاریخ","مفاهیم پایه","تحلیل منبع","متوسط","خط زمانی برای چه منظوری کاربرد دارد؟","نشان دادن ترتیب زمانی رویدادها","محاسبه مساحت","اندازه‌گیری دما","تشخیص آرایه ادبی","A","خط زمانی ترتیب و فاصله زمانی رویدادها را نمایش می‌دهد.","ترنم همدلی","original","1405"
"دهم","انسانی","تاریخ","تاریخ","روش مطالعه تاریخ","مفاهیم پایه","تحلیل منبع","آسان","مطالعه تاریخ در درجه نخست چه چیزی را بررسی می‌کند؟","رویدادها و فرایندهای گذشته","پیش‌بینی آب‌وهوا","اندازه‌گیری فشار خون","محاسبه سرعت","A","موضوع اصلی تاریخ بررسی رویدادها و فرایندهای گذشته انسانی است.","ترنم همدلی","original","1405"
"دهم","انسانی","تاریخ","تاریخ","روش مطالعه تاریخ","مفاهیم پایه","تحلیل منبع","متوسط","منبع تاریخی دست اول به چه نوع منبعی گفته می‌شود؟","منبع نزدیک به زمان رویداد","کتاب درسی جدید","داستان تخیلی","جدول ضرب","A","منبع دست اول ارتباط مستقیم‌تری با زمان یا شاهدان رویداد دارد.","ترنم همدلی","original","1405"
"دهم","انسانی","تاریخ","تاریخ","روش مطالعه تاریخ","مفاهیم پایه","تحلیل منبع","متوسط","خط زمانی برای چه منظوری کاربرد دارد؟","نشان دادن ترتیب زمانی رویدادها","محاسبه مساحت","اندازه‌گیری دما","تشخیص آرایه ادبی","A","خط زمانی ترتیب و فاصله زمانی رویدادها را نمایش می‌دهد.","ترنم همدلی","original","1405"
"دهم","انسانی","تاریخ","تاریخ","روش مطالعه تاریخ","مفاهیم پایه","تحلیل منبع","آسان","مطالعه تاریخ در درجه نخست چه چیزی را بررسی می‌کند؟","رویدادها و فرایندهای گذشته","پیش‌بینی آب‌وهوا","اندازه‌گیری فشار خون","محاسبه سرعت","A","موضوع اصلی تاریخ بررسی رویدادها و فرایندهای گذشته انسانی است.","ترنم همدلی","original","1405"
"دهم","انسانی","تاریخ","تاریخ","روش مطالعه تاریخ","مفاهیم پایه","تحلیل منبع","متوسط","منبع تاریخی دست اول به چه نوع منبعی گفته می‌شود؟","منبع نزدیک به زمان رویداد","کتاب درسی جدید","داستان تخیلی","جدول ضرب","A","منبع دست اول ارتباط مستقیم‌تری با زمان یا شاهدان رویداد دارد.","ترنم همدلی","original","1405"
"دهم","انسانی","تاریخ","تاریخ","روش مطالعه تاریخ","مفاهیم پایه","تحلیل منبع","متوسط","خط زمانی برای چه منظوری کاربرد دارد؟","نشان دادن ترتیب زمانی رویدادها","محاسبه مساحت","اندازه‌گیری دما","تشخیص آرایه ادبی","A","خط زمانی ترتیب و فاصله زمانی رویدادها را نمایش می‌دهد.","ترنم همدلی","original","1405"
"دهم","انسانی","تاریخ","تاریخ","روش مطالعه تاریخ","مفاهیم پایه","تحلیل منبع","آسان","مطالعه تاریخ در درجه نخست چه چیزی را بررسی می‌کند؟","رویدادها و فرایندهای گذشته","پیش‌بینی آب‌وهوا","اندازه‌گیری فشار خون","محاسبه سرعت","A","موضوع اصلی تاریخ بررسی رویدادها و فرایندهای گذشته انسانی است.","ترنم همدلی","original","1405"
"دهم","انسانی","تاریخ","تاریخ","روش مطالعه تاریخ","مفاهیم پایه","تحلیل منبع","متوسط","منبع تاریخی دست اول به چه نوع منبعی گفته می‌شود؟","منبع نزدیک به زمان رویداد","کتاب درسی جدید","داستان تخیلی","جدول ضرب","A","منبع دست اول ارتباط مستقیم‌تری با زمان یا شاهدان رویداد دارد.","ترنم همدلی","original","1405"
"دهم","انسانی","تاریخ","تاریخ","روش مطالعه تاریخ","مفاهیم پایه","تحلیل منبع","متوسط","خط زمانی برای چه منظوری کاربرد دارد؟","نشان دادن ترتیب زمانی رویدادها","محاسبه مساحت","اندازه‌گیری دما","تشخیص آرایه ادبی","A","خط زمانی ترتیب و فاصله زمانی رویدادها را نمایش می‌دهد.","ترنم همدلی","original","1405"
"دهم","انسانی","تاریخ","تاریخ","روش مطالعه تاریخ","مفاهیم پایه","تحلیل منبع","آسان","مطالعه تاریخ در درجه نخست چه چیزی را بررسی می‌کند؟","رویدادها و فرایندهای گذشته","پیش‌بینی آب‌وهوا","اندازه‌گیری فشار خون","محاسبه سرعت","A","موضوع اصلی تاریخ بررسی رویدادها و فرایندهای گذشته انسانی است.","ترنم همدلی","original","1405"
"دهم","انسانی","تاریخ","تاریخ","روش مطالعه تاریخ","مفاهیم پایه","تحلیل منبع","متوسط","منبع تاریخی دست اول به چه نوع منبعی گفته می‌شود؟","منبع نزدیک به زمان رویداد","کتاب درسی جدید","داستان تخیلی","جدول ضرب","A","منبع دست اول ارتباط مستقیم‌تری با زمان یا شاهدان رویداد دارد.","ترنم همدلی","original","1405"
"دهم","انسانی","تاریخ","تاریخ","روش مطالعه تاریخ","مفاهیم پایه","تحلیل منبع","متوسط","خط زمانی برای چه منظوری کاربرد دارد؟","نشان دادن ترتیب زمانی رویدادها","محاسبه مساحت","اندازه‌گیری دما","تشخیص آرایه ادبی","A","خط زمانی ترتیب و فاصله زمانی رویدادها را نمایش می‌دهد.","ترنم همدلی","original","1405"
"دهم","انسانی","تاریخ","تاریخ","روش مطالعه تاریخ","مفاهیم پایه","تحلیل منبع","آسان","مطالعه تاریخ در درجه نخست چه چیزی را بررسی می‌کند؟","رویدادها و فرایندهای گذشته","پیش‌بینی آب‌وهوا","اندازه‌گیری فشار خون","محاسبه سرعت","A","موضوع اصلی تاریخ بررسی رویدادها و فرایندهای گذشته انسانی است.","ترنم همدلی","original","1405"
"دهم","انسانی","تاریخ","تاریخ","روش مطالعه تاریخ","مفاهیم پایه","تحلیل منبع","متوسط","منبع تاریخی دست اول به چه نوع منبعی گفته می‌شود؟","منبع نزدیک به زمان رویداد","کتاب درسی جدید","داستان تخیلی","جدول ضرب","A","منبع دست اول ارتباط مستقیم‌تری با زمان یا شاهدان رویداد دارد.","ترنم همدلی","original","1405"
"دهم","انسانی","تاریخ","تاریخ","روش مطالعه تاریخ","مفاهیم پایه","تحلیل منبع","متوسط","خط زمانی برای چه منظوری کاربرد دارد؟","نشان دادن ترتیب زمانی رویدادها","محاسبه مساحت","اندازه‌گیری دما","تشخیص آرایه ادبی","A","خط زمانی ترتیب و فاصله زمانی رویدادها را نمایش می‌دهد.","ترنم همدلی","original","1405"
"دهم","انسانی","تاریخ","تاریخ","روش مطالعه تاریخ","مفاهیم پایه","تحلیل منبع","آسان","مطالعه تاریخ در درجه نخست چه چیزی را بررسی می‌کند؟","رویدادها و فرایندهای گذشته","پیش‌بینی آب‌وهوا","اندازه‌گیری فشار خون","محاسبه سرعت","A","موضوع اصلی تاریخ بررسی رویدادها و فرایندهای گذشته انسانی است.","ترنم همدلی","original","1405"
"دهم","انسانی","تاریخ","تاریخ","روش مطالعه تاریخ","مفاهیم پایه","تحلیل منبع","متوسط","منبع تاریخی دست اول به چه نوع منبعی گفته می‌شود؟","منبع نزدیک به زمان رویداد","کتاب درسی جدید","داستان تخیلی","جدول ضرب","A","منبع دست اول ارتباط مستقیم‌تری با زمان یا شاهدان رویداد دارد.","ترنم همدلی","original","1405"
"دهم","انسانی","تاریخ","تاریخ","روش مطالعه تاریخ","مفاهیم پایه","تحلیل منبع","متوسط","خط زمانی برای چه منظوری کاربرد دارد؟","نشان دادن ترتیب زمانی رویدادها","محاسبه مساحت","اندازه‌گیری دما","تشخیص آرایه ادبی","A","خط زمانی ترتیب و فاصله زمانی رویدادها را نمایش می‌دهد.","ترنم همدلی","original","1405"
"دهم","انسانی","تاریخ","تاریخ","روش مطالعه تاریخ","مفاهیم پایه","تحلیل منبع","آسان","مطالعه تاریخ در درجه نخست چه چیزی را بررسی می‌کند؟","رویدادها و فرایندهای گذشته","پیش‌بینی آب‌وهوا","اندازه‌گیری فشار خون","محاسبه سرعت","A","موضوع اصلی تاریخ بررسی رویدادها و فرایندهای گذشته انسانی است.","ترنم همدلی","original","1405"
"دهم","انسانی","تاریخ","تاریخ","روش مطالعه تاریخ","مفاهیم پایه","تحلیل منبع","متوسط","منبع تاریخی دست اول به چه نوع منبعی گفته می‌شود؟","منبع نزدیک به زمان رویداد","کتاب درسی جدید","داستان تخیلی","جدول ضرب","A","منبع دست اول ارتباط مستقیم‌تری با زمان یا شاهدان رویداد دارد.","ترنم همدلی","original","1405"
"دهم","انسانی","تاریخ","تاریخ","روش مطالعه تاریخ","مفاهیم پایه","تحلیل منبع","متوسط","خط زمانی برای چه منظوری کاربرد دارد؟","نشان دادن ترتیب زمانی رویدادها","محاسبه مساحت","اندازه‌گیری دما","تشخیص آرایه ادبی","A","خط زمانی ترتیب و فاصله زمانی رویدادها را نمایش می‌دهد.","ترنم همدلی","original","1405"
"دهم","انسانی","تاریخ","تاریخ","روش مطالعه تاریخ","مفاهیم پایه","تحلیل منبع","آسان","مطالعه تاریخ در درجه نخست چه چیزی را بررسی می‌کند؟","رویدادها و فرایندهای گذشته","پیش‌بینی آب‌وهوا","اندازه‌گیری فشار خون","محاسبه سرعت","A","موضوع اصلی تاریخ بررسی رویدادها و فرایندهای گذشته انسانی است.","ترنم همدلی","original","1405"
"دهم","انسانی","تاریخ","تاریخ","روش مطالعه تاریخ","مفاهیم پایه","تحلیل منبع","متوسط","منبع تاریخی دست اول به چه نوع منبعی گفته می‌شود؟","منبع نزدیک به زمان رویداد","کتاب درسی جدید","داستان تخیلی","جدول ضرب","A","منبع دست اول ارتباط مستقیم‌تری با زمان یا شاهدان رویداد دارد.","ترنم همدلی","original","1405"
"دهم","انسانی","تاریخ","تاریخ","روش مطالعه تاریخ","مفاهیم پایه","تحلیل منبع","متوسط","خط زمانی برای چه منظوری کاربرد دارد؟","نشان دادن ترتیب زمانی رویدادها","محاسبه مساحت","اندازه‌گیری دما","تشخیص آرایه ادبی","A","خط زمانی ترتیب و فاصله زمانی رویدادها را نمایش می‌دهد.","ترنم همدلی","original","1405"
"دهم","انسانی","تاریخ","تاریخ","روش مطالعه تاریخ","مفاهیم پایه","تحلیل منبع","آسان","مطالعه تاریخ در درجه نخست چه چیزی را بررسی می‌کند؟","رویدادها و فرایندهای گذشته","پیش‌بینی آب‌وهوا","اندازه‌گیری فشار خون","محاسبه سرعت","A","موضوع اصلی تاریخ بررسی رویدادها و فرایندهای گذشته انسانی است.","ترنم همدلی","original","1405"
"دهم","انسانی","تاریخ","تاریخ","روش مطالعه تاریخ","مفاهیم پایه","تحلیل منبع","متوسط","منبع تاریخی دست اول به چه نوع منبعی گفته می‌شود؟","منبع نزدیک به زمان رویداد","کتاب درسی جدید","داستان تخیلی","جدول ضرب","A","منبع دست اول ارتباط مستقیم‌تری با زمان یا شاهدان رویداد دارد.","ترنم همدلی","original","1405"
"دهم","انسانی","تاریخ","تاریخ","روش مطالعه تاریخ","مفاهیم پایه","تحلیل منبع","متوسط","خط زمانی برای چه منظوری کاربرد دارد؟","نشان دادن ترتیب زمانی رویدادها","محاسبه مساحت","اندازه‌گیری دما","تشخیص آرایه ادبی","A","خط زمانی ترتیب و فاصله زمانی رویدادها را نمایش می‌دهد.","ترنم همدلی","original","1405"
"دهم","انسانی","تاریخ","تاریخ","روش مطالعه تاریخ","مفاهیم پایه","تحلیل منبع","آسان","مطالعه تاریخ در درجه نخست چه چیزی را بررسی می‌کند؟","رویدادها و فرایندهای گذشته","پیش‌بینی آب‌وهوا","اندازه‌گیری فشار خون","محاسبه سرعت","A","موضوع اصلی تاریخ بررسی رویدادها و فرایندهای گذشته انسانی است.","ترنم همدلی","original","1405"
"دهم","انسانی","تاریخ","تاریخ","روش مطالعه تاریخ","مفاهیم پایه","تحلیل منبع","متوسط","منبع تاریخی دست اول به چه نوع منبعی گفته می‌شود؟","منبع نزدیک به زمان رویداد","کتاب درسی جدید","داستان تخیلی","جدول ضرب","A","منبع دست اول ارتباط مستقیم‌تری با زمان یا شاهدان رویداد دارد.","ترنم همدلی","original","1405"
"دهم","انسانی","تاریخ","تاریخ","روش مطالعه تاریخ","مفاهیم پایه","تحلیل منبع","متوسط","خط زمانی برای چه منظوری کاربرد دارد؟","نشان دادن ترتیب زمانی رویدادها","محاسبه مساحت","اندازه‌گیری دما","تشخیص آرایه ادبی","A","خط زمانی ترتیب و فاصله زمانی رویدادها را نمایش می‌دهد.","ترنم همدلی","original","1405"
"دهم","انسانی","تاریخ","تاریخ","روش مطالعه تاریخ","مفاهیم پایه","تحلیل منبع","آسان","مطالعه تاریخ در درجه نخست چه چیزی را بررسی می‌کند؟","رویدادها و فرایندهای گذشته","پیش‌بینی آب‌وهوا","اندازه‌گیری فشار خون","محاسبه سرعت","A","موضوع اصلی تاریخ بررسی رویدادها و فرایندهای گذشته انسانی است.","ترنم همدلی","original","1405"
"یازدهم","انسانی","تاریخ","تاریخ","روش مطالعه تاریخ","مفاهیم پایه","تحلیل منبع","آسان","مطالعه تاریخ در درجه نخست چه چیزی را بررسی می‌کند؟","رویدادها و فرایندهای گذشته","پیش‌بینی آب‌وهوا","اندازه‌گیری فشار خون","محاسبه سرعت","A","موضوع اصلی تاریخ بررسی رویدادها و فرایندهای گذشته انسانی است.","ترنم همدلی","original","1405"
"یازدهم","انسانی","تاریخ","تاریخ","روش مطالعه تاریخ","مفاهیم پایه","تحلیل منبع","متوسط","منبع تاریخی دست اول به چه نوع منبعی گفته می‌شود؟","منبع نزدیک به زمان رویداد","کتاب درسی جدید","داستان تخیلی","جدول ضرب","A","منبع دست اول ارتباط مستقیم‌تری با زمان یا شاهدان رویداد دارد.","ترنم همدلی","original","1405"
"یازدهم","انسانی","تاریخ","تاریخ","روش مطالعه تاریخ","مفاهیم پایه","تحلیل منبع","متوسط","خط زمانی برای چه منظوری کاربرد دارد؟","نشان دادن ترتیب زمانی رویدادها","محاسبه مساحت","اندازه‌گیری دما","تشخیص آرایه ادبی","A","خط زمانی ترتیب و فاصله زمانی رویدادها را نمایش می‌دهد.","ترنم همدلی","original","1405"
"یازدهم","انسانی","تاریخ","تاریخ","روش مطالعه تاریخ","مفاهیم پایه","تحلیل منبع","آسان","مطالعه تاریخ در درجه نخست چه چیزی را بررسی می‌کند؟","رویدادها و فرایندهای گذشته","پیش‌بینی آب‌وهوا","اندازه‌گیری فشار خون","محاسبه سرعت","A","موضوع اصلی تاریخ بررسی رویدادها و فرایندهای گذشته انسانی است.","ترنم همدلی","original","1405"
"یازدهم","انسانی","تاریخ","تاریخ","روش مطالعه تاریخ","مفاهیم پایه","تحلیل منبع","متوسط","منبع تاریخی دست اول به چه نوع منبعی گفته می‌شود؟","منبع نزدیک به زمان رویداد","کتاب درسی جدید","داستان تخیلی","جدول ضرب","A","منبع دست اول ارتباط مستقیم‌تری با زمان یا شاهدان رویداد دارد.","ترنم همدلی","original","1405"
"یازدهم","انسانی","تاریخ","تاریخ","روش مطالعه تاریخ","مفاهیم پایه","تحلیل منبع","متوسط","خط زمانی برای چه منظوری کاربرد دارد؟","نشان دادن ترتیب زمانی رویدادها","محاسبه مساحت","اندازه‌گیری دما","تشخیص آرایه ادبی","A","خط زمانی ترتیب و فاصله زمانی رویدادها را نمایش می‌دهد.","ترنم همدلی","original","1405"
"یازدهم","انسانی","تاریخ","تاریخ","روش مطالعه تاریخ","مفاهیم پایه","تحلیل منبع","آسان","مطالعه تاریخ در درجه نخست چه چیزی را بررسی می‌کند؟","رویدادها و فرایندهای گذشته","پیش‌بینی آب‌وهوا","اندازه‌گیری فشار خون","محاسبه سرعت","A","موضوع اصلی تاریخ بررسی رویدادها و فرایندهای گذشته انسانی است.","ترنم همدلی","original","1405"
"یازدهم","انسانی","تاریخ","تاریخ","روش مطالعه تاریخ","مفاهیم پایه","تحلیل منبع","متوسط","منبع تاریخی دست اول به چه نوع منبعی گفته می‌شود؟","منبع نزدیک به زمان رویداد","کتاب درسی جدید","داستان تخیلی","جدول ضرب","A","منبع دست اول ارتباط مستقیم‌تری با زمان یا شاهدان رویداد دارد.","ترنم همدلی","original","1405"
"یازدهم","انسانی","تاریخ","تاریخ","روش مطالعه تاریخ","مفاهیم پایه","تحلیل منبع","متوسط","خط زمانی برای چه منظوری کاربرد دارد؟","نشان دادن ترتیب زمانی رویدادها","محاسبه مساحت","اندازه‌گیری دما","تشخیص آرایه ادبی","A","خط زمانی ترتیب و فاصله زمانی رویدادها را نمایش می‌دهد.","ترنم همدلی","original","1405"
"یازدهم","انسانی","تاریخ","تاریخ","روش مطالعه تاریخ","مفاهیم پایه","تحلیل منبع","آسان","مطالعه تاریخ در درجه نخست چه چیزی را بررسی می‌کند؟","رویدادها و فرایندهای گذشته","پیش‌بینی آب‌وهوا","اندازه‌گیری فشار خون","محاسبه سرعت","A","موضوع اصلی تاریخ بررسی رویدادها و فرایندهای گذشته انسانی است.","ترنم همدلی","original","1405"
"یازدهم","انسانی","تاریخ","تاریخ","روش مطالعه تاریخ","مفاهیم پایه","تحلیل منبع","متوسط","منبع تاریخی دست اول به چه نوع منبعی گفته می‌شود؟","منبع نزدیک به زمان رویداد","کتاب درسی جدید","داستان تخیلی","جدول ضرب","A","منبع دست اول ارتباط مستقیم‌تری با زمان یا شاهدان رویداد دارد.","ترنم همدلی","original","1405"
"یازدهم","انسانی","تاریخ","تاریخ","روش مطالعه تاریخ","مفاهیم پایه","تحلیل منبع","متوسط","خط زمانی برای چه منظوری کاربرد دارد؟","نشان دادن ترتیب زمانی رویدادها","محاسبه مساحت","اندازه‌گیری دما","تشخیص آرایه ادبی","A","خط زمانی ترتیب و فاصله زمانی رویدادها را نمایش می‌دهد.","ترنم همدلی","original","1405"
"یازدهم","انسانی","تاریخ","تاریخ","روش مطالعه تاریخ","مفاهیم پایه","تحلیل منبع","آسان","مطالعه تاریخ در درجه نخست چه چیزی را بررسی می‌کند؟","رویدادها و فرایندهای گذشته","پیش‌بینی آب‌وهوا","اندازه‌گیری فشار خون","محاسبه سرعت","A","موضوع اصلی تاریخ بررسی رویدادها و فرایندهای گذشته انسانی است.","ترنم همدلی","original","1405"
"یازدهم","انسانی","تاریخ","تاریخ","روش مطالعه تاریخ","مفاهیم پایه","تحلیل منبع","متوسط","منبع تاریخی دست اول به چه نوع منبعی گفته می‌شود؟","منبع نزدیک به زمان رویداد","کتاب درسی جدید","داستان تخیلی","جدول ضرب","A","منبع دست اول ارتباط مستقیم‌تری با زمان یا شاهدان رویداد دارد.","ترنم همدلی","original","1405"
"یازدهم","انسانی","تاریخ","تاریخ","روش مطالعه تاریخ","مفاهیم پایه","تحلیل منبع","متوسط","خط زمانی برای چه منظوری کاربرد دارد؟","نشان دادن ترتیب زمانی رویدادها","محاسبه مساحت","اندازه‌گیری دما","تشخیص آرایه ادبی","A","خط زمانی ترتیب و فاصله زمانی رویدادها را نمایش می‌دهد.","ترنم همدلی","original","1405"
"یازدهم","انسانی","تاریخ","تاریخ","روش مطالعه تاریخ","مفاهیم پایه","تحلیل منبع","آسان","مطالعه تاریخ در درجه نخست چه چیزی را بررسی می‌کند؟","رویدادها و فرایندهای گذشته","پیش‌بینی آب‌وهوا","اندازه‌گیری فشار خون","محاسبه سرعت","A","موضوع اصلی تاریخ بررسی رویدادها و فرایندهای گذشته انسانی است.","ترنم همدلی","original","1405"
"یازدهم","انسانی","تاریخ","تاریخ","روش مطالعه تاریخ","مفاهیم پایه","تحلیل منبع","متوسط","منبع تاریخی دست اول به چه نوع منبعی گفته می‌شود؟","منبع نزدیک به زمان رویداد","کتاب درسی جدید","داستان تخیلی","جدول ضرب","A","منبع دست اول ارتباط مستقیم‌تری با زمان یا شاهدان رویداد دارد.","ترنم همدلی","original","1405"
"یازدهم","انسانی","تاریخ","تاریخ","روش مطالعه تاریخ","مفاهیم پایه","تحلیل منبع","متوسط","خط زمانی برای چه منظوری کاربرد دارد؟","نشان دادن ترتیب زمانی رویدادها","محاسبه مساحت","اندازه‌گیری دما","تشخیص آرایه ادبی","A","خط زمانی ترتیب و فاصله زمانی رویدادها را نمایش می‌دهد.","ترنم همدلی","original","1405"
"یازدهم","انسانی","تاریخ","تاریخ","روش مطالعه تاریخ","مفاهیم پایه","تحلیل منبع","آسان","مطالعه تاریخ در درجه نخست چه چیزی را بررسی می‌کند؟","رویدادها و فرایندهای گذشته","پیش‌بینی آب‌وهوا","اندازه‌گیری فشار خون","محاسبه سرعت","A","موضوع اصلی تاریخ بررسی رویدادها و فرایندهای گذشته انسانی است.","ترنم همدلی","original","1405"
"یازدهم","انسانی","تاریخ","تاریخ","روش مطالعه تاریخ","مفاهیم پایه","تحلیل منبع","متوسط","منبع تاریخی دست اول به چه نوع منبعی گفته می‌شود؟","منبع نزدیک به زمان رویداد","کتاب درسی جدید","داستان تخیلی","جدول ضرب","A","منبع دست اول ارتباط مستقیم‌تری با زمان یا شاهدان رویداد دارد.","ترنم همدلی","original","1405"
"یازدهم","انسانی","تاریخ","تاریخ","روش مطالعه تاریخ","مفاهیم پایه","تحلیل منبع","متوسط","خط زمانی برای چه منظوری کاربرد دارد؟","نشان دادن ترتیب زمانی رویدادها","محاسبه مساحت","اندازه‌گیری دما","تشخیص آرایه ادبی","A","خط زمانی ترتیب و فاصله زمانی رویدادها را نمایش می‌دهد.","ترنم همدلی","original","1405"
"یازدهم","انسانی","تاریخ","تاریخ","روش مطالعه تاریخ","مفاهیم پایه","تحلیل منبع","آسان","مطالعه تاریخ در درجه نخست چه چیزی را بررسی می‌کند؟","رویدادها و فرایندهای گذشته","پیش‌بینی آب‌وهوا","اندازه‌گیری فشار خون","محاسبه سرعت","A","موضوع اصلی تاریخ بررسی رویدادها و فرایندهای گذشته انسانی است.","ترنم همدلی","original","1405"
"یازدهم","انسانی","تاریخ","تاریخ","روش مطالعه تاریخ","مفاهیم پایه","تحلیل منبع","متوسط","منبع تاریخی دست اول به چه نوع منبعی گفته می‌شود؟","منبع نزدیک به زمان رویداد","کتاب درسی جدید","داستان تخیلی","جدول ضرب","A","منبع دست اول ارتباط مستقیم‌تری با زمان یا شاهدان رویداد دارد.","ترنم همدلی","original","1405"
"یازدهم","انسانی","تاریخ","تاریخ","روش مطالعه تاریخ","مفاهیم پایه","تحلیل منبع","متوسط","خط زمانی برای چه منظوری کاربرد دارد؟","نشان دادن ترتیب زمانی رویدادها","محاسبه مساحت","اندازه‌گیری دما","تشخیص آرایه ادبی","A","خط زمانی ترتیب و فاصله زمانی رویدادها را نمایش می‌دهد.","ترنم همدلی","original","1405"
"یازدهم","انسانی","تاریخ","تاریخ","روش مطالعه تاریخ","مفاهیم پایه","تحلیل منبع","آسان","مطالعه تاریخ در درجه نخست چه چیزی را بررسی می‌کند؟","رویدادها و فرایندهای گذشته","پیش‌بینی آب‌وهوا","اندازه‌گیری فشار خون","محاسبه سرعت","A","موضوع اصلی تاریخ بررسی رویدادها و فرایندهای گذشته انسانی است.","ترنم همدلی","original","1405"
"یازدهم","انسانی","تاریخ","تاریخ","روش مطالعه تاریخ","مفاهیم پایه","تحلیل منبع","متوسط","منبع تاریخی دست اول به چه نوع منبعی گفته می‌شود؟","منبع نزدیک به زمان رویداد","کتاب درسی جدید","داستان تخیلی","جدول ضرب","A","منبع دست اول ارتباط مستقیم‌تری با زمان یا شاهدان رویداد دارد.","ترنم همدلی","original","1405"
"یازدهم","انسانی","تاریخ","تاریخ","روش مطالعه تاریخ","مفاهیم پایه","تحلیل منبع","متوسط","خط زمانی برای چه منظوری کاربرد دارد؟","نشان دادن ترتیب زمانی رویدادها","محاسبه مساحت","اندازه‌گیری دما","تشخیص آرایه ادبی","A","خط زمانی ترتیب و فاصله زمانی رویدادها را نمایش می‌دهد.","ترنم همدلی","original","1405"
"یازدهم","انسانی","تاریخ","تاریخ","روش مطالعه تاریخ","مفاهیم پایه","تحلیل منبع","آسان","مطالعه تاریخ در درجه نخست چه چیزی را بررسی می‌کند؟","رویدادها و فرایندهای گذشته","پیش‌بینی آب‌وهوا","اندازه‌گیری فشار خون","محاسبه سرعت","A","موضوع اصلی تاریخ بررسی رویدادها و فرایندهای گذشته انسانی است.","ترنم همدلی","original","1405"
"یازدهم","انسانی","تاریخ","تاریخ","روش مطالعه تاریخ","مفاهیم پایه","تحلیل منبع","متوسط","منبع تاریخی دست اول به چه نوع منبعی گفته می‌شود؟","منبع نزدیک به زمان رویداد","کتاب درسی جدید","داستان تخیلی","جدول ضرب","A","منبع دست اول ارتباط مستقیم‌تری با زمان یا شاهدان رویداد دارد.","ترنم همدلی","original","1405"
"یازدهم","انسانی","تاریخ","تاریخ","روش مطالعه تاریخ","مفاهیم پایه","تحلیل منبع","متوسط","خط زمانی برای چه منظوری کاربرد دارد؟","نشان دادن ترتیب زمانی رویدادها","محاسبه مساحت","اندازه‌گیری دما","تشخیص آرایه ادبی","A","خط زمانی ترتیب و فاصله زمانی رویدادها را نمایش می‌دهد.","ترنم همدلی","original","1405"
"یازدهم","انسانی","تاریخ","تاریخ","روش مطالعه تاریخ","مفاهیم پایه","تحلیل منبع","آسان","مطالعه تاریخ در درجه نخست چه چیزی را بررسی می‌کند؟","رویدادها و فرایندهای گذشته","پیش‌بینی آب‌وهوا","اندازه‌گیری فشار خون","محاسبه سرعت","A","موضوع اصلی تاریخ بررسی رویدادها و فرایندهای گذشته انسانی است.","ترنم همدلی","original","1405"
"یازدهم","انسانی","تاریخ","تاریخ","روش مطالعه تاریخ","مفاهیم پایه","تحلیل منبع","متوسط","منبع تاریخی دست اول به چه نوع منبعی گفته می‌شود؟","منبع نزدیک به زمان رویداد","کتاب درسی جدید","داستان تخیلی","جدول ضرب","A","منبع دست اول ارتباط مستقیم‌تری با زمان یا شاهدان رویداد دارد.","ترنم همدلی","original","1405"
"یازدهم","انسانی","تاریخ","تاریخ","روش مطالعه تاریخ","مفاهیم پایه","تحلیل منبع","متوسط","خط زمانی برای چه منظوری کاربرد دارد؟","نشان دادن ترتیب زمانی رویدادها","محاسبه مساحت","اندازه‌گیری دما","تشخیص آرایه ادبی","A","خط زمانی ترتیب و فاصله زمانی رویدادها را نمایش می‌دهد.","ترنم همدلی","original","1405"
"یازدهم","انسانی","تاریخ","تاریخ","روش مطالعه تاریخ","مفاهیم پایه","تحلیل منبع","آسان","مطالعه تاریخ در درجه نخست چه چیزی را بررسی می‌کند؟","رویدادها و فرایندهای گذشته","پیش‌بینی آب‌وهوا","اندازه‌گیری فشار خون","محاسبه سرعت","A","موضوع اصلی تاریخ بررسی رویدادها و فرایندهای گذشته انسانی است.","ترنم همدلی","original","1405"
"یازدهم","انسانی","تاریخ","تاریخ","روش مطالعه تاریخ","مفاهیم پایه","تحلیل منبع","متوسط","منبع تاریخی دست اول به چه نوع منبعی گفته می‌شود؟","منبع نزدیک به زمان رویداد","کتاب درسی جدید","داستان تخیلی","جدول ضرب","A","منبع دست اول ارتباط مستقیم‌تری با زمان یا شاهدان رویداد دارد.","ترنم همدلی","original","1405"
"یازدهم","انسانی","تاریخ","تاریخ","روش مطالعه تاریخ","مفاهیم پایه","تحلیل منبع","متوسط","خط زمانی برای چه منظوری کاربرد دارد؟","نشان دادن ترتیب زمانی رویدادها","محاسبه مساحت","اندازه‌گیری دما","تشخیص آرایه ادبی","A","خط زمانی ترتیب و فاصله زمانی رویدادها را نمایش می‌دهد.","ترنم همدلی","original","1405"
"یازدهم","انسانی","تاریخ","تاریخ","روش مطالعه تاریخ","مفاهیم پایه","تحلیل منبع","آسان","مطالعه تاریخ در درجه نخست چه چیزی را بررسی می‌کند؟","رویدادها و فرایندهای گذشته","پیش‌بینی آب‌وهوا","اندازه‌گیری فشار خون","محاسبه سرعت","A","موضوع اصلی تاریخ بررسی رویدادها و فرایندهای گذشته انسانی است.","ترنم همدلی","original","1405"
"یازدهم","انسانی","تاریخ","تاریخ","روش مطالعه تاریخ","مفاهیم پایه","تحلیل منبع","متوسط","منبع تاریخی دست اول به چه نوع منبعی گفته می‌شود؟","منبع نزدیک به زمان رویداد","کتاب درسی جدید","داستان تخیلی","جدول ضرب","A","منبع دست اول ارتباط مستقیم‌تری با زمان یا شاهدان رویداد دارد.","ترنم همدلی","original","1405"
"یازدهم","انسانی","تاریخ","تاریخ","روش مطالعه تاریخ","مفاهیم پایه","تحلیل منبع","متوسط","خط زمانی برای چه منظوری کاربرد دارد؟","نشان دادن ترتیب زمانی رویدادها","محاسبه مساحت","اندازه‌گیری دما","تشخیص آرایه ادبی","A","خط زمانی ترتیب و فاصله زمانی رویدادها را نمایش می‌دهد.","ترنم همدلی","original","1405"
"یازدهم","انسانی","تاریخ","تاریخ","روش مطالعه تاریخ","مفاهیم پایه","تحلیل منبع","آسان","مطالعه تاریخ در درجه نخست چه چیزی را بررسی می‌کند؟","رویدادها و فرایندهای گذشته","پیش‌بینی آب‌وهوا","اندازه‌گیری فشار خون","محاسبه سرعت","A","موضوع اصلی تاریخ بررسی رویدادها و فرایندهای گذشته انسانی است.","ترنم همدلی","original","1405"
"یازدهم","انسانی","تاریخ","تاریخ","روش مطالعه تاریخ","مفاهیم پایه","تحلیل منبع","متوسط","منبع تاریخی دست اول به چه نوع منبعی گفته می‌شود؟","منبع نزدیک به زمان رویداد","کتاب درسی جدید","داستان تخیلی","جدول ضرب","A","منبع دست اول ارتباط مستقیم‌تری با زمان یا شاهدان رویداد دارد.","ترنم همدلی","original","1405"
"یازدهم","انسانی","تاریخ","تاریخ","روش مطالعه تاریخ","مفاهیم پایه","تحلیل منبع","متوسط","خط زمانی برای چه منظوری کاربرد دارد؟","نشان دادن ترتیب زمانی رویدادها","محاسبه مساحت","اندازه‌گیری دما","تشخیص آرایه ادبی","A","خط زمانی ترتیب و فاصله زمانی رویدادها را نمایش می‌دهد.","ترنم همدلی","original","1405"
"یازدهم","انسانی","تاریخ","تاریخ","روش مطالعه تاریخ","مفاهیم پایه","تحلیل منبع","آسان","مطالعه تاریخ در درجه نخست چه چیزی را بررسی می‌کند؟","رویدادها و فرایندهای گذشته","پیش‌بینی آب‌وهوا","اندازه‌گیری فشار خون","محاسبه سرعت","A","موضوع اصلی تاریخ بررسی رویدادها و فرایندهای گذشته انسانی است.","ترنم همدلی","original","1405"
"یازدهم","انسانی","تاریخ","تاریخ","روش مطالعه تاریخ","مفاهیم پایه","تحلیل منبع","متوسط","منبع تاریخی دست اول به چه نوع منبعی گفته می‌شود؟","منبع نزدیک به زمان رویداد","کتاب درسی جدید","داستان تخیلی","جدول ضرب","A","منبع دست اول ارتباط مستقیم‌تری با زمان یا شاهدان رویداد دارد.","ترنم همدلی","original","1405"
"یازدهم","انسانی","تاریخ","تاریخ","روش مطالعه تاریخ","مفاهیم پایه","تحلیل منبع","متوسط","خط زمانی برای چه منظوری کاربرد دارد؟","نشان دادن ترتیب زمانی رویدادها","محاسبه مساحت","اندازه‌گیری دما","تشخیص آرایه ادبی","A","خط زمانی ترتیب و فاصله زمانی رویدادها را نمایش می‌دهد.","ترنم همدلی","original","1405"
"یازدهم","انسانی","تاریخ","تاریخ","روش مطالعه تاریخ","مفاهیم پایه","تحلیل منبع","آسان","مطالعه تاریخ در درجه نخست چه چیزی را بررسی می‌کند؟","رویدادها و فرایندهای گذشته","پیش‌بینی آب‌وهوا","اندازه‌گیری فشار خون","محاسبه سرعت","A","موضوع اصلی تاریخ بررسی رویدادها و فرایندهای گذشته انسانی است.","ترنم همدلی","original","1405"
"یازدهم","انسانی","تاریخ","تاریخ","روش مطالعه تاریخ","مفاهیم پایه","تحلیل منبع","متوسط","منبع تاریخی دست اول به چه نوع منبعی گفته می‌شود؟","منبع نزدیک به زمان رویداد","کتاب درسی جدید","داستان تخیلی","جدول ضرب","A","منبع دست اول ارتباط مستقیم‌تری با زمان یا شاهدان رویداد دارد.","ترنم همدلی","original","1405"
"یازدهم","انسانی","تاریخ","تاریخ","روش مطالعه تاریخ","مفاهیم پایه","تحلیل منبع","متوسط","خط زمانی برای چه منظوری کاربرد دارد؟","نشان دادن ترتیب زمانی رویدادها","محاسبه مساحت","اندازه‌گیری دما","تشخیص آرایه ادبی","A","خط زمانی ترتیب و فاصله زمانی رویدادها را نمایش می‌دهد.","ترنم همدلی","original","1405"
"یازدهم","انسانی","تاریخ","تاریخ","روش مطالعه تاریخ","مفاهیم پایه","تحلیل منبع","آسان","مطالعه تاریخ در درجه نخست چه چیزی را بررسی می‌کند؟","رویدادها و فرایندهای گذشته","پیش‌بینی آب‌وهوا","اندازه‌گیری فشار خون","محاسبه سرعت","A","موضوع اصلی تاریخ بررسی رویدادها و فرایندهای گذشته انسانی است.","ترنم همدلی","original","1405"
"یازدهم","انسانی","تاریخ","تاریخ","روش مطالعه تاریخ","مفاهیم پایه","تحلیل منبع","متوسط","منبع تاریخی دست اول به چه نوع منبعی گفته می‌شود؟","منبع نزدیک به زمان رویداد","کتاب درسی جدید","داستان تخیلی","جدول ضرب","A","منبع دست اول ارتباط مستقیم‌تری با زمان یا شاهدان رویداد دارد.","ترنم همدلی","original","1405"
"یازدهم","انسانی","تاریخ","تاریخ","روش مطالعه تاریخ","مفاهیم پایه","تحلیل منبع","متوسط","خط زمانی برای چه منظوری کاربرد دارد؟","نشان دادن ترتیب زمانی رویدادها","محاسبه مساحت","اندازه‌گیری دما","تشخیص آرایه ادبی","A","خط زمانی ترتیب و فاصله زمانی رویدادها را نمایش می‌دهد.","ترنم همدلی","original","1405"
"یازدهم","انسانی","تاریخ","تاریخ","روش مطالعه تاریخ","مفاهیم پایه","تحلیل منبع","آسان","مطالعه تاریخ در درجه نخست چه چیزی را بررسی می‌کند؟","رویدادها و فرایندهای گذشته","پیش‌بینی آب‌وهوا","اندازه‌گیری فشار خون","محاسبه سرعت","A","موضوع اصلی تاریخ بررسی رویدادها و فرایندهای گذشته انسانی است.","ترنم همدلی","original","1405"
"یازدهم","انسانی","تاریخ","تاریخ","روش مطالعه تاریخ","مفاهیم پایه","تحلیل منبع","متوسط","منبع تاریخی دست اول به چه نوع منبعی گفته می‌شود؟","منبع نزدیک به زمان رویداد","کتاب درسی جدید","داستان تخیلی","جدول ضرب","A","منبع دست اول ارتباط مستقیم‌تری با زمان یا شاهدان رویداد دارد.","ترنم همدلی","original","1405"
"یازدهم","انسانی","تاریخ","تاریخ","روش مطالعه تاریخ","مفاهیم پایه","تحلیل منبع","متوسط","خط زمانی برای چه منظوری کاربرد دارد؟","نشان دادن ترتیب زمانی رویدادها","محاسبه مساحت","اندازه‌گیری دما","تشخیص آرایه ادبی","A","خط زمانی ترتیب و فاصله زمانی رویدادها را نمایش می‌دهد.","ترنم همدلی","original","1405"
"یازدهم","انسانی","تاریخ","تاریخ","روش مطالعه تاریخ","مفاهیم پایه","تحلیل منبع","آسان","مطالعه تاریخ در درجه نخست چه چیزی را بررسی می‌کند؟","رویدادها و فرایندهای گذشته","پیش‌بینی آب‌وهوا","اندازه‌گیری فشار خون","محاسبه سرعت","A","موضوع اصلی تاریخ بررسی رویدادها و فرایندهای گذشته انسانی است.","ترنم همدلی","original","1405"
"یازدهم","انسانی","تاریخ","تاریخ","روش مطالعه تاریخ","مفاهیم پایه","تحلیل منبع","متوسط","منبع تاریخی دست اول به چه نوع منبعی گفته می‌شود؟","منبع نزدیک به زمان رویداد","کتاب درسی جدید","داستان تخیلی","جدول ضرب","A","منبع دست اول ارتباط مستقیم‌تری با زمان یا شاهدان رویداد دارد.","ترنم همدلی","original","1405"
"یازدهم","انسانی","تاریخ","تاریخ","روش مطالعه تاریخ","مفاهیم پایه","تحلیل منبع","متوسط","خط زمانی برای چه منظوری کاربرد دارد؟","نشان دادن ترتیب زمانی رویدادها","محاسبه مساحت","اندازه‌گیری دما","تشخیص آرایه ادبی","A","خط زمانی ترتیب و فاصله زمانی رویدادها را نمایش می‌دهد.","ترنم همدلی","original","1405"
"یازدهم","انسانی","تاریخ","تاریخ","روش مطالعه تاریخ","مفاهیم پایه","تحلیل منبع","آسان","مطالعه تاریخ در درجه نخست چه چیزی را بررسی می‌کند؟","رویدادها و فرایندهای گذشته","پیش‌بینی آب‌وهوا","اندازه‌گیری فشار خون","محاسبه سرعت","A","موضوع اصلی تاریخ بررسی رویدادها و فرایندهای گذشته انسانی است.","ترنم همدلی","original","1405"
"یازدهم","انسانی","تاریخ","تاریخ","روش مطالعه تاریخ","مفاهیم پایه","تحلیل منبع","متوسط","منبع تاریخی دست اول به چه نوع منبعی گفته می‌شود؟","منبع نزدیک به زمان رویداد","کتاب درسی جدید","داستان تخیلی","جدول ضرب","A","منبع دست اول ارتباط مستقیم‌تری با زمان یا شاهدان رویداد دارد.","ترنم همدلی","original","1405"
"یازدهم","انسانی","تاریخ","تاریخ","روش مطالعه تاریخ","مفاهیم پایه","تحلیل منبع","متوسط","خط زمانی برای چه منظوری کاربرد دارد؟","نشان دادن ترتیب زمانی رویدادها","محاسبه مساحت","اندازه‌گیری دما","تشخیص آرایه ادبی","A","خط زمانی ترتیب و فاصله زمانی رویدادها را نمایش می‌دهد.","ترنم همدلی","original","1405"
"یازدهم","انسانی","تاریخ","تاریخ","روش مطالعه تاریخ","مفاهیم پایه","تحلیل منبع","آسان","مطالعه تاریخ در درجه نخست چه چیزی را بررسی می‌کند؟","رویدادها و فرایندهای گذشته","پیش‌بینی آب‌وهوا","اندازه‌گیری فشار خون","محاسبه سرعت","A","موضوع اصلی تاریخ بررسی رویدادها و فرایندهای گذشته انسانی است.","ترنم همدلی","original","1405"
"یازدهم","انسانی","تاریخ","تاریخ","روش مطالعه تاریخ","مفاهیم پایه","تحلیل منبع","متوسط","منبع تاریخی دست اول به چه نوع منبعی گفته می‌شود؟","منبع نزدیک به زمان رویداد","کتاب درسی جدید","داستان تخیلی","جدول ضرب","A","منبع دست اول ارتباط مستقیم‌تری با زمان یا شاهدان رویداد دارد.","ترنم همدلی","original","1405"
"یازدهم","انسانی","تاریخ","تاریخ","روش مطالعه تاریخ","مفاهیم پایه","تحلیل منبع","متوسط","خط زمانی برای چه منظوری کاربرد دارد؟","نشان دادن ترتیب زمانی رویدادها","محاسبه مساحت","اندازه‌گیری دما","تشخیص آرایه ادبی","A","خط زمانی ترتیب و فاصله زمانی رویدادها را نمایش می‌دهد.","ترنم همدلی","original","1405"
"یازدهم","انسانی","تاریخ","تاریخ","روش مطالعه تاریخ","مفاهیم پایه","تحلیل منبع","آسان","مطالعه تاریخ در درجه نخست چه چیزی را بررسی می‌کند؟","رویدادها و فرایندهای گذشته","پیش‌بینی آب‌وهوا","اندازه‌گیری فشار خون","محاسبه سرعت","A","موضوع اصلی تاریخ بررسی رویدادها و فرایندهای گذشته انسانی است.","ترنم همدلی","original","1405"
"یازدهم","انسانی","تاریخ","تاریخ","روش مطالعه تاریخ","مفاهیم پایه","تحلیل منبع","متوسط","منبع تاریخی دست اول به چه نوع منبعی گفته می‌شود؟","منبع نزدیک به زمان رویداد","کتاب درسی جدید","داستان تخیلی","جدول ضرب","A","منبع دست اول ارتباط مستقیم‌تری با زمان یا شاهدان رویداد دارد.","ترنم همدلی","original","1405"
"یازدهم","انسانی","تاریخ","تاریخ","روش مطالعه تاریخ","مفاهیم پایه","تحلیل منبع","متوسط","خط زمانی برای چه منظوری کاربرد دارد؟","نشان دادن ترتیب زمانی رویدادها","محاسبه مساحت","اندازه‌گیری دما","تشخیص آرایه ادبی","A","خط زمانی ترتیب و فاصله زمانی رویدادها را نمایش می‌دهد.","ترنم همدلی","original","1405"
"یازدهم","انسانی","تاریخ","تاریخ","روش مطالعه تاریخ","مفاهیم پایه","تحلیل منبع","آسان","مطالعه تاریخ در درجه نخست چه چیزی را بررسی می‌کند؟","رویدادها و فرایندهای گذشته","پیش‌بینی آب‌وهوا","اندازه‌گیری فشار خون","محاسبه سرعت","A","موضوع اصلی تاریخ بررسی رویدادها و فرایندهای گذشته انسانی است.","ترنم همدلی","original","1405"
"یازدهم","انسانی","تاریخ","تاریخ","روش مطالعه تاریخ","مفاهیم پایه","تحلیل منبع","متوسط","منبع تاریخی دست اول به چه نوع منبعی گفته می‌شود؟","منبع نزدیک به زمان رویداد","کتاب درسی جدید","داستان تخیلی","جدول ضرب","A","منبع دست اول ارتباط مستقیم‌تری با زمان یا شاهدان رویداد دارد.","ترنم همدلی","original","1405"
"یازدهم","انسانی","تاریخ","تاریخ","روش مطالعه تاریخ","مفاهیم پایه","تحلیل منبع","متوسط","خط زمانی برای چه منظوری کاربرد دارد؟","نشان دادن ترتیب زمانی رویدادها","محاسبه مساحت","اندازه‌گیری دما","تشخیص آرایه ادبی","A","خط زمانی ترتیب و فاصله زمانی رویدادها را نمایش می‌دهد.","ترنم همدلی","original","1405"
"یازدهم","انسانی","تاریخ","تاریخ","روش مطالعه تاریخ","مفاهیم پایه","تحلیل منبع","آسان","مطالعه تاریخ در درجه نخست چه چیزی را بررسی می‌کند؟","رویدادها و فرایندهای گذشته","پیش‌بینی آب‌وهوا","اندازه‌گیری فشار خون","محاسبه سرعت","A","موضوع اصلی تاریخ بررسی رویدادها و فرایندهای گذشته انسانی است.","ترنم همدلی","original","1405"
"یازدهم","انسانی","تاریخ","تاریخ","روش مطالعه تاریخ","مفاهیم پایه","تحلیل منبع","متوسط","منبع تاریخی دست اول به چه نوع منبعی گفته می‌شود؟","منبع نزدیک به زمان رویداد","کتاب درسی جدید","داستان تخیلی","جدول ضرب","A","منبع دست اول ارتباط مستقیم‌تری با زمان یا شاهدان رویداد دارد.","ترنم همدلی","original","1405"
"یازدهم","انسانی","تاریخ","تاریخ","روش مطالعه تاریخ","مفاهیم پایه","تحلیل منبع","متوسط","خط زمانی برای چه منظوری کاربرد دارد؟","نشان دادن ترتیب زمانی رویدادها","محاسبه مساحت","اندازه‌گیری دما","تشخیص آرایه ادبی","A","خط زمانی ترتیب و فاصله زمانی رویدادها را نمایش می‌دهد.","ترنم همدلی","original","1405"
"یازدهم","انسانی","تاریخ","تاریخ","روش مطالعه تاریخ","مفاهیم پایه","تحلیل منبع","آسان","مطالعه تاریخ در درجه نخست چه چیزی را بررسی می‌کند؟","رویدادها و فرایندهای گذشته","پیش‌بینی آب‌وهوا","اندازه‌گیری فشار خون","محاسبه سرعت","A","موضوع اصلی تاریخ بررسی رویدادها و فرایندهای گذشته انسانی است.","ترنم همدلی","original","1405"
"یازدهم","انسانی","تاریخ","تاریخ","روش مطالعه تاریخ","مفاهیم پایه","تحلیل منبع","متوسط","منبع تاریخی دست اول به چه نوع منبعی گفته می‌شود؟","منبع نزدیک به زمان رویداد","کتاب درسی جدید","داستان تخیلی","جدول ضرب","A","منبع دست اول ارتباط مستقیم‌تری با زمان یا شاهدان رویداد دارد.","ترنم همدلی","original","1405"
"یازدهم","انسانی","تاریخ","تاریخ","روش مطالعه تاریخ","مفاهیم پایه","تحلیل منبع","متوسط","خط زمانی برای چه منظوری کاربرد دارد؟","نشان دادن ترتیب زمانی رویدادها","محاسبه مساحت","اندازه‌گیری دما","تشخیص آرایه ادبی","A","خط زمانی ترتیب و فاصله زمانی رویدادها را نمایش می‌دهد.","ترنم همدلی","original","1405"
"یازدهم","انسانی","تاریخ","تاریخ","روش مطالعه تاریخ","مفاهیم پایه","تحلیل منبع","آسان","مطالعه تاریخ در درجه نخست چه چیزی را بررسی می‌کند؟","رویدادها و فرایندهای گذشته","پیش‌بینی آب‌وهوا","اندازه‌گیری فشار خون","محاسبه سرعت","A","موضوع اصلی تاریخ بررسی رویدادها و فرایندهای گذشته انسانی است.","ترنم همدلی","original","1405"
"یازدهم","انسانی","تاریخ","تاریخ","روش مطالعه تاریخ","مفاهیم پایه","تحلیل منبع","متوسط","منبع تاریخی دست اول به چه نوع منبعی گفته می‌شود؟","منبع نزدیک به زمان رویداد","کتاب درسی جدید","داستان تخیلی","جدول ضرب","A","منبع دست اول ارتباط مستقیم‌تری با زمان یا شاهدان رویداد دارد.","ترنم همدلی","original","1405"
"یازدهم","انسانی","تاریخ","تاریخ","روش مطالعه تاریخ","مفاهیم پایه","تحلیل منبع","متوسط","خط زمانی برای چه منظوری کاربرد دارد؟","نشان دادن ترتیب زمانی رویدادها","محاسبه مساحت","اندازه‌گیری دما","تشخیص آرایه ادبی","A","خط زمانی ترتیب و فاصله زمانی رویدادها را نمایش می‌دهد.","ترنم همدلی","original","1405"
"یازدهم","انسانی","تاریخ","تاریخ","روش مطالعه تاریخ","مفاهیم پایه","تحلیل منبع","آسان","مطالعه تاریخ در درجه نخست چه چیزی را بررسی می‌کند؟","رویدادها و فرایندهای گذشته","پیش‌بینی آب‌وهوا","اندازه‌گیری فشار خون","محاسبه سرعت","A","موضوع اصلی تاریخ بررسی رویدادها و فرایندهای گذشته انسانی است.","ترنم همدلی","original","1405"
"یازدهم","انسانی","تاریخ","تاریخ","روش مطالعه تاریخ","مفاهیم پایه","تحلیل منبع","متوسط","منبع تاریخی دست اول به چه نوع منبعی گفته می‌شود؟","منبع نزدیک به زمان رویداد","کتاب درسی جدید","داستان تخیلی","جدول ضرب","A","منبع دست اول ارتباط مستقیم‌تری با زمان یا شاهدان رویداد دارد.","ترنم همدلی","original","1405"
"یازدهم","انسانی","تاریخ","تاریخ","روش مطالعه تاریخ","مفاهیم پایه","تحلیل منبع","متوسط","خط زمانی برای چه منظوری کاربرد دارد؟","نشان دادن ترتیب زمانی رویدادها","محاسبه مساحت","اندازه‌گیری دما","تشخیص آرایه ادبی","A","خط زمانی ترتیب و فاصله زمانی رویدادها را نمایش می‌دهد.","ترنم همدلی","original","1405"
"یازدهم","انسانی","تاریخ","تاریخ","روش مطالعه تاریخ","مفاهیم پایه","تحلیل منبع","آسان","مطالعه تاریخ در درجه نخست چه چیزی را بررسی می‌کند؟","رویدادها و فرایندهای گذشته","پیش‌بینی آب‌وهوا","اندازه‌گیری فشار خون","محاسبه سرعت","A","موضوع اصلی تاریخ بررسی رویدادها و فرایندهای گذشته انسانی است.","ترنم همدلی","original","1405"
"یازدهم","انسانی","تاریخ","تاریخ","روش مطالعه تاریخ","مفاهیم پایه","تحلیل منبع","متوسط","منبع تاریخی دست اول به چه نوع منبعی گفته می‌شود؟","منبع نزدیک به زمان رویداد","کتاب درسی جدید","داستان تخیلی","جدول ضرب","A","منبع دست اول ارتباط مستقیم‌تری با زمان یا شاهدان رویداد دارد.","ترنم همدلی","original","1405"
"یازدهم","انسانی","تاریخ","تاریخ","روش مطالعه تاریخ","مفاهیم پایه","تحلیل منبع","متوسط","خط زمانی برای چه منظوری کاربرد دارد؟","نشان دادن ترتیب زمانی رویدادها","محاسبه مساحت","اندازه‌گیری دما","تشخیص آرایه ادبی","A","خط زمانی ترتیب و فاصله زمانی رویدادها را نمایش می‌دهد.","ترنم همدلی","original","1405"
"یازدهم","انسانی","تاریخ","تاریخ","روش مطالعه تاریخ","مفاهیم پایه","تحلیل منبع","آسان","مطالعه تاریخ در درجه نخست چه چیزی را بررسی می‌کند؟","رویدادها و فرایندهای گذشته","پیش‌بینی آب‌وهوا","اندازه‌گیری فشار خون","محاسبه سرعت","A","موضوع اصلی تاریخ بررسی رویدادها و فرایندهای گذشته انسانی است.","ترنم همدلی","original","1405"
"یازدهم","انسانی","تاریخ","تاریخ","روش مطالعه تاریخ","مفاهیم پایه","تحلیل منبع","متوسط","منبع تاریخی دست اول به چه نوع منبعی گفته می‌شود؟","منبع نزدیک به زمان رویداد","کتاب درسی جدید","داستان تخیلی","جدول ضرب","A","منبع دست اول ارتباط مستقیم‌تری با زمان یا شاهدان رویداد دارد.","ترنم همدلی","original","1405"
"یازدهم","انسانی","تاریخ","تاریخ","روش مطالعه تاریخ","مفاهیم پایه","تحلیل منبع","متوسط","خط زمانی برای چه منظوری کاربرد دارد؟","نشان دادن ترتیب زمانی رویدادها","محاسبه مساحت","اندازه‌گیری دما","تشخیص آرایه ادبی","A","خط زمانی ترتیب و فاصله زمانی رویدادها را نمایش می‌دهد.","ترنم همدلی","original","1405"
"یازدهم","انسانی","تاریخ","تاریخ","روش مطالعه تاریخ","مفاهیم پایه","تحلیل منبع","آسان","مطالعه تاریخ در درجه نخست چه چیزی را بررسی می‌کند؟","رویدادها و فرایندهای گذشته","پیش‌بینی آب‌وهوا","اندازه‌گیری فشار خون","محاسبه سرعت","A","موضوع اصلی تاریخ بررسی رویدادها و فرایندهای گذشته انسانی است.","ترنم همدلی","original","1405"
"یازدهم","انسانی","تاریخ","تاریخ","روش مطالعه تاریخ","مفاهیم پایه","تحلیل منبع","متوسط","منبع تاریخی دست اول به چه نوع منبعی گفته می‌شود؟","منبع نزدیک به زمان رویداد","کتاب درسی جدید","داستان تخیلی","جدول ضرب","A","منبع دست اول ارتباط مستقیم‌تری با زمان یا شاهدان رویداد دارد.","ترنم همدلی","original","1405"
"یازدهم","انسانی","تاریخ","تاریخ","روش مطالعه تاریخ","مفاهیم پایه","تحلیل منبع","متوسط","خط زمانی برای چه منظوری کاربرد دارد؟","نشان دادن ترتیب زمانی رویدادها","محاسبه مساحت","اندازه‌گیری دما","تشخیص آرایه ادبی","A","خط زمانی ترتیب و فاصله زمانی رویدادها را نمایش می‌دهد.","ترنم همدلی","original","1405"
"یازدهم","انسانی","تاریخ","تاریخ","روش مطالعه تاریخ","مفاهیم پایه","تحلیل منبع","آسان","مطالعه تاریخ در درجه نخست چه چیزی را بررسی می‌کند؟","رویدادها و فرایندهای گذشته","پیش‌بینی آب‌وهوا","اندازه‌گیری فشار خون","محاسبه سرعت","A","موضوع اصلی تاریخ بررسی رویدادها و فرایندهای گذشته انسانی است.","ترنم همدلی","original","1405"
"یازدهم","انسانی","تاریخ","تاریخ","روش مطالعه تاریخ","مفاهیم پایه","تحلیل منبع","متوسط","منبع تاریخی دست اول به چه نوع منبعی گفته می‌شود؟","منبع نزدیک به زمان رویداد","کتاب درسی جدید","داستان تخیلی","جدول ضرب","A","منبع دست اول ارتباط مستقیم‌تری با زمان یا شاهدان رویداد دارد.","ترنم همدلی","original","1405"
"یازدهم","انسانی","تاریخ","تاریخ","روش مطالعه تاریخ","مفاهیم پایه","تحلیل منبع","متوسط","خط زمانی برای چه منظوری کاربرد دارد؟","نشان دادن ترتیب زمانی رویدادها","محاسبه مساحت","اندازه‌گیری دما","تشخیص آرایه ادبی","A","خط زمانی ترتیب و فاصله زمانی رویدادها را نمایش می‌دهد.","ترنم همدلی","original","1405"
"یازدهم","انسانی","تاریخ","تاریخ","روش مطالعه تاریخ","مفاهیم پایه","تحلیل منبع","آسان","مطالعه تاریخ در درجه نخست چه چیزی را بررسی می‌کند؟","رویدادها و فرایندهای گذشته","پیش‌بینی آب‌وهوا","اندازه‌گیری فشار خون","محاسبه سرعت","A","موضوع اصلی تاریخ بررسی رویدادها و فرایندهای گذشته انسانی است.","ترنم همدلی","original","1405"
"یازدهم","انسانی","تاریخ","تاریخ","روش مطالعه تاریخ","مفاهیم پایه","تحلیل منبع","متوسط","منبع تاریخی دست اول به چه نوع منبعی گفته می‌شود؟","منبع نزدیک به زمان رویداد","کتاب درسی جدید","داستان تخیلی","جدول ضرب","A","منبع دست اول ارتباط مستقیم‌تری با زمان یا شاهدان رویداد دارد.","ترنم همدلی","original","1405"
"یازدهم","انسانی","تاریخ","تاریخ","روش مطالعه تاریخ","مفاهیم پایه","تحلیل منبع","متوسط","خط زمانی برای چه منظوری کاربرد دارد؟","نشان دادن ترتیب زمانی رویدادها","محاسبه مساحت","اندازه‌گیری دما","تشخیص آرایه ادبی","A","خط زمانی ترتیب و فاصله زمانی رویدادها را نمایش می‌دهد.","ترنم همدلی","original","1405"
"یازدهم","انسانی","تاریخ","تاریخ","روش مطالعه تاریخ","مفاهیم پایه","تحلیل منبع","آسان","مطالعه تاریخ در درجه نخست چه چیزی را بررسی می‌کند؟","رویدادها و فرایندهای گذشته","پیش‌بینی آب‌وهوا","اندازه‌گیری فشار خون","محاسبه سرعت","A","موضوع اصلی تاریخ بررسی رویدادها و فرایندهای گذشته انسانی است.","ترنم همدلی","original","1405"
"یازدهم","انسانی","تاریخ","تاریخ","روش مطالعه تاریخ","مفاهیم پایه","تحلیل منبع","متوسط","منبع تاریخی دست اول به چه نوع منبعی گفته می‌شود؟","منبع نزدیک به زمان رویداد","کتاب درسی جدید","داستان تخیلی","جدول ضرب","A","منبع دست اول ارتباط مستقیم‌تری با زمان یا شاهدان رویداد دارد.","ترنم همدلی","original","1405"
"یازدهم","انسانی","تاریخ","تاریخ","روش مطالعه تاریخ","مفاهیم پایه","تحلیل منبع","متوسط","خط زمانی برای چه منظوری کاربرد دارد؟","نشان دادن ترتیب زمانی رویدادها","محاسبه مساحت","اندازه‌گیری دما","تشخیص آرایه ادبی","A","خط زمانی ترتیب و فاصله زمانی رویدادها را نمایش می‌دهد.","ترنم همدلی","original","1405"
"یازدهم","انسانی","تاریخ","تاریخ","روش مطالعه تاریخ","مفاهیم پایه","تحلیل منبع","آسان","مطالعه تاریخ در درجه نخست چه چیزی را بررسی می‌کند؟","رویدادها و فرایندهای گذشته","پیش‌بینی آب‌وهوا","اندازه‌گیری فشار خون","محاسبه سرعت","A","موضوع اصلی تاریخ بررسی رویدادها و فرایندهای گذشته انسانی است.","ترنم همدلی","original","1405"
"دوازدهم","انسانی","تاریخ","تاریخ","روش مطالعه تاریخ","مفاهیم پایه","تحلیل منبع","آسان","مطالعه تاریخ در درجه نخست چه چیزی را بررسی می‌کند؟","رویدادها و فرایندهای گذشته","پیش‌بینی آب‌وهوا","اندازه‌گیری فشار خون","محاسبه سرعت","A","موضوع اصلی تاریخ بررسی رویدادها و فرایندهای گذشته انسانی است.","ترنم همدلی","original","1405"
"دوازدهم","انسانی","تاریخ","تاریخ","روش مطالعه تاریخ","مفاهیم پایه","تحلیل منبع","متوسط","منبع تاریخی دست اول به چه نوع منبعی گفته می‌شود؟","منبع نزدیک به زمان رویداد","کتاب درسی جدید","داستان تخیلی","جدول ضرب","A","منبع دست اول ارتباط مستقیم‌تری با زمان یا شاهدان رویداد دارد.","ترنم همدلی","original","1405"
"دوازدهم","انسانی","تاریخ","تاریخ","روش مطالعه تاریخ","مفاهیم پایه","تحلیل منبع","متوسط","خط زمانی برای چه منظوری کاربرد دارد؟","نشان دادن ترتیب زمانی رویدادها","محاسبه مساحت","اندازه‌گیری دما","تشخیص آرایه ادبی","A","خط زمانی ترتیب و فاصله زمانی رویدادها را نمایش می‌دهد.","ترنم همدلی","original","1405"
"دوازدهم","انسانی","تاریخ","تاریخ","روش مطالعه تاریخ","مفاهیم پایه","تحلیل منبع","آسان","مطالعه تاریخ در درجه نخست چه چیزی را بررسی می‌کند؟","رویدادها و فرایندهای گذشته","پیش‌بینی آب‌وهوا","اندازه‌گیری فشار خون","محاسبه سرعت","A","موضوع اصلی تاریخ بررسی رویدادها و فرایندهای گذشته انسانی است.","ترنم همدلی","original","1405"
"دوازدهم","انسانی","تاریخ","تاریخ","روش مطالعه تاریخ","مفاهیم پایه","تحلیل منبع","متوسط","منبع تاریخی دست اول به چه نوع منبعی گفته می‌شود؟","منبع نزدیک به زمان رویداد","کتاب درسی جدید","داستان تخیلی","جدول ضرب","A","منبع دست اول ارتباط مستقیم‌تری با زمان یا شاهدان رویداد دارد.","ترنم همدلی","original","1405"
"دوازدهم","انسانی","تاریخ","تاریخ","روش مطالعه تاریخ","مفاهیم پایه","تحلیل منبع","متوسط","خط زمانی برای چه منظوری کاربرد دارد؟","نشان دادن ترتیب زمانی رویدادها","محاسبه مساحت","اندازه‌گیری دما","تشخیص آرایه ادبی","A","خط زمانی ترتیب و فاصله زمانی رویدادها را نمایش می‌دهد.","ترنم همدلی","original","1405"
"دوازدهم","انسانی","تاریخ","تاریخ","روش مطالعه تاریخ","مفاهیم پایه","تحلیل منبع","آسان","مطالعه تاریخ در درجه نخست چه چیزی را بررسی می‌کند؟","رویدادها و فرایندهای گذشته","پیش‌بینی آب‌وهوا","اندازه‌گیری فشار خون","محاسبه سرعت","A","موضوع اصلی تاریخ بررسی رویدادها و فرایندهای گذشته انسانی است.","ترنم همدلی","original","1405"
"دوازدهم","انسانی","تاریخ","تاریخ","روش مطالعه تاریخ","مفاهیم پایه","تحلیل منبع","متوسط","منبع تاریخی دست اول به چه نوع منبعی گفته می‌شود؟","منبع نزدیک به زمان رویداد","کتاب درسی جدید","داستان تخیلی","جدول ضرب","A","منبع دست اول ارتباط مستقیم‌تری با زمان یا شاهدان رویداد دارد.","ترنم همدلی","original","1405"
"دوازدهم","انسانی","تاریخ","تاریخ","روش مطالعه تاریخ","مفاهیم پایه","تحلیل منبع","متوسط","خط زمانی برای چه منظوری کاربرد دارد؟","نشان دادن ترتیب زمانی رویدادها","محاسبه مساحت","اندازه‌گیری دما","تشخیص آرایه ادبی","A","خط زمانی ترتیب و فاصله زمانی رویدادها را نمایش می‌دهد.","ترنم همدلی","original","1405"
"دوازدهم","انسانی","تاریخ","تاریخ","روش مطالعه تاریخ","مفاهیم پایه","تحلیل منبع","آسان","مطالعه تاریخ در درجه نخست چه چیزی را بررسی می‌کند؟","رویدادها و فرایندهای گذشته","پیش‌بینی آب‌وهوا","اندازه‌گیری فشار خون","محاسبه سرعت","A","موضوع اصلی تاریخ بررسی رویدادها و فرایندهای گذشته انسانی است.","ترنم همدلی","original","1405"
"دوازدهم","انسانی","تاریخ","تاریخ","روش مطالعه تاریخ","مفاهیم پایه","تحلیل منبع","متوسط","منبع تاریخی دست اول به چه نوع منبعی گفته می‌شود؟","منبع نزدیک به زمان رویداد","کتاب درسی جدید","داستان تخیلی","جدول ضرب","A","منبع دست اول ارتباط مستقیم‌تری با زمان یا شاهدان رویداد دارد.","ترنم همدلی","original","1405"
"دوازدهم","انسانی","تاریخ","تاریخ","روش مطالعه تاریخ","مفاهیم پایه","تحلیل منبع","متوسط","خط زمانی برای چه منظوری کاربرد دارد؟","نشان دادن ترتیب زمانی رویدادها","محاسبه مساحت","اندازه‌گیری دما","تشخیص آرایه ادبی","A","خط زمانی ترتیب و فاصله زمانی رویدادها را نمایش می‌دهد.","ترنم همدلی","original","1405"
"دوازدهم","انسانی","تاریخ","تاریخ","روش مطالعه تاریخ","مفاهیم پایه","تحلیل منبع","آسان","مطالعه تاریخ در درجه نخست چه چیزی را بررسی می‌کند؟","رویدادها و فرایندهای گذشته","پیش‌بینی آب‌وهوا","اندازه‌گیری فشار خون","محاسبه سرعت","A","موضوع اصلی تاریخ بررسی رویدادها و فرایندهای گذشته انسانی است.","ترنم همدلی","original","1405"
"دوازدهم","انسانی","تاریخ","تاریخ","روش مطالعه تاریخ","مفاهیم پایه","تحلیل منبع","متوسط","منبع تاریخی دست اول به چه نوع منبعی گفته می‌شود؟","منبع نزدیک به زمان رویداد","کتاب درسی جدید","داستان تخیلی","جدول ضرب","A","منبع دست اول ارتباط مستقیم‌تری با زمان یا شاهدان رویداد دارد.","ترنم همدلی","original","1405"
"دوازدهم","انسانی","تاریخ","تاریخ","روش مطالعه تاریخ","مفاهیم پایه","تحلیل منبع","متوسط","خط زمانی برای چه منظوری کاربرد دارد؟","نشان دادن ترتیب زمانی رویدادها","محاسبه مساحت","اندازه‌گیری دما","تشخیص آرایه ادبی","A","خط زمانی ترتیب و فاصله زمانی رویدادها را نمایش می‌دهد.","ترنم همدلی","original","1405"
"دوازدهم","انسانی","تاریخ","تاریخ","روش مطالعه تاریخ","مفاهیم پایه","تحلیل منبع","آسان","مطالعه تاریخ در درجه نخست چه چیزی را بررسی می‌کند؟","رویدادها و فرایندهای گذشته","پیش‌بینی آب‌وهوا","اندازه‌گیری فشار خون","محاسبه سرعت","A","موضوع اصلی تاریخ بررسی رویدادها و فرایندهای گذشته انسانی است.","ترنم همدلی","original","1405"
"دوازدهم","انسانی","تاریخ","تاریخ","روش مطالعه تاریخ","مفاهیم پایه","تحلیل منبع","متوسط","منبع تاریخی دست اول به چه نوع منبعی گفته می‌شود؟","منبع نزدیک به زمان رویداد","کتاب درسی جدید","داستان تخیلی","جدول ضرب","A","منبع دست اول ارتباط مستقیم‌تری با زمان یا شاهدان رویداد دارد.","ترنم همدلی","original","1405"
"دوازدهم","انسانی","تاریخ","تاریخ","روش مطالعه تاریخ","مفاهیم پایه","تحلیل منبع","متوسط","خط زمانی برای چه منظوری کاربرد دارد؟","نشان دادن ترتیب زمانی رویدادها","محاسبه مساحت","اندازه‌گیری دما","تشخیص آرایه ادبی","A","خط زمانی ترتیب و فاصله زمانی رویدادها را نمایش می‌دهد.","ترنم همدلی","original","1405"
"دوازدهم","انسانی","تاریخ","تاریخ","روش مطالعه تاریخ","مفاهیم پایه","تحلیل منبع","آسان","مطالعه تاریخ در درجه نخست چه چیزی را بررسی می‌کند؟","رویدادها و فرایندهای گذشته","پیش‌بینی آب‌وهوا","اندازه‌گیری فشار خون","محاسبه سرعت","A","موضوع اصلی تاریخ بررسی رویدادها و فرایندهای گذشته انسانی است.","ترنم همدلی","original","1405"
"دوازدهم","انسانی","تاریخ","تاریخ","روش مطالعه تاریخ","مفاهیم پایه","تحلیل منبع","متوسط","منبع تاریخی دست اول به چه نوع منبعی گفته می‌شود؟","منبع نزدیک به زمان رویداد","کتاب درسی جدید","داستان تخیلی","جدول ضرب","A","منبع دست اول ارتباط مستقیم‌تری با زمان یا شاهدان رویداد دارد.","ترنم همدلی","original","1405"
"دوازدهم","انسانی","تاریخ","تاریخ","روش مطالعه تاریخ","مفاهیم پایه","تحلیل منبع","متوسط","خط زمانی برای چه منظوری کاربرد دارد؟","نشان دادن ترتیب زمانی رویدادها","محاسبه مساحت","اندازه‌گیری دما","تشخیص آرایه ادبی","A","خط زمانی ترتیب و فاصله زمانی رویدادها را نمایش می‌دهد.","ترنم همدلی","original","1405"
"دوازدهم","انسانی","تاریخ","تاریخ","روش مطالعه تاریخ","مفاهیم پایه","تحلیل منبع","آسان","مطالعه تاریخ در درجه نخست چه چیزی را بررسی می‌کند؟","رویدادها و فرایندهای گذشته","پیش‌بینی آب‌وهوا","اندازه‌گیری فشار خون","محاسبه سرعت","A","موضوع اصلی تاریخ بررسی رویدادها و فرایندهای گذشته انسانی است.","ترنم همدلی","original","1405"
"دوازدهم","انسانی","تاریخ","تاریخ","روش مطالعه تاریخ","مفاهیم پایه","تحلیل منبع","متوسط","منبع تاریخی دست اول به چه نوع منبعی گفته می‌شود؟","منبع نزدیک به زمان رویداد","کتاب درسی جدید","داستان تخیلی","جدول ضرب","A","منبع دست اول ارتباط مستقیم‌تری با زمان یا شاهدان رویداد دارد.","ترنم همدلی","original","1405"
"دوازدهم","انسانی","تاریخ","تاریخ","روش مطالعه تاریخ","مفاهیم پایه","تحلیل منبع","متوسط","خط زمانی برای چه منظوری کاربرد دارد؟","نشان دادن ترتیب زمانی رویدادها","محاسبه مساحت","اندازه‌گیری دما","تشخیص آرایه ادبی","A","خط زمانی ترتیب و فاصله زمانی رویدادها را نمایش می‌دهد.","ترنم همدلی","original","1405"
"دوازدهم","انسانی","تاریخ","تاریخ","روش مطالعه تاریخ","مفاهیم پایه","تحلیل منبع","آسان","مطالعه تاریخ در درجه نخست چه چیزی را بررسی می‌کند؟","رویدادها و فرایندهای گذشته","پیش‌بینی آب‌وهوا","اندازه‌گیری فشار خون","محاسبه سرعت","A","موضوع اصلی تاریخ بررسی رویدادها و فرایندهای گذشته انسانی است.","ترنم همدلی","original","1405"
"دوازدهم","انسانی","تاریخ","تاریخ","روش مطالعه تاریخ","مفاهیم پایه","تحلیل منبع","متوسط","منبع تاریخی دست اول به چه نوع منبعی گفته می‌شود؟","منبع نزدیک به زمان رویداد","کتاب درسی جدید","داستان تخیلی","جدول ضرب","A","منبع دست اول ارتباط مستقیم‌تری با زمان یا شاهدان رویداد دارد.","ترنم همدلی","original","1405"
"دوازدهم","انسانی","تاریخ","تاریخ","روش مطالعه تاریخ","مفاهیم پایه","تحلیل منبع","متوسط","خط زمانی برای چه منظوری کاربرد دارد؟","نشان دادن ترتیب زمانی رویدادها","محاسبه مساحت","اندازه‌گیری دما","تشخیص آرایه ادبی","A","خط زمانی ترتیب و فاصله زمانی رویدادها را نمایش می‌دهد.","ترنم همدلی","original","1405"
"دوازدهم","انسانی","تاریخ","تاریخ","روش مطالعه تاریخ","مفاهیم پایه","تحلیل منبع","آسان","مطالعه تاریخ در درجه نخست چه چیزی را بررسی می‌کند؟","رویدادها و فرایندهای گذشته","پیش‌بینی آب‌وهوا","اندازه‌گیری فشار خون","محاسبه سرعت","A","موضوع اصلی تاریخ بررسی رویدادها و فرایندهای گذشته انسانی است.","ترنم همدلی","original","1405"
"دوازدهم","انسانی","تاریخ","تاریخ","روش مطالعه تاریخ","مفاهیم پایه","تحلیل منبع","متوسط","منبع تاریخی دست اول به چه نوع منبعی گفته می‌شود؟","منبع نزدیک به زمان رویداد","کتاب درسی جدید","داستان تخیلی","جدول ضرب","A","منبع دست اول ارتباط مستقیم‌تری با زمان یا شاهدان رویداد دارد.","ترنم همدلی","original","1405"
"دوازدهم","انسانی","تاریخ","تاریخ","روش مطالعه تاریخ","مفاهیم پایه","تحلیل منبع","متوسط","خط زمانی برای چه منظوری کاربرد دارد؟","نشان دادن ترتیب زمانی رویدادها","محاسبه مساحت","اندازه‌گیری دما","تشخیص آرایه ادبی","A","خط زمانی ترتیب و فاصله زمانی رویدادها را نمایش می‌دهد.","ترنم همدلی","original","1405"
"دوازدهم","انسانی","تاریخ","تاریخ","روش مطالعه تاریخ","مفاهیم پایه","تحلیل منبع","آسان","مطالعه تاریخ در درجه نخست چه چیزی را بررسی می‌کند؟","رویدادها و فرایندهای گذشته","پیش‌بینی آب‌وهوا","اندازه‌گیری فشار خون","محاسبه سرعت","A","موضوع اصلی تاریخ بررسی رویدادها و فرایندهای گذشته انسانی است.","ترنم همدلی","original","1405"
"دوازدهم","انسانی","تاریخ","تاریخ","روش مطالعه تاریخ","مفاهیم پایه","تحلیل منبع","متوسط","منبع تاریخی دست اول به چه نوع منبعی گفته می‌شود؟","منبع نزدیک به زمان رویداد","کتاب درسی جدید","داستان تخیلی","جدول ضرب","A","منبع دست اول ارتباط مستقیم‌تری با زمان یا شاهدان رویداد دارد.","ترنم همدلی","original","1405"
"دوازدهم","انسانی","تاریخ","تاریخ","روش مطالعه تاریخ","مفاهیم پایه","تحلیل منبع","متوسط","خط زمانی برای چه منظوری کاربرد دارد؟","نشان دادن ترتیب زمانی رویدادها","محاسبه مساحت","اندازه‌گیری دما","تشخیص آرایه ادبی","A","خط زمانی ترتیب و فاصله زمانی رویدادها را نمایش می‌دهد.","ترنم همدلی","original","1405"
"دوازدهم","انسانی","تاریخ","تاریخ","روش مطالعه تاریخ","مفاهیم پایه","تحلیل منبع","آسان","مطالعه تاریخ در درجه نخست چه چیزی را بررسی می‌کند؟","رویدادها و فرایندهای گذشته","پیش‌بینی آب‌وهوا","اندازه‌گیری فشار خون","محاسبه سرعت","A","موضوع اصلی تاریخ بررسی رویدادها و فرایندهای گذشته انسانی است.","ترنم همدلی","original","1405"
"دوازدهم","انسانی","تاریخ","تاریخ","روش مطالعه تاریخ","مفاهیم پایه","تحلیل منبع","متوسط","منبع تاریخی دست اول به چه نوع منبعی گفته می‌شود؟","منبع نزدیک به زمان رویداد","کتاب درسی جدید","داستان تخیلی","جدول ضرب","A","منبع دست اول ارتباط مستقیم‌تری با زمان یا شاهدان رویداد دارد.","ترنم همدلی","original","1405"
"دوازدهم","انسانی","تاریخ","تاریخ","روش مطالعه تاریخ","مفاهیم پایه","تحلیل منبع","متوسط","خط زمانی برای چه منظوری کاربرد دارد؟","نشان دادن ترتیب زمانی رویدادها","محاسبه مساحت","اندازه‌گیری دما","تشخیص آرایه ادبی","A","خط زمانی ترتیب و فاصله زمانی رویدادها را نمایش می‌دهد.","ترنم همدلی","original","1405"
"دوازدهم","انسانی","تاریخ","تاریخ","روش مطالعه تاریخ","مفاهیم پایه","تحلیل منبع","آسان","مطالعه تاریخ در درجه نخست چه چیزی را بررسی می‌کند؟","رویدادها و فرایندهای گذشته","پیش‌بینی آب‌وهوا","اندازه‌گیری فشار خون","محاسبه سرعت","A","موضوع اصلی تاریخ بررسی رویدادها و فرایندهای گذشته انسانی است.","ترنم همدلی","original","1405"
"دوازدهم","انسانی","تاریخ","تاریخ","روش مطالعه تاریخ","مفاهیم پایه","تحلیل منبع","متوسط","منبع تاریخی دست اول به چه نوع منبعی گفته می‌شود؟","منبع نزدیک به زمان رویداد","کتاب درسی جدید","داستان تخیلی","جدول ضرب","A","منبع دست اول ارتباط مستقیم‌تری با زمان یا شاهدان رویداد دارد.","ترنم همدلی","original","1405"
"دوازدهم","انسانی","تاریخ","تاریخ","روش مطالعه تاریخ","مفاهیم پایه","تحلیل منبع","متوسط","خط زمانی برای چه منظوری کاربرد دارد؟","نشان دادن ترتیب زمانی رویدادها","محاسبه مساحت","اندازه‌گیری دما","تشخیص آرایه ادبی","A","خط زمانی ترتیب و فاصله زمانی رویدادها را نمایش می‌دهد.","ترنم همدلی","original","1405"
"دوازدهم","انسانی","تاریخ","تاریخ","روش مطالعه تاریخ","مفاهیم پایه","تحلیل منبع","آسان","مطالعه تاریخ در درجه نخست چه چیزی را بررسی می‌کند؟","رویدادها و فرایندهای گذشته","پیش‌بینی آب‌وهوا","اندازه‌گیری فشار خون","محاسبه سرعت","A","موضوع اصلی تاریخ بررسی رویدادها و فرایندهای گذشته انسانی است.","ترنم همدلی","original","1405"
"دوازدهم","انسانی","تاریخ","تاریخ","روش مطالعه تاریخ","مفاهیم پایه","تحلیل منبع","متوسط","منبع تاریخی دست اول به چه نوع منبعی گفته می‌شود؟","منبع نزدیک به زمان رویداد","کتاب درسی جدید","داستان تخیلی","جدول ضرب","A","منبع دست اول ارتباط مستقیم‌تری با زمان یا شاهدان رویداد دارد.","ترنم همدلی","original","1405"
"دوازدهم","انسانی","تاریخ","تاریخ","روش مطالعه تاریخ","مفاهیم پایه","تحلیل منبع","متوسط","خط زمانی برای چه منظوری کاربرد دارد؟","نشان دادن ترتیب زمانی رویدادها","محاسبه مساحت","اندازه‌گیری دما","تشخیص آرایه ادبی","A","خط زمانی ترتیب و فاصله زمانی رویدادها را نمایش می‌دهد.","ترنم همدلی","original","1405"
"دوازدهم","انسانی","تاریخ","تاریخ","روش مطالعه تاریخ","مفاهیم پایه","تحلیل منبع","آسان","مطالعه تاریخ در درجه نخست چه چیزی را بررسی می‌کند؟","رویدادها و فرایندهای گذشته","پیش‌بینی آب‌وهوا","اندازه‌گیری فشار خون","محاسبه سرعت","A","موضوع اصلی تاریخ بررسی رویدادها و فرایندهای گذشته انسانی است.","ترنم همدلی","original","1405"
"دوازدهم","انسانی","تاریخ","تاریخ","روش مطالعه تاریخ","مفاهیم پایه","تحلیل منبع","متوسط","منبع تاریخی دست اول به چه نوع منبعی گفته می‌شود؟","منبع نزدیک به زمان رویداد","کتاب درسی جدید","داستان تخیلی","جدول ضرب","A","منبع دست اول ارتباط مستقیم‌تری با زمان یا شاهدان رویداد دارد.","ترنم همدلی","original","1405"
"دوازدهم","انسانی","تاریخ","تاریخ","روش مطالعه تاریخ","مفاهیم پایه","تحلیل منبع","متوسط","خط زمانی برای چه منظوری کاربرد دارد؟","نشان دادن ترتیب زمانی رویدادها","محاسبه مساحت","اندازه‌گیری دما","تشخیص آرایه ادبی","A","خط زمانی ترتیب و فاصله زمانی رویدادها را نمایش می‌دهد.","ترنم همدلی","original","1405"
"دوازدهم","انسانی","تاریخ","تاریخ","روش مطالعه تاریخ","مفاهیم پایه","تحلیل منبع","آسان","مطالعه تاریخ در درجه نخست چه چیزی را بررسی می‌کند؟","رویدادها و فرایندهای گذشته","پیش‌بینی آب‌وهوا","اندازه‌گیری فشار خون","محاسبه سرعت","A","موضوع اصلی تاریخ بررسی رویدادها و فرایندهای گذشته انسانی است.","ترنم همدلی","original","1405"
"دوازدهم","انسانی","تاریخ","تاریخ","روش مطالعه تاریخ","مفاهیم پایه","تحلیل منبع","متوسط","منبع تاریخی دست اول به چه نوع منبعی گفته می‌شود؟","منبع نزدیک به زمان رویداد","کتاب درسی جدید","داستان تخیلی","جدول ضرب","A","منبع دست اول ارتباط مستقیم‌تری با زمان یا شاهدان رویداد دارد.","ترنم همدلی","original","1405"
"دوازدهم","انسانی","تاریخ","تاریخ","روش مطالعه تاریخ","مفاهیم پایه","تحلیل منبع","متوسط","خط زمانی برای چه منظوری کاربرد دارد؟","نشان دادن ترتیب زمانی رویدادها","محاسبه مساحت","اندازه‌گیری دما","تشخیص آرایه ادبی","A","خط زمانی ترتیب و فاصله زمانی رویدادها را نمایش می‌دهد.","ترنم همدلی","original","1405"
"دوازدهم","انسانی","تاریخ","تاریخ","روش مطالعه تاریخ","مفاهیم پایه","تحلیل منبع","آسان","مطالعه تاریخ در درجه نخست چه چیزی را بررسی می‌کند؟","رویدادها و فرایندهای گذشته","پیش‌بینی آب‌وهوا","اندازه‌گیری فشار خون","محاسبه سرعت","A","موضوع اصلی تاریخ بررسی رویدادها و فرایندهای گذشته انسانی است.","ترنم همدلی","original","1405"
"دوازدهم","انسانی","تاریخ","تاریخ","روش مطالعه تاریخ","مفاهیم پایه","تحلیل منبع","متوسط","منبع تاریخی دست اول به چه نوع منبعی گفته می‌شود؟","منبع نزدیک به زمان رویداد","کتاب درسی جدید","داستان تخیلی","جدول ضرب","A","منبع دست اول ارتباط مستقیم‌تری با زمان یا شاهدان رویداد دارد.","ترنم همدلی","original","1405"
"دوازدهم","انسانی","تاریخ","تاریخ","روش مطالعه تاریخ","مفاهیم پایه","تحلیل منبع","متوسط","خط زمانی برای چه منظوری کاربرد دارد؟","نشان دادن ترتیب زمانی رویدادها","محاسبه مساحت","اندازه‌گیری دما","تشخیص آرایه ادبی","A","خط زمانی ترتیب و فاصله زمانی رویدادها را نمایش می‌دهد.","ترنم همدلی","original","1405"
"دوازدهم","انسانی","تاریخ","تاریخ","روش مطالعه تاریخ","مفاهیم پایه","تحلیل منبع","آسان","مطالعه تاریخ در درجه نخست چه چیزی را بررسی می‌کند؟","رویدادها و فرایندهای گذشته","پیش‌بینی آب‌وهوا","اندازه‌گیری فشار خون","محاسبه سرعت","A","موضوع اصلی تاریخ بررسی رویدادها و فرایندهای گذشته انسانی است.","ترنم همدلی","original","1405"
"دوازدهم","انسانی","تاریخ","تاریخ","روش مطالعه تاریخ","مفاهیم پایه","تحلیل منبع","متوسط","منبع تاریخی دست اول به چه نوع منبعی گفته می‌شود؟","منبع نزدیک به زمان رویداد","کتاب درسی جدید","داستان تخیلی","جدول ضرب","A","منبع دست اول ارتباط مستقیم‌تری با زمان یا شاهدان رویداد دارد.","ترنم همدلی","original","1405"
"دوازدهم","انسانی","تاریخ","تاریخ","روش مطالعه تاریخ","مفاهیم پایه","تحلیل منبع","متوسط","خط زمانی برای چه منظوری کاربرد دارد؟","نشان دادن ترتیب زمانی رویدادها","محاسبه مساحت","اندازه‌گیری دما","تشخیص آرایه ادبی","A","خط زمانی ترتیب و فاصله زمانی رویدادها را نمایش می‌دهد.","ترنم همدلی","original","1405"
"دوازدهم","انسانی","تاریخ","تاریخ","روش مطالعه تاریخ","مفاهیم پایه","تحلیل منبع","آسان","مطالعه تاریخ در درجه نخست چه چیزی را بررسی می‌کند؟","رویدادها و فرایندهای گذشته","پیش‌بینی آب‌وهوا","اندازه‌گیری فشار خون","محاسبه سرعت","A","موضوع اصلی تاریخ بررسی رویدادها و فرایندهای گذشته انسانی است.","ترنم همدلی","original","1405"
"دوازدهم","انسانی","تاریخ","تاریخ","روش مطالعه تاریخ","مفاهیم پایه","تحلیل منبع","متوسط","منبع تاریخی دست اول به چه نوع منبعی گفته می‌شود؟","منبع نزدیک به زمان رویداد","کتاب درسی جدید","داستان تخیلی","جدول ضرب","A","منبع دست اول ارتباط مستقیم‌تری با زمان یا شاهدان رویداد دارد.","ترنم همدلی","original","1405"
"دوازدهم","انسانی","تاریخ","تاریخ","روش مطالعه تاریخ","مفاهیم پایه","تحلیل منبع","متوسط","خط زمانی برای چه منظوری کاربرد دارد؟","نشان دادن ترتیب زمانی رویدادها","محاسبه مساحت","اندازه‌گیری دما","تشخیص آرایه ادبی","A","خط زمانی ترتیب و فاصله زمانی رویدادها را نمایش می‌دهد.","ترنم همدلی","original","1405"
"دوازدهم","انسانی","تاریخ","تاریخ","روش مطالعه تاریخ","مفاهیم پایه","تحلیل منبع","آسان","مطالعه تاریخ در درجه نخست چه چیزی را بررسی می‌کند؟","رویدادها و فرایندهای گذشته","پیش‌بینی آب‌وهوا","اندازه‌گیری فشار خون","محاسبه سرعت","A","موضوع اصلی تاریخ بررسی رویدادها و فرایندهای گذشته انسانی است.","ترنم همدلی","original","1405"
"دوازدهم","انسانی","تاریخ","تاریخ","روش مطالعه تاریخ","مفاهیم پایه","تحلیل منبع","متوسط","منبع تاریخی دست اول به چه نوع منبعی گفته می‌شود؟","منبع نزدیک به زمان رویداد","کتاب درسی جدید","داستان تخیلی","جدول ضرب","A","منبع دست اول ارتباط مستقیم‌تری با زمان یا شاهدان رویداد دارد.","ترنم همدلی","original","1405"
"دوازدهم","انسانی","تاریخ","تاریخ","روش مطالعه تاریخ","مفاهیم پایه","تحلیل منبع","متوسط","خط زمانی برای چه منظوری کاربرد دارد؟","نشان دادن ترتیب زمانی رویدادها","محاسبه مساحت","اندازه‌گیری دما","تشخیص آرایه ادبی","A","خط زمانی ترتیب و فاصله زمانی رویدادها را نمایش می‌دهد.","ترنم همدلی","original","1405"
"دوازدهم","انسانی","تاریخ","تاریخ","روش مطالعه تاریخ","مفاهیم پایه","تحلیل منبع","آسان","مطالعه تاریخ در درجه نخست چه چیزی را بررسی می‌کند؟","رویدادها و فرایندهای گذشته","پیش‌بینی آب‌وهوا","اندازه‌گیری فشار خون","محاسبه سرعت","A","موضوع اصلی تاریخ بررسی رویدادها و فرایندهای گذشته انسانی است.","ترنم همدلی","original","1405"
"دوازدهم","انسانی","تاریخ","تاریخ","روش مطالعه تاریخ","مفاهیم پایه","تحلیل منبع","متوسط","منبع تاریخی دست اول به چه نوع منبعی گفته می‌شود؟","منبع نزدیک به زمان رویداد","کتاب درسی جدید","داستان تخیلی","جدول ضرب","A","منبع دست اول ارتباط مستقیم‌تری با زمان یا شاهدان رویداد دارد.","ترنم همدلی","original","1405"
"دوازدهم","انسانی","تاریخ","تاریخ","روش مطالعه تاریخ","مفاهیم پایه","تحلیل منبع","متوسط","خط زمانی برای چه منظوری کاربرد دارد؟","نشان دادن ترتیب زمانی رویدادها","محاسبه مساحت","اندازه‌گیری دما","تشخیص آرایه ادبی","A","خط زمانی ترتیب و فاصله زمانی رویدادها را نمایش می‌دهد.","ترنم همدلی","original","1405"
"دوازدهم","انسانی","تاریخ","تاریخ","روش مطالعه تاریخ","مفاهیم پایه","تحلیل منبع","آسان","مطالعه تاریخ در درجه نخست چه چیزی را بررسی می‌کند؟","رویدادها و فرایندهای گذشته","پیش‌بینی آب‌وهوا","اندازه‌گیری فشار خون","محاسبه سرعت","A","موضوع اصلی تاریخ بررسی رویدادها و فرایندهای گذشته انسانی است.","ترنم همدلی","original","1405"
"دوازدهم","انسانی","تاریخ","تاریخ","روش مطالعه تاریخ","مفاهیم پایه","تحلیل منبع","متوسط","منبع تاریخی دست اول به چه نوع منبعی گفته می‌شود؟","منبع نزدیک به زمان رویداد","کتاب درسی جدید","داستان تخیلی","جدول ضرب","A","منبع دست اول ارتباط مستقیم‌تری با زمان یا شاهدان رویداد دارد.","ترنم همدلی","original","1405"
"دوازدهم","انسانی","تاریخ","تاریخ","روش مطالعه تاریخ","مفاهیم پایه","تحلیل منبع","متوسط","خط زمانی برای چه منظوری کاربرد دارد؟","نشان دادن ترتیب زمانی رویدادها","محاسبه مساحت","اندازه‌گیری دما","تشخیص آرایه ادبی","A","خط زمانی ترتیب و فاصله زمانی رویدادها را نمایش می‌دهد.","ترنم همدلی","original","1405"
"دوازدهم","انسانی","تاریخ","تاریخ","روش مطالعه تاریخ","مفاهیم پایه","تحلیل منبع","آسان","مطالعه تاریخ در درجه نخست چه چیزی را بررسی می‌کند؟","رویدادها و فرایندهای گذشته","پیش‌بینی آب‌وهوا","اندازه‌گیری فشار خون","محاسبه سرعت","A","موضوع اصلی تاریخ بررسی رویدادها و فرایندهای گذشته انسانی است.","ترنم همدلی","original","1405"
"دوازدهم","انسانی","تاریخ","تاریخ","روش مطالعه تاریخ","مفاهیم پایه","تحلیل منبع","متوسط","منبع تاریخی دست اول به چه نوع منبعی گفته می‌شود؟","منبع نزدیک به زمان رویداد","کتاب درسی جدید","داستان تخیلی","جدول ضرب","A","منبع دست اول ارتباط مستقیم‌تری با زمان یا شاهدان رویداد دارد.","ترنم همدلی","original","1405"
"دوازدهم","انسانی","تاریخ","تاریخ","روش مطالعه تاریخ","مفاهیم پایه","تحلیل منبع","متوسط","خط زمانی برای چه منظوری کاربرد دارد؟","نشان دادن ترتیب زمانی رویدادها","محاسبه مساحت","اندازه‌گیری دما","تشخیص آرایه ادبی","A","خط زمانی ترتیب و فاصله زمانی رویدادها را نمایش می‌دهد.","ترنم همدلی","original","1405"
"دوازدهم","انسانی","تاریخ","تاریخ","روش مطالعه تاریخ","مفاهیم پایه","تحلیل منبع","آسان","مطالعه تاریخ در درجه نخست چه چیزی را بررسی می‌کند؟","رویدادها و فرایندهای گذشته","پیش‌بینی آب‌وهوا","اندازه‌گیری فشار خون","محاسبه سرعت","A","موضوع اصلی تاریخ بررسی رویدادها و فرایندهای گذشته انسانی است.","ترنم همدلی","original","1405"
"دوازدهم","انسانی","تاریخ","تاریخ","روش مطالعه تاریخ","مفاهیم پایه","تحلیل منبع","متوسط","منبع تاریخی دست اول به چه نوع منبعی گفته می‌شود؟","منبع نزدیک به زمان رویداد","کتاب درسی جدید","داستان تخیلی","جدول ضرب","A","منبع دست اول ارتباط مستقیم‌تری با زمان یا شاهدان رویداد دارد.","ترنم همدلی","original","1405"
"دوازدهم","انسانی","تاریخ","تاریخ","روش مطالعه تاریخ","مفاهیم پایه","تحلیل منبع","متوسط","خط زمانی برای چه منظوری کاربرد دارد؟","نشان دادن ترتیب زمانی رویدادها","محاسبه مساحت","اندازه‌گیری دما","تشخیص آرایه ادبی","A","خط زمانی ترتیب و فاصله زمانی رویدادها را نمایش می‌دهد.","ترنم همدلی","original","1405"
"دوازدهم","انسانی","تاریخ","تاریخ","روش مطالعه تاریخ","مفاهیم پایه","تحلیل منبع","آسان","مطالعه تاریخ در درجه نخست چه چیزی را بررسی می‌کند؟","رویدادها و فرایندهای گذشته","پیش‌بینی آب‌وهوا","اندازه‌گیری فشار خون","محاسبه سرعت","A","موضوع اصلی تاریخ بررسی رویدادها و فرایندهای گذشته انسانی است.","ترنم همدلی","original","1405"
"دوازدهم","انسانی","تاریخ","تاریخ","روش مطالعه تاریخ","مفاهیم پایه","تحلیل منبع","متوسط","منبع تاریخی دست اول به چه نوع منبعی گفته می‌شود؟","منبع نزدیک به زمان رویداد","کتاب درسی جدید","داستان تخیلی","جدول ضرب","A","منبع دست اول ارتباط مستقیم‌تری با زمان یا شاهدان رویداد دارد.","ترنم همدلی","original","1405"
"دوازدهم","انسانی","تاریخ","تاریخ","روش مطالعه تاریخ","مفاهیم پایه","تحلیل منبع","متوسط","خط زمانی برای چه منظوری کاربرد دارد؟","نشان دادن ترتیب زمانی رویدادها","محاسبه مساحت","اندازه‌گیری دما","تشخیص آرایه ادبی","A","خط زمانی ترتیب و فاصله زمانی رویدادها را نمایش می‌دهد.","ترنم همدلی","original","1405"
"دوازدهم","انسانی","تاریخ","تاریخ","روش مطالعه تاریخ","مفاهیم پایه","تحلیل منبع","آسان","مطالعه تاریخ در درجه نخست چه چیزی را بررسی می‌کند؟","رویدادها و فرایندهای گذشته","پیش‌بینی آب‌وهوا","اندازه‌گیری فشار خون","محاسبه سرعت","A","موضوع اصلی تاریخ بررسی رویدادها و فرایندهای گذشته انسانی است.","ترنم همدلی","original","1405"
"دوازدهم","انسانی","تاریخ","تاریخ","روش مطالعه تاریخ","مفاهیم پایه","تحلیل منبع","متوسط","منبع تاریخی دست اول به چه نوع منبعی گفته می‌شود؟","منبع نزدیک به زمان رویداد","کتاب درسی جدید","داستان تخیلی","جدول ضرب","A","منبع دست اول ارتباط مستقیم‌تری با زمان یا شاهدان رویداد دارد.","ترنم همدلی","original","1405"
"دوازدهم","انسانی","تاریخ","تاریخ","روش مطالعه تاریخ","مفاهیم پایه","تحلیل منبع","متوسط","خط زمانی برای چه منظوری کاربرد دارد؟","نشان دادن ترتیب زمانی رویدادها","محاسبه مساحت","اندازه‌گیری دما","تشخیص آرایه ادبی","A","خط زمانی ترتیب و فاصله زمانی رویدادها را نمایش می‌دهد.","ترنم همدلی","original","1405"
"دوازدهم","انسانی","تاریخ","تاریخ","روش مطالعه تاریخ","مفاهیم پایه","تحلیل منبع","آسان","مطالعه تاریخ در درجه نخست چه چیزی را بررسی می‌کند؟","رویدادها و فرایندهای گذشته","پیش‌بینی آب‌وهوا","اندازه‌گیری فشار خون","محاسبه سرعت","A","موضوع اصلی تاریخ بررسی رویدادها و فرایندهای گذشته انسانی است.","ترنم همدلی","original","1405"
"دوازدهم","انسانی","تاریخ","تاریخ","روش مطالعه تاریخ","مفاهیم پایه","تحلیل منبع","متوسط","منبع تاریخی دست اول به چه نوع منبعی گفته می‌شود؟","منبع نزدیک به زمان رویداد","کتاب درسی جدید","داستان تخیلی","جدول ضرب","A","منبع دست اول ارتباط مستقیم‌تری با زمان یا شاهدان رویداد دارد.","ترنم همدلی","original","1405"
"دوازدهم","انسانی","تاریخ","تاریخ","روش مطالعه تاریخ","مفاهیم پایه","تحلیل منبع","متوسط","خط زمانی برای چه منظوری کاربرد دارد؟","نشان دادن ترتیب زمانی رویدادها","محاسبه مساحت","اندازه‌گیری دما","تشخیص آرایه ادبی","A","خط زمانی ترتیب و فاصله زمانی رویدادها را نمایش می‌دهد.","ترنم همدلی","original","1405"
"دوازدهم","انسانی","تاریخ","تاریخ","روش مطالعه تاریخ","مفاهیم پایه","تحلیل منبع","آسان","مطالعه تاریخ در درجه نخست چه چیزی را بررسی می‌کند؟","رویدادها و فرایندهای گذشته","پیش‌بینی آب‌وهوا","اندازه‌گیری فشار خون","محاسبه سرعت","A","موضوع اصلی تاریخ بررسی رویدادها و فرایندهای گذشته انسانی است.","ترنم همدلی","original","1405"
"دوازدهم","انسانی","تاریخ","تاریخ","روش مطالعه تاریخ","مفاهیم پایه","تحلیل منبع","متوسط","منبع تاریخی دست اول به چه نوع منبعی گفته می‌شود؟","منبع نزدیک به زمان رویداد","کتاب درسی جدید","داستان تخیلی","جدول ضرب","A","منبع دست اول ارتباط مستقیم‌تری با زمان یا شاهدان رویداد دارد.","ترنم همدلی","original","1405"
"دوازدهم","انسانی","تاریخ","تاریخ","روش مطالعه تاریخ","مفاهیم پایه","تحلیل منبع","متوسط","خط زمانی برای چه منظوری کاربرد دارد؟","نشان دادن ترتیب زمانی رویدادها","محاسبه مساحت","اندازه‌گیری دما","تشخیص آرایه ادبی","A","خط زمانی ترتیب و فاصله زمانی رویدادها را نمایش می‌دهد.","ترنم همدلی","original","1405"
"دوازدهم","انسانی","تاریخ","تاریخ","روش مطالعه تاریخ","مفاهیم پایه","تحلیل منبع","آسان","مطالعه تاریخ در درجه نخست چه چیزی را بررسی می‌کند؟","رویدادها و فرایندهای گذشته","پیش‌بینی آب‌وهوا","اندازه‌گیری فشار خون","محاسبه سرعت","A","موضوع اصلی تاریخ بررسی رویدادها و فرایندهای گذشته انسانی است.","ترنم همدلی","original","1405"
"دوازدهم","انسانی","تاریخ","تاریخ","روش مطالعه تاریخ","مفاهیم پایه","تحلیل منبع","متوسط","منبع تاریخی دست اول به چه نوع منبعی گفته می‌شود؟","منبع نزدیک به زمان رویداد","کتاب درسی جدید","داستان تخیلی","جدول ضرب","A","منبع دست اول ارتباط مستقیم‌تری با زمان یا شاهدان رویداد دارد.","ترنم همدلی","original","1405"
"دوازدهم","انسانی","تاریخ","تاریخ","روش مطالعه تاریخ","مفاهیم پایه","تحلیل منبع","متوسط","خط زمانی برای چه منظوری کاربرد دارد؟","نشان دادن ترتیب زمانی رویدادها","محاسبه مساحت","اندازه‌گیری دما","تشخیص آرایه ادبی","A","خط زمانی ترتیب و فاصله زمانی رویدادها را نمایش می‌دهد.","ترنم همدلی","original","1405"
"دوازدهم","انسانی","تاریخ","تاریخ","روش مطالعه تاریخ","مفاهیم پایه","تحلیل منبع","آسان","مطالعه تاریخ در درجه نخست چه چیزی را بررسی می‌کند؟","رویدادها و فرایندهای گذشته","پیش‌بینی آب‌وهوا","اندازه‌گیری فشار خون","محاسبه سرعت","A","موضوع اصلی تاریخ بررسی رویدادها و فرایندهای گذشته انسانی است.","ترنم همدلی","original","1405"
"دوازدهم","انسانی","تاریخ","تاریخ","روش مطالعه تاریخ","مفاهیم پایه","تحلیل منبع","متوسط","منبع تاریخی دست اول به چه نوع منبعی گفته می‌شود؟","منبع نزدیک به زمان رویداد","کتاب درسی جدید","داستان تخیلی","جدول ضرب","A","منبع دست اول ارتباط مستقیم‌تری با زمان یا شاهدان رویداد دارد.","ترنم همدلی","original","1405"
"دوازدهم","انسانی","تاریخ","تاریخ","روش مطالعه تاریخ","مفاهیم پایه","تحلیل منبع","متوسط","خط زمانی برای چه منظوری کاربرد دارد؟","نشان دادن ترتیب زمانی رویدادها","محاسبه مساحت","اندازه‌گیری دما","تشخیص آرایه ادبی","A","خط زمانی ترتیب و فاصله زمانی رویدادها را نمایش می‌دهد.","ترنم همدلی","original","1405"
"دوازدهم","انسانی","تاریخ","تاریخ","روش مطالعه تاریخ","مفاهیم پایه","تحلیل منبع","آسان","مطالعه تاریخ در درجه نخست چه چیزی را بررسی می‌کند؟","رویدادها و فرایندهای گذشته","پیش‌بینی آب‌وهوا","اندازه‌گیری فشار خون","محاسبه سرعت","A","موضوع اصلی تاریخ بررسی رویدادها و فرایندهای گذشته انسانی است.","ترنم همدلی","original","1405"
"دوازدهم","انسانی","تاریخ","تاریخ","روش مطالعه تاریخ","مفاهیم پایه","تحلیل منبع","متوسط","منبع تاریخی دست اول به چه نوع منبعی گفته می‌شود؟","منبع نزدیک به زمان رویداد","کتاب درسی جدید","داستان تخیلی","جدول ضرب","A","منبع دست اول ارتباط مستقیم‌تری با زمان یا شاهدان رویداد دارد.","ترنم همدلی","original","1405"
"دوازدهم","انسانی","تاریخ","تاریخ","روش مطالعه تاریخ","مفاهیم پایه","تحلیل منبع","متوسط","خط زمانی برای چه منظوری کاربرد دارد؟","نشان دادن ترتیب زمانی رویدادها","محاسبه مساحت","اندازه‌گیری دما","تشخیص آرایه ادبی","A","خط زمانی ترتیب و فاصله زمانی رویدادها را نمایش می‌دهد.","ترنم همدلی","original","1405"
"دوازدهم","انسانی","تاریخ","تاریخ","روش مطالعه تاریخ","مفاهیم پایه","تحلیل منبع","آسان","مطالعه تاریخ در درجه نخست چه چیزی را بررسی می‌کند؟","رویدادها و فرایندهای گذشته","پیش‌بینی آب‌وهوا","اندازه‌گیری فشار خون","محاسبه سرعت","A","موضوع اصلی تاریخ بررسی رویدادها و فرایندهای گذشته انسانی است.","ترنم همدلی","original","1405"
"دوازدهم","انسانی","تاریخ","تاریخ","روش مطالعه تاریخ","مفاهیم پایه","تحلیل منبع","متوسط","منبع تاریخی دست اول به چه نوع منبعی گفته می‌شود؟","منبع نزدیک به زمان رویداد","کتاب درسی جدید","داستان تخیلی","جدول ضرب","A","منبع دست اول ارتباط مستقیم‌تری با زمان یا شاهدان رویداد دارد.","ترنم همدلی","original","1405"
"دوازدهم","انسانی","تاریخ","تاریخ","روش مطالعه تاریخ","مفاهیم پایه","تحلیل منبع","متوسط","خط زمانی برای چه منظوری کاربرد دارد؟","نشان دادن ترتیب زمانی رویدادها","محاسبه مساحت","اندازه‌گیری دما","تشخیص آرایه ادبی","A","خط زمانی ترتیب و فاصله زمانی رویدادها را نمایش می‌دهد.","ترنم همدلی","original","1405"
"دوازدهم","انسانی","تاریخ","تاریخ","روش مطالعه تاریخ","مفاهیم پایه","تحلیل منبع","آسان","مطالعه تاریخ در درجه نخست چه چیزی را بررسی می‌کند؟","رویدادها و فرایندهای گذشته","پیش‌بینی آب‌وهوا","اندازه‌گیری فشار خون","محاسبه سرعت","A","موضوع اصلی تاریخ بررسی رویدادها و فرایندهای گذشته انسانی است.","ترنم همدلی","original","1405"
"دوازدهم","انسانی","تاریخ","تاریخ","روش مطالعه تاریخ","مفاهیم پایه","تحلیل منبع","متوسط","منبع تاریخی دست اول به چه نوع منبعی گفته می‌شود؟","منبع نزدیک به زمان رویداد","کتاب درسی جدید","داستان تخیلی","جدول ضرب","A","منبع دست اول ارتباط مستقیم‌تری با زمان یا شاهدان رویداد دارد.","ترنم همدلی","original","1405"
"دوازدهم","انسانی","تاریخ","تاریخ","روش مطالعه تاریخ","مفاهیم پایه","تحلیل منبع","متوسط","خط زمانی برای چه منظوری کاربرد دارد؟","نشان دادن ترتیب زمانی رویدادها","محاسبه مساحت","اندازه‌گیری دما","تشخیص آرایه ادبی","A","خط زمانی ترتیب و فاصله زمانی رویدادها را نمایش می‌دهد.","ترنم همدلی","original","1405"
"دوازدهم","انسانی","تاریخ","تاریخ","روش مطالعه تاریخ","مفاهیم پایه","تحلیل منبع","آسان","مطالعه تاریخ در درجه نخست چه چیزی را بررسی می‌کند؟","رویدادها و فرایندهای گذشته","پیش‌بینی آب‌وهوا","اندازه‌گیری فشار خون","محاسبه سرعت","A","موضوع اصلی تاریخ بررسی رویدادها و فرایندهای گذشته انسانی است.","ترنم همدلی","original","1405"
"دهم","انسانی","جغرافیا","جغرافیا","مفاهیم جغرافیا","مفاهیم پایه","درک مفهومی","آسان","مقیاس نقشه چه رابطه‌ای را نشان می‌دهد؟","رابطه فاصله روی نقشه با فاصله واقعی","رابطه دما با فشار","رابطه جرم با حجم","رابطه واژه با معنا","A","مقیاس نسبت فاصله روی نقشه به فاصله واقعی را بیان می‌کند.","ترنم همدلی","original","1405"
"دهم","انسانی","جغرافیا","جغرافیا","مفاهیم جغرافیا","مفاهیم پایه","درک مفهومی","متوسط","کدام عامل مستقیماً بر شکل‌گیری بسیاری از پدیده‌های آب‌وهوایی اثر دارد؟","دما و فشار هوا","املای واژه‌ها","ساختار سلول","تعداد صفحات کتاب","A","تغییرات دما و فشار از عوامل مهم در پدیده‌های جوی هستند.","ترنم همدلی","original","1405"
"دهم","انسانی","جغرافیا","جغرافیا","مفاهیم جغرافیا","مفاهیم پایه","درک مفهومی","متوسط","جغرافیا بیشتر به چه چیزی می‌پردازد؟","رابطه انسان و محیط و پراکندگی پدیده‌ها","ساختار واژه‌ها","واکنش‌های شیمیایی","قواعد ضرب","A","جغرافیا پراکندگی پدیده‌ها و رابطه انسان و محیط را بررسی می‌کند.","ترنم همدلی","original","1405"
"دهم","انسانی","جغرافیا","جغرافیا","مفاهیم جغرافیا","مفاهیم پایه","درک مفهومی","آسان","مقیاس نقشه چه رابطه‌ای را نشان می‌دهد؟","رابطه فاصله روی نقشه با فاصله واقعی","رابطه دما با فشار","رابطه جرم با حجم","رابطه واژه با معنا","A","مقیاس نسبت فاصله روی نقشه به فاصله واقعی را بیان می‌کند.","ترنم همدلی","original","1405"
"دهم","انسانی","جغرافیا","جغرافیا","مفاهیم جغرافیا","مفاهیم پایه","درک مفهومی","متوسط","کدام عامل مستقیماً بر شکل‌گیری بسیاری از پدیده‌های آب‌وهوایی اثر دارد؟","دما و فشار هوا","املای واژه‌ها","ساختار سلول","تعداد صفحات کتاب","A","تغییرات دما و فشار از عوامل مهم در پدیده‌های جوی هستند.","ترنم همدلی","original","1405"
"دهم","انسانی","جغرافیا","جغرافیا","مفاهیم جغرافیا","مفاهیم پایه","درک مفهومی","متوسط","جغرافیا بیشتر به چه چیزی می‌پردازد؟","رابطه انسان و محیط و پراکندگی پدیده‌ها","ساختار واژه‌ها","واکنش‌های شیمیایی","قواعد ضرب","A","جغرافیا پراکندگی پدیده‌ها و رابطه انسان و محیط را بررسی می‌کند.","ترنم همدلی","original","1405"
"دهم","انسانی","جغرافیا","جغرافیا","مفاهیم جغرافیا","مفاهیم پایه","درک مفهومی","آسان","مقیاس نقشه چه رابطه‌ای را نشان می‌دهد؟","رابطه فاصله روی نقشه با فاصله واقعی","رابطه دما با فشار","رابطه جرم با حجم","رابطه واژه با معنا","A","مقیاس نسبت فاصله روی نقشه به فاصله واقعی را بیان می‌کند.","ترنم همدلی","original","1405"
"دهم","انسانی","جغرافیا","جغرافیا","مفاهیم جغرافیا","مفاهیم پایه","درک مفهومی","متوسط","کدام عامل مستقیماً بر شکل‌گیری بسیاری از پدیده‌های آب‌وهوایی اثر دارد؟","دما و فشار هوا","املای واژه‌ها","ساختار سلول","تعداد صفحات کتاب","A","تغییرات دما و فشار از عوامل مهم در پدیده‌های جوی هستند.","ترنم همدلی","original","1405"
"دهم","انسانی","جغرافیا","جغرافیا","مفاهیم جغرافیا","مفاهیم پایه","درک مفهومی","متوسط","جغرافیا بیشتر به چه چیزی می‌پردازد؟","رابطه انسان و محیط و پراکندگی پدیده‌ها","ساختار واژه‌ها","واکنش‌های شیمیایی","قواعد ضرب","A","جغرافیا پراکندگی پدیده‌ها و رابطه انسان و محیط را بررسی می‌کند.","ترنم همدلی","original","1405"
"دهم","انسانی","جغرافیا","جغرافیا","مفاهیم جغرافیا","مفاهیم پایه","درک مفهومی","آسان","مقیاس نقشه چه رابطه‌ای را نشان می‌دهد؟","رابطه فاصله روی نقشه با فاصله واقعی","رابطه دما با فشار","رابطه جرم با حجم","رابطه واژه با معنا","A","مقیاس نسبت فاصله روی نقشه به فاصله واقعی را بیان می‌کند.","ترنم همدلی","original","1405"
"دهم","انسانی","جغرافیا","جغرافیا","مفاهیم جغرافیا","مفاهیم پایه","درک مفهومی","متوسط","کدام عامل مستقیماً بر شکل‌گیری بسیاری از پدیده‌های آب‌وهوایی اثر دارد؟","دما و فشار هوا","املای واژه‌ها","ساختار سلول","تعداد صفحات کتاب","A","تغییرات دما و فشار از عوامل مهم در پدیده‌های جوی هستند.","ترنم همدلی","original","1405"
"دهم","انسانی","جغرافیا","جغرافیا","مفاهیم جغرافیا","مفاهیم پایه","درک مفهومی","متوسط","جغرافیا بیشتر به چه چیزی می‌پردازد؟","رابطه انسان و محیط و پراکندگی پدیده‌ها","ساختار واژه‌ها","واکنش‌های شیمیایی","قواعد ضرب","A","جغرافیا پراکندگی پدیده‌ها و رابطه انسان و محیط را بررسی می‌کند.","ترنم همدلی","original","1405"
"دهم","انسانی","جغرافیا","جغرافیا","مفاهیم جغرافیا","مفاهیم پایه","درک مفهومی","آسان","مقیاس نقشه چه رابطه‌ای را نشان می‌دهد؟","رابطه فاصله روی نقشه با فاصله واقعی","رابطه دما با فشار","رابطه جرم با حجم","رابطه واژه با معنا","A","مقیاس نسبت فاصله روی نقشه به فاصله واقعی را بیان می‌کند.","ترنم همدلی","original","1405"
"دهم","انسانی","جغرافیا","جغرافیا","مفاهیم جغرافیا","مفاهیم پایه","درک مفهومی","متوسط","کدام عامل مستقیماً بر شکل‌گیری بسیاری از پدیده‌های آب‌وهوایی اثر دارد؟","دما و فشار هوا","املای واژه‌ها","ساختار سلول","تعداد صفحات کتاب","A","تغییرات دما و فشار از عوامل مهم در پدیده‌های جوی هستند.","ترنم همدلی","original","1405"
"دهم","انسانی","جغرافیا","جغرافیا","مفاهیم جغرافیا","مفاهیم پایه","درک مفهومی","متوسط","جغرافیا بیشتر به چه چیزی می‌پردازد؟","رابطه انسان و محیط و پراکندگی پدیده‌ها","ساختار واژه‌ها","واکنش‌های شیمیایی","قواعد ضرب","A","جغرافیا پراکندگی پدیده‌ها و رابطه انسان و محیط را بررسی می‌کند.","ترنم همدلی","original","1405"
"دهم","انسانی","جغرافیا","جغرافیا","مفاهیم جغرافیا","مفاهیم پایه","درک مفهومی","آسان","مقیاس نقشه چه رابطه‌ای را نشان می‌دهد؟","رابطه فاصله روی نقشه با فاصله واقعی","رابطه دما با فشار","رابطه جرم با حجم","رابطه واژه با معنا","A","مقیاس نسبت فاصله روی نقشه به فاصله واقعی را بیان می‌کند.","ترنم همدلی","original","1405"
"دهم","انسانی","جغرافیا","جغرافیا","مفاهیم جغرافیا","مفاهیم پایه","درک مفهومی","متوسط","کدام عامل مستقیماً بر شکل‌گیری بسیاری از پدیده‌های آب‌وهوایی اثر دارد؟","دما و فشار هوا","املای واژه‌ها","ساختار سلول","تعداد صفحات کتاب","A","تغییرات دما و فشار از عوامل مهم در پدیده‌های جوی هستند.","ترنم همدلی","original","1405"
"دهم","انسانی","جغرافیا","جغرافیا","مفاهیم جغرافیا","مفاهیم پایه","درک مفهومی","متوسط","جغرافیا بیشتر به چه چیزی می‌پردازد؟","رابطه انسان و محیط و پراکندگی پدیده‌ها","ساختار واژه‌ها","واکنش‌های شیمیایی","قواعد ضرب","A","جغرافیا پراکندگی پدیده‌ها و رابطه انسان و محیط را بررسی می‌کند.","ترنم همدلی","original","1405"
"دهم","انسانی","جغرافیا","جغرافیا","مفاهیم جغرافیا","مفاهیم پایه","درک مفهومی","آسان","مقیاس نقشه چه رابطه‌ای را نشان می‌دهد؟","رابطه فاصله روی نقشه با فاصله واقعی","رابطه دما با فشار","رابطه جرم با حجم","رابطه واژه با معنا","A","مقیاس نسبت فاصله روی نقشه به فاصله واقعی را بیان می‌کند.","ترنم همدلی","original","1405"
"دهم","انسانی","جغرافیا","جغرافیا","مفاهیم جغرافیا","مفاهیم پایه","درک مفهومی","متوسط","کدام عامل مستقیماً بر شکل‌گیری بسیاری از پدیده‌های آب‌وهوایی اثر دارد؟","دما و فشار هوا","املای واژه‌ها","ساختار سلول","تعداد صفحات کتاب","A","تغییرات دما و فشار از عوامل مهم در پدیده‌های جوی هستند.","ترنم همدلی","original","1405"
"دهم","انسانی","جغرافیا","جغرافیا","مفاهیم جغرافیا","مفاهیم پایه","درک مفهومی","متوسط","جغرافیا بیشتر به چه چیزی می‌پردازد؟","رابطه انسان و محیط و پراکندگی پدیده‌ها","ساختار واژه‌ها","واکنش‌های شیمیایی","قواعد ضرب","A","جغرافیا پراکندگی پدیده‌ها و رابطه انسان و محیط را بررسی می‌کند.","ترنم همدلی","original","1405"
"دهم","انسانی","جغرافیا","جغرافیا","مفاهیم جغرافیا","مفاهیم پایه","درک مفهومی","آسان","مقیاس نقشه چه رابطه‌ای را نشان می‌دهد؟","رابطه فاصله روی نقشه با فاصله واقعی","رابطه دما با فشار","رابطه جرم با حجم","رابطه واژه با معنا","A","مقیاس نسبت فاصله روی نقشه به فاصله واقعی را بیان می‌کند.","ترنم همدلی","original","1405"
"دهم","انسانی","جغرافیا","جغرافیا","مفاهیم جغرافیا","مفاهیم پایه","درک مفهومی","متوسط","کدام عامل مستقیماً بر شکل‌گیری بسیاری از پدیده‌های آب‌وهوایی اثر دارد؟","دما و فشار هوا","املای واژه‌ها","ساختار سلول","تعداد صفحات کتاب","A","تغییرات دما و فشار از عوامل مهم در پدیده‌های جوی هستند.","ترنم همدلی","original","1405"
"دهم","انسانی","جغرافیا","جغرافیا","مفاهیم جغرافیا","مفاهیم پایه","درک مفهومی","متوسط","جغرافیا بیشتر به چه چیزی می‌پردازد؟","رابطه انسان و محیط و پراکندگی پدیده‌ها","ساختار واژه‌ها","واکنش‌های شیمیایی","قواعد ضرب","A","جغرافیا پراکندگی پدیده‌ها و رابطه انسان و محیط را بررسی می‌کند.","ترنم همدلی","original","1405"
"دهم","انسانی","جغرافیا","جغرافیا","مفاهیم جغرافیا","مفاهیم پایه","درک مفهومی","آسان","مقیاس نقشه چه رابطه‌ای را نشان می‌دهد؟","رابطه فاصله روی نقشه با فاصله واقعی","رابطه دما با فشار","رابطه جرم با حجم","رابطه واژه با معنا","A","مقیاس نسبت فاصله روی نقشه به فاصله واقعی را بیان می‌کند.","ترنم همدلی","original","1405"
"دهم","انسانی","جغرافیا","جغرافیا","مفاهیم جغرافیا","مفاهیم پایه","درک مفهومی","متوسط","کدام عامل مستقیماً بر شکل‌گیری بسیاری از پدیده‌های آب‌وهوایی اثر دارد؟","دما و فشار هوا","املای واژه‌ها","ساختار سلول","تعداد صفحات کتاب","A","تغییرات دما و فشار از عوامل مهم در پدیده‌های جوی هستند.","ترنم همدلی","original","1405"
"دهم","انسانی","جغرافیا","جغرافیا","مفاهیم جغرافیا","مفاهیم پایه","درک مفهومی","متوسط","جغرافیا بیشتر به چه چیزی می‌پردازد؟","رابطه انسان و محیط و پراکندگی پدیده‌ها","ساختار واژه‌ها","واکنش‌های شیمیایی","قواعد ضرب","A","جغرافیا پراکندگی پدیده‌ها و رابطه انسان و محیط را بررسی می‌کند.","ترنم همدلی","original","1405"
"دهم","انسانی","جغرافیا","جغرافیا","مفاهیم جغرافیا","مفاهیم پایه","درک مفهومی","آسان","مقیاس نقشه چه رابطه‌ای را نشان می‌دهد؟","رابطه فاصله روی نقشه با فاصله واقعی","رابطه دما با فشار","رابطه جرم با حجم","رابطه واژه با معنا","A","مقیاس نسبت فاصله روی نقشه به فاصله واقعی را بیان می‌کند.","ترنم همدلی","original","1405"
"دهم","انسانی","جغرافیا","جغرافیا","مفاهیم جغرافیا","مفاهیم پایه","درک مفهومی","متوسط","کدام عامل مستقیماً بر شکل‌گیری بسیاری از پدیده‌های آب‌وهوایی اثر دارد؟","دما و فشار هوا","املای واژه‌ها","ساختار سلول","تعداد صفحات کتاب","A","تغییرات دما و فشار از عوامل مهم در پدیده‌های جوی هستند.","ترنم همدلی","original","1405"
"دهم","انسانی","جغرافیا","جغرافیا","مفاهیم جغرافیا","مفاهیم پایه","درک مفهومی","متوسط","جغرافیا بیشتر به چه چیزی می‌پردازد؟","رابطه انسان و محیط و پراکندگی پدیده‌ها","ساختار واژه‌ها","واکنش‌های شیمیایی","قواعد ضرب","A","جغرافیا پراکندگی پدیده‌ها و رابطه انسان و محیط را بررسی می‌کند.","ترنم همدلی","original","1405"
"دهم","انسانی","جغرافیا","جغرافیا","مفاهیم جغرافیا","مفاهیم پایه","درک مفهومی","آسان","مقیاس نقشه چه رابطه‌ای را نشان می‌دهد؟","رابطه فاصله روی نقشه با فاصله واقعی","رابطه دما با فشار","رابطه جرم با حجم","رابطه واژه با معنا","A","مقیاس نسبت فاصله روی نقشه به فاصله واقعی را بیان می‌کند.","ترنم همدلی","original","1405"
"دهم","انسانی","جغرافیا","جغرافیا","مفاهیم جغرافیا","مفاهیم پایه","درک مفهومی","متوسط","کدام عامل مستقیماً بر شکل‌گیری بسیاری از پدیده‌های آب‌وهوایی اثر دارد؟","دما و فشار هوا","املای واژه‌ها","ساختار سلول","تعداد صفحات کتاب","A","تغییرات دما و فشار از عوامل مهم در پدیده‌های جوی هستند.","ترنم همدلی","original","1405"
"دهم","انسانی","جغرافیا","جغرافیا","مفاهیم جغرافیا","مفاهیم پایه","درک مفهومی","متوسط","جغرافیا بیشتر به چه چیزی می‌پردازد؟","رابطه انسان و محیط و پراکندگی پدیده‌ها","ساختار واژه‌ها","واکنش‌های شیمیایی","قواعد ضرب","A","جغرافیا پراکندگی پدیده‌ها و رابطه انسان و محیط را بررسی می‌کند.","ترنم همدلی","original","1405"
"دهم","انسانی","جغرافیا","جغرافیا","مفاهیم جغرافیا","مفاهیم پایه","درک مفهومی","آسان","مقیاس نقشه چه رابطه‌ای را نشان می‌دهد؟","رابطه فاصله روی نقشه با فاصله واقعی","رابطه دما با فشار","رابطه جرم با حجم","رابطه واژه با معنا","A","مقیاس نسبت فاصله روی نقشه به فاصله واقعی را بیان می‌کند.","ترنم همدلی","original","1405"
"دهم","انسانی","جغرافیا","جغرافیا","مفاهیم جغرافیا","مفاهیم پایه","درک مفهومی","متوسط","کدام عامل مستقیماً بر شکل‌گیری بسیاری از پدیده‌های آب‌وهوایی اثر دارد؟","دما و فشار هوا","املای واژه‌ها","ساختار سلول","تعداد صفحات کتاب","A","تغییرات دما و فشار از عوامل مهم در پدیده‌های جوی هستند.","ترنم همدلی","original","1405"
"دهم","انسانی","جغرافیا","جغرافیا","مفاهیم جغرافیا","مفاهیم پایه","درک مفهومی","متوسط","جغرافیا بیشتر به چه چیزی می‌پردازد؟","رابطه انسان و محیط و پراکندگی پدیده‌ها","ساختار واژه‌ها","واکنش‌های شیمیایی","قواعد ضرب","A","جغرافیا پراکندگی پدیده‌ها و رابطه انسان و محیط را بررسی می‌کند.","ترنم همدلی","original","1405"
"دهم","انسانی","جغرافیا","جغرافیا","مفاهیم جغرافیا","مفاهیم پایه","درک مفهومی","آسان","مقیاس نقشه چه رابطه‌ای را نشان می‌دهد؟","رابطه فاصله روی نقشه با فاصله واقعی","رابطه دما با فشار","رابطه جرم با حجم","رابطه واژه با معنا","A","مقیاس نسبت فاصله روی نقشه به فاصله واقعی را بیان می‌کند.","ترنم همدلی","original","1405"
"دهم","انسانی","جغرافیا","جغرافیا","مفاهیم جغرافیا","مفاهیم پایه","درک مفهومی","متوسط","کدام عامل مستقیماً بر شکل‌گیری بسیاری از پدیده‌های آب‌وهوایی اثر دارد؟","دما و فشار هوا","املای واژه‌ها","ساختار سلول","تعداد صفحات کتاب","A","تغییرات دما و فشار از عوامل مهم در پدیده‌های جوی هستند.","ترنم همدلی","original","1405"
"دهم","انسانی","جغرافیا","جغرافیا","مفاهیم جغرافیا","مفاهیم پایه","درک مفهومی","متوسط","جغرافیا بیشتر به چه چیزی می‌پردازد؟","رابطه انسان و محیط و پراکندگی پدیده‌ها","ساختار واژه‌ها","واکنش‌های شیمیایی","قواعد ضرب","A","جغرافیا پراکندگی پدیده‌ها و رابطه انسان و محیط را بررسی می‌کند.","ترنم همدلی","original","1405"
"دهم","انسانی","جغرافیا","جغرافیا","مفاهیم جغرافیا","مفاهیم پایه","درک مفهومی","آسان","مقیاس نقشه چه رابطه‌ای را نشان می‌دهد؟","رابطه فاصله روی نقشه با فاصله واقعی","رابطه دما با فشار","رابطه جرم با حجم","رابطه واژه با معنا","A","مقیاس نسبت فاصله روی نقشه به فاصله واقعی را بیان می‌کند.","ترنم همدلی","original","1405"
"دهم","انسانی","جغرافیا","جغرافیا","مفاهیم جغرافیا","مفاهیم پایه","درک مفهومی","متوسط","کدام عامل مستقیماً بر شکل‌گیری بسیاری از پدیده‌های آب‌وهوایی اثر دارد؟","دما و فشار هوا","املای واژه‌ها","ساختار سلول","تعداد صفحات کتاب","A","تغییرات دما و فشار از عوامل مهم در پدیده‌های جوی هستند.","ترنم همدلی","original","1405"
"دهم","انسانی","جغرافیا","جغرافیا","مفاهیم جغرافیا","مفاهیم پایه","درک مفهومی","متوسط","جغرافیا بیشتر به چه چیزی می‌پردازد؟","رابطه انسان و محیط و پراکندگی پدیده‌ها","ساختار واژه‌ها","واکنش‌های شیمیایی","قواعد ضرب","A","جغرافیا پراکندگی پدیده‌ها و رابطه انسان و محیط را بررسی می‌کند.","ترنم همدلی","original","1405"
"دهم","انسانی","جغرافیا","جغرافیا","مفاهیم جغرافیا","مفاهیم پایه","درک مفهومی","آسان","مقیاس نقشه چه رابطه‌ای را نشان می‌دهد؟","رابطه فاصله روی نقشه با فاصله واقعی","رابطه دما با فشار","رابطه جرم با حجم","رابطه واژه با معنا","A","مقیاس نسبت فاصله روی نقشه به فاصله واقعی را بیان می‌کند.","ترنم همدلی","original","1405"
"دهم","انسانی","جغرافیا","جغرافیا","مفاهیم جغرافیا","مفاهیم پایه","درک مفهومی","متوسط","کدام عامل مستقیماً بر شکل‌گیری بسیاری از پدیده‌های آب‌وهوایی اثر دارد؟","دما و فشار هوا","املای واژه‌ها","ساختار سلول","تعداد صفحات کتاب","A","تغییرات دما و فشار از عوامل مهم در پدیده‌های جوی هستند.","ترنم همدلی","original","1405"
"دهم","انسانی","جغرافیا","جغرافیا","مفاهیم جغرافیا","مفاهیم پایه","درک مفهومی","متوسط","جغرافیا بیشتر به چه چیزی می‌پردازد؟","رابطه انسان و محیط و پراکندگی پدیده‌ها","ساختار واژه‌ها","واکنش‌های شیمیایی","قواعد ضرب","A","جغرافیا پراکندگی پدیده‌ها و رابطه انسان و محیط را بررسی می‌کند.","ترنم همدلی","original","1405"
"دهم","انسانی","جغرافیا","جغرافیا","مفاهیم جغرافیا","مفاهیم پایه","درک مفهومی","آسان","مقیاس نقشه چه رابطه‌ای را نشان می‌دهد؟","رابطه فاصله روی نقشه با فاصله واقعی","رابطه دما با فشار","رابطه جرم با حجم","رابطه واژه با معنا","A","مقیاس نسبت فاصله روی نقشه به فاصله واقعی را بیان می‌کند.","ترنم همدلی","original","1405"
"دهم","انسانی","جغرافیا","جغرافیا","مفاهیم جغرافیا","مفاهیم پایه","درک مفهومی","متوسط","کدام عامل مستقیماً بر شکل‌گیری بسیاری از پدیده‌های آب‌وهوایی اثر دارد؟","دما و فشار هوا","املای واژه‌ها","ساختار سلول","تعداد صفحات کتاب","A","تغییرات دما و فشار از عوامل مهم در پدیده‌های جوی هستند.","ترنم همدلی","original","1405"
"دهم","انسانی","جغرافیا","جغرافیا","مفاهیم جغرافیا","مفاهیم پایه","درک مفهومی","متوسط","جغرافیا بیشتر به چه چیزی می‌پردازد؟","رابطه انسان و محیط و پراکندگی پدیده‌ها","ساختار واژه‌ها","واکنش‌های شیمیایی","قواعد ضرب","A","جغرافیا پراکندگی پدیده‌ها و رابطه انسان و محیط را بررسی می‌کند.","ترنم همدلی","original","1405"
"دهم","انسانی","جغرافیا","جغرافیا","مفاهیم جغرافیا","مفاهیم پایه","درک مفهومی","آسان","مقیاس نقشه چه رابطه‌ای را نشان می‌دهد؟","رابطه فاصله روی نقشه با فاصله واقعی","رابطه دما با فشار","رابطه جرم با حجم","رابطه واژه با معنا","A","مقیاس نسبت فاصله روی نقشه به فاصله واقعی را بیان می‌کند.","ترنم همدلی","original","1405"
"دهم","انسانی","جغرافیا","جغرافیا","مفاهیم جغرافیا","مفاهیم پایه","درک مفهومی","متوسط","کدام عامل مستقیماً بر شکل‌گیری بسیاری از پدیده‌های آب‌وهوایی اثر دارد؟","دما و فشار هوا","املای واژه‌ها","ساختار سلول","تعداد صفحات کتاب","A","تغییرات دما و فشار از عوامل مهم در پدیده‌های جوی هستند.","ترنم همدلی","original","1405"
"دهم","انسانی","جغرافیا","جغرافیا","مفاهیم جغرافیا","مفاهیم پایه","درک مفهومی","متوسط","جغرافیا بیشتر به چه چیزی می‌پردازد؟","رابطه انسان و محیط و پراکندگی پدیده‌ها","ساختار واژه‌ها","واکنش‌های شیمیایی","قواعد ضرب","A","جغرافیا پراکندگی پدیده‌ها و رابطه انسان و محیط را بررسی می‌کند.","ترنم همدلی","original","1405"
"دهم","انسانی","جغرافیا","جغرافیا","مفاهیم جغرافیا","مفاهیم پایه","درک مفهومی","آسان","مقیاس نقشه چه رابطه‌ای را نشان می‌دهد؟","رابطه فاصله روی نقشه با فاصله واقعی","رابطه دما با فشار","رابطه جرم با حجم","رابطه واژه با معنا","A","مقیاس نسبت فاصله روی نقشه به فاصله واقعی را بیان می‌کند.","ترنم همدلی","original","1405"
"دهم","انسانی","جغرافیا","جغرافیا","مفاهیم جغرافیا","مفاهیم پایه","درک مفهومی","متوسط","کدام عامل مستقیماً بر شکل‌گیری بسیاری از پدیده‌های آب‌وهوایی اثر دارد؟","دما و فشار هوا","املای واژه‌ها","ساختار سلول","تعداد صفحات کتاب","A","تغییرات دما و فشار از عوامل مهم در پدیده‌های جوی هستند.","ترنم همدلی","original","1405"
"دهم","انسانی","جغرافیا","جغرافیا","مفاهیم جغرافیا","مفاهیم پایه","درک مفهومی","متوسط","جغرافیا بیشتر به چه چیزی می‌پردازد؟","رابطه انسان و محیط و پراکندگی پدیده‌ها","ساختار واژه‌ها","واکنش‌های شیمیایی","قواعد ضرب","A","جغرافیا پراکندگی پدیده‌ها و رابطه انسان و محیط را بررسی می‌کند.","ترنم همدلی","original","1405"
"دهم","انسانی","جغرافیا","جغرافیا","مفاهیم جغرافیا","مفاهیم پایه","درک مفهومی","آسان","مقیاس نقشه چه رابطه‌ای را نشان می‌دهد؟","رابطه فاصله روی نقشه با فاصله واقعی","رابطه دما با فشار","رابطه جرم با حجم","رابطه واژه با معنا","A","مقیاس نسبت فاصله روی نقشه به فاصله واقعی را بیان می‌کند.","ترنم همدلی","original","1405"
"دهم","انسانی","جغرافیا","جغرافیا","مفاهیم جغرافیا","مفاهیم پایه","درک مفهومی","متوسط","کدام عامل مستقیماً بر شکل‌گیری بسیاری از پدیده‌های آب‌وهوایی اثر دارد؟","دما و فشار هوا","املای واژه‌ها","ساختار سلول","تعداد صفحات کتاب","A","تغییرات دما و فشار از عوامل مهم در پدیده‌های جوی هستند.","ترنم همدلی","original","1405"
"دهم","انسانی","جغرافیا","جغرافیا","مفاهیم جغرافیا","مفاهیم پایه","درک مفهومی","متوسط","جغرافیا بیشتر به چه چیزی می‌پردازد؟","رابطه انسان و محیط و پراکندگی پدیده‌ها","ساختار واژه‌ها","واکنش‌های شیمیایی","قواعد ضرب","A","جغرافیا پراکندگی پدیده‌ها و رابطه انسان و محیط را بررسی می‌کند.","ترنم همدلی","original","1405"
"دهم","انسانی","جغرافیا","جغرافیا","مفاهیم جغرافیا","مفاهیم پایه","درک مفهومی","آسان","مقیاس نقشه چه رابطه‌ای را نشان می‌دهد؟","رابطه فاصله روی نقشه با فاصله واقعی","رابطه دما با فشار","رابطه جرم با حجم","رابطه واژه با معنا","A","مقیاس نسبت فاصله روی نقشه به فاصله واقعی را بیان می‌کند.","ترنم همدلی","original","1405"
"دهم","انسانی","جغرافیا","جغرافیا","مفاهیم جغرافیا","مفاهیم پایه","درک مفهومی","متوسط","کدام عامل مستقیماً بر شکل‌گیری بسیاری از پدیده‌های آب‌وهوایی اثر دارد؟","دما و فشار هوا","املای واژه‌ها","ساختار سلول","تعداد صفحات کتاب","A","تغییرات دما و فشار از عوامل مهم در پدیده‌های جوی هستند.","ترنم همدلی","original","1405"
"دهم","انسانی","جغرافیا","جغرافیا","مفاهیم جغرافیا","مفاهیم پایه","درک مفهومی","متوسط","جغرافیا بیشتر به چه چیزی می‌پردازد؟","رابطه انسان و محیط و پراکندگی پدیده‌ها","ساختار واژه‌ها","واکنش‌های شیمیایی","قواعد ضرب","A","جغرافیا پراکندگی پدیده‌ها و رابطه انسان و محیط را بررسی می‌کند.","ترنم همدلی","original","1405"
"دهم","انسانی","جغرافیا","جغرافیا","مفاهیم جغرافیا","مفاهیم پایه","درک مفهومی","آسان","مقیاس نقشه چه رابطه‌ای را نشان می‌دهد؟","رابطه فاصله روی نقشه با فاصله واقعی","رابطه دما با فشار","رابطه جرم با حجم","رابطه واژه با معنا","A","مقیاس نسبت فاصله روی نقشه به فاصله واقعی را بیان می‌کند.","ترنم همدلی","original","1405"
"دهم","انسانی","جغرافیا","جغرافیا","مفاهیم جغرافیا","مفاهیم پایه","درک مفهومی","متوسط","کدام عامل مستقیماً بر شکل‌گیری بسیاری از پدیده‌های آب‌وهوایی اثر دارد؟","دما و فشار هوا","املای واژه‌ها","ساختار سلول","تعداد صفحات کتاب","A","تغییرات دما و فشار از عوامل مهم در پدیده‌های جوی هستند.","ترنم همدلی","original","1405"
"دهم","انسانی","جغرافیا","جغرافیا","مفاهیم جغرافیا","مفاهیم پایه","درک مفهومی","متوسط","جغرافیا بیشتر به چه چیزی می‌پردازد؟","رابطه انسان و محیط و پراکندگی پدیده‌ها","ساختار واژه‌ها","واکنش‌های شیمیایی","قواعد ضرب","A","جغرافیا پراکندگی پدیده‌ها و رابطه انسان و محیط را بررسی می‌کند.","ترنم همدلی","original","1405"
"دهم","انسانی","جغرافیا","جغرافیا","مفاهیم جغرافیا","مفاهیم پایه","درک مفهومی","آسان","مقیاس نقشه چه رابطه‌ای را نشان می‌دهد؟","رابطه فاصله روی نقشه با فاصله واقعی","رابطه دما با فشار","رابطه جرم با حجم","رابطه واژه با معنا","A","مقیاس نسبت فاصله روی نقشه به فاصله واقعی را بیان می‌کند.","ترنم همدلی","original","1405"
"دهم","انسانی","جغرافیا","جغرافیا","مفاهیم جغرافیا","مفاهیم پایه","درک مفهومی","متوسط","کدام عامل مستقیماً بر شکل‌گیری بسیاری از پدیده‌های آب‌وهوایی اثر دارد؟","دما و فشار هوا","املای واژه‌ها","ساختار سلول","تعداد صفحات کتاب","A","تغییرات دما و فشار از عوامل مهم در پدیده‌های جوی هستند.","ترنم همدلی","original","1405"
"دهم","انسانی","جغرافیا","جغرافیا","مفاهیم جغرافیا","مفاهیم پایه","درک مفهومی","متوسط","جغرافیا بیشتر به چه چیزی می‌پردازد؟","رابطه انسان و محیط و پراکندگی پدیده‌ها","ساختار واژه‌ها","واکنش‌های شیمیایی","قواعد ضرب","A","جغرافیا پراکندگی پدیده‌ها و رابطه انسان و محیط را بررسی می‌کند.","ترنم همدلی","original","1405"
"دهم","انسانی","جغرافیا","جغرافیا","مفاهیم جغرافیا","مفاهیم پایه","درک مفهومی","آسان","مقیاس نقشه چه رابطه‌ای را نشان می‌دهد؟","رابطه فاصله روی نقشه با فاصله واقعی","رابطه دما با فشار","رابطه جرم با حجم","رابطه واژه با معنا","A","مقیاس نسبت فاصله روی نقشه به فاصله واقعی را بیان می‌کند.","ترنم همدلی","original","1405"
"دهم","انسانی","جغرافیا","جغرافیا","مفاهیم جغرافیا","مفاهیم پایه","درک مفهومی","متوسط","کدام عامل مستقیماً بر شکل‌گیری بسیاری از پدیده‌های آب‌وهوایی اثر دارد؟","دما و فشار هوا","املای واژه‌ها","ساختار سلول","تعداد صفحات کتاب","A","تغییرات دما و فشار از عوامل مهم در پدیده‌های جوی هستند.","ترنم همدلی","original","1405"
"دهم","انسانی","جغرافیا","جغرافیا","مفاهیم جغرافیا","مفاهیم پایه","درک مفهومی","متوسط","جغرافیا بیشتر به چه چیزی می‌پردازد؟","رابطه انسان و محیط و پراکندگی پدیده‌ها","ساختار واژه‌ها","واکنش‌های شیمیایی","قواعد ضرب","A","جغرافیا پراکندگی پدیده‌ها و رابطه انسان و محیط را بررسی می‌کند.","ترنم همدلی","original","1405"
"دهم","انسانی","جغرافیا","جغرافیا","مفاهیم جغرافیا","مفاهیم پایه","درک مفهومی","آسان","مقیاس نقشه چه رابطه‌ای را نشان می‌دهد؟","رابطه فاصله روی نقشه با فاصله واقعی","رابطه دما با فشار","رابطه جرم با حجم","رابطه واژه با معنا","A","مقیاس نسبت فاصله روی نقشه به فاصله واقعی را بیان می‌کند.","ترنم همدلی","original","1405"
"دهم","انسانی","جغرافیا","جغرافیا","مفاهیم جغرافیا","مفاهیم پایه","درک مفهومی","متوسط","کدام عامل مستقیماً بر شکل‌گیری بسیاری از پدیده‌های آب‌وهوایی اثر دارد؟","دما و فشار هوا","املای واژه‌ها","ساختار سلول","تعداد صفحات کتاب","A","تغییرات دما و فشار از عوامل مهم در پدیده‌های جوی هستند.","ترنم همدلی","original","1405"
"دهم","انسانی","جغرافیا","جغرافیا","مفاهیم جغرافیا","مفاهیم پایه","درک مفهومی","متوسط","جغرافیا بیشتر به چه چیزی می‌پردازد؟","رابطه انسان و محیط و پراکندگی پدیده‌ها","ساختار واژه‌ها","واکنش‌های شیمیایی","قواعد ضرب","A","جغرافیا پراکندگی پدیده‌ها و رابطه انسان و محیط را بررسی می‌کند.","ترنم همدلی","original","1405"
"دهم","انسانی","جغرافیا","جغرافیا","مفاهیم جغرافیا","مفاهیم پایه","درک مفهومی","آسان","مقیاس نقشه چه رابطه‌ای را نشان می‌دهد؟","رابطه فاصله روی نقشه با فاصله واقعی","رابطه دما با فشار","رابطه جرم با حجم","رابطه واژه با معنا","A","مقیاس نسبت فاصله روی نقشه به فاصله واقعی را بیان می‌کند.","ترنم همدلی","original","1405"
"دهم","انسانی","جغرافیا","جغرافیا","مفاهیم جغرافیا","مفاهیم پایه","درک مفهومی","متوسط","کدام عامل مستقیماً بر شکل‌گیری بسیاری از پدیده‌های آب‌وهوایی اثر دارد؟","دما و فشار هوا","املای واژه‌ها","ساختار سلول","تعداد صفحات کتاب","A","تغییرات دما و فشار از عوامل مهم در پدیده‌های جوی هستند.","ترنم همدلی","original","1405"
"دهم","انسانی","جغرافیا","جغرافیا","مفاهیم جغرافیا","مفاهیم پایه","درک مفهومی","متوسط","جغرافیا بیشتر به چه چیزی می‌پردازد؟","رابطه انسان و محیط و پراکندگی پدیده‌ها","ساختار واژه‌ها","واکنش‌های شیمیایی","قواعد ضرب","A","جغرافیا پراکندگی پدیده‌ها و رابطه انسان و محیط را بررسی می‌کند.","ترنم همدلی","original","1405"
"دهم","انسانی","جغرافیا","جغرافیا","مفاهیم جغرافیا","مفاهیم پایه","درک مفهومی","آسان","مقیاس نقشه چه رابطه‌ای را نشان می‌دهد؟","رابطه فاصله روی نقشه با فاصله واقعی","رابطه دما با فشار","رابطه جرم با حجم","رابطه واژه با معنا","A","مقیاس نسبت فاصله روی نقشه به فاصله واقعی را بیان می‌کند.","ترنم همدلی","original","1405"
"دهم","انسانی","جغرافیا","جغرافیا","مفاهیم جغرافیا","مفاهیم پایه","درک مفهومی","متوسط","کدام عامل مستقیماً بر شکل‌گیری بسیاری از پدیده‌های آب‌وهوایی اثر دارد؟","دما و فشار هوا","املای واژه‌ها","ساختار سلول","تعداد صفحات کتاب","A","تغییرات دما و فشار از عوامل مهم در پدیده‌های جوی هستند.","ترنم همدلی","original","1405"
"دهم","انسانی","جغرافیا","جغرافیا","مفاهیم جغرافیا","مفاهیم پایه","درک مفهومی","متوسط","جغرافیا بیشتر به چه چیزی می‌پردازد؟","رابطه انسان و محیط و پراکندگی پدیده‌ها","ساختار واژه‌ها","واکنش‌های شیمیایی","قواعد ضرب","A","جغرافیا پراکندگی پدیده‌ها و رابطه انسان و محیط را بررسی می‌کند.","ترنم همدلی","original","1405"
"دهم","انسانی","جغرافیا","جغرافیا","مفاهیم جغرافیا","مفاهیم پایه","درک مفهومی","آسان","مقیاس نقشه چه رابطه‌ای را نشان می‌دهد؟","رابطه فاصله روی نقشه با فاصله واقعی","رابطه دما با فشار","رابطه جرم با حجم","رابطه واژه با معنا","A","مقیاس نسبت فاصله روی نقشه به فاصله واقعی را بیان می‌کند.","ترنم همدلی","original","1405"
"دهم","انسانی","جغرافیا","جغرافیا","مفاهیم جغرافیا","مفاهیم پایه","درک مفهومی","متوسط","کدام عامل مستقیماً بر شکل‌گیری بسیاری از پدیده‌های آب‌وهوایی اثر دارد؟","دما و فشار هوا","املای واژه‌ها","ساختار سلول","تعداد صفحات کتاب","A","تغییرات دما و فشار از عوامل مهم در پدیده‌های جوی هستند.","ترنم همدلی","original","1405"
"دهم","انسانی","جغرافیا","جغرافیا","مفاهیم جغرافیا","مفاهیم پایه","درک مفهومی","متوسط","جغرافیا بیشتر به چه چیزی می‌پردازد؟","رابطه انسان و محیط و پراکندگی پدیده‌ها","ساختار واژه‌ها","واکنش‌های شیمیایی","قواعد ضرب","A","جغرافیا پراکندگی پدیده‌ها و رابطه انسان و محیط را بررسی می‌کند.","ترنم همدلی","original","1405"
"دهم","انسانی","جغرافیا","جغرافیا","مفاهیم جغرافیا","مفاهیم پایه","درک مفهومی","آسان","مقیاس نقشه چه رابطه‌ای را نشان می‌دهد؟","رابطه فاصله روی نقشه با فاصله واقعی","رابطه دما با فشار","رابطه جرم با حجم","رابطه واژه با معنا","A","مقیاس نسبت فاصله روی نقشه به فاصله واقعی را بیان می‌کند.","ترنم همدلی","original","1405"
"دهم","انسانی","جغرافیا","جغرافیا","مفاهیم جغرافیا","مفاهیم پایه","درک مفهومی","متوسط","کدام عامل مستقیماً بر شکل‌گیری بسیاری از پدیده‌های آب‌وهوایی اثر دارد؟","دما و فشار هوا","املای واژه‌ها","ساختار سلول","تعداد صفحات کتاب","A","تغییرات دما و فشار از عوامل مهم در پدیده‌های جوی هستند.","ترنم همدلی","original","1405"
"دهم","انسانی","جغرافیا","جغرافیا","مفاهیم جغرافیا","مفاهیم پایه","درک مفهومی","متوسط","جغرافیا بیشتر به چه چیزی می‌پردازد؟","رابطه انسان و محیط و پراکندگی پدیده‌ها","ساختار واژه‌ها","واکنش‌های شیمیایی","قواعد ضرب","A","جغرافیا پراکندگی پدیده‌ها و رابطه انسان و محیط را بررسی می‌کند.","ترنم همدلی","original","1405"
"دهم","انسانی","جغرافیا","جغرافیا","مفاهیم جغرافیا","مفاهیم پایه","درک مفهومی","آسان","مقیاس نقشه چه رابطه‌ای را نشان می‌دهد؟","رابطه فاصله روی نقشه با فاصله واقعی","رابطه دما با فشار","رابطه جرم با حجم","رابطه واژه با معنا","A","مقیاس نسبت فاصله روی نقشه به فاصله واقعی را بیان می‌کند.","ترنم همدلی","original","1405"
"دهم","انسانی","جغرافیا","جغرافیا","مفاهیم جغرافیا","مفاهیم پایه","درک مفهومی","متوسط","کدام عامل مستقیماً بر شکل‌گیری بسیاری از پدیده‌های آب‌وهوایی اثر دارد؟","دما و فشار هوا","املای واژه‌ها","ساختار سلول","تعداد صفحات کتاب","A","تغییرات دما و فشار از عوامل مهم در پدیده‌های جوی هستند.","ترنم همدلی","original","1405"
"دهم","انسانی","جغرافیا","جغرافیا","مفاهیم جغرافیا","مفاهیم پایه","درک مفهومی","متوسط","جغرافیا بیشتر به چه چیزی می‌پردازد؟","رابطه انسان و محیط و پراکندگی پدیده‌ها","ساختار واژه‌ها","واکنش‌های شیمیایی","قواعد ضرب","A","جغرافیا پراکندگی پدیده‌ها و رابطه انسان و محیط را بررسی می‌کند.","ترنم همدلی","original","1405"
"دهم","انسانی","جغرافیا","جغرافیا","مفاهیم جغرافیا","مفاهیم پایه","درک مفهومی","آسان","مقیاس نقشه چه رابطه‌ای را نشان می‌دهد؟","رابطه فاصله روی نقشه با فاصله واقعی","رابطه دما با فشار","رابطه جرم با حجم","رابطه واژه با معنا","A","مقیاس نسبت فاصله روی نقشه به فاصله واقعی را بیان می‌کند.","ترنم همدلی","original","1405"
"دهم","انسانی","جغرافیا","جغرافیا","مفاهیم جغرافیا","مفاهیم پایه","درک مفهومی","متوسط","کدام عامل مستقیماً بر شکل‌گیری بسیاری از پدیده‌های آب‌وهوایی اثر دارد؟","دما و فشار هوا","املای واژه‌ها","ساختار سلول","تعداد صفحات کتاب","A","تغییرات دما و فشار از عوامل مهم در پدیده‌های جوی هستند.","ترنم همدلی","original","1405"
"دهم","انسانی","جغرافیا","جغرافیا","مفاهیم جغرافیا","مفاهیم پایه","درک مفهومی","متوسط","جغرافیا بیشتر به چه چیزی می‌پردازد؟","رابطه انسان و محیط و پراکندگی پدیده‌ها","ساختار واژه‌ها","واکنش‌های شیمیایی","قواعد ضرب","A","جغرافیا پراکندگی پدیده‌ها و رابطه انسان و محیط را بررسی می‌کند.","ترنم همدلی","original","1405"
"دهم","انسانی","جغرافیا","جغرافیا","مفاهیم جغرافیا","مفاهیم پایه","درک مفهومی","آسان","مقیاس نقشه چه رابطه‌ای را نشان می‌دهد؟","رابطه فاصله روی نقشه با فاصله واقعی","رابطه دما با فشار","رابطه جرم با حجم","رابطه واژه با معنا","A","مقیاس نسبت فاصله روی نقشه به فاصله واقعی را بیان می‌کند.","ترنم همدلی","original","1405"
"دهم","انسانی","جغرافیا","جغرافیا","مفاهیم جغرافیا","مفاهیم پایه","درک مفهومی","متوسط","کدام عامل مستقیماً بر شکل‌گیری بسیاری از پدیده‌های آب‌وهوایی اثر دارد؟","دما و فشار هوا","املای واژه‌ها","ساختار سلول","تعداد صفحات کتاب","A","تغییرات دما و فشار از عوامل مهم در پدیده‌های جوی هستند.","ترنم همدلی","original","1405"
"دهم","انسانی","جغرافیا","جغرافیا","مفاهیم جغرافیا","مفاهیم پایه","درک مفهومی","متوسط","جغرافیا بیشتر به چه چیزی می‌پردازد؟","رابطه انسان و محیط و پراکندگی پدیده‌ها","ساختار واژه‌ها","واکنش‌های شیمیایی","قواعد ضرب","A","جغرافیا پراکندگی پدیده‌ها و رابطه انسان و محیط را بررسی می‌کند.","ترنم همدلی","original","1405"
"دهم","انسانی","جغرافیا","جغرافیا","مفاهیم جغرافیا","مفاهیم پایه","درک مفهومی","آسان","مقیاس نقشه چه رابطه‌ای را نشان می‌دهد؟","رابطه فاصله روی نقشه با فاصله واقعی","رابطه دما با فشار","رابطه جرم با حجم","رابطه واژه با معنا","A","مقیاس نسبت فاصله روی نقشه به فاصله واقعی را بیان می‌کند.","ترنم همدلی","original","1405"
"دهم","انسانی","جغرافیا","جغرافیا","مفاهیم جغرافیا","مفاهیم پایه","درک مفهومی","متوسط","کدام عامل مستقیماً بر شکل‌گیری بسیاری از پدیده‌های آب‌وهوایی اثر دارد؟","دما و فشار هوا","املای واژه‌ها","ساختار سلول","تعداد صفحات کتاب","A","تغییرات دما و فشار از عوامل مهم در پدیده‌های جوی هستند.","ترنم همدلی","original","1405"
"دهم","انسانی","جغرافیا","جغرافیا","مفاهیم جغرافیا","مفاهیم پایه","درک مفهومی","متوسط","جغرافیا بیشتر به چه چیزی می‌پردازد؟","رابطه انسان و محیط و پراکندگی پدیده‌ها","ساختار واژه‌ها","واکنش‌های شیمیایی","قواعد ضرب","A","جغرافیا پراکندگی پدیده‌ها و رابطه انسان و محیط را بررسی می‌کند.","ترنم همدلی","original","1405"
"دهم","انسانی","جغرافیا","جغرافیا","مفاهیم جغرافیا","مفاهیم پایه","درک مفهومی","آسان","مقیاس نقشه چه رابطه‌ای را نشان می‌دهد؟","رابطه فاصله روی نقشه با فاصله واقعی","رابطه دما با فشار","رابطه جرم با حجم","رابطه واژه با معنا","A","مقیاس نسبت فاصله روی نقشه به فاصله واقعی را بیان می‌کند.","ترنم همدلی","original","1405"
"دهم","انسانی","جغرافیا","جغرافیا","مفاهیم جغرافیا","مفاهیم پایه","درک مفهومی","متوسط","کدام عامل مستقیماً بر شکل‌گیری بسیاری از پدیده‌های آب‌وهوایی اثر دارد؟","دما و فشار هوا","املای واژه‌ها","ساختار سلول","تعداد صفحات کتاب","A","تغییرات دما و فشار از عوامل مهم در پدیده‌های جوی هستند.","ترنم همدلی","original","1405"
"دهم","انسانی","جغرافیا","جغرافیا","مفاهیم جغرافیا","مفاهیم پایه","درک مفهومی","متوسط","جغرافیا بیشتر به چه چیزی می‌پردازد؟","رابطه انسان و محیط و پراکندگی پدیده‌ها","ساختار واژه‌ها","واکنش‌های شیمیایی","قواعد ضرب","A","جغرافیا پراکندگی پدیده‌ها و رابطه انسان و محیط را بررسی می‌کند.","ترنم همدلی","original","1405"
"دهم","انسانی","جغرافیا","جغرافیا","مفاهیم جغرافیا","مفاهیم پایه","درک مفهومی","آسان","مقیاس نقشه چه رابطه‌ای را نشان می‌دهد؟","رابطه فاصله روی نقشه با فاصله واقعی","رابطه دما با فشار","رابطه جرم با حجم","رابطه واژه با معنا","A","مقیاس نسبت فاصله روی نقشه به فاصله واقعی را بیان می‌کند.","ترنم همدلی","original","1405"
"یازدهم","انسانی","جغرافیا","جغرافیا","مفاهیم جغرافیا","مفاهیم پایه","درک مفهومی","آسان","مقیاس نقشه چه رابطه‌ای را نشان می‌دهد؟","رابطه فاصله روی نقشه با فاصله واقعی","رابطه دما با فشار","رابطه جرم با حجم","رابطه واژه با معنا","A","مقیاس نسبت فاصله روی نقشه به فاصله واقعی را بیان می‌کند.","ترنم همدلی","original","1405"
"یازدهم","انسانی","جغرافیا","جغرافیا","مفاهیم جغرافیا","مفاهیم پایه","درک مفهومی","متوسط","کدام عامل مستقیماً بر شکل‌گیری بسیاری از پدیده‌های آب‌وهوایی اثر دارد؟","دما و فشار هوا","املای واژه‌ها","ساختار سلول","تعداد صفحات کتاب","A","تغییرات دما و فشار از عوامل مهم در پدیده‌های جوی هستند.","ترنم همدلی","original","1405"
"یازدهم","انسانی","جغرافیا","جغرافیا","مفاهیم جغرافیا","مفاهیم پایه","درک مفهومی","متوسط","جغرافیا بیشتر به چه چیزی می‌پردازد؟","رابطه انسان و محیط و پراکندگی پدیده‌ها","ساختار واژه‌ها","واکنش‌های شیمیایی","قواعد ضرب","A","جغرافیا پراکندگی پدیده‌ها و رابطه انسان و محیط را بررسی می‌کند.","ترنم همدلی","original","1405"
"یازدهم","انسانی","جغرافیا","جغرافیا","مفاهیم جغرافیا","مفاهیم پایه","درک مفهومی","آسان","مقیاس نقشه چه رابطه‌ای را نشان می‌دهد؟","رابطه فاصله روی نقشه با فاصله واقعی","رابطه دما با فشار","رابطه جرم با حجم","رابطه واژه با معنا","A","مقیاس نسبت فاصله روی نقشه به فاصله واقعی را بیان می‌کند.","ترنم همدلی","original","1405"
"یازدهم","انسانی","جغرافیا","جغرافیا","مفاهیم جغرافیا","مفاهیم پایه","درک مفهومی","متوسط","کدام عامل مستقیماً بر شکل‌گیری بسیاری از پدیده‌های آب‌وهوایی اثر دارد؟","دما و فشار هوا","املای واژه‌ها","ساختار سلول","تعداد صفحات کتاب","A","تغییرات دما و فشار از عوامل مهم در پدیده‌های جوی هستند.","ترنم همدلی","original","1405"
"یازدهم","انسانی","جغرافیا","جغرافیا","مفاهیم جغرافیا","مفاهیم پایه","درک مفهومی","متوسط","جغرافیا بیشتر به چه چیزی می‌پردازد؟","رابطه انسان و محیط و پراکندگی پدیده‌ها","ساختار واژه‌ها","واکنش‌های شیمیایی","قواعد ضرب","A","جغرافیا پراکندگی پدیده‌ها و رابطه انسان و محیط را بررسی می‌کند.","ترنم همدلی","original","1405"
"یازدهم","انسانی","جغرافیا","جغرافیا","مفاهیم جغرافیا","مفاهیم پایه","درک مفهومی","آسان","مقیاس نقشه چه رابطه‌ای را نشان می‌دهد؟","رابطه فاصله روی نقشه با فاصله واقعی","رابطه دما با فشار","رابطه جرم با حجم","رابطه واژه با معنا","A","مقیاس نسبت فاصله روی نقشه به فاصله واقعی را بیان می‌کند.","ترنم همدلی","original","1405"
"یازدهم","انسانی","جغرافیا","جغرافیا","مفاهیم جغرافیا","مفاهیم پایه","درک مفهومی","متوسط","کدام عامل مستقیماً بر شکل‌گیری بسیاری از پدیده‌های آب‌وهوایی اثر دارد؟","دما و فشار هوا","املای واژه‌ها","ساختار سلول","تعداد صفحات کتاب","A","تغییرات دما و فشار از عوامل مهم در پدیده‌های جوی هستند.","ترنم همدلی","original","1405"
"یازدهم","انسانی","جغرافیا","جغرافیا","مفاهیم جغرافیا","مفاهیم پایه","درک مفهومی","متوسط","جغرافیا بیشتر به چه چیزی می‌پردازد؟","رابطه انسان و محیط و پراکندگی پدیده‌ها","ساختار واژه‌ها","واکنش‌های شیمیایی","قواعد ضرب","A","جغرافیا پراکندگی پدیده‌ها و رابطه انسان و محیط را بررسی می‌کند.","ترنم همدلی","original","1405"
"یازدهم","انسانی","جغرافیا","جغرافیا","مفاهیم جغرافیا","مفاهیم پایه","درک مفهومی","آسان","مقیاس نقشه چه رابطه‌ای را نشان می‌دهد؟","رابطه فاصله روی نقشه با فاصله واقعی","رابطه دما با فشار","رابطه جرم با حجم","رابطه واژه با معنا","A","مقیاس نسبت فاصله روی نقشه به فاصله واقعی را بیان می‌کند.","ترنم همدلی","original","1405"
"یازدهم","انسانی","جغرافیا","جغرافیا","مفاهیم جغرافیا","مفاهیم پایه","درک مفهومی","متوسط","کدام عامل مستقیماً بر شکل‌گیری بسیاری از پدیده‌های آب‌وهوایی اثر دارد؟","دما و فشار هوا","املای واژه‌ها","ساختار سلول","تعداد صفحات کتاب","A","تغییرات دما و فشار از عوامل مهم در پدیده‌های جوی هستند.","ترنم همدلی","original","1405"
"یازدهم","انسانی","جغرافیا","جغرافیا","مفاهیم جغرافیا","مفاهیم پایه","درک مفهومی","متوسط","جغرافیا بیشتر به چه چیزی می‌پردازد؟","رابطه انسان و محیط و پراکندگی پدیده‌ها","ساختار واژه‌ها","واکنش‌های شیمیایی","قواعد ضرب","A","جغرافیا پراکندگی پدیده‌ها و رابطه انسان و محیط را بررسی می‌کند.","ترنم همدلی","original","1405"
"یازدهم","انسانی","جغرافیا","جغرافیا","مفاهیم جغرافیا","مفاهیم پایه","درک مفهومی","آسان","مقیاس نقشه چه رابطه‌ای را نشان می‌دهد؟","رابطه فاصله روی نقشه با فاصله واقعی","رابطه دما با فشار","رابطه جرم با حجم","رابطه واژه با معنا","A","مقیاس نسبت فاصله روی نقشه به فاصله واقعی را بیان می‌کند.","ترنم همدلی","original","1405"
"یازدهم","انسانی","جغرافیا","جغرافیا","مفاهیم جغرافیا","مفاهیم پایه","درک مفهومی","متوسط","کدام عامل مستقیماً بر شکل‌گیری بسیاری از پدیده‌های آب‌وهوایی اثر دارد؟","دما و فشار هوا","املای واژه‌ها","ساختار سلول","تعداد صفحات کتاب","A","تغییرات دما و فشار از عوامل مهم در پدیده‌های جوی هستند.","ترنم همدلی","original","1405"
"یازدهم","انسانی","جغرافیا","جغرافیا","مفاهیم جغرافیا","مفاهیم پایه","درک مفهومی","متوسط","جغرافیا بیشتر به چه چیزی می‌پردازد؟","رابطه انسان و محیط و پراکندگی پدیده‌ها","ساختار واژه‌ها","واکنش‌های شیمیایی","قواعد ضرب","A","جغرافیا پراکندگی پدیده‌ها و رابطه انسان و محیط را بررسی می‌کند.","ترنم همدلی","original","1405"
"یازدهم","انسانی","جغرافیا","جغرافیا","مفاهیم جغرافیا","مفاهیم پایه","درک مفهومی","آسان","مقیاس نقشه چه رابطه‌ای را نشان می‌دهد؟","رابطه فاصله روی نقشه با فاصله واقعی","رابطه دما با فشار","رابطه جرم با حجم","رابطه واژه با معنا","A","مقیاس نسبت فاصله روی نقشه به فاصله واقعی را بیان می‌کند.","ترنم همدلی","original","1405"
"یازدهم","انسانی","جغرافیا","جغرافیا","مفاهیم جغرافیا","مفاهیم پایه","درک مفهومی","متوسط","کدام عامل مستقیماً بر شکل‌گیری بسیاری از پدیده‌های آب‌وهوایی اثر دارد؟","دما و فشار هوا","املای واژه‌ها","ساختار سلول","تعداد صفحات کتاب","A","تغییرات دما و فشار از عوامل مهم در پدیده‌های جوی هستند.","ترنم همدلی","original","1405"
"یازدهم","انسانی","جغرافیا","جغرافیا","مفاهیم جغرافیا","مفاهیم پایه","درک مفهومی","متوسط","جغرافیا بیشتر به چه چیزی می‌پردازد؟","رابطه انسان و محیط و پراکندگی پدیده‌ها","ساختار واژه‌ها","واکنش‌های شیمیایی","قواعد ضرب","A","جغرافیا پراکندگی پدیده‌ها و رابطه انسان و محیط را بررسی می‌کند.","ترنم همدلی","original","1405"
"یازدهم","انسانی","جغرافیا","جغرافیا","مفاهیم جغرافیا","مفاهیم پایه","درک مفهومی","آسان","مقیاس نقشه چه رابطه‌ای را نشان می‌دهد؟","رابطه فاصله روی نقشه با فاصله واقعی","رابطه دما با فشار","رابطه جرم با حجم","رابطه واژه با معنا","A","مقیاس نسبت فاصله روی نقشه به فاصله واقعی را بیان می‌کند.","ترنم همدلی","original","1405"
"یازدهم","انسانی","جغرافیا","جغرافیا","مفاهیم جغرافیا","مفاهیم پایه","درک مفهومی","متوسط","کدام عامل مستقیماً بر شکل‌گیری بسیاری از پدیده‌های آب‌وهوایی اثر دارد؟","دما و فشار هوا","املای واژه‌ها","ساختار سلول","تعداد صفحات کتاب","A","تغییرات دما و فشار از عوامل مهم در پدیده‌های جوی هستند.","ترنم همدلی","original","1405"
"یازدهم","انسانی","جغرافیا","جغرافیا","مفاهیم جغرافیا","مفاهیم پایه","درک مفهومی","متوسط","جغرافیا بیشتر به چه چیزی می‌پردازد؟","رابطه انسان و محیط و پراکندگی پدیده‌ها","ساختار واژه‌ها","واکنش‌های شیمیایی","قواعد ضرب","A","جغرافیا پراکندگی پدیده‌ها و رابطه انسان و محیط را بررسی می‌کند.","ترنم همدلی","original","1405"
"یازدهم","انسانی","جغرافیا","جغرافیا","مفاهیم جغرافیا","مفاهیم پایه","درک مفهومی","آسان","مقیاس نقشه چه رابطه‌ای را نشان می‌دهد؟","رابطه فاصله روی نقشه با فاصله واقعی","رابطه دما با فشار","رابطه جرم با حجم","رابطه واژه با معنا","A","مقیاس نسبت فاصله روی نقشه به فاصله واقعی را بیان می‌کند.","ترنم همدلی","original","1405"
"یازدهم","انسانی","جغرافیا","جغرافیا","مفاهیم جغرافیا","مفاهیم پایه","درک مفهومی","متوسط","کدام عامل مستقیماً بر شکل‌گیری بسیاری از پدیده‌های آب‌وهوایی اثر دارد؟","دما و فشار هوا","املای واژه‌ها","ساختار سلول","تعداد صفحات کتاب","A","تغییرات دما و فشار از عوامل مهم در پدیده‌های جوی هستند.","ترنم همدلی","original","1405"
"یازدهم","انسانی","جغرافیا","جغرافیا","مفاهیم جغرافیا","مفاهیم پایه","درک مفهومی","متوسط","جغرافیا بیشتر به چه چیزی می‌پردازد؟","رابطه انسان و محیط و پراکندگی پدیده‌ها","ساختار واژه‌ها","واکنش‌های شیمیایی","قواعد ضرب","A","جغرافیا پراکندگی پدیده‌ها و رابطه انسان و محیط را بررسی می‌کند.","ترنم همدلی","original","1405"
"یازدهم","انسانی","جغرافیا","جغرافیا","مفاهیم جغرافیا","مفاهیم پایه","درک مفهومی","آسان","مقیاس نقشه چه رابطه‌ای را نشان می‌دهد؟","رابطه فاصله روی نقشه با فاصله واقعی","رابطه دما با فشار","رابطه جرم با حجم","رابطه واژه با معنا","A","مقیاس نسبت فاصله روی نقشه به فاصله واقعی را بیان می‌کند.","ترنم همدلی","original","1405"
"یازدهم","انسانی","جغرافیا","جغرافیا","مفاهیم جغرافیا","مفاهیم پایه","درک مفهومی","متوسط","کدام عامل مستقیماً بر شکل‌گیری بسیاری از پدیده‌های آب‌وهوایی اثر دارد؟","دما و فشار هوا","املای واژه‌ها","ساختار سلول","تعداد صفحات کتاب","A","تغییرات دما و فشار از عوامل مهم در پدیده‌های جوی هستند.","ترنم همدلی","original","1405"
"یازدهم","انسانی","جغرافیا","جغرافیا","مفاهیم جغرافیا","مفاهیم پایه","درک مفهومی","متوسط","جغرافیا بیشتر به چه چیزی می‌پردازد؟","رابطه انسان و محیط و پراکندگی پدیده‌ها","ساختار واژه‌ها","واکنش‌های شیمیایی","قواعد ضرب","A","جغرافیا پراکندگی پدیده‌ها و رابطه انسان و محیط را بررسی می‌کند.","ترنم همدلی","original","1405"
"یازدهم","انسانی","جغرافیا","جغرافیا","مفاهیم جغرافیا","مفاهیم پایه","درک مفهومی","آسان","مقیاس نقشه چه رابطه‌ای را نشان می‌دهد؟","رابطه فاصله روی نقشه با فاصله واقعی","رابطه دما با فشار","رابطه جرم با حجم","رابطه واژه با معنا","A","مقیاس نسبت فاصله روی نقشه به فاصله واقعی را بیان می‌کند.","ترنم همدلی","original","1405"
"یازدهم","انسانی","جغرافیا","جغرافیا","مفاهیم جغرافیا","مفاهیم پایه","درک مفهومی","متوسط","کدام عامل مستقیماً بر شکل‌گیری بسیاری از پدیده‌های آب‌وهوایی اثر دارد؟","دما و فشار هوا","املای واژه‌ها","ساختار سلول","تعداد صفحات کتاب","A","تغییرات دما و فشار از عوامل مهم در پدیده‌های جوی هستند.","ترنم همدلی","original","1405"
"یازدهم","انسانی","جغرافیا","جغرافیا","مفاهیم جغرافیا","مفاهیم پایه","درک مفهومی","متوسط","جغرافیا بیشتر به چه چیزی می‌پردازد؟","رابطه انسان و محیط و پراکندگی پدیده‌ها","ساختار واژه‌ها","واکنش‌های شیمیایی","قواعد ضرب","A","جغرافیا پراکندگی پدیده‌ها و رابطه انسان و محیط را بررسی می‌کند.","ترنم همدلی","original","1405"
"یازدهم","انسانی","جغرافیا","جغرافیا","مفاهیم جغرافیا","مفاهیم پایه","درک مفهومی","آسان","مقیاس نقشه چه رابطه‌ای را نشان می‌دهد؟","رابطه فاصله روی نقشه با فاصله واقعی","رابطه دما با فشار","رابطه جرم با حجم","رابطه واژه با معنا","A","مقیاس نسبت فاصله روی نقشه به فاصله واقعی را بیان می‌کند.","ترنم همدلی","original","1405"
"یازدهم","انسانی","جغرافیا","جغرافیا","مفاهیم جغرافیا","مفاهیم پایه","درک مفهومی","متوسط","کدام عامل مستقیماً بر شکل‌گیری بسیاری از پدیده‌های آب‌وهوایی اثر دارد؟","دما و فشار هوا","املای واژه‌ها","ساختار سلول","تعداد صفحات کتاب","A","تغییرات دما و فشار از عوامل مهم در پدیده‌های جوی هستند.","ترنم همدلی","original","1405"
"یازدهم","انسانی","جغرافیا","جغرافیا","مفاهیم جغرافیا","مفاهیم پایه","درک مفهومی","متوسط","جغرافیا بیشتر به چه چیزی می‌پردازد؟","رابطه انسان و محیط و پراکندگی پدیده‌ها","ساختار واژه‌ها","واکنش‌های شیمیایی","قواعد ضرب","A","جغرافیا پراکندگی پدیده‌ها و رابطه انسان و محیط را بررسی می‌کند.","ترنم همدلی","original","1405"
"یازدهم","انسانی","جغرافیا","جغرافیا","مفاهیم جغرافیا","مفاهیم پایه","درک مفهومی","آسان","مقیاس نقشه چه رابطه‌ای را نشان می‌دهد؟","رابطه فاصله روی نقشه با فاصله واقعی","رابطه دما با فشار","رابطه جرم با حجم","رابطه واژه با معنا","A","مقیاس نسبت فاصله روی نقشه به فاصله واقعی را بیان می‌کند.","ترنم همدلی","original","1405"
"یازدهم","انسانی","جغرافیا","جغرافیا","مفاهیم جغرافیا","مفاهیم پایه","درک مفهومی","متوسط","کدام عامل مستقیماً بر شکل‌گیری بسیاری از پدیده‌های آب‌وهوایی اثر دارد؟","دما و فشار هوا","املای واژه‌ها","ساختار سلول","تعداد صفحات کتاب","A","تغییرات دما و فشار از عوامل مهم در پدیده‌های جوی هستند.","ترنم همدلی","original","1405"
"یازدهم","انسانی","جغرافیا","جغرافیا","مفاهیم جغرافیا","مفاهیم پایه","درک مفهومی","متوسط","جغرافیا بیشتر به چه چیزی می‌پردازد؟","رابطه انسان و محیط و پراکندگی پدیده‌ها","ساختار واژه‌ها","واکنش‌های شیمیایی","قواعد ضرب","A","جغرافیا پراکندگی پدیده‌ها و رابطه انسان و محیط را بررسی می‌کند.","ترنم همدلی","original","1405"
"یازدهم","انسانی","جغرافیا","جغرافیا","مفاهیم جغرافیا","مفاهیم پایه","درک مفهومی","آسان","مقیاس نقشه چه رابطه‌ای را نشان می‌دهد؟","رابطه فاصله روی نقشه با فاصله واقعی","رابطه دما با فشار","رابطه جرم با حجم","رابطه واژه با معنا","A","مقیاس نسبت فاصله روی نقشه به فاصله واقعی را بیان می‌کند.","ترنم همدلی","original","1405"
"یازدهم","انسانی","جغرافیا","جغرافیا","مفاهیم جغرافیا","مفاهیم پایه","درک مفهومی","متوسط","کدام عامل مستقیماً بر شکل‌گیری بسیاری از پدیده‌های آب‌وهوایی اثر دارد؟","دما و فشار هوا","املای واژه‌ها","ساختار سلول","تعداد صفحات کتاب","A","تغییرات دما و فشار از عوامل مهم در پدیده‌های جوی هستند.","ترنم همدلی","original","1405"
"یازدهم","انسانی","جغرافیا","جغرافیا","مفاهیم جغرافیا","مفاهیم پایه","درک مفهومی","متوسط","جغرافیا بیشتر به چه چیزی می‌پردازد؟","رابطه انسان و محیط و پراکندگی پدیده‌ها","ساختار واژه‌ها","واکنش‌های شیمیایی","قواعد ضرب","A","جغرافیا پراکندگی پدیده‌ها و رابطه انسان و محیط را بررسی می‌کند.","ترنم همدلی","original","1405"
"یازدهم","انسانی","جغرافیا","جغرافیا","مفاهیم جغرافیا","مفاهیم پایه","درک مفهومی","آسان","مقیاس نقشه چه رابطه‌ای را نشان می‌دهد؟","رابطه فاصله روی نقشه با فاصله واقعی","رابطه دما با فشار","رابطه جرم با حجم","رابطه واژه با معنا","A","مقیاس نسبت فاصله روی نقشه به فاصله واقعی را بیان می‌کند.","ترنم همدلی","original","1405"
"یازدهم","انسانی","جغرافیا","جغرافیا","مفاهیم جغرافیا","مفاهیم پایه","درک مفهومی","متوسط","کدام عامل مستقیماً بر شکل‌گیری بسیاری از پدیده‌های آب‌وهوایی اثر دارد؟","دما و فشار هوا","املای واژه‌ها","ساختار سلول","تعداد صفحات کتاب","A","تغییرات دما و فشار از عوامل مهم در پدیده‌های جوی هستند.","ترنم همدلی","original","1405"
"یازدهم","انسانی","جغرافیا","جغرافیا","مفاهیم جغرافیا","مفاهیم پایه","درک مفهومی","متوسط","جغرافیا بیشتر به چه چیزی می‌پردازد؟","رابطه انسان و محیط و پراکندگی پدیده‌ها","ساختار واژه‌ها","واکنش‌های شیمیایی","قواعد ضرب","A","جغرافیا پراکندگی پدیده‌ها و رابطه انسان و محیط را بررسی می‌کند.","ترنم همدلی","original","1405"
"یازدهم","انسانی","جغرافیا","جغرافیا","مفاهیم جغرافیا","مفاهیم پایه","درک مفهومی","آسان","مقیاس نقشه چه رابطه‌ای را نشان می‌دهد؟","رابطه فاصله روی نقشه با فاصله واقعی","رابطه دما با فشار","رابطه جرم با حجم","رابطه واژه با معنا","A","مقیاس نسبت فاصله روی نقشه به فاصله واقعی را بیان می‌کند.","ترنم همدلی","original","1405"
"یازدهم","انسانی","جغرافیا","جغرافیا","مفاهیم جغرافیا","مفاهیم پایه","درک مفهومی","متوسط","کدام عامل مستقیماً بر شکل‌گیری بسیاری از پدیده‌های آب‌وهوایی اثر دارد؟","دما و فشار هوا","املای واژه‌ها","ساختار سلول","تعداد صفحات کتاب","A","تغییرات دما و فشار از عوامل مهم در پدیده‌های جوی هستند.","ترنم همدلی","original","1405"
"یازدهم","انسانی","جغرافیا","جغرافیا","مفاهیم جغرافیا","مفاهیم پایه","درک مفهومی","متوسط","جغرافیا بیشتر به چه چیزی می‌پردازد؟","رابطه انسان و محیط و پراکندگی پدیده‌ها","ساختار واژه‌ها","واکنش‌های شیمیایی","قواعد ضرب","A","جغرافیا پراکندگی پدیده‌ها و رابطه انسان و محیط را بررسی می‌کند.","ترنم همدلی","original","1405"
"یازدهم","انسانی","جغرافیا","جغرافیا","مفاهیم جغرافیا","مفاهیم پایه","درک مفهومی","آسان","مقیاس نقشه چه رابطه‌ای را نشان می‌دهد؟","رابطه فاصله روی نقشه با فاصله واقعی","رابطه دما با فشار","رابطه جرم با حجم","رابطه واژه با معنا","A","مقیاس نسبت فاصله روی نقشه به فاصله واقعی را بیان می‌کند.","ترنم همدلی","original","1405"
"یازدهم","انسانی","جغرافیا","جغرافیا","مفاهیم جغرافیا","مفاهیم پایه","درک مفهومی","متوسط","کدام عامل مستقیماً بر شکل‌گیری بسیاری از پدیده‌های آب‌وهوایی اثر دارد؟","دما و فشار هوا","املای واژه‌ها","ساختار سلول","تعداد صفحات کتاب","A","تغییرات دما و فشار از عوامل مهم در پدیده‌های جوی هستند.","ترنم همدلی","original","1405"
"یازدهم","انسانی","جغرافیا","جغرافیا","مفاهیم جغرافیا","مفاهیم پایه","درک مفهومی","متوسط","جغرافیا بیشتر به چه چیزی می‌پردازد؟","رابطه انسان و محیط و پراکندگی پدیده‌ها","ساختار واژه‌ها","واکنش‌های شیمیایی","قواعد ضرب","A","جغرافیا پراکندگی پدیده‌ها و رابطه انسان و محیط را بررسی می‌کند.","ترنم همدلی","original","1405"
"یازدهم","انسانی","جغرافیا","جغرافیا","مفاهیم جغرافیا","مفاهیم پایه","درک مفهومی","آسان","مقیاس نقشه چه رابطه‌ای را نشان می‌دهد؟","رابطه فاصله روی نقشه با فاصله واقعی","رابطه دما با فشار","رابطه جرم با حجم","رابطه واژه با معنا","A","مقیاس نسبت فاصله روی نقشه به فاصله واقعی را بیان می‌کند.","ترنم همدلی","original","1405"
"یازدهم","انسانی","جغرافیا","جغرافیا","مفاهیم جغرافیا","مفاهیم پایه","درک مفهومی","متوسط","کدام عامل مستقیماً بر شکل‌گیری بسیاری از پدیده‌های آب‌وهوایی اثر دارد؟","دما و فشار هوا","املای واژه‌ها","ساختار سلول","تعداد صفحات کتاب","A","تغییرات دما و فشار از عوامل مهم در پدیده‌های جوی هستند.","ترنم همدلی","original","1405"
"یازدهم","انسانی","جغرافیا","جغرافیا","مفاهیم جغرافیا","مفاهیم پایه","درک مفهومی","متوسط","جغرافیا بیشتر به چه چیزی می‌پردازد؟","رابطه انسان و محیط و پراکندگی پدیده‌ها","ساختار واژه‌ها","واکنش‌های شیمیایی","قواعد ضرب","A","جغرافیا پراکندگی پدیده‌ها و رابطه انسان و محیط را بررسی می‌کند.","ترنم همدلی","original","1405"
"یازدهم","انسانی","جغرافیا","جغرافیا","مفاهیم جغرافیا","مفاهیم پایه","درک مفهومی","آسان","مقیاس نقشه چه رابطه‌ای را نشان می‌دهد؟","رابطه فاصله روی نقشه با فاصله واقعی","رابطه دما با فشار","رابطه جرم با حجم","رابطه واژه با معنا","A","مقیاس نسبت فاصله روی نقشه به فاصله واقعی را بیان می‌کند.","ترنم همدلی","original","1405"
"یازدهم","انسانی","جغرافیا","جغرافیا","مفاهیم جغرافیا","مفاهیم پایه","درک مفهومی","متوسط","کدام عامل مستقیماً بر شکل‌گیری بسیاری از پدیده‌های آب‌وهوایی اثر دارد؟","دما و فشار هوا","املای واژه‌ها","ساختار سلول","تعداد صفحات کتاب","A","تغییرات دما و فشار از عوامل مهم در پدیده‌های جوی هستند.","ترنم همدلی","original","1405"
"یازدهم","انسانی","جغرافیا","جغرافیا","مفاهیم جغرافیا","مفاهیم پایه","درک مفهومی","متوسط","جغرافیا بیشتر به چه چیزی می‌پردازد؟","رابطه انسان و محیط و پراکندگی پدیده‌ها","ساختار واژه‌ها","واکنش‌های شیمیایی","قواعد ضرب","A","جغرافیا پراکندگی پدیده‌ها و رابطه انسان و محیط را بررسی می‌کند.","ترنم همدلی","original","1405"
"یازدهم","انسانی","جغرافیا","جغرافیا","مفاهیم جغرافیا","مفاهیم پایه","درک مفهومی","آسان","مقیاس نقشه چه رابطه‌ای را نشان می‌دهد؟","رابطه فاصله روی نقشه با فاصله واقعی","رابطه دما با فشار","رابطه جرم با حجم","رابطه واژه با معنا","A","مقیاس نسبت فاصله روی نقشه به فاصله واقعی را بیان می‌کند.","ترنم همدلی","original","1405"
"یازدهم","انسانی","جغرافیا","جغرافیا","مفاهیم جغرافیا","مفاهیم پایه","درک مفهومی","متوسط","کدام عامل مستقیماً بر شکل‌گیری بسیاری از پدیده‌های آب‌وهوایی اثر دارد؟","دما و فشار هوا","املای واژه‌ها","ساختار سلول","تعداد صفحات کتاب","A","تغییرات دما و فشار از عوامل مهم در پدیده‌های جوی هستند.","ترنم همدلی","original","1405"
"یازدهم","انسانی","جغرافیا","جغرافیا","مفاهیم جغرافیا","مفاهیم پایه","درک مفهومی","متوسط","جغرافیا بیشتر به چه چیزی می‌پردازد؟","رابطه انسان و محیط و پراکندگی پدیده‌ها","ساختار واژه‌ها","واکنش‌های شیمیایی","قواعد ضرب","A","جغرافیا پراکندگی پدیده‌ها و رابطه انسان و محیط را بررسی می‌کند.","ترنم همدلی","original","1405"
"یازدهم","انسانی","جغرافیا","جغرافیا","مفاهیم جغرافیا","مفاهیم پایه","درک مفهومی","آسان","مقیاس نقشه چه رابطه‌ای را نشان می‌دهد؟","رابطه فاصله روی نقشه با فاصله واقعی","رابطه دما با فشار","رابطه جرم با حجم","رابطه واژه با معنا","A","مقیاس نسبت فاصله روی نقشه به فاصله واقعی را بیان می‌کند.","ترنم همدلی","original","1405"
"یازدهم","انسانی","جغرافیا","جغرافیا","مفاهیم جغرافیا","مفاهیم پایه","درک مفهومی","متوسط","کدام عامل مستقیماً بر شکل‌گیری بسیاری از پدیده‌های آب‌وهوایی اثر دارد؟","دما و فشار هوا","املای واژه‌ها","ساختار سلول","تعداد صفحات کتاب","A","تغییرات دما و فشار از عوامل مهم در پدیده‌های جوی هستند.","ترنم همدلی","original","1405"
"یازدهم","انسانی","جغرافیا","جغرافیا","مفاهیم جغرافیا","مفاهیم پایه","درک مفهومی","متوسط","جغرافیا بیشتر به چه چیزی می‌پردازد؟","رابطه انسان و محیط و پراکندگی پدیده‌ها","ساختار واژه‌ها","واکنش‌های شیمیایی","قواعد ضرب","A","جغرافیا پراکندگی پدیده‌ها و رابطه انسان و محیط را بررسی می‌کند.","ترنم همدلی","original","1405"
"یازدهم","انسانی","جغرافیا","جغرافیا","مفاهیم جغرافیا","مفاهیم پایه","درک مفهومی","آسان","مقیاس نقشه چه رابطه‌ای را نشان می‌دهد؟","رابطه فاصله روی نقشه با فاصله واقعی","رابطه دما با فشار","رابطه جرم با حجم","رابطه واژه با معنا","A","مقیاس نسبت فاصله روی نقشه به فاصله واقعی را بیان می‌کند.","ترنم همدلی","original","1405"
"یازدهم","انسانی","جغرافیا","جغرافیا","مفاهیم جغرافیا","مفاهیم پایه","درک مفهومی","متوسط","کدام عامل مستقیماً بر شکل‌گیری بسیاری از پدیده‌های آب‌وهوایی اثر دارد؟","دما و فشار هوا","املای واژه‌ها","ساختار سلول","تعداد صفحات کتاب","A","تغییرات دما و فشار از عوامل مهم در پدیده‌های جوی هستند.","ترنم همدلی","original","1405"
"یازدهم","انسانی","جغرافیا","جغرافیا","مفاهیم جغرافیا","مفاهیم پایه","درک مفهومی","متوسط","جغرافیا بیشتر به چه چیزی می‌پردازد؟","رابطه انسان و محیط و پراکندگی پدیده‌ها","ساختار واژه‌ها","واکنش‌های شیمیایی","قواعد ضرب","A","جغرافیا پراکندگی پدیده‌ها و رابطه انسان و محیط را بررسی می‌کند.","ترنم همدلی","original","1405"
"یازدهم","انسانی","جغرافیا","جغرافیا","مفاهیم جغرافیا","مفاهیم پایه","درک مفهومی","آسان","مقیاس نقشه چه رابطه‌ای را نشان می‌دهد؟","رابطه فاصله روی نقشه با فاصله واقعی","رابطه دما با فشار","رابطه جرم با حجم","رابطه واژه با معنا","A","مقیاس نسبت فاصله روی نقشه به فاصله واقعی را بیان می‌کند.","ترنم همدلی","original","1405"
"یازدهم","انسانی","جغرافیا","جغرافیا","مفاهیم جغرافیا","مفاهیم پایه","درک مفهومی","متوسط","کدام عامل مستقیماً بر شکل‌گیری بسیاری از پدیده‌های آب‌وهوایی اثر دارد؟","دما و فشار هوا","املای واژه‌ها","ساختار سلول","تعداد صفحات کتاب","A","تغییرات دما و فشار از عوامل مهم در پدیده‌های جوی هستند.","ترنم همدلی","original","1405"
"یازدهم","انسانی","جغرافیا","جغرافیا","مفاهیم جغرافیا","مفاهیم پایه","درک مفهومی","متوسط","جغرافیا بیشتر به چه چیزی می‌پردازد؟","رابطه انسان و محیط و پراکندگی پدیده‌ها","ساختار واژه‌ها","واکنش‌های شیمیایی","قواعد ضرب","A","جغرافیا پراکندگی پدیده‌ها و رابطه انسان و محیط را بررسی می‌کند.","ترنم همدلی","original","1405"
"یازدهم","انسانی","جغرافیا","جغرافیا","مفاهیم جغرافیا","مفاهیم پایه","درک مفهومی","آسان","مقیاس نقشه چه رابطه‌ای را نشان می‌دهد؟","رابطه فاصله روی نقشه با فاصله واقعی","رابطه دما با فشار","رابطه جرم با حجم","رابطه واژه با معنا","A","مقیاس نسبت فاصله روی نقشه به فاصله واقعی را بیان می‌کند.","ترنم همدلی","original","1405"
"یازدهم","انسانی","جغرافیا","جغرافیا","مفاهیم جغرافیا","مفاهیم پایه","درک مفهومی","متوسط","کدام عامل مستقیماً بر شکل‌گیری بسیاری از پدیده‌های آب‌وهوایی اثر دارد؟","دما و فشار هوا","املای واژه‌ها","ساختار سلول","تعداد صفحات کتاب","A","تغییرات دما و فشار از عوامل مهم در پدیده‌های جوی هستند.","ترنم همدلی","original","1405"
"یازدهم","انسانی","جغرافیا","جغرافیا","مفاهیم جغرافیا","مفاهیم پایه","درک مفهومی","متوسط","جغرافیا بیشتر به چه چیزی می‌پردازد؟","رابطه انسان و محیط و پراکندگی پدیده‌ها","ساختار واژه‌ها","واکنش‌های شیمیایی","قواعد ضرب","A","جغرافیا پراکندگی پدیده‌ها و رابطه انسان و محیط را بررسی می‌کند.","ترنم همدلی","original","1405"
"یازدهم","انسانی","جغرافیا","جغرافیا","مفاهیم جغرافیا","مفاهیم پایه","درک مفهومی","آسان","مقیاس نقشه چه رابطه‌ای را نشان می‌دهد؟","رابطه فاصله روی نقشه با فاصله واقعی","رابطه دما با فشار","رابطه جرم با حجم","رابطه واژه با معنا","A","مقیاس نسبت فاصله روی نقشه به فاصله واقعی را بیان می‌کند.","ترنم همدلی","original","1405"
"یازدهم","انسانی","جغرافیا","جغرافیا","مفاهیم جغرافیا","مفاهیم پایه","درک مفهومی","متوسط","کدام عامل مستقیماً بر شکل‌گیری بسیاری از پدیده‌های آب‌وهوایی اثر دارد؟","دما و فشار هوا","املای واژه‌ها","ساختار سلول","تعداد صفحات کتاب","A","تغییرات دما و فشار از عوامل مهم در پدیده‌های جوی هستند.","ترنم همدلی","original","1405"
"یازدهم","انسانی","جغرافیا","جغرافیا","مفاهیم جغرافیا","مفاهیم پایه","درک مفهومی","متوسط","جغرافیا بیشتر به چه چیزی می‌پردازد؟","رابطه انسان و محیط و پراکندگی پدیده‌ها","ساختار واژه‌ها","واکنش‌های شیمیایی","قواعد ضرب","A","جغرافیا پراکندگی پدیده‌ها و رابطه انسان و محیط را بررسی می‌کند.","ترنم همدلی","original","1405"
"یازدهم","انسانی","جغرافیا","جغرافیا","مفاهیم جغرافیا","مفاهیم پایه","درک مفهومی","آسان","مقیاس نقشه چه رابطه‌ای را نشان می‌دهد؟","رابطه فاصله روی نقشه با فاصله واقعی","رابطه دما با فشار","رابطه جرم با حجم","رابطه واژه با معنا","A","مقیاس نسبت فاصله روی نقشه به فاصله واقعی را بیان می‌کند.","ترنم همدلی","original","1405"
"یازدهم","انسانی","جغرافیا","جغرافیا","مفاهیم جغرافیا","مفاهیم پایه","درک مفهومی","متوسط","کدام عامل مستقیماً بر شکل‌گیری بسیاری از پدیده‌های آب‌وهوایی اثر دارد؟","دما و فشار هوا","املای واژه‌ها","ساختار سلول","تعداد صفحات کتاب","A","تغییرات دما و فشار از عوامل مهم در پدیده‌های جوی هستند.","ترنم همدلی","original","1405"
"یازدهم","انسانی","جغرافیا","جغرافیا","مفاهیم جغرافیا","مفاهیم پایه","درک مفهومی","متوسط","جغرافیا بیشتر به چه چیزی می‌پردازد؟","رابطه انسان و محیط و پراکندگی پدیده‌ها","ساختار واژه‌ها","واکنش‌های شیمیایی","قواعد ضرب","A","جغرافیا پراکندگی پدیده‌ها و رابطه انسان و محیط را بررسی می‌کند.","ترنم همدلی","original","1405"
"یازدهم","انسانی","جغرافیا","جغرافیا","مفاهیم جغرافیا","مفاهیم پایه","درک مفهومی","آسان","مقیاس نقشه چه رابطه‌ای را نشان می‌دهد؟","رابطه فاصله روی نقشه با فاصله واقعی","رابطه دما با فشار","رابطه جرم با حجم","رابطه واژه با معنا","A","مقیاس نسبت فاصله روی نقشه به فاصله واقعی را بیان می‌کند.","ترنم همدلی","original","1405"
"یازدهم","انسانی","جغرافیا","جغرافیا","مفاهیم جغرافیا","مفاهیم پایه","درک مفهومی","متوسط","کدام عامل مستقیماً بر شکل‌گیری بسیاری از پدیده‌های آب‌وهوایی اثر دارد؟","دما و فشار هوا","املای واژه‌ها","ساختار سلول","تعداد صفحات کتاب","A","تغییرات دما و فشار از عوامل مهم در پدیده‌های جوی هستند.","ترنم همدلی","original","1405"
"یازدهم","انسانی","جغرافیا","جغرافیا","مفاهیم جغرافیا","مفاهیم پایه","درک مفهومی","متوسط","جغرافیا بیشتر به چه چیزی می‌پردازد؟","رابطه انسان و محیط و پراکندگی پدیده‌ها","ساختار واژه‌ها","واکنش‌های شیمیایی","قواعد ضرب","A","جغرافیا پراکندگی پدیده‌ها و رابطه انسان و محیط را بررسی می‌کند.","ترنم همدلی","original","1405"
"یازدهم","انسانی","جغرافیا","جغرافیا","مفاهیم جغرافیا","مفاهیم پایه","درک مفهومی","آسان","مقیاس نقشه چه رابطه‌ای را نشان می‌دهد؟","رابطه فاصله روی نقشه با فاصله واقعی","رابطه دما با فشار","رابطه جرم با حجم","رابطه واژه با معنا","A","مقیاس نسبت فاصله روی نقشه به فاصله واقعی را بیان می‌کند.","ترنم همدلی","original","1405"
"یازدهم","انسانی","جغرافیا","جغرافیا","مفاهیم جغرافیا","مفاهیم پایه","درک مفهومی","متوسط","کدام عامل مستقیماً بر شکل‌گیری بسیاری از پدیده‌های آب‌وهوایی اثر دارد؟","دما و فشار هوا","املای واژه‌ها","ساختار سلول","تعداد صفحات کتاب","A","تغییرات دما و فشار از عوامل مهم در پدیده‌های جوی هستند.","ترنم همدلی","original","1405"
"یازدهم","انسانی","جغرافیا","جغرافیا","مفاهیم جغرافیا","مفاهیم پایه","درک مفهومی","متوسط","جغرافیا بیشتر به چه چیزی می‌پردازد؟","رابطه انسان و محیط و پراکندگی پدیده‌ها","ساختار واژه‌ها","واکنش‌های شیمیایی","قواعد ضرب","A","جغرافیا پراکندگی پدیده‌ها و رابطه انسان و محیط را بررسی می‌کند.","ترنم همدلی","original","1405"
"یازدهم","انسانی","جغرافیا","جغرافیا","مفاهیم جغرافیا","مفاهیم پایه","درک مفهومی","آسان","مقیاس نقشه چه رابطه‌ای را نشان می‌دهد؟","رابطه فاصله روی نقشه با فاصله واقعی","رابطه دما با فشار","رابطه جرم با حجم","رابطه واژه با معنا","A","مقیاس نسبت فاصله روی نقشه به فاصله واقعی را بیان می‌کند.","ترنم همدلی","original","1405"
"یازدهم","انسانی","جغرافیا","جغرافیا","مفاهیم جغرافیا","مفاهیم پایه","درک مفهومی","متوسط","کدام عامل مستقیماً بر شکل‌گیری بسیاری از پدیده‌های آب‌وهوایی اثر دارد؟","دما و فشار هوا","املای واژه‌ها","ساختار سلول","تعداد صفحات کتاب","A","تغییرات دما و فشار از عوامل مهم در پدیده‌های جوی هستند.","ترنم همدلی","original","1405"
"یازدهم","انسانی","جغرافیا","جغرافیا","مفاهیم جغرافیا","مفاهیم پایه","درک مفهومی","متوسط","جغرافیا بیشتر به چه چیزی می‌پردازد؟","رابطه انسان و محیط و پراکندگی پدیده‌ها","ساختار واژه‌ها","واکنش‌های شیمیایی","قواعد ضرب","A","جغرافیا پراکندگی پدیده‌ها و رابطه انسان و محیط را بررسی می‌کند.","ترنم همدلی","original","1405"
"یازدهم","انسانی","جغرافیا","جغرافیا","مفاهیم جغرافیا","مفاهیم پایه","درک مفهومی","آسان","مقیاس نقشه چه رابطه‌ای را نشان می‌دهد؟","رابطه فاصله روی نقشه با فاصله واقعی","رابطه دما با فشار","رابطه جرم با حجم","رابطه واژه با معنا","A","مقیاس نسبت فاصله روی نقشه به فاصله واقعی را بیان می‌کند.","ترنم همدلی","original","1405"
"یازدهم","انسانی","جغرافیا","جغرافیا","مفاهیم جغرافیا","مفاهیم پایه","درک مفهومی","متوسط","کدام عامل مستقیماً بر شکل‌گیری بسیاری از پدیده‌های آب‌وهوایی اثر دارد؟","دما و فشار هوا","املای واژه‌ها","ساختار سلول","تعداد صفحات کتاب","A","تغییرات دما و فشار از عوامل مهم در پدیده‌های جوی هستند.","ترنم همدلی","original","1405"
"یازدهم","انسانی","جغرافیا","جغرافیا","مفاهیم جغرافیا","مفاهیم پایه","درک مفهومی","متوسط","جغرافیا بیشتر به چه چیزی می‌پردازد؟","رابطه انسان و محیط و پراکندگی پدیده‌ها","ساختار واژه‌ها","واکنش‌های شیمیایی","قواعد ضرب","A","جغرافیا پراکندگی پدیده‌ها و رابطه انسان و محیط را بررسی می‌کند.","ترنم همدلی","original","1405"
"یازدهم","انسانی","جغرافیا","جغرافیا","مفاهیم جغرافیا","مفاهیم پایه","درک مفهومی","آسان","مقیاس نقشه چه رابطه‌ای را نشان می‌دهد؟","رابطه فاصله روی نقشه با فاصله واقعی","رابطه دما با فشار","رابطه جرم با حجم","رابطه واژه با معنا","A","مقیاس نسبت فاصله روی نقشه به فاصله واقعی را بیان می‌کند.","ترنم همدلی","original","1405"
"یازدهم","انسانی","جغرافیا","جغرافیا","مفاهیم جغرافیا","مفاهیم پایه","درک مفهومی","متوسط","کدام عامل مستقیماً بر شکل‌گیری بسیاری از پدیده‌های آب‌وهوایی اثر دارد؟","دما و فشار هوا","املای واژه‌ها","ساختار سلول","تعداد صفحات کتاب","A","تغییرات دما و فشار از عوامل مهم در پدیده‌های جوی هستند.","ترنم همدلی","original","1405"
"یازدهم","انسانی","جغرافیا","جغرافیا","مفاهیم جغرافیا","مفاهیم پایه","درک مفهومی","متوسط","جغرافیا بیشتر به چه چیزی می‌پردازد؟","رابطه انسان و محیط و پراکندگی پدیده‌ها","ساختار واژه‌ها","واکنش‌های شیمیایی","قواعد ضرب","A","جغرافیا پراکندگی پدیده‌ها و رابطه انسان و محیط را بررسی می‌کند.","ترنم همدلی","original","1405"
"یازدهم","انسانی","جغرافیا","جغرافیا","مفاهیم جغرافیا","مفاهیم پایه","درک مفهومی","آسان","مقیاس نقشه چه رابطه‌ای را نشان می‌دهد؟","رابطه فاصله روی نقشه با فاصله واقعی","رابطه دما با فشار","رابطه جرم با حجم","رابطه واژه با معنا","A","مقیاس نسبت فاصله روی نقشه به فاصله واقعی را بیان می‌کند.","ترنم همدلی","original","1405"
"یازدهم","انسانی","جغرافیا","جغرافیا","مفاهیم جغرافیا","مفاهیم پایه","درک مفهومی","متوسط","کدام عامل مستقیماً بر شکل‌گیری بسیاری از پدیده‌های آب‌وهوایی اثر دارد؟","دما و فشار هوا","املای واژه‌ها","ساختار سلول","تعداد صفحات کتاب","A","تغییرات دما و فشار از عوامل مهم در پدیده‌های جوی هستند.","ترنم همدلی","original","1405"
"یازدهم","انسانی","جغرافیا","جغرافیا","مفاهیم جغرافیا","مفاهیم پایه","درک مفهومی","متوسط","جغرافیا بیشتر به چه چیزی می‌پردازد؟","رابطه انسان و محیط و پراکندگی پدیده‌ها","ساختار واژه‌ها","واکنش‌های شیمیایی","قواعد ضرب","A","جغرافیا پراکندگی پدیده‌ها و رابطه انسان و محیط را بررسی می‌کند.","ترنم همدلی","original","1405"
"یازدهم","انسانی","جغرافیا","جغرافیا","مفاهیم جغرافیا","مفاهیم پایه","درک مفهومی","آسان","مقیاس نقشه چه رابطه‌ای را نشان می‌دهد؟","رابطه فاصله روی نقشه با فاصله واقعی","رابطه دما با فشار","رابطه جرم با حجم","رابطه واژه با معنا","A","مقیاس نسبت فاصله روی نقشه به فاصله واقعی را بیان می‌کند.","ترنم همدلی","original","1405"
"یازدهم","انسانی","جغرافیا","جغرافیا","مفاهیم جغرافیا","مفاهیم پایه","درک مفهومی","متوسط","کدام عامل مستقیماً بر شکل‌گیری بسیاری از پدیده‌های آب‌وهوایی اثر دارد؟","دما و فشار هوا","املای واژه‌ها","ساختار سلول","تعداد صفحات کتاب","A","تغییرات دما و فشار از عوامل مهم در پدیده‌های جوی هستند.","ترنم همدلی","original","1405"
"یازدهم","انسانی","جغرافیا","جغرافیا","مفاهیم جغرافیا","مفاهیم پایه","درک مفهومی","متوسط","جغرافیا بیشتر به چه چیزی می‌پردازد؟","رابطه انسان و محیط و پراکندگی پدیده‌ها","ساختار واژه‌ها","واکنش‌های شیمیایی","قواعد ضرب","A","جغرافیا پراکندگی پدیده‌ها و رابطه انسان و محیط را بررسی می‌کند.","ترنم همدلی","original","1405"
"یازدهم","انسانی","جغرافیا","جغرافیا","مفاهیم جغرافیا","مفاهیم پایه","درک مفهومی","آسان","مقیاس نقشه چه رابطه‌ای را نشان می‌دهد؟","رابطه فاصله روی نقشه با فاصله واقعی","رابطه دما با فشار","رابطه جرم با حجم","رابطه واژه با معنا","A","مقیاس نسبت فاصله روی نقشه به فاصله واقعی را بیان می‌کند.","ترنم همدلی","original","1405"
"یازدهم","انسانی","جغرافیا","جغرافیا","مفاهیم جغرافیا","مفاهیم پایه","درک مفهومی","متوسط","کدام عامل مستقیماً بر شکل‌گیری بسیاری از پدیده‌های آب‌وهوایی اثر دارد؟","دما و فشار هوا","املای واژه‌ها","ساختار سلول","تعداد صفحات کتاب","A","تغییرات دما و فشار از عوامل مهم در پدیده‌های جوی هستند.","ترنم همدلی","original","1405"
"یازدهم","انسانی","جغرافیا","جغرافیا","مفاهیم جغرافیا","مفاهیم پایه","درک مفهومی","متوسط","جغرافیا بیشتر به چه چیزی می‌پردازد؟","رابطه انسان و محیط و پراکندگی پدیده‌ها","ساختار واژه‌ها","واکنش‌های شیمیایی","قواعد ضرب","A","جغرافیا پراکندگی پدیده‌ها و رابطه انسان و محیط را بررسی می‌کند.","ترنم همدلی","original","1405"
"یازدهم","انسانی","جغرافیا","جغرافیا","مفاهیم جغرافیا","مفاهیم پایه","درک مفهومی","آسان","مقیاس نقشه چه رابطه‌ای را نشان می‌دهد؟","رابطه فاصله روی نقشه با فاصله واقعی","رابطه دما با فشار","رابطه جرم با حجم","رابطه واژه با معنا","A","مقیاس نسبت فاصله روی نقشه به فاصله واقعی را بیان می‌کند.","ترنم همدلی","original","1405"
"دوازدهم","انسانی","جغرافیا","جغرافیا","مفاهیم جغرافیا","مفاهیم پایه","درک مفهومی","آسان","مقیاس نقشه چه رابطه‌ای را نشان می‌دهد؟","رابطه فاصله روی نقشه با فاصله واقعی","رابطه دما با فشار","رابطه جرم با حجم","رابطه واژه با معنا","A","مقیاس نسبت فاصله روی نقشه به فاصله واقعی را بیان می‌کند.","ترنم همدلی","original","1405"
"دوازدهم","انسانی","جغرافیا","جغرافیا","مفاهیم جغرافیا","مفاهیم پایه","درک مفهومی","متوسط","کدام عامل مستقیماً بر شکل‌گیری بسیاری از پدیده‌های آب‌وهوایی اثر دارد؟","دما و فشار هوا","املای واژه‌ها","ساختار سلول","تعداد صفحات کتاب","A","تغییرات دما و فشار از عوامل مهم در پدیده‌های جوی هستند.","ترنم همدلی","original","1405"
"دوازدهم","انسانی","جغرافیا","جغرافیا","مفاهیم جغرافیا","مفاهیم پایه","درک مفهومی","متوسط","جغرافیا بیشتر به چه چیزی می‌پردازد؟","رابطه انسان و محیط و پراکندگی پدیده‌ها","ساختار واژه‌ها","واکنش‌های شیمیایی","قواعد ضرب","A","جغرافیا پراکندگی پدیده‌ها و رابطه انسان و محیط را بررسی می‌کند.","ترنم همدلی","original","1405"
"دوازدهم","انسانی","جغرافیا","جغرافیا","مفاهیم جغرافیا","مفاهیم پایه","درک مفهومی","آسان","مقیاس نقشه چه رابطه‌ای را نشان می‌دهد؟","رابطه فاصله روی نقشه با فاصله واقعی","رابطه دما با فشار","رابطه جرم با حجم","رابطه واژه با معنا","A","مقیاس نسبت فاصله روی نقشه به فاصله واقعی را بیان می‌کند.","ترنم همدلی","original","1405"
"دوازدهم","انسانی","جغرافیا","جغرافیا","مفاهیم جغرافیا","مفاهیم پایه","درک مفهومی","متوسط","کدام عامل مستقیماً بر شکل‌گیری بسیاری از پدیده‌های آب‌وهوایی اثر دارد؟","دما و فشار هوا","املای واژه‌ها","ساختار سلول","تعداد صفحات کتاب","A","تغییرات دما و فشار از عوامل مهم در پدیده‌های جوی هستند.","ترنم همدلی","original","1405"
"دوازدهم","انسانی","جغرافیا","جغرافیا","مفاهیم جغرافیا","مفاهیم پایه","درک مفهومی","متوسط","جغرافیا بیشتر به چه چیزی می‌پردازد؟","رابطه انسان و محیط و پراکندگی پدیده‌ها","ساختار واژه‌ها","واکنش‌های شیمیایی","قواعد ضرب","A","جغرافیا پراکندگی پدیده‌ها و رابطه انسان و محیط را بررسی می‌کند.","ترنم همدلی","original","1405"
"دوازدهم","انسانی","جغرافیا","جغرافیا","مفاهیم جغرافیا","مفاهیم پایه","درک مفهومی","آسان","مقیاس نقشه چه رابطه‌ای را نشان می‌دهد؟","رابطه فاصله روی نقشه با فاصله واقعی","رابطه دما با فشار","رابطه جرم با حجم","رابطه واژه با معنا","A","مقیاس نسبت فاصله روی نقشه به فاصله واقعی را بیان می‌کند.","ترنم همدلی","original","1405"
"دوازدهم","انسانی","جغرافیا","جغرافیا","مفاهیم جغرافیا","مفاهیم پایه","درک مفهومی","متوسط","کدام عامل مستقیماً بر شکل‌گیری بسیاری از پدیده‌های آب‌وهوایی اثر دارد؟","دما و فشار هوا","املای واژه‌ها","ساختار سلول","تعداد صفحات کتاب","A","تغییرات دما و فشار از عوامل مهم در پدیده‌های جوی هستند.","ترنم همدلی","original","1405"
"دوازدهم","انسانی","جغرافیا","جغرافیا","مفاهیم جغرافیا","مفاهیم پایه","درک مفهومی","متوسط","جغرافیا بیشتر به چه چیزی می‌پردازد؟","رابطه انسان و محیط و پراکندگی پدیده‌ها","ساختار واژه‌ها","واکنش‌های شیمیایی","قواعد ضرب","A","جغرافیا پراکندگی پدیده‌ها و رابطه انسان و محیط را بررسی می‌کند.","ترنم همدلی","original","1405"
"دوازدهم","انسانی","جغرافیا","جغرافیا","مفاهیم جغرافیا","مفاهیم پایه","درک مفهومی","آسان","مقیاس نقشه چه رابطه‌ای را نشان می‌دهد؟","رابطه فاصله روی نقشه با فاصله واقعی","رابطه دما با فشار","رابطه جرم با حجم","رابطه واژه با معنا","A","مقیاس نسبت فاصله روی نقشه به فاصله واقعی را بیان می‌کند.","ترنم همدلی","original","1405"
"دوازدهم","انسانی","جغرافیا","جغرافیا","مفاهیم جغرافیا","مفاهیم پایه","درک مفهومی","متوسط","کدام عامل مستقیماً بر شکل‌گیری بسیاری از پدیده‌های آب‌وهوایی اثر دارد؟","دما و فشار هوا","املای واژه‌ها","ساختار سلول","تعداد صفحات کتاب","A","تغییرات دما و فشار از عوامل مهم در پدیده‌های جوی هستند.","ترنم همدلی","original","1405"
"دوازدهم","انسانی","جغرافیا","جغرافیا","مفاهیم جغرافیا","مفاهیم پایه","درک مفهومی","متوسط","جغرافیا بیشتر به چه چیزی می‌پردازد؟","رابطه انسان و محیط و پراکندگی پدیده‌ها","ساختار واژه‌ها","واکنش‌های شیمیایی","قواعد ضرب","A","جغرافیا پراکندگی پدیده‌ها و رابطه انسان و محیط را بررسی می‌کند.","ترنم همدلی","original","1405"
"دوازدهم","انسانی","جغرافیا","جغرافیا","مفاهیم جغرافیا","مفاهیم پایه","درک مفهومی","آسان","مقیاس نقشه چه رابطه‌ای را نشان می‌دهد؟","رابطه فاصله روی نقشه با فاصله واقعی","رابطه دما با فشار","رابطه جرم با حجم","رابطه واژه با معنا","A","مقیاس نسبت فاصله روی نقشه به فاصله واقعی را بیان می‌کند.","ترنم همدلی","original","1405"
"دوازدهم","انسانی","جغرافیا","جغرافیا","مفاهیم جغرافیا","مفاهیم پایه","درک مفهومی","متوسط","کدام عامل مستقیماً بر شکل‌گیری بسیاری از پدیده‌های آب‌وهوایی اثر دارد؟","دما و فشار هوا","املای واژه‌ها","ساختار سلول","تعداد صفحات کتاب","A","تغییرات دما و فشار از عوامل مهم در پدیده‌های جوی هستند.","ترنم همدلی","original","1405"
"دوازدهم","انسانی","جغرافیا","جغرافیا","مفاهیم جغرافیا","مفاهیم پایه","درک مفهومی","متوسط","جغرافیا بیشتر به چه چیزی می‌پردازد؟","رابطه انسان و محیط و پراکندگی پدیده‌ها","ساختار واژه‌ها","واکنش‌های شیمیایی","قواعد ضرب","A","جغرافیا پراکندگی پدیده‌ها و رابطه انسان و محیط را بررسی می‌کند.","ترنم همدلی","original","1405"
"دوازدهم","انسانی","جغرافیا","جغرافیا","مفاهیم جغرافیا","مفاهیم پایه","درک مفهومی","آسان","مقیاس نقشه چه رابطه‌ای را نشان می‌دهد؟","رابطه فاصله روی نقشه با فاصله واقعی","رابطه دما با فشار","رابطه جرم با حجم","رابطه واژه با معنا","A","مقیاس نسبت فاصله روی نقشه به فاصله واقعی را بیان می‌کند.","ترنم همدلی","original","1405"
"دوازدهم","انسانی","جغرافیا","جغرافیا","مفاهیم جغرافیا","مفاهیم پایه","درک مفهومی","متوسط","کدام عامل مستقیماً بر شکل‌گیری بسیاری از پدیده‌های آب‌وهوایی اثر دارد؟","دما و فشار هوا","املای واژه‌ها","ساختار سلول","تعداد صفحات کتاب","A","تغییرات دما و فشار از عوامل مهم در پدیده‌های جوی هستند.","ترنم همدلی","original","1405"
"دوازدهم","انسانی","جغرافیا","جغرافیا","مفاهیم جغرافیا","مفاهیم پایه","درک مفهومی","متوسط","جغرافیا بیشتر به چه چیزی می‌پردازد؟","رابطه انسان و محیط و پراکندگی پدیده‌ها","ساختار واژه‌ها","واکنش‌های شیمیایی","قواعد ضرب","A","جغرافیا پراکندگی پدیده‌ها و رابطه انسان و محیط را بررسی می‌کند.","ترنم همدلی","original","1405"
"دوازدهم","انسانی","جغرافیا","جغرافیا","مفاهیم جغرافیا","مفاهیم پایه","درک مفهومی","آسان","مقیاس نقشه چه رابطه‌ای را نشان می‌دهد؟","رابطه فاصله روی نقشه با فاصله واقعی","رابطه دما با فشار","رابطه جرم با حجم","رابطه واژه با معنا","A","مقیاس نسبت فاصله روی نقشه به فاصله واقعی را بیان می‌کند.","ترنم همدلی","original","1405"
"دوازدهم","انسانی","جغرافیا","جغرافیا","مفاهیم جغرافیا","مفاهیم پایه","درک مفهومی","متوسط","کدام عامل مستقیماً بر شکل‌گیری بسیاری از پدیده‌های آب‌وهوایی اثر دارد؟","دما و فشار هوا","املای واژه‌ها","ساختار سلول","تعداد صفحات کتاب","A","تغییرات دما و فشار از عوامل مهم در پدیده‌های جوی هستند.","ترنم همدلی","original","1405"
"دوازدهم","انسانی","جغرافیا","جغرافیا","مفاهیم جغرافیا","مفاهیم پایه","درک مفهومی","متوسط","جغرافیا بیشتر به چه چیزی می‌پردازد؟","رابطه انسان و محیط و پراکندگی پدیده‌ها","ساختار واژه‌ها","واکنش‌های شیمیایی","قواعد ضرب","A","جغرافیا پراکندگی پدیده‌ها و رابطه انسان و محیط را بررسی می‌کند.","ترنم همدلی","original","1405"
"دوازدهم","انسانی","جغرافیا","جغرافیا","مفاهیم جغرافیا","مفاهیم پایه","درک مفهومی","آسان","مقیاس نقشه چه رابطه‌ای را نشان می‌دهد؟","رابطه فاصله روی نقشه با فاصله واقعی","رابطه دما با فشار","رابطه جرم با حجم","رابطه واژه با معنا","A","مقیاس نسبت فاصله روی نقشه به فاصله واقعی را بیان می‌کند.","ترنم همدلی","original","1405"
"دوازدهم","انسانی","جغرافیا","جغرافیا","مفاهیم جغرافیا","مفاهیم پایه","درک مفهومی","متوسط","کدام عامل مستقیماً بر شکل‌گیری بسیاری از پدیده‌های آب‌وهوایی اثر دارد؟","دما و فشار هوا","املای واژه‌ها","ساختار سلول","تعداد صفحات کتاب","A","تغییرات دما و فشار از عوامل مهم در پدیده‌های جوی هستند.","ترنم همدلی","original","1405"
"دوازدهم","انسانی","جغرافیا","جغرافیا","مفاهیم جغرافیا","مفاهیم پایه","درک مفهومی","متوسط","جغرافیا بیشتر به چه چیزی می‌پردازد؟","رابطه انسان و محیط و پراکندگی پدیده‌ها","ساختار واژه‌ها","واکنش‌های شیمیایی","قواعد ضرب","A","جغرافیا پراکندگی پدیده‌ها و رابطه انسان و محیط را بررسی می‌کند.","ترنم همدلی","original","1405"
"دوازدهم","انسانی","جغرافیا","جغرافیا","مفاهیم جغرافیا","مفاهیم پایه","درک مفهومی","آسان","مقیاس نقشه چه رابطه‌ای را نشان می‌دهد؟","رابطه فاصله روی نقشه با فاصله واقعی","رابطه دما با فشار","رابطه جرم با حجم","رابطه واژه با معنا","A","مقیاس نسبت فاصله روی نقشه به فاصله واقعی را بیان می‌کند.","ترنم همدلی","original","1405"
"دوازدهم","انسانی","جغرافیا","جغرافیا","مفاهیم جغرافیا","مفاهیم پایه","درک مفهومی","متوسط","کدام عامل مستقیماً بر شکل‌گیری بسیاری از پدیده‌های آب‌وهوایی اثر دارد؟","دما و فشار هوا","املای واژه‌ها","ساختار سلول","تعداد صفحات کتاب","A","تغییرات دما و فشار از عوامل مهم در پدیده‌های جوی هستند.","ترنم همدلی","original","1405"
"دوازدهم","انسانی","جغرافیا","جغرافیا","مفاهیم جغرافیا","مفاهیم پایه","درک مفهومی","متوسط","جغرافیا بیشتر به چه چیزی می‌پردازد؟","رابطه انسان و محیط و پراکندگی پدیده‌ها","ساختار واژه‌ها","واکنش‌های شیمیایی","قواعد ضرب","A","جغرافیا پراکندگی پدیده‌ها و رابطه انسان و محیط را بررسی می‌کند.","ترنم همدلی","original","1405"
"دوازدهم","انسانی","جغرافیا","جغرافیا","مفاهیم جغرافیا","مفاهیم پایه","درک مفهومی","آسان","مقیاس نقشه چه رابطه‌ای را نشان می‌دهد؟","رابطه فاصله روی نقشه با فاصله واقعی","رابطه دما با فشار","رابطه جرم با حجم","رابطه واژه با معنا","A","مقیاس نسبت فاصله روی نقشه به فاصله واقعی را بیان می‌کند.","ترنم همدلی","original","1405"
"دوازدهم","انسانی","جغرافیا","جغرافیا","مفاهیم جغرافیا","مفاهیم پایه","درک مفهومی","متوسط","کدام عامل مستقیماً بر شکل‌گیری بسیاری از پدیده‌های آب‌وهوایی اثر دارد؟","دما و فشار هوا","املای واژه‌ها","ساختار سلول","تعداد صفحات کتاب","A","تغییرات دما و فشار از عوامل مهم در پدیده‌های جوی هستند.","ترنم همدلی","original","1405"
"دوازدهم","انسانی","جغرافیا","جغرافیا","مفاهیم جغرافیا","مفاهیم پایه","درک مفهومی","متوسط","جغرافیا بیشتر به چه چیزی می‌پردازد؟","رابطه انسان و محیط و پراکندگی پدیده‌ها","ساختار واژه‌ها","واکنش‌های شیمیایی","قواعد ضرب","A","جغرافیا پراکندگی پدیده‌ها و رابطه انسان و محیط را بررسی می‌کند.","ترنم همدلی","original","1405"
"دوازدهم","انسانی","جغرافیا","جغرافیا","مفاهیم جغرافیا","مفاهیم پایه","درک مفهومی","آسان","مقیاس نقشه چه رابطه‌ای را نشان می‌دهد؟","رابطه فاصله روی نقشه با فاصله واقعی","رابطه دما با فشار","رابطه جرم با حجم","رابطه واژه با معنا","A","مقیاس نسبت فاصله روی نقشه به فاصله واقعی را بیان می‌کند.","ترنم همدلی","original","1405"
"دوازدهم","انسانی","جغرافیا","جغرافیا","مفاهیم جغرافیا","مفاهیم پایه","درک مفهومی","متوسط","کدام عامل مستقیماً بر شکل‌گیری بسیاری از پدیده‌های آب‌وهوایی اثر دارد؟","دما و فشار هوا","املای واژه‌ها","ساختار سلول","تعداد صفحات کتاب","A","تغییرات دما و فشار از عوامل مهم در پدیده‌های جوی هستند.","ترنم همدلی","original","1405"
"دوازدهم","انسانی","جغرافیا","جغرافیا","مفاهیم جغرافیا","مفاهیم پایه","درک مفهومی","متوسط","جغرافیا بیشتر به چه چیزی می‌پردازد؟","رابطه انسان و محیط و پراکندگی پدیده‌ها","ساختار واژه‌ها","واکنش‌های شیمیایی","قواعد ضرب","A","جغرافیا پراکندگی پدیده‌ها و رابطه انسان و محیط را بررسی می‌کند.","ترنم همدلی","original","1405"
"دوازدهم","انسانی","جغرافیا","جغرافیا","مفاهیم جغرافیا","مفاهیم پایه","درک مفهومی","آسان","مقیاس نقشه چه رابطه‌ای را نشان می‌دهد؟","رابطه فاصله روی نقشه با فاصله واقعی","رابطه دما با فشار","رابطه جرم با حجم","رابطه واژه با معنا","A","مقیاس نسبت فاصله روی نقشه به فاصله واقعی را بیان می‌کند.","ترنم همدلی","original","1405"
"دوازدهم","انسانی","جغرافیا","جغرافیا","مفاهیم جغرافیا","مفاهیم پایه","درک مفهومی","متوسط","کدام عامل مستقیماً بر شکل‌گیری بسیاری از پدیده‌های آب‌وهوایی اثر دارد؟","دما و فشار هوا","املای واژه‌ها","ساختار سلول","تعداد صفحات کتاب","A","تغییرات دما و فشار از عوامل مهم در پدیده‌های جوی هستند.","ترنم همدلی","original","1405"
"دوازدهم","انسانی","جغرافیا","جغرافیا","مفاهیم جغرافیا","مفاهیم پایه","درک مفهومی","متوسط","جغرافیا بیشتر به چه چیزی می‌پردازد؟","رابطه انسان و محیط و پراکندگی پدیده‌ها","ساختار واژه‌ها","واکنش‌های شیمیایی","قواعد ضرب","A","جغرافیا پراکندگی پدیده‌ها و رابطه انسان و محیط را بررسی می‌کند.","ترنم همدلی","original","1405"
"دوازدهم","انسانی","جغرافیا","جغرافیا","مفاهیم جغرافیا","مفاهیم پایه","درک مفهومی","آسان","مقیاس نقشه چه رابطه‌ای را نشان می‌دهد؟","رابطه فاصله روی نقشه با فاصله واقعی","رابطه دما با فشار","رابطه جرم با حجم","رابطه واژه با معنا","A","مقیاس نسبت فاصله روی نقشه به فاصله واقعی را بیان می‌کند.","ترنم همدلی","original","1405"
"دوازدهم","انسانی","جغرافیا","جغرافیا","مفاهیم جغرافیا","مفاهیم پایه","درک مفهومی","متوسط","کدام عامل مستقیماً بر شکل‌گیری بسیاری از پدیده‌های آب‌وهوایی اثر دارد؟","دما و فشار هوا","املای واژه‌ها","ساختار سلول","تعداد صفحات کتاب","A","تغییرات دما و فشار از عوامل مهم در پدیده‌های جوی هستند.","ترنم همدلی","original","1405"
"دوازدهم","انسانی","جغرافیا","جغرافیا","مفاهیم جغرافیا","مفاهیم پایه","درک مفهومی","متوسط","جغرافیا بیشتر به چه چیزی می‌پردازد؟","رابطه انسان و محیط و پراکندگی پدیده‌ها","ساختار واژه‌ها","واکنش‌های شیمیایی","قواعد ضرب","A","جغرافیا پراکندگی پدیده‌ها و رابطه انسان و محیط را بررسی می‌کند.","ترنم همدلی","original","1405"
"دوازدهم","انسانی","جغرافیا","جغرافیا","مفاهیم جغرافیا","مفاهیم پایه","درک مفهومی","آسان","مقیاس نقشه چه رابطه‌ای را نشان می‌دهد؟","رابطه فاصله روی نقشه با فاصله واقعی","رابطه دما با فشار","رابطه جرم با حجم","رابطه واژه با معنا","A","مقیاس نسبت فاصله روی نقشه به فاصله واقعی را بیان می‌کند.","ترنم همدلی","original","1405"
"دوازدهم","انسانی","جغرافیا","جغرافیا","مفاهیم جغرافیا","مفاهیم پایه","درک مفهومی","متوسط","کدام عامل مستقیماً بر شکل‌گیری بسیاری از پدیده‌های آب‌وهوایی اثر دارد؟","دما و فشار هوا","املای واژه‌ها","ساختار سلول","تعداد صفحات کتاب","A","تغییرات دما و فشار از عوامل مهم در پدیده‌های جوی هستند.","ترنم همدلی","original","1405"
"دوازدهم","انسانی","جغرافیا","جغرافیا","مفاهیم جغرافیا","مفاهیم پایه","درک مفهومی","متوسط","جغرافیا بیشتر به چه چیزی می‌پردازد؟","رابطه انسان و محیط و پراکندگی پدیده‌ها","ساختار واژه‌ها","واکنش‌های شیمیایی","قواعد ضرب","A","جغرافیا پراکندگی پدیده‌ها و رابطه انسان و محیط را بررسی می‌کند.","ترنم همدلی","original","1405"
"دوازدهم","انسانی","جغرافیا","جغرافیا","مفاهیم جغرافیا","مفاهیم پایه","درک مفهومی","آسان","مقیاس نقشه چه رابطه‌ای را نشان می‌دهد؟","رابطه فاصله روی نقشه با فاصله واقعی","رابطه دما با فشار","رابطه جرم با حجم","رابطه واژه با معنا","A","مقیاس نسبت فاصله روی نقشه به فاصله واقعی را بیان می‌کند.","ترنم همدلی","original","1405"
"دوازدهم","انسانی","جغرافیا","جغرافیا","مفاهیم جغرافیا","مفاهیم پایه","درک مفهومی","متوسط","کدام عامل مستقیماً بر شکل‌گیری بسیاری از پدیده‌های آب‌وهوایی اثر دارد؟","دما و فشار هوا","املای واژه‌ها","ساختار سلول","تعداد صفحات کتاب","A","تغییرات دما و فشار از عوامل مهم در پدیده‌های جوی هستند.","ترنم همدلی","original","1405"
"دوازدهم","انسانی","جغرافیا","جغرافیا","مفاهیم جغرافیا","مفاهیم پایه","درک مفهومی","متوسط","جغرافیا بیشتر به چه چیزی می‌پردازد؟","رابطه انسان و محیط و پراکندگی پدیده‌ها","ساختار واژه‌ها","واکنش‌های شیمیایی","قواعد ضرب","A","جغرافیا پراکندگی پدیده‌ها و رابطه انسان و محیط را بررسی می‌کند.","ترنم همدلی","original","1405"
"دوازدهم","انسانی","جغرافیا","جغرافیا","مفاهیم جغرافیا","مفاهیم پایه","درک مفهومی","آسان","مقیاس نقشه چه رابطه‌ای را نشان می‌دهد؟","رابطه فاصله روی نقشه با فاصله واقعی","رابطه دما با فشار","رابطه جرم با حجم","رابطه واژه با معنا","A","مقیاس نسبت فاصله روی نقشه به فاصله واقعی را بیان می‌کند.","ترنم همدلی","original","1405"
"دوازدهم","انسانی","جغرافیا","جغرافیا","مفاهیم جغرافیا","مفاهیم پایه","درک مفهومی","متوسط","کدام عامل مستقیماً بر شکل‌گیری بسیاری از پدیده‌های آب‌وهوایی اثر دارد؟","دما و فشار هوا","املای واژه‌ها","ساختار سلول","تعداد صفحات کتاب","A","تغییرات دما و فشار از عوامل مهم در پدیده‌های جوی هستند.","ترنم همدلی","original","1405"
"دوازدهم","انسانی","جغرافیا","جغرافیا","مفاهیم جغرافیا","مفاهیم پایه","درک مفهومی","متوسط","جغرافیا بیشتر به چه چیزی می‌پردازد؟","رابطه انسان و محیط و پراکندگی پدیده‌ها","ساختار واژه‌ها","واکنش‌های شیمیایی","قواعد ضرب","A","جغرافیا پراکندگی پدیده‌ها و رابطه انسان و محیط را بررسی می‌کند.","ترنم همدلی","original","1405"
"دوازدهم","انسانی","جغرافیا","جغرافیا","مفاهیم جغرافیا","مفاهیم پایه","درک مفهومی","آسان","مقیاس نقشه چه رابطه‌ای را نشان می‌دهد؟","رابطه فاصله روی نقشه با فاصله واقعی","رابطه دما با فشار","رابطه جرم با حجم","رابطه واژه با معنا","A","مقیاس نسبت فاصله روی نقشه به فاصله واقعی را بیان می‌کند.","ترنم همدلی","original","1405"
"دوازدهم","انسانی","جغرافیا","جغرافیا","مفاهیم جغرافیا","مفاهیم پایه","درک مفهومی","متوسط","کدام عامل مستقیماً بر شکل‌گیری بسیاری از پدیده‌های آب‌وهوایی اثر دارد؟","دما و فشار هوا","املای واژه‌ها","ساختار سلول","تعداد صفحات کتاب","A","تغییرات دما و فشار از عوامل مهم در پدیده‌های جوی هستند.","ترنم همدلی","original","1405"
"دوازدهم","انسانی","جغرافیا","جغرافیا","مفاهیم جغرافیا","مفاهیم پایه","درک مفهومی","متوسط","جغرافیا بیشتر به چه چیزی می‌پردازد؟","رابطه انسان و محیط و پراکندگی پدیده‌ها","ساختار واژه‌ها","واکنش‌های شیمیایی","قواعد ضرب","A","جغرافیا پراکندگی پدیده‌ها و رابطه انسان و محیط را بررسی می‌کند.","ترنم همدلی","original","1405"
"دوازدهم","انسانی","جغرافیا","جغرافیا","مفاهیم جغرافیا","مفاهیم پایه","درک مفهومی","آسان","مقیاس نقشه چه رابطه‌ای را نشان می‌دهد؟","رابطه فاصله روی نقشه با فاصله واقعی","رابطه دما با فشار","رابطه جرم با حجم","رابطه واژه با معنا","A","مقیاس نسبت فاصله روی نقشه به فاصله واقعی را بیان می‌کند.","ترنم همدلی","original","1405"
"دوازدهم","انسانی","جغرافیا","جغرافیا","مفاهیم جغرافیا","مفاهیم پایه","درک مفهومی","متوسط","کدام عامل مستقیماً بر شکل‌گیری بسیاری از پدیده‌های آب‌وهوایی اثر دارد؟","دما و فشار هوا","املای واژه‌ها","ساختار سلول","تعداد صفحات کتاب","A","تغییرات دما و فشار از عوامل مهم در پدیده‌های جوی هستند.","ترنم همدلی","original","1405"
"دوازدهم","انسانی","جغرافیا","جغرافیا","مفاهیم جغرافیا","مفاهیم پایه","درک مفهومی","متوسط","جغرافیا بیشتر به چه چیزی می‌پردازد؟","رابطه انسان و محیط و پراکندگی پدیده‌ها","ساختار واژه‌ها","واکنش‌های شیمیایی","قواعد ضرب","A","جغرافیا پراکندگی پدیده‌ها و رابطه انسان و محیط را بررسی می‌کند.","ترنم همدلی","original","1405"
"دوازدهم","انسانی","جغرافیا","جغرافیا","مفاهیم جغرافیا","مفاهیم پایه","درک مفهومی","آسان","مقیاس نقشه چه رابطه‌ای را نشان می‌دهد؟","رابطه فاصله روی نقشه با فاصله واقعی","رابطه دما با فشار","رابطه جرم با حجم","رابطه واژه با معنا","A","مقیاس نسبت فاصله روی نقشه به فاصله واقعی را بیان می‌کند.","ترنم همدلی","original","1405"
"دوازدهم","انسانی","جغرافیا","جغرافیا","مفاهیم جغرافیا","مفاهیم پایه","درک مفهومی","متوسط","کدام عامل مستقیماً بر شکل‌گیری بسیاری از پدیده‌های آب‌وهوایی اثر دارد؟","دما و فشار هوا","املای واژه‌ها","ساختار سلول","تعداد صفحات کتاب","A","تغییرات دما و فشار از عوامل مهم در پدیده‌های جوی هستند.","ترنم همدلی","original","1405"
"دوازدهم","انسانی","جغرافیا","جغرافیا","مفاهیم جغرافیا","مفاهیم پایه","درک مفهومی","متوسط","جغرافیا بیشتر به چه چیزی می‌پردازد؟","رابطه انسان و محیط و پراکندگی پدیده‌ها","ساختار واژه‌ها","واکنش‌های شیمیایی","قواعد ضرب","A","جغرافیا پراکندگی پدیده‌ها و رابطه انسان و محیط را بررسی می‌کند.","ترنم همدلی","original","1405"
"دوازدهم","انسانی","جغرافیا","جغرافیا","مفاهیم جغرافیا","مفاهیم پایه","درک مفهومی","آسان","مقیاس نقشه چه رابطه‌ای را نشان می‌دهد؟","رابطه فاصله روی نقشه با فاصله واقعی","رابطه دما با فشار","رابطه جرم با حجم","رابطه واژه با معنا","A","مقیاس نسبت فاصله روی نقشه به فاصله واقعی را بیان می‌کند.","ترنم همدلی","original","1405"
"دوازدهم","انسانی","جغرافیا","جغرافیا","مفاهیم جغرافیا","مفاهیم پایه","درک مفهومی","متوسط","کدام عامل مستقیماً بر شکل‌گیری بسیاری از پدیده‌های آب‌وهوایی اثر دارد؟","دما و فشار هوا","املای واژه‌ها","ساختار سلول","تعداد صفحات کتاب","A","تغییرات دما و فشار از عوامل مهم در پدیده‌های جوی هستند.","ترنم همدلی","original","1405"
"دوازدهم","انسانی","جغرافیا","جغرافیا","مفاهیم جغرافیا","مفاهیم پایه","درک مفهومی","متوسط","جغرافیا بیشتر به چه چیزی می‌پردازد؟","رابطه انسان و محیط و پراکندگی پدیده‌ها","ساختار واژه‌ها","واکنش‌های شیمیایی","قواعد ضرب","A","جغرافیا پراکندگی پدیده‌ها و رابطه انسان و محیط را بررسی می‌کند.","ترنم همدلی","original","1405"
"دوازدهم","انسانی","جغرافیا","جغرافیا","مفاهیم جغرافیا","مفاهیم پایه","درک مفهومی","آسان","مقیاس نقشه چه رابطه‌ای را نشان می‌دهد؟","رابطه فاصله روی نقشه با فاصله واقعی","رابطه دما با فشار","رابطه جرم با حجم","رابطه واژه با معنا","A","مقیاس نسبت فاصله روی نقشه به فاصله واقعی را بیان می‌کند.","ترنم همدلی","original","1405"
"دوازدهم","انسانی","جغرافیا","جغرافیا","مفاهیم جغرافیا","مفاهیم پایه","درک مفهومی","متوسط","کدام عامل مستقیماً بر شکل‌گیری بسیاری از پدیده‌های آب‌وهوایی اثر دارد؟","دما و فشار هوا","املای واژه‌ها","ساختار سلول","تعداد صفحات کتاب","A","تغییرات دما و فشار از عوامل مهم در پدیده‌های جوی هستند.","ترنم همدلی","original","1405"
"دوازدهم","انسانی","جغرافیا","جغرافیا","مفاهیم جغرافیا","مفاهیم پایه","درک مفهومی","متوسط","جغرافیا بیشتر به چه چیزی می‌پردازد؟","رابطه انسان و محیط و پراکندگی پدیده‌ها","ساختار واژه‌ها","واکنش‌های شیمیایی","قواعد ضرب","A","جغرافیا پراکندگی پدیده‌ها و رابطه انسان و محیط را بررسی می‌کند.","ترنم همدلی","original","1405"
"دوازدهم","انسانی","جغرافیا","جغرافیا","مفاهیم جغرافیا","مفاهیم پایه","درک مفهومی","آسان","مقیاس نقشه چه رابطه‌ای را نشان می‌دهد؟","رابطه فاصله روی نقشه با فاصله واقعی","رابطه دما با فشار","رابطه جرم با حجم","رابطه واژه با معنا","A","مقیاس نسبت فاصله روی نقشه به فاصله واقعی را بیان می‌کند.","ترنم همدلی","original","1405"
"دوازدهم","انسانی","جغرافیا","جغرافیا","مفاهیم جغرافیا","مفاهیم پایه","درک مفهومی","متوسط","کدام عامل مستقیماً بر شکل‌گیری بسیاری از پدیده‌های آب‌وهوایی اثر دارد؟","دما و فشار هوا","املای واژه‌ها","ساختار سلول","تعداد صفحات کتاب","A","تغییرات دما و فشار از عوامل مهم در پدیده‌های جوی هستند.","ترنم همدلی","original","1405"
"دوازدهم","انسانی","جغرافیا","جغرافیا","مفاهیم جغرافیا","مفاهیم پایه","درک مفهومی","متوسط","جغرافیا بیشتر به چه چیزی می‌پردازد؟","رابطه انسان و محیط و پراکندگی پدیده‌ها","ساختار واژه‌ها","واکنش‌های شیمیایی","قواعد ضرب","A","جغرافیا پراکندگی پدیده‌ها و رابطه انسان و محیط را بررسی می‌کند.","ترنم همدلی","original","1405"
"دوازدهم","انسانی","جغرافیا","جغرافیا","مفاهیم جغرافیا","مفاهیم پایه","درک مفهومی","آسان","مقیاس نقشه چه رابطه‌ای را نشان می‌دهد؟","رابطه فاصله روی نقشه با فاصله واقعی","رابطه دما با فشار","رابطه جرم با حجم","رابطه واژه با معنا","A","مقیاس نسبت فاصله روی نقشه به فاصله واقعی را بیان می‌کند.","ترنم همدلی","original","1405"
"دوازدهم","انسانی","جغرافیا","جغرافیا","مفاهیم جغرافیا","مفاهیم پایه","درک مفهومی","متوسط","کدام عامل مستقیماً بر شکل‌گیری بسیاری از پدیده‌های آب‌وهوایی اثر دارد؟","دما و فشار هوا","املای واژه‌ها","ساختار سلول","تعداد صفحات کتاب","A","تغییرات دما و فشار از عوامل مهم در پدیده‌های جوی هستند.","ترنم همدلی","original","1405"
"دوازدهم","انسانی","جغرافیا","جغرافیا","مفاهیم جغرافیا","مفاهیم پایه","درک مفهومی","متوسط","جغرافیا بیشتر به چه چیزی می‌پردازد؟","رابطه انسان و محیط و پراکندگی پدیده‌ها","ساختار واژه‌ها","واکنش‌های شیمیایی","قواعد ضرب","A","جغرافیا پراکندگی پدیده‌ها و رابطه انسان و محیط را بررسی می‌کند.","ترنم همدلی","original","1405"
"دوازدهم","انسانی","جغرافیا","جغرافیا","مفاهیم جغرافیا","مفاهیم پایه","درک مفهومی","آسان","مقیاس نقشه چه رابطه‌ای را نشان می‌دهد؟","رابطه فاصله روی نقشه با فاصله واقعی","رابطه دما با فشار","رابطه جرم با حجم","رابطه واژه با معنا","A","مقیاس نسبت فاصله روی نقشه به فاصله واقعی را بیان می‌کند.","ترنم همدلی","original","1405"
"دوازدهم","انسانی","جغرافیا","جغرافیا","مفاهیم جغرافیا","مفاهیم پایه","درک مفهومی","متوسط","کدام عامل مستقیماً بر شکل‌گیری بسیاری از پدیده‌های آب‌وهوایی اثر دارد؟","دما و فشار هوا","املای واژه‌ها","ساختار سلول","تعداد صفحات کتاب","A","تغییرات دما و فشار از عوامل مهم در پدیده‌های جوی هستند.","ترنم همدلی","original","1405"
"دوازدهم","انسانی","جغرافیا","جغرافیا","مفاهیم جغرافیا","مفاهیم پایه","درک مفهومی","متوسط","جغرافیا بیشتر به چه چیزی می‌پردازد؟","رابطه انسان و محیط و پراکندگی پدیده‌ها","ساختار واژه‌ها","واکنش‌های شیمیایی","قواعد ضرب","A","جغرافیا پراکندگی پدیده‌ها و رابطه انسان و محیط را بررسی می‌کند.","ترنم همدلی","original","1405"
"دوازدهم","انسانی","جغرافیا","جغرافیا","مفاهیم جغرافیا","مفاهیم پایه","درک مفهومی","آسان","مقیاس نقشه چه رابطه‌ای را نشان می‌دهد؟","رابطه فاصله روی نقشه با فاصله واقعی","رابطه دما با فشار","رابطه جرم با حجم","رابطه واژه با معنا","A","مقیاس نسبت فاصله روی نقشه به فاصله واقعی را بیان می‌کند.","ترنم همدلی","original","1405"
"دوازدهم","انسانی","جغرافیا","جغرافیا","مفاهیم جغرافیا","مفاهیم پایه","درک مفهومی","متوسط","کدام عامل مستقیماً بر شکل‌گیری بسیاری از پدیده‌های آب‌وهوایی اثر دارد؟","دما و فشار هوا","املای واژه‌ها","ساختار سلول","تعداد صفحات کتاب","A","تغییرات دما و فشار از عوامل مهم در پدیده‌های جوی هستند.","ترنم همدلی","original","1405"
"دوازدهم","انسانی","جغرافیا","جغرافیا","مفاهیم جغرافیا","مفاهیم پایه","درک مفهومی","متوسط","جغرافیا بیشتر به چه چیزی می‌پردازد؟","رابطه انسان و محیط و پراکندگی پدیده‌ها","ساختار واژه‌ها","واکنش‌های شیمیایی","قواعد ضرب","A","جغرافیا پراکندگی پدیده‌ها و رابطه انسان و محیط را بررسی می‌کند.","ترنم همدلی","original","1405"
"دوازدهم","انسانی","جغرافیا","جغرافیا","مفاهیم جغرافیا","مفاهیم پایه","درک مفهومی","آسان","مقیاس نقشه چه رابطه‌ای را نشان می‌دهد؟","رابطه فاصله روی نقشه با فاصله واقعی","رابطه دما با فشار","رابطه جرم با حجم","رابطه واژه با معنا","A","مقیاس نسبت فاصله روی نقشه به فاصله واقعی را بیان می‌کند.","ترنم همدلی","original","1405"
"دوازدهم","انسانی","جغرافیا","جغرافیا","مفاهیم جغرافیا","مفاهیم پایه","درک مفهومی","متوسط","کدام عامل مستقیماً بر شکل‌گیری بسیاری از پدیده‌های آب‌وهوایی اثر دارد؟","دما و فشار هوا","املای واژه‌ها","ساختار سلول","تعداد صفحات کتاب","A","تغییرات دما و فشار از عوامل مهم در پدیده‌های جوی هستند.","ترنم همدلی","original","1405"
"دوازدهم","انسانی","جغرافیا","جغرافیا","مفاهیم جغرافیا","مفاهیم پایه","درک مفهومی","متوسط","جغرافیا بیشتر به چه چیزی می‌پردازد؟","رابطه انسان و محیط و پراکندگی پدیده‌ها","ساختار واژه‌ها","واکنش‌های شیمیایی","قواعد ضرب","A","جغرافیا پراکندگی پدیده‌ها و رابطه انسان و محیط را بررسی می‌کند.","ترنم همدلی","original","1405"
"دوازدهم","انسانی","جغرافیا","جغرافیا","مفاهیم جغرافیا","مفاهیم پایه","درک مفهومی","آسان","مقیاس نقشه چه رابطه‌ای را نشان می‌دهد؟","رابطه فاصله روی نقشه با فاصله واقعی","رابطه دما با فشار","رابطه جرم با حجم","رابطه واژه با معنا","A","مقیاس نسبت فاصله روی نقشه به فاصله واقعی را بیان می‌کند.","ترنم همدلی","original","1405"
"دوازدهم","انسانی","جغرافیا","جغرافیا","مفاهیم جغرافیا","مفاهیم پایه","درک مفهومی","متوسط","کدام عامل مستقیماً بر شکل‌گیری بسیاری از پدیده‌های آب‌وهوایی اثر دارد؟","دما و فشار هوا","املای واژه‌ها","ساختار سلول","تعداد صفحات کتاب","A","تغییرات دما و فشار از عوامل مهم در پدیده‌های جوی هستند.","ترنم همدلی","original","1405"
"دوازدهم","انسانی","جغرافیا","جغرافیا","مفاهیم جغرافیا","مفاهیم پایه","درک مفهومی","متوسط","جغرافیا بیشتر به چه چیزی می‌پردازد؟","رابطه انسان و محیط و پراکندگی پدیده‌ها","ساختار واژه‌ها","واکنش‌های شیمیایی","قواعد ضرب","A","جغرافیا پراکندگی پدیده‌ها و رابطه انسان و محیط را بررسی می‌کند.","ترنم همدلی","original","1405"
"دوازدهم","انسانی","جغرافیا","جغرافیا","مفاهیم جغرافیا","مفاهیم پایه","درک مفهومی","آسان","مقیاس نقشه چه رابطه‌ای را نشان می‌دهد؟","رابطه فاصله روی نقشه با فاصله واقعی","رابطه دما با فشار","رابطه جرم با حجم","رابطه واژه با معنا","A","مقیاس نسبت فاصله روی نقشه به فاصله واقعی را بیان می‌کند.","ترنم همدلی","original","1405"
"دوازدهم","انسانی","جغرافیا","جغرافیا","مفاهیم جغرافیا","مفاهیم پایه","درک مفهومی","متوسط","کدام عامل مستقیماً بر شکل‌گیری بسیاری از پدیده‌های آب‌وهوایی اثر دارد؟","دما و فشار هوا","املای واژه‌ها","ساختار سلول","تعداد صفحات کتاب","A","تغییرات دما و فشار از عوامل مهم در پدیده‌های جوی هستند.","ترنم همدلی","original","1405"
"دوازدهم","انسانی","جغرافیا","جغرافیا","مفاهیم جغرافیا","مفاهیم پایه","درک مفهومی","متوسط","جغرافیا بیشتر به چه چیزی می‌پردازد؟","رابطه انسان و محیط و پراکندگی پدیده‌ها","ساختار واژه‌ها","واکنش‌های شیمیایی","قواعد ضرب","A","جغرافیا پراکندگی پدیده‌ها و رابطه انسان و محیط را بررسی می‌کند.","ترنم همدلی","original","1405"
"دوازدهم","انسانی","جغرافیا","جغرافیا","مفاهیم جغرافیا","مفاهیم پایه","درک مفهومی","آسان","مقیاس نقشه چه رابطه‌ای را نشان می‌دهد؟","رابطه فاصله روی نقشه با فاصله واقعی","رابطه دما با فشار","رابطه جرم با حجم","رابطه واژه با معنا","A","مقیاس نسبت فاصله روی نقشه به فاصله واقعی را بیان می‌کند.","ترنم همدلی","original","1405"
"دوازدهم","انسانی","جغرافیا","جغرافیا","مفاهیم جغرافیا","مفاهیم پایه","درک مفهومی","متوسط","کدام عامل مستقیماً بر شکل‌گیری بسیاری از پدیده‌های آب‌وهوایی اثر دارد؟","دما و فشار هوا","املای واژه‌ها","ساختار سلول","تعداد صفحات کتاب","A","تغییرات دما و فشار از عوامل مهم در پدیده‌های جوی هستند.","ترنم همدلی","original","1405"
"دوازدهم","انسانی","جغرافیا","جغرافیا","مفاهیم جغرافیا","مفاهیم پایه","درک مفهومی","متوسط","جغرافیا بیشتر به چه چیزی می‌پردازد؟","رابطه انسان و محیط و پراکندگی پدیده‌ها","ساختار واژه‌ها","واکنش‌های شیمیایی","قواعد ضرب","A","جغرافیا پراکندگی پدیده‌ها و رابطه انسان و محیط را بررسی می‌کند.","ترنم همدلی","original","1405"
"دوازدهم","انسانی","جغرافیا","جغرافیا","مفاهیم جغرافیا","مفاهیم پایه","درک مفهومی","آسان","مقیاس نقشه چه رابطه‌ای را نشان می‌دهد؟","رابطه فاصله روی نقشه با فاصله واقعی","رابطه دما با فشار","رابطه جرم با حجم","رابطه واژه با معنا","A","مقیاس نسبت فاصله روی نقشه به فاصله واقعی را بیان می‌کند.","ترنم همدلی","original","1405"
"دوازدهم","انسانی","جغرافیا","جغرافیا","مفاهیم جغرافیا","مفاهیم پایه","درک مفهومی","متوسط","کدام عامل مستقیماً بر شکل‌گیری بسیاری از پدیده‌های آب‌وهوایی اثر دارد؟","دما و فشار هوا","املای واژه‌ها","ساختار سلول","تعداد صفحات کتاب","A","تغییرات دما و فشار از عوامل مهم در پدیده‌های جوی هستند.","ترنم همدلی","original","1405"
"دوازدهم","انسانی","جغرافیا","جغرافیا","مفاهیم جغرافیا","مفاهیم پایه","درک مفهومی","متوسط","جغرافیا بیشتر به چه چیزی می‌پردازد؟","رابطه انسان و محیط و پراکندگی پدیده‌ها","ساختار واژه‌ها","واکنش‌های شیمیایی","قواعد ضرب","A","جغرافیا پراکندگی پدیده‌ها و رابطه انسان و محیط را بررسی می‌کند.","ترنم همدلی","original","1405"
"دوازدهم","انسانی","جغرافیا","جغرافیا","مفاهیم جغرافیا","مفاهیم پایه","درک مفهومی","آسان","مقیاس نقشه چه رابطه‌ای را نشان می‌دهد؟","رابطه فاصله روی نقشه با فاصله واقعی","رابطه دما با فشار","رابطه جرم با حجم","رابطه واژه با معنا","A","مقیاس نسبت فاصله روی نقشه به فاصله واقعی را بیان می‌کند.","ترنم همدلی","original","1405"
"دوازدهم","انسانی","جغرافیا","جغرافیا","مفاهیم جغرافیا","مفاهیم پایه","درک مفهومی","متوسط","کدام عامل مستقیماً بر شکل‌گیری بسیاری از پدیده‌های آب‌وهوایی اثر دارد؟","دما و فشار هوا","املای واژه‌ها","ساختار سلول","تعداد صفحات کتاب","A","تغییرات دما و فشار از عوامل مهم در پدیده‌های جوی هستند.","ترنم همدلی","original","1405"
"دوازدهم","انسانی","جغرافیا","جغرافیا","مفاهیم جغرافیا","مفاهیم پایه","درک مفهومی","متوسط","جغرافیا بیشتر به چه چیزی می‌پردازد؟","رابطه انسان و محیط و پراکندگی پدیده‌ها","ساختار واژه‌ها","واکنش‌های شیمیایی","قواعد ضرب","A","جغرافیا پراکندگی پدیده‌ها و رابطه انسان و محیط را بررسی می‌کند.","ترنم همدلی","original","1405"
"دوازدهم","انسانی","جغرافیا","جغرافیا","مفاهیم جغرافیا","مفاهیم پایه","درک مفهومی","آسان","مقیاس نقشه چه رابطه‌ای را نشان می‌دهد؟","رابطه فاصله روی نقشه با فاصله واقعی","رابطه دما با فشار","رابطه جرم با حجم","رابطه واژه با معنا","A","مقیاس نسبت فاصله روی نقشه به فاصله واقعی را بیان می‌کند.","ترنم همدلی","original","1405"
"دوازدهم","انسانی","جغرافیا","جغرافیا","مفاهیم جغرافیا","مفاهیم پایه","درک مفهومی","متوسط","کدام عامل مستقیماً بر شکل‌گیری بسیاری از پدیده‌های آب‌وهوایی اثر دارد؟","دما و فشار هوا","املای واژه‌ها","ساختار سلول","تعداد صفحات کتاب","A","تغییرات دما و فشار از عوامل مهم در پدیده‌های جوی هستند.","ترنم همدلی","original","1405"
"دوازدهم","انسانی","جغرافیا","جغرافیا","مفاهیم جغرافیا","مفاهیم پایه","درک مفهومی","متوسط","جغرافیا بیشتر به چه چیزی می‌پردازد؟","رابطه انسان و محیط و پراکندگی پدیده‌ها","ساختار واژه‌ها","واکنش‌های شیمیایی","قواعد ضرب","A","جغرافیا پراکندگی پدیده‌ها و رابطه انسان و محیط را بررسی می‌کند.","ترنم همدلی","original","1405"
"دوازدهم","انسانی","جغرافیا","جغرافیا","مفاهیم جغرافیا","مفاهیم پایه","درک مفهومی","آسان","مقیاس نقشه چه رابطه‌ای را نشان می‌دهد؟","رابطه فاصله روی نقشه با فاصله واقعی","رابطه دما با فشار","رابطه جرم با حجم","رابطه واژه با معنا","A","مقیاس نسبت فاصله روی نقشه به فاصله واقعی را بیان می‌کند.","ترنم همدلی","original","1405"
"دوازدهم","انسانی","جغرافیا","جغرافیا","مفاهیم جغرافیا","مفاهیم پایه","درک مفهومی","متوسط","کدام عامل مستقیماً بر شکل‌گیری بسیاری از پدیده‌های آب‌وهوایی اثر دارد؟","دما و فشار هوا","املای واژه‌ها","ساختار سلول","تعداد صفحات کتاب","A","تغییرات دما و فشار از عوامل مهم در پدیده‌های جوی هستند.","ترنم همدلی","original","1405"
"دوازدهم","انسانی","جغرافیا","جغرافیا","مفاهیم جغرافیا","مفاهیم پایه","درک مفهومی","متوسط","جغرافیا بیشتر به چه چیزی می‌پردازد؟","رابطه انسان و محیط و پراکندگی پدیده‌ها","ساختار واژه‌ها","واکنش‌های شیمیایی","قواعد ضرب","A","جغرافیا پراکندگی پدیده‌ها و رابطه انسان و محیط را بررسی می‌کند.","ترنم همدلی","original","1405"
"دوازدهم","انسانی","جغرافیا","جغرافیا","مفاهیم جغرافیا","مفاهیم پایه","درک مفهومی","آسان","مقیاس نقشه چه رابطه‌ای را نشان می‌دهد؟","رابطه فاصله روی نقشه با فاصله واقعی","رابطه دما با فشار","رابطه جرم با حجم","رابطه واژه با معنا","A","مقیاس نسبت فاصله روی نقشه به فاصله واقعی را بیان می‌کند.","ترنم همدلی","original","1405"
"دهم","انسانی","جامعه‌شناسی","جامعه‌شناسی","مفاهیم پایه","مفاهیم اساسی","درک مفهومی","آسان","جامعه‌شناسی چه چیزی را مطالعه می‌کند؟","روابط و پدیده‌های اجتماعی","ساختار اتم","محاسبات هندسی","ساختار گیاه","A","جامعه‌شناسی پدیده‌ها، روابط و ساختارهای اجتماعی را بررسی می‌کند.","ترنم همدلی","original","1405"
"دهم","انسانی","جامعه‌شناسی","جامعه‌شناسی","مفاهیم پایه","مفاهیم اساسی","درک مفهومی","متوسط","هنجار اجتماعی چیست؟","قاعده یا انتظار پذیرفته‌شده در یک جامعه","واحد اندازه‌گیری نیرو","نوعی سلول","عدد اتمی","A","هنجارها الگوهای پذیرفته‌شده رفتار در یک جامعه‌اند.","ترنم همدلی","original","1405"
"دهم","انسانی","جامعه‌شناسی","جامعه‌شناسی","مفاهیم پایه","مفاهیم اساسی","درک مفهومی","متوسط","فرهنگ در علوم اجتماعی به چه حوزه‌ای مربوط است؟","ارزش‌ها، باورها و الگوهای مشترک زندگی","فقط جرم و حجم","فقط ساختار اتم","فقط محاسبات","A","فرهنگ مجموعه‌ای از ارزش‌ها، باورها و الگوهای مشترک زندگی اجتماعی است.","ترنم همدلی","original","1405"
"دهم","انسانی","جامعه‌شناسی","جامعه‌شناسی","مفاهیم پایه","مفاهیم اساسی","درک مفهومی","آسان","جامعه‌شناسی چه چیزی را مطالعه می‌کند؟","روابط و پدیده‌های اجتماعی","ساختار اتم","محاسبات هندسی","ساختار گیاه","A","جامعه‌شناسی پدیده‌ها، روابط و ساختارهای اجتماعی را بررسی می‌کند.","ترنم همدلی","original","1405"
"دهم","انسانی","جامعه‌شناسی","جامعه‌شناسی","مفاهیم پایه","مفاهیم اساسی","درک مفهومی","متوسط","هنجار اجتماعی چیست؟","قاعده یا انتظار پذیرفته‌شده در یک جامعه","واحد اندازه‌گیری نیرو","نوعی سلول","عدد اتمی","A","هنجارها الگوهای پذیرفته‌شده رفتار در یک جامعه‌اند.","ترنم همدلی","original","1405"
"دهم","انسانی","جامعه‌شناسی","جامعه‌شناسی","مفاهیم پایه","مفاهیم اساسی","درک مفهومی","متوسط","فرهنگ در علوم اجتماعی به چه حوزه‌ای مربوط است؟","ارزش‌ها، باورها و الگوهای مشترک زندگی","فقط جرم و حجم","فقط ساختار اتم","فقط محاسبات","A","فرهنگ مجموعه‌ای از ارزش‌ها، باورها و الگوهای مشترک زندگی اجتماعی است.","ترنم همدلی","original","1405"
"دهم","انسانی","جامعه‌شناسی","جامعه‌شناسی","مفاهیم پایه","مفاهیم اساسی","درک مفهومی","آسان","جامعه‌شناسی چه چیزی را مطالعه می‌کند؟","روابط و پدیده‌های اجتماعی","ساختار اتم","محاسبات هندسی","ساختار گیاه","A","جامعه‌شناسی پدیده‌ها، روابط و ساختارهای اجتماعی را بررسی می‌کند.","ترنم همدلی","original","1405"
"دهم","انسانی","جامعه‌شناسی","جامعه‌شناسی","مفاهیم پایه","مفاهیم اساسی","درک مفهومی","متوسط","هنجار اجتماعی چیست؟","قاعده یا انتظار پذیرفته‌شده در یک جامعه","واحد اندازه‌گیری نیرو","نوعی سلول","عدد اتمی","A","هنجارها الگوهای پذیرفته‌شده رفتار در یک جامعه‌اند.","ترنم همدلی","original","1405"
"دهم","انسانی","جامعه‌شناسی","جامعه‌شناسی","مفاهیم پایه","مفاهیم اساسی","درک مفهومی","متوسط","فرهنگ در علوم اجتماعی به چه حوزه‌ای مربوط است؟","ارزش‌ها، باورها و الگوهای مشترک زندگی","فقط جرم و حجم","فقط ساختار اتم","فقط محاسبات","A","فرهنگ مجموعه‌ای از ارزش‌ها، باورها و الگوهای مشترک زندگی اجتماعی است.","ترنم همدلی","original","1405"
"دهم","انسانی","جامعه‌شناسی","جامعه‌شناسی","مفاهیم پایه","مفاهیم اساسی","درک مفهومی","آسان","جامعه‌شناسی چه چیزی را مطالعه می‌کند؟","روابط و پدیده‌های اجتماعی","ساختار اتم","محاسبات هندسی","ساختار گیاه","A","جامعه‌شناسی پدیده‌ها، روابط و ساختارهای اجتماعی را بررسی می‌کند.","ترنم همدلی","original","1405"
"دهم","انسانی","جامعه‌شناسی","جامعه‌شناسی","مفاهیم پایه","مفاهیم اساسی","درک مفهومی","متوسط","هنجار اجتماعی چیست؟","قاعده یا انتظار پذیرفته‌شده در یک جامعه","واحد اندازه‌گیری نیرو","نوعی سلول","عدد اتمی","A","هنجارها الگوهای پذیرفته‌شده رفتار در یک جامعه‌اند.","ترنم همدلی","original","1405"
"دهم","انسانی","جامعه‌شناسی","جامعه‌شناسی","مفاهیم پایه","مفاهیم اساسی","درک مفهومی","متوسط","فرهنگ در علوم اجتماعی به چه حوزه‌ای مربوط است؟","ارزش‌ها، باورها و الگوهای مشترک زندگی","فقط جرم و حجم","فقط ساختار اتم","فقط محاسبات","A","فرهنگ مجموعه‌ای از ارزش‌ها، باورها و الگوهای مشترک زندگی اجتماعی است.","ترنم همدلی","original","1405"
"دهم","انسانی","جامعه‌شناسی","جامعه‌شناسی","مفاهیم پایه","مفاهیم اساسی","درک مفهومی","آسان","جامعه‌شناسی چه چیزی را مطالعه می‌کند؟","روابط و پدیده‌های اجتماعی","ساختار اتم","محاسبات هندسی","ساختار گیاه","A","جامعه‌شناسی پدیده‌ها، روابط و ساختارهای اجتماعی را بررسی می‌کند.","ترنم همدلی","original","1405"
"دهم","انسانی","جامعه‌شناسی","جامعه‌شناسی","مفاهیم پایه","مفاهیم اساسی","درک مفهومی","متوسط","هنجار اجتماعی چیست؟","قاعده یا انتظار پذیرفته‌شده در یک جامعه","واحد اندازه‌گیری نیرو","نوعی سلول","عدد اتمی","A","هنجارها الگوهای پذیرفته‌شده رفتار در یک جامعه‌اند.","ترنم همدلی","original","1405"
"دهم","انسانی","جامعه‌شناسی","جامعه‌شناسی","مفاهیم پایه","مفاهیم اساسی","درک مفهومی","متوسط","فرهنگ در علوم اجتماعی به چه حوزه‌ای مربوط است؟","ارزش‌ها، باورها و الگوهای مشترک زندگی","فقط جرم و حجم","فقط ساختار اتم","فقط محاسبات","A","فرهنگ مجموعه‌ای از ارزش‌ها، باورها و الگوهای مشترک زندگی اجتماعی است.","ترنم همدلی","original","1405"
"دهم","انسانی","جامعه‌شناسی","جامعه‌شناسی","مفاهیم پایه","مفاهیم اساسی","درک مفهومی","آسان","جامعه‌شناسی چه چیزی را مطالعه می‌کند؟","روابط و پدیده‌های اجتماعی","ساختار اتم","محاسبات هندسی","ساختار گیاه","A","جامعه‌شناسی پدیده‌ها، روابط و ساختارهای اجتماعی را بررسی می‌کند.","ترنم همدلی","original","1405"
"دهم","انسانی","جامعه‌شناسی","جامعه‌شناسی","مفاهیم پایه","مفاهیم اساسی","درک مفهومی","متوسط","هنجار اجتماعی چیست؟","قاعده یا انتظار پذیرفته‌شده در یک جامعه","واحد اندازه‌گیری نیرو","نوعی سلول","عدد اتمی","A","هنجارها الگوهای پذیرفته‌شده رفتار در یک جامعه‌اند.","ترنم همدلی","original","1405"
"دهم","انسانی","جامعه‌شناسی","جامعه‌شناسی","مفاهیم پایه","مفاهیم اساسی","درک مفهومی","متوسط","فرهنگ در علوم اجتماعی به چه حوزه‌ای مربوط است؟","ارزش‌ها، باورها و الگوهای مشترک زندگی","فقط جرم و حجم","فقط ساختار اتم","فقط محاسبات","A","فرهنگ مجموعه‌ای از ارزش‌ها، باورها و الگوهای مشترک زندگی اجتماعی است.","ترنم همدلی","original","1405"
"دهم","انسانی","جامعه‌شناسی","جامعه‌شناسی","مفاهیم پایه","مفاهیم اساسی","درک مفهومی","آسان","جامعه‌شناسی چه چیزی را مطالعه می‌کند؟","روابط و پدیده‌های اجتماعی","ساختار اتم","محاسبات هندسی","ساختار گیاه","A","جامعه‌شناسی پدیده‌ها، روابط و ساختارهای اجتماعی را بررسی می‌کند.","ترنم همدلی","original","1405"
"دهم","انسانی","جامعه‌شناسی","جامعه‌شناسی","مفاهیم پایه","مفاهیم اساسی","درک مفهومی","متوسط","هنجار اجتماعی چیست؟","قاعده یا انتظار پذیرفته‌شده در یک جامعه","واحد اندازه‌گیری نیرو","نوعی سلول","عدد اتمی","A","هنجارها الگوهای پذیرفته‌شده رفتار در یک جامعه‌اند.","ترنم همدلی","original","1405"
"دهم","انسانی","جامعه‌شناسی","جامعه‌شناسی","مفاهیم پایه","مفاهیم اساسی","درک مفهومی","متوسط","فرهنگ در علوم اجتماعی به چه حوزه‌ای مربوط است؟","ارزش‌ها، باورها و الگوهای مشترک زندگی","فقط جرم و حجم","فقط ساختار اتم","فقط محاسبات","A","فرهنگ مجموعه‌ای از ارزش‌ها، باورها و الگوهای مشترک زندگی اجتماعی است.","ترنم همدلی","original","1405"
"دهم","انسانی","جامعه‌شناسی","جامعه‌شناسی","مفاهیم پایه","مفاهیم اساسی","درک مفهومی","آسان","جامعه‌شناسی چه چیزی را مطالعه می‌کند؟","روابط و پدیده‌های اجتماعی","ساختار اتم","محاسبات هندسی","ساختار گیاه","A","جامعه‌شناسی پدیده‌ها، روابط و ساختارهای اجتماعی را بررسی می‌کند.","ترنم همدلی","original","1405"
"دهم","انسانی","جامعه‌شناسی","جامعه‌شناسی","مفاهیم پایه","مفاهیم اساسی","درک مفهومی","متوسط","هنجار اجتماعی چیست؟","قاعده یا انتظار پذیرفته‌شده در یک جامعه","واحد اندازه‌گیری نیرو","نوعی سلول","عدد اتمی","A","هنجارها الگوهای پذیرفته‌شده رفتار در یک جامعه‌اند.","ترنم همدلی","original","1405"
"دهم","انسانی","جامعه‌شناسی","جامعه‌شناسی","مفاهیم پایه","مفاهیم اساسی","درک مفهومی","متوسط","فرهنگ در علوم اجتماعی به چه حوزه‌ای مربوط است؟","ارزش‌ها، باورها و الگوهای مشترک زندگی","فقط جرم و حجم","فقط ساختار اتم","فقط محاسبات","A","فرهنگ مجموعه‌ای از ارزش‌ها، باورها و الگوهای مشترک زندگی اجتماعی است.","ترنم همدلی","original","1405"
"دهم","انسانی","جامعه‌شناسی","جامعه‌شناسی","مفاهیم پایه","مفاهیم اساسی","درک مفهومی","آسان","جامعه‌شناسی چه چیزی را مطالعه می‌کند؟","روابط و پدیده‌های اجتماعی","ساختار اتم","محاسبات هندسی","ساختار گیاه","A","جامعه‌شناسی پدیده‌ها، روابط و ساختارهای اجتماعی را بررسی می‌کند.","ترنم همدلی","original","1405"
"دهم","انسانی","جامعه‌شناسی","جامعه‌شناسی","مفاهیم پایه","مفاهیم اساسی","درک مفهومی","متوسط","هنجار اجتماعی چیست؟","قاعده یا انتظار پذیرفته‌شده در یک جامعه","واحد اندازه‌گیری نیرو","نوعی سلول","عدد اتمی","A","هنجارها الگوهای پذیرفته‌شده رفتار در یک جامعه‌اند.","ترنم همدلی","original","1405"
"دهم","انسانی","جامعه‌شناسی","جامعه‌شناسی","مفاهیم پایه","مفاهیم اساسی","درک مفهومی","متوسط","فرهنگ در علوم اجتماعی به چه حوزه‌ای مربوط است؟","ارزش‌ها، باورها و الگوهای مشترک زندگی","فقط جرم و حجم","فقط ساختار اتم","فقط محاسبات","A","فرهنگ مجموعه‌ای از ارزش‌ها، باورها و الگوهای مشترک زندگی اجتماعی است.","ترنم همدلی","original","1405"
"دهم","انسانی","جامعه‌شناسی","جامعه‌شناسی","مفاهیم پایه","مفاهیم اساسی","درک مفهومی","آسان","جامعه‌شناسی چه چیزی را مطالعه می‌کند؟","روابط و پدیده‌های اجتماعی","ساختار اتم","محاسبات هندسی","ساختار گیاه","A","جامعه‌شناسی پدیده‌ها، روابط و ساختارهای اجتماعی را بررسی می‌کند.","ترنم همدلی","original","1405"
"دهم","انسانی","جامعه‌شناسی","جامعه‌شناسی","مفاهیم پایه","مفاهیم اساسی","درک مفهومی","متوسط","هنجار اجتماعی چیست؟","قاعده یا انتظار پذیرفته‌شده در یک جامعه","واحد اندازه‌گیری نیرو","نوعی سلول","عدد اتمی","A","هنجارها الگوهای پذیرفته‌شده رفتار در یک جامعه‌اند.","ترنم همدلی","original","1405"
"دهم","انسانی","جامعه‌شناسی","جامعه‌شناسی","مفاهیم پایه","مفاهیم اساسی","درک مفهومی","متوسط","فرهنگ در علوم اجتماعی به چه حوزه‌ای مربوط است؟","ارزش‌ها، باورها و الگوهای مشترک زندگی","فقط جرم و حجم","فقط ساختار اتم","فقط محاسبات","A","فرهنگ مجموعه‌ای از ارزش‌ها، باورها و الگوهای مشترک زندگی اجتماعی است.","ترنم همدلی","original","1405"
"دهم","انسانی","جامعه‌شناسی","جامعه‌شناسی","مفاهیم پایه","مفاهیم اساسی","درک مفهومی","آسان","جامعه‌شناسی چه چیزی را مطالعه می‌کند؟","روابط و پدیده‌های اجتماعی","ساختار اتم","محاسبات هندسی","ساختار گیاه","A","جامعه‌شناسی پدیده‌ها، روابط و ساختارهای اجتماعی را بررسی می‌کند.","ترنم همدلی","original","1405"
"دهم","انسانی","جامعه‌شناسی","جامعه‌شناسی","مفاهیم پایه","مفاهیم اساسی","درک مفهومی","متوسط","هنجار اجتماعی چیست؟","قاعده یا انتظار پذیرفته‌شده در یک جامعه","واحد اندازه‌گیری نیرو","نوعی سلول","عدد اتمی","A","هنجارها الگوهای پذیرفته‌شده رفتار در یک جامعه‌اند.","ترنم همدلی","original","1405"
"دهم","انسانی","جامعه‌شناسی","جامعه‌شناسی","مفاهیم پایه","مفاهیم اساسی","درک مفهومی","متوسط","فرهنگ در علوم اجتماعی به چه حوزه‌ای مربوط است؟","ارزش‌ها، باورها و الگوهای مشترک زندگی","فقط جرم و حجم","فقط ساختار اتم","فقط محاسبات","A","فرهنگ مجموعه‌ای از ارزش‌ها، باورها و الگوهای مشترک زندگی اجتماعی است.","ترنم همدلی","original","1405"
"دهم","انسانی","جامعه‌شناسی","جامعه‌شناسی","مفاهیم پایه","مفاهیم اساسی","درک مفهومی","آسان","جامعه‌شناسی چه چیزی را مطالعه می‌کند؟","روابط و پدیده‌های اجتماعی","ساختار اتم","محاسبات هندسی","ساختار گیاه","A","جامعه‌شناسی پدیده‌ها، روابط و ساختارهای اجتماعی را بررسی می‌کند.","ترنم همدلی","original","1405"
"دهم","انسانی","جامعه‌شناسی","جامعه‌شناسی","مفاهیم پایه","مفاهیم اساسی","درک مفهومی","متوسط","هنجار اجتماعی چیست؟","قاعده یا انتظار پذیرفته‌شده در یک جامعه","واحد اندازه‌گیری نیرو","نوعی سلول","عدد اتمی","A","هنجارها الگوهای پذیرفته‌شده رفتار در یک جامعه‌اند.","ترنم همدلی","original","1405"
"دهم","انسانی","جامعه‌شناسی","جامعه‌شناسی","مفاهیم پایه","مفاهیم اساسی","درک مفهومی","متوسط","فرهنگ در علوم اجتماعی به چه حوزه‌ای مربوط است؟","ارزش‌ها، باورها و الگوهای مشترک زندگی","فقط جرم و حجم","فقط ساختار اتم","فقط محاسبات","A","فرهنگ مجموعه‌ای از ارزش‌ها، باورها و الگوهای مشترک زندگی اجتماعی است.","ترنم همدلی","original","1405"
"دهم","انسانی","جامعه‌شناسی","جامعه‌شناسی","مفاهیم پایه","مفاهیم اساسی","درک مفهومی","آسان","جامعه‌شناسی چه چیزی را مطالعه می‌کند؟","روابط و پدیده‌های اجتماعی","ساختار اتم","محاسبات هندسی","ساختار گیاه","A","جامعه‌شناسی پدیده‌ها، روابط و ساختارهای اجتماعی را بررسی می‌کند.","ترنم همدلی","original","1405"
"دهم","انسانی","جامعه‌شناسی","جامعه‌شناسی","مفاهیم پایه","مفاهیم اساسی","درک مفهومی","متوسط","هنجار اجتماعی چیست؟","قاعده یا انتظار پذیرفته‌شده در یک جامعه","واحد اندازه‌گیری نیرو","نوعی سلول","عدد اتمی","A","هنجارها الگوهای پذیرفته‌شده رفتار در یک جامعه‌اند.","ترنم همدلی","original","1405"
"دهم","انسانی","جامعه‌شناسی","جامعه‌شناسی","مفاهیم پایه","مفاهیم اساسی","درک مفهومی","متوسط","فرهنگ در علوم اجتماعی به چه حوزه‌ای مربوط است؟","ارزش‌ها، باورها و الگوهای مشترک زندگی","فقط جرم و حجم","فقط ساختار اتم","فقط محاسبات","A","فرهنگ مجموعه‌ای از ارزش‌ها، باورها و الگوهای مشترک زندگی اجتماعی است.","ترنم همدلی","original","1405"
"دهم","انسانی","جامعه‌شناسی","جامعه‌شناسی","مفاهیم پایه","مفاهیم اساسی","درک مفهومی","آسان","جامعه‌شناسی چه چیزی را مطالعه می‌کند؟","روابط و پدیده‌های اجتماعی","ساختار اتم","محاسبات هندسی","ساختار گیاه","A","جامعه‌شناسی پدیده‌ها، روابط و ساختارهای اجتماعی را بررسی می‌کند.","ترنم همدلی","original","1405"
"دهم","انسانی","جامعه‌شناسی","جامعه‌شناسی","مفاهیم پایه","مفاهیم اساسی","درک مفهومی","متوسط","هنجار اجتماعی چیست؟","قاعده یا انتظار پذیرفته‌شده در یک جامعه","واحد اندازه‌گیری نیرو","نوعی سلول","عدد اتمی","A","هنجارها الگوهای پذیرفته‌شده رفتار در یک جامعه‌اند.","ترنم همدلی","original","1405"
"دهم","انسانی","جامعه‌شناسی","جامعه‌شناسی","مفاهیم پایه","مفاهیم اساسی","درک مفهومی","متوسط","فرهنگ در علوم اجتماعی به چه حوزه‌ای مربوط است؟","ارزش‌ها، باورها و الگوهای مشترک زندگی","فقط جرم و حجم","فقط ساختار اتم","فقط محاسبات","A","فرهنگ مجموعه‌ای از ارزش‌ها، باورها و الگوهای مشترک زندگی اجتماعی است.","ترنم همدلی","original","1405"
"دهم","انسانی","جامعه‌شناسی","جامعه‌شناسی","مفاهیم پایه","مفاهیم اساسی","درک مفهومی","آسان","جامعه‌شناسی چه چیزی را مطالعه می‌کند؟","روابط و پدیده‌های اجتماعی","ساختار اتم","محاسبات هندسی","ساختار گیاه","A","جامعه‌شناسی پدیده‌ها، روابط و ساختارهای اجتماعی را بررسی می‌کند.","ترنم همدلی","original","1405"
"دهم","انسانی","جامعه‌شناسی","جامعه‌شناسی","مفاهیم پایه","مفاهیم اساسی","درک مفهومی","متوسط","هنجار اجتماعی چیست؟","قاعده یا انتظار پذیرفته‌شده در یک جامعه","واحد اندازه‌گیری نیرو","نوعی سلول","عدد اتمی","A","هنجارها الگوهای پذیرفته‌شده رفتار در یک جامعه‌اند.","ترنم همدلی","original","1405"
"دهم","انسانی","جامعه‌شناسی","جامعه‌شناسی","مفاهیم پایه","مفاهیم اساسی","درک مفهومی","متوسط","فرهنگ در علوم اجتماعی به چه حوزه‌ای مربوط است؟","ارزش‌ها، باورها و الگوهای مشترک زندگی","فقط جرم و حجم","فقط ساختار اتم","فقط محاسبات","A","فرهنگ مجموعه‌ای از ارزش‌ها، باورها و الگوهای مشترک زندگی اجتماعی است.","ترنم همدلی","original","1405"
"دهم","انسانی","جامعه‌شناسی","جامعه‌شناسی","مفاهیم پایه","مفاهیم اساسی","درک مفهومی","آسان","جامعه‌شناسی چه چیزی را مطالعه می‌کند؟","روابط و پدیده‌های اجتماعی","ساختار اتم","محاسبات هندسی","ساختار گیاه","A","جامعه‌شناسی پدیده‌ها، روابط و ساختارهای اجتماعی را بررسی می‌کند.","ترنم همدلی","original","1405"
"دهم","انسانی","جامعه‌شناسی","جامعه‌شناسی","مفاهیم پایه","مفاهیم اساسی","درک مفهومی","متوسط","هنجار اجتماعی چیست؟","قاعده یا انتظار پذیرفته‌شده در یک جامعه","واحد اندازه‌گیری نیرو","نوعی سلول","عدد اتمی","A","هنجارها الگوهای پذیرفته‌شده رفتار در یک جامعه‌اند.","ترنم همدلی","original","1405"
"دهم","انسانی","جامعه‌شناسی","جامعه‌شناسی","مفاهیم پایه","مفاهیم اساسی","درک مفهومی","متوسط","فرهنگ در علوم اجتماعی به چه حوزه‌ای مربوط است؟","ارزش‌ها، باورها و الگوهای مشترک زندگی","فقط جرم و حجم","فقط ساختار اتم","فقط محاسبات","A","فرهنگ مجموعه‌ای از ارزش‌ها، باورها و الگوهای مشترک زندگی اجتماعی است.","ترنم همدلی","original","1405"
"دهم","انسانی","جامعه‌شناسی","جامعه‌شناسی","مفاهیم پایه","مفاهیم اساسی","درک مفهومی","آسان","جامعه‌شناسی چه چیزی را مطالعه می‌کند؟","روابط و پدیده‌های اجتماعی","ساختار اتم","محاسبات هندسی","ساختار گیاه","A","جامعه‌شناسی پدیده‌ها، روابط و ساختارهای اجتماعی را بررسی می‌کند.","ترنم همدلی","original","1405"
"دهم","انسانی","جامعه‌شناسی","جامعه‌شناسی","مفاهیم پایه","مفاهیم اساسی","درک مفهومی","متوسط","هنجار اجتماعی چیست؟","قاعده یا انتظار پذیرفته‌شده در یک جامعه","واحد اندازه‌گیری نیرو","نوعی سلول","عدد اتمی","A","هنجارها الگوهای پذیرفته‌شده رفتار در یک جامعه‌اند.","ترنم همدلی","original","1405"
"دهم","انسانی","جامعه‌شناسی","جامعه‌شناسی","مفاهیم پایه","مفاهیم اساسی","درک مفهومی","متوسط","فرهنگ در علوم اجتماعی به چه حوزه‌ای مربوط است؟","ارزش‌ها، باورها و الگوهای مشترک زندگی","فقط جرم و حجم","فقط ساختار اتم","فقط محاسبات","A","فرهنگ مجموعه‌ای از ارزش‌ها، باورها و الگوهای مشترک زندگی اجتماعی است.","ترنم همدلی","original","1405"
"دهم","انسانی","جامعه‌شناسی","جامعه‌شناسی","مفاهیم پایه","مفاهیم اساسی","درک مفهومی","آسان","جامعه‌شناسی چه چیزی را مطالعه می‌کند؟","روابط و پدیده‌های اجتماعی","ساختار اتم","محاسبات هندسی","ساختار گیاه","A","جامعه‌شناسی پدیده‌ها، روابط و ساختارهای اجتماعی را بررسی می‌کند.","ترنم همدلی","original","1405"
"دهم","انسانی","جامعه‌شناسی","جامعه‌شناسی","مفاهیم پایه","مفاهیم اساسی","درک مفهومی","متوسط","هنجار اجتماعی چیست؟","قاعده یا انتظار پذیرفته‌شده در یک جامعه","واحد اندازه‌گیری نیرو","نوعی سلول","عدد اتمی","A","هنجارها الگوهای پذیرفته‌شده رفتار در یک جامعه‌اند.","ترنم همدلی","original","1405"
"دهم","انسانی","جامعه‌شناسی","جامعه‌شناسی","مفاهیم پایه","مفاهیم اساسی","درک مفهومی","متوسط","فرهنگ در علوم اجتماعی به چه حوزه‌ای مربوط است؟","ارزش‌ها، باورها و الگوهای مشترک زندگی","فقط جرم و حجم","فقط ساختار اتم","فقط محاسبات","A","فرهنگ مجموعه‌ای از ارزش‌ها، باورها و الگوهای مشترک زندگی اجتماعی است.","ترنم همدلی","original","1405"
"دهم","انسانی","جامعه‌شناسی","جامعه‌شناسی","مفاهیم پایه","مفاهیم اساسی","درک مفهومی","آسان","جامعه‌شناسی چه چیزی را مطالعه می‌کند؟","روابط و پدیده‌های اجتماعی","ساختار اتم","محاسبات هندسی","ساختار گیاه","A","جامعه‌شناسی پدیده‌ها، روابط و ساختارهای اجتماعی را بررسی می‌کند.","ترنم همدلی","original","1405"
"دهم","انسانی","جامعه‌شناسی","جامعه‌شناسی","مفاهیم پایه","مفاهیم اساسی","درک مفهومی","متوسط","هنجار اجتماعی چیست؟","قاعده یا انتظار پذیرفته‌شده در یک جامعه","واحد اندازه‌گیری نیرو","نوعی سلول","عدد اتمی","A","هنجارها الگوهای پذیرفته‌شده رفتار در یک جامعه‌اند.","ترنم همدلی","original","1405"
"دهم","انسانی","جامعه‌شناسی","جامعه‌شناسی","مفاهیم پایه","مفاهیم اساسی","درک مفهومی","متوسط","فرهنگ در علوم اجتماعی به چه حوزه‌ای مربوط است؟","ارزش‌ها، باورها و الگوهای مشترک زندگی","فقط جرم و حجم","فقط ساختار اتم","فقط محاسبات","A","فرهنگ مجموعه‌ای از ارزش‌ها، باورها و الگوهای مشترک زندگی اجتماعی است.","ترنم همدلی","original","1405"
"دهم","انسانی","جامعه‌شناسی","جامعه‌شناسی","مفاهیم پایه","مفاهیم اساسی","درک مفهومی","آسان","جامعه‌شناسی چه چیزی را مطالعه می‌کند؟","روابط و پدیده‌های اجتماعی","ساختار اتم","محاسبات هندسی","ساختار گیاه","A","جامعه‌شناسی پدیده‌ها، روابط و ساختارهای اجتماعی را بررسی می‌کند.","ترنم همدلی","original","1405"
"دهم","انسانی","جامعه‌شناسی","جامعه‌شناسی","مفاهیم پایه","مفاهیم اساسی","درک مفهومی","متوسط","هنجار اجتماعی چیست؟","قاعده یا انتظار پذیرفته‌شده در یک جامعه","واحد اندازه‌گیری نیرو","نوعی سلول","عدد اتمی","A","هنجارها الگوهای پذیرفته‌شده رفتار در یک جامعه‌اند.","ترنم همدلی","original","1405"
"دهم","انسانی","جامعه‌شناسی","جامعه‌شناسی","مفاهیم پایه","مفاهیم اساسی","درک مفهومی","متوسط","فرهنگ در علوم اجتماعی به چه حوزه‌ای مربوط است؟","ارزش‌ها، باورها و الگوهای مشترک زندگی","فقط جرم و حجم","فقط ساختار اتم","فقط محاسبات","A","فرهنگ مجموعه‌ای از ارزش‌ها، باورها و الگوهای مشترک زندگی اجتماعی است.","ترنم همدلی","original","1405"
"دهم","انسانی","جامعه‌شناسی","جامعه‌شناسی","مفاهیم پایه","مفاهیم اساسی","درک مفهومی","آسان","جامعه‌شناسی چه چیزی را مطالعه می‌کند؟","روابط و پدیده‌های اجتماعی","ساختار اتم","محاسبات هندسی","ساختار گیاه","A","جامعه‌شناسی پدیده‌ها، روابط و ساختارهای اجتماعی را بررسی می‌کند.","ترنم همدلی","original","1405"
"دهم","انسانی","جامعه‌شناسی","جامعه‌شناسی","مفاهیم پایه","مفاهیم اساسی","درک مفهومی","متوسط","هنجار اجتماعی چیست؟","قاعده یا انتظار پذیرفته‌شده در یک جامعه","واحد اندازه‌گیری نیرو","نوعی سلول","عدد اتمی","A","هنجارها الگوهای پذیرفته‌شده رفتار در یک جامعه‌اند.","ترنم همدلی","original","1405"
"دهم","انسانی","جامعه‌شناسی","جامعه‌شناسی","مفاهیم پایه","مفاهیم اساسی","درک مفهومی","متوسط","فرهنگ در علوم اجتماعی به چه حوزه‌ای مربوط است؟","ارزش‌ها، باورها و الگوهای مشترک زندگی","فقط جرم و حجم","فقط ساختار اتم","فقط محاسبات","A","فرهنگ مجموعه‌ای از ارزش‌ها، باورها و الگوهای مشترک زندگی اجتماعی است.","ترنم همدلی","original","1405"
"دهم","انسانی","جامعه‌شناسی","جامعه‌شناسی","مفاهیم پایه","مفاهیم اساسی","درک مفهومی","آسان","جامعه‌شناسی چه چیزی را مطالعه می‌کند؟","روابط و پدیده‌های اجتماعی","ساختار اتم","محاسبات هندسی","ساختار گیاه","A","جامعه‌شناسی پدیده‌ها، روابط و ساختارهای اجتماعی را بررسی می‌کند.","ترنم همدلی","original","1405"
"دهم","انسانی","جامعه‌شناسی","جامعه‌شناسی","مفاهیم پایه","مفاهیم اساسی","درک مفهومی","متوسط","هنجار اجتماعی چیست؟","قاعده یا انتظار پذیرفته‌شده در یک جامعه","واحد اندازه‌گیری نیرو","نوعی سلول","عدد اتمی","A","هنجارها الگوهای پذیرفته‌شده رفتار در یک جامعه‌اند.","ترنم همدلی","original","1405"
"دهم","انسانی","جامعه‌شناسی","جامعه‌شناسی","مفاهیم پایه","مفاهیم اساسی","درک مفهومی","متوسط","فرهنگ در علوم اجتماعی به چه حوزه‌ای مربوط است؟","ارزش‌ها، باورها و الگوهای مشترک زندگی","فقط جرم و حجم","فقط ساختار اتم","فقط محاسبات","A","فرهنگ مجموعه‌ای از ارزش‌ها، باورها و الگوهای مشترک زندگی اجتماعی است.","ترنم همدلی","original","1405"
"دهم","انسانی","جامعه‌شناسی","جامعه‌شناسی","مفاهیم پایه","مفاهیم اساسی","درک مفهومی","آسان","جامعه‌شناسی چه چیزی را مطالعه می‌کند؟","روابط و پدیده‌های اجتماعی","ساختار اتم","محاسبات هندسی","ساختار گیاه","A","جامعه‌شناسی پدیده‌ها، روابط و ساختارهای اجتماعی را بررسی می‌کند.","ترنم همدلی","original","1405"
"دهم","انسانی","جامعه‌شناسی","جامعه‌شناسی","مفاهیم پایه","مفاهیم اساسی","درک مفهومی","متوسط","هنجار اجتماعی چیست؟","قاعده یا انتظار پذیرفته‌شده در یک جامعه","واحد اندازه‌گیری نیرو","نوعی سلول","عدد اتمی","A","هنجارها الگوهای پذیرفته‌شده رفتار در یک جامعه‌اند.","ترنم همدلی","original","1405"
"دهم","انسانی","جامعه‌شناسی","جامعه‌شناسی","مفاهیم پایه","مفاهیم اساسی","درک مفهومی","متوسط","فرهنگ در علوم اجتماعی به چه حوزه‌ای مربوط است؟","ارزش‌ها، باورها و الگوهای مشترک زندگی","فقط جرم و حجم","فقط ساختار اتم","فقط محاسبات","A","فرهنگ مجموعه‌ای از ارزش‌ها، باورها و الگوهای مشترک زندگی اجتماعی است.","ترنم همدلی","original","1405"
"دهم","انسانی","جامعه‌شناسی","جامعه‌شناسی","مفاهیم پایه","مفاهیم اساسی","درک مفهومی","آسان","جامعه‌شناسی چه چیزی را مطالعه می‌کند؟","روابط و پدیده‌های اجتماعی","ساختار اتم","محاسبات هندسی","ساختار گیاه","A","جامعه‌شناسی پدیده‌ها، روابط و ساختارهای اجتماعی را بررسی می‌کند.","ترنم همدلی","original","1405"
"دهم","انسانی","جامعه‌شناسی","جامعه‌شناسی","مفاهیم پایه","مفاهیم اساسی","درک مفهومی","متوسط","هنجار اجتماعی چیست؟","قاعده یا انتظار پذیرفته‌شده در یک جامعه","واحد اندازه‌گیری نیرو","نوعی سلول","عدد اتمی","A","هنجارها الگوهای پذیرفته‌شده رفتار در یک جامعه‌اند.","ترنم همدلی","original","1405"
"دهم","انسانی","جامعه‌شناسی","جامعه‌شناسی","مفاهیم پایه","مفاهیم اساسی","درک مفهومی","متوسط","فرهنگ در علوم اجتماعی به چه حوزه‌ای مربوط است؟","ارزش‌ها، باورها و الگوهای مشترک زندگی","فقط جرم و حجم","فقط ساختار اتم","فقط محاسبات","A","فرهنگ مجموعه‌ای از ارزش‌ها، باورها و الگوهای مشترک زندگی اجتماعی است.","ترنم همدلی","original","1405"
"دهم","انسانی","جامعه‌شناسی","جامعه‌شناسی","مفاهیم پایه","مفاهیم اساسی","درک مفهومی","آسان","جامعه‌شناسی چه چیزی را مطالعه می‌کند؟","روابط و پدیده‌های اجتماعی","ساختار اتم","محاسبات هندسی","ساختار گیاه","A","جامعه‌شناسی پدیده‌ها، روابط و ساختارهای اجتماعی را بررسی می‌کند.","ترنم همدلی","original","1405"
"دهم","انسانی","جامعه‌شناسی","جامعه‌شناسی","مفاهیم پایه","مفاهیم اساسی","درک مفهومی","متوسط","هنجار اجتماعی چیست؟","قاعده یا انتظار پذیرفته‌شده در یک جامعه","واحد اندازه‌گیری نیرو","نوعی سلول","عدد اتمی","A","هنجارها الگوهای پذیرفته‌شده رفتار در یک جامعه‌اند.","ترنم همدلی","original","1405"
"دهم","انسانی","جامعه‌شناسی","جامعه‌شناسی","مفاهیم پایه","مفاهیم اساسی","درک مفهومی","متوسط","فرهنگ در علوم اجتماعی به چه حوزه‌ای مربوط است؟","ارزش‌ها، باورها و الگوهای مشترک زندگی","فقط جرم و حجم","فقط ساختار اتم","فقط محاسبات","A","فرهنگ مجموعه‌ای از ارزش‌ها، باورها و الگوهای مشترک زندگی اجتماعی است.","ترنم همدلی","original","1405"
"دهم","انسانی","جامعه‌شناسی","جامعه‌شناسی","مفاهیم پایه","مفاهیم اساسی","درک مفهومی","آسان","جامعه‌شناسی چه چیزی را مطالعه می‌کند؟","روابط و پدیده‌های اجتماعی","ساختار اتم","محاسبات هندسی","ساختار گیاه","A","جامعه‌شناسی پدیده‌ها، روابط و ساختارهای اجتماعی را بررسی می‌کند.","ترنم همدلی","original","1405"
"دهم","انسانی","جامعه‌شناسی","جامعه‌شناسی","مفاهیم پایه","مفاهیم اساسی","درک مفهومی","متوسط","هنجار اجتماعی چیست؟","قاعده یا انتظار پذیرفته‌شده در یک جامعه","واحد اندازه‌گیری نیرو","نوعی سلول","عدد اتمی","A","هنجارها الگوهای پذیرفته‌شده رفتار در یک جامعه‌اند.","ترنم همدلی","original","1405"
"دهم","انسانی","جامعه‌شناسی","جامعه‌شناسی","مفاهیم پایه","مفاهیم اساسی","درک مفهومی","متوسط","فرهنگ در علوم اجتماعی به چه حوزه‌ای مربوط است؟","ارزش‌ها، باورها و الگوهای مشترک زندگی","فقط جرم و حجم","فقط ساختار اتم","فقط محاسبات","A","فرهنگ مجموعه‌ای از ارزش‌ها، باورها و الگوهای مشترک زندگی اجتماعی است.","ترنم همدلی","original","1405"
"دهم","انسانی","جامعه‌شناسی","جامعه‌شناسی","مفاهیم پایه","مفاهیم اساسی","درک مفهومی","آسان","جامعه‌شناسی چه چیزی را مطالعه می‌کند؟","روابط و پدیده‌های اجتماعی","ساختار اتم","محاسبات هندسی","ساختار گیاه","A","جامعه‌شناسی پدیده‌ها، روابط و ساختارهای اجتماعی را بررسی می‌کند.","ترنم همدلی","original","1405"
"دهم","انسانی","جامعه‌شناسی","جامعه‌شناسی","مفاهیم پایه","مفاهیم اساسی","درک مفهومی","متوسط","هنجار اجتماعی چیست؟","قاعده یا انتظار پذیرفته‌شده در یک جامعه","واحد اندازه‌گیری نیرو","نوعی سلول","عدد اتمی","A","هنجارها الگوهای پذیرفته‌شده رفتار در یک جامعه‌اند.","ترنم همدلی","original","1405"
"دهم","انسانی","جامعه‌شناسی","جامعه‌شناسی","مفاهیم پایه","مفاهیم اساسی","درک مفهومی","متوسط","فرهنگ در علوم اجتماعی به چه حوزه‌ای مربوط است؟","ارزش‌ها، باورها و الگوهای مشترک زندگی","فقط جرم و حجم","فقط ساختار اتم","فقط محاسبات","A","فرهنگ مجموعه‌ای از ارزش‌ها، باورها و الگوهای مشترک زندگی اجتماعی است.","ترنم همدلی","original","1405"
"دهم","انسانی","جامعه‌شناسی","جامعه‌شناسی","مفاهیم پایه","مفاهیم اساسی","درک مفهومی","آسان","جامعه‌شناسی چه چیزی را مطالعه می‌کند؟","روابط و پدیده‌های اجتماعی","ساختار اتم","محاسبات هندسی","ساختار گیاه","A","جامعه‌شناسی پدیده‌ها، روابط و ساختارهای اجتماعی را بررسی می‌کند.","ترنم همدلی","original","1405"
"دهم","انسانی","جامعه‌شناسی","جامعه‌شناسی","مفاهیم پایه","مفاهیم اساسی","درک مفهومی","متوسط","هنجار اجتماعی چیست؟","قاعده یا انتظار پذیرفته‌شده در یک جامعه","واحد اندازه‌گیری نیرو","نوعی سلول","عدد اتمی","A","هنجارها الگوهای پذیرفته‌شده رفتار در یک جامعه‌اند.","ترنم همدلی","original","1405"
"دهم","انسانی","جامعه‌شناسی","جامعه‌شناسی","مفاهیم پایه","مفاهیم اساسی","درک مفهومی","متوسط","فرهنگ در علوم اجتماعی به چه حوزه‌ای مربوط است؟","ارزش‌ها، باورها و الگوهای مشترک زندگی","فقط جرم و حجم","فقط ساختار اتم","فقط محاسبات","A","فرهنگ مجموعه‌ای از ارزش‌ها، باورها و الگوهای مشترک زندگی اجتماعی است.","ترنم همدلی","original","1405"
"دهم","انسانی","جامعه‌شناسی","جامعه‌شناسی","مفاهیم پایه","مفاهیم اساسی","درک مفهومی","آسان","جامعه‌شناسی چه چیزی را مطالعه می‌کند؟","روابط و پدیده‌های اجتماعی","ساختار اتم","محاسبات هندسی","ساختار گیاه","A","جامعه‌شناسی پدیده‌ها، روابط و ساختارهای اجتماعی را بررسی می‌کند.","ترنم همدلی","original","1405"
"دهم","انسانی","جامعه‌شناسی","جامعه‌شناسی","مفاهیم پایه","مفاهیم اساسی","درک مفهومی","متوسط","هنجار اجتماعی چیست؟","قاعده یا انتظار پذیرفته‌شده در یک جامعه","واحد اندازه‌گیری نیرو","نوعی سلول","عدد اتمی","A","هنجارها الگوهای پذیرفته‌شده رفتار در یک جامعه‌اند.","ترنم همدلی","original","1405"
"دهم","انسانی","جامعه‌شناسی","جامعه‌شناسی","مفاهیم پایه","مفاهیم اساسی","درک مفهومی","متوسط","فرهنگ در علوم اجتماعی به چه حوزه‌ای مربوط است؟","ارزش‌ها، باورها و الگوهای مشترک زندگی","فقط جرم و حجم","فقط ساختار اتم","فقط محاسبات","A","فرهنگ مجموعه‌ای از ارزش‌ها، باورها و الگوهای مشترک زندگی اجتماعی است.","ترنم همدلی","original","1405"
"دهم","انسانی","جامعه‌شناسی","جامعه‌شناسی","مفاهیم پایه","مفاهیم اساسی","درک مفهومی","آسان","جامعه‌شناسی چه چیزی را مطالعه می‌کند؟","روابط و پدیده‌های اجتماعی","ساختار اتم","محاسبات هندسی","ساختار گیاه","A","جامعه‌شناسی پدیده‌ها، روابط و ساختارهای اجتماعی را بررسی می‌کند.","ترنم همدلی","original","1405"
"دهم","انسانی","جامعه‌شناسی","جامعه‌شناسی","مفاهیم پایه","مفاهیم اساسی","درک مفهومی","متوسط","هنجار اجتماعی چیست؟","قاعده یا انتظار پذیرفته‌شده در یک جامعه","واحد اندازه‌گیری نیرو","نوعی سلول","عدد اتمی","A","هنجارها الگوهای پذیرفته‌شده رفتار در یک جامعه‌اند.","ترنم همدلی","original","1405"
"دهم","انسانی","جامعه‌شناسی","جامعه‌شناسی","مفاهیم پایه","مفاهیم اساسی","درک مفهومی","متوسط","فرهنگ در علوم اجتماعی به چه حوزه‌ای مربوط است؟","ارزش‌ها، باورها و الگوهای مشترک زندگی","فقط جرم و حجم","فقط ساختار اتم","فقط محاسبات","A","فرهنگ مجموعه‌ای از ارزش‌ها، باورها و الگوهای مشترک زندگی اجتماعی است.","ترنم همدلی","original","1405"
"دهم","انسانی","جامعه‌شناسی","جامعه‌شناسی","مفاهیم پایه","مفاهیم اساسی","درک مفهومی","آسان","جامعه‌شناسی چه چیزی را مطالعه می‌کند؟","روابط و پدیده‌های اجتماعی","ساختار اتم","محاسبات هندسی","ساختار گیاه","A","جامعه‌شناسی پدیده‌ها، روابط و ساختارهای اجتماعی را بررسی می‌کند.","ترنم همدلی","original","1405"
"دهم","انسانی","جامعه‌شناسی","جامعه‌شناسی","مفاهیم پایه","مفاهیم اساسی","درک مفهومی","متوسط","هنجار اجتماعی چیست؟","قاعده یا انتظار پذیرفته‌شده در یک جامعه","واحد اندازه‌گیری نیرو","نوعی سلول","عدد اتمی","A","هنجارها الگوهای پذیرفته‌شده رفتار در یک جامعه‌اند.","ترنم همدلی","original","1405"
"دهم","انسانی","جامعه‌شناسی","جامعه‌شناسی","مفاهیم پایه","مفاهیم اساسی","درک مفهومی","متوسط","فرهنگ در علوم اجتماعی به چه حوزه‌ای مربوط است؟","ارزش‌ها، باورها و الگوهای مشترک زندگی","فقط جرم و حجم","فقط ساختار اتم","فقط محاسبات","A","فرهنگ مجموعه‌ای از ارزش‌ها، باورها و الگوهای مشترک زندگی اجتماعی است.","ترنم همدلی","original","1405"
"دهم","انسانی","جامعه‌شناسی","جامعه‌شناسی","مفاهیم پایه","مفاهیم اساسی","درک مفهومی","آسان","جامعه‌شناسی چه چیزی را مطالعه می‌کند؟","روابط و پدیده‌های اجتماعی","ساختار اتم","محاسبات هندسی","ساختار گیاه","A","جامعه‌شناسی پدیده‌ها، روابط و ساختارهای اجتماعی را بررسی می‌کند.","ترنم همدلی","original","1405"
"دهم","انسانی","جامعه‌شناسی","جامعه‌شناسی","مفاهیم پایه","مفاهیم اساسی","درک مفهومی","متوسط","هنجار اجتماعی چیست؟","قاعده یا انتظار پذیرفته‌شده در یک جامعه","واحد اندازه‌گیری نیرو","نوعی سلول","عدد اتمی","A","هنجارها الگوهای پذیرفته‌شده رفتار در یک جامعه‌اند.","ترنم همدلی","original","1405"
"دهم","انسانی","جامعه‌شناسی","جامعه‌شناسی","مفاهیم پایه","مفاهیم اساسی","درک مفهومی","متوسط","فرهنگ در علوم اجتماعی به چه حوزه‌ای مربوط است؟","ارزش‌ها، باورها و الگوهای مشترک زندگی","فقط جرم و حجم","فقط ساختار اتم","فقط محاسبات","A","فرهنگ مجموعه‌ای از ارزش‌ها، باورها و الگوهای مشترک زندگی اجتماعی است.","ترنم همدلی","original","1405"
"دهم","انسانی","جامعه‌شناسی","جامعه‌شناسی","مفاهیم پایه","مفاهیم اساسی","درک مفهومی","آسان","جامعه‌شناسی چه چیزی را مطالعه می‌کند؟","روابط و پدیده‌های اجتماعی","ساختار اتم","محاسبات هندسی","ساختار گیاه","A","جامعه‌شناسی پدیده‌ها، روابط و ساختارهای اجتماعی را بررسی می‌کند.","ترنم همدلی","original","1405"
"دهم","انسانی","جامعه‌شناسی","جامعه‌شناسی","مفاهیم پایه","مفاهیم اساسی","درک مفهومی","متوسط","هنجار اجتماعی چیست؟","قاعده یا انتظار پذیرفته‌شده در یک جامعه","واحد اندازه‌گیری نیرو","نوعی سلول","عدد اتمی","A","هنجارها الگوهای پذیرفته‌شده رفتار در یک جامعه‌اند.","ترنم همدلی","original","1405"
"دهم","انسانی","جامعه‌شناسی","جامعه‌شناسی","مفاهیم پایه","مفاهیم اساسی","درک مفهومی","متوسط","فرهنگ در علوم اجتماعی به چه حوزه‌ای مربوط است؟","ارزش‌ها، باورها و الگوهای مشترک زندگی","فقط جرم و حجم","فقط ساختار اتم","فقط محاسبات","A","فرهنگ مجموعه‌ای از ارزش‌ها، باورها و الگوهای مشترک زندگی اجتماعی است.","ترنم همدلی","original","1405"
"دهم","انسانی","جامعه‌شناسی","جامعه‌شناسی","مفاهیم پایه","مفاهیم اساسی","درک مفهومی","آسان","جامعه‌شناسی چه چیزی را مطالعه می‌کند؟","روابط و پدیده‌های اجتماعی","ساختار اتم","محاسبات هندسی","ساختار گیاه","A","جامعه‌شناسی پدیده‌ها، روابط و ساختارهای اجتماعی را بررسی می‌کند.","ترنم همدلی","original","1405"
"یازدهم","انسانی","جامعه‌شناسی","جامعه‌شناسی","مفاهیم پایه","مفاهیم اساسی","درک مفهومی","آسان","جامعه‌شناسی چه چیزی را مطالعه می‌کند؟","روابط و پدیده‌های اجتماعی","ساختار اتم","محاسبات هندسی","ساختار گیاه","A","جامعه‌شناسی پدیده‌ها، روابط و ساختارهای اجتماعی را بررسی می‌کند.","ترنم همدلی","original","1405"
"یازدهم","انسانی","جامعه‌شناسی","جامعه‌شناسی","مفاهیم پایه","مفاهیم اساسی","درک مفهومی","متوسط","هنجار اجتماعی چیست؟","قاعده یا انتظار پذیرفته‌شده در یک جامعه","واحد اندازه‌گیری نیرو","نوعی سلول","عدد اتمی","A","هنجارها الگوهای پذیرفته‌شده رفتار در یک جامعه‌اند.","ترنم همدلی","original","1405"
"یازدهم","انسانی","جامعه‌شناسی","جامعه‌شناسی","مفاهیم پایه","مفاهیم اساسی","درک مفهومی","متوسط","فرهنگ در علوم اجتماعی به چه حوزه‌ای مربوط است؟","ارزش‌ها، باورها و الگوهای مشترک زندگی","فقط جرم و حجم","فقط ساختار اتم","فقط محاسبات","A","فرهنگ مجموعه‌ای از ارزش‌ها، باورها و الگوهای مشترک زندگی اجتماعی است.","ترنم همدلی","original","1405"
"یازدهم","انسانی","جامعه‌شناسی","جامعه‌شناسی","مفاهیم پایه","مفاهیم اساسی","درک مفهومی","آسان","جامعه‌شناسی چه چیزی را مطالعه می‌کند؟","روابط و پدیده‌های اجتماعی","ساختار اتم","محاسبات هندسی","ساختار گیاه","A","جامعه‌شناسی پدیده‌ها، روابط و ساختارهای اجتماعی را بررسی می‌کند.","ترنم همدلی","original","1405"
"یازدهم","انسانی","جامعه‌شناسی","جامعه‌شناسی","مفاهیم پایه","مفاهیم اساسی","درک مفهومی","متوسط","هنجار اجتماعی چیست؟","قاعده یا انتظار پذیرفته‌شده در یک جامعه","واحد اندازه‌گیری نیرو","نوعی سلول","عدد اتمی","A","هنجارها الگوهای پذیرفته‌شده رفتار در یک جامعه‌اند.","ترنم همدلی","original","1405"
"یازدهم","انسانی","جامعه‌شناسی","جامعه‌شناسی","مفاهیم پایه","مفاهیم اساسی","درک مفهومی","متوسط","فرهنگ در علوم اجتماعی به چه حوزه‌ای مربوط است؟","ارزش‌ها، باورها و الگوهای مشترک زندگی","فقط جرم و حجم","فقط ساختار اتم","فقط محاسبات","A","فرهنگ مجموعه‌ای از ارزش‌ها، باورها و الگوهای مشترک زندگی اجتماعی است.","ترنم همدلی","original","1405"
"یازدهم","انسانی","جامعه‌شناسی","جامعه‌شناسی","مفاهیم پایه","مفاهیم اساسی","درک مفهومی","آسان","جامعه‌شناسی چه چیزی را مطالعه می‌کند؟","روابط و پدیده‌های اجتماعی","ساختار اتم","محاسبات هندسی","ساختار گیاه","A","جامعه‌شناسی پدیده‌ها، روابط و ساختارهای اجتماعی را بررسی می‌کند.","ترنم همدلی","original","1405"
"یازدهم","انسانی","جامعه‌شناسی","جامعه‌شناسی","مفاهیم پایه","مفاهیم اساسی","درک مفهومی","متوسط","هنجار اجتماعی چیست؟","قاعده یا انتظار پذیرفته‌شده در یک جامعه","واحد اندازه‌گیری نیرو","نوعی سلول","عدد اتمی","A","هنجارها الگوهای پذیرفته‌شده رفتار در یک جامعه‌اند.","ترنم همدلی","original","1405"
"یازدهم","انسانی","جامعه‌شناسی","جامعه‌شناسی","مفاهیم پایه","مفاهیم اساسی","درک مفهومی","متوسط","فرهنگ در علوم اجتماعی به چه حوزه‌ای مربوط است؟","ارزش‌ها، باورها و الگوهای مشترک زندگی","فقط جرم و حجم","فقط ساختار اتم","فقط محاسبات","A","فرهنگ مجموعه‌ای از ارزش‌ها، باورها و الگوهای مشترک زندگی اجتماعی است.","ترنم همدلی","original","1405"
"یازدهم","انسانی","جامعه‌شناسی","جامعه‌شناسی","مفاهیم پایه","مفاهیم اساسی","درک مفهومی","آسان","جامعه‌شناسی چه چیزی را مطالعه می‌کند؟","روابط و پدیده‌های اجتماعی","ساختار اتم","محاسبات هندسی","ساختار گیاه","A","جامعه‌شناسی پدیده‌ها، روابط و ساختارهای اجتماعی را بررسی می‌کند.","ترنم همدلی","original","1405"
"یازدهم","انسانی","جامعه‌شناسی","جامعه‌شناسی","مفاهیم پایه","مفاهیم اساسی","درک مفهومی","متوسط","هنجار اجتماعی چیست؟","قاعده یا انتظار پذیرفته‌شده در یک جامعه","واحد اندازه‌گیری نیرو","نوعی سلول","عدد اتمی","A","هنجارها الگوهای پذیرفته‌شده رفتار در یک جامعه‌اند.","ترنم همدلی","original","1405"
"یازدهم","انسانی","جامعه‌شناسی","جامعه‌شناسی","مفاهیم پایه","مفاهیم اساسی","درک مفهومی","متوسط","فرهنگ در علوم اجتماعی به چه حوزه‌ای مربوط است؟","ارزش‌ها، باورها و الگوهای مشترک زندگی","فقط جرم و حجم","فقط ساختار اتم","فقط محاسبات","A","فرهنگ مجموعه‌ای از ارزش‌ها، باورها و الگوهای مشترک زندگی اجتماعی است.","ترنم همدلی","original","1405"
"یازدهم","انسانی","جامعه‌شناسی","جامعه‌شناسی","مفاهیم پایه","مفاهیم اساسی","درک مفهومی","آسان","جامعه‌شناسی چه چیزی را مطالعه می‌کند؟","روابط و پدیده‌های اجتماعی","ساختار اتم","محاسبات هندسی","ساختار گیاه","A","جامعه‌شناسی پدیده‌ها، روابط و ساختارهای اجتماعی را بررسی می‌کند.","ترنم همدلی","original","1405"
"یازدهم","انسانی","جامعه‌شناسی","جامعه‌شناسی","مفاهیم پایه","مفاهیم اساسی","درک مفهومی","متوسط","هنجار اجتماعی چیست؟","قاعده یا انتظار پذیرفته‌شده در یک جامعه","واحد اندازه‌گیری نیرو","نوعی سلول","عدد اتمی","A","هنجارها الگوهای پذیرفته‌شده رفتار در یک جامعه‌اند.","ترنم همدلی","original","1405"
"یازدهم","انسانی","جامعه‌شناسی","جامعه‌شناسی","مفاهیم پایه","مفاهیم اساسی","درک مفهومی","متوسط","فرهنگ در علوم اجتماعی به چه حوزه‌ای مربوط است؟","ارزش‌ها، باورها و الگوهای مشترک زندگی","فقط جرم و حجم","فقط ساختار اتم","فقط محاسبات","A","فرهنگ مجموعه‌ای از ارزش‌ها، باورها و الگوهای مشترک زندگی اجتماعی است.","ترنم همدلی","original","1405"
"یازدهم","انسانی","جامعه‌شناسی","جامعه‌شناسی","مفاهیم پایه","مفاهیم اساسی","درک مفهومی","آسان","جامعه‌شناسی چه چیزی را مطالعه می‌کند؟","روابط و پدیده‌های اجتماعی","ساختار اتم","محاسبات هندسی","ساختار گیاه","A","جامعه‌شناسی پدیده‌ها، روابط و ساختارهای اجتماعی را بررسی می‌کند.","ترنم همدلی","original","1405"
"یازدهم","انسانی","جامعه‌شناسی","جامعه‌شناسی","مفاهیم پایه","مفاهیم اساسی","درک مفهومی","متوسط","هنجار اجتماعی چیست؟","قاعده یا انتظار پذیرفته‌شده در یک جامعه","واحد اندازه‌گیری نیرو","نوعی سلول","عدد اتمی","A","هنجارها الگوهای پذیرفته‌شده رفتار در یک جامعه‌اند.","ترنم همدلی","original","1405"
"یازدهم","انسانی","جامعه‌شناسی","جامعه‌شناسی","مفاهیم پایه","مفاهیم اساسی","درک مفهومی","متوسط","فرهنگ در علوم اجتماعی به چه حوزه‌ای مربوط است؟","ارزش‌ها، باورها و الگوهای مشترک زندگی","فقط جرم و حجم","فقط ساختار اتم","فقط محاسبات","A","فرهنگ مجموعه‌ای از ارزش‌ها، باورها و الگوهای مشترک زندگی اجتماعی است.","ترنم همدلی","original","1405"
"یازدهم","انسانی","جامعه‌شناسی","جامعه‌شناسی","مفاهیم پایه","مفاهیم اساسی","درک مفهومی","آسان","جامعه‌شناسی چه چیزی را مطالعه می‌کند؟","روابط و پدیده‌های اجتماعی","ساختار اتم","محاسبات هندسی","ساختار گیاه","A","جامعه‌شناسی پدیده‌ها، روابط و ساختارهای اجتماعی را بررسی می‌کند.","ترنم همدلی","original","1405"
"یازدهم","انسانی","جامعه‌شناسی","جامعه‌شناسی","مفاهیم پایه","مفاهیم اساسی","درک مفهومی","متوسط","هنجار اجتماعی چیست؟","قاعده یا انتظار پذیرفته‌شده در یک جامعه","واحد اندازه‌گیری نیرو","نوعی سلول","عدد اتمی","A","هنجارها الگوهای پذیرفته‌شده رفتار در یک جامعه‌اند.","ترنم همدلی","original","1405"
"یازدهم","انسانی","جامعه‌شناسی","جامعه‌شناسی","مفاهیم پایه","مفاهیم اساسی","درک مفهومی","متوسط","فرهنگ در علوم اجتماعی به چه حوزه‌ای مربوط است؟","ارزش‌ها، باورها و الگوهای مشترک زندگی","فقط جرم و حجم","فقط ساختار اتم","فقط محاسبات","A","فرهنگ مجموعه‌ای از ارزش‌ها، باورها و الگوهای مشترک زندگی اجتماعی است.","ترنم همدلی","original","1405"
"یازدهم","انسانی","جامعه‌شناسی","جامعه‌شناسی","مفاهیم پایه","مفاهیم اساسی","درک مفهومی","آسان","جامعه‌شناسی چه چیزی را مطالعه می‌کند؟","روابط و پدیده‌های اجتماعی","ساختار اتم","محاسبات هندسی","ساختار گیاه","A","جامعه‌شناسی پدیده‌ها، روابط و ساختارهای اجتماعی را بررسی می‌کند.","ترنم همدلی","original","1405"
"یازدهم","انسانی","جامعه‌شناسی","جامعه‌شناسی","مفاهیم پایه","مفاهیم اساسی","درک مفهومی","متوسط","هنجار اجتماعی چیست؟","قاعده یا انتظار پذیرفته‌شده در یک جامعه","واحد اندازه‌گیری نیرو","نوعی سلول","عدد اتمی","A","هنجارها الگوهای پذیرفته‌شده رفتار در یک جامعه‌اند.","ترنم همدلی","original","1405"
"یازدهم","انسانی","جامعه‌شناسی","جامعه‌شناسی","مفاهیم پایه","مفاهیم اساسی","درک مفهومی","متوسط","فرهنگ در علوم اجتماعی به چه حوزه‌ای مربوط است؟","ارزش‌ها، باورها و الگوهای مشترک زندگی","فقط جرم و حجم","فقط ساختار اتم","فقط محاسبات","A","فرهنگ مجموعه‌ای از ارزش‌ها، باورها و الگوهای مشترک زندگی اجتماعی است.","ترنم همدلی","original","1405"
"یازدهم","انسانی","جامعه‌شناسی","جامعه‌شناسی","مفاهیم پایه","مفاهیم اساسی","درک مفهومی","آسان","جامعه‌شناسی چه چیزی را مطالعه می‌کند؟","روابط و پدیده‌های اجتماعی","ساختار اتم","محاسبات هندسی","ساختار گیاه","A","جامعه‌شناسی پدیده‌ها، روابط و ساختارهای اجتماعی را بررسی می‌کند.","ترنم همدلی","original","1405"
"یازدهم","انسانی","جامعه‌شناسی","جامعه‌شناسی","مفاهیم پایه","مفاهیم اساسی","درک مفهومی","متوسط","هنجار اجتماعی چیست؟","قاعده یا انتظار پذیرفته‌شده در یک جامعه","واحد اندازه‌گیری نیرو","نوعی سلول","عدد اتمی","A","هنجارها الگوهای پذیرفته‌شده رفتار در یک جامعه‌اند.","ترنم همدلی","original","1405"
"یازدهم","انسانی","جامعه‌شناسی","جامعه‌شناسی","مفاهیم پایه","مفاهیم اساسی","درک مفهومی","متوسط","فرهنگ در علوم اجتماعی به چه حوزه‌ای مربوط است؟","ارزش‌ها، باورها و الگوهای مشترک زندگی","فقط جرم و حجم","فقط ساختار اتم","فقط محاسبات","A","فرهنگ مجموعه‌ای از ارزش‌ها، باورها و الگوهای مشترک زندگی اجتماعی است.","ترنم همدلی","original","1405"
"یازدهم","انسانی","جامعه‌شناسی","جامعه‌شناسی","مفاهیم پایه","مفاهیم اساسی","درک مفهومی","آسان","جامعه‌شناسی چه چیزی را مطالعه می‌کند؟","روابط و پدیده‌های اجتماعی","ساختار اتم","محاسبات هندسی","ساختار گیاه","A","جامعه‌شناسی پدیده‌ها، روابط و ساختارهای اجتماعی را بررسی می‌کند.","ترنم همدلی","original","1405"
"یازدهم","انسانی","جامعه‌شناسی","جامعه‌شناسی","مفاهیم پایه","مفاهیم اساسی","درک مفهومی","متوسط","هنجار اجتماعی چیست؟","قاعده یا انتظار پذیرفته‌شده در یک جامعه","واحد اندازه‌گیری نیرو","نوعی سلول","عدد اتمی","A","هنجارها الگوهای پذیرفته‌شده رفتار در یک جامعه‌اند.","ترنم همدلی","original","1405"
"یازدهم","انسانی","جامعه‌شناسی","جامعه‌شناسی","مفاهیم پایه","مفاهیم اساسی","درک مفهومی","متوسط","فرهنگ در علوم اجتماعی به چه حوزه‌ای مربوط است؟","ارزش‌ها، باورها و الگوهای مشترک زندگی","فقط جرم و حجم","فقط ساختار اتم","فقط محاسبات","A","فرهنگ مجموعه‌ای از ارزش‌ها، باورها و الگوهای مشترک زندگی اجتماعی است.","ترنم همدلی","original","1405"
"یازدهم","انسانی","جامعه‌شناسی","جامعه‌شناسی","مفاهیم پایه","مفاهیم اساسی","درک مفهومی","آسان","جامعه‌شناسی چه چیزی را مطالعه می‌کند؟","روابط و پدیده‌های اجتماعی","ساختار اتم","محاسبات هندسی","ساختار گیاه","A","جامعه‌شناسی پدیده‌ها، روابط و ساختارهای اجتماعی را بررسی می‌کند.","ترنم همدلی","original","1405"
"یازدهم","انسانی","جامعه‌شناسی","جامعه‌شناسی","مفاهیم پایه","مفاهیم اساسی","درک مفهومی","متوسط","هنجار اجتماعی چیست؟","قاعده یا انتظار پذیرفته‌شده در یک جامعه","واحد اندازه‌گیری نیرو","نوعی سلول","عدد اتمی","A","هنجارها الگوهای پذیرفته‌شده رفتار در یک جامعه‌اند.","ترنم همدلی","original","1405"
"یازدهم","انسانی","جامعه‌شناسی","جامعه‌شناسی","مفاهیم پایه","مفاهیم اساسی","درک مفهومی","متوسط","فرهنگ در علوم اجتماعی به چه حوزه‌ای مربوط است؟","ارزش‌ها، باورها و الگوهای مشترک زندگی","فقط جرم و حجم","فقط ساختار اتم","فقط محاسبات","A","فرهنگ مجموعه‌ای از ارزش‌ها، باورها و الگوهای مشترک زندگی اجتماعی است.","ترنم همدلی","original","1405"
"یازدهم","انسانی","جامعه‌شناسی","جامعه‌شناسی","مفاهیم پایه","مفاهیم اساسی","درک مفهومی","آسان","جامعه‌شناسی چه چیزی را مطالعه می‌کند؟","روابط و پدیده‌های اجتماعی","ساختار اتم","محاسبات هندسی","ساختار گیاه","A","جامعه‌شناسی پدیده‌ها، روابط و ساختارهای اجتماعی را بررسی می‌کند.","ترنم همدلی","original","1405"
"یازدهم","انسانی","جامعه‌شناسی","جامعه‌شناسی","مفاهیم پایه","مفاهیم اساسی","درک مفهومی","متوسط","هنجار اجتماعی چیست؟","قاعده یا انتظار پذیرفته‌شده در یک جامعه","واحد اندازه‌گیری نیرو","نوعی سلول","عدد اتمی","A","هنجارها الگوهای پذیرفته‌شده رفتار در یک جامعه‌اند.","ترنم همدلی","original","1405"
"یازدهم","انسانی","جامعه‌شناسی","جامعه‌شناسی","مفاهیم پایه","مفاهیم اساسی","درک مفهومی","متوسط","فرهنگ در علوم اجتماعی به چه حوزه‌ای مربوط است؟","ارزش‌ها، باورها و الگوهای مشترک زندگی","فقط جرم و حجم","فقط ساختار اتم","فقط محاسبات","A","فرهنگ مجموعه‌ای از ارزش‌ها، باورها و الگوهای مشترک زندگی اجتماعی است.","ترنم همدلی","original","1405"
"یازدهم","انسانی","جامعه‌شناسی","جامعه‌شناسی","مفاهیم پایه","مفاهیم اساسی","درک مفهومی","آسان","جامعه‌شناسی چه چیزی را مطالعه می‌کند؟","روابط و پدیده‌های اجتماعی","ساختار اتم","محاسبات هندسی","ساختار گیاه","A","جامعه‌شناسی پدیده‌ها، روابط و ساختارهای اجتماعی را بررسی می‌کند.","ترنم همدلی","original","1405"
"یازدهم","انسانی","جامعه‌شناسی","جامعه‌شناسی","مفاهیم پایه","مفاهیم اساسی","درک مفهومی","متوسط","هنجار اجتماعی چیست؟","قاعده یا انتظار پذیرفته‌شده در یک جامعه","واحد اندازه‌گیری نیرو","نوعی سلول","عدد اتمی","A","هنجارها الگوهای پذیرفته‌شده رفتار در یک جامعه‌اند.","ترنم همدلی","original","1405"
"یازدهم","انسانی","جامعه‌شناسی","جامعه‌شناسی","مفاهیم پایه","مفاهیم اساسی","درک مفهومی","متوسط","فرهنگ در علوم اجتماعی به چه حوزه‌ای مربوط است؟","ارزش‌ها، باورها و الگوهای مشترک زندگی","فقط جرم و حجم","فقط ساختار اتم","فقط محاسبات","A","فرهنگ مجموعه‌ای از ارزش‌ها، باورها و الگوهای مشترک زندگی اجتماعی است.","ترنم همدلی","original","1405"
"یازدهم","انسانی","جامعه‌شناسی","جامعه‌شناسی","مفاهیم پایه","مفاهیم اساسی","درک مفهومی","آسان","جامعه‌شناسی چه چیزی را مطالعه می‌کند؟","روابط و پدیده‌های اجتماعی","ساختار اتم","محاسبات هندسی","ساختار گیاه","A","جامعه‌شناسی پدیده‌ها، روابط و ساختارهای اجتماعی را بررسی می‌کند.","ترنم همدلی","original","1405"
"یازدهم","انسانی","جامعه‌شناسی","جامعه‌شناسی","مفاهیم پایه","مفاهیم اساسی","درک مفهومی","متوسط","هنجار اجتماعی چیست؟","قاعده یا انتظار پذیرفته‌شده در یک جامعه","واحد اندازه‌گیری نیرو","نوعی سلول","عدد اتمی","A","هنجارها الگوهای پذیرفته‌شده رفتار در یک جامعه‌اند.","ترنم همدلی","original","1405"
"یازدهم","انسانی","جامعه‌شناسی","جامعه‌شناسی","مفاهیم پایه","مفاهیم اساسی","درک مفهومی","متوسط","فرهنگ در علوم اجتماعی به چه حوزه‌ای مربوط است؟","ارزش‌ها، باورها و الگوهای مشترک زندگی","فقط جرم و حجم","فقط ساختار اتم","فقط محاسبات","A","فرهنگ مجموعه‌ای از ارزش‌ها، باورها و الگوهای مشترک زندگی اجتماعی است.","ترنم همدلی","original","1405"
"یازدهم","انسانی","جامعه‌شناسی","جامعه‌شناسی","مفاهیم پایه","مفاهیم اساسی","درک مفهومی","آسان","جامعه‌شناسی چه چیزی را مطالعه می‌کند؟","روابط و پدیده‌های اجتماعی","ساختار اتم","محاسبات هندسی","ساختار گیاه","A","جامعه‌شناسی پدیده‌ها، روابط و ساختارهای اجتماعی را بررسی می‌کند.","ترنم همدلی","original","1405"
"یازدهم","انسانی","جامعه‌شناسی","جامعه‌شناسی","مفاهیم پایه","مفاهیم اساسی","درک مفهومی","متوسط","هنجار اجتماعی چیست؟","قاعده یا انتظار پذیرفته‌شده در یک جامعه","واحد اندازه‌گیری نیرو","نوعی سلول","عدد اتمی","A","هنجارها الگوهای پذیرفته‌شده رفتار در یک جامعه‌اند.","ترنم همدلی","original","1405"
"یازدهم","انسانی","جامعه‌شناسی","جامعه‌شناسی","مفاهیم پایه","مفاهیم اساسی","درک مفهومی","متوسط","فرهنگ در علوم اجتماعی به چه حوزه‌ای مربوط است؟","ارزش‌ها، باورها و الگوهای مشترک زندگی","فقط جرم و حجم","فقط ساختار اتم","فقط محاسبات","A","فرهنگ مجموعه‌ای از ارزش‌ها، باورها و الگوهای مشترک زندگی اجتماعی است.","ترنم همدلی","original","1405"
"یازدهم","انسانی","جامعه‌شناسی","جامعه‌شناسی","مفاهیم پایه","مفاهیم اساسی","درک مفهومی","آسان","جامعه‌شناسی چه چیزی را مطالعه می‌کند؟","روابط و پدیده‌های اجتماعی","ساختار اتم","محاسبات هندسی","ساختار گیاه","A","جامعه‌شناسی پدیده‌ها، روابط و ساختارهای اجتماعی را بررسی می‌کند.","ترنم همدلی","original","1405"
"یازدهم","انسانی","جامعه‌شناسی","جامعه‌شناسی","مفاهیم پایه","مفاهیم اساسی","درک مفهومی","متوسط","هنجار اجتماعی چیست؟","قاعده یا انتظار پذیرفته‌شده در یک جامعه","واحد اندازه‌گیری نیرو","نوعی سلول","عدد اتمی","A","هنجارها الگوهای پذیرفته‌شده رفتار در یک جامعه‌اند.","ترنم همدلی","original","1405"
"یازدهم","انسانی","جامعه‌شناسی","جامعه‌شناسی","مفاهیم پایه","مفاهیم اساسی","درک مفهومی","متوسط","فرهنگ در علوم اجتماعی به چه حوزه‌ای مربوط است؟","ارزش‌ها، باورها و الگوهای مشترک زندگی","فقط جرم و حجم","فقط ساختار اتم","فقط محاسبات","A","فرهنگ مجموعه‌ای از ارزش‌ها، باورها و الگوهای مشترک زندگی اجتماعی است.","ترنم همدلی","original","1405"
"یازدهم","انسانی","جامعه‌شناسی","جامعه‌شناسی","مفاهیم پایه","مفاهیم اساسی","درک مفهومی","آسان","جامعه‌شناسی چه چیزی را مطالعه می‌کند؟","روابط و پدیده‌های اجتماعی","ساختار اتم","محاسبات هندسی","ساختار گیاه","A","جامعه‌شناسی پدیده‌ها، روابط و ساختارهای اجتماعی را بررسی می‌کند.","ترنم همدلی","original","1405"
"یازدهم","انسانی","جامعه‌شناسی","جامعه‌شناسی","مفاهیم پایه","مفاهیم اساسی","درک مفهومی","متوسط","هنجار اجتماعی چیست؟","قاعده یا انتظار پذیرفته‌شده در یک جامعه","واحد اندازه‌گیری نیرو","نوعی سلول","عدد اتمی","A","هنجارها الگوهای پذیرفته‌شده رفتار در یک جامعه‌اند.","ترنم همدلی","original","1405"
"یازدهم","انسانی","جامعه‌شناسی","جامعه‌شناسی","مفاهیم پایه","مفاهیم اساسی","درک مفهومی","متوسط","فرهنگ در علوم اجتماعی به چه حوزه‌ای مربوط است؟","ارزش‌ها، باورها و الگوهای مشترک زندگی","فقط جرم و حجم","فقط ساختار اتم","فقط محاسبات","A","فرهنگ مجموعه‌ای از ارزش‌ها، باورها و الگوهای مشترک زندگی اجتماعی است.","ترنم همدلی","original","1405"
"یازدهم","انسانی","جامعه‌شناسی","جامعه‌شناسی","مفاهیم پایه","مفاهیم اساسی","درک مفهومی","آسان","جامعه‌شناسی چه چیزی را مطالعه می‌کند؟","روابط و پدیده‌های اجتماعی","ساختار اتم","محاسبات هندسی","ساختار گیاه","A","جامعه‌شناسی پدیده‌ها، روابط و ساختارهای اجتماعی را بررسی می‌کند.","ترنم همدلی","original","1405"
"یازدهم","انسانی","جامعه‌شناسی","جامعه‌شناسی","مفاهیم پایه","مفاهیم اساسی","درک مفهومی","متوسط","هنجار اجتماعی چیست؟","قاعده یا انتظار پذیرفته‌شده در یک جامعه","واحد اندازه‌گیری نیرو","نوعی سلول","عدد اتمی","A","هنجارها الگوهای پذیرفته‌شده رفتار در یک جامعه‌اند.","ترنم همدلی","original","1405"
"یازدهم","انسانی","جامعه‌شناسی","جامعه‌شناسی","مفاهیم پایه","مفاهیم اساسی","درک مفهومی","متوسط","فرهنگ در علوم اجتماعی به چه حوزه‌ای مربوط است؟","ارزش‌ها، باورها و الگوهای مشترک زندگی","فقط جرم و حجم","فقط ساختار اتم","فقط محاسبات","A","فرهنگ مجموعه‌ای از ارزش‌ها، باورها و الگوهای مشترک زندگی اجتماعی است.","ترنم همدلی","original","1405"
"یازدهم","انسانی","جامعه‌شناسی","جامعه‌شناسی","مفاهیم پایه","مفاهیم اساسی","درک مفهومی","آسان","جامعه‌شناسی چه چیزی را مطالعه می‌کند؟","روابط و پدیده‌های اجتماعی","ساختار اتم","محاسبات هندسی","ساختار گیاه","A","جامعه‌شناسی پدیده‌ها، روابط و ساختارهای اجتماعی را بررسی می‌کند.","ترنم همدلی","original","1405"
"یازدهم","انسانی","جامعه‌شناسی","جامعه‌شناسی","مفاهیم پایه","مفاهیم اساسی","درک مفهومی","متوسط","هنجار اجتماعی چیست؟","قاعده یا انتظار پذیرفته‌شده در یک جامعه","واحد اندازه‌گیری نیرو","نوعی سلول","عدد اتمی","A","هنجارها الگوهای پذیرفته‌شده رفتار در یک جامعه‌اند.","ترنم همدلی","original","1405"
"یازدهم","انسانی","جامعه‌شناسی","جامعه‌شناسی","مفاهیم پایه","مفاهیم اساسی","درک مفهومی","متوسط","فرهنگ در علوم اجتماعی به چه حوزه‌ای مربوط است؟","ارزش‌ها، باورها و الگوهای مشترک زندگی","فقط جرم و حجم","فقط ساختار اتم","فقط محاسبات","A","فرهنگ مجموعه‌ای از ارزش‌ها، باورها و الگوهای مشترک زندگی اجتماعی است.","ترنم همدلی","original","1405"
"یازدهم","انسانی","جامعه‌شناسی","جامعه‌شناسی","مفاهیم پایه","مفاهیم اساسی","درک مفهومی","آسان","جامعه‌شناسی چه چیزی را مطالعه می‌کند؟","روابط و پدیده‌های اجتماعی","ساختار اتم","محاسبات هندسی","ساختار گیاه","A","جامعه‌شناسی پدیده‌ها، روابط و ساختارهای اجتماعی را بررسی می‌کند.","ترنم همدلی","original","1405"
"یازدهم","انسانی","جامعه‌شناسی","جامعه‌شناسی","مفاهیم پایه","مفاهیم اساسی","درک مفهومی","متوسط","هنجار اجتماعی چیست؟","قاعده یا انتظار پذیرفته‌شده در یک جامعه","واحد اندازه‌گیری نیرو","نوعی سلول","عدد اتمی","A","هنجارها الگوهای پذیرفته‌شده رفتار در یک جامعه‌اند.","ترنم همدلی","original","1405"
"یازدهم","انسانی","جامعه‌شناسی","جامعه‌شناسی","مفاهیم پایه","مفاهیم اساسی","درک مفهومی","متوسط","فرهنگ در علوم اجتماعی به چه حوزه‌ای مربوط است؟","ارزش‌ها، باورها و الگوهای مشترک زندگی","فقط جرم و حجم","فقط ساختار اتم","فقط محاسبات","A","فرهنگ مجموعه‌ای از ارزش‌ها، باورها و الگوهای مشترک زندگی اجتماعی است.","ترنم همدلی","original","1405"
"یازدهم","انسانی","جامعه‌شناسی","جامعه‌شناسی","مفاهیم پایه","مفاهیم اساسی","درک مفهومی","آسان","جامعه‌شناسی چه چیزی را مطالعه می‌کند؟","روابط و پدیده‌های اجتماعی","ساختار اتم","محاسبات هندسی","ساختار گیاه","A","جامعه‌شناسی پدیده‌ها، روابط و ساختارهای اجتماعی را بررسی می‌کند.","ترنم همدلی","original","1405"
"یازدهم","انسانی","جامعه‌شناسی","جامعه‌شناسی","مفاهیم پایه","مفاهیم اساسی","درک مفهومی","متوسط","هنجار اجتماعی چیست؟","قاعده یا انتظار پذیرفته‌شده در یک جامعه","واحد اندازه‌گیری نیرو","نوعی سلول","عدد اتمی","A","هنجارها الگوهای پذیرفته‌شده رفتار در یک جامعه‌اند.","ترنم همدلی","original","1405"
"یازدهم","انسانی","جامعه‌شناسی","جامعه‌شناسی","مفاهیم پایه","مفاهیم اساسی","درک مفهومی","متوسط","فرهنگ در علوم اجتماعی به چه حوزه‌ای مربوط است؟","ارزش‌ها، باورها و الگوهای مشترک زندگی","فقط جرم و حجم","فقط ساختار اتم","فقط محاسبات","A","فرهنگ مجموعه‌ای از ارزش‌ها، باورها و الگوهای مشترک زندگی اجتماعی است.","ترنم همدلی","original","1405"
"یازدهم","انسانی","جامعه‌شناسی","جامعه‌شناسی","مفاهیم پایه","مفاهیم اساسی","درک مفهومی","آسان","جامعه‌شناسی چه چیزی را مطالعه می‌کند؟","روابط و پدیده‌های اجتماعی","ساختار اتم","محاسبات هندسی","ساختار گیاه","A","جامعه‌شناسی پدیده‌ها، روابط و ساختارهای اجتماعی را بررسی می‌کند.","ترنم همدلی","original","1405"
"یازدهم","انسانی","جامعه‌شناسی","جامعه‌شناسی","مفاهیم پایه","مفاهیم اساسی","درک مفهومی","متوسط","هنجار اجتماعی چیست؟","قاعده یا انتظار پذیرفته‌شده در یک جامعه","واحد اندازه‌گیری نیرو","نوعی سلول","عدد اتمی","A","هنجارها الگوهای پذیرفته‌شده رفتار در یک جامعه‌اند.","ترنم همدلی","original","1405"
"یازدهم","انسانی","جامعه‌شناسی","جامعه‌شناسی","مفاهیم پایه","مفاهیم اساسی","درک مفهومی","متوسط","فرهنگ در علوم اجتماعی به چه حوزه‌ای مربوط است؟","ارزش‌ها، باورها و الگوهای مشترک زندگی","فقط جرم و حجم","فقط ساختار اتم","فقط محاسبات","A","فرهنگ مجموعه‌ای از ارزش‌ها، باورها و الگوهای مشترک زندگی اجتماعی است.","ترنم همدلی","original","1405"
"یازدهم","انسانی","جامعه‌شناسی","جامعه‌شناسی","مفاهیم پایه","مفاهیم اساسی","درک مفهومی","آسان","جامعه‌شناسی چه چیزی را مطالعه می‌کند؟","روابط و پدیده‌های اجتماعی","ساختار اتم","محاسبات هندسی","ساختار گیاه","A","جامعه‌شناسی پدیده‌ها، روابط و ساختارهای اجتماعی را بررسی می‌کند.","ترنم همدلی","original","1405"
"یازدهم","انسانی","جامعه‌شناسی","جامعه‌شناسی","مفاهیم پایه","مفاهیم اساسی","درک مفهومی","متوسط","هنجار اجتماعی چیست؟","قاعده یا انتظار پذیرفته‌شده در یک جامعه","واحد اندازه‌گیری نیرو","نوعی سلول","عدد اتمی","A","هنجارها الگوهای پذیرفته‌شده رفتار در یک جامعه‌اند.","ترنم همدلی","original","1405"
"یازدهم","انسانی","جامعه‌شناسی","جامعه‌شناسی","مفاهیم پایه","مفاهیم اساسی","درک مفهومی","متوسط","فرهنگ در علوم اجتماعی به چه حوزه‌ای مربوط است؟","ارزش‌ها، باورها و الگوهای مشترک زندگی","فقط جرم و حجم","فقط ساختار اتم","فقط محاسبات","A","فرهنگ مجموعه‌ای از ارزش‌ها، باورها و الگوهای مشترک زندگی اجتماعی است.","ترنم همدلی","original","1405"
"یازدهم","انسانی","جامعه‌شناسی","جامعه‌شناسی","مفاهیم پایه","مفاهیم اساسی","درک مفهومی","آسان","جامعه‌شناسی چه چیزی را مطالعه می‌کند؟","روابط و پدیده‌های اجتماعی","ساختار اتم","محاسبات هندسی","ساختار گیاه","A","جامعه‌شناسی پدیده‌ها، روابط و ساختارهای اجتماعی را بررسی می‌کند.","ترنم همدلی","original","1405"
"یازدهم","انسانی","جامعه‌شناسی","جامعه‌شناسی","مفاهیم پایه","مفاهیم اساسی","درک مفهومی","متوسط","هنجار اجتماعی چیست؟","قاعده یا انتظار پذیرفته‌شده در یک جامعه","واحد اندازه‌گیری نیرو","نوعی سلول","عدد اتمی","A","هنجارها الگوهای پذیرفته‌شده رفتار در یک جامعه‌اند.","ترنم همدلی","original","1405"
"یازدهم","انسانی","جامعه‌شناسی","جامعه‌شناسی","مفاهیم پایه","مفاهیم اساسی","درک مفهومی","متوسط","فرهنگ در علوم اجتماعی به چه حوزه‌ای مربوط است؟","ارزش‌ها، باورها و الگوهای مشترک زندگی","فقط جرم و حجم","فقط ساختار اتم","فقط محاسبات","A","فرهنگ مجموعه‌ای از ارزش‌ها، باورها و الگوهای مشترک زندگی اجتماعی است.","ترنم همدلی","original","1405"
"یازدهم","انسانی","جامعه‌شناسی","جامعه‌شناسی","مفاهیم پایه","مفاهیم اساسی","درک مفهومی","آسان","جامعه‌شناسی چه چیزی را مطالعه می‌کند؟","روابط و پدیده‌های اجتماعی","ساختار اتم","محاسبات هندسی","ساختار گیاه","A","جامعه‌شناسی پدیده‌ها، روابط و ساختارهای اجتماعی را بررسی می‌کند.","ترنم همدلی","original","1405"
"یازدهم","انسانی","جامعه‌شناسی","جامعه‌شناسی","مفاهیم پایه","مفاهیم اساسی","درک مفهومی","متوسط","هنجار اجتماعی چیست؟","قاعده یا انتظار پذیرفته‌شده در یک جامعه","واحد اندازه‌گیری نیرو","نوعی سلول","عدد اتمی","A","هنجارها الگوهای پذیرفته‌شده رفتار در یک جامعه‌اند.","ترنم همدلی","original","1405"
"یازدهم","انسانی","جامعه‌شناسی","جامعه‌شناسی","مفاهیم پایه","مفاهیم اساسی","درک مفهومی","متوسط","فرهنگ در علوم اجتماعی به چه حوزه‌ای مربوط است؟","ارزش‌ها، باورها و الگوهای مشترک زندگی","فقط جرم و حجم","فقط ساختار اتم","فقط محاسبات","A","فرهنگ مجموعه‌ای از ارزش‌ها، باورها و الگوهای مشترک زندگی اجتماعی است.","ترنم همدلی","original","1405"
"یازدهم","انسانی","جامعه‌شناسی","جامعه‌شناسی","مفاهیم پایه","مفاهیم اساسی","درک مفهومی","آسان","جامعه‌شناسی چه چیزی را مطالعه می‌کند؟","روابط و پدیده‌های اجتماعی","ساختار اتم","محاسبات هندسی","ساختار گیاه","A","جامعه‌شناسی پدیده‌ها، روابط و ساختارهای اجتماعی را بررسی می‌کند.","ترنم همدلی","original","1405"
"یازدهم","انسانی","جامعه‌شناسی","جامعه‌شناسی","مفاهیم پایه","مفاهیم اساسی","درک مفهومی","متوسط","هنجار اجتماعی چیست؟","قاعده یا انتظار پذیرفته‌شده در یک جامعه","واحد اندازه‌گیری نیرو","نوعی سلول","عدد اتمی","A","هنجارها الگوهای پذیرفته‌شده رفتار در یک جامعه‌اند.","ترنم همدلی","original","1405"
"یازدهم","انسانی","جامعه‌شناسی","جامعه‌شناسی","مفاهیم پایه","مفاهیم اساسی","درک مفهومی","متوسط","فرهنگ در علوم اجتماعی به چه حوزه‌ای مربوط است؟","ارزش‌ها، باورها و الگوهای مشترک زندگی","فقط جرم و حجم","فقط ساختار اتم","فقط محاسبات","A","فرهنگ مجموعه‌ای از ارزش‌ها، باورها و الگوهای مشترک زندگی اجتماعی است.","ترنم همدلی","original","1405"
"یازدهم","انسانی","جامعه‌شناسی","جامعه‌شناسی","مفاهیم پایه","مفاهیم اساسی","درک مفهومی","آسان","جامعه‌شناسی چه چیزی را مطالعه می‌کند؟","روابط و پدیده‌های اجتماعی","ساختار اتم","محاسبات هندسی","ساختار گیاه","A","جامعه‌شناسی پدیده‌ها، روابط و ساختارهای اجتماعی را بررسی می‌کند.","ترنم همدلی","original","1405"
"یازدهم","انسانی","جامعه‌شناسی","جامعه‌شناسی","مفاهیم پایه","مفاهیم اساسی","درک مفهومی","متوسط","هنجار اجتماعی چیست؟","قاعده یا انتظار پذیرفته‌شده در یک جامعه","واحد اندازه‌گیری نیرو","نوعی سلول","عدد اتمی","A","هنجارها الگوهای پذیرفته‌شده رفتار در یک جامعه‌اند.","ترنم همدلی","original","1405"
"یازدهم","انسانی","جامعه‌شناسی","جامعه‌شناسی","مفاهیم پایه","مفاهیم اساسی","درک مفهومی","متوسط","فرهنگ در علوم اجتماعی به چه حوزه‌ای مربوط است؟","ارزش‌ها، باورها و الگوهای مشترک زندگی","فقط جرم و حجم","فقط ساختار اتم","فقط محاسبات","A","فرهنگ مجموعه‌ای از ارزش‌ها، باورها و الگوهای مشترک زندگی اجتماعی است.","ترنم همدلی","original","1405"
"یازدهم","انسانی","جامعه‌شناسی","جامعه‌شناسی","مفاهیم پایه","مفاهیم اساسی","درک مفهومی","آسان","جامعه‌شناسی چه چیزی را مطالعه می‌کند؟","روابط و پدیده‌های اجتماعی","ساختار اتم","محاسبات هندسی","ساختار گیاه","A","جامعه‌شناسی پدیده‌ها، روابط و ساختارهای اجتماعی را بررسی می‌کند.","ترنم همدلی","original","1405"
"یازدهم","انسانی","جامعه‌شناسی","جامعه‌شناسی","مفاهیم پایه","مفاهیم اساسی","درک مفهومی","متوسط","هنجار اجتماعی چیست؟","قاعده یا انتظار پذیرفته‌شده در یک جامعه","واحد اندازه‌گیری نیرو","نوعی سلول","عدد اتمی","A","هنجارها الگوهای پذیرفته‌شده رفتار در یک جامعه‌اند.","ترنم همدلی","original","1405"
"یازدهم","انسانی","جامعه‌شناسی","جامعه‌شناسی","مفاهیم پایه","مفاهیم اساسی","درک مفهومی","متوسط","فرهنگ در علوم اجتماعی به چه حوزه‌ای مربوط است؟","ارزش‌ها، باورها و الگوهای مشترک زندگی","فقط جرم و حجم","فقط ساختار اتم","فقط محاسبات","A","فرهنگ مجموعه‌ای از ارزش‌ها، باورها و الگوهای مشترک زندگی اجتماعی است.","ترنم همدلی","original","1405"
"یازدهم","انسانی","جامعه‌شناسی","جامعه‌شناسی","مفاهیم پایه","مفاهیم اساسی","درک مفهومی","آسان","جامعه‌شناسی چه چیزی را مطالعه می‌کند؟","روابط و پدیده‌های اجتماعی","ساختار اتم","محاسبات هندسی","ساختار گیاه","A","جامعه‌شناسی پدیده‌ها، روابط و ساختارهای اجتماعی را بررسی می‌کند.","ترنم همدلی","original","1405"
"یازدهم","انسانی","جامعه‌شناسی","جامعه‌شناسی","مفاهیم پایه","مفاهیم اساسی","درک مفهومی","متوسط","هنجار اجتماعی چیست؟","قاعده یا انتظار پذیرفته‌شده در یک جامعه","واحد اندازه‌گیری نیرو","نوعی سلول","عدد اتمی","A","هنجارها الگوهای پذیرفته‌شده رفتار در یک جامعه‌اند.","ترنم همدلی","original","1405"
"یازدهم","انسانی","جامعه‌شناسی","جامعه‌شناسی","مفاهیم پایه","مفاهیم اساسی","درک مفهومی","متوسط","فرهنگ در علوم اجتماعی به چه حوزه‌ای مربوط است؟","ارزش‌ها، باورها و الگوهای مشترک زندگی","فقط جرم و حجم","فقط ساختار اتم","فقط محاسبات","A","فرهنگ مجموعه‌ای از ارزش‌ها، باورها و الگوهای مشترک زندگی اجتماعی است.","ترنم همدلی","original","1405"
"یازدهم","انسانی","جامعه‌شناسی","جامعه‌شناسی","مفاهیم پایه","مفاهیم اساسی","درک مفهومی","آسان","جامعه‌شناسی چه چیزی را مطالعه می‌کند؟","روابط و پدیده‌های اجتماعی","ساختار اتم","محاسبات هندسی","ساختار گیاه","A","جامعه‌شناسی پدیده‌ها، روابط و ساختارهای اجتماعی را بررسی می‌کند.","ترنم همدلی","original","1405"
"یازدهم","انسانی","جامعه‌شناسی","جامعه‌شناسی","مفاهیم پایه","مفاهیم اساسی","درک مفهومی","متوسط","هنجار اجتماعی چیست؟","قاعده یا انتظار پذیرفته‌شده در یک جامعه","واحد اندازه‌گیری نیرو","نوعی سلول","عدد اتمی","A","هنجارها الگوهای پذیرفته‌شده رفتار در یک جامعه‌اند.","ترنم همدلی","original","1405"
"یازدهم","انسانی","جامعه‌شناسی","جامعه‌شناسی","مفاهیم پایه","مفاهیم اساسی","درک مفهومی","متوسط","فرهنگ در علوم اجتماعی به چه حوزه‌ای مربوط است؟","ارزش‌ها، باورها و الگوهای مشترک زندگی","فقط جرم و حجم","فقط ساختار اتم","فقط محاسبات","A","فرهنگ مجموعه‌ای از ارزش‌ها، باورها و الگوهای مشترک زندگی اجتماعی است.","ترنم همدلی","original","1405"
"یازدهم","انسانی","جامعه‌شناسی","جامعه‌شناسی","مفاهیم پایه","مفاهیم اساسی","درک مفهومی","آسان","جامعه‌شناسی چه چیزی را مطالعه می‌کند؟","روابط و پدیده‌های اجتماعی","ساختار اتم","محاسبات هندسی","ساختار گیاه","A","جامعه‌شناسی پدیده‌ها، روابط و ساختارهای اجتماعی را بررسی می‌کند.","ترنم همدلی","original","1405"
"یازدهم","انسانی","جامعه‌شناسی","جامعه‌شناسی","مفاهیم پایه","مفاهیم اساسی","درک مفهومی","متوسط","هنجار اجتماعی چیست؟","قاعده یا انتظار پذیرفته‌شده در یک جامعه","واحد اندازه‌گیری نیرو","نوعی سلول","عدد اتمی","A","هنجارها الگوهای پذیرفته‌شده رفتار در یک جامعه‌اند.","ترنم همدلی","original","1405"
"یازدهم","انسانی","جامعه‌شناسی","جامعه‌شناسی","مفاهیم پایه","مفاهیم اساسی","درک مفهومی","متوسط","فرهنگ در علوم اجتماعی به چه حوزه‌ای مربوط است؟","ارزش‌ها، باورها و الگوهای مشترک زندگی","فقط جرم و حجم","فقط ساختار اتم","فقط محاسبات","A","فرهنگ مجموعه‌ای از ارزش‌ها، باورها و الگوهای مشترک زندگی اجتماعی است.","ترنم همدلی","original","1405"
"یازدهم","انسانی","جامعه‌شناسی","جامعه‌شناسی","مفاهیم پایه","مفاهیم اساسی","درک مفهومی","آسان","جامعه‌شناسی چه چیزی را مطالعه می‌کند؟","روابط و پدیده‌های اجتماعی","ساختار اتم","محاسبات هندسی","ساختار گیاه","A","جامعه‌شناسی پدیده‌ها، روابط و ساختارهای اجتماعی را بررسی می‌کند.","ترنم همدلی","original","1405"
"یازدهم","انسانی","جامعه‌شناسی","جامعه‌شناسی","مفاهیم پایه","مفاهیم اساسی","درک مفهومی","متوسط","هنجار اجتماعی چیست؟","قاعده یا انتظار پذیرفته‌شده در یک جامعه","واحد اندازه‌گیری نیرو","نوعی سلول","عدد اتمی","A","هنجارها الگوهای پذیرفته‌شده رفتار در یک جامعه‌اند.","ترنم همدلی","original","1405"
"یازدهم","انسانی","جامعه‌شناسی","جامعه‌شناسی","مفاهیم پایه","مفاهیم اساسی","درک مفهومی","متوسط","فرهنگ در علوم اجتماعی به چه حوزه‌ای مربوط است؟","ارزش‌ها، باورها و الگوهای مشترک زندگی","فقط جرم و حجم","فقط ساختار اتم","فقط محاسبات","A","فرهنگ مجموعه‌ای از ارزش‌ها، باورها و الگوهای مشترک زندگی اجتماعی است.","ترنم همدلی","original","1405"
"یازدهم","انسانی","جامعه‌شناسی","جامعه‌شناسی","مفاهیم پایه","مفاهیم اساسی","درک مفهومی","آسان","جامعه‌شناسی چه چیزی را مطالعه می‌کند؟","روابط و پدیده‌های اجتماعی","ساختار اتم","محاسبات هندسی","ساختار گیاه","A","جامعه‌شناسی پدیده‌ها، روابط و ساختارهای اجتماعی را بررسی می‌کند.","ترنم همدلی","original","1405"
"یازدهم","انسانی","جامعه‌شناسی","جامعه‌شناسی","مفاهیم پایه","مفاهیم اساسی","درک مفهومی","متوسط","هنجار اجتماعی چیست؟","قاعده یا انتظار پذیرفته‌شده در یک جامعه","واحد اندازه‌گیری نیرو","نوعی سلول","عدد اتمی","A","هنجارها الگوهای پذیرفته‌شده رفتار در یک جامعه‌اند.","ترنم همدلی","original","1405"
"یازدهم","انسانی","جامعه‌شناسی","جامعه‌شناسی","مفاهیم پایه","مفاهیم اساسی","درک مفهومی","متوسط","فرهنگ در علوم اجتماعی به چه حوزه‌ای مربوط است؟","ارزش‌ها، باورها و الگوهای مشترک زندگی","فقط جرم و حجم","فقط ساختار اتم","فقط محاسبات","A","فرهنگ مجموعه‌ای از ارزش‌ها، باورها و الگوهای مشترک زندگی اجتماعی است.","ترنم همدلی","original","1405"
"یازدهم","انسانی","جامعه‌شناسی","جامعه‌شناسی","مفاهیم پایه","مفاهیم اساسی","درک مفهومی","آسان","جامعه‌شناسی چه چیزی را مطالعه می‌کند؟","روابط و پدیده‌های اجتماعی","ساختار اتم","محاسبات هندسی","ساختار گیاه","A","جامعه‌شناسی پدیده‌ها، روابط و ساختارهای اجتماعی را بررسی می‌کند.","ترنم همدلی","original","1405"
"دوازدهم","انسانی","جامعه‌شناسی","جامعه‌شناسی","مفاهیم پایه","مفاهیم اساسی","درک مفهومی","آسان","جامعه‌شناسی چه چیزی را مطالعه می‌کند؟","روابط و پدیده‌های اجتماعی","ساختار اتم","محاسبات هندسی","ساختار گیاه","A","جامعه‌شناسی پدیده‌ها، روابط و ساختارهای اجتماعی را بررسی می‌کند.","ترنم همدلی","original","1405"
"دوازدهم","انسانی","جامعه‌شناسی","جامعه‌شناسی","مفاهیم پایه","مفاهیم اساسی","درک مفهومی","متوسط","هنجار اجتماعی چیست؟","قاعده یا انتظار پذیرفته‌شده در یک جامعه","واحد اندازه‌گیری نیرو","نوعی سلول","عدد اتمی","A","هنجارها الگوهای پذیرفته‌شده رفتار در یک جامعه‌اند.","ترنم همدلی","original","1405"
"دوازدهم","انسانی","جامعه‌شناسی","جامعه‌شناسی","مفاهیم پایه","مفاهیم اساسی","درک مفهومی","متوسط","فرهنگ در علوم اجتماعی به چه حوزه‌ای مربوط است؟","ارزش‌ها، باورها و الگوهای مشترک زندگی","فقط جرم و حجم","فقط ساختار اتم","فقط محاسبات","A","فرهنگ مجموعه‌ای از ارزش‌ها، باورها و الگوهای مشترک زندگی اجتماعی است.","ترنم همدلی","original","1405"
"دوازدهم","انسانی","جامعه‌شناسی","جامعه‌شناسی","مفاهیم پایه","مفاهیم اساسی","درک مفهومی","آسان","جامعه‌شناسی چه چیزی را مطالعه می‌کند؟","روابط و پدیده‌های اجتماعی","ساختار اتم","محاسبات هندسی","ساختار گیاه","A","جامعه‌شناسی پدیده‌ها، روابط و ساختارهای اجتماعی را بررسی می‌کند.","ترنم همدلی","original","1405"
"دوازدهم","انسانی","جامعه‌شناسی","جامعه‌شناسی","مفاهیم پایه","مفاهیم اساسی","درک مفهومی","متوسط","هنجار اجتماعی چیست؟","قاعده یا انتظار پذیرفته‌شده در یک جامعه","واحد اندازه‌گیری نیرو","نوعی سلول","عدد اتمی","A","هنجارها الگوهای پذیرفته‌شده رفتار در یک جامعه‌اند.","ترنم همدلی","original","1405"
"دوازدهم","انسانی","جامعه‌شناسی","جامعه‌شناسی","مفاهیم پایه","مفاهیم اساسی","درک مفهومی","متوسط","فرهنگ در علوم اجتماعی به چه حوزه‌ای مربوط است؟","ارزش‌ها، باورها و الگوهای مشترک زندگی","فقط جرم و حجم","فقط ساختار اتم","فقط محاسبات","A","فرهنگ مجموعه‌ای از ارزش‌ها، باورها و الگوهای مشترک زندگی اجتماعی است.","ترنم همدلی","original","1405"
"دوازدهم","انسانی","جامعه‌شناسی","جامعه‌شناسی","مفاهیم پایه","مفاهیم اساسی","درک مفهومی","آسان","جامعه‌شناسی چه چیزی را مطالعه می‌کند؟","روابط و پدیده‌های اجتماعی","ساختار اتم","محاسبات هندسی","ساختار گیاه","A","جامعه‌شناسی پدیده‌ها، روابط و ساختارهای اجتماعی را بررسی می‌کند.","ترنم همدلی","original","1405"
"دوازدهم","انسانی","جامعه‌شناسی","جامعه‌شناسی","مفاهیم پایه","مفاهیم اساسی","درک مفهومی","متوسط","هنجار اجتماعی چیست؟","قاعده یا انتظار پذیرفته‌شده در یک جامعه","واحد اندازه‌گیری نیرو","نوعی سلول","عدد اتمی","A","هنجارها الگوهای پذیرفته‌شده رفتار در یک جامعه‌اند.","ترنم همدلی","original","1405"
"دوازدهم","انسانی","جامعه‌شناسی","جامعه‌شناسی","مفاهیم پایه","مفاهیم اساسی","درک مفهومی","متوسط","فرهنگ در علوم اجتماعی به چه حوزه‌ای مربوط است؟","ارزش‌ها، باورها و الگوهای مشترک زندگی","فقط جرم و حجم","فقط ساختار اتم","فقط محاسبات","A","فرهنگ مجموعه‌ای از ارزش‌ها، باورها و الگوهای مشترک زندگی اجتماعی است.","ترنم همدلی","original","1405"
"دوازدهم","انسانی","جامعه‌شناسی","جامعه‌شناسی","مفاهیم پایه","مفاهیم اساسی","درک مفهومی","آسان","جامعه‌شناسی چه چیزی را مطالعه می‌کند؟","روابط و پدیده‌های اجتماعی","ساختار اتم","محاسبات هندسی","ساختار گیاه","A","جامعه‌شناسی پدیده‌ها، روابط و ساختارهای اجتماعی را بررسی می‌کند.","ترنم همدلی","original","1405"
"دوازدهم","انسانی","جامعه‌شناسی","جامعه‌شناسی","مفاهیم پایه","مفاهیم اساسی","درک مفهومی","متوسط","هنجار اجتماعی چیست؟","قاعده یا انتظار پذیرفته‌شده در یک جامعه","واحد اندازه‌گیری نیرو","نوعی سلول","عدد اتمی","A","هنجارها الگوهای پذیرفته‌شده رفتار در یک جامعه‌اند.","ترنم همدلی","original","1405"
"دوازدهم","انسانی","جامعه‌شناسی","جامعه‌شناسی","مفاهیم پایه","مفاهیم اساسی","درک مفهومی","متوسط","فرهنگ در علوم اجتماعی به چه حوزه‌ای مربوط است؟","ارزش‌ها، باورها و الگوهای مشترک زندگی","فقط جرم و حجم","فقط ساختار اتم","فقط محاسبات","A","فرهنگ مجموعه‌ای از ارزش‌ها، باورها و الگوهای مشترک زندگی اجتماعی است.","ترنم همدلی","original","1405"
"دوازدهم","انسانی","جامعه‌شناسی","جامعه‌شناسی","مفاهیم پایه","مفاهیم اساسی","درک مفهومی","آسان","جامعه‌شناسی چه چیزی را مطالعه می‌کند؟","روابط و پدیده‌های اجتماعی","ساختار اتم","محاسبات هندسی","ساختار گیاه","A","جامعه‌شناسی پدیده‌ها، روابط و ساختارهای اجتماعی را بررسی می‌کند.","ترنم همدلی","original","1405"
"دوازدهم","انسانی","جامعه‌شناسی","جامعه‌شناسی","مفاهیم پایه","مفاهیم اساسی","درک مفهومی","متوسط","هنجار اجتماعی چیست؟","قاعده یا انتظار پذیرفته‌شده در یک جامعه","واحد اندازه‌گیری نیرو","نوعی سلول","عدد اتمی","A","هنجارها الگوهای پذیرفته‌شده رفتار در یک جامعه‌اند.","ترنم همدلی","original","1405"
"دوازدهم","انسانی","جامعه‌شناسی","جامعه‌شناسی","مفاهیم پایه","مفاهیم اساسی","درک مفهومی","متوسط","فرهنگ در علوم اجتماعی به چه حوزه‌ای مربوط است؟","ارزش‌ها، باورها و الگوهای مشترک زندگی","فقط جرم و حجم","فقط ساختار اتم","فقط محاسبات","A","فرهنگ مجموعه‌ای از ارزش‌ها، باورها و الگوهای مشترک زندگی اجتماعی است.","ترنم همدلی","original","1405"
"دوازدهم","انسانی","جامعه‌شناسی","جامعه‌شناسی","مفاهیم پایه","مفاهیم اساسی","درک مفهومی","آسان","جامعه‌شناسی چه چیزی را مطالعه می‌کند؟","روابط و پدیده‌های اجتماعی","ساختار اتم","محاسبات هندسی","ساختار گیاه","A","جامعه‌شناسی پدیده‌ها، روابط و ساختارهای اجتماعی را بررسی می‌کند.","ترنم همدلی","original","1405"
"دوازدهم","انسانی","جامعه‌شناسی","جامعه‌شناسی","مفاهیم پایه","مفاهیم اساسی","درک مفهومی","متوسط","هنجار اجتماعی چیست؟","قاعده یا انتظار پذیرفته‌شده در یک جامعه","واحد اندازه‌گیری نیرو","نوعی سلول","عدد اتمی","A","هنجارها الگوهای پذیرفته‌شده رفتار در یک جامعه‌اند.","ترنم همدلی","original","1405"
"دوازدهم","انسانی","جامعه‌شناسی","جامعه‌شناسی","مفاهیم پایه","مفاهیم اساسی","درک مفهومی","متوسط","فرهنگ در علوم اجتماعی به چه حوزه‌ای مربوط است؟","ارزش‌ها، باورها و الگوهای مشترک زندگی","فقط جرم و حجم","فقط ساختار اتم","فقط محاسبات","A","فرهنگ مجموعه‌ای از ارزش‌ها، باورها و الگوهای مشترک زندگی اجتماعی است.","ترنم همدلی","original","1405"
"دوازدهم","انسانی","جامعه‌شناسی","جامعه‌شناسی","مفاهیم پایه","مفاهیم اساسی","درک مفهومی","آسان","جامعه‌شناسی چه چیزی را مطالعه می‌کند؟","روابط و پدیده‌های اجتماعی","ساختار اتم","محاسبات هندسی","ساختار گیاه","A","جامعه‌شناسی پدیده‌ها، روابط و ساختارهای اجتماعی را بررسی می‌کند.","ترنم همدلی","original","1405"
"دوازدهم","انسانی","جامعه‌شناسی","جامعه‌شناسی","مفاهیم پایه","مفاهیم اساسی","درک مفهومی","متوسط","هنجار اجتماعی چیست؟","قاعده یا انتظار پذیرفته‌شده در یک جامعه","واحد اندازه‌گیری نیرو","نوعی سلول","عدد اتمی","A","هنجارها الگوهای پذیرفته‌شده رفتار در یک جامعه‌اند.","ترنم همدلی","original","1405"
"دوازدهم","انسانی","جامعه‌شناسی","جامعه‌شناسی","مفاهیم پایه","مفاهیم اساسی","درک مفهومی","متوسط","فرهنگ در علوم اجتماعی به چه حوزه‌ای مربوط است؟","ارزش‌ها، باورها و الگوهای مشترک زندگی","فقط جرم و حجم","فقط ساختار اتم","فقط محاسبات","A","فرهنگ مجموعه‌ای از ارزش‌ها، باورها و الگوهای مشترک زندگی اجتماعی است.","ترنم همدلی","original","1405"
"دوازدهم","انسانی","جامعه‌شناسی","جامعه‌شناسی","مفاهیم پایه","مفاهیم اساسی","درک مفهومی","آسان","جامعه‌شناسی چه چیزی را مطالعه می‌کند؟","روابط و پدیده‌های اجتماعی","ساختار اتم","محاسبات هندسی","ساختار گیاه","A","جامعه‌شناسی پدیده‌ها، روابط و ساختارهای اجتماعی را بررسی می‌کند.","ترنم همدلی","original","1405"
"دوازدهم","انسانی","جامعه‌شناسی","جامعه‌شناسی","مفاهیم پایه","مفاهیم اساسی","درک مفهومی","متوسط","هنجار اجتماعی چیست؟","قاعده یا انتظار پذیرفته‌شده در یک جامعه","واحد اندازه‌گیری نیرو","نوعی سلول","عدد اتمی","A","هنجارها الگوهای پذیرفته‌شده رفتار در یک جامعه‌اند.","ترنم همدلی","original","1405"
"دوازدهم","انسانی","جامعه‌شناسی","جامعه‌شناسی","مفاهیم پایه","مفاهیم اساسی","درک مفهومی","متوسط","فرهنگ در علوم اجتماعی به چه حوزه‌ای مربوط است؟","ارزش‌ها، باورها و الگوهای مشترک زندگی","فقط جرم و حجم","فقط ساختار اتم","فقط محاسبات","A","فرهنگ مجموعه‌ای از ارزش‌ها، باورها و الگوهای مشترک زندگی اجتماعی است.","ترنم همدلی","original","1405"
"دوازدهم","انسانی","جامعه‌شناسی","جامعه‌شناسی","مفاهیم پایه","مفاهیم اساسی","درک مفهومی","آسان","جامعه‌شناسی چه چیزی را مطالعه می‌کند؟","روابط و پدیده‌های اجتماعی","ساختار اتم","محاسبات هندسی","ساختار گیاه","A","جامعه‌شناسی پدیده‌ها، روابط و ساختارهای اجتماعی را بررسی می‌کند.","ترنم همدلی","original","1405"
"دوازدهم","انسانی","جامعه‌شناسی","جامعه‌شناسی","مفاهیم پایه","مفاهیم اساسی","درک مفهومی","متوسط","هنجار اجتماعی چیست؟","قاعده یا انتظار پذیرفته‌شده در یک جامعه","واحد اندازه‌گیری نیرو","نوعی سلول","عدد اتمی","A","هنجارها الگوهای پذیرفته‌شده رفتار در یک جامعه‌اند.","ترنم همدلی","original","1405"
"دوازدهم","انسانی","جامعه‌شناسی","جامعه‌شناسی","مفاهیم پایه","مفاهیم اساسی","درک مفهومی","متوسط","فرهنگ در علوم اجتماعی به چه حوزه‌ای مربوط است؟","ارزش‌ها، باورها و الگوهای مشترک زندگی","فقط جرم و حجم","فقط ساختار اتم","فقط محاسبات","A","فرهنگ مجموعه‌ای از ارزش‌ها، باورها و الگوهای مشترک زندگی اجتماعی است.","ترنم همدلی","original","1405"
"دوازدهم","انسانی","جامعه‌شناسی","جامعه‌شناسی","مفاهیم پایه","مفاهیم اساسی","درک مفهومی","آسان","جامعه‌شناسی چه چیزی را مطالعه می‌کند؟","روابط و پدیده‌های اجتماعی","ساختار اتم","محاسبات هندسی","ساختار گیاه","A","جامعه‌شناسی پدیده‌ها، روابط و ساختارهای اجتماعی را بررسی می‌کند.","ترنم همدلی","original","1405"
"دوازدهم","انسانی","جامعه‌شناسی","جامعه‌شناسی","مفاهیم پایه","مفاهیم اساسی","درک مفهومی","متوسط","هنجار اجتماعی چیست؟","قاعده یا انتظار پذیرفته‌شده در یک جامعه","واحد اندازه‌گیری نیرو","نوعی سلول","عدد اتمی","A","هنجارها الگوهای پذیرفته‌شده رفتار در یک جامعه‌اند.","ترنم همدلی","original","1405"
"دوازدهم","انسانی","جامعه‌شناسی","جامعه‌شناسی","مفاهیم پایه","مفاهیم اساسی","درک مفهومی","متوسط","فرهنگ در علوم اجتماعی به چه حوزه‌ای مربوط است؟","ارزش‌ها، باورها و الگوهای مشترک زندگی","فقط جرم و حجم","فقط ساختار اتم","فقط محاسبات","A","فرهنگ مجموعه‌ای از ارزش‌ها، باورها و الگوهای مشترک زندگی اجتماعی است.","ترنم همدلی","original","1405"
"دوازدهم","انسانی","جامعه‌شناسی","جامعه‌شناسی","مفاهیم پایه","مفاهیم اساسی","درک مفهومی","آسان","جامعه‌شناسی چه چیزی را مطالعه می‌کند؟","روابط و پدیده‌های اجتماعی","ساختار اتم","محاسبات هندسی","ساختار گیاه","A","جامعه‌شناسی پدیده‌ها، روابط و ساختارهای اجتماعی را بررسی می‌کند.","ترنم همدلی","original","1405"
"دوازدهم","انسانی","جامعه‌شناسی","جامعه‌شناسی","مفاهیم پایه","مفاهیم اساسی","درک مفهومی","متوسط","هنجار اجتماعی چیست؟","قاعده یا انتظار پذیرفته‌شده در یک جامعه","واحد اندازه‌گیری نیرو","نوعی سلول","عدد اتمی","A","هنجارها الگوهای پذیرفته‌شده رفتار در یک جامعه‌اند.","ترنم همدلی","original","1405"
"دوازدهم","انسانی","جامعه‌شناسی","جامعه‌شناسی","مفاهیم پایه","مفاهیم اساسی","درک مفهومی","متوسط","فرهنگ در علوم اجتماعی به چه حوزه‌ای مربوط است؟","ارزش‌ها، باورها و الگوهای مشترک زندگی","فقط جرم و حجم","فقط ساختار اتم","فقط محاسبات","A","فرهنگ مجموعه‌ای از ارزش‌ها، باورها و الگوهای مشترک زندگی اجتماعی است.","ترنم همدلی","original","1405"
"دوازدهم","انسانی","جامعه‌شناسی","جامعه‌شناسی","مفاهیم پایه","مفاهیم اساسی","درک مفهومی","آسان","جامعه‌شناسی چه چیزی را مطالعه می‌کند؟","روابط و پدیده‌های اجتماعی","ساختار اتم","محاسبات هندسی","ساختار گیاه","A","جامعه‌شناسی پدیده‌ها، روابط و ساختارهای اجتماعی را بررسی می‌کند.","ترنم همدلی","original","1405"
"دوازدهم","انسانی","جامعه‌شناسی","جامعه‌شناسی","مفاهیم پایه","مفاهیم اساسی","درک مفهومی","متوسط","هنجار اجتماعی چیست؟","قاعده یا انتظار پذیرفته‌شده در یک جامعه","واحد اندازه‌گیری نیرو","نوعی سلول","عدد اتمی","A","هنجارها الگوهای پذیرفته‌شده رفتار در یک جامعه‌اند.","ترنم همدلی","original","1405"
"دوازدهم","انسانی","جامعه‌شناسی","جامعه‌شناسی","مفاهیم پایه","مفاهیم اساسی","درک مفهومی","متوسط","فرهنگ در علوم اجتماعی به چه حوزه‌ای مربوط است؟","ارزش‌ها، باورها و الگوهای مشترک زندگی","فقط جرم و حجم","فقط ساختار اتم","فقط محاسبات","A","فرهنگ مجموعه‌ای از ارزش‌ها، باورها و الگوهای مشترک زندگی اجتماعی است.","ترنم همدلی","original","1405"
"دوازدهم","انسانی","جامعه‌شناسی","جامعه‌شناسی","مفاهیم پایه","مفاهیم اساسی","درک مفهومی","آسان","جامعه‌شناسی چه چیزی را مطالعه می‌کند؟","روابط و پدیده‌های اجتماعی","ساختار اتم","محاسبات هندسی","ساختار گیاه","A","جامعه‌شناسی پدیده‌ها، روابط و ساختارهای اجتماعی را بررسی می‌کند.","ترنم همدلی","original","1405"
"دوازدهم","انسانی","جامعه‌شناسی","جامعه‌شناسی","مفاهیم پایه","مفاهیم اساسی","درک مفهومی","متوسط","هنجار اجتماعی چیست؟","قاعده یا انتظار پذیرفته‌شده در یک جامعه","واحد اندازه‌گیری نیرو","نوعی سلول","عدد اتمی","A","هنجارها الگوهای پذیرفته‌شده رفتار در یک جامعه‌اند.","ترنم همدلی","original","1405"
"دوازدهم","انسانی","جامعه‌شناسی","جامعه‌شناسی","مفاهیم پایه","مفاهیم اساسی","درک مفهومی","متوسط","فرهنگ در علوم اجتماعی به چه حوزه‌ای مربوط است؟","ارزش‌ها، باورها و الگوهای مشترک زندگی","فقط جرم و حجم","فقط ساختار اتم","فقط محاسبات","A","فرهنگ مجموعه‌ای از ارزش‌ها، باورها و الگوهای مشترک زندگی اجتماعی است.","ترنم همدلی","original","1405"
"دوازدهم","انسانی","جامعه‌شناسی","جامعه‌شناسی","مفاهیم پایه","مفاهیم اساسی","درک مفهومی","آسان","جامعه‌شناسی چه چیزی را مطالعه می‌کند؟","روابط و پدیده‌های اجتماعی","ساختار اتم","محاسبات هندسی","ساختار گیاه","A","جامعه‌شناسی پدیده‌ها، روابط و ساختارهای اجتماعی را بررسی می‌کند.","ترنم همدلی","original","1405"
"دوازدهم","انسانی","جامعه‌شناسی","جامعه‌شناسی","مفاهیم پایه","مفاهیم اساسی","درک مفهومی","متوسط","هنجار اجتماعی چیست؟","قاعده یا انتظار پذیرفته‌شده در یک جامعه","واحد اندازه‌گیری نیرو","نوعی سلول","عدد اتمی","A","هنجارها الگوهای پذیرفته‌شده رفتار در یک جامعه‌اند.","ترنم همدلی","original","1405"
"دوازدهم","انسانی","جامعه‌شناسی","جامعه‌شناسی","مفاهیم پایه","مفاهیم اساسی","درک مفهومی","متوسط","فرهنگ در علوم اجتماعی به چه حوزه‌ای مربوط است؟","ارزش‌ها، باورها و الگوهای مشترک زندگی","فقط جرم و حجم","فقط ساختار اتم","فقط محاسبات","A","فرهنگ مجموعه‌ای از ارزش‌ها، باورها و الگوهای مشترک زندگی اجتماعی است.","ترنم همدلی","original","1405"
"دوازدهم","انسانی","جامعه‌شناسی","جامعه‌شناسی","مفاهیم پایه","مفاهیم اساسی","درک مفهومی","آسان","جامعه‌شناسی چه چیزی را مطالعه می‌کند؟","روابط و پدیده‌های اجتماعی","ساختار اتم","محاسبات هندسی","ساختار گیاه","A","جامعه‌شناسی پدیده‌ها، روابط و ساختارهای اجتماعی را بررسی می‌کند.","ترنم همدلی","original","1405"
"دوازدهم","انسانی","جامعه‌شناسی","جامعه‌شناسی","مفاهیم پایه","مفاهیم اساسی","درک مفهومی","متوسط","هنجار اجتماعی چیست؟","قاعده یا انتظار پذیرفته‌شده در یک جامعه","واحد اندازه‌گیری نیرو","نوعی سلول","عدد اتمی","A","هنجارها الگوهای پذیرفته‌شده رفتار در یک جامعه‌اند.","ترنم همدلی","original","1405"
"دوازدهم","انسانی","جامعه‌شناسی","جامعه‌شناسی","مفاهیم پایه","مفاهیم اساسی","درک مفهومی","متوسط","فرهنگ در علوم اجتماعی به چه حوزه‌ای مربوط است؟","ارزش‌ها، باورها و الگوهای مشترک زندگی","فقط جرم و حجم","فقط ساختار اتم","فقط محاسبات","A","فرهنگ مجموعه‌ای از ارزش‌ها، باورها و الگوهای مشترک زندگی اجتماعی است.","ترنم همدلی","original","1405"
"دوازدهم","انسانی","جامعه‌شناسی","جامعه‌شناسی","مفاهیم پایه","مفاهیم اساسی","درک مفهومی","آسان","جامعه‌شناسی چه چیزی را مطالعه می‌کند؟","روابط و پدیده‌های اجتماعی","ساختار اتم","محاسبات هندسی","ساختار گیاه","A","جامعه‌شناسی پدیده‌ها، روابط و ساختارهای اجتماعی را بررسی می‌کند.","ترنم همدلی","original","1405"
"دوازدهم","انسانی","جامعه‌شناسی","جامعه‌شناسی","مفاهیم پایه","مفاهیم اساسی","درک مفهومی","متوسط","هنجار اجتماعی چیست؟","قاعده یا انتظار پذیرفته‌شده در یک جامعه","واحد اندازه‌گیری نیرو","نوعی سلول","عدد اتمی","A","هنجارها الگوهای پذیرفته‌شده رفتار در یک جامعه‌اند.","ترنم همدلی","original","1405"
"دوازدهم","انسانی","جامعه‌شناسی","جامعه‌شناسی","مفاهیم پایه","مفاهیم اساسی","درک مفهومی","متوسط","فرهنگ در علوم اجتماعی به چه حوزه‌ای مربوط است؟","ارزش‌ها، باورها و الگوهای مشترک زندگی","فقط جرم و حجم","فقط ساختار اتم","فقط محاسبات","A","فرهنگ مجموعه‌ای از ارزش‌ها، باورها و الگوهای مشترک زندگی اجتماعی است.","ترنم همدلی","original","1405"
"دوازدهم","انسانی","جامعه‌شناسی","جامعه‌شناسی","مفاهیم پایه","مفاهیم اساسی","درک مفهومی","آسان","جامعه‌شناسی چه چیزی را مطالعه می‌کند؟","روابط و پدیده‌های اجتماعی","ساختار اتم","محاسبات هندسی","ساختار گیاه","A","جامعه‌شناسی پدیده‌ها، روابط و ساختارهای اجتماعی را بررسی می‌کند.","ترنم همدلی","original","1405"
"دوازدهم","انسانی","جامعه‌شناسی","جامعه‌شناسی","مفاهیم پایه","مفاهیم اساسی","درک مفهومی","متوسط","هنجار اجتماعی چیست؟","قاعده یا انتظار پذیرفته‌شده در یک جامعه","واحد اندازه‌گیری نیرو","نوعی سلول","عدد اتمی","A","هنجارها الگوهای پذیرفته‌شده رفتار در یک جامعه‌اند.","ترنم همدلی","original","1405"
"دوازدهم","انسانی","جامعه‌شناسی","جامعه‌شناسی","مفاهیم پایه","مفاهیم اساسی","درک مفهومی","متوسط","فرهنگ در علوم اجتماعی به چه حوزه‌ای مربوط است؟","ارزش‌ها، باورها و الگوهای مشترک زندگی","فقط جرم و حجم","فقط ساختار اتم","فقط محاسبات","A","فرهنگ مجموعه‌ای از ارزش‌ها، باورها و الگوهای مشترک زندگی اجتماعی است.","ترنم همدلی","original","1405"
"دوازدهم","انسانی","جامعه‌شناسی","جامعه‌شناسی","مفاهیم پایه","مفاهیم اساسی","درک مفهومی","آسان","جامعه‌شناسی چه چیزی را مطالعه می‌کند؟","روابط و پدیده‌های اجتماعی","ساختار اتم","محاسبات هندسی","ساختار گیاه","A","جامعه‌شناسی پدیده‌ها، روابط و ساختارهای اجتماعی را بررسی می‌کند.","ترنم همدلی","original","1405"
"دوازدهم","انسانی","جامعه‌شناسی","جامعه‌شناسی","مفاهیم پایه","مفاهیم اساسی","درک مفهومی","متوسط","هنجار اجتماعی چیست؟","قاعده یا انتظار پذیرفته‌شده در یک جامعه","واحد اندازه‌گیری نیرو","نوعی سلول","عدد اتمی","A","هنجارها الگوهای پذیرفته‌شده رفتار در یک جامعه‌اند.","ترنم همدلی","original","1405"
"دوازدهم","انسانی","جامعه‌شناسی","جامعه‌شناسی","مفاهیم پایه","مفاهیم اساسی","درک مفهومی","متوسط","فرهنگ در علوم اجتماعی به چه حوزه‌ای مربوط است؟","ارزش‌ها، باورها و الگوهای مشترک زندگی","فقط جرم و حجم","فقط ساختار اتم","فقط محاسبات","A","فرهنگ مجموعه‌ای از ارزش‌ها، باورها و الگوهای مشترک زندگی اجتماعی است.","ترنم همدلی","original","1405"
"دوازدهم","انسانی","جامعه‌شناسی","جامعه‌شناسی","مفاهیم پایه","مفاهیم اساسی","درک مفهومی","آسان","جامعه‌شناسی چه چیزی را مطالعه می‌کند؟","روابط و پدیده‌های اجتماعی","ساختار اتم","محاسبات هندسی","ساختار گیاه","A","جامعه‌شناسی پدیده‌ها، روابط و ساختارهای اجتماعی را بررسی می‌کند.","ترنم همدلی","original","1405"
"دوازدهم","انسانی","جامعه‌شناسی","جامعه‌شناسی","مفاهیم پایه","مفاهیم اساسی","درک مفهومی","متوسط","هنجار اجتماعی چیست؟","قاعده یا انتظار پذیرفته‌شده در یک جامعه","واحد اندازه‌گیری نیرو","نوعی سلول","عدد اتمی","A","هنجارها الگوهای پذیرفته‌شده رفتار در یک جامعه‌اند.","ترنم همدلی","original","1405"
"دوازدهم","انسانی","جامعه‌شناسی","جامعه‌شناسی","مفاهیم پایه","مفاهیم اساسی","درک مفهومی","متوسط","فرهنگ در علوم اجتماعی به چه حوزه‌ای مربوط است؟","ارزش‌ها، باورها و الگوهای مشترک زندگی","فقط جرم و حجم","فقط ساختار اتم","فقط محاسبات","A","فرهنگ مجموعه‌ای از ارزش‌ها، باورها و الگوهای مشترک زندگی اجتماعی است.","ترنم همدلی","original","1405"
"دوازدهم","انسانی","جامعه‌شناسی","جامعه‌شناسی","مفاهیم پایه","مفاهیم اساسی","درک مفهومی","آسان","جامعه‌شناسی چه چیزی را مطالعه می‌کند؟","روابط و پدیده‌های اجتماعی","ساختار اتم","محاسبات هندسی","ساختار گیاه","A","جامعه‌شناسی پدیده‌ها، روابط و ساختارهای اجتماعی را بررسی می‌کند.","ترنم همدلی","original","1405"
"دوازدهم","انسانی","جامعه‌شناسی","جامعه‌شناسی","مفاهیم پایه","مفاهیم اساسی","درک مفهومی","متوسط","هنجار اجتماعی چیست؟","قاعده یا انتظار پذیرفته‌شده در یک جامعه","واحد اندازه‌گیری نیرو","نوعی سلول","عدد اتمی","A","هنجارها الگوهای پذیرفته‌شده رفتار در یک جامعه‌اند.","ترنم همدلی","original","1405"
"دوازدهم","انسانی","جامعه‌شناسی","جامعه‌شناسی","مفاهیم پایه","مفاهیم اساسی","درک مفهومی","متوسط","فرهنگ در علوم اجتماعی به چه حوزه‌ای مربوط است؟","ارزش‌ها، باورها و الگوهای مشترک زندگی","فقط جرم و حجم","فقط ساختار اتم","فقط محاسبات","A","فرهنگ مجموعه‌ای از ارزش‌ها، باورها و الگوهای مشترک زندگی اجتماعی است.","ترنم همدلی","original","1405"
"دوازدهم","انسانی","جامعه‌شناسی","جامعه‌شناسی","مفاهیم پایه","مفاهیم اساسی","درک مفهومی","آسان","جامعه‌شناسی چه چیزی را مطالعه می‌کند؟","روابط و پدیده‌های اجتماعی","ساختار اتم","محاسبات هندسی","ساختار گیاه","A","جامعه‌شناسی پدیده‌ها، روابط و ساختارهای اجتماعی را بررسی می‌کند.","ترنم همدلی","original","1405"
"دوازدهم","انسانی","جامعه‌شناسی","جامعه‌شناسی","مفاهیم پایه","مفاهیم اساسی","درک مفهومی","متوسط","هنجار اجتماعی چیست؟","قاعده یا انتظار پذیرفته‌شده در یک جامعه","واحد اندازه‌گیری نیرو","نوعی سلول","عدد اتمی","A","هنجارها الگوهای پذیرفته‌شده رفتار در یک جامعه‌اند.","ترنم همدلی","original","1405"
"دوازدهم","انسانی","جامعه‌شناسی","جامعه‌شناسی","مفاهیم پایه","مفاهیم اساسی","درک مفهومی","متوسط","فرهنگ در علوم اجتماعی به چه حوزه‌ای مربوط است؟","ارزش‌ها، باورها و الگوهای مشترک زندگی","فقط جرم و حجم","فقط ساختار اتم","فقط محاسبات","A","فرهنگ مجموعه‌ای از ارزش‌ها، باورها و الگوهای مشترک زندگی اجتماعی است.","ترنم همدلی","original","1405"
"دوازدهم","انسانی","جامعه‌شناسی","جامعه‌شناسی","مفاهیم پایه","مفاهیم اساسی","درک مفهومی","آسان","جامعه‌شناسی چه چیزی را مطالعه می‌کند؟","روابط و پدیده‌های اجتماعی","ساختار اتم","محاسبات هندسی","ساختار گیاه","A","جامعه‌شناسی پدیده‌ها، روابط و ساختارهای اجتماعی را بررسی می‌کند.","ترنم همدلی","original","1405"
"دوازدهم","انسانی","جامعه‌شناسی","جامعه‌شناسی","مفاهیم پایه","مفاهیم اساسی","درک مفهومی","متوسط","هنجار اجتماعی چیست؟","قاعده یا انتظار پذیرفته‌شده در یک جامعه","واحد اندازه‌گیری نیرو","نوعی سلول","عدد اتمی","A","هنجارها الگوهای پذیرفته‌شده رفتار در یک جامعه‌اند.","ترنم همدلی","original","1405"
"دوازدهم","انسانی","جامعه‌شناسی","جامعه‌شناسی","مفاهیم پایه","مفاهیم اساسی","درک مفهومی","متوسط","فرهنگ در علوم اجتماعی به چه حوزه‌ای مربوط است؟","ارزش‌ها، باورها و الگوهای مشترک زندگی","فقط جرم و حجم","فقط ساختار اتم","فقط محاسبات","A","فرهنگ مجموعه‌ای از ارزش‌ها، باورها و الگوهای مشترک زندگی اجتماعی است.","ترنم همدلی","original","1405"
"دوازدهم","انسانی","جامعه‌شناسی","جامعه‌شناسی","مفاهیم پایه","مفاهیم اساسی","درک مفهومی","آسان","جامعه‌شناسی چه چیزی را مطالعه می‌کند؟","روابط و پدیده‌های اجتماعی","ساختار اتم","محاسبات هندسی","ساختار گیاه","A","جامعه‌شناسی پدیده‌ها، روابط و ساختارهای اجتماعی را بررسی می‌کند.","ترنم همدلی","original","1405"
"دوازدهم","انسانی","جامعه‌شناسی","جامعه‌شناسی","مفاهیم پایه","مفاهیم اساسی","درک مفهومی","متوسط","هنجار اجتماعی چیست؟","قاعده یا انتظار پذیرفته‌شده در یک جامعه","واحد اندازه‌گیری نیرو","نوعی سلول","عدد اتمی","A","هنجارها الگوهای پذیرفته‌شده رفتار در یک جامعه‌اند.","ترنم همدلی","original","1405"
"دوازدهم","انسانی","جامعه‌شناسی","جامعه‌شناسی","مفاهیم پایه","مفاهیم اساسی","درک مفهومی","متوسط","فرهنگ در علوم اجتماعی به چه حوزه‌ای مربوط است؟","ارزش‌ها، باورها و الگوهای مشترک زندگی","فقط جرم و حجم","فقط ساختار اتم","فقط محاسبات","A","فرهنگ مجموعه‌ای از ارزش‌ها، باورها و الگوهای مشترک زندگی اجتماعی است.","ترنم همدلی","original","1405"
"دوازدهم","انسانی","جامعه‌شناسی","جامعه‌شناسی","مفاهیم پایه","مفاهیم اساسی","درک مفهومی","آسان","جامعه‌شناسی چه چیزی را مطالعه می‌کند؟","روابط و پدیده‌های اجتماعی","ساختار اتم","محاسبات هندسی","ساختار گیاه","A","جامعه‌شناسی پدیده‌ها، روابط و ساختارهای اجتماعی را بررسی می‌کند.","ترنم همدلی","original","1405"
"دوازدهم","انسانی","جامعه‌شناسی","جامعه‌شناسی","مفاهیم پایه","مفاهیم اساسی","درک مفهومی","متوسط","هنجار اجتماعی چیست؟","قاعده یا انتظار پذیرفته‌شده در یک جامعه","واحد اندازه‌گیری نیرو","نوعی سلول","عدد اتمی","A","هنجارها الگوهای پذیرفته‌شده رفتار در یک جامعه‌اند.","ترنم همدلی","original","1405"
"دوازدهم","انسانی","جامعه‌شناسی","جامعه‌شناسی","مفاهیم پایه","مفاهیم اساسی","درک مفهومی","متوسط","فرهنگ در علوم اجتماعی به چه حوزه‌ای مربوط است؟","ارزش‌ها، باورها و الگوهای مشترک زندگی","فقط جرم و حجم","فقط ساختار اتم","فقط محاسبات","A","فرهنگ مجموعه‌ای از ارزش‌ها، باورها و الگوهای مشترک زندگی اجتماعی است.","ترنم همدلی","original","1405"
"دوازدهم","انسانی","جامعه‌شناسی","جامعه‌شناسی","مفاهیم پایه","مفاهیم اساسی","درک مفهومی","آسان","جامعه‌شناسی چه چیزی را مطالعه می‌کند؟","روابط و پدیده‌های اجتماعی","ساختار اتم","محاسبات هندسی","ساختار گیاه","A","جامعه‌شناسی پدیده‌ها، روابط و ساختارهای اجتماعی را بررسی می‌کند.","ترنم همدلی","original","1405"
"دوازدهم","انسانی","جامعه‌شناسی","جامعه‌شناسی","مفاهیم پایه","مفاهیم اساسی","درک مفهومی","متوسط","هنجار اجتماعی چیست؟","قاعده یا انتظار پذیرفته‌شده در یک جامعه","واحد اندازه‌گیری نیرو","نوعی سلول","عدد اتمی","A","هنجارها الگوهای پذیرفته‌شده رفتار در یک جامعه‌اند.","ترنم همدلی","original","1405"
"دوازدهم","انسانی","جامعه‌شناسی","جامعه‌شناسی","مفاهیم پایه","مفاهیم اساسی","درک مفهومی","متوسط","فرهنگ در علوم اجتماعی به چه حوزه‌ای مربوط است؟","ارزش‌ها، باورها و الگوهای مشترک زندگی","فقط جرم و حجم","فقط ساختار اتم","فقط محاسبات","A","فرهنگ مجموعه‌ای از ارزش‌ها، باورها و الگوهای مشترک زندگی اجتماعی است.","ترنم همدلی","original","1405"
"دوازدهم","انسانی","جامعه‌شناسی","جامعه‌شناسی","مفاهیم پایه","مفاهیم اساسی","درک مفهومی","آسان","جامعه‌شناسی چه چیزی را مطالعه می‌کند؟","روابط و پدیده‌های اجتماعی","ساختار اتم","محاسبات هندسی","ساختار گیاه","A","جامعه‌شناسی پدیده‌ها، روابط و ساختارهای اجتماعی را بررسی می‌کند.","ترنم همدلی","original","1405"
"دوازدهم","انسانی","جامعه‌شناسی","جامعه‌شناسی","مفاهیم پایه","مفاهیم اساسی","درک مفهومی","متوسط","هنجار اجتماعی چیست؟","قاعده یا انتظار پذیرفته‌شده در یک جامعه","واحد اندازه‌گیری نیرو","نوعی سلول","عدد اتمی","A","هنجارها الگوهای پذیرفته‌شده رفتار در یک جامعه‌اند.","ترنم همدلی","original","1405"
"دوازدهم","انسانی","جامعه‌شناسی","جامعه‌شناسی","مفاهیم پایه","مفاهیم اساسی","درک مفهومی","متوسط","فرهنگ در علوم اجتماعی به چه حوزه‌ای مربوط است؟","ارزش‌ها، باورها و الگوهای مشترک زندگی","فقط جرم و حجم","فقط ساختار اتم","فقط محاسبات","A","فرهنگ مجموعه‌ای از ارزش‌ها، باورها و الگوهای مشترک زندگی اجتماعی است.","ترنم همدلی","original","1405"
"دوازدهم","انسانی","جامعه‌شناسی","جامعه‌شناسی","مفاهیم پایه","مفاهیم اساسی","درک مفهومی","آسان","جامعه‌شناسی چه چیزی را مطالعه می‌کند؟","روابط و پدیده‌های اجتماعی","ساختار اتم","محاسبات هندسی","ساختار گیاه","A","جامعه‌شناسی پدیده‌ها، روابط و ساختارهای اجتماعی را بررسی می‌کند.","ترنم همدلی","original","1405"
"دوازدهم","انسانی","جامعه‌شناسی","جامعه‌شناسی","مفاهیم پایه","مفاهیم اساسی","درک مفهومی","متوسط","هنجار اجتماعی چیست؟","قاعده یا انتظار پذیرفته‌شده در یک جامعه","واحد اندازه‌گیری نیرو","نوعی سلول","عدد اتمی","A","هنجارها الگوهای پذیرفته‌شده رفتار در یک جامعه‌اند.","ترنم همدلی","original","1405"
"دوازدهم","انسانی","جامعه‌شناسی","جامعه‌شناسی","مفاهیم پایه","مفاهیم اساسی","درک مفهومی","متوسط","فرهنگ در علوم اجتماعی به چه حوزه‌ای مربوط است؟","ارزش‌ها، باورها و الگوهای مشترک زندگی","فقط جرم و حجم","فقط ساختار اتم","فقط محاسبات","A","فرهنگ مجموعه‌ای از ارزش‌ها، باورها و الگوهای مشترک زندگی اجتماعی است.","ترنم همدلی","original","1405"
"دوازدهم","انسانی","جامعه‌شناسی","جامعه‌شناسی","مفاهیم پایه","مفاهیم اساسی","درک مفهومی","آسان","جامعه‌شناسی چه چیزی را مطالعه می‌کند؟","روابط و پدیده‌های اجتماعی","ساختار اتم","محاسبات هندسی","ساختار گیاه","A","جامعه‌شناسی پدیده‌ها، روابط و ساختارهای اجتماعی را بررسی می‌کند.","ترنم همدلی","original","1405"
"دوازدهم","انسانی","جامعه‌شناسی","جامعه‌شناسی","مفاهیم پایه","مفاهیم اساسی","درک مفهومی","متوسط","هنجار اجتماعی چیست؟","قاعده یا انتظار پذیرفته‌شده در یک جامعه","واحد اندازه‌گیری نیرو","نوعی سلول","عدد اتمی","A","هنجارها الگوهای پذیرفته‌شده رفتار در یک جامعه‌اند.","ترنم همدلی","original","1405"
"دوازدهم","انسانی","جامعه‌شناسی","جامعه‌شناسی","مفاهیم پایه","مفاهیم اساسی","درک مفهومی","متوسط","فرهنگ در علوم اجتماعی به چه حوزه‌ای مربوط است؟","ارزش‌ها، باورها و الگوهای مشترک زندگی","فقط جرم و حجم","فقط ساختار اتم","فقط محاسبات","A","فرهنگ مجموعه‌ای از ارزش‌ها، باورها و الگوهای مشترک زندگی اجتماعی است.","ترنم همدلی","original","1405"
"دوازدهم","انسانی","جامعه‌شناسی","جامعه‌شناسی","مفاهیم پایه","مفاهیم اساسی","درک مفهومی","آسان","جامعه‌شناسی چه چیزی را مطالعه می‌کند؟","روابط و پدیده‌های اجتماعی","ساختار اتم","محاسبات هندسی","ساختار گیاه","A","جامعه‌شناسی پدیده‌ها، روابط و ساختارهای اجتماعی را بررسی می‌کند.","ترنم همدلی","original","1405"
"دوازدهم","انسانی","جامعه‌شناسی","جامعه‌شناسی","مفاهیم پایه","مفاهیم اساسی","درک مفهومی","متوسط","هنجار اجتماعی چیست؟","قاعده یا انتظار پذیرفته‌شده در یک جامعه","واحد اندازه‌گیری نیرو","نوعی سلول","عدد اتمی","A","هنجارها الگوهای پذیرفته‌شده رفتار در یک جامعه‌اند.","ترنم همدلی","original","1405"
"دوازدهم","انسانی","جامعه‌شناسی","جامعه‌شناسی","مفاهیم پایه","مفاهیم اساسی","درک مفهومی","متوسط","فرهنگ در علوم اجتماعی به چه حوزه‌ای مربوط است؟","ارزش‌ها، باورها و الگوهای مشترک زندگی","فقط جرم و حجم","فقط ساختار اتم","فقط محاسبات","A","فرهنگ مجموعه‌ای از ارزش‌ها، باورها و الگوهای مشترک زندگی اجتماعی است.","ترنم همدلی","original","1405"
"دوازدهم","انسانی","جامعه‌شناسی","جامعه‌شناسی","مفاهیم پایه","مفاهیم اساسی","درک مفهومی","آسان","جامعه‌شناسی چه چیزی را مطالعه می‌کند؟","روابط و پدیده‌های اجتماعی","ساختار اتم","محاسبات هندسی","ساختار گیاه","A","جامعه‌شناسی پدیده‌ها، روابط و ساختارهای اجتماعی را بررسی می‌کند.","ترنم همدلی","original","1405"
"دوازدهم","انسانی","جامعه‌شناسی","جامعه‌شناسی","مفاهیم پایه","مفاهیم اساسی","درک مفهومی","متوسط","هنجار اجتماعی چیست؟","قاعده یا انتظار پذیرفته‌شده در یک جامعه","واحد اندازه‌گیری نیرو","نوعی سلول","عدد اتمی","A","هنجارها الگوهای پذیرفته‌شده رفتار در یک جامعه‌اند.","ترنم همدلی","original","1405"
"دوازدهم","انسانی","جامعه‌شناسی","جامعه‌شناسی","مفاهیم پایه","مفاهیم اساسی","درک مفهومی","متوسط","فرهنگ در علوم اجتماعی به چه حوزه‌ای مربوط است؟","ارزش‌ها، باورها و الگوهای مشترک زندگی","فقط جرم و حجم","فقط ساختار اتم","فقط محاسبات","A","فرهنگ مجموعه‌ای از ارزش‌ها، باورها و الگوهای مشترک زندگی اجتماعی است.","ترنم همدلی","original","1405"
"دوازدهم","انسانی","جامعه‌شناسی","جامعه‌شناسی","مفاهیم پایه","مفاهیم اساسی","درک مفهومی","آسان","جامعه‌شناسی چه چیزی را مطالعه می‌کند؟","روابط و پدیده‌های اجتماعی","ساختار اتم","محاسبات هندسی","ساختار گیاه","A","جامعه‌شناسی پدیده‌ها، روابط و ساختارهای اجتماعی را بررسی می‌کند.","ترنم همدلی","original","1405"
"دوازدهم","انسانی","جامعه‌شناسی","جامعه‌شناسی","مفاهیم پایه","مفاهیم اساسی","درک مفهومی","متوسط","هنجار اجتماعی چیست؟","قاعده یا انتظار پذیرفته‌شده در یک جامعه","واحد اندازه‌گیری نیرو","نوعی سلول","عدد اتمی","A","هنجارها الگوهای پذیرفته‌شده رفتار در یک جامعه‌اند.","ترنم همدلی","original","1405"
"دوازدهم","انسانی","جامعه‌شناسی","جامعه‌شناسی","مفاهیم پایه","مفاهیم اساسی","درک مفهومی","متوسط","فرهنگ در علوم اجتماعی به چه حوزه‌ای مربوط است؟","ارزش‌ها، باورها و الگوهای مشترک زندگی","فقط جرم و حجم","فقط ساختار اتم","فقط محاسبات","A","فرهنگ مجموعه‌ای از ارزش‌ها، باورها و الگوهای مشترک زندگی اجتماعی است.","ترنم همدلی","original","1405"
"دوازدهم","انسانی","جامعه‌شناسی","جامعه‌شناسی","مفاهیم پایه","مفاهیم اساسی","درک مفهومی","آسان","جامعه‌شناسی چه چیزی را مطالعه می‌کند؟","روابط و پدیده‌های اجتماعی","ساختار اتم","محاسبات هندسی","ساختار گیاه","A","جامعه‌شناسی پدیده‌ها، روابط و ساختارهای اجتماعی را بررسی می‌کند.","ترنم همدلی","original","1405"
"دوازدهم","انسانی","جامعه‌شناسی","جامعه‌شناسی","مفاهیم پایه","مفاهیم اساسی","درک مفهومی","متوسط","هنجار اجتماعی چیست؟","قاعده یا انتظار پذیرفته‌شده در یک جامعه","واحد اندازه‌گیری نیرو","نوعی سلول","عدد اتمی","A","هنجارها الگوهای پذیرفته‌شده رفتار در یک جامعه‌اند.","ترنم همدلی","original","1405"
"دوازدهم","انسانی","جامعه‌شناسی","جامعه‌شناسی","مفاهیم پایه","مفاهیم اساسی","درک مفهومی","متوسط","فرهنگ در علوم اجتماعی به چه حوزه‌ای مربوط است؟","ارزش‌ها، باورها و الگوهای مشترک زندگی","فقط جرم و حجم","فقط ساختار اتم","فقط محاسبات","A","فرهنگ مجموعه‌ای از ارزش‌ها، باورها و الگوهای مشترک زندگی اجتماعی است.","ترنم همدلی","original","1405"
"دوازدهم","انسانی","جامعه‌شناسی","جامعه‌شناسی","مفاهیم پایه","مفاهیم اساسی","درک مفهومی","آسان","جامعه‌شناسی چه چیزی را مطالعه می‌کند؟","روابط و پدیده‌های اجتماعی","ساختار اتم","محاسبات هندسی","ساختار گیاه","A","جامعه‌شناسی پدیده‌ها، روابط و ساختارهای اجتماعی را بررسی می‌کند.","ترنم همدلی","original","1405"
"دوازدهم","انسانی","جامعه‌شناسی","جامعه‌شناسی","مفاهیم پایه","مفاهیم اساسی","درک مفهومی","متوسط","هنجار اجتماعی چیست؟","قاعده یا انتظار پذیرفته‌شده در یک جامعه","واحد اندازه‌گیری نیرو","نوعی سلول","عدد اتمی","A","هنجارها الگوهای پذیرفته‌شده رفتار در یک جامعه‌اند.","ترنم همدلی","original","1405"
"دوازدهم","انسانی","جامعه‌شناسی","جامعه‌شناسی","مفاهیم پایه","مفاهیم اساسی","درک مفهومی","متوسط","فرهنگ در علوم اجتماعی به چه حوزه‌ای مربوط است؟","ارزش‌ها، باورها و الگوهای مشترک زندگی","فقط جرم و حجم","فقط ساختار اتم","فقط محاسبات","A","فرهنگ مجموعه‌ای از ارزش‌ها، باورها و الگوهای مشترک زندگی اجتماعی است.","ترنم همدلی","original","1405"
"دوازدهم","انسانی","جامعه‌شناسی","جامعه‌شناسی","مفاهیم پایه","مفاهیم اساسی","درک مفهومی","آسان","جامعه‌شناسی چه چیزی را مطالعه می‌کند؟","روابط و پدیده‌های اجتماعی","ساختار اتم","محاسبات هندسی","ساختار گیاه","A","جامعه‌شناسی پدیده‌ها، روابط و ساختارهای اجتماعی را بررسی می‌کند.","ترنم همدلی","original","1405"
"هفتم","عمومی","عربی","عربی","واژگان و قواعد","واژه‌شناسی","معنا","آسان","معنای «کتاب» در عربی کدام است؟","کتاب","مدرسه","معلم","دانش‌آموز","A","«کتاب» در عربی به معنای کتاب است.","ترنم همدلی","original","1405"
"هفتم","عمومی","زبان انگلیسی","زبان انگلیسی","Vocabulary","واژگان پایه","معنا","آسان","کدام گزینه معنی «book» است؟","کتاب","مدرسه","خانه","معلم","A","book به معنی کتاب است.","ترنم همدلی","original","1405"
"هفتم","عمومی","عربی","عربی","واژگان و قواعد","واژه‌شناسی","معنا","متوسط","معنای «کتاب» در عربی کدام است؟","کتاب","مدرسه","معلم","دانش‌آموز","A","«کتاب» در عربی به معنای کتاب است.","ترنم همدلی","original","1405"
"هفتم","عمومی","زبان انگلیسی","زبان انگلیسی","Vocabulary","واژگان پایه","معنا","متوسط","کدام گزینه معنی «book» است؟","کتاب","مدرسه","خانه","معلم","A","book به معنی کتاب است.","ترنم همدلی","original","1405"
"هفتم","عمومی","عربی","عربی","واژگان و قواعد","واژه‌شناسی","معنا","متوسط","معنای «کتاب» در عربی کدام است؟","کتاب","مدرسه","معلم","دانش‌آموز","A","«کتاب» در عربی به معنای کتاب است.","ترنم همدلی","original","1405"
"هفتم","عمومی","زبان انگلیسی","زبان انگلیسی","Vocabulary","واژگان پایه","معنا","متوسط","کدام گزینه معنی «book» است؟","کتاب","مدرسه","خانه","معلم","A","book به معنی کتاب است.","ترنم همدلی","original","1405"
"هفتم","عمومی","عربی","عربی","واژگان و قواعد","واژه‌شناسی","معنا","آسان","معنای «کتاب» در عربی کدام است؟","کتاب","مدرسه","معلم","دانش‌آموز","A","«کتاب» در عربی به معنای کتاب است.","ترنم همدلی","original","1405"
"هفتم","عمومی","زبان انگلیسی","زبان انگلیسی","Vocabulary","واژگان پایه","معنا","آسان","کدام گزینه معنی «book» است؟","کتاب","مدرسه","خانه","معلم","A","book به معنی کتاب است.","ترنم همدلی","original","1405"
"هفتم","عمومی","عربی","عربی","واژگان و قواعد","واژه‌شناسی","معنا","متوسط","معنای «کتاب» در عربی کدام است؟","کتاب","مدرسه","معلم","دانش‌آموز","A","«کتاب» در عربی به معنای کتاب است.","ترنم همدلی","original","1405"
"هفتم","عمومی","زبان انگلیسی","زبان انگلیسی","Vocabulary","واژگان پایه","معنا","متوسط","کدام گزینه معنی «book» است؟","کتاب","مدرسه","خانه","معلم","A","book به معنی کتاب است.","ترنم همدلی","original","1405"
"هفتم","عمومی","عربی","عربی","واژگان و قواعد","واژه‌شناسی","معنا","متوسط","معنای «کتاب» در عربی کدام است؟","کتاب","مدرسه","معلم","دانش‌آموز","A","«کتاب» در عربی به معنای کتاب است.","ترنم همدلی","original","1405"
"هفتم","عمومی","زبان انگلیسی","زبان انگلیسی","Vocabulary","واژگان پایه","معنا","متوسط","کدام گزینه معنی «book» است؟","کتاب","مدرسه","خانه","معلم","A","book به معنی کتاب است.","ترنم همدلی","original","1405"
"هفتم","عمومی","عربی","عربی","واژگان و قواعد","واژه‌شناسی","معنا","آسان","معنای «کتاب» در عربی کدام است؟","کتاب","مدرسه","معلم","دانش‌آموز","A","«کتاب» در عربی به معنای کتاب است.","ترنم همدلی","original","1405"
"هفتم","عمومی","زبان انگلیسی","زبان انگلیسی","Vocabulary","واژگان پایه","معنا","آسان","کدام گزینه معنی «book» است؟","کتاب","مدرسه","خانه","معلم","A","book به معنی کتاب است.","ترنم همدلی","original","1405"
"هفتم","عمومی","عربی","عربی","واژگان و قواعد","واژه‌شناسی","معنا","متوسط","معنای «کتاب» در عربی کدام است؟","کتاب","مدرسه","معلم","دانش‌آموز","A","«کتاب» در عربی به معنای کتاب است.","ترنم همدلی","original","1405"
"هفتم","عمومی","زبان انگلیسی","زبان انگلیسی","Vocabulary","واژگان پایه","معنا","متوسط","کدام گزینه معنی «book» است؟","کتاب","مدرسه","خانه","معلم","A","book به معنی کتاب است.","ترنم همدلی","original","1405"
"هفتم","عمومی","عربی","عربی","واژگان و قواعد","واژه‌شناسی","معنا","متوسط","معنای «کتاب» در عربی کدام است؟","کتاب","مدرسه","معلم","دانش‌آموز","A","«کتاب» در عربی به معنای کتاب است.","ترنم همدلی","original","1405"
"هفتم","عمومی","زبان انگلیسی","زبان انگلیسی","Vocabulary","واژگان پایه","معنا","متوسط","کدام گزینه معنی «book» است؟","کتاب","مدرسه","خانه","معلم","A","book به معنی کتاب است.","ترنم همدلی","original","1405"
"هفتم","عمومی","عربی","عربی","واژگان و قواعد","واژه‌شناسی","معنا","آسان","معنای «کتاب» در عربی کدام است؟","کتاب","مدرسه","معلم","دانش‌آموز","A","«کتاب» در عربی به معنای کتاب است.","ترنم همدلی","original","1405"
"هفتم","عمومی","زبان انگلیسی","زبان انگلیسی","Vocabulary","واژگان پایه","معنا","آسان","کدام گزینه معنی «book» است؟","کتاب","مدرسه","خانه","معلم","A","book به معنی کتاب است.","ترنم همدلی","original","1405"
"هفتم","عمومی","عربی","عربی","واژگان و قواعد","واژه‌شناسی","معنا","متوسط","معنای «کتاب» در عربی کدام است؟","کتاب","مدرسه","معلم","دانش‌آموز","A","«کتاب» در عربی به معنای کتاب است.","ترنم همدلی","original","1405"
"هفتم","عمومی","زبان انگلیسی","زبان انگلیسی","Vocabulary","واژگان پایه","معنا","متوسط","کدام گزینه معنی «book» است؟","کتاب","مدرسه","خانه","معلم","A","book به معنی کتاب است.","ترنم همدلی","original","1405"
"هفتم","عمومی","عربی","عربی","واژگان و قواعد","واژه‌شناسی","معنا","متوسط","معنای «کتاب» در عربی کدام است؟","کتاب","مدرسه","معلم","دانش‌آموز","A","«کتاب» در عربی به معنای کتاب است.","ترنم همدلی","original","1405"
"هفتم","عمومی","زبان انگلیسی","زبان انگلیسی","Vocabulary","واژگان پایه","معنا","متوسط","کدام گزینه معنی «book» است؟","کتاب","مدرسه","خانه","معلم","A","book به معنی کتاب است.","ترنم همدلی","original","1405"
"هفتم","عمومی","عربی","عربی","واژگان و قواعد","واژه‌شناسی","معنا","آسان","معنای «کتاب» در عربی کدام است؟","کتاب","مدرسه","معلم","دانش‌آموز","A","«کتاب» در عربی به معنای کتاب است.","ترنم همدلی","original","1405"
"هفتم","عمومی","زبان انگلیسی","زبان انگلیسی","Vocabulary","واژگان پایه","معنا","آسان","کدام گزینه معنی «book» است؟","کتاب","مدرسه","خانه","معلم","A","book به معنی کتاب است.","ترنم همدلی","original","1405"
"هفتم","عمومی","عربی","عربی","واژگان و قواعد","واژه‌شناسی","معنا","متوسط","معنای «کتاب» در عربی کدام است؟","کتاب","مدرسه","معلم","دانش‌آموز","A","«کتاب» در عربی به معنای کتاب است.","ترنم همدلی","original","1405"
"هفتم","عمومی","زبان انگلیسی","زبان انگلیسی","Vocabulary","واژگان پایه","معنا","متوسط","کدام گزینه معنی «book» است؟","کتاب","مدرسه","خانه","معلم","A","book به معنی کتاب است.","ترنم همدلی","original","1405"
"هفتم","عمومی","عربی","عربی","واژگان و قواعد","واژه‌شناسی","معنا","متوسط","معنای «کتاب» در عربی کدام است؟","کتاب","مدرسه","معلم","دانش‌آموز","A","«کتاب» در عربی به معنای کتاب است.","ترنم همدلی","original","1405"
"هفتم","عمومی","زبان انگلیسی","زبان انگلیسی","Vocabulary","واژگان پایه","معنا","متوسط","کدام گزینه معنی «book» است؟","کتاب","مدرسه","خانه","معلم","A","book به معنی کتاب است.","ترنم همدلی","original","1405"
"هفتم","عمومی","عربی","عربی","واژگان و قواعد","واژه‌شناسی","معنا","آسان","معنای «کتاب» در عربی کدام است؟","کتاب","مدرسه","معلم","دانش‌آموز","A","«کتاب» در عربی به معنای کتاب است.","ترنم همدلی","original","1405"
"هفتم","عمومی","زبان انگلیسی","زبان انگلیسی","Vocabulary","واژگان پایه","معنا","آسان","کدام گزینه معنی «book» است؟","کتاب","مدرسه","خانه","معلم","A","book به معنی کتاب است.","ترنم همدلی","original","1405"
"هفتم","عمومی","عربی","عربی","واژگان و قواعد","واژه‌شناسی","معنا","متوسط","معنای «کتاب» در عربی کدام است؟","کتاب","مدرسه","معلم","دانش‌آموز","A","«کتاب» در عربی به معنای کتاب است.","ترنم همدلی","original","1405"
"هفتم","عمومی","زبان انگلیسی","زبان انگلیسی","Vocabulary","واژگان پایه","معنا","متوسط","کدام گزینه معنی «book» است؟","کتاب","مدرسه","خانه","معلم","A","book به معنی کتاب است.","ترنم همدلی","original","1405"
"هفتم","عمومی","عربی","عربی","واژگان و قواعد","واژه‌شناسی","معنا","متوسط","معنای «کتاب» در عربی کدام است؟","کتاب","مدرسه","معلم","دانش‌آموز","A","«کتاب» در عربی به معنای کتاب است.","ترنم همدلی","original","1405"
"هفتم","عمومی","زبان انگلیسی","زبان انگلیسی","Vocabulary","واژگان پایه","معنا","متوسط","کدام گزینه معنی «book» است؟","کتاب","مدرسه","خانه","معلم","A","book به معنی کتاب است.","ترنم همدلی","original","1405"
"هفتم","عمومی","عربی","عربی","واژگان و قواعد","واژه‌شناسی","معنا","آسان","معنای «کتاب» در عربی کدام است؟","کتاب","مدرسه","معلم","دانش‌آموز","A","«کتاب» در عربی به معنای کتاب است.","ترنم همدلی","original","1405"
"هفتم","عمومی","زبان انگلیسی","زبان انگلیسی","Vocabulary","واژگان پایه","معنا","آسان","کدام گزینه معنی «book» است؟","کتاب","مدرسه","خانه","معلم","A","book به معنی کتاب است.","ترنم همدلی","original","1405"
"هفتم","عمومی","عربی","عربی","واژگان و قواعد","واژه‌شناسی","معنا","متوسط","معنای «کتاب» در عربی کدام است؟","کتاب","مدرسه","معلم","دانش‌آموز","A","«کتاب» در عربی به معنای کتاب است.","ترنم همدلی","original","1405"
"هفتم","عمومی","زبان انگلیسی","زبان انگلیسی","Vocabulary","واژگان پایه","معنا","متوسط","کدام گزینه معنی «book» است؟","کتاب","مدرسه","خانه","معلم","A","book به معنی کتاب است.","ترنم همدلی","original","1405"
"هفتم","عمومی","عربی","عربی","واژگان و قواعد","واژه‌شناسی","معنا","متوسط","معنای «کتاب» در عربی کدام است؟","کتاب","مدرسه","معلم","دانش‌آموز","A","«کتاب» در عربی به معنای کتاب است.","ترنم همدلی","original","1405"
"هفتم","عمومی","زبان انگلیسی","زبان انگلیسی","Vocabulary","واژگان پایه","معنا","متوسط","کدام گزینه معنی «book» است؟","کتاب","مدرسه","خانه","معلم","A","book به معنی کتاب است.","ترنم همدلی","original","1405"
"هفتم","عمومی","عربی","عربی","واژگان و قواعد","واژه‌شناسی","معنا","آسان","معنای «کتاب» در عربی کدام است؟","کتاب","مدرسه","معلم","دانش‌آموز","A","«کتاب» در عربی به معنای کتاب است.","ترنم همدلی","original","1405"
"هفتم","عمومی","زبان انگلیسی","زبان انگلیسی","Vocabulary","واژگان پایه","معنا","آسان","کدام گزینه معنی «book» است؟","کتاب","مدرسه","خانه","معلم","A","book به معنی کتاب است.","ترنم همدلی","original","1405"
"هفتم","عمومی","عربی","عربی","واژگان و قواعد","واژه‌شناسی","معنا","متوسط","معنای «کتاب» در عربی کدام است؟","کتاب","مدرسه","معلم","دانش‌آموز","A","«کتاب» در عربی به معنای کتاب است.","ترنم همدلی","original","1405"
"هفتم","عمومی","زبان انگلیسی","زبان انگلیسی","Vocabulary","واژگان پایه","معنا","متوسط","کدام گزینه معنی «book» است؟","کتاب","مدرسه","خانه","معلم","A","book به معنی کتاب است.","ترنم همدلی","original","1405"
"هفتم","عمومی","عربی","عربی","واژگان و قواعد","واژه‌شناسی","معنا","متوسط","معنای «کتاب» در عربی کدام است؟","کتاب","مدرسه","معلم","دانش‌آموز","A","«کتاب» در عربی به معنای کتاب است.","ترنم همدلی","original","1405"
"هفتم","عمومی","زبان انگلیسی","زبان انگلیسی","Vocabulary","واژگان پایه","معنا","متوسط","کدام گزینه معنی «book» است؟","کتاب","مدرسه","خانه","معلم","A","book به معنی کتاب است.","ترنم همدلی","original","1405"
"هفتم","عمومی","عربی","عربی","واژگان و قواعد","واژه‌شناسی","معنا","آسان","معنای «کتاب» در عربی کدام است؟","کتاب","مدرسه","معلم","دانش‌آموز","A","«کتاب» در عربی به معنای کتاب است.","ترنم همدلی","original","1405"
"هفتم","عمومی","زبان انگلیسی","زبان انگلیسی","Vocabulary","واژگان پایه","معنا","آسان","کدام گزینه معنی «book» است؟","کتاب","مدرسه","خانه","معلم","A","book به معنی کتاب است.","ترنم همدلی","original","1405"
"هفتم","عمومی","عربی","عربی","واژگان و قواعد","واژه‌شناسی","معنا","متوسط","معنای «کتاب» در عربی کدام است؟","کتاب","مدرسه","معلم","دانش‌آموز","A","«کتاب» در عربی به معنای کتاب است.","ترنم همدلی","original","1405"
"هفتم","عمومی","زبان انگلیسی","زبان انگلیسی","Vocabulary","واژگان پایه","معنا","متوسط","کدام گزینه معنی «book» است؟","کتاب","مدرسه","خانه","معلم","A","book به معنی کتاب است.","ترنم همدلی","original","1405"
"هفتم","عمومی","عربی","عربی","واژگان و قواعد","واژه‌شناسی","معنا","متوسط","معنای «کتاب» در عربی کدام است؟","کتاب","مدرسه","معلم","دانش‌آموز","A","«کتاب» در عربی به معنای کتاب است.","ترنم همدلی","original","1405"
"هفتم","عمومی","زبان انگلیسی","زبان انگلیسی","Vocabulary","واژگان پایه","معنا","متوسط","کدام گزینه معنی «book» است؟","کتاب","مدرسه","خانه","معلم","A","book به معنی کتاب است.","ترنم همدلی","original","1405"
"هفتم","عمومی","عربی","عربی","واژگان و قواعد","واژه‌شناسی","معنا","آسان","معنای «کتاب» در عربی کدام است؟","کتاب","مدرسه","معلم","دانش‌آموز","A","«کتاب» در عربی به معنای کتاب است.","ترنم همدلی","original","1405"
"هفتم","عمومی","زبان انگلیسی","زبان انگلیسی","Vocabulary","واژگان پایه","معنا","آسان","کدام گزینه معنی «book» است؟","کتاب","مدرسه","خانه","معلم","A","book به معنی کتاب است.","ترنم همدلی","original","1405"
"هفتم","عمومی","عربی","عربی","واژگان و قواعد","واژه‌شناسی","معنا","متوسط","معنای «کتاب» در عربی کدام است؟","کتاب","مدرسه","معلم","دانش‌آموز","A","«کتاب» در عربی به معنای کتاب است.","ترنم همدلی","original","1405"
"هفتم","عمومی","زبان انگلیسی","زبان انگلیسی","Vocabulary","واژگان پایه","معنا","متوسط","کدام گزینه معنی «book» است؟","کتاب","مدرسه","خانه","معلم","A","book به معنی کتاب است.","ترنم همدلی","original","1405"
"هفتم","عمومی","عربی","عربی","واژگان و قواعد","واژه‌شناسی","معنا","متوسط","معنای «کتاب» در عربی کدام است؟","کتاب","مدرسه","معلم","دانش‌آموز","A","«کتاب» در عربی به معنای کتاب است.","ترنم همدلی","original","1405"
"هفتم","عمومی","زبان انگلیسی","زبان انگلیسی","Vocabulary","واژگان پایه","معنا","متوسط","کدام گزینه معنی «book» است؟","کتاب","مدرسه","خانه","معلم","A","book به معنی کتاب است.","ترنم همدلی","original","1405"
"هفتم","عمومی","عربی","عربی","واژگان و قواعد","واژه‌شناسی","معنا","آسان","معنای «کتاب» در عربی کدام است؟","کتاب","مدرسه","معلم","دانش‌آموز","A","«کتاب» در عربی به معنای کتاب است.","ترنم همدلی","original","1405"
"هفتم","عمومی","زبان انگلیسی","زبان انگلیسی","Vocabulary","واژگان پایه","معنا","آسان","کدام گزینه معنی «book» است؟","کتاب","مدرسه","خانه","معلم","A","book به معنی کتاب است.","ترنم همدلی","original","1405"
"هفتم","عمومی","عربی","عربی","واژگان و قواعد","واژه‌شناسی","معنا","متوسط","معنای «کتاب» در عربی کدام است؟","کتاب","مدرسه","معلم","دانش‌آموز","A","«کتاب» در عربی به معنای کتاب است.","ترنم همدلی","original","1405"
"هفتم","عمومی","زبان انگلیسی","زبان انگلیسی","Vocabulary","واژگان پایه","معنا","متوسط","کدام گزینه معنی «book» است؟","کتاب","مدرسه","خانه","معلم","A","book به معنی کتاب است.","ترنم همدلی","original","1405"
"هفتم","عمومی","عربی","عربی","واژگان و قواعد","واژه‌شناسی","معنا","متوسط","معنای «کتاب» در عربی کدام است؟","کتاب","مدرسه","معلم","دانش‌آموز","A","«کتاب» در عربی به معنای کتاب است.","ترنم همدلی","original","1405"
"هفتم","عمومی","زبان انگلیسی","زبان انگلیسی","Vocabulary","واژگان پایه","معنا","متوسط","کدام گزینه معنی «book» است؟","کتاب","مدرسه","خانه","معلم","A","book به معنی کتاب است.","ترنم همدلی","original","1405"
"هفتم","عمومی","عربی","عربی","واژگان و قواعد","واژه‌شناسی","معنا","آسان","معنای «کتاب» در عربی کدام است؟","کتاب","مدرسه","معلم","دانش‌آموز","A","«کتاب» در عربی به معنای کتاب است.","ترنم همدلی","original","1405"
"هفتم","عمومی","زبان انگلیسی","زبان انگلیسی","Vocabulary","واژگان پایه","معنا","آسان","کدام گزینه معنی «book» است؟","کتاب","مدرسه","خانه","معلم","A","book به معنی کتاب است.","ترنم همدلی","original","1405"
"هفتم","عمومی","عربی","عربی","واژگان و قواعد","واژه‌شناسی","معنا","متوسط","معنای «کتاب» در عربی کدام است؟","کتاب","مدرسه","معلم","دانش‌آموز","A","«کتاب» در عربی به معنای کتاب است.","ترنم همدلی","original","1405"
"هفتم","عمومی","زبان انگلیسی","زبان انگلیسی","Vocabulary","واژگان پایه","معنا","متوسط","کدام گزینه معنی «book» است؟","کتاب","مدرسه","خانه","معلم","A","book به معنی کتاب است.","ترنم همدلی","original","1405"
"هفتم","عمومی","عربی","عربی","واژگان و قواعد","واژه‌شناسی","معنا","متوسط","معنای «کتاب» در عربی کدام است؟","کتاب","مدرسه","معلم","دانش‌آموز","A","«کتاب» در عربی به معنای کتاب است.","ترنم همدلی","original","1405"
"هفتم","عمومی","زبان انگلیسی","زبان انگلیسی","Vocabulary","واژگان پایه","معنا","متوسط","کدام گزینه معنی «book» است؟","کتاب","مدرسه","خانه","معلم","A","book به معنی کتاب است.","ترنم همدلی","original","1405"
"هفتم","عمومی","عربی","عربی","واژگان و قواعد","واژه‌شناسی","معنا","آسان","معنای «کتاب» در عربی کدام است؟","کتاب","مدرسه","معلم","دانش‌آموز","A","«کتاب» در عربی به معنای کتاب است.","ترنم همدلی","original","1405"
"هفتم","عمومی","زبان انگلیسی","زبان انگلیسی","Vocabulary","واژگان پایه","معنا","آسان","کدام گزینه معنی «book» است؟","کتاب","مدرسه","خانه","معلم","A","book به معنی کتاب است.","ترنم همدلی","original","1405"
"هفتم","عمومی","عربی","عربی","واژگان و قواعد","واژه‌شناسی","معنا","متوسط","معنای «کتاب» در عربی کدام است؟","کتاب","مدرسه","معلم","دانش‌آموز","A","«کتاب» در عربی به معنای کتاب است.","ترنم همدلی","original","1405"
"هفتم","عمومی","زبان انگلیسی","زبان انگلیسی","Vocabulary","واژگان پایه","معنا","متوسط","کدام گزینه معنی «book» است؟","کتاب","مدرسه","خانه","معلم","A","book به معنی کتاب است.","ترنم همدلی","original","1405"
"هفتم","عمومی","عربی","عربی","واژگان و قواعد","واژه‌شناسی","معنا","متوسط","معنای «کتاب» در عربی کدام است؟","کتاب","مدرسه","معلم","دانش‌آموز","A","«کتاب» در عربی به معنای کتاب است.","ترنم همدلی","original","1405"
"هفتم","عمومی","زبان انگلیسی","زبان انگلیسی","Vocabulary","واژگان پایه","معنا","متوسط","کدام گزینه معنی «book» است؟","کتاب","مدرسه","خانه","معلم","A","book به معنی کتاب است.","ترنم همدلی","original","1405"
"هفتم","عمومی","عربی","عربی","واژگان و قواعد","واژه‌شناسی","معنا","آسان","معنای «کتاب» در عربی کدام است؟","کتاب","مدرسه","معلم","دانش‌آموز","A","«کتاب» در عربی به معنای کتاب است.","ترنم همدلی","original","1405"
"هفتم","عمومی","زبان انگلیسی","زبان انگلیسی","Vocabulary","واژگان پایه","معنا","آسان","کدام گزینه معنی «book» است؟","کتاب","مدرسه","خانه","معلم","A","book به معنی کتاب است.","ترنم همدلی","original","1405"
"هفتم","عمومی","عربی","عربی","واژگان و قواعد","واژه‌شناسی","معنا","متوسط","معنای «کتاب» در عربی کدام است؟","کتاب","مدرسه","معلم","دانش‌آموز","A","«کتاب» در عربی به معنای کتاب است.","ترنم همدلی","original","1405"
"هفتم","عمومی","زبان انگلیسی","زبان انگلیسی","Vocabulary","واژگان پایه","معنا","متوسط","کدام گزینه معنی «book» است؟","کتاب","مدرسه","خانه","معلم","A","book به معنی کتاب است.","ترنم همدلی","original","1405"
"هفتم","عمومی","عربی","عربی","واژگان و قواعد","واژه‌شناسی","معنا","متوسط","معنای «کتاب» در عربی کدام است؟","کتاب","مدرسه","معلم","دانش‌آموز","A","«کتاب» در عربی به معنای کتاب است.","ترنم همدلی","original","1405"
"هفتم","عمومی","زبان انگلیسی","زبان انگلیسی","Vocabulary","واژگان پایه","معنا","متوسط","کدام گزینه معنی «book» است؟","کتاب","مدرسه","خانه","معلم","A","book به معنی کتاب است.","ترنم همدلی","original","1405"
"هفتم","عمومی","عربی","عربی","واژگان و قواعد","واژه‌شناسی","معنا","آسان","معنای «کتاب» در عربی کدام است؟","کتاب","مدرسه","معلم","دانش‌آموز","A","«کتاب» در عربی به معنای کتاب است.","ترنم همدلی","original","1405"
"هفتم","عمومی","زبان انگلیسی","زبان انگلیسی","Vocabulary","واژگان پایه","معنا","آسان","کدام گزینه معنی «book» است؟","کتاب","مدرسه","خانه","معلم","A","book به معنی کتاب است.","ترنم همدلی","original","1405"
"هفتم","عمومی","عربی","عربی","واژگان و قواعد","واژه‌شناسی","معنا","متوسط","معنای «کتاب» در عربی کدام است؟","کتاب","مدرسه","معلم","دانش‌آموز","A","«کتاب» در عربی به معنای کتاب است.","ترنم همدلی","original","1405"
"هفتم","عمومی","زبان انگلیسی","زبان انگلیسی","Vocabulary","واژگان پایه","معنا","متوسط","کدام گزینه معنی «book» است؟","کتاب","مدرسه","خانه","معلم","A","book به معنی کتاب است.","ترنم همدلی","original","1405"
"هفتم","عمومی","عربی","عربی","واژگان و قواعد","واژه‌شناسی","معنا","متوسط","معنای «کتاب» در عربی کدام است؟","کتاب","مدرسه","معلم","دانش‌آموز","A","«کتاب» در عربی به معنای کتاب است.","ترنم همدلی","original","1405"
"هفتم","عمومی","زبان انگلیسی","زبان انگلیسی","Vocabulary","واژگان پایه","معنا","متوسط","کدام گزینه معنی «book» است؟","کتاب","مدرسه","خانه","معلم","A","book به معنی کتاب است.","ترنم همدلی","original","1405"
"هفتم","عمومی","عربی","عربی","واژگان و قواعد","واژه‌شناسی","معنا","آسان","معنای «کتاب» در عربی کدام است؟","کتاب","مدرسه","معلم","دانش‌آموز","A","«کتاب» در عربی به معنای کتاب است.","ترنم همدلی","original","1405"
"هفتم","عمومی","زبان انگلیسی","زبان انگلیسی","Vocabulary","واژگان پایه","معنا","آسان","کدام گزینه معنی «book» است؟","کتاب","مدرسه","خانه","معلم","A","book به معنی کتاب است.","ترنم همدلی","original","1405"
"هفتم","عمومی","عربی","عربی","واژگان و قواعد","واژه‌شناسی","معنا","متوسط","معنای «کتاب» در عربی کدام است؟","کتاب","مدرسه","معلم","دانش‌آموز","A","«کتاب» در عربی به معنای کتاب است.","ترنم همدلی","original","1405"
"هفتم","عمومی","زبان انگلیسی","زبان انگلیسی","Vocabulary","واژگان پایه","معنا","متوسط","کدام گزینه معنی «book» است؟","کتاب","مدرسه","خانه","معلم","A","book به معنی کتاب است.","ترنم همدلی","original","1405"
"هفتم","عمومی","عربی","عربی","واژگان و قواعد","واژه‌شناسی","معنا","متوسط","معنای «کتاب» در عربی کدام است؟","کتاب","مدرسه","معلم","دانش‌آموز","A","«کتاب» در عربی به معنای کتاب است.","ترنم همدلی","original","1405"
"هفتم","عمومی","زبان انگلیسی","زبان انگلیسی","Vocabulary","واژگان پایه","معنا","متوسط","کدام گزینه معنی «book» است؟","کتاب","مدرسه","خانه","معلم","A","book به معنی کتاب است.","ترنم همدلی","original","1405"
"هفتم","عمومی","عربی","عربی","واژگان و قواعد","واژه‌شناسی","معنا","آسان","معنای «کتاب» در عربی کدام است؟","کتاب","مدرسه","معلم","دانش‌آموز","A","«کتاب» در عربی به معنای کتاب است.","ترنم همدلی","original","1405"
"هفتم","عمومی","زبان انگلیسی","زبان انگلیسی","Vocabulary","واژگان پایه","معنا","آسان","کدام گزینه معنی «book» است؟","کتاب","مدرسه","خانه","معلم","A","book به معنی کتاب است.","ترنم همدلی","original","1405"
"هفتم","عمومی","عربی","عربی","واژگان و قواعد","واژه‌شناسی","معنا","متوسط","معنای «کتاب» در عربی کدام است؟","کتاب","مدرسه","معلم","دانش‌آموز","A","«کتاب» در عربی به معنای کتاب است.","ترنم همدلی","original","1405"
"هفتم","عمومی","زبان انگلیسی","زبان انگلیسی","Vocabulary","واژگان پایه","معنا","متوسط","کدام گزینه معنی «book» است؟","کتاب","مدرسه","خانه","معلم","A","book به معنی کتاب است.","ترنم همدلی","original","1405"
"هفتم","عمومی","عربی","عربی","واژگان و قواعد","واژه‌شناسی","معنا","متوسط","معنای «کتاب» در عربی کدام است؟","کتاب","مدرسه","معلم","دانش‌آموز","A","«کتاب» در عربی به معنای کتاب است.","ترنم همدلی","original","1405"
"هفتم","عمومی","زبان انگلیسی","زبان انگلیسی","Vocabulary","واژگان پایه","معنا","متوسط","کدام گزینه معنی «book» است؟","کتاب","مدرسه","خانه","معلم","A","book به معنی کتاب است.","ترنم همدلی","original","1405"
"هفتم","عمومی","عربی","عربی","واژگان و قواعد","واژه‌شناسی","معنا","آسان","معنای «کتاب» در عربی کدام است؟","کتاب","مدرسه","معلم","دانش‌آموز","A","«کتاب» در عربی به معنای کتاب است.","ترنم همدلی","original","1405"
"هفتم","عمومی","زبان انگلیسی","زبان انگلیسی","Vocabulary","واژگان پایه","معنا","آسان","کدام گزینه معنی «book» است؟","کتاب","مدرسه","خانه","معلم","A","book به معنی کتاب است.","ترنم همدلی","original","1405"
"هفتم","عمومی","عربی","عربی","واژگان و قواعد","واژه‌شناسی","معنا","متوسط","معنای «کتاب» در عربی کدام است؟","کتاب","مدرسه","معلم","دانش‌آموز","A","«کتاب» در عربی به معنای کتاب است.","ترنم همدلی","original","1405"
"هفتم","عمومی","زبان انگلیسی","زبان انگلیسی","Vocabulary","واژگان پایه","معنا","متوسط","کدام گزینه معنی «book» است؟","کتاب","مدرسه","خانه","معلم","A","book به معنی کتاب است.","ترنم همدلی","original","1405"
"هفتم","عمومی","عربی","عربی","واژگان و قواعد","واژه‌شناسی","معنا","متوسط","معنای «کتاب» در عربی کدام است؟","کتاب","مدرسه","معلم","دانش‌آموز","A","«کتاب» در عربی به معنای کتاب است.","ترنم همدلی","original","1405"
"هفتم","عمومی","زبان انگلیسی","زبان انگلیسی","Vocabulary","واژگان پایه","معنا","متوسط","کدام گزینه معنی «book» است؟","کتاب","مدرسه","خانه","معلم","A","book به معنی کتاب است.","ترنم همدلی","original","1405"
"هفتم","عمومی","عربی","عربی","واژگان و قواعد","واژه‌شناسی","معنا","آسان","معنای «کتاب» در عربی کدام است؟","کتاب","مدرسه","معلم","دانش‌آموز","A","«کتاب» در عربی به معنای کتاب است.","ترنم همدلی","original","1405"
"هفتم","عمومی","زبان انگلیسی","زبان انگلیسی","Vocabulary","واژگان پایه","معنا","آسان","کدام گزینه معنی «book» است؟","کتاب","مدرسه","خانه","معلم","A","book به معنی کتاب است.","ترنم همدلی","original","1405"
"هفتم","عمومی","عربی","عربی","واژگان و قواعد","واژه‌شناسی","معنا","متوسط","معنای «کتاب» در عربی کدام است؟","کتاب","مدرسه","معلم","دانش‌آموز","A","«کتاب» در عربی به معنای کتاب است.","ترنم همدلی","original","1405"
"هفتم","عمومی","زبان انگلیسی","زبان انگلیسی","Vocabulary","واژگان پایه","معنا","متوسط","کدام گزینه معنی «book» است؟","کتاب","مدرسه","خانه","معلم","A","book به معنی کتاب است.","ترنم همدلی","original","1405"
"هفتم","عمومی","عربی","عربی","واژگان و قواعد","واژه‌شناسی","معنا","متوسط","معنای «کتاب» در عربی کدام است؟","کتاب","مدرسه","معلم","دانش‌آموز","A","«کتاب» در عربی به معنای کتاب است.","ترنم همدلی","original","1405"
"هفتم","عمومی","زبان انگلیسی","زبان انگلیسی","Vocabulary","واژگان پایه","معنا","متوسط","کدام گزینه معنی «book» است؟","کتاب","مدرسه","خانه","معلم","A","book به معنی کتاب است.","ترنم همدلی","original","1405"
"هفتم","عمومی","عربی","عربی","واژگان و قواعد","واژه‌شناسی","معنا","آسان","معنای «کتاب» در عربی کدام است؟","کتاب","مدرسه","معلم","دانش‌آموز","A","«کتاب» در عربی به معنای کتاب است.","ترنم همدلی","original","1405"
"هفتم","عمومی","زبان انگلیسی","زبان انگلیسی","Vocabulary","واژگان پایه","معنا","آسان","کدام گزینه معنی «book» است؟","کتاب","مدرسه","خانه","معلم","A","book به معنی کتاب است.","ترنم همدلی","original","1405"
"هفتم","عمومی","عربی","عربی","واژگان و قواعد","واژه‌شناسی","معنا","متوسط","معنای «کتاب» در عربی کدام است؟","کتاب","مدرسه","معلم","دانش‌آموز","A","«کتاب» در عربی به معنای کتاب است.","ترنم همدلی","original","1405"
"هفتم","عمومی","زبان انگلیسی","زبان انگلیسی","Vocabulary","واژگان پایه","معنا","متوسط","کدام گزینه معنی «book» است؟","کتاب","مدرسه","خانه","معلم","A","book به معنی کتاب است.","ترنم همدلی","original","1405"
"هفتم","عمومی","عربی","عربی","واژگان و قواعد","واژه‌شناسی","معنا","متوسط","معنای «کتاب» در عربی کدام است؟","کتاب","مدرسه","معلم","دانش‌آموز","A","«کتاب» در عربی به معنای کتاب است.","ترنم همدلی","original","1405"
"هفتم","عمومی","زبان انگلیسی","زبان انگلیسی","Vocabulary","واژگان پایه","معنا","متوسط","کدام گزینه معنی «book» است؟","کتاب","مدرسه","خانه","معلم","A","book به معنی کتاب است.","ترنم همدلی","original","1405"
"هفتم","عمومی","عربی","عربی","واژگان و قواعد","واژه‌شناسی","معنا","آسان","معنای «کتاب» در عربی کدام است؟","کتاب","مدرسه","معلم","دانش‌آموز","A","«کتاب» در عربی به معنای کتاب است.","ترنم همدلی","original","1405"
"هفتم","عمومی","زبان انگلیسی","زبان انگلیسی","Vocabulary","واژگان پایه","معنا","آسان","کدام گزینه معنی «book» است؟","کتاب","مدرسه","خانه","معلم","A","book به معنی کتاب است.","ترنم همدلی","original","1405"
"هفتم","عمومی","عربی","عربی","واژگان و قواعد","واژه‌شناسی","معنا","متوسط","معنای «کتاب» در عربی کدام است؟","کتاب","مدرسه","معلم","دانش‌آموز","A","«کتاب» در عربی به معنای کتاب است.","ترنم همدلی","original","1405"
"هفتم","عمومی","زبان انگلیسی","زبان انگلیسی","Vocabulary","واژگان پایه","معنا","متوسط","کدام گزینه معنی «book» است؟","کتاب","مدرسه","خانه","معلم","A","book به معنی کتاب است.","ترنم همدلی","original","1405"
"هفتم","عمومی","عربی","عربی","واژگان و قواعد","واژه‌شناسی","معنا","متوسط","معنای «کتاب» در عربی کدام است؟","کتاب","مدرسه","معلم","دانش‌آموز","A","«کتاب» در عربی به معنای کتاب است.","ترنم همدلی","original","1405"
"هفتم","عمومی","زبان انگلیسی","زبان انگلیسی","Vocabulary","واژگان پایه","معنا","متوسط","کدام گزینه معنی «book» است؟","کتاب","مدرسه","خانه","معلم","A","book به معنی کتاب است.","ترنم همدلی","original","1405"
"هفتم","عمومی","عربی","عربی","واژگان و قواعد","واژه‌شناسی","معنا","آسان","معنای «کتاب» در عربی کدام است؟","کتاب","مدرسه","معلم","دانش‌آموز","A","«کتاب» در عربی به معنای کتاب است.","ترنم همدلی","original","1405"
"هفتم","عمومی","زبان انگلیسی","زبان انگلیسی","Vocabulary","واژگان پایه","معنا","آسان","کدام گزینه معنی «book» است؟","کتاب","مدرسه","خانه","معلم","A","book به معنی کتاب است.","ترنم همدلی","original","1405"
"هفتم","عمومی","عربی","عربی","واژگان و قواعد","واژه‌شناسی","معنا","متوسط","معنای «کتاب» در عربی کدام است؟","کتاب","مدرسه","معلم","دانش‌آموز","A","«کتاب» در عربی به معنای کتاب است.","ترنم همدلی","original","1405"
"هفتم","عمومی","زبان انگلیسی","زبان انگلیسی","Vocabulary","واژگان پایه","معنا","متوسط","کدام گزینه معنی «book» است؟","کتاب","مدرسه","خانه","معلم","A","book به معنی کتاب است.","ترنم همدلی","original","1405"
"هفتم","عمومی","عربی","عربی","واژگان و قواعد","واژه‌شناسی","معنا","متوسط","معنای «کتاب» در عربی کدام است؟","کتاب","مدرسه","معلم","دانش‌آموز","A","«کتاب» در عربی به معنای کتاب است.","ترنم همدلی","original","1405"
"هفتم","عمومی","زبان انگلیسی","زبان انگلیسی","Vocabulary","واژگان پایه","معنا","متوسط","کدام گزینه معنی «book» است؟","کتاب","مدرسه","خانه","معلم","A","book به معنی کتاب است.","ترنم همدلی","original","1405"
"هفتم","عمومی","عربی","عربی","واژگان و قواعد","واژه‌شناسی","معنا","آسان","معنای «کتاب» در عربی کدام است؟","کتاب","مدرسه","معلم","دانش‌آموز","A","«کتاب» در عربی به معنای کتاب است.","ترنم همدلی","original","1405"
"هفتم","عمومی","زبان انگلیسی","زبان انگلیسی","Vocabulary","واژگان پایه","معنا","آسان","کدام گزینه معنی «book» است؟","کتاب","مدرسه","خانه","معلم","A","book به معنی کتاب است.","ترنم همدلی","original","1405"
"هفتم","عمومی","عربی","عربی","واژگان و قواعد","واژه‌شناسی","معنا","متوسط","معنای «کتاب» در عربی کدام است؟","کتاب","مدرسه","معلم","دانش‌آموز","A","«کتاب» در عربی به معنای کتاب است.","ترنم همدلی","original","1405"
"هفتم","عمومی","زبان انگلیسی","زبان انگلیسی","Vocabulary","واژگان پایه","معنا","متوسط","کدام گزینه معنی «book» است؟","کتاب","مدرسه","خانه","معلم","A","book به معنی کتاب است.","ترنم همدلی","original","1405"
"هفتم","عمومی","عربی","عربی","واژگان و قواعد","واژه‌شناسی","معنا","متوسط","معنای «کتاب» در عربی کدام است؟","کتاب","مدرسه","معلم","دانش‌آموز","A","«کتاب» در عربی به معنای کتاب است.","ترنم همدلی","original","1405"
"هفتم","عمومی","زبان انگلیسی","زبان انگلیسی","Vocabulary","واژگان پایه","معنا","متوسط","کدام گزینه معنی «book» است؟","کتاب","مدرسه","خانه","معلم","A","book به معنی کتاب است.","ترنم همدلی","original","1405"
"هفتم","عمومی","عربی","عربی","واژگان و قواعد","واژه‌شناسی","معنا","آسان","معنای «کتاب» در عربی کدام است؟","کتاب","مدرسه","معلم","دانش‌آموز","A","«کتاب» در عربی به معنای کتاب است.","ترنم همدلی","original","1405"
"هفتم","عمومی","زبان انگلیسی","زبان انگلیسی","Vocabulary","واژگان پایه","معنا","آسان","کدام گزینه معنی «book» است؟","کتاب","مدرسه","خانه","معلم","A","book به معنی کتاب است.","ترنم همدلی","original","1405"
"هفتم","عمومی","عربی","عربی","واژگان و قواعد","واژه‌شناسی","معنا","متوسط","معنای «کتاب» در عربی کدام است؟","کتاب","مدرسه","معلم","دانش‌آموز","A","«کتاب» در عربی به معنای کتاب است.","ترنم همدلی","original","1405"
"هفتم","عمومی","زبان انگلیسی","زبان انگلیسی","Vocabulary","واژگان پایه","معنا","متوسط","کدام گزینه معنی «book» است؟","کتاب","مدرسه","خانه","معلم","A","book به معنی کتاب است.","ترنم همدلی","original","1405"
"هفتم","عمومی","عربی","عربی","واژگان و قواعد","واژه‌شناسی","معنا","متوسط","معنای «کتاب» در عربی کدام است؟","کتاب","مدرسه","معلم","دانش‌آموز","A","«کتاب» در عربی به معنای کتاب است.","ترنم همدلی","original","1405"
"هفتم","عمومی","زبان انگلیسی","زبان انگلیسی","Vocabulary","واژگان پایه","معنا","متوسط","کدام گزینه معنی «book» است؟","کتاب","مدرسه","خانه","معلم","A","book به معنی کتاب است.","ترنم همدلی","original","1405"
"هفتم","عمومی","عربی","عربی","واژگان و قواعد","واژه‌شناسی","معنا","آسان","معنای «کتاب» در عربی کدام است؟","کتاب","مدرسه","معلم","دانش‌آموز","A","«کتاب» در عربی به معنای کتاب است.","ترنم همدلی","original","1405"
"هفتم","عمومی","زبان انگلیسی","زبان انگلیسی","Vocabulary","واژگان پایه","معنا","آسان","کدام گزینه معنی «book» است؟","کتاب","مدرسه","خانه","معلم","A","book به معنی کتاب است.","ترنم همدلی","original","1405"
"هفتم","عمومی","عربی","عربی","واژگان و قواعد","واژه‌شناسی","معنا","متوسط","معنای «کتاب» در عربی کدام است؟","کتاب","مدرسه","معلم","دانش‌آموز","A","«کتاب» در عربی به معنای کتاب است.","ترنم همدلی","original","1405"
"هفتم","عمومی","زبان انگلیسی","زبان انگلیسی","Vocabulary","واژگان پایه","معنا","متوسط","کدام گزینه معنی «book» است؟","کتاب","مدرسه","خانه","معلم","A","book به معنی کتاب است.","ترنم همدلی","original","1405"
"هفتم","عمومی","عربی","عربی","واژگان و قواعد","واژه‌شناسی","معنا","متوسط","معنای «کتاب» در عربی کدام است؟","کتاب","مدرسه","معلم","دانش‌آموز","A","«کتاب» در عربی به معنای کتاب است.","ترنم همدلی","original","1405"
"هفتم","عمومی","زبان انگلیسی","زبان انگلیسی","Vocabulary","واژگان پایه","معنا","متوسط","کدام گزینه معنی «book» است؟","کتاب","مدرسه","خانه","معلم","A","book به معنی کتاب است.","ترنم همدلی","original","1405"
"هفتم","عمومی","عربی","عربی","واژگان و قواعد","واژه‌شناسی","معنا","آسان","معنای «کتاب» در عربی کدام است؟","کتاب","مدرسه","معلم","دانش‌آموز","A","«کتاب» در عربی به معنای کتاب است.","ترنم همدلی","original","1405"
"هفتم","عمومی","زبان انگلیسی","زبان انگلیسی","Vocabulary","واژگان پایه","معنا","آسان","کدام گزینه معنی «book» است؟","کتاب","مدرسه","خانه","معلم","A","book به معنی کتاب است.","ترنم همدلی","original","1405"
"هفتم","عمومی","عربی","عربی","واژگان و قواعد","واژه‌شناسی","معنا","متوسط","معنای «کتاب» در عربی کدام است؟","کتاب","مدرسه","معلم","دانش‌آموز","A","«کتاب» در عربی به معنای کتاب است.","ترنم همدلی","original","1405"
"هفتم","عمومی","زبان انگلیسی","زبان انگلیسی","Vocabulary","واژگان پایه","معنا","متوسط","کدام گزینه معنی «book» است؟","کتاب","مدرسه","خانه","معلم","A","book به معنی کتاب است.","ترنم همدلی","original","1405"
"هفتم","عمومی","عربی","عربی","واژگان و قواعد","واژه‌شناسی","معنا","متوسط","معنای «کتاب» در عربی کدام است؟","کتاب","مدرسه","معلم","دانش‌آموز","A","«کتاب» در عربی به معنای کتاب است.","ترنم همدلی","original","1405"
"هفتم","عمومی","زبان انگلیسی","زبان انگلیسی","Vocabulary","واژگان پایه","معنا","متوسط","کدام گزینه معنی «book» است؟","کتاب","مدرسه","خانه","معلم","A","book به معنی کتاب است.","ترنم همدلی","original","1405"
"هفتم","عمومی","عربی","عربی","واژگان و قواعد","واژه‌شناسی","معنا","آسان","معنای «کتاب» در عربی کدام است؟","کتاب","مدرسه","معلم","دانش‌آموز","A","«کتاب» در عربی به معنای کتاب است.","ترنم همدلی","original","1405"
"هفتم","عمومی","زبان انگلیسی","زبان انگلیسی","Vocabulary","واژگان پایه","معنا","آسان","کدام گزینه معنی «book» است؟","کتاب","مدرسه","خانه","معلم","A","book به معنی کتاب است.","ترنم همدلی","original","1405"
"هفتم","عمومی","عربی","عربی","واژگان و قواعد","واژه‌شناسی","معنا","متوسط","معنای «کتاب» در عربی کدام است؟","کتاب","مدرسه","معلم","دانش‌آموز","A","«کتاب» در عربی به معنای کتاب است.","ترنم همدلی","original","1405"
"هفتم","عمومی","زبان انگلیسی","زبان انگلیسی","Vocabulary","واژگان پایه","معنا","متوسط","کدام گزینه معنی «book» است؟","کتاب","مدرسه","خانه","معلم","A","book به معنی کتاب است.","ترنم همدلی","original","1405"
"هشتم","عمومی","عربی","عربی","واژگان و قواعد","واژه‌شناسی","معنا","آسان","معنای «کتاب» در عربی کدام است؟","کتاب","مدرسه","معلم","دانش‌آموز","A","«کتاب» در عربی به معنای کتاب است.","ترنم همدلی","original","1405"
"هشتم","عمومی","زبان انگلیسی","زبان انگلیسی","Vocabulary","واژگان پایه","معنا","آسان","کدام گزینه معنی «book» است؟","کتاب","مدرسه","خانه","معلم","A","book به معنی کتاب است.","ترنم همدلی","original","1405"
"هشتم","عمومی","عربی","عربی","واژگان و قواعد","واژه‌شناسی","معنا","متوسط","معنای «کتاب» در عربی کدام است؟","کتاب","مدرسه","معلم","دانش‌آموز","A","«کتاب» در عربی به معنای کتاب است.","ترنم همدلی","original","1405"
"هشتم","عمومی","زبان انگلیسی","زبان انگلیسی","Vocabulary","واژگان پایه","معنا","متوسط","کدام گزینه معنی «book» است؟","کتاب","مدرسه","خانه","معلم","A","book به معنی کتاب است.","ترنم همدلی","original","1405"
"هشتم","عمومی","عربی","عربی","واژگان و قواعد","واژه‌شناسی","معنا","متوسط","معنای «کتاب» در عربی کدام است؟","کتاب","مدرسه","معلم","دانش‌آموز","A","«کتاب» در عربی به معنای کتاب است.","ترنم همدلی","original","1405"
"هشتم","عمومی","زبان انگلیسی","زبان انگلیسی","Vocabulary","واژگان پایه","معنا","متوسط","کدام گزینه معنی «book» است؟","کتاب","مدرسه","خانه","معلم","A","book به معنی کتاب است.","ترنم همدلی","original","1405"
"هشتم","عمومی","عربی","عربی","واژگان و قواعد","واژه‌شناسی","معنا","آسان","معنای «کتاب» در عربی کدام است؟","کتاب","مدرسه","معلم","دانش‌آموز","A","«کتاب» در عربی به معنای کتاب است.","ترنم همدلی","original","1405"
"هشتم","عمومی","زبان انگلیسی","زبان انگلیسی","Vocabulary","واژگان پایه","معنا","آسان","کدام گزینه معنی «book» است؟","کتاب","مدرسه","خانه","معلم","A","book به معنی کتاب است.","ترنم همدلی","original","1405"
"هشتم","عمومی","عربی","عربی","واژگان و قواعد","واژه‌شناسی","معنا","متوسط","معنای «کتاب» در عربی کدام است؟","کتاب","مدرسه","معلم","دانش‌آموز","A","«کتاب» در عربی به معنای کتاب است.","ترنم همدلی","original","1405"
"هشتم","عمومی","زبان انگلیسی","زبان انگلیسی","Vocabulary","واژگان پایه","معنا","متوسط","کدام گزینه معنی «book» است؟","کتاب","مدرسه","خانه","معلم","A","book به معنی کتاب است.","ترنم همدلی","original","1405"
"هشتم","عمومی","عربی","عربی","واژگان و قواعد","واژه‌شناسی","معنا","متوسط","معنای «کتاب» در عربی کدام است؟","کتاب","مدرسه","معلم","دانش‌آموز","A","«کتاب» در عربی به معنای کتاب است.","ترنم همدلی","original","1405"
"هشتم","عمومی","زبان انگلیسی","زبان انگلیسی","Vocabulary","واژگان پایه","معنا","متوسط","کدام گزینه معنی «book» است؟","کتاب","مدرسه","خانه","معلم","A","book به معنی کتاب است.","ترنم همدلی","original","1405"
"هشتم","عمومی","عربی","عربی","واژگان و قواعد","واژه‌شناسی","معنا","آسان","معنای «کتاب» در عربی کدام است؟","کتاب","مدرسه","معلم","دانش‌آموز","A","«کتاب» در عربی به معنای کتاب است.","ترنم همدلی","original","1405"
"هشتم","عمومی","زبان انگلیسی","زبان انگلیسی","Vocabulary","واژگان پایه","معنا","آسان","کدام گزینه معنی «book» است؟","کتاب","مدرسه","خانه","معلم","A","book به معنی کتاب است.","ترنم همدلی","original","1405"
"هشتم","عمومی","عربی","عربی","واژگان و قواعد","واژه‌شناسی","معنا","متوسط","معنای «کتاب» در عربی کدام است؟","کتاب","مدرسه","معلم","دانش‌آموز","A","«کتاب» در عربی به معنای کتاب است.","ترنم همدلی","original","1405"
"هشتم","عمومی","زبان انگلیسی","زبان انگلیسی","Vocabulary","واژگان پایه","معنا","متوسط","کدام گزینه معنی «book» است؟","کتاب","مدرسه","خانه","معلم","A","book به معنی کتاب است.","ترنم همدلی","original","1405"
"هشتم","عمومی","عربی","عربی","واژگان و قواعد","واژه‌شناسی","معنا","متوسط","معنای «کتاب» در عربی کدام است؟","کتاب","مدرسه","معلم","دانش‌آموز","A","«کتاب» در عربی به معنای کتاب است.","ترنم همدلی","original","1405"
"هشتم","عمومی","زبان انگلیسی","زبان انگلیسی","Vocabulary","واژگان پایه","معنا","متوسط","کدام گزینه معنی «book» است؟","کتاب","مدرسه","خانه","معلم","A","book به معنی کتاب است.","ترنم همدلی","original","1405"
"هشتم","عمومی","عربی","عربی","واژگان و قواعد","واژه‌شناسی","معنا","آسان","معنای «کتاب» در عربی کدام است؟","کتاب","مدرسه","معلم","دانش‌آموز","A","«کتاب» در عربی به معنای کتاب است.","ترنم همدلی","original","1405"
"هشتم","عمومی","زبان انگلیسی","زبان انگلیسی","Vocabulary","واژگان پایه","معنا","آسان","کدام گزینه معنی «book» است؟","کتاب","مدرسه","خانه","معلم","A","book به معنی کتاب است.","ترنم همدلی","original","1405"
"هشتم","عمومی","عربی","عربی","واژگان و قواعد","واژه‌شناسی","معنا","متوسط","معنای «کتاب» در عربی کدام است؟","کتاب","مدرسه","معلم","دانش‌آموز","A","«کتاب» در عربی به معنای کتاب است.","ترنم همدلی","original","1405"
"هشتم","عمومی","زبان انگلیسی","زبان انگلیسی","Vocabulary","واژگان پایه","معنا","متوسط","کدام گزینه معنی «book» است؟","کتاب","مدرسه","خانه","معلم","A","book به معنی کتاب است.","ترنم همدلی","original","1405"
"هشتم","عمومی","عربی","عربی","واژگان و قواعد","واژه‌شناسی","معنا","متوسط","معنای «کتاب» در عربی کدام است؟","کتاب","مدرسه","معلم","دانش‌آموز","A","«کتاب» در عربی به معنای کتاب است.","ترنم همدلی","original","1405"
"هشتم","عمومی","زبان انگلیسی","زبان انگلیسی","Vocabulary","واژگان پایه","معنا","متوسط","کدام گزینه معنی «book» است؟","کتاب","مدرسه","خانه","معلم","A","book به معنی کتاب است.","ترنم همدلی","original","1405"
"هشتم","عمومی","عربی","عربی","واژگان و قواعد","واژه‌شناسی","معنا","آسان","معنای «کتاب» در عربی کدام است؟","کتاب","مدرسه","معلم","دانش‌آموز","A","«کتاب» در عربی به معنای کتاب است.","ترنم همدلی","original","1405"
"هشتم","عمومی","زبان انگلیسی","زبان انگلیسی","Vocabulary","واژگان پایه","معنا","آسان","کدام گزینه معنی «book» است؟","کتاب","مدرسه","خانه","معلم","A","book به معنی کتاب است.","ترنم همدلی","original","1405"
"هشتم","عمومی","عربی","عربی","واژگان و قواعد","واژه‌شناسی","معنا","متوسط","معنای «کتاب» در عربی کدام است؟","کتاب","مدرسه","معلم","دانش‌آموز","A","«کتاب» در عربی به معنای کتاب است.","ترنم همدلی","original","1405"
"هشتم","عمومی","زبان انگلیسی","زبان انگلیسی","Vocabulary","واژگان پایه","معنا","متوسط","کدام گزینه معنی «book» است؟","کتاب","مدرسه","خانه","معلم","A","book به معنی کتاب است.","ترنم همدلی","original","1405"
"هشتم","عمومی","عربی","عربی","واژگان و قواعد","واژه‌شناسی","معنا","متوسط","معنای «کتاب» در عربی کدام است؟","کتاب","مدرسه","معلم","دانش‌آموز","A","«کتاب» در عربی به معنای کتاب است.","ترنم همدلی","original","1405"
"هشتم","عمومی","زبان انگلیسی","زبان انگلیسی","Vocabulary","واژگان پایه","معنا","متوسط","کدام گزینه معنی «book» است؟","کتاب","مدرسه","خانه","معلم","A","book به معنی کتاب است.","ترنم همدلی","original","1405"
"هشتم","عمومی","عربی","عربی","واژگان و قواعد","واژه‌شناسی","معنا","آسان","معنای «کتاب» در عربی کدام است؟","کتاب","مدرسه","معلم","دانش‌آموز","A","«کتاب» در عربی به معنای کتاب است.","ترنم همدلی","original","1405"
"هشتم","عمومی","زبان انگلیسی","زبان انگلیسی","Vocabulary","واژگان پایه","معنا","آسان","کدام گزینه معنی «book» است؟","کتاب","مدرسه","خانه","معلم","A","book به معنی کتاب است.","ترنم همدلی","original","1405"
"هشتم","عمومی","عربی","عربی","واژگان و قواعد","واژه‌شناسی","معنا","متوسط","معنای «کتاب» در عربی کدام است؟","کتاب","مدرسه","معلم","دانش‌آموز","A","«کتاب» در عربی به معنای کتاب است.","ترنم همدلی","original","1405"
"هشتم","عمومی","زبان انگلیسی","زبان انگلیسی","Vocabulary","واژگان پایه","معنا","متوسط","کدام گزینه معنی «book» است؟","کتاب","مدرسه","خانه","معلم","A","book به معنی کتاب است.","ترنم همدلی","original","1405"
"هشتم","عمومی","عربی","عربی","واژگان و قواعد","واژه‌شناسی","معنا","متوسط","معنای «کتاب» در عربی کدام است؟","کتاب","مدرسه","معلم","دانش‌آموز","A","«کتاب» در عربی به معنای کتاب است.","ترنم همدلی","original","1405"
"هشتم","عمومی","زبان انگلیسی","زبان انگلیسی","Vocabulary","واژگان پایه","معنا","متوسط","کدام گزینه معنی «book» است؟","کتاب","مدرسه","خانه","معلم","A","book به معنی کتاب است.","ترنم همدلی","original","1405"
"هشتم","عمومی","عربی","عربی","واژگان و قواعد","واژه‌شناسی","معنا","آسان","معنای «کتاب» در عربی کدام است؟","کتاب","مدرسه","معلم","دانش‌آموز","A","«کتاب» در عربی به معنای کتاب است.","ترنم همدلی","original","1405"
"هشتم","عمومی","زبان انگلیسی","زبان انگلیسی","Vocabulary","واژگان پایه","معنا","آسان","کدام گزینه معنی «book» است؟","کتاب","مدرسه","خانه","معلم","A","book به معنی کتاب است.","ترنم همدلی","original","1405"
"هشتم","عمومی","عربی","عربی","واژگان و قواعد","واژه‌شناسی","معنا","متوسط","معنای «کتاب» در عربی کدام است؟","کتاب","مدرسه","معلم","دانش‌آموز","A","«کتاب» در عربی به معنای کتاب است.","ترنم همدلی","original","1405"
"هشتم","عمومی","زبان انگلیسی","زبان انگلیسی","Vocabulary","واژگان پایه","معنا","متوسط","کدام گزینه معنی «book» است؟","کتاب","مدرسه","خانه","معلم","A","book به معنی کتاب است.","ترنم همدلی","original","1405"
"هشتم","عمومی","عربی","عربی","واژگان و قواعد","واژه‌شناسی","معنا","متوسط","معنای «کتاب» در عربی کدام است؟","کتاب","مدرسه","معلم","دانش‌آموز","A","«کتاب» در عربی به معنای کتاب است.","ترنم همدلی","original","1405"
"هشتم","عمومی","زبان انگلیسی","زبان انگلیسی","Vocabulary","واژگان پایه","معنا","متوسط","کدام گزینه معنی «book» است؟","کتاب","مدرسه","خانه","معلم","A","book به معنی کتاب است.","ترنم همدلی","original","1405"
"هشتم","عمومی","عربی","عربی","واژگان و قواعد","واژه‌شناسی","معنا","آسان","معنای «کتاب» در عربی کدام است؟","کتاب","مدرسه","معلم","دانش‌آموز","A","«کتاب» در عربی به معنای کتاب است.","ترنم همدلی","original","1405"
"هشتم","عمومی","زبان انگلیسی","زبان انگلیسی","Vocabulary","واژگان پایه","معنا","آسان","کدام گزینه معنی «book» است؟","کتاب","مدرسه","خانه","معلم","A","book به معنی کتاب است.","ترنم همدلی","original","1405"
"هشتم","عمومی","عربی","عربی","واژگان و قواعد","واژه‌شناسی","معنا","متوسط","معنای «کتاب» در عربی کدام است؟","کتاب","مدرسه","معلم","دانش‌آموز","A","«کتاب» در عربی به معنای کتاب است.","ترنم همدلی","original","1405"
"هشتم","عمومی","زبان انگلیسی","زبان انگلیسی","Vocabulary","واژگان پایه","معنا","متوسط","کدام گزینه معنی «book» است؟","کتاب","مدرسه","خانه","معلم","A","book به معنی کتاب است.","ترنم همدلی","original","1405"
"هشتم","عمومی","عربی","عربی","واژگان و قواعد","واژه‌شناسی","معنا","متوسط","معنای «کتاب» در عربی کدام است؟","کتاب","مدرسه","معلم","دانش‌آموز","A","«کتاب» در عربی به معنای کتاب است.","ترنم همدلی","original","1405"
"هشتم","عمومی","زبان انگلیسی","زبان انگلیسی","Vocabulary","واژگان پایه","معنا","متوسط","کدام گزینه معنی «book» است؟","کتاب","مدرسه","خانه","معلم","A","book به معنی کتاب است.","ترنم همدلی","original","1405"
"هشتم","عمومی","عربی","عربی","واژگان و قواعد","واژه‌شناسی","معنا","آسان","معنای «کتاب» در عربی کدام است؟","کتاب","مدرسه","معلم","دانش‌آموز","A","«کتاب» در عربی به معنای کتاب است.","ترنم همدلی","original","1405"
"هشتم","عمومی","زبان انگلیسی","زبان انگلیسی","Vocabulary","واژگان پایه","معنا","آسان","کدام گزینه معنی «book» است؟","کتاب","مدرسه","خانه","معلم","A","book به معنی کتاب است.","ترنم همدلی","original","1405"
"هشتم","عمومی","عربی","عربی","واژگان و قواعد","واژه‌شناسی","معنا","متوسط","معنای «کتاب» در عربی کدام است؟","کتاب","مدرسه","معلم","دانش‌آموز","A","«کتاب» در عربی به معنای کتاب است.","ترنم همدلی","original","1405"
"هشتم","عمومی","زبان انگلیسی","زبان انگلیسی","Vocabulary","واژگان پایه","معنا","متوسط","کدام گزینه معنی «book» است؟","کتاب","مدرسه","خانه","معلم","A","book به معنی کتاب است.","ترنم همدلی","original","1405"
"هشتم","عمومی","عربی","عربی","واژگان و قواعد","واژه‌شناسی","معنا","متوسط","معنای «کتاب» در عربی کدام است؟","کتاب","مدرسه","معلم","دانش‌آموز","A","«کتاب» در عربی به معنای کتاب است.","ترنم همدلی","original","1405"
"هشتم","عمومی","زبان انگلیسی","زبان انگلیسی","Vocabulary","واژگان پایه","معنا","متوسط","کدام گزینه معنی «book» است؟","کتاب","مدرسه","خانه","معلم","A","book به معنی کتاب است.","ترنم همدلی","original","1405"
"هشتم","عمومی","عربی","عربی","واژگان و قواعد","واژه‌شناسی","معنا","آسان","معنای «کتاب» در عربی کدام است؟","کتاب","مدرسه","معلم","دانش‌آموز","A","«کتاب» در عربی به معنای کتاب است.","ترنم همدلی","original","1405"
"هشتم","عمومی","زبان انگلیسی","زبان انگلیسی","Vocabulary","واژگان پایه","معنا","آسان","کدام گزینه معنی «book» است؟","کتاب","مدرسه","خانه","معلم","A","book به معنی کتاب است.","ترنم همدلی","original","1405"
"هشتم","عمومی","عربی","عربی","واژگان و قواعد","واژه‌شناسی","معنا","متوسط","معنای «کتاب» در عربی کدام است؟","کتاب","مدرسه","معلم","دانش‌آموز","A","«کتاب» در عربی به معنای کتاب است.","ترنم همدلی","original","1405"
"هشتم","عمومی","زبان انگلیسی","زبان انگلیسی","Vocabulary","واژگان پایه","معنا","متوسط","کدام گزینه معنی «book» است؟","کتاب","مدرسه","خانه","معلم","A","book به معنی کتاب است.","ترنم همدلی","original","1405"
"هشتم","عمومی","عربی","عربی","واژگان و قواعد","واژه‌شناسی","معنا","متوسط","معنای «کتاب» در عربی کدام است؟","کتاب","مدرسه","معلم","دانش‌آموز","A","«کتاب» در عربی به معنای کتاب است.","ترنم همدلی","original","1405"
"هشتم","عمومی","زبان انگلیسی","زبان انگلیسی","Vocabulary","واژگان پایه","معنا","متوسط","کدام گزینه معنی «book» است؟","کتاب","مدرسه","خانه","معلم","A","book به معنی کتاب است.","ترنم همدلی","original","1405"
"هشتم","عمومی","عربی","عربی","واژگان و قواعد","واژه‌شناسی","معنا","آسان","معنای «کتاب» در عربی کدام است؟","کتاب","مدرسه","معلم","دانش‌آموز","A","«کتاب» در عربی به معنای کتاب است.","ترنم همدلی","original","1405"
"هشتم","عمومی","زبان انگلیسی","زبان انگلیسی","Vocabulary","واژگان پایه","معنا","آسان","کدام گزینه معنی «book» است؟","کتاب","مدرسه","خانه","معلم","A","book به معنی کتاب است.","ترنم همدلی","original","1405"
"هشتم","عمومی","عربی","عربی","واژگان و قواعد","واژه‌شناسی","معنا","متوسط","معنای «کتاب» در عربی کدام است؟","کتاب","مدرسه","معلم","دانش‌آموز","A","«کتاب» در عربی به معنای کتاب است.","ترنم همدلی","original","1405"
"هشتم","عمومی","زبان انگلیسی","زبان انگلیسی","Vocabulary","واژگان پایه","معنا","متوسط","کدام گزینه معنی «book» است؟","کتاب","مدرسه","خانه","معلم","A","book به معنی کتاب است.","ترنم همدلی","original","1405"
"هشتم","عمومی","عربی","عربی","واژگان و قواعد","واژه‌شناسی","معنا","متوسط","معنای «کتاب» در عربی کدام است؟","کتاب","مدرسه","معلم","دانش‌آموز","A","«کتاب» در عربی به معنای کتاب است.","ترنم همدلی","original","1405"
"هشتم","عمومی","زبان انگلیسی","زبان انگلیسی","Vocabulary","واژگان پایه","معنا","متوسط","کدام گزینه معنی «book» است؟","کتاب","مدرسه","خانه","معلم","A","book به معنی کتاب است.","ترنم همدلی","original","1405"
"هشتم","عمومی","عربی","عربی","واژگان و قواعد","واژه‌شناسی","معنا","آسان","معنای «کتاب» در عربی کدام است؟","کتاب","مدرسه","معلم","دانش‌آموز","A","«کتاب» در عربی به معنای کتاب است.","ترنم همدلی","original","1405"
"هشتم","عمومی","زبان انگلیسی","زبان انگلیسی","Vocabulary","واژگان پایه","معنا","آسان","کدام گزینه معنی «book» است؟","کتاب","مدرسه","خانه","معلم","A","book به معنی کتاب است.","ترنم همدلی","original","1405"
"هشتم","عمومی","عربی","عربی","واژگان و قواعد","واژه‌شناسی","معنا","متوسط","معنای «کتاب» در عربی کدام است؟","کتاب","مدرسه","معلم","دانش‌آموز","A","«کتاب» در عربی به معنای کتاب است.","ترنم همدلی","original","1405"
"هشتم","عمومی","زبان انگلیسی","زبان انگلیسی","Vocabulary","واژگان پایه","معنا","متوسط","کدام گزینه معنی «book» است؟","کتاب","مدرسه","خانه","معلم","A","book به معنی کتاب است.","ترنم همدلی","original","1405"
"هشتم","عمومی","عربی","عربی","واژگان و قواعد","واژه‌شناسی","معنا","متوسط","معنای «کتاب» در عربی کدام است؟","کتاب","مدرسه","معلم","دانش‌آموز","A","«کتاب» در عربی به معنای کتاب است.","ترنم همدلی","original","1405"
"هشتم","عمومی","زبان انگلیسی","زبان انگلیسی","Vocabulary","واژگان پایه","معنا","متوسط","کدام گزینه معنی «book» است؟","کتاب","مدرسه","خانه","معلم","A","book به معنی کتاب است.","ترنم همدلی","original","1405"
"هشتم","عمومی","عربی","عربی","واژگان و قواعد","واژه‌شناسی","معنا","آسان","معنای «کتاب» در عربی کدام است؟","کتاب","مدرسه","معلم","دانش‌آموز","A","«کتاب» در عربی به معنای کتاب است.","ترنم همدلی","original","1405"
"هشتم","عمومی","زبان انگلیسی","زبان انگلیسی","Vocabulary","واژگان پایه","معنا","آسان","کدام گزینه معنی «book» است؟","کتاب","مدرسه","خانه","معلم","A","book به معنی کتاب است.","ترنم همدلی","original","1405"
"هشتم","عمومی","عربی","عربی","واژگان و قواعد","واژه‌شناسی","معنا","متوسط","معنای «کتاب» در عربی کدام است؟","کتاب","مدرسه","معلم","دانش‌آموز","A","«کتاب» در عربی به معنای کتاب است.","ترنم همدلی","original","1405"
"هشتم","عمومی","زبان انگلیسی","زبان انگلیسی","Vocabulary","واژگان پایه","معنا","متوسط","کدام گزینه معنی «book» است؟","کتاب","مدرسه","خانه","معلم","A","book به معنی کتاب است.","ترنم همدلی","original","1405"
"هشتم","عمومی","عربی","عربی","واژگان و قواعد","واژه‌شناسی","معنا","متوسط","معنای «کتاب» در عربی کدام است؟","کتاب","مدرسه","معلم","دانش‌آموز","A","«کتاب» در عربی به معنای کتاب است.","ترنم همدلی","original","1405"
"هشتم","عمومی","زبان انگلیسی","زبان انگلیسی","Vocabulary","واژگان پایه","معنا","متوسط","کدام گزینه معنی «book» است؟","کتاب","مدرسه","خانه","معلم","A","book به معنی کتاب است.","ترنم همدلی","original","1405"
"هشتم","عمومی","عربی","عربی","واژگان و قواعد","واژه‌شناسی","معنا","آسان","معنای «کتاب» در عربی کدام است؟","کتاب","مدرسه","معلم","دانش‌آموز","A","«کتاب» در عربی به معنای کتاب است.","ترنم همدلی","original","1405"
"هشتم","عمومی","زبان انگلیسی","زبان انگلیسی","Vocabulary","واژگان پایه","معنا","آسان","کدام گزینه معنی «book» است؟","کتاب","مدرسه","خانه","معلم","A","book به معنی کتاب است.","ترنم همدلی","original","1405"
"هشتم","عمومی","عربی","عربی","واژگان و قواعد","واژه‌شناسی","معنا","متوسط","معنای «کتاب» در عربی کدام است؟","کتاب","مدرسه","معلم","دانش‌آموز","A","«کتاب» در عربی به معنای کتاب است.","ترنم همدلی","original","1405"
"هشتم","عمومی","زبان انگلیسی","زبان انگلیسی","Vocabulary","واژگان پایه","معنا","متوسط","کدام گزینه معنی «book» است؟","کتاب","مدرسه","خانه","معلم","A","book به معنی کتاب است.","ترنم همدلی","original","1405"
"هشتم","عمومی","عربی","عربی","واژگان و قواعد","واژه‌شناسی","معنا","متوسط","معنای «کتاب» در عربی کدام است؟","کتاب","مدرسه","معلم","دانش‌آموز","A","«کتاب» در عربی به معنای کتاب است.","ترنم همدلی","original","1405"
"هشتم","عمومی","زبان انگلیسی","زبان انگلیسی","Vocabulary","واژگان پایه","معنا","متوسط","کدام گزینه معنی «book» است؟","کتاب","مدرسه","خانه","معلم","A","book به معنی کتاب است.","ترنم همدلی","original","1405"
"هشتم","عمومی","عربی","عربی","واژگان و قواعد","واژه‌شناسی","معنا","آسان","معنای «کتاب» در عربی کدام است؟","کتاب","مدرسه","معلم","دانش‌آموز","A","«کتاب» در عربی به معنای کتاب است.","ترنم همدلی","original","1405"
"هشتم","عمومی","زبان انگلیسی","زبان انگلیسی","Vocabulary","واژگان پایه","معنا","آسان","کدام گزینه معنی «book» است؟","کتاب","مدرسه","خانه","معلم","A","book به معنی کتاب است.","ترنم همدلی","original","1405"
"هشتم","عمومی","عربی","عربی","واژگان و قواعد","واژه‌شناسی","معنا","متوسط","معنای «کتاب» در عربی کدام است؟","کتاب","مدرسه","معلم","دانش‌آموز","A","«کتاب» در عربی به معنای کتاب است.","ترنم همدلی","original","1405"
"هشتم","عمومی","زبان انگلیسی","زبان انگلیسی","Vocabulary","واژگان پایه","معنا","متوسط","کدام گزینه معنی «book» است؟","کتاب","مدرسه","خانه","معلم","A","book به معنی کتاب است.","ترنم همدلی","original","1405"
"هشتم","عمومی","عربی","عربی","واژگان و قواعد","واژه‌شناسی","معنا","متوسط","معنای «کتاب» در عربی کدام است؟","کتاب","مدرسه","معلم","دانش‌آموز","A","«کتاب» در عربی به معنای کتاب است.","ترنم همدلی","original","1405"
"هشتم","عمومی","زبان انگلیسی","زبان انگلیسی","Vocabulary","واژگان پایه","معنا","متوسط","کدام گزینه معنی «book» است؟","کتاب","مدرسه","خانه","معلم","A","book به معنی کتاب است.","ترنم همدلی","original","1405"
"هشتم","عمومی","عربی","عربی","واژگان و قواعد","واژه‌شناسی","معنا","آسان","معنای «کتاب» در عربی کدام است؟","کتاب","مدرسه","معلم","دانش‌آموز","A","«کتاب» در عربی به معنای کتاب است.","ترنم همدلی","original","1405"
"هشتم","عمومی","زبان انگلیسی","زبان انگلیسی","Vocabulary","واژگان پایه","معنا","آسان","کدام گزینه معنی «book» است؟","کتاب","مدرسه","خانه","معلم","A","book به معنی کتاب است.","ترنم همدلی","original","1405"
"هشتم","عمومی","عربی","عربی","واژگان و قواعد","واژه‌شناسی","معنا","متوسط","معنای «کتاب» در عربی کدام است؟","کتاب","مدرسه","معلم","دانش‌آموز","A","«کتاب» در عربی به معنای کتاب است.","ترنم همدلی","original","1405"
"هشتم","عمومی","زبان انگلیسی","زبان انگلیسی","Vocabulary","واژگان پایه","معنا","متوسط","کدام گزینه معنی «book» است؟","کتاب","مدرسه","خانه","معلم","A","book به معنی کتاب است.","ترنم همدلی","original","1405"
"هشتم","عمومی","عربی","عربی","واژگان و قواعد","واژه‌شناسی","معنا","متوسط","معنای «کتاب» در عربی کدام است؟","کتاب","مدرسه","معلم","دانش‌آموز","A","«کتاب» در عربی به معنای کتاب است.","ترنم همدلی","original","1405"
"هشتم","عمومی","زبان انگلیسی","زبان انگلیسی","Vocabulary","واژگان پایه","معنا","متوسط","کدام گزینه معنی «book» است؟","کتاب","مدرسه","خانه","معلم","A","book به معنی کتاب است.","ترنم همدلی","original","1405"
"هشتم","عمومی","عربی","عربی","واژگان و قواعد","واژه‌شناسی","معنا","آسان","معنای «کتاب» در عربی کدام است؟","کتاب","مدرسه","معلم","دانش‌آموز","A","«کتاب» در عربی به معنای کتاب است.","ترنم همدلی","original","1405"
"هشتم","عمومی","زبان انگلیسی","زبان انگلیسی","Vocabulary","واژگان پایه","معنا","آسان","کدام گزینه معنی «book» است؟","کتاب","مدرسه","خانه","معلم","A","book به معنی کتاب است.","ترنم همدلی","original","1405"
"هشتم","عمومی","عربی","عربی","واژگان و قواعد","واژه‌شناسی","معنا","متوسط","معنای «کتاب» در عربی کدام است؟","کتاب","مدرسه","معلم","دانش‌آموز","A","«کتاب» در عربی به معنای کتاب است.","ترنم همدلی","original","1405"
"هشتم","عمومی","زبان انگلیسی","زبان انگلیسی","Vocabulary","واژگان پایه","معنا","متوسط","کدام گزینه معنی «book» است؟","کتاب","مدرسه","خانه","معلم","A","book به معنی کتاب است.","ترنم همدلی","original","1405"
"هشتم","عمومی","عربی","عربی","واژگان و قواعد","واژه‌شناسی","معنا","متوسط","معنای «کتاب» در عربی کدام است؟","کتاب","مدرسه","معلم","دانش‌آموز","A","«کتاب» در عربی به معنای کتاب است.","ترنم همدلی","original","1405"
"هشتم","عمومی","زبان انگلیسی","زبان انگلیسی","Vocabulary","واژگان پایه","معنا","متوسط","کدام گزینه معنی «book» است؟","کتاب","مدرسه","خانه","معلم","A","book به معنی کتاب است.","ترنم همدلی","original","1405"
"هشتم","عمومی","عربی","عربی","واژگان و قواعد","واژه‌شناسی","معنا","آسان","معنای «کتاب» در عربی کدام است؟","کتاب","مدرسه","معلم","دانش‌آموز","A","«کتاب» در عربی به معنای کتاب است.","ترنم همدلی","original","1405"
"هشتم","عمومی","زبان انگلیسی","زبان انگلیسی","Vocabulary","واژگان پایه","معنا","آسان","کدام گزینه معنی «book» است؟","کتاب","مدرسه","خانه","معلم","A","book به معنی کتاب است.","ترنم همدلی","original","1405"
"هشتم","عمومی","عربی","عربی","واژگان و قواعد","واژه‌شناسی","معنا","متوسط","معنای «کتاب» در عربی کدام است؟","کتاب","مدرسه","معلم","دانش‌آموز","A","«کتاب» در عربی به معنای کتاب است.","ترنم همدلی","original","1405"
"هشتم","عمومی","زبان انگلیسی","زبان انگلیسی","Vocabulary","واژگان پایه","معنا","متوسط","کدام گزینه معنی «book» است؟","کتاب","مدرسه","خانه","معلم","A","book به معنی کتاب است.","ترنم همدلی","original","1405"
"هشتم","عمومی","عربی","عربی","واژگان و قواعد","واژه‌شناسی","معنا","متوسط","معنای «کتاب» در عربی کدام است؟","کتاب","مدرسه","معلم","دانش‌آموز","A","«کتاب» در عربی به معنای کتاب است.","ترنم همدلی","original","1405"
"هشتم","عمومی","زبان انگلیسی","زبان انگلیسی","Vocabulary","واژگان پایه","معنا","متوسط","کدام گزینه معنی «book» است؟","کتاب","مدرسه","خانه","معلم","A","book به معنی کتاب است.","ترنم همدلی","original","1405"
"هشتم","عمومی","عربی","عربی","واژگان و قواعد","واژه‌شناسی","معنا","آسان","معنای «کتاب» در عربی کدام است؟","کتاب","مدرسه","معلم","دانش‌آموز","A","«کتاب» در عربی به معنای کتاب است.","ترنم همدلی","original","1405"
"هشتم","عمومی","زبان انگلیسی","زبان انگلیسی","Vocabulary","واژگان پایه","معنا","آسان","کدام گزینه معنی «book» است؟","کتاب","مدرسه","خانه","معلم","A","book به معنی کتاب است.","ترنم همدلی","original","1405"
"هشتم","عمومی","عربی","عربی","واژگان و قواعد","واژه‌شناسی","معنا","متوسط","معنای «کتاب» در عربی کدام است؟","کتاب","مدرسه","معلم","دانش‌آموز","A","«کتاب» در عربی به معنای کتاب است.","ترنم همدلی","original","1405"
"هشتم","عمومی","زبان انگلیسی","زبان انگلیسی","Vocabulary","واژگان پایه","معنا","متوسط","کدام گزینه معنی «book» است؟","کتاب","مدرسه","خانه","معلم","A","book به معنی کتاب است.","ترنم همدلی","original","1405"
"هشتم","عمومی","عربی","عربی","واژگان و قواعد","واژه‌شناسی","معنا","متوسط","معنای «کتاب» در عربی کدام است؟","کتاب","مدرسه","معلم","دانش‌آموز","A","«کتاب» در عربی به معنای کتاب است.","ترنم همدلی","original","1405"
"هشتم","عمومی","زبان انگلیسی","زبان انگلیسی","Vocabulary","واژگان پایه","معنا","متوسط","کدام گزینه معنی «book» است؟","کتاب","مدرسه","خانه","معلم","A","book به معنی کتاب است.","ترنم همدلی","original","1405"
"هشتم","عمومی","عربی","عربی","واژگان و قواعد","واژه‌شناسی","معنا","آسان","معنای «کتاب» در عربی کدام است؟","کتاب","مدرسه","معلم","دانش‌آموز","A","«کتاب» در عربی به معنای کتاب است.","ترنم همدلی","original","1405"
"هشتم","عمومی","زبان انگلیسی","زبان انگلیسی","Vocabulary","واژگان پایه","معنا","آسان","کدام گزینه معنی «book» است؟","کتاب","مدرسه","خانه","معلم","A","book به معنی کتاب است.","ترنم همدلی","original","1405"
"هشتم","عمومی","عربی","عربی","واژگان و قواعد","واژه‌شناسی","معنا","متوسط","معنای «کتاب» در عربی کدام است؟","کتاب","مدرسه","معلم","دانش‌آموز","A","«کتاب» در عربی به معنای کتاب است.","ترنم همدلی","original","1405"
"هشتم","عمومی","زبان انگلیسی","زبان انگلیسی","Vocabulary","واژگان پایه","معنا","متوسط","کدام گزینه معنی «book» است؟","کتاب","مدرسه","خانه","معلم","A","book به معنی کتاب است.","ترنم همدلی","original","1405"
"هشتم","عمومی","عربی","عربی","واژگان و قواعد","واژه‌شناسی","معنا","متوسط","معنای «کتاب» در عربی کدام است؟","کتاب","مدرسه","معلم","دانش‌آموز","A","«کتاب» در عربی به معنای کتاب است.","ترنم همدلی","original","1405"
"هشتم","عمومی","زبان انگلیسی","زبان انگلیسی","Vocabulary","واژگان پایه","معنا","متوسط","کدام گزینه معنی «book» است؟","کتاب","مدرسه","خانه","معلم","A","book به معنی کتاب است.","ترنم همدلی","original","1405"
"هشتم","عمومی","عربی","عربی","واژگان و قواعد","واژه‌شناسی","معنا","آسان","معنای «کتاب» در عربی کدام است؟","کتاب","مدرسه","معلم","دانش‌آموز","A","«کتاب» در عربی به معنای کتاب است.","ترنم همدلی","original","1405"
"هشتم","عمومی","زبان انگلیسی","زبان انگلیسی","Vocabulary","واژگان پایه","معنا","آسان","کدام گزینه معنی «book» است؟","کتاب","مدرسه","خانه","معلم","A","book به معنی کتاب است.","ترنم همدلی","original","1405"
"هشتم","عمومی","عربی","عربی","واژگان و قواعد","واژه‌شناسی","معنا","متوسط","معنای «کتاب» در عربی کدام است؟","کتاب","مدرسه","معلم","دانش‌آموز","A","«کتاب» در عربی به معنای کتاب است.","ترنم همدلی","original","1405"
"هشتم","عمومی","زبان انگلیسی","زبان انگلیسی","Vocabulary","واژگان پایه","معنا","متوسط","کدام گزینه معنی «book» است؟","کتاب","مدرسه","خانه","معلم","A","book به معنی کتاب است.","ترنم همدلی","original","1405"
"هشتم","عمومی","عربی","عربی","واژگان و قواعد","واژه‌شناسی","معنا","متوسط","معنای «کتاب» در عربی کدام است؟","کتاب","مدرسه","معلم","دانش‌آموز","A","«کتاب» در عربی به معنای کتاب است.","ترنم همدلی","original","1405"
"هشتم","عمومی","زبان انگلیسی","زبان انگلیسی","Vocabulary","واژگان پایه","معنا","متوسط","کدام گزینه معنی «book» است؟","کتاب","مدرسه","خانه","معلم","A","book به معنی کتاب است.","ترنم همدلی","original","1405"
"هشتم","عمومی","عربی","عربی","واژگان و قواعد","واژه‌شناسی","معنا","آسان","معنای «کتاب» در عربی کدام است؟","کتاب","مدرسه","معلم","دانش‌آموز","A","«کتاب» در عربی به معنای کتاب است.","ترنم همدلی","original","1405"
"هشتم","عمومی","زبان انگلیسی","زبان انگلیسی","Vocabulary","واژگان پایه","معنا","آسان","کدام گزینه معنی «book» است؟","کتاب","مدرسه","خانه","معلم","A","book به معنی کتاب است.","ترنم همدلی","original","1405"
"هشتم","عمومی","عربی","عربی","واژگان و قواعد","واژه‌شناسی","معنا","متوسط","معنای «کتاب» در عربی کدام است؟","کتاب","مدرسه","معلم","دانش‌آموز","A","«کتاب» در عربی به معنای کتاب است.","ترنم همدلی","original","1405"
"هشتم","عمومی","زبان انگلیسی","زبان انگلیسی","Vocabulary","واژگان پایه","معنا","متوسط","کدام گزینه معنی «book» است؟","کتاب","مدرسه","خانه","معلم","A","book به معنی کتاب است.","ترنم همدلی","original","1405"
"هشتم","عمومی","عربی","عربی","واژگان و قواعد","واژه‌شناسی","معنا","متوسط","معنای «کتاب» در عربی کدام است؟","کتاب","مدرسه","معلم","دانش‌آموز","A","«کتاب» در عربی به معنای کتاب است.","ترنم همدلی","original","1405"
"هشتم","عمومی","زبان انگلیسی","زبان انگلیسی","Vocabulary","واژگان پایه","معنا","متوسط","کدام گزینه معنی «book» است؟","کتاب","مدرسه","خانه","معلم","A","book به معنی کتاب است.","ترنم همدلی","original","1405"
"هشتم","عمومی","عربی","عربی","واژگان و قواعد","واژه‌شناسی","معنا","آسان","معنای «کتاب» در عربی کدام است؟","کتاب","مدرسه","معلم","دانش‌آموز","A","«کتاب» در عربی به معنای کتاب است.","ترنم همدلی","original","1405"
"هشتم","عمومی","زبان انگلیسی","زبان انگلیسی","Vocabulary","واژگان پایه","معنا","آسان","کدام گزینه معنی «book» است؟","کتاب","مدرسه","خانه","معلم","A","book به معنی کتاب است.","ترنم همدلی","original","1405"
"هشتم","عمومی","عربی","عربی","واژگان و قواعد","واژه‌شناسی","معنا","متوسط","معنای «کتاب» در عربی کدام است؟","کتاب","مدرسه","معلم","دانش‌آموز","A","«کتاب» در عربی به معنای کتاب است.","ترنم همدلی","original","1405"
"هشتم","عمومی","زبان انگلیسی","زبان انگلیسی","Vocabulary","واژگان پایه","معنا","متوسط","کدام گزینه معنی «book» است؟","کتاب","مدرسه","خانه","معلم","A","book به معنی کتاب است.","ترنم همدلی","original","1405"
"هشتم","عمومی","عربی","عربی","واژگان و قواعد","واژه‌شناسی","معنا","متوسط","معنای «کتاب» در عربی کدام است؟","کتاب","مدرسه","معلم","دانش‌آموز","A","«کتاب» در عربی به معنای کتاب است.","ترنم همدلی","original","1405"
"هشتم","عمومی","زبان انگلیسی","زبان انگلیسی","Vocabulary","واژگان پایه","معنا","متوسط","کدام گزینه معنی «book» است؟","کتاب","مدرسه","خانه","معلم","A","book به معنی کتاب است.","ترنم همدلی","original","1405"
"هشتم","عمومی","عربی","عربی","واژگان و قواعد","واژه‌شناسی","معنا","آسان","معنای «کتاب» در عربی کدام است؟","کتاب","مدرسه","معلم","دانش‌آموز","A","«کتاب» در عربی به معنای کتاب است.","ترنم همدلی","original","1405"
"هشتم","عمومی","زبان انگلیسی","زبان انگلیسی","Vocabulary","واژگان پایه","معنا","آسان","کدام گزینه معنی «book» است؟","کتاب","مدرسه","خانه","معلم","A","book به معنی کتاب است.","ترنم همدلی","original","1405"
"هشتم","عمومی","عربی","عربی","واژگان و قواعد","واژه‌شناسی","معنا","متوسط","معنای «کتاب» در عربی کدام است؟","کتاب","مدرسه","معلم","دانش‌آموز","A","«کتاب» در عربی به معنای کتاب است.","ترنم همدلی","original","1405"
"هشتم","عمومی","زبان انگلیسی","زبان انگلیسی","Vocabulary","واژگان پایه","معنا","متوسط","کدام گزینه معنی «book» است؟","کتاب","مدرسه","خانه","معلم","A","book به معنی کتاب است.","ترنم همدلی","original","1405"
"هشتم","عمومی","عربی","عربی","واژگان و قواعد","واژه‌شناسی","معنا","متوسط","معنای «کتاب» در عربی کدام است؟","کتاب","مدرسه","معلم","دانش‌آموز","A","«کتاب» در عربی به معنای کتاب است.","ترنم همدلی","original","1405"
"هشتم","عمومی","زبان انگلیسی","زبان انگلیسی","Vocabulary","واژگان پایه","معنا","متوسط","کدام گزینه معنی «book» است؟","کتاب","مدرسه","خانه","معلم","A","book به معنی کتاب است.","ترنم همدلی","original","1405"
"هشتم","عمومی","عربی","عربی","واژگان و قواعد","واژه‌شناسی","معنا","آسان","معنای «کتاب» در عربی کدام است؟","کتاب","مدرسه","معلم","دانش‌آموز","A","«کتاب» در عربی به معنای کتاب است.","ترنم همدلی","original","1405"
"هشتم","عمومی","زبان انگلیسی","زبان انگلیسی","Vocabulary","واژگان پایه","معنا","آسان","کدام گزینه معنی «book» است؟","کتاب","مدرسه","خانه","معلم","A","book به معنی کتاب است.","ترنم همدلی","original","1405"
"هشتم","عمومی","عربی","عربی","واژگان و قواعد","واژه‌شناسی","معنا","متوسط","معنای «کتاب» در عربی کدام است؟","کتاب","مدرسه","معلم","دانش‌آموز","A","«کتاب» در عربی به معنای کتاب است.","ترنم همدلی","original","1405"
"هشتم","عمومی","زبان انگلیسی","زبان انگلیسی","Vocabulary","واژگان پایه","معنا","متوسط","کدام گزینه معنی «book» است؟","کتاب","مدرسه","خانه","معلم","A","book به معنی کتاب است.","ترنم همدلی","original","1405"
"هشتم","عمومی","عربی","عربی","واژگان و قواعد","واژه‌شناسی","معنا","متوسط","معنای «کتاب» در عربی کدام است؟","کتاب","مدرسه","معلم","دانش‌آموز","A","«کتاب» در عربی به معنای کتاب است.","ترنم همدلی","original","1405"
"هشتم","عمومی","زبان انگلیسی","زبان انگلیسی","Vocabulary","واژگان پایه","معنا","متوسط","کدام گزینه معنی «book» است؟","کتاب","مدرسه","خانه","معلم","A","book به معنی کتاب است.","ترنم همدلی","original","1405"
"هشتم","عمومی","عربی","عربی","واژگان و قواعد","واژه‌شناسی","معنا","آسان","معنای «کتاب» در عربی کدام است؟","کتاب","مدرسه","معلم","دانش‌آموز","A","«کتاب» در عربی به معنای کتاب است.","ترنم همدلی","original","1405"
"هشتم","عمومی","زبان انگلیسی","زبان انگلیسی","Vocabulary","واژگان پایه","معنا","آسان","کدام گزینه معنی «book» است؟","کتاب","مدرسه","خانه","معلم","A","book به معنی کتاب است.","ترنم همدلی","original","1405"
"هشتم","عمومی","عربی","عربی","واژگان و قواعد","واژه‌شناسی","معنا","متوسط","معنای «کتاب» در عربی کدام است؟","کتاب","مدرسه","معلم","دانش‌آموز","A","«کتاب» در عربی به معنای کتاب است.","ترنم همدلی","original","1405"
"هشتم","عمومی","زبان انگلیسی","زبان انگلیسی","Vocabulary","واژگان پایه","معنا","متوسط","کدام گزینه معنی «book» است؟","کتاب","مدرسه","خانه","معلم","A","book به معنی کتاب است.","ترنم همدلی","original","1405"
"هشتم","عمومی","عربی","عربی","واژگان و قواعد","واژه‌شناسی","معنا","متوسط","معنای «کتاب» در عربی کدام است؟","کتاب","مدرسه","معلم","دانش‌آموز","A","«کتاب» در عربی به معنای کتاب است.","ترنم همدلی","original","1405"
"هشتم","عمومی","زبان انگلیسی","زبان انگلیسی","Vocabulary","واژگان پایه","معنا","متوسط","کدام گزینه معنی «book» است؟","کتاب","مدرسه","خانه","معلم","A","book به معنی کتاب است.","ترنم همدلی","original","1405"
"هشتم","عمومی","عربی","عربی","واژگان و قواعد","واژه‌شناسی","معنا","آسان","معنای «کتاب» در عربی کدام است؟","کتاب","مدرسه","معلم","دانش‌آموز","A","«کتاب» در عربی به معنای کتاب است.","ترنم همدلی","original","1405"
"هشتم","عمومی","زبان انگلیسی","زبان انگلیسی","Vocabulary","واژگان پایه","معنا","آسان","کدام گزینه معنی «book» است؟","کتاب","مدرسه","خانه","معلم","A","book به معنی کتاب است.","ترنم همدلی","original","1405"
"هشتم","عمومی","عربی","عربی","واژگان و قواعد","واژه‌شناسی","معنا","متوسط","معنای «کتاب» در عربی کدام است؟","کتاب","مدرسه","معلم","دانش‌آموز","A","«کتاب» در عربی به معنای کتاب است.","ترنم همدلی","original","1405"
"هشتم","عمومی","زبان انگلیسی","زبان انگلیسی","Vocabulary","واژگان پایه","معنا","متوسط","کدام گزینه معنی «book» است؟","کتاب","مدرسه","خانه","معلم","A","book به معنی کتاب است.","ترنم همدلی","original","1405"
"نهم","عمومی","عربی","عربی","واژگان و قواعد","واژه‌شناسی","معنا","آسان","معنای «کتاب» در عربی کدام است؟","کتاب","مدرسه","معلم","دانش‌آموز","A","«کتاب» در عربی به معنای کتاب است.","ترنم همدلی","original","1405"
"نهم","عمومی","زبان انگلیسی","زبان انگلیسی","Vocabulary","واژگان پایه","معنا","آسان","کدام گزینه معنی «book» است؟","کتاب","مدرسه","خانه","معلم","A","book به معنی کتاب است.","ترنم همدلی","original","1405"
"نهم","عمومی","عربی","عربی","واژگان و قواعد","واژه‌شناسی","معنا","متوسط","معنای «کتاب» در عربی کدام است؟","کتاب","مدرسه","معلم","دانش‌آموز","A","«کتاب» در عربی به معنای کتاب است.","ترنم همدلی","original","1405"
"نهم","عمومی","زبان انگلیسی","زبان انگلیسی","Vocabulary","واژگان پایه","معنا","متوسط","کدام گزینه معنی «book» است؟","کتاب","مدرسه","خانه","معلم","A","book به معنی کتاب است.","ترنم همدلی","original","1405"
"نهم","عمومی","عربی","عربی","واژگان و قواعد","واژه‌شناسی","معنا","متوسط","معنای «کتاب» در عربی کدام است؟","کتاب","مدرسه","معلم","دانش‌آموز","A","«کتاب» در عربی به معنای کتاب است.","ترنم همدلی","original","1405"
"نهم","عمومی","زبان انگلیسی","زبان انگلیسی","Vocabulary","واژگان پایه","معنا","متوسط","کدام گزینه معنی «book» است؟","کتاب","مدرسه","خانه","معلم","A","book به معنی کتاب است.","ترنم همدلی","original","1405"
"نهم","عمومی","عربی","عربی","واژگان و قواعد","واژه‌شناسی","معنا","آسان","معنای «کتاب» در عربی کدام است؟","کتاب","مدرسه","معلم","دانش‌آموز","A","«کتاب» در عربی به معنای کتاب است.","ترنم همدلی","original","1405"
"نهم","عمومی","زبان انگلیسی","زبان انگلیسی","Vocabulary","واژگان پایه","معنا","آسان","کدام گزینه معنی «book» است؟","کتاب","مدرسه","خانه","معلم","A","book به معنی کتاب است.","ترنم همدلی","original","1405"
"نهم","عمومی","عربی","عربی","واژگان و قواعد","واژه‌شناسی","معنا","متوسط","معنای «کتاب» در عربی کدام است؟","کتاب","مدرسه","معلم","دانش‌آموز","A","«کتاب» در عربی به معنای کتاب است.","ترنم همدلی","original","1405"
"نهم","عمومی","زبان انگلیسی","زبان انگلیسی","Vocabulary","واژگان پایه","معنا","متوسط","کدام گزینه معنی «book» است؟","کتاب","مدرسه","خانه","معلم","A","book به معنی کتاب است.","ترنم همدلی","original","1405"
"نهم","عمومی","عربی","عربی","واژگان و قواعد","واژه‌شناسی","معنا","متوسط","معنای «کتاب» در عربی کدام است؟","کتاب","مدرسه","معلم","دانش‌آموز","A","«کتاب» در عربی به معنای کتاب است.","ترنم همدلی","original","1405"
"نهم","عمومی","زبان انگلیسی","زبان انگلیسی","Vocabulary","واژگان پایه","معنا","متوسط","کدام گزینه معنی «book» است؟","کتاب","مدرسه","خانه","معلم","A","book به معنی کتاب است.","ترنم همدلی","original","1405"
"نهم","عمومی","عربی","عربی","واژگان و قواعد","واژه‌شناسی","معنا","آسان","معنای «کتاب» در عربی کدام است؟","کتاب","مدرسه","معلم","دانش‌آموز","A","«کتاب» در عربی به معنای کتاب است.","ترنم همدلی","original","1405"
"نهم","عمومی","زبان انگلیسی","زبان انگلیسی","Vocabulary","واژگان پایه","معنا","آسان","کدام گزینه معنی «book» است؟","کتاب","مدرسه","خانه","معلم","A","book به معنی کتاب است.","ترنم همدلی","original","1405"
"نهم","عمومی","عربی","عربی","واژگان و قواعد","واژه‌شناسی","معنا","متوسط","معنای «کتاب» در عربی کدام است؟","کتاب","مدرسه","معلم","دانش‌آموز","A","«کتاب» در عربی به معنای کتاب است.","ترنم همدلی","original","1405"
"نهم","عمومی","زبان انگلیسی","زبان انگلیسی","Vocabulary","واژگان پایه","معنا","متوسط","کدام گزینه معنی «book» است؟","کتاب","مدرسه","خانه","معلم","A","book به معنی کتاب است.","ترنم همدلی","original","1405"
"نهم","عمومی","عربی","عربی","واژگان و قواعد","واژه‌شناسی","معنا","متوسط","معنای «کتاب» در عربی کدام است؟","کتاب","مدرسه","معلم","دانش‌آموز","A","«کتاب» در عربی به معنای کتاب است.","ترنم همدلی","original","1405"
"نهم","عمومی","زبان انگلیسی","زبان انگلیسی","Vocabulary","واژگان پایه","معنا","متوسط","کدام گزینه معنی «book» است؟","کتاب","مدرسه","خانه","معلم","A","book به معنی کتاب است.","ترنم همدلی","original","1405"
"نهم","عمومی","عربی","عربی","واژگان و قواعد","واژه‌شناسی","معنا","آسان","معنای «کتاب» در عربی کدام است؟","کتاب","مدرسه","معلم","دانش‌آموز","A","«کتاب» در عربی به معنای کتاب است.","ترنم همدلی","original","1405"
"نهم","عمومی","زبان انگلیسی","زبان انگلیسی","Vocabulary","واژگان پایه","معنا","آسان","کدام گزینه معنی «book» است؟","کتاب","مدرسه","خانه","معلم","A","book به معنی کتاب است.","ترنم همدلی","original","1405"
"نهم","عمومی","عربی","عربی","واژگان و قواعد","واژه‌شناسی","معنا","متوسط","معنای «کتاب» در عربی کدام است؟","کتاب","مدرسه","معلم","دانش‌آموز","A","«کتاب» در عربی به معنای کتاب است.","ترنم همدلی","original","1405"
"نهم","عمومی","زبان انگلیسی","زبان انگلیسی","Vocabulary","واژگان پایه","معنا","متوسط","کدام گزینه معنی «book» است؟","کتاب","مدرسه","خانه","معلم","A","book به معنی کتاب است.","ترنم همدلی","original","1405"
"نهم","عمومی","عربی","عربی","واژگان و قواعد","واژه‌شناسی","معنا","متوسط","معنای «کتاب» در عربی کدام است؟","کتاب","مدرسه","معلم","دانش‌آموز","A","«کتاب» در عربی به معنای کتاب است.","ترنم همدلی","original","1405"
"نهم","عمومی","زبان انگلیسی","زبان انگلیسی","Vocabulary","واژگان پایه","معنا","متوسط","کدام گزینه معنی «book» است؟","کتاب","مدرسه","خانه","معلم","A","book به معنی کتاب است.","ترنم همدلی","original","1405"
"نهم","عمومی","عربی","عربی","واژگان و قواعد","واژه‌شناسی","معنا","آسان","معنای «کتاب» در عربی کدام است؟","کتاب","مدرسه","معلم","دانش‌آموز","A","«کتاب» در عربی به معنای کتاب است.","ترنم همدلی","original","1405"
"نهم","عمومی","زبان انگلیسی","زبان انگلیسی","Vocabulary","واژگان پایه","معنا","آسان","کدام گزینه معنی «book» است؟","کتاب","مدرسه","خانه","معلم","A","book به معنی کتاب است.","ترنم همدلی","original","1405"
"نهم","عمومی","عربی","عربی","واژگان و قواعد","واژه‌شناسی","معنا","متوسط","معنای «کتاب» در عربی کدام است؟","کتاب","مدرسه","معلم","دانش‌آموز","A","«کتاب» در عربی به معنای کتاب است.","ترنم همدلی","original","1405"
"نهم","عمومی","زبان انگلیسی","زبان انگلیسی","Vocabulary","واژگان پایه","معنا","متوسط","کدام گزینه معنی «book» است؟","کتاب","مدرسه","خانه","معلم","A","book به معنی کتاب است.","ترنم همدلی","original","1405"
"نهم","عمومی","عربی","عربی","واژگان و قواعد","واژه‌شناسی","معنا","متوسط","معنای «کتاب» در عربی کدام است؟","کتاب","مدرسه","معلم","دانش‌آموز","A","«کتاب» در عربی به معنای کتاب است.","ترنم همدلی","original","1405"
"نهم","عمومی","زبان انگلیسی","زبان انگلیسی","Vocabulary","واژگان پایه","معنا","متوسط","کدام گزینه معنی «book» است؟","کتاب","مدرسه","خانه","معلم","A","book به معنی کتاب است.","ترنم همدلی","original","1405"
"نهم","عمومی","عربی","عربی","واژگان و قواعد","واژه‌شناسی","معنا","آسان","معنای «کتاب» در عربی کدام است؟","کتاب","مدرسه","معلم","دانش‌آموز","A","«کتاب» در عربی به معنای کتاب است.","ترنم همدلی","original","1405"
"نهم","عمومی","زبان انگلیسی","زبان انگلیسی","Vocabulary","واژگان پایه","معنا","آسان","کدام گزینه معنی «book» است؟","کتاب","مدرسه","خانه","معلم","A","book به معنی کتاب است.","ترنم همدلی","original","1405"
"نهم","عمومی","عربی","عربی","واژگان و قواعد","واژه‌شناسی","معنا","متوسط","معنای «کتاب» در عربی کدام است؟","کتاب","مدرسه","معلم","دانش‌آموز","A","«کتاب» در عربی به معنای کتاب است.","ترنم همدلی","original","1405"
"نهم","عمومی","زبان انگلیسی","زبان انگلیسی","Vocabulary","واژگان پایه","معنا","متوسط","کدام گزینه معنی «book» است؟","کتاب","مدرسه","خانه","معلم","A","book به معنی کتاب است.","ترنم همدلی","original","1405"
"نهم","عمومی","عربی","عربی","واژگان و قواعد","واژه‌شناسی","معنا","متوسط","معنای «کتاب» در عربی کدام است؟","کتاب","مدرسه","معلم","دانش‌آموز","A","«کتاب» در عربی به معنای کتاب است.","ترنم همدلی","original","1405"
"نهم","عمومی","زبان انگلیسی","زبان انگلیسی","Vocabulary","واژگان پایه","معنا","متوسط","کدام گزینه معنی «book» است؟","کتاب","مدرسه","خانه","معلم","A","book به معنی کتاب است.","ترنم همدلی","original","1405"
"نهم","عمومی","عربی","عربی","واژگان و قواعد","واژه‌شناسی","معنا","آسان","معنای «کتاب» در عربی کدام است؟","کتاب","مدرسه","معلم","دانش‌آموز","A","«کتاب» در عربی به معنای کتاب است.","ترنم همدلی","original","1405"
"نهم","عمومی","زبان انگلیسی","زبان انگلیسی","Vocabulary","واژگان پایه","معنا","آسان","کدام گزینه معنی «book» است؟","کتاب","مدرسه","خانه","معلم","A","book به معنی کتاب است.","ترنم همدلی","original","1405"
"نهم","عمومی","عربی","عربی","واژگان و قواعد","واژه‌شناسی","معنا","متوسط","معنای «کتاب» در عربی کدام است؟","کتاب","مدرسه","معلم","دانش‌آموز","A","«کتاب» در عربی به معنای کتاب است.","ترنم همدلی","original","1405"
"نهم","عمومی","زبان انگلیسی","زبان انگلیسی","Vocabulary","واژگان پایه","معنا","متوسط","کدام گزینه معنی «book» است؟","کتاب","مدرسه","خانه","معلم","A","book به معنی کتاب است.","ترنم همدلی","original","1405"
"نهم","عمومی","عربی","عربی","واژگان و قواعد","واژه‌شناسی","معنا","متوسط","معنای «کتاب» در عربی کدام است؟","کتاب","مدرسه","معلم","دانش‌آموز","A","«کتاب» در عربی به معنای کتاب است.","ترنم همدلی","original","1405"
"نهم","عمومی","زبان انگلیسی","زبان انگلیسی","Vocabulary","واژگان پایه","معنا","متوسط","کدام گزینه معنی «book» است؟","کتاب","مدرسه","خانه","معلم","A","book به معنی کتاب است.","ترنم همدلی","original","1405"
"نهم","عمومی","عربی","عربی","واژگان و قواعد","واژه‌شناسی","معنا","آسان","معنای «کتاب» در عربی کدام است؟","کتاب","مدرسه","معلم","دانش‌آموز","A","«کتاب» در عربی به معنای کتاب است.","ترنم همدلی","original","1405"
"نهم","عمومی","زبان انگلیسی","زبان انگلیسی","Vocabulary","واژگان پایه","معنا","آسان","کدام گزینه معنی «book» است؟","کتاب","مدرسه","خانه","معلم","A","book به معنی کتاب است.","ترنم همدلی","original","1405"
"نهم","عمومی","عربی","عربی","واژگان و قواعد","واژه‌شناسی","معنا","متوسط","معنای «کتاب» در عربی کدام است؟","کتاب","مدرسه","معلم","دانش‌آموز","A","«کتاب» در عربی به معنای کتاب است.","ترنم همدلی","original","1405"
"نهم","عمومی","زبان انگلیسی","زبان انگلیسی","Vocabulary","واژگان پایه","معنا","متوسط","کدام گزینه معنی «book» است؟","کتاب","مدرسه","خانه","معلم","A","book به معنی کتاب است.","ترنم همدلی","original","1405"
"نهم","عمومی","عربی","عربی","واژگان و قواعد","واژه‌شناسی","معنا","متوسط","معنای «کتاب» در عربی کدام است؟","کتاب","مدرسه","معلم","دانش‌آموز","A","«کتاب» در عربی به معنای کتاب است.","ترنم همدلی","original","1405"
"نهم","عمومی","زبان انگلیسی","زبان انگلیسی","Vocabulary","واژگان پایه","معنا","متوسط","کدام گزینه معنی «book» است؟","کتاب","مدرسه","خانه","معلم","A","book به معنی کتاب است.","ترنم همدلی","original","1405"
"نهم","عمومی","عربی","عربی","واژگان و قواعد","واژه‌شناسی","معنا","آسان","معنای «کتاب» در عربی کدام است؟","کتاب","مدرسه","معلم","دانش‌آموز","A","«کتاب» در عربی به معنای کتاب است.","ترنم همدلی","original","1405"
"نهم","عمومی","زبان انگلیسی","زبان انگلیسی","Vocabulary","واژگان پایه","معنا","آسان","کدام گزینه معنی «book» است؟","کتاب","مدرسه","خانه","معلم","A","book به معنی کتاب است.","ترنم همدلی","original","1405"
"نهم","عمومی","عربی","عربی","واژگان و قواعد","واژه‌شناسی","معنا","متوسط","معنای «کتاب» در عربی کدام است؟","کتاب","مدرسه","معلم","دانش‌آموز","A","«کتاب» در عربی به معنای کتاب است.","ترنم همدلی","original","1405"
"نهم","عمومی","زبان انگلیسی","زبان انگلیسی","Vocabulary","واژگان پایه","معنا","متوسط","کدام گزینه معنی «book» است؟","کتاب","مدرسه","خانه","معلم","A","book به معنی کتاب است.","ترنم همدلی","original","1405"
"نهم","عمومی","عربی","عربی","واژگان و قواعد","واژه‌شناسی","معنا","متوسط","معنای «کتاب» در عربی کدام است؟","کتاب","مدرسه","معلم","دانش‌آموز","A","«کتاب» در عربی به معنای کتاب است.","ترنم همدلی","original","1405"
"نهم","عمومی","زبان انگلیسی","زبان انگلیسی","Vocabulary","واژگان پایه","معنا","متوسط","کدام گزینه معنی «book» است؟","کتاب","مدرسه","خانه","معلم","A","book به معنی کتاب است.","ترنم همدلی","original","1405"
"نهم","عمومی","عربی","عربی","واژگان و قواعد","واژه‌شناسی","معنا","آسان","معنای «کتاب» در عربی کدام است؟","کتاب","مدرسه","معلم","دانش‌آموز","A","«کتاب» در عربی به معنای کتاب است.","ترنم همدلی","original","1405"
"نهم","عمومی","زبان انگلیسی","زبان انگلیسی","Vocabulary","واژگان پایه","معنا","آسان","کدام گزینه معنی «book» است؟","کتاب","مدرسه","خانه","معلم","A","book به معنی کتاب است.","ترنم همدلی","original","1405"
"نهم","عمومی","عربی","عربی","واژگان و قواعد","واژه‌شناسی","معنا","متوسط","معنای «کتاب» در عربی کدام است؟","کتاب","مدرسه","معلم","دانش‌آموز","A","«کتاب» در عربی به معنای کتاب است.","ترنم همدلی","original","1405"
"نهم","عمومی","زبان انگلیسی","زبان انگلیسی","Vocabulary","واژگان پایه","معنا","متوسط","کدام گزینه معنی «book» است؟","کتاب","مدرسه","خانه","معلم","A","book به معنی کتاب است.","ترنم همدلی","original","1405"
"نهم","عمومی","عربی","عربی","واژگان و قواعد","واژه‌شناسی","معنا","متوسط","معنای «کتاب» در عربی کدام است؟","کتاب","مدرسه","معلم","دانش‌آموز","A","«کتاب» در عربی به معنای کتاب است.","ترنم همدلی","original","1405"
"نهم","عمومی","زبان انگلیسی","زبان انگلیسی","Vocabulary","واژگان پایه","معنا","متوسط","کدام گزینه معنی «book» است؟","کتاب","مدرسه","خانه","معلم","A","book به معنی کتاب است.","ترنم همدلی","original","1405"
"نهم","عمومی","عربی","عربی","واژگان و قواعد","واژه‌شناسی","معنا","آسان","معنای «کتاب» در عربی کدام است؟","کتاب","مدرسه","معلم","دانش‌آموز","A","«کتاب» در عربی به معنای کتاب است.","ترنم همدلی","original","1405"
"نهم","عمومی","زبان انگلیسی","زبان انگلیسی","Vocabulary","واژگان پایه","معنا","آسان","کدام گزینه معنی «book» است؟","کتاب","مدرسه","خانه","معلم","A","book به معنی کتاب است.","ترنم همدلی","original","1405"
"نهم","عمومی","عربی","عربی","واژگان و قواعد","واژه‌شناسی","معنا","متوسط","معنای «کتاب» در عربی کدام است؟","کتاب","مدرسه","معلم","دانش‌آموز","A","«کتاب» در عربی به معنای کتاب است.","ترنم همدلی","original","1405"
"نهم","عمومی","زبان انگلیسی","زبان انگلیسی","Vocabulary","واژگان پایه","معنا","متوسط","کدام گزینه معنی «book» است؟","کتاب","مدرسه","خانه","معلم","A","book به معنی کتاب است.","ترنم همدلی","original","1405"
"نهم","عمومی","عربی","عربی","واژگان و قواعد","واژه‌شناسی","معنا","متوسط","معنای «کتاب» در عربی کدام است؟","کتاب","مدرسه","معلم","دانش‌آموز","A","«کتاب» در عربی به معنای کتاب است.","ترنم همدلی","original","1405"
"نهم","عمومی","زبان انگلیسی","زبان انگلیسی","Vocabulary","واژگان پایه","معنا","متوسط","کدام گزینه معنی «book» است؟","کتاب","مدرسه","خانه","معلم","A","book به معنی کتاب است.","ترنم همدلی","original","1405"
"نهم","عمومی","عربی","عربی","واژگان و قواعد","واژه‌شناسی","معنا","آسان","معنای «کتاب» در عربی کدام است؟","کتاب","مدرسه","معلم","دانش‌آموز","A","«کتاب» در عربی به معنای کتاب است.","ترنم همدلی","original","1405"
"نهم","عمومی","زبان انگلیسی","زبان انگلیسی","Vocabulary","واژگان پایه","معنا","آسان","کدام گزینه معنی «book» است؟","کتاب","مدرسه","خانه","معلم","A","book به معنی کتاب است.","ترنم همدلی","original","1405"
"نهم","عمومی","عربی","عربی","واژگان و قواعد","واژه‌شناسی","معنا","متوسط","معنای «کتاب» در عربی کدام است؟","کتاب","مدرسه","معلم","دانش‌آموز","A","«کتاب» در عربی به معنای کتاب است.","ترنم همدلی","original","1405"
"نهم","عمومی","زبان انگلیسی","زبان انگلیسی","Vocabulary","واژگان پایه","معنا","متوسط","کدام گزینه معنی «book» است؟","کتاب","مدرسه","خانه","معلم","A","book به معنی کتاب است.","ترنم همدلی","original","1405"
"نهم","عمومی","عربی","عربی","واژگان و قواعد","واژه‌شناسی","معنا","متوسط","معنای «کتاب» در عربی کدام است؟","کتاب","مدرسه","معلم","دانش‌آموز","A","«کتاب» در عربی به معنای کتاب است.","ترنم همدلی","original","1405"
"نهم","عمومی","زبان انگلیسی","زبان انگلیسی","Vocabulary","واژگان پایه","معنا","متوسط","کدام گزینه معنی «book» است؟","کتاب","مدرسه","خانه","معلم","A","book به معنی کتاب است.","ترنم همدلی","original","1405"
"نهم","عمومی","عربی","عربی","واژگان و قواعد","واژه‌شناسی","معنا","آسان","معنای «کتاب» در عربی کدام است؟","کتاب","مدرسه","معلم","دانش‌آموز","A","«کتاب» در عربی به معنای کتاب است.","ترنم همدلی","original","1405"
"نهم","عمومی","زبان انگلیسی","زبان انگلیسی","Vocabulary","واژگان پایه","معنا","آسان","کدام گزینه معنی «book» است؟","کتاب","مدرسه","خانه","معلم","A","book به معنی کتاب است.","ترنم همدلی","original","1405"
"نهم","عمومی","عربی","عربی","واژگان و قواعد","واژه‌شناسی","معنا","متوسط","معنای «کتاب» در عربی کدام است؟","کتاب","مدرسه","معلم","دانش‌آموز","A","«کتاب» در عربی به معنای کتاب است.","ترنم همدلی","original","1405"
"نهم","عمومی","زبان انگلیسی","زبان انگلیسی","Vocabulary","واژگان پایه","معنا","متوسط","کدام گزینه معنی «book» است؟","کتاب","مدرسه","خانه","معلم","A","book به معنی کتاب است.","ترنم همدلی","original","1405"
"نهم","عمومی","عربی","عربی","واژگان و قواعد","واژه‌شناسی","معنا","متوسط","معنای «کتاب» در عربی کدام است؟","کتاب","مدرسه","معلم","دانش‌آموز","A","«کتاب» در عربی به معنای کتاب است.","ترنم همدلی","original","1405"
"نهم","عمومی","زبان انگلیسی","زبان انگلیسی","Vocabulary","واژگان پایه","معنا","متوسط","کدام گزینه معنی «book» است؟","کتاب","مدرسه","خانه","معلم","A","book به معنی کتاب است.","ترنم همدلی","original","1405"
"نهم","عمومی","عربی","عربی","واژگان و قواعد","واژه‌شناسی","معنا","آسان","معنای «کتاب» در عربی کدام است؟","کتاب","مدرسه","معلم","دانش‌آموز","A","«کتاب» در عربی به معنای کتاب است.","ترنم همدلی","original","1405"
"نهم","عمومی","زبان انگلیسی","زبان انگلیسی","Vocabulary","واژگان پایه","معنا","آسان","کدام گزینه معنی «book» است؟","کتاب","مدرسه","خانه","معلم","A","book به معنی کتاب است.","ترنم همدلی","original","1405"
"نهم","عمومی","عربی","عربی","واژگان و قواعد","واژه‌شناسی","معنا","متوسط","معنای «کتاب» در عربی کدام است؟","کتاب","مدرسه","معلم","دانش‌آموز","A","«کتاب» در عربی به معنای کتاب است.","ترنم همدلی","original","1405"
"نهم","عمومی","زبان انگلیسی","زبان انگلیسی","Vocabulary","واژگان پایه","معنا","متوسط","کدام گزینه معنی «book» است؟","کتاب","مدرسه","خانه","معلم","A","book به معنی کتاب است.","ترنم همدلی","original","1405"
"نهم","عمومی","عربی","عربی","واژگان و قواعد","واژه‌شناسی","معنا","متوسط","معنای «کتاب» در عربی کدام است؟","کتاب","مدرسه","معلم","دانش‌آموز","A","«کتاب» در عربی به معنای کتاب است.","ترنم همدلی","original","1405"
"نهم","عمومی","زبان انگلیسی","زبان انگلیسی","Vocabulary","واژگان پایه","معنا","متوسط","کدام گزینه معنی «book» است؟","کتاب","مدرسه","خانه","معلم","A","book به معنی کتاب است.","ترنم همدلی","original","1405"
"نهم","عمومی","عربی","عربی","واژگان و قواعد","واژه‌شناسی","معنا","آسان","معنای «کتاب» در عربی کدام است؟","کتاب","مدرسه","معلم","دانش‌آموز","A","«کتاب» در عربی به معنای کتاب است.","ترنم همدلی","original","1405"
"نهم","عمومی","زبان انگلیسی","زبان انگلیسی","Vocabulary","واژگان پایه","معنا","آسان","کدام گزینه معنی «book» است؟","کتاب","مدرسه","خانه","معلم","A","book به معنی کتاب است.","ترنم همدلی","original","1405"
"نهم","عمومی","عربی","عربی","واژگان و قواعد","واژه‌شناسی","معنا","متوسط","معنای «کتاب» در عربی کدام است؟","کتاب","مدرسه","معلم","دانش‌آموز","A","«کتاب» در عربی به معنای کتاب است.","ترنم همدلی","original","1405"
"نهم","عمومی","زبان انگلیسی","زبان انگلیسی","Vocabulary","واژگان پایه","معنا","متوسط","کدام گزینه معنی «book» است؟","کتاب","مدرسه","خانه","معلم","A","book به معنی کتاب است.","ترنم همدلی","original","1405"
"نهم","عمومی","عربی","عربی","واژگان و قواعد","واژه‌شناسی","معنا","متوسط","معنای «کتاب» در عربی کدام است؟","کتاب","مدرسه","معلم","دانش‌آموز","A","«کتاب» در عربی به معنای کتاب است.","ترنم همدلی","original","1405"
"نهم","عمومی","زبان انگلیسی","زبان انگلیسی","Vocabulary","واژگان پایه","معنا","متوسط","کدام گزینه معنی «book» است؟","کتاب","مدرسه","خانه","معلم","A","book به معنی کتاب است.","ترنم همدلی","original","1405"
"نهم","عمومی","عربی","عربی","واژگان و قواعد","واژه‌شناسی","معنا","آسان","معنای «کتاب» در عربی کدام است؟","کتاب","مدرسه","معلم","دانش‌آموز","A","«کتاب» در عربی به معنای کتاب است.","ترنم همدلی","original","1405"
"نهم","عمومی","زبان انگلیسی","زبان انگلیسی","Vocabulary","واژگان پایه","معنا","آسان","کدام گزینه معنی «book» است؟","کتاب","مدرسه","خانه","معلم","A","book به معنی کتاب است.","ترنم همدلی","original","1405"
"نهم","عمومی","عربی","عربی","واژگان و قواعد","واژه‌شناسی","معنا","متوسط","معنای «کتاب» در عربی کدام است؟","کتاب","مدرسه","معلم","دانش‌آموز","A","«کتاب» در عربی به معنای کتاب است.","ترنم همدلی","original","1405"
"نهم","عمومی","زبان انگلیسی","زبان انگلیسی","Vocabulary","واژگان پایه","معنا","متوسط","کدام گزینه معنی «book» است؟","کتاب","مدرسه","خانه","معلم","A","book به معنی کتاب است.","ترنم همدلی","original","1405"
"نهم","عمومی","عربی","عربی","واژگان و قواعد","واژه‌شناسی","معنا","متوسط","معنای «کتاب» در عربی کدام است؟","کتاب","مدرسه","معلم","دانش‌آموز","A","«کتاب» در عربی به معنای کتاب است.","ترنم همدلی","original","1405"
"نهم","عمومی","زبان انگلیسی","زبان انگلیسی","Vocabulary","واژگان پایه","معنا","متوسط","کدام گزینه معنی «book» است؟","کتاب","مدرسه","خانه","معلم","A","book به معنی کتاب است.","ترنم همدلی","original","1405"
"نهم","عمومی","عربی","عربی","واژگان و قواعد","واژه‌شناسی","معنا","آسان","معنای «کتاب» در عربی کدام است؟","کتاب","مدرسه","معلم","دانش‌آموز","A","«کتاب» در عربی به معنای کتاب است.","ترنم همدلی","original","1405"
"نهم","عمومی","زبان انگلیسی","زبان انگلیسی","Vocabulary","واژگان پایه","معنا","آسان","کدام گزینه معنی «book» است؟","کتاب","مدرسه","خانه","معلم","A","book به معنی کتاب است.","ترنم همدلی","original","1405"
"نهم","عمومی","عربی","عربی","واژگان و قواعد","واژه‌شناسی","معنا","متوسط","معنای «کتاب» در عربی کدام است؟","کتاب","مدرسه","معلم","دانش‌آموز","A","«کتاب» در عربی به معنای کتاب است.","ترنم همدلی","original","1405"
"نهم","عمومی","زبان انگلیسی","زبان انگلیسی","Vocabulary","واژگان پایه","معنا","متوسط","کدام گزینه معنی «book» است؟","کتاب","مدرسه","خانه","معلم","A","book به معنی کتاب است.","ترنم همدلی","original","1405"
"نهم","عمومی","عربی","عربی","واژگان و قواعد","واژه‌شناسی","معنا","متوسط","معنای «کتاب» در عربی کدام است؟","کتاب","مدرسه","معلم","دانش‌آموز","A","«کتاب» در عربی به معنای کتاب است.","ترنم همدلی","original","1405"
"نهم","عمومی","زبان انگلیسی","زبان انگلیسی","Vocabulary","واژگان پایه","معنا","متوسط","کدام گزینه معنی «book» است؟","کتاب","مدرسه","خانه","معلم","A","book به معنی کتاب است.","ترنم همدلی","original","1405"
"نهم","عمومی","عربی","عربی","واژگان و قواعد","واژه‌شناسی","معنا","آسان","معنای «کتاب» در عربی کدام است؟","کتاب","مدرسه","معلم","دانش‌آموز","A","«کتاب» در عربی به معنای کتاب است.","ترنم همدلی","original","1405"
"نهم","عمومی","زبان انگلیسی","زبان انگلیسی","Vocabulary","واژگان پایه","معنا","آسان","کدام گزینه معنی «book» است؟","کتاب","مدرسه","خانه","معلم","A","book به معنی کتاب است.","ترنم همدلی","original","1405"
"نهم","عمومی","عربی","عربی","واژگان و قواعد","واژه‌شناسی","معنا","متوسط","معنای «کتاب» در عربی کدام است؟","کتاب","مدرسه","معلم","دانش‌آموز","A","«کتاب» در عربی به معنای کتاب است.","ترنم همدلی","original","1405"
"نهم","عمومی","زبان انگلیسی","زبان انگلیسی","Vocabulary","واژگان پایه","معنا","متوسط","کدام گزینه معنی «book» است؟","کتاب","مدرسه","خانه","معلم","A","book به معنی کتاب است.","ترنم همدلی","original","1405"
"نهم","عمومی","عربی","عربی","واژگان و قواعد","واژه‌شناسی","معنا","متوسط","معنای «کتاب» در عربی کدام است؟","کتاب","مدرسه","معلم","دانش‌آموز","A","«کتاب» در عربی به معنای کتاب است.","ترنم همدلی","original","1405"
"نهم","عمومی","زبان انگلیسی","زبان انگلیسی","Vocabulary","واژگان پایه","معنا","متوسط","کدام گزینه معنی «book» است؟","کتاب","مدرسه","خانه","معلم","A","book به معنی کتاب است.","ترنم همدلی","original","1405"
"نهم","عمومی","عربی","عربی","واژگان و قواعد","واژه‌شناسی","معنا","آسان","معنای «کتاب» در عربی کدام است؟","کتاب","مدرسه","معلم","دانش‌آموز","A","«کتاب» در عربی به معنای کتاب است.","ترنم همدلی","original","1405"
"نهم","عمومی","زبان انگلیسی","زبان انگلیسی","Vocabulary","واژگان پایه","معنا","آسان","کدام گزینه معنی «book» است؟","کتاب","مدرسه","خانه","معلم","A","book به معنی کتاب است.","ترنم همدلی","original","1405"
"نهم","عمومی","عربی","عربی","واژگان و قواعد","واژه‌شناسی","معنا","متوسط","معنای «کتاب» در عربی کدام است؟","کتاب","مدرسه","معلم","دانش‌آموز","A","«کتاب» در عربی به معنای کتاب است.","ترنم همدلی","original","1405"
"نهم","عمومی","زبان انگلیسی","زبان انگلیسی","Vocabulary","واژگان پایه","معنا","متوسط","کدام گزینه معنی «book» است؟","کتاب","مدرسه","خانه","معلم","A","book به معنی کتاب است.","ترنم همدلی","original","1405"
"نهم","عمومی","عربی","عربی","واژگان و قواعد","واژه‌شناسی","معنا","متوسط","معنای «کتاب» در عربی کدام است؟","کتاب","مدرسه","معلم","دانش‌آموز","A","«کتاب» در عربی به معنای کتاب است.","ترنم همدلی","original","1405"
"نهم","عمومی","زبان انگلیسی","زبان انگلیسی","Vocabulary","واژگان پایه","معنا","متوسط","کدام گزینه معنی «book» است؟","کتاب","مدرسه","خانه","معلم","A","book به معنی کتاب است.","ترنم همدلی","original","1405"
"نهم","عمومی","عربی","عربی","واژگان و قواعد","واژه‌شناسی","معنا","آسان","معنای «کتاب» در عربی کدام است؟","کتاب","مدرسه","معلم","دانش‌آموز","A","«کتاب» در عربی به معنای کتاب است.","ترنم همدلی","original","1405"
"نهم","عمومی","زبان انگلیسی","زبان انگلیسی","Vocabulary","واژگان پایه","معنا","آسان","کدام گزینه معنی «book» است؟","کتاب","مدرسه","خانه","معلم","A","book به معنی کتاب است.","ترنم همدلی","original","1405"
"نهم","عمومی","عربی","عربی","واژگان و قواعد","واژه‌شناسی","معنا","متوسط","معنای «کتاب» در عربی کدام است؟","کتاب","مدرسه","معلم","دانش‌آموز","A","«کتاب» در عربی به معنای کتاب است.","ترنم همدلی","original","1405"
"نهم","عمومی","زبان انگلیسی","زبان انگلیسی","Vocabulary","واژگان پایه","معنا","متوسط","کدام گزینه معنی «book» است؟","کتاب","مدرسه","خانه","معلم","A","book به معنی کتاب است.","ترنم همدلی","original","1405"
"نهم","عمومی","عربی","عربی","واژگان و قواعد","واژه‌شناسی","معنا","متوسط","معنای «کتاب» در عربی کدام است؟","کتاب","مدرسه","معلم","دانش‌آموز","A","«کتاب» در عربی به معنای کتاب است.","ترنم همدلی","original","1405"
"نهم","عمومی","زبان انگلیسی","زبان انگلیسی","Vocabulary","واژگان پایه","معنا","متوسط","کدام گزینه معنی «book» است؟","کتاب","مدرسه","خانه","معلم","A","book به معنی کتاب است.","ترنم همدلی","original","1405"
"نهم","عمومی","عربی","عربی","واژگان و قواعد","واژه‌شناسی","معنا","آسان","معنای «کتاب» در عربی کدام است؟","کتاب","مدرسه","معلم","دانش‌آموز","A","«کتاب» در عربی به معنای کتاب است.","ترنم همدلی","original","1405"
"نهم","عمومی","زبان انگلیسی","زبان انگلیسی","Vocabulary","واژگان پایه","معنا","آسان","کدام گزینه معنی «book» است؟","کتاب","مدرسه","خانه","معلم","A","book به معنی کتاب است.","ترنم همدلی","original","1405"
"نهم","عمومی","عربی","عربی","واژگان و قواعد","واژه‌شناسی","معنا","متوسط","معنای «کتاب» در عربی کدام است؟","کتاب","مدرسه","معلم","دانش‌آموز","A","«کتاب» در عربی به معنای کتاب است.","ترنم همدلی","original","1405"
"نهم","عمومی","زبان انگلیسی","زبان انگلیسی","Vocabulary","واژگان پایه","معنا","متوسط","کدام گزینه معنی «book» است؟","کتاب","مدرسه","خانه","معلم","A","book به معنی کتاب است.","ترنم همدلی","original","1405"
"نهم","عمومی","عربی","عربی","واژگان و قواعد","واژه‌شناسی","معنا","متوسط","معنای «کتاب» در عربی کدام است؟","کتاب","مدرسه","معلم","دانش‌آموز","A","«کتاب» در عربی به معنای کتاب است.","ترنم همدلی","original","1405"
"نهم","عمومی","زبان انگلیسی","زبان انگلیسی","Vocabulary","واژگان پایه","معنا","متوسط","کدام گزینه معنی «book» است؟","کتاب","مدرسه","خانه","معلم","A","book به معنی کتاب است.","ترنم همدلی","original","1405"
"نهم","عمومی","عربی","عربی","واژگان و قواعد","واژه‌شناسی","معنا","آسان","معنای «کتاب» در عربی کدام است؟","کتاب","مدرسه","معلم","دانش‌آموز","A","«کتاب» در عربی به معنای کتاب است.","ترنم همدلی","original","1405"
"نهم","عمومی","زبان انگلیسی","زبان انگلیسی","Vocabulary","واژگان پایه","معنا","آسان","کدام گزینه معنی «book» است؟","کتاب","مدرسه","خانه","معلم","A","book به معنی کتاب است.","ترنم همدلی","original","1405"
"نهم","عمومی","عربی","عربی","واژگان و قواعد","واژه‌شناسی","معنا","متوسط","معنای «کتاب» در عربی کدام است؟","کتاب","مدرسه","معلم","دانش‌آموز","A","«کتاب» در عربی به معنای کتاب است.","ترنم همدلی","original","1405"
"نهم","عمومی","زبان انگلیسی","زبان انگلیسی","Vocabulary","واژگان پایه","معنا","متوسط","کدام گزینه معنی «book» است؟","کتاب","مدرسه","خانه","معلم","A","book به معنی کتاب است.","ترنم همدلی","original","1405"
"نهم","عمومی","عربی","عربی","واژگان و قواعد","واژه‌شناسی","معنا","متوسط","معنای «کتاب» در عربی کدام است؟","کتاب","مدرسه","معلم","دانش‌آموز","A","«کتاب» در عربی به معنای کتاب است.","ترنم همدلی","original","1405"
"نهم","عمومی","زبان انگلیسی","زبان انگلیسی","Vocabulary","واژگان پایه","معنا","متوسط","کدام گزینه معنی «book» است؟","کتاب","مدرسه","خانه","معلم","A","book به معنی کتاب است.","ترنم همدلی","original","1405"
"نهم","عمومی","عربی","عربی","واژگان و قواعد","واژه‌شناسی","معنا","آسان","معنای «کتاب» در عربی کدام است؟","کتاب","مدرسه","معلم","دانش‌آموز","A","«کتاب» در عربی به معنای کتاب است.","ترنم همدلی","original","1405"
"نهم","عمومی","زبان انگلیسی","زبان انگلیسی","Vocabulary","واژگان پایه","معنا","آسان","کدام گزینه معنی «book» است؟","کتاب","مدرسه","خانه","معلم","A","book به معنی کتاب است.","ترنم همدلی","original","1405"
"نهم","عمومی","عربی","عربی","واژگان و قواعد","واژه‌شناسی","معنا","متوسط","معنای «کتاب» در عربی کدام است؟","کتاب","مدرسه","معلم","دانش‌آموز","A","«کتاب» در عربی به معنای کتاب است.","ترنم همدلی","original","1405"
"نهم","عمومی","زبان انگلیسی","زبان انگلیسی","Vocabulary","واژگان پایه","معنا","متوسط","کدام گزینه معنی «book» است؟","کتاب","مدرسه","خانه","معلم","A","book به معنی کتاب است.","ترنم همدلی","original","1405"
"نهم","عمومی","عربی","عربی","واژگان و قواعد","واژه‌شناسی","معنا","متوسط","معنای «کتاب» در عربی کدام است؟","کتاب","مدرسه","معلم","دانش‌آموز","A","«کتاب» در عربی به معنای کتاب است.","ترنم همدلی","original","1405"
"نهم","عمومی","زبان انگلیسی","زبان انگلیسی","Vocabulary","واژگان پایه","معنا","متوسط","کدام گزینه معنی «book» است؟","کتاب","مدرسه","خانه","معلم","A","book به معنی کتاب است.","ترنم همدلی","original","1405"
"نهم","عمومی","عربی","عربی","واژگان و قواعد","واژه‌شناسی","معنا","آسان","معنای «کتاب» در عربی کدام است؟","کتاب","مدرسه","معلم","دانش‌آموز","A","«کتاب» در عربی به معنای کتاب است.","ترنم همدلی","original","1405"
"نهم","عمومی","زبان انگلیسی","زبان انگلیسی","Vocabulary","واژگان پایه","معنا","آسان","کدام گزینه معنی «book» است؟","کتاب","مدرسه","خانه","معلم","A","book به معنی کتاب است.","ترنم همدلی","original","1405"
"نهم","عمومی","عربی","عربی","واژگان و قواعد","واژه‌شناسی","معنا","متوسط","معنای «کتاب» در عربی کدام است؟","کتاب","مدرسه","معلم","دانش‌آموز","A","«کتاب» در عربی به معنای کتاب است.","ترنم همدلی","original","1405"
"نهم","عمومی","زبان انگلیسی","زبان انگلیسی","Vocabulary","واژگان پایه","معنا","متوسط","کدام گزینه معنی «book» است؟","کتاب","مدرسه","خانه","معلم","A","book به معنی کتاب است.","ترنم همدلی","original","1405"
"نهم","عمومی","عربی","عربی","واژگان و قواعد","واژه‌شناسی","معنا","متوسط","معنای «کتاب» در عربی کدام است؟","کتاب","مدرسه","معلم","دانش‌آموز","A","«کتاب» در عربی به معنای کتاب است.","ترنم همدلی","original","1405"
"نهم","عمومی","زبان انگلیسی","زبان انگلیسی","Vocabulary","واژگان پایه","معنا","متوسط","کدام گزینه معنی «book» است؟","کتاب","مدرسه","خانه","معلم","A","book به معنی کتاب است.","ترنم همدلی","original","1405"
"نهم","عمومی","عربی","عربی","واژگان و قواعد","واژه‌شناسی","معنا","آسان","معنای «کتاب» در عربی کدام است؟","کتاب","مدرسه","معلم","دانش‌آموز","A","«کتاب» در عربی به معنای کتاب است.","ترنم همدلی","original","1405"
"نهم","عمومی","زبان انگلیسی","زبان انگلیسی","Vocabulary","واژگان پایه","معنا","آسان","کدام گزینه معنی «book» است؟","کتاب","مدرسه","خانه","معلم","A","book به معنی کتاب است.","ترنم همدلی","original","1405"
"نهم","عمومی","عربی","عربی","واژگان و قواعد","واژه‌شناسی","معنا","متوسط","معنای «کتاب» در عربی کدام است؟","کتاب","مدرسه","معلم","دانش‌آموز","A","«کتاب» در عربی به معنای کتاب است.","ترنم همدلی","original","1405"
"نهم","عمومی","زبان انگلیسی","زبان انگلیسی","Vocabulary","واژگان پایه","معنا","متوسط","کدام گزینه معنی «book» است؟","کتاب","مدرسه","خانه","معلم","A","book به معنی کتاب است.","ترنم همدلی","original","1405"
"نهم","عمومی","عربی","عربی","واژگان و قواعد","واژه‌شناسی","معنا","متوسط","معنای «کتاب» در عربی کدام است؟","کتاب","مدرسه","معلم","دانش‌آموز","A","«کتاب» در عربی به معنای کتاب است.","ترنم همدلی","original","1405"
"نهم","عمومی","زبان انگلیسی","زبان انگلیسی","Vocabulary","واژگان پایه","معنا","متوسط","کدام گزینه معنی «book» است؟","کتاب","مدرسه","خانه","معلم","A","book به معنی کتاب است.","ترنم همدلی","original","1405"
"نهم","عمومی","عربی","عربی","واژگان و قواعد","واژه‌شناسی","معنا","آسان","معنای «کتاب» در عربی کدام است؟","کتاب","مدرسه","معلم","دانش‌آموز","A","«کتاب» در عربی به معنای کتاب است.","ترنم همدلی","original","1405"
"نهم","عمومی","زبان انگلیسی","زبان انگلیسی","Vocabulary","واژگان پایه","معنا","آسان","کدام گزینه معنی «book» است؟","کتاب","مدرسه","خانه","معلم","A","book به معنی کتاب است.","ترنم همدلی","original","1405"
"نهم","عمومی","عربی","عربی","واژگان و قواعد","واژه‌شناسی","معنا","متوسط","معنای «کتاب» در عربی کدام است؟","کتاب","مدرسه","معلم","دانش‌آموز","A","«کتاب» در عربی به معنای کتاب است.","ترنم همدلی","original","1405"
"نهم","عمومی","زبان انگلیسی","زبان انگلیسی","Vocabulary","واژگان پایه","معنا","متوسط","کدام گزینه معنی «book» است؟","کتاب","مدرسه","خانه","معلم","A","book به معنی کتاب است.","ترنم همدلی","original","1405"
"نهم","عمومی","عربی","عربی","واژگان و قواعد","واژه‌شناسی","معنا","متوسط","معنای «کتاب» در عربی کدام است؟","کتاب","مدرسه","معلم","دانش‌آموز","A","«کتاب» در عربی به معنای کتاب است.","ترنم همدلی","original","1405"
"نهم","عمومی","زبان انگلیسی","زبان انگلیسی","Vocabulary","واژگان پایه","معنا","متوسط","کدام گزینه معنی «book» است؟","کتاب","مدرسه","خانه","معلم","A","book به معنی کتاب است.","ترنم همدلی","original","1405"
"نهم","عمومی","عربی","عربی","واژگان و قواعد","واژه‌شناسی","معنا","آسان","معنای «کتاب» در عربی کدام است؟","کتاب","مدرسه","معلم","دانش‌آموز","A","«کتاب» در عربی به معنای کتاب است.","ترنم همدلی","original","1405"
"نهم","عمومی","زبان انگلیسی","زبان انگلیسی","Vocabulary","واژگان پایه","معنا","آسان","کدام گزینه معنی «book» است؟","کتاب","مدرسه","خانه","معلم","A","book به معنی کتاب است.","ترنم همدلی","original","1405"
"نهم","عمومی","عربی","عربی","واژگان و قواعد","واژه‌شناسی","معنا","متوسط","معنای «کتاب» در عربی کدام است؟","کتاب","مدرسه","معلم","دانش‌آموز","A","«کتاب» در عربی به معنای کتاب است.","ترنم همدلی","original","1405"
"نهم","عمومی","زبان انگلیسی","زبان انگلیسی","Vocabulary","واژگان پایه","معنا","متوسط","کدام گزینه معنی «book» است؟","کتاب","مدرسه","خانه","معلم","A","book به معنی کتاب است.","ترنم همدلی","original","1405"
"دهم","عمومی","عربی","عربی","واژگان و قواعد","واژه‌شناسی","معنا","آسان","معنای «کتاب» در عربی کدام است؟","کتاب","مدرسه","معلم","دانش‌آموز","A","«کتاب» در عربی به معنای کتاب است.","ترنم همدلی","original","1405"
"دهم","عمومی","زبان انگلیسی","زبان انگلیسی","Vocabulary","واژگان پایه","معنا","آسان","کدام گزینه معنی «book» است؟","کتاب","مدرسه","خانه","معلم","A","book به معنی کتاب است.","ترنم همدلی","original","1405"
"دهم","عمومی","عربی","عربی","واژگان و قواعد","واژه‌شناسی","معنا","متوسط","معنای «کتاب» در عربی کدام است؟","کتاب","مدرسه","معلم","دانش‌آموز","A","«کتاب» در عربی به معنای کتاب است.","ترنم همدلی","original","1405"
"دهم","عمومی","زبان انگلیسی","زبان انگلیسی","Vocabulary","واژگان پایه","معنا","متوسط","کدام گزینه معنی «book» است؟","کتاب","مدرسه","خانه","معلم","A","book به معنی کتاب است.","ترنم همدلی","original","1405"
"دهم","عمومی","عربی","عربی","واژگان و قواعد","واژه‌شناسی","معنا","متوسط","معنای «کتاب» در عربی کدام است؟","کتاب","مدرسه","معلم","دانش‌آموز","A","«کتاب» در عربی به معنای کتاب است.","ترنم همدلی","original","1405"
"دهم","عمومی","زبان انگلیسی","زبان انگلیسی","Vocabulary","واژگان پایه","معنا","متوسط","کدام گزینه معنی «book» است؟","کتاب","مدرسه","خانه","معلم","A","book به معنی کتاب است.","ترنم همدلی","original","1405"
"دهم","عمومی","عربی","عربی","واژگان و قواعد","واژه‌شناسی","معنا","آسان","معنای «کتاب» در عربی کدام است؟","کتاب","مدرسه","معلم","دانش‌آموز","A","«کتاب» در عربی به معنای کتاب است.","ترنم همدلی","original","1405"
"دهم","عمومی","زبان انگلیسی","زبان انگلیسی","Vocabulary","واژگان پایه","معنا","آسان","کدام گزینه معنی «book» است؟","کتاب","مدرسه","خانه","معلم","A","book به معنی کتاب است.","ترنم همدلی","original","1405"
"دهم","عمومی","عربی","عربی","واژگان و قواعد","واژه‌شناسی","معنا","متوسط","معنای «کتاب» در عربی کدام است؟","کتاب","مدرسه","معلم","دانش‌آموز","A","«کتاب» در عربی به معنای کتاب است.","ترنم همدلی","original","1405"
"دهم","عمومی","زبان انگلیسی","زبان انگلیسی","Vocabulary","واژگان پایه","معنا","متوسط","کدام گزینه معنی «book» است؟","کتاب","مدرسه","خانه","معلم","A","book به معنی کتاب است.","ترنم همدلی","original","1405"
"دهم","عمومی","عربی","عربی","واژگان و قواعد","واژه‌شناسی","معنا","متوسط","معنای «کتاب» در عربی کدام است؟","کتاب","مدرسه","معلم","دانش‌آموز","A","«کتاب» در عربی به معنای کتاب است.","ترنم همدلی","original","1405"
"دهم","عمومی","زبان انگلیسی","زبان انگلیسی","Vocabulary","واژگان پایه","معنا","متوسط","کدام گزینه معنی «book» است؟","کتاب","مدرسه","خانه","معلم","A","book به معنی کتاب است.","ترنم همدلی","original","1405"
"دهم","عمومی","عربی","عربی","واژگان و قواعد","واژه‌شناسی","معنا","آسان","معنای «کتاب» در عربی کدام است؟","کتاب","مدرسه","معلم","دانش‌آموز","A","«کتاب» در عربی به معنای کتاب است.","ترنم همدلی","original","1405"
"دهم","عمومی","زبان انگلیسی","زبان انگلیسی","Vocabulary","واژگان پایه","معنا","آسان","کدام گزینه معنی «book» است؟","کتاب","مدرسه","خانه","معلم","A","book به معنی کتاب است.","ترنم همدلی","original","1405"
"دهم","عمومی","عربی","عربی","واژگان و قواعد","واژه‌شناسی","معنا","متوسط","معنای «کتاب» در عربی کدام است؟","کتاب","مدرسه","معلم","دانش‌آموز","A","«کتاب» در عربی به معنای کتاب است.","ترنم همدلی","original","1405"
"دهم","عمومی","زبان انگلیسی","زبان انگلیسی","Vocabulary","واژگان پایه","معنا","متوسط","کدام گزینه معنی «book» است؟","کتاب","مدرسه","خانه","معلم","A","book به معنی کتاب است.","ترنم همدلی","original","1405"
"دهم","عمومی","عربی","عربی","واژگان و قواعد","واژه‌شناسی","معنا","متوسط","معنای «کتاب» در عربی کدام است؟","کتاب","مدرسه","معلم","دانش‌آموز","A","«کتاب» در عربی به معنای کتاب است.","ترنم همدلی","original","1405"
"دهم","عمومی","زبان انگلیسی","زبان انگلیسی","Vocabulary","واژگان پایه","معنا","متوسط","کدام گزینه معنی «book» است؟","کتاب","مدرسه","خانه","معلم","A","book به معنی کتاب است.","ترنم همدلی","original","1405"
"دهم","عمومی","عربی","عربی","واژگان و قواعد","واژه‌شناسی","معنا","آسان","معنای «کتاب» در عربی کدام است؟","کتاب","مدرسه","معلم","دانش‌آموز","A","«کتاب» در عربی به معنای کتاب است.","ترنم همدلی","original","1405"
"دهم","عمومی","زبان انگلیسی","زبان انگلیسی","Vocabulary","واژگان پایه","معنا","آسان","کدام گزینه معنی «book» است؟","کتاب","مدرسه","خانه","معلم","A","book به معنی کتاب است.","ترنم همدلی","original","1405"
"دهم","عمومی","عربی","عربی","واژگان و قواعد","واژه‌شناسی","معنا","متوسط","معنای «کتاب» در عربی کدام است؟","کتاب","مدرسه","معلم","دانش‌آموز","A","«کتاب» در عربی به معنای کتاب است.","ترنم همدلی","original","1405"
"دهم","عمومی","زبان انگلیسی","زبان انگلیسی","Vocabulary","واژگان پایه","معنا","متوسط","کدام گزینه معنی «book» است؟","کتاب","مدرسه","خانه","معلم","A","book به معنی کتاب است.","ترنم همدلی","original","1405"
"دهم","عمومی","عربی","عربی","واژگان و قواعد","واژه‌شناسی","معنا","متوسط","معنای «کتاب» در عربی کدام است؟","کتاب","مدرسه","معلم","دانش‌آموز","A","«کتاب» در عربی به معنای کتاب است.","ترنم همدلی","original","1405"
"دهم","عمومی","زبان انگلیسی","زبان انگلیسی","Vocabulary","واژگان پایه","معنا","متوسط","کدام گزینه معنی «book» است؟","کتاب","مدرسه","خانه","معلم","A","book به معنی کتاب است.","ترنم همدلی","original","1405"
"دهم","عمومی","عربی","عربی","واژگان و قواعد","واژه‌شناسی","معنا","آسان","معنای «کتاب» در عربی کدام است؟","کتاب","مدرسه","معلم","دانش‌آموز","A","«کتاب» در عربی به معنای کتاب است.","ترنم همدلی","original","1405"
"دهم","عمومی","زبان انگلیسی","زبان انگلیسی","Vocabulary","واژگان پایه","معنا","آسان","کدام گزینه معنی «book» است؟","کتاب","مدرسه","خانه","معلم","A","book به معنی کتاب است.","ترنم همدلی","original","1405"
"دهم","عمومی","عربی","عربی","واژگان و قواعد","واژه‌شناسی","معنا","متوسط","معنای «کتاب» در عربی کدام است؟","کتاب","مدرسه","معلم","دانش‌آموز","A","«کتاب» در عربی به معنای کتاب است.","ترنم همدلی","original","1405"
"دهم","عمومی","زبان انگلیسی","زبان انگلیسی","Vocabulary","واژگان پایه","معنا","متوسط","کدام گزینه معنی «book» است؟","کتاب","مدرسه","خانه","معلم","A","book به معنی کتاب است.","ترنم همدلی","original","1405"
"دهم","عمومی","عربی","عربی","واژگان و قواعد","واژه‌شناسی","معنا","متوسط","معنای «کتاب» در عربی کدام است؟","کتاب","مدرسه","معلم","دانش‌آموز","A","«کتاب» در عربی به معنای کتاب است.","ترنم همدلی","original","1405"
"دهم","عمومی","زبان انگلیسی","زبان انگلیسی","Vocabulary","واژگان پایه","معنا","متوسط","کدام گزینه معنی «book» است؟","کتاب","مدرسه","خانه","معلم","A","book به معنی کتاب است.","ترنم همدلی","original","1405"
"دهم","عمومی","عربی","عربی","واژگان و قواعد","واژه‌شناسی","معنا","آسان","معنای «کتاب» در عربی کدام است؟","کتاب","مدرسه","معلم","دانش‌آموز","A","«کتاب» در عربی به معنای کتاب است.","ترنم همدلی","original","1405"
"دهم","عمومی","زبان انگلیسی","زبان انگلیسی","Vocabulary","واژگان پایه","معنا","آسان","کدام گزینه معنی «book» است؟","کتاب","مدرسه","خانه","معلم","A","book به معنی کتاب است.","ترنم همدلی","original","1405"
"دهم","عمومی","عربی","عربی","واژگان و قواعد","واژه‌شناسی","معنا","متوسط","معنای «کتاب» در عربی کدام است؟","کتاب","مدرسه","معلم","دانش‌آموز","A","«کتاب» در عربی به معنای کتاب است.","ترنم همدلی","original","1405"
"دهم","عمومی","زبان انگلیسی","زبان انگلیسی","Vocabulary","واژگان پایه","معنا","متوسط","کدام گزینه معنی «book» است؟","کتاب","مدرسه","خانه","معلم","A","book به معنی کتاب است.","ترنم همدلی","original","1405"
"دهم","عمومی","عربی","عربی","واژگان و قواعد","واژه‌شناسی","معنا","متوسط","معنای «کتاب» در عربی کدام است؟","کتاب","مدرسه","معلم","دانش‌آموز","A","«کتاب» در عربی به معنای کتاب است.","ترنم همدلی","original","1405"
"دهم","عمومی","زبان انگلیسی","زبان انگلیسی","Vocabulary","واژگان پایه","معنا","متوسط","کدام گزینه معنی «book» است؟","کتاب","مدرسه","خانه","معلم","A","book به معنی کتاب است.","ترنم همدلی","original","1405"
"دهم","عمومی","عربی","عربی","واژگان و قواعد","واژه‌شناسی","معنا","آسان","معنای «کتاب» در عربی کدام است؟","کتاب","مدرسه","معلم","دانش‌آموز","A","«کتاب» در عربی به معنای کتاب است.","ترنم همدلی","original","1405"
"دهم","عمومی","زبان انگلیسی","زبان انگلیسی","Vocabulary","واژگان پایه","معنا","آسان","کدام گزینه معنی «book» است؟","کتاب","مدرسه","خانه","معلم","A","book به معنی کتاب است.","ترنم همدلی","original","1405"
"دهم","عمومی","عربی","عربی","واژگان و قواعد","واژه‌شناسی","معنا","متوسط","معنای «کتاب» در عربی کدام است؟","کتاب","مدرسه","معلم","دانش‌آموز","A","«کتاب» در عربی به معنای کتاب است.","ترنم همدلی","original","1405"
"دهم","عمومی","زبان انگلیسی","زبان انگلیسی","Vocabulary","واژگان پایه","معنا","متوسط","کدام گزینه معنی «book» است؟","کتاب","مدرسه","خانه","معلم","A","book به معنی کتاب است.","ترنم همدلی","original","1405"
"دهم","عمومی","عربی","عربی","واژگان و قواعد","واژه‌شناسی","معنا","متوسط","معنای «کتاب» در عربی کدام است؟","کتاب","مدرسه","معلم","دانش‌آموز","A","«کتاب» در عربی به معنای کتاب است.","ترنم همدلی","original","1405"
"دهم","عمومی","زبان انگلیسی","زبان انگلیسی","Vocabulary","واژگان پایه","معنا","متوسط","کدام گزینه معنی «book» است؟","کتاب","مدرسه","خانه","معلم","A","book به معنی کتاب است.","ترنم همدلی","original","1405"
"دهم","عمومی","عربی","عربی","واژگان و قواعد","واژه‌شناسی","معنا","آسان","معنای «کتاب» در عربی کدام است؟","کتاب","مدرسه","معلم","دانش‌آموز","A","«کتاب» در عربی به معنای کتاب است.","ترنم همدلی","original","1405"
"دهم","عمومی","زبان انگلیسی","زبان انگلیسی","Vocabulary","واژگان پایه","معنا","آسان","کدام گزینه معنی «book» است؟","کتاب","مدرسه","خانه","معلم","A","book به معنی کتاب است.","ترنم همدلی","original","1405"
"دهم","عمومی","عربی","عربی","واژگان و قواعد","واژه‌شناسی","معنا","متوسط","معنای «کتاب» در عربی کدام است؟","کتاب","مدرسه","معلم","دانش‌آموز","A","«کتاب» در عربی به معنای کتاب است.","ترنم همدلی","original","1405"
"دهم","عمومی","زبان انگلیسی","زبان انگلیسی","Vocabulary","واژگان پایه","معنا","متوسط","کدام گزینه معنی «book» است؟","کتاب","مدرسه","خانه","معلم","A","book به معنی کتاب است.","ترنم همدلی","original","1405"
"دهم","عمومی","عربی","عربی","واژگان و قواعد","واژه‌شناسی","معنا","متوسط","معنای «کتاب» در عربی کدام است؟","کتاب","مدرسه","معلم","دانش‌آموز","A","«کتاب» در عربی به معنای کتاب است.","ترنم همدلی","original","1405"
"دهم","عمومی","زبان انگلیسی","زبان انگلیسی","Vocabulary","واژگان پایه","معنا","متوسط","کدام گزینه معنی «book» است؟","کتاب","مدرسه","خانه","معلم","A","book به معنی کتاب است.","ترنم همدلی","original","1405"
"دهم","عمومی","عربی","عربی","واژگان و قواعد","واژه‌شناسی","معنا","آسان","معنای «کتاب» در عربی کدام است؟","کتاب","مدرسه","معلم","دانش‌آموز","A","«کتاب» در عربی به معنای کتاب است.","ترنم همدلی","original","1405"
"دهم","عمومی","زبان انگلیسی","زبان انگلیسی","Vocabulary","واژگان پایه","معنا","آسان","کدام گزینه معنی «book» است؟","کتاب","مدرسه","خانه","معلم","A","book به معنی کتاب است.","ترنم همدلی","original","1405"
"دهم","عمومی","عربی","عربی","واژگان و قواعد","واژه‌شناسی","معنا","متوسط","معنای «کتاب» در عربی کدام است؟","کتاب","مدرسه","معلم","دانش‌آموز","A","«کتاب» در عربی به معنای کتاب است.","ترنم همدلی","original","1405"
"دهم","عمومی","زبان انگلیسی","زبان انگلیسی","Vocabulary","واژگان پایه","معنا","متوسط","کدام گزینه معنی «book» است؟","کتاب","مدرسه","خانه","معلم","A","book به معنی کتاب است.","ترنم همدلی","original","1405"
"دهم","عمومی","عربی","عربی","واژگان و قواعد","واژه‌شناسی","معنا","متوسط","معنای «کتاب» در عربی کدام است؟","کتاب","مدرسه","معلم","دانش‌آموز","A","«کتاب» در عربی به معنای کتاب است.","ترنم همدلی","original","1405"
"دهم","عمومی","زبان انگلیسی","زبان انگلیسی","Vocabulary","واژگان پایه","معنا","متوسط","کدام گزینه معنی «book» است؟","کتاب","مدرسه","خانه","معلم","A","book به معنی کتاب است.","ترنم همدلی","original","1405"
"دهم","عمومی","عربی","عربی","واژگان و قواعد","واژه‌شناسی","معنا","آسان","معنای «کتاب» در عربی کدام است؟","کتاب","مدرسه","معلم","دانش‌آموز","A","«کتاب» در عربی به معنای کتاب است.","ترنم همدلی","original","1405"
"دهم","عمومی","زبان انگلیسی","زبان انگلیسی","Vocabulary","واژگان پایه","معنا","آسان","کدام گزینه معنی «book» است؟","کتاب","مدرسه","خانه","معلم","A","book به معنی کتاب است.","ترنم همدلی","original","1405"
"دهم","عمومی","عربی","عربی","واژگان و قواعد","واژه‌شناسی","معنا","متوسط","معنای «کتاب» در عربی کدام است؟","کتاب","مدرسه","معلم","دانش‌آموز","A","«کتاب» در عربی به معنای کتاب است.","ترنم همدلی","original","1405"
"دهم","عمومی","زبان انگلیسی","زبان انگلیسی","Vocabulary","واژگان پایه","معنا","متوسط","کدام گزینه معنی «book» است؟","کتاب","مدرسه","خانه","معلم","A","book به معنی کتاب است.","ترنم همدلی","original","1405"
"دهم","عمومی","عربی","عربی","واژگان و قواعد","واژه‌شناسی","معنا","متوسط","معنای «کتاب» در عربی کدام است؟","کتاب","مدرسه","معلم","دانش‌آموز","A","«کتاب» در عربی به معنای کتاب است.","ترنم همدلی","original","1405"
"دهم","عمومی","زبان انگلیسی","زبان انگلیسی","Vocabulary","واژگان پایه","معنا","متوسط","کدام گزینه معنی «book» است؟","کتاب","مدرسه","خانه","معلم","A","book به معنی کتاب است.","ترنم همدلی","original","1405"
"دهم","عمومی","عربی","عربی","واژگان و قواعد","واژه‌شناسی","معنا","آسان","معنای «کتاب» در عربی کدام است؟","کتاب","مدرسه","معلم","دانش‌آموز","A","«کتاب» در عربی به معنای کتاب است.","ترنم همدلی","original","1405"
"دهم","عمومی","زبان انگلیسی","زبان انگلیسی","Vocabulary","واژگان پایه","معنا","آسان","کدام گزینه معنی «book» است؟","کتاب","مدرسه","خانه","معلم","A","book به معنی کتاب است.","ترنم همدلی","original","1405"
"دهم","عمومی","عربی","عربی","واژگان و قواعد","واژه‌شناسی","معنا","متوسط","معنای «کتاب» در عربی کدام است؟","کتاب","مدرسه","معلم","دانش‌آموز","A","«کتاب» در عربی به معنای کتاب است.","ترنم همدلی","original","1405"
"دهم","عمومی","زبان انگلیسی","زبان انگلیسی","Vocabulary","واژگان پایه","معنا","متوسط","کدام گزینه معنی «book» است؟","کتاب","مدرسه","خانه","معلم","A","book به معنی کتاب است.","ترنم همدلی","original","1405"
"دهم","عمومی","عربی","عربی","واژگان و قواعد","واژه‌شناسی","معنا","متوسط","معنای «کتاب» در عربی کدام است؟","کتاب","مدرسه","معلم","دانش‌آموز","A","«کتاب» در عربی به معنای کتاب است.","ترنم همدلی","original","1405"
"دهم","عمومی","زبان انگلیسی","زبان انگلیسی","Vocabulary","واژگان پایه","معنا","متوسط","کدام گزینه معنی «book» است؟","کتاب","مدرسه","خانه","معلم","A","book به معنی کتاب است.","ترنم همدلی","original","1405"
"دهم","عمومی","عربی","عربی","واژگان و قواعد","واژه‌شناسی","معنا","آسان","معنای «کتاب» در عربی کدام است؟","کتاب","مدرسه","معلم","دانش‌آموز","A","«کتاب» در عربی به معنای کتاب است.","ترنم همدلی","original","1405"
"دهم","عمومی","زبان انگلیسی","زبان انگلیسی","Vocabulary","واژگان پایه","معنا","آسان","کدام گزینه معنی «book» است؟","کتاب","مدرسه","خانه","معلم","A","book به معنی کتاب است.","ترنم همدلی","original","1405"
"دهم","عمومی","عربی","عربی","واژگان و قواعد","واژه‌شناسی","معنا","متوسط","معنای «کتاب» در عربی کدام است؟","کتاب","مدرسه","معلم","دانش‌آموز","A","«کتاب» در عربی به معنای کتاب است.","ترنم همدلی","original","1405"
"دهم","عمومی","زبان انگلیسی","زبان انگلیسی","Vocabulary","واژگان پایه","معنا","متوسط","کدام گزینه معنی «book» است؟","کتاب","مدرسه","خانه","معلم","A","book به معنی کتاب است.","ترنم همدلی","original","1405"
"دهم","عمومی","عربی","عربی","واژگان و قواعد","واژه‌شناسی","معنا","متوسط","معنای «کتاب» در عربی کدام است؟","کتاب","مدرسه","معلم","دانش‌آموز","A","«کتاب» در عربی به معنای کتاب است.","ترنم همدلی","original","1405"
"دهم","عمومی","زبان انگلیسی","زبان انگلیسی","Vocabulary","واژگان پایه","معنا","متوسط","کدام گزینه معنی «book» است؟","کتاب","مدرسه","خانه","معلم","A","book به معنی کتاب است.","ترنم همدلی","original","1405"
"دهم","عمومی","عربی","عربی","واژگان و قواعد","واژه‌شناسی","معنا","آسان","معنای «کتاب» در عربی کدام است؟","کتاب","مدرسه","معلم","دانش‌آموز","A","«کتاب» در عربی به معنای کتاب است.","ترنم همدلی","original","1405"
"دهم","عمومی","زبان انگلیسی","زبان انگلیسی","Vocabulary","واژگان پایه","معنا","آسان","کدام گزینه معنی «book» است؟","کتاب","مدرسه","خانه","معلم","A","book به معنی کتاب است.","ترنم همدلی","original","1405"
"دهم","عمومی","عربی","عربی","واژگان و قواعد","واژه‌شناسی","معنا","متوسط","معنای «کتاب» در عربی کدام است؟","کتاب","مدرسه","معلم","دانش‌آموز","A","«کتاب» در عربی به معنای کتاب است.","ترنم همدلی","original","1405"
"دهم","عمومی","زبان انگلیسی","زبان انگلیسی","Vocabulary","واژگان پایه","معنا","متوسط","کدام گزینه معنی «book» است؟","کتاب","مدرسه","خانه","معلم","A","book به معنی کتاب است.","ترنم همدلی","original","1405"
"دهم","عمومی","عربی","عربی","واژگان و قواعد","واژه‌شناسی","معنا","متوسط","معنای «کتاب» در عربی کدام است؟","کتاب","مدرسه","معلم","دانش‌آموز","A","«کتاب» در عربی به معنای کتاب است.","ترنم همدلی","original","1405"
"دهم","عمومی","زبان انگلیسی","زبان انگلیسی","Vocabulary","واژگان پایه","معنا","متوسط","کدام گزینه معنی «book» است؟","کتاب","مدرسه","خانه","معلم","A","book به معنی کتاب است.","ترنم همدلی","original","1405"
"دهم","عمومی","عربی","عربی","واژگان و قواعد","واژه‌شناسی","معنا","آسان","معنای «کتاب» در عربی کدام است؟","کتاب","مدرسه","معلم","دانش‌آموز","A","«کتاب» در عربی به معنای کتاب است.","ترنم همدلی","original","1405"
"دهم","عمومی","زبان انگلیسی","زبان انگلیسی","Vocabulary","واژگان پایه","معنا","آسان","کدام گزینه معنی «book» است؟","کتاب","مدرسه","خانه","معلم","A","book به معنی کتاب است.","ترنم همدلی","original","1405"
"دهم","عمومی","عربی","عربی","واژگان و قواعد","واژه‌شناسی","معنا","متوسط","معنای «کتاب» در عربی کدام است؟","کتاب","مدرسه","معلم","دانش‌آموز","A","«کتاب» در عربی به معنای کتاب است.","ترنم همدلی","original","1405"
"دهم","عمومی","زبان انگلیسی","زبان انگلیسی","Vocabulary","واژگان پایه","معنا","متوسط","کدام گزینه معنی «book» است؟","کتاب","مدرسه","خانه","معلم","A","book به معنی کتاب است.","ترنم همدلی","original","1405"
"دهم","عمومی","عربی","عربی","واژگان و قواعد","واژه‌شناسی","معنا","متوسط","معنای «کتاب» در عربی کدام است؟","کتاب","مدرسه","معلم","دانش‌آموز","A","«کتاب» در عربی به معنای کتاب است.","ترنم همدلی","original","1405"
"دهم","عمومی","زبان انگلیسی","زبان انگلیسی","Vocabulary","واژگان پایه","معنا","متوسط","کدام گزینه معنی «book» است؟","کتاب","مدرسه","خانه","معلم","A","book به معنی کتاب است.","ترنم همدلی","original","1405"
"دهم","عمومی","عربی","عربی","واژگان و قواعد","واژه‌شناسی","معنا","آسان","معنای «کتاب» در عربی کدام است؟","کتاب","مدرسه","معلم","دانش‌آموز","A","«کتاب» در عربی به معنای کتاب است.","ترنم همدلی","original","1405"
"دهم","عمومی","زبان انگلیسی","زبان انگلیسی","Vocabulary","واژگان پایه","معنا","آسان","کدام گزینه معنی «book» است؟","کتاب","مدرسه","خانه","معلم","A","book به معنی کتاب است.","ترنم همدلی","original","1405"
"دهم","عمومی","عربی","عربی","واژگان و قواعد","واژه‌شناسی","معنا","متوسط","معنای «کتاب» در عربی کدام است؟","کتاب","مدرسه","معلم","دانش‌آموز","A","«کتاب» در عربی به معنای کتاب است.","ترنم همدلی","original","1405"
"دهم","عمومی","زبان انگلیسی","زبان انگلیسی","Vocabulary","واژگان پایه","معنا","متوسط","کدام گزینه معنی «book» است؟","کتاب","مدرسه","خانه","معلم","A","book به معنی کتاب است.","ترنم همدلی","original","1405"
"دهم","عمومی","عربی","عربی","واژگان و قواعد","واژه‌شناسی","معنا","متوسط","معنای «کتاب» در عربی کدام است؟","کتاب","مدرسه","معلم","دانش‌آموز","A","«کتاب» در عربی به معنای کتاب است.","ترنم همدلی","original","1405"
"دهم","عمومی","زبان انگلیسی","زبان انگلیسی","Vocabulary","واژگان پایه","معنا","متوسط","کدام گزینه معنی «book» است؟","کتاب","مدرسه","خانه","معلم","A","book به معنی کتاب است.","ترنم همدلی","original","1405"
"دهم","عمومی","عربی","عربی","واژگان و قواعد","واژه‌شناسی","معنا","آسان","معنای «کتاب» در عربی کدام است؟","کتاب","مدرسه","معلم","دانش‌آموز","A","«کتاب» در عربی به معنای کتاب است.","ترنم همدلی","original","1405"
"دهم","عمومی","زبان انگلیسی","زبان انگلیسی","Vocabulary","واژگان پایه","معنا","آسان","کدام گزینه معنی «book» است؟","کتاب","مدرسه","خانه","معلم","A","book به معنی کتاب است.","ترنم همدلی","original","1405"
"دهم","عمومی","عربی","عربی","واژگان و قواعد","واژه‌شناسی","معنا","متوسط","معنای «کتاب» در عربی کدام است؟","کتاب","مدرسه","معلم","دانش‌آموز","A","«کتاب» در عربی به معنای کتاب است.","ترنم همدلی","original","1405"
"دهم","عمومی","زبان انگلیسی","زبان انگلیسی","Vocabulary","واژگان پایه","معنا","متوسط","کدام گزینه معنی «book» است؟","کتاب","مدرسه","خانه","معلم","A","book به معنی کتاب است.","ترنم همدلی","original","1405"
"دهم","عمومی","عربی","عربی","واژگان و قواعد","واژه‌شناسی","معنا","متوسط","معنای «کتاب» در عربی کدام است؟","کتاب","مدرسه","معلم","دانش‌آموز","A","«کتاب» در عربی به معنای کتاب است.","ترنم همدلی","original","1405"
"دهم","عمومی","زبان انگلیسی","زبان انگلیسی","Vocabulary","واژگان پایه","معنا","متوسط","کدام گزینه معنی «book» است؟","کتاب","مدرسه","خانه","معلم","A","book به معنی کتاب است.","ترنم همدلی","original","1405"
"دهم","عمومی","عربی","عربی","واژگان و قواعد","واژه‌شناسی","معنا","آسان","معنای «کتاب» در عربی کدام است؟","کتاب","مدرسه","معلم","دانش‌آموز","A","«کتاب» در عربی به معنای کتاب است.","ترنم همدلی","original","1405"
"دهم","عمومی","زبان انگلیسی","زبان انگلیسی","Vocabulary","واژگان پایه","معنا","آسان","کدام گزینه معنی «book» است؟","کتاب","مدرسه","خانه","معلم","A","book به معنی کتاب است.","ترنم همدلی","original","1405"
"دهم","عمومی","عربی","عربی","واژگان و قواعد","واژه‌شناسی","معنا","متوسط","معنای «کتاب» در عربی کدام است؟","کتاب","مدرسه","معلم","دانش‌آموز","A","«کتاب» در عربی به معنای کتاب است.","ترنم همدلی","original","1405"
"دهم","عمومی","زبان انگلیسی","زبان انگلیسی","Vocabulary","واژگان پایه","معنا","متوسط","کدام گزینه معنی «book» است؟","کتاب","مدرسه","خانه","معلم","A","book به معنی کتاب است.","ترنم همدلی","original","1405"
"دهم","عمومی","عربی","عربی","واژگان و قواعد","واژه‌شناسی","معنا","متوسط","معنای «کتاب» در عربی کدام است؟","کتاب","مدرسه","معلم","دانش‌آموز","A","«کتاب» در عربی به معنای کتاب است.","ترنم همدلی","original","1405"
"دهم","عمومی","زبان انگلیسی","زبان انگلیسی","Vocabulary","واژگان پایه","معنا","متوسط","کدام گزینه معنی «book» است؟","کتاب","مدرسه","خانه","معلم","A","book به معنی کتاب است.","ترنم همدلی","original","1405"
"دهم","عمومی","عربی","عربی","واژگان و قواعد","واژه‌شناسی","معنا","آسان","معنای «کتاب» در عربی کدام است؟","کتاب","مدرسه","معلم","دانش‌آموز","A","«کتاب» در عربی به معنای کتاب است.","ترنم همدلی","original","1405"
"دهم","عمومی","زبان انگلیسی","زبان انگلیسی","Vocabulary","واژگان پایه","معنا","آسان","کدام گزینه معنی «book» است؟","کتاب","مدرسه","خانه","معلم","A","book به معنی کتاب است.","ترنم همدلی","original","1405"
"دهم","عمومی","عربی","عربی","واژگان و قواعد","واژه‌شناسی","معنا","متوسط","معنای «کتاب» در عربی کدام است؟","کتاب","مدرسه","معلم","دانش‌آموز","A","«کتاب» در عربی به معنای کتاب است.","ترنم همدلی","original","1405"
"دهم","عمومی","زبان انگلیسی","زبان انگلیسی","Vocabulary","واژگان پایه","معنا","متوسط","کدام گزینه معنی «book» است؟","کتاب","مدرسه","خانه","معلم","A","book به معنی کتاب است.","ترنم همدلی","original","1405"
"دهم","عمومی","عربی","عربی","واژگان و قواعد","واژه‌شناسی","معنا","متوسط","معنای «کتاب» در عربی کدام است؟","کتاب","مدرسه","معلم","دانش‌آموز","A","«کتاب» در عربی به معنای کتاب است.","ترنم همدلی","original","1405"
"دهم","عمومی","زبان انگلیسی","زبان انگلیسی","Vocabulary","واژگان پایه","معنا","متوسط","کدام گزینه معنی «book» است؟","کتاب","مدرسه","خانه","معلم","A","book به معنی کتاب است.","ترنم همدلی","original","1405"
"دهم","عمومی","عربی","عربی","واژگان و قواعد","واژه‌شناسی","معنا","آسان","معنای «کتاب» در عربی کدام است؟","کتاب","مدرسه","معلم","دانش‌آموز","A","«کتاب» در عربی به معنای کتاب است.","ترنم همدلی","original","1405"
"دهم","عمومی","زبان انگلیسی","زبان انگلیسی","Vocabulary","واژگان پایه","معنا","آسان","کدام گزینه معنی «book» است؟","کتاب","مدرسه","خانه","معلم","A","book به معنی کتاب است.","ترنم همدلی","original","1405"
"دهم","عمومی","عربی","عربی","واژگان و قواعد","واژه‌شناسی","معنا","متوسط","معنای «کتاب» در عربی کدام است؟","کتاب","مدرسه","معلم","دانش‌آموز","A","«کتاب» در عربی به معنای کتاب است.","ترنم همدلی","original","1405"
"دهم","عمومی","زبان انگلیسی","زبان انگلیسی","Vocabulary","واژگان پایه","معنا","متوسط","کدام گزینه معنی «book» است؟","کتاب","مدرسه","خانه","معلم","A","book به معنی کتاب است.","ترنم همدلی","original","1405"
"دهم","عمومی","عربی","عربی","واژگان و قواعد","واژه‌شناسی","معنا","متوسط","معنای «کتاب» در عربی کدام است؟","کتاب","مدرسه","معلم","دانش‌آموز","A","«کتاب» در عربی به معنای کتاب است.","ترنم همدلی","original","1405"
"دهم","عمومی","زبان انگلیسی","زبان انگلیسی","Vocabulary","واژگان پایه","معنا","متوسط","کدام گزینه معنی «book» است؟","کتاب","مدرسه","خانه","معلم","A","book به معنی کتاب است.","ترنم همدلی","original","1405"
"دهم","عمومی","عربی","عربی","واژگان و قواعد","واژه‌شناسی","معنا","آسان","معنای «کتاب» در عربی کدام است؟","کتاب","مدرسه","معلم","دانش‌آموز","A","«کتاب» در عربی به معنای کتاب است.","ترنم همدلی","original","1405"
"دهم","عمومی","زبان انگلیسی","زبان انگلیسی","Vocabulary","واژگان پایه","معنا","آسان","کدام گزینه معنی «book» است؟","کتاب","مدرسه","خانه","معلم","A","book به معنی کتاب است.","ترنم همدلی","original","1405"
"دهم","عمومی","عربی","عربی","واژگان و قواعد","واژه‌شناسی","معنا","متوسط","معنای «کتاب» در عربی کدام است؟","کتاب","مدرسه","معلم","دانش‌آموز","A","«کتاب» در عربی به معنای کتاب است.","ترنم همدلی","original","1405"
"دهم","عمومی","زبان انگلیسی","زبان انگلیسی","Vocabulary","واژگان پایه","معنا","متوسط","کدام گزینه معنی «book» است؟","کتاب","مدرسه","خانه","معلم","A","book به معنی کتاب است.","ترنم همدلی","original","1405"
"دهم","عمومی","عربی","عربی","واژگان و قواعد","واژه‌شناسی","معنا","متوسط","معنای «کتاب» در عربی کدام است؟","کتاب","مدرسه","معلم","دانش‌آموز","A","«کتاب» در عربی به معنای کتاب است.","ترنم همدلی","original","1405"
"دهم","عمومی","زبان انگلیسی","زبان انگلیسی","Vocabulary","واژگان پایه","معنا","متوسط","کدام گزینه معنی «book» است؟","کتاب","مدرسه","خانه","معلم","A","book به معنی کتاب است.","ترنم همدلی","original","1405"
"دهم","عمومی","عربی","عربی","واژگان و قواعد","واژه‌شناسی","معنا","آسان","معنای «کتاب» در عربی کدام است؟","کتاب","مدرسه","معلم","دانش‌آموز","A","«کتاب» در عربی به معنای کتاب است.","ترنم همدلی","original","1405"
"دهم","عمومی","زبان انگلیسی","زبان انگلیسی","Vocabulary","واژگان پایه","معنا","آسان","کدام گزینه معنی «book» است؟","کتاب","مدرسه","خانه","معلم","A","book به معنی کتاب است.","ترنم همدلی","original","1405"
"دهم","عمومی","عربی","عربی","واژگان و قواعد","واژه‌شناسی","معنا","متوسط","معنای «کتاب» در عربی کدام است؟","کتاب","مدرسه","معلم","دانش‌آموز","A","«کتاب» در عربی به معنای کتاب است.","ترنم همدلی","original","1405"
"دهم","عمومی","زبان انگلیسی","زبان انگلیسی","Vocabulary","واژگان پایه","معنا","متوسط","کدام گزینه معنی «book» است؟","کتاب","مدرسه","خانه","معلم","A","book به معنی کتاب است.","ترنم همدلی","original","1405"
"دهم","عمومی","عربی","عربی","واژگان و قواعد","واژه‌شناسی","معنا","متوسط","معنای «کتاب» در عربی کدام است؟","کتاب","مدرسه","معلم","دانش‌آموز","A","«کتاب» در عربی به معنای کتاب است.","ترنم همدلی","original","1405"
"دهم","عمومی","زبان انگلیسی","زبان انگلیسی","Vocabulary","واژگان پایه","معنا","متوسط","کدام گزینه معنی «book» است؟","کتاب","مدرسه","خانه","معلم","A","book به معنی کتاب است.","ترنم همدلی","original","1405"
"دهم","عمومی","عربی","عربی","واژگان و قواعد","واژه‌شناسی","معنا","آسان","معنای «کتاب» در عربی کدام است؟","کتاب","مدرسه","معلم","دانش‌آموز","A","«کتاب» در عربی به معنای کتاب است.","ترنم همدلی","original","1405"
"دهم","عمومی","زبان انگلیسی","زبان انگلیسی","Vocabulary","واژگان پایه","معنا","آسان","کدام گزینه معنی «book» است؟","کتاب","مدرسه","خانه","معلم","A","book به معنی کتاب است.","ترنم همدلی","original","1405"
"دهم","عمومی","عربی","عربی","واژگان و قواعد","واژه‌شناسی","معنا","متوسط","معنای «کتاب» در عربی کدام است؟","کتاب","مدرسه","معلم","دانش‌آموز","A","«کتاب» در عربی به معنای کتاب است.","ترنم همدلی","original","1405"
"دهم","عمومی","زبان انگلیسی","زبان انگلیسی","Vocabulary","واژگان پایه","معنا","متوسط","کدام گزینه معنی «book» است؟","کتاب","مدرسه","خانه","معلم","A","book به معنی کتاب است.","ترنم همدلی","original","1405"
"دهم","عمومی","عربی","عربی","واژگان و قواعد","واژه‌شناسی","معنا","متوسط","معنای «کتاب» در عربی کدام است؟","کتاب","مدرسه","معلم","دانش‌آموز","A","«کتاب» در عربی به معنای کتاب است.","ترنم همدلی","original","1405"
"دهم","عمومی","زبان انگلیسی","زبان انگلیسی","Vocabulary","واژگان پایه","معنا","متوسط","کدام گزینه معنی «book» است؟","کتاب","مدرسه","خانه","معلم","A","book به معنی کتاب است.","ترنم همدلی","original","1405"
"دهم","عمومی","عربی","عربی","واژگان و قواعد","واژه‌شناسی","معنا","آسان","معنای «کتاب» در عربی کدام است؟","کتاب","مدرسه","معلم","دانش‌آموز","A","«کتاب» در عربی به معنای کتاب است.","ترنم همدلی","original","1405"
"دهم","عمومی","زبان انگلیسی","زبان انگلیسی","Vocabulary","واژگان پایه","معنا","آسان","کدام گزینه معنی «book» است؟","کتاب","مدرسه","خانه","معلم","A","book به معنی کتاب است.","ترنم همدلی","original","1405"
"دهم","عمومی","عربی","عربی","واژگان و قواعد","واژه‌شناسی","معنا","متوسط","معنای «کتاب» در عربی کدام است؟","کتاب","مدرسه","معلم","دانش‌آموز","A","«کتاب» در عربی به معنای کتاب است.","ترنم همدلی","original","1405"
"دهم","عمومی","زبان انگلیسی","زبان انگلیسی","Vocabulary","واژگان پایه","معنا","متوسط","کدام گزینه معنی «book» است؟","کتاب","مدرسه","خانه","معلم","A","book به معنی کتاب است.","ترنم همدلی","original","1405"
"دهم","عمومی","عربی","عربی","واژگان و قواعد","واژه‌شناسی","معنا","متوسط","معنای «کتاب» در عربی کدام است؟","کتاب","مدرسه","معلم","دانش‌آموز","A","«کتاب» در عربی به معنای کتاب است.","ترنم همدلی","original","1405"
"دهم","عمومی","زبان انگلیسی","زبان انگلیسی","Vocabulary","واژگان پایه","معنا","متوسط","کدام گزینه معنی «book» است؟","کتاب","مدرسه","خانه","معلم","A","book به معنی کتاب است.","ترنم همدلی","original","1405"
"دهم","عمومی","عربی","عربی","واژگان و قواعد","واژه‌شناسی","معنا","آسان","معنای «کتاب» در عربی کدام است؟","کتاب","مدرسه","معلم","دانش‌آموز","A","«کتاب» در عربی به معنای کتاب است.","ترنم همدلی","original","1405"
"دهم","عمومی","زبان انگلیسی","زبان انگلیسی","Vocabulary","واژگان پایه","معنا","آسان","کدام گزینه معنی «book» است؟","کتاب","مدرسه","خانه","معلم","A","book به معنی کتاب است.","ترنم همدلی","original","1405"
"دهم","عمومی","عربی","عربی","واژگان و قواعد","واژه‌شناسی","معنا","متوسط","معنای «کتاب» در عربی کدام است؟","کتاب","مدرسه","معلم","دانش‌آموز","A","«کتاب» در عربی به معنای کتاب است.","ترنم همدلی","original","1405"
"دهم","عمومی","زبان انگلیسی","زبان انگلیسی","Vocabulary","واژگان پایه","معنا","متوسط","کدام گزینه معنی «book» است؟","کتاب","مدرسه","خانه","معلم","A","book به معنی کتاب است.","ترنم همدلی","original","1405"
"دهم","عمومی","عربی","عربی","واژگان و قواعد","واژه‌شناسی","معنا","متوسط","معنای «کتاب» در عربی کدام است؟","کتاب","مدرسه","معلم","دانش‌آموز","A","«کتاب» در عربی به معنای کتاب است.","ترنم همدلی","original","1405"
"دهم","عمومی","زبان انگلیسی","زبان انگلیسی","Vocabulary","واژگان پایه","معنا","متوسط","کدام گزینه معنی «book» است؟","کتاب","مدرسه","خانه","معلم","A","book به معنی کتاب است.","ترنم همدلی","original","1405"
"دهم","عمومی","عربی","عربی","واژگان و قواعد","واژه‌شناسی","معنا","آسان","معنای «کتاب» در عربی کدام است؟","کتاب","مدرسه","معلم","دانش‌آموز","A","«کتاب» در عربی به معنای کتاب است.","ترنم همدلی","original","1405"
"دهم","عمومی","زبان انگلیسی","زبان انگلیسی","Vocabulary","واژگان پایه","معنا","آسان","کدام گزینه معنی «book» است؟","کتاب","مدرسه","خانه","معلم","A","book به معنی کتاب است.","ترنم همدلی","original","1405"
"دهم","عمومی","عربی","عربی","واژگان و قواعد","واژه‌شناسی","معنا","متوسط","معنای «کتاب» در عربی کدام است؟","کتاب","مدرسه","معلم","دانش‌آموز","A","«کتاب» در عربی به معنای کتاب است.","ترنم همدلی","original","1405"
"دهم","عمومی","زبان انگلیسی","زبان انگلیسی","Vocabulary","واژگان پایه","معنا","متوسط","کدام گزینه معنی «book» است؟","کتاب","مدرسه","خانه","معلم","A","book به معنی کتاب است.","ترنم همدلی","original","1405"
"دهم","عمومی","عربی","عربی","واژگان و قواعد","واژه‌شناسی","معنا","متوسط","معنای «کتاب» در عربی کدام است؟","کتاب","مدرسه","معلم","دانش‌آموز","A","«کتاب» در عربی به معنای کتاب است.","ترنم همدلی","original","1405"
"دهم","عمومی","زبان انگلیسی","زبان انگلیسی","Vocabulary","واژگان پایه","معنا","متوسط","کدام گزینه معنی «book» است؟","کتاب","مدرسه","خانه","معلم","A","book به معنی کتاب است.","ترنم همدلی","original","1405"
"دهم","عمومی","عربی","عربی","واژگان و قواعد","واژه‌شناسی","معنا","آسان","معنای «کتاب» در عربی کدام است؟","کتاب","مدرسه","معلم","دانش‌آموز","A","«کتاب» در عربی به معنای کتاب است.","ترنم همدلی","original","1405"
"دهم","عمومی","زبان انگلیسی","زبان انگلیسی","Vocabulary","واژگان پایه","معنا","آسان","کدام گزینه معنی «book» است؟","کتاب","مدرسه","خانه","معلم","A","book به معنی کتاب است.","ترنم همدلی","original","1405"
"دهم","عمومی","عربی","عربی","واژگان و قواعد","واژه‌شناسی","معنا","متوسط","معنای «کتاب» در عربی کدام است؟","کتاب","مدرسه","معلم","دانش‌آموز","A","«کتاب» در عربی به معنای کتاب است.","ترنم همدلی","original","1405"
"دهم","عمومی","زبان انگلیسی","زبان انگلیسی","Vocabulary","واژگان پایه","معنا","متوسط","کدام گزینه معنی «book» است؟","کتاب","مدرسه","خانه","معلم","A","book به معنی کتاب است.","ترنم همدلی","original","1405"
"دهم","عمومی","عربی","عربی","واژگان و قواعد","واژه‌شناسی","معنا","متوسط","معنای «کتاب» در عربی کدام است؟","کتاب","مدرسه","معلم","دانش‌آموز","A","«کتاب» در عربی به معنای کتاب است.","ترنم همدلی","original","1405"
"دهم","عمومی","زبان انگلیسی","زبان انگلیسی","Vocabulary","واژگان پایه","معنا","متوسط","کدام گزینه معنی «book» است؟","کتاب","مدرسه","خانه","معلم","A","book به معنی کتاب است.","ترنم همدلی","original","1405"
"دهم","عمومی","عربی","عربی","واژگان و قواعد","واژه‌شناسی","معنا","آسان","معنای «کتاب» در عربی کدام است؟","کتاب","مدرسه","معلم","دانش‌آموز","A","«کتاب» در عربی به معنای کتاب است.","ترنم همدلی","original","1405"
"دهم","عمومی","زبان انگلیسی","زبان انگلیسی","Vocabulary","واژگان پایه","معنا","آسان","کدام گزینه معنی «book» است؟","کتاب","مدرسه","خانه","معلم","A","book به معنی کتاب است.","ترنم همدلی","original","1405"
"دهم","عمومی","عربی","عربی","واژگان و قواعد","واژه‌شناسی","معنا","متوسط","معنای «کتاب» در عربی کدام است؟","کتاب","مدرسه","معلم","دانش‌آموز","A","«کتاب» در عربی به معنای کتاب است.","ترنم همدلی","original","1405"
"دهم","عمومی","زبان انگلیسی","زبان انگلیسی","Vocabulary","واژگان پایه","معنا","متوسط","کدام گزینه معنی «book» است؟","کتاب","مدرسه","خانه","معلم","A","book به معنی کتاب است.","ترنم همدلی","original","1405"
"یازدهم","عمومی","عربی","عربی","واژگان و قواعد","واژه‌شناسی","معنا","آسان","معنای «کتاب» در عربی کدام است؟","کتاب","مدرسه","معلم","دانش‌آموز","A","«کتاب» در عربی به معنای کتاب است.","ترنم همدلی","original","1405"
"یازدهم","عمومی","زبان انگلیسی","زبان انگلیسی","Vocabulary","واژگان پایه","معنا","آسان","کدام گزینه معنی «book» است؟","کتاب","مدرسه","خانه","معلم","A","book به معنی کتاب است.","ترنم همدلی","original","1405"
"یازدهم","عمومی","عربی","عربی","واژگان و قواعد","واژه‌شناسی","معنا","متوسط","معنای «کتاب» در عربی کدام است؟","کتاب","مدرسه","معلم","دانش‌آموز","A","«کتاب» در عربی به معنای کتاب است.","ترنم همدلی","original","1405"
"یازدهم","عمومی","زبان انگلیسی","زبان انگلیسی","Vocabulary","واژگان پایه","معنا","متوسط","کدام گزینه معنی «book» است؟","کتاب","مدرسه","خانه","معلم","A","book به معنی کتاب است.","ترنم همدلی","original","1405"
"یازدهم","عمومی","عربی","عربی","واژگان و قواعد","واژه‌شناسی","معنا","متوسط","معنای «کتاب» در عربی کدام است؟","کتاب","مدرسه","معلم","دانش‌آموز","A","«کتاب» در عربی به معنای کتاب است.","ترنم همدلی","original","1405"
"یازدهم","عمومی","زبان انگلیسی","زبان انگلیسی","Vocabulary","واژگان پایه","معنا","متوسط","کدام گزینه معنی «book» است؟","کتاب","مدرسه","خانه","معلم","A","book به معنی کتاب است.","ترنم همدلی","original","1405"
"یازدهم","عمومی","عربی","عربی","واژگان و قواعد","واژه‌شناسی","معنا","آسان","معنای «کتاب» در عربی کدام است؟","کتاب","مدرسه","معلم","دانش‌آموز","A","«کتاب» در عربی به معنای کتاب است.","ترنم همدلی","original","1405"
"یازدهم","عمومی","زبان انگلیسی","زبان انگلیسی","Vocabulary","واژگان پایه","معنا","آسان","کدام گزینه معنی «book» است؟","کتاب","مدرسه","خانه","معلم","A","book به معنی کتاب است.","ترنم همدلی","original","1405"
"یازدهم","عمومی","عربی","عربی","واژگان و قواعد","واژه‌شناسی","معنا","متوسط","معنای «کتاب» در عربی کدام است؟","کتاب","مدرسه","معلم","دانش‌آموز","A","«کتاب» در عربی به معنای کتاب است.","ترنم همدلی","original","1405"
"یازدهم","عمومی","زبان انگلیسی","زبان انگلیسی","Vocabulary","واژگان پایه","معنا","متوسط","کدام گزینه معنی «book» است؟","کتاب","مدرسه","خانه","معلم","A","book به معنی کتاب است.","ترنم همدلی","original","1405"
"یازدهم","عمومی","عربی","عربی","واژگان و قواعد","واژه‌شناسی","معنا","متوسط","معنای «کتاب» در عربی کدام است؟","کتاب","مدرسه","معلم","دانش‌آموز","A","«کتاب» در عربی به معنای کتاب است.","ترنم همدلی","original","1405"
"یازدهم","عمومی","زبان انگلیسی","زبان انگلیسی","Vocabulary","واژگان پایه","معنا","متوسط","کدام گزینه معنی «book» است؟","کتاب","مدرسه","خانه","معلم","A","book به معنی کتاب است.","ترنم همدلی","original","1405"
"یازدهم","عمومی","عربی","عربی","واژگان و قواعد","واژه‌شناسی","معنا","آسان","معنای «کتاب» در عربی کدام است؟","کتاب","مدرسه","معلم","دانش‌آموز","A","«کتاب» در عربی به معنای کتاب است.","ترنم همدلی","original","1405"
"یازدهم","عمومی","زبان انگلیسی","زبان انگلیسی","Vocabulary","واژگان پایه","معنا","آسان","کدام گزینه معنی «book» است؟","کتاب","مدرسه","خانه","معلم","A","book به معنی کتاب است.","ترنم همدلی","original","1405"
"یازدهم","عمومی","عربی","عربی","واژگان و قواعد","واژه‌شناسی","معنا","متوسط","معنای «کتاب» در عربی کدام است؟","کتاب","مدرسه","معلم","دانش‌آموز","A","«کتاب» در عربی به معنای کتاب است.","ترنم همدلی","original","1405"
"یازدهم","عمومی","زبان انگلیسی","زبان انگلیسی","Vocabulary","واژگان پایه","معنا","متوسط","کدام گزینه معنی «book» است؟","کتاب","مدرسه","خانه","معلم","A","book به معنی کتاب است.","ترنم همدلی","original","1405"
"یازدهم","عمومی","عربی","عربی","واژگان و قواعد","واژه‌شناسی","معنا","متوسط","معنای «کتاب» در عربی کدام است؟","کتاب","مدرسه","معلم","دانش‌آموز","A","«کتاب» در عربی به معنای کتاب است.","ترنم همدلی","original","1405"
"یازدهم","عمومی","زبان انگلیسی","زبان انگلیسی","Vocabulary","واژگان پایه","معنا","متوسط","کدام گزینه معنی «book» است؟","کتاب","مدرسه","خانه","معلم","A","book به معنی کتاب است.","ترنم همدلی","original","1405"
"یازدهم","عمومی","عربی","عربی","واژگان و قواعد","واژه‌شناسی","معنا","آسان","معنای «کتاب» در عربی کدام است؟","کتاب","مدرسه","معلم","دانش‌آموز","A","«کتاب» در عربی به معنای کتاب است.","ترنم همدلی","original","1405"
"یازدهم","عمومی","زبان انگلیسی","زبان انگلیسی","Vocabulary","واژگان پایه","معنا","آسان","کدام گزینه معنی «book» است؟","کتاب","مدرسه","خانه","معلم","A","book به معنی کتاب است.","ترنم همدلی","original","1405"
"یازدهم","عمومی","عربی","عربی","واژگان و قواعد","واژه‌شناسی","معنا","متوسط","معنای «کتاب» در عربی کدام است؟","کتاب","مدرسه","معلم","دانش‌آموز","A","«کتاب» در عربی به معنای کتاب است.","ترنم همدلی","original","1405"
"یازدهم","عمومی","زبان انگلیسی","زبان انگلیسی","Vocabulary","واژگان پایه","معنا","متوسط","کدام گزینه معنی «book» است؟","کتاب","مدرسه","خانه","معلم","A","book به معنی کتاب است.","ترنم همدلی","original","1405"
"یازدهم","عمومی","عربی","عربی","واژگان و قواعد","واژه‌شناسی","معنا","متوسط","معنای «کتاب» در عربی کدام است؟","کتاب","مدرسه","معلم","دانش‌آموز","A","«کتاب» در عربی به معنای کتاب است.","ترنم همدلی","original","1405"
"یازدهم","عمومی","زبان انگلیسی","زبان انگلیسی","Vocabulary","واژگان پایه","معنا","متوسط","کدام گزینه معنی «book» است؟","کتاب","مدرسه","خانه","معلم","A","book به معنی کتاب است.","ترنم همدلی","original","1405"
"یازدهم","عمومی","عربی","عربی","واژگان و قواعد","واژه‌شناسی","معنا","آسان","معنای «کتاب» در عربی کدام است؟","کتاب","مدرسه","معلم","دانش‌آموز","A","«کتاب» در عربی به معنای کتاب است.","ترنم همدلی","original","1405"
"یازدهم","عمومی","زبان انگلیسی","زبان انگلیسی","Vocabulary","واژگان پایه","معنا","آسان","کدام گزینه معنی «book» است؟","کتاب","مدرسه","خانه","معلم","A","book به معنی کتاب است.","ترنم همدلی","original","1405"
"یازدهم","عمومی","عربی","عربی","واژگان و قواعد","واژه‌شناسی","معنا","متوسط","معنای «کتاب» در عربی کدام است؟","کتاب","مدرسه","معلم","دانش‌آموز","A","«کتاب» در عربی به معنای کتاب است.","ترنم همدلی","original","1405"
"یازدهم","عمومی","زبان انگلیسی","زبان انگلیسی","Vocabulary","واژگان پایه","معنا","متوسط","کدام گزینه معنی «book» است؟","کتاب","مدرسه","خانه","معلم","A","book به معنی کتاب است.","ترنم همدلی","original","1405"
"یازدهم","عمومی","عربی","عربی","واژگان و قواعد","واژه‌شناسی","معنا","متوسط","معنای «کتاب» در عربی کدام است؟","کتاب","مدرسه","معلم","دانش‌آموز","A","«کتاب» در عربی به معنای کتاب است.","ترنم همدلی","original","1405"
"یازدهم","عمومی","زبان انگلیسی","زبان انگلیسی","Vocabulary","واژگان پایه","معنا","متوسط","کدام گزینه معنی «book» است؟","کتاب","مدرسه","خانه","معلم","A","book به معنی کتاب است.","ترنم همدلی","original","1405"
"یازدهم","عمومی","عربی","عربی","واژگان و قواعد","واژه‌شناسی","معنا","آسان","معنای «کتاب» در عربی کدام است؟","کتاب","مدرسه","معلم","دانش‌آموز","A","«کتاب» در عربی به معنای کتاب است.","ترنم همدلی","original","1405"
"یازدهم","عمومی","زبان انگلیسی","زبان انگلیسی","Vocabulary","واژگان پایه","معنا","آسان","کدام گزینه معنی «book» است؟","کتاب","مدرسه","خانه","معلم","A","book به معنی کتاب است.","ترنم همدلی","original","1405"
"یازدهم","عمومی","عربی","عربی","واژگان و قواعد","واژه‌شناسی","معنا","متوسط","معنای «کتاب» در عربی کدام است؟","کتاب","مدرسه","معلم","دانش‌آموز","A","«کتاب» در عربی به معنای کتاب است.","ترنم همدلی","original","1405"
"یازدهم","عمومی","زبان انگلیسی","زبان انگلیسی","Vocabulary","واژگان پایه","معنا","متوسط","کدام گزینه معنی «book» است؟","کتاب","مدرسه","خانه","معلم","A","book به معنی کتاب است.","ترنم همدلی","original","1405"
"یازدهم","عمومی","عربی","عربی","واژگان و قواعد","واژه‌شناسی","معنا","متوسط","معنای «کتاب» در عربی کدام است؟","کتاب","مدرسه","معلم","دانش‌آموز","A","«کتاب» در عربی به معنای کتاب است.","ترنم همدلی","original","1405"
"یازدهم","عمومی","زبان انگلیسی","زبان انگلیسی","Vocabulary","واژگان پایه","معنا","متوسط","کدام گزینه معنی «book» است؟","کتاب","مدرسه","خانه","معلم","A","book به معنی کتاب است.","ترنم همدلی","original","1405"
"یازدهم","عمومی","عربی","عربی","واژگان و قواعد","واژه‌شناسی","معنا","آسان","معنای «کتاب» در عربی کدام است؟","کتاب","مدرسه","معلم","دانش‌آموز","A","«کتاب» در عربی به معنای کتاب است.","ترنم همدلی","original","1405"
"یازدهم","عمومی","زبان انگلیسی","زبان انگلیسی","Vocabulary","واژگان پایه","معنا","آسان","کدام گزینه معنی «book» است؟","کتاب","مدرسه","خانه","معلم","A","book به معنی کتاب است.","ترنم همدلی","original","1405"
"یازدهم","عمومی","عربی","عربی","واژگان و قواعد","واژه‌شناسی","معنا","متوسط","معنای «کتاب» در عربی کدام است؟","کتاب","مدرسه","معلم","دانش‌آموز","A","«کتاب» در عربی به معنای کتاب است.","ترنم همدلی","original","1405"
"یازدهم","عمومی","زبان انگلیسی","زبان انگلیسی","Vocabulary","واژگان پایه","معنا","متوسط","کدام گزینه معنی «book» است؟","کتاب","مدرسه","خانه","معلم","A","book به معنی کتاب است.","ترنم همدلی","original","1405"
"یازدهم","عمومی","عربی","عربی","واژگان و قواعد","واژه‌شناسی","معنا","متوسط","معنای «کتاب» در عربی کدام است؟","کتاب","مدرسه","معلم","دانش‌آموز","A","«کتاب» در عربی به معنای کتاب است.","ترنم همدلی","original","1405"
"یازدهم","عمومی","زبان انگلیسی","زبان انگلیسی","Vocabulary","واژگان پایه","معنا","متوسط","کدام گزینه معنی «book» است؟","کتاب","مدرسه","خانه","معلم","A","book به معنی کتاب است.","ترنم همدلی","original","1405"
"یازدهم","عمومی","عربی","عربی","واژگان و قواعد","واژه‌شناسی","معنا","آسان","معنای «کتاب» در عربی کدام است؟","کتاب","مدرسه","معلم","دانش‌آموز","A","«کتاب» در عربی به معنای کتاب است.","ترنم همدلی","original","1405"
"یازدهم","عمومی","زبان انگلیسی","زبان انگلیسی","Vocabulary","واژگان پایه","معنا","آسان","کدام گزینه معنی «book» است؟","کتاب","مدرسه","خانه","معلم","A","book به معنی کتاب است.","ترنم همدلی","original","1405"
"یازدهم","عمومی","عربی","عربی","واژگان و قواعد","واژه‌شناسی","معنا","متوسط","معنای «کتاب» در عربی کدام است؟","کتاب","مدرسه","معلم","دانش‌آموز","A","«کتاب» در عربی به معنای کتاب است.","ترنم همدلی","original","1405"
"یازدهم","عمومی","زبان انگلیسی","زبان انگلیسی","Vocabulary","واژگان پایه","معنا","متوسط","کدام گزینه معنی «book» است؟","کتاب","مدرسه","خانه","معلم","A","book به معنی کتاب است.","ترنم همدلی","original","1405"
"یازدهم","عمومی","عربی","عربی","واژگان و قواعد","واژه‌شناسی","معنا","متوسط","معنای «کتاب» در عربی کدام است؟","کتاب","مدرسه","معلم","دانش‌آموز","A","«کتاب» در عربی به معنای کتاب است.","ترنم همدلی","original","1405"
"یازدهم","عمومی","زبان انگلیسی","زبان انگلیسی","Vocabulary","واژگان پایه","معنا","متوسط","کدام گزینه معنی «book» است؟","کتاب","مدرسه","خانه","معلم","A","book به معنی کتاب است.","ترنم همدلی","original","1405"
"یازدهم","عمومی","عربی","عربی","واژگان و قواعد","واژه‌شناسی","معنا","آسان","معنای «کتاب» در عربی کدام است؟","کتاب","مدرسه","معلم","دانش‌آموز","A","«کتاب» در عربی به معنای کتاب است.","ترنم همدلی","original","1405"
"یازدهم","عمومی","زبان انگلیسی","زبان انگلیسی","Vocabulary","واژگان پایه","معنا","آسان","کدام گزینه معنی «book» است؟","کتاب","مدرسه","خانه","معلم","A","book به معنی کتاب است.","ترنم همدلی","original","1405"
"یازدهم","عمومی","عربی","عربی","واژگان و قواعد","واژه‌شناسی","معنا","متوسط","معنای «کتاب» در عربی کدام است؟","کتاب","مدرسه","معلم","دانش‌آموز","A","«کتاب» در عربی به معنای کتاب است.","ترنم همدلی","original","1405"
"یازدهم","عمومی","زبان انگلیسی","زبان انگلیسی","Vocabulary","واژگان پایه","معنا","متوسط","کدام گزینه معنی «book» است؟","کتاب","مدرسه","خانه","معلم","A","book به معنی کتاب است.","ترنم همدلی","original","1405"
"یازدهم","عمومی","عربی","عربی","واژگان و قواعد","واژه‌شناسی","معنا","متوسط","معنای «کتاب» در عربی کدام است؟","کتاب","مدرسه","معلم","دانش‌آموز","A","«کتاب» در عربی به معنای کتاب است.","ترنم همدلی","original","1405"
"یازدهم","عمومی","زبان انگلیسی","زبان انگلیسی","Vocabulary","واژگان پایه","معنا","متوسط","کدام گزینه معنی «book» است؟","کتاب","مدرسه","خانه","معلم","A","book به معنی کتاب است.","ترنم همدلی","original","1405"
"یازدهم","عمومی","عربی","عربی","واژگان و قواعد","واژه‌شناسی","معنا","آسان","معنای «کتاب» در عربی کدام است؟","کتاب","مدرسه","معلم","دانش‌آموز","A","«کتاب» در عربی به معنای کتاب است.","ترنم همدلی","original","1405"
"یازدهم","عمومی","زبان انگلیسی","زبان انگلیسی","Vocabulary","واژگان پایه","معنا","آسان","کدام گزینه معنی «book» است؟","کتاب","مدرسه","خانه","معلم","A","book به معنی کتاب است.","ترنم همدلی","original","1405"
"یازدهم","عمومی","عربی","عربی","واژگان و قواعد","واژه‌شناسی","معنا","متوسط","معنای «کتاب» در عربی کدام است؟","کتاب","مدرسه","معلم","دانش‌آموز","A","«کتاب» در عربی به معنای کتاب است.","ترنم همدلی","original","1405"
"یازدهم","عمومی","زبان انگلیسی","زبان انگلیسی","Vocabulary","واژگان پایه","معنا","متوسط","کدام گزینه معنی «book» است؟","کتاب","مدرسه","خانه","معلم","A","book به معنی کتاب است.","ترنم همدلی","original","1405"
"یازدهم","عمومی","عربی","عربی","واژگان و قواعد","واژه‌شناسی","معنا","متوسط","معنای «کتاب» در عربی کدام است؟","کتاب","مدرسه","معلم","دانش‌آموز","A","«کتاب» در عربی به معنای کتاب است.","ترنم همدلی","original","1405"
"یازدهم","عمومی","زبان انگلیسی","زبان انگلیسی","Vocabulary","واژگان پایه","معنا","متوسط","کدام گزینه معنی «book» است؟","کتاب","مدرسه","خانه","معلم","A","book به معنی کتاب است.","ترنم همدلی","original","1405"
"یازدهم","عمومی","عربی","عربی","واژگان و قواعد","واژه‌شناسی","معنا","آسان","معنای «کتاب» در عربی کدام است؟","کتاب","مدرسه","معلم","دانش‌آموز","A","«کتاب» در عربی به معنای کتاب است.","ترنم همدلی","original","1405"
"یازدهم","عمومی","زبان انگلیسی","زبان انگلیسی","Vocabulary","واژگان پایه","معنا","آسان","کدام گزینه معنی «book» است؟","کتاب","مدرسه","خانه","معلم","A","book به معنی کتاب است.","ترنم همدلی","original","1405"
"یازدهم","عمومی","عربی","عربی","واژگان و قواعد","واژه‌شناسی","معنا","متوسط","معنای «کتاب» در عربی کدام است؟","کتاب","مدرسه","معلم","دانش‌آموز","A","«کتاب» در عربی به معنای کتاب است.","ترنم همدلی","original","1405"
"یازدهم","عمومی","زبان انگلیسی","زبان انگلیسی","Vocabulary","واژگان پایه","معنا","متوسط","کدام گزینه معنی «book» است؟","کتاب","مدرسه","خانه","معلم","A","book به معنی کتاب است.","ترنم همدلی","original","1405"
"یازدهم","عمومی","عربی","عربی","واژگان و قواعد","واژه‌شناسی","معنا","متوسط","معنای «کتاب» در عربی کدام است؟","کتاب","مدرسه","معلم","دانش‌آموز","A","«کتاب» در عربی به معنای کتاب است.","ترنم همدلی","original","1405"
"یازدهم","عمومی","زبان انگلیسی","زبان انگلیسی","Vocabulary","واژگان پایه","معنا","متوسط","کدام گزینه معنی «book» است؟","کتاب","مدرسه","خانه","معلم","A","book به معنی کتاب است.","ترنم همدلی","original","1405"
"یازدهم","عمومی","عربی","عربی","واژگان و قواعد","واژه‌شناسی","معنا","آسان","معنای «کتاب» در عربی کدام است؟","کتاب","مدرسه","معلم","دانش‌آموز","A","«کتاب» در عربی به معنای کتاب است.","ترنم همدلی","original","1405"
"یازدهم","عمومی","زبان انگلیسی","زبان انگلیسی","Vocabulary","واژگان پایه","معنا","آسان","کدام گزینه معنی «book» است؟","کتاب","مدرسه","خانه","معلم","A","book به معنی کتاب است.","ترنم همدلی","original","1405"
"یازدهم","عمومی","عربی","عربی","واژگان و قواعد","واژه‌شناسی","معنا","متوسط","معنای «کتاب» در عربی کدام است؟","کتاب","مدرسه","معلم","دانش‌آموز","A","«کتاب» در عربی به معنای کتاب است.","ترنم همدلی","original","1405"
"یازدهم","عمومی","زبان انگلیسی","زبان انگلیسی","Vocabulary","واژگان پایه","معنا","متوسط","کدام گزینه معنی «book» است؟","کتاب","مدرسه","خانه","معلم","A","book به معنی کتاب است.","ترنم همدلی","original","1405"
"یازدهم","عمومی","عربی","عربی","واژگان و قواعد","واژه‌شناسی","معنا","متوسط","معنای «کتاب» در عربی کدام است؟","کتاب","مدرسه","معلم","دانش‌آموز","A","«کتاب» در عربی به معنای کتاب است.","ترنم همدلی","original","1405"
"یازدهم","عمومی","زبان انگلیسی","زبان انگلیسی","Vocabulary","واژگان پایه","معنا","متوسط","کدام گزینه معنی «book» است؟","کتاب","مدرسه","خانه","معلم","A","book به معنی کتاب است.","ترنم همدلی","original","1405"
"یازدهم","عمومی","عربی","عربی","واژگان و قواعد","واژه‌شناسی","معنا","آسان","معنای «کتاب» در عربی کدام است؟","کتاب","مدرسه","معلم","دانش‌آموز","A","«کتاب» در عربی به معنای کتاب است.","ترنم همدلی","original","1405"
"یازدهم","عمومی","زبان انگلیسی","زبان انگلیسی","Vocabulary","واژگان پایه","معنا","آسان","کدام گزینه معنی «book» است؟","کتاب","مدرسه","خانه","معلم","A","book به معنی کتاب است.","ترنم همدلی","original","1405"
"یازدهم","عمومی","عربی","عربی","واژگان و قواعد","واژه‌شناسی","معنا","متوسط","معنای «کتاب» در عربی کدام است؟","کتاب","مدرسه","معلم","دانش‌آموز","A","«کتاب» در عربی به معنای کتاب است.","ترنم همدلی","original","1405"
"یازدهم","عمومی","زبان انگلیسی","زبان انگلیسی","Vocabulary","واژگان پایه","معنا","متوسط","کدام گزینه معنی «book» است؟","کتاب","مدرسه","خانه","معلم","A","book به معنی کتاب است.","ترنم همدلی","original","1405"
"یازدهم","عمومی","عربی","عربی","واژگان و قواعد","واژه‌شناسی","معنا","متوسط","معنای «کتاب» در عربی کدام است؟","کتاب","مدرسه","معلم","دانش‌آموز","A","«کتاب» در عربی به معنای کتاب است.","ترنم همدلی","original","1405"
"یازدهم","عمومی","زبان انگلیسی","زبان انگلیسی","Vocabulary","واژگان پایه","معنا","متوسط","کدام گزینه معنی «book» است؟","کتاب","مدرسه","خانه","معلم","A","book به معنی کتاب است.","ترنم همدلی","original","1405"
"یازدهم","عمومی","عربی","عربی","واژگان و قواعد","واژه‌شناسی","معنا","آسان","معنای «کتاب» در عربی کدام است؟","کتاب","مدرسه","معلم","دانش‌آموز","A","«کتاب» در عربی به معنای کتاب است.","ترنم همدلی","original","1405"
"یازدهم","عمومی","زبان انگلیسی","زبان انگلیسی","Vocabulary","واژگان پایه","معنا","آسان","کدام گزینه معنی «book» است؟","کتاب","مدرسه","خانه","معلم","A","book به معنی کتاب است.","ترنم همدلی","original","1405"
"یازدهم","عمومی","عربی","عربی","واژگان و قواعد","واژه‌شناسی","معنا","متوسط","معنای «کتاب» در عربی کدام است؟","کتاب","مدرسه","معلم","دانش‌آموز","A","«کتاب» در عربی به معنای کتاب است.","ترنم همدلی","original","1405"
"یازدهم","عمومی","زبان انگلیسی","زبان انگلیسی","Vocabulary","واژگان پایه","معنا","متوسط","کدام گزینه معنی «book» است؟","کتاب","مدرسه","خانه","معلم","A","book به معنی کتاب است.","ترنم همدلی","original","1405"
"یازدهم","عمومی","عربی","عربی","واژگان و قواعد","واژه‌شناسی","معنا","متوسط","معنای «کتاب» در عربی کدام است؟","کتاب","مدرسه","معلم","دانش‌آموز","A","«کتاب» در عربی به معنای کتاب است.","ترنم همدلی","original","1405"
"یازدهم","عمومی","زبان انگلیسی","زبان انگلیسی","Vocabulary","واژگان پایه","معنا","متوسط","کدام گزینه معنی «book» است؟","کتاب","مدرسه","خانه","معلم","A","book به معنی کتاب است.","ترنم همدلی","original","1405"
"یازدهم","عمومی","عربی","عربی","واژگان و قواعد","واژه‌شناسی","معنا","آسان","معنای «کتاب» در عربی کدام است؟","کتاب","مدرسه","معلم","دانش‌آموز","A","«کتاب» در عربی به معنای کتاب است.","ترنم همدلی","original","1405"
"یازدهم","عمومی","زبان انگلیسی","زبان انگلیسی","Vocabulary","واژگان پایه","معنا","آسان","کدام گزینه معنی «book» است؟","کتاب","مدرسه","خانه","معلم","A","book به معنی کتاب است.","ترنم همدلی","original","1405"
"یازدهم","عمومی","عربی","عربی","واژگان و قواعد","واژه‌شناسی","معنا","متوسط","معنای «کتاب» در عربی کدام است؟","کتاب","مدرسه","معلم","دانش‌آموز","A","«کتاب» در عربی به معنای کتاب است.","ترنم همدلی","original","1405"
"یازدهم","عمومی","زبان انگلیسی","زبان انگلیسی","Vocabulary","واژگان پایه","معنا","متوسط","کدام گزینه معنی «book» است؟","کتاب","مدرسه","خانه","معلم","A","book به معنی کتاب است.","ترنم همدلی","original","1405"
"یازدهم","عمومی","عربی","عربی","واژگان و قواعد","واژه‌شناسی","معنا","متوسط","معنای «کتاب» در عربی کدام است؟","کتاب","مدرسه","معلم","دانش‌آموز","A","«کتاب» در عربی به معنای کتاب است.","ترنم همدلی","original","1405"
"یازدهم","عمومی","زبان انگلیسی","زبان انگلیسی","Vocabulary","واژگان پایه","معنا","متوسط","کدام گزینه معنی «book» است؟","کتاب","مدرسه","خانه","معلم","A","book به معنی کتاب است.","ترنم همدلی","original","1405"
"یازدهم","عمومی","عربی","عربی","واژگان و قواعد","واژه‌شناسی","معنا","آسان","معنای «کتاب» در عربی کدام است؟","کتاب","مدرسه","معلم","دانش‌آموز","A","«کتاب» در عربی به معنای کتاب است.","ترنم همدلی","original","1405"
"یازدهم","عمومی","زبان انگلیسی","زبان انگلیسی","Vocabulary","واژگان پایه","معنا","آسان","کدام گزینه معنی «book» است؟","کتاب","مدرسه","خانه","معلم","A","book به معنی کتاب است.","ترنم همدلی","original","1405"
"یازدهم","عمومی","عربی","عربی","واژگان و قواعد","واژه‌شناسی","معنا","متوسط","معنای «کتاب» در عربی کدام است؟","کتاب","مدرسه","معلم","دانش‌آموز","A","«کتاب» در عربی به معنای کتاب است.","ترنم همدلی","original","1405"
"یازدهم","عمومی","زبان انگلیسی","زبان انگلیسی","Vocabulary","واژگان پایه","معنا","متوسط","کدام گزینه معنی «book» است؟","کتاب","مدرسه","خانه","معلم","A","book به معنی کتاب است.","ترنم همدلی","original","1405"
"یازدهم","عمومی","عربی","عربی","واژگان و قواعد","واژه‌شناسی","معنا","متوسط","معنای «کتاب» در عربی کدام است؟","کتاب","مدرسه","معلم","دانش‌آموز","A","«کتاب» در عربی به معنای کتاب است.","ترنم همدلی","original","1405"
"یازدهم","عمومی","زبان انگلیسی","زبان انگلیسی","Vocabulary","واژگان پایه","معنا","متوسط","کدام گزینه معنی «book» است؟","کتاب","مدرسه","خانه","معلم","A","book به معنی کتاب است.","ترنم همدلی","original","1405"
"یازدهم","عمومی","عربی","عربی","واژگان و قواعد","واژه‌شناسی","معنا","آسان","معنای «کتاب» در عربی کدام است؟","کتاب","مدرسه","معلم","دانش‌آموز","A","«کتاب» در عربی به معنای کتاب است.","ترنم همدلی","original","1405"
"یازدهم","عمومی","زبان انگلیسی","زبان انگلیسی","Vocabulary","واژگان پایه","معنا","آسان","کدام گزینه معنی «book» است؟","کتاب","مدرسه","خانه","معلم","A","book به معنی کتاب است.","ترنم همدلی","original","1405"
"یازدهم","عمومی","عربی","عربی","واژگان و قواعد","واژه‌شناسی","معنا","متوسط","معنای «کتاب» در عربی کدام است؟","کتاب","مدرسه","معلم","دانش‌آموز","A","«کتاب» در عربی به معنای کتاب است.","ترنم همدلی","original","1405"
"یازدهم","عمومی","زبان انگلیسی","زبان انگلیسی","Vocabulary","واژگان پایه","معنا","متوسط","کدام گزینه معنی «book» است؟","کتاب","مدرسه","خانه","معلم","A","book به معنی کتاب است.","ترنم همدلی","original","1405"
"یازدهم","عمومی","عربی","عربی","واژگان و قواعد","واژه‌شناسی","معنا","متوسط","معنای «کتاب» در عربی کدام است؟","کتاب","مدرسه","معلم","دانش‌آموز","A","«کتاب» در عربی به معنای کتاب است.","ترنم همدلی","original","1405"
"یازدهم","عمومی","زبان انگلیسی","زبان انگلیسی","Vocabulary","واژگان پایه","معنا","متوسط","کدام گزینه معنی «book» است؟","کتاب","مدرسه","خانه","معلم","A","book به معنی کتاب است.","ترنم همدلی","original","1405"
"یازدهم","عمومی","عربی","عربی","واژگان و قواعد","واژه‌شناسی","معنا","آسان","معنای «کتاب» در عربی کدام است؟","کتاب","مدرسه","معلم","دانش‌آموز","A","«کتاب» در عربی به معنای کتاب است.","ترنم همدلی","original","1405"
"یازدهم","عمومی","زبان انگلیسی","زبان انگلیسی","Vocabulary","واژگان پایه","معنا","آسان","کدام گزینه معنی «book» است؟","کتاب","مدرسه","خانه","معلم","A","book به معنی کتاب است.","ترنم همدلی","original","1405"
"یازدهم","عمومی","عربی","عربی","واژگان و قواعد","واژه‌شناسی","معنا","متوسط","معنای «کتاب» در عربی کدام است؟","کتاب","مدرسه","معلم","دانش‌آموز","A","«کتاب» در عربی به معنای کتاب است.","ترنم همدلی","original","1405"
"یازدهم","عمومی","زبان انگلیسی","زبان انگلیسی","Vocabulary","واژگان پایه","معنا","متوسط","کدام گزینه معنی «book» است؟","کتاب","مدرسه","خانه","معلم","A","book به معنی کتاب است.","ترنم همدلی","original","1405"
"یازدهم","عمومی","عربی","عربی","واژگان و قواعد","واژه‌شناسی","معنا","متوسط","معنای «کتاب» در عربی کدام است؟","کتاب","مدرسه","معلم","دانش‌آموز","A","«کتاب» در عربی به معنای کتاب است.","ترنم همدلی","original","1405"
"یازدهم","عمومی","زبان انگلیسی","زبان انگلیسی","Vocabulary","واژگان پایه","معنا","متوسط","کدام گزینه معنی «book» است؟","کتاب","مدرسه","خانه","معلم","A","book به معنی کتاب است.","ترنم همدلی","original","1405"
"یازدهم","عمومی","عربی","عربی","واژگان و قواعد","واژه‌شناسی","معنا","آسان","معنای «کتاب» در عربی کدام است؟","کتاب","مدرسه","معلم","دانش‌آموز","A","«کتاب» در عربی به معنای کتاب است.","ترنم همدلی","original","1405"
"یازدهم","عمومی","زبان انگلیسی","زبان انگلیسی","Vocabulary","واژگان پایه","معنا","آسان","کدام گزینه معنی «book» است؟","کتاب","مدرسه","خانه","معلم","A","book به معنی کتاب است.","ترنم همدلی","original","1405"
"یازدهم","عمومی","عربی","عربی","واژگان و قواعد","واژه‌شناسی","معنا","متوسط","معنای «کتاب» در عربی کدام است؟","کتاب","مدرسه","معلم","دانش‌آموز","A","«کتاب» در عربی به معنای کتاب است.","ترنم همدلی","original","1405"
"یازدهم","عمومی","زبان انگلیسی","زبان انگلیسی","Vocabulary","واژگان پایه","معنا","متوسط","کدام گزینه معنی «book» است؟","کتاب","مدرسه","خانه","معلم","A","book به معنی کتاب است.","ترنم همدلی","original","1405"
"یازدهم","عمومی","عربی","عربی","واژگان و قواعد","واژه‌شناسی","معنا","متوسط","معنای «کتاب» در عربی کدام است؟","کتاب","مدرسه","معلم","دانش‌آموز","A","«کتاب» در عربی به معنای کتاب است.","ترنم همدلی","original","1405"
"یازدهم","عمومی","زبان انگلیسی","زبان انگلیسی","Vocabulary","واژگان پایه","معنا","متوسط","کدام گزینه معنی «book» است؟","کتاب","مدرسه","خانه","معلم","A","book به معنی کتاب است.","ترنم همدلی","original","1405"
"یازدهم","عمومی","عربی","عربی","واژگان و قواعد","واژه‌شناسی","معنا","آسان","معنای «کتاب» در عربی کدام است؟","کتاب","مدرسه","معلم","دانش‌آموز","A","«کتاب» در عربی به معنای کتاب است.","ترنم همدلی","original","1405"
"یازدهم","عمومی","زبان انگلیسی","زبان انگلیسی","Vocabulary","واژگان پایه","معنا","آسان","کدام گزینه معنی «book» است؟","کتاب","مدرسه","خانه","معلم","A","book به معنی کتاب است.","ترنم همدلی","original","1405"
"یازدهم","عمومی","عربی","عربی","واژگان و قواعد","واژه‌شناسی","معنا","متوسط","معنای «کتاب» در عربی کدام است؟","کتاب","مدرسه","معلم","دانش‌آموز","A","«کتاب» در عربی به معنای کتاب است.","ترنم همدلی","original","1405"
"یازدهم","عمومی","زبان انگلیسی","زبان انگلیسی","Vocabulary","واژگان پایه","معنا","متوسط","کدام گزینه معنی «book» است؟","کتاب","مدرسه","خانه","معلم","A","book به معنی کتاب است.","ترنم همدلی","original","1405"
"یازدهم","عمومی","عربی","عربی","واژگان و قواعد","واژه‌شناسی","معنا","متوسط","معنای «کتاب» در عربی کدام است؟","کتاب","مدرسه","معلم","دانش‌آموز","A","«کتاب» در عربی به معنای کتاب است.","ترنم همدلی","original","1405"
"یازدهم","عمومی","زبان انگلیسی","زبان انگلیسی","Vocabulary","واژگان پایه","معنا","متوسط","کدام گزینه معنی «book» است؟","کتاب","مدرسه","خانه","معلم","A","book به معنی کتاب است.","ترنم همدلی","original","1405"
"یازدهم","عمومی","عربی","عربی","واژگان و قواعد","واژه‌شناسی","معنا","آسان","معنای «کتاب» در عربی کدام است؟","کتاب","مدرسه","معلم","دانش‌آموز","A","«کتاب» در عربی به معنای کتاب است.","ترنم همدلی","original","1405"
"یازدهم","عمومی","زبان انگلیسی","زبان انگلیسی","Vocabulary","واژگان پایه","معنا","آسان","کدام گزینه معنی «book» است؟","کتاب","مدرسه","خانه","معلم","A","book به معنی کتاب است.","ترنم همدلی","original","1405"
"یازدهم","عمومی","عربی","عربی","واژگان و قواعد","واژه‌شناسی","معنا","متوسط","معنای «کتاب» در عربی کدام است؟","کتاب","مدرسه","معلم","دانش‌آموز","A","«کتاب» در عربی به معنای کتاب است.","ترنم همدلی","original","1405"
"یازدهم","عمومی","زبان انگلیسی","زبان انگلیسی","Vocabulary","واژگان پایه","معنا","متوسط","کدام گزینه معنی «book» است؟","کتاب","مدرسه","خانه","معلم","A","book به معنی کتاب است.","ترنم همدلی","original","1405"
"یازدهم","عمومی","عربی","عربی","واژگان و قواعد","واژه‌شناسی","معنا","متوسط","معنای «کتاب» در عربی کدام است؟","کتاب","مدرسه","معلم","دانش‌آموز","A","«کتاب» در عربی به معنای کتاب است.","ترنم همدلی","original","1405"
"یازدهم","عمومی","زبان انگلیسی","زبان انگلیسی","Vocabulary","واژگان پایه","معنا","متوسط","کدام گزینه معنی «book» است؟","کتاب","مدرسه","خانه","معلم","A","book به معنی کتاب است.","ترنم همدلی","original","1405"
"یازدهم","عمومی","عربی","عربی","واژگان و قواعد","واژه‌شناسی","معنا","آسان","معنای «کتاب» در عربی کدام است؟","کتاب","مدرسه","معلم","دانش‌آموز","A","«کتاب» در عربی به معنای کتاب است.","ترنم همدلی","original","1405"
"یازدهم","عمومی","زبان انگلیسی","زبان انگلیسی","Vocabulary","واژگان پایه","معنا","آسان","کدام گزینه معنی «book» است؟","کتاب","مدرسه","خانه","معلم","A","book به معنی کتاب است.","ترنم همدلی","original","1405"
"یازدهم","عمومی","عربی","عربی","واژگان و قواعد","واژه‌شناسی","معنا","متوسط","معنای «کتاب» در عربی کدام است؟","کتاب","مدرسه","معلم","دانش‌آموز","A","«کتاب» در عربی به معنای کتاب است.","ترنم همدلی","original","1405"
"یازدهم","عمومی","زبان انگلیسی","زبان انگلیسی","Vocabulary","واژگان پایه","معنا","متوسط","کدام گزینه معنی «book» است؟","کتاب","مدرسه","خانه","معلم","A","book به معنی کتاب است.","ترنم همدلی","original","1405"
"یازدهم","عمومی","عربی","عربی","واژگان و قواعد","واژه‌شناسی","معنا","متوسط","معنای «کتاب» در عربی کدام است؟","کتاب","مدرسه","معلم","دانش‌آموز","A","«کتاب» در عربی به معنای کتاب است.","ترنم همدلی","original","1405"
"یازدهم","عمومی","زبان انگلیسی","زبان انگلیسی","Vocabulary","واژگان پایه","معنا","متوسط","کدام گزینه معنی «book» است؟","کتاب","مدرسه","خانه","معلم","A","book به معنی کتاب است.","ترنم همدلی","original","1405"
"یازدهم","عمومی","عربی","عربی","واژگان و قواعد","واژه‌شناسی","معنا","آسان","معنای «کتاب» در عربی کدام است؟","کتاب","مدرسه","معلم","دانش‌آموز","A","«کتاب» در عربی به معنای کتاب است.","ترنم همدلی","original","1405"
"یازدهم","عمومی","زبان انگلیسی","زبان انگلیسی","Vocabulary","واژگان پایه","معنا","آسان","کدام گزینه معنی «book» است؟","کتاب","مدرسه","خانه","معلم","A","book به معنی کتاب است.","ترنم همدلی","original","1405"
"یازدهم","عمومی","عربی","عربی","واژگان و قواعد","واژه‌شناسی","معنا","متوسط","معنای «کتاب» در عربی کدام است؟","کتاب","مدرسه","معلم","دانش‌آموز","A","«کتاب» در عربی به معنای کتاب است.","ترنم همدلی","original","1405"
"یازدهم","عمومی","زبان انگلیسی","زبان انگلیسی","Vocabulary","واژگان پایه","معنا","متوسط","کدام گزینه معنی «book» است؟","کتاب","مدرسه","خانه","معلم","A","book به معنی کتاب است.","ترنم همدلی","original","1405"
"یازدهم","عمومی","عربی","عربی","واژگان و قواعد","واژه‌شناسی","معنا","متوسط","معنای «کتاب» در عربی کدام است؟","کتاب","مدرسه","معلم","دانش‌آموز","A","«کتاب» در عربی به معنای کتاب است.","ترنم همدلی","original","1405"
"یازدهم","عمومی","زبان انگلیسی","زبان انگلیسی","Vocabulary","واژگان پایه","معنا","متوسط","کدام گزینه معنی «book» است؟","کتاب","مدرسه","خانه","معلم","A","book به معنی کتاب است.","ترنم همدلی","original","1405"
"یازدهم","عمومی","عربی","عربی","واژگان و قواعد","واژه‌شناسی","معنا","آسان","معنای «کتاب» در عربی کدام است؟","کتاب","مدرسه","معلم","دانش‌آموز","A","«کتاب» در عربی به معنای کتاب است.","ترنم همدلی","original","1405"
"یازدهم","عمومی","زبان انگلیسی","زبان انگلیسی","Vocabulary","واژگان پایه","معنا","آسان","کدام گزینه معنی «book» است؟","کتاب","مدرسه","خانه","معلم","A","book به معنی کتاب است.","ترنم همدلی","original","1405"
"یازدهم","عمومی","عربی","عربی","واژگان و قواعد","واژه‌شناسی","معنا","متوسط","معنای «کتاب» در عربی کدام است؟","کتاب","مدرسه","معلم","دانش‌آموز","A","«کتاب» در عربی به معنای کتاب است.","ترنم همدلی","original","1405"
"یازدهم","عمومی","زبان انگلیسی","زبان انگلیسی","Vocabulary","واژگان پایه","معنا","متوسط","کدام گزینه معنی «book» است؟","کتاب","مدرسه","خانه","معلم","A","book به معنی کتاب است.","ترنم همدلی","original","1405"
"یازدهم","عمومی","عربی","عربی","واژگان و قواعد","واژه‌شناسی","معنا","متوسط","معنای «کتاب» در عربی کدام است؟","کتاب","مدرسه","معلم","دانش‌آموز","A","«کتاب» در عربی به معنای کتاب است.","ترنم همدلی","original","1405"
"یازدهم","عمومی","زبان انگلیسی","زبان انگلیسی","Vocabulary","واژگان پایه","معنا","متوسط","کدام گزینه معنی «book» است؟","کتاب","مدرسه","خانه","معلم","A","book به معنی کتاب است.","ترنم همدلی","original","1405"
"یازدهم","عمومی","عربی","عربی","واژگان و قواعد","واژه‌شناسی","معنا","آسان","معنای «کتاب» در عربی کدام است؟","کتاب","مدرسه","معلم","دانش‌آموز","A","«کتاب» در عربی به معنای کتاب است.","ترنم همدلی","original","1405"
"یازدهم","عمومی","زبان انگلیسی","زبان انگلیسی","Vocabulary","واژگان پایه","معنا","آسان","کدام گزینه معنی «book» است؟","کتاب","مدرسه","خانه","معلم","A","book به معنی کتاب است.","ترنم همدلی","original","1405"
"یازدهم","عمومی","عربی","عربی","واژگان و قواعد","واژه‌شناسی","معنا","متوسط","معنای «کتاب» در عربی کدام است؟","کتاب","مدرسه","معلم","دانش‌آموز","A","«کتاب» در عربی به معنای کتاب است.","ترنم همدلی","original","1405"
"یازدهم","عمومی","زبان انگلیسی","زبان انگلیسی","Vocabulary","واژگان پایه","معنا","متوسط","کدام گزینه معنی «book» است؟","کتاب","مدرسه","خانه","معلم","A","book به معنی کتاب است.","ترنم همدلی","original","1405"
"یازدهم","عمومی","عربی","عربی","واژگان و قواعد","واژه‌شناسی","معنا","متوسط","معنای «کتاب» در عربی کدام است؟","کتاب","مدرسه","معلم","دانش‌آموز","A","«کتاب» در عربی به معنای کتاب است.","ترنم همدلی","original","1405"
"یازدهم","عمومی","زبان انگلیسی","زبان انگلیسی","Vocabulary","واژگان پایه","معنا","متوسط","کدام گزینه معنی «book» است؟","کتاب","مدرسه","خانه","معلم","A","book به معنی کتاب است.","ترنم همدلی","original","1405"
"یازدهم","عمومی","عربی","عربی","واژگان و قواعد","واژه‌شناسی","معنا","آسان","معنای «کتاب» در عربی کدام است؟","کتاب","مدرسه","معلم","دانش‌آموز","A","«کتاب» در عربی به معنای کتاب است.","ترنم همدلی","original","1405"
"یازدهم","عمومی","زبان انگلیسی","زبان انگلیسی","Vocabulary","واژگان پایه","معنا","آسان","کدام گزینه معنی «book» است؟","کتاب","مدرسه","خانه","معلم","A","book به معنی کتاب است.","ترنم همدلی","original","1405"
"یازدهم","عمومی","عربی","عربی","واژگان و قواعد","واژه‌شناسی","معنا","متوسط","معنای «کتاب» در عربی کدام است؟","کتاب","مدرسه","معلم","دانش‌آموز","A","«کتاب» در عربی به معنای کتاب است.","ترنم همدلی","original","1405"
"یازدهم","عمومی","زبان انگلیسی","زبان انگلیسی","Vocabulary","واژگان پایه","معنا","متوسط","کدام گزینه معنی «book» است؟","کتاب","مدرسه","خانه","معلم","A","book به معنی کتاب است.","ترنم همدلی","original","1405"
"یازدهم","عمومی","عربی","عربی","واژگان و قواعد","واژه‌شناسی","معنا","متوسط","معنای «کتاب» در عربی کدام است؟","کتاب","مدرسه","معلم","دانش‌آموز","A","«کتاب» در عربی به معنای کتاب است.","ترنم همدلی","original","1405"
"یازدهم","عمومی","زبان انگلیسی","زبان انگلیسی","Vocabulary","واژگان پایه","معنا","متوسط","کدام گزینه معنی «book» است؟","کتاب","مدرسه","خانه","معلم","A","book به معنی کتاب است.","ترنم همدلی","original","1405"
"یازدهم","عمومی","عربی","عربی","واژگان و قواعد","واژه‌شناسی","معنا","آسان","معنای «کتاب» در عربی کدام است؟","کتاب","مدرسه","معلم","دانش‌آموز","A","«کتاب» در عربی به معنای کتاب است.","ترنم همدلی","original","1405"
"یازدهم","عمومی","زبان انگلیسی","زبان انگلیسی","Vocabulary","واژگان پایه","معنا","آسان","کدام گزینه معنی «book» است؟","کتاب","مدرسه","خانه","معلم","A","book به معنی کتاب است.","ترنم همدلی","original","1405"
"یازدهم","عمومی","عربی","عربی","واژگان و قواعد","واژه‌شناسی","معنا","متوسط","معنای «کتاب» در عربی کدام است؟","کتاب","مدرسه","معلم","دانش‌آموز","A","«کتاب» در عربی به معنای کتاب است.","ترنم همدلی","original","1405"
"یازدهم","عمومی","زبان انگلیسی","زبان انگلیسی","Vocabulary","واژگان پایه","معنا","متوسط","کدام گزینه معنی «book» است؟","کتاب","مدرسه","خانه","معلم","A","book به معنی کتاب است.","ترنم همدلی","original","1405"
"دوازدهم","عمومی","عربی","عربی","واژگان و قواعد","واژه‌شناسی","معنا","آسان","معنای «کتاب» در عربی کدام است؟","کتاب","مدرسه","معلم","دانش‌آموز","A","«کتاب» در عربی به معنای کتاب است.","ترنم همدلی","original","1405"
"دوازدهم","عمومی","زبان انگلیسی","زبان انگلیسی","Vocabulary","واژگان پایه","معنا","آسان","کدام گزینه معنی «book» است؟","کتاب","مدرسه","خانه","معلم","A","book به معنی کتاب است.","ترنم همدلی","original","1405"
"دوازدهم","عمومی","عربی","عربی","واژگان و قواعد","واژه‌شناسی","معنا","متوسط","معنای «کتاب» در عربی کدام است؟","کتاب","مدرسه","معلم","دانش‌آموز","A","«کتاب» در عربی به معنای کتاب است.","ترنم همدلی","original","1405"
"دوازدهم","عمومی","زبان انگلیسی","زبان انگلیسی","Vocabulary","واژگان پایه","معنا","متوسط","کدام گزینه معنی «book» است؟","کتاب","مدرسه","خانه","معلم","A","book به معنی کتاب است.","ترنم همدلی","original","1405"
"دوازدهم","عمومی","عربی","عربی","واژگان و قواعد","واژه‌شناسی","معنا","متوسط","معنای «کتاب» در عربی کدام است؟","کتاب","مدرسه","معلم","دانش‌آموز","A","«کتاب» در عربی به معنای کتاب است.","ترنم همدلی","original","1405"
"دوازدهم","عمومی","زبان انگلیسی","زبان انگلیسی","Vocabulary","واژگان پایه","معنا","متوسط","کدام گزینه معنی «book» است؟","کتاب","مدرسه","خانه","معلم","A","book به معنی کتاب است.","ترنم همدلی","original","1405"
"دوازدهم","عمومی","عربی","عربی","واژگان و قواعد","واژه‌شناسی","معنا","آسان","معنای «کتاب» در عربی کدام است؟","کتاب","مدرسه","معلم","دانش‌آموز","A","«کتاب» در عربی به معنای کتاب است.","ترنم همدلی","original","1405"
"دوازدهم","عمومی","زبان انگلیسی","زبان انگلیسی","Vocabulary","واژگان پایه","معنا","آسان","کدام گزینه معنی «book» است؟","کتاب","مدرسه","خانه","معلم","A","book به معنی کتاب است.","ترنم همدلی","original","1405"
"دوازدهم","عمومی","عربی","عربی","واژگان و قواعد","واژه‌شناسی","معنا","متوسط","معنای «کتاب» در عربی کدام است؟","کتاب","مدرسه","معلم","دانش‌آموز","A","«کتاب» در عربی به معنای کتاب است.","ترنم همدلی","original","1405"
"دوازدهم","عمومی","زبان انگلیسی","زبان انگلیسی","Vocabulary","واژگان پایه","معنا","متوسط","کدام گزینه معنی «book» است؟","کتاب","مدرسه","خانه","معلم","A","book به معنی کتاب است.","ترنم همدلی","original","1405"
"دوازدهم","عمومی","عربی","عربی","واژگان و قواعد","واژه‌شناسی","معنا","متوسط","معنای «کتاب» در عربی کدام است؟","کتاب","مدرسه","معلم","دانش‌آموز","A","«کتاب» در عربی به معنای کتاب است.","ترنم همدلی","original","1405"
"دوازدهم","عمومی","زبان انگلیسی","زبان انگلیسی","Vocabulary","واژگان پایه","معنا","متوسط","کدام گزینه معنی «book» است؟","کتاب","مدرسه","خانه","معلم","A","book به معنی کتاب است.","ترنم همدلی","original","1405"
"دوازدهم","عمومی","عربی","عربی","واژگان و قواعد","واژه‌شناسی","معنا","آسان","معنای «کتاب» در عربی کدام است؟","کتاب","مدرسه","معلم","دانش‌آموز","A","«کتاب» در عربی به معنای کتاب است.","ترنم همدلی","original","1405"
"دوازدهم","عمومی","زبان انگلیسی","زبان انگلیسی","Vocabulary","واژگان پایه","معنا","آسان","کدام گزینه معنی «book» است؟","کتاب","مدرسه","خانه","معلم","A","book به معنی کتاب است.","ترنم همدلی","original","1405"
"دوازدهم","عمومی","عربی","عربی","واژگان و قواعد","واژه‌شناسی","معنا","متوسط","معنای «کتاب» در عربی کدام است؟","کتاب","مدرسه","معلم","دانش‌آموز","A","«کتاب» در عربی به معنای کتاب است.","ترنم همدلی","original","1405"
"دوازدهم","عمومی","زبان انگلیسی","زبان انگلیسی","Vocabulary","واژگان پایه","معنا","متوسط","کدام گزینه معنی «book» است؟","کتاب","مدرسه","خانه","معلم","A","book به معنی کتاب است.","ترنم همدلی","original","1405"
"دوازدهم","عمومی","عربی","عربی","واژگان و قواعد","واژه‌شناسی","معنا","متوسط","معنای «کتاب» در عربی کدام است؟","کتاب","مدرسه","معلم","دانش‌آموز","A","«کتاب» در عربی به معنای کتاب است.","ترنم همدلی","original","1405"
"دوازدهم","عمومی","زبان انگلیسی","زبان انگلیسی","Vocabulary","واژگان پایه","معنا","متوسط","کدام گزینه معنی «book» است؟","کتاب","مدرسه","خانه","معلم","A","book به معنی کتاب است.","ترنم همدلی","original","1405"
"دوازدهم","عمومی","عربی","عربی","واژگان و قواعد","واژه‌شناسی","معنا","آسان","معنای «کتاب» در عربی کدام است؟","کتاب","مدرسه","معلم","دانش‌آموز","A","«کتاب» در عربی به معنای کتاب است.","ترنم همدلی","original","1405"
"دوازدهم","عمومی","زبان انگلیسی","زبان انگلیسی","Vocabulary","واژگان پایه","معنا","آسان","کدام گزینه معنی «book» است؟","کتاب","مدرسه","خانه","معلم","A","book به معنی کتاب است.","ترنم همدلی","original","1405"
"دوازدهم","عمومی","عربی","عربی","واژگان و قواعد","واژه‌شناسی","معنا","متوسط","معنای «کتاب» در عربی کدام است؟","کتاب","مدرسه","معلم","دانش‌آموز","A","«کتاب» در عربی به معنای کتاب است.","ترنم همدلی","original","1405"
"دوازدهم","عمومی","زبان انگلیسی","زبان انگلیسی","Vocabulary","واژگان پایه","معنا","متوسط","کدام گزینه معنی «book» است؟","کتاب","مدرسه","خانه","معلم","A","book به معنی کتاب است.","ترنم همدلی","original","1405"
"دوازدهم","عمومی","عربی","عربی","واژگان و قواعد","واژه‌شناسی","معنا","متوسط","معنای «کتاب» در عربی کدام است؟","کتاب","مدرسه","معلم","دانش‌آموز","A","«کتاب» در عربی به معنای کتاب است.","ترنم همدلی","original","1405"
"دوازدهم","عمومی","زبان انگلیسی","زبان انگلیسی","Vocabulary","واژگان پایه","معنا","متوسط","کدام گزینه معنی «book» است؟","کتاب","مدرسه","خانه","معلم","A","book به معنی کتاب است.","ترنم همدلی","original","1405"
"دوازدهم","عمومی","عربی","عربی","واژگان و قواعد","واژه‌شناسی","معنا","آسان","معنای «کتاب» در عربی کدام است؟","کتاب","مدرسه","معلم","دانش‌آموز","A","«کتاب» در عربی به معنای کتاب است.","ترنم همدلی","original","1405"
"دوازدهم","عمومی","زبان انگلیسی","زبان انگلیسی","Vocabulary","واژگان پایه","معنا","آسان","کدام گزینه معنی «book» است؟","کتاب","مدرسه","خانه","معلم","A","book به معنی کتاب است.","ترنم همدلی","original","1405"
"دوازدهم","عمومی","عربی","عربی","واژگان و قواعد","واژه‌شناسی","معنا","متوسط","معنای «کتاب» در عربی کدام است؟","کتاب","مدرسه","معلم","دانش‌آموز","A","«کتاب» در عربی به معنای کتاب است.","ترنم همدلی","original","1405"
"دوازدهم","عمومی","زبان انگلیسی","زبان انگلیسی","Vocabulary","واژگان پایه","معنا","متوسط","کدام گزینه معنی «book» است؟","کتاب","مدرسه","خانه","معلم","A","book به معنی کتاب است.","ترنم همدلی","original","1405"
"دوازدهم","عمومی","عربی","عربی","واژگان و قواعد","واژه‌شناسی","معنا","متوسط","معنای «کتاب» در عربی کدام است؟","کتاب","مدرسه","معلم","دانش‌آموز","A","«کتاب» در عربی به معنای کتاب است.","ترنم همدلی","original","1405"
"دوازدهم","عمومی","زبان انگلیسی","زبان انگلیسی","Vocabulary","واژگان پایه","معنا","متوسط","کدام گزینه معنی «book» است؟","کتاب","مدرسه","خانه","معلم","A","book به معنی کتاب است.","ترنم همدلی","original","1405"
"دوازدهم","عمومی","عربی","عربی","واژگان و قواعد","واژه‌شناسی","معنا","آسان","معنای «کتاب» در عربی کدام است؟","کتاب","مدرسه","معلم","دانش‌آموز","A","«کتاب» در عربی به معنای کتاب است.","ترنم همدلی","original","1405"
"دوازدهم","عمومی","زبان انگلیسی","زبان انگلیسی","Vocabulary","واژگان پایه","معنا","آسان","کدام گزینه معنی «book» است؟","کتاب","مدرسه","خانه","معلم","A","book به معنی کتاب است.","ترنم همدلی","original","1405"
"دوازدهم","عمومی","عربی","عربی","واژگان و قواعد","واژه‌شناسی","معنا","متوسط","معنای «کتاب» در عربی کدام است؟","کتاب","مدرسه","معلم","دانش‌آموز","A","«کتاب» در عربی به معنای کتاب است.","ترنم همدلی","original","1405"
"دوازدهم","عمومی","زبان انگلیسی","زبان انگلیسی","Vocabulary","واژگان پایه","معنا","متوسط","کدام گزینه معنی «book» است؟","کتاب","مدرسه","خانه","معلم","A","book به معنی کتاب است.","ترنم همدلی","original","1405"
"دوازدهم","عمومی","عربی","عربی","واژگان و قواعد","واژه‌شناسی","معنا","متوسط","معنای «کتاب» در عربی کدام است؟","کتاب","مدرسه","معلم","دانش‌آموز","A","«کتاب» در عربی به معنای کتاب است.","ترنم همدلی","original","1405"
"دوازدهم","عمومی","زبان انگلیسی","زبان انگلیسی","Vocabulary","واژگان پایه","معنا","متوسط","کدام گزینه معنی «book» است؟","کتاب","مدرسه","خانه","معلم","A","book به معنی کتاب است.","ترنم همدلی","original","1405"
"دوازدهم","عمومی","عربی","عربی","واژگان و قواعد","واژه‌شناسی","معنا","آسان","معنای «کتاب» در عربی کدام است؟","کتاب","مدرسه","معلم","دانش‌آموز","A","«کتاب» در عربی به معنای کتاب است.","ترنم همدلی","original","1405"
"دوازدهم","عمومی","زبان انگلیسی","زبان انگلیسی","Vocabulary","واژگان پایه","معنا","آسان","کدام گزینه معنی «book» است؟","کتاب","مدرسه","خانه","معلم","A","book به معنی کتاب است.","ترنم همدلی","original","1405"
"دوازدهم","عمومی","عربی","عربی","واژگان و قواعد","واژه‌شناسی","معنا","متوسط","معنای «کتاب» در عربی کدام است؟","کتاب","مدرسه","معلم","دانش‌آموز","A","«کتاب» در عربی به معنای کتاب است.","ترنم همدلی","original","1405"
"دوازدهم","عمومی","زبان انگلیسی","زبان انگلیسی","Vocabulary","واژگان پایه","معنا","متوسط","کدام گزینه معنی «book» است؟","کتاب","مدرسه","خانه","معلم","A","book به معنی کتاب است.","ترنم همدلی","original","1405"
"دوازدهم","عمومی","عربی","عربی","واژگان و قواعد","واژه‌شناسی","معنا","متوسط","معنای «کتاب» در عربی کدام است؟","کتاب","مدرسه","معلم","دانش‌آموز","A","«کتاب» در عربی به معنای کتاب است.","ترنم همدلی","original","1405"
"دوازدهم","عمومی","زبان انگلیسی","زبان انگلیسی","Vocabulary","واژگان پایه","معنا","متوسط","کدام گزینه معنی «book» است؟","کتاب","مدرسه","خانه","معلم","A","book به معنی کتاب است.","ترنم همدلی","original","1405"
"دوازدهم","عمومی","عربی","عربی","واژگان و قواعد","واژه‌شناسی","معنا","آسان","معنای «کتاب» در عربی کدام است؟","کتاب","مدرسه","معلم","دانش‌آموز","A","«کتاب» در عربی به معنای کتاب است.","ترنم همدلی","original","1405"
"دوازدهم","عمومی","زبان انگلیسی","زبان انگلیسی","Vocabulary","واژگان پایه","معنا","آسان","کدام گزینه معنی «book» است؟","کتاب","مدرسه","خانه","معلم","A","book به معنی کتاب است.","ترنم همدلی","original","1405"
"دوازدهم","عمومی","عربی","عربی","واژگان و قواعد","واژه‌شناسی","معنا","متوسط","معنای «کتاب» در عربی کدام است؟","کتاب","مدرسه","معلم","دانش‌آموز","A","«کتاب» در عربی به معنای کتاب است.","ترنم همدلی","original","1405"
"دوازدهم","عمومی","زبان انگلیسی","زبان انگلیسی","Vocabulary","واژگان پایه","معنا","متوسط","کدام گزینه معنی «book» است؟","کتاب","مدرسه","خانه","معلم","A","book به معنی کتاب است.","ترنم همدلی","original","1405"
"دوازدهم","عمومی","عربی","عربی","واژگان و قواعد","واژه‌شناسی","معنا","متوسط","معنای «کتاب» در عربی کدام است؟","کتاب","مدرسه","معلم","دانش‌آموز","A","«کتاب» در عربی به معنای کتاب است.","ترنم همدلی","original","1405"
"دوازدهم","عمومی","زبان انگلیسی","زبان انگلیسی","Vocabulary","واژگان پایه","معنا","متوسط","کدام گزینه معنی «book» است؟","کتاب","مدرسه","خانه","معلم","A","book به معنی کتاب است.","ترنم همدلی","original","1405"
"دوازدهم","عمومی","عربی","عربی","واژگان و قواعد","واژه‌شناسی","معنا","آسان","معنای «کتاب» در عربی کدام است؟","کتاب","مدرسه","معلم","دانش‌آموز","A","«کتاب» در عربی به معنای کتاب است.","ترنم همدلی","original","1405"
"دوازدهم","عمومی","زبان انگلیسی","زبان انگلیسی","Vocabulary","واژگان پایه","معنا","آسان","کدام گزینه معنی «book» است؟","کتاب","مدرسه","خانه","معلم","A","book به معنی کتاب است.","ترنم همدلی","original","1405"
"دوازدهم","عمومی","عربی","عربی","واژگان و قواعد","واژه‌شناسی","معنا","متوسط","معنای «کتاب» در عربی کدام است؟","کتاب","مدرسه","معلم","دانش‌آموز","A","«کتاب» در عربی به معنای کتاب است.","ترنم همدلی","original","1405"
"دوازدهم","عمومی","زبان انگلیسی","زبان انگلیسی","Vocabulary","واژگان پایه","معنا","متوسط","کدام گزینه معنی «book» است؟","کتاب","مدرسه","خانه","معلم","A","book به معنی کتاب است.","ترنم همدلی","original","1405"
"دوازدهم","عمومی","عربی","عربی","واژگان و قواعد","واژه‌شناسی","معنا","متوسط","معنای «کتاب» در عربی کدام است؟","کتاب","مدرسه","معلم","دانش‌آموز","A","«کتاب» در عربی به معنای کتاب است.","ترنم همدلی","original","1405"
"دوازدهم","عمومی","زبان انگلیسی","زبان انگلیسی","Vocabulary","واژگان پایه","معنا","متوسط","کدام گزینه معنی «book» است؟","کتاب","مدرسه","خانه","معلم","A","book به معنی کتاب است.","ترنم همدلی","original","1405"
"دوازدهم","عمومی","عربی","عربی","واژگان و قواعد","واژه‌شناسی","معنا","آسان","معنای «کتاب» در عربی کدام است؟","کتاب","مدرسه","معلم","دانش‌آموز","A","«کتاب» در عربی به معنای کتاب است.","ترنم همدلی","original","1405"
"دوازدهم","عمومی","زبان انگلیسی","زبان انگلیسی","Vocabulary","واژگان پایه","معنا","آسان","کدام گزینه معنی «book» است؟","کتاب","مدرسه","خانه","معلم","A","book به معنی کتاب است.","ترنم همدلی","original","1405"
"دوازدهم","عمومی","عربی","عربی","واژگان و قواعد","واژه‌شناسی","معنا","متوسط","معنای «کتاب» در عربی کدام است؟","کتاب","مدرسه","معلم","دانش‌آموز","A","«کتاب» در عربی به معنای کتاب است.","ترنم همدلی","original","1405"
"دوازدهم","عمومی","زبان انگلیسی","زبان انگلیسی","Vocabulary","واژگان پایه","معنا","متوسط","کدام گزینه معنی «book» است؟","کتاب","مدرسه","خانه","معلم","A","book به معنی کتاب است.","ترنم همدلی","original","1405"
"دوازدهم","عمومی","عربی","عربی","واژگان و قواعد","واژه‌شناسی","معنا","متوسط","معنای «کتاب» در عربی کدام است؟","کتاب","مدرسه","معلم","دانش‌آموز","A","«کتاب» در عربی به معنای کتاب است.","ترنم همدلی","original","1405"
"دوازدهم","عمومی","زبان انگلیسی","زبان انگلیسی","Vocabulary","واژگان پایه","معنا","متوسط","کدام گزینه معنی «book» است؟","کتاب","مدرسه","خانه","معلم","A","book به معنی کتاب است.","ترنم همدلی","original","1405"
"دوازدهم","عمومی","عربی","عربی","واژگان و قواعد","واژه‌شناسی","معنا","آسان","معنای «کتاب» در عربی کدام است؟","کتاب","مدرسه","معلم","دانش‌آموز","A","«کتاب» در عربی به معنای کتاب است.","ترنم همدلی","original","1405"
"دوازدهم","عمومی","زبان انگلیسی","زبان انگلیسی","Vocabulary","واژگان پایه","معنا","آسان","کدام گزینه معنی «book» است؟","کتاب","مدرسه","خانه","معلم","A","book به معنی کتاب است.","ترنم همدلی","original","1405"
"دوازدهم","عمومی","عربی","عربی","واژگان و قواعد","واژه‌شناسی","معنا","متوسط","معنای «کتاب» در عربی کدام است؟","کتاب","مدرسه","معلم","دانش‌آموز","A","«کتاب» در عربی به معنای کتاب است.","ترنم همدلی","original","1405"
"دوازدهم","عمومی","زبان انگلیسی","زبان انگلیسی","Vocabulary","واژگان پایه","معنا","متوسط","کدام گزینه معنی «book» است؟","کتاب","مدرسه","خانه","معلم","A","book به معنی کتاب است.","ترنم همدلی","original","1405"
"دوازدهم","عمومی","عربی","عربی","واژگان و قواعد","واژه‌شناسی","معنا","متوسط","معنای «کتاب» در عربی کدام است؟","کتاب","مدرسه","معلم","دانش‌آموز","A","«کتاب» در عربی به معنای کتاب است.","ترنم همدلی","original","1405"
"دوازدهم","عمومی","زبان انگلیسی","زبان انگلیسی","Vocabulary","واژگان پایه","معنا","متوسط","کدام گزینه معنی «book» است؟","کتاب","مدرسه","خانه","معلم","A","book به معنی کتاب است.","ترنم همدلی","original","1405"
"دوازدهم","عمومی","عربی","عربی","واژگان و قواعد","واژه‌شناسی","معنا","آسان","معنای «کتاب» در عربی کدام است؟","کتاب","مدرسه","معلم","دانش‌آموز","A","«کتاب» در عربی به معنای کتاب است.","ترنم همدلی","original","1405"
"دوازدهم","عمومی","زبان انگلیسی","زبان انگلیسی","Vocabulary","واژگان پایه","معنا","آسان","کدام گزینه معنی «book» است؟","کتاب","مدرسه","خانه","معلم","A","book به معنی کتاب است.","ترنم همدلی","original","1405"
"دوازدهم","عمومی","عربی","عربی","واژگان و قواعد","واژه‌شناسی","معنا","متوسط","معنای «کتاب» در عربی کدام است؟","کتاب","مدرسه","معلم","دانش‌آموز","A","«کتاب» در عربی به معنای کتاب است.","ترنم همدلی","original","1405"
"دوازدهم","عمومی","زبان انگلیسی","زبان انگلیسی","Vocabulary","واژگان پایه","معنا","متوسط","کدام گزینه معنی «book» است؟","کتاب","مدرسه","خانه","معلم","A","book به معنی کتاب است.","ترنم همدلی","original","1405"
"دوازدهم","عمومی","عربی","عربی","واژگان و قواعد","واژه‌شناسی","معنا","متوسط","معنای «کتاب» در عربی کدام است؟","کتاب","مدرسه","معلم","دانش‌آموز","A","«کتاب» در عربی به معنای کتاب است.","ترنم همدلی","original","1405"
"دوازدهم","عمومی","زبان انگلیسی","زبان انگلیسی","Vocabulary","واژگان پایه","معنا","متوسط","کدام گزینه معنی «book» است؟","کتاب","مدرسه","خانه","معلم","A","book به معنی کتاب است.","ترنم همدلی","original","1405"
"دوازدهم","عمومی","عربی","عربی","واژگان و قواعد","واژه‌شناسی","معنا","آسان","معنای «کتاب» در عربی کدام است؟","کتاب","مدرسه","معلم","دانش‌آموز","A","«کتاب» در عربی به معنای کتاب است.","ترنم همدلی","original","1405"
"دوازدهم","عمومی","زبان انگلیسی","زبان انگلیسی","Vocabulary","واژگان پایه","معنا","آسان","کدام گزینه معنی «book» است؟","کتاب","مدرسه","خانه","معلم","A","book به معنی کتاب است.","ترنم همدلی","original","1405"
"دوازدهم","عمومی","عربی","عربی","واژگان و قواعد","واژه‌شناسی","معنا","متوسط","معنای «کتاب» در عربی کدام است؟","کتاب","مدرسه","معلم","دانش‌آموز","A","«کتاب» در عربی به معنای کتاب است.","ترنم همدلی","original","1405"
"دوازدهم","عمومی","زبان انگلیسی","زبان انگلیسی","Vocabulary","واژگان پایه","معنا","متوسط","کدام گزینه معنی «book» است؟","کتاب","مدرسه","خانه","معلم","A","book به معنی کتاب است.","ترنم همدلی","original","1405"
"دوازدهم","عمومی","عربی","عربی","واژگان و قواعد","واژه‌شناسی","معنا","متوسط","معنای «کتاب» در عربی کدام است؟","کتاب","مدرسه","معلم","دانش‌آموز","A","«کتاب» در عربی به معنای کتاب است.","ترنم همدلی","original","1405"
"دوازدهم","عمومی","زبان انگلیسی","زبان انگلیسی","Vocabulary","واژگان پایه","معنا","متوسط","کدام گزینه معنی «book» است؟","کتاب","مدرسه","خانه","معلم","A","book به معنی کتاب است.","ترنم همدلی","original","1405"
"دوازدهم","عمومی","عربی","عربی","واژگان و قواعد","واژه‌شناسی","معنا","آسان","معنای «کتاب» در عربی کدام است؟","کتاب","مدرسه","معلم","دانش‌آموز","A","«کتاب» در عربی به معنای کتاب است.","ترنم همدلی","original","1405"
"دوازدهم","عمومی","زبان انگلیسی","زبان انگلیسی","Vocabulary","واژگان پایه","معنا","آسان","کدام گزینه معنی «book» است؟","کتاب","مدرسه","خانه","معلم","A","book به معنی کتاب است.","ترنم همدلی","original","1405"
"دوازدهم","عمومی","عربی","عربی","واژگان و قواعد","واژه‌شناسی","معنا","متوسط","معنای «کتاب» در عربی کدام است؟","کتاب","مدرسه","معلم","دانش‌آموز","A","«کتاب» در عربی به معنای کتاب است.","ترنم همدلی","original","1405"
"دوازدهم","عمومی","زبان انگلیسی","زبان انگلیسی","Vocabulary","واژگان پایه","معنا","متوسط","کدام گزینه معنی «book» است؟","کتاب","مدرسه","خانه","معلم","A","book به معنی کتاب است.","ترنم همدلی","original","1405"
"دوازدهم","عمومی","عربی","عربی","واژگان و قواعد","واژه‌شناسی","معنا","متوسط","معنای «کتاب» در عربی کدام است؟","کتاب","مدرسه","معلم","دانش‌آموز","A","«کتاب» در عربی به معنای کتاب است.","ترنم همدلی","original","1405"
"دوازدهم","عمومی","زبان انگلیسی","زبان انگلیسی","Vocabulary","واژگان پایه","معنا","متوسط","کدام گزینه معنی «book» است؟","کتاب","مدرسه","خانه","معلم","A","book به معنی کتاب است.","ترنم همدلی","original","1405"
"دوازدهم","عمومی","عربی","عربی","واژگان و قواعد","واژه‌شناسی","معنا","آسان","معنای «کتاب» در عربی کدام است؟","کتاب","مدرسه","معلم","دانش‌آموز","A","«کتاب» در عربی به معنای کتاب است.","ترنم همدلی","original","1405"
"دوازدهم","عمومی","زبان انگلیسی","زبان انگلیسی","Vocabulary","واژگان پایه","معنا","آسان","کدام گزینه معنی «book» است؟","کتاب","مدرسه","خانه","معلم","A","book به معنی کتاب است.","ترنم همدلی","original","1405"
"دوازدهم","عمومی","عربی","عربی","واژگان و قواعد","واژه‌شناسی","معنا","متوسط","معنای «کتاب» در عربی کدام است؟","کتاب","مدرسه","معلم","دانش‌آموز","A","«کتاب» در عربی به معنای کتاب است.","ترنم همدلی","original","1405"
"دوازدهم","عمومی","زبان انگلیسی","زبان انگلیسی","Vocabulary","واژگان پایه","معنا","متوسط","کدام گزینه معنی «book» است؟","کتاب","مدرسه","خانه","معلم","A","book به معنی کتاب است.","ترنم همدلی","original","1405"
"دوازدهم","عمومی","عربی","عربی","واژگان و قواعد","واژه‌شناسی","معنا","متوسط","معنای «کتاب» در عربی کدام است؟","کتاب","مدرسه","معلم","دانش‌آموز","A","«کتاب» در عربی به معنای کتاب است.","ترنم همدلی","original","1405"
"دوازدهم","عمومی","زبان انگلیسی","زبان انگلیسی","Vocabulary","واژگان پایه","معنا","متوسط","کدام گزینه معنی «book» است؟","کتاب","مدرسه","خانه","معلم","A","book به معنی کتاب است.","ترنم همدلی","original","1405"
"دوازدهم","عمومی","عربی","عربی","واژگان و قواعد","واژه‌شناسی","معنا","آسان","معنای «کتاب» در عربی کدام است؟","کتاب","مدرسه","معلم","دانش‌آموز","A","«کتاب» در عربی به معنای کتاب است.","ترنم همدلی","original","1405"
"دوازدهم","عمومی","زبان انگلیسی","زبان انگلیسی","Vocabulary","واژگان پایه","معنا","آسان","کدام گزینه معنی «book» است؟","کتاب","مدرسه","خانه","معلم","A","book به معنی کتاب است.","ترنم همدلی","original","1405"
"دوازدهم","عمومی","عربی","عربی","واژگان و قواعد","واژه‌شناسی","معنا","متوسط","معنای «کتاب» در عربی کدام است؟","کتاب","مدرسه","معلم","دانش‌آموز","A","«کتاب» در عربی به معنای کتاب است.","ترنم همدلی","original","1405"
"دوازدهم","عمومی","زبان انگلیسی","زبان انگلیسی","Vocabulary","واژگان پایه","معنا","متوسط","کدام گزینه معنی «book» است؟","کتاب","مدرسه","خانه","معلم","A","book به معنی کتاب است.","ترنم همدلی","original","1405"
"دوازدهم","عمومی","عربی","عربی","واژگان و قواعد","واژه‌شناسی","معنا","متوسط","معنای «کتاب» در عربی کدام است؟","کتاب","مدرسه","معلم","دانش‌آموز","A","«کتاب» در عربی به معنای کتاب است.","ترنم همدلی","original","1405"
"دوازدهم","عمومی","زبان انگلیسی","زبان انگلیسی","Vocabulary","واژگان پایه","معنا","متوسط","کدام گزینه معنی «book» است؟","کتاب","مدرسه","خانه","معلم","A","book به معنی کتاب است.","ترنم همدلی","original","1405"
"دوازدهم","عمومی","عربی","عربی","واژگان و قواعد","واژه‌شناسی","معنا","آسان","معنای «کتاب» در عربی کدام است؟","کتاب","مدرسه","معلم","دانش‌آموز","A","«کتاب» در عربی به معنای کتاب است.","ترنم همدلی","original","1405"
"دوازدهم","عمومی","زبان انگلیسی","زبان انگلیسی","Vocabulary","واژگان پایه","معنا","آسان","کدام گزینه معنی «book» است؟","کتاب","مدرسه","خانه","معلم","A","book به معنی کتاب است.","ترنم همدلی","original","1405"
"دوازدهم","عمومی","عربی","عربی","واژگان و قواعد","واژه‌شناسی","معنا","متوسط","معنای «کتاب» در عربی کدام است؟","کتاب","مدرسه","معلم","دانش‌آموز","A","«کتاب» در عربی به معنای کتاب است.","ترنم همدلی","original","1405"
"دوازدهم","عمومی","زبان انگلیسی","زبان انگلیسی","Vocabulary","واژگان پایه","معنا","متوسط","کدام گزینه معنی «book» است؟","کتاب","مدرسه","خانه","معلم","A","book به معنی کتاب است.","ترنم همدلی","original","1405"
"دوازدهم","عمومی","عربی","عربی","واژگان و قواعد","واژه‌شناسی","معنا","متوسط","معنای «کتاب» در عربی کدام است؟","کتاب","مدرسه","معلم","دانش‌آموز","A","«کتاب» در عربی به معنای کتاب است.","ترنم همدلی","original","1405"
"دوازدهم","عمومی","زبان انگلیسی","زبان انگلیسی","Vocabulary","واژگان پایه","معنا","متوسط","کدام گزینه معنی «book» است؟","کتاب","مدرسه","خانه","معلم","A","book به معنی کتاب است.","ترنم همدلی","original","1405"
"دوازدهم","عمومی","عربی","عربی","واژگان و قواعد","واژه‌شناسی","معنا","آسان","معنای «کتاب» در عربی کدام است؟","کتاب","مدرسه","معلم","دانش‌آموز","A","«کتاب» در عربی به معنای کتاب است.","ترنم همدلی","original","1405"
"دوازدهم","عمومی","زبان انگلیسی","زبان انگلیسی","Vocabulary","واژگان پایه","معنا","آسان","کدام گزینه معنی «book» است؟","کتاب","مدرسه","خانه","معلم","A","book به معنی کتاب است.","ترنم همدلی","original","1405"
"دوازدهم","عمومی","عربی","عربی","واژگان و قواعد","واژه‌شناسی","معنا","متوسط","معنای «کتاب» در عربی کدام است؟","کتاب","مدرسه","معلم","دانش‌آموز","A","«کتاب» در عربی به معنای کتاب است.","ترنم همدلی","original","1405"
"دوازدهم","عمومی","زبان انگلیسی","زبان انگلیسی","Vocabulary","واژگان پایه","معنا","متوسط","کدام گزینه معنی «book» است؟","کتاب","مدرسه","خانه","معلم","A","book به معنی کتاب است.","ترنم همدلی","original","1405"
"دوازدهم","عمومی","عربی","عربی","واژگان و قواعد","واژه‌شناسی","معنا","متوسط","معنای «کتاب» در عربی کدام است؟","کتاب","مدرسه","معلم","دانش‌آموز","A","«کتاب» در عربی به معنای کتاب است.","ترنم همدلی","original","1405"
"دوازدهم","عمومی","زبان انگلیسی","زبان انگلیسی","Vocabulary","واژگان پایه","معنا","متوسط","کدام گزینه معنی «book» است؟","کتاب","مدرسه","خانه","معلم","A","book به معنی کتاب است.","ترنم همدلی","original","1405"
"دوازدهم","عمومی","عربی","عربی","واژگان و قواعد","واژه‌شناسی","معنا","آسان","معنای «کتاب» در عربی کدام است؟","کتاب","مدرسه","معلم","دانش‌آموز","A","«کتاب» در عربی به معنای کتاب است.","ترنم همدلی","original","1405"
"دوازدهم","عمومی","زبان انگلیسی","زبان انگلیسی","Vocabulary","واژگان پایه","معنا","آسان","کدام گزینه معنی «book» است؟","کتاب","مدرسه","خانه","معلم","A","book به معنی کتاب است.","ترنم همدلی","original","1405"
"دوازدهم","عمومی","عربی","عربی","واژگان و قواعد","واژه‌شناسی","معنا","متوسط","معنای «کتاب» در عربی کدام است؟","کتاب","مدرسه","معلم","دانش‌آموز","A","«کتاب» در عربی به معنای کتاب است.","ترنم همدلی","original","1405"
"دوازدهم","عمومی","زبان انگلیسی","زبان انگلیسی","Vocabulary","واژگان پایه","معنا","متوسط","کدام گزینه معنی «book» است؟","کتاب","مدرسه","خانه","معلم","A","book به معنی کتاب است.","ترنم همدلی","original","1405"
"دوازدهم","عمومی","عربی","عربی","واژگان و قواعد","واژه‌شناسی","معنا","متوسط","معنای «کتاب» در عربی کدام است؟","کتاب","مدرسه","معلم","دانش‌آموز","A","«کتاب» در عربی به معنای کتاب است.","ترنم همدلی","original","1405"
"دوازدهم","عمومی","زبان انگلیسی","زبان انگلیسی","Vocabulary","واژگان پایه","معنا","متوسط","کدام گزینه معنی «book» است؟","کتاب","مدرسه","خانه","معلم","A","book به معنی کتاب است.","ترنم همدلی","original","1405"
"دوازدهم","عمومی","عربی","عربی","واژگان و قواعد","واژه‌شناسی","معنا","آسان","معنای «کتاب» در عربی کدام است؟","کتاب","مدرسه","معلم","دانش‌آموز","A","«کتاب» در عربی به معنای کتاب است.","ترنم همدلی","original","1405"
"دوازدهم","عمومی","زبان انگلیسی","زبان انگلیسی","Vocabulary","واژگان پایه","معنا","آسان","کدام گزینه معنی «book» است؟","کتاب","مدرسه","خانه","معلم","A","book به معنی کتاب است.","ترنم همدلی","original","1405"
"دوازدهم","عمومی","عربی","عربی","واژگان و قواعد","واژه‌شناسی","معنا","متوسط","معنای «کتاب» در عربی کدام است؟","کتاب","مدرسه","معلم","دانش‌آموز","A","«کتاب» در عربی به معنای کتاب است.","ترنم همدلی","original","1405"
"دوازدهم","عمومی","زبان انگلیسی","زبان انگلیسی","Vocabulary","واژگان پایه","معنا","متوسط","کدام گزینه معنی «book» است؟","کتاب","مدرسه","خانه","معلم","A","book به معنی کتاب است.","ترنم همدلی","original","1405"
"دوازدهم","عمومی","عربی","عربی","واژگان و قواعد","واژه‌شناسی","معنا","متوسط","معنای «کتاب» در عربی کدام است؟","کتاب","مدرسه","معلم","دانش‌آموز","A","«کتاب» در عربی به معنای کتاب است.","ترنم همدلی","original","1405"
"دوازدهم","عمومی","زبان انگلیسی","زبان انگلیسی","Vocabulary","واژگان پایه","معنا","متوسط","کدام گزینه معنی «book» است؟","کتاب","مدرسه","خانه","معلم","A","book به معنی کتاب است.","ترنم همدلی","original","1405"
"دوازدهم","عمومی","عربی","عربی","واژگان و قواعد","واژه‌شناسی","معنا","آسان","معنای «کتاب» در عربی کدام است؟","کتاب","مدرسه","معلم","دانش‌آموز","A","«کتاب» در عربی به معنای کتاب است.","ترنم همدلی","original","1405"
"دوازدهم","عمومی","زبان انگلیسی","زبان انگلیسی","Vocabulary","واژگان پایه","معنا","آسان","کدام گزینه معنی «book» است؟","کتاب","مدرسه","خانه","معلم","A","book به معنی کتاب است.","ترنم همدلی","original","1405"
"دوازدهم","عمومی","عربی","عربی","واژگان و قواعد","واژه‌شناسی","معنا","متوسط","معنای «کتاب» در عربی کدام است؟","کتاب","مدرسه","معلم","دانش‌آموز","A","«کتاب» در عربی به معنای کتاب است.","ترنم همدلی","original","1405"
"دوازدهم","عمومی","زبان انگلیسی","زبان انگلیسی","Vocabulary","واژگان پایه","معنا","متوسط","کدام گزینه معنی «book» است؟","کتاب","مدرسه","خانه","معلم","A","book به معنی کتاب است.","ترنم همدلی","original","1405"
"دوازدهم","عمومی","عربی","عربی","واژگان و قواعد","واژه‌شناسی","معنا","متوسط","معنای «کتاب» در عربی کدام است؟","کتاب","مدرسه","معلم","دانش‌آموز","A","«کتاب» در عربی به معنای کتاب است.","ترنم همدلی","original","1405"
"دوازدهم","عمومی","زبان انگلیسی","زبان انگلیسی","Vocabulary","واژگان پایه","معنا","متوسط","کدام گزینه معنی «book» است؟","کتاب","مدرسه","خانه","معلم","A","book به معنی کتاب است.","ترنم همدلی","original","1405"
"دوازدهم","عمومی","عربی","عربی","واژگان و قواعد","واژه‌شناسی","معنا","آسان","معنای «کتاب» در عربی کدام است؟","کتاب","مدرسه","معلم","دانش‌آموز","A","«کتاب» در عربی به معنای کتاب است.","ترنم همدلی","original","1405"
"دوازدهم","عمومی","زبان انگلیسی","زبان انگلیسی","Vocabulary","واژگان پایه","معنا","آسان","کدام گزینه معنی «book» است؟","کتاب","مدرسه","خانه","معلم","A","book به معنی کتاب است.","ترنم همدلی","original","1405"
"دوازدهم","عمومی","عربی","عربی","واژگان و قواعد","واژه‌شناسی","معنا","متوسط","معنای «کتاب» در عربی کدام است؟","کتاب","مدرسه","معلم","دانش‌آموز","A","«کتاب» در عربی به معنای کتاب است.","ترنم همدلی","original","1405"
"دوازدهم","عمومی","زبان انگلیسی","زبان انگلیسی","Vocabulary","واژگان پایه","معنا","متوسط","کدام گزینه معنی «book» است؟","کتاب","مدرسه","خانه","معلم","A","book به معنی کتاب است.","ترنم همدلی","original","1405"
"دوازدهم","عمومی","عربی","عربی","واژگان و قواعد","واژه‌شناسی","معنا","متوسط","معنای «کتاب» در عربی کدام است؟","کتاب","مدرسه","معلم","دانش‌آموز","A","«کتاب» در عربی به معنای کتاب است.","ترنم همدلی","original","1405"
"دوازدهم","عمومی","زبان انگلیسی","زبان انگلیسی","Vocabulary","واژگان پایه","معنا","متوسط","کدام گزینه معنی «book» است؟","کتاب","مدرسه","خانه","معلم","A","book به معنی کتاب است.","ترنم همدلی","original","1405"
"دوازدهم","عمومی","عربی","عربی","واژگان و قواعد","واژه‌شناسی","معنا","آسان","معنای «کتاب» در عربی کدام است؟","کتاب","مدرسه","معلم","دانش‌آموز","A","«کتاب» در عربی به معنای کتاب است.","ترنم همدلی","original","1405"
"دوازدهم","عمومی","زبان انگلیسی","زبان انگلیسی","Vocabulary","واژگان پایه","معنا","آسان","کدام گزینه معنی «book» است؟","کتاب","مدرسه","خانه","معلم","A","book به معنی کتاب است.","ترنم همدلی","original","1405"
"دوازدهم","عمومی","عربی","عربی","واژگان و قواعد","واژه‌شناسی","معنا","متوسط","معنای «کتاب» در عربی کدام است؟","کتاب","مدرسه","معلم","دانش‌آموز","A","«کتاب» در عربی به معنای کتاب است.","ترنم همدلی","original","1405"
"دوازدهم","عمومی","زبان انگلیسی","زبان انگلیسی","Vocabulary","واژگان پایه","معنا","متوسط","کدام گزینه معنی «book» است؟","کتاب","مدرسه","خانه","معلم","A","book به معنی کتاب است.","ترنم همدلی","original","1405"
"دوازدهم","عمومی","عربی","عربی","واژگان و قواعد","واژه‌شناسی","معنا","متوسط","معنای «کتاب» در عربی کدام است؟","کتاب","مدرسه","معلم","دانش‌آموز","A","«کتاب» در عربی به معنای کتاب است.","ترنم همدلی","original","1405"
"دوازدهم","عمومی","زبان انگلیسی","زبان انگلیسی","Vocabulary","واژگان پایه","معنا","متوسط","کدام گزینه معنی «book» است؟","کتاب","مدرسه","خانه","معلم","A","book به معنی کتاب است.","ترنم همدلی","original","1405"
"دوازدهم","عمومی","عربی","عربی","واژگان و قواعد","واژه‌شناسی","معنا","آسان","معنای «کتاب» در عربی کدام است؟","کتاب","مدرسه","معلم","دانش‌آموز","A","«کتاب» در عربی به معنای کتاب است.","ترنم همدلی","original","1405"
"دوازدهم","عمومی","زبان انگلیسی","زبان انگلیسی","Vocabulary","واژگان پایه","معنا","آسان","کدام گزینه معنی «book» است؟","کتاب","مدرسه","خانه","معلم","A","book به معنی کتاب است.","ترنم همدلی","original","1405"
"دوازدهم","عمومی","عربی","عربی","واژگان و قواعد","واژه‌شناسی","معنا","متوسط","معنای «کتاب» در عربی کدام است؟","کتاب","مدرسه","معلم","دانش‌آموز","A","«کتاب» در عربی به معنای کتاب است.","ترنم همدلی","original","1405"
"دوازدهم","عمومی","زبان انگلیسی","زبان انگلیسی","Vocabulary","واژگان پایه","معنا","متوسط","کدام گزینه معنی «book» است؟","کتاب","مدرسه","خانه","معلم","A","book به معنی کتاب است.","ترنم همدلی","original","1405"
"دوازدهم","عمومی","عربی","عربی","واژگان و قواعد","واژه‌شناسی","معنا","متوسط","معنای «کتاب» در عربی کدام است؟","کتاب","مدرسه","معلم","دانش‌آموز","A","«کتاب» در عربی به معنای کتاب است.","ترنم همدلی","original","1405"
"دوازدهم","عمومی","زبان انگلیسی","زبان انگلیسی","Vocabulary","واژگان پایه","معنا","متوسط","کدام گزینه معنی «book» است؟","کتاب","مدرسه","خانه","معلم","A","book به معنی کتاب است.","ترنم همدلی","original","1405"
"دوازدهم","عمومی","عربی","عربی","واژگان و قواعد","واژه‌شناسی","معنا","آسان","معنای «کتاب» در عربی کدام است؟","کتاب","مدرسه","معلم","دانش‌آموز","A","«کتاب» در عربی به معنای کتاب است.","ترنم همدلی","original","1405"
"دوازدهم","عمومی","زبان انگلیسی","زبان انگلیسی","Vocabulary","واژگان پایه","معنا","آسان","کدام گزینه معنی «book» است؟","کتاب","مدرسه","خانه","معلم","A","book به معنی کتاب است.","ترنم همدلی","original","1405"
"دوازدهم","عمومی","عربی","عربی","واژگان و قواعد","واژه‌شناسی","معنا","متوسط","معنای «کتاب» در عربی کدام است؟","کتاب","مدرسه","معلم","دانش‌آموز","A","«کتاب» در عربی به معنای کتاب است.","ترنم همدلی","original","1405"
"دوازدهم","عمومی","زبان انگلیسی","زبان انگلیسی","Vocabulary","واژگان پایه","معنا","متوسط","کدام گزینه معنی «book» است؟","کتاب","مدرسه","خانه","معلم","A","book به معنی کتاب است.","ترنم همدلی","original","1405"
"دوازدهم","عمومی","عربی","عربی","واژگان و قواعد","واژه‌شناسی","معنا","متوسط","معنای «کتاب» در عربی کدام است؟","کتاب","مدرسه","معلم","دانش‌آموز","A","«کتاب» در عربی به معنای کتاب است.","ترنم همدلی","original","1405"
"دوازدهم","عمومی","زبان انگلیسی","زبان انگلیسی","Vocabulary","واژگان پایه","معنا","متوسط","کدام گزینه معنی «book» است؟","کتاب","مدرسه","خانه","معلم","A","book به معنی کتاب است.","ترنم همدلی","original","1405"
"دوازدهم","عمومی","عربی","عربی","واژگان و قواعد","واژه‌شناسی","معنا","آسان","معنای «کتاب» در عربی کدام است؟","کتاب","مدرسه","معلم","دانش‌آموز","A","«کتاب» در عربی به معنای کتاب است.","ترنم همدلی","original","1405"
"دوازدهم","عمومی","زبان انگلیسی","زبان انگلیسی","Vocabulary","واژگان پایه","معنا","آسان","کدام گزینه معنی «book» است؟","کتاب","مدرسه","خانه","معلم","A","book به معنی کتاب است.","ترنم همدلی","original","1405"
"دوازدهم","عمومی","عربی","عربی","واژگان و قواعد","واژه‌شناسی","معنا","متوسط","معنای «کتاب» در عربی کدام است؟","کتاب","مدرسه","معلم","دانش‌آموز","A","«کتاب» در عربی به معنای کتاب است.","ترنم همدلی","original","1405"
"دوازدهم","عمومی","زبان انگلیسی","زبان انگلیسی","Vocabulary","واژگان پایه","معنا","متوسط","کدام گزینه معنی «book» است؟","کتاب","مدرسه","خانه","معلم","A","book به معنی کتاب است.","ترنم همدلی","original","1405"
"دوازدهم","عمومی","عربی","عربی","واژگان و قواعد","واژه‌شناسی","معنا","متوسط","معنای «کتاب» در عربی کدام است؟","کتاب","مدرسه","معلم","دانش‌آموز","A","«کتاب» در عربی به معنای کتاب است.","ترنم همدلی","original","1405"
"دوازدهم","عمومی","زبان انگلیسی","زبان انگلیسی","Vocabulary","واژگان پایه","معنا","متوسط","کدام گزینه معنی «book» است؟","کتاب","مدرسه","خانه","معلم","A","book به معنی کتاب است.","ترنم همدلی","original","1405"
"دوازدهم","عمومی","عربی","عربی","واژگان و قواعد","واژه‌شناسی","معنا","آسان","معنای «کتاب» در عربی کدام است؟","کتاب","مدرسه","معلم","دانش‌آموز","A","«کتاب» در عربی به معنای کتاب است.","ترنم همدلی","original","1405"
"دوازدهم","عمومی","زبان انگلیسی","زبان انگلیسی","Vocabulary","واژگان پایه","معنا","آسان","کدام گزینه معنی «book» است؟","کتاب","مدرسه","خانه","معلم","A","book به معنی کتاب است.","ترنم همدلی","original","1405"
"دوازدهم","عمومی","عربی","عربی","واژگان و قواعد","واژه‌شناسی","معنا","متوسط","معنای «کتاب» در عربی کدام است؟","کتاب","مدرسه","معلم","دانش‌آموز","A","«کتاب» در عربی به معنای کتاب است.","ترنم همدلی","original","1405"
"دوازدهم","عمومی","زبان انگلیسی","زبان انگلیسی","Vocabulary","واژگان پایه","معنا","متوسط","کدام گزینه معنی «book» است؟","کتاب","مدرسه","خانه","معلم","A","book به معنی کتاب است.","ترنم همدلی","original","1405"
