grade,track,subject,book,chapter,topic,subtopic,difficulty,question,option_a,option_b,option_c,option_d,correct_option,explanation,source,source_type,source_year
چهارم,,ریاضی,ریاضی,بانک پایه,ارزیابی مفهومی,,متوسط,حاصل  -3+8  کدام است؟,3,5,-5,11,B,-3+8=5.,ترنم همدلی,original,1405
چهارم,,ریاضی,ریاضی,بانک پایه,ارزیابی مفهومی,,متوسط,اگر x=4 باشد، مقدار 3x-2 چیست؟,8,10,12,14,B,3×4-2=10.,ترنم همدلی,original,1405
چهارم,,ریاضی,ریاضی,بانک پایه,ارزیابی مفهومی,,متوسط,کدام گزینه برابر 2^5 است؟,10,16,32,64,C,2^5=32.,ترنم همدلی,original,1405
چهارم,,ریاضی,ریاضی,بانک پایه,ارزیابی مفهومی,,متوسط,مجموع زاویه‌های داخلی مثلث چند درجه است؟,90,180,270,360,B,مجموع زاویه‌های داخلی مثلث 180 درجه است.,ترنم همدلی,original,1405
چهارم,,ریاضی,ریاضی,بانک پایه,ارزیابی مفهومی,,متوسط,25 درصد عدد 80 چند است؟,10,15,20,25,C,80×0.25=20.,ترنم همدلی,original,1405
چهارم,,ریاضی,ریاضی,بانک پایه,ارزیابی مفهومی,,متوسط,میانگین 4، 6 و 8 چند است؟,5,6,7,8,B,(4+6+8)÷3=6.,ترنم همدلی,original,1405
چهارم,,فارسی,فارسی,بانک پایه,ارزیابی مفهومی,,متوسط,کدام واژه با «کوشش» هم‌معنی است؟,تلاش,آرامش,دانش,آرایش,A,تلاش با کوشش هم‌معناست.,ترنم همدلی,original,1405
چهارم,,فارسی,فارسی,بانک پایه,ارزیابی مفهومی,,متوسط,در جمله «دانش‌آموز کتاب را خواند»، مفعول کدام است؟,دانش‌آموز,کتاب,خواند,را,B,کتاب مفعول است و «را» نشانه مفعول است.,ترنم همدلی,original,1405
چهارم,,فارسی,فارسی,بانک پایه,ارزیابی مفهومی,,متوسط,در «لبش چون لعل بود» کدام آرایه برجسته است؟,تشبیه,تضاد,جناس,کنایه,A,لب به لعل تشبیه شده است.,ترنم همدلی,original,1405
چهارم,,فارسی,فارسی,بانک پایه,ارزیابی مفهومی,,متوسط,کدام گزینه درست نوشته شده است؟,مسئول,مسول,مسئولل,مسعول,A,املای درست «مسئول» است.,ترنم همدلی,original,1405
چهارم,,فارسی,فارسی,بانک پایه,ارزیابی مفهومی,,متوسط,مفهوم «از تو حرکت، از خدا برکت» چیست؟,بی‌تلاشی,ضرورت تلاش,ترس از آینده,بی‌نظمی,B,ضرب‌المثل بر نقش تلاش انسان تأکید دارد.,ترنم همدلی,original,1405
چهارم,,فارسی,فارسی,بانک پایه,ارزیابی مفهومی,,متوسط,کدام مورد برای یک بند منسجم ضروری‌تر است؟,بی‌ربطی جمله‌ها,وحدت موضوع,تکرار واژه‌ها,حذف جمله اصلی,B,وحدت موضوع انسجام بند را بیشتر می‌کند.,ترنم همدلی,original,1405
چهارم,,مطالعات اجتماعی,مطالعات اجتماعی,بانک پایه,ارزیابی مفهومی,,متوسط,کدام مورد از عناصر آب‌وهواست؟,دما,تعداد مدرسه,تعداد خودرو,نوع زبان,A,دما از عناصر آب‌وهواست.,ترنم همدلی,original,1405
چهارم,,مطالعات اجتماعی,مطالعات اجتماعی,بانک پایه,ارزیابی مفهومی,,متوسط,منبع دست‌اول تاریخی کدام است؟,خاطرات شاهد رویداد,کتاب درسی جدید,خلاصه اینترنتی,نظر دانش‌آموز,A,خاطرات شاهد مستقیم منبع دست‌اول محسوب می‌شود.,ترنم همدلی,original,1405
چهارم,,مطالعات اجتماعی,مطالعات اجتماعی,بانک پایه,ارزیابی مفهومی,,متوسط,کدام مورد نمونه مسئولیت شهروندی است؟,رعایت قانون,بی‌توجهی به حقوق دیگران,تخریب اموال عمومی,فرار از مسئولیت,A,رعایت قانون از مسئولیت‌های شهروندی است.,ترنم همدلی,original,1405
چهارم,,مطالعات اجتماعی,مطالعات اجتماعی,بانک پایه,ارزیابی مفهومی,,متوسط,مقیاس نقشه چه چیزی را نشان می‌دهد؟,رابطه فاصله روی نقشه و واقعیت,جهت شمال,ارتفاع کوه,جمعیت شهر,A,مقیاس رابطه فاصله نقشه با فاصله واقعی را نشان می‌دهد.,ترنم همدلی,original,1405
چهارم,,مطالعات اجتماعی,مطالعات اجتماعی,بانک پایه,ارزیابی مفهومی,,متوسط,پس‌انداز چه فایده‌ای دارد؟,افزایش هزینه‌های غیرضروری,آمادگی برای نیازهای آینده,حذف بودجه,افزایش بدهی,B,پس‌انداز برای نیازهای آینده مفید است.,ترنم همدلی,original,1405
چهارم,,مطالعات اجتماعی,مطالعات اجتماعی,بانک پایه,ارزیابی مفهومی,,متوسط,قانون چه نقشی در جامعه دارد؟,ایجاد نظم,افزایش بی‌نظمی,حذف مسئولیت,کاهش همکاری,A,قانون به ایجاد نظم و تنظیم روابط کمک می‌کند.,ترنم همدلی,original,1405
پنجم,,ریاضی,ریاضی,بانک پایه,ارزیابی مفهومی,,متوسط,حاصل  -3+8  کدام است؟,3,5,-5,11,B,-3+8=5.,ترنم همدلی,original,1405
پنجم,,ریاضی,ریاضی,بانک پایه,ارزیابی مفهومی,,متوسط,اگر x=4 باشد، مقدار 3x-2 چیست؟,8,10,12,14,B,3×4-2=10.,ترنم همدلی,original,1405
پنجم,,ریاضی,ریاضی,بانک پایه,ارزیابی مفهومی,,متوسط,کدام گزینه برابر 2^5 است؟,10,16,32,64,C,2^5=32.,ترنم همدلی,original,1405
پنجم,,ریاضی,ریاضی,بانک پایه,ارزیابی مفهومی,,متوسط,مجموع زاویه‌های داخلی مثلث چند درجه است؟,90,180,270,360,B,مجموع زاویه‌های داخلی مثلث 180 درجه است.,ترنم همدلی,original,1405
پنجم,,ریاضی,ریاضی,بانک پایه,ارزیابی مفهومی,,متوسط,25 درصد عدد 80 چند است؟,10,15,20,25,C,80×0.25=20.,ترنم همدلی,original,1405
پنجم,,ریاضی,ریاضی,بانک پایه,ارزیابی مفهومی,,متوسط,میانگین 4، 6 و 8 چند است؟,5,6,7,8,B,(4+6+8)÷3=6.,ترنم همدلی,original,1405
پنجم,,فارسی,فارسی,بانک پایه,ارزیابی مفهومی,,متوسط,کدام واژه با «کوشش» هم‌معنی است؟,تلاش,آرامش,دانش,آرایش,A,تلاش با کوشش هم‌معناست.,ترنم همدلی,original,1405
پنجم,,فارسی,فارسی,بانک پایه,ارزیابی مفهومی,,متوسط,در جمله «دانش‌آموز کتاب را خواند»، مفعول کدام است؟,دانش‌آموز,کتاب,خواند,را,B,کتاب مفعول است و «را» نشانه مفعول است.,ترنم همدلی,original,1405
پنجم,,فارسی,فارسی,بانک پایه,ارزیابی مفهومی,,متوسط,در «لبش چون لعل بود» کدام آرایه برجسته است؟,تشبیه,تضاد,جناس,کنایه,A,لب به لعل تشبیه شده است.,ترنم همدلی,original,1405
پنجم,,فارسی,فارسی,بانک پایه,ارزیابی مفهومی,,متوسط,کدام گزینه درست نوشته شده است؟,مسئول,مسول,مسئولل,مسعول,A,املای درست «مسئول» است.,ترنم همدلی,original,1405
پنجم,,فارسی,فارسی,بانک پایه,ارزیابی مفهومی,,متوسط,مفهوم «از تو حرکت، از خدا برکت» چیست؟,بی‌تلاشی,ضرورت تلاش,ترس از آینده,بی‌نظمی,B,ضرب‌المثل بر نقش تلاش انسان تأکید دارد.,ترنم همدلی,original,1405
پنجم,,فارسی,فارسی,بانک پایه,ارزیابی مفهومی,,متوسط,کدام مورد برای یک بند منسجم ضروری‌تر است؟,بی‌ربطی جمله‌ها,وحدت موضوع,تکرار واژه‌ها,حذف جمله اصلی,B,وحدت موضوع انسجام بند را بیشتر می‌کند.,ترنم همدلی,original,1405
پنجم,,مطالعات اجتماعی,مطالعات اجتماعی,بانک پایه,ارزیابی مفهومی,,متوسط,کدام مورد از عناصر آب‌وهواست؟,دما,تعداد مدرسه,تعداد خودرو,نوع زبان,A,دما از عناصر آب‌وهواست.,ترنم همدلی,original,1405
پنجم,,مطالعات اجتماعی,مطالعات اجتماعی,بانک پایه,ارزیابی مفهومی,,متوسط,منبع دست‌اول تاریخی کدام است؟,خاطرات شاهد رویداد,کتاب درسی جدید,خلاصه اینترنتی,نظر دانش‌آموز,A,خاطرات شاهد مستقیم منبع دست‌اول محسوب می‌شود.,ترنم همدلی,original,1405
پنجم,,مطالعات اجتماعی,مطالعات اجتماعی,بانک پایه,ارزیابی مفهومی,,متوسط,کدام مورد نمونه مسئولیت شهروندی است؟,رعایت قانون,بی‌توجهی به حقوق دیگران,تخریب اموال عمومی,فرار از مسئولیت,A,رعایت قانون از مسئولیت‌های شهروندی است.,ترنم همدلی,original,1405
پنجم,,مطالعات اجتماعی,مطالعات اجتماعی,بانک پایه,ارزیابی مفهومی,,متوسط,مقیاس نقشه چه چیزی را نشان می‌دهد؟,رابطه فاصله روی نقشه و واقعیت,جهت شمال,ارتفاع کوه,جمعیت شهر,A,مقیاس رابطه فاصله نقشه با فاصله واقعی را نشان می‌دهد.,ترنم همدلی,original,1405
پنجم,,مطالعات اجتماعی,مطالعات اجتماعی,بانک پایه,ارزیابی مفهومی,,متوسط,پس‌انداز چه فایده‌ای دارد؟,افزایش هزینه‌های غیرضروری,آمادگی برای نیازهای آینده,حذف بودجه,افزایش بدهی,B,پس‌انداز برای نیازهای آینده مفید است.,ترنم همدلی,original,1405
پنجم,,مطالعات اجتماعی,مطالعات اجتماعی,بانک پایه,ارزیابی مفهومی,,متوسط,قانون چه نقشی در جامعه دارد؟,ایجاد نظم,افزایش بی‌نظمی,حذف مسئولیت,کاهش همکاری,A,قانون به ایجاد نظم و تنظیم روابط کمک می‌کند.,ترنم همدلی,original,1405
ششم,,ریاضی,ریاضی,بانک پایه,ارزیابی مفهومی,,متوسط,حاصل  -3+8  کدام است؟,3,5,-5,11,B,-3+8=5.,ترنم همدلی,original,1405
ششم,,ریاضی,ریاضی,بانک پایه,ارزیابی مفهومی,,متوسط,اگر x=4 باشد، مقدار 3x-2 چیست؟,8,10,12,14,B,3×4-2=10.,ترنم همدلی,original,1405
ششم,,ریاضی,ریاضی,بانک پایه,ارزیابی مفهومی,,متوسط,کدام گزینه برابر 2^5 است؟,10,16,32,64,C,2^5=32.,ترنم همدلی,original,1405
ششم,,ریاضی,ریاضی,بانک پایه,ارزیابی مفهومی,,متوسط,مجموع زاویه‌های داخلی مثلث چند درجه است؟,90,180,270,360,B,مجموع زاویه‌های داخلی مثلث 180 درجه است.,ترنم همدلی,original,1405
ششم,,ریاضی,ریاضی,بانک پایه,ارزیابی مفهومی,,متوسط,25 درصد عدد 80 چند است؟,10,15,20,25,C,80×0.25=20.,ترنم همدلی,original,1405
ششم,,ریاضی,ریاضی,بانک پایه,ارزیابی مفهومی,,متوسط,میانگین 4، 6 و 8 چند است؟,5,6,7,8,B,(4+6+8)÷3=6.,ترنم همدلی,original,1405
ششم,,فارسی,فارسی,بانک پایه,ارزیابی مفهومی,,متوسط,کدام واژه با «کوشش» هم‌معنی است؟,تلاش,آرامش,دانش,آرایش,A,تلاش با کوشش هم‌معناست.,ترنم همدلی,original,1405
ششم,,فارسی,فارسی,بانک پایه,ارزیابی مفهومی,,متوسط,در جمله «دانش‌آموز کتاب را خواند»، مفعول کدام است؟,دانش‌آموز,کتاب,خواند,را,B,کتاب مفعول است و «را» نشانه مفعول است.,ترنم همدلی,original,1405
ششم,,فارسی,فارسی,بانک پایه,ارزیابی مفهومی,,متوسط,در «لبش چون لعل بود» کدام آرایه برجسته است؟,تشبیه,تضاد,جناس,کنایه,A,لب به لعل تشبیه شده است.,ترنم همدلی,original,1405
ششم,,فارسی,فارسی,بانک پایه,ارزیابی مفهومی,,متوسط,کدام گزینه درست نوشته شده است؟,مسئول,مسول,مسئولل,مسعول,A,املای درست «مسئول» است.,ترنم همدلی,original,1405
ششم,,فارسی,فارسی,بانک پایه,ارزیابی مفهومی,,متوسط,مفهوم «از تو حرکت، از خدا برکت» چیست؟,بی‌تلاشی,ضرورت تلاش,ترس از آینده,بی‌نظمی,B,ضرب‌المثل بر نقش تلاش انسان تأکید دارد.,ترنم همدلی,original,1405
ششم,,فارسی,فارسی,بانک پایه,ارزیابی مفهومی,,متوسط,کدام مورد برای یک بند منسجم ضروری‌تر است؟,بی‌ربطی جمله‌ها,وحدت موضوع,تکرار واژه‌ها,حذف جمله اصلی,B,وحدت موضوع انسجام بند را بیشتر می‌کند.,ترنم همدلی,original,1405
ششم,,مطالعات اجتماعی,مطالعات اجتماعی,بانک پایه,ارزیابی مفهومی,,متوسط,کدام مورد از عناصر آب‌وهواست؟,دما,تعداد مدرسه,تعداد خودرو,نوع زبان,A,دما از عناصر آب‌وهواست.,ترنم همدلی,original,1405
ششم,,مطالعات اجتماعی,مطالعات اجتماعی,بانک پایه,ارزیابی مفهومی,,متوسط,منبع دست‌اول تاریخی کدام است؟,خاطرات شاهد رویداد,کتاب درسی جدید,خلاصه اینترنتی,نظر دانش‌آموز,A,خاطرات شاهد مستقیم منبع دست‌اول محسوب می‌شود.,ترنم همدلی,original,1405
ششم,,مطالعات اجتماعی,مطالعات اجتماعی,بانک پایه,ارزیابی مفهومی,,متوسط,کدام مورد نمونه مسئولیت شهروندی است؟,رعایت قانون,بی‌توجهی به حقوق دیگران,تخریب اموال عمومی,فرار از مسئولیت,A,رعایت قانون از مسئولیت‌های شهروندی است.,ترنم همدلی,original,1405
ششم,,مطالعات اجتماعی,مطالعات اجتماعی,بانک پایه,ارزیابی مفهومی,,متوسط,مقیاس نقشه چه چیزی را نشان می‌دهد؟,رابطه فاصله روی نقشه و واقعیت,جهت شمال,ارتفاع کوه,جمعیت شهر,A,مقیاس رابطه فاصله نقشه با فاصله واقعی را نشان می‌دهد.,ترنم همدلی,original,1405
ششم,,مطالعات اجتماعی,مطالعات اجتماعی,بانک پایه,ارزیابی مفهومی,,متوسط,پس‌انداز چه فایده‌ای دارد؟,افزایش هزینه‌های غیرضروری,آمادگی برای نیازهای آینده,حذف بودجه,افزایش بدهی,B,پس‌انداز برای نیازهای آینده مفید است.,ترنم همدلی,original,1405
ششم,,مطالعات اجتماعی,مطالعات اجتماعی,بانک پایه,ارزیابی مفهومی,,متوسط,قانون چه نقشی در جامعه دارد؟,ایجاد نظم,افزایش بی‌نظمی,حذف مسئولیت,کاهش همکاری,A,قانون به ایجاد نظم و تنظیم روابط کمک می‌کند.,ترنم همدلی,original,1405
هفتم,,ریاضی,ریاضی,بانک پایه,ارزیابی مفهومی,,متوسط,حاصل  -3+8  کدام است؟,3,5,-5,11,B,-3+8=5.,ترنم همدلی,original,1405
هفتم,,ریاضی,ریاضی,بانک پایه,ارزیابی مفهومی,,متوسط,اگر x=4 باشد، مقدار 3x-2 چیست؟,8,10,12,14,B,3×4-2=10.,ترنم همدلی,original,1405
هفتم,,ریاضی,ریاضی,بانک پایه,ارزیابی مفهومی,,متوسط,کدام گزینه برابر 2^5 است؟,10,16,32,64,C,2^5=32.,ترنم همدلی,original,1405
هفتم,,ریاضی,ریاضی,بانک پایه,ارزیابی مفهومی,,متوسط,مجموع زاویه‌های داخلی مثلث چند درجه است؟,90,180,270,360,B,مجموع زاویه‌های داخلی مثلث 180 درجه است.,ترنم همدلی,original,1405
هفتم,,ریاضی,ریاضی,بانک پایه,ارزیابی مفهومی,,متوسط,25 درصد عدد 80 چند است؟,10,15,20,25,C,80×0.25=20.,ترنم همدلی,original,1405
هفتم,,ریاضی,ریاضی,بانک پایه,ارزیابی مفهومی,,متوسط,میانگین 4، 6 و 8 چند است؟,5,6,7,8,B,(4+6+8)÷3=6.,ترنم همدلی,original,1405
هفتم,,فارسی,فارسی,بانک پایه,ارزیابی مفهومی,,متوسط,کدام واژه با «کوشش» هم‌معنی است؟,تلاش,آرامش,دانش,آرایش,A,تلاش با کوشش هم‌معناست.,ترنم همدلی,original,1405
هفتم,,فارسی,فارسی,بانک پایه,ارزیابی مفهومی,,متوسط,در جمله «دانش‌آموز کتاب را خواند»، مفعول کدام است؟,دانش‌آموز,کتاب,خواند,را,B,کتاب مفعول است و «را» نشانه مفعول است.,ترنم همدلی,original,1405
هفتم,,فارسی,فارسی,بانک پایه,ارزیابی مفهومی,,متوسط,در «لبش چون لعل بود» کدام آرایه برجسته است؟,تشبیه,تضاد,جناس,کنایه,A,لب به لعل تشبیه شده است.,ترنم همدلی,original,1405
هفتم,,فارسی,فارسی,بانک پایه,ارزیابی مفهومی,,متوسط,کدام گزینه درست نوشته شده است؟,مسئول,مسول,مسئولل,مسعول,A,املای درست «مسئول» است.,ترنم همدلی,original,1405
هفتم,,فارسی,فارسی,بانک پایه,ارزیابی مفهومی,,متوسط,مفهوم «از تو حرکت، از خدا برکت» چیست؟,بی‌تلاشی,ضرورت تلاش,ترس از آینده,بی‌نظمی,B,ضرب‌المثل بر نقش تلاش انسان تأکید دارد.,ترنم همدلی,original,1405
هفتم,,فارسی,فارسی,بانک پایه,ارزیابی مفهومی,,متوسط,کدام مورد برای یک بند منسجم ضروری‌تر است؟,بی‌ربطی جمله‌ها,وحدت موضوع,تکرار واژه‌ها,حذف جمله اصلی,B,وحدت موضوع انسجام بند را بیشتر می‌کند.,ترنم همدلی,original,1405
هفتم,,عربی,عربی,بانک پایه,ارزیابی مفهومی,,متوسط,معنی «هؤلاء الطلاب» چیست؟,آن دانش‌آموزان,این دانش‌آموزان,این معلم,آن معلمان,B,هؤلاء برای اشاره نزدیک جمع است.,ترنم همدلی,original,1405
هفتم,,عربی,عربی,بانک پایه,ارزیابی مفهومی,,متوسط,کدام گزینه برای مفرد مذکر نزدیک درست است؟,هذه,هؤلاء,هذا,ذلک,C,هذا برای مفرد مذکر نزدیک است.,ترنم همدلی,original,1405
هفتم,,عربی,عربی,بانک پایه,ارزیابی مفهومی,,متوسط,معنی «کَتَبَ» چیست؟,می‌نویسد,نوشت,خواهد نوشت,بخوان,B,کَتَبَ فعل ماضی به معنی نوشت است.,ترنم همدلی,original,1405
هفتم,,عربی,عربی,بانک پایه,ارزیابی مفهومی,,متوسط,جمع «کتاب» در عربی کدام است؟,کتابات,کتب,کاتبون,مکتب,B,جمع مکسر کتاب، کتب است.,ترنم همدلی,original,1405
هفتم,,عربی,عربی,بانک پایه,ارزیابی مفهومی,,متوسط,«هُوَ» به چه معناست؟,او مذکر,او مؤنث,آن دو,آنان,A,هو ضمیر مفرد مذکر است.,ترنم همدلی,original,1405
هفتم,,عربی,عربی,بانک پایه,ارزیابی مفهومی,,متوسط,در «الطالبُ المجتهدُ» کدام واژه صفت است؟,الطالب,المجتهد,ال,هیچ‌کدام,B,المجتهد صفت الطالب است.,ترنم همدلی,original,1405
هفتم,,انگلیسی,انگلیسی,بانک پایه,ارزیابی مفهومی,,متوسط,"meaning of ""book"" چیست؟",مدرسه,کتاب,دفتر,مداد,B,book یعنی کتاب.,ترنم همدلی,original,1405
هفتم,,انگلیسی,انگلیسی,بانک پایه,ارزیابی مفهومی,,متوسط,کدام جمله درست است؟,He are a student.,He is a student.,He am a student.,He be a student.,B,برای he از is استفاده می‌شود.,ترنم همدلی,original,1405
هفتم,,انگلیسی,انگلیسی,بانک پایه,ارزیابی مفهومی,,متوسط,گذشته فعل go کدام است؟,goed,gone,went,going,C,گذشته ساده go، went است.,ترنم همدلی,original,1405
هفتم,,انگلیسی,انگلیسی,بانک پایه,ارزیابی مفهومی,,متوسط,opposite of expensive چیست؟,cheap,large,strong,early,A,cheap متضاد expensive است.,ترنم همدلی,original,1405
هفتم,,انگلیسی,انگلیسی,بانک پایه,ارزیابی مفهومی,,متوسط,کدام ضمیر برای «مریم و من» مناسب است؟,he,she,we,it,C,برای مریم و من از we استفاده می‌شود.,ترنم همدلی,original,1405
هفتم,,انگلیسی,انگلیسی,بانک پایه,ارزیابی مفهومی,,متوسط,کدام جمله درست است؟,She play tennis.,She plays tennis.,She playing tennis.,She played tennis every day.,B,در سوم‌شخص مفرد فعل حال ساده معمولاً s می‌گیرد.,ترنم همدلی,original,1405
هفتم,,مطالعات اجتماعی,مطالعات اجتماعی,بانک پایه,ارزیابی مفهومی,,متوسط,کدام مورد از عناصر آب‌وهواست؟,دما,تعداد مدرسه,تعداد خودرو,نوع زبان,A,دما از عناصر آب‌وهواست.,ترنم همدلی,original,1405
هفتم,,مطالعات اجتماعی,مطالعات اجتماعی,بانک پایه,ارزیابی مفهومی,,متوسط,منبع دست‌اول تاریخی کدام است؟,خاطرات شاهد رویداد,کتاب درسی جدید,خلاصه اینترنتی,نظر دانش‌آموز,A,خاطرات شاهد مستقیم منبع دست‌اول محسوب می‌شود.,ترنم همدلی,original,1405
هفتم,,مطالعات اجتماعی,مطالعات اجتماعی,بانک پایه,ارزیابی مفهومی,,متوسط,کدام مورد نمونه مسئولیت شهروندی است؟,رعایت قانون,بی‌توجهی به حقوق دیگران,تخریب اموال عمومی,فرار از مسئولیت,A,رعایت قانون از مسئولیت‌های شهروندی است.,ترنم همدلی,original,1405
هفتم,,مطالعات اجتماعی,مطالعات اجتماعی,بانک پایه,ارزیابی مفهومی,,متوسط,مقیاس نقشه چه چیزی را نشان می‌دهد؟,رابطه فاصله روی نقشه و واقعیت,جهت شمال,ارتفاع کوه,جمعیت شهر,A,مقیاس رابطه فاصله نقشه با فاصله واقعی را نشان می‌دهد.,ترنم همدلی,original,1405
هفتم,,مطالعات اجتماعی,مطالعات اجتماعی,بانک پایه,ارزیابی مفهومی,,متوسط,پس‌انداز چه فایده‌ای دارد؟,افزایش هزینه‌های غیرضروری,آمادگی برای نیازهای آینده,حذف بودجه,افزایش بدهی,B,پس‌انداز برای نیازهای آینده مفید است.,ترنم همدلی,original,1405
هفتم,,مطالعات اجتماعی,مطالعات اجتماعی,بانک پایه,ارزیابی مفهومی,,متوسط,قانون چه نقشی در جامعه دارد؟,ایجاد نظم,افزایش بی‌نظمی,حذف مسئولیت,کاهش همکاری,A,قانون به ایجاد نظم و تنظیم روابط کمک می‌کند.,ترنم همدلی,original,1405
هفتم,,پیام‌های آسمان,پیام‌های آسمان,بانک پایه,ارزیابی مفهومی,,متوسط,توحید به چه معناست؟,یگانگی خداوند,تعدد خدایان,انکار خدا,پرستش انسان,A,توحید یعنی یگانگی خداوند.,ترنم همدلی,original,1405
هفتم,,پیام‌های آسمان,پیام‌های آسمان,بانک پایه,ارزیابی مفهومی,,متوسط,پیامبران برای چه هدفی فرستاده شدند؟,هدایت انسان,افزایش ثروت,رقابت سیاسی,حذف اختیار,A,هدف اصلی رسالت، هدایت انسان‌هاست.,ترنم همدلی,original,1405
هفتم,,پیام‌های آسمان,پیام‌های آسمان,بانک پایه,ارزیابی مفهومی,,متوسط,معاد به چه معناست؟,بازگشت و زندگی پس از مرگ,تولد دوباره زمین,تغییر فصل,سفر زمینی,A,معاد به زندگی پس از مرگ اشاره دارد.,ترنم همدلی,original,1405
هفتم,,پیام‌های آسمان,پیام‌های آسمان,بانک پایه,ارزیابی مفهومی,,متوسط,کدام رفتار نمونه امانت‌داری است؟,حفظ مال سپرده‌شده,پنهان کردن خیانت,تخریب مال دیگران,دروغ‌گویی,A,حفظ امانت نشانه امانت‌داری است.,ترنم همدلی,original,1405
هفتم,,پیام‌های آسمان,پیام‌های آسمان,بانک پایه,ارزیابی مفهومی,,متوسط,نماز در آموزه‌های اسلامی چه جایگاهی دارد؟,عبادت مهم,فعالیت اقتصادی,تفریح,درس مدرسه,A,نماز از عبادت‌های مهم اسلامی است.,ترنم همدلی,original,1405
هفتم,,پیام‌های آسمان,پیام‌های آسمان,بانک پایه,ارزیابی مفهومی,,متوسط,امر به معروف با چه هدفی انجام می‌شود؟,تقویت رفتار درست,تحقیر دیگران,ایجاد دشمنی,بی‌قانونی,A,هدف آن دعوت به کار نیک و اصلاح است.,ترنم همدلی,original,1405
هشتم,,ریاضی,ریاضی,بانک پایه,ارزیابی مفهومی,,متوسط,حاصل  -3+8  کدام است؟,3,5,-5,11,B,-3+8=5.,ترنم همدلی,original,1405
هشتم,,ریاضی,ریاضی,بانک پایه,ارزیابی مفهومی,,متوسط,اگر x=4 باشد، مقدار 3x-2 چیست؟,8,10,12,14,B,3×4-2=10.,ترنم همدلی,original,1405
هشتم,,ریاضی,ریاضی,بانک پایه,ارزیابی مفهومی,,متوسط,کدام گزینه برابر 2^5 است؟,10,16,32,64,C,2^5=32.,ترنم همدلی,original,1405
هشتم,,ریاضی,ریاضی,بانک پایه,ارزیابی مفهومی,,متوسط,مجموع زاویه‌های داخلی مثلث چند درجه است؟,90,180,270,360,B,مجموع زاویه‌های داخلی مثلث 180 درجه است.,ترنم همدلی,original,1405
هشتم,,ریاضی,ریاضی,بانک پایه,ارزیابی مفهومی,,متوسط,25 درصد عدد 80 چند است؟,10,15,20,25,C,80×0.25=20.,ترنم همدلی,original,1405
هشتم,,ریاضی,ریاضی,بانک پایه,ارزیابی مفهومی,,متوسط,میانگین 4، 6 و 8 چند است؟,5,6,7,8,B,(4+6+8)÷3=6.,ترنم همدلی,original,1405
هشتم,,فارسی,فارسی,بانک پایه,ارزیابی مفهومی,,متوسط,کدام واژه با «کوشش» هم‌معنی است؟,تلاش,آرامش,دانش,آرایش,A,تلاش با کوشش هم‌معناست.,ترنم همدلی,original,1405
هشتم,,فارسی,فارسی,بانک پایه,ارزیابی مفهومی,,متوسط,در جمله «دانش‌آموز کتاب را خواند»، مفعول کدام است؟,دانش‌آموز,کتاب,خواند,را,B,کتاب مفعول است و «را» نشانه مفعول است.,ترنم همدلی,original,1405
هشتم,,فارسی,فارسی,بانک پایه,ارزیابی مفهومی,,متوسط,در «لبش چون لعل بود» کدام آرایه برجسته است؟,تشبیه,تضاد,جناس,کنایه,A,لب به لعل تشبیه شده است.,ترنم همدلی,original,1405
هشتم,,فارسی,فارسی,بانک پایه,ارزیابی مفهومی,,متوسط,کدام گزینه درست نوشته شده است؟,مسئول,مسول,مسئولل,مسعول,A,املای درست «مسئول» است.,ترنم همدلی,original,1405
هشتم,,فارسی,فارسی,بانک پایه,ارزیابی مفهومی,,متوسط,مفهوم «از تو حرکت، از خدا برکت» چیست؟,بی‌تلاشی,ضرورت تلاش,ترس از آینده,بی‌نظمی,B,ضرب‌المثل بر نقش تلاش انسان تأکید دارد.,ترنم همدلی,original,1405
هشتم,,فارسی,فارسی,بانک پایه,ارزیابی مفهومی,,متوسط,کدام مورد برای یک بند منسجم ضروری‌تر است؟,بی‌ربطی جمله‌ها,وحدت موضوع,تکرار واژه‌ها,حذف جمله اصلی,B,وحدت موضوع انسجام بند را بیشتر می‌کند.,ترنم همدلی,original,1405
هشتم,,عربی,عربی,بانک پایه,ارزیابی مفهومی,,متوسط,معنی «هؤلاء الطلاب» چیست؟,آن دانش‌آموزان,این دانش‌آموزان,این معلم,آن معلمان,B,هؤلاء برای اشاره نزدیک جمع است.,ترنم همدلی,original,1405
هشتم,,عربی,عربی,بانک پایه,ارزیابی مفهومی,,متوسط,کدام گزینه برای مفرد مذکر نزدیک درست است؟,هذه,هؤلاء,هذا,ذلک,C,هذا برای مفرد مذکر نزدیک است.,ترنم همدلی,original,1405
هشتم,,عربی,عربی,بانک پایه,ارزیابی مفهومی,,متوسط,معنی «کَتَبَ» چیست؟,می‌نویسد,نوشت,خواهد نوشت,بخوان,B,کَتَبَ فعل ماضی به معنی نوشت است.,ترنم همدلی,original,1405
هشتم,,عربی,عربی,بانک پایه,ارزیابی مفهومی,,متوسط,جمع «کتاب» در عربی کدام است؟,کتابات,کتب,کاتبون,مکتب,B,جمع مکسر کتاب، کتب است.,ترنم همدلی,original,1405
هشتم,,عربی,عربی,بانک پایه,ارزیابی مفهومی,,متوسط,«هُوَ» به چه معناست؟,او مذکر,او مؤنث,آن دو,آنان,A,هو ضمیر مفرد مذکر است.,ترنم همدلی,original,1405
هشتم,,عربی,عربی,بانک پایه,ارزیابی مفهومی,,متوسط,در «الطالبُ المجتهدُ» کدام واژه صفت است؟,الطالب,المجتهد,ال,هیچ‌کدام,B,المجتهد صفت الطالب است.,ترنم همدلی,original,1405
هشتم,,انگلیسی,انگلیسی,بانک پایه,ارزیابی مفهومی,,متوسط,"meaning of ""book"" چیست؟",مدرسه,کتاب,دفتر,مداد,B,book یعنی کتاب.,ترنم همدلی,original,1405
هشتم,,انگلیسی,انگلیسی,بانک پایه,ارزیابی مفهومی,,متوسط,کدام جمله درست است؟,He are a student.,He is a student.,He am a student.,He be a student.,B,برای he از is استفاده می‌شود.,ترنم همدلی,original,1405
هشتم,,انگلیسی,انگلیسی,بانک پایه,ارزیابی مفهومی,,متوسط,گذشته فعل go کدام است؟,goed,gone,went,going,C,گذشته ساده go، went است.,ترنم همدلی,original,1405
هشتم,,انگلیسی,انگلیسی,بانک پایه,ارزیابی مفهومی,,متوسط,opposite of expensive چیست؟,cheap,large,strong,early,A,cheap متضاد expensive است.,ترنم همدلی,original,1405
هشتم,,انگلیسی,انگلیسی,بانک پایه,ارزیابی مفهومی,,متوسط,کدام ضمیر برای «مریم و من» مناسب است؟,he,she,we,it,C,برای مریم و من از we استفاده می‌شود.,ترنم همدلی,original,1405
هشتم,,انگلیسی,انگلیسی,بانک پایه,ارزیابی مفهومی,,متوسط,کدام جمله درست است؟,She play tennis.,She plays tennis.,She playing tennis.,She played tennis every day.,B,در سوم‌شخص مفرد فعل حال ساده معمولاً s می‌گیرد.,ترنم همدلی,original,1405
هشتم,,مطالعات اجتماعی,مطالعات اجتماعی,بانک پایه,ارزیابی مفهومی,,متوسط,کدام مورد از عناصر آب‌وهواست؟,دما,تعداد مدرسه,تعداد خودرو,نوع زبان,A,دما از عناصر آب‌وهواست.,ترنم همدلی,original,1405
هشتم,,مطالعات اجتماعی,مطالعات اجتماعی,بانک پایه,ارزیابی مفهومی,,متوسط,منبع دست‌اول تاریخی کدام است؟,خاطرات شاهد رویداد,کتاب درسی جدید,خلاصه اینترنتی,نظر دانش‌آموز,A,خاطرات شاهد مستقیم منبع دست‌اول محسوب می‌شود.,ترنم همدلی,original,1405
هشتم,,مطالعات اجتماعی,مطالعات اجتماعی,بانک پایه,ارزیابی مفهومی,,متوسط,کدام مورد نمونه مسئولیت شهروندی است؟,رعایت قانون,بی‌توجهی به حقوق دیگران,تخریب اموال عمومی,فرار از مسئولیت,A,رعایت قانون از مسئولیت‌های شهروندی است.,ترنم همدلی,original,1405
هشتم,,مطالعات اجتماعی,مطالعات اجتماعی,بانک پایه,ارزیابی مفهومی,,متوسط,مقیاس نقشه چه چیزی را نشان می‌دهد؟,رابطه فاصله روی نقشه و واقعیت,جهت شمال,ارتفاع کوه,جمعیت شهر,A,مقیاس رابطه فاصله نقشه با فاصله واقعی را نشان می‌دهد.,ترنم همدلی,original,1405
هشتم,,مطالعات اجتماعی,مطالعات اجتماعی,بانک پایه,ارزیابی مفهومی,,متوسط,پس‌انداز چه فایده‌ای دارد؟,افزایش هزینه‌های غیرضروری,آمادگی برای نیازهای آینده,حذف بودجه,افزایش بدهی,B,پس‌انداز برای نیازهای آینده مفید است.,ترنم همدلی,original,1405
هشتم,,مطالعات اجتماعی,مطالعات اجتماعی,بانک پایه,ارزیابی مفهومی,,متوسط,قانون چه نقشی در جامعه دارد؟,ایجاد نظم,افزایش بی‌نظمی,حذف مسئولیت,کاهش همکاری,A,قانون به ایجاد نظم و تنظیم روابط کمک می‌کند.,ترنم همدلی,original,1405
هشتم,,پیام‌های آسمان,پیام‌های آسمان,بانک پایه,ارزیابی مفهومی,,متوسط,توحید به چه معناست؟,یگانگی خداوند,تعدد خدایان,انکار خدا,پرستش انسان,A,توحید یعنی یگانگی خداوند.,ترنم همدلی,original,1405
هشتم,,پیام‌های آسمان,پیام‌های آسمان,بانک پایه,ارزیابی مفهومی,,متوسط,پیامبران برای چه هدفی فرستاده شدند؟,هدایت انسان,افزایش ثروت,رقابت سیاسی,حذف اختیار,A,هدف اصلی رسالت، هدایت انسان‌هاست.,ترنم همدلی,original,1405
هشتم,,پیام‌های آسمان,پیام‌های آسمان,بانک پایه,ارزیابی مفهومی,,متوسط,معاد به چه معناست؟,بازگشت و زندگی پس از مرگ,تولد دوباره زمین,تغییر فصل,سفر زمینی,A,معاد به زندگی پس از مرگ اشاره دارد.,ترنم همدلی,original,1405
هشتم,,پیام‌های آسمان,پیام‌های آسمان,بانک پایه,ارزیابی مفهومی,,متوسط,کدام رفتار نمونه امانت‌داری است؟,حفظ مال سپرده‌شده,پنهان کردن خیانت,تخریب مال دیگران,دروغ‌گویی,A,حفظ امانت نشانه امانت‌داری است.,ترنم همدلی,original,1405
هشتم,,پیام‌های آسمان,پیام‌های آسمان,بانک پایه,ارزیابی مفهومی,,متوسط,نماز در آموزه‌های اسلامی چه جایگاهی دارد؟,عبادت مهم,فعالیت اقتصادی,تفریح,درس مدرسه,A,نماز از عبادت‌های مهم اسلامی است.,ترنم همدلی,original,1405
هشتم,,پیام‌های آسمان,پیام‌های آسمان,بانک پایه,ارزیابی مفهومی,,متوسط,امر به معروف با چه هدفی انجام می‌شود؟,تقویت رفتار درست,تحقیر دیگران,ایجاد دشمنی,بی‌قانونی,A,هدف آن دعوت به کار نیک و اصلاح است.,ترنم همدلی,original,1405
نهم,,ریاضی,ریاضی,بانک پایه,ارزیابی مفهومی,,متوسط,حاصل  -3+8  کدام است؟,3,5,-5,11,B,-3+8=5.,ترنم همدلی,original,1405
نهم,,ریاضی,ریاضی,بانک پایه,ارزیابی مفهومی,,متوسط,اگر x=4 باشد، مقدار 3x-2 چیست؟,8,10,12,14,B,3×4-2=10.,ترنم همدلی,original,1405
نهم,,ریاضی,ریاضی,بانک پایه,ارزیابی مفهومی,,متوسط,کدام گزینه برابر 2^5 است؟,10,16,32,64,C,2^5=32.,ترنم همدلی,original,1405
نهم,,ریاضی,ریاضی,بانک پایه,ارزیابی مفهومی,,متوسط,مجموع زاویه‌های داخلی مثلث چند درجه است؟,90,180,270,360,B,مجموع زاویه‌های داخلی مثلث 180 درجه است.,ترنم همدلی,original,1405
نهم,,ریاضی,ریاضی,بانک پایه,ارزیابی مفهومی,,متوسط,25 درصد عدد 80 چند است؟,10,15,20,25,C,80×0.25=20.,ترنم همدلی,original,1405
نهم,,ریاضی,ریاضی,بانک پایه,ارزیابی مفهومی,,متوسط,میانگین 4، 6 و 8 چند است؟,5,6,7,8,B,(4+6+8)÷3=6.,ترنم همدلی,original,1405
نهم,,فارسی,فارسی,بانک پایه,ارزیابی مفهومی,,متوسط,کدام واژه با «کوشش» هم‌معنی است؟,تلاش,آرامش,دانش,آرایش,A,تلاش با کوشش هم‌معناست.,ترنم همدلی,original,1405
نهم,,فارسی,فارسی,بانک پایه,ارزیابی مفهومی,,متوسط,در جمله «دانش‌آموز کتاب را خواند»، مفعول کدام است؟,دانش‌آموز,کتاب,خواند,را,B,کتاب مفعول است و «را» نشانه مفعول است.,ترنم همدلی,original,1405
نهم,,فارسی,فارسی,بانک پایه,ارزیابی مفهومی,,متوسط,در «لبش چون لعل بود» کدام آرایه برجسته است؟,تشبیه,تضاد,جناس,کنایه,A,لب به لعل تشبیه شده است.,ترنم همدلی,original,1405
نهم,,فارسی,فارسی,بانک پایه,ارزیابی مفهومی,,متوسط,کدام گزینه درست نوشته شده است؟,مسئول,مسول,مسئولل,مسعول,A,املای درست «مسئول» است.,ترنم همدلی,original,1405
نهم,,فارسی,فارسی,بانک پایه,ارزیابی مفهومی,,متوسط,مفهوم «از تو حرکت، از خدا برکت» چیست؟,بی‌تلاشی,ضرورت تلاش,ترس از آینده,بی‌نظمی,B,ضرب‌المثل بر نقش تلاش انسان تأکید دارد.,ترنم همدلی,original,1405
نهم,,فارسی,فارسی,بانک پایه,ارزیابی مفهومی,,متوسط,کدام مورد برای یک بند منسجم ضروری‌تر است؟,بی‌ربطی جمله‌ها,وحدت موضوع,تکرار واژه‌ها,حذف جمله اصلی,B,وحدت موضوع انسجام بند را بیشتر می‌کند.,ترنم همدلی,original,1405
نهم,,عربی,عربی,بانک پایه,ارزیابی مفهومی,,متوسط,معنی «هؤلاء الطلاب» چیست؟,آن دانش‌آموزان,این دانش‌آموزان,این معلم,آن معلمان,B,هؤلاء برای اشاره نزدیک جمع است.,ترنم همدلی,original,1405
نهم,,عربی,عربی,بانک پایه,ارزیابی مفهومی,,متوسط,کدام گزینه برای مفرد مذکر نزدیک درست است؟,هذه,هؤلاء,هذا,ذلک,C,هذا برای مفرد مذکر نزدیک است.,ترنم همدلی,original,1405
نهم,,عربی,عربی,بانک پایه,ارزیابی مفهومی,,متوسط,معنی «کَتَبَ» چیست؟,می‌نویسد,نوشت,خواهد نوشت,بخوان,B,کَتَبَ فعل ماضی به معنی نوشت است.,ترنم همدلی,original,1405
نهم,,عربی,عربی,بانک پایه,ارزیابی مفهومی,,متوسط,جمع «کتاب» در عربی کدام است؟,کتابات,کتب,کاتبون,مکتب,B,جمع مکسر کتاب، کتب است.,ترنم همدلی,original,1405
نهم,,عربی,عربی,بانک پایه,ارزیابی مفهومی,,متوسط,«هُوَ» به چه معناست؟,او مذکر,او مؤنث,آن دو,آنان,A,هو ضمیر مفرد مذکر است.,ترنم همدلی,original,1405
نهم,,عربی,عربی,بانک پایه,ارزیابی مفهومی,,متوسط,در «الطالبُ المجتهدُ» کدام واژه صفت است؟,الطالب,المجتهد,ال,هیچ‌کدام,B,المجتهد صفت الطالب است.,ترنم همدلی,original,1405
نهم,,انگلیسی,انگلیسی,بانک پایه,ارزیابی مفهومی,,متوسط,"meaning of ""book"" چیست؟",مدرسه,کتاب,دفتر,مداد,B,book یعنی کتاب.,ترنم همدلی,original,1405
نهم,,انگلیسی,انگلیسی,بانک پایه,ارزیابی مفهومی,,متوسط,کدام جمله درست است؟,He are a student.,He is a student.,He am a student.,He be a student.,B,برای he از is استفاده می‌شود.,ترنم همدلی,original,1405
نهم,,انگلیسی,انگلیسی,بانک پایه,ارزیابی مفهومی,,متوسط,گذشته فعل go کدام است؟,goed,gone,went,going,C,گذشته ساده go، went است.,ترنم همدلی,original,1405
نهم,,انگلیسی,انگلیسی,بانک پایه,ارزیابی مفهومی,,متوسط,opposite of expensive چیست؟,cheap,large,strong,early,A,cheap متضاد expensive است.,ترنم همدلی,original,1405
نهم,,انگلیسی,انگلیسی,بانک پایه,ارزیابی مفهومی,,متوسط,کدام ضمیر برای «مریم و من» مناسب است؟,he,she,we,it,C,برای مریم و من از we استفاده می‌شود.,ترنم همدلی,original,1405
نهم,,انگلیسی,انگلیسی,بانک پایه,ارزیابی مفهومی,,متوسط,کدام جمله درست است؟,She play tennis.,She plays tennis.,She playing tennis.,She played tennis every day.,B,در سوم‌شخص مفرد فعل حال ساده معمولاً s می‌گیرد.,ترنم همدلی,original,1405
نهم,,مطالعات اجتماعی,مطالعات اجتماعی,بانک پایه,ارزیابی مفهومی,,متوسط,کدام مورد از عناصر آب‌وهواست؟,دما,تعداد مدرسه,تعداد خودرو,نوع زبان,A,دما از عناصر آب‌وهواست.,ترنم همدلی,original,1405
نهم,,مطالعات اجتماعی,مطالعات اجتماعی,بانک پایه,ارزیابی مفهومی,,متوسط,منبع دست‌اول تاریخی کدام است؟,خاطرات شاهد رویداد,کتاب درسی جدید,خلاصه اینترنتی,نظر دانش‌آموز,A,خاطرات شاهد مستقیم منبع دست‌اول محسوب می‌شود.,ترنم همدلی,original,1405
نهم,,مطالعات اجتماعی,مطالعات اجتماعی,بانک پایه,ارزیابی مفهومی,,متوسط,کدام مورد نمونه مسئولیت شهروندی است؟,رعایت قانون,بی‌توجهی به حقوق دیگران,تخریب اموال عمومی,فرار از مسئولیت,A,رعایت قانون از مسئولیت‌های شهروندی است.,ترنم همدلی,original,1405
نهم,,مطالعات اجتماعی,مطالعات اجتماعی,بانک پایه,ارزیابی مفهومی,,متوسط,مقیاس نقشه چه چیزی را نشان می‌دهد؟,رابطه فاصله روی نقشه و واقعیت,جهت شمال,ارتفاع کوه,جمعیت شهر,A,مقیاس رابطه فاصله نقشه با فاصله واقعی را نشان می‌دهد.,ترنم همدلی,original,1405
نهم,,مطالعات اجتماعی,مطالعات اجتماعی,بانک پایه,ارزیابی مفهومی,,متوسط,پس‌انداز چه فایده‌ای دارد؟,افزایش هزینه‌های غیرضروری,آمادگی برای نیازهای آینده,حذف بودجه,افزایش بدهی,B,پس‌انداز برای نیازهای آینده مفید است.,ترنم همدلی,original,1405
نهم,,مطالعات اجتماعی,مطالعات اجتماعی,بانک پایه,ارزیابی مفهومی,,متوسط,قانون چه نقشی در جامعه دارد؟,ایجاد نظم,افزایش بی‌نظمی,حذف مسئولیت,کاهش همکاری,A,قانون به ایجاد نظم و تنظیم روابط کمک می‌کند.,ترنم همدلی,original,1405
نهم,,پیام‌های آسمان,پیام‌های آسمان,بانک پایه,ارزیابی مفهومی,,متوسط,توحید به چه معناست؟,یگانگی خداوند,تعدد خدایان,انکار خدا,پرستش انسان,A,توحید یعنی یگانگی خداوند.,ترنم همدلی,original,1405
نهم,,پیام‌های آسمان,پیام‌های آسمان,بانک پایه,ارزیابی مفهومی,,متوسط,پیامبران برای چه هدفی فرستاده شدند؟,هدایت انسان,افزایش ثروت,رقابت سیاسی,حذف اختیار,A,هدف اصلی رسالت، هدایت انسان‌هاست.,ترنم همدلی,original,1405
نهم,,پیام‌های آسمان,پیام‌های آسمان,بانک پایه,ارزیابی مفهومی,,متوسط,معاد به چه معناست؟,بازگشت و زندگی پس از مرگ,تولد دوباره زمین,تغییر فصل,سفر زمینی,A,معاد به زندگی پس از مرگ اشاره دارد.,ترنم همدلی,original,1405
نهم,,پیام‌های آسمان,پیام‌های آسمان,بانک پایه,ارزیابی مفهومی,,متوسط,کدام رفتار نمونه امانت‌داری است؟,حفظ مال سپرده‌شده,پنهان کردن خیانت,تخریب مال دیگران,دروغ‌گویی,A,حفظ امانت نشانه امانت‌داری است.,ترنم همدلی,original,1405
نهم,,پیام‌های آسمان,پیام‌های آسمان,بانک پایه,ارزیابی مفهومی,,متوسط,نماز در آموزه‌های اسلامی چه جایگاهی دارد؟,عبادت مهم,فعالیت اقتصادی,تفریح,درس مدرسه,A,نماز از عبادت‌های مهم اسلامی است.,ترنم همدلی,original,1405
نهم,,پیام‌های آسمان,پیام‌های آسمان,بانک پایه,ارزیابی مفهومی,,متوسط,امر به معروف با چه هدفی انجام می‌شود؟,تقویت رفتار درست,تحقیر دیگران,ایجاد دشمنی,بی‌قانونی,A,هدف آن دعوت به کار نیک و اصلاح است.,ترنم همدلی,original,1405
دهم,تجربی,فارسی,فارسی,بانک پایه,ارزیابی مفهومی,,متوسط,واژه «فرهیخته» به کدام معنا نزدیک‌تر است؟,دانشمند,بی‌تجربه,کم‌حوصله,بی‌تفاوت,A,فرهیخته به فرد دانش‌آموخته و اهل فرهنگ گفته می‌شود.,ترنم همدلی,original,1405
دهم,تجربی,فارسی,فارسی,بانک پایه,ارزیابی مفهومی,,متوسط,در «قد سرو» کدام آرایه دیده می‌شود؟,تشبیه,تضاد,جناس,سجع,A,قد به سرو مانند شده است.,ترنم همدلی,original,1405
دهم,تجربی,فارسی,فارسی,بانک پایه,ارزیابی مفهومی,,متوسط,در «دانش‌آموزان درس را خواندند» نهاد کدام است؟,درس,دانش‌آموزان,را,خواندند,B,انجام‌دهنده فعل نهاد است.,ترنم همدلی,original,1405
دهم,تجربی,فارسی,فارسی,بانک پایه,ارزیابی مفهومی,,متوسط,کدام واژه درست است؟,تأثیر,تاثیر,تأثیرر,تاثیر,A,املای معیار «تأثیر» است.,ترنم همدلی,original,1405
دهم,تجربی,فارسی,فارسی,بانک پایه,ارزیابی مفهومی,,متوسط,کدام مفهوم به ارزش دانش نزدیک‌تر است؟,دانایی عامل رشد است,ثروت همیشه کافی است,تلاش بی‌فایده است,یادگیری بی‌ارزش است,A,مفهوم بر اهمیت دانش تأکید دارد.,ترنم همدلی,original,1405
دهم,تجربی,فارسی,فارسی,بانک پایه,ارزیابی مفهومی,,متوسط,مقدمه خوب چه ویژگی دارد؟,ارتباط با موضوع,بی‌ربطی,تکرار نتیجه,حذف موضوع,A,مقدمه باید زمینه موضوع را فراهم کند.,ترنم همدلی,original,1405
دهم,تجربی,عربی,عربی,بانک پایه,ارزیابی مفهومی,,متوسط,معنی «الطلابُ مجتهدون» چیست؟,دانش‌آموزان کوشا هستند,دانش‌آموز کوشاست,معلمان کوشا هستند,دانش‌آموزان غایب‌اند,A,ترجمه جمله همین است.,ترنم همدلی,original,1405
دهم,تجربی,عربی,عربی,بانک پایه,ارزیابی مفهومی,,متوسط,اسم فاعل «کاتب» به چه معناست؟,نویسنده/نویسنده‌کننده,نوشته‌شده,کتاب,خوانده‌شده,A,کاتب اسم فاعل از کتب است.,ترنم همدلی,original,1405
دهم,تجربی,عربی,عربی,بانک پایه,ارزیابی مفهومی,,متوسط,«یذهب» چه زمانی را نشان می‌دهد؟,مضارع,ماضی,امر,نهی,A,یذهب فعل مضارع است.,ترنم همدلی,original,1405
دهم,تجربی,عربی,عربی,بانک پایه,ارزیابی مفهومی,,متوسط,«ثلاثة» چه عددی است؟,دو,سه,چهار,پنج,B,ثلاثة یعنی سه.,ترنم همدلی,original,1405
دهم,تجربی,عربی,عربی,بانک پایه,ارزیابی مفهومی,,متوسط,جمع «معلم» کدام است؟,معلمان,معلمون,تعلیم,معلومة,B,در حالت رفع جمع مذکر سالم «معلمون» است.,ترنم همدلی,original,1405
دهم,تجربی,عربی,عربی,بانک پایه,ارزیابی مفهومی,,متوسط,در «قرأ الطالبُ الکتابَ» مفعول چیست؟,الطالب,قرأ,الکتاب,هیچ‌کدام,C,الکتاب مفعول فعل قرأ است.,ترنم همدلی,original,1405
دهم,تجربی,دین و زندگی,دین و زندگی,بانک پایه,ارزیابی مفهومی,,متوسط,توحید در ربوبیت به چه معناست؟,خداوند مدبر جهان است,انکار خدا,چندخدایی,بی‌نیازی از هدایت,A,ربوبیت به تدبیر و پروردگاری خداوند اشاره دارد.,ترنم همدلی,original,1405
دهم,تجربی,دین و زندگی,دین و زندگی,بانک پایه,ارزیابی مفهومی,,متوسط,یکی از نیازهای انسان به پیامبران چیست؟,هدایت الهی,افزایش ثروت,حل همه مسائل علمی,حذف اختیار,A,پیامبران راه هدایت الهی را ارائه می‌کنند.,ترنم همدلی,original,1405
دهم,تجربی,دین و زندگی,دین و زندگی,بانک پایه,ارزیابی مفهومی,,متوسط,باور به معاد چه اثری می‌تواند داشته باشد؟,مسئولیت‌پذیری,بی‌تفاوتی,بی‌قانونی,ناامیدی,A,باور به حسابرسی می‌تواند مسئولیت‌پذیری را تقویت کند.,ترنم همدلی,original,1405
دهم,تجربی,دین و زندگی,دین و زندگی,بانک پایه,ارزیابی مفهومی,,متوسط,اخلاص یعنی چه؟,انجام عمل برای رضای خدا,انجام کار برای شهرت,ترس از مردم,خودنمایی,A,اخلاص به نیت الهی در عمل اشاره دارد.,ترنم همدلی,original,1405
دهم,تجربی,دین و زندگی,دین و زندگی,بانک پایه,ارزیابی مفهومی,,متوسط,اختیار انسان با مسئولیت چه ارتباطی دارد؟,انتخاب زمینه مسئولیت است,هیچ ارتباطی ندارد,اختیار مسئولیت را حذف می‌کند,مسئولیت را ناممکن می‌کند,A,مسئولیت اخلاقی بر انتخاب آگاهانه استوار است.,ترنم همدلی,original,1405
دهم,تجربی,دین و زندگی,دین و زندگی,بانک پایه,ارزیابی مفهومی,,متوسط,عقل و وحی چه نقشی در هدایت دارند؟,راهنمایی انسان,ایجاد سردرگمی,حذف انتخاب,افزایش جهل,A,هر دو در چارچوب آموزه دینی ابزار هدایت‌اند.,ترنم همدلی,original,1405
دهم,تجربی,زبان انگلیسی,زبان انگلیسی,بانک پایه,ارزیابی مفهومی,,متوسط,"meaning of ""benefit"" چیست؟",فایده,خطر,هزینه,شکست,A,benefit یعنی فایده.,ترنم همدلی,original,1405
دهم,تجربی,زبان انگلیسی,زبان انگلیسی,بانک پایه,ارزیابی مفهومی,,متوسط,کدام جمله درست است؟,She has finished her work.,She have finished.,She finish has.,She finishing has.,A,ساختار حال کامل برای she با has است.,ترنم همدلی,original,1405
دهم,تجربی,زبان انگلیسی,زبان انگلیسی,بانک پایه,ارزیابی مفهومی,,متوسط,کدام جمله مجهول است؟,Ali wrote the letter.,The letter was written by Ali.,Ali writes letters.,Ali is writing.,B,در جمله دوم فاعل گیرنده عمل است.,ترنم همدلی,original,1405
دهم,تجربی,زبان انگلیسی,زبان انگلیسی,بانک پایه,ارزیابی مفهومی,,متوسط,کدام جمله شرطی نوع اول است؟,"If it rains, we will stay home.","If it rained, we would stay.","If it had rained, we would have stayed.",It rains yesterday.,A,شرطی نوع اول معمولاً if+حال و will دارد.,ترنم همدلی,original,1405
دهم,تجربی,زبان انگلیسی,زبان انگلیسی,بانک پایه,ارزیابی مفهومی,,متوسط,برای فهم ایده اصلی متن چه چیزی مهم است؟,تمرکز بر پیام کلی,حفظ همه کلمات,نادیده گرفتن عنوان,فقط ترجمه یک جمله,A,ایده اصلی پیام کلی متن است.,ترنم همدلی,original,1405
دهم,تجربی,زبان انگلیسی,زبان انگلیسی,بانک پایه,ارزیابی مفهومی,,متوسط,"opposite of ""increase"" چیست؟",decrease,improve,expand,raise,A,decrease متضاد increase است.,ترنم همدلی,original,1405
دهم,تجربی,زیست‌شناسی,زیست‌شناسی دهم,بانک پایه,ارزیابی مفهومی,,متوسط,میتوکندری چه نقشی دارد؟,تولید ATP,ساخت دیواره,ذخیره DNA در همه سلول‌ها,ساخت کلروفیل,A,میتوکندری محل اصلی تولید ATP در تنفس یاخته‌ای است.,ترنم همدلی,original,1405
دهم,تجربی,زیست‌شناسی,زیست‌شناسی دهم,بانک پایه,ارزیابی مفهومی,,متوسط,وظیفه اصلی بافت پوششی چیست؟,پوشش و حفاظت,انقباض,انتقال پیام عصبی,تولید گلبول قرمز,A,بافت پوششی سطوح را می‌پوشاند و حفاظت می‌کند.,ترنم همدلی,original,1405
دهم,تجربی,زیست‌شناسی,زیست‌شناسی دهم,بانک پایه,ارزیابی مفهومی,,متوسط,بیشترین جذب مواد غذایی در کجاست؟,معده,روده باریک,روده بزرگ,مری,B,روده باریک محل اصلی جذب است.,ترنم همدلی,original,1405
دهم,تجربی,زیست‌شناسی,زیست‌شناسی دهم,بانک پایه,ارزیابی مفهومی,,متوسط,کدام رگ خون را از قلب دور می‌کند؟,سیاهرگ,سرخرگ,مویرگ,لنف,B,سرخرگ‌ها خون را از قلب دور می‌کنند.,ترنم همدلی,original,1405
دهم,تجربی,زیست‌شناسی,زیست‌شناسی دهم,بانک پایه,ارزیابی مفهومی,,متوسط,محل اصلی تبادل گازها در شش چیست؟,نای,حبابک‌ها,حنجره,دیافراگم,B,تبادل گازها در حبابک‌ها انجام می‌شود.,ترنم همدلی,original,1405
دهم,تجربی,زیست‌شناسی,زیست‌شناسی دهم,بانک پایه,ارزیابی مفهومی,,متوسط,ژن چیست؟,بخشی از DNA با اطلاعات وراثتی,نوعی سلول,بافت,هورمون,A,ژن واحدی از اطلاعات وراثتی در DNA است.,ترنم همدلی,original,1405
دهم,تجربی,شیمی,شیمی دهم,بانک پایه,ارزیابی مفهومی,,متوسط,عدد اتمی چه چیزی را نشان می‌دهد؟,تعداد پروتون‌ها,تعداد نوترون‌ها,جرم اتم,تعداد لایه‌ها,A,عدد اتمی برابر تعداد پروتون‌هاست.,ترنم همدلی,original,1405
دهم,تجربی,شیمی,شیمی دهم,بانک پایه,ارزیابی مفهومی,,متوسط,پیوند یونی معمولاً از چه راهی شکل می‌گیرد؟,انتقال الکترون,اشتراک کامل هسته,انتقال نوترون,تغییر پروتون,A,در پیوند یونی انتقال الکترون رخ می‌دهد.,ترنم همدلی,original,1405
دهم,تجربی,شیمی,شیمی دهم,بانک پایه,ارزیابی مفهومی,,متوسط,pH کمتر از 7 معمولاً نشان‌دهنده چیست؟,اسیدی بودن,بازی بودن,خنثی بودن,فلزی بودن,A,محلول‌های اسیدی pH کمتر از 7 دارند.,ترنم همدلی,original,1405
دهم,تجربی,شیمی,شیمی دهم,بانک پایه,ارزیابی مفهومی,,متوسط,جرم مولی آب تقریباً چقدر است؟,10,18,20,36,B,2×1+16=18 g/mol.,ترنم همدلی,original,1405
دهم,تجربی,شیمی,شیمی دهم,بانک پایه,ارزیابی مفهومی,,متوسط,اکسایش در تعریف ساده به چه معناست؟,از دست دادن الکترون,گرفتن پروتون,از دست دادن نوترون,گرفتن هسته,A,اکسایش با از دست دادن الکترون همراه است.,ترنم همدلی,original,1405
دهم,تجربی,شیمی,شیمی دهم,بانک پایه,ارزیابی مفهومی,,متوسط,متان چند اتم کربن دارد؟,1,2,4,8,A,فرمول متان CH4 است.,ترنم همدلی,original,1405
دهم,تجربی,فیزیک,فیزیک دهم,بانک پایه,ارزیابی مفهومی,,متوسط,سرعت متوسط چگونه به‌دست می‌آید؟,مسافت تقسیم بر زمان,زمان تقسیم بر مسافت,جرم تقسیم بر نیرو,نیرو تقسیم بر جرم,A,v=Δx/Δt.,ترنم همدلی,original,1405
دهم,تجربی,فیزیک,فیزیک دهم,بانک پایه,ارزیابی مفهومی,,متوسط,قانون دوم نیوتن کدام است؟,F=ma,F=m/a,F=a/m,F=m+a,A,قانون دوم نیوتن F=ma است.,ترنم همدلی,original,1405
دهم,تجربی,فیزیک,فیزیک دهم,بانک پایه,ارزیابی مفهومی,,متوسط,اگر نیرو و جابه‌جایی هم‌جهت باشند، کار چگونه محاسبه می‌شود؟,W=Fd,W=F/d,W=d/F,W=F+d,A,در حالت هم‌جهت W=Fd.,ترنم همدلی,original,1405
دهم,تجربی,فیزیک,فیزیک دهم,بانک پایه,ارزیابی مفهومی,,متوسط,واحد مقاومت الکتریکی چیست؟,ولت,آمپر,اهم,وات,C,واحد مقاومت اهم است.,ترنم همدلی,original,1405
دهم,تجربی,فیزیک,فیزیک دهم,بانک پایه,ارزیابی مفهومی,,متوسط,فرکانس چیست؟,تعداد نوسان در واحد زمان,زمان یک نوسان,طول مسیر,دامنه,A,فرکانس تعداد نوسان در واحد زمان است.,ترنم همدلی,original,1405
دهم,تجربی,فیزیک,فیزیک دهم,بانک پایه,ارزیابی مفهومی,,متوسط,انرژی جنبشی به چه عواملی وابسته است؟,جرم و سرعت,فقط جرم,فقط ارتفاع,فقط زمان,A,K=1/2 mv².,ترنم همدلی,original,1405
دهم,تجربی,ریاضی,ریاضی دهم,بانک پایه,ارزیابی مفهومی,,متوسط,اگر f(x)=2x+1 باشد f(3) چند است؟,5,6,7,8,C,2×3+1=7.,ترنم همدلی,original,1405
دهم,تجربی,ریاضی,ریاضی دهم,بانک پایه,ارزیابی مفهومی,,متوسط,حل 2x+6=14 چیست؟,2,3,4,5,C,2x=8 پس x=4.,ترنم همدلی,original,1405
دهم,تجربی,ریاضی,ریاضی دهم,بانک پایه,ارزیابی مفهومی,,متوسط,حد بیانگر چه مفهومی است؟,رفتار تابع نزدیک یک نقطه,فقط مقدار تابع در نقطه,مشتق همیشه,مساحت,A,حد رفتار تابع هنگام نزدیک شدن ورودی به نقطه را توصیف می‌کند.,ترنم همدلی,original,1405
دهم,تجربی,ریاضی,ریاضی دهم,بانک پایه,ارزیابی مفهومی,,متوسط,مشتق x² چیست؟,x,2x,x²,2,B,مشتق x² برابر 2x است.,ترنم همدلی,original,1405
دهم,تجربی,ریاضی,ریاضی دهم,بانک پایه,ارزیابی مفهومی,,متوسط,احتمال رخداد قطعی چیست؟,0,1,1/2,2,B,رخداد قطعی احتمال 1 دارد.,ترنم همدلی,original,1405
دهم,تجربی,ریاضی,ریاضی دهم,بانک پایه,ارزیابی مفهومی,,متوسط,شیب خط افقی چیست؟,1,-1,0,تعریف‌نشده,C,خط افقی شیب صفر دارد.,ترنم همدلی,original,1405
دهم,ریاضی,فارسی,فارسی,بانک پایه,ارزیابی مفهومی,,متوسط,واژه «فرهیخته» به کدام معنا نزدیک‌تر است؟,دانشمند,بی‌تجربه,کم‌حوصله,بی‌تفاوت,A,فرهیخته به فرد دانش‌آموخته و اهل فرهنگ گفته می‌شود.,ترنم همدلی,original,1405
دهم,ریاضی,فارسی,فارسی,بانک پایه,ارزیابی مفهومی,,متوسط,در «قد سرو» کدام آرایه دیده می‌شود؟,تشبیه,تضاد,جناس,سجع,A,قد به سرو مانند شده است.,ترنم همدلی,original,1405
دهم,ریاضی,فارسی,فارسی,بانک پایه,ارزیابی مفهومی,,متوسط,در «دانش‌آموزان درس را خواندند» نهاد کدام است؟,درس,دانش‌آموزان,را,خواندند,B,انجام‌دهنده فعل نهاد است.,ترنم همدلی,original,1405
دهم,ریاضی,فارسی,فارسی,بانک پایه,ارزیابی مفهومی,,متوسط,کدام واژه درست است؟,تأثیر,تاثیر,تأثیرر,تاثیر,A,املای معیار «تأثیر» است.,ترنم همدلی,original,1405
دهم,ریاضی,فارسی,فارسی,بانک پایه,ارزیابی مفهومی,,متوسط,کدام مفهوم به ارزش دانش نزدیک‌تر است؟,دانایی عامل رشد است,ثروت همیشه کافی است,تلاش بی‌فایده است,یادگیری بی‌ارزش است,A,مفهوم بر اهمیت دانش تأکید دارد.,ترنم همدلی,original,1405
دهم,ریاضی,فارسی,فارسی,بانک پایه,ارزیابی مفهومی,,متوسط,مقدمه خوب چه ویژگی دارد؟,ارتباط با موضوع,بی‌ربطی,تکرار نتیجه,حذف موضوع,A,مقدمه باید زمینه موضوع را فراهم کند.,ترنم همدلی,original,1405
دهم,ریاضی,عربی,عربی,بانک پایه,ارزیابی مفهومی,,متوسط,معنی «الطلابُ مجتهدون» چیست؟,دانش‌آموزان کوشا هستند,دانش‌آموز کوشاست,معلمان کوشا هستند,دانش‌آموزان غایب‌اند,A,ترجمه جمله همین است.,ترنم همدلی,original,1405
دهم,ریاضی,عربی,عربی,بانک پایه,ارزیابی مفهومی,,متوسط,اسم فاعل «کاتب» به چه معناست؟,نویسنده/نویسنده‌کننده,نوشته‌شده,کتاب,خوانده‌شده,A,کاتب اسم فاعل از کتب است.,ترنم همدلی,original,1405
دهم,ریاضی,عربی,عربی,بانک پایه,ارزیابی مفهومی,,متوسط,«یذهب» چه زمانی را نشان می‌دهد؟,مضارع,ماضی,امر,نهی,A,یذهب فعل مضارع است.,ترنم همدلی,original,1405
دهم,ریاضی,عربی,عربی,بانک پایه,ارزیابی مفهومی,,متوسط,«ثلاثة» چه عددی است؟,دو,سه,چهار,پنج,B,ثلاثة یعنی سه.,ترنم همدلی,original,1405
دهم,ریاضی,عربی,عربی,بانک پایه,ارزیابی مفهومی,,متوسط,جمع «معلم» کدام است؟,معلمان,معلمون,تعلیم,معلومة,B,در حالت رفع جمع مذکر سالم «معلمون» است.,ترنم همدلی,original,1405
دهم,ریاضی,عربی,عربی,بانک پایه,ارزیابی مفهومی,,متوسط,در «قرأ الطالبُ الکتابَ» مفعول چیست؟,الطالب,قرأ,الکتاب,هیچ‌کدام,C,الکتاب مفعول فعل قرأ است.,ترنم همدلی,original,1405
دهم,ریاضی,دین و زندگی,دین و زندگی,بانک پایه,ارزیابی مفهومی,,متوسط,توحید در ربوبیت به چه معناست؟,خداوند مدبر جهان است,انکار خدا,چندخدایی,بی‌نیازی از هدایت,A,ربوبیت به تدبیر و پروردگاری خداوند اشاره دارد.,ترنم همدلی,original,1405
دهم,ریاضی,دین و زندگی,دین و زندگی,بانک پایه,ارزیابی مفهومی,,متوسط,یکی از نیازهای انسان به پیامبران چیست؟,هدایت الهی,افزایش ثروت,حل همه مسائل علمی,حذف اختیار,A,پیامبران راه هدایت الهی را ارائه می‌کنند.,ترنم همدلی,original,1405
دهم,ریاضی,دین و زندگی,دین و زندگی,بانک پایه,ارزیابی مفهومی,,متوسط,باور به معاد چه اثری می‌تواند داشته باشد؟,مسئولیت‌پذیری,بی‌تفاوتی,بی‌قانونی,ناامیدی,A,باور به حسابرسی می‌تواند مسئولیت‌پذیری را تقویت کند.,ترنم همدلی,original,1405
دهم,ریاضی,دین و زندگی,دین و زندگی,بانک پایه,ارزیابی مفهومی,,متوسط,اخلاص یعنی چه؟,انجام عمل برای رضای خدا,انجام کار برای شهرت,ترس از مردم,خودنمایی,A,اخلاص به نیت الهی در عمل اشاره دارد.,ترنم همدلی,original,1405
دهم,ریاضی,دین و زندگی,دین و زندگی,بانک پایه,ارزیابی مفهومی,,متوسط,اختیار انسان با مسئولیت چه ارتباطی دارد؟,انتخاب زمینه مسئولیت است,هیچ ارتباطی ندارد,اختیار مسئولیت را حذف می‌کند,مسئولیت را ناممکن می‌کند,A,مسئولیت اخلاقی بر انتخاب آگاهانه استوار است.,ترنم همدلی,original,1405
دهم,ریاضی,دین و زندگی,دین و زندگی,بانک پایه,ارزیابی مفهومی,,متوسط,عقل و وحی چه نقشی در هدایت دارند؟,راهنمایی انسان,ایجاد سردرگمی,حذف انتخاب,افزایش جهل,A,هر دو در چارچوب آموزه دینی ابزار هدایت‌اند.,ترنم همدلی,original,1405
دهم,ریاضی,زبان انگلیسی,زبان انگلیسی,بانک پایه,ارزیابی مفهومی,,متوسط,"meaning of ""benefit"" چیست؟",فایده,خطر,هزینه,شکست,A,benefit یعنی فایده.,ترنم همدلی,original,1405
دهم,ریاضی,زبان انگلیسی,زبان انگلیسی,بانک پایه,ارزیابی مفهومی,,متوسط,کدام جمله درست است؟,She has finished her work.,She have finished.,She finish has.,She finishing has.,A,ساختار حال کامل برای she با has است.,ترنم همدلی,original,1405
دهم,ریاضی,زبان انگلیسی,زبان انگلیسی,بانک پایه,ارزیابی مفهومی,,متوسط,کدام جمله مجهول است؟,Ali wrote the letter.,The letter was written by Ali.,Ali writes letters.,Ali is writing.,B,در جمله دوم فاعل گیرنده عمل است.,ترنم همدلی,original,1405
دهم,ریاضی,زبان انگلیسی,زبان انگلیسی,بانک پایه,ارزیابی مفهومی,,متوسط,کدام جمله شرطی نوع اول است؟,"If it rains, we will stay home.","If it rained, we would stay.","If it had rained, we would have stayed.",It rains yesterday.,A,شرطی نوع اول معمولاً if+حال و will دارد.,ترنم همدلی,original,1405
دهم,ریاضی,زبان انگلیسی,زبان انگلیسی,بانک پایه,ارزیابی مفهومی,,متوسط,برای فهم ایده اصلی متن چه چیزی مهم است؟,تمرکز بر پیام کلی,حفظ همه کلمات,نادیده گرفتن عنوان,فقط ترجمه یک جمله,A,ایده اصلی پیام کلی متن است.,ترنم همدلی,original,1405
دهم,ریاضی,زبان انگلیسی,زبان انگلیسی,بانک پایه,ارزیابی مفهومی,,متوسط,"opposite of ""increase"" چیست؟",decrease,improve,expand,raise,A,decrease متضاد increase است.,ترنم همدلی,original,1405
دهم,ریاضی,ریاضی,ریاضی دهم,بانک پایه,ارزیابی مفهومی,,متوسط,اگر f(x)=x² باشد f(-2) چند است؟,-4,-2,2,4,D,(-2)²=4.,ترنم همدلی,original,1405
دهم,ریاضی,ریاضی,ریاضی دهم,بانک پایه,ارزیابی مفهومی,,متوسط,حل x²=9 کدام است؟,3,-3,3 و -3,9,C,ریشه‌های معادله 3 و -3 هستند.,ترنم همدلی,original,1405
دهم,ریاضی,ریاضی,ریاضی دهم,بانک پایه,ارزیابی مفهومی,,متوسط,مشتق 3x² چیست؟,3x,6x,x²,6,B,مشتق 3x² برابر 6x است.,ترنم همدلی,original,1405
دهم,ریاضی,ریاضی,ریاضی دهم,بانک پایه,ارزیابی مفهومی,,متوسط,در پرتاب یک تاس سالم احتمال آمدن عدد زوج چیست؟,1/6,1/3,1/2,2/3,C,سه حالت از شش حالت زوج‌اند.,ترنم همدلی,original,1405
دهم,ریاضی,ریاضی,ریاضی دهم,بانک پایه,ارزیابی مفهومی,,متوسط,بردار چه کمیتی است؟,فقط اسکالر,دارای اندازه و جهت,فقط جهت,بدون اندازه,B,بردار هم اندازه و هم جهت دارد.,ترنم همدلی,original,1405
دهم,ریاضی,ریاضی,ریاضی دهم,بانک پایه,ارزیابی مفهومی,,متوسط,میانگین 2،4،6 و 8 چند است؟,4,5,6,20,B,جمع 20 و تقسیم بر 4 برابر 5 است.,ترنم همدلی,original,1405
دهم,ریاضی,فیزیک,فیزیک دهم,بانک پایه,ارزیابی مفهومی,,متوسط,شتاب متوسط چیست؟,تغییر سرعت تقسیم بر زمان,مسافت تقسیم بر زمان,نیرو تقسیم بر جرم,جرم تقسیم بر زمان,A,a=Δv/Δt.,ترنم همدلی,original,1405
دهم,ریاضی,فیزیک,فیزیک دهم,بانک پایه,ارزیابی مفهومی,,متوسط,قانون سوم نیوتن بر چه اصلی استوار است؟,کنش و واکنش,پایستگی جرم,قانون اهم,اصل برنولی,A,نیروهای کنش و واکنش برابر و خلاف جهت‌اند.,ترنم همدلی,original,1405
دهم,ریاضی,فیزیک,فیزیک دهم,بانک پایه,ارزیابی مفهومی,,متوسط,قانون اهم چیست؟,V=IR,V=I/R,I=VR,R=VI,A,قانون اهم V=IR است.,ترنم همدلی,original,1405
دهم,ریاضی,فیزیک,فیزیک دهم,بانک پایه,ارزیابی مفهومی,,متوسط,میدان مغناطیسی اطراف جریان الکتریکی چگونه ایجاد می‌شود؟,جریان الکتریکی,سکون کامل بار,خلأ,فشار,A,جریان الکتریکی میدان مغناطیسی ایجاد می‌کند.,ترنم همدلی,original,1405
دهم,ریاضی,فیزیک,فیزیک دهم,بانک پایه,ارزیابی مفهومی,,متوسط,دوره تناوب چیست؟,زمان یک نوسان کامل,تعداد نوسان در ثانیه,دامنه,طول موج,A,دوره زمان یک نوسان کامل است.,ترنم همدلی,original,1405
دهم,ریاضی,فیزیک,فیزیک دهم,بانک پایه,ارزیابی مفهومی,,متوسط,انرژی پتانسیل گرانشی به چه عواملی وابسته است؟,جرم و ارتفاع,فقط سرعت,فقط زمان,مقاومت,A,U=mgh.,ترنم همدلی,original,1405
دهم,ریاضی,شیمی,شیمی دهم,بانک پایه,ارزیابی مفهومی,,متوسط,ایزوتوپ‌های یک عنصر در چه چیزی متفاوت‌اند؟,تعداد نوترون,تعداد پروتون,نام عنصر,عدد اتمی,A,ایزوتوپ‌ها پروتون یکسان و نوترون متفاوت دارند.,ترنم همدلی,original,1405
دهم,ریاضی,شیمی,شیمی دهم,بانک پایه,ارزیابی مفهومی,,متوسط,یک مول تقریباً چند ذره دارد؟,6.02×10^23,6.02×10^3,10^23,6.02,A,عدد آووگادرو حدود 6.02×10^23 است.,ترنم همدلی,original,1405
دهم,ریاضی,شیمی,شیمی دهم,بانک پایه,ارزیابی مفهومی,,متوسط,غلظت مولار یعنی چه؟,مول حل‌شونده در لیتر محلول,جرم در گرم,لیتر در مول,فشار در حجم,A,مولاریته mol/L است.,ترنم همدلی,original,1405
دهم,ریاضی,شیمی,شیمی دهم,بانک پایه,ارزیابی مفهومی,,متوسط,در تعادل شیمیایی چه چیزی برابر می‌شود؟,سرعت واکنش رفت و برگشت,غلظت همه مواد,جرم همه مواد,دما و فشار,A,در تعادل سرعت رفت و برگشت برابر است.,ترنم همدلی,original,1405
دهم,ریاضی,شیمی,شیمی دهم,بانک پایه,ارزیابی مفهومی,,متوسط,کدام ماده در آب یون H+ بیشتری ایجاد می‌کند؟,اسید,باز,نمک خنثی,فلز,A,اسیدها دهنده H+ هستند.,ترنم همدلی,original,1405
دهم,ریاضی,شیمی,شیمی دهم,بانک پایه,ارزیابی مفهومی,,متوسط,گروه عاملی الکل چیست؟,OH-,COOH,NH2,CHO,A,الکل‌ها گروه هیدروکسیل OH دارند.,ترنم همدلی,original,1405
دهم,انسانی,فارسی,فارسی,بانک پایه,ارزیابی مفهومی,,متوسط,واژه «فرهیخته» به کدام معنا نزدیک‌تر است؟,دانشمند,بی‌تجربه,کم‌حوصله,بی‌تفاوت,A,فرهیخته به فرد دانش‌آموخته و اهل فرهنگ گفته می‌شود.,ترنم همدلی,original,1405
دهم,انسانی,فارسی,فارسی,بانک پایه,ارزیابی مفهومی,,متوسط,در «قد سرو» کدام آرایه دیده می‌شود؟,تشبیه,تضاد,جناس,سجع,A,قد به سرو مانند شده است.,ترنم همدلی,original,1405
دهم,انسانی,فارسی,فارسی,بانک پایه,ارزیابی مفهومی,,متوسط,در «دانش‌آموزان درس را خواندند» نهاد کدام است؟,درس,دانش‌آموزان,را,خواندند,B,انجام‌دهنده فعل نهاد است.,ترنم همدلی,original,1405
دهم,انسانی,فارسی,فارسی,بانک پایه,ارزیابی مفهومی,,متوسط,کدام واژه درست است؟,تأثیر,تاثیر,تأثیرر,تاثیر,A,املای معیار «تأثیر» است.,ترنم همدلی,original,1405
دهم,انسانی,فارسی,فارسی,بانک پایه,ارزیابی مفهومی,,متوسط,کدام مفهوم به ارزش دانش نزدیک‌تر است؟,دانایی عامل رشد است,ثروت همیشه کافی است,تلاش بی‌فایده است,یادگیری بی‌ارزش است,A,مفهوم بر اهمیت دانش تأکید دارد.,ترنم همدلی,original,1405
دهم,انسانی,فارسی,فارسی,بانک پایه,ارزیابی مفهومی,,متوسط,مقدمه خوب چه ویژگی دارد؟,ارتباط با موضوع,بی‌ربطی,تکرار نتیجه,حذف موضوع,A,مقدمه باید زمینه موضوع را فراهم کند.,ترنم همدلی,original,1405
دهم,انسانی,عربی,عربی,بانک پایه,ارزیابی مفهومی,,متوسط,معنی «الطلابُ مجتهدون» چیست؟,دانش‌آموزان کوشا هستند,دانش‌آموز کوشاست,معلمان کوشا هستند,دانش‌آموزان غایب‌اند,A,ترجمه جمله همین است.,ترنم همدلی,original,1405
دهم,انسانی,عربی,عربی,بانک پایه,ارزیابی مفهومی,,متوسط,اسم فاعل «کاتب» به چه معناست؟,نویسنده/نویسنده‌کننده,نوشته‌شده,کتاب,خوانده‌شده,A,کاتب اسم فاعل از کتب است.,ترنم همدلی,original,1405
دهم,انسانی,عربی,عربی,بانک پایه,ارزیابی مفهومی,,متوسط,«یذهب» چه زمانی را نشان می‌دهد؟,مضارع,ماضی,امر,نهی,A,یذهب فعل مضارع است.,ترنم همدلی,original,1405
دهم,انسانی,عربی,عربی,بانک پایه,ارزیابی مفهومی,,متوسط,«ثلاثة» چه عددی است؟,دو,سه,چهار,پنج,B,ثلاثة یعنی سه.,ترنم همدلی,original,1405
دهم,انسانی,عربی,عربی,بانک پایه,ارزیابی مفهومی,,متوسط,جمع «معلم» کدام است؟,معلمان,معلمون,تعلیم,معلومة,B,در حالت رفع جمع مذکر سالم «معلمون» است.,ترنم همدلی,original,1405
دهم,انسانی,عربی,عربی,بانک پایه,ارزیابی مفهومی,,متوسط,در «قرأ الطالبُ الکتابَ» مفعول چیست؟,الطالب,قرأ,الکتاب,هیچ‌کدام,C,الکتاب مفعول فعل قرأ است.,ترنم همدلی,original,1405
دهم,انسانی,دین و زندگی,دین و زندگی,بانک پایه,ارزیابی مفهومی,,متوسط,توحید در ربوبیت به چه معناست؟,خداوند مدبر جهان است,انکار خدا,چندخدایی,بی‌نیازی از هدایت,A,ربوبیت به تدبیر و پروردگاری خداوند اشاره دارد.,ترنم همدلی,original,1405
دهم,انسانی,دین و زندگی,دین و زندگی,بانک پایه,ارزیابی مفهومی,,متوسط,یکی از نیازهای انسان به پیامبران چیست؟,هدایت الهی,افزایش ثروت,حل همه مسائل علمی,حذف اختیار,A,پیامبران راه هدایت الهی را ارائه می‌کنند.,ترنم همدلی,original,1405
دهم,انسانی,دین و زندگی,دین و زندگی,بانک پایه,ارزیابی مفهومی,,متوسط,باور به معاد چه اثری می‌تواند داشته باشد؟,مسئولیت‌پذیری,بی‌تفاوتی,بی‌قانونی,ناامیدی,A,باور به حسابرسی می‌تواند مسئولیت‌پذیری را تقویت کند.,ترنم همدلی,original,1405
دهم,انسانی,دین و زندگی,دین و زندگی,بانک پایه,ارزیابی مفهومی,,متوسط,اخلاص یعنی چه؟,انجام عمل برای رضای خدا,انجام کار برای شهرت,ترس از مردم,خودنمایی,A,اخلاص به نیت الهی در عمل اشاره دارد.,ترنم همدلی,original,1405
دهم,انسانی,دین و زندگی,دین و زندگی,بانک پایه,ارزیابی مفهومی,,متوسط,اختیار انسان با مسئولیت چه ارتباطی دارد؟,انتخاب زمینه مسئولیت است,هیچ ارتباطی ندارد,اختیار مسئولیت را حذف می‌کند,مسئولیت را ناممکن می‌کند,A,مسئولیت اخلاقی بر انتخاب آگاهانه استوار است.,ترنم همدلی,original,1405
دهم,انسانی,دین و زندگی,دین و زندگی,بانک پایه,ارزیابی مفهومی,,متوسط,عقل و وحی چه نقشی در هدایت دارند؟,راهنمایی انسان,ایجاد سردرگمی,حذف انتخاب,افزایش جهل,A,هر دو در چارچوب آموزه دینی ابزار هدایت‌اند.,ترنم همدلی,original,1405
دهم,انسانی,زبان انگلیسی,زبان انگلیسی,بانک پایه,ارزیابی مفهومی,,متوسط,"meaning of ""benefit"" چیست؟",فایده,خطر,هزینه,شکست,A,benefit یعنی فایده.,ترنم همدلی,original,1405
دهم,انسانی,زبان انگلیسی,زبان انگلیسی,بانک پایه,ارزیابی مفهومی,,متوسط,کدام جمله درست است؟,She has finished her work.,She have finished.,She finish has.,She finishing has.,A,ساختار حال کامل برای she با has است.,ترنم همدلی,original,1405
دهم,انسانی,زبان انگلیسی,زبان انگلیسی,بانک پایه,ارزیابی مفهومی,,متوسط,کدام جمله مجهول است؟,Ali wrote the letter.,The letter was written by Ali.,Ali writes letters.,Ali is writing.,B,در جمله دوم فاعل گیرنده عمل است.,ترنم همدلی,original,1405
دهم,انسانی,زبان انگلیسی,زبان انگلیسی,بانک پایه,ارزیابی مفهومی,,متوسط,کدام جمله شرطی نوع اول است؟,"If it rains, we will stay home.","If it rained, we would stay.","If it had rained, we would have stayed.",It rains yesterday.,A,شرطی نوع اول معمولاً if+حال و will دارد.,ترنم همدلی,original,1405
دهم,انسانی,زبان انگلیسی,زبان انگلیسی,بانک پایه,ارزیابی مفهومی,,متوسط,برای فهم ایده اصلی متن چه چیزی مهم است؟,تمرکز بر پیام کلی,حفظ همه کلمات,نادیده گرفتن عنوان,فقط ترجمه یک جمله,A,ایده اصلی پیام کلی متن است.,ترنم همدلی,original,1405
دهم,انسانی,زبان انگلیسی,زبان انگلیسی,بانک پایه,ارزیابی مفهومی,,متوسط,"opposite of ""increase"" چیست؟",decrease,improve,expand,raise,A,decrease متضاد increase است.,ترنم همدلی,original,1405
دهم,انسانی,علوم و فنون ادبی,علوم و فنون ادبی دهم,بانک پایه,ارزیابی مفهومی,,متوسط,واحد بنیادی وزن شعر فارسی چیست؟,هجا,بند,جمله,مصراع تنها,A,وزن بر پایه هجاها بررسی می‌شود.,ترنم همدلی,original,1405
دهم,انسانی,علوم و فنون ادبی,علوم و فنون ادبی دهم,بانک پایه,ارزیابی مفهومی,,متوسط,تضاد چیست؟,جمع دو مفهوم مخالف,تکرار صدا,تشبیه,حذف فعل,A,تضاد کنار هم آمدن مفاهیم مخالف است.,ترنم همدلی,original,1405
دهم,انسانی,علوم و فنون ادبی,علوم و فنون ادبی دهم,بانک پایه,ارزیابی مفهومی,,متوسط,قافیه در شعر چه نقشی دارد؟,آهنگ و هماهنگی پایانی,معنی واژه,ساخت جمله,تغییر موضوع,A,قافیه به هماهنگی پایانی شعر کمک می‌کند.,ترنم همدلی,original,1405
دهم,انسانی,علوم و فنون ادبی,علوم و فنون ادبی دهم,بانک پایه,ارزیابی مفهومی,,متوسط,سبک خراسانی چه ویژگی برجسته‌ای دارد؟,زبان نسبتاً ساده و استوار,پیچیدگی کامل عرفانی,زبان کاملاً محاوره‌ای,نبود وزن,A,از ویژگی‌های شناخته‌شده سبک خراسانی زبان نسبتاً ساده و استوار است.,ترنم همدلی,original,1405
دهم,انسانی,علوم و فنون ادبی,علوم و فنون ادبی دهم,بانک پایه,ارزیابی مفهومی,,متوسط,واج‌آرایی چیست؟,تکرار یک واج,تکرار معنی,تضاد,تشبیه,A,تکرار آوای یک واج واج‌آرایی است.,ترنم همدلی,original,1405
دهم,انسانی,علوم و فنون ادبی,علوم و فنون ادبی دهم,بانک پایه,ارزیابی مفهومی,,متوسط,خبر در جمله چه نقشی دارد؟,انتقال اطلاعات درباره نهاد,فقط پرسش,امر,نداء,A,خبر درباره نهاد اطلاعات می‌دهد.,ترنم همدلی,original,1405
دهم,انسانی,جامعه‌شناسی,جامعه‌شناسی دهم,بانک پایه,ارزیابی مفهومی,,متوسط,کنش اجتماعی چیست؟,رفتار معنادار نسبت به دیگران,حرکت فیزیکی بدون معنا,فقط تفکر,واکنش شیمیایی,A,کنش اجتماعی رفتار معنادار در ارتباط با دیگران است.,ترنم همدلی,original,1405
دهم,انسانی,جامعه‌شناسی,جامعه‌شناسی دهم,بانک پایه,ارزیابی مفهومی,,متوسط,فرهنگ شامل چه چیزهایی است؟,ارزش‌ها و هنجارها و نمادها,فقط ساختمان‌ها,فقط اقتصاد,فقط جغرافیا,A,فرهنگ مجموعه‌ای از ارزش‌ها، هنجارها، نمادها و معانی است.,ترنم همدلی,original,1405
دهم,انسانی,جامعه‌شناسی,جامعه‌شناسی دهم,بانک پایه,ارزیابی مفهومی,,متوسط,خانواده نمونه چیست؟,نهاد اجتماعی,عنصر شیمیایی,قانون طبیعی,دستگاه فیزیکی,A,خانواده یک نهاد اجتماعی بنیادی است.,ترنم همدلی,original,1405
دهم,انسانی,جامعه‌شناسی,جامعه‌شناسی دهم,بانک پایه,ارزیابی مفهومی,,متوسط,هویت اجتماعی چه چیزی را نشان می‌دهد؟,جایگاه و تعلقات فرد در جامعه,فقط قد و وزن,فقط درآمد,فقط ژنتیک,A,هویت اجتماعی با تعلقات و نقش‌های اجتماعی پیوند دارد.,ترنم همدلی,original,1405
دهم,انسانی,جامعه‌شناسی,جامعه‌شناسی دهم,بانک پایه,ارزیابی مفهومی,,متوسط,کدام مورد می‌تواند عامل تغییر اجتماعی باشد؟,فناوری,سکون کامل,نبود ارتباط,حذف آموزش,A,فناوری می‌تواند الگوهای زندگی اجتماعی را تغییر دهد.,ترنم همدلی,original,1405
دهم,انسانی,جامعه‌شناسی,جامعه‌شناسی دهم,بانک پایه,ارزیابی مفهومی,,متوسط,جهانی‌شدن به چه معناست؟,افزایش پیوندهای جهانی,انزوای کامل جوامع,کاهش ارتباط,حذف فناوری,A,جهانی‌شدن با افزایش ارتباط و وابستگی متقابل همراه است.,ترنم همدلی,original,1405
دهم,انسانی,اقتصاد,اقتصاد دهم,بانک پایه,ارزیابی مفهومی,,متوسط,نیاز چه تفاوتی با خواسته دارد؟,ضروری‌تر بودن نیاز,گران‌تر بودن نیاز,همیشه یکسان بودن,نداشتن هزینه,A,نیاز برای زندگی ضروری‌تر است.,ترنم همدلی,original,1405
دهم,انسانی,اقتصاد,اقتصاد دهم,بانک پایه,ارزیابی مفهومی,,متوسط,کمیابی چرا مسئله اقتصادی ایجاد می‌کند؟,منابع محدودند و نیازها گسترده,همه چیز فراوان است,تقاضا صفر است,قیمت‌ها ثابت‌اند,A,محدودیت منابع انتخاب را ضروری می‌کند.,ترنم همدلی,original,1405
دهم,انسانی,اقتصاد,اقتصاد دهم,بانک پایه,ارزیابی مفهومی,,متوسط,افزایش تقاضا با ثابت بودن سایر شرایط چه اثری می‌تواند داشته باشد؟,افزایش قیمت,کاهش قطعی قیمت,حذف بازار,ثابت ماندن حتمی,A,در مدل ساده افزایش تقاضا فشار افزایشی بر قیمت دارد.,ترنم همدلی,original,1405
دهم,انسانی,اقتصاد,اقتصاد دهم,بانک پایه,ارزیابی مفهومی,,متوسط,تورم چیست؟,افزایش مستمر سطح عمومی قیمت‌ها,کاهش یک قیمت,افزایش تولید یک کالا,ثبات قیمت‌ها,A,تورم افزایش عمومی و مستمر سطح قیمت‌هاست.,ترنم همدلی,original,1405
دهم,انسانی,اقتصاد,اقتصاد دهم,بانک پایه,ارزیابی مفهومی,,متوسط,پس‌انداز چه نقشی دارد؟,تأمین منابع آینده,افزایش مصرف فوری,حذف سرمایه‌گذاری,کاهش درآمد,A,پس‌انداز منابع را برای آینده فراهم می‌کند.,ترنم همدلی,original,1405
دهم,انسانی,اقتصاد,اقتصاد دهم,بانک پایه,ارزیابی مفهومی,,متوسط,کارآفرین چه کاری انجام می‌دهد؟,شناسایی فرصت و پذیرش ریسک,فقط مصرف کالا,حذف نوآوری,کاهش بهره‌وری,A,کارآفرینی با فرصت، نوآوری و پذیرش ریسک همراه است.,ترنم همدلی,original,1405
دهم,انسانی,تاریخ,تاریخ دهم,بانک پایه,ارزیابی مفهومی,,متوسط,منبع دست‌اول چیست؟,اثر یا گزارش نزدیک به زمان رویداد,خلاصه امروزی,نظر شخص ثالث,داستان تخیلی,A,منبع دست‌اول به دوره یا شاهد نزدیک‌تر است.,ترنم همدلی,original,1405
دهم,انسانی,تاریخ,تاریخ دهم,بانک پایه,ارزیابی مفهومی,,متوسط,در تحلیل تاریخی چرا علت و معلول مهم است؟,برای فهم چرایی رویدادها,برای حفظ تاریخ‌ها فقط,برای حذف زمینه,برای شمارش جمعیت,A,تحلیل علت و معلول فهم رویداد را عمیق‌تر می‌کند.,ترنم همدلی,original,1405
دهم,انسانی,تاریخ,تاریخ دهم,بانک پایه,ارزیابی مفهومی,,متوسط,دوره‌بندی تاریخی چه فایده‌ای دارد؟,سازمان‌دهی مطالعه گذشته,تغییر واقعیت,حذف منابع,ساختن رویداد,A,دوره‌بندی مطالعه گذشته را منظم می‌کند.,ترنم همدلی,original,1405
دهم,انسانی,تاریخ,تاریخ دهم,بانک پایه,ارزیابی مفهومی,,متوسط,کدام مورد منبع مادی است؟,سکه تاریخی,نظر دانش‌آموز,پست شبکه اجتماعی امروز,فرمول ریاضی,A,سکه تاریخی یک منبع مادی است.,ترنم همدلی,original,1405
دهم,انسانی,تاریخ,تاریخ دهم,بانک پایه,ارزیابی مفهومی,,متوسط,در نقد منبع چه چیزی بررسی می‌شود؟,اعتبار و زمینه منبع,فقط طول متن,رنگ کاغذ,تعداد صفحات تنها,A,اعتبار، نویسنده، زمان و زمینه اهمیت دارند.,ترنم همدلی,original,1405
دهم,انسانی,تاریخ,تاریخ دهم,بانک پایه,ارزیابی مفهومی,,متوسط,یک رویداد تاریخی را باید چگونه بررسی کرد؟,با توجه به زمینه و شواهد,فقط با یک نظر,بدون منبع,صرفاً با حدس,A,تحلیل تاریخی باید مبتنی بر شواهد و زمینه باشد.,ترنم همدلی,original,1405
دهم,انسانی,جغرافیا,جغرافیا دهم,بانک پایه,ارزیابی مفهومی,,متوسط,مقیاس چه چیزی را نشان می‌دهد؟,رابطه فاصله نقشه و واقعیت,فقط جهت,فقط ارتفاع,نوع خاک,A,مقیاس رابطه فاصله روی نقشه با واقعیت است.,ترنم همدلی,original,1405
دهم,انسانی,جغرافیا,جغرافیا دهم,بانک پایه,ارزیابی مفهومی,,متوسط,اقلیم چیست؟,الگوی بلندمدت وضعیت جوی,وضعیت یک ساعت,فقط بارش امروز,باد لحظه‌ای,A,اقلیم الگوی بلندمدت شرایط جوی است.,ترنم همدلی,original,1405
دهم,انسانی,جغرافیا,جغرافیا دهم,بانک پایه,ارزیابی مفهومی,,متوسط,تراکم جمعیت چگونه محاسبه می‌شود؟,جمعیت تقسیم بر مساحت,مساحت تقسیم بر جمعیت,جمعیت ضربدر مساحت,جمعیت منهای مساحت,A,تراکم=جمعیت/مساحت.,ترنم همدلی,original,1405
دهم,انسانی,جغرافیا,جغرافیا دهم,بانک پایه,ارزیابی مفهومی,,متوسط,کدام منبع تجدیدپذیر است؟,خورشید,نفت,زغال‌سنگ,گاز طبیعی,A,انرژی خورشیدی تجدیدپذیر است.,ترنم همدلی,original,1405
دهم,انسانی,جغرافیا,جغرافیا دهم,بانک پایه,ارزیابی مفهومی,,متوسط,شهرنشینی به چه معناست؟,افزایش سهم جمعیت شهری,کاهش ارتباط,تخلیه همه شهرها,افزایش کشاورزی روستایی,A,شهرنشینی با افزایش سهم جمعیت شهری مرتبط است.,ترنم همدلی,original,1405
دهم,انسانی,جغرافیا,جغرافیا دهم,بانک پایه,ارزیابی مفهومی,,متوسط,توسعه پایدار بر چه تأکیدی است؟,تأمین نیاز امروز بدون آسیب جدی به آینده,مصرف بی‌حد,حذف منابع,تخریب محیط,A,توسعه پایدار تعادل میان نیازهای امروز و آینده را دنبال می‌کند.,ترنم همدلی,original,1405
دهم,انسانی,ریاضی و آمار,ریاضی و آمار دهم,بانک پایه,ارزیابی مفهومی,,متوسط,میانگین 3،5 و7 چیست؟,4,5,6,7,B,میانگین 15÷3=5.,ترنم همدلی,original,1405
دهم,انسانی,ریاضی و آمار,ریاضی و آمار دهم,بانک پایه,ارزیابی مفهومی,,متوسط,احتمال رویداد غیرممکن چیست؟,0,1,1/2,2,A,رویداد غیرممکن احتمال صفر دارد.,ترنم همدلی,original,1405
دهم,انسانی,ریاضی و آمار,ریاضی و آمار دهم,بانک پایه,ارزیابی مفهومی,,متوسط,اگر f(x)=x+2 باشد f(5) چند است؟,5,6,7,8,C,5+2=7.,ترنم همدلی,original,1405
دهم,انسانی,ریاضی و آمار,ریاضی و آمار دهم,بانک پایه,ارزیابی مفهومی,,متوسط,حل 3x=12 چیست؟,2,3,4,6,C,x=4.,ترنم همدلی,original,1405
دهم,انسانی,ریاضی و آمار,ریاضی و آمار دهم,بانک پایه,ارزیابی مفهومی,,متوسط,جمله بعدی 2،4،6،8 چیست؟,9,10,12,16,B,الگو هر بار 2 واحد افزایش دارد.,ترنم همدلی,original,1405
دهم,انسانی,ریاضی و آمار,ریاضی و آمار دهم,بانک پایه,ارزیابی مفهومی,,متوسط,نمودار ستونی برای چه داده‌هایی مناسب است؟,مقایسه دسته‌ها,فقط تابع پیوسته,فقط هندسه,فقط متن,A,نمودار ستونی برای مقایسه دسته‌ها مناسب است.,ترنم همدلی,original,1405
یازدهم,تجربی,فارسی,فارسی,بانک پایه,ارزیابی مفهومی,,متوسط,واژه «فرهیخته» به کدام معنا نزدیک‌تر است؟,دانشمند,بی‌تجربه,کم‌حوصله,بی‌تفاوت,A,فرهیخته به فرد دانش‌آموخته و اهل فرهنگ گفته می‌شود.,ترنم همدلی,original,1405
یازدهم,تجربی,فارسی,فارسی,بانک پایه,ارزیابی مفهومی,,متوسط,در «قد سرو» کدام آرایه دیده می‌شود؟,تشبیه,تضاد,جناس,سجع,A,قد به سرو مانند شده است.,ترنم همدلی,original,1405
یازدهم,تجربی,فارسی,فارسی,بانک پایه,ارزیابی مفهومی,,متوسط,در «دانش‌آموزان درس را خواندند» نهاد کدام است؟,درس,دانش‌آموزان,را,خواندند,B,انجام‌دهنده فعل نهاد است.,ترنم همدلی,original,1405
یازدهم,تجربی,فارسی,فارسی,بانک پایه,ارزیابی مفهومی,,متوسط,کدام واژه درست است؟,تأثیر,تاثیر,تأثیرر,تاثیر,A,املای معیار «تأثیر» است.,ترنم همدلی,original,1405
یازدهم,تجربی,فارسی,فارسی,بانک پایه,ارزیابی مفهومی,,متوسط,کدام مفهوم به ارزش دانش نزدیک‌تر است؟,دانایی عامل رشد است,ثروت همیشه کافی است,تلاش بی‌فایده است,یادگیری بی‌ارزش است,A,مفهوم بر اهمیت دانش تأکید دارد.,ترنم همدلی,original,1405
یازدهم,تجربی,فارسی,فارسی,بانک پایه,ارزیابی مفهومی,,متوسط,مقدمه خوب چه ویژگی دارد؟,ارتباط با موضوع,بی‌ربطی,تکرار نتیجه,حذف موضوع,A,مقدمه باید زمینه موضوع را فراهم کند.,ترنم همدلی,original,1405
یازدهم,تجربی,عربی,عربی,بانک پایه,ارزیابی مفهومی,,متوسط,معنی «الطلابُ مجتهدون» چیست؟,دانش‌آموزان کوشا هستند,دانش‌آموز کوشاست,معلمان کوشا هستند,دانش‌آموزان غایب‌اند,A,ترجمه جمله همین است.,ترنم همدلی,original,1405
یازدهم,تجربی,عربی,عربی,بانک پایه,ارزیابی مفهومی,,متوسط,اسم فاعل «کاتب» به چه معناست؟,نویسنده/نویسنده‌کننده,نوشته‌شده,کتاب,خوانده‌شده,A,کاتب اسم فاعل از کتب است.,ترنم همدلی,original,1405
یازدهم,تجربی,عربی,عربی,بانک پایه,ارزیابی مفهومی,,متوسط,«یذهب» چه زمانی را نشان می‌دهد؟,مضارع,ماضی,امر,نهی,A,یذهب فعل مضارع است.,ترنم همدلی,original,1405
یازدهم,تجربی,عربی,عربی,بانک پایه,ارزیابی مفهومی,,متوسط,«ثلاثة» چه عددی است؟,دو,سه,چهار,پنج,B,ثلاثة یعنی سه.,ترنم همدلی,original,1405
یازدهم,تجربی,عربی,عربی,بانک پایه,ارزیابی مفهومی,,متوسط,جمع «معلم» کدام است؟,معلمان,معلمون,تعلیم,معلومة,B,در حالت رفع جمع مذکر سالم «معلمون» است.,ترنم همدلی,original,1405
یازدهم,تجربی,عربی,عربی,بانک پایه,ارزیابی مفهومی,,متوسط,در «قرأ الطالبُ الکتابَ» مفعول چیست؟,الطالب,قرأ,الکتاب,هیچ‌کدام,C,الکتاب مفعول فعل قرأ است.,ترنم همدلی,original,1405
یازدهم,تجربی,دین و زندگی,دین و زندگی,بانک پایه,ارزیابی مفهومی,,متوسط,توحید در ربوبیت به چه معناست؟,خداوند مدبر جهان است,انکار خدا,چندخدایی,بی‌نیازی از هدایت,A,ربوبیت به تدبیر و پروردگاری خداوند اشاره دارد.,ترنم همدلی,original,1405
یازدهم,تجربی,دین و زندگی,دین و زندگی,بانک پایه,ارزیابی مفهومی,,متوسط,یکی از نیازهای انسان به پیامبران چیست؟,هدایت الهی,افزایش ثروت,حل همه مسائل علمی,حذف اختیار,A,پیامبران راه هدایت الهی را ارائه می‌کنند.,ترنم همدلی,original,1405
یازدهم,تجربی,دین و زندگی,دین و زندگی,بانک پایه,ارزیابی مفهومی,,متوسط,باور به معاد چه اثری می‌تواند داشته باشد؟,مسئولیت‌پذیری,بی‌تفاوتی,بی‌قانونی,ناامیدی,A,باور به حسابرسی می‌تواند مسئولیت‌پذیری را تقویت کند.,ترنم همدلی,original,1405
یازدهم,تجربی,دین و زندگی,دین و زندگی,بانک پایه,ارزیابی مفهومی,,متوسط,اخلاص یعنی چه؟,انجام عمل برای رضای خدا,انجام کار برای شهرت,ترس از مردم,خودنمایی,A,اخلاص به نیت الهی در عمل اشاره دارد.,ترنم همدلی,original,1405
یازدهم,تجربی,دین و زندگی,دین و زندگی,بانک پایه,ارزیابی مفهومی,,متوسط,اختیار انسان با مسئولیت چه ارتباطی دارد؟,انتخاب زمینه مسئولیت است,هیچ ارتباطی ندارد,اختیار مسئولیت را حذف می‌کند,مسئولیت را ناممکن می‌کند,A,مسئولیت اخلاقی بر انتخاب آگاهانه استوار است.,ترنم همدلی,original,1405
یازدهم,تجربی,دین و زندگی,دین و زندگی,بانک پایه,ارزیابی مفهومی,,متوسط,عقل و وحی چه نقشی در هدایت دارند؟,راهنمایی انسان,ایجاد سردرگمی,حذف انتخاب,افزایش جهل,A,هر دو در چارچوب آموزه دینی ابزار هدایت‌اند.,ترنم همدلی,original,1405
یازدهم,تجربی,زبان انگلیسی,زبان انگلیسی,بانک پایه,ارزیابی مفهومی,,متوسط,"meaning of ""benefit"" چیست؟",فایده,خطر,هزینه,شکست,A,benefit یعنی فایده.,ترنم همدلی,original,1405
یازدهم,تجربی,زبان انگلیسی,زبان انگلیسی,بانک پایه,ارزیابی مفهومی,,متوسط,کدام جمله درست است؟,She has finished her work.,She have finished.,She finish has.,She finishing has.,A,ساختار حال کامل برای she با has است.,ترنم همدلی,original,1405
یازدهم,تجربی,زبان انگلیسی,زبان انگلیسی,بانک پایه,ارزیابی مفهومی,,متوسط,کدام جمله مجهول است؟,Ali wrote the letter.,The letter was written by Ali.,Ali writes letters.,Ali is writing.,B,در جمله دوم فاعل گیرنده عمل است.,ترنم همدلی,original,1405
یازدهم,تجربی,زبان انگلیسی,زبان انگلیسی,بانک پایه,ارزیابی مفهومی,,متوسط,کدام جمله شرطی نوع اول است؟,"If it rains, we will stay home.","If it rained, we would stay.","If it had rained, we would have stayed.",It rains yesterday.,A,شرطی نوع اول معمولاً if+حال و will دارد.,ترنم همدلی,original,1405
یازدهم,تجربی,زبان انگلیسی,زبان انگلیسی,بانک پایه,ارزیابی مفهومی,,متوسط,برای فهم ایده اصلی متن چه چیزی مهم است؟,تمرکز بر پیام کلی,حفظ همه کلمات,نادیده گرفتن عنوان,فقط ترجمه یک جمله,A,ایده اصلی پیام کلی متن است.,ترنم همدلی,original,1405
یازدهم,تجربی,زبان انگلیسی,زبان انگلیسی,بانک پایه,ارزیابی مفهومی,,متوسط,"opposite of ""increase"" چیست؟",decrease,improve,expand,raise,A,decrease متضاد increase است.,ترنم همدلی,original,1405
یازدهم,تجربی,زیست‌شناسی,زیست‌شناسی یازدهم,بانک پایه,ارزیابی مفهومی,,متوسط,میتوکندری چه نقشی دارد؟,تولید ATP,ساخت دیواره,ذخیره DNA در همه سلول‌ها,ساخت کلروفیل,A,میتوکندری محل اصلی تولید ATP در تنفس یاخته‌ای است.,ترنم همدلی,original,1405
یازدهم,تجربی,زیست‌شناسی,زیست‌شناسی یازدهم,بانک پایه,ارزیابی مفهومی,,متوسط,وظیفه اصلی بافت پوششی چیست؟,پوشش و حفاظت,انقباض,انتقال پیام عصبی,تولید گلبول قرمز,A,بافت پوششی سطوح را می‌پوشاند و حفاظت می‌کند.,ترنم همدلی,original,1405
یازدهم,تجربی,زیست‌شناسی,زیست‌شناسی یازدهم,بانک پایه,ارزیابی مفهومی,,متوسط,بیشترین جذب مواد غذایی در کجاست؟,معده,روده باریک,روده بزرگ,مری,B,روده باریک محل اصلی جذب است.,ترنم همدلی,original,1405
یازدهم,تجربی,زیست‌شناسی,زیست‌شناسی یازدهم,بانک پایه,ارزیابی مفهومی,,متوسط,کدام رگ خون را از قلب دور می‌کند؟,سیاهرگ,سرخرگ,مویرگ,لنف,B,سرخرگ‌ها خون را از قلب دور می‌کنند.,ترنم همدلی,original,1405
یازدهم,تجربی,زیست‌شناسی,زیست‌شناسی یازدهم,بانک پایه,ارزیابی مفهومی,,متوسط,محل اصلی تبادل گازها در شش چیست؟,نای,حبابک‌ها,حنجره,دیافراگم,B,تبادل گازها در حبابک‌ها انجام می‌شود.,ترنم همدلی,original,1405
یازدهم,تجربی,زیست‌شناسی,زیست‌شناسی یازدهم,بانک پایه,ارزیابی مفهومی,,متوسط,ژن چیست؟,بخشی از DNA با اطلاعات وراثتی,نوعی سلول,بافت,هورمون,A,ژن واحدی از اطلاعات وراثتی در DNA است.,ترنم همدلی,original,1405
یازدهم,تجربی,شیمی,شیمی یازدهم,بانک پایه,ارزیابی مفهومی,,متوسط,عدد اتمی چه چیزی را نشان می‌دهد؟,تعداد پروتون‌ها,تعداد نوترون‌ها,جرم اتم,تعداد لایه‌ها,A,عدد اتمی برابر تعداد پروتون‌هاست.,ترنم همدلی,original,1405
یازدهم,تجربی,شیمی,شیمی یازدهم,بانک پایه,ارزیابی مفهومی,,متوسط,پیوند یونی معمولاً از چه راهی شکل می‌گیرد؟,انتقال الکترون,اشتراک کامل هسته,انتقال نوترون,تغییر پروتون,A,در پیوند یونی انتقال الکترون رخ می‌دهد.,ترنم همدلی,original,1405
یازدهم,تجربی,شیمی,شیمی یازدهم,بانک پایه,ارزیابی مفهومی,,متوسط,pH کمتر از 7 معمولاً نشان‌دهنده چیست؟,اسیدی بودن,بازی بودن,خنثی بودن,فلزی بودن,A,محلول‌های اسیدی pH کمتر از 7 دارند.,ترنم همدلی,original,1405
یازدهم,تجربی,شیمی,شیمی یازدهم,بانک پایه,ارزیابی مفهومی,,متوسط,جرم مولی آب تقریباً چقدر است؟,10,18,20,36,B,2×1+16=18 g/mol.,ترنم همدلی,original,1405
یازدهم,تجربی,شیمی,شیمی یازدهم,بانک پایه,ارزیابی مفهومی,,متوسط,اکسایش در تعریف ساده به چه معناست؟,از دست دادن الکترون,گرفتن پروتون,از دست دادن نوترون,گرفتن هسته,A,اکسایش با از دست دادن الکترون همراه است.,ترنم همدلی,original,1405
یازدهم,تجربی,شیمی,شیمی یازدهم,بانک پایه,ارزیابی مفهومی,,متوسط,متان چند اتم کربن دارد؟,1,2,4,8,A,فرمول متان CH4 است.,ترنم همدلی,original,1405
یازدهم,تجربی,فیزیک,فیزیک یازدهم,بانک پایه,ارزیابی مفهومی,,متوسط,سرعت متوسط چگونه به‌دست می‌آید؟,مسافت تقسیم بر زمان,زمان تقسیم بر مسافت,جرم تقسیم بر نیرو,نیرو تقسیم بر جرم,A,v=Δx/Δt.,ترنم همدلی,original,1405
یازدهم,تجربی,فیزیک,فیزیک یازدهم,بانک پایه,ارزیابی مفهومی,,متوسط,قانون دوم نیوتن کدام است؟,F=ma,F=m/a,F=a/m,F=m+a,A,قانون دوم نیوتن F=ma است.,ترنم همدلی,original,1405
یازدهم,تجربی,فیزیک,فیزیک یازدهم,بانک پایه,ارزیابی مفهومی,,متوسط,اگر نیرو و جابه‌جایی هم‌جهت باشند، کار چگونه محاسبه می‌شود؟,W=Fd,W=F/d,W=d/F,W=F+d,A,در حالت هم‌جهت W=Fd.,ترنم همدلی,original,1405
یازدهم,تجربی,فیزیک,فیزیک یازدهم,بانک پایه,ارزیابی مفهومی,,متوسط,واحد مقاومت الکتریکی چیست؟,ولت,آمپر,اهم,وات,C,واحد مقاومت اهم است.,ترنم همدلی,original,1405
یازدهم,تجربی,فیزیک,فیزیک یازدهم,بانک پایه,ارزیابی مفهومی,,متوسط,فرکانس چیست؟,تعداد نوسان در واحد زمان,زمان یک نوسان,طول مسیر,دامنه,A,فرکانس تعداد نوسان در واحد زمان است.,ترنم همدلی,original,1405
یازدهم,تجربی,فیزیک,فیزیک یازدهم,بانک پایه,ارزیابی مفهومی,,متوسط,انرژی جنبشی به چه عواملی وابسته است؟,جرم و سرعت,فقط جرم,فقط ارتفاع,فقط زمان,A,K=1/2 mv².,ترنم همدلی,original,1405
یازدهم,تجربی,ریاضی,ریاضی یازدهم,بانک پایه,ارزیابی مفهومی,,متوسط,اگر f(x)=2x+1 باشد f(3) چند است؟,5,6,7,8,C,2×3+1=7.,ترنم همدلی,original,1405
یازدهم,تجربی,ریاضی,ریاضی یازدهم,بانک پایه,ارزیابی مفهومی,,متوسط,حل 2x+6=14 چیست؟,2,3,4,5,C,2x=8 پس x=4.,ترنم همدلی,original,1405
یازدهم,تجربی,ریاضی,ریاضی یازدهم,بانک پایه,ارزیابی مفهومی,,متوسط,حد بیانگر چه مفهومی است؟,رفتار تابع نزدیک یک نقطه,فقط مقدار تابع در نقطه,مشتق همیشه,مساحت,A,حد رفتار تابع هنگام نزدیک شدن ورودی به نقطه را توصیف می‌کند.,ترنم همدلی,original,1405
یازدهم,تجربی,ریاضی,ریاضی یازدهم,بانک پایه,ارزیابی مفهومی,,متوسط,مشتق x² چیست؟,x,2x,x²,2,B,مشتق x² برابر 2x است.,ترنم همدلی,original,1405
یازدهم,تجربی,ریاضی,ریاضی یازدهم,بانک پایه,ارزیابی مفهومی,,متوسط,احتمال رخداد قطعی چیست؟,0,1,1/2,2,B,رخداد قطعی احتمال 1 دارد.,ترنم همدلی,original,1405
یازدهم,تجربی,ریاضی,ریاضی یازدهم,بانک پایه,ارزیابی مفهومی,,متوسط,شیب خط افقی چیست؟,1,-1,0,تعریف‌نشده,C,خط افقی شیب صفر دارد.,ترنم همدلی,original,1405
یازدهم,ریاضی,فارسی,فارسی,بانک پایه,ارزیابی مفهومی,,متوسط,واژه «فرهیخته» به کدام معنا نزدیک‌تر است؟,دانشمند,بی‌تجربه,کم‌حوصله,بی‌تفاوت,A,فرهیخته به فرد دانش‌آموخته و اهل فرهنگ گفته می‌شود.,ترنم همدلی,original,1405
یازدهم,ریاضی,فارسی,فارسی,بانک پایه,ارزیابی مفهومی,,متوسط,در «قد سرو» کدام آرایه دیده می‌شود؟,تشبیه,تضاد,جناس,سجع,A,قد به سرو مانند شده است.,ترنم همدلی,original,1405
یازدهم,ریاضی,فارسی,فارسی,بانک پایه,ارزیابی مفهومی,,متوسط,در «دانش‌آموزان درس را خواندند» نهاد کدام است؟,درس,دانش‌آموزان,را,خواندند,B,انجام‌دهنده فعل نهاد است.,ترنم همدلی,original,1405
یازدهم,ریاضی,فارسی,فارسی,بانک پایه,ارزیابی مفهومی,,متوسط,کدام واژه درست است؟,تأثیر,تاثیر,تأثیرر,تاثیر,A,املای معیار «تأثیر» است.,ترنم همدلی,original,1405
یازدهم,ریاضی,فارسی,فارسی,بانک پایه,ارزیابی مفهومی,,متوسط,کدام مفهوم به ارزش دانش نزدیک‌تر است؟,دانایی عامل رشد است,ثروت همیشه کافی است,تلاش بی‌فایده است,یادگیری بی‌ارزش است,A,مفهوم بر اهمیت دانش تأکید دارد.,ترنم همدلی,original,1405
یازدهم,ریاضی,فارسی,فارسی,بانک پایه,ارزیابی مفهومی,,متوسط,مقدمه خوب چه ویژگی دارد؟,ارتباط با موضوع,بی‌ربطی,تکرار نتیجه,حذف موضوع,A,مقدمه باید زمینه موضوع را فراهم کند.,ترنم همدلی,original,1405
یازدهم,ریاضی,عربی,عربی,بانک پایه,ارزیابی مفهومی,,متوسط,معنی «الطلابُ مجتهدون» چیست؟,دانش‌آموزان کوشا هستند,دانش‌آموز کوشاست,معلمان کوشا هستند,دانش‌آموزان غایب‌اند,A,ترجمه جمله همین است.,ترنم همدلی,original,1405
یازدهم,ریاضی,عربی,عربی,بانک پایه,ارزیابی مفهومی,,متوسط,اسم فاعل «کاتب» به چه معناست؟,نویسنده/نویسنده‌کننده,نوشته‌شده,کتاب,خوانده‌شده,A,کاتب اسم فاعل از کتب است.,ترنم همدلی,original,1405
یازدهم,ریاضی,عربی,عربی,بانک پایه,ارزیابی مفهومی,,متوسط,«یذهب» چه زمانی را نشان می‌دهد؟,مضارع,ماضی,امر,نهی,A,یذهب فعل مضارع است.,ترنم همدلی,original,1405
یازدهم,ریاضی,عربی,عربی,بانک پایه,ارزیابی مفهومی,,متوسط,«ثلاثة» چه عددی است؟,دو,سه,چهار,پنج,B,ثلاثة یعنی سه.,ترنم همدلی,original,1405
یازدهم,ریاضی,عربی,عربی,بانک پایه,ارزیابی مفهومی,,متوسط,جمع «معلم» کدام است؟,معلمان,معلمون,تعلیم,معلومة,B,در حالت رفع جمع مذکر سالم «معلمون» است.,ترنم همدلی,original,1405
یازدهم,ریاضی,عربی,عربی,بانک پایه,ارزیابی مفهومی,,متوسط,در «قرأ الطالبُ الکتابَ» مفعول چیست؟,الطالب,قرأ,الکتاب,هیچ‌کدام,C,الکتاب مفعول فعل قرأ است.,ترنم همدلی,original,1405
یازدهم,ریاضی,دین و زندگی,دین و زندگی,بانک پایه,ارزیابی مفهومی,,متوسط,توحید در ربوبیت به چه معناست؟,خداوند مدبر جهان است,انکار خدا,چندخدایی,بی‌نیازی از هدایت,A,ربوبیت به تدبیر و پروردگاری خداوند اشاره دارد.,ترنم همدلی,original,1405
یازدهم,ریاضی,دین و زندگی,دین و زندگی,بانک پایه,ارزیابی مفهومی,,متوسط,یکی از نیازهای انسان به پیامبران چیست؟,هدایت الهی,افزایش ثروت,حل همه مسائل علمی,حذف اختیار,A,پیامبران راه هدایت الهی را ارائه می‌کنند.,ترنم همدلی,original,1405
یازدهم,ریاضی,دین و زندگی,دین و زندگی,بانک پایه,ارزیابی مفهومی,,متوسط,باور به معاد چه اثری می‌تواند داشته باشد؟,مسئولیت‌پذیری,بی‌تفاوتی,بی‌قانونی,ناامیدی,A,باور به حسابرسی می‌تواند مسئولیت‌پذیری را تقویت کند.,ترنم همدلی,original,1405
یازدهم,ریاضی,دین و زندگی,دین و زندگی,بانک پایه,ارزیابی مفهومی,,متوسط,اخلاص یعنی چه؟,انجام عمل برای رضای خدا,انجام کار برای شهرت,ترس از مردم,خودنمایی,A,اخلاص به نیت الهی در عمل اشاره دارد.,ترنم همدلی,original,1405
یازدهم,ریاضی,دین و زندگی,دین و زندگی,بانک پایه,ارزیابی مفهومی,,متوسط,اختیار انسان با مسئولیت چه ارتباطی دارد؟,انتخاب زمینه مسئولیت است,هیچ ارتباطی ندارد,اختیار مسئولیت را حذف می‌کند,مسئولیت را ناممکن می‌کند,A,مسئولیت اخلاقی بر انتخاب آگاهانه استوار است.,ترنم همدلی,original,1405
یازدهم,ریاضی,دین و زندگی,دین و زندگی,بانک پایه,ارزیابی مفهومی,,متوسط,عقل و وحی چه نقشی در هدایت دارند؟,راهنمایی انسان,ایجاد سردرگمی,حذف انتخاب,افزایش جهل,A,هر دو در چارچوب آموزه دینی ابزار هدایت‌اند.,ترنم همدلی,original,1405
یازدهم,ریاضی,زبان انگلیسی,زبان انگلیسی,بانک پایه,ارزیابی مفهومی,,متوسط,"meaning of ""benefit"" چیست؟",فایده,خطر,هزینه,شکست,A,benefit یعنی فایده.,ترنم همدلی,original,1405
یازدهم,ریاضی,زبان انگلیسی,زبان انگلیسی,بانک پایه,ارزیابی مفهومی,,متوسط,کدام جمله درست است؟,She has finished her work.,She have finished.,She finish has.,She finishing has.,A,ساختار حال کامل برای she با has است.,ترنم همدلی,original,1405
یازدهم,ریاضی,زبان انگلیسی,زبان انگلیسی,بانک پایه,ارزیابی مفهومی,,متوسط,کدام جمله مجهول است؟,Ali wrote the letter.,The letter was written by Ali.,Ali writes letters.,Ali is writing.,B,در جمله دوم فاعل گیرنده عمل است.,ترنم همدلی,original,1405
یازدهم,ریاضی,زبان انگلیسی,زبان انگلیسی,بانک پایه,ارزیابی مفهومی,,متوسط,کدام جمله شرطی نوع اول است؟,"If it rains, we will stay home.","If it rained, we would stay.","If it had rained, we would have stayed.",It rains yesterday.,A,شرطی نوع اول معمولاً if+حال و will دارد.,ترنم همدلی,original,1405
یازدهم,ریاضی,زبان انگلیسی,زبان انگلیسی,بانک پایه,ارزیابی مفهومی,,متوسط,برای فهم ایده اصلی متن چه چیزی مهم است؟,تمرکز بر پیام کلی,حفظ همه کلمات,نادیده گرفتن عنوان,فقط ترجمه یک جمله,A,ایده اصلی پیام کلی متن است.,ترنم همدلی,original,1405
یازدهم,ریاضی,زبان انگلیسی,زبان انگلیسی,بانک پایه,ارزیابی مفهومی,,متوسط,"opposite of ""increase"" چیست؟",decrease,improve,expand,raise,A,decrease متضاد increase است.,ترنم همدلی,original,1405
یازدهم,ریاضی,فیزیک,فیزیک یازدهم,بانک پایه,ارزیابی مفهومی,,متوسط,شتاب متوسط چیست؟,تغییر سرعت تقسیم بر زمان,مسافت تقسیم بر زمان,نیرو تقسیم بر جرم,جرم تقسیم بر زمان,A,a=Δv/Δt.,ترنم همدلی,original,1405
یازدهم,ریاضی,فیزیک,فیزیک یازدهم,بانک پایه,ارزیابی مفهومی,,متوسط,قانون سوم نیوتن بر چه اصلی استوار است؟,کنش و واکنش,پایستگی جرم,قانون اهم,اصل برنولی,A,نیروهای کنش و واکنش برابر و خلاف جهت‌اند.,ترنم همدلی,original,1405
یازدهم,ریاضی,فیزیک,فیزیک یازدهم,بانک پایه,ارزیابی مفهومی,,متوسط,قانون اهم چیست؟,V=IR,V=I/R,I=VR,R=VI,A,قانون اهم V=IR است.,ترنم همدلی,original,1405
یازدهم,ریاضی,فیزیک,فیزیک یازدهم,بانک پایه,ارزیابی مفهومی,,متوسط,میدان مغناطیسی اطراف جریان الکتریکی چگونه ایجاد می‌شود؟,جریان الکتریکی,سکون کامل بار,خلأ,فشار,A,جریان الکتریکی میدان مغناطیسی ایجاد می‌کند.,ترنم همدلی,original,1405
یازدهم,ریاضی,فیزیک,فیزیک یازدهم,بانک پایه,ارزیابی مفهومی,,متوسط,دوره تناوب چیست؟,زمان یک نوسان کامل,تعداد نوسان در ثانیه,دامنه,طول موج,A,دوره زمان یک نوسان کامل است.,ترنم همدلی,original,1405
یازدهم,ریاضی,فیزیک,فیزیک یازدهم,بانک پایه,ارزیابی مفهومی,,متوسط,انرژی پتانسیل گرانشی به چه عواملی وابسته است؟,جرم و ارتفاع,فقط سرعت,فقط زمان,مقاومت,A,U=mgh.,ترنم همدلی,original,1405
یازدهم,ریاضی,شیمی,شیمی یازدهم,بانک پایه,ارزیابی مفهومی,,متوسط,ایزوتوپ‌های یک عنصر در چه چیزی متفاوت‌اند؟,تعداد نوترون,تعداد پروتون,نام عنصر,عدد اتمی,A,ایزوتوپ‌ها پروتون یکسان و نوترون متفاوت دارند.,ترنم همدلی,original,1405
یازدهم,ریاضی,شیمی,شیمی یازدهم,بانک پایه,ارزیابی مفهومی,,متوسط,یک مول تقریباً چند ذره دارد؟,6.02×10^23,6.02×10^3,10^23,6.02,A,عدد آووگادرو حدود 6.02×10^23 است.,ترنم همدلی,original,1405
یازدهم,ریاضی,شیمی,شیمی یازدهم,بانک پایه,ارزیابی مفهومی,,متوسط,غلظت مولار یعنی چه؟,مول حل‌شونده در لیتر محلول,جرم در گرم,لیتر در مول,فشار در حجم,A,مولاریته mol/L است.,ترنم همدلی,original,1405
یازدهم,ریاضی,شیمی,شیمی یازدهم,بانک پایه,ارزیابی مفهومی,,متوسط,در تعادل شیمیایی چه چیزی برابر می‌شود؟,سرعت واکنش رفت و برگشت,غلظت همه مواد,جرم همه مواد,دما و فشار,A,در تعادل سرعت رفت و برگشت برابر است.,ترنم همدلی,original,1405
یازدهم,ریاضی,شیمی,شیمی یازدهم,بانک پایه,ارزیابی مفهومی,,متوسط,کدام ماده در آب یون H+ بیشتری ایجاد می‌کند؟,اسید,باز,نمک خنثی,فلز,A,اسیدها دهنده H+ هستند.,ترنم همدلی,original,1405
یازدهم,ریاضی,شیمی,شیمی یازدهم,بانک پایه,ارزیابی مفهومی,,متوسط,گروه عاملی الکل چیست؟,OH-,COOH,NH2,CHO,A,الکل‌ها گروه هیدروکسیل OH دارند.,ترنم همدلی,original,1405
یازدهم,انسانی,فارسی,فارسی,بانک پایه,ارزیابی مفهومی,,متوسط,واژه «فرهیخته» به کدام معنا نزدیک‌تر است؟,دانشمند,بی‌تجربه,کم‌حوصله,بی‌تفاوت,A,فرهیخته به فرد دانش‌آموخته و اهل فرهنگ گفته می‌شود.,ترنم همدلی,original,1405
یازدهم,انسانی,فارسی,فارسی,بانک پایه,ارزیابی مفهومی,,متوسط,در «قد سرو» کدام آرایه دیده می‌شود؟,تشبیه,تضاد,جناس,سجع,A,قد به سرو مانند شده است.,ترنم همدلی,original,1405
یازدهم,انسانی,فارسی,فارسی,بانک پایه,ارزیابی مفهومی,,متوسط,در «دانش‌آموزان درس را خواندند» نهاد کدام است؟,درس,دانش‌آموزان,را,خواندند,B,انجام‌دهنده فعل نهاد است.,ترنم همدلی,original,1405
یازدهم,انسانی,فارسی,فارسی,بانک پایه,ارزیابی مفهومی,,متوسط,کدام واژه درست است؟,تأثیر,تاثیر,تأثیرر,تاثیر,A,املای معیار «تأثیر» است.,ترنم همدلی,original,1405
یازدهم,انسانی,فارسی,فارسی,بانک پایه,ارزیابی مفهومی,,متوسط,کدام مفهوم به ارزش دانش نزدیک‌تر است؟,دانایی عامل رشد است,ثروت همیشه کافی است,تلاش بی‌فایده است,یادگیری بی‌ارزش است,A,مفهوم بر اهمیت دانش تأکید دارد.,ترنم همدلی,original,1405
یازدهم,انسانی,فارسی,فارسی,بانک پایه,ارزیابی مفهومی,,متوسط,مقدمه خوب چه ویژگی دارد؟,ارتباط با موضوع,بی‌ربطی,تکرار نتیجه,حذف موضوع,A,مقدمه باید زمینه موضوع را فراهم کند.,ترنم همدلی,original,1405
یازدهم,انسانی,عربی,عربی,بانک پایه,ارزیابی مفهومی,,متوسط,معنی «الطلابُ مجتهدون» چیست؟,دانش‌آموزان کوشا هستند,دانش‌آموز کوشاست,معلمان کوشا هستند,دانش‌آموزان غایب‌اند,A,ترجمه جمله همین است.,ترنم همدلی,original,1405
یازدهم,انسانی,عربی,عربی,بانک پایه,ارزیابی مفهومی,,متوسط,اسم فاعل «کاتب» به چه معناست؟,نویسنده/نویسنده‌کننده,نوشته‌شده,کتاب,خوانده‌شده,A,کاتب اسم فاعل از کتب است.,ترنم همدلی,original,1405
یازدهم,انسانی,عربی,عربی,بانک پایه,ارزیابی مفهومی,,متوسط,«یذهب» چه زمانی را نشان می‌دهد؟,مضارع,ماضی,امر,نهی,A,یذهب فعل مضارع است.,ترنم همدلی,original,1405
یازدهم,انسانی,عربی,عربی,بانک پایه,ارزیابی مفهومی,,متوسط,«ثلاثة» چه عددی است؟,دو,سه,چهار,پنج,B,ثلاثة یعنی سه.,ترنم همدلی,original,1405
یازدهم,انسانی,عربی,عربی,بانک پایه,ارزیابی مفهومی,,متوسط,جمع «معلم» کدام است؟,معلمان,معلمون,تعلیم,معلومة,B,در حالت رفع جمع مذکر سالم «معلمون» است.,ترنم همدلی,original,1405
یازدهم,انسانی,عربی,عربی,بانک پایه,ارزیابی مفهومی,,متوسط,در «قرأ الطالبُ الکتابَ» مفعول چیست؟,الطالب,قرأ,الکتاب,هیچ‌کدام,C,الکتاب مفعول فعل قرأ است.,ترنم همدلی,original,1405
یازدهم,انسانی,دین و زندگی,دین و زندگی,بانک پایه,ارزیابی مفهومی,,متوسط,توحید در ربوبیت به چه معناست؟,خداوند مدبر جهان است,انکار خدا,چندخدایی,بی‌نیازی از هدایت,A,ربوبیت به تدبیر و پروردگاری خداوند اشاره دارد.,ترنم همدلی,original,1405
یازدهم,انسانی,دین و زندگی,دین و زندگی,بانک پایه,ارزیابی مفهومی,,متوسط,یکی از نیازهای انسان به پیامبران چیست؟,هدایت الهی,افزایش ثروت,حل همه مسائل علمی,حذف اختیار,A,پیامبران راه هدایت الهی را ارائه می‌کنند.,ترنم همدلی,original,1405
یازدهم,انسانی,دین و زندگی,دین و زندگی,بانک پایه,ارزیابی مفهومی,,متوسط,باور به معاد چه اثری می‌تواند داشته باشد؟,مسئولیت‌پذیری,بی‌تفاوتی,بی‌قانونی,ناامیدی,A,باور به حسابرسی می‌تواند مسئولیت‌پذیری را تقویت کند.,ترنم همدلی,original,1405
یازدهم,انسانی,دین و زندگی,دین و زندگی,بانک پایه,ارزیابی مفهومی,,متوسط,اخلاص یعنی چه؟,انجام عمل برای رضای خدا,انجام کار برای شهرت,ترس از مردم,خودنمایی,A,اخلاص به نیت الهی در عمل اشاره دارد.,ترنم همدلی,original,1405
یازدهم,انسانی,دین و زندگی,دین و زندگی,بانک پایه,ارزیابی مفهومی,,متوسط,اختیار انسان با مسئولیت چه ارتباطی دارد؟,انتخاب زمینه مسئولیت است,هیچ ارتباطی ندارد,اختیار مسئولیت را حذف می‌کند,مسئولیت را ناممکن می‌کند,A,مسئولیت اخلاقی بر انتخاب آگاهانه استوار است.,ترنم همدلی,original,1405
یازدهم,انسانی,دین و زندگی,دین و زندگی,بانک پایه,ارزیابی مفهومی,,متوسط,عقل و وحی چه نقشی در هدایت دارند؟,راهنمایی انسان,ایجاد سردرگمی,حذف انتخاب,افزایش جهل,A,هر دو در چارچوب آموزه دینی ابزار هدایت‌اند.,ترنم همدلی,original,1405
یازدهم,انسانی,زبان انگلیسی,زبان انگلیسی,بانک پایه,ارزیابی مفهومی,,متوسط,"meaning of ""benefit"" چیست؟",فایده,خطر,هزینه,شکست,A,benefit یعنی فایده.,ترنم همدلی,original,1405
یازدهم,انسانی,زبان انگلیسی,زبان انگلیسی,بانک پایه,ارزیابی مفهومی,,متوسط,کدام جمله درست است؟,She has finished her work.,She have finished.,She finish has.,She finishing has.,A,ساختار حال کامل برای she با has است.,ترنم همدلی,original,1405
یازدهم,انسانی,زبان انگلیسی,زبان انگلیسی,بانک پایه,ارزیابی مفهومی,,متوسط,کدام جمله مجهول است؟,Ali wrote the letter.,The letter was written by Ali.,Ali writes letters.,Ali is writing.,B,در جمله دوم فاعل گیرنده عمل است.,ترنم همدلی,original,1405
یازدهم,انسانی,زبان انگلیسی,زبان انگلیسی,بانک پایه,ارزیابی مفهومی,,متوسط,کدام جمله شرطی نوع اول است؟,"If it rains, we will stay home.","If it rained, we would stay.","If it had rained, we would have stayed.",It rains yesterday.,A,شرطی نوع اول معمولاً if+حال و will دارد.,ترنم همدلی,original,1405
یازدهم,انسانی,زبان انگلیسی,زبان انگلیسی,بانک پایه,ارزیابی مفهومی,,متوسط,برای فهم ایده اصلی متن چه چیزی مهم است؟,تمرکز بر پیام کلی,حفظ همه کلمات,نادیده گرفتن عنوان,فقط ترجمه یک جمله,A,ایده اصلی پیام کلی متن است.,ترنم همدلی,original,1405
یازدهم,انسانی,زبان انگلیسی,زبان انگلیسی,بانک پایه,ارزیابی مفهومی,,متوسط,"opposite of ""increase"" چیست؟",decrease,improve,expand,raise,A,decrease متضاد increase است.,ترنم همدلی,original,1405
یازدهم,انسانی,علوم و فنون ادبی,علوم و فنون ادبی یازدهم,بانک پایه,ارزیابی مفهومی,,متوسط,واحد بنیادی وزن شعر فارسی چیست؟,هجا,بند,جمله,مصراع تنها,A,وزن بر پایه هجاها بررسی می‌شود.,ترنم همدلی,original,1405
یازدهم,انسانی,علوم و فنون ادبی,علوم و فنون ادبی یازدهم,بانک پایه,ارزیابی مفهومی,,متوسط,تضاد چیست؟,جمع دو مفهوم مخالف,تکرار صدا,تشبیه,حذف فعل,A,تضاد کنار هم آمدن مفاهیم مخالف است.,ترنم همدلی,original,1405
یازدهم,انسانی,علوم و فنون ادبی,علوم و فنون ادبی یازدهم,بانک پایه,ارزیابی مفهومی,,متوسط,قافیه در شعر چه نقشی دارد؟,آهنگ و هماهنگی پایانی,معنی واژه,ساخت جمله,تغییر موضوع,A,قافیه به هماهنگی پایانی شعر کمک می‌کند.,ترنم همدلی,original,1405
یازدهم,انسانی,علوم و فنون ادبی,علوم و فنون ادبی یازدهم,بانک پایه,ارزیابی مفهومی,,متوسط,سبک خراسانی چه ویژگی برجسته‌ای دارد؟,زبان نسبتاً ساده و استوار,پیچیدگی کامل عرفانی,زبان کاملاً محاوره‌ای,نبود وزن,A,از ویژگی‌های شناخته‌شده سبک خراسانی زبان نسبتاً ساده و استوار است.,ترنم همدلی,original,1405
یازدهم,انسانی,علوم و فنون ادبی,علوم و فنون ادبی یازدهم,بانک پایه,ارزیابی مفهومی,,متوسط,واج‌آرایی چیست؟,تکرار یک واج,تکرار معنی,تضاد,تشبیه,A,تکرار آوای یک واج واج‌آرایی است.,ترنم همدلی,original,1405
یازدهم,انسانی,علوم و فنون ادبی,علوم و فنون ادبی یازدهم,بانک پایه,ارزیابی مفهومی,,متوسط,خبر در جمله چه نقشی دارد؟,انتقال اطلاعات درباره نهاد,فقط پرسش,امر,نداء,A,خبر درباره نهاد اطلاعات می‌دهد.,ترنم همدلی,original,1405
یازدهم,انسانی,جامعه‌شناسی,جامعه‌شناسی یازدهم,بانک پایه,ارزیابی مفهومی,,متوسط,کنش اجتماعی چیست؟,رفتار معنادار نسبت به دیگران,حرکت فیزیکی بدون معنا,فقط تفکر,واکنش شیمیایی,A,کنش اجتماعی رفتار معنادار در ارتباط با دیگران است.,ترنم همدلی,original,1405
یازدهم,انسانی,جامعه‌شناسی,جامعه‌شناسی یازدهم,بانک پایه,ارزیابی مفهومی,,متوسط,فرهنگ شامل چه چیزهایی است؟,ارزش‌ها و هنجارها و نمادها,فقط ساختمان‌ها,فقط اقتصاد,فقط جغرافیا,A,فرهنگ مجموعه‌ای از ارزش‌ها، هنجارها، نمادها و معانی است.,ترنم همدلی,original,1405
یازدهم,انسانی,جامعه‌شناسی,جامعه‌شناسی یازدهم,بانک پایه,ارزیابی مفهومی,,متوسط,خانواده نمونه چیست؟,نهاد اجتماعی,عنصر شیمیایی,قانون طبیعی,دستگاه فیزیکی,A,خانواده یک نهاد اجتماعی بنیادی است.,ترنم همدلی,original,1405
یازدهم,انسانی,جامعه‌شناسی,جامعه‌شناسی یازدهم,بانک پایه,ارزیابی مفهومی,,متوسط,هویت اجتماعی چه چیزی را نشان می‌دهد؟,جایگاه و تعلقات فرد در جامعه,فقط قد و وزن,فقط درآمد,فقط ژنتیک,A,هویت اجتماعی با تعلقات و نقش‌های اجتماعی پیوند دارد.,ترنم همدلی,original,1405
یازدهم,انسانی,جامعه‌شناسی,جامعه‌شناسی یازدهم,بانک پایه,ارزیابی مفهومی,,متوسط,کدام مورد می‌تواند عامل تغییر اجتماعی باشد؟,فناوری,سکون کامل,نبود ارتباط,حذف آموزش,A,فناوری می‌تواند الگوهای زندگی اجتماعی را تغییر دهد.,ترنم همدلی,original,1405
یازدهم,انسانی,جامعه‌شناسی,جامعه‌شناسی یازدهم,بانک پایه,ارزیابی مفهومی,,متوسط,جهانی‌شدن به چه معناست؟,افزایش پیوندهای جهانی,انزوای کامل جوامع,کاهش ارتباط,حذف فناوری,A,جهانی‌شدن با افزایش ارتباط و وابستگی متقابل همراه است.,ترنم همدلی,original,1405
یازدهم,انسانی,فلسفه,فلسفه یازدهم,بانک پایه,ارزیابی مفهومی,,متوسط,فلسفه بیشتر با چه نوع پرسش‌هایی سروکار دارد؟,پرسش‌های بنیادی درباره هستی و شناخت,فقط محاسبات,فقط آزمایشگاه,فقط ورزش,A,فلسفه به پرسش‌های بنیادی می‌پردازد.,ترنم همدلی,original,1405
یازدهم,انسانی,فلسفه,فلسفه یازدهم,بانک پایه,ارزیابی مفهومی,,متوسط,معرفت یعنی چه؟,شناخت و آگاهی,صرفاً احساس,حرکت,تغذیه,A,معرفت به شناخت و آگاهی اشاره دارد.,ترنم همدلی,original,1405
یازدهم,انسانی,فلسفه,فلسفه یازدهم,بانک پایه,ارزیابی مفهومی,,متوسط,استدلال چه هدفی دارد؟,پشتیبانی منطقی از نتیجه,حذف دلیل,افزایش ابهام,تکرار واژه,A,استدلال برای حمایت منطقی از نتیجه به کار می‌رود.,ترنم همدلی,original,1405
یازدهم,انسانی,فلسفه,فلسفه یازدهم,بانک پایه,ارزیابی مفهومی,,متوسط,پرسش «چه چیزی واقعاً وجود دارد؟» بیشتر مربوط به چیست؟,هستی‌شناسی,اخلاق کاربردی,اقتصاد,دستور زبان,A,هستی‌شناسی درباره وجود و واقعیت بحث می‌کند.,ترنم همدلی,original,1405
یازدهم,انسانی,فلسفه,فلسفه یازدهم,بانک پایه,ارزیابی مفهومی,,متوسط,پرسش «چه کاری درست است؟» به کدام حوزه نزدیک‌تر است؟,اخلاق,هستی‌شناسی,فیزیک,جغرافیا,A,اخلاق درباره درست و نادرست عمل بحث می‌کند.,ترنم همدلی,original,1405
یازدهم,انسانی,فلسفه,فلسفه یازدهم,بانک پایه,ارزیابی مفهومی,,متوسط,تفاوت باور و دانش چیست؟,دانش نیازمند پشتوانه معرفتی است,هیچ تفاوتی ندارند,باور همیشه علمی است,دانش بدون دلیل است,A,دانش معمولاً به توجیه و پشتوانه معرفتی نیاز دارد.,ترنم همدلی,original,1405
یازدهم,انسانی,روان‌شناسی,روان‌شناسی یازدهم,بانک پایه,ارزیابی مفهومی,,متوسط,یادگیری چیست؟,تغییر نسبتاً پایدار در رفتار یا توانایی,تغییر لحظه‌ای ضربان قلب,رشد قد,خواب,A,تعریف رایج یادگیری بر تغییر نسبتاً پایدار تأکید دارد.,ترنم همدلی,original,1405
یازدهم,انسانی,روان‌شناسی,روان‌شناسی یازدهم,بانک پایه,ارزیابی مفهومی,,متوسط,حافظه کوتاه‌مدت چه ویژگی دارد؟,ظرفیت و دوام محدودتر,ظرفیت نامحدود,بدون فراموشی,فقط برای مهارت حرکتی,A,حافظه کوتاه‌مدت ظرفیت و دوام محدودتری دارد.,ترنم همدلی,original,1405
یازدهم,انسانی,روان‌شناسی,روان‌شناسی یازدهم,بانک پایه,ارزیابی مفهومی,,متوسط,انگیزه چه نقشی دارد؟,جهت‌دهی و فعال‌سازی رفتار,حذف هدف,کاهش همه رفتارها,تغییر رنگ چشم,A,انگیزه رفتار را فعال و جهت‌دهی می‌کند.,ترنم همدلی,original,1405
یازدهم,انسانی,روان‌شناسی,روان‌شناسی یازدهم,بانک پایه,ارزیابی مفهومی,,متوسط,ادراک چیست؟,تفسیر اطلاعات حسی,فقط دریافت نور,حرکت عضله,تنفس,A,ادراک تفسیر و سازمان‌دهی اطلاعات حسی است.,ترنم همدلی,original,1405
یازدهم,انسانی,روان‌شناسی,روان‌شناسی یازدهم,بانک پایه,ارزیابی مفهومی,,متوسط,شخصیت به چه چیزی اشاره دارد؟,الگوهای نسبتاً پایدار ویژگی و رفتار,یک هیجان لحظه‌ای,قد,وزن,A,شخصیت مجموعه الگوهای نسبتاً پایدار ویژگی‌ها و رفتار است.,ترنم همدلی,original,1405
یازدهم,انسانی,روان‌شناسی,روان‌شناسی یازدهم,بانک پایه,ارزیابی مفهومی,,متوسط,استرس چه زمانی می‌تواند مشکل‌زا شود؟,وقتی طولانی و ناتوان‌کننده باشد,هرگز,فقط هنگام ورزش,فقط در خواب,A,استرس شدید یا مزمن می‌تواند مشکل‌زا شود.,ترنم همدلی,original,1405
یازدهم,انسانی,تاریخ,تاریخ یازدهم,بانک پایه,ارزیابی مفهومی,,متوسط,منبع دست‌اول چیست؟,اثر یا گزارش نزدیک به زمان رویداد,خلاصه امروزی,نظر شخص ثالث,داستان تخیلی,A,منبع دست‌اول به دوره یا شاهد نزدیک‌تر است.,ترنم همدلی,original,1405
یازدهم,انسانی,تاریخ,تاریخ یازدهم,بانک پایه,ارزیابی مفهومی,,متوسط,در تحلیل تاریخی چرا علت و معلول مهم است؟,برای فهم چرایی رویدادها,برای حفظ تاریخ‌ها فقط,برای حذف زمینه,برای شمارش جمعیت,A,تحلیل علت و معلول فهم رویداد را عمیق‌تر می‌کند.,ترنم همدلی,original,1405
یازدهم,انسانی,تاریخ,تاریخ یازدهم,بانک پایه,ارزیابی مفهومی,,متوسط,دوره‌بندی تاریخی چه فایده‌ای دارد؟,سازمان‌دهی مطالعه گذشته,تغییر واقعیت,حذف منابع,ساختن رویداد,A,دوره‌بندی مطالعه گذشته را منظم می‌کند.,ترنم همدلی,original,1405
یازدهم,انسانی,تاریخ,تاریخ یازدهم,بانک پایه,ارزیابی مفهومی,,متوسط,کدام مورد منبع مادی است؟,سکه تاریخی,نظر دانش‌آموز,پست شبکه اجتماعی امروز,فرمول ریاضی,A,سکه تاریخی یک منبع مادی است.,ترنم همدلی,original,1405
یازدهم,انسانی,تاریخ,تاریخ یازدهم,بانک پایه,ارزیابی مفهومی,,متوسط,در نقد منبع چه چیزی بررسی می‌شود؟,اعتبار و زمینه منبع,فقط طول متن,رنگ کاغذ,تعداد صفحات تنها,A,اعتبار، نویسنده، زمان و زمینه اهمیت دارند.,ترنم همدلی,original,1405
یازدهم,انسانی,تاریخ,تاریخ یازدهم,بانک پایه,ارزیابی مفهومی,,متوسط,یک رویداد تاریخی را باید چگونه بررسی کرد؟,با توجه به زمینه و شواهد,فقط با یک نظر,بدون منبع,صرفاً با حدس,A,تحلیل تاریخی باید مبتنی بر شواهد و زمینه باشد.,ترنم همدلی,original,1405
یازدهم,انسانی,جغرافیا,جغرافیا یازدهم,بانک پایه,ارزیابی مفهومی,,متوسط,مقیاس چه چیزی را نشان می‌دهد؟,رابطه فاصله نقشه و واقعیت,فقط جهت,فقط ارتفاع,نوع خاک,A,مقیاس رابطه فاصله روی نقشه با واقعیت است.,ترنم همدلی,original,1405
یازدهم,انسانی,جغرافیا,جغرافیا یازدهم,بانک پایه,ارزیابی مفهومی,,متوسط,اقلیم چیست؟,الگوی بلندمدت وضعیت جوی,وضعیت یک ساعت,فقط بارش امروز,باد لحظه‌ای,A,اقلیم الگوی بلندمدت شرایط جوی است.,ترنم همدلی,original,1405
یازدهم,انسانی,جغرافیا,جغرافیا یازدهم,بانک پایه,ارزیابی مفهومی,,متوسط,تراکم جمعیت چگونه محاسبه می‌شود؟,جمعیت تقسیم بر مساحت,مساحت تقسیم بر جمعیت,جمعیت ضربدر مساحت,جمعیت منهای مساحت,A,تراکم=جمعیت/مساحت.,ترنم همدلی,original,1405
یازدهم,انسانی,جغرافیا,جغرافیا یازدهم,بانک پایه,ارزیابی مفهومی,,متوسط,کدام منبع تجدیدپذیر است؟,خورشید,نفت,زغال‌سنگ,گاز طبیعی,A,انرژی خورشیدی تجدیدپذیر است.,ترنم همدلی,original,1405
یازدهم,انسانی,جغرافیا,جغرافیا یازدهم,بانک پایه,ارزیابی مفهومی,,متوسط,شهرنشینی به چه معناست؟,افزایش سهم جمعیت شهری,کاهش ارتباط,تخلیه همه شهرها,افزایش کشاورزی روستایی,A,شهرنشینی با افزایش سهم جمعیت شهری مرتبط است.,ترنم همدلی,original,1405
یازدهم,انسانی,جغرافیا,جغرافیا یازدهم,بانک پایه,ارزیابی مفهومی,,متوسط,توسعه پایدار بر چه تأکیدی است؟,تأمین نیاز امروز بدون آسیب جدی به آینده,مصرف بی‌حد,حذف منابع,تخریب محیط,A,توسعه پایدار تعادل میان نیازهای امروز و آینده را دنبال می‌کند.,ترنم همدلی,original,1405
یازدهم,انسانی,ریاضی و آمار,ریاضی و آمار یازدهم,بانک پایه,ارزیابی مفهومی,,متوسط,میانگین 3،5 و7 چیست؟,4,5,6,7,B,میانگین 15÷3=5.,ترنم همدلی,original,1405
یازدهم,انسانی,ریاضی و آمار,ریاضی و آمار یازدهم,بانک پایه,ارزیابی مفهومی,,متوسط,احتمال رویداد غیرممکن چیست؟,0,1,1/2,2,A,رویداد غیرممکن احتمال صفر دارد.,ترنم همدلی,original,1405
یازدهم,انسانی,ریاضی و آمار,ریاضی و آمار یازدهم,بانک پایه,ارزیابی مفهومی,,متوسط,اگر f(x)=x+2 باشد f(5) چند است؟,5,6,7,8,C,5+2=7.,ترنم همدلی,original,1405
یازدهم,انسانی,ریاضی و آمار,ریاضی و آمار یازدهم,بانک پایه,ارزیابی مفهومی,,متوسط,حل 3x=12 چیست؟,2,3,4,6,C,x=4.,ترنم همدلی,original,1405
یازدهم,انسانی,ریاضی و آمار,ریاضی و آمار یازدهم,بانک پایه,ارزیابی مفهومی,,متوسط,جمله بعدی 2،4،6،8 چیست؟,9,10,12,16,B,الگو هر بار 2 واحد افزایش دارد.,ترنم همدلی,original,1405
یازدهم,انسانی,ریاضی و آمار,ریاضی و آمار یازدهم,بانک پایه,ارزیابی مفهومی,,متوسط,نمودار ستونی برای چه داده‌هایی مناسب است؟,مقایسه دسته‌ها,فقط تابع پیوسته,فقط هندسه,فقط متن,A,نمودار ستونی برای مقایسه دسته‌ها مناسب است.,ترنم همدلی,original,1405
دوازدهم,تجربی,فارسی,فارسی,بانک پایه,ارزیابی مفهومی,,متوسط,واژه «فرهیخته» به کدام معنا نزدیک‌تر است؟,دانشمند,بی‌تجربه,کم‌حوصله,بی‌تفاوت,A,فرهیخته به فرد دانش‌آموخته و اهل فرهنگ گفته می‌شود.,ترنم همدلی,original,1405
دوازدهم,تجربی,فارسی,فارسی,بانک پایه,ارزیابی مفهومی,,متوسط,در «قد سرو» کدام آرایه دیده می‌شود؟,تشبیه,تضاد,جناس,سجع,A,قد به سرو مانند شده است.,ترنم همدلی,original,1405
دوازدهم,تجربی,فارسی,فارسی,بانک پایه,ارزیابی مفهومی,,متوسط,در «دانش‌آموزان درس را خواندند» نهاد کدام است؟,درس,دانش‌آموزان,را,خواندند,B,انجام‌دهنده فعل نهاد است.,ترنم همدلی,original,1405
دوازدهم,تجربی,فارسی,فارسی,بانک پایه,ارزیابی مفهومی,,متوسط,کدام واژه درست است؟,تأثیر,تاثیر,تأثیرر,تاثیر,A,املای معیار «تأثیر» است.,ترنم همدلی,original,1405
دوازدهم,تجربی,فارسی,فارسی,بانک پایه,ارزیابی مفهومی,,متوسط,کدام مفهوم به ارزش دانش نزدیک‌تر است؟,دانایی عامل رشد است,ثروت همیشه کافی است,تلاش بی‌فایده است,یادگیری بی‌ارزش است,A,مفهوم بر اهمیت دانش تأکید دارد.,ترنم همدلی,original,1405
دوازدهم,تجربی,فارسی,فارسی,بانک پایه,ارزیابی مفهومی,,متوسط,مقدمه خوب چه ویژگی دارد؟,ارتباط با موضوع,بی‌ربطی,تکرار نتیجه,حذف موضوع,A,مقدمه باید زمینه موضوع را فراهم کند.,ترنم همدلی,original,1405
دوازدهم,تجربی,عربی,عربی,بانک پایه,ارزیابی مفهومی,,متوسط,معنی «الطلابُ مجتهدون» چیست؟,دانش‌آموزان کوشا هستند,دانش‌آموز کوشاست,معلمان کوشا هستند,دانش‌آموزان غایب‌اند,A,ترجمه جمله همین است.,ترنم همدلی,original,1405
دوازدهم,تجربی,عربی,عربی,بانک پایه,ارزیابی مفهومی,,متوسط,اسم فاعل «کاتب» به چه معناست؟,نویسنده/نویسنده‌کننده,نوشته‌شده,کتاب,خوانده‌شده,A,کاتب اسم فاعل از کتب است.,ترنم همدلی,original,1405
دوازدهم,تجربی,عربی,عربی,بانک پایه,ارزیابی مفهومی,,متوسط,«یذهب» چه زمانی را نشان می‌دهد؟,مضارع,ماضی,امر,نهی,A,یذهب فعل مضارع است.,ترنم همدلی,original,1405
دوازدهم,تجربی,عربی,عربی,بانک پایه,ارزیابی مفهومی,,متوسط,«ثلاثة» چه عددی است؟,دو,سه,چهار,پنج,B,ثلاثة یعنی سه.,ترنم همدلی,original,1405
دوازدهم,تجربی,عربی,عربی,بانک پایه,ارزیابی مفهومی,,متوسط,جمع «معلم» کدام است؟,معلمان,معلمون,تعلیم,معلومة,B,در حالت رفع جمع مذکر سالم «معلمون» است.,ترنم همدلی,original,1405
دوازدهم,تجربی,عربی,عربی,بانک پایه,ارزیابی مفهومی,,متوسط,در «قرأ الطالبُ الکتابَ» مفعول چیست؟,الطالب,قرأ,الکتاب,هیچ‌کدام,C,الکتاب مفعول فعل قرأ است.,ترنم همدلی,original,1405
دوازدهم,تجربی,دین و زندگی,دین و زندگی,بانک پایه,ارزیابی مفهومی,,متوسط,توحید در ربوبیت به چه معناست؟,خداوند مدبر جهان است,انکار خدا,چندخدایی,بی‌نیازی از هدایت,A,ربوبیت به تدبیر و پروردگاری خداوند اشاره دارد.,ترنم همدلی,original,1405
دوازدهم,تجربی,دین و زندگی,دین و زندگی,بانک پایه,ارزیابی مفهومی,,متوسط,یکی از نیازهای انسان به پیامبران چیست؟,هدایت الهی,افزایش ثروت,حل همه مسائل علمی,حذف اختیار,A,پیامبران راه هدایت الهی را ارائه می‌کنند.,ترنم همدلی,original,1405
دوازدهم,تجربی,دین و زندگی,دین و زندگی,بانک پایه,ارزیابی مفهومی,,متوسط,باور به معاد چه اثری می‌تواند داشته باشد؟,مسئولیت‌پذیری,بی‌تفاوتی,بی‌قانونی,ناامیدی,A,باور به حسابرسی می‌تواند مسئولیت‌پذیری را تقویت کند.,ترنم همدلی,original,1405
دوازدهم,تجربی,دین و زندگی,دین و زندگی,بانک پایه,ارزیابی مفهومی,,متوسط,اخلاص یعنی چه؟,انجام عمل برای رضای خدا,انجام کار برای شهرت,ترس از مردم,خودنمایی,A,اخلاص به نیت الهی در عمل اشاره دارد.,ترنم همدلی,original,1405
دوازدهم,تجربی,دین و زندگی,دین و زندگی,بانک پایه,ارزیابی مفهومی,,متوسط,اختیار انسان با مسئولیت چه ارتباطی دارد؟,انتخاب زمینه مسئولیت است,هیچ ارتباطی ندارد,اختیار مسئولیت را حذف می‌کند,مسئولیت را ناممکن می‌کند,A,مسئولیت اخلاقی بر انتخاب آگاهانه استوار است.,ترنم همدلی,original,1405
دوازدهم,تجربی,دین و زندگی,دین و زندگی,بانک پایه,ارزیابی مفهومی,,متوسط,عقل و وحی چه نقشی در هدایت دارند؟,راهنمایی انسان,ایجاد سردرگمی,حذف انتخاب,افزایش جهل,A,هر دو در چارچوب آموزه دینی ابزار هدایت‌اند.,ترنم همدلی,original,1405
دوازدهم,تجربی,زبان انگلیسی,زبان انگلیسی,بانک پایه,ارزیابی مفهومی,,متوسط,"meaning of ""benefit"" چیست؟",فایده,خطر,هزینه,شکست,A,benefit یعنی فایده.,ترنم همدلی,original,1405
دوازدهم,تجربی,زبان انگلیسی,زبان انگلیسی,بانک پایه,ارزیابی مفهومی,,متوسط,کدام جمله درست است؟,She has finished her work.,She have finished.,She finish has.,She finishing has.,A,ساختار حال کامل برای she با has است.,ترنم همدلی,original,1405
دوازدهم,تجربی,زبان انگلیسی,زبان انگلیسی,بانک پایه,ارزیابی مفهومی,,متوسط,کدام جمله مجهول است؟,Ali wrote the letter.,The letter was written by Ali.,Ali writes letters.,Ali is writing.,B,در جمله دوم فاعل گیرنده عمل است.,ترنم همدلی,original,1405
دوازدهم,تجربی,زبان انگلیسی,زبان انگلیسی,بانک پایه,ارزیابی مفهومی,,متوسط,کدام جمله شرطی نوع اول است؟,"If it rains, we will stay home.","If it rained, we would stay.","If it had rained, we would have stayed.",It rains yesterday.,A,شرطی نوع اول معمولاً if+حال و will دارد.,ترنم همدلی,original,1405
دوازدهم,تجربی,زبان انگلیسی,زبان انگلیسی,بانک پایه,ارزیابی مفهومی,,متوسط,برای فهم ایده اصلی متن چه چیزی مهم است؟,تمرکز بر پیام کلی,حفظ همه کلمات,نادیده گرفتن عنوان,فقط ترجمه یک جمله,A,ایده اصلی پیام کلی متن است.,ترنم همدلی,original,1405
دوازدهم,تجربی,زبان انگلیسی,زبان انگلیسی,بانک پایه,ارزیابی مفهومی,,متوسط,"opposite of ""increase"" چیست؟",decrease,improve,expand,raise,A,decrease متضاد increase است.,ترنم همدلی,original,1405
دوازدهم,تجربی,زیست‌شناسی,زیست‌شناسی دوازدهم,بانک پایه,ارزیابی مفهومی,,متوسط,میتوکندری چه نقشی دارد؟,تولید ATP,ساخت دیواره,ذخیره DNA در همه سلول‌ها,ساخت کلروفیل,A,میتوکندری محل اصلی تولید ATP در تنفس یاخته‌ای است.,ترنم همدلی,original,1405
دوازدهم,تجربی,زیست‌شناسی,زیست‌شناسی دوازدهم,بانک پایه,ارزیابی مفهومی,,متوسط,وظیفه اصلی بافت پوششی چیست؟,پوشش و حفاظت,انقباض,انتقال پیام عصبی,تولید گلبول قرمز,A,بافت پوششی سطوح را می‌پوشاند و حفاظت می‌کند.,ترنم همدلی,original,1405
دوازدهم,تجربی,زیست‌شناسی,زیست‌شناسی دوازدهم,بانک پایه,ارزیابی مفهومی,,متوسط,بیشترین جذب مواد غذایی در کجاست؟,معده,روده باریک,روده بزرگ,مری,B,روده باریک محل اصلی جذب است.,ترنم همدلی,original,1405
دوازدهم,تجربی,زیست‌شناسی,زیست‌شناسی دوازدهم,بانک پایه,ارزیابی مفهومی,,متوسط,کدام رگ خون را از قلب دور می‌کند؟,سیاهرگ,سرخرگ,مویرگ,لنف,B,سرخرگ‌ها خون را از قلب دور می‌کنند.,ترنم همدلی,original,1405
دوازدهم,تجربی,زیست‌شناسی,زیست‌شناسی دوازدهم,بانک پایه,ارزیابی مفهومی,,متوسط,محل اصلی تبادل گازها در شش چیست؟,نای,حبابک‌ها,حنجره,دیافراگم,B,تبادل گازها در حبابک‌ها انجام می‌شود.,ترنم همدلی,original,1405
دوازدهم,تجربی,زیست‌شناسی,زیست‌شناسی دوازدهم,بانک پایه,ارزیابی مفهومی,,متوسط,ژن چیست؟,بخشی از DNA با اطلاعات وراثتی,نوعی سلول,بافت,هورمون,A,ژن واحدی از اطلاعات وراثتی در DNA است.,ترنم همدلی,original,1405
دوازدهم,تجربی,شیمی,شیمی دوازدهم,بانک پایه,ارزیابی مفهومی,,متوسط,عدد اتمی چه چیزی را نشان می‌دهد؟,تعداد پروتون‌ها,تعداد نوترون‌ها,جرم اتم,تعداد لایه‌ها,A,عدد اتمی برابر تعداد پروتون‌هاست.,ترنم همدلی,original,1405
دوازدهم,تجربی,شیمی,شیمی دوازدهم,بانک پایه,ارزیابی مفهومی,,متوسط,پیوند یونی معمولاً از چه راهی شکل می‌گیرد؟,انتقال الکترون,اشتراک کامل هسته,انتقال نوترون,تغییر پروتون,A,در پیوند یونی انتقال الکترون رخ می‌دهد.,ترنم همدلی,original,1405
دوازدهم,تجربی,شیمی,شیمی دوازدهم,بانک پایه,ارزیابی مفهومی,,متوسط,pH کمتر از 7 معمولاً نشان‌دهنده چیست؟,اسیدی بودن,بازی بودن,خنثی بودن,فلزی بودن,A,محلول‌های اسیدی pH کمتر از 7 دارند.,ترنم همدلی,original,1405
دوازدهم,تجربی,شیمی,شیمی دوازدهم,بانک پایه,ارزیابی مفهومی,,متوسط,جرم مولی آب تقریباً چقدر است؟,10,18,20,36,B,2×1+16=18 g/mol.,ترنم همدلی,original,1405
دوازدهم,تجربی,شیمی,شیمی دوازدهم,بانک پایه,ارزیابی مفهومی,,متوسط,اکسایش در تعریف ساده به چه معناست؟,از دست دادن الکترون,گرفتن پروتون,از دست دادن نوترون,گرفتن هسته,A,اکسایش با از دست دادن الکترون همراه است.,ترنم همدلی,original,1405
دوازدهم,تجربی,شیمی,شیمی دوازدهم,بانک پایه,ارزیابی مفهومی,,متوسط,متان چند اتم کربن دارد؟,1,2,4,8,A,فرمول متان CH4 است.,ترنم همدلی,original,1405
دوازدهم,تجربی,فیزیک,فیزیک دوازدهم,بانک پایه,ارزیابی مفهومی,,متوسط,سرعت متوسط چگونه به‌دست می‌آید؟,مسافت تقسیم بر زمان,زمان تقسیم بر مسافت,جرم تقسیم بر نیرو,نیرو تقسیم بر جرم,A,v=Δx/Δt.,ترنم همدلی,original,1405
دوازدهم,تجربی,فیزیک,فیزیک دوازدهم,بانک پایه,ارزیابی مفهومی,,متوسط,قانون دوم نیوتن کدام است؟,F=ma,F=m/a,F=a/m,F=m+a,A,قانون دوم نیوتن F=ma است.,ترنم همدلی,original,1405
دوازدهم,تجربی,فیزیک,فیزیک دوازدهم,بانک پایه,ارزیابی مفهومی,,متوسط,اگر نیرو و جابه‌جایی هم‌جهت باشند، کار چگونه محاسبه می‌شود؟,W=Fd,W=F/d,W=d/F,W=F+d,A,در حالت هم‌جهت W=Fd.,ترنم همدلی,original,1405
دوازدهم,تجربی,فیزیک,فیزیک دوازدهم,بانک پایه,ارزیابی مفهومی,,متوسط,واحد مقاومت الکتریکی چیست؟,ولت,آمپر,اهم,وات,C,واحد مقاومت اهم است.,ترنم همدلی,original,1405
دوازدهم,تجربی,فیزیک,فیزیک دوازدهم,بانک پایه,ارزیابی مفهومی,,متوسط,فرکانس چیست؟,تعداد نوسان در واحد زمان,زمان یک نوسان,طول مسیر,دامنه,A,فرکانس تعداد نوسان در واحد زمان است.,ترنم همدلی,original,1405
دوازدهم,تجربی,فیزیک,فیزیک دوازدهم,بانک پایه,ارزیابی مفهومی,,متوسط,انرژی جنبشی به چه عواملی وابسته است؟,جرم و سرعت,فقط جرم,فقط ارتفاع,فقط زمان,A,K=1/2 mv².,ترنم همدلی,original,1405
دوازدهم,تجربی,ریاضی,ریاضی دوازدهم,بانک پایه,ارزیابی مفهومی,,متوسط,اگر f(x)=2x+1 باشد f(3) چند است؟,5,6,7,8,C,2×3+1=7.,ترنم همدلی,original,1405
دوازدهم,تجربی,ریاضی,ریاضی دوازدهم,بانک پایه,ارزیابی مفهومی,,متوسط,حل 2x+6=14 چیست؟,2,3,4,5,C,2x=8 پس x=4.,ترنم همدلی,original,1405
دوازدهم,تجربی,ریاضی,ریاضی دوازدهم,بانک پایه,ارزیابی مفهومی,,متوسط,حد بیانگر چه مفهومی است؟,رفتار تابع نزدیک یک نقطه,فقط مقدار تابع در نقطه,مشتق همیشه,مساحت,A,حد رفتار تابع هنگام نزدیک شدن ورودی به نقطه را توصیف می‌کند.,ترنم همدلی,original,1405
دوازدهم,تجربی,ریاضی,ریاضی دوازدهم,بانک پایه,ارزیابی مفهومی,,متوسط,مشتق x² چیست؟,x,2x,x²,2,B,مشتق x² برابر 2x است.,ترنم همدلی,original,1405
دوازدهم,تجربی,ریاضی,ریاضی دوازدهم,بانک پایه,ارزیابی مفهومی,,متوسط,احتمال رخداد قطعی چیست؟,0,1,1/2,2,B,رخداد قطعی احتمال 1 دارد.,ترنم همدلی,original,1405
دوازدهم,تجربی,ریاضی,ریاضی دوازدهم,بانک پایه,ارزیابی مفهومی,,متوسط,شیب خط افقی چیست؟,1,-1,0,تعریف‌نشده,C,خط افقی شیب صفر دارد.,ترنم همدلی,original,1405
دوازدهم,ریاضی,فارسی,فارسی,بانک پایه,ارزیابی مفهومی,,متوسط,واژه «فرهیخته» به کدام معنا نزدیک‌تر است؟,دانشمند,بی‌تجربه,کم‌حوصله,بی‌تفاوت,A,فرهیخته به فرد دانش‌آموخته و اهل فرهنگ گفته می‌شود.,ترنم همدلی,original,1405
دوازدهم,ریاضی,فارسی,فارسی,بانک پایه,ارزیابی مفهومی,,متوسط,در «قد سرو» کدام آرایه دیده می‌شود؟,تشبیه,تضاد,جناس,سجع,A,قد به سرو مانند شده است.,ترنم همدلی,original,1405
دوازدهم,ریاضی,فارسی,فارسی,بانک پایه,ارزیابی مفهومی,,متوسط,در «دانش‌آموزان درس را خواندند» نهاد کدام است؟,درس,دانش‌آموزان,را,خواندند,B,انجام‌دهنده فعل نهاد است.,ترنم همدلی,original,1405
دوازدهم,ریاضی,فارسی,فارسی,بانک پایه,ارزیابی مفهومی,,متوسط,کدام واژه درست است؟,تأثیر,تاثیر,تأثیرر,تاثیر,A,املای معیار «تأثیر» است.,ترنم همدلی,original,1405
دوازدهم,ریاضی,فارسی,فارسی,بانک پایه,ارزیابی مفهومی,,متوسط,کدام مفهوم به ارزش دانش نزدیک‌تر است؟,دانایی عامل رشد است,ثروت همیشه کافی است,تلاش بی‌فایده است,یادگیری بی‌ارزش است,A,مفهوم بر اهمیت دانش تأکید دارد.,ترنم همدلی,original,1405
دوازدهم,ریاضی,فارسی,فارسی,بانک پایه,ارزیابی مفهومی,,متوسط,مقدمه خوب چه ویژگی دارد؟,ارتباط با موضوع,بی‌ربطی,تکرار نتیجه,حذف موضوع,A,مقدمه باید زمینه موضوع را فراهم کند.,ترنم همدلی,original,1405
دوازدهم,ریاضی,عربی,عربی,بانک پایه,ارزیابی مفهومی,,متوسط,معنی «الطلابُ مجتهدون» چیست؟,دانش‌آموزان کوشا هستند,دانش‌آموز کوشاست,معلمان کوشا هستند,دانش‌آموزان غایب‌اند,A,ترجمه جمله همین است.,ترنم همدلی,original,1405
دوازدهم,ریاضی,عربی,عربی,بانک پایه,ارزیابی مفهومی,,متوسط,اسم فاعل «کاتب» به چه معناست؟,نویسنده/نویسنده‌کننده,نوشته‌شده,کتاب,خوانده‌شده,A,کاتب اسم فاعل از کتب است.,ترنم همدلی,original,1405
دوازدهم,ریاضی,عربی,عربی,بانک پایه,ارزیابی مفهومی,,متوسط,«یذهب» چه زمانی را نشان می‌دهد؟,مضارع,ماضی,امر,نهی,A,یذهب فعل مضارع است.,ترنم همدلی,original,1405
دوازدهم,ریاضی,عربی,عربی,بانک پایه,ارزیابی مفهومی,,متوسط,«ثلاثة» چه عددی است؟,دو,سه,چهار,پنج,B,ثلاثة یعنی سه.,ترنم همدلی,original,1405
دوازدهم,ریاضی,عربی,عربی,بانک پایه,ارزیابی مفهومی,,متوسط,جمع «معلم» کدام است؟,معلمان,معلمون,تعلیم,معلومة,B,در حالت رفع جمع مذکر سالم «معلمون» است.,ترنم همدلی,original,1405
دوازدهم,ریاضی,عربی,عربی,بانک پایه,ارزیابی مفهومی,,متوسط,در «قرأ الطالبُ الکتابَ» مفعول چیست؟,الطالب,قرأ,الکتاب,هیچ‌کدام,C,الکتاب مفعول فعل قرأ است.,ترنم همدلی,original,1405
دوازدهم,ریاضی,دین و زندگی,دین و زندگی,بانک پایه,ارزیابی مفهومی,,متوسط,توحید در ربوبیت به چه معناست؟,خداوند مدبر جهان است,انکار خدا,چندخدایی,بی‌نیازی از هدایت,A,ربوبیت به تدبیر و پروردگاری خداوند اشاره دارد.,ترنم همدلی,original,1405
دوازدهم,ریاضی,دین و زندگی,دین و زندگی,بانک پایه,ارزیابی مفهومی,,متوسط,یکی از نیازهای انسان به پیامبران چیست؟,هدایت الهی,افزایش ثروت,حل همه مسائل علمی,حذف اختیار,A,پیامبران راه هدایت الهی را ارائه می‌کنند.,ترنم همدلی,original,1405
دوازدهم,ریاضی,دین و زندگی,دین و زندگی,بانک پایه,ارزیابی مفهومی,,متوسط,باور به معاد چه اثری می‌تواند داشته باشد؟,مسئولیت‌پذیری,بی‌تفاوتی,بی‌قانونی,ناامیدی,A,باور به حسابرسی می‌تواند مسئولیت‌پذیری را تقویت کند.,ترنم همدلی,original,1405
دوازدهم,ریاضی,دین و زندگی,دین و زندگی,بانک پایه,ارزیابی مفهومی,,متوسط,اخلاص یعنی چه؟,انجام عمل برای رضای خدا,انجام کار برای شهرت,ترس از مردم,خودنمایی,A,اخلاص به نیت الهی در عمل اشاره دارد.,ترنم همدلی,original,1405
دوازدهم,ریاضی,دین و زندگی,دین و زندگی,بانک پایه,ارزیابی مفهومی,,متوسط,اختیار انسان با مسئولیت چه ارتباطی دارد؟,انتخاب زمینه مسئولیت است,هیچ ارتباطی ندارد,اختیار مسئولیت را حذف می‌کند,مسئولیت را ناممکن می‌کند,A,مسئولیت اخلاقی بر انتخاب آگاهانه استوار است.,ترنم همدلی,original,1405
دوازدهم,ریاضی,دین و زندگی,دین و زندگی,بانک پایه,ارزیابی مفهومی,,متوسط,عقل و وحی چه نقشی در هدایت دارند؟,راهنمایی انسان,ایجاد سردرگمی,حذف انتخاب,افزایش جهل,A,هر دو در چارچوب آموزه دینی ابزار هدایت‌اند.,ترنم همدلی,original,1405
دوازدهم,ریاضی,زبان انگلیسی,زبان انگلیسی,بانک پایه,ارزیابی مفهومی,,متوسط,"meaning of ""benefit"" چیست؟",فایده,خطر,هزینه,شکست,A,benefit یعنی فایده.,ترنم همدلی,original,1405
دوازدهم,ریاضی,زبان انگلیسی,زبان انگلیسی,بانک پایه,ارزیابی مفهومی,,متوسط,کدام جمله درست است؟,She has finished her work.,She have finished.,She finish has.,She finishing has.,A,ساختار حال کامل برای she با has است.,ترنم همدلی,original,1405
دوازدهم,ریاضی,زبان انگلیسی,زبان انگلیسی,بانک پایه,ارزیابی مفهومی,,متوسط,کدام جمله مجهول است؟,Ali wrote the letter.,The letter was written by Ali.,Ali writes letters.,Ali is writing.,B,در جمله دوم فاعل گیرنده عمل است.,ترنم همدلی,original,1405
دوازدهم,ریاضی,زبان انگلیسی,زبان انگلیسی,بانک پایه,ارزیابی مفهومی,,متوسط,کدام جمله شرطی نوع اول است؟,"If it rains, we will stay home.","If it rained, we would stay.","If it had rained, we would have stayed.",It rains yesterday.,A,شرطی نوع اول معمولاً if+حال و will دارد.,ترنم همدلی,original,1405
دوازدهم,ریاضی,زبان انگلیسی,زبان انگلیسی,بانک پایه,ارزیابی مفهومی,,متوسط,برای فهم ایده اصلی متن چه چیزی مهم است؟,تمرکز بر پیام کلی,حفظ همه کلمات,نادیده گرفتن عنوان,فقط ترجمه یک جمله,A,ایده اصلی پیام کلی متن است.,ترنم همدلی,original,1405
دوازدهم,ریاضی,زبان انگلیسی,زبان انگلیسی,بانک پایه,ارزیابی مفهومی,,متوسط,"opposite of ""increase"" چیست؟",decrease,improve,expand,raise,A,decrease متضاد increase است.,ترنم همدلی,original,1405
دوازدهم,ریاضی,فیزیک,فیزیک دوازدهم,بانک پایه,ارزیابی مفهومی,,متوسط,شتاب متوسط چیست؟,تغییر سرعت تقسیم بر زمان,مسافت تقسیم بر زمان,نیرو تقسیم بر جرم,جرم تقسیم بر زمان,A,a=Δv/Δt.,ترنم همدلی,original,1405
دوازدهم,ریاضی,فیزیک,فیزیک دوازدهم,بانک پایه,ارزیابی مفهومی,,متوسط,قانون سوم نیوتن بر چه اصلی استوار است؟,کنش و واکنش,پایستگی جرم,قانون اهم,اصل برنولی,A,نیروهای کنش و واکنش برابر و خلاف جهت‌اند.,ترنم همدلی,original,1405
دوازدهم,ریاضی,فیزیک,فیزیک دوازدهم,بانک پایه,ارزیابی مفهومی,,متوسط,قانون اهم چیست؟,V=IR,V=I/R,I=VR,R=VI,A,قانون اهم V=IR است.,ترنم همدلی,original,1405
دوازدهم,ریاضی,فیزیک,فیزیک دوازدهم,بانک پایه,ارزیابی مفهومی,,متوسط,میدان مغناطیسی اطراف جریان الکتریکی چگونه ایجاد می‌شود؟,جریان الکتریکی,سکون کامل بار,خلأ,فشار,A,جریان الکتریکی میدان مغناطیسی ایجاد می‌کند.,ترنم همدلی,original,1405
دوازدهم,ریاضی,فیزیک,فیزیک دوازدهم,بانک پایه,ارزیابی مفهومی,,متوسط,دوره تناوب چیست؟,زمان یک نوسان کامل,تعداد نوسان در ثانیه,دامنه,طول موج,A,دوره زمان یک نوسان کامل است.,ترنم همدلی,original,1405
دوازدهم,ریاضی,فیزیک,فیزیک دوازدهم,بانک پایه,ارزیابی مفهومی,,متوسط,انرژی پتانسیل گرانشی به چه عواملی وابسته است؟,جرم و ارتفاع,فقط سرعت,فقط زمان,مقاومت,A,U=mgh.,ترنم همدلی,original,1405
دوازدهم,ریاضی,شیمی,شیمی دوازدهم,بانک پایه,ارزیابی مفهومی,,متوسط,ایزوتوپ‌های یک عنصر در چه چیزی متفاوت‌اند؟,تعداد نوترون,تعداد پروتون,نام عنصر,عدد اتمی,A,ایزوتوپ‌ها پروتون یکسان و نوترون متفاوت دارند.,ترنم همدلی,original,1405
دوازدهم,ریاضی,شیمی,شیمی دوازدهم,بانک پایه,ارزیابی مفهومی,,متوسط,یک مول تقریباً چند ذره دارد؟,6.02×10^23,6.02×10^3,10^23,6.02,A,عدد آووگادرو حدود 6.02×10^23 است.,ترنم همدلی,original,1405
دوازدهم,ریاضی,شیمی,شیمی دوازدهم,بانک پایه,ارزیابی مفهومی,,متوسط,غلظت مولار یعنی چه؟,مول حل‌شونده در لیتر محلول,جرم در گرم,لیتر در مول,فشار در حجم,A,مولاریته mol/L است.,ترنم همدلی,original,1405
دوازدهم,ریاضی,شیمی,شیمی دوازدهم,بانک پایه,ارزیابی مفهومی,,متوسط,در تعادل شیمیایی چه چیزی برابر می‌شود؟,سرعت واکنش رفت و برگشت,غلظت همه مواد,جرم همه مواد,دما و فشار,A,در تعادل سرعت رفت و برگشت برابر است.,ترنم همدلی,original,1405
دوازدهم,ریاضی,شیمی,شیمی دوازدهم,بانک پایه,ارزیابی مفهومی,,متوسط,کدام ماده در آب یون H+ بیشتری ایجاد می‌کند؟,اسید,باز,نمک خنثی,فلز,A,اسیدها دهنده H+ هستند.,ترنم همدلی,original,1405
دوازدهم,ریاضی,شیمی,شیمی دوازدهم,بانک پایه,ارزیابی مفهومی,,متوسط,گروه عاملی الکل چیست؟,OH-,COOH,NH2,CHO,A,الکل‌ها گروه هیدروکسیل OH دارند.,ترنم همدلی,original,1405
دوازدهم,انسانی,فارسی,فارسی,بانک پایه,ارزیابی مفهومی,,متوسط,واژه «فرهیخته» به کدام معنا نزدیک‌تر است؟,دانشمند,بی‌تجربه,کم‌حوصله,بی‌تفاوت,A,فرهیخته به فرد دانش‌آموخته و اهل فرهنگ گفته می‌شود.,ترنم همدلی,original,1405
دوازدهم,انسانی,فارسی,فارسی,بانک پایه,ارزیابی مفهومی,,متوسط,در «قد سرو» کدام آرایه دیده می‌شود؟,تشبیه,تضاد,جناس,سجع,A,قد به سرو مانند شده است.,ترنم همدلی,original,1405
دوازدهم,انسانی,فارسی,فارسی,بانک پایه,ارزیابی مفهومی,,متوسط,در «دانش‌آموزان درس را خواندند» نهاد کدام است؟,درس,دانش‌آموزان,را,خواندند,B,انجام‌دهنده فعل نهاد است.,ترنم همدلی,original,1405
دوازدهم,انسانی,فارسی,فارسی,بانک پایه,ارزیابی مفهومی,,متوسط,کدام واژه درست است؟,تأثیر,تاثیر,تأثیرر,تاثیر,A,املای معیار «تأثیر» است.,ترنم همدلی,original,1405
دوازدهم,انسانی,فارسی,فارسی,بانک پایه,ارزیابی مفهومی,,متوسط,کدام مفهوم به ارزش دانش نزدیک‌تر است؟,دانایی عامل رشد است,ثروت همیشه کافی است,تلاش بی‌فایده است,یادگیری بی‌ارزش است,A,مفهوم بر اهمیت دانش تأکید دارد.,ترنم همدلی,original,1405
دوازدهم,انسانی,فارسی,فارسی,بانک پایه,ارزیابی مفهومی,,متوسط,مقدمه خوب چه ویژگی دارد؟,ارتباط با موضوع,بی‌ربطی,تکرار نتیجه,حذف موضوع,A,مقدمه باید زمینه موضوع را فراهم کند.,ترنم همدلی,original,1405
دوازدهم,انسانی,عربی,عربی,بانک پایه,ارزیابی مفهومی,,متوسط,معنی «الطلابُ مجتهدون» چیست؟,دانش‌آموزان کوشا هستند,دانش‌آموز کوشاست,معلمان کوشا هستند,دانش‌آموزان غایب‌اند,A,ترجمه جمله همین است.,ترنم همدلی,original,1405
دوازدهم,انسانی,عربی,عربی,بانک پایه,ارزیابی مفهومی,,متوسط,اسم فاعل «کاتب» به چه معناست؟,نویسنده/نویسنده‌کننده,نوشته‌شده,کتاب,خوانده‌شده,A,کاتب اسم فاعل از کتب است.,ترنم همدلی,original,1405
دوازدهم,انسانی,عربی,عربی,بانک پایه,ارزیابی مفهومی,,متوسط,«یذهب» چه زمانی را نشان می‌دهد؟,مضارع,ماضی,امر,نهی,A,یذهب فعل مضارع است.,ترنم همدلی,original,1405
دوازدهم,انسانی,عربی,عربی,بانک پایه,ارزیابی مفهومی,,متوسط,«ثلاثة» چه عددی است؟,دو,سه,چهار,پنج,B,ثلاثة یعنی سه.,ترنم همدلی,original,1405
دوازدهم,انسانی,عربی,عربی,بانک پایه,ارزیابی مفهومی,,متوسط,جمع «معلم» کدام است؟,معلمان,معلمون,تعلیم,معلومة,B,در حالت رفع جمع مذکر سالم «معلمون» است.,ترنم همدلی,original,1405
دوازدهم,انسانی,عربی,عربی,بانک پایه,ارزیابی مفهومی,,متوسط,در «قرأ الطالبُ الکتابَ» مفعول چیست؟,الطالب,قرأ,الکتاب,هیچ‌کدام,C,الکتاب مفعول فعل قرأ است.,ترنم همدلی,original,1405
دوازدهم,انسانی,دین و زندگی,دین و زندگی,بانک پایه,ارزیابی مفهومی,,متوسط,توحید در ربوبیت به چه معناست؟,خداوند مدبر جهان است,انکار خدا,چندخدایی,بی‌نیازی از هدایت,A,ربوبیت به تدبیر و پروردگاری خداوند اشاره دارد.,ترنم همدلی,original,1405
دوازدهم,انسانی,دین و زندگی,دین و زندگی,بانک پایه,ارزیابی مفهومی,,متوسط,یکی از نیازهای انسان به پیامبران چیست؟,هدایت الهی,افزایش ثروت,حل همه مسائل علمی,حذف اختیار,A,پیامبران راه هدایت الهی را ارائه می‌کنند.,ترنم همدلی,original,1405
دوازدهم,انسانی,دین و زندگی,دین و زندگی,بانک پایه,ارزیابی مفهومی,,متوسط,باور به معاد چه اثری می‌تواند داشته باشد؟,مسئولیت‌پذیری,بی‌تفاوتی,بی‌قانونی,ناامیدی,A,باور به حسابرسی می‌تواند مسئولیت‌پذیری را تقویت کند.,ترنم همدلی,original,1405
دوازدهم,انسانی,دین و زندگی,دین و زندگی,بانک پایه,ارزیابی مفهومی,,متوسط,اخلاص یعنی چه؟,انجام عمل برای رضای خدا,انجام کار برای شهرت,ترس از مردم,خودنمایی,A,اخلاص به نیت الهی در عمل اشاره دارد.,ترنم همدلی,original,1405
دوازدهم,انسانی,دین و زندگی,دین و زندگی,بانک پایه,ارزیابی مفهومی,,متوسط,اختیار انسان با مسئولیت چه ارتباطی دارد؟,انتخاب زمینه مسئولیت است,هیچ ارتباطی ندارد,اختیار مسئولیت را حذف می‌کند,مسئولیت را ناممکن می‌کند,A,مسئولیت اخلاقی بر انتخاب آگاهانه استوار است.,ترنم همدلی,original,1405
دوازدهم,انسانی,دین و زندگی,دین و زندگی,بانک پایه,ارزیابی مفهومی,,متوسط,عقل و وحی چه نقشی در هدایت دارند؟,راهنمایی انسان,ایجاد سردرگمی,حذف انتخاب,افزایش جهل,A,هر دو در چارچوب آموزه دینی ابزار هدایت‌اند.,ترنم همدلی,original,1405
دوازدهم,انسانی,زبان انگلیسی,زبان انگلیسی,بانک پایه,ارزیابی مفهومی,,متوسط,"meaning of ""benefit"" چیست؟",فایده,خطر,هزینه,شکست,A,benefit یعنی فایده.,ترنم همدلی,original,1405
دوازدهم,انسانی,زبان انگلیسی,زبان انگلیسی,بانک پایه,ارزیابی مفهومی,,متوسط,کدام جمله درست است؟,She has finished her work.,She have finished.,She finish has.,She finishing has.,A,ساختار حال کامل برای she با has است.,ترنم همدلی,original,1405
دوازدهم,انسانی,زبان انگلیسی,زبان انگلیسی,بانک پایه,ارزیابی مفهومی,,متوسط,کدام جمله مجهول است؟,Ali wrote the letter.,The letter was written by Ali.,Ali writes letters.,Ali is writing.,B,در جمله دوم فاعل گیرنده عمل است.,ترنم همدلی,original,1405
دوازدهم,انسانی,زبان انگلیسی,زبان انگلیسی,بانک پایه,ارزیابی مفهومی,,متوسط,کدام جمله شرطی نوع اول است؟,"If it rains, we will stay home.","If it rained, we would stay.","If it had rained, we would have stayed.",It rains yesterday.,A,شرطی نوع اول معمولاً if+حال و will دارد.,ترنم همدلی,original,1405
دوازدهم,انسانی,زبان انگلیسی,زبان انگلیسی,بانک پایه,ارزیابی مفهومی,,متوسط,برای فهم ایده اصلی متن چه چیزی مهم است؟,تمرکز بر پیام کلی,حفظ همه کلمات,نادیده گرفتن عنوان,فقط ترجمه یک جمله,A,ایده اصلی پیام کلی متن است.,ترنم همدلی,original,1405
دوازدهم,انسانی,زبان انگلیسی,زبان انگلیسی,بانک پایه,ارزیابی مفهومی,,متوسط,"opposite of ""increase"" چیست؟",decrease,improve,expand,raise,A,decrease متضاد increase است.,ترنم همدلی,original,1405
دوازدهم,انسانی,علوم و فنون ادبی,علوم و فنون ادبی دوازدهم,بانک پایه,ارزیابی مفهومی,,متوسط,واحد بنیادی وزن شعر فارسی چیست؟,هجا,بند,جمله,مصراع تنها,A,وزن بر پایه هجاها بررسی می‌شود.,ترنم همدلی,original,1405
دوازدهم,انسانی,علوم و فنون ادبی,علوم و فنون ادبی دوازدهم,بانک پایه,ارزیابی مفهومی,,متوسط,تضاد چیست؟,جمع دو مفهوم مخالف,تکرار صدا,تشبیه,حذف فعل,A,تضاد کنار هم آمدن مفاهیم مخالف است.,ترنم همدلی,original,1405
دوازدهم,انسانی,علوم و فنون ادبی,علوم و فنون ادبی دوازدهم,بانک پایه,ارزیابی مفهومی,,متوسط,قافیه در شعر چه نقشی دارد؟,آهنگ و هماهنگی پایانی,معنی واژه,ساخت جمله,تغییر موضوع,A,قافیه به هماهنگی پایانی شعر کمک می‌کند.,ترنم همدلی,original,1405
دوازدهم,انسانی,علوم و فنون ادبی,علوم و فنون ادبی دوازدهم,بانک پایه,ارزیابی مفهومی,,متوسط,سبک خراسانی چه ویژگی برجسته‌ای دارد؟,زبان نسبتاً ساده و استوار,پیچیدگی کامل عرفانی,زبان کاملاً محاوره‌ای,نبود وزن,A,از ویژگی‌های شناخته‌شده سبک خراسانی زبان نسبتاً ساده و استوار است.,ترنم همدلی,original,1405
دوازدهم,انسانی,علوم و فنون ادبی,علوم و فنون ادبی دوازدهم,بانک پایه,ارزیابی مفهومی,,متوسط,واج‌آرایی چیست؟,تکرار یک واج,تکرار معنی,تضاد,تشبیه,A,تکرار آوای یک واج واج‌آرایی است.,ترنم همدلی,original,1405
دوازدهم,انسانی,علوم و فنون ادبی,علوم و فنون ادبی دوازدهم,بانک پایه,ارزیابی مفهومی,,متوسط,خبر در جمله چه نقشی دارد؟,انتقال اطلاعات درباره نهاد,فقط پرسش,امر,نداء,A,خبر درباره نهاد اطلاعات می‌دهد.,ترنم همدلی,original,1405
دوازدهم,انسانی,جامعه‌شناسی,جامعه‌شناسی دوازدهم,بانک پایه,ارزیابی مفهومی,,متوسط,کنش اجتماعی چیست؟,رفتار معنادار نسبت به دیگران,حرکت فیزیکی بدون معنا,فقط تفکر,واکنش شیمیایی,A,کنش اجتماعی رفتار معنادار در ارتباط با دیگران است.,ترنم همدلی,original,1405
دوازدهم,انسانی,جامعه‌شناسی,جامعه‌شناسی دوازدهم,بانک پایه,ارزیابی مفهومی,,متوسط,فرهنگ شامل چه چیزهایی است؟,ارزش‌ها و هنجارها و نمادها,فقط ساختمان‌ها,فقط اقتصاد,فقط جغرافیا,A,فرهنگ مجموعه‌ای از ارزش‌ها، هنجارها، نمادها و معانی است.,ترنم همدلی,original,1405
دوازدهم,انسانی,جامعه‌شناسی,جامعه‌شناسی دوازدهم,بانک پایه,ارزیابی مفهومی,,متوسط,خانواده نمونه چیست؟,نهاد اجتماعی,عنصر شیمیایی,قانون طبیعی,دستگاه فیزیکی,A,خانواده یک نهاد اجتماعی بنیادی است.,ترنم همدلی,original,1405
دوازدهم,انسانی,جامعه‌شناسی,جامعه‌شناسی دوازدهم,بانک پایه,ارزیابی مفهومی,,متوسط,هویت اجتماعی چه چیزی را نشان می‌دهد؟,جایگاه و تعلقات فرد در جامعه,فقط قد و وزن,فقط درآمد,فقط ژنتیک,A,هویت اجتماعی با تعلقات و نقش‌های اجتماعی پیوند دارد.,ترنم همدلی,original,1405
دوازدهم,انسانی,جامعه‌شناسی,جامعه‌شناسی دوازدهم,بانک پایه,ارزیابی مفهومی,,متوسط,کدام مورد می‌تواند عامل تغییر اجتماعی باشد؟,فناوری,سکون کامل,نبود ارتباط,حذف آموزش,A,فناوری می‌تواند الگوهای زندگی اجتماعی را تغییر دهد.,ترنم همدلی,original,1405
دوازدهم,انسانی,جامعه‌شناسی,جامعه‌شناسی دوازدهم,بانک پایه,ارزیابی مفهومی,,متوسط,جهانی‌شدن به چه معناست؟,افزایش پیوندهای جهانی,انزوای کامل جوامع,کاهش ارتباط,حذف فناوری,A,جهانی‌شدن با افزایش ارتباط و وابستگی متقابل همراه است.,ترنم همدلی,original,1405
دوازدهم,انسانی,فلسفه,فلسفه دوازدهم,بانک پایه,ارزیابی مفهومی,,متوسط,فلسفه بیشتر با چه نوع پرسش‌هایی سروکار دارد؟,پرسش‌های بنیادی درباره هستی و شناخت,فقط محاسبات,فقط آزمایشگاه,فقط ورزش,A,فلسفه به پرسش‌های بنیادی می‌پردازد.,ترنم همدلی,original,1405
دوازدهم,انسانی,فلسفه,فلسفه دوازدهم,بانک پایه,ارزیابی مفهومی,,متوسط,معرفت یعنی چه؟,شناخت و آگاهی,صرفاً احساس,حرکت,تغذیه,A,معرفت به شناخت و آگاهی اشاره دارد.,ترنم همدلی,original,1405
دوازدهم,انسانی,فلسفه,فلسفه دوازدهم,بانک پایه,ارزیابی مفهومی,,متوسط,استدلال چه هدفی دارد؟,پشتیبانی منطقی از نتیجه,حذف دلیل,افزایش ابهام,تکرار واژه,A,استدلال برای حمایت منطقی از نتیجه به کار می‌رود.,ترنم همدلی,original,1405
دوازدهم,انسانی,فلسفه,فلسفه دوازدهم,بانک پایه,ارزیابی مفهومی,,متوسط,پرسش «چه چیزی واقعاً وجود دارد؟» بیشتر مربوط به چیست؟,هستی‌شناسی,اخلاق کاربردی,اقتصاد,دستور زبان,A,هستی‌شناسی درباره وجود و واقعیت بحث می‌کند.,ترنم همدلی,original,1405
دوازدهم,انسانی,فلسفه,فلسفه دوازدهم,بانک پایه,ارزیابی مفهومی,,متوسط,پرسش «چه کاری درست است؟» به کدام حوزه نزدیک‌تر است؟,اخلاق,هستی‌شناسی,فیزیک,جغرافیا,A,اخلاق درباره درست و نادرست عمل بحث می‌کند.,ترنم همدلی,original,1405
دوازدهم,انسانی,فلسفه,فلسفه دوازدهم,بانک پایه,ارزیابی مفهومی,,متوسط,تفاوت باور و دانش چیست؟,دانش نیازمند پشتوانه معرفتی است,هیچ تفاوتی ندارند,باور همیشه علمی است,دانش بدون دلیل است,A,دانش معمولاً به توجیه و پشتوانه معرفتی نیاز دارد.,ترنم همدلی,original,1405
دوازدهم,انسانی,تاریخ,تاریخ دوازدهم,بانک پایه,ارزیابی مفهومی,,متوسط,منبع دست‌اول چیست؟,اثر یا گزارش نزدیک به زمان رویداد,خلاصه امروزی,نظر شخص ثالث,داستان تخیلی,A,منبع دست‌اول به دوره یا شاهد نزدیک‌تر است.,ترنم همدلی,original,1405
دوازدهم,انسانی,تاریخ,تاریخ دوازدهم,بانک پایه,ارزیابی مفهومی,,متوسط,در تحلیل تاریخی چرا علت و معلول مهم است؟,برای فهم چرایی رویدادها,برای حفظ تاریخ‌ها فقط,برای حذف زمینه,برای شمارش جمعیت,A,تحلیل علت و معلول فهم رویداد را عمیق‌تر می‌کند.,ترنم همدلی,original,1405
دوازدهم,انسانی,تاریخ,تاریخ دوازدهم,بانک پایه,ارزیابی مفهومی,,متوسط,دوره‌بندی تاریخی چه فایده‌ای دارد؟,سازمان‌دهی مطالعه گذشته,تغییر واقعیت,حذف منابع,ساختن رویداد,A,دوره‌بندی مطالعه گذشته را منظم می‌کند.,ترنم همدلی,original,1405
دوازدهم,انسانی,تاریخ,تاریخ دوازدهم,بانک پایه,ارزیابی مفهومی,,متوسط,کدام مورد منبع مادی است؟,سکه تاریخی,نظر دانش‌آموز,پست شبکه اجتماعی امروز,فرمول ریاضی,A,سکه تاریخی یک منبع مادی است.,ترنم همدلی,original,1405
دوازدهم,انسانی,تاریخ,تاریخ دوازدهم,بانک پایه,ارزیابی مفهومی,,متوسط,در نقد منبع چه چیزی بررسی می‌شود؟,اعتبار و زمینه منبع,فقط طول متن,رنگ کاغذ,تعداد صفحات تنها,A,اعتبار، نویسنده، زمان و زمینه اهمیت دارند.,ترنم همدلی,original,1405
دوازدهم,انسانی,تاریخ,تاریخ دوازدهم,بانک پایه,ارزیابی مفهومی,,متوسط,یک رویداد تاریخی را باید چگونه بررسی کرد؟,با توجه به زمینه و شواهد,فقط با یک نظر,بدون منبع,صرفاً با حدس,A,تحلیل تاریخی باید مبتنی بر شواهد و زمینه باشد.,ترنم همدلی,original,1405
دوازدهم,انسانی,جغرافیا,جغرافیا دوازدهم,بانک پایه,ارزیابی مفهومی,,متوسط,مقیاس چه چیزی را نشان می‌دهد؟,رابطه فاصله نقشه و واقعیت,فقط جهت,فقط ارتفاع,نوع خاک,A,مقیاس رابطه فاصله روی نقشه با واقعیت است.,ترنم همدلی,original,1405
دوازدهم,انسانی,جغرافیا,جغرافیا دوازدهم,بانک پایه,ارزیابی مفهومی,,متوسط,اقلیم چیست؟,الگوی بلندمدت وضعیت جوی,وضعیت یک ساعت,فقط بارش امروز,باد لحظه‌ای,A,اقلیم الگوی بلندمدت شرایط جوی است.,ترنم همدلی,original,1405
دوازدهم,انسانی,جغرافیا,جغرافیا دوازدهم,بانک پایه,ارزیابی مفهومی,,متوسط,تراکم جمعیت چگونه محاسبه می‌شود؟,جمعیت تقسیم بر مساحت,مساحت تقسیم بر جمعیت,جمعیت ضربدر مساحت,جمعیت منهای مساحت,A,تراکم=جمعیت/مساحت.,ترنم همدلی,original,1405
دوازدهم,انسانی,جغرافیا,جغرافیا دوازدهم,بانک پایه,ارزیابی مفهومی,,متوسط,کدام منبع تجدیدپذیر است؟,خورشید,نفت,زغال‌سنگ,گاز طبیعی,A,انرژی خورشیدی تجدیدپذیر است.,ترنم همدلی,original,1405
دوازدهم,انسانی,جغرافیا,جغرافیا دوازدهم,بانک پایه,ارزیابی مفهومی,,متوسط,شهرنشینی به چه معناست؟,افزایش سهم جمعیت شهری,کاهش ارتباط,تخلیه همه شهرها,افزایش کشاورزی روستایی,A,شهرنشینی با افزایش سهم جمعیت شهری مرتبط است.,ترنم همدلی,original,1405
دوازدهم,انسانی,جغرافیا,جغرافیا دوازدهم,بانک پایه,ارزیابی مفهومی,,متوسط,توسعه پایدار بر چه تأکیدی است؟,تأمین نیاز امروز بدون آسیب جدی به آینده,مصرف بی‌حد,حذف منابع,تخریب محیط,A,توسعه پایدار تعادل میان نیازهای امروز و آینده را دنبال می‌کند.,ترنم همدلی,original,1405
دوازدهم,انسانی,ریاضی و آمار,ریاضی و آمار دوازدهم,بانک پایه,ارزیابی مفهومی,,متوسط,میانگین 3،5 و7 چیست؟,4,5,6,7,B,میانگین 15÷3=5.,ترنم همدلی,original,1405
دوازدهم,انسانی,ریاضی و آمار,ریاضی و آمار دوازدهم,بانک پایه,ارزیابی مفهومی,,متوسط,احتمال رویداد غیرممکن چیست؟,0,1,1/2,2,A,رویداد غیرممکن احتمال صفر دارد.,ترنم همدلی,original,1405
دوازدهم,انسانی,ریاضی و آمار,ریاضی و آمار دوازدهم,بانک پایه,ارزیابی مفهومی,,متوسط,اگر f(x)=x+2 باشد f(5) چند است؟,5,6,7,8,C,5+2=7.,ترنم همدلی,original,1405
دوازدهم,انسانی,ریاضی و آمار,ریاضی و آمار دوازدهم,بانک پایه,ارزیابی مفهومی,,متوسط,حل 3x=12 چیست؟,2,3,4,6,C,x=4.,ترنم همدلی,original,1405
دوازدهم,انسانی,ریاضی و آمار,ریاضی و آمار دوازدهم,بانک پایه,ارزیابی مفهومی,,متوسط,جمله بعدی 2،4،6،8 چیست؟,9,10,12,16,B,الگو هر بار 2 واحد افزایش دارد.,ترنم همدلی,original,1405
دوازدهم,انسانی,ریاضی و آمار,ریاضی و آمار دوازدهم,بانک پایه,ارزیابی مفهومی,,متوسط,نمودار ستونی برای چه داده‌هایی مناسب است؟,مقایسه دسته‌ها,فقط تابع پیوسته,فقط هندسه,فقط متن,A,نمودار ستونی برای مقایسه دسته‌ها مناسب است.,ترنم همدلی,original,1405
دوازدهم,تجربی,زیست‌شناسی,زیست‌شناسی دوازدهم,بانک پایه,ارزیابی مفهومی,,متوسط,کدام گزینه بهترین توصیف برای نقش آنزیم‌ها در سلول است؟,افزایش انرژی فعال‌سازی,کاهش انرژی فعال‌سازی,مصرف دائمی در واکنش,تبدیل شدن به DNA,B,آنزیم‌ها با کاهش انرژی فعال‌سازی سرعت واکنش را افزایش می‌دهند.,سؤال تألیفی هم‌سبک کنکور 1400,konkur_style,1400
دوازدهم,تجربی,زیست‌شناسی,زیست‌شناسی دوازدهم,بانک پایه,ارزیابی مفهومی,,متوسط,کدام گزینه بهترین توصیف برای نقش آنزیم‌ها در سلول است؟,افزایش انرژی فعال‌سازی,کاهش انرژی فعال‌سازی,مصرف دائمی در واکنش,تبدیل شدن به DNA,B,آنزیم‌ها با کاهش انرژی فعال‌سازی سرعت واکنش را افزایش می‌دهند.,سؤال تألیفی هم‌سبک کنکور 1401,konkur_style,1401
دوازدهم,تجربی,زیست‌شناسی,زیست‌شناسی دوازدهم,بانک پایه,ارزیابی مفهومی,,متوسط,کدام گزینه بهترین توصیف برای نقش آنزیم‌ها در سلول است؟,افزایش انرژی فعال‌سازی,کاهش انرژی فعال‌سازی,مصرف دائمی در واکنش,تبدیل شدن به DNA,B,آنزیم‌ها با کاهش انرژی فعال‌سازی سرعت واکنش را افزایش می‌دهند.,سؤال تألیفی هم‌سبک کنکور 1402,konkur_style,1402
دوازدهم,تجربی,زیست‌شناسی,زیست‌شناسی دوازدهم,بانک پایه,ارزیابی مفهومی,,متوسط,کدام گزینه بهترین توصیف برای نقش آنزیم‌ها در سلول است؟,افزایش انرژی فعال‌سازی,کاهش انرژی فعال‌سازی,مصرف دائمی در واکنش,تبدیل شدن به DNA,B,آنزیم‌ها با کاهش انرژی فعال‌سازی سرعت واکنش را افزایش می‌دهند.,سؤال تألیفی هم‌سبک کنکور 1403,konkur_style,1403
دوازدهم,تجربی,زیست‌شناسی,زیست‌شناسی دوازدهم,بانک پایه,ارزیابی مفهومی,,متوسط,کدام گزینه بهترین توصیف برای نقش آنزیم‌ها در سلول است؟,افزایش انرژی فعال‌سازی,کاهش انرژی فعال‌سازی,مصرف دائمی در واکنش,تبدیل شدن به DNA,B,آنزیم‌ها با کاهش انرژی فعال‌سازی سرعت واکنش را افزایش می‌دهند.,سؤال تألیفی هم‌سبک کنکور 1404,konkur_style,1404
دوازدهم,تجربی,زیست‌شناسی,زیست‌شناسی دوازدهم,بانک پایه,ارزیابی مفهومی,,متوسط,کدام گزینه بهترین توصیف برای نقش آنزیم‌ها در سلول است؟,افزایش انرژی فعال‌سازی,کاهش انرژی فعال‌سازی,مصرف دائمی در واکنش,تبدیل شدن به DNA,B,آنزیم‌ها با کاهش انرژی فعال‌سازی سرعت واکنش را افزایش می‌دهند.,سؤال تألیفی هم‌سبک کنکور 1405,konkur_style,1405
دوازدهم,تجربی,شیمی,شیمی دوازدهم,بانک پایه,ارزیابی مفهومی,,متوسط,در یک واکنش اکسایش-کاهش، گونه‌ای که الکترون می‌گیرد چه نام دارد؟,عامل کاهنده,عامل اکسنده,محصول خنثی,کاتالیزگر,B,گونه‌ای که الکترون می‌گیرد کاهش می‌یابد و عامل اکسنده است.,سؤال تألیفی هم‌سبک کنکور 1400,konkur_style,1400
دوازدهم,تجربی,شیمی,شیمی دوازدهم,بانک پایه,ارزیابی مفهومی,,متوسط,در یک واکنش اکسایش-کاهش، گونه‌ای که الکترون می‌گیرد چه نام دارد؟,عامل کاهنده,عامل اکسنده,محصول خنثی,کاتالیزگر,B,گونه‌ای که الکترون می‌گیرد کاهش می‌یابد و عامل اکسنده است.,سؤال تألیفی هم‌سبک کنکور 1401,konkur_style,1401
دوازدهم,تجربی,شیمی,شیمی دوازدهم,بانک پایه,ارزیابی مفهومی,,متوسط,در یک واکنش اکسایش-کاهش، گونه‌ای که الکترون می‌گیرد چه نام دارد؟,عامل کاهنده,عامل اکسنده,محصول خنثی,کاتالیزگر,B,گونه‌ای که الکترون می‌گیرد کاهش می‌یابد و عامل اکسنده است.,سؤال تألیفی هم‌سبک کنکور 1402,konkur_style,1402
دوازدهم,تجربی,شیمی,شیمی دوازدهم,بانک پایه,ارزیابی مفهومی,,متوسط,در یک واکنش اکسایش-کاهش، گونه‌ای که الکترون می‌گیرد چه نام دارد؟,عامل کاهنده,عامل اکسنده,محصول خنثی,کاتالیزگر,B,گونه‌ای که الکترون می‌گیرد کاهش می‌یابد و عامل اکسنده است.,سؤال تألیفی هم‌سبک کنکور 1403,konkur_style,1403
دوازدهم,تجربی,شیمی,شیمی دوازدهم,بانک پایه,ارزیابی مفهومی,,متوسط,در یک واکنش اکسایش-کاهش، گونه‌ای که الکترون می‌گیرد چه نام دارد؟,عامل کاهنده,عامل اکسنده,محصول خنثی,کاتالیزگر,B,گونه‌ای که الکترون می‌گیرد کاهش می‌یابد و عامل اکسنده است.,سؤال تألیفی هم‌سبک کنکور 1404,konkur_style,1404
دوازدهم,تجربی,شیمی,شیمی دوازدهم,بانک پایه,ارزیابی مفهومی,,متوسط,در یک واکنش اکسایش-کاهش، گونه‌ای که الکترون می‌گیرد چه نام دارد؟,عامل کاهنده,عامل اکسنده,محصول خنثی,کاتالیزگر,B,گونه‌ای که الکترون می‌گیرد کاهش می‌یابد و عامل اکسنده است.,سؤال تألیفی هم‌سبک کنکور 1405,konkur_style,1405
دوازدهم,تجربی,فیزیک,فیزیک دوازدهم,بانک پایه,ارزیابی مفهومی,,متوسط,جسمی با سرعت ثابت روی خط راست حرکت می‌کند. برآیند نیروی وارد بر آن در حالت ایده‌آل چقدر است؟,صفر,ثابت و غیرصفر,متغیر,نامشخص,A,سرعت ثابت یعنی شتاب صفر و در نتیجه برآیند نیرو صفر است.,سؤال تألیفی هم‌سبک کنکور 1400,konkur_style,1400
دوازدهم,تجربی,فیزیک,فیزیک دوازدهم,بانک پایه,ارزیابی مفهومی,,متوسط,جسمی با سرعت ثابت روی خط راست حرکت می‌کند. برآیند نیروی وارد بر آن در حالت ایده‌آل چقدر است؟,صفر,ثابت و غیرصفر,متغیر,نامشخص,A,سرعت ثابت یعنی شتاب صفر و در نتیجه برآیند نیرو صفر است.,سؤال تألیفی هم‌سبک کنکور 1401,konkur_style,1401
دوازدهم,تجربی,فیزیک,فیزیک دوازدهم,بانک پایه,ارزیابی مفهومی,,متوسط,جسمی با سرعت ثابت روی خط راست حرکت می‌کند. برآیند نیروی وارد بر آن در حالت ایده‌آل چقدر است؟,صفر,ثابت و غیرصفر,متغیر,نامشخص,A,سرعت ثابت یعنی شتاب صفر و در نتیجه برآیند نیرو صفر است.,سؤال تألیفی هم‌سبک کنکور 1402,konkur_style,1402
دوازدهم,تجربی,فیزیک,فیزیک دوازدهم,بانک پایه,ارزیابی مفهومی,,متوسط,جسمی با سرعت ثابت روی خط راست حرکت می‌کند. برآیند نیروی وارد بر آن در حالت ایده‌آل چقدر است؟,صفر,ثابت و غیرصفر,متغیر,نامشخص,A,سرعت ثابت یعنی شتاب صفر و در نتیجه برآیند نیرو صفر است.,سؤال تألیفی هم‌سبک کنکور 1403,konkur_style,1403
دوازدهم,تجربی,فیزیک,فیزیک دوازدهم,بانک پایه,ارزیابی مفهومی,,متوسط,جسمی با سرعت ثابت روی خط راست حرکت می‌کند. برآیند نیروی وارد بر آن در حالت ایده‌آل چقدر است؟,صفر,ثابت و غیرصفر,متغیر,نامشخص,A,سرعت ثابت یعنی شتاب صفر و در نتیجه برآیند نیرو صفر است.,سؤال تألیفی هم‌سبک کنکور 1404,konkur_style,1404
دوازدهم,تجربی,فیزیک,فیزیک دوازدهم,بانک پایه,ارزیابی مفهومی,,متوسط,جسمی با سرعت ثابت روی خط راست حرکت می‌کند. برآیند نیروی وارد بر آن در حالت ایده‌آل چقدر است؟,صفر,ثابت و غیرصفر,متغیر,نامشخص,A,سرعت ثابت یعنی شتاب صفر و در نتیجه برآیند نیرو صفر است.,سؤال تألیفی هم‌سبک کنکور 1405,konkur_style,1405
دوازدهم,تجربی,ریاضی,ریاضی دوازدهم,بانک پایه,ارزیابی مفهومی,,متوسط,اگر تابع f(x)=x²-2x باشد، کمینه تابع در کدام x رخ می‌دهد؟,0,1,2,-1,B,f(x)=(x-1)²-1 است، پس کمینه در x=1 رخ می‌دهد.,سؤال تألیفی هم‌سبک کنکور 1400,konkur_style,1400
دوازدهم,تجربی,ریاضی,ریاضی دوازدهم,بانک پایه,ارزیابی مفهومی,,متوسط,اگر تابع f(x)=x²-2x باشد، کمینه تابع در کدام x رخ می‌دهد؟,0,1,2,-1,B,f(x)=(x-1)²-1 است، پس کمینه در x=1 رخ می‌دهد.,سؤال تألیفی هم‌سبک کنکور 1401,konkur_style,1401
دوازدهم,تجربی,ریاضی,ریاضی دوازدهم,بانک پایه,ارزیابی مفهومی,,متوسط,اگر تابع f(x)=x²-2x باشد، کمینه تابع در کدام x رخ می‌دهد؟,0,1,2,-1,B,f(x)=(x-1)²-1 است، پس کمینه در x=1 رخ می‌دهد.,سؤال تألیفی هم‌سبک کنکور 1402,konkur_style,1402
دوازدهم,تجربی,ریاضی,ریاضی دوازدهم,بانک پایه,ارزیابی مفهومی,,متوسط,اگر تابع f(x)=x²-2x باشد، کمینه تابع در کدام x رخ می‌دهد؟,0,1,2,-1,B,f(x)=(x-1)²-1 است، پس کمینه در x=1 رخ می‌دهد.,سؤال تألیفی هم‌سبک کنکور 1403,konkur_style,1403
دوازدهم,تجربی,ریاضی,ریاضی دوازدهم,بانک پایه,ارزیابی مفهومی,,متوسط,اگر تابع f(x)=x²-2x باشد، کمینه تابع در کدام x رخ می‌دهد؟,0,1,2,-1,B,f(x)=(x-1)²-1 است، پس کمینه در x=1 رخ می‌دهد.,سؤال تألیفی هم‌سبک کنکور 1404,konkur_style,1404
دوازدهم,تجربی,ریاضی,ریاضی دوازدهم,بانک پایه,ارزیابی مفهومی,,متوسط,اگر تابع f(x)=x²-2x باشد، کمینه تابع در کدام x رخ می‌دهد؟,0,1,2,-1,B,f(x)=(x-1)²-1 است، پس کمینه در x=1 رخ می‌دهد.,سؤال تألیفی هم‌سبک کنکور 1405,konkur_style,1405
دوازدهم,ریاضی,فیزیک,فیزیک دوازدهم,بانک پایه,ارزیابی مفهومی,,متوسط,جسمی با سرعت ثابت روی خط راست حرکت می‌کند. برآیند نیروی وارد بر آن در حالت ایده‌آل چقدر است؟,صفر,ثابت و غیرصفر,متغیر,نامشخص,A,سرعت ثابت یعنی شتاب صفر و در نتیجه برآیند نیرو صفر است.,سؤال تألیفی هم‌سبک کنکور 1400,konkur_style,1400
دوازدهم,ریاضی,فیزیک,فیزیک دوازدهم,بانک پایه,ارزیابی مفهومی,,متوسط,جسمی با سرعت ثابت روی خط راست حرکت می‌کند. برآیند نیروی وارد بر آن در حالت ایده‌آل چقدر است؟,صفر,ثابت و غیرصفر,متغیر,نامشخص,A,سرعت ثابت یعنی شتاب صفر و در نتیجه برآیند نیرو صفر است.,سؤال تألیفی هم‌سبک کنکور 1401,konkur_style,1401
دوازدهم,ریاضی,فیزیک,فیزیک دوازدهم,بانک پایه,ارزیابی مفهومی,,متوسط,جسمی با سرعت ثابت روی خط راست حرکت می‌کند. برآیند نیروی وارد بر آن در حالت ایده‌آل چقدر است؟,صفر,ثابت و غیرصفر,متغیر,نامشخص,A,سرعت ثابت یعنی شتاب صفر و در نتیجه برآیند نیرو صفر است.,سؤال تألیفی هم‌سبک کنکور 1402,konkur_style,1402
دوازدهم,ریاضی,فیزیک,فیزیک دوازدهم,بانک پایه,ارزیابی مفهومی,,متوسط,جسمی با سرعت ثابت روی خط راست حرکت می‌کند. برآیند نیروی وارد بر آن در حالت ایده‌آل چقدر است؟,صفر,ثابت و غیرصفر,متغیر,نامشخص,A,سرعت ثابت یعنی شتاب صفر و در نتیجه برآیند نیرو صفر است.,سؤال تألیفی هم‌سبک کنکور 1403,konkur_style,1403
دوازدهم,ریاضی,فیزیک,فیزیک دوازدهم,بانک پایه,ارزیابی مفهومی,,متوسط,جسمی با سرعت ثابت روی خط راست حرکت می‌کند. برآیند نیروی وارد بر آن در حالت ایده‌آل چقدر است؟,صفر,ثابت و غیرصفر,متغیر,نامشخص,A,سرعت ثابت یعنی شتاب صفر و در نتیجه برآیند نیرو صفر است.,سؤال تألیفی هم‌سبک کنکور 1404,konkur_style,1404
دوازدهم,ریاضی,فیزیک,فیزیک دوازدهم,بانک پایه,ارزیابی مفهومی,,متوسط,جسمی با سرعت ثابت روی خط راست حرکت می‌کند. برآیند نیروی وارد بر آن در حالت ایده‌آل چقدر است؟,صفر,ثابت و غیرصفر,متغیر,نامشخص,A,سرعت ثابت یعنی شتاب صفر و در نتیجه برآیند نیرو صفر است.,سؤال تألیفی هم‌سبک کنکور 1405,konkur_style,1405
دوازدهم,ریاضی,شیمی,شیمی دوازدهم,بانک پایه,ارزیابی مفهومی,,متوسط,در یک واکنش اکسایش-کاهش، گونه‌ای که الکترون می‌گیرد چه نام دارد؟,عامل کاهنده,عامل اکسنده,محصول خنثی,کاتالیزگر,B,گونه‌ای که الکترون می‌گیرد کاهش می‌یابد و عامل اکسنده است.,سؤال تألیفی هم‌سبک کنکور 1400,konkur_style,1400
دوازدهم,ریاضی,شیمی,شیمی دوازدهم,بانک پایه,ارزیابی مفهومی,,متوسط,در یک واکنش اکسایش-کاهش، گونه‌ای که الکترون می‌گیرد چه نام دارد؟,عامل کاهنده,عامل اکسنده,محصول خنثی,کاتالیزگر,B,گونه‌ای که الکترون می‌گیرد کاهش می‌یابد و عامل اکسنده است.,سؤال تألیفی هم‌سبک کنکور 1401,konkur_style,1401
دوازدهم,ریاضی,شیمی,شیمی دوازدهم,بانک پایه,ارزیابی مفهومی,,متوسط,در یک واکنش اکسایش-کاهش، گونه‌ای که الکترون می‌گیرد چه نام دارد؟,عامل کاهنده,عامل اکسنده,محصول خنثی,کاتالیزگر,B,گونه‌ای که الکترون می‌گیرد کاهش می‌یابد و عامل اکسنده است.,سؤال تألیفی هم‌سبک کنکور 1402,konkur_style,1402
دوازدهم,ریاضی,شیمی,شیمی دوازدهم,بانک پایه,ارزیابی مفهومی,,متوسط,در یک واکنش اکسایش-کاهش، گونه‌ای که الکترون می‌گیرد چه نام دارد؟,عامل کاهنده,عامل اکسنده,محصول خنثی,کاتالیزگر,B,گونه‌ای که الکترون می‌گیرد کاهش می‌یابد و عامل اکسنده است.,سؤال تألیفی هم‌سبک کنکور 1403,konkur_style,1403
دوازدهم,ریاضی,شیمی,شیمی دوازدهم,بانک پایه,ارزیابی مفهومی,,متوسط,در یک واکنش اکسایش-کاهش، گونه‌ای که الکترون می‌گیرد چه نام دارد؟,عامل کاهنده,عامل اکسنده,محصول خنثی,کاتالیزگر,B,گونه‌ای که الکترون می‌گیرد کاهش می‌یابد و عامل اکسنده است.,سؤال تألیفی هم‌سبک کنکور 1404,konkur_style,1404
دوازدهم,ریاضی,شیمی,شیمی دوازدهم,بانک پایه,ارزیابی مفهومی,,متوسط,در یک واکنش اکسایش-کاهش، گونه‌ای که الکترون می‌گیرد چه نام دارد؟,عامل کاهنده,عامل اکسنده,محصول خنثی,کاتالیزگر,B,گونه‌ای که الکترون می‌گیرد کاهش می‌یابد و عامل اکسنده است.,سؤال تألیفی هم‌سبک کنکور 1405,konkur_style,1405
دوازدهم,انسانی,ریاضی و آمار,ریاضی و آمار دوازدهم,بانک پایه,ارزیابی مفهومی,,متوسط,اگر میانگین سه عدد 12 باشد، مجموع آن سه عدد چند است؟,12,24,36,48,C,مجموع=میانگین×تعداد=12×3=36.,سؤال تألیفی هم‌سبک کنکور 1400,konkur_style,1400
دوازدهم,انسانی,ریاضی و آمار,ریاضی و آمار دوازدهم,بانک پایه,ارزیابی مفهومی,,متوسط,اگر میانگین سه عدد 12 باشد، مجموع آن سه عدد چند است؟,12,24,36,48,C,مجموع=میانگین×تعداد=12×3=36.,سؤال تألیفی هم‌سبک کنکور 1401,konkur_style,1401
دوازدهم,انسانی,ریاضی و آمار,ریاضی و آمار دوازدهم,بانک پایه,ارزیابی مفهومی,,متوسط,اگر میانگین سه عدد 12 باشد، مجموع آن سه عدد چند است؟,12,24,36,48,C,مجموع=میانگین×تعداد=12×3=36.,سؤال تألیفی هم‌سبک کنکور 1402,konkur_style,1402
دوازدهم,انسانی,ریاضی و آمار,ریاضی و آمار دوازدهم,بانک پایه,ارزیابی مفهومی,,متوسط,اگر میانگین سه عدد 12 باشد، مجموع آن سه عدد چند است؟,12,24,36,48,C,مجموع=میانگین×تعداد=12×3=36.,سؤال تألیفی هم‌سبک کنکور 1403,konkur_style,1403
دوازدهم,انسانی,ریاضی و آمار,ریاضی و آمار دوازدهم,بانک پایه,ارزیابی مفهومی,,متوسط,اگر میانگین سه عدد 12 باشد، مجموع آن سه عدد چند است؟,12,24,36,48,C,مجموع=میانگین×تعداد=12×3=36.,سؤال تألیفی هم‌سبک کنکور 1404,konkur_style,1404
دوازدهم,انسانی,ریاضی و آمار,ریاضی و آمار دوازدهم,بانک پایه,ارزیابی مفهومی,,متوسط,اگر میانگین سه عدد 12 باشد، مجموع آن سه عدد چند است؟,12,24,36,48,C,مجموع=میانگین×تعداد=12×3=36.,سؤال تألیفی هم‌سبک کنکور 1405,konkur_style,1405
دوازدهم,انسانی,جامعه‌شناسی,جامعه‌شناسی دوازدهم,بانک پایه,ارزیابی مفهومی,,متوسط,کدام مورد نمونه‌ای از هنجار اجتماعی است؟,قانون فیزیک,رعایت نوبت در صف,جرم اتمی,دمای جوش آب,B,هنجارها قواعد و انتظارات رفتاری جامعه‌اند.,سؤال تألیفی هم‌سبک کنکور 1400,konkur_style,1400
دوازدهم,انسانی,جامعه‌شناسی,جامعه‌شناسی دوازدهم,بانک پایه,ارزیابی مفهومی,,متوسط,کدام مورد نمونه‌ای از هنجار اجتماعی است؟,قانون فیزیک,رعایت نوبت در صف,جرم اتمی,دمای جوش آب,B,هنجارها قواعد و انتظارات رفتاری جامعه‌اند.,سؤال تألیفی هم‌سبک کنکور 1401,konkur_style,1401
دوازدهم,انسانی,جامعه‌شناسی,جامعه‌شناسی دوازدهم,بانک پایه,ارزیابی مفهومی,,متوسط,کدام مورد نمونه‌ای از هنجار اجتماعی است؟,قانون فیزیک,رعایت نوبت در صف,جرم اتمی,دمای جوش آب,B,هنجارها قواعد و انتظارات رفتاری جامعه‌اند.,سؤال تألیفی هم‌سبک کنکور 1402,konkur_style,1402
دوازدهم,انسانی,جامعه‌شناسی,جامعه‌شناسی دوازدهم,بانک پایه,ارزیابی مفهومی,,متوسط,کدام مورد نمونه‌ای از هنجار اجتماعی است؟,قانون فیزیک,رعایت نوبت در صف,جرم اتمی,دمای جوش آب,B,هنجارها قواعد و انتظارات رفتاری جامعه‌اند.,سؤال تألیفی هم‌سبک کنکور 1403,konkur_style,1403
دوازدهم,انسانی,جامعه‌شناسی,جامعه‌شناسی دوازدهم,بانک پایه,ارزیابی مفهومی,,متوسط,کدام مورد نمونه‌ای از هنجار اجتماعی است؟,قانون فیزیک,رعایت نوبت در صف,جرم اتمی,دمای جوش آب,B,هنجارها قواعد و انتظارات رفتاری جامعه‌اند.,سؤال تألیفی هم‌سبک کنکور 1404,konkur_style,1404
دوازدهم,انسانی,جامعه‌شناسی,جامعه‌شناسی دوازدهم,بانک پایه,ارزیابی مفهومی,,متوسط,کدام مورد نمونه‌ای از هنجار اجتماعی است؟,قانون فیزیک,رعایت نوبت در صف,جرم اتمی,دمای جوش آب,B,هنجارها قواعد و انتظارات رفتاری جامعه‌اند.,سؤال تألیفی هم‌سبک کنکور 1405,konkur_style,1405
دوازدهم,تجربی,سلامت و بهداشت,سلامت و بهداشت,بانک پایه,ارزیابی مفهومی,,متوسط,کدام عامل در سلامت جسم نقش مستقیم دارد؟,فعالیت بدنی منظم,کم‌خوابی مداوم,کم‌تحرکی,مصرف بی‌رویه قند,A,فعالیت بدنی منظم از عوامل مهم سلامت جسم است.,ترنم همدلی,original,1405
دوازدهم,تجربی,سلامت و بهداشت,سلامت و بهداشت,بانک پایه,ارزیابی مفهومی,,متوسط,کدام گزینه منبع مناسب پروتئین است؟,تخم‌مرغ,نوشابه,شکر,نمک,A,تخم‌مرغ منبع پروتئین است.,ترنم همدلی,original,1405
دوازدهم,تجربی,سلامت و بهداشت,سلامت و بهداشت,بانک پایه,ارزیابی مفهومی,,متوسط,خواب کافی چه اثری دارد؟,بهبود توجه و یادگیری,کاهش تمرکز,افزایش خستگی,اختلال حافظه,A,خواب کافی به عملکرد شناختی کمک می‌کند.,ترنم همدلی,original,1405
دوازدهم,تجربی,سلامت و بهداشت,سلامت و بهداشت,بانک پایه,ارزیابی مفهومی,,متوسط,کدام رفتار برای مدیریت استرس مناسب‌تر است؟,برنامه‌ریزی و فعالیت بدنی,حذف خواب,انزوا,مصرف خودسرانه دارو,A,برنامه‌ریزی و فعالیت بدنی از راهکارهای سالم مدیریت استرس‌اند.,ترنم همدلی,original,1405
دوازدهم,تجربی,سلامت و بهداشت,سلامت و بهداشت,بانک پایه,ارزیابی مفهومی,,متوسط,کدام مورد از اصول پیشگیری است؟,رعایت بهداشت و واکسیناسیون مناسب,نادیده گرفتن علائم,خوددرمانی دائمی,حذف مراجعه پزشکی,A,پیشگیری شامل رفتارهای بهداشتی و واکسیناسیون مناسب است.,ترنم همدلی,original,1405
دوازدهم,تجربی,سلامت و بهداشت,سلامت و بهداشت,بانک پایه,ارزیابی مفهومی,,متوسط,مصرف دخانیات چه اثری می‌تواند داشته باشد؟,افزایش خطر بیماری‌ها,تقویت قطعی سلامت,افزایش ظرفیت ریه,کاهش همه خطرها,A,دخانیات خطر بیماری‌های مختلف را افزایش می‌دهد.,ترنم همدلی,original,1405
دوازدهم,تجربی,هویت اجتماعی,هویت اجتماعی,بانک پایه,ارزیابی مفهومی,,متوسط,هویت اجتماعی به چه چیزی مربوط است؟,تعلق‌ها و نقش‌های اجتماعی,فقط ویژگی جسمی,فقط نمره مدرسه,فقط درآمد,A,هویت اجتماعی با تعلقات و نقش‌های فرد مرتبط است.,ترنم همدلی,original,1405
دوازدهم,تجربی,هویت اجتماعی,هویت اجتماعی,بانک پایه,ارزیابی مفهومی,,متوسط,ارزش اجتماعی چیست؟,باور درباره مطلوب و مهم بودن امور,یک قانون فیزیک,واحد اندازه‌گیری,نوع غذا,A,ارزش‌ها درباره مطلوبیت و اهمیت امور داوری ایجاد می‌کنند.,ترنم همدلی,original,1405
دوازدهم,تجربی,هویت اجتماعی,هویت اجتماعی,بانک پایه,ارزیابی مفهومی,,متوسط,نقش اجتماعی چیست؟,انتظارات رفتاری مرتبط با یک جایگاه,قد فرد,نام خانوادگی,محل تولد,A,نقش مجموعه انتظارات رفتاری از یک جایگاه است.,ترنم همدلی,original,1405
دوازدهم,تجربی,هویت اجتماعی,هویت اجتماعی,بانک پایه,ارزیابی مفهومی,,متوسط,عضویت در گروه چه اثری می‌تواند داشته باشد؟,شکل‌گیری احساس تعلق,حذف کامل هویت فردی,بی‌اثر بودن همیشگی,قطع ارتباط,A,گروه‌ها می‌توانند احساس تعلق و هویت اجتماعی را شکل دهند.,ترنم همدلی,original,1405
دوازدهم,تجربی,هویت اجتماعی,هویت اجتماعی,بانک پایه,ارزیابی مفهومی,,متوسط,نمونه مسئولیت اجتماعی کدام است؟,رعایت حقوق دیگران,تخریب اموال عمومی,بی‌توجهی به قانون,انتشار شایعه,A,مسئولیت اجتماعی با رعایت حقوق و منافع عمومی مرتبط است.,ترنم همدلی,original,1405
دوازدهم,تجربی,هویت اجتماعی,هویت اجتماعی,بانک پایه,ارزیابی مفهومی,,متوسط,رسانه‌ها چگونه می‌توانند بر هویت اثر بگذارند؟,با انتقال الگوها و ارزش‌ها,فقط با تغییر دما,بدون هیچ اثر ممکن,فقط با کاهش جمعیت,A,رسانه‌ها در انتقال الگوها، ارزش‌ها و سبک زندگی نقش دارند.,ترنم همدلی,original,1405
دوازدهم,ریاضی,سلامت و بهداشت,سلامت و بهداشت,بانک پایه,ارزیابی مفهومی,,متوسط,کدام عامل در سلامت جسم نقش مستقیم دارد؟,فعالیت بدنی منظم,کم‌خوابی مداوم,کم‌تحرکی,مصرف بی‌رویه قند,A,فعالیت بدنی منظم از عوامل مهم سلامت جسم است.,ترنم همدلی,original,1405
دوازدهم,ریاضی,سلامت و بهداشت,سلامت و بهداشت,بانک پایه,ارزیابی مفهومی,,متوسط,کدام گزینه منبع مناسب پروتئین است؟,تخم‌مرغ,نوشابه,شکر,نمک,A,تخم‌مرغ منبع پروتئین است.,ترنم همدلی,original,1405
دوازدهم,ریاضی,سلامت و بهداشت,سلامت و بهداشت,بانک پایه,ارزیابی مفهومی,,متوسط,خواب کافی چه اثری دارد؟,بهبود توجه و یادگیری,کاهش تمرکز,افزایش خستگی,اختلال حافظه,A,خواب کافی به عملکرد شناختی کمک می‌کند.,ترنم همدلی,original,1405
دوازدهم,ریاضی,سلامت و بهداشت,سلامت و بهداشت,بانک پایه,ارزیابی مفهومی,,متوسط,کدام رفتار برای مدیریت استرس مناسب‌تر است؟,برنامه‌ریزی و فعالیت بدنی,حذف خواب,انزوا,مصرف خودسرانه دارو,A,برنامه‌ریزی و فعالیت بدنی از راهکارهای سالم مدیریت استرس‌اند.,ترنم همدلی,original,1405
دوازدهم,ریاضی,سلامت و بهداشت,سلامت و بهداشت,بانک پایه,ارزیابی مفهومی,,متوسط,کدام مورد از اصول پیشگیری است؟,رعایت بهداشت و واکسیناسیون مناسب,نادیده گرفتن علائم,خوددرمانی دائمی,حذف مراجعه پزشکی,A,پیشگیری شامل رفتارهای بهداشتی و واکسیناسیون مناسب است.,ترنم همدلی,original,1405
دوازدهم,ریاضی,سلامت و بهداشت,سلامت و بهداشت,بانک پایه,ارزیابی مفهومی,,متوسط,مصرف دخانیات چه اثری می‌تواند داشته باشد؟,افزایش خطر بیماری‌ها,تقویت قطعی سلامت,افزایش ظرفیت ریه,کاهش همه خطرها,A,دخانیات خطر بیماری‌های مختلف را افزایش می‌دهد.,ترنم همدلی,original,1405
دوازدهم,ریاضی,هویت اجتماعی,هویت اجتماعی,بانک پایه,ارزیابی مفهومی,,متوسط,هویت اجتماعی به چه چیزی مربوط است؟,تعلق‌ها و نقش‌های اجتماعی,فقط ویژگی جسمی,فقط نمره مدرسه,فقط درآمد,A,هویت اجتماعی با تعلقات و نقش‌های فرد مرتبط است.,ترنم همدلی,original,1405
دوازدهم,ریاضی,هویت اجتماعی,هویت اجتماعی,بانک پایه,ارزیابی مفهومی,,متوسط,ارزش اجتماعی چیست؟,باور درباره مطلوب و مهم بودن امور,یک قانون فیزیک,واحد اندازه‌گیری,نوع غذا,A,ارزش‌ها درباره مطلوبیت و اهمیت امور داوری ایجاد می‌کنند.,ترنم همدلی,original,1405
دوازدهم,ریاضی,هویت اجتماعی,هویت اجتماعی,بانک پایه,ارزیابی مفهومی,,متوسط,نقش اجتماعی چیست؟,انتظارات رفتاری مرتبط با یک جایگاه,قد فرد,نام خانوادگی,محل تولد,A,نقش مجموعه انتظارات رفتاری از یک جایگاه است.,ترنم همدلی,original,1405
دوازدهم,ریاضی,هویت اجتماعی,هویت اجتماعی,بانک پایه,ارزیابی مفهومی,,متوسط,عضویت در گروه چه اثری می‌تواند داشته باشد؟,شکل‌گیری احساس تعلق,حذف کامل هویت فردی,بی‌اثر بودن همیشگی,قطع ارتباط,A,گروه‌ها می‌توانند احساس تعلق و هویت اجتماعی را شکل دهند.,ترنم همدلی,original,1405
دوازدهم,ریاضی,هویت اجتماعی,هویت اجتماعی,بانک پایه,ارزیابی مفهومی,,متوسط,نمونه مسئولیت اجتماعی کدام است؟,رعایت حقوق دیگران,تخریب اموال عمومی,بی‌توجهی به قانون,انتشار شایعه,A,مسئولیت اجتماعی با رعایت حقوق و منافع عمومی مرتبط است.,ترنم همدلی,original,1405
دوازدهم,ریاضی,هویت اجتماعی,هویت اجتماعی,بانک پایه,ارزیابی مفهومی,,متوسط,رسانه‌ها چگونه می‌توانند بر هویت اثر بگذارند؟,با انتقال الگوها و ارزش‌ها,فقط با تغییر دما,بدون هیچ اثر ممکن,فقط با کاهش جمعیت,A,رسانه‌ها در انتقال الگوها، ارزش‌ها و سبک زندگی نقش دارند.,ترنم همدلی,original,1405
دوازدهم,انسانی,سلامت و بهداشت,سلامت و بهداشت,بانک پایه,ارزیابی مفهومی,,متوسط,کدام عامل در سلامت جسم نقش مستقیم دارد؟,فعالیت بدنی منظم,کم‌خوابی مداوم,کم‌تحرکی,مصرف بی‌رویه قند,A,فعالیت بدنی منظم از عوامل مهم سلامت جسم است.,ترنم همدلی,original,1405
دوازدهم,انسانی,سلامت و بهداشت,سلامت و بهداشت,بانک پایه,ارزیابی مفهومی,,متوسط,کدام گزینه منبع مناسب پروتئین است؟,تخم‌مرغ,نوشابه,شکر,نمک,A,تخم‌مرغ منبع پروتئین است.,ترنم همدلی,original,1405
دوازدهم,انسانی,سلامت و بهداشت,سلامت و بهداشت,بانک پایه,ارزیابی مفهومی,,متوسط,خواب کافی چه اثری دارد؟,بهبود توجه و یادگیری,کاهش تمرکز,افزایش خستگی,اختلال حافظه,A,خواب کافی به عملکرد شناختی کمک می‌کند.,ترنم همدلی,original,1405
دوازدهم,انسانی,سلامت و بهداشت,سلامت و بهداشت,بانک پایه,ارزیابی مفهومی,,متوسط,کدام رفتار برای مدیریت استرس مناسب‌تر است؟,برنامه‌ریزی و فعالیت بدنی,حذف خواب,انزوا,مصرف خودسرانه دارو,A,برنامه‌ریزی و فعالیت بدنی از راهکارهای سالم مدیریت استرس‌اند.,ترنم همدلی,original,1405
دوازدهم,انسانی,سلامت و بهداشت,سلامت و بهداشت,بانک پایه,ارزیابی مفهومی,,متوسط,کدام مورد از اصول پیشگیری است؟,رعایت بهداشت و واکسیناسیون مناسب,نادیده گرفتن علائم,خوددرمانی دائمی,حذف مراجعه پزشکی,A,پیشگیری شامل رفتارهای بهداشتی و واکسیناسیون مناسب است.,ترنم همدلی,original,1405
دوازدهم,انسانی,سلامت و بهداشت,سلامت و بهداشت,بانک پایه,ارزیابی مفهومی,,متوسط,مصرف دخانیات چه اثری می‌تواند داشته باشد؟,افزایش خطر بیماری‌ها,تقویت قطعی سلامت,افزایش ظرفیت ریه,کاهش همه خطرها,A,دخانیات خطر بیماری‌های مختلف را افزایش می‌دهد.,ترنم همدلی,original,1405
دوازدهم,انسانی,هویت اجتماعی,هویت اجتماعی,بانک پایه,ارزیابی مفهومی,,متوسط,هویت اجتماعی به چه چیزی مربوط است؟,تعلق‌ها و نقش‌های اجتماعی,فقط ویژگی جسمی,فقط نمره مدرسه,فقط درآمد,A,هویت اجتماعی با تعلقات و نقش‌های فرد مرتبط است.,ترنم همدلی,original,1405
دوازدهم,انسانی,هویت اجتماعی,هویت اجتماعی,بانک پایه,ارزیابی مفهومی,,متوسط,ارزش اجتماعی چیست؟,باور درباره مطلوب و مهم بودن امور,یک قانون فیزیک,واحد اندازه‌گیری,نوع غذا,A,ارزش‌ها درباره مطلوبیت و اهمیت امور داوری ایجاد می‌کنند.,ترنم همدلی,original,1405
دوازدهم,انسانی,هویت اجتماعی,هویت اجتماعی,بانک پایه,ارزیابی مفهومی,,متوسط,نقش اجتماعی چیست؟,انتظارات رفتاری مرتبط با یک جایگاه,قد فرد,نام خانوادگی,محل تولد,A,نقش مجموعه انتظارات رفتاری از یک جایگاه است.,ترنم همدلی,original,1405
دوازدهم,انسانی,هویت اجتماعی,هویت اجتماعی,بانک پایه,ارزیابی مفهومی,,متوسط,عضویت در گروه چه اثری می‌تواند داشته باشد؟,شکل‌گیری احساس تعلق,حذف کامل هویت فردی,بی‌اثر بودن همیشگی,قطع ارتباط,A,گروه‌ها می‌توانند احساس تعلق و هویت اجتماعی را شکل دهند.,ترنم همدلی,original,1405
دوازدهم,انسانی,هویت اجتماعی,هویت اجتماعی,بانک پایه,ارزیابی مفهومی,,متوسط,نمونه مسئولیت اجتماعی کدام است؟,رعایت حقوق دیگران,تخریب اموال عمومی,بی‌توجهی به قانون,انتشار شایعه,A,مسئولیت اجتماعی با رعایت حقوق و منافع عمومی مرتبط است.,ترنم همدلی,original,1405
دوازدهم,انسانی,هویت اجتماعی,هویت اجتماعی,بانک پایه,ارزیابی مفهومی,,متوسط,رسانه‌ها چگونه می‌توانند بر هویت اثر بگذارند؟,با انتقال الگوها و ارزش‌ها,فقط با تغییر دما,بدون هیچ اثر ممکن,فقط با کاهش جمعیت,A,رسانه‌ها در انتقال الگوها، ارزش‌ها و سبک زندگی نقش دارند.,ترنم همدلی,original,1405
چهارم,,آموزش قرآن,آموزش قرآن,بانک پایه,ارزیابی مفهومی,پوشش اولیه,متوسط,صداقت در زندگی اجتماعی چه اثری دارد؟,اعتماد را افزایش می‌دهد,اعتماد را از بین می‌برد,همیشه باعث اختلاف می‌شود,هیچ اثری ندارد,A,صداقت پایه مهم اعتماد است.,ترنم همدلی,original,1405
چهارم,,آموزش قرآن,آموزش قرآن,بانک پایه,ارزیابی مفهومی,پوشش اولیه,متوسط,شکرگزاری بیشتر به چه معناست؟,شناخت نعمت و قدردانی,نادیده گرفتن نعمت‌ها,خودبرتربینی,بی‌تفاوتی,A,شکرگزاری با شناخت نعمت و قدردانی همراه است.,ترنم همدلی,original,1405
چهارم,,آموزش قرآن,آموزش قرآن,بانک پایه,ارزیابی مفهومی,پوشش اولیه,متوسط,نماز در آموزه‌های دینی چه نقشی دارد؟,ارتباط و یاد خدا,فقط فعالیت ورزشی,فقط مطالعه,فقط سرگرمی,A,نماز عبادت و یاد خداست.,ترنم همدلی,original,1405
چهارم,,آموزش قرآن,آموزش قرآن,بانک پایه,ارزیابی مفهومی,پوشش اولیه,متوسط,امانت‌داری یعنی چه؟,حفظ حق و مال سپرده‌شده,تصاحب امانت,نادیده گرفتن مسئولیت,پنهان کردن حقیقت,A,امانت‌داری یعنی رعایت حق صاحب امانت.,ترنم همدلی,original,1405
چهارم,,آموزش قرآن,آموزش قرآن,بانک پایه,ارزیابی مفهومی,پوشش اولیه,متوسط,احترام به والدین نمونه کدام رفتار است؟,نیکوکاری,بی‌تفاوتی,اسراف,غیبت,A,نیکی به والدین از رفتارهای اخلاقی است.,ترنم همدلی,original,1405
چهارم,,آموزش قرآن,آموزش قرآن,بانک پایه,ارزیابی مفهومی,پوشش اولیه,متوسط,صبر در برابر مشکل یعنی چه؟,پایداری همراه با رفتار سنجیده,رها کردن همه تلاش‌ها,خشم دائمی,انکار واقعیت,A,صبر با پایداری و کنترل رفتار همراه است.,ترنم همدلی,original,1405
چهارم,,آموزش قرآن,آموزش قرآن,بانک پایه,ارزیابی مفهومی,پوشش اولیه,متوسط,حق‌الناس به چه مربوط است؟,حقوق دیگران,فقط حقوق شخصی,فقط مسائل طبیعی,فقط درس مدرسه,A,حق‌الناس به حقوق و اموال مردم مربوط است.,ترنم همدلی,original,1405
چهارم,,آموزش قرآن,آموزش قرآن,بانک پایه,ارزیابی مفهومی,پوشش اولیه,متوسط,اسراف یعنی چه؟,مصرف بیش از اندازه و بی‌دلیل,صرفه‌جویی,استفاده درست,کمک به دیگران,A,اسراف مصرف بی‌رویه منابع است.,ترنم همدلی,original,1405
چهارم,,آموزش قرآن,آموزش قرآن,بانک پایه,ارزیابی مفهومی,پوشش اولیه,متوسط,توکل چه مفهومی دارد؟,اعتماد به خدا همراه با انجام وظیفه,رها کردن تلاش,بی‌برنامگی,نادیده گرفتن مسئولیت,A,توکل جایگزین تلاش و مسئولیت نیست.,ترنم همدلی,original,1405
چهارم,,آموزش قرآن,آموزش قرآن,بانک پایه,ارزیابی مفهومی,پوشش اولیه,متوسط,امر به معروف و نهی از منکر با چه چیزی همراه است؟,توجه مسئولانه به رفتار درست و نادرست,اجبار بدون شرایط,بی‌تفاوتی,توهین,A,درک شرایط و روش درست در این فریضه اهمیت دارد.,ترنم همدلی,original,1405
چهارم,,هدیه‌های آسمان,هدیه‌های آسمان,بانک پایه,ارزیابی مفهومی,پوشش اولیه,متوسط,صداقت در زندگی اجتماعی چه اثری دارد؟,اعتماد را افزایش می‌دهد,اعتماد را از بین می‌برد,همیشه باعث اختلاف می‌شود,هیچ اثری ندارد,A,صداقت پایه مهم اعتماد است.,ترنم همدلی,original,1405
چهارم,,هدیه‌های آسمان,هدیه‌های آسمان,بانک پایه,ارزیابی مفهومی,پوشش اولیه,متوسط,شکرگزاری بیشتر به چه معناست؟,شناخت نعمت و قدردانی,نادیده گرفتن نعمت‌ها,خودبرتربینی,بی‌تفاوتی,A,شکرگزاری با شناخت نعمت و قدردانی همراه است.,ترنم همدلی,original,1405
چهارم,,هدیه‌های آسمان,هدیه‌های آسمان,بانک پایه,ارزیابی مفهومی,پوشش اولیه,متوسط,نماز در آموزه‌های دینی چه نقشی دارد؟,ارتباط و یاد خدا,فقط فعالیت ورزشی,فقط مطالعه,فقط سرگرمی,A,نماز عبادت و یاد خداست.,ترنم همدلی,original,1405
چهارم,,هدیه‌های آسمان,هدیه‌های آسمان,بانک پایه,ارزیابی مفهومی,پوشش اولیه,متوسط,امانت‌داری یعنی چه؟,حفظ حق و مال سپرده‌شده,تصاحب امانت,نادیده گرفتن مسئولیت,پنهان کردن حقیقت,A,امانت‌داری یعنی رعایت حق صاحب امانت.,ترنم همدلی,original,1405
چهارم,,هدیه‌های آسمان,هدیه‌های آسمان,بانک پایه,ارزیابی مفهومی,پوشش اولیه,متوسط,احترام به والدین نمونه کدام رفتار است؟,نیکوکاری,بی‌تفاوتی,اسراف,غیبت,A,نیکی به والدین از رفتارهای اخلاقی است.,ترنم همدلی,original,1405
چهارم,,هدیه‌های آسمان,هدیه‌های آسمان,بانک پایه,ارزیابی مفهومی,پوشش اولیه,متوسط,صبر در برابر مشکل یعنی چه؟,پایداری همراه با رفتار سنجیده,رها کردن همه تلاش‌ها,خشم دائمی,انکار واقعیت,A,صبر با پایداری و کنترل رفتار همراه است.,ترنم همدلی,original,1405
چهارم,,هدیه‌های آسمان,هدیه‌های آسمان,بانک پایه,ارزیابی مفهومی,پوشش اولیه,متوسط,حق‌الناس به چه مربوط است؟,حقوق دیگران,فقط حقوق شخصی,فقط مسائل طبیعی,فقط درس مدرسه,A,حق‌الناس به حقوق و اموال مردم مربوط است.,ترنم همدلی,original,1405
چهارم,,هدیه‌های آسمان,هدیه‌های آسمان,بانک پایه,ارزیابی مفهومی,پوشش اولیه,متوسط,اسراف یعنی چه؟,مصرف بیش از اندازه و بی‌دلیل,صرفه‌جویی,استفاده درست,کمک به دیگران,A,اسراف مصرف بی‌رویه منابع است.,ترنم همدلی,original,1405
چهارم,,هدیه‌های آسمان,هدیه‌های آسمان,بانک پایه,ارزیابی مفهومی,پوشش اولیه,متوسط,توکل چه مفهومی دارد؟,اعتماد به خدا همراه با انجام وظیفه,رها کردن تلاش,بی‌برنامگی,نادیده گرفتن مسئولیت,A,توکل جایگزین تلاش و مسئولیت نیست.,ترنم همدلی,original,1405
چهارم,,هدیه‌های آسمان,هدیه‌های آسمان,بانک پایه,ارزیابی مفهومی,پوشش اولیه,متوسط,امر به معروف و نهی از منکر با چه چیزی همراه است؟,توجه مسئولانه به رفتار درست و نادرست,اجبار بدون شرایط,بی‌تفاوتی,توهین,A,درک شرایط و روش درست در این فریضه اهمیت دارد.,ترنم همدلی,original,1405
چهارم,,فارسی,فارسی,بانک پایه,ارزیابی مفهومی,پوشش اولیه,متوسط,مترادف «آغاز» کدام است؟,شروع,پایان,توقف,خواب,A,آغاز و شروع مترادف‌اند.,ترنم همدلی,original,1405
چهارم,,فارسی,فارسی,بانک پایه,ارزیابی مفهومی,پوشش اولیه,متوسط,کدام گزینه مفهوم تضاد دارد؟,شب و روز,کتاب و دفتر,مداد و پاک‌کن,خانه و مدرسه,A,شب و روز دو مفهوم متضادند.,ترنم همدلی,original,1405
چهارم,,فارسی,فارسی,بانک پایه,ارزیابی مفهومی,پوشش اولیه,متوسط,مقدمه مناسب در نوشته چه ویژگی دارد؟,ارتباط با موضوع,بی‌ربطی,تکرار نتیجه,حذف موضوع,A,مقدمه باید خواننده را به موضوع وارد کند.,ترنم همدلی,original,1405
چهارم,,فارسی,فارسی,بانک پایه,ارزیابی مفهومی,پوشش اولیه,متوسط,درک مطلب بیشتر بر چه چیزی تکیه دارد؟,فهم پیام متن,حفظ تک‌تک واژه‌ها,شمردن خطوط,تشخیص تعداد صفحات,A,هدف اصلی درک مطلب فهم پیام و روابط متن است.,ترنم همدلی,original,1405
چهارم,,نگارش فارسی,نگارش فارسی,بانک پایه,ارزیابی مفهومی,پوشش اولیه,متوسط,یک پاراگراف خوب معمولاً چه دارد؟,موضوع مشخص و جمله‌های مرتبط,جمله‌های کاملاً بی‌ربط,فقط یک واژه,بدون موضوع,A,انسجام و موضوع مشخص از ویژگی‌های متن خوب است.,ترنم همدلی,original,1405
چهارم,,نگارش فارسی,نگارش فارسی,بانک پایه,ارزیابی مفهومی,پوشش اولیه,متوسط,مقدمه چه نقشی دارد؟,معرفی و آماده‌سازی موضوع,تکرار کامل نتیجه,حذف موضوع,پایان دادن متن,A,مقدمه خواننده را وارد موضوع می‌کند.,ترنم همدلی,original,1405
چهارم,,نگارش فارسی,نگارش فارسی,بانک پایه,ارزیابی مفهومی,پوشش اولیه,متوسط,نتیجه‌گیری چه می‌کند؟,جمع‌بندی نکات اصلی,شروع موضوع جدید,حذف استدلال,تکرار همه واژه‌ها,A,نتیجه‌گیری جمع‌بندی متن است.,ترنم همدلی,original,1405
چهارم,,نگارش فارسی,نگارش فارسی,بانک پایه,ارزیابی مفهومی,پوشش اولیه,متوسط,عنوان مناسب باید چگونه باشد؟,مرتبط و روشن,کاملاً بی‌ربط,بسیار مبهم,بدون ارتباط با متن,A,عنوان باید با محتوای نوشته ارتباط داشته باشد.,ترنم همدلی,original,1405
چهارم,,نگارش فارسی,نگارش فارسی,بانک پایه,ارزیابی مفهومی,پوشش اولیه,متوسط,انسجام متن یعنی چه؟,ارتباط منطقی جمله‌ها و بخش‌ها,طولانی بودن,زیاد بودن واژه‌ها,استفاده از کلمات سخت,A,انسجام به پیوند منطقی اجزای متن مربوط است.,ترنم همدلی,original,1405
چهارم,,نگارش فارسی,نگارش فارسی,بانک پایه,ارزیابی مفهومی,پوشش اولیه,متوسط,ویرایش چه هدفی دارد؟,بهبود محتوا و زبان نوشته,حذف همه متن,افزایش خطا,تغییر موضوع,A,ویرایش برای اصلاح و بهبود نوشته انجام می‌شود.,ترنم همدلی,original,1405
چهارم,,نگارش فارسی,نگارش فارسی,بانک پایه,ارزیابی مفهومی,پوشش اولیه,متوسط,نشانه‌گذاری چه کمکی می‌کند؟,خوانایی و فهم بهتر,حذف معنا,افزایش ابهام,کاهش واژه‌ها,A,نشانه‌گذاری درست ساختار و مکث متن را روشن می‌کند.,ترنم همدلی,original,1405
چهارم,,نگارش فارسی,نگارش فارسی,بانک پایه,ارزیابی مفهومی,پوشش اولیه,متوسط,کدام ویژگی برای گزارش مناسب‌تر است؟,دقیق و روشن بودن,خیالی و بی‌منبع بودن,کاملاً مبهم بودن,بدون ترتیب بودن,A,گزارش باید روشن و دقیق باشد.,ترنم همدلی,original,1405
چهارم,,نگارش فارسی,نگارش فارسی,بانک پایه,ارزیابی مفهومی,پوشش اولیه,متوسط,بازنویسی یعنی چه؟,نوشتن دوباره با حفظ مفهوم اصلی,حذف کامل مفهوم,ترجمه به زبان دیگر همیشه,افزودن موضوع نامرتبط,A,بازنویسی می‌تواند شکل بیان را تغییر دهد بدون اینکه مفهوم اصلی از بین برود.,ترنم همدلی,original,1405
چهارم,,نگارش فارسی,نگارش فارسی,بانک پایه,ارزیابی مفهومی,پوشش اولیه,متوسط,طرح کلی نوشته چه فایده‌ای دارد؟,سازمان‌دهی ایده‌ها,افزایش خطا,حذف موضوع,توقف نوشتن,A,طرح کلی به نظم دادن ایده‌ها کمک می‌کند.,ترنم همدلی,original,1405
چهارم,,ریاضی,ریاضی,بانک پایه,ارزیابی مفهومی,پوشش اولیه,متوسط,کدام عبارت با توزیع‌پذیری درست است؟,2(3+4)=2×3+2×4,2(3+4)=2+3+4,2(3+4)=2×3+4,2(3+4)=6+4×2,A,ضرب در مجموع برابر مجموع ضرب‌هاست.,ترنم همدلی,original,1405
چهارم,,ریاضی,ریاضی,بانک پایه,ارزیابی مفهومی,پوشش اولیه,متوسط,اگر محیط مربع 20 باشد، طول هر ضلع چند است؟,4,5,10,20,B,محیط مربع چهار برابر ضلع است.,ترنم همدلی,original,1405
چهارم,,ریاضی,ریاضی,بانک پایه,ارزیابی مفهومی,پوشش اولیه,متوسط,کدام کسر با 1/2 برابر است؟,2/3,3/4,4/8,5/8,C,4/8 پس از ساده‌سازی 1/2 می‌شود.,ترنم همدلی,original,1405
چهارم,,ریاضی,ریاضی,بانک پایه,ارزیابی مفهومی,پوشش اولیه,متوسط,عدد 0 چه نوع عددی است؟,فقط طبیعی,فقط منفی,همزمان مثبت و منفی,نه مثبت است و نه منفی,D,صفر نه مثبت است و نه منفی.,ترنم همدلی,original,1405
چهارم,,علوم تجربی,علوم تجربی,بانک پایه,ارزیابی مفهومی,پوشش اولیه,متوسط,کدام حالت ماده شکل و حجم مشخص دارد؟,جامد,مایع,گاز,پلاسما,A,جامد شکل و حجم مشخص دارد.,ترنم همدلی,original,1405
چهارم,,علوم تجربی,علوم تجربی,بانک پایه,ارزیابی مفهومی,پوشش اولیه,متوسط,گیاهان برای فتوسنتز بیشتر به کدام عامل نیاز دارند؟,نور,صدا,نمک,آهن,A,نور یکی از عوامل اصلی فتوسنتز است.,ترنم همدلی,original,1405
چهارم,,علوم تجربی,علوم تجربی,بانک پایه,ارزیابی مفهومی,پوشش اولیه,متوسط,کدام اندام برای پمپاژ خون نقش اصلی دارد؟,ریه,قلب,معده,کبد,B,قلب خون را در بدن پمپ می‌کند.,ترنم همدلی,original,1405
چهارم,,علوم تجربی,علوم تجربی,بانک پایه,ارزیابی مفهومی,پوشش اولیه,متوسط,نیرو می‌تواند چه اثری داشته باشد؟,تغییر حرکت,فقط تغییر رنگ,فقط تغییر دما,هیچ اثری ندارد,A,نیرو می‌تواند سرعت یا جهت حرکت را تغییر دهد.,ترنم همدلی,original,1405
چهارم,,علوم تجربی,علوم تجربی,بانک پایه,ارزیابی مفهومی,پوشش اولیه,متوسط,آب در فشار معمولی در چند درجه سلسیوس یخ می‌زند؟,0,10,50,100,A,نقطه انجماد آب در فشار معمولی 0 درجه است.,ترنم همدلی,original,1405
چهارم,,علوم تجربی,علوم تجربی,بانک پایه,ارزیابی مفهومی,پوشش اولیه,متوسط,کدام مورد منبع انرژی تجدیدپذیر است؟,زغال‌سنگ,نفت,خورشید,گاز طبیعی,C,انرژی خورشیدی تجدیدپذیر است.,ترنم همدلی,original,1405
چهارم,,علوم تجربی,علوم تجربی,بانک پایه,ارزیابی مفهومی,پوشش اولیه,متوسط,کدام بخش گیاه بیشتر آب و مواد معدنی را جذب می‌کند؟,ریشه,گل,میوه,دانه,A,ریشه محل اصلی جذب آب و مواد معدنی است.,ترنم همدلی,original,1405
چهارم,,علوم تجربی,علوم تجربی,بانک پایه,ارزیابی مفهومی,پوشش اولیه,متوسط,کدام وسیله برای اندازه‌گیری دماست؟,ترازو,دماسنج,ولت‌متر,قطب‌نما,B,دماسنج دما را اندازه‌گیری می‌کند.,ترنم همدلی,original,1405
چهارم,,علوم تجربی,علوم تجربی,بانک پایه,ارزیابی مفهومی,پوشش اولیه,متوسط,کدام مورد یک تغییر شیمیایی است؟,ذوب یخ,پاره شدن کاغذ,سوختن چوب,خرد کردن سنگ,C,سوختن ماده جدید ایجاد می‌کند.,ترنم همدلی,original,1405
چهارم,,علوم تجربی,علوم تجربی,بانک پایه,ارزیابی مفهومی,پوشش اولیه,متوسط,وظیفه اصلی ریه چیست؟,تبادل گازها,هضم غذا,پمپاژ خون,تولید استخوان,A,ریه محل تبادل اکسیژن و دی‌اکسیدکربن است.,ترنم همدلی,original,1405
چهارم,,مطالعات اجتماعی,مطالعات اجتماعی,بانک پایه,ارزیابی مفهومی,پوشش اولیه,متوسط,مهاجرت چیست؟,جابه‌جایی برای سکونت,تغییر فصل,حرکت زمین,تغییر ساعت,A,مهاجرت جابه‌جایی افراد از مکانی به مکان دیگر برای سکونت است.,ترنم همدلی,original,1405
چهارم,,مطالعات اجتماعی,مطالعات اجتماعی,بانک پایه,ارزیابی مفهومی,پوشش اولیه,متوسط,اقتصاد خانواده بیشتر با چه چیزی سروکار دارد؟,مدیریت منابع محدود و نیازها,فقط ورزش,فقط هنر,فقط جغرافیا,A,اقتصاد با انتخاب و مدیریت منابع محدود مرتبط است.,ترنم همدلی,original,1405
چهارم,,مطالعات اجتماعی,مطالعات اجتماعی,بانک پایه,ارزیابی مفهومی,پوشش اولیه,متوسط,همکاری اجتماعی چه فایده‌ای دارد؟,حل بهتر مسائل مشترک,افزایش اختلاف,کاهش ارتباط,اتلاف منابع,A,همکاری می‌تواند حل مسائل مشترک را آسان‌تر کند.,ترنم همدلی,original,1405
چهارم,,مطالعات اجتماعی,مطالعات اجتماعی,بانک پایه,ارزیابی مفهومی,پوشش اولیه,متوسط,قانون چه نقشی در جامعه دارد؟,تنظیم روابط و رفتارها,حذف همه مسئولیت‌ها,افزایش بی‌نظمی,تغییر آب‌وهوا,A,قوانین چارچوبی برای روابط اجتماعی ایجاد می‌کنند.,ترنم همدلی,original,1405
پنجم,,آموزش قرآن,آموزش قرآن,بانک پایه,ارزیابی مفهومی,پوشش اولیه,متوسط,صداقت در زندگی اجتماعی چه اثری دارد؟,اعتماد را افزایش می‌دهد,اعتماد را از بین می‌برد,همیشه باعث اختلاف می‌شود,هیچ اثری ندارد,A,صداقت پایه مهم اعتماد است.,ترنم همدلی,original,1405
پنجم,,آموزش قرآن,آموزش قرآن,بانک پایه,ارزیابی مفهومی,پوشش اولیه,متوسط,شکرگزاری بیشتر به چه معناست؟,شناخت نعمت و قدردانی,نادیده گرفتن نعمت‌ها,خودبرتربینی,بی‌تفاوتی,A,شکرگزاری با شناخت نعمت و قدردانی همراه است.,ترنم همدلی,original,1405
پنجم,,آموزش قرآن,آموزش قرآن,بانک پایه,ارزیابی مفهومی,پوشش اولیه,متوسط,نماز در آموزه‌های دینی چه نقشی دارد؟,ارتباط و یاد خدا,فقط فعالیت ورزشی,فقط مطالعه,فقط سرگرمی,A,نماز عبادت و یاد خداست.,ترنم همدلی,original,1405
پنجم,,آموزش قرآن,آموزش قرآن,بانک پایه,ارزیابی مفهومی,پوشش اولیه,متوسط,امانت‌داری یعنی چه؟,حفظ حق و مال سپرده‌شده,تصاحب امانت,نادیده گرفتن مسئولیت,پنهان کردن حقیقت,A,امانت‌داری یعنی رعایت حق صاحب امانت.,ترنم همدلی,original,1405
پنجم,,آموزش قرآن,آموزش قرآن,بانک پایه,ارزیابی مفهومی,پوشش اولیه,متوسط,احترام به والدین نمونه کدام رفتار است؟,نیکوکاری,بی‌تفاوتی,اسراف,غیبت,A,نیکی به والدین از رفتارهای اخلاقی است.,ترنم همدلی,original,1405
پنجم,,آموزش قرآن,آموزش قرآن,بانک پایه,ارزیابی مفهومی,پوشش اولیه,متوسط,صبر در برابر مشکل یعنی چه؟,پایداری همراه با رفتار سنجیده,رها کردن همه تلاش‌ها,خشم دائمی,انکار واقعیت,A,صبر با پایداری و کنترل رفتار همراه است.,ترنم همدلی,original,1405
پنجم,,آموزش قرآن,آموزش قرآن,بانک پایه,ارزیابی مفهومی,پوشش اولیه,متوسط,حق‌الناس به چه مربوط است؟,حقوق دیگران,فقط حقوق شخصی,فقط مسائل طبیعی,فقط درس مدرسه,A,حق‌الناس به حقوق و اموال مردم مربوط است.,ترنم همدلی,original,1405
پنجم,,آموزش قرآن,آموزش قرآن,بانک پایه,ارزیابی مفهومی,پوشش اولیه,متوسط,اسراف یعنی چه؟,مصرف بیش از اندازه و بی‌دلیل,صرفه‌جویی,استفاده درست,کمک به دیگران,A,اسراف مصرف بی‌رویه منابع است.,ترنم همدلی,original,1405
پنجم,,آموزش قرآن,آموزش قرآن,بانک پایه,ارزیابی مفهومی,پوشش اولیه,متوسط,توکل چه مفهومی دارد؟,اعتماد به خدا همراه با انجام وظیفه,رها کردن تلاش,بی‌برنامگی,نادیده گرفتن مسئولیت,A,توکل جایگزین تلاش و مسئولیت نیست.,ترنم همدلی,original,1405
پنجم,,آموزش قرآن,آموزش قرآن,بانک پایه,ارزیابی مفهومی,پوشش اولیه,متوسط,امر به معروف و نهی از منکر با چه چیزی همراه است؟,توجه مسئولانه به رفتار درست و نادرست,اجبار بدون شرایط,بی‌تفاوتی,توهین,A,درک شرایط و روش درست در این فریضه اهمیت دارد.,ترنم همدلی,original,1405
پنجم,,هدیه‌های آسمان,هدیه‌های آسمان,بانک پایه,ارزیابی مفهومی,پوشش اولیه,متوسط,صداقت در زندگی اجتماعی چه اثری دارد؟,اعتماد را افزایش می‌دهد,اعتماد را از بین می‌برد,همیشه باعث اختلاف می‌شود,هیچ اثری ندارد,A,صداقت پایه مهم اعتماد است.,ترنم همدلی,original,1405
پنجم,,هدیه‌های آسمان,هدیه‌های آسمان,بانک پایه,ارزیابی مفهومی,پوشش اولیه,متوسط,شکرگزاری بیشتر به چه معناست؟,شناخت نعمت و قدردانی,نادیده گرفتن نعمت‌ها,خودبرتربینی,بی‌تفاوتی,A,شکرگزاری با شناخت نعمت و قدردانی همراه است.,ترنم همدلی,original,1405
پنجم,,هدیه‌های آسمان,هدیه‌های آسمان,بانک پایه,ارزیابی مفهومی,پوشش اولیه,متوسط,نماز در آموزه‌های دینی چه نقشی دارد؟,ارتباط و یاد خدا,فقط فعالیت ورزشی,فقط مطالعه,فقط سرگرمی,A,نماز عبادت و یاد خداست.,ترنم همدلی,original,1405
پنجم,,هدیه‌های آسمان,هدیه‌های آسمان,بانک پایه,ارزیابی مفهومی,پوشش اولیه,متوسط,امانت‌داری یعنی چه؟,حفظ حق و مال سپرده‌شده,تصاحب امانت,نادیده گرفتن مسئولیت,پنهان کردن حقیقت,A,امانت‌داری یعنی رعایت حق صاحب امانت.,ترنم همدلی,original,1405
پنجم,,هدیه‌های آسمان,هدیه‌های آسمان,بانک پایه,ارزیابی مفهومی,پوشش اولیه,متوسط,احترام به والدین نمونه کدام رفتار است؟,نیکوکاری,بی‌تفاوتی,اسراف,غیبت,A,نیکی به والدین از رفتارهای اخلاقی است.,ترنم همدلی,original,1405
پنجم,,هدیه‌های آسمان,هدیه‌های آسمان,بانک پایه,ارزیابی مفهومی,پوشش اولیه,متوسط,صبر در برابر مشکل یعنی چه؟,پایداری همراه با رفتار سنجیده,رها کردن همه تلاش‌ها,خشم دائمی,انکار واقعیت,A,صبر با پایداری و کنترل رفتار همراه است.,ترنم همدلی,original,1405
پنجم,,هدیه‌های آسمان,هدیه‌های آسمان,بانک پایه,ارزیابی مفهومی,پوشش اولیه,متوسط,حق‌الناس به چه مربوط است؟,حقوق دیگران,فقط حقوق شخصی,فقط مسائل طبیعی,فقط درس مدرسه,A,حق‌الناس به حقوق و اموال مردم مربوط است.,ترنم همدلی,original,1405
پنجم,,هدیه‌های آسمان,هدیه‌های آسمان,بانک پایه,ارزیابی مفهومی,پوشش اولیه,متوسط,اسراف یعنی چه؟,مصرف بیش از اندازه و بی‌دلیل,صرفه‌جویی,استفاده درست,کمک به دیگران,A,اسراف مصرف بی‌رویه منابع است.,ترنم همدلی,original,1405
پنجم,,هدیه‌های آسمان,هدیه‌های آسمان,بانک پایه,ارزیابی مفهومی,پوشش اولیه,متوسط,توکل چه مفهومی دارد؟,اعتماد به خدا همراه با انجام وظیفه,رها کردن تلاش,بی‌برنامگی,نادیده گرفتن مسئولیت,A,توکل جایگزین تلاش و مسئولیت نیست.,ترنم همدلی,original,1405
پنجم,,هدیه‌های آسمان,هدیه‌های آسمان,بانک پایه,ارزیابی مفهومی,پوشش اولیه,متوسط,امر به معروف و نهی از منکر با چه چیزی همراه است؟,توجه مسئولانه به رفتار درست و نادرست,اجبار بدون شرایط,بی‌تفاوتی,توهین,A,درک شرایط و روش درست در این فریضه اهمیت دارد.,ترنم همدلی,original,1405
پنجم,,فارسی,فارسی,بانک پایه,ارزیابی مفهومی,پوشش اولیه,متوسط,مترادف «آغاز» کدام است؟,شروع,پایان,توقف,خواب,A,آغاز و شروع مترادف‌اند.,ترنم همدلی,original,1405
پنجم,,فارسی,فارسی,بانک پایه,ارزیابی مفهومی,پوشش اولیه,متوسط,کدام گزینه مفهوم تضاد دارد؟,شب و روز,کتاب و دفتر,مداد و پاک‌کن,خانه و مدرسه,A,شب و روز دو مفهوم متضادند.,ترنم همدلی,original,1405
پنجم,,فارسی,فارسی,بانک پایه,ارزیابی مفهومی,پوشش اولیه,متوسط,مقدمه مناسب در نوشته چه ویژگی دارد؟,ارتباط با موضوع,بی‌ربطی,تکرار نتیجه,حذف موضوع,A,مقدمه باید خواننده را به موضوع وارد کند.,ترنم همدلی,original,1405
پنجم,,فارسی,فارسی,بانک پایه,ارزیابی مفهومی,پوشش اولیه,متوسط,درک مطلب بیشتر بر چه چیزی تکیه دارد؟,فهم پیام متن,حفظ تک‌تک واژه‌ها,شمردن خطوط,تشخیص تعداد صفحات,A,هدف اصلی درک مطلب فهم پیام و روابط متن است.,ترنم همدلی,original,1405
پنجم,,نگارش فارسی,نگارش فارسی,بانک پایه,ارزیابی مفهومی,پوشش اولیه,متوسط,یک پاراگراف خوب معمولاً چه دارد؟,موضوع مشخص و جمله‌های مرتبط,جمله‌های کاملاً بی‌ربط,فقط یک واژه,بدون موضوع,A,انسجام و موضوع مشخص از ویژگی‌های متن خوب است.,ترنم همدلی,original,1405
پنجم,,نگارش فارسی,نگارش فارسی,بانک پایه,ارزیابی مفهومی,پوشش اولیه,متوسط,مقدمه چه نقشی دارد؟,معرفی و آماده‌سازی موضوع,تکرار کامل نتیجه,حذف موضوع,پایان دادن متن,A,مقدمه خواننده را وارد موضوع می‌کند.,ترنم همدلی,original,1405
پنجم,,نگارش فارسی,نگارش فارسی,بانک پایه,ارزیابی مفهومی,پوشش اولیه,متوسط,نتیجه‌گیری چه می‌کند؟,جمع‌بندی نکات اصلی,شروع موضوع جدید,حذف استدلال,تکرار همه واژه‌ها,A,نتیجه‌گیری جمع‌بندی متن است.,ترنم همدلی,original,1405
پنجم,,نگارش فارسی,نگارش فارسی,بانک پایه,ارزیابی مفهومی,پوشش اولیه,متوسط,عنوان مناسب باید چگونه باشد؟,مرتبط و روشن,کاملاً بی‌ربط,بسیار مبهم,بدون ارتباط با متن,A,عنوان باید با محتوای نوشته ارتباط داشته باشد.,ترنم همدلی,original,1405
پنجم,,نگارش فارسی,نگارش فارسی,بانک پایه,ارزیابی مفهومی,پوشش اولیه,متوسط,انسجام متن یعنی چه؟,ارتباط منطقی جمله‌ها و بخش‌ها,طولانی بودن,زیاد بودن واژه‌ها,استفاده از کلمات سخت,A,انسجام به پیوند منطقی اجزای متن مربوط است.,ترنم همدلی,original,1405
پنجم,,نگارش فارسی,نگارش فارسی,بانک پایه,ارزیابی مفهومی,پوشش اولیه,متوسط,ویرایش چه هدفی دارد؟,بهبود محتوا و زبان نوشته,حذف همه متن,افزایش خطا,تغییر موضوع,A,ویرایش برای اصلاح و بهبود نوشته انجام می‌شود.,ترنم همدلی,original,1405
پنجم,,نگارش فارسی,نگارش فارسی,بانک پایه,ارزیابی مفهومی,پوشش اولیه,متوسط,نشانه‌گذاری چه کمکی می‌کند؟,خوانایی و فهم بهتر,حذف معنا,افزایش ابهام,کاهش واژه‌ها,A,نشانه‌گذاری درست ساختار و مکث متن را روشن می‌کند.,ترنم همدلی,original,1405
پنجم,,نگارش فارسی,نگارش فارسی,بانک پایه,ارزیابی مفهومی,پوشش اولیه,متوسط,کدام ویژگی برای گزارش مناسب‌تر است؟,دقیق و روشن بودن,خیالی و بی‌منبع بودن,کاملاً مبهم بودن,بدون ترتیب بودن,A,گزارش باید روشن و دقیق باشد.,ترنم همدلی,original,1405
پنجم,,نگارش فارسی,نگارش فارسی,بانک پایه,ارزیابی مفهومی,پوشش اولیه,متوسط,بازنویسی یعنی چه؟,نوشتن دوباره با حفظ مفهوم اصلی,حذف کامل مفهوم,ترجمه به زبان دیگر همیشه,افزودن موضوع نامرتبط,A,بازنویسی می‌تواند شکل بیان را تغییر دهد بدون اینکه مفهوم اصلی از بین برود.,ترنم همدلی,original,1405
پنجم,,نگارش فارسی,نگارش فارسی,بانک پایه,ارزیابی مفهومی,پوشش اولیه,متوسط,طرح کلی نوشته چه فایده‌ای دارد؟,سازمان‌دهی ایده‌ها,افزایش خطا,حذف موضوع,توقف نوشتن,A,طرح کلی به نظم دادن ایده‌ها کمک می‌کند.,ترنم همدلی,original,1405
پنجم,,ریاضی,ریاضی,بانک پایه,ارزیابی مفهومی,پوشش اولیه,متوسط,کدام عبارت با توزیع‌پذیری درست است؟,2(3+4)=2×3+2×4,2(3+4)=2+3+4,2(3+4)=2×3+4,2(3+4)=6+4×2,A,ضرب در مجموع برابر مجموع ضرب‌هاست.,ترنم همدلی,original,1405
پنجم,,ریاضی,ریاضی,بانک پایه,ارزیابی مفهومی,پوشش اولیه,متوسط,اگر محیط مربع 20 باشد، طول هر ضلع چند است؟,4,5,10,20,B,محیط مربع چهار برابر ضلع است.,ترنم همدلی,original,1405
پنجم,,ریاضی,ریاضی,بانک پایه,ارزیابی مفهومی,پوشش اولیه,متوسط,کدام کسر با 1/2 برابر است؟,2/3,3/4,4/8,5/8,C,4/8 پس از ساده‌سازی 1/2 می‌شود.,ترنم همدلی,original,1405
پنجم,,ریاضی,ریاضی,بانک پایه,ارزیابی مفهومی,پوشش اولیه,متوسط,عدد 0 چه نوع عددی است؟,فقط طبیعی,فقط منفی,همزمان مثبت و منفی,نه مثبت است و نه منفی,D,صفر نه مثبت است و نه منفی.,ترنم همدلی,original,1405
پنجم,,علوم تجربی,علوم تجربی,بانک پایه,ارزیابی مفهومی,پوشش اولیه,متوسط,کدام حالت ماده شکل و حجم مشخص دارد؟,جامد,مایع,گاز,پلاسما,A,جامد شکل و حجم مشخص دارد.,ترنم همدلی,original,1405
پنجم,,علوم تجربی,علوم تجربی,بانک پایه,ارزیابی مفهومی,پوشش اولیه,متوسط,گیاهان برای فتوسنتز بیشتر به کدام عامل نیاز دارند؟,نور,صدا,نمک,آهن,A,نور یکی از عوامل اصلی فتوسنتز است.,ترنم همدلی,original,1405
پنجم,,علوم تجربی,علوم تجربی,بانک پایه,ارزیابی مفهومی,پوشش اولیه,متوسط,کدام اندام برای پمپاژ خون نقش اصلی دارد؟,ریه,قلب,معده,کبد,B,قلب خون را در بدن پمپ می‌کند.,ترنم همدلی,original,1405
پنجم,,علوم تجربی,علوم تجربی,بانک پایه,ارزیابی مفهومی,پوشش اولیه,متوسط,نیرو می‌تواند چه اثری داشته باشد؟,تغییر حرکت,فقط تغییر رنگ,فقط تغییر دما,هیچ اثری ندارد,A,نیرو می‌تواند سرعت یا جهت حرکت را تغییر دهد.,ترنم همدلی,original,1405
پنجم,,علوم تجربی,علوم تجربی,بانک پایه,ارزیابی مفهومی,پوشش اولیه,متوسط,آب در فشار معمولی در چند درجه سلسیوس یخ می‌زند؟,0,10,50,100,A,نقطه انجماد آب در فشار معمولی 0 درجه است.,ترنم همدلی,original,1405
پنجم,,علوم تجربی,علوم تجربی,بانک پایه,ارزیابی مفهومی,پوشش اولیه,متوسط,کدام مورد منبع انرژی تجدیدپذیر است؟,زغال‌سنگ,نفت,خورشید,گاز طبیعی,C,انرژی خورشیدی تجدیدپذیر است.,ترنم همدلی,original,1405
پنجم,,علوم تجربی,علوم تجربی,بانک پایه,ارزیابی مفهومی,پوشش اولیه,متوسط,کدام بخش گیاه بیشتر آب و مواد معدنی را جذب می‌کند؟,ریشه,گل,میوه,دانه,A,ریشه محل اصلی جذب آب و مواد معدنی است.,ترنم همدلی,original,1405
پنجم,,علوم تجربی,علوم تجربی,بانک پایه,ارزیابی مفهومی,پوشش اولیه,متوسط,کدام وسیله برای اندازه‌گیری دماست؟,ترازو,دماسنج,ولت‌متر,قطب‌نما,B,دماسنج دما را اندازه‌گیری می‌کند.,ترنم همدلی,original,1405
پنجم,,علوم تجربی,علوم تجربی,بانک پایه,ارزیابی مفهومی,پوشش اولیه,متوسط,کدام مورد یک تغییر شیمیایی است؟,ذوب یخ,پاره شدن کاغذ,سوختن چوب,خرد کردن سنگ,C,سوختن ماده جدید ایجاد می‌کند.,ترنم همدلی,original,1405
پنجم,,علوم تجربی,علوم تجربی,بانک پایه,ارزیابی مفهومی,پوشش اولیه,متوسط,وظیفه اصلی ریه چیست؟,تبادل گازها,هضم غذا,پمپاژ خون,تولید استخوان,A,ریه محل تبادل اکسیژن و دی‌اکسیدکربن است.,ترنم همدلی,original,1405
پنجم,,مطالعات اجتماعی,مطالعات اجتماعی,بانک پایه,ارزیابی مفهومی,پوشش اولیه,متوسط,مهاجرت چیست؟,جابه‌جایی برای سکونت,تغییر فصل,حرکت زمین,تغییر ساعت,A,مهاجرت جابه‌جایی افراد از مکانی به مکان دیگر برای سکونت است.,ترنم همدلی,original,1405
پنجم,,مطالعات اجتماعی,مطالعات اجتماعی,بانک پایه,ارزیابی مفهومی,پوشش اولیه,متوسط,اقتصاد خانواده بیشتر با چه چیزی سروکار دارد؟,مدیریت منابع محدود و نیازها,فقط ورزش,فقط هنر,فقط جغرافیا,A,اقتصاد با انتخاب و مدیریت منابع محدود مرتبط است.,ترنم همدلی,original,1405
پنجم,,مطالعات اجتماعی,مطالعات اجتماعی,بانک پایه,ارزیابی مفهومی,پوشش اولیه,متوسط,همکاری اجتماعی چه فایده‌ای دارد؟,حل بهتر مسائل مشترک,افزایش اختلاف,کاهش ارتباط,اتلاف منابع,A,همکاری می‌تواند حل مسائل مشترک را آسان‌تر کند.,ترنم همدلی,original,1405
پنجم,,مطالعات اجتماعی,مطالعات اجتماعی,بانک پایه,ارزیابی مفهومی,پوشش اولیه,متوسط,قانون چه نقشی در جامعه دارد؟,تنظیم روابط و رفتارها,حذف همه مسئولیت‌ها,افزایش بی‌نظمی,تغییر آب‌وهوا,A,قوانین چارچوبی برای روابط اجتماعی ایجاد می‌کنند.,ترنم همدلی,original,1405
ششم,,آموزش قرآن,آموزش قرآن,بانک پایه,ارزیابی مفهومی,پوشش اولیه,متوسط,صداقت در زندگی اجتماعی چه اثری دارد؟,اعتماد را افزایش می‌دهد,اعتماد را از بین می‌برد,همیشه باعث اختلاف می‌شود,هیچ اثری ندارد,A,صداقت پایه مهم اعتماد است.,ترنم همدلی,original,1405
ششم,,آموزش قرآن,آموزش قرآن,بانک پایه,ارزیابی مفهومی,پوشش اولیه,متوسط,شکرگزاری بیشتر به چه معناست؟,شناخت نعمت و قدردانی,نادیده گرفتن نعمت‌ها,خودبرتربینی,بی‌تفاوتی,A,شکرگزاری با شناخت نعمت و قدردانی همراه است.,ترنم همدلی,original,1405
ششم,,آموزش قرآن,آموزش قرآن,بانک پایه,ارزیابی مفهومی,پوشش اولیه,متوسط,نماز در آموزه‌های دینی چه نقشی دارد؟,ارتباط و یاد خدا,فقط فعالیت ورزشی,فقط مطالعه,فقط سرگرمی,A,نماز عبادت و یاد خداست.,ترنم همدلی,original,1405
ششم,,آموزش قرآن,آموزش قرآن,بانک پایه,ارزیابی مفهومی,پوشش اولیه,متوسط,امانت‌داری یعنی چه؟,حفظ حق و مال سپرده‌شده,تصاحب امانت,نادیده گرفتن مسئولیت,پنهان کردن حقیقت,A,امانت‌داری یعنی رعایت حق صاحب امانت.,ترنم همدلی,original,1405
ششم,,آموزش قرآن,آموزش قرآن,بانک پایه,ارزیابی مفهومی,پوشش اولیه,متوسط,احترام به والدین نمونه کدام رفتار است؟,نیکوکاری,بی‌تفاوتی,اسراف,غیبت,A,نیکی به والدین از رفتارهای اخلاقی است.,ترنم همدلی,original,1405
ششم,,آموزش قرآن,آموزش قرآن,بانک پایه,ارزیابی مفهومی,پوشش اولیه,متوسط,صبر در برابر مشکل یعنی چه؟,پایداری همراه با رفتار سنجیده,رها کردن همه تلاش‌ها,خشم دائمی,انکار واقعیت,A,صبر با پایداری و کنترل رفتار همراه است.,ترنم همدلی,original,1405
ششم,,آموزش قرآن,آموزش قرآن,بانک پایه,ارزیابی مفهومی,پوشش اولیه,متوسط,حق‌الناس به چه مربوط است؟,حقوق دیگران,فقط حقوق شخصی,فقط مسائل طبیعی,فقط درس مدرسه,A,حق‌الناس به حقوق و اموال مردم مربوط است.,ترنم همدلی,original,1405
ششم,,آموزش قرآن,آموزش قرآن,بانک پایه,ارزیابی مفهومی,پوشش اولیه,متوسط,اسراف یعنی چه؟,مصرف بیش از اندازه و بی‌دلیل,صرفه‌جویی,استفاده درست,کمک به دیگران,A,اسراف مصرف بی‌رویه منابع است.,ترنم همدلی,original,1405
ششم,,آموزش قرآن,آموزش قرآن,بانک پایه,ارزیابی مفهومی,پوشش اولیه,متوسط,توکل چه مفهومی دارد؟,اعتماد به خدا همراه با انجام وظیفه,رها کردن تلاش,بی‌برنامگی,نادیده گرفتن مسئولیت,A,توکل جایگزین تلاش و مسئولیت نیست.,ترنم همدلی,original,1405
ششم,,آموزش قرآن,آموزش قرآن,بانک پایه,ارزیابی مفهومی,پوشش اولیه,متوسط,امر به معروف و نهی از منکر با چه چیزی همراه است؟,توجه مسئولانه به رفتار درست و نادرست,اجبار بدون شرایط,بی‌تفاوتی,توهین,A,درک شرایط و روش درست در این فریضه اهمیت دارد.,ترنم همدلی,original,1405
ششم,,هدیه‌های آسمان,هدیه‌های آسمان,بانک پایه,ارزیابی مفهومی,پوشش اولیه,متوسط,صداقت در زندگی اجتماعی چه اثری دارد؟,اعتماد را افزایش می‌دهد,اعتماد را از بین می‌برد,همیشه باعث اختلاف می‌شود,هیچ اثری ندارد,A,صداقت پایه مهم اعتماد است.,ترنم همدلی,original,1405
ششم,,هدیه‌های آسمان,هدیه‌های آسمان,بانک پایه,ارزیابی مفهومی,پوشش اولیه,متوسط,شکرگزاری بیشتر به چه معناست؟,شناخت نعمت و قدردانی,نادیده گرفتن نعمت‌ها,خودبرتربینی,بی‌تفاوتی,A,شکرگزاری با شناخت نعمت و قدردانی همراه است.,ترنم همدلی,original,1405
ششم,,هدیه‌های آسمان,هدیه‌های آسمان,بانک پایه,ارزیابی مفهومی,پوشش اولیه,متوسط,نماز در آموزه‌های دینی چه نقشی دارد؟,ارتباط و یاد خدا,فقط فعالیت ورزشی,فقط مطالعه,فقط سرگرمی,A,نماز عبادت و یاد خداست.,ترنم همدلی,original,1405
ششم,,هدیه‌های آسمان,هدیه‌های آسمان,بانک پایه,ارزیابی مفهومی,پوشش اولیه,متوسط,امانت‌داری یعنی چه؟,حفظ حق و مال سپرده‌شده,تصاحب امانت,نادیده گرفتن مسئولیت,پنهان کردن حقیقت,A,امانت‌داری یعنی رعایت حق صاحب امانت.,ترنم همدلی,original,1405
ششم,,هدیه‌های آسمان,هدیه‌های آسمان,بانک پایه,ارزیابی مفهومی,پوشش اولیه,متوسط,احترام به والدین نمونه کدام رفتار است؟,نیکوکاری,بی‌تفاوتی,اسراف,غیبت,A,نیکی به والدین از رفتارهای اخلاقی است.,ترنم همدلی,original,1405
ششم,,هدیه‌های آسمان,هدیه‌های آسمان,بانک پایه,ارزیابی مفهومی,پوشش اولیه,متوسط,صبر در برابر مشکل یعنی چه؟,پایداری همراه با رفتار سنجیده,رها کردن همه تلاش‌ها,خشم دائمی,انکار واقعیت,A,صبر با پایداری و کنترل رفتار همراه است.,ترنم همدلی,original,1405
ششم,,هدیه‌های آسمان,هدیه‌های آسمان,بانک پایه,ارزیابی مفهومی,پوشش اولیه,متوسط,حق‌الناس به چه مربوط است؟,حقوق دیگران,فقط حقوق شخصی,فقط مسائل طبیعی,فقط درس مدرسه,A,حق‌الناس به حقوق و اموال مردم مربوط است.,ترنم همدلی,original,1405
ششم,,هدیه‌های آسمان,هدیه‌های آسمان,بانک پایه,ارزیابی مفهومی,پوشش اولیه,متوسط,اسراف یعنی چه؟,مصرف بیش از اندازه و بی‌دلیل,صرفه‌جویی,استفاده درست,کمک به دیگران,A,اسراف مصرف بی‌رویه منابع است.,ترنم همدلی,original,1405
ششم,,هدیه‌های آسمان,هدیه‌های آسمان,بانک پایه,ارزیابی مفهومی,پوشش اولیه,متوسط,توکل چه مفهومی دارد؟,اعتماد به خدا همراه با انجام وظیفه,رها کردن تلاش,بی‌برنامگی,نادیده گرفتن مسئولیت,A,توکل جایگزین تلاش و مسئولیت نیست.,ترنم همدلی,original,1405
ششم,,هدیه‌های آسمان,هدیه‌های آسمان,بانک پایه,ارزیابی مفهومی,پوشش اولیه,متوسط,امر به معروف و نهی از منکر با چه چیزی همراه است؟,توجه مسئولانه به رفتار درست و نادرست,اجبار بدون شرایط,بی‌تفاوتی,توهین,A,درک شرایط و روش درست در این فریضه اهمیت دارد.,ترنم همدلی,original,1405
ششم,,فارسی,فارسی,بانک پایه,ارزیابی مفهومی,پوشش اولیه,متوسط,مترادف «آغاز» کدام است؟,شروع,پایان,توقف,خواب,A,آغاز و شروع مترادف‌اند.,ترنم همدلی,original,1405
ششم,,فارسی,فارسی,بانک پایه,ارزیابی مفهومی,پوشش اولیه,متوسط,کدام گزینه مفهوم تضاد دارد؟,شب و روز,کتاب و دفتر,مداد و پاک‌کن,خانه و مدرسه,A,شب و روز دو مفهوم متضادند.,ترنم همدلی,original,1405
ششم,,فارسی,فارسی,بانک پایه,ارزیابی مفهومی,پوشش اولیه,متوسط,مقدمه مناسب در نوشته چه ویژگی دارد؟,ارتباط با موضوع,بی‌ربطی,تکرار نتیجه,حذف موضوع,A,مقدمه باید خواننده را به موضوع وارد کند.,ترنم همدلی,original,1405
ششم,,فارسی,فارسی,بانک پایه,ارزیابی مفهومی,پوشش اولیه,متوسط,درک مطلب بیشتر بر چه چیزی تکیه دارد؟,فهم پیام متن,حفظ تک‌تک واژه‌ها,شمردن خطوط,تشخیص تعداد صفحات,A,هدف اصلی درک مطلب فهم پیام و روابط متن است.,ترنم همدلی,original,1405
ششم,,نگارش فارسی,نگارش فارسی,بانک پایه,ارزیابی مفهومی,پوشش اولیه,متوسط,یک پاراگراف خوب معمولاً چه دارد؟,موضوع مشخص و جمله‌های مرتبط,جمله‌های کاملاً بی‌ربط,فقط یک واژه,بدون موضوع,A,انسجام و موضوع مشخص از ویژگی‌های متن خوب است.,ترنم همدلی,original,1405
ششم,,نگارش فارسی,نگارش فارسی,بانک پایه,ارزیابی مفهومی,پوشش اولیه,متوسط,مقدمه چه نقشی دارد؟,معرفی و آماده‌سازی موضوع,تکرار کامل نتیجه,حذف موضوع,پایان دادن متن,A,مقدمه خواننده را وارد موضوع می‌کند.,ترنم همدلی,original,1405
ششم,,نگارش فارسی,نگارش فارسی,بانک پایه,ارزیابی مفهومی,پوشش اولیه,متوسط,نتیجه‌گیری چه می‌کند؟,جمع‌بندی نکات اصلی,شروع موضوع جدید,حذف استدلال,تکرار همه واژه‌ها,A,نتیجه‌گیری جمع‌بندی متن است.,ترنم همدلی,original,1405
ششم,,نگارش فارسی,نگارش فارسی,بانک پایه,ارزیابی مفهومی,پوشش اولیه,متوسط,عنوان مناسب باید چگونه باشد؟,مرتبط و روشن,کاملاً بی‌ربط,بسیار مبهم,بدون ارتباط با متن,A,عنوان باید با محتوای نوشته ارتباط داشته باشد.,ترنم همدلی,original,1405
ششم,,نگارش فارسی,نگارش فارسی,بانک پایه,ارزیابی مفهومی,پوشش اولیه,متوسط,انسجام متن یعنی چه؟,ارتباط منطقی جمله‌ها و بخش‌ها,طولانی بودن,زیاد بودن واژه‌ها,استفاده از کلمات سخت,A,انسجام به پیوند منطقی اجزای متن مربوط است.,ترنم همدلی,original,1405
ششم,,نگارش فارسی,نگارش فارسی,بانک پایه,ارزیابی مفهومی,پوشش اولیه,متوسط,ویرایش چه هدفی دارد؟,بهبود محتوا و زبان نوشته,حذف همه متن,افزایش خطا,تغییر موضوع,A,ویرایش برای اصلاح و بهبود نوشته انجام می‌شود.,ترنم همدلی,original,1405
ششم,,نگارش فارسی,نگارش فارسی,بانک پایه,ارزیابی مفهومی,پوشش اولیه,متوسط,نشانه‌گذاری چه کمکی می‌کند؟,خوانایی و فهم بهتر,حذف معنا,افزایش ابهام,کاهش واژه‌ها,A,نشانه‌گذاری درست ساختار و مکث متن را روشن می‌کند.,ترنم همدلی,original,1405
ششم,,نگارش فارسی,نگارش فارسی,بانک پایه,ارزیابی مفهومی,پوشش اولیه,متوسط,کدام ویژگی برای گزارش مناسب‌تر است؟,دقیق و روشن بودن,خیالی و بی‌منبع بودن,کاملاً مبهم بودن,بدون ترتیب بودن,A,گزارش باید روشن و دقیق باشد.,ترنم همدلی,original,1405
ششم,,نگارش فارسی,نگارش فارسی,بانک پایه,ارزیابی مفهومی,پوشش اولیه,متوسط,بازنویسی یعنی چه؟,نوشتن دوباره با حفظ مفهوم اصلی,حذف کامل مفهوم,ترجمه به زبان دیگر همیشه,افزودن موضوع نامرتبط,A,بازنویسی می‌تواند شکل بیان را تغییر دهد بدون اینکه مفهوم اصلی از بین برود.,ترنم همدلی,original,1405
ششم,,نگارش فارسی,نگارش فارسی,بانک پایه,ارزیابی مفهومی,پوشش اولیه,متوسط,طرح کلی نوشته چه فایده‌ای دارد؟,سازمان‌دهی ایده‌ها,افزایش خطا,حذف موضوع,توقف نوشتن,A,طرح کلی به نظم دادن ایده‌ها کمک می‌کند.,ترنم همدلی,original,1405
ششم,,ریاضی,ریاضی,بانک پایه,ارزیابی مفهومی,پوشش اولیه,متوسط,کدام عبارت با توزیع‌پذیری درست است؟,2(3+4)=2×3+2×4,2(3+4)=2+3+4,2(3+4)=2×3+4,2(3+4)=6+4×2,A,ضرب در مجموع برابر مجموع ضرب‌هاست.,ترنم همدلی,original,1405
ششم,,ریاضی,ریاضی,بانک پایه,ارزیابی مفهومی,پوشش اولیه,متوسط,اگر محیط مربع 20 باشد، طول هر ضلع چند است؟,4,5,10,20,B,محیط مربع چهار برابر ضلع است.,ترنم همدلی,original,1405
ششم,,ریاضی,ریاضی,بانک پایه,ارزیابی مفهومی,پوشش اولیه,متوسط,کدام کسر با 1/2 برابر است؟,2/3,3/4,4/8,5/8,C,4/8 پس از ساده‌سازی 1/2 می‌شود.,ترنم همدلی,original,1405
ششم,,ریاضی,ریاضی,بانک پایه,ارزیابی مفهومی,پوشش اولیه,متوسط,عدد 0 چه نوع عددی است؟,فقط طبیعی,فقط منفی,همزمان مثبت و منفی,نه مثبت است و نه منفی,D,صفر نه مثبت است و نه منفی.,ترنم همدلی,original,1405
ششم,,علوم تجربی,علوم تجربی,بانک پایه,ارزیابی مفهومی,پوشش اولیه,متوسط,کدام حالت ماده شکل و حجم مشخص دارد؟,جامد,مایع,گاز,پلاسما,A,جامد شکل و حجم مشخص دارد.,ترنم همدلی,original,1405
ششم,,علوم تجربی,علوم تجربی,بانک پایه,ارزیابی مفهومی,پوشش اولیه,متوسط,گیاهان برای فتوسنتز بیشتر به کدام عامل نیاز دارند؟,نور,صدا,نمک,آهن,A,نور یکی از عوامل اصلی فتوسنتز است.,ترنم همدلی,original,1405
ششم,,علوم تجربی,علوم تجربی,بانک پایه,ارزیابی مفهومی,پوشش اولیه,متوسط,کدام اندام برای پمپاژ خون نقش اصلی دارد؟,ریه,قلب,معده,کبد,B,قلب خون را در بدن پمپ می‌کند.,ترنم همدلی,original,1405
ششم,,علوم تجربی,علوم تجربی,بانک پایه,ارزیابی مفهومی,پوشش اولیه,متوسط,نیرو می‌تواند چه اثری داشته باشد؟,تغییر حرکت,فقط تغییر رنگ,فقط تغییر دما,هیچ اثری ندارد,A,نیرو می‌تواند سرعت یا جهت حرکت را تغییر دهد.,ترنم همدلی,original,1405
ششم,,علوم تجربی,علوم تجربی,بانک پایه,ارزیابی مفهومی,پوشش اولیه,متوسط,آب در فشار معمولی در چند درجه سلسیوس یخ می‌زند؟,0,10,50,100,A,نقطه انجماد آب در فشار معمولی 0 درجه است.,ترنم همدلی,original,1405
ششم,,علوم تجربی,علوم تجربی,بانک پایه,ارزیابی مفهومی,پوشش اولیه,متوسط,کدام مورد منبع انرژی تجدیدپذیر است؟,زغال‌سنگ,نفت,خورشید,گاز طبیعی,C,انرژی خورشیدی تجدیدپذیر است.,ترنم همدلی,original,1405
ششم,,علوم تجربی,علوم تجربی,بانک پایه,ارزیابی مفهومی,پوشش اولیه,متوسط,کدام بخش گیاه بیشتر آب و مواد معدنی را جذب می‌کند؟,ریشه,گل,میوه,دانه,A,ریشه محل اصلی جذب آب و مواد معدنی است.,ترنم همدلی,original,1405
ششم,,علوم تجربی,علوم تجربی,بانک پایه,ارزیابی مفهومی,پوشش اولیه,متوسط,کدام وسیله برای اندازه‌گیری دماست؟,ترازو,دماسنج,ولت‌متر,قطب‌نما,B,دماسنج دما را اندازه‌گیری می‌کند.,ترنم همدلی,original,1405
ششم,,علوم تجربی,علوم تجربی,بانک پایه,ارزیابی مفهومی,پوشش اولیه,متوسط,کدام مورد یک تغییر شیمیایی است؟,ذوب یخ,پاره شدن کاغذ,سوختن چوب,خرد کردن سنگ,C,سوختن ماده جدید ایجاد می‌کند.,ترنم همدلی,original,1405
ششم,,علوم تجربی,علوم تجربی,بانک پایه,ارزیابی مفهومی,پوشش اولیه,متوسط,وظیفه اصلی ریه چیست؟,تبادل گازها,هضم غذا,پمپاژ خون,تولید استخوان,A,ریه محل تبادل اکسیژن و دی‌اکسیدکربن است.,ترنم همدلی,original,1405
ششم,,مطالعات اجتماعی,مطالعات اجتماعی,بانک پایه,ارزیابی مفهومی,پوشش اولیه,متوسط,مهاجرت چیست؟,جابه‌جایی برای سکونت,تغییر فصل,حرکت زمین,تغییر ساعت,A,مهاجرت جابه‌جایی افراد از مکانی به مکان دیگر برای سکونت است.,ترنم همدلی,original,1405
ششم,,مطالعات اجتماعی,مطالعات اجتماعی,بانک پایه,ارزیابی مفهومی,پوشش اولیه,متوسط,اقتصاد خانواده بیشتر با چه چیزی سروکار دارد؟,مدیریت منابع محدود و نیازها,فقط ورزش,فقط هنر,فقط جغرافیا,A,اقتصاد با انتخاب و مدیریت منابع محدود مرتبط است.,ترنم همدلی,original,1405
ششم,,مطالعات اجتماعی,مطالعات اجتماعی,بانک پایه,ارزیابی مفهومی,پوشش اولیه,متوسط,همکاری اجتماعی چه فایده‌ای دارد؟,حل بهتر مسائل مشترک,افزایش اختلاف,کاهش ارتباط,اتلاف منابع,A,همکاری می‌تواند حل مسائل مشترک را آسان‌تر کند.,ترنم همدلی,original,1405
ششم,,مطالعات اجتماعی,مطالعات اجتماعی,بانک پایه,ارزیابی مفهومی,پوشش اولیه,متوسط,قانون چه نقشی در جامعه دارد؟,تنظیم روابط و رفتارها,حذف همه مسئولیت‌ها,افزایش بی‌نظمی,تغییر آب‌وهوا,A,قوانین چارچوبی برای روابط اجتماعی ایجاد می‌کنند.,ترنم همدلی,original,1405
ششم,,کار و فناوری,کار و فناوری,بانک پایه,ارزیابی مفهومی,پوشش اولیه,متوسط,الگوریتم چیست؟,مجموعه گام‌های مشخص برای حل مسئله,یک تصویر,یک فایل صوتی,یک دستگاه,A,الگوریتم ترتیب مشخص مراحل حل مسئله است.,ترنم همدلی,original,1405
ششم,,کار و فناوری,کار و فناوری,بانک پایه,ارزیابی مفهومی,پوشش اولیه,متوسط,رمز عبور قوی بهتر است چه ویژگی داشته باشد؟,ترکیبی و غیرقابل حدس,فقط نام فرد,123456,تاریخ تولد,A,رمز عبور قوی باید دشوار و غیرقابل حدس باشد.,ترنم همدلی,original,1405
ششم,,کار و فناوری,کار و فناوری,بانک پایه,ارزیابی مفهومی,پوشش اولیه,متوسط,پشتیبان‌گیری چه فایده‌ای دارد؟,کاهش خطر از دست رفتن داده,افزایش ویروس,حذف فایل‌ها,کاهش امنیت,A,نسخه پشتیبان برای بازیابی داده‌ها مفید است.,ترنم همدلی,original,1405
ششم,,کار و فناوری,کار و فناوری,بانک پایه,ارزیابی مفهومی,پوشش اولیه,متوسط,مرورگر برای چه کاری است؟,دسترسی به صفحات وب,ویرایش سخت‌افزار,اندازه‌گیری دما,چاپ سه‌بعدی فقط,A,مرورگر نرم‌افزار دسترسی به وب است.,ترنم همدلی,original,1405
ششم,,کار و فناوری,کار و فناوری,بانک پایه,ارزیابی مفهومی,پوشش اولیه,متوسط,کدام مورد نمونه‌ای از ورودی رایانه است؟,صفحه‌کلید,بلندگو,چاپگر,مانیتور,A,صفحه‌کلید داده را وارد رایانه می‌کند.,ترنم همدلی,original,1405
ششم,,کار و فناوری,کار و فناوری,بانک پایه,ارزیابی مفهومی,پوشش اولیه,متوسط,کدنویسی یعنی چه؟,نوشتن دستور برای رایانه,طراحی صندلی,اندازه‌گیری وزن,رسم نقشه جغرافیا,A,کدنویسی بیان دستورهای قابل اجرا برای رایانه است.,ترنم همدلی,original,1405
ششم,,کار و فناوری,کار و فناوری,بانک پایه,ارزیابی مفهومی,پوشش اولیه,متوسط,ایمنی کارگاهی شامل چیست؟,رعایت دستورالعمل و تجهیزات ایمنی,کار بدون توجه,حذف ابزار ایمنی,عجله,A,ایمنی با رعایت دستورالعمل و تجهیزات مناسب افزایش می‌یابد.,ترنم همدلی,original,1405
ششم,,کار و فناوری,کار و فناوری,بانک پایه,ارزیابی مفهومی,پوشش اولیه,متوسط,فایل فشرده چه مزیتی دارد؟,کاهش حجم یا یکپارچه‌سازی فایل‌ها,افزایش اندازه همیشه,حذف محتوا,قطع اینترنت,A,فشرده‌سازی می‌تواند حجم ذخیره‌سازی یا انتقال را کاهش دهد.,ترنم همدلی,original,1405
ششم,,کار و فناوری,کار و فناوری,بانک پایه,ارزیابی مفهومی,پوشش اولیه,متوسط,فیشینگ چیست؟,تلاش فریبکارانه برای گرفتن اطلاعات,پشتیبان‌گیری,آموزش برنامه‌نویسی,ویرایش عکس,A,فیشینگ نوعی فریب برای دستیابی به اطلاعات است.,ترنم همدلی,original,1405
ششم,,کار و فناوری,کار و فناوری,بانک پایه,ارزیابی مفهومی,پوشش اولیه,متوسط,شبکه رایانه‌ای چیست؟,اتصال دستگاه‌ها برای تبادل داده,یک برنامه نقاشی,یک فایل,یک حسگر دما,A,شبکه امکان ارتباط و تبادل داده بین دستگاه‌ها را فراهم می‌کند.,ترنم همدلی,original,1405
ششم,,تفکر و پژوهش,تفکر و پژوهش,بانک پایه,ارزیابی مفهومی,پوشش اولیه,متوسط,فرضیه چیست؟,پاسخ پیشنهادی قابل بررسی,نتیجه قطعی بدون بررسی,یک شایعه,یک عدد,A,فرضیه باید امکان بررسی داشته باشد.,ترنم همدلی,original,1405
ششم,,تفکر و پژوهش,تفکر و پژوهش,بانک پایه,ارزیابی مفهومی,پوشش اولیه,متوسط,شاهد معتبر چه کمکی می‌کند؟,پشتیبانی از یک ادعا,حذف پرسش,افزایش حدس,جایگزینی واقعیت,A,شواهد برای ارزیابی ادعا اهمیت دارند.,ترنم همدلی,original,1405
ششم,,تفکر و پژوهش,تفکر و پژوهش,بانک پایه,ارزیابی مفهومی,پوشش اولیه,متوسط,تفکر نقاد یعنی چه؟,بررسی سنجیده ادعاها و شواهد,پذیرش همه چیز,رد همه چیز,حفظ کردن بدون فهم,A,تفکر نقاد بر ارزیابی دلیل و شواهد تکیه دارد.,ترنم همدلی,original,1405
ششم,,تفکر و پژوهش,تفکر و پژوهش,بانک پایه,ارزیابی مفهومی,پوشش اولیه,متوسط,حل مسئله از کجا بهتر شروع می‌شود؟,تعریف دقیق مسئله,حدس نتیجه,نادیده گرفتن مشکل,انتخاب تصادفی,A,تعریف دقیق مسئله مسیر حل را روشن می‌کند.,ترنم همدلی,original,1405
ششم,,تفکر و پژوهش,تفکر و پژوهش,بانک پایه,ارزیابی مفهومی,پوشش اولیه,متوسط,تصمیم‌گیری خوب به چه نیاز دارد؟,بررسی گزینه‌ها و پیامدها,عجله همیشگی,نادیده گرفتن اطلاعات,پیروی کورکورانه,A,مقایسه گزینه‌ها و پیامدها به تصمیم بهتر کمک می‌کند.,ترنم همدلی,original,1405
ششم,,تفکر و پژوهش,تفکر و پژوهش,بانک پایه,ارزیابی مفهومی,پوشش اولیه,متوسط,سواد رسانه‌ای چه می‌کند؟,پیام رسانه را تحلیل می‌کند,همه خبرها را درست فرض می‌کند,منبع را حذف می‌کند,فقط عنوان را می‌خواند,A,سواد رسانه‌ای توان تحلیل پیام و منبع را تقویت می‌کند.,ترنم همدلی,original,1405
ششم,,تفکر و پژوهش,تفکر و پژوهش,بانک پایه,ارزیابی مفهومی,پوشش اولیه,متوسط,کدام مورد یک منبع اولیه است؟,گزارش مستقیم یک رویداد توسط شاهد,متن بازنویسی‌شده بدون منبع,شایعه,نظر ناشناس,A,منبع اولیه مستقیماً به رویداد یا داده نزدیک است.,ترنم همدلی,original,1405
ششم,,تفکر و پژوهش,تفکر و پژوهش,بانک پایه,ارزیابی مفهومی,پوشش اولیه,متوسط,همدلی در ارتباط یعنی چه؟,درک احساس و دیدگاه دیگری,موافقت با همه چیز,قطع گفت‌وگو,قضاوت فوری,A,همدلی به درک تجربه دیگری مربوط است.,ترنم همدلی,original,1405
ششم,,تفکر و پژوهش,تفکر و پژوهش,بانک پایه,ارزیابی مفهومی,پوشش اولیه,متوسط,هدف‌گذاری مؤثر بهتر است چگونه باشد؟,مشخص و قابل اندازه‌گیری,کاملاً مبهم,بدون زمان‌بندی,غیرقابل سنجش,A,هدف مشخص و قابل اندازه‌گیری پیگیری را آسان می‌کند.,ترنم همدلی,original,1405
ششم,,تفکر و پژوهش,تفکر و پژوهش,بانک پایه,ارزیابی مفهومی,پوشش اولیه,متوسط,بازخورد سازنده چه ویژگی دارد؟,مشخص و قابل استفاده برای بهبود,تحقیرآمیز,مبهم,صرفاً منفی,A,بازخورد سازنده به رفتار و مسیر بهبود اشاره می‌کند.,ترنم همدلی,original,1405
هفتم,,آموزش قرآن,آموزش قرآن,بانک پایه,ارزیابی مفهومی,پوشش اولیه,متوسط,صداقت در زندگی اجتماعی چه اثری دارد؟,اعتماد را افزایش می‌دهد,اعتماد را از بین می‌برد,همیشه باعث اختلاف می‌شود,هیچ اثری ندارد,A,صداقت پایه مهم اعتماد است.,ترنم همدلی,original,1405
هفتم,,آموزش قرآن,آموزش قرآن,بانک پایه,ارزیابی مفهومی,پوشش اولیه,متوسط,شکرگزاری بیشتر به چه معناست؟,شناخت نعمت و قدردانی,نادیده گرفتن نعمت‌ها,خودبرتربینی,بی‌تفاوتی,A,شکرگزاری با شناخت نعمت و قدردانی همراه است.,ترنم همدلی,original,1405
هفتم,,آموزش قرآن,آموزش قرآن,بانک پایه,ارزیابی مفهومی,پوشش اولیه,متوسط,نماز در آموزه‌های دینی چه نقشی دارد؟,ارتباط و یاد خدا,فقط فعالیت ورزشی,فقط مطالعه,فقط سرگرمی,A,نماز عبادت و یاد خداست.,ترنم همدلی,original,1405
هفتم,,آموزش قرآن,آموزش قرآن,بانک پایه,ارزیابی مفهومی,پوشش اولیه,متوسط,امانت‌داری یعنی چه؟,حفظ حق و مال سپرده‌شده,تصاحب امانت,نادیده گرفتن مسئولیت,پنهان کردن حقیقت,A,امانت‌داری یعنی رعایت حق صاحب امانت.,ترنم همدلی,original,1405
هفتم,,آموزش قرآن,آموزش قرآن,بانک پایه,ارزیابی مفهومی,پوشش اولیه,متوسط,احترام به والدین نمونه کدام رفتار است؟,نیکوکاری,بی‌تفاوتی,اسراف,غیبت,A,نیکی به والدین از رفتارهای اخلاقی است.,ترنم همدلی,original,1405
هفتم,,آموزش قرآن,آموزش قرآن,بانک پایه,ارزیابی مفهومی,پوشش اولیه,متوسط,صبر در برابر مشکل یعنی چه؟,پایداری همراه با رفتار سنجیده,رها کردن همه تلاش‌ها,خشم دائمی,انکار واقعیت,A,صبر با پایداری و کنترل رفتار همراه است.,ترنم همدلی,original,1405
هفتم,,آموزش قرآن,آموزش قرآن,بانک پایه,ارزیابی مفهومی,پوشش اولیه,متوسط,حق‌الناس به چه مربوط است؟,حقوق دیگران,فقط حقوق شخصی,فقط مسائل طبیعی,فقط درس مدرسه,A,حق‌الناس به حقوق و اموال مردم مربوط است.,ترنم همدلی,original,1405
هفتم,,آموزش قرآن,آموزش قرآن,بانک پایه,ارزیابی مفهومی,پوشش اولیه,متوسط,اسراف یعنی چه؟,مصرف بیش از اندازه و بی‌دلیل,صرفه‌جویی,استفاده درست,کمک به دیگران,A,اسراف مصرف بی‌رویه منابع است.,ترنم همدلی,original,1405
هفتم,,آموزش قرآن,آموزش قرآن,بانک پایه,ارزیابی مفهومی,پوشش اولیه,متوسط,توکل چه مفهومی دارد؟,اعتماد به خدا همراه با انجام وظیفه,رها کردن تلاش,بی‌برنامگی,نادیده گرفتن مسئولیت,A,توکل جایگزین تلاش و مسئولیت نیست.,ترنم همدلی,original,1405
هفتم,,آموزش قرآن,آموزش قرآن,بانک پایه,ارزیابی مفهومی,پوشش اولیه,متوسط,امر به معروف و نهی از منکر با چه چیزی همراه است؟,توجه مسئولانه به رفتار درست و نادرست,اجبار بدون شرایط,بی‌تفاوتی,توهین,A,درک شرایط و روش درست در این فریضه اهمیت دارد.,ترنم همدلی,original,1405
هفتم,,پیام‌های آسمان,پیام‌های آسمان,بانک پایه,ارزیابی مفهومی,پوشش اولیه,متوسط,حق‌الناس به چه مربوط است؟,حقوق دیگران,فقط حقوق شخصی,فقط مسائل طبیعی,فقط درس مدرسه,A,حق‌الناس به حقوق و اموال مردم مربوط است.,ترنم همدلی,original,1405
هفتم,,پیام‌های آسمان,پیام‌های آسمان,بانک پایه,ارزیابی مفهومی,پوشش اولیه,متوسط,اسراف یعنی چه؟,مصرف بیش از اندازه و بی‌دلیل,صرفه‌جویی,استفاده درست,کمک به دیگران,A,اسراف مصرف بی‌رویه منابع است.,ترنم همدلی,original,1405
هفتم,,پیام‌های آسمان,پیام‌های آسمان,بانک پایه,ارزیابی مفهومی,پوشش اولیه,متوسط,توکل چه مفهومی دارد؟,اعتماد به خدا همراه با انجام وظیفه,رها کردن تلاش,بی‌برنامگی,نادیده گرفتن مسئولیت,A,توکل جایگزین تلاش و مسئولیت نیست.,ترنم همدلی,original,1405
هفتم,,پیام‌های آسمان,پیام‌های آسمان,بانک پایه,ارزیابی مفهومی,پوشش اولیه,متوسط,امر به معروف و نهی از منکر با چه چیزی همراه است؟,توجه مسئولانه به رفتار درست و نادرست,اجبار بدون شرایط,بی‌تفاوتی,توهین,A,درک شرایط و روش درست در این فریضه اهمیت دارد.,ترنم همدلی,original,1405
هفتم,,فارسی,فارسی,بانک پایه,ارزیابی مفهومی,پوشش اولیه,متوسط,مترادف «آغاز» کدام است؟,شروع,پایان,توقف,خواب,A,آغاز و شروع مترادف‌اند.,ترنم همدلی,original,1405
هفتم,,فارسی,فارسی,بانک پایه,ارزیابی مفهومی,پوشش اولیه,متوسط,کدام گزینه مفهوم تضاد دارد؟,شب و روز,کتاب و دفتر,مداد و پاک‌کن,خانه و مدرسه,A,شب و روز دو مفهوم متضادند.,ترنم همدلی,original,1405
هفتم,,فارسی,فارسی,بانک پایه,ارزیابی مفهومی,پوشش اولیه,متوسط,مقدمه مناسب در نوشته چه ویژگی دارد؟,ارتباط با موضوع,بی‌ربطی,تکرار نتیجه,حذف موضوع,A,مقدمه باید خواننده را به موضوع وارد کند.,ترنم همدلی,original,1405
هفتم,,فارسی,فارسی,بانک پایه,ارزیابی مفهومی,پوشش اولیه,متوسط,درک مطلب بیشتر بر چه چیزی تکیه دارد؟,فهم پیام متن,حفظ تک‌تک واژه‌ها,شمردن خطوط,تشخیص تعداد صفحات,A,هدف اصلی درک مطلب فهم پیام و روابط متن است.,ترنم همدلی,original,1405
هفتم,,نگارش,نگارش,بانک پایه,ارزیابی مفهومی,پوشش اولیه,متوسط,یک پاراگراف خوب معمولاً چه دارد؟,موضوع مشخص و جمله‌های مرتبط,جمله‌های کاملاً بی‌ربط,فقط یک واژه,بدون موضوع,A,انسجام و موضوع مشخص از ویژگی‌های متن خوب است.,ترنم همدلی,original,1405
هفتم,,نگارش,نگارش,بانک پایه,ارزیابی مفهومی,پوشش اولیه,متوسط,مقدمه چه نقشی دارد؟,معرفی و آماده‌سازی موضوع,تکرار کامل نتیجه,حذف موضوع,پایان دادن متن,A,مقدمه خواننده را وارد موضوع می‌کند.,ترنم همدلی,original,1405
هفتم,,نگارش,نگارش,بانک پایه,ارزیابی مفهومی,پوشش اولیه,متوسط,نتیجه‌گیری چه می‌کند؟,جمع‌بندی نکات اصلی,شروع موضوع جدید,حذف استدلال,تکرار همه واژه‌ها,A,نتیجه‌گیری جمع‌بندی متن است.,ترنم همدلی,original,1405
هفتم,,نگارش,نگارش,بانک پایه,ارزیابی مفهومی,پوشش اولیه,متوسط,عنوان مناسب باید چگونه باشد؟,مرتبط و روشن,کاملاً بی‌ربط,بسیار مبهم,بدون ارتباط با متن,A,عنوان باید با محتوای نوشته ارتباط داشته باشد.,ترنم همدلی,original,1405
هفتم,,نگارش,نگارش,بانک پایه,ارزیابی مفهومی,پوشش اولیه,متوسط,انسجام متن یعنی چه؟,ارتباط منطقی جمله‌ها و بخش‌ها,طولانی بودن,زیاد بودن واژه‌ها,استفاده از کلمات سخت,A,انسجام به پیوند منطقی اجزای متن مربوط است.,ترنم همدلی,original,1405
هفتم,,نگارش,نگارش,بانک پایه,ارزیابی مفهومی,پوشش اولیه,متوسط,ویرایش چه هدفی دارد؟,بهبود محتوا و زبان نوشته,حذف همه متن,افزایش خطا,تغییر موضوع,A,ویرایش برای اصلاح و بهبود نوشته انجام می‌شود.,ترنم همدلی,original,1405
هفتم,,نگارش,نگارش,بانک پایه,ارزیابی مفهومی,پوشش اولیه,متوسط,نشانه‌گذاری چه کمکی می‌کند؟,خوانایی و فهم بهتر,حذف معنا,افزایش ابهام,کاهش واژه‌ها,A,نشانه‌گذاری درست ساختار و مکث متن را روشن می‌کند.,ترنم همدلی,original,1405
هفتم,,نگارش,نگارش,بانک پایه,ارزیابی مفهومی,پوشش اولیه,متوسط,کدام ویژگی برای گزارش مناسب‌تر است؟,دقیق و روشن بودن,خیالی و بی‌منبع بودن,کاملاً مبهم بودن,بدون ترتیب بودن,A,گزارش باید روشن و دقیق باشد.,ترنم همدلی,original,1405
هفتم,,نگارش,نگارش,بانک پایه,ارزیابی مفهومی,پوشش اولیه,متوسط,بازنویسی یعنی چه؟,نوشتن دوباره با حفظ مفهوم اصلی,حذف کامل مفهوم,ترجمه به زبان دیگر همیشه,افزودن موضوع نامرتبط,A,بازنویسی می‌تواند شکل بیان را تغییر دهد بدون اینکه مفهوم اصلی از بین برود.,ترنم همدلی,original,1405
هفتم,,نگارش,نگارش,بانک پایه,ارزیابی مفهومی,پوشش اولیه,متوسط,طرح کلی نوشته چه فایده‌ای دارد؟,سازمان‌دهی ایده‌ها,افزایش خطا,حذف موضوع,توقف نوشتن,A,طرح کلی به نظم دادن ایده‌ها کمک می‌کند.,ترنم همدلی,original,1405
هفتم,,ریاضی,ریاضی,بانک پایه,ارزیابی مفهومی,پوشش اولیه,متوسط,کدام عبارت با توزیع‌پذیری درست است؟,2(3+4)=2×3+2×4,2(3+4)=2+3+4,2(3+4)=2×3+4,2(3+4)=6+4×2,A,ضرب در مجموع برابر مجموع ضرب‌هاست.,ترنم همدلی,original,1405
هفتم,,ریاضی,ریاضی,بانک پایه,ارزیابی مفهومی,پوشش اولیه,متوسط,اگر محیط مربع 20 باشد، طول هر ضلع چند است؟,4,5,10,20,B,محیط مربع چهار برابر ضلع است.,ترنم همدلی,original,1405
هفتم,,ریاضی,ریاضی,بانک پایه,ارزیابی مفهومی,پوشش اولیه,متوسط,کدام کسر با 1/2 برابر است؟,2/3,3/4,4/8,5/8,C,4/8 پس از ساده‌سازی 1/2 می‌شود.,ترنم همدلی,original,1405
هفتم,,ریاضی,ریاضی,بانک پایه,ارزیابی مفهومی,پوشش اولیه,متوسط,عدد 0 چه نوع عددی است؟,فقط طبیعی,فقط منفی,همزمان مثبت و منفی,نه مثبت است و نه منفی,D,صفر نه مثبت است و نه منفی.,ترنم همدلی,original,1405
هفتم,,علوم تجربی,علوم تجربی,بانک پایه,ارزیابی مفهومی,پوشش اولیه,متوسط,کدام حالت ماده شکل و حجم مشخص دارد؟,جامد,مایع,گاز,پلاسما,A,جامد شکل و حجم مشخص دارد.,ترنم همدلی,original,1405
هفتم,,علوم تجربی,علوم تجربی,بانک پایه,ارزیابی مفهومی,پوشش اولیه,متوسط,گیاهان برای فتوسنتز بیشتر به کدام عامل نیاز دارند؟,نور,صدا,نمک,آهن,A,نور یکی از عوامل اصلی فتوسنتز است.,ترنم همدلی,original,1405
هفتم,,علوم تجربی,علوم تجربی,بانک پایه,ارزیابی مفهومی,پوشش اولیه,متوسط,کدام اندام برای پمپاژ خون نقش اصلی دارد؟,ریه,قلب,معده,کبد,B,قلب خون را در بدن پمپ می‌کند.,ترنم همدلی,original,1405
هفتم,,علوم تجربی,علوم تجربی,بانک پایه,ارزیابی مفهومی,پوشش اولیه,متوسط,نیرو می‌تواند چه اثری داشته باشد؟,تغییر حرکت,فقط تغییر رنگ,فقط تغییر دما,هیچ اثری ندارد,A,نیرو می‌تواند سرعت یا جهت حرکت را تغییر دهد.,ترنم همدلی,original,1405
هفتم,,علوم تجربی,علوم تجربی,بانک پایه,ارزیابی مفهومی,پوشش اولیه,متوسط,آب در فشار معمولی در چند درجه سلسیوس یخ می‌زند؟,0,10,50,100,A,نقطه انجماد آب در فشار معمولی 0 درجه است.,ترنم همدلی,original,1405
هفتم,,علوم تجربی,علوم تجربی,بانک پایه,ارزیابی مفهومی,پوشش اولیه,متوسط,کدام مورد منبع انرژی تجدیدپذیر است؟,زغال‌سنگ,نفت,خورشید,گاز طبیعی,C,انرژی خورشیدی تجدیدپذیر است.,ترنم همدلی,original,1405
هفتم,,علوم تجربی,علوم تجربی,بانک پایه,ارزیابی مفهومی,پوشش اولیه,متوسط,کدام بخش گیاه بیشتر آب و مواد معدنی را جذب می‌کند؟,ریشه,گل,میوه,دانه,A,ریشه محل اصلی جذب آب و مواد معدنی است.,ترنم همدلی,original,1405
هفتم,,علوم تجربی,علوم تجربی,بانک پایه,ارزیابی مفهومی,پوشش اولیه,متوسط,کدام وسیله برای اندازه‌گیری دماست؟,ترازو,دماسنج,ولت‌متر,قطب‌نما,B,دماسنج دما را اندازه‌گیری می‌کند.,ترنم همدلی,original,1405
هفتم,,علوم تجربی,علوم تجربی,بانک پایه,ارزیابی مفهومی,پوشش اولیه,متوسط,کدام مورد یک تغییر شیمیایی است؟,ذوب یخ,پاره شدن کاغذ,سوختن چوب,خرد کردن سنگ,C,سوختن ماده جدید ایجاد می‌کند.,ترنم همدلی,original,1405
هفتم,,علوم تجربی,علوم تجربی,بانک پایه,ارزیابی مفهومی,پوشش اولیه,متوسط,وظیفه اصلی ریه چیست؟,تبادل گازها,هضم غذا,پمپاژ خون,تولید استخوان,A,ریه محل تبادل اکسیژن و دی‌اکسیدکربن است.,ترنم همدلی,original,1405
هفتم,,مطالعات اجتماعی,مطالعات اجتماعی,بانک پایه,ارزیابی مفهومی,پوشش اولیه,متوسط,مهاجرت چیست؟,جابه‌جایی برای سکونت,تغییر فصل,حرکت زمین,تغییر ساعت,A,مهاجرت جابه‌جایی افراد از مکانی به مکان دیگر برای سکونت است.,ترنم همدلی,original,1405
هفتم,,مطالعات اجتماعی,مطالعات اجتماعی,بانک پایه,ارزیابی مفهومی,پوشش اولیه,متوسط,اقتصاد خانواده بیشتر با چه چیزی سروکار دارد؟,مدیریت منابع محدود و نیازها,فقط ورزش,فقط هنر,فقط جغرافیا,A,اقتصاد با انتخاب و مدیریت منابع محدود مرتبط است.,ترنم همدلی,original,1405
هفتم,,مطالعات اجتماعی,مطالعات اجتماعی,بانک پایه,ارزیابی مفهومی,پوشش اولیه,متوسط,همکاری اجتماعی چه فایده‌ای دارد؟,حل بهتر مسائل مشترک,افزایش اختلاف,کاهش ارتباط,اتلاف منابع,A,همکاری می‌تواند حل مسائل مشترک را آسان‌تر کند.,ترنم همدلی,original,1405
هفتم,,مطالعات اجتماعی,مطالعات اجتماعی,بانک پایه,ارزیابی مفهومی,پوشش اولیه,متوسط,قانون چه نقشی در جامعه دارد؟,تنظیم روابط و رفتارها,حذف همه مسئولیت‌ها,افزایش بی‌نظمی,تغییر آب‌وهوا,A,قوانین چارچوبی برای روابط اجتماعی ایجاد می‌کنند.,ترنم همدلی,original,1405
هفتم,,فرهنگ و هنر,فرهنگ و هنر,بانک پایه,ارزیابی مفهومی,پوشش اولیه,متوسط,خط در طراحی چه نقشی دارد؟,ایجاد مسیر و ساختار بصری,فقط ایجاد صدا,اندازه‌گیری دما,محاسبه سرعت,A,خط یکی از عناصر اصلی سازمان‌دهی تصویر است.,ترنم همدلی,original,1405
هفتم,,فرهنگ و هنر,فرهنگ و هنر,بانک پایه,ارزیابی مفهومی,پوشش اولیه,متوسط,رنگ‌های اصلی سنتی کدام‌اند؟,قرمز، زرد، آبی,سبز، بنفش، نارنجی,سفید، سیاه، خاکستری,قهوه‌ای، صورتی، فیروزه‌ای,A,در مدل رایج رنگدانه‌ای، قرمز، زرد و آبی به عنوان رنگ‌های اصلی معرفی می‌شوند.,ترنم همدلی,original,1405
هفتم,,فرهنگ و هنر,فرهنگ و هنر,بانک پایه,ارزیابی مفهومی,پوشش اولیه,متوسط,پرسپکتیو برای چه استفاده می‌شود؟,نمایش عمق و فاصله,افزایش صدا,تعیین وزن,محاسبه زمان,A,پرسپکتیو به نمایش فضایی و عمق کمک می‌کند.,ترنم همدلی,original,1405
هفتم,,فرهنگ و هنر,فرهنگ و هنر,بانک پایه,ارزیابی مفهومی,پوشش اولیه,متوسط,ترکیب‌بندی به چه مربوط است؟,چیدمان عناصر در اثر,نوع کاغذ فقط,اندازه قاب فقط,رنگ یک عنصر,A,ترکیب‌بندی سازمان‌دهی عناصر بصری است.,ترنم همدلی,original,1405
هفتم,,فرهنگ و هنر,فرهنگ و هنر,بانک پایه,ارزیابی مفهومی,پوشش اولیه,متوسط,کنتراست یعنی چه؟,تفاوت قابل توجه میان عناصر,یکسانی کامل,حذف رنگ,تکرار عنوان,A,کنتراست با تفاوت میان عناصر شناخته می‌شود.,ترنم همدلی,original,1405
هفتم,,فرهنگ و هنر,فرهنگ و هنر,بانک پایه,ارزیابی مفهومی,پوشش اولیه,متوسط,طراحی مشاهده‌ای بر چه چیزی تکیه دارد؟,دقت در مشاهده موضوع,حدس تصادفی,حفظ متن,تغییر صدا,A,مشاهده دقیق پایه طراحی مشاهده‌ای است.,ترنم همدلی,original,1405
هفتم,,فرهنگ و هنر,فرهنگ و هنر,بانک پایه,ارزیابی مفهومی,پوشش اولیه,متوسط,بافت در هنر چه چیزی را تداعی می‌کند؟,کیفیت سطح,زمان,سرعت,صدا,A,بافت کیفیت بصری یا لمسی سطح را نشان می‌دهد.,ترنم همدلی,original,1405
هفتم,,فرهنگ و هنر,فرهنگ و هنر,بانک پایه,ارزیابی مفهومی,پوشش اولیه,متوسط,تعادل در ترکیب‌بندی یعنی چه؟,توزیع مناسب وزن بصری,حذف همه عناصر,تکرار یک رنگ,تغییر اندازه کاغذ,A,تعادل به توزیع وزن بصری عناصر مربوط است.,ترنم همدلی,original,1405
هفتم,,فرهنگ و هنر,فرهنگ و هنر,بانک پایه,ارزیابی مفهومی,پوشش اولیه,متوسط,فرم سه‌بعدی چه ویژگی دارد؟,طول، عرض و عمق,فقط طول,فقط رنگ,فقط خط,A,فرم سه‌بعدی دارای طول، عرض و عمق است.,ترنم همدلی,original,1405
هفتم,,فرهنگ و هنر,فرهنگ و هنر,بانک پایه,ارزیابی مفهومی,پوشش اولیه,متوسط,اسکیس بیشتر برای چه کاربردی است؟,ثبت سریع ایده و مشاهده,چاپ نهایی همیشه,حذف ایده‌ها,اندازه‌گیری دما,A,اسکیس ابزاری سریع برای ثبت ایده است.,ترنم همدلی,original,1405
هفتم,,عربی,عربی,بانک پایه,ارزیابی مفهومی,پوشش اولیه,متوسط,برای بیان توانایی معمولاً از چه فعلی استفاده می‌شود؟,can,musted,didn't can,has,A,can برای بیان توانایی به کار می‌رود.,ترنم همدلی,original,1405
هفتم,,عربی,عربی,بانک پایه,ارزیابی مفهومی,پوشش اولیه,متوسط,کدام گزینه زمان حال استمراری را نشان می‌دهد؟,is reading,read yesterday,has read,will read,A,is reading ساختار حال استمراری است.,ترنم همدلی,original,1405
هفتم,,عربی,عربی,بانک پایه,ارزیابی مفهومی,پوشش اولیه,متوسط,کدام واژه به معنی «آموزش» نزدیک‌تر است؟,education,weather,window,market,A,education به معنی آموزش است.,ترنم همدلی,original,1405
هفتم,,عربی,عربی,بانک پایه,ارزیابی مفهومی,پوشش اولیه,متوسط,کدام گزینه یک پرسش درست است؟,Where do you live?,Where you live?,Do where live?,Where live you do?,A,ساختار پرسش درست است.,ترنم همدلی,original,1405
هفتم,,انگلیسی,انگلیسی,بانک پایه,ارزیابی مفهومی,پوشش اولیه,متوسط,برای بیان توانایی معمولاً از چه فعلی استفاده می‌شود؟,can,musted,didn't can,has,A,can برای بیان توانایی به کار می‌رود.,ترنم همدلی,original,1405
هفتم,,انگلیسی,انگلیسی,بانک پایه,ارزیابی مفهومی,پوشش اولیه,متوسط,کدام گزینه زمان حال استمراری را نشان می‌دهد؟,is reading,read yesterday,has read,will read,A,is reading ساختار حال استمراری است.,ترنم همدلی,original,1405
هفتم,,انگلیسی,انگلیسی,بانک پایه,ارزیابی مفهومی,پوشش اولیه,متوسط,کدام واژه به معنی «آموزش» نزدیک‌تر است؟,education,weather,window,market,A,education به معنی آموزش است.,ترنم همدلی,original,1405
هفتم,,انگلیسی,انگلیسی,بانک پایه,ارزیابی مفهومی,پوشش اولیه,متوسط,کدام گزینه یک پرسش درست است؟,Where do you live?,Where you live?,Do where live?,Where live you do?,A,ساختار پرسش درست است.,ترنم همدلی,original,1405
هفتم,,تفکر و سبک زندگی,تفکر و سبک زندگی,بانک پایه,ارزیابی مفهومی,پوشش اولیه,متوسط,فرضیه چیست؟,پاسخ پیشنهادی قابل بررسی,نتیجه قطعی بدون بررسی,یک شایعه,یک عدد,A,فرضیه باید امکان بررسی داشته باشد.,ترنم همدلی,original,1405
هفتم,,تفکر و سبک زندگی,تفکر و سبک زندگی,بانک پایه,ارزیابی مفهومی,پوشش اولیه,متوسط,شاهد معتبر چه کمکی می‌کند؟,پشتیبانی از یک ادعا,حذف پرسش,افزایش حدس,جایگزینی واقعیت,A,شواهد برای ارزیابی ادعا اهمیت دارند.,ترنم همدلی,original,1405
هفتم,,تفکر و سبک زندگی,تفکر و سبک زندگی,بانک پایه,ارزیابی مفهومی,پوشش اولیه,متوسط,تفکر نقاد یعنی چه؟,بررسی سنجیده ادعاها و شواهد,پذیرش همه چیز,رد همه چیز,حفظ کردن بدون فهم,A,تفکر نقاد بر ارزیابی دلیل و شواهد تکیه دارد.,ترنم همدلی,original,1405
هفتم,,تفکر و سبک زندگی,تفکر و سبک زندگی,بانک پایه,ارزیابی مفهومی,پوشش اولیه,متوسط,حل مسئله از کجا بهتر شروع می‌شود؟,تعریف دقیق مسئله,حدس نتیجه,نادیده گرفتن مشکل,انتخاب تصادفی,A,تعریف دقیق مسئله مسیر حل را روشن می‌کند.,ترنم همدلی,original,1405
هفتم,,تفکر و سبک زندگی,تفکر و سبک زندگی,بانک پایه,ارزیابی مفهومی,پوشش اولیه,متوسط,تصمیم‌گیری خوب به چه نیاز دارد؟,بررسی گزینه‌ها و پیامدها,عجله همیشگی,نادیده گرفتن اطلاعات,پیروی کورکورانه,A,مقایسه گزینه‌ها و پیامدها به تصمیم بهتر کمک می‌کند.,ترنم همدلی,original,1405
هفتم,,تفکر و سبک زندگی,تفکر و سبک زندگی,بانک پایه,ارزیابی مفهومی,پوشش اولیه,متوسط,سواد رسانه‌ای چه می‌کند؟,پیام رسانه را تحلیل می‌کند,همه خبرها را درست فرض می‌کند,منبع را حذف می‌کند,فقط عنوان را می‌خواند,A,سواد رسانه‌ای توان تحلیل پیام و منبع را تقویت می‌کند.,ترنم همدلی,original,1405
هفتم,,تفکر و سبک زندگی,تفکر و سبک زندگی,بانک پایه,ارزیابی مفهومی,پوشش اولیه,متوسط,کدام مورد یک منبع اولیه است؟,گزارش مستقیم یک رویداد توسط شاهد,متن بازنویسی‌شده بدون منبع,شایعه,نظر ناشناس,A,منبع اولیه مستقیماً به رویداد یا داده نزدیک است.,ترنم همدلی,original,1405
هفتم,,تفکر و سبک زندگی,تفکر و سبک زندگی,بانک پایه,ارزیابی مفهومی,پوشش اولیه,متوسط,همدلی در ارتباط یعنی چه؟,درک احساس و دیدگاه دیگری,موافقت با همه چیز,قطع گفت‌وگو,قضاوت فوری,A,همدلی به درک تجربه دیگری مربوط است.,ترنم همدلی,original,1405
هفتم,,تفکر و سبک زندگی,تفکر و سبک زندگی,بانک پایه,ارزیابی مفهومی,پوشش اولیه,متوسط,هدف‌گذاری مؤثر بهتر است چگونه باشد؟,مشخص و قابل اندازه‌گیری,کاملاً مبهم,بدون زمان‌بندی,غیرقابل سنجش,A,هدف مشخص و قابل اندازه‌گیری پیگیری را آسان می‌کند.,ترنم همدلی,original,1405
هفتم,,تفکر و سبک زندگی,تفکر و سبک زندگی,بانک پایه,ارزیابی مفهومی,پوشش اولیه,متوسط,بازخورد سازنده چه ویژگی دارد؟,مشخص و قابل استفاده برای بهبود,تحقیرآمیز,مبهم,صرفاً منفی,A,بازخورد سازنده به رفتار و مسیر بهبود اشاره می‌کند.,ترنم همدلی,original,1405
هفتم,,کار و فناوری,کار و فناوری,بانک پایه,ارزیابی مفهومی,پوشش اولیه,متوسط,الگوریتم چیست؟,مجموعه گام‌های مشخص برای حل مسئله,یک تصویر,یک فایل صوتی,یک دستگاه,A,الگوریتم ترتیب مشخص مراحل حل مسئله است.,ترنم همدلی,original,1405
هفتم,,کار و فناوری,کار و فناوری,بانک پایه,ارزیابی مفهومی,پوشش اولیه,متوسط,رمز عبور قوی بهتر است چه ویژگی داشته باشد؟,ترکیبی و غیرقابل حدس,فقط نام فرد,123456,تاریخ تولد,A,رمز عبور قوی باید دشوار و غیرقابل حدس باشد.,ترنم همدلی,original,1405
هفتم,,کار و فناوری,کار و فناوری,بانک پایه,ارزیابی مفهومی,پوشش اولیه,متوسط,پشتیبان‌گیری چه فایده‌ای دارد؟,کاهش خطر از دست رفتن داده,افزایش ویروس,حذف فایل‌ها,کاهش امنیت,A,نسخه پشتیبان برای بازیابی داده‌ها مفید است.,ترنم همدلی,original,1405
هفتم,,کار و فناوری,کار و فناوری,بانک پایه,ارزیابی مفهومی,پوشش اولیه,متوسط,مرورگر برای چه کاری است؟,دسترسی به صفحات وب,ویرایش سخت‌افزار,اندازه‌گیری دما,چاپ سه‌بعدی فقط,A,مرورگر نرم‌افزار دسترسی به وب است.,ترنم همدلی,original,1405
هفتم,,کار و فناوری,کار و فناوری,بانک پایه,ارزیابی مفهومی,پوشش اولیه,متوسط,کدام مورد نمونه‌ای از ورودی رایانه است؟,صفحه‌کلید,بلندگو,چاپگر,مانیتور,A,صفحه‌کلید داده را وارد رایانه می‌کند.,ترنم همدلی,original,1405
هفتم,,کار و فناوری,کار و فناوری,بانک پایه,ارزیابی مفهومی,پوشش اولیه,متوسط,کدنویسی یعنی چه؟,نوشتن دستور برای رایانه,طراحی صندلی,اندازه‌گیری وزن,رسم نقشه جغرافیا,A,کدنویسی بیان دستورهای قابل اجرا برای رایانه است.,ترنم همدلی,original,1405
هفتم,,کار و فناوری,کار و فناوری,بانک پایه,ارزیابی مفهومی,پوشش اولیه,متوسط,ایمنی کارگاهی شامل چیست؟,رعایت دستورالعمل و تجهیزات ایمنی,کار بدون توجه,حذف ابزار ایمنی,عجله,A,ایمنی با رعایت دستورالعمل و تجهیزات مناسب افزایش می‌یابد.,ترنم همدلی,original,1405
هفتم,,کار و فناوری,کار و فناوری,بانک پایه,ارزیابی مفهومی,پوشش اولیه,متوسط,فایل فشرده چه مزیتی دارد؟,کاهش حجم یا یکپارچه‌سازی فایل‌ها,افزایش اندازه همیشه,حذف محتوا,قطع اینترنت,A,فشرده‌سازی می‌تواند حجم ذخیره‌سازی یا انتقال را کاهش دهد.,ترنم همدلی,original,1405
هفتم,,کار و فناوری,کار و فناوری,بانک پایه,ارزیابی مفهومی,پوشش اولیه,متوسط,فیشینگ چیست؟,تلاش فریبکارانه برای گرفتن اطلاعات,پشتیبان‌گیری,آموزش برنامه‌نویسی,ویرایش عکس,A,فیشینگ نوعی فریب برای دستیابی به اطلاعات است.,ترنم همدلی,original,1405
هفتم,,کار و فناوری,کار و فناوری,بانک پایه,ارزیابی مفهومی,پوشش اولیه,متوسط,شبکه رایانه‌ای چیست؟,اتصال دستگاه‌ها برای تبادل داده,یک برنامه نقاشی,یک فایل,یک حسگر دما,A,شبکه امکان ارتباط و تبادل داده بین دستگاه‌ها را فراهم می‌کند.,ترنم همدلی,original,1405
هشتم,,آموزش قرآن,آموزش قرآن,بانک پایه,ارزیابی مفهومی,پوشش اولیه,متوسط,صداقت در زندگی اجتماعی چه اثری دارد؟,اعتماد را افزایش می‌دهد,اعتماد را از بین می‌برد,همیشه باعث اختلاف می‌شود,هیچ اثری ندارد,A,صداقت پایه مهم اعتماد است.,ترنم همدلی,original,1405
هشتم,,آموزش قرآن,آموزش قرآن,بانک پایه,ارزیابی مفهومی,پوشش اولیه,متوسط,شکرگزاری بیشتر به چه معناست؟,شناخت نعمت و قدردانی,نادیده گرفتن نعمت‌ها,خودبرتربینی,بی‌تفاوتی,A,شکرگزاری با شناخت نعمت و قدردانی همراه است.,ترنم همدلی,original,1405
هشتم,,آموزش قرآن,آموزش قرآن,بانک پایه,ارزیابی مفهومی,پوشش اولیه,متوسط,نماز در آموزه‌های دینی چه نقشی دارد؟,ارتباط و یاد خدا,فقط فعالیت ورزشی,فقط مطالعه,فقط سرگرمی,A,نماز عبادت و یاد خداست.,ترنم همدلی,original,1405
هشتم,,آموزش قرآن,آموزش قرآن,بانک پایه,ارزیابی مفهومی,پوشش اولیه,متوسط,امانت‌داری یعنی چه؟,حفظ حق و مال سپرده‌شده,تصاحب امانت,نادیده گرفتن مسئولیت,پنهان کردن حقیقت,A,امانت‌داری یعنی رعایت حق صاحب امانت.,ترنم همدلی,original,1405
هشتم,,آموزش قرآن,آموزش قرآن,بانک پایه,ارزیابی مفهومی,پوشش اولیه,متوسط,احترام به والدین نمونه کدام رفتار است؟,نیکوکاری,بی‌تفاوتی,اسراف,غیبت,A,نیکی به والدین از رفتارهای اخلاقی است.,ترنم همدلی,original,1405
هشتم,,آموزش قرآن,آموزش قرآن,بانک پایه,ارزیابی مفهومی,پوشش اولیه,متوسط,صبر در برابر مشکل یعنی چه؟,پایداری همراه با رفتار سنجیده,رها کردن همه تلاش‌ها,خشم دائمی,انکار واقعیت,A,صبر با پایداری و کنترل رفتار همراه است.,ترنم همدلی,original,1405
هشتم,,آموزش قرآن,آموزش قرآن,بانک پایه,ارزیابی مفهومی,پوشش اولیه,متوسط,حق‌الناس به چه مربوط است؟,حقوق دیگران,فقط حقوق شخصی,فقط مسائل طبیعی,فقط درس مدرسه,A,حق‌الناس به حقوق و اموال مردم مربوط است.,ترنم همدلی,original,1405
هشتم,,آموزش قرآن,آموزش قرآن,بانک پایه,ارزیابی مفهومی,پوشش اولیه,متوسط,اسراف یعنی چه؟,مصرف بیش از اندازه و بی‌دلیل,صرفه‌جویی,استفاده درست,کمک به دیگران,A,اسراف مصرف بی‌رویه منابع است.,ترنم همدلی,original,1405
هشتم,,آموزش قرآن,آموزش قرآن,بانک پایه,ارزیابی مفهومی,پوشش اولیه,متوسط,توکل چه مفهومی دارد؟,اعتماد به خدا همراه با انجام وظیفه,رها کردن تلاش,بی‌برنامگی,نادیده گرفتن مسئولیت,A,توکل جایگزین تلاش و مسئولیت نیست.,ترنم همدلی,original,1405
هشتم,,آموزش قرآن,آموزش قرآن,بانک پایه,ارزیابی مفهومی,پوشش اولیه,متوسط,امر به معروف و نهی از منکر با چه چیزی همراه است؟,توجه مسئولانه به رفتار درست و نادرست,اجبار بدون شرایط,بی‌تفاوتی,توهین,A,درک شرایط و روش درست در این فریضه اهمیت دارد.,ترنم همدلی,original,1405
هشتم,,پیام‌های آسمان,پیام‌های آسمان,بانک پایه,ارزیابی مفهومی,پوشش اولیه,متوسط,حق‌الناس به چه مربوط است؟,حقوق دیگران,فقط حقوق شخصی,فقط مسائل طبیعی,فقط درس مدرسه,A,حق‌الناس به حقوق و اموال مردم مربوط است.,ترنم همدلی,original,1405
هشتم,,پیام‌های آسمان,پیام‌های آسمان,بانک پایه,ارزیابی مفهومی,پوشش اولیه,متوسط,اسراف یعنی چه؟,مصرف بیش از اندازه و بی‌دلیل,صرفه‌جویی,استفاده درست,کمک به دیگران,A,اسراف مصرف بی‌رویه منابع است.,ترنم همدلی,original,1405
هشتم,,پیام‌های آسمان,پیام‌های آسمان,بانک پایه,ارزیابی مفهومی,پوشش اولیه,متوسط,توکل چه مفهومی دارد؟,اعتماد به خدا همراه با انجام وظیفه,رها کردن تلاش,بی‌برنامگی,نادیده گرفتن مسئولیت,A,توکل جایگزین تلاش و مسئولیت نیست.,ترنم همدلی,original,1405
هشتم,,پیام‌های آسمان,پیام‌های آسمان,بانک پایه,ارزیابی مفهومی,پوشش اولیه,متوسط,امر به معروف و نهی از منکر با چه چیزی همراه است؟,توجه مسئولانه به رفتار درست و نادرست,اجبار بدون شرایط,بی‌تفاوتی,توهین,A,درک شرایط و روش درست در این فریضه اهمیت دارد.,ترنم همدلی,original,1405
هشتم,,فارسی,فارسی,بانک پایه,ارزیابی مفهومی,پوشش اولیه,متوسط,مترادف «آغاز» کدام است؟,شروع,پایان,توقف,خواب,A,آغاز و شروع مترادف‌اند.,ترنم همدلی,original,1405
هشتم,,فارسی,فارسی,بانک پایه,ارزیابی مفهومی,پوشش اولیه,متوسط,کدام گزینه مفهوم تضاد دارد؟,شب و روز,کتاب و دفتر,مداد و پاک‌کن,خانه و مدرسه,A,شب و روز دو مفهوم متضادند.,ترنم همدلی,original,1405
هشتم,,فارسی,فارسی,بانک پایه,ارزیابی مفهومی,پوشش اولیه,متوسط,مقدمه مناسب در نوشته چه ویژگی دارد؟,ارتباط با موضوع,بی‌ربطی,تکرار نتیجه,حذف موضوع,A,مقدمه باید خواننده را به موضوع وارد کند.,ترنم همدلی,original,1405
هشتم,,فارسی,فارسی,بانک پایه,ارزیابی مفهومی,پوشش اولیه,متوسط,درک مطلب بیشتر بر چه چیزی تکیه دارد؟,فهم پیام متن,حفظ تک‌تک واژه‌ها,شمردن خطوط,تشخیص تعداد صفحات,A,هدف اصلی درک مطلب فهم پیام و روابط متن است.,ترنم همدلی,original,1405
هشتم,,نگارش,نگارش,بانک پایه,ارزیابی مفهومی,پوشش اولیه,متوسط,یک پاراگراف خوب معمولاً چه دارد؟,موضوع مشخص و جمله‌های مرتبط,جمله‌های کاملاً بی‌ربط,فقط یک واژه,بدون موضوع,A,انسجام و موضوع مشخص از ویژگی‌های متن خوب است.,ترنم همدلی,original,1405
هشتم,,نگارش,نگارش,بانک پایه,ارزیابی مفهومی,پوشش اولیه,متوسط,مقدمه چه نقشی دارد؟,معرفی و آماده‌سازی موضوع,تکرار کامل نتیجه,حذف موضوع,پایان دادن متن,A,مقدمه خواننده را وارد موضوع می‌کند.,ترنم همدلی,original,1405
هشتم,,نگارش,نگارش,بانک پایه,ارزیابی مفهومی,پوشش اولیه,متوسط,نتیجه‌گیری چه می‌کند؟,جمع‌بندی نکات اصلی,شروع موضوع جدید,حذف استدلال,تکرار همه واژه‌ها,A,نتیجه‌گیری جمع‌بندی متن است.,ترنم همدلی,original,1405
هشتم,,نگارش,نگارش,بانک پایه,ارزیابی مفهومی,پوشش اولیه,متوسط,عنوان مناسب باید چگونه باشد؟,مرتبط و روشن,کاملاً بی‌ربط,بسیار مبهم,بدون ارتباط با متن,A,عنوان باید با محتوای نوشته ارتباط داشته باشد.,ترنم همدلی,original,1405
هشتم,,نگارش,نگارش,بانک پایه,ارزیابی مفهومی,پوشش اولیه,متوسط,انسجام متن یعنی چه؟,ارتباط منطقی جمله‌ها و بخش‌ها,طولانی بودن,زیاد بودن واژه‌ها,استفاده از کلمات سخت,A,انسجام به پیوند منطقی اجزای متن مربوط است.,ترنم همدلی,original,1405
هشتم,,نگارش,نگارش,بانک پایه,ارزیابی مفهومی,پوشش اولیه,متوسط,ویرایش چه هدفی دارد؟,بهبود محتوا و زبان نوشته,حذف همه متن,افزایش خطا,تغییر موضوع,A,ویرایش برای اصلاح و بهبود نوشته انجام می‌شود.,ترنم همدلی,original,1405
هشتم,,نگارش,نگارش,بانک پایه,ارزیابی مفهومی,پوشش اولیه,متوسط,نشانه‌گذاری چه کمکی می‌کند؟,خوانایی و فهم بهتر,حذف معنا,افزایش ابهام,کاهش واژه‌ها,A,نشانه‌گذاری درست ساختار و مکث متن را روشن می‌کند.,ترنم همدلی,original,1405
هشتم,,نگارش,نگارش,بانک پایه,ارزیابی مفهومی,پوشش اولیه,متوسط,کدام ویژگی برای گزارش مناسب‌تر است؟,دقیق و روشن بودن,خیالی و بی‌منبع بودن,کاملاً مبهم بودن,بدون ترتیب بودن,A,گزارش باید روشن و دقیق باشد.,ترنم همدلی,original,1405
هشتم,,نگارش,نگارش,بانک پایه,ارزیابی مفهومی,پوشش اولیه,متوسط,بازنویسی یعنی چه؟,نوشتن دوباره با حفظ مفهوم اصلی,حذف کامل مفهوم,ترجمه به زبان دیگر همیشه,افزودن موضوع نامرتبط,A,بازنویسی می‌تواند شکل بیان را تغییر دهد بدون اینکه مفهوم اصلی از بین برود.,ترنم همدلی,original,1405
هشتم,,نگارش,نگارش,بانک پایه,ارزیابی مفهومی,پوشش اولیه,متوسط,طرح کلی نوشته چه فایده‌ای دارد؟,سازمان‌دهی ایده‌ها,افزایش خطا,حذف موضوع,توقف نوشتن,A,طرح کلی به نظم دادن ایده‌ها کمک می‌کند.,ترنم همدلی,original,1405
هشتم,,ریاضی,ریاضی,بانک پایه,ارزیابی مفهومی,پوشش اولیه,متوسط,کدام عبارت با توزیع‌پذیری درست است؟,2(3+4)=2×3+2×4,2(3+4)=2+3+4,2(3+4)=2×3+4,2(3+4)=6+4×2,A,ضرب در مجموع برابر مجموع ضرب‌هاست.,ترنم همدلی,original,1405
هشتم,,ریاضی,ریاضی,بانک پایه,ارزیابی مفهومی,پوشش اولیه,متوسط,اگر محیط مربع 20 باشد، طول هر ضلع چند است؟,4,5,10,20,B,محیط مربع چهار برابر ضلع است.,ترنم همدلی,original,1405
هشتم,,ریاضی,ریاضی,بانک پایه,ارزیابی مفهومی,پوشش اولیه,متوسط,کدام کسر با 1/2 برابر است؟,2/3,3/4,4/8,5/8,C,4/8 پس از ساده‌سازی 1/2 می‌شود.,ترنم همدلی,original,1405
هشتم,,ریاضی,ریاضی,بانک پایه,ارزیابی مفهومی,پوشش اولیه,متوسط,عدد 0 چه نوع عددی است؟,فقط طبیعی,فقط منفی,همزمان مثبت و منفی,نه مثبت است و نه منفی,D,صفر نه مثبت است و نه منفی.,ترنم همدلی,original,1405
هشتم,,علوم تجربی,علوم تجربی,بانک پایه,ارزیابی مفهومی,پوشش اولیه,متوسط,کدام حالت ماده شکل و حجم مشخص دارد؟,جامد,مایع,گاز,پلاسما,A,جامد شکل و حجم مشخص دارد.,ترنم همدلی,original,1405
هشتم,,علوم تجربی,علوم تجربی,بانک پایه,ارزیابی مفهومی,پوشش اولیه,متوسط,گیاهان برای فتوسنتز بیشتر به کدام عامل نیاز دارند؟,نور,صدا,نمک,آهن,A,نور یکی از عوامل اصلی فتوسنتز است.,ترنم همدلی,original,1405
هشتم,,علوم تجربی,علوم تجربی,بانک پایه,ارزیابی مفهومی,پوشش اولیه,متوسط,کدام اندام برای پمپاژ خون نقش اصلی دارد؟,ریه,قلب,معده,کبد,B,قلب خون را در بدن پمپ می‌کند.,ترنم همدلی,original,1405
هشتم,,علوم تجربی,علوم تجربی,بانک پایه,ارزیابی مفهومی,پوشش اولیه,متوسط,نیرو می‌تواند چه اثری داشته باشد؟,تغییر حرکت,فقط تغییر رنگ,فقط تغییر دما,هیچ اثری ندارد,A,نیرو می‌تواند سرعت یا جهت حرکت را تغییر دهد.,ترنم همدلی,original,1405
هشتم,,علوم تجربی,علوم تجربی,بانک پایه,ارزیابی مفهومی,پوشش اولیه,متوسط,آب در فشار معمولی در چند درجه سلسیوس یخ می‌زند؟,0,10,50,100,A,نقطه انجماد آب در فشار معمولی 0 درجه است.,ترنم همدلی,original,1405
هشتم,,علوم تجربی,علوم تجربی,بانک پایه,ارزیابی مفهومی,پوشش اولیه,متوسط,کدام مورد منبع انرژی تجدیدپذیر است؟,زغال‌سنگ,نفت,خورشید,گاز طبیعی,C,انرژی خورشیدی تجدیدپذیر است.,ترنم همدلی,original,1405
هشتم,,علوم تجربی,علوم تجربی,بانک پایه,ارزیابی مفهومی,پوشش اولیه,متوسط,کدام بخش گیاه بیشتر آب و مواد معدنی را جذب می‌کند؟,ریشه,گل,میوه,دانه,A,ریشه محل اصلی جذب آب و مواد معدنی است.,ترنم همدلی,original,1405
هشتم,,علوم تجربی,علوم تجربی,بانک پایه,ارزیابی مفهومی,پوشش اولیه,متوسط,کدام وسیله برای اندازه‌گیری دماست؟,ترازو,دماسنج,ولت‌متر,قطب‌نما,B,دماسنج دما را اندازه‌گیری می‌کند.,ترنم همدلی,original,1405
هشتم,,علوم تجربی,علوم تجربی,بانک پایه,ارزیابی مفهومی,پوشش اولیه,متوسط,کدام مورد یک تغییر شیمیایی است؟,ذوب یخ,پاره شدن کاغذ,سوختن چوب,خرد کردن سنگ,C,سوختن ماده جدید ایجاد می‌کند.,ترنم همدلی,original,1405
هشتم,,علوم تجربی,علوم تجربی,بانک پایه,ارزیابی مفهومی,پوشش اولیه,متوسط,وظیفه اصلی ریه چیست؟,تبادل گازها,هضم غذا,پمپاژ خون,تولید استخوان,A,ریه محل تبادل اکسیژن و دی‌اکسیدکربن است.,ترنم همدلی,original,1405
هشتم,,مطالعات اجتماعی,مطالعات اجتماعی,بانک پایه,ارزیابی مفهومی,پوشش اولیه,متوسط,مهاجرت چیست؟,جابه‌جایی برای سکونت,تغییر فصل,حرکت زمین,تغییر ساعت,A,مهاجرت جابه‌جایی افراد از مکانی به مکان دیگر برای سکونت است.,ترنم همدلی,original,1405
هشتم,,مطالعات اجتماعی,مطالعات اجتماعی,بانک پایه,ارزیابی مفهومی,پوشش اولیه,متوسط,اقتصاد خانواده بیشتر با چه چیزی سروکار دارد؟,مدیریت منابع محدود و نیازها,فقط ورزش,فقط هنر,فقط جغرافیا,A,اقتصاد با انتخاب و مدیریت منابع محدود مرتبط است.,ترنم همدلی,original,1405
هشتم,,مطالعات اجتماعی,مطالعات اجتماعی,بانک پایه,ارزیابی مفهومی,پوشش اولیه,متوسط,همکاری اجتماعی چه فایده‌ای دارد؟,حل بهتر مسائل مشترک,افزایش اختلاف,کاهش ارتباط,اتلاف منابع,A,همکاری می‌تواند حل مسائل مشترک را آسان‌تر کند.,ترنم همدلی,original,1405
هشتم,,مطالعات اجتماعی,مطالعات اجتماعی,بانک پایه,ارزیابی مفهومی,پوشش اولیه,متوسط,قانون چه نقشی در جامعه دارد؟,تنظیم روابط و رفتارها,حذف همه مسئولیت‌ها,افزایش بی‌نظمی,تغییر آب‌وهوا,A,قوانین چارچوبی برای روابط اجتماعی ایجاد می‌کنند.,ترنم همدلی,original,1405
هشتم,,فرهنگ و هنر,فرهنگ و هنر,بانک پایه,ارزیابی مفهومی,پوشش اولیه,متوسط,خط در طراحی چه نقشی دارد؟,ایجاد مسیر و ساختار بصری,فقط ایجاد صدا,اندازه‌گیری دما,محاسبه سرعت,A,خط یکی از عناصر اصلی سازمان‌دهی تصویر است.,ترنم همدلی,original,1405
هشتم,,فرهنگ و هنر,فرهنگ و هنر,بانک پایه,ارزیابی مفهومی,پوشش اولیه,متوسط,رنگ‌های اصلی سنتی کدام‌اند؟,قرمز، زرد، آبی,سبز، بنفش، نارنجی,سفید، سیاه، خاکستری,قهوه‌ای، صورتی، فیروزه‌ای,A,در مدل رایج رنگدانه‌ای، قرمز، زرد و آبی به عنوان رنگ‌های اصلی معرفی می‌شوند.,ترنم همدلی,original,1405
هشتم,,فرهنگ و هنر,فرهنگ و هنر,بانک پایه,ارزیابی مفهومی,پوشش اولیه,متوسط,پرسپکتیو برای چه استفاده می‌شود؟,نمایش عمق و فاصله,افزایش صدا,تعیین وزن,محاسبه زمان,A,پرسپکتیو به نمایش فضایی و عمق کمک می‌کند.,ترنم همدلی,original,1405
هشتم,,فرهنگ و هنر,فرهنگ و هنر,بانک پایه,ارزیابی مفهومی,پوشش اولیه,متوسط,ترکیب‌بندی به چه مربوط است؟,چیدمان عناصر در اثر,نوع کاغذ فقط,اندازه قاب فقط,رنگ یک عنصر,A,ترکیب‌بندی سازمان‌دهی عناصر بصری است.,ترنم همدلی,original,1405
هشتم,,فرهنگ و هنر,فرهنگ و هنر,بانک پایه,ارزیابی مفهومی,پوشش اولیه,متوسط,کنتراست یعنی چه؟,تفاوت قابل توجه میان عناصر,یکسانی کامل,حذف رنگ,تکرار عنوان,A,کنتراست با تفاوت میان عناصر شناخته می‌شود.,ترنم همدلی,original,1405
هشتم,,فرهنگ و هنر,فرهنگ و هنر,بانک پایه,ارزیابی مفهومی,پوشش اولیه,متوسط,طراحی مشاهده‌ای بر چه چیزی تکیه دارد؟,دقت در مشاهده موضوع,حدس تصادفی,حفظ متن,تغییر صدا,A,مشاهده دقیق پایه طراحی مشاهده‌ای است.,ترنم همدلی,original,1405
هشتم,,فرهنگ و هنر,فرهنگ و هنر,بانک پایه,ارزیابی مفهومی,پوشش اولیه,متوسط,بافت در هنر چه چیزی را تداعی می‌کند؟,کیفیت سطح,زمان,سرعت,صدا,A,بافت کیفیت بصری یا لمسی سطح را نشان می‌دهد.,ترنم همدلی,original,1405
هشتم,,فرهنگ و هنر,فرهنگ و هنر,بانک پایه,ارزیابی مفهومی,پوشش اولیه,متوسط,تعادل در ترکیب‌بندی یعنی چه؟,توزیع مناسب وزن بصری,حذف همه عناصر,تکرار یک رنگ,تغییر اندازه کاغذ,A,تعادل به توزیع وزن بصری عناصر مربوط است.,ترنم همدلی,original,1405
هشتم,,فرهنگ و هنر,فرهنگ و هنر,بانک پایه,ارزیابی مفهومی,پوشش اولیه,متوسط,فرم سه‌بعدی چه ویژگی دارد؟,طول، عرض و عمق,فقط طول,فقط رنگ,فقط خط,A,فرم سه‌بعدی دارای طول، عرض و عمق است.,ترنم همدلی,original,1405
هشتم,,فرهنگ و هنر,فرهنگ و هنر,بانک پایه,ارزیابی مفهومی,پوشش اولیه,متوسط,اسکیس بیشتر برای چه کاربردی است؟,ثبت سریع ایده و مشاهده,چاپ نهایی همیشه,حذف ایده‌ها,اندازه‌گیری دما,A,اسکیس ابزاری سریع برای ثبت ایده است.,ترنم همدلی,original,1405
هشتم,,عربی,عربی,بانک پایه,ارزیابی مفهومی,پوشش اولیه,متوسط,برای بیان توانایی معمولاً از چه فعلی استفاده می‌شود؟,can,musted,didn't can,has,A,can برای بیان توانایی به کار می‌رود.,ترنم همدلی,original,1405
هشتم,,عربی,عربی,بانک پایه,ارزیابی مفهومی,پوشش اولیه,متوسط,کدام گزینه زمان حال استمراری را نشان می‌دهد؟,is reading,read yesterday,has read,will read,A,is reading ساختار حال استمراری است.,ترنم همدلی,original,1405
هشتم,,عربی,عربی,بانک پایه,ارزیابی مفهومی,پوشش اولیه,متوسط,کدام واژه به معنی «آموزش» نزدیک‌تر است؟,education,weather,window,market,A,education به معنی آموزش است.,ترنم همدلی,original,1405
هشتم,,عربی,عربی,بانک پایه,ارزیابی مفهومی,پوشش اولیه,متوسط,کدام گزینه یک پرسش درست است؟,Where do you live?,Where you live?,Do where live?,Where live you do?,A,ساختار پرسش درست است.,ترنم همدلی,original,1405
هشتم,,انگلیسی,انگلیسی,بانک پایه,ارزیابی مفهومی,پوشش اولیه,متوسط,برای بیان توانایی معمولاً از چه فعلی استفاده می‌شود؟,can,musted,didn't can,has,A,can برای بیان توانایی به کار می‌رود.,ترنم همدلی,original,1405
هشتم,,انگلیسی,انگلیسی,بانک پایه,ارزیابی مفهومی,پوشش اولیه,متوسط,کدام گزینه زمان حال استمراری را نشان می‌دهد؟,is reading,read yesterday,has read,will read,A,is reading ساختار حال استمراری است.,ترنم همدلی,original,1405
هشتم,,انگلیسی,انگلیسی,بانک پایه,ارزیابی مفهومی,پوشش اولیه,متوسط,کدام واژه به معنی «آموزش» نزدیک‌تر است؟,education,weather,window,market,A,education به معنی آموزش است.,ترنم همدلی,original,1405
هشتم,,انگلیسی,انگلیسی,بانک پایه,ارزیابی مفهومی,پوشش اولیه,متوسط,کدام گزینه یک پرسش درست است؟,Where do you live?,Where you live?,Do where live?,Where live you do?,A,ساختار پرسش درست است.,ترنم همدلی,original,1405
هشتم,,تفکر و سبک زندگی,تفکر و سبک زندگی,بانک پایه,ارزیابی مفهومی,پوشش اولیه,متوسط,فرضیه چیست؟,پاسخ پیشنهادی قابل بررسی,نتیجه قطعی بدون بررسی,یک شایعه,یک عدد,A,فرضیه باید امکان بررسی داشته باشد.,ترنم همدلی,original,1405
هشتم,,تفکر و سبک زندگی,تفکر و سبک زندگی,بانک پایه,ارزیابی مفهومی,پوشش اولیه,متوسط,شاهد معتبر چه کمکی می‌کند؟,پشتیبانی از یک ادعا,حذف پرسش,افزایش حدس,جایگزینی واقعیت,A,شواهد برای ارزیابی ادعا اهمیت دارند.,ترنم همدلی,original,1405
هشتم,,تفکر و سبک زندگی,تفکر و سبک زندگی,بانک پایه,ارزیابی مفهومی,پوشش اولیه,متوسط,تفکر نقاد یعنی چه؟,بررسی سنجیده ادعاها و شواهد,پذیرش همه چیز,رد همه چیز,حفظ کردن بدون فهم,A,تفکر نقاد بر ارزیابی دلیل و شواهد تکیه دارد.,ترنم همدلی,original,1405
هشتم,,تفکر و سبک زندگی,تفکر و سبک زندگی,بانک پایه,ارزیابی مفهومی,پوشش اولیه,متوسط,حل مسئله از کجا بهتر شروع می‌شود؟,تعریف دقیق مسئله,حدس نتیجه,نادیده گرفتن مشکل,انتخاب تصادفی,A,تعریف دقیق مسئله مسیر حل را روشن می‌کند.,ترنم همدلی,original,1405
هشتم,,تفکر و سبک زندگی,تفکر و سبک زندگی,بانک پایه,ارزیابی مفهومی,پوشش اولیه,متوسط,تصمیم‌گیری خوب به چه نیاز دارد؟,بررسی گزینه‌ها و پیامدها,عجله همیشگی,نادیده گرفتن اطلاعات,پیروی کورکورانه,A,مقایسه گزینه‌ها و پیامدها به تصمیم بهتر کمک می‌کند.,ترنم همدلی,original,1405
هشتم,,تفکر و سبک زندگی,تفکر و سبک زندگی,بانک پایه,ارزیابی مفهومی,پوشش اولیه,متوسط,سواد رسانه‌ای چه می‌کند؟,پیام رسانه را تحلیل می‌کند,همه خبرها را درست فرض می‌کند,منبع را حذف می‌کند,فقط عنوان را می‌خواند,A,سواد رسانه‌ای توان تحلیل پیام و منبع را تقویت می‌کند.,ترنم همدلی,original,1405
هشتم,,تفکر و سبک زندگی,تفکر و سبک زندگی,بانک پایه,ارزیابی مفهومی,پوشش اولیه,متوسط,کدام مورد یک منبع اولیه است؟,گزارش مستقیم یک رویداد توسط شاهد,متن بازنویسی‌شده بدون منبع,شایعه,نظر ناشناس,A,منبع اولیه مستقیماً به رویداد یا داده نزدیک است.,ترنم همدلی,original,1405
هشتم,,تفکر و سبک زندگی,تفکر و سبک زندگی,بانک پایه,ارزیابی مفهومی,پوشش اولیه,متوسط,همدلی در ارتباط یعنی چه؟,درک احساس و دیدگاه دیگری,موافقت با همه چیز,قطع گفت‌وگو,قضاوت فوری,A,همدلی به درک تجربه دیگری مربوط است.,ترنم همدلی,original,1405
هشتم,,تفکر و سبک زندگی,تفکر و سبک زندگی,بانک پایه,ارزیابی مفهومی,پوشش اولیه,متوسط,هدف‌گذاری مؤثر بهتر است چگونه باشد؟,مشخص و قابل اندازه‌گیری,کاملاً مبهم,بدون زمان‌بندی,غیرقابل سنجش,A,هدف مشخص و قابل اندازه‌گیری پیگیری را آسان می‌کند.,ترنم همدلی,original,1405
هشتم,,تفکر و سبک زندگی,تفکر و سبک زندگی,بانک پایه,ارزیابی مفهومی,پوشش اولیه,متوسط,بازخورد سازنده چه ویژگی دارد؟,مشخص و قابل استفاده برای بهبود,تحقیرآمیز,مبهم,صرفاً منفی,A,بازخورد سازنده به رفتار و مسیر بهبود اشاره می‌کند.,ترنم همدلی,original,1405
هشتم,,کار و فناوری,کار و فناوری,بانک پایه,ارزیابی مفهومی,پوشش اولیه,متوسط,الگوریتم چیست؟,مجموعه گام‌های مشخص برای حل مسئله,یک تصویر,یک فایل صوتی,یک دستگاه,A,الگوریتم ترتیب مشخص مراحل حل مسئله است.,ترنم همدلی,original,1405
هشتم,,کار و فناوری,کار و فناوری,بانک پایه,ارزیابی مفهومی,پوشش اولیه,متوسط,رمز عبور قوی بهتر است چه ویژگی داشته باشد؟,ترکیبی و غیرقابل حدس,فقط نام فرد,123456,تاریخ تولد,A,رمز عبور قوی باید دشوار و غیرقابل حدس باشد.,ترنم همدلی,original,1405
هشتم,,کار و فناوری,کار و فناوری,بانک پایه,ارزیابی مفهومی,پوشش اولیه,متوسط,پشتیبان‌گیری چه فایده‌ای دارد؟,کاهش خطر از دست رفتن داده,افزایش ویروس,حذف فایل‌ها,کاهش امنیت,A,نسخه پشتیبان برای بازیابی داده‌ها مفید است.,ترنم همدلی,original,1405
هشتم,,کار و فناوری,کار و فناوری,بانک پایه,ارزیابی مفهومی,پوشش اولیه,متوسط,مرورگر برای چه کاری است؟,دسترسی به صفحات وب,ویرایش سخت‌افزار,اندازه‌گیری دما,چاپ سه‌بعدی فقط,A,مرورگر نرم‌افزار دسترسی به وب است.,ترنم همدلی,original,1405
هشتم,,کار و فناوری,کار و فناوری,بانک پایه,ارزیابی مفهومی,پوشش اولیه,متوسط,کدام مورد نمونه‌ای از ورودی رایانه است؟,صفحه‌کلید,بلندگو,چاپگر,مانیتور,A,صفحه‌کلید داده را وارد رایانه می‌کند.,ترنم همدلی,original,1405
هشتم,,کار و فناوری,کار و فناوری,بانک پایه,ارزیابی مفهومی,پوشش اولیه,متوسط,کدنویسی یعنی چه؟,نوشتن دستور برای رایانه,طراحی صندلی,اندازه‌گیری وزن,رسم نقشه جغرافیا,A,کدنویسی بیان دستورهای قابل اجرا برای رایانه است.,ترنم همدلی,original,1405
هشتم,,کار و فناوری,کار و فناوری,بانک پایه,ارزیابی مفهومی,پوشش اولیه,متوسط,ایمنی کارگاهی شامل چیست؟,رعایت دستورالعمل و تجهیزات ایمنی,کار بدون توجه,حذف ابزار ایمنی,عجله,A,ایمنی با رعایت دستورالعمل و تجهیزات مناسب افزایش می‌یابد.,ترنم همدلی,original,1405
هشتم,,کار و فناوری,کار و فناوری,بانک پایه,ارزیابی مفهومی,پوشش اولیه,متوسط,فایل فشرده چه مزیتی دارد؟,کاهش حجم یا یکپارچه‌سازی فایل‌ها,افزایش اندازه همیشه,حذف محتوا,قطع اینترنت,A,فشرده‌سازی می‌تواند حجم ذخیره‌سازی یا انتقال را کاهش دهد.,ترنم همدلی,original,1405
هشتم,,کار و فناوری,کار و فناوری,بانک پایه,ارزیابی مفهومی,پوشش اولیه,متوسط,فیشینگ چیست؟,تلاش فریبکارانه برای گرفتن اطلاعات,پشتیبان‌گیری,آموزش برنامه‌نویسی,ویرایش عکس,A,فیشینگ نوعی فریب برای دستیابی به اطلاعات است.,ترنم همدلی,original,1405
هشتم,,کار و فناوری,کار و فناوری,بانک پایه,ارزیابی مفهومی,پوشش اولیه,متوسط,شبکه رایانه‌ای چیست؟,اتصال دستگاه‌ها برای تبادل داده,یک برنامه نقاشی,یک فایل,یک حسگر دما,A,شبکه امکان ارتباط و تبادل داده بین دستگاه‌ها را فراهم می‌کند.,ترنم همدلی,original,1405
نهم,,آموزش قرآن,آموزش قرآن,بانک پایه,ارزیابی مفهومی,پوشش اولیه,متوسط,صداقت در زندگی اجتماعی چه اثری دارد؟,اعتماد را افزایش می‌دهد,اعتماد را از بین می‌برد,همیشه باعث اختلاف می‌شود,هیچ اثری ندارد,A,صداقت پایه مهم اعتماد است.,ترنم همدلی,original,1405
نهم,,آموزش قرآن,آموزش قرآن,بانک پایه,ارزیابی مفهومی,پوشش اولیه,متوسط,شکرگزاری بیشتر به چه معناست؟,شناخت نعمت و قدردانی,نادیده گرفتن نعمت‌ها,خودبرتربینی,بی‌تفاوتی,A,شکرگزاری با شناخت نعمت و قدردانی همراه است.,ترنم همدلی,original,1405
نهم,,آموزش قرآن,آموزش قرآن,بانک پایه,ارزیابی مفهومی,پوشش اولیه,متوسط,نماز در آموزه‌های دینی چه نقشی دارد؟,ارتباط و یاد خدا,فقط فعالیت ورزشی,فقط مطالعه,فقط سرگرمی,A,نماز عبادت و یاد خداست.,ترنم همدلی,original,1405
نهم,,آموزش قرآن,آموزش قرآن,بانک پایه,ارزیابی مفهومی,پوشش اولیه,متوسط,امانت‌داری یعنی چه؟,حفظ حق و مال سپرده‌شده,تصاحب امانت,نادیده گرفتن مسئولیت,پنهان کردن حقیقت,A,امانت‌داری یعنی رعایت حق صاحب امانت.,ترنم همدلی,original,1405
نهم,,آموزش قرآن,آموزش قرآن,بانک پایه,ارزیابی مفهومی,پوشش اولیه,متوسط,احترام به والدین نمونه کدام رفتار است؟,نیکوکاری,بی‌تفاوتی,اسراف,غیبت,A,نیکی به والدین از رفتارهای اخلاقی است.,ترنم همدلی,original,1405
نهم,,آموزش قرآن,آموزش قرآن,بانک پایه,ارزیابی مفهومی,پوشش اولیه,متوسط,صبر در برابر مشکل یعنی چه؟,پایداری همراه با رفتار سنجیده,رها کردن همه تلاش‌ها,خشم دائمی,انکار واقعیت,A,صبر با پایداری و کنترل رفتار همراه است.,ترنم همدلی,original,1405
نهم,,آموزش قرآن,آموزش قرآن,بانک پایه,ارزیابی مفهومی,پوشش اولیه,متوسط,حق‌الناس به چه مربوط است؟,حقوق دیگران,فقط حقوق شخصی,فقط مسائل طبیعی,فقط درس مدرسه,A,حق‌الناس به حقوق و اموال مردم مربوط است.,ترنم همدلی,original,1405
نهم,,آموزش قرآن,آموزش قرآن,بانک پایه,ارزیابی مفهومی,پوشش اولیه,متوسط,اسراف یعنی چه؟,مصرف بیش از اندازه و بی‌دلیل,صرفه‌جویی,استفاده درست,کمک به دیگران,A,اسراف مصرف بی‌رویه منابع است.,ترنم همدلی,original,1405
نهم,,آموزش قرآن,آموزش قرآن,بانک پایه,ارزیابی مفهومی,پوشش اولیه,متوسط,توکل چه مفهومی دارد؟,اعتماد به خدا همراه با انجام وظیفه,رها کردن تلاش,بی‌برنامگی,نادیده گرفتن مسئولیت,A,توکل جایگزین تلاش و مسئولیت نیست.,ترنم همدلی,original,1405
نهم,,آموزش قرآن,آموزش قرآن,بانک پایه,ارزیابی مفهومی,پوشش اولیه,متوسط,امر به معروف و نهی از منکر با چه چیزی همراه است؟,توجه مسئولانه به رفتار درست و نادرست,اجبار بدون شرایط,بی‌تفاوتی,توهین,A,درک شرایط و روش درست در این فریضه اهمیت دارد.,ترنم همدلی,original,1405
نهم,,پیام‌های آسمان,پیام‌های آسمان,بانک پایه,ارزیابی مفهومی,پوشش اولیه,متوسط,حق‌الناس به چه مربوط است؟,حقوق دیگران,فقط حقوق شخصی,فقط مسائل طبیعی,فقط درس مدرسه,A,حق‌الناس به حقوق و اموال مردم مربوط است.,ترنم همدلی,original,1405
نهم,,پیام‌های آسمان,پیام‌های آسمان,بانک پایه,ارزیابی مفهومی,پوشش اولیه,متوسط,اسراف یعنی چه؟,مصرف بیش از اندازه و بی‌دلیل,صرفه‌جویی,استفاده درست,کمک به دیگران,A,اسراف مصرف بی‌رویه منابع است.,ترنم همدلی,original,1405
نهم,,پیام‌های آسمان,پیام‌های آسمان,بانک پایه,ارزیابی مفهومی,پوشش اولیه,متوسط,توکل چه مفهومی دارد؟,اعتماد به خدا همراه با انجام وظیفه,رها کردن تلاش,بی‌برنامگی,نادیده گرفتن مسئولیت,A,توکل جایگزین تلاش و مسئولیت نیست.,ترنم همدلی,original,1405
نهم,,پیام‌های آسمان,پیام‌های آسمان,بانک پایه,ارزیابی مفهومی,پوشش اولیه,متوسط,امر به معروف و نهی از منکر با چه چیزی همراه است؟,توجه مسئولانه به رفتار درست و نادرست,اجبار بدون شرایط,بی‌تفاوتی,توهین,A,درک شرایط و روش درست در این فریضه اهمیت دارد.,ترنم همدلی,original,1405
نهم,,فارسی,فارسی,بانک پایه,ارزیابی مفهومی,پوشش اولیه,متوسط,مترادف «آغاز» کدام است؟,شروع,پایان,توقف,خواب,A,آغاز و شروع مترادف‌اند.,ترنم همدلی,original,1405
نهم,,فارسی,فارسی,بانک پایه,ارزیابی مفهومی,پوشش اولیه,متوسط,کدام گزینه مفهوم تضاد دارد؟,شب و روز,کتاب و دفتر,مداد و پاک‌کن,خانه و مدرسه,A,شب و روز دو مفهوم متضادند.,ترنم همدلی,original,1405
نهم,,فارسی,فارسی,بانک پایه,ارزیابی مفهومی,پوشش اولیه,متوسط,مقدمه مناسب در نوشته چه ویژگی دارد؟,ارتباط با موضوع,بی‌ربطی,تکرار نتیجه,حذف موضوع,A,مقدمه باید خواننده را به موضوع وارد کند.,ترنم همدلی,original,1405
نهم,,فارسی,فارسی,بانک پایه,ارزیابی مفهومی,پوشش اولیه,متوسط,درک مطلب بیشتر بر چه چیزی تکیه دارد؟,فهم پیام متن,حفظ تک‌تک واژه‌ها,شمردن خطوط,تشخیص تعداد صفحات,A,هدف اصلی درک مطلب فهم پیام و روابط متن است.,ترنم همدلی,original,1405
نهم,,نگارش,نگارش,بانک پایه,ارزیابی مفهومی,پوشش اولیه,متوسط,یک پاراگراف خوب معمولاً چه دارد؟,موضوع مشخص و جمله‌های مرتبط,جمله‌های کاملاً بی‌ربط,فقط یک واژه,بدون موضوع,A,انسجام و موضوع مشخص از ویژگی‌های متن خوب است.,ترنم همدلی,original,1405
نهم,,نگارش,نگارش,بانک پایه,ارزیابی مفهومی,پوشش اولیه,متوسط,مقدمه چه نقشی دارد؟,معرفی و آماده‌سازی موضوع,تکرار کامل نتیجه,حذف موضوع,پایان دادن متن,A,مقدمه خواننده را وارد موضوع می‌کند.,ترنم همدلی,original,1405
نهم,,نگارش,نگارش,بانک پایه,ارزیابی مفهومی,پوشش اولیه,متوسط,نتیجه‌گیری چه می‌کند؟,جمع‌بندی نکات اصلی,شروع موضوع جدید,حذف استدلال,تکرار همه واژه‌ها,A,نتیجه‌گیری جمع‌بندی متن است.,ترنم همدلی,original,1405
نهم,,نگارش,نگارش,بانک پایه,ارزیابی مفهومی,پوشش اولیه,متوسط,عنوان مناسب باید چگونه باشد؟,مرتبط و روشن,کاملاً بی‌ربط,بسیار مبهم,بدون ارتباط با متن,A,عنوان باید با محتوای نوشته ارتباط داشته باشد.,ترنم همدلی,original,1405
نهم,,نگارش,نگارش,بانک پایه,ارزیابی مفهومی,پوشش اولیه,متوسط,انسجام متن یعنی چه؟,ارتباط منطقی جمله‌ها و بخش‌ها,طولانی بودن,زیاد بودن واژه‌ها,استفاده از کلمات سخت,A,انسجام به پیوند منطقی اجزای متن مربوط است.,ترنم همدلی,original,1405
نهم,,نگارش,نگارش,بانک پایه,ارزیابی مفهومی,پوشش اولیه,متوسط,ویرایش چه هدفی دارد؟,بهبود محتوا و زبان نوشته,حذف همه متن,افزایش خطا,تغییر موضوع,A,ویرایش برای اصلاح و بهبود نوشته انجام می‌شود.,ترنم همدلی,original,1405
نهم,,نگارش,نگارش,بانک پایه,ارزیابی مفهومی,پوشش اولیه,متوسط,نشانه‌گذاری چه کمکی می‌کند؟,خوانایی و فهم بهتر,حذف معنا,افزایش ابهام,کاهش واژه‌ها,A,نشانه‌گذاری درست ساختار و مکث متن را روشن می‌کند.,ترنم همدلی,original,1405
نهم,,نگارش,نگارش,بانک پایه,ارزیابی مفهومی,پوشش اولیه,متوسط,کدام ویژگی برای گزارش مناسب‌تر است؟,دقیق و روشن بودن,خیالی و بی‌منبع بودن,کاملاً مبهم بودن,بدون ترتیب بودن,A,گزارش باید روشن و دقیق باشد.,ترنم همدلی,original,1405
نهم,,نگارش,نگارش,بانک پایه,ارزیابی مفهومی,پوشش اولیه,متوسط,بازنویسی یعنی چه؟,نوشتن دوباره با حفظ مفهوم اصلی,حذف کامل مفهوم,ترجمه به زبان دیگر همیشه,افزودن موضوع نامرتبط,A,بازنویسی می‌تواند شکل بیان را تغییر دهد بدون اینکه مفهوم اصلی از بین برود.,ترنم همدلی,original,1405
نهم,,نگارش,نگارش,بانک پایه,ارزیابی مفهومی,پوشش اولیه,متوسط,طرح کلی نوشته چه فایده‌ای دارد؟,سازمان‌دهی ایده‌ها,افزایش خطا,حذف موضوع,توقف نوشتن,A,طرح کلی به نظم دادن ایده‌ها کمک می‌کند.,ترنم همدلی,original,1405
نهم,,ریاضی,ریاضی,بانک پایه,ارزیابی مفهومی,پوشش اولیه,متوسط,کدام عبارت با توزیع‌پذیری درست است؟,2(3+4)=2×3+2×4,2(3+4)=2+3+4,2(3+4)=2×3+4,2(3+4)=6+4×2,A,ضرب در مجموع برابر مجموع ضرب‌هاست.,ترنم همدلی,original,1405
نهم,,ریاضی,ریاضی,بانک پایه,ارزیابی مفهومی,پوشش اولیه,متوسط,اگر محیط مربع 20 باشد، طول هر ضلع چند است؟,4,5,10,20,B,محیط مربع چهار برابر ضلع است.,ترنم همدلی,original,1405
نهم,,ریاضی,ریاضی,بانک پایه,ارزیابی مفهومی,پوشش اولیه,متوسط,کدام کسر با 1/2 برابر است؟,2/3,3/4,4/8,5/8,C,4/8 پس از ساده‌سازی 1/2 می‌شود.,ترنم همدلی,original,1405
نهم,,ریاضی,ریاضی,بانک پایه,ارزیابی مفهومی,پوشش اولیه,متوسط,عدد 0 چه نوع عددی است؟,فقط طبیعی,فقط منفی,همزمان مثبت و منفی,نه مثبت است و نه منفی,D,صفر نه مثبت است و نه منفی.,ترنم همدلی,original,1405
نهم,,علوم تجربی,علوم تجربی,بانک پایه,ارزیابی مفهومی,پوشش اولیه,متوسط,کدام حالت ماده شکل و حجم مشخص دارد؟,جامد,مایع,گاز,پلاسما,A,جامد شکل و حجم مشخص دارد.,ترنم همدلی,original,1405
نهم,,علوم تجربی,علوم تجربی,بانک پایه,ارزیابی مفهومی,پوشش اولیه,متوسط,گیاهان برای فتوسنتز بیشتر به کدام عامل نیاز دارند؟,نور,صدا,نمک,آهن,A,نور یکی از عوامل اصلی فتوسنتز است.,ترنم همدلی,original,1405
نهم,,علوم تجربی,علوم تجربی,بانک پایه,ارزیابی مفهومی,پوشش اولیه,متوسط,کدام اندام برای پمپاژ خون نقش اصلی دارد؟,ریه,قلب,معده,کبد,B,قلب خون را در بدن پمپ می‌کند.,ترنم همدلی,original,1405
نهم,,علوم تجربی,علوم تجربی,بانک پایه,ارزیابی مفهومی,پوشش اولیه,متوسط,نیرو می‌تواند چه اثری داشته باشد؟,تغییر حرکت,فقط تغییر رنگ,فقط تغییر دما,هیچ اثری ندارد,A,نیرو می‌تواند سرعت یا جهت حرکت را تغییر دهد.,ترنم همدلی,original,1405
نهم,,علوم تجربی,علوم تجربی,بانک پایه,ارزیابی مفهومی,پوشش اولیه,متوسط,آب در فشار معمولی در چند درجه سلسیوس یخ می‌زند؟,0,10,50,100,A,نقطه انجماد آب در فشار معمولی 0 درجه است.,ترنم همدلی,original,1405
نهم,,علوم تجربی,علوم تجربی,بانک پایه,ارزیابی مفهومی,پوشش اولیه,متوسط,کدام مورد منبع انرژی تجدیدپذیر است؟,زغال‌سنگ,نفت,خورشید,گاز طبیعی,C,انرژی خورشیدی تجدیدپذیر است.,ترنم همدلی,original,1405
نهم,,علوم تجربی,علوم تجربی,بانک پایه,ارزیابی مفهومی,پوشش اولیه,متوسط,کدام بخش گیاه بیشتر آب و مواد معدنی را جذب می‌کند؟,ریشه,گل,میوه,دانه,A,ریشه محل اصلی جذب آب و مواد معدنی است.,ترنم همدلی,original,1405
نهم,,علوم تجربی,علوم تجربی,بانک پایه,ارزیابی مفهومی,پوشش اولیه,متوسط,کدام وسیله برای اندازه‌گیری دماست؟,ترازو,دماسنج,ولت‌متر,قطب‌نما,B,دماسنج دما را اندازه‌گیری می‌کند.,ترنم همدلی,original,1405
نهم,,علوم تجربی,علوم تجربی,بانک پایه,ارزیابی مفهومی,پوشش اولیه,متوسط,کدام مورد یک تغییر شیمیایی است؟,ذوب یخ,پاره شدن کاغذ,سوختن چوب,خرد کردن سنگ,C,سوختن ماده جدید ایجاد می‌کند.,ترنم همدلی,original,1405
نهم,,علوم تجربی,علوم تجربی,بانک پایه,ارزیابی مفهومی,پوشش اولیه,متوسط,وظیفه اصلی ریه چیست؟,تبادل گازها,هضم غذا,پمپاژ خون,تولید استخوان,A,ریه محل تبادل اکسیژن و دی‌اکسیدکربن است.,ترنم همدلی,original,1405
نهم,,مطالعات اجتماعی,مطالعات اجتماعی,بانک پایه,ارزیابی مفهومی,پوشش اولیه,متوسط,مهاجرت چیست؟,جابه‌جایی برای سکونت,تغییر فصل,حرکت زمین,تغییر ساعت,A,مهاجرت جابه‌جایی افراد از مکانی به مکان دیگر برای سکونت است.,ترنم همدلی,original,1405
نهم,,مطالعات اجتماعی,مطالعات اجتماعی,بانک پایه,ارزیابی مفهومی,پوشش اولیه,متوسط,اقتصاد خانواده بیشتر با چه چیزی سروکار دارد؟,مدیریت منابع محدود و نیازها,فقط ورزش,فقط هنر,فقط جغرافیا,A,اقتصاد با انتخاب و مدیریت منابع محدود مرتبط است.,ترنم همدلی,original,1405
نهم,,مطالعات اجتماعی,مطالعات اجتماعی,بانک پایه,ارزیابی مفهومی,پوشش اولیه,متوسط,همکاری اجتماعی چه فایده‌ای دارد؟,حل بهتر مسائل مشترک,افزایش اختلاف,کاهش ارتباط,اتلاف منابع,A,همکاری می‌تواند حل مسائل مشترک را آسان‌تر کند.,ترنم همدلی,original,1405
نهم,,مطالعات اجتماعی,مطالعات اجتماعی,بانک پایه,ارزیابی مفهومی,پوشش اولیه,متوسط,قانون چه نقشی در جامعه دارد؟,تنظیم روابط و رفتارها,حذف همه مسئولیت‌ها,افزایش بی‌نظمی,تغییر آب‌وهوا,A,قوانین چارچوبی برای روابط اجتماعی ایجاد می‌کنند.,ترنم همدلی,original,1405
نهم,,فرهنگ و هنر,فرهنگ و هنر,بانک پایه,ارزیابی مفهومی,پوشش اولیه,متوسط,خط در طراحی چه نقشی دارد؟,ایجاد مسیر و ساختار بصری,فقط ایجاد صدا,اندازه‌گیری دما,محاسبه سرعت,A,خط یکی از عناصر اصلی سازمان‌دهی تصویر است.,ترنم همدلی,original,1405
نهم,,فرهنگ و هنر,فرهنگ و هنر,بانک پایه,ارزیابی مفهومی,پوشش اولیه,متوسط,رنگ‌های اصلی سنتی کدام‌اند؟,قرمز، زرد، آبی,سبز، بنفش، نارنجی,سفید، سیاه، خاکستری,قهوه‌ای، صورتی، فیروزه‌ای,A,در مدل رایج رنگدانه‌ای، قرمز، زرد و آبی به عنوان رنگ‌های اصلی معرفی می‌شوند.,ترنم همدلی,original,1405
نهم,,فرهنگ و هنر,فرهنگ و هنر,بانک پایه,ارزیابی مفهومی,پوشش اولیه,متوسط,پرسپکتیو برای چه استفاده می‌شود؟,نمایش عمق و فاصله,افزایش صدا,تعیین وزن,محاسبه زمان,A,پرسپکتیو به نمایش فضایی و عمق کمک می‌کند.,ترنم همدلی,original,1405
نهم,,فرهنگ و هنر,فرهنگ و هنر,بانک پایه,ارزیابی مفهومی,پوشش اولیه,متوسط,ترکیب‌بندی به چه مربوط است؟,چیدمان عناصر در اثر,نوع کاغذ فقط,اندازه قاب فقط,رنگ یک عنصر,A,ترکیب‌بندی سازمان‌دهی عناصر بصری است.,ترنم همدلی,original,1405
نهم,,فرهنگ و هنر,فرهنگ و هنر,بانک پایه,ارزیابی مفهومی,پوشش اولیه,متوسط,کنتراست یعنی چه؟,تفاوت قابل توجه میان عناصر,یکسانی کامل,حذف رنگ,تکرار عنوان,A,کنتراست با تفاوت میان عناصر شناخته می‌شود.,ترنم همدلی,original,1405
نهم,,فرهنگ و هنر,فرهنگ و هنر,بانک پایه,ارزیابی مفهومی,پوشش اولیه,متوسط,طراحی مشاهده‌ای بر چه چیزی تکیه دارد؟,دقت در مشاهده موضوع,حدس تصادفی,حفظ متن,تغییر صدا,A,مشاهده دقیق پایه طراحی مشاهده‌ای است.,ترنم همدلی,original,1405
نهم,,فرهنگ و هنر,فرهنگ و هنر,بانک پایه,ارزیابی مفهومی,پوشش اولیه,متوسط,بافت در هنر چه چیزی را تداعی می‌کند؟,کیفیت سطح,زمان,سرعت,صدا,A,بافت کیفیت بصری یا لمسی سطح را نشان می‌دهد.,ترنم همدلی,original,1405
نهم,,فرهنگ و هنر,فرهنگ و هنر,بانک پایه,ارزیابی مفهومی,پوشش اولیه,متوسط,تعادل در ترکیب‌بندی یعنی چه؟,توزیع مناسب وزن بصری,حذف همه عناصر,تکرار یک رنگ,تغییر اندازه کاغذ,A,تعادل به توزیع وزن بصری عناصر مربوط است.,ترنم همدلی,original,1405
نهم,,فرهنگ و هنر,فرهنگ و هنر,بانک پایه,ارزیابی مفهومی,پوشش اولیه,متوسط,فرم سه‌بعدی چه ویژگی دارد؟,طول، عرض و عمق,فقط طول,فقط رنگ,فقط خط,A,فرم سه‌بعدی دارای طول، عرض و عمق است.,ترنم همدلی,original,1405
نهم,,فرهنگ و هنر,فرهنگ و هنر,بانک پایه,ارزیابی مفهومی,پوشش اولیه,متوسط,اسکیس بیشتر برای چه کاربردی است؟,ثبت سریع ایده و مشاهده,چاپ نهایی همیشه,حذف ایده‌ها,اندازه‌گیری دما,A,اسکیس ابزاری سریع برای ثبت ایده است.,ترنم همدلی,original,1405
نهم,,عربی,عربی,بانک پایه,ارزیابی مفهومی,پوشش اولیه,متوسط,برای بیان توانایی معمولاً از چه فعلی استفاده می‌شود؟,can,musted,didn't can,has,A,can برای بیان توانایی به کار می‌رود.,ترنم همدلی,original,1405
نهم,,عربی,عربی,بانک پایه,ارزیابی مفهومی,پوشش اولیه,متوسط,کدام گزینه زمان حال استمراری را نشان می‌دهد؟,is reading,read yesterday,has read,will read,A,is reading ساختار حال استمراری است.,ترنم همدلی,original,1405
نهم,,عربی,عربی,بانک پایه,ارزیابی مفهومی,پوشش اولیه,متوسط,کدام واژه به معنی «آموزش» نزدیک‌تر است؟,education,weather,window,market,A,education به معنی آموزش است.,ترنم همدلی,original,1405
نهم,,عربی,عربی,بانک پایه,ارزیابی مفهومی,پوشش اولیه,متوسط,کدام گزینه یک پرسش درست است؟,Where do you live?,Where you live?,Do where live?,Where live you do?,A,ساختار پرسش درست است.,ترنم همدلی,original,1405
نهم,,انگلیسی,انگلیسی,بانک پایه,ارزیابی مفهومی,پوشش اولیه,متوسط,برای بیان توانایی معمولاً از چه فعلی استفاده می‌شود؟,can,musted,didn't can,has,A,can برای بیان توانایی به کار می‌رود.,ترنم همدلی,original,1405
نهم,,انگلیسی,انگلیسی,بانک پایه,ارزیابی مفهومی,پوشش اولیه,متوسط,کدام گزینه زمان حال استمراری را نشان می‌دهد؟,is reading,read yesterday,has read,will read,A,is reading ساختار حال استمراری است.,ترنم همدلی,original,1405
نهم,,انگلیسی,انگلیسی,بانک پایه,ارزیابی مفهومی,پوشش اولیه,متوسط,کدام واژه به معنی «آموزش» نزدیک‌تر است؟,education,weather,window,market,A,education به معنی آموزش است.,ترنم همدلی,original,1405
نهم,,انگلیسی,انگلیسی,بانک پایه,ارزیابی مفهومی,پوشش اولیه,متوسط,کدام گزینه یک پرسش درست است؟,Where do you live?,Where you live?,Do where live?,Where live you do?,A,ساختار پرسش درست است.,ترنم همدلی,original,1405
نهم,,کار و فناوری,کار و فناوری,بانک پایه,ارزیابی مفهومی,پوشش اولیه,متوسط,الگوریتم چیست؟,مجموعه گام‌های مشخص برای حل مسئله,یک تصویر,یک فایل صوتی,یک دستگاه,A,الگوریتم ترتیب مشخص مراحل حل مسئله است.,ترنم همدلی,original,1405
نهم,,کار و فناوری,کار و فناوری,بانک پایه,ارزیابی مفهومی,پوشش اولیه,متوسط,رمز عبور قوی بهتر است چه ویژگی داشته باشد؟,ترکیبی و غیرقابل حدس,فقط نام فرد,123456,تاریخ تولد,A,رمز عبور قوی باید دشوار و غیرقابل حدس باشد.,ترنم همدلی,original,1405
نهم,,کار و فناوری,کار و فناوری,بانک پایه,ارزیابی مفهومی,پوشش اولیه,متوسط,پشتیبان‌گیری چه فایده‌ای دارد؟,کاهش خطر از دست رفتن داده,افزایش ویروس,حذف فایل‌ها,کاهش امنیت,A,نسخه پشتیبان برای بازیابی داده‌ها مفید است.,ترنم همدلی,original,1405
نهم,,کار و فناوری,کار و فناوری,بانک پایه,ارزیابی مفهومی,پوشش اولیه,متوسط,مرورگر برای چه کاری است؟,دسترسی به صفحات وب,ویرایش سخت‌افزار,اندازه‌گیری دما,چاپ سه‌بعدی فقط,A,مرورگر نرم‌افزار دسترسی به وب است.,ترنم همدلی,original,1405
نهم,,کار و فناوری,کار و فناوری,بانک پایه,ارزیابی مفهومی,پوشش اولیه,متوسط,کدام مورد نمونه‌ای از ورودی رایانه است؟,صفحه‌کلید,بلندگو,چاپگر,مانیتور,A,صفحه‌کلید داده را وارد رایانه می‌کند.,ترنم همدلی,original,1405
نهم,,کار و فناوری,کار و فناوری,بانک پایه,ارزیابی مفهومی,پوشش اولیه,متوسط,کدنویسی یعنی چه؟,نوشتن دستور برای رایانه,طراحی صندلی,اندازه‌گیری وزن,رسم نقشه جغرافیا,A,کدنویسی بیان دستورهای قابل اجرا برای رایانه است.,ترنم همدلی,original,1405
نهم,,کار و فناوری,کار و فناوری,بانک پایه,ارزیابی مفهومی,پوشش اولیه,متوسط,ایمنی کارگاهی شامل چیست؟,رعایت دستورالعمل و تجهیزات ایمنی,کار بدون توجه,حذف ابزار ایمنی,عجله,A,ایمنی با رعایت دستورالعمل و تجهیزات مناسب افزایش می‌یابد.,ترنم همدلی,original,1405
نهم,,کار و فناوری,کار و فناوری,بانک پایه,ارزیابی مفهومی,پوشش اولیه,متوسط,فایل فشرده چه مزیتی دارد؟,کاهش حجم یا یکپارچه‌سازی فایل‌ها,افزایش اندازه همیشه,حذف محتوا,قطع اینترنت,A,فشرده‌سازی می‌تواند حجم ذخیره‌سازی یا انتقال را کاهش دهد.,ترنم همدلی,original,1405
نهم,,کار و فناوری,کار و فناوری,بانک پایه,ارزیابی مفهومی,پوشش اولیه,متوسط,فیشینگ چیست؟,تلاش فریبکارانه برای گرفتن اطلاعات,پشتیبان‌گیری,آموزش برنامه‌نویسی,ویرایش عکس,A,فیشینگ نوعی فریب برای دستیابی به اطلاعات است.,ترنم همدلی,original,1405
نهم,,کار و فناوری,کار و فناوری,بانک پایه,ارزیابی مفهومی,پوشش اولیه,متوسط,شبکه رایانه‌ای چیست؟,اتصال دستگاه‌ها برای تبادل داده,یک برنامه نقاشی,یک فایل,یک حسگر دما,A,شبکه امکان ارتباط و تبادل داده بین دستگاه‌ها را فراهم می‌کند.,ترنم همدلی,original,1405
نهم,,آمادگی دفاعی,آمادگی دفاعی,بانک پایه,ارزیابی مفهومی,پوشش اولیه,متوسط,فرضیه چیست؟,پاسخ پیشنهادی قابل بررسی,نتیجه قطعی بدون بررسی,یک شایعه,یک عدد,A,فرضیه باید امکان بررسی داشته باشد.,ترنم همدلی,original,1405
نهم,,آمادگی دفاعی,آمادگی دفاعی,بانک پایه,ارزیابی مفهومی,پوشش اولیه,متوسط,شاهد معتبر چه کمکی می‌کند؟,پشتیبانی از یک ادعا,حذف پرسش,افزایش حدس,جایگزینی واقعیت,A,شواهد برای ارزیابی ادعا اهمیت دارند.,ترنم همدلی,original,1405
نهم,,آمادگی دفاعی,آمادگی دفاعی,بانک پایه,ارزیابی مفهومی,پوشش اولیه,متوسط,تفکر نقاد یعنی چه؟,بررسی سنجیده ادعاها و شواهد,پذیرش همه چیز,رد همه چیز,حفظ کردن بدون فهم,A,تفکر نقاد بر ارزیابی دلیل و شواهد تکیه دارد.,ترنم همدلی,original,1405
نهم,,آمادگی دفاعی,آمادگی دفاعی,بانک پایه,ارزیابی مفهومی,پوشش اولیه,متوسط,حل مسئله از کجا بهتر شروع می‌شود؟,تعریف دقیق مسئله,حدس نتیجه,نادیده گرفتن مشکل,انتخاب تصادفی,A,تعریف دقیق مسئله مسیر حل را روشن می‌کند.,ترنم همدلی,original,1405
نهم,,آمادگی دفاعی,آمادگی دفاعی,بانک پایه,ارزیابی مفهومی,پوشش اولیه,متوسط,تصمیم‌گیری خوب به چه نیاز دارد؟,بررسی گزینه‌ها و پیامدها,عجله همیشگی,نادیده گرفتن اطلاعات,پیروی کورکورانه,A,مقایسه گزینه‌ها و پیامدها به تصمیم بهتر کمک می‌کند.,ترنم همدلی,original,1405
نهم,,آمادگی دفاعی,آمادگی دفاعی,بانک پایه,ارزیابی مفهومی,پوشش اولیه,متوسط,سواد رسانه‌ای چه می‌کند؟,پیام رسانه را تحلیل می‌کند,همه خبرها را درست فرض می‌کند,منبع را حذف می‌کند,فقط عنوان را می‌خواند,A,سواد رسانه‌ای توان تحلیل پیام و منبع را تقویت می‌کند.,ترنم همدلی,original,1405
نهم,,آمادگی دفاعی,آمادگی دفاعی,بانک پایه,ارزیابی مفهومی,پوشش اولیه,متوسط,کدام مورد یک منبع اولیه است؟,گزارش مستقیم یک رویداد توسط شاهد,متن بازنویسی‌شده بدون منبع,شایعه,نظر ناشناس,A,منبع اولیه مستقیماً به رویداد یا داده نزدیک است.,ترنم همدلی,original,1405
نهم,,آمادگی دفاعی,آمادگی دفاعی,بانک پایه,ارزیابی مفهومی,پوشش اولیه,متوسط,همدلی در ارتباط یعنی چه؟,درک احساس و دیدگاه دیگری,موافقت با همه چیز,قطع گفت‌وگو,قضاوت فوری,A,همدلی به درک تجربه دیگری مربوط است.,ترنم همدلی,original,1405
نهم,,آمادگی دفاعی,آمادگی دفاعی,بانک پایه,ارزیابی مفهومی,پوشش اولیه,متوسط,هدف‌گذاری مؤثر بهتر است چگونه باشد؟,مشخص و قابل اندازه‌گیری,کاملاً مبهم,بدون زمان‌بندی,غیرقابل سنجش,A,هدف مشخص و قابل اندازه‌گیری پیگیری را آسان می‌کند.,ترنم همدلی,original,1405
نهم,,آمادگی دفاعی,آمادگی دفاعی,بانک پایه,ارزیابی مفهومی,پوشش اولیه,متوسط,بازخورد سازنده چه ویژگی دارد؟,مشخص و قابل استفاده برای بهبود,تحقیرآمیز,مبهم,صرفاً منفی,A,بازخورد سازنده به رفتار و مسیر بهبود اشاره می‌کند.,ترنم همدلی,original,1405
دهم,ریاضی,فارسی,فارسی,بانک پایه,ارزیابی مفهومی,پوشش اولیه,متوسط,مترادف «آغاز» کدام است؟,شروع,پایان,توقف,خواب,A,آغاز و شروع مترادف‌اند.,ترنم همدلی,original,1405
دهم,ریاضی,فارسی,فارسی,بانک پایه,ارزیابی مفهومی,پوشش اولیه,متوسط,کدام گزینه مفهوم تضاد دارد؟,شب و روز,کتاب و دفتر,مداد و پاک‌کن,خانه و مدرسه,A,شب و روز دو مفهوم متضادند.,ترنم همدلی,original,1405
دهم,ریاضی,فارسی,فارسی,بانک پایه,ارزیابی مفهومی,پوشش اولیه,متوسط,مقدمه مناسب در نوشته چه ویژگی دارد؟,ارتباط با موضوع,بی‌ربطی,تکرار نتیجه,حذف موضوع,A,مقدمه باید خواننده را به موضوع وارد کند.,ترنم همدلی,original,1405
دهم,ریاضی,فارسی,فارسی,بانک پایه,ارزیابی مفهومی,پوشش اولیه,متوسط,درک مطلب بیشتر بر چه چیزی تکیه دارد؟,فهم پیام متن,حفظ تک‌تک واژه‌ها,شمردن خطوط,تشخیص تعداد صفحات,A,هدف اصلی درک مطلب فهم پیام و روابط متن است.,ترنم همدلی,original,1405
دهم,تجربی,فارسی,فارسی,بانک پایه,ارزیابی مفهومی,پوشش اولیه,متوسط,مترادف «آغاز» کدام است؟,شروع,پایان,توقف,خواب,A,آغاز و شروع مترادف‌اند.,ترنم همدلی,original,1405
دهم,تجربی,فارسی,فارسی,بانک پایه,ارزیابی مفهومی,پوشش اولیه,متوسط,کدام گزینه مفهوم تضاد دارد؟,شب و روز,کتاب و دفتر,مداد و پاک‌کن,خانه و مدرسه,A,شب و روز دو مفهوم متضادند.,ترنم همدلی,original,1405
دهم,تجربی,فارسی,فارسی,بانک پایه,ارزیابی مفهومی,پوشش اولیه,متوسط,مقدمه مناسب در نوشته چه ویژگی دارد؟,ارتباط با موضوع,بی‌ربطی,تکرار نتیجه,حذف موضوع,A,مقدمه باید خواننده را به موضوع وارد کند.,ترنم همدلی,original,1405
دهم,تجربی,فارسی,فارسی,بانک پایه,ارزیابی مفهومی,پوشش اولیه,متوسط,درک مطلب بیشتر بر چه چیزی تکیه دارد؟,فهم پیام متن,حفظ تک‌تک واژه‌ها,شمردن خطوط,تشخیص تعداد صفحات,A,هدف اصلی درک مطلب فهم پیام و روابط متن است.,ترنم همدلی,original,1405
دهم,انسانی,فارسی,فارسی,بانک پایه,ارزیابی مفهومی,پوشش اولیه,متوسط,مترادف «آغاز» کدام است؟,شروع,پایان,توقف,خواب,A,آغاز و شروع مترادف‌اند.,ترنم همدلی,original,1405
دهم,انسانی,فارسی,فارسی,بانک پایه,ارزیابی مفهومی,پوشش اولیه,متوسط,کدام گزینه مفهوم تضاد دارد؟,شب و روز,کتاب و دفتر,مداد و پاک‌کن,خانه و مدرسه,A,شب و روز دو مفهوم متضادند.,ترنم همدلی,original,1405
دهم,انسانی,فارسی,فارسی,بانک پایه,ارزیابی مفهومی,پوشش اولیه,متوسط,مقدمه مناسب در نوشته چه ویژگی دارد؟,ارتباط با موضوع,بی‌ربطی,تکرار نتیجه,حذف موضوع,A,مقدمه باید خواننده را به موضوع وارد کند.,ترنم همدلی,original,1405
دهم,انسانی,فارسی,فارسی,بانک پایه,ارزیابی مفهومی,پوشش اولیه,متوسط,درک مطلب بیشتر بر چه چیزی تکیه دارد؟,فهم پیام متن,حفظ تک‌تک واژه‌ها,شمردن خطوط,تشخیص تعداد صفحات,A,هدف اصلی درک مطلب فهم پیام و روابط متن است.,ترنم همدلی,original,1405
دهم,هنر,فارسی,فارسی,بانک پایه,ارزیابی مفهومی,پوشش اولیه,متوسط,کدام واژه با «فرهیخته» نزدیک‌تر است؟,دانشمند,بی‌تجربه,بی‌تفاوت,کم‌حوصله,A,فرهیخته به فرد دانش‌آموخته و فرهنگ‌مند نزدیک است.,ترنم همدلی,original,1405
دهم,هنر,فارسی,فارسی,بانک پایه,ارزیابی مفهومی,پوشش اولیه,متوسط,در جمله «دانش‌آموز کتاب را خواند» نهاد کدام است؟,کتاب,دانش‌آموز,را,خواند,B,انجام‌دهنده کار نهاد است.,ترنم همدلی,original,1405
دهم,هنر,فارسی,فارسی,بانک پایه,ارزیابی مفهومی,پوشش اولیه,متوسط,کدام مورد نمونه تشبیه است؟,صورتش چون ماه بود,کتاب را خواندم,امروز باران آمد,او رفت,A,وجود «چون» رابطه تشبیهی را نشان می‌دهد.,ترنم همدلی,original,1405
دهم,هنر,فارسی,فارسی,بانک پایه,ارزیابی مفهومی,پوشش اولیه,متوسط,کدام واژه از نظر املایی درست است؟,تأثیر,تاثیرر,تأثیرر,تاثییر,A,صورت معیار واژه «تأثیر» است.,ترنم همدلی,original,1405
دهم,هنر,فارسی,فارسی,بانک پایه,ارزیابی مفهومی,پوشش اولیه,متوسط,مفعول معمولاً با کدام نشانه می‌آید؟,را,به,از,با,A,در بسیاری از جمله‌های فارسی مفعول با «را» می‌آید.,ترنم همدلی,original,1405
دهم,هنر,فارسی,فارسی,بانک پایه,ارزیابی مفهومی,پوشش اولیه,متوسط,کدام گزینه فعل است؟,رفت,کتاب,زیبا,دانش,A,«رفت» فعل است.,ترنم همدلی,original,1405
دهم,هنر,فارسی,فارسی,بانک پایه,ارزیابی مفهومی,پوشش اولیه,متوسط,مترادف «آغاز» کدام است؟,شروع,پایان,توقف,خواب,A,آغاز و شروع مترادف‌اند.,ترنم همدلی,original,1405
دهم,هنر,فارسی,فارسی,بانک پایه,ارزیابی مفهومی,پوشش اولیه,متوسط,کدام گزینه مفهوم تضاد دارد؟,شب و روز,کتاب و دفتر,مداد و پاک‌کن,خانه و مدرسه,A,شب و روز دو مفهوم متضادند.,ترنم همدلی,original,1405
دهم,هنر,فارسی,فارسی,بانک پایه,ارزیابی مفهومی,پوشش اولیه,متوسط,مقدمه مناسب در نوشته چه ویژگی دارد؟,ارتباط با موضوع,بی‌ربطی,تکرار نتیجه,حذف موضوع,A,مقدمه باید خواننده را به موضوع وارد کند.,ترنم همدلی,original,1405
دهم,هنر,فارسی,فارسی,بانک پایه,ارزیابی مفهومی,پوشش اولیه,متوسط,درک مطلب بیشتر بر چه چیزی تکیه دارد؟,فهم پیام متن,حفظ تک‌تک واژه‌ها,شمردن خطوط,تشخیص تعداد صفحات,A,هدف اصلی درک مطلب فهم پیام و روابط متن است.,ترنم همدلی,original,1405
دهم,زبان,فارسی,فارسی,بانک پایه,ارزیابی مفهومی,پوشش اولیه,متوسط,کدام واژه با «فرهیخته» نزدیک‌تر است؟,دانشمند,بی‌تجربه,بی‌تفاوت,کم‌حوصله,A,فرهیخته به فرد دانش‌آموخته و فرهنگ‌مند نزدیک است.,ترنم همدلی,original,1405
دهم,زبان,فارسی,فارسی,بانک پایه,ارزیابی مفهومی,پوشش اولیه,متوسط,در جمله «دانش‌آموز کتاب را خواند» نهاد کدام است؟,کتاب,دانش‌آموز,را,خواند,B,انجام‌دهنده کار نهاد است.,ترنم همدلی,original,1405
دهم,زبان,فارسی,فارسی,بانک پایه,ارزیابی مفهومی,پوشش اولیه,متوسط,کدام مورد نمونه تشبیه است؟,صورتش چون ماه بود,کتاب را خواندم,امروز باران آمد,او رفت,A,وجود «چون» رابطه تشبیهی را نشان می‌دهد.,ترنم همدلی,original,1405
دهم,زبان,فارسی,فارسی,بانک پایه,ارزیابی مفهومی,پوشش اولیه,متوسط,کدام واژه از نظر املایی درست است؟,تأثیر,تاثیرر,تأثیرر,تاثییر,A,صورت معیار واژه «تأثیر» است.,ترنم همدلی,original,1405
دهم,زبان,فارسی,فارسی,بانک پایه,ارزیابی مفهومی,پوشش اولیه,متوسط,مفعول معمولاً با کدام نشانه می‌آید؟,را,به,از,با,A,در بسیاری از جمله‌های فارسی مفعول با «را» می‌آید.,ترنم همدلی,original,1405
دهم,زبان,فارسی,فارسی,بانک پایه,ارزیابی مفهومی,پوشش اولیه,متوسط,کدام گزینه فعل است؟,رفت,کتاب,زیبا,دانش,A,«رفت» فعل است.,ترنم همدلی,original,1405
دهم,زبان,فارسی,فارسی,بانک پایه,ارزیابی مفهومی,پوشش اولیه,متوسط,مترادف «آغاز» کدام است؟,شروع,پایان,توقف,خواب,A,آغاز و شروع مترادف‌اند.,ترنم همدلی,original,1405
دهم,زبان,فارسی,فارسی,بانک پایه,ارزیابی مفهومی,پوشش اولیه,متوسط,کدام گزینه مفهوم تضاد دارد؟,شب و روز,کتاب و دفتر,مداد و پاک‌کن,خانه و مدرسه,A,شب و روز دو مفهوم متضادند.,ترنم همدلی,original,1405
دهم,زبان,فارسی,فارسی,بانک پایه,ارزیابی مفهومی,پوشش اولیه,متوسط,مقدمه مناسب در نوشته چه ویژگی دارد؟,ارتباط با موضوع,بی‌ربطی,تکرار نتیجه,حذف موضوع,A,مقدمه باید خواننده را به موضوع وارد کند.,ترنم همدلی,original,1405
دهم,زبان,فارسی,فارسی,بانک پایه,ارزیابی مفهومی,پوشش اولیه,متوسط,درک مطلب بیشتر بر چه چیزی تکیه دارد؟,فهم پیام متن,حفظ تک‌تک واژه‌ها,شمردن خطوط,تشخیص تعداد صفحات,A,هدف اصلی درک مطلب فهم پیام و روابط متن است.,ترنم همدلی,original,1405
دهم,ریاضی,نگارش,نگارش,بانک پایه,ارزیابی مفهومی,پوشش اولیه,متوسط,یک پاراگراف خوب معمولاً چه دارد؟,موضوع مشخص و جمله‌های مرتبط,جمله‌های کاملاً بی‌ربط,فقط یک واژه,بدون موضوع,A,انسجام و موضوع مشخص از ویژگی‌های متن خوب است.,ترنم همدلی,original,1405
دهم,ریاضی,نگارش,نگارش,بانک پایه,ارزیابی مفهومی,پوشش اولیه,متوسط,مقدمه چه نقشی دارد؟,معرفی و آماده‌سازی موضوع,تکرار کامل نتیجه,حذف موضوع,پایان دادن متن,A,مقدمه خواننده را وارد موضوع می‌کند.,ترنم همدلی,original,1405
دهم,ریاضی,نگارش,نگارش,بانک پایه,ارزیابی مفهومی,پوشش اولیه,متوسط,نتیجه‌گیری چه می‌کند؟,جمع‌بندی نکات اصلی,شروع موضوع جدید,حذف استدلال,تکرار همه واژه‌ها,A,نتیجه‌گیری جمع‌بندی متن است.,ترنم همدلی,original,1405
دهم,ریاضی,نگارش,نگارش,بانک پایه,ارزیابی مفهومی,پوشش اولیه,متوسط,عنوان مناسب باید چگونه باشد؟,مرتبط و روشن,کاملاً بی‌ربط,بسیار مبهم,بدون ارتباط با متن,A,عنوان باید با محتوای نوشته ارتباط داشته باشد.,ترنم همدلی,original,1405
دهم,ریاضی,نگارش,نگارش,بانک پایه,ارزیابی مفهومی,پوشش اولیه,متوسط,انسجام متن یعنی چه؟,ارتباط منطقی جمله‌ها و بخش‌ها,طولانی بودن,زیاد بودن واژه‌ها,استفاده از کلمات سخت,A,انسجام به پیوند منطقی اجزای متن مربوط است.,ترنم همدلی,original,1405
دهم,ریاضی,نگارش,نگارش,بانک پایه,ارزیابی مفهومی,پوشش اولیه,متوسط,ویرایش چه هدفی دارد؟,بهبود محتوا و زبان نوشته,حذف همه متن,افزایش خطا,تغییر موضوع,A,ویرایش برای اصلاح و بهبود نوشته انجام می‌شود.,ترنم همدلی,original,1405
دهم,ریاضی,نگارش,نگارش,بانک پایه,ارزیابی مفهومی,پوشش اولیه,متوسط,نشانه‌گذاری چه کمکی می‌کند؟,خوانایی و فهم بهتر,حذف معنا,افزایش ابهام,کاهش واژه‌ها,A,نشانه‌گذاری درست ساختار و مکث متن را روشن می‌کند.,ترنم همدلی,original,1405
دهم,ریاضی,نگارش,نگارش,بانک پایه,ارزیابی مفهومی,پوشش اولیه,متوسط,کدام ویژگی برای گزارش مناسب‌تر است؟,دقیق و روشن بودن,خیالی و بی‌منبع بودن,کاملاً مبهم بودن,بدون ترتیب بودن,A,گزارش باید روشن و دقیق باشد.,ترنم همدلی,original,1405
دهم,ریاضی,نگارش,نگارش,بانک پایه,ارزیابی مفهومی,پوشش اولیه,متوسط,بازنویسی یعنی چه؟,نوشتن دوباره با حفظ مفهوم اصلی,حذف کامل مفهوم,ترجمه به زبان دیگر همیشه,افزودن موضوع نامرتبط,A,بازنویسی می‌تواند شکل بیان را تغییر دهد بدون اینکه مفهوم اصلی از بین برود.,ترنم همدلی,original,1405
دهم,ریاضی,نگارش,نگارش,بانک پایه,ارزیابی مفهومی,پوشش اولیه,متوسط,طرح کلی نوشته چه فایده‌ای دارد؟,سازمان‌دهی ایده‌ها,افزایش خطا,حذف موضوع,توقف نوشتن,A,طرح کلی به نظم دادن ایده‌ها کمک می‌کند.,ترنم همدلی,original,1405
دهم,تجربی,نگارش,نگارش,بانک پایه,ارزیابی مفهومی,پوشش اولیه,متوسط,یک پاراگراف خوب معمولاً چه دارد؟,موضوع مشخص و جمله‌های مرتبط,جمله‌های کاملاً بی‌ربط,فقط یک واژه,بدون موضوع,A,انسجام و موضوع مشخص از ویژگی‌های متن خوب است.,ترنم همدلی,original,1405
دهم,تجربی,نگارش,نگارش,بانک پایه,ارزیابی مفهومی,پوشش اولیه,متوسط,مقدمه چه نقشی دارد؟,معرفی و آماده‌سازی موضوع,تکرار کامل نتیجه,حذف موضوع,پایان دادن متن,A,مقدمه خواننده را وارد موضوع می‌کند.,ترنم همدلی,original,1405
دهم,تجربی,نگارش,نگارش,بانک پایه,ارزیابی مفهومی,پوشش اولیه,متوسط,نتیجه‌گیری چه می‌کند؟,جمع‌بندی نکات اصلی,شروع موضوع جدید,حذف استدلال,تکرار همه واژه‌ها,A,نتیجه‌گیری جمع‌بندی متن است.,ترنم همدلی,original,1405
دهم,تجربی,نگارش,نگارش,بانک پایه,ارزیابی مفهومی,پوشش اولیه,متوسط,عنوان مناسب باید چگونه باشد؟,مرتبط و روشن,کاملاً بی‌ربط,بسیار مبهم,بدون ارتباط با متن,A,عنوان باید با محتوای نوشته ارتباط داشته باشد.,ترنم همدلی,original,1405
دهم,تجربی,نگارش,نگارش,بانک پایه,ارزیابی مفهومی,پوشش اولیه,متوسط,انسجام متن یعنی چه؟,ارتباط منطقی جمله‌ها و بخش‌ها,طولانی بودن,زیاد بودن واژه‌ها,استفاده از کلمات سخت,A,انسجام به پیوند منطقی اجزای متن مربوط است.,ترنم همدلی,original,1405
دهم,تجربی,نگارش,نگارش,بانک پایه,ارزیابی مفهومی,پوشش اولیه,متوسط,ویرایش چه هدفی دارد؟,بهبود محتوا و زبان نوشته,حذف همه متن,افزایش خطا,تغییر موضوع,A,ویرایش برای اصلاح و بهبود نوشته انجام می‌شود.,ترنم همدلی,original,1405
دهم,تجربی,نگارش,نگارش,بانک پایه,ارزیابی مفهومی,پوشش اولیه,متوسط,نشانه‌گذاری چه کمکی می‌کند؟,خوانایی و فهم بهتر,حذف معنا,افزایش ابهام,کاهش واژه‌ها,A,نشانه‌گذاری درست ساختار و مکث متن را روشن می‌کند.,ترنم همدلی,original,1405
دهم,تجربی,نگارش,نگارش,بانک پایه,ارزیابی مفهومی,پوشش اولیه,متوسط,کدام ویژگی برای گزارش مناسب‌تر است؟,دقیق و روشن بودن,خیالی و بی‌منبع بودن,کاملاً مبهم بودن,بدون ترتیب بودن,A,گزارش باید روشن و دقیق باشد.,ترنم همدلی,original,1405
دهم,تجربی,نگارش,نگارش,بانک پایه,ارزیابی مفهومی,پوشش اولیه,متوسط,بازنویسی یعنی چه؟,نوشتن دوباره با حفظ مفهوم اصلی,حذف کامل مفهوم,ترجمه به زبان دیگر همیشه,افزودن موضوع نامرتبط,A,بازنویسی می‌تواند شکل بیان را تغییر دهد بدون اینکه مفهوم اصلی از بین برود.,ترنم همدلی,original,1405
دهم,تجربی,نگارش,نگارش,بانک پایه,ارزیابی مفهومی,پوشش اولیه,متوسط,طرح کلی نوشته چه فایده‌ای دارد؟,سازمان‌دهی ایده‌ها,افزایش خطا,حذف موضوع,توقف نوشتن,A,طرح کلی به نظم دادن ایده‌ها کمک می‌کند.,ترنم همدلی,original,1405
دهم,انسانی,نگارش,نگارش,بانک پایه,ارزیابی مفهومی,پوشش اولیه,متوسط,یک پاراگراف خوب معمولاً چه دارد؟,موضوع مشخص و جمله‌های مرتبط,جمله‌های کاملاً بی‌ربط,فقط یک واژه,بدون موضوع,A,انسجام و موضوع مشخص از ویژگی‌های متن خوب است.,ترنم همدلی,original,1405
دهم,انسانی,نگارش,نگارش,بانک پایه,ارزیابی مفهومی,پوشش اولیه,متوسط,مقدمه چه نقشی دارد؟,معرفی و آماده‌سازی موضوع,تکرار کامل نتیجه,حذف موضوع,پایان دادن متن,A,مقدمه خواننده را وارد موضوع می‌کند.,ترنم همدلی,original,1405
دهم,انسانی,نگارش,نگارش,بانک پایه,ارزیابی مفهومی,پوشش اولیه,متوسط,نتیجه‌گیری چه می‌کند؟,جمع‌بندی نکات اصلی,شروع موضوع جدید,حذف استدلال,تکرار همه واژه‌ها,A,نتیجه‌گیری جمع‌بندی متن است.,ترنم همدلی,original,1405
دهم,انسانی,نگارش,نگارش,بانک پایه,ارزیابی مفهومی,پوشش اولیه,متوسط,عنوان مناسب باید چگونه باشد؟,مرتبط و روشن,کاملاً بی‌ربط,بسیار مبهم,بدون ارتباط با متن,A,عنوان باید با محتوای نوشته ارتباط داشته باشد.,ترنم همدلی,original,1405
دهم,انسانی,نگارش,نگارش,بانک پایه,ارزیابی مفهومی,پوشش اولیه,متوسط,انسجام متن یعنی چه؟,ارتباط منطقی جمله‌ها و بخش‌ها,طولانی بودن,زیاد بودن واژه‌ها,استفاده از کلمات سخت,A,انسجام به پیوند منطقی اجزای متن مربوط است.,ترنم همدلی,original,1405
دهم,انسانی,نگارش,نگارش,بانک پایه,ارزیابی مفهومی,پوشش اولیه,متوسط,ویرایش چه هدفی دارد؟,بهبود محتوا و زبان نوشته,حذف همه متن,افزایش خطا,تغییر موضوع,A,ویرایش برای اصلاح و بهبود نوشته انجام می‌شود.,ترنم همدلی,original,1405
دهم,انسانی,نگارش,نگارش,بانک پایه,ارزیابی مفهومی,پوشش اولیه,متوسط,نشانه‌گذاری چه کمکی می‌کند؟,خوانایی و فهم بهتر,حذف معنا,افزایش ابهام,کاهش واژه‌ها,A,نشانه‌گذاری درست ساختار و مکث متن را روشن می‌کند.,ترنم همدلی,original,1405
دهم,انسانی,نگارش,نگارش,بانک پایه,ارزیابی مفهومی,پوشش اولیه,متوسط,کدام ویژگی برای گزارش مناسب‌تر است؟,دقیق و روشن بودن,خیالی و بی‌منبع بودن,کاملاً مبهم بودن,بدون ترتیب بودن,A,گزارش باید روشن و دقیق باشد.,ترنم همدلی,original,1405
دهم,انسانی,نگارش,نگارش,بانک پایه,ارزیابی مفهومی,پوشش اولیه,متوسط,بازنویسی یعنی چه؟,نوشتن دوباره با حفظ مفهوم اصلی,حذف کامل مفهوم,ترجمه به زبان دیگر همیشه,افزودن موضوع نامرتبط,A,بازنویسی می‌تواند شکل بیان را تغییر دهد بدون اینکه مفهوم اصلی از بین برود.,ترنم همدلی,original,1405
دهم,انسانی,نگارش,نگارش,بانک پایه,ارزیابی مفهومی,پوشش اولیه,متوسط,طرح کلی نوشته چه فایده‌ای دارد؟,سازمان‌دهی ایده‌ها,افزایش خطا,حذف موضوع,توقف نوشتن,A,طرح کلی به نظم دادن ایده‌ها کمک می‌کند.,ترنم همدلی,original,1405
دهم,هنر,نگارش,نگارش,بانک پایه,ارزیابی مفهومی,پوشش اولیه,متوسط,یک پاراگراف خوب معمولاً چه دارد؟,موضوع مشخص و جمله‌های مرتبط,جمله‌های کاملاً بی‌ربط,فقط یک واژه,بدون موضوع,A,انسجام و موضوع مشخص از ویژگی‌های متن خوب است.,ترنم همدلی,original,1405
دهم,هنر,نگارش,نگارش,بانک پایه,ارزیابی مفهومی,پوشش اولیه,متوسط,مقدمه چه نقشی دارد؟,معرفی و آماده‌سازی موضوع,تکرار کامل نتیجه,حذف موضوع,پایان دادن متن,A,مقدمه خواننده را وارد موضوع می‌کند.,ترنم همدلی,original,1405
دهم,هنر,نگارش,نگارش,بانک پایه,ارزیابی مفهومی,پوشش اولیه,متوسط,نتیجه‌گیری چه می‌کند؟,جمع‌بندی نکات اصلی,شروع موضوع جدید,حذف استدلال,تکرار همه واژه‌ها,A,نتیجه‌گیری جمع‌بندی متن است.,ترنم همدلی,original,1405
دهم,هنر,نگارش,نگارش,بانک پایه,ارزیابی مفهومی,پوشش اولیه,متوسط,عنوان مناسب باید چگونه باشد؟,مرتبط و روشن,کاملاً بی‌ربط,بسیار مبهم,بدون ارتباط با متن,A,عنوان باید با محتوای نوشته ارتباط داشته باشد.,ترنم همدلی,original,1405
دهم,هنر,نگارش,نگارش,بانک پایه,ارزیابی مفهومی,پوشش اولیه,متوسط,انسجام متن یعنی چه؟,ارتباط منطقی جمله‌ها و بخش‌ها,طولانی بودن,زیاد بودن واژه‌ها,استفاده از کلمات سخت,A,انسجام به پیوند منطقی اجزای متن مربوط است.,ترنم همدلی,original,1405
دهم,هنر,نگارش,نگارش,بانک پایه,ارزیابی مفهومی,پوشش اولیه,متوسط,ویرایش چه هدفی دارد؟,بهبود محتوا و زبان نوشته,حذف همه متن,افزایش خطا,تغییر موضوع,A,ویرایش برای اصلاح و بهبود نوشته انجام می‌شود.,ترنم همدلی,original,1405
دهم,هنر,نگارش,نگارش,بانک پایه,ارزیابی مفهومی,پوشش اولیه,متوسط,نشانه‌گذاری چه کمکی می‌کند؟,خوانایی و فهم بهتر,حذف معنا,افزایش ابهام,کاهش واژه‌ها,A,نشانه‌گذاری درست ساختار و مکث متن را روشن می‌کند.,ترنم همدلی,original,1405
دهم,هنر,نگارش,نگارش,بانک پایه,ارزیابی مفهومی,پوشش اولیه,متوسط,کدام ویژگی برای گزارش مناسب‌تر است؟,دقیق و روشن بودن,خیالی و بی‌منبع بودن,کاملاً مبهم بودن,بدون ترتیب بودن,A,گزارش باید روشن و دقیق باشد.,ترنم همدلی,original,1405
دهم,هنر,نگارش,نگارش,بانک پایه,ارزیابی مفهومی,پوشش اولیه,متوسط,بازنویسی یعنی چه؟,نوشتن دوباره با حفظ مفهوم اصلی,حذف کامل مفهوم,ترجمه به زبان دیگر همیشه,افزودن موضوع نامرتبط,A,بازنویسی می‌تواند شکل بیان را تغییر دهد بدون اینکه مفهوم اصلی از بین برود.,ترنم همدلی,original,1405
دهم,هنر,نگارش,نگارش,بانک پایه,ارزیابی مفهومی,پوشش اولیه,متوسط,طرح کلی نوشته چه فایده‌ای دارد؟,سازمان‌دهی ایده‌ها,افزایش خطا,حذف موضوع,توقف نوشتن,A,طرح کلی به نظم دادن ایده‌ها کمک می‌کند.,ترنم همدلی,original,1405
دهم,زبان,نگارش,نگارش,بانک پایه,ارزیابی مفهومی,پوشش اولیه,متوسط,یک پاراگراف خوب معمولاً چه دارد؟,موضوع مشخص و جمله‌های مرتبط,جمله‌های کاملاً بی‌ربط,فقط یک واژه,بدون موضوع,A,انسجام و موضوع مشخص از ویژگی‌های متن خوب است.,ترنم همدلی,original,1405
دهم,زبان,نگارش,نگارش,بانک پایه,ارزیابی مفهومی,پوشش اولیه,متوسط,مقدمه چه نقشی دارد؟,معرفی و آماده‌سازی موضوع,تکرار کامل نتیجه,حذف موضوع,پایان دادن متن,A,مقدمه خواننده را وارد موضوع می‌کند.,ترنم همدلی,original,1405
دهم,زبان,نگارش,نگارش,بانک پایه,ارزیابی مفهومی,پوشش اولیه,متوسط,نتیجه‌گیری چه می‌کند؟,جمع‌بندی نکات اصلی,شروع موضوع جدید,حذف استدلال,تکرار همه واژه‌ها,A,نتیجه‌گیری جمع‌بندی متن است.,ترنم همدلی,original,1405
دهم,زبان,نگارش,نگارش,بانک پایه,ارزیابی مفهومی,پوشش اولیه,متوسط,عنوان مناسب باید چگونه باشد؟,مرتبط و روشن,کاملاً بی‌ربط,بسیار مبهم,بدون ارتباط با متن,A,عنوان باید با محتوای نوشته ارتباط داشته باشد.,ترنم همدلی,original,1405
دهم,زبان,نگارش,نگارش,بانک پایه,ارزیابی مفهومی,پوشش اولیه,متوسط,انسجام متن یعنی چه؟,ارتباط منطقی جمله‌ها و بخش‌ها,طولانی بودن,زیاد بودن واژه‌ها,استفاده از کلمات سخت,A,انسجام به پیوند منطقی اجزای متن مربوط است.,ترنم همدلی,original,1405
دهم,زبان,نگارش,نگارش,بانک پایه,ارزیابی مفهومی,پوشش اولیه,متوسط,ویرایش چه هدفی دارد؟,بهبود محتوا و زبان نوشته,حذف همه متن,افزایش خطا,تغییر موضوع,A,ویرایش برای اصلاح و بهبود نوشته انجام می‌شود.,ترنم همدلی,original,1405
دهم,زبان,نگارش,نگارش,بانک پایه,ارزیابی مفهومی,پوشش اولیه,متوسط,نشانه‌گذاری چه کمکی می‌کند؟,خوانایی و فهم بهتر,حذف معنا,افزایش ابهام,کاهش واژه‌ها,A,نشانه‌گذاری درست ساختار و مکث متن را روشن می‌کند.,ترنم همدلی,original,1405
دهم,زبان,نگارش,نگارش,بانک پایه,ارزیابی مفهومی,پوشش اولیه,متوسط,کدام ویژگی برای گزارش مناسب‌تر است؟,دقیق و روشن بودن,خیالی و بی‌منبع بودن,کاملاً مبهم بودن,بدون ترتیب بودن,A,گزارش باید روشن و دقیق باشد.,ترنم همدلی,original,1405
دهم,زبان,نگارش,نگارش,بانک پایه,ارزیابی مفهومی,پوشش اولیه,متوسط,بازنویسی یعنی چه؟,نوشتن دوباره با حفظ مفهوم اصلی,حذف کامل مفهوم,ترجمه به زبان دیگر همیشه,افزودن موضوع نامرتبط,A,بازنویسی می‌تواند شکل بیان را تغییر دهد بدون اینکه مفهوم اصلی از بین برود.,ترنم همدلی,original,1405
دهم,زبان,نگارش,نگارش,بانک پایه,ارزیابی مفهومی,پوشش اولیه,متوسط,طرح کلی نوشته چه فایده‌ای دارد؟,سازمان‌دهی ایده‌ها,افزایش خطا,حذف موضوع,توقف نوشتن,A,طرح کلی به نظم دادن ایده‌ها کمک می‌کند.,ترنم همدلی,original,1405
دهم,ریاضی,دین و زندگی,دین و زندگی,بانک پایه,ارزیابی مفهومی,پوشش اولیه,متوسط,حق‌الناس به چه مربوط است؟,حقوق دیگران,فقط حقوق شخصی,فقط مسائل طبیعی,فقط درس مدرسه,A,حق‌الناس به حقوق و اموال مردم مربوط است.,ترنم همدلی,original,1405
دهم,ریاضی,دین و زندگی,دین و زندگی,بانک پایه,ارزیابی مفهومی,پوشش اولیه,متوسط,اسراف یعنی چه؟,مصرف بیش از اندازه و بی‌دلیل,صرفه‌جویی,استفاده درست,کمک به دیگران,A,اسراف مصرف بی‌رویه منابع است.,ترنم همدلی,original,1405
دهم,ریاضی,دین و زندگی,دین و زندگی,بانک پایه,ارزیابی مفهومی,پوشش اولیه,متوسط,توکل چه مفهومی دارد؟,اعتماد به خدا همراه با انجام وظیفه,رها کردن تلاش,بی‌برنامگی,نادیده گرفتن مسئولیت,A,توکل جایگزین تلاش و مسئولیت نیست.,ترنم همدلی,original,1405
دهم,ریاضی,دین و زندگی,دین و زندگی,بانک پایه,ارزیابی مفهومی,پوشش اولیه,متوسط,امر به معروف و نهی از منکر با چه چیزی همراه است؟,توجه مسئولانه به رفتار درست و نادرست,اجبار بدون شرایط,بی‌تفاوتی,توهین,A,درک شرایط و روش درست در این فریضه اهمیت دارد.,ترنم همدلی,original,1405
دهم,تجربی,دین و زندگی,دین و زندگی,بانک پایه,ارزیابی مفهومی,پوشش اولیه,متوسط,حق‌الناس به چه مربوط است؟,حقوق دیگران,فقط حقوق شخصی,فقط مسائل طبیعی,فقط درس مدرسه,A,حق‌الناس به حقوق و اموال مردم مربوط است.,ترنم همدلی,original,1405
دهم,تجربی,دین و زندگی,دین و زندگی,بانک پایه,ارزیابی مفهومی,پوشش اولیه,متوسط,اسراف یعنی چه؟,مصرف بیش از اندازه و بی‌دلیل,صرفه‌جویی,استفاده درست,کمک به دیگران,A,اسراف مصرف بی‌رویه منابع است.,ترنم همدلی,original,1405
دهم,تجربی,دین و زندگی,دین و زندگی,بانک پایه,ارزیابی مفهومی,پوشش اولیه,متوسط,توکل چه مفهومی دارد؟,اعتماد به خدا همراه با انجام وظیفه,رها کردن تلاش,بی‌برنامگی,نادیده گرفتن مسئولیت,A,توکل جایگزین تلاش و مسئولیت نیست.,ترنم همدلی,original,1405
دهم,تجربی,دین و زندگی,دین و زندگی,بانک پایه,ارزیابی مفهومی,پوشش اولیه,متوسط,امر به معروف و نهی از منکر با چه چیزی همراه است؟,توجه مسئولانه به رفتار درست و نادرست,اجبار بدون شرایط,بی‌تفاوتی,توهین,A,درک شرایط و روش درست در این فریضه اهمیت دارد.,ترنم همدلی,original,1405
دهم,انسانی,دین و زندگی,دین و زندگی,بانک پایه,ارزیابی مفهومی,پوشش اولیه,متوسط,حق‌الناس به چه مربوط است؟,حقوق دیگران,فقط حقوق شخصی,فقط مسائل طبیعی,فقط درس مدرسه,A,حق‌الناس به حقوق و اموال مردم مربوط است.,ترنم همدلی,original,1405
دهم,انسانی,دین و زندگی,دین و زندگی,بانک پایه,ارزیابی مفهومی,پوشش اولیه,متوسط,اسراف یعنی چه؟,مصرف بیش از اندازه و بی‌دلیل,صرفه‌جویی,استفاده درست,کمک به دیگران,A,اسراف مصرف بی‌رویه منابع است.,ترنم همدلی,original,1405
دهم,انسانی,دین و زندگی,دین و زندگی,بانک پایه,ارزیابی مفهومی,پوشش اولیه,متوسط,توکل چه مفهومی دارد؟,اعتماد به خدا همراه با انجام وظیفه,رها کردن تلاش,بی‌برنامگی,نادیده گرفتن مسئولیت,A,توکل جایگزین تلاش و مسئولیت نیست.,ترنم همدلی,original,1405
دهم,انسانی,دین و زندگی,دین و زندگی,بانک پایه,ارزیابی مفهومی,پوشش اولیه,متوسط,امر به معروف و نهی از منکر با چه چیزی همراه است؟,توجه مسئولانه به رفتار درست و نادرست,اجبار بدون شرایط,بی‌تفاوتی,توهین,A,درک شرایط و روش درست در این فریضه اهمیت دارد.,ترنم همدلی,original,1405
دهم,هنر,دین و زندگی,دین و زندگی,بانک پایه,ارزیابی مفهومی,پوشش اولیه,متوسط,صداقت در زندگی اجتماعی چه اثری دارد؟,اعتماد را افزایش می‌دهد,اعتماد را از بین می‌برد,همیشه باعث اختلاف می‌شود,هیچ اثری ندارد,A,صداقت پایه مهم اعتماد است.,ترنم همدلی,original,1405
دهم,هنر,دین و زندگی,دین و زندگی,بانک پایه,ارزیابی مفهومی,پوشش اولیه,متوسط,شکرگزاری بیشتر به چه معناست؟,شناخت نعمت و قدردانی,نادیده گرفتن نعمت‌ها,خودبرتربینی,بی‌تفاوتی,A,شکرگزاری با شناخت نعمت و قدردانی همراه است.,ترنم همدلی,original,1405
دهم,هنر,دین و زندگی,دین و زندگی,بانک پایه,ارزیابی مفهومی,پوشش اولیه,متوسط,نماز در آموزه‌های دینی چه نقشی دارد؟,ارتباط و یاد خدا,فقط فعالیت ورزشی,فقط مطالعه,فقط سرگرمی,A,نماز عبادت و یاد خداست.,ترنم همدلی,original,1405
دهم,هنر,دین و زندگی,دین و زندگی,بانک پایه,ارزیابی مفهومی,پوشش اولیه,متوسط,امانت‌داری یعنی چه؟,حفظ حق و مال سپرده‌شده,تصاحب امانت,نادیده گرفتن مسئولیت,پنهان کردن حقیقت,A,امانت‌داری یعنی رعایت حق صاحب امانت.,ترنم همدلی,original,1405
دهم,هنر,دین و زندگی,دین و زندگی,بانک پایه,ارزیابی مفهومی,پوشش اولیه,متوسط,احترام به والدین نمونه کدام رفتار است؟,نیکوکاری,بی‌تفاوتی,اسراف,غیبت,A,نیکی به والدین از رفتارهای اخلاقی است.,ترنم همدلی,original,1405
دهم,هنر,دین و زندگی,دین و زندگی,بانک پایه,ارزیابی مفهومی,پوشش اولیه,متوسط,صبر در برابر مشکل یعنی چه؟,پایداری همراه با رفتار سنجیده,رها کردن همه تلاش‌ها,خشم دائمی,انکار واقعیت,A,صبر با پایداری و کنترل رفتار همراه است.,ترنم همدلی,original,1405
دهم,هنر,دین و زندگی,دین و زندگی,بانک پایه,ارزیابی مفهومی,پوشش اولیه,متوسط,حق‌الناس به چه مربوط است؟,حقوق دیگران,فقط حقوق شخصی,فقط مسائل طبیعی,فقط درس مدرسه,A,حق‌الناس به حقوق و اموال مردم مربوط است.,ترنم همدلی,original,1405
دهم,هنر,دین و زندگی,دین و زندگی,بانک پایه,ارزیابی مفهومی,پوشش اولیه,متوسط,اسراف یعنی چه؟,مصرف بیش از اندازه و بی‌دلیل,صرفه‌جویی,استفاده درست,کمک به دیگران,A,اسراف مصرف بی‌رویه منابع است.,ترنم همدلی,original,1405
دهم,هنر,دین و زندگی,دین و زندگی,بانک پایه,ارزیابی مفهومی,پوشش اولیه,متوسط,توکل چه مفهومی دارد؟,اعتماد به خدا همراه با انجام وظیفه,رها کردن تلاش,بی‌برنامگی,نادیده گرفتن مسئولیت,A,توکل جایگزین تلاش و مسئولیت نیست.,ترنم همدلی,original,1405
دهم,هنر,دین و زندگی,دین و زندگی,بانک پایه,ارزیابی مفهومی,پوشش اولیه,متوسط,امر به معروف و نهی از منکر با چه چیزی همراه است؟,توجه مسئولانه به رفتار درست و نادرست,اجبار بدون شرایط,بی‌تفاوتی,توهین,A,درک شرایط و روش درست در این فریضه اهمیت دارد.,ترنم همدلی,original,1405
دهم,زبان,دین و زندگی,دین و زندگی,بانک پایه,ارزیابی مفهومی,پوشش اولیه,متوسط,صداقت در زندگی اجتماعی چه اثری دارد؟,اعتماد را افزایش می‌دهد,اعتماد را از بین می‌برد,همیشه باعث اختلاف می‌شود,هیچ اثری ندارد,A,صداقت پایه مهم اعتماد است.,ترنم همدلی,original,1405
دهم,زبان,دین و زندگی,دین و زندگی,بانک پایه,ارزیابی مفهومی,پوشش اولیه,متوسط,شکرگزاری بیشتر به چه معناست؟,شناخت نعمت و قدردانی,نادیده گرفتن نعمت‌ها,خودبرتربینی,بی‌تفاوتی,A,شکرگزاری با شناخت نعمت و قدردانی همراه است.,ترنم همدلی,original,1405
دهم,زبان,دین و زندگی,دین و زندگی,بانک پایه,ارزیابی مفهومی,پوشش اولیه,متوسط,نماز در آموزه‌های دینی چه نقشی دارد؟,ارتباط و یاد خدا,فقط فعالیت ورزشی,فقط مطالعه,فقط سرگرمی,A,نماز عبادت و یاد خداست.,ترنم همدلی,original,1405
دهم,زبان,دین و زندگی,دین و زندگی,بانک پایه,ارزیابی مفهومی,پوشش اولیه,متوسط,امانت‌داری یعنی چه؟,حفظ حق و مال سپرده‌شده,تصاحب امانت,نادیده گرفتن مسئولیت,پنهان کردن حقیقت,A,امانت‌داری یعنی رعایت حق صاحب امانت.,ترنم همدلی,original,1405
دهم,زبان,دین و زندگی,دین و زندگی,بانک پایه,ارزیابی مفهومی,پوشش اولیه,متوسط,احترام به والدین نمونه کدام رفتار است؟,نیکوکاری,بی‌تفاوتی,اسراف,غیبت,A,نیکی به والدین از رفتارهای اخلاقی است.,ترنم همدلی,original,1405
دهم,زبان,دین و زندگی,دین و زندگی,بانک پایه,ارزیابی مفهومی,پوشش اولیه,متوسط,صبر در برابر مشکل یعنی چه؟,پایداری همراه با رفتار سنجیده,رها کردن همه تلاش‌ها,خشم دائمی,انکار واقعیت,A,صبر با پایداری و کنترل رفتار همراه است.,ترنم همدلی,original,1405
دهم,زبان,دین و زندگی,دین و زندگی,بانک پایه,ارزیابی مفهومی,پوشش اولیه,متوسط,حق‌الناس به چه مربوط است؟,حقوق دیگران,فقط حقوق شخصی,فقط مسائل طبیعی,فقط درس مدرسه,A,حق‌الناس به حقوق و اموال مردم مربوط است.,ترنم همدلی,original,1405
دهم,زبان,دین و زندگی,دین و زندگی,بانک پایه,ارزیابی مفهومی,پوشش اولیه,متوسط,اسراف یعنی چه؟,مصرف بیش از اندازه و بی‌دلیل,صرفه‌جویی,استفاده درست,کمک به دیگران,A,اسراف مصرف بی‌رویه منابع است.,ترنم همدلی,original,1405
دهم,زبان,دین و زندگی,دین و زندگی,بانک پایه,ارزیابی مفهومی,پوشش اولیه,متوسط,توکل چه مفهومی دارد؟,اعتماد به خدا همراه با انجام وظیفه,رها کردن تلاش,بی‌برنامگی,نادیده گرفتن مسئولیت,A,توکل جایگزین تلاش و مسئولیت نیست.,ترنم همدلی,original,1405
دهم,زبان,دین و زندگی,دین و زندگی,بانک پایه,ارزیابی مفهومی,پوشش اولیه,متوسط,امر به معروف و نهی از منکر با چه چیزی همراه است؟,توجه مسئولانه به رفتار درست و نادرست,اجبار بدون شرایط,بی‌تفاوتی,توهین,A,درک شرایط و روش درست در این فریضه اهمیت دارد.,ترنم همدلی,original,1405
دهم,ریاضی,عربی,عربی,بانک پایه,ارزیابی مفهومی,پوشش اولیه,متوسط,برای بیان توانایی معمولاً از چه فعلی استفاده می‌شود؟,can,musted,didn't can,has,A,can برای بیان توانایی به کار می‌رود.,ترنم همدلی,original,1405
دهم,ریاضی,عربی,عربی,بانک پایه,ارزیابی مفهومی,پوشش اولیه,متوسط,کدام گزینه زمان حال استمراری را نشان می‌دهد؟,is reading,read yesterday,has read,will read,A,is reading ساختار حال استمراری است.,ترنم همدلی,original,1405
دهم,ریاضی,عربی,عربی,بانک پایه,ارزیابی مفهومی,پوشش اولیه,متوسط,کدام واژه به معنی «آموزش» نزدیک‌تر است؟,education,weather,window,market,A,education به معنی آموزش است.,ترنم همدلی,original,1405
دهم,ریاضی,عربی,عربی,بانک پایه,ارزیابی مفهومی,پوشش اولیه,متوسط,کدام گزینه یک پرسش درست است؟,Where do you live?,Where you live?,Do where live?,Where live you do?,A,ساختار پرسش درست است.,ترنم همدلی,original,1405
دهم,تجربی,عربی,عربی,بانک پایه,ارزیابی مفهومی,پوشش اولیه,متوسط,برای بیان توانایی معمولاً از چه فعلی استفاده می‌شود؟,can,musted,didn't can,has,A,can برای بیان توانایی به کار می‌رود.,ترنم همدلی,original,1405
دهم,تجربی,عربی,عربی,بانک پایه,ارزیابی مفهومی,پوشش اولیه,متوسط,کدام گزینه زمان حال استمراری را نشان می‌دهد؟,is reading,read yesterday,has read,will read,A,is reading ساختار حال استمراری است.,ترنم همدلی,original,1405
دهم,تجربی,عربی,عربی,بانک پایه,ارزیابی مفهومی,پوشش اولیه,متوسط,کدام واژه به معنی «آموزش» نزدیک‌تر است؟,education,weather,window,market,A,education به معنی آموزش است.,ترنم همدلی,original,1405
دهم,تجربی,عربی,عربی,بانک پایه,ارزیابی مفهومی,پوشش اولیه,متوسط,کدام گزینه یک پرسش درست است؟,Where do you live?,Where you live?,Do where live?,Where live you do?,A,ساختار پرسش درست است.,ترنم همدلی,original,1405
دهم,انسانی,عربی,عربی,بانک پایه,ارزیابی مفهومی,پوشش اولیه,متوسط,برای بیان توانایی معمولاً از چه فعلی استفاده می‌شود؟,can,musted,didn't can,has,A,can برای بیان توانایی به کار می‌رود.,ترنم همدلی,original,1405
دهم,انسانی,عربی,عربی,بانک پایه,ارزیابی مفهومی,پوشش اولیه,متوسط,کدام گزینه زمان حال استمراری را نشان می‌دهد؟,is reading,read yesterday,has read,will read,A,is reading ساختار حال استمراری است.,ترنم همدلی,original,1405
دهم,انسانی,عربی,عربی,بانک پایه,ارزیابی مفهومی,پوشش اولیه,متوسط,کدام واژه به معنی «آموزش» نزدیک‌تر است؟,education,weather,window,market,A,education به معنی آموزش است.,ترنم همدلی,original,1405
دهم,انسانی,عربی,عربی,بانک پایه,ارزیابی مفهومی,پوشش اولیه,متوسط,کدام گزینه یک پرسش درست است؟,Where do you live?,Where you live?,Do where live?,Where live you do?,A,ساختار پرسش درست است.,ترنم همدلی,original,1405
دهم,هنر,عربی,عربی,بانک پایه,ارزیابی مفهومی,پوشش اولیه,متوسط,کدام گزینه معادل انگلیسی «کتاب» است؟,book,school,chair,water,A,book به معنی کتاب است.,ترنم همدلی,original,1405
دهم,هنر,عربی,عربی,بانک پایه,ارزیابی مفهومی,پوشش اولیه,متوسط,کدام جمله از نظر دستوری درست است؟,She is a student.,She are a student.,She am a student.,She be a student.,A,برای فاعل مفرد سوم شخص از is استفاده می‌شود.,ترنم همدلی,original,1405
دهم,هنر,عربی,عربی,بانک پایه,ارزیابی مفهومی,پوشش اولیه,متوسط,گذشته ساده go چیست؟,goed,went,gone,going,B,گذشته ساده go، went است.,ترنم همدلی,original,1405
دهم,هنر,عربی,عربی,بانک پایه,ارزیابی مفهومی,پوشش اولیه,متوسط,جمع child چیست؟,childs,children,childes,childrens,B,جمع بی‌قاعده child برابر children است.,ترنم همدلی,original,1405
دهم,هنر,عربی,عربی,بانک پایه,ارزیابی مفهومی,پوشش اولیه,متوسط,مخالف hot کدام است؟,cold,fast,high,old,A,مخالف hot، cold است.,ترنم همدلی,original,1405
دهم,هنر,عربی,عربی,بانک پایه,ارزیابی مفهومی,پوشش اولیه,متوسط,کدام گزینه ضمیر است؟,they,book,quickly,beautiful,A,they یک ضمیر است.,ترنم همدلی,original,1405
دهم,هنر,عربی,عربی,بانک پایه,ارزیابی مفهومی,پوشش اولیه,متوسط,برای بیان توانایی معمولاً از چه فعلی استفاده می‌شود؟,can,musted,didn't can,has,A,can برای بیان توانایی به کار می‌رود.,ترنم همدلی,original,1405
دهم,هنر,عربی,عربی,بانک پایه,ارزیابی مفهومی,پوشش اولیه,متوسط,کدام گزینه زمان حال استمراری را نشان می‌دهد؟,is reading,read yesterday,has read,will read,A,is reading ساختار حال استمراری است.,ترنم همدلی,original,1405
دهم,هنر,عربی,عربی,بانک پایه,ارزیابی مفهومی,پوشش اولیه,متوسط,کدام واژه به معنی «آموزش» نزدیک‌تر است؟,education,weather,window,market,A,education به معنی آموزش است.,ترنم همدلی,original,1405
دهم,هنر,عربی,عربی,بانک پایه,ارزیابی مفهومی,پوشش اولیه,متوسط,کدام گزینه یک پرسش درست است؟,Where do you live?,Where you live?,Do where live?,Where live you do?,A,ساختار پرسش درست است.,ترنم همدلی,original,1405
دهم,زبان,عربی,عربی,بانک پایه,ارزیابی مفهومی,پوشش اولیه,متوسط,کدام گزینه معادل انگلیسی «کتاب» است؟,book,school,chair,water,A,book به معنی کتاب است.,ترنم همدلی,original,1405
دهم,زبان,عربی,عربی,بانک پایه,ارزیابی مفهومی,پوشش اولیه,متوسط,کدام جمله از نظر دستوری درست است؟,She is a student.,She are a student.,She am a student.,She be a student.,A,برای فاعل مفرد سوم شخص از is استفاده می‌شود.,ترنم همدلی,original,1405
دهم,زبان,عربی,عربی,بانک پایه,ارزیابی مفهومی,پوشش اولیه,متوسط,گذشته ساده go چیست؟,goed,went,gone,going,B,گذشته ساده go، went است.,ترنم همدلی,original,1405
دهم,زبان,عربی,عربی,بانک پایه,ارزیابی مفهومی,پوشش اولیه,متوسط,جمع child چیست؟,childs,children,childes,childrens,B,جمع بی‌قاعده child برابر children است.,ترنم همدلی,original,1405
دهم,زبان,عربی,عربی,بانک پایه,ارزیابی مفهومی,پوشش اولیه,متوسط,مخالف hot کدام است؟,cold,fast,high,old,A,مخالف hot، cold است.,ترنم همدلی,original,1405
دهم,زبان,عربی,عربی,بانک پایه,ارزیابی مفهومی,پوشش اولیه,متوسط,کدام گزینه ضمیر است؟,they,book,quickly,beautiful,A,they یک ضمیر است.,ترنم همدلی,original,1405
دهم,زبان,عربی,عربی,بانک پایه,ارزیابی مفهومی,پوشش اولیه,متوسط,برای بیان توانایی معمولاً از چه فعلی استفاده می‌شود؟,can,musted,didn't can,has,A,can برای بیان توانایی به کار می‌رود.,ترنم همدلی,original,1405
دهم,زبان,عربی,عربی,بانک پایه,ارزیابی مفهومی,پوشش اولیه,متوسط,کدام گزینه زمان حال استمراری را نشان می‌دهد؟,is reading,read yesterday,has read,will read,A,is reading ساختار حال استمراری است.,ترنم همدلی,original,1405
دهم,زبان,عربی,عربی,بانک پایه,ارزیابی مفهومی,پوشش اولیه,متوسط,کدام واژه به معنی «آموزش» نزدیک‌تر است؟,education,weather,window,market,A,education به معنی آموزش است.,ترنم همدلی,original,1405
دهم,زبان,عربی,عربی,بانک پایه,ارزیابی مفهومی,پوشش اولیه,متوسط,کدام گزینه یک پرسش درست است؟,Where do you live?,Where you live?,Do where live?,Where live you do?,A,ساختار پرسش درست است.,ترنم همدلی,original,1405
دهم,ریاضی,زبان انگلیسی,زبان انگلیسی,بانک پایه,ارزیابی مفهومی,پوشش اولیه,متوسط,برای بیان توانایی معمولاً از چه فعلی استفاده می‌شود؟,can,musted,didn't can,has,A,can برای بیان توانایی به کار می‌رود.,ترنم همدلی,original,1405
دهم,ریاضی,زبان انگلیسی,زبان انگلیسی,بانک پایه,ارزیابی مفهومی,پوشش اولیه,متوسط,کدام گزینه زمان حال استمراری را نشان می‌دهد؟,is reading,read yesterday,has read,will read,A,is reading ساختار حال استمراری است.,ترنم همدلی,original,1405
دهم,ریاضی,زبان انگلیسی,زبان انگلیسی,بانک پایه,ارزیابی مفهومی,پوشش اولیه,متوسط,کدام واژه به معنی «آموزش» نزدیک‌تر است؟,education,weather,window,market,A,education به معنی آموزش است.,ترنم همدلی,original,1405
دهم,ریاضی,زبان انگلیسی,زبان انگلیسی,بانک پایه,ارزیابی مفهومی,پوشش اولیه,متوسط,کدام گزینه یک پرسش درست است؟,Where do you live?,Where you live?,Do where live?,Where live you do?,A,ساختار پرسش درست است.,ترنم همدلی,original,1405
دهم,تجربی,زبان انگلیسی,زبان انگلیسی,بانک پایه,ارزیابی مفهومی,پوشش اولیه,متوسط,برای بیان توانایی معمولاً از چه فعلی استفاده می‌شود؟,can,musted,didn't can,has,A,can برای بیان توانایی به کار می‌رود.,ترنم همدلی,original,1405
دهم,تجربی,زبان انگلیسی,زبان انگلیسی,بانک پایه,ارزیابی مفهومی,پوشش اولیه,متوسط,کدام گزینه زمان حال استمراری را نشان می‌دهد؟,is reading,read yesterday,has read,will read,A,is reading ساختار حال استمراری است.,ترنم همدلی,original,1405
دهم,تجربی,زبان انگلیسی,زبان انگلیسی,بانک پایه,ارزیابی مفهومی,پوشش اولیه,متوسط,کدام واژه به معنی «آموزش» نزدیک‌تر است؟,education,weather,window,market,A,education به معنی آموزش است.,ترنم همدلی,original,1405
دهم,تجربی,زبان انگلیسی,زبان انگلیسی,بانک پایه,ارزیابی مفهومی,پوشش اولیه,متوسط,کدام گزینه یک پرسش درست است؟,Where do you live?,Where you live?,Do where live?,Where live you do?,A,ساختار پرسش درست است.,ترنم همدلی,original,1405
دهم,انسانی,زبان انگلیسی,زبان انگلیسی,بانک پایه,ارزیابی مفهومی,پوشش اولیه,متوسط,برای بیان توانایی معمولاً از چه فعلی استفاده می‌شود؟,can,musted,didn't can,has,A,can برای بیان توانایی به کار می‌رود.,ترنم همدلی,original,1405
دهم,انسانی,زبان انگلیسی,زبان انگلیسی,بانک پایه,ارزیابی مفهومی,پوشش اولیه,متوسط,کدام گزینه زمان حال استمراری را نشان می‌دهد؟,is reading,read yesterday,has read,will read,A,is reading ساختار حال استمراری است.,ترنم همدلی,original,1405
دهم,انسانی,زبان انگلیسی,زبان انگلیسی,بانک پایه,ارزیابی مفهومی,پوشش اولیه,متوسط,کدام واژه به معنی «آموزش» نزدیک‌تر است؟,education,weather,window,market,A,education به معنی آموزش است.,ترنم همدلی,original,1405
دهم,انسانی,زبان انگلیسی,زبان انگلیسی,بانک پایه,ارزیابی مفهومی,پوشش اولیه,متوسط,کدام گزینه یک پرسش درست است؟,Where do you live?,Where you live?,Do where live?,Where live you do?,A,ساختار پرسش درست است.,ترنم همدلی,original,1405
دهم,هنر,زبان انگلیسی,زبان انگلیسی,بانک پایه,ارزیابی مفهومی,پوشش اولیه,متوسط,کدام گزینه معادل انگلیسی «کتاب» است؟,book,school,chair,water,A,book به معنی کتاب است.,ترنم همدلی,original,1405
دهم,هنر,زبان انگلیسی,زبان انگلیسی,بانک پایه,ارزیابی مفهومی,پوشش اولیه,متوسط,کدام جمله از نظر دستوری درست است؟,She is a student.,She are a student.,She am a student.,She be a student.,A,برای فاعل مفرد سوم شخص از is استفاده می‌شود.,ترنم همدلی,original,1405
دهم,هنر,زبان انگلیسی,زبان انگلیسی,بانک پایه,ارزیابی مفهومی,پوشش اولیه,متوسط,گذشته ساده go چیست؟,goed,went,gone,going,B,گذشته ساده go، went است.,ترنم همدلی,original,1405
دهم,هنر,زبان انگلیسی,زبان انگلیسی,بانک پایه,ارزیابی مفهومی,پوشش اولیه,متوسط,جمع child چیست؟,childs,children,childes,childrens,B,جمع بی‌قاعده child برابر children است.,ترنم همدلی,original,1405
دهم,هنر,زبان انگلیسی,زبان انگلیسی,بانک پایه,ارزیابی مفهومی,پوشش اولیه,متوسط,مخالف hot کدام است؟,cold,fast,high,old,A,مخالف hot، cold است.,ترنم همدلی,original,1405
دهم,هنر,زبان انگلیسی,زبان انگلیسی,بانک پایه,ارزیابی مفهومی,پوشش اولیه,متوسط,کدام گزینه ضمیر است؟,they,book,quickly,beautiful,A,they یک ضمیر است.,ترنم همدلی,original,1405
دهم,هنر,زبان انگلیسی,زبان انگلیسی,بانک پایه,ارزیابی مفهومی,پوشش اولیه,متوسط,برای بیان توانایی معمولاً از چه فعلی استفاده می‌شود؟,can,musted,didn't can,has,A,can برای بیان توانایی به کار می‌رود.,ترنم همدلی,original,1405
دهم,هنر,زبان انگلیسی,زبان انگلیسی,بانک پایه,ارزیابی مفهومی,پوشش اولیه,متوسط,کدام گزینه زمان حال استمراری را نشان می‌دهد؟,is reading,read yesterday,has read,will read,A,is reading ساختار حال استمراری است.,ترنم همدلی,original,1405
دهم,هنر,زبان انگلیسی,زبان انگلیسی,بانک پایه,ارزیابی مفهومی,پوشش اولیه,متوسط,کدام واژه به معنی «آموزش» نزدیک‌تر است؟,education,weather,window,market,A,education به معنی آموزش است.,ترنم همدلی,original,1405
دهم,هنر,زبان انگلیسی,زبان انگلیسی,بانک پایه,ارزیابی مفهومی,پوشش اولیه,متوسط,کدام گزینه یک پرسش درست است؟,Where do you live?,Where you live?,Do where live?,Where live you do?,A,ساختار پرسش درست است.,ترنم همدلی,original,1405
دهم,زبان,زبان انگلیسی,زبان انگلیسی,بانک پایه,ارزیابی مفهومی,پوشش اولیه,متوسط,کدام گزینه معادل انگلیسی «کتاب» است؟,book,school,chair,water,A,book به معنی کتاب است.,ترنم همدلی,original,1405
دهم,زبان,زبان انگلیسی,زبان انگلیسی,بانک پایه,ارزیابی مفهومی,پوشش اولیه,متوسط,کدام جمله از نظر دستوری درست است؟,She is a student.,She are a student.,She am a student.,She be a student.,A,برای فاعل مفرد سوم شخص از is استفاده می‌شود.,ترنم همدلی,original,1405
دهم,زبان,زبان انگلیسی,زبان انگلیسی,بانک پایه,ارزیابی مفهومی,پوشش اولیه,متوسط,گذشته ساده go چیست؟,goed,went,gone,going,B,گذشته ساده go، went است.,ترنم همدلی,original,1405
دهم,زبان,زبان انگلیسی,زبان انگلیسی,بانک پایه,ارزیابی مفهومی,پوشش اولیه,متوسط,جمع child چیست؟,childs,children,childes,childrens,B,جمع بی‌قاعده child برابر children است.,ترنم همدلی,original,1405
دهم,زبان,زبان انگلیسی,زبان انگلیسی,بانک پایه,ارزیابی مفهومی,پوشش اولیه,متوسط,مخالف hot کدام است؟,cold,fast,high,old,A,مخالف hot، cold است.,ترنم همدلی,original,1405
دهم,زبان,زبان انگلیسی,زبان انگلیسی,بانک پایه,ارزیابی مفهومی,پوشش اولیه,متوسط,کدام گزینه ضمیر است؟,they,book,quickly,beautiful,A,they یک ضمیر است.,ترنم همدلی,original,1405
دهم,زبان,زبان انگلیسی,زبان انگلیسی,بانک پایه,ارزیابی مفهومی,پوشش اولیه,متوسط,برای بیان توانایی معمولاً از چه فعلی استفاده می‌شود؟,can,musted,didn't can,has,A,can برای بیان توانایی به کار می‌رود.,ترنم همدلی,original,1405
دهم,زبان,زبان انگلیسی,زبان انگلیسی,بانک پایه,ارزیابی مفهومی,پوشش اولیه,متوسط,کدام گزینه زمان حال استمراری را نشان می‌دهد؟,is reading,read yesterday,has read,will read,A,is reading ساختار حال استمراری است.,ترنم همدلی,original,1405
دهم,زبان,زبان انگلیسی,زبان انگلیسی,بانک پایه,ارزیابی مفهومی,پوشش اولیه,متوسط,کدام واژه به معنی «آموزش» نزدیک‌تر است؟,education,weather,window,market,A,education به معنی آموزش است.,ترنم همدلی,original,1405
دهم,زبان,زبان انگلیسی,زبان انگلیسی,بانک پایه,ارزیابی مفهومی,پوشش اولیه,متوسط,کدام گزینه یک پرسش درست است؟,Where do you live?,Where you live?,Do where live?,Where live you do?,A,ساختار پرسش درست است.,ترنم همدلی,original,1405
دهم,ریاضی,تفکر و سواد رسانه‌ای,تفکر و سواد رسانه‌ای,بانک پایه,ارزیابی مفهومی,پوشش اولیه,متوسط,فرضیه چیست؟,پاسخ پیشنهادی قابل بررسی,نتیجه قطعی بدون بررسی,یک شایعه,یک عدد,A,فرضیه باید امکان بررسی داشته باشد.,ترنم همدلی,original,1405
دهم,ریاضی,تفکر و سواد رسانه‌ای,تفکر و سواد رسانه‌ای,بانک پایه,ارزیابی مفهومی,پوشش اولیه,متوسط,شاهد معتبر چه کمکی می‌کند؟,پشتیبانی از یک ادعا,حذف پرسش,افزایش حدس,جایگزینی واقعیت,A,شواهد برای ارزیابی ادعا اهمیت دارند.,ترنم همدلی,original,1405
دهم,ریاضی,تفکر و سواد رسانه‌ای,تفکر و سواد رسانه‌ای,بانک پایه,ارزیابی مفهومی,پوشش اولیه,متوسط,تفکر نقاد یعنی چه؟,بررسی سنجیده ادعاها و شواهد,پذیرش همه چیز,رد همه چیز,حفظ کردن بدون فهم,A,تفکر نقاد بر ارزیابی دلیل و شواهد تکیه دارد.,ترنم همدلی,original,1405
دهم,ریاضی,تفکر و سواد رسانه‌ای,تفکر و سواد رسانه‌ای,بانک پایه,ارزیابی مفهومی,پوشش اولیه,متوسط,حل مسئله از کجا بهتر شروع می‌شود؟,تعریف دقیق مسئله,حدس نتیجه,نادیده گرفتن مشکل,انتخاب تصادفی,A,تعریف دقیق مسئله مسیر حل را روشن می‌کند.,ترنم همدلی,original,1405
دهم,ریاضی,تفکر و سواد رسانه‌ای,تفکر و سواد رسانه‌ای,بانک پایه,ارزیابی مفهومی,پوشش اولیه,متوسط,تصمیم‌گیری خوب به چه نیاز دارد؟,بررسی گزینه‌ها و پیامدها,عجله همیشگی,نادیده گرفتن اطلاعات,پیروی کورکورانه,A,مقایسه گزینه‌ها و پیامدها به تصمیم بهتر کمک می‌کند.,ترنم همدلی,original,1405
دهم,ریاضی,تفکر و سواد رسانه‌ای,تفکر و سواد رسانه‌ای,بانک پایه,ارزیابی مفهومی,پوشش اولیه,متوسط,سواد رسانه‌ای چه می‌کند؟,پیام رسانه را تحلیل می‌کند,همه خبرها را درست فرض می‌کند,منبع را حذف می‌کند,فقط عنوان را می‌خواند,A,سواد رسانه‌ای توان تحلیل پیام و منبع را تقویت می‌کند.,ترنم همدلی,original,1405
دهم,ریاضی,تفکر و سواد رسانه‌ای,تفکر و سواد رسانه‌ای,بانک پایه,ارزیابی مفهومی,پوشش اولیه,متوسط,کدام مورد یک منبع اولیه است؟,گزارش مستقیم یک رویداد توسط شاهد,متن بازنویسی‌شده بدون منبع,شایعه,نظر ناشناس,A,منبع اولیه مستقیماً به رویداد یا داده نزدیک است.,ترنم همدلی,original,1405
دهم,ریاضی,تفکر و سواد رسانه‌ای,تفکر و سواد رسانه‌ای,بانک پایه,ارزیابی مفهومی,پوشش اولیه,متوسط,همدلی در ارتباط یعنی چه؟,درک احساس و دیدگاه دیگری,موافقت با همه چیز,قطع گفت‌وگو,قضاوت فوری,A,همدلی به درک تجربه دیگری مربوط است.,ترنم همدلی,original,1405
دهم,ریاضی,تفکر و سواد رسانه‌ای,تفکر و سواد رسانه‌ای,بانک پایه,ارزیابی مفهومی,پوشش اولیه,متوسط,هدف‌گذاری مؤثر بهتر است چگونه باشد؟,مشخص و قابل اندازه‌گیری,کاملاً مبهم,بدون زمان‌بندی,غیرقابل سنجش,A,هدف مشخص و قابل اندازه‌گیری پیگیری را آسان می‌کند.,ترنم همدلی,original,1405
دهم,ریاضی,تفکر و سواد رسانه‌ای,تفکر و سواد رسانه‌ای,بانک پایه,ارزیابی مفهومی,پوشش اولیه,متوسط,بازخورد سازنده چه ویژگی دارد؟,مشخص و قابل استفاده برای بهبود,تحقیرآمیز,مبهم,صرفاً منفی,A,بازخورد سازنده به رفتار و مسیر بهبود اشاره می‌کند.,ترنم همدلی,original,1405
دهم,تجربی,تفکر و سواد رسانه‌ای,تفکر و سواد رسانه‌ای,بانک پایه,ارزیابی مفهومی,پوشش اولیه,متوسط,فرضیه چیست؟,پاسخ پیشنهادی قابل بررسی,نتیجه قطعی بدون بررسی,یک شایعه,یک عدد,A,فرضیه باید امکان بررسی داشته باشد.,ترنم همدلی,original,1405
دهم,تجربی,تفکر و سواد رسانه‌ای,تفکر و سواد رسانه‌ای,بانک پایه,ارزیابی مفهومی,پوشش اولیه,متوسط,شاهد معتبر چه کمکی می‌کند؟,پشتیبانی از یک ادعا,حذف پرسش,افزایش حدس,جایگزینی واقعیت,A,شواهد برای ارزیابی ادعا اهمیت دارند.,ترنم همدلی,original,1405
دهم,تجربی,تفکر و سواد رسانه‌ای,تفکر و سواد رسانه‌ای,بانک پایه,ارزیابی مفهومی,پوشش اولیه,متوسط,تفکر نقاد یعنی چه؟,بررسی سنجیده ادعاها و شواهد,پذیرش همه چیز,رد همه چیز,حفظ کردن بدون فهم,A,تفکر نقاد بر ارزیابی دلیل و شواهد تکیه دارد.,ترنم همدلی,original,1405
دهم,تجربی,تفکر و سواد رسانه‌ای,تفکر و سواد رسانه‌ای,بانک پایه,ارزیابی مفهومی,پوشش اولیه,متوسط,حل مسئله از کجا بهتر شروع می‌شود؟,تعریف دقیق مسئله,حدس نتیجه,نادیده گرفتن مشکل,انتخاب تصادفی,A,تعریف دقیق مسئله مسیر حل را روشن می‌کند.,ترنم همدلی,original,1405
دهم,تجربی,تفکر و سواد رسانه‌ای,تفکر و سواد رسانه‌ای,بانک پایه,ارزیابی مفهومی,پوشش اولیه,متوسط,تصمیم‌گیری خوب به چه نیاز دارد؟,بررسی گزینه‌ها و پیامدها,عجله همیشگی,نادیده گرفتن اطلاعات,پیروی کورکورانه,A,مقایسه گزینه‌ها و پیامدها به تصمیم بهتر کمک می‌کند.,ترنم همدلی,original,1405
دهم,تجربی,تفکر و سواد رسانه‌ای,تفکر و سواد رسانه‌ای,بانک پایه,ارزیابی مفهومی,پوشش اولیه,متوسط,سواد رسانه‌ای چه می‌کند؟,پیام رسانه را تحلیل می‌کند,همه خبرها را درست فرض می‌کند,منبع را حذف می‌کند,فقط عنوان را می‌خواند,A,سواد رسانه‌ای توان تحلیل پیام و منبع را تقویت می‌کند.,ترنم همدلی,original,1405
دهم,تجربی,تفکر و سواد رسانه‌ای,تفکر و سواد رسانه‌ای,بانک پایه,ارزیابی مفهومی,پوشش اولیه,متوسط,کدام مورد یک منبع اولیه است؟,گزارش مستقیم یک رویداد توسط شاهد,متن بازنویسی‌شده بدون منبع,شایعه,نظر ناشناس,A,منبع اولیه مستقیماً به رویداد یا داده نزدیک است.,ترنم همدلی,original,1405
دهم,تجربی,تفکر و سواد رسانه‌ای,تفکر و سواد رسانه‌ای,بانک پایه,ارزیابی مفهومی,پوشش اولیه,متوسط,همدلی در ارتباط یعنی چه؟,درک احساس و دیدگاه دیگری,موافقت با همه چیز,قطع گفت‌وگو,قضاوت فوری,A,همدلی به درک تجربه دیگری مربوط است.,ترنم همدلی,original,1405
دهم,تجربی,تفکر و سواد رسانه‌ای,تفکر و سواد رسانه‌ای,بانک پایه,ارزیابی مفهومی,پوشش اولیه,متوسط,هدف‌گذاری مؤثر بهتر است چگونه باشد؟,مشخص و قابل اندازه‌گیری,کاملاً مبهم,بدون زمان‌بندی,غیرقابل سنجش,A,هدف مشخص و قابل اندازه‌گیری پیگیری را آسان می‌کند.,ترنم همدلی,original,1405
دهم,تجربی,تفکر و سواد رسانه‌ای,تفکر و سواد رسانه‌ای,بانک پایه,ارزیابی مفهومی,پوشش اولیه,متوسط,بازخورد سازنده چه ویژگی دارد؟,مشخص و قابل استفاده برای بهبود,تحقیرآمیز,مبهم,صرفاً منفی,A,بازخورد سازنده به رفتار و مسیر بهبود اشاره می‌کند.,ترنم همدلی,original,1405
دهم,انسانی,تفکر و سواد رسانه‌ای,تفکر و سواد رسانه‌ای,بانک پایه,ارزیابی مفهومی,پوشش اولیه,متوسط,فرضیه چیست؟,پاسخ پیشنهادی قابل بررسی,نتیجه قطعی بدون بررسی,یک شایعه,یک عدد,A,فرضیه باید امکان بررسی داشته باشد.,ترنم همدلی,original,1405
دهم,انسانی,تفکر و سواد رسانه‌ای,تفکر و سواد رسانه‌ای,بانک پایه,ارزیابی مفهومی,پوشش اولیه,متوسط,شاهد معتبر چه کمکی می‌کند؟,پشتیبانی از یک ادعا,حذف پرسش,افزایش حدس,جایگزینی واقعیت,A,شواهد برای ارزیابی ادعا اهمیت دارند.,ترنم همدلی,original,1405
دهم,انسانی,تفکر و سواد رسانه‌ای,تفکر و سواد رسانه‌ای,بانک پایه,ارزیابی مفهومی,پوشش اولیه,متوسط,تفکر نقاد یعنی چه؟,بررسی سنجیده ادعاها و شواهد,پذیرش همه چیز,رد همه چیز,حفظ کردن بدون فهم,A,تفکر نقاد بر ارزیابی دلیل و شواهد تکیه دارد.,ترنم همدلی,original,1405
دهم,انسانی,تفکر و سواد رسانه‌ای,تفکر و سواد رسانه‌ای,بانک پایه,ارزیابی مفهومی,پوشش اولیه,متوسط,حل مسئله از کجا بهتر شروع می‌شود؟,تعریف دقیق مسئله,حدس نتیجه,نادیده گرفتن مشکل,انتخاب تصادفی,A,تعریف دقیق مسئله مسیر حل را روشن می‌کند.,ترنم همدلی,original,1405
دهم,انسانی,تفکر و سواد رسانه‌ای,تفکر و سواد رسانه‌ای,بانک پایه,ارزیابی مفهومی,پوشش اولیه,متوسط,تصمیم‌گیری خوب به چه نیاز دارد؟,بررسی گزینه‌ها و پیامدها,عجله همیشگی,نادیده گرفتن اطلاعات,پیروی کورکورانه,A,مقایسه گزینه‌ها و پیامدها به تصمیم بهتر کمک می‌کند.,ترنم همدلی,original,1405
دهم,انسانی,تفکر و سواد رسانه‌ای,تفکر و سواد رسانه‌ای,بانک پایه,ارزیابی مفهومی,پوشش اولیه,متوسط,سواد رسانه‌ای چه می‌کند؟,پیام رسانه را تحلیل می‌کند,همه خبرها را درست فرض می‌کند,منبع را حذف می‌کند,فقط عنوان را می‌خواند,A,سواد رسانه‌ای توان تحلیل پیام و منبع را تقویت می‌کند.,ترنم همدلی,original,1405
دهم,انسانی,تفکر و سواد رسانه‌ای,تفکر و سواد رسانه‌ای,بانک پایه,ارزیابی مفهومی,پوشش اولیه,متوسط,کدام مورد یک منبع اولیه است؟,گزارش مستقیم یک رویداد توسط شاهد,متن بازنویسی‌شده بدون منبع,شایعه,نظر ناشناس,A,منبع اولیه مستقیماً به رویداد یا داده نزدیک است.,ترنم همدلی,original,1405
دهم,انسانی,تفکر و سواد رسانه‌ای,تفکر و سواد رسانه‌ای,بانک پایه,ارزیابی مفهومی,پوشش اولیه,متوسط,همدلی در ارتباط یعنی چه؟,درک احساس و دیدگاه دیگری,موافقت با همه چیز,قطع گفت‌وگو,قضاوت فوری,A,همدلی به درک تجربه دیگری مربوط است.,ترنم همدلی,original,1405
دهم,انسانی,تفکر و سواد رسانه‌ای,تفکر و سواد رسانه‌ای,بانک پایه,ارزیابی مفهومی,پوشش اولیه,متوسط,هدف‌گذاری مؤثر بهتر است چگونه باشد؟,مشخص و قابل اندازه‌گیری,کاملاً مبهم,بدون زمان‌بندی,غیرقابل سنجش,A,هدف مشخص و قابل اندازه‌گیری پیگیری را آسان می‌کند.,ترنم همدلی,original,1405
دهم,انسانی,تفکر و سواد رسانه‌ای,تفکر و سواد رسانه‌ای,بانک پایه,ارزیابی مفهومی,پوشش اولیه,متوسط,بازخورد سازنده چه ویژگی دارد؟,مشخص و قابل استفاده برای بهبود,تحقیرآمیز,مبهم,صرفاً منفی,A,بازخورد سازنده به رفتار و مسیر بهبود اشاره می‌کند.,ترنم همدلی,original,1405
دهم,هنر,تفکر و سواد رسانه‌ای,تفکر و سواد رسانه‌ای,بانک پایه,ارزیابی مفهومی,پوشش اولیه,متوسط,فرضیه چیست؟,پاسخ پیشنهادی قابل بررسی,نتیجه قطعی بدون بررسی,یک شایعه,یک عدد,A,فرضیه باید امکان بررسی داشته باشد.,ترنم همدلی,original,1405
دهم,هنر,تفکر و سواد رسانه‌ای,تفکر و سواد رسانه‌ای,بانک پایه,ارزیابی مفهومی,پوشش اولیه,متوسط,شاهد معتبر چه کمکی می‌کند؟,پشتیبانی از یک ادعا,حذف پرسش,افزایش حدس,جایگزینی واقعیت,A,شواهد برای ارزیابی ادعا اهمیت دارند.,ترنم همدلی,original,1405
دهم,هنر,تفکر و سواد رسانه‌ای,تفکر و سواد رسانه‌ای,بانک پایه,ارزیابی مفهومی,پوشش اولیه,متوسط,تفکر نقاد یعنی چه؟,بررسی سنجیده ادعاها و شواهد,پذیرش همه چیز,رد همه چیز,حفظ کردن بدون فهم,A,تفکر نقاد بر ارزیابی دلیل و شواهد تکیه دارد.,ترنم همدلی,original,1405
دهم,هنر,تفکر و سواد رسانه‌ای,تفکر و سواد رسانه‌ای,بانک پایه,ارزیابی مفهومی,پوشش اولیه,متوسط,حل مسئله از کجا بهتر شروع می‌شود؟,تعریف دقیق مسئله,حدس نتیجه,نادیده گرفتن مشکل,انتخاب تصادفی,A,تعریف دقیق مسئله مسیر حل را روشن می‌کند.,ترنم همدلی,original,1405
دهم,هنر,تفکر و سواد رسانه‌ای,تفکر و سواد رسانه‌ای,بانک پایه,ارزیابی مفهومی,پوشش اولیه,متوسط,تصمیم‌گیری خوب به چه نیاز دارد؟,بررسی گزینه‌ها و پیامدها,عجله همیشگی,نادیده گرفتن اطلاعات,پیروی کورکورانه,A,مقایسه گزینه‌ها و پیامدها به تصمیم بهتر کمک می‌کند.,ترنم همدلی,original,1405
دهم,هنر,تفکر و سواد رسانه‌ای,تفکر و سواد رسانه‌ای,بانک پایه,ارزیابی مفهومی,پوشش اولیه,متوسط,سواد رسانه‌ای چه می‌کند؟,پیام رسانه را تحلیل می‌کند,همه خبرها را درست فرض می‌کند,منبع را حذف می‌کند,فقط عنوان را می‌خواند,A,سواد رسانه‌ای توان تحلیل پیام و منبع را تقویت می‌کند.,ترنم همدلی,original,1405
دهم,هنر,تفکر و سواد رسانه‌ای,تفکر و سواد رسانه‌ای,بانک پایه,ارزیابی مفهومی,پوشش اولیه,متوسط,کدام مورد یک منبع اولیه است؟,گزارش مستقیم یک رویداد توسط شاهد,متن بازنویسی‌شده بدون منبع,شایعه,نظر ناشناس,A,منبع اولیه مستقیماً به رویداد یا داده نزدیک است.,ترنم همدلی,original,1405
دهم,هنر,تفکر و سواد رسانه‌ای,تفکر و سواد رسانه‌ای,بانک پایه,ارزیابی مفهومی,پوشش اولیه,متوسط,همدلی در ارتباط یعنی چه؟,درک احساس و دیدگاه دیگری,موافقت با همه چیز,قطع گفت‌وگو,قضاوت فوری,A,همدلی به درک تجربه دیگری مربوط است.,ترنم همدلی,original,1405
دهم,هنر,تفکر و سواد رسانه‌ای,تفکر و سواد رسانه‌ای,بانک پایه,ارزیابی مفهومی,پوشش اولیه,متوسط,هدف‌گذاری مؤثر بهتر است چگونه باشد؟,مشخص و قابل اندازه‌گیری,کاملاً مبهم,بدون زمان‌بندی,غیرقابل سنجش,A,هدف مشخص و قابل اندازه‌گیری پیگیری را آسان می‌کند.,ترنم همدلی,original,1405
دهم,هنر,تفکر و سواد رسانه‌ای,تفکر و سواد رسانه‌ای,بانک پایه,ارزیابی مفهومی,پوشش اولیه,متوسط,بازخورد سازنده چه ویژگی دارد؟,مشخص و قابل استفاده برای بهبود,تحقیرآمیز,مبهم,صرفاً منفی,A,بازخورد سازنده به رفتار و مسیر بهبود اشاره می‌کند.,ترنم همدلی,original,1405
دهم,زبان,تفکر و سواد رسانه‌ای,تفکر و سواد رسانه‌ای,بانک پایه,ارزیابی مفهومی,پوشش اولیه,متوسط,فرضیه چیست؟,پاسخ پیشنهادی قابل بررسی,نتیجه قطعی بدون بررسی,یک شایعه,یک عدد,A,فرضیه باید امکان بررسی داشته باشد.,ترنم همدلی,original,1405
دهم,زبان,تفکر و سواد رسانه‌ای,تفکر و سواد رسانه‌ای,بانک پایه,ارزیابی مفهومی,پوشش اولیه,متوسط,شاهد معتبر چه کمکی می‌کند؟,پشتیبانی از یک ادعا,حذف پرسش,افزایش حدس,جایگزینی واقعیت,A,شواهد برای ارزیابی ادعا اهمیت دارند.,ترنم همدلی,original,1405
دهم,زبان,تفکر و سواد رسانه‌ای,تفکر و سواد رسانه‌ای,بانک پایه,ارزیابی مفهومی,پوشش اولیه,متوسط,تفکر نقاد یعنی چه؟,بررسی سنجیده ادعاها و شواهد,پذیرش همه چیز,رد همه چیز,حفظ کردن بدون فهم,A,تفکر نقاد بر ارزیابی دلیل و شواهد تکیه دارد.,ترنم همدلی,original,1405
دهم,زبان,تفکر و سواد رسانه‌ای,تفکر و سواد رسانه‌ای,بانک پایه,ارزیابی مفهومی,پوشش اولیه,متوسط,حل مسئله از کجا بهتر شروع می‌شود؟,تعریف دقیق مسئله,حدس نتیجه,نادیده گرفتن مشکل,انتخاب تصادفی,A,تعریف دقیق مسئله مسیر حل را روشن می‌کند.,ترنم همدلی,original,1405
دهم,زبان,تفکر و سواد رسانه‌ای,تفکر و سواد رسانه‌ای,بانک پایه,ارزیابی مفهومی,پوشش اولیه,متوسط,تصمیم‌گیری خوب به چه نیاز دارد؟,بررسی گزینه‌ها و پیامدها,عجله همیشگی,نادیده گرفتن اطلاعات,پیروی کورکورانه,A,مقایسه گزینه‌ها و پیامدها به تصمیم بهتر کمک می‌کند.,ترنم همدلی,original,1405
دهم,زبان,تفکر و سواد رسانه‌ای,تفکر و سواد رسانه‌ای,بانک پایه,ارزیابی مفهومی,پوشش اولیه,متوسط,سواد رسانه‌ای چه می‌کند؟,پیام رسانه را تحلیل می‌کند,همه خبرها را درست فرض می‌کند,منبع را حذف می‌کند,فقط عنوان را می‌خواند,A,سواد رسانه‌ای توان تحلیل پیام و منبع را تقویت می‌کند.,ترنم همدلی,original,1405
دهم,زبان,تفکر و سواد رسانه‌ای,تفکر و سواد رسانه‌ای,بانک پایه,ارزیابی مفهومی,پوشش اولیه,متوسط,کدام مورد یک منبع اولیه است؟,گزارش مستقیم یک رویداد توسط شاهد,متن بازنویسی‌شده بدون منبع,شایعه,نظر ناشناس,A,منبع اولیه مستقیماً به رویداد یا داده نزدیک است.,ترنم همدلی,original,1405
دهم,زبان,تفکر و سواد رسانه‌ای,تفکر و سواد رسانه‌ای,بانک پایه,ارزیابی مفهومی,پوشش اولیه,متوسط,همدلی در ارتباط یعنی چه؟,درک احساس و دیدگاه دیگری,موافقت با همه چیز,قطع گفت‌وگو,قضاوت فوری,A,همدلی به درک تجربه دیگری مربوط است.,ترنم همدلی,original,1405
دهم,زبان,تفکر و سواد رسانه‌ای,تفکر و سواد رسانه‌ای,بانک پایه,ارزیابی مفهومی,پوشش اولیه,متوسط,هدف‌گذاری مؤثر بهتر است چگونه باشد؟,مشخص و قابل اندازه‌گیری,کاملاً مبهم,بدون زمان‌بندی,غیرقابل سنجش,A,هدف مشخص و قابل اندازه‌گیری پیگیری را آسان می‌کند.,ترنم همدلی,original,1405
دهم,زبان,تفکر و سواد رسانه‌ای,تفکر و سواد رسانه‌ای,بانک پایه,ارزیابی مفهومی,پوشش اولیه,متوسط,بازخورد سازنده چه ویژگی دارد؟,مشخص و قابل استفاده برای بهبود,تحقیرآمیز,مبهم,صرفاً منفی,A,بازخورد سازنده به رفتار و مسیر بهبود اشاره می‌کند.,ترنم همدلی,original,1405
دهم,ریاضی,کارگاه کارآفرینی و تولید,کارگاه کارآفرینی و تولید,بانک پایه,ارزیابی مفهومی,پوشش اولیه,متوسط,الگوریتم چیست؟,مجموعه گام‌های مشخص برای حل مسئله,یک تصویر,یک فایل صوتی,یک دستگاه,A,الگوریتم ترتیب مشخص مراحل حل مسئله است.,ترنم همدلی,original,1405
دهم,ریاضی,کارگاه کارآفرینی و تولید,کارگاه کارآفرینی و تولید,بانک پایه,ارزیابی مفهومی,پوشش اولیه,متوسط,رمز عبور قوی بهتر است چه ویژگی داشته باشد؟,ترکیبی و غیرقابل حدس,فقط نام فرد,123456,تاریخ تولد,A,رمز عبور قوی باید دشوار و غیرقابل حدس باشد.,ترنم همدلی,original,1405
دهم,ریاضی,کارگاه کارآفرینی و تولید,کارگاه کارآفرینی و تولید,بانک پایه,ارزیابی مفهومی,پوشش اولیه,متوسط,پشتیبان‌گیری چه فایده‌ای دارد؟,کاهش خطر از دست رفتن داده,افزایش ویروس,حذف فایل‌ها,کاهش امنیت,A,نسخه پشتیبان برای بازیابی داده‌ها مفید است.,ترنم همدلی,original,1405
دهم,ریاضی,کارگاه کارآفرینی و تولید,کارگاه کارآفرینی و تولید,بانک پایه,ارزیابی مفهومی,پوشش اولیه,متوسط,مرورگر برای چه کاری است؟,دسترسی به صفحات وب,ویرایش سخت‌افزار,اندازه‌گیری دما,چاپ سه‌بعدی فقط,A,مرورگر نرم‌افزار دسترسی به وب است.,ترنم همدلی,original,1405
دهم,ریاضی,کارگاه کارآفرینی و تولید,کارگاه کارآفرینی و تولید,بانک پایه,ارزیابی مفهومی,پوشش اولیه,متوسط,کدام مورد نمونه‌ای از ورودی رایانه است؟,صفحه‌کلید,بلندگو,چاپگر,مانیتور,A,صفحه‌کلید داده را وارد رایانه می‌کند.,ترنم همدلی,original,1405
دهم,ریاضی,کارگاه کارآفرینی و تولید,کارگاه کارآفرینی و تولید,بانک پایه,ارزیابی مفهومی,پوشش اولیه,متوسط,کدنویسی یعنی چه؟,نوشتن دستور برای رایانه,طراحی صندلی,اندازه‌گیری وزن,رسم نقشه جغرافیا,A,کدنویسی بیان دستورهای قابل اجرا برای رایانه است.,ترنم همدلی,original,1405
دهم,ریاضی,کارگاه کارآفرینی و تولید,کارگاه کارآفرینی و تولید,بانک پایه,ارزیابی مفهومی,پوشش اولیه,متوسط,ایمنی کارگاهی شامل چیست؟,رعایت دستورالعمل و تجهیزات ایمنی,کار بدون توجه,حذف ابزار ایمنی,عجله,A,ایمنی با رعایت دستورالعمل و تجهیزات مناسب افزایش می‌یابد.,ترنم همدلی,original,1405
دهم,ریاضی,کارگاه کارآفرینی و تولید,کارگاه کارآفرینی و تولید,بانک پایه,ارزیابی مفهومی,پوشش اولیه,متوسط,فایل فشرده چه مزیتی دارد؟,کاهش حجم یا یکپارچه‌سازی فایل‌ها,افزایش اندازه همیشه,حذف محتوا,قطع اینترنت,A,فشرده‌سازی می‌تواند حجم ذخیره‌سازی یا انتقال را کاهش دهد.,ترنم همدلی,original,1405
دهم,ریاضی,کارگاه کارآفرینی و تولید,کارگاه کارآفرینی و تولید,بانک پایه,ارزیابی مفهومی,پوشش اولیه,متوسط,فیشینگ چیست؟,تلاش فریبکارانه برای گرفتن اطلاعات,پشتیبان‌گیری,آموزش برنامه‌نویسی,ویرایش عکس,A,فیشینگ نوعی فریب برای دستیابی به اطلاعات است.,ترنم همدلی,original,1405
دهم,ریاضی,کارگاه کارآفرینی و تولید,کارگاه کارآفرینی و تولید,بانک پایه,ارزیابی مفهومی,پوشش اولیه,متوسط,شبکه رایانه‌ای چیست؟,اتصال دستگاه‌ها برای تبادل داده,یک برنامه نقاشی,یک فایل,یک حسگر دما,A,شبکه امکان ارتباط و تبادل داده بین دستگاه‌ها را فراهم می‌کند.,ترنم همدلی,original,1405
دهم,تجربی,کارگاه کارآفرینی و تولید,کارگاه کارآفرینی و تولید,بانک پایه,ارزیابی مفهومی,پوشش اولیه,متوسط,الگوریتم چیست؟,مجموعه گام‌های مشخص برای حل مسئله,یک تصویر,یک فایل صوتی,یک دستگاه,A,الگوریتم ترتیب مشخص مراحل حل مسئله است.,ترنم همدلی,original,1405
دهم,تجربی,کارگاه کارآفرینی و تولید,کارگاه کارآفرینی و تولید,بانک پایه,ارزیابی مفهومی,پوشش اولیه,متوسط,رمز عبور قوی بهتر است چه ویژگی داشته باشد؟,ترکیبی و غیرقابل حدس,فقط نام فرد,123456,تاریخ تولد,A,رمز عبور قوی باید دشوار و غیرقابل حدس باشد.,ترنم همدلی,original,1405
دهم,تجربی,کارگاه کارآفرینی و تولید,کارگاه کارآفرینی و تولید,بانک پایه,ارزیابی مفهومی,پوشش اولیه,متوسط,پشتیبان‌گیری چه فایده‌ای دارد؟,کاهش خطر از دست رفتن داده,افزایش ویروس,حذف فایل‌ها,کاهش امنیت,A,نسخه پشتیبان برای بازیابی داده‌ها مفید است.,ترنم همدلی,original,1405
دهم,تجربی,کارگاه کارآفرینی و تولید,کارگاه کارآفرینی و تولید,بانک پایه,ارزیابی مفهومی,پوشش اولیه,متوسط,مرورگر برای چه کاری است؟,دسترسی به صفحات وب,ویرایش سخت‌افزار,اندازه‌گیری دما,چاپ سه‌بعدی فقط,A,مرورگر نرم‌افزار دسترسی به وب است.,ترنم همدلی,original,1405
دهم,تجربی,کارگاه کارآفرینی و تولید,کارگاه کارآفرینی و تولید,بانک پایه,ارزیابی مفهومی,پوشش اولیه,متوسط,کدام مورد نمونه‌ای از ورودی رایانه است؟,صفحه‌کلید,بلندگو,چاپگر,مانیتور,A,صفحه‌کلید داده را وارد رایانه می‌کند.,ترنم همدلی,original,1405
دهم,تجربی,کارگاه کارآفرینی و تولید,کارگاه کارآفرینی و تولید,بانک پایه,ارزیابی مفهومی,پوشش اولیه,متوسط,کدنویسی یعنی چه؟,نوشتن دستور برای رایانه,طراحی صندلی,اندازه‌گیری وزن,رسم نقشه جغرافیا,A,کدنویسی بیان دستورهای قابل اجرا برای رایانه است.,ترنم همدلی,original,1405
دهم,تجربی,کارگاه کارآفرینی و تولید,کارگاه کارآفرینی و تولید,بانک پایه,ارزیابی مفهومی,پوشش اولیه,متوسط,ایمنی کارگاهی شامل چیست؟,رعایت دستورالعمل و تجهیزات ایمنی,کار بدون توجه,حذف ابزار ایمنی,عجله,A,ایمنی با رعایت دستورالعمل و تجهیزات مناسب افزایش می‌یابد.,ترنم همدلی,original,1405
دهم,تجربی,کارگاه کارآفرینی و تولید,کارگاه کارآفرینی و تولید,بانک پایه,ارزیابی مفهومی,پوشش اولیه,متوسط,فایل فشرده چه مزیتی دارد؟,کاهش حجم یا یکپارچه‌سازی فایل‌ها,افزایش اندازه همیشه,حذف محتوا,قطع اینترنت,A,فشرده‌سازی می‌تواند حجم ذخیره‌سازی یا انتقال را کاهش دهد.,ترنم همدلی,original,1405
دهم,تجربی,کارگاه کارآفرینی و تولید,کارگاه کارآفرینی و تولید,بانک پایه,ارزیابی مفهومی,پوشش اولیه,متوسط,فیشینگ چیست؟,تلاش فریبکارانه برای گرفتن اطلاعات,پشتیبان‌گیری,آموزش برنامه‌نویسی,ویرایش عکس,A,فیشینگ نوعی فریب برای دستیابی به اطلاعات است.,ترنم همدلی,original,1405
دهم,تجربی,کارگاه کارآفرینی و تولید,کارگاه کارآفرینی و تولید,بانک پایه,ارزیابی مفهومی,پوشش اولیه,متوسط,شبکه رایانه‌ای چیست؟,اتصال دستگاه‌ها برای تبادل داده,یک برنامه نقاشی,یک فایل,یک حسگر دما,A,شبکه امکان ارتباط و تبادل داده بین دستگاه‌ها را فراهم می‌کند.,ترنم همدلی,original,1405
دهم,انسانی,کارگاه کارآفرینی و تولید,کارگاه کارآفرینی و تولید,بانک پایه,ارزیابی مفهومی,پوشش اولیه,متوسط,الگوریتم چیست؟,مجموعه گام‌های مشخص برای حل مسئله,یک تصویر,یک فایل صوتی,یک دستگاه,A,الگوریتم ترتیب مشخص مراحل حل مسئله است.,ترنم همدلی,original,1405
دهم,انسانی,کارگاه کارآفرینی و تولید,کارگاه کارآفرینی و تولید,بانک پایه,ارزیابی مفهومی,پوشش اولیه,متوسط,رمز عبور قوی بهتر است چه ویژگی داشته باشد؟,ترکیبی و غیرقابل حدس,فقط نام فرد,123456,تاریخ تولد,A,رمز عبور قوی باید دشوار و غیرقابل حدس باشد.,ترنم همدلی,original,1405
دهم,انسانی,کارگاه کارآفرینی و تولید,کارگاه کارآفرینی و تولید,بانک پایه,ارزیابی مفهومی,پوشش اولیه,متوسط,پشتیبان‌گیری چه فایده‌ای دارد؟,کاهش خطر از دست رفتن داده,افزایش ویروس,حذف فایل‌ها,کاهش امنیت,A,نسخه پشتیبان برای بازیابی داده‌ها مفید است.,ترنم همدلی,original,1405
دهم,انسانی,کارگاه کارآفرینی و تولید,کارگاه کارآفرینی و تولید,بانک پایه,ارزیابی مفهومی,پوشش اولیه,متوسط,مرورگر برای چه کاری است؟,دسترسی به صفحات وب,ویرایش سخت‌افزار,اندازه‌گیری دما,چاپ سه‌بعدی فقط,A,مرورگر نرم‌افزار دسترسی به وب است.,ترنم همدلی,original,1405
دهم,انسانی,کارگاه کارآفرینی و تولید,کارگاه کارآفرینی و تولید,بانک پایه,ارزیابی مفهومی,پوشش اولیه,متوسط,کدام مورد نمونه‌ای از ورودی رایانه است؟,صفحه‌کلید,بلندگو,چاپگر,مانیتور,A,صفحه‌کلید داده را وارد رایانه می‌کند.,ترنم همدلی,original,1405
دهم,انسانی,کارگاه کارآفرینی و تولید,کارگاه کارآفرینی و تولید,بانک پایه,ارزیابی مفهومی,پوشش اولیه,متوسط,کدنویسی یعنی چه؟,نوشتن دستور برای رایانه,طراحی صندلی,اندازه‌گیری وزن,رسم نقشه جغرافیا,A,کدنویسی بیان دستورهای قابل اجرا برای رایانه است.,ترنم همدلی,original,1405
دهم,انسانی,کارگاه کارآفرینی و تولید,کارگاه کارآفرینی و تولید,بانک پایه,ارزیابی مفهومی,پوشش اولیه,متوسط,ایمنی کارگاهی شامل چیست؟,رعایت دستورالعمل و تجهیزات ایمنی,کار بدون توجه,حذف ابزار ایمنی,عجله,A,ایمنی با رعایت دستورالعمل و تجهیزات مناسب افزایش می‌یابد.,ترنم همدلی,original,1405
دهم,انسانی,کارگاه کارآفرینی و تولید,کارگاه کارآفرینی و تولید,بانک پایه,ارزیابی مفهومی,پوشش اولیه,متوسط,فایل فشرده چه مزیتی دارد؟,کاهش حجم یا یکپارچه‌سازی فایل‌ها,افزایش اندازه همیشه,حذف محتوا,قطع اینترنت,A,فشرده‌سازی می‌تواند حجم ذخیره‌سازی یا انتقال را کاهش دهد.,ترنم همدلی,original,1405
دهم,انسانی,کارگاه کارآفرینی و تولید,کارگاه کارآفرینی و تولید,بانک پایه,ارزیابی مفهومی,پوشش اولیه,متوسط,فیشینگ چیست؟,تلاش فریبکارانه برای گرفتن اطلاعات,پشتیبان‌گیری,آموزش برنامه‌نویسی,ویرایش عکس,A,فیشینگ نوعی فریب برای دستیابی به اطلاعات است.,ترنم همدلی,original,1405
دهم,انسانی,کارگاه کارآفرینی و تولید,کارگاه کارآفرینی و تولید,بانک پایه,ارزیابی مفهومی,پوشش اولیه,متوسط,شبکه رایانه‌ای چیست؟,اتصال دستگاه‌ها برای تبادل داده,یک برنامه نقاشی,یک فایل,یک حسگر دما,A,شبکه امکان ارتباط و تبادل داده بین دستگاه‌ها را فراهم می‌کند.,ترنم همدلی,original,1405
دهم,هنر,کارگاه کارآفرینی و تولید,کارگاه کارآفرینی و تولید,بانک پایه,ارزیابی مفهومی,پوشش اولیه,متوسط,الگوریتم چیست؟,مجموعه گام‌های مشخص برای حل مسئله,یک تصویر,یک فایل صوتی,یک دستگاه,A,الگوریتم ترتیب مشخص مراحل حل مسئله است.,ترنم همدلی,original,1405
دهم,هنر,کارگاه کارآفرینی و تولید,کارگاه کارآفرینی و تولید,بانک پایه,ارزیابی مفهومی,پوشش اولیه,متوسط,رمز عبور قوی بهتر است چه ویژگی داشته باشد؟,ترکیبی و غیرقابل حدس,فقط نام فرد,123456,تاریخ تولد,A,رمز عبور قوی باید دشوار و غیرقابل حدس باشد.,ترنم همدلی,original,1405
دهم,هنر,کارگاه کارآفرینی و تولید,کارگاه کارآفرینی و تولید,بانک پایه,ارزیابی مفهومی,پوشش اولیه,متوسط,پشتیبان‌گیری چه فایده‌ای دارد؟,کاهش خطر از دست رفتن داده,افزایش ویروس,حذف فایل‌ها,کاهش امنیت,A,نسخه پشتیبان برای بازیابی داده‌ها مفید است.,ترنم همدلی,original,1405
دهم,هنر,کارگاه کارآفرینی و تولید,کارگاه کارآفرینی و تولید,بانک پایه,ارزیابی مفهومی,پوشش اولیه,متوسط,مرورگر برای چه کاری است؟,دسترسی به صفحات وب,ویرایش سخت‌افزار,اندازه‌گیری دما,چاپ سه‌بعدی فقط,A,مرورگر نرم‌افزار دسترسی به وب است.,ترنم همدلی,original,1405
دهم,هنر,کارگاه کارآفرینی و تولید,کارگاه کارآفرینی و تولید,بانک پایه,ارزیابی مفهومی,پوشش اولیه,متوسط,کدام مورد نمونه‌ای از ورودی رایانه است؟,صفحه‌کلید,بلندگو,چاپگر,مانیتور,A,صفحه‌کلید داده را وارد رایانه می‌کند.,ترنم همدلی,original,1405
دهم,هنر,کارگاه کارآفرینی و تولید,کارگاه کارآفرینی و تولید,بانک پایه,ارزیابی مفهومی,پوشش اولیه,متوسط,کدنویسی یعنی چه؟,نوشتن دستور برای رایانه,طراحی صندلی,اندازه‌گیری وزن,رسم نقشه جغرافیا,A,کدنویسی بیان دستورهای قابل اجرا برای رایانه است.,ترنم همدلی,original,1405
دهم,هنر,کارگاه کارآفرینی و تولید,کارگاه کارآفرینی و تولید,بانک پایه,ارزیابی مفهومی,پوشش اولیه,متوسط,ایمنی کارگاهی شامل چیست؟,رعایت دستورالعمل و تجهیزات ایمنی,کار بدون توجه,حذف ابزار ایمنی,عجله,A,ایمنی با رعایت دستورالعمل و تجهیزات مناسب افزایش می‌یابد.,ترنم همدلی,original,1405
دهم,هنر,کارگاه کارآفرینی و تولید,کارگاه کارآفرینی و تولید,بانک پایه,ارزیابی مفهومی,پوشش اولیه,متوسط,فایل فشرده چه مزیتی دارد؟,کاهش حجم یا یکپارچه‌سازی فایل‌ها,افزایش اندازه همیشه,حذف محتوا,قطع اینترنت,A,فشرده‌سازی می‌تواند حجم ذخیره‌سازی یا انتقال را کاهش دهد.,ترنم همدلی,original,1405
دهم,هنر,کارگاه کارآفرینی و تولید,کارگاه کارآفرینی و تولید,بانک پایه,ارزیابی مفهومی,پوشش اولیه,متوسط,فیشینگ چیست؟,تلاش فریبکارانه برای گرفتن اطلاعات,پشتیبان‌گیری,آموزش برنامه‌نویسی,ویرایش عکس,A,فیشینگ نوعی فریب برای دستیابی به اطلاعات است.,ترنم همدلی,original,1405
دهم,هنر,کارگاه کارآفرینی و تولید,کارگاه کارآفرینی و تولید,بانک پایه,ارزیابی مفهومی,پوشش اولیه,متوسط,شبکه رایانه‌ای چیست؟,اتصال دستگاه‌ها برای تبادل داده,یک برنامه نقاشی,یک فایل,یک حسگر دما,A,شبکه امکان ارتباط و تبادل داده بین دستگاه‌ها را فراهم می‌کند.,ترنم همدلی,original,1405
دهم,زبان,کارگاه کارآفرینی و تولید,کارگاه کارآفرینی و تولید,بانک پایه,ارزیابی مفهومی,پوشش اولیه,متوسط,الگوریتم چیست؟,مجموعه گام‌های مشخص برای حل مسئله,یک تصویر,یک فایل صوتی,یک دستگاه,A,الگوریتم ترتیب مشخص مراحل حل مسئله است.,ترنم همدلی,original,1405
دهم,زبان,کارگاه کارآفرینی و تولید,کارگاه کارآفرینی و تولید,بانک پایه,ارزیابی مفهومی,پوشش اولیه,متوسط,رمز عبور قوی بهتر است چه ویژگی داشته باشد؟,ترکیبی و غیرقابل حدس,فقط نام فرد,123456,تاریخ تولد,A,رمز عبور قوی باید دشوار و غیرقابل حدس باشد.,ترنم همدلی,original,1405
دهم,زبان,کارگاه کارآفرینی و تولید,کارگاه کارآفرینی و تولید,بانک پایه,ارزیابی مفهومی,پوشش اولیه,متوسط,پشتیبان‌گیری چه فایده‌ای دارد؟,کاهش خطر از دست رفتن داده,افزایش ویروس,حذف فایل‌ها,کاهش امنیت,A,نسخه پشتیبان برای بازیابی داده‌ها مفید است.,ترنم همدلی,original,1405
دهم,زبان,کارگاه کارآفرینی و تولید,کارگاه کارآفرینی و تولید,بانک پایه,ارزیابی مفهومی,پوشش اولیه,متوسط,مرورگر برای چه کاری است؟,دسترسی به صفحات وب,ویرایش سخت‌افزار,اندازه‌گیری دما,چاپ سه‌بعدی فقط,A,مرورگر نرم‌افزار دسترسی به وب است.,ترنم همدلی,original,1405
دهم,زبان,کارگاه کارآفرینی و تولید,کارگاه کارآفرینی و تولید,بانک پایه,ارزیابی مفهومی,پوشش اولیه,متوسط,کدام مورد نمونه‌ای از ورودی رایانه است؟,صفحه‌کلید,بلندگو,چاپگر,مانیتور,A,صفحه‌کلید داده را وارد رایانه می‌کند.,ترنم همدلی,original,1405
دهم,زبان,کارگاه کارآفرینی و تولید,کارگاه کارآفرینی و تولید,بانک پایه,ارزیابی مفهومی,پوشش اولیه,متوسط,کدنویسی یعنی چه؟,نوشتن دستور برای رایانه,طراحی صندلی,اندازه‌گیری وزن,رسم نقشه جغرافیا,A,کدنویسی بیان دستورهای قابل اجرا برای رایانه است.,ترنم همدلی,original,1405
دهم,زبان,کارگاه کارآفرینی و تولید,کارگاه کارآفرینی و تولید,بانک پایه,ارزیابی مفهومی,پوشش اولیه,متوسط,ایمنی کارگاهی شامل چیست؟,رعایت دستورالعمل و تجهیزات ایمنی,کار بدون توجه,حذف ابزار ایمنی,عجله,A,ایمنی با رعایت دستورالعمل و تجهیزات مناسب افزایش می‌یابد.,ترنم همدلی,original,1405
دهم,زبان,کارگاه کارآفرینی و تولید,کارگاه کارآفرینی و تولید,بانک پایه,ارزیابی مفهومی,پوشش اولیه,متوسط,فایل فشرده چه مزیتی دارد؟,کاهش حجم یا یکپارچه‌سازی فایل‌ها,افزایش اندازه همیشه,حذف محتوا,قطع اینترنت,A,فشرده‌سازی می‌تواند حجم ذخیره‌سازی یا انتقال را کاهش دهد.,ترنم همدلی,original,1405
دهم,زبان,کارگاه کارآفرینی و تولید,کارگاه کارآفرینی و تولید,بانک پایه,ارزیابی مفهومی,پوشش اولیه,متوسط,فیشینگ چیست؟,تلاش فریبکارانه برای گرفتن اطلاعات,پشتیبان‌گیری,آموزش برنامه‌نویسی,ویرایش عکس,A,فیشینگ نوعی فریب برای دستیابی به اطلاعات است.,ترنم همدلی,original,1405
دهم,زبان,کارگاه کارآفرینی و تولید,کارگاه کارآفرینی و تولید,بانک پایه,ارزیابی مفهومی,پوشش اولیه,متوسط,شبکه رایانه‌ای چیست؟,اتصال دستگاه‌ها برای تبادل داده,یک برنامه نقاشی,یک فایل,یک حسگر دما,A,شبکه امکان ارتباط و تبادل داده بین دستگاه‌ها را فراهم می‌کند.,ترنم همدلی,original,1405
دهم,ریاضی,آمادگی دفاعی,آمادگی دفاعی,بانک پایه,ارزیابی مفهومی,پوشش اولیه,متوسط,فرضیه چیست؟,پاسخ پیشنهادی قابل بررسی,نتیجه قطعی بدون بررسی,یک شایعه,یک عدد,A,فرضیه باید امکان بررسی داشته باشد.,ترنم همدلی,original,1405
دهم,ریاضی,آمادگی دفاعی,آمادگی دفاعی,بانک پایه,ارزیابی مفهومی,پوشش اولیه,متوسط,شاهد معتبر چه کمکی می‌کند؟,پشتیبانی از یک ادعا,حذف پرسش,افزایش حدس,جایگزینی واقعیت,A,شواهد برای ارزیابی ادعا اهمیت دارند.,ترنم همدلی,original,1405
دهم,ریاضی,آمادگی دفاعی,آمادگی دفاعی,بانک پایه,ارزیابی مفهومی,پوشش اولیه,متوسط,تفکر نقاد یعنی چه؟,بررسی سنجیده ادعاها و شواهد,پذیرش همه چیز,رد همه چیز,حفظ کردن بدون فهم,A,تفکر نقاد بر ارزیابی دلیل و شواهد تکیه دارد.,ترنم همدلی,original,1405
دهم,ریاضی,آمادگی دفاعی,آمادگی دفاعی,بانک پایه,ارزیابی مفهومی,پوشش اولیه,متوسط,حل مسئله از کجا بهتر شروع می‌شود؟,تعریف دقیق مسئله,حدس نتیجه,نادیده گرفتن مشکل,انتخاب تصادفی,A,تعریف دقیق مسئله مسیر حل را روشن می‌کند.,ترنم همدلی,original,1405
دهم,ریاضی,آمادگی دفاعی,آمادگی دفاعی,بانک پایه,ارزیابی مفهومی,پوشش اولیه,متوسط,تصمیم‌گیری خوب به چه نیاز دارد؟,بررسی گزینه‌ها و پیامدها,عجله همیشگی,نادیده گرفتن اطلاعات,پیروی کورکورانه,A,مقایسه گزینه‌ها و پیامدها به تصمیم بهتر کمک می‌کند.,ترنم همدلی,original,1405
دهم,ریاضی,آمادگی دفاعی,آمادگی دفاعی,بانک پایه,ارزیابی مفهومی,پوشش اولیه,متوسط,سواد رسانه‌ای چه می‌کند؟,پیام رسانه را تحلیل می‌کند,همه خبرها را درست فرض می‌کند,منبع را حذف می‌کند,فقط عنوان را می‌خواند,A,سواد رسانه‌ای توان تحلیل پیام و منبع را تقویت می‌کند.,ترنم همدلی,original,1405
دهم,ریاضی,آمادگی دفاعی,آمادگی دفاعی,بانک پایه,ارزیابی مفهومی,پوشش اولیه,متوسط,کدام مورد یک منبع اولیه است؟,گزارش مستقیم یک رویداد توسط شاهد,متن بازنویسی‌شده بدون منبع,شایعه,نظر ناشناس,A,منبع اولیه مستقیماً به رویداد یا داده نزدیک است.,ترنم همدلی,original,1405
دهم,ریاضی,آمادگی دفاعی,آمادگی دفاعی,بانک پایه,ارزیابی مفهومی,پوشش اولیه,متوسط,همدلی در ارتباط یعنی چه؟,درک احساس و دیدگاه دیگری,موافقت با همه چیز,قطع گفت‌وگو,قضاوت فوری,A,همدلی به درک تجربه دیگری مربوط است.,ترنم همدلی,original,1405
دهم,ریاضی,آمادگی دفاعی,آمادگی دفاعی,بانک پایه,ارزیابی مفهومی,پوشش اولیه,متوسط,هدف‌گذاری مؤثر بهتر است چگونه باشد؟,مشخص و قابل اندازه‌گیری,کاملاً مبهم,بدون زمان‌بندی,غیرقابل سنجش,A,هدف مشخص و قابل اندازه‌گیری پیگیری را آسان می‌کند.,ترنم همدلی,original,1405
دهم,ریاضی,آمادگی دفاعی,آمادگی دفاعی,بانک پایه,ارزیابی مفهومی,پوشش اولیه,متوسط,بازخورد سازنده چه ویژگی دارد؟,مشخص و قابل استفاده برای بهبود,تحقیرآمیز,مبهم,صرفاً منفی,A,بازخورد سازنده به رفتار و مسیر بهبود اشاره می‌کند.,ترنم همدلی,original,1405
دهم,تجربی,آمادگی دفاعی,آمادگی دفاعی,بانک پایه,ارزیابی مفهومی,پوشش اولیه,متوسط,فرضیه چیست؟,پاسخ پیشنهادی قابل بررسی,نتیجه قطعی بدون بررسی,یک شایعه,یک عدد,A,فرضیه باید امکان بررسی داشته باشد.,ترنم همدلی,original,1405
دهم,تجربی,آمادگی دفاعی,آمادگی دفاعی,بانک پایه,ارزیابی مفهومی,پوشش اولیه,متوسط,شاهد معتبر چه کمکی می‌کند؟,پشتیبانی از یک ادعا,حذف پرسش,افزایش حدس,جایگزینی واقعیت,A,شواهد برای ارزیابی ادعا اهمیت دارند.,ترنم همدلی,original,1405
دهم,تجربی,آمادگی دفاعی,آمادگی دفاعی,بانک پایه,ارزیابی مفهومی,پوشش اولیه,متوسط,تفکر نقاد یعنی چه؟,بررسی سنجیده ادعاها و شواهد,پذیرش همه چیز,رد همه چیز,حفظ کردن بدون فهم,A,تفکر نقاد بر ارزیابی دلیل و شواهد تکیه دارد.,ترنم همدلی,original,1405
دهم,تجربی,آمادگی دفاعی,آمادگی دفاعی,بانک پایه,ارزیابی مفهومی,پوشش اولیه,متوسط,حل مسئله از کجا بهتر شروع می‌شود؟,تعریف دقیق مسئله,حدس نتیجه,نادیده گرفتن مشکل,انتخاب تصادفی,A,تعریف دقیق مسئله مسیر حل را روشن می‌کند.,ترنم همدلی,original,1405
دهم,تجربی,آمادگی دفاعی,آمادگی دفاعی,بانک پایه,ارزیابی مفهومی,پوشش اولیه,متوسط,تصمیم‌گیری خوب به چه نیاز دارد؟,بررسی گزینه‌ها و پیامدها,عجله همیشگی,نادیده گرفتن اطلاعات,پیروی کورکورانه,A,مقایسه گزینه‌ها و پیامدها به تصمیم بهتر کمک می‌کند.,ترنم همدلی,original,1405
دهم,تجربی,آمادگی دفاعی,آمادگی دفاعی,بانک پایه,ارزیابی مفهومی,پوشش اولیه,متوسط,سواد رسانه‌ای چه می‌کند؟,پیام رسانه را تحلیل می‌کند,همه خبرها را درست فرض می‌کند,منبع را حذف می‌کند,فقط عنوان را می‌خواند,A,سواد رسانه‌ای توان تحلیل پیام و منبع را تقویت می‌کند.,ترنم همدلی,original,1405
دهم,تجربی,آمادگی دفاعی,آمادگی دفاعی,بانک پایه,ارزیابی مفهومی,پوشش اولیه,متوسط,کدام مورد یک منبع اولیه است؟,گزارش مستقیم یک رویداد توسط شاهد,متن بازنویسی‌شده بدون منبع,شایعه,نظر ناشناس,A,منبع اولیه مستقیماً به رویداد یا داده نزدیک است.,ترنم همدلی,original,1405
دهم,تجربی,آمادگی دفاعی,آمادگی دفاعی,بانک پایه,ارزیابی مفهومی,پوشش اولیه,متوسط,همدلی در ارتباط یعنی چه؟,درک احساس و دیدگاه دیگری,موافقت با همه چیز,قطع گفت‌وگو,قضاوت فوری,A,همدلی به درک تجربه دیگری مربوط است.,ترنم همدلی,original,1405
دهم,تجربی,آمادگی دفاعی,آمادگی دفاعی,بانک پایه,ارزیابی مفهومی,پوشش اولیه,متوسط,هدف‌گذاری مؤثر بهتر است چگونه باشد؟,مشخص و قابل اندازه‌گیری,کاملاً مبهم,بدون زمان‌بندی,غیرقابل سنجش,A,هدف مشخص و قابل اندازه‌گیری پیگیری را آسان می‌کند.,ترنم همدلی,original,1405
دهم,تجربی,آمادگی دفاعی,آمادگی دفاعی,بانک پایه,ارزیابی مفهومی,پوشش اولیه,متوسط,بازخورد سازنده چه ویژگی دارد؟,مشخص و قابل استفاده برای بهبود,تحقیرآمیز,مبهم,صرفاً منفی,A,بازخورد سازنده به رفتار و مسیر بهبود اشاره می‌کند.,ترنم همدلی,original,1405
دهم,انسانی,آمادگی دفاعی,آمادگی دفاعی,بانک پایه,ارزیابی مفهومی,پوشش اولیه,متوسط,فرضیه چیست؟,پاسخ پیشنهادی قابل بررسی,نتیجه قطعی بدون بررسی,یک شایعه,یک عدد,A,فرضیه باید امکان بررسی داشته باشد.,ترنم همدلی,original,1405
دهم,انسانی,آمادگی دفاعی,آمادگی دفاعی,بانک پایه,ارزیابی مفهومی,پوشش اولیه,متوسط,شاهد معتبر چه کمکی می‌کند؟,پشتیبانی از یک ادعا,حذف پرسش,افزایش حدس,جایگزینی واقعیت,A,شواهد برای ارزیابی ادعا اهمیت دارند.,ترنم همدلی,original,1405
دهم,انسانی,آمادگی دفاعی,آمادگی دفاعی,بانک پایه,ارزیابی مفهومی,پوشش اولیه,متوسط,تفکر نقاد یعنی چه؟,بررسی سنجیده ادعاها و شواهد,پذیرش همه چیز,رد همه چیز,حفظ کردن بدون فهم,A,تفکر نقاد بر ارزیابی دلیل و شواهد تکیه دارد.,ترنم همدلی,original,1405
دهم,انسانی,آمادگی دفاعی,آمادگی دفاعی,بانک پایه,ارزیابی مفهومی,پوشش اولیه,متوسط,حل مسئله از کجا بهتر شروع می‌شود؟,تعریف دقیق مسئله,حدس نتیجه,نادیده گرفتن مشکل,انتخاب تصادفی,A,تعریف دقیق مسئله مسیر حل را روشن می‌کند.,ترنم همدلی,original,1405
دهم,انسانی,آمادگی دفاعی,آمادگی دفاعی,بانک پایه,ارزیابی مفهومی,پوشش اولیه,متوسط,تصمیم‌گیری خوب به چه نیاز دارد؟,بررسی گزینه‌ها و پیامدها,عجله همیشگی,نادیده گرفتن اطلاعات,پیروی کورکورانه,A,مقایسه گزینه‌ها و پیامدها به تصمیم بهتر کمک می‌کند.,ترنم همدلی,original,1405
دهم,انسانی,آمادگی دفاعی,آمادگی دفاعی,بانک پایه,ارزیابی مفهومی,پوشش اولیه,متوسط,سواد رسانه‌ای چه می‌کند؟,پیام رسانه را تحلیل می‌کند,همه خبرها را درست فرض می‌کند,منبع را حذف می‌کند,فقط عنوان را می‌خواند,A,سواد رسانه‌ای توان تحلیل پیام و منبع را تقویت می‌کند.,ترنم همدلی,original,1405
دهم,انسانی,آمادگی دفاعی,آمادگی دفاعی,بانک پایه,ارزیابی مفهومی,پوشش اولیه,متوسط,کدام مورد یک منبع اولیه است؟,گزارش مستقیم یک رویداد توسط شاهد,متن بازنویسی‌شده بدون منبع,شایعه,نظر ناشناس,A,منبع اولیه مستقیماً به رویداد یا داده نزدیک است.,ترنم همدلی,original,1405
دهم,انسانی,آمادگی دفاعی,آمادگی دفاعی,بانک پایه,ارزیابی مفهومی,پوشش اولیه,متوسط,همدلی در ارتباط یعنی چه؟,درک احساس و دیدگاه دیگری,موافقت با همه چیز,قطع گفت‌وگو,قضاوت فوری,A,همدلی به درک تجربه دیگری مربوط است.,ترنم همدلی,original,1405
دهم,انسانی,آمادگی دفاعی,آمادگی دفاعی,بانک پایه,ارزیابی مفهومی,پوشش اولیه,متوسط,هدف‌گذاری مؤثر بهتر است چگونه باشد؟,مشخص و قابل اندازه‌گیری,کاملاً مبهم,بدون زمان‌بندی,غیرقابل سنجش,A,هدف مشخص و قابل اندازه‌گیری پیگیری را آسان می‌کند.,ترنم همدلی,original,1405
دهم,انسانی,آمادگی دفاعی,آمادگی دفاعی,بانک پایه,ارزیابی مفهومی,پوشش اولیه,متوسط,بازخورد سازنده چه ویژگی دارد؟,مشخص و قابل استفاده برای بهبود,تحقیرآمیز,مبهم,صرفاً منفی,A,بازخورد سازنده به رفتار و مسیر بهبود اشاره می‌کند.,ترنم همدلی,original,1405
دهم,هنر,آمادگی دفاعی,آمادگی دفاعی,بانک پایه,ارزیابی مفهومی,پوشش اولیه,متوسط,فرضیه چیست؟,پاسخ پیشنهادی قابل بررسی,نتیجه قطعی بدون بررسی,یک شایعه,یک عدد,A,فرضیه باید امکان بررسی داشته باشد.,ترنم همدلی,original,1405
دهم,هنر,آمادگی دفاعی,آمادگی دفاعی,بانک پایه,ارزیابی مفهومی,پوشش اولیه,متوسط,شاهد معتبر چه کمکی می‌کند؟,پشتیبانی از یک ادعا,حذف پرسش,افزایش حدس,جایگزینی واقعیت,A,شواهد برای ارزیابی ادعا اهمیت دارند.,ترنم همدلی,original,1405
دهم,هنر,آمادگی دفاعی,آمادگی دفاعی,بانک پایه,ارزیابی مفهومی,پوشش اولیه,متوسط,تفکر نقاد یعنی چه؟,بررسی سنجیده ادعاها و شواهد,پذیرش همه چیز,رد همه چیز,حفظ کردن بدون فهم,A,تفکر نقاد بر ارزیابی دلیل و شواهد تکیه دارد.,ترنم همدلی,original,1405
دهم,هنر,آمادگی دفاعی,آمادگی دفاعی,بانک پایه,ارزیابی مفهومی,پوشش اولیه,متوسط,حل مسئله از کجا بهتر شروع می‌شود؟,تعریف دقیق مسئله,حدس نتیجه,نادیده گرفتن مشکل,انتخاب تصادفی,A,تعریف دقیق مسئله مسیر حل را روشن می‌کند.,ترنم همدلی,original,1405
دهم,هنر,آمادگی دفاعی,آمادگی دفاعی,بانک پایه,ارزیابی مفهومی,پوشش اولیه,متوسط,تصمیم‌گیری خوب به چه نیاز دارد؟,بررسی گزینه‌ها و پیامدها,عجله همیشگی,نادیده گرفتن اطلاعات,پیروی کورکورانه,A,مقایسه گزینه‌ها و پیامدها به تصمیم بهتر کمک می‌کند.,ترنم همدلی,original,1405
دهم,هنر,آمادگی دفاعی,آمادگی دفاعی,بانک پایه,ارزیابی مفهومی,پوشش اولیه,متوسط,سواد رسانه‌ای چه می‌کند؟,پیام رسانه را تحلیل می‌کند,همه خبرها را درست فرض می‌کند,منبع را حذف می‌کند,فقط عنوان را می‌خواند,A,سواد رسانه‌ای توان تحلیل پیام و منبع را تقویت می‌کند.,ترنم همدلی,original,1405
دهم,هنر,آمادگی دفاعی,آمادگی دفاعی,بانک پایه,ارزیابی مفهومی,پوشش اولیه,متوسط,کدام مورد یک منبع اولیه است؟,گزارش مستقیم یک رویداد توسط شاهد,متن بازنویسی‌شده بدون منبع,شایعه,نظر ناشناس,A,منبع اولیه مستقیماً به رویداد یا داده نزدیک است.,ترنم همدلی,original,1405
دهم,هنر,آمادگی دفاعی,آمادگی دفاعی,بانک پایه,ارزیابی مفهومی,پوشش اولیه,متوسط,همدلی در ارتباط یعنی چه؟,درک احساس و دیدگاه دیگری,موافقت با همه چیز,قطع گفت‌وگو,قضاوت فوری,A,همدلی به درک تجربه دیگری مربوط است.,ترنم همدلی,original,1405
دهم,هنر,آمادگی دفاعی,آمادگی دفاعی,بانک پایه,ارزیابی مفهومی,پوشش اولیه,متوسط,هدف‌گذاری مؤثر بهتر است چگونه باشد؟,مشخص و قابل اندازه‌گیری,کاملاً مبهم,بدون زمان‌بندی,غیرقابل سنجش,A,هدف مشخص و قابل اندازه‌گیری پیگیری را آسان می‌کند.,ترنم همدلی,original,1405
دهم,هنر,آمادگی دفاعی,آمادگی دفاعی,بانک پایه,ارزیابی مفهومی,پوشش اولیه,متوسط,بازخورد سازنده چه ویژگی دارد؟,مشخص و قابل استفاده برای بهبود,تحقیرآمیز,مبهم,صرفاً منفی,A,بازخورد سازنده به رفتار و مسیر بهبود اشاره می‌کند.,ترنم همدلی,original,1405
دهم,زبان,آمادگی دفاعی,آمادگی دفاعی,بانک پایه,ارزیابی مفهومی,پوشش اولیه,متوسط,فرضیه چیست؟,پاسخ پیشنهادی قابل بررسی,نتیجه قطعی بدون بررسی,یک شایعه,یک عدد,A,فرضیه باید امکان بررسی داشته باشد.,ترنم همدلی,original,1405
دهم,زبان,آمادگی دفاعی,آمادگی دفاعی,بانک پایه,ارزیابی مفهومی,پوشش اولیه,متوسط,شاهد معتبر چه کمکی می‌کند؟,پشتیبانی از یک ادعا,حذف پرسش,افزایش حدس,جایگزینی واقعیت,A,شواهد برای ارزیابی ادعا اهمیت دارند.,ترنم همدلی,original,1405
دهم,زبان,آمادگی دفاعی,آمادگی دفاعی,بانک پایه,ارزیابی مفهومی,پوشش اولیه,متوسط,تفکر نقاد یعنی چه؟,بررسی سنجیده ادعاها و شواهد,پذیرش همه چیز,رد همه چیز,حفظ کردن بدون فهم,A,تفکر نقاد بر ارزیابی دلیل و شواهد تکیه دارد.,ترنم همدلی,original,1405
دهم,زبان,آمادگی دفاعی,آمادگی دفاعی,بانک پایه,ارزیابی مفهومی,پوشش اولیه,متوسط,حل مسئله از کجا بهتر شروع می‌شود؟,تعریف دقیق مسئله,حدس نتیجه,نادیده گرفتن مشکل,انتخاب تصادفی,A,تعریف دقیق مسئله مسیر حل را روشن می‌کند.,ترنم همدلی,original,1405
دهم,زبان,آمادگی دفاعی,آمادگی دفاعی,بانک پایه,ارزیابی مفهومی,پوشش اولیه,متوسط,تصمیم‌گیری خوب به چه نیاز دارد؟,بررسی گزینه‌ها و پیامدها,عجله همیشگی,نادیده گرفتن اطلاعات,پیروی کورکورانه,A,مقایسه گزینه‌ها و پیامدها به تصمیم بهتر کمک می‌کند.,ترنم همدلی,original,1405
دهم,زبان,آمادگی دفاعی,آمادگی دفاعی,بانک پایه,ارزیابی مفهومی,پوشش اولیه,متوسط,سواد رسانه‌ای چه می‌کند؟,پیام رسانه را تحلیل می‌کند,همه خبرها را درست فرض می‌کند,منبع را حذف می‌کند,فقط عنوان را می‌خواند,A,سواد رسانه‌ای توان تحلیل پیام و منبع را تقویت می‌کند.,ترنم همدلی,original,1405
دهم,زبان,آمادگی دفاعی,آمادگی دفاعی,بانک پایه,ارزیابی مفهومی,پوشش اولیه,متوسط,کدام مورد یک منبع اولیه است؟,گزارش مستقیم یک رویداد توسط شاهد,متن بازنویسی‌شده بدون منبع,شایعه,نظر ناشناس,A,منبع اولیه مستقیماً به رویداد یا داده نزدیک است.,ترنم همدلی,original,1405
دهم,زبان,آمادگی دفاعی,آمادگی دفاعی,بانک پایه,ارزیابی مفهومی,پوشش اولیه,متوسط,همدلی در ارتباط یعنی چه؟,درک احساس و دیدگاه دیگری,موافقت با همه چیز,قطع گفت‌وگو,قضاوت فوری,A,همدلی به درک تجربه دیگری مربوط است.,ترنم همدلی,original,1405
دهم,زبان,آمادگی دفاعی,آمادگی دفاعی,بانک پایه,ارزیابی مفهومی,پوشش اولیه,متوسط,هدف‌گذاری مؤثر بهتر است چگونه باشد؟,مشخص و قابل اندازه‌گیری,کاملاً مبهم,بدون زمان‌بندی,غیرقابل سنجش,A,هدف مشخص و قابل اندازه‌گیری پیگیری را آسان می‌کند.,ترنم همدلی,original,1405
دهم,زبان,آمادگی دفاعی,آمادگی دفاعی,بانک پایه,ارزیابی مفهومی,پوشش اولیه,متوسط,بازخورد سازنده چه ویژگی دارد؟,مشخص و قابل استفاده برای بهبود,تحقیرآمیز,مبهم,صرفاً منفی,A,بازخورد سازنده به رفتار و مسیر بهبود اشاره می‌کند.,ترنم همدلی,original,1405
یازدهم,ریاضی,فارسی,فارسی,بانک پایه,ارزیابی مفهومی,پوشش اولیه,متوسط,مترادف «آغاز» کدام است؟,شروع,پایان,توقف,خواب,A,آغاز و شروع مترادف‌اند.,ترنم همدلی,original,1405
یازدهم,ریاضی,فارسی,فارسی,بانک پایه,ارزیابی مفهومی,پوشش اولیه,متوسط,کدام گزینه مفهوم تضاد دارد؟,شب و روز,کتاب و دفتر,مداد و پاک‌کن,خانه و مدرسه,A,شب و روز دو مفهوم متضادند.,ترنم همدلی,original,1405
یازدهم,ریاضی,فارسی,فارسی,بانک پایه,ارزیابی مفهومی,پوشش اولیه,متوسط,مقدمه مناسب در نوشته چه ویژگی دارد؟,ارتباط با موضوع,بی‌ربطی,تکرار نتیجه,حذف موضوع,A,مقدمه باید خواننده را به موضوع وارد کند.,ترنم همدلی,original,1405
یازدهم,ریاضی,فارسی,فارسی,بانک پایه,ارزیابی مفهومی,پوشش اولیه,متوسط,درک مطلب بیشتر بر چه چیزی تکیه دارد؟,فهم پیام متن,حفظ تک‌تک واژه‌ها,شمردن خطوط,تشخیص تعداد صفحات,A,هدف اصلی درک مطلب فهم پیام و روابط متن است.,ترنم همدلی,original,1405
یازدهم,تجربی,فارسی,فارسی,بانک پایه,ارزیابی مفهومی,پوشش اولیه,متوسط,مترادف «آغاز» کدام است؟,شروع,پایان,توقف,خواب,A,آغاز و شروع مترادف‌اند.,ترنم همدلی,original,1405
یازدهم,تجربی,فارسی,فارسی,بانک پایه,ارزیابی مفهومی,پوشش اولیه,متوسط,کدام گزینه مفهوم تضاد دارد؟,شب و روز,کتاب و دفتر,مداد و پاک‌کن,خانه و مدرسه,A,شب و روز دو مفهوم متضادند.,ترنم همدلی,original,1405
یازدهم,تجربی,فارسی,فارسی,بانک پایه,ارزیابی مفهومی,پوشش اولیه,متوسط,مقدمه مناسب در نوشته چه ویژگی دارد؟,ارتباط با موضوع,بی‌ربطی,تکرار نتیجه,حذف موضوع,A,مقدمه باید خواننده را به موضوع وارد کند.,ترنم همدلی,original,1405
یازدهم,تجربی,فارسی,فارسی,بانک پایه,ارزیابی مفهومی,پوشش اولیه,متوسط,درک مطلب بیشتر بر چه چیزی تکیه دارد؟,فهم پیام متن,حفظ تک‌تک واژه‌ها,شمردن خطوط,تشخیص تعداد صفحات,A,هدف اصلی درک مطلب فهم پیام و روابط متن است.,ترنم همدلی,original,1405
یازدهم,انسانی,فارسی,فارسی,بانک پایه,ارزیابی مفهومی,پوشش اولیه,متوسط,مترادف «آغاز» کدام است؟,شروع,پایان,توقف,خواب,A,آغاز و شروع مترادف‌اند.,ترنم همدلی,original,1405
یازدهم,انسانی,فارسی,فارسی,بانک پایه,ارزیابی مفهومی,پوشش اولیه,متوسط,کدام گزینه مفهوم تضاد دارد؟,شب و روز,کتاب و دفتر,مداد و پاک‌کن,خانه و مدرسه,A,شب و روز دو مفهوم متضادند.,ترنم همدلی,original,1405
یازدهم,انسانی,فارسی,فارسی,بانک پایه,ارزیابی مفهومی,پوشش اولیه,متوسط,مقدمه مناسب در نوشته چه ویژگی دارد؟,ارتباط با موضوع,بی‌ربطی,تکرار نتیجه,حذف موضوع,A,مقدمه باید خواننده را به موضوع وارد کند.,ترنم همدلی,original,1405
یازدهم,انسانی,فارسی,فارسی,بانک پایه,ارزیابی مفهومی,پوشش اولیه,متوسط,درک مطلب بیشتر بر چه چیزی تکیه دارد؟,فهم پیام متن,حفظ تک‌تک واژه‌ها,شمردن خطوط,تشخیص تعداد صفحات,A,هدف اصلی درک مطلب فهم پیام و روابط متن است.,ترنم همدلی,original,1405
یازدهم,هنر,فارسی,فارسی,بانک پایه,ارزیابی مفهومی,پوشش اولیه,متوسط,کدام واژه با «فرهیخته» نزدیک‌تر است؟,دانشمند,بی‌تجربه,بی‌تفاوت,کم‌حوصله,A,فرهیخته به فرد دانش‌آموخته و فرهنگ‌مند نزدیک است.,ترنم همدلی,original,1405
یازدهم,هنر,فارسی,فارسی,بانک پایه,ارزیابی مفهومی,پوشش اولیه,متوسط,در جمله «دانش‌آموز کتاب را خواند» نهاد کدام است؟,کتاب,دانش‌آموز,را,خواند,B,انجام‌دهنده کار نهاد است.,ترنم همدلی,original,1405
یازدهم,هنر,فارسی,فارسی,بانک پایه,ارزیابی مفهومی,پوشش اولیه,متوسط,کدام مورد نمونه تشبیه است؟,صورتش چون ماه بود,کتاب را خواندم,امروز باران آمد,او رفت,A,وجود «چون» رابطه تشبیهی را نشان می‌دهد.,ترنم همدلی,original,1405
یازدهم,هنر,فارسی,فارسی,بانک پایه,ارزیابی مفهومی,پوشش اولیه,متوسط,کدام واژه از نظر املایی درست است؟,تأثیر,تاثیرر,تأثیرر,تاثییر,A,صورت معیار واژه «تأثیر» است.,ترنم همدلی,original,1405
یازدهم,هنر,فارسی,فارسی,بانک پایه,ارزیابی مفهومی,پوشش اولیه,متوسط,مفعول معمولاً با کدام نشانه می‌آید؟,را,به,از,با,A,در بسیاری از جمله‌های فارسی مفعول با «را» می‌آید.,ترنم همدلی,original,1405
یازدهم,هنر,فارسی,فارسی,بانک پایه,ارزیابی مفهومی,پوشش اولیه,متوسط,کدام گزینه فعل است؟,رفت,کتاب,زیبا,دانش,A,«رفت» فعل است.,ترنم همدلی,original,1405
یازدهم,هنر,فارسی,فارسی,بانک پایه,ارزیابی مفهومی,پوشش اولیه,متوسط,مترادف «آغاز» کدام است؟,شروع,پایان,توقف,خواب,A,آغاز و شروع مترادف‌اند.,ترنم همدلی,original,1405
یازدهم,هنر,فارسی,فارسی,بانک پایه,ارزیابی مفهومی,پوشش اولیه,متوسط,کدام گزینه مفهوم تضاد دارد؟,شب و روز,کتاب و دفتر,مداد و پاک‌کن,خانه و مدرسه,A,شب و روز دو مفهوم متضادند.,ترنم همدلی,original,1405
یازدهم,هنر,فارسی,فارسی,بانک پایه,ارزیابی مفهومی,پوشش اولیه,متوسط,مقدمه مناسب در نوشته چه ویژگی دارد؟,ارتباط با موضوع,بی‌ربطی,تکرار نتیجه,حذف موضوع,A,مقدمه باید خواننده را به موضوع وارد کند.,ترنم همدلی,original,1405
یازدهم,هنر,فارسی,فارسی,بانک پایه,ارزیابی مفهومی,پوشش اولیه,متوسط,درک مطلب بیشتر بر چه چیزی تکیه دارد؟,فهم پیام متن,حفظ تک‌تک واژه‌ها,شمردن خطوط,تشخیص تعداد صفحات,A,هدف اصلی درک مطلب فهم پیام و روابط متن است.,ترنم همدلی,original,1405
یازدهم,زبان,فارسی,فارسی,بانک پایه,ارزیابی مفهومی,پوشش اولیه,متوسط,کدام واژه با «فرهیخته» نزدیک‌تر است؟,دانشمند,بی‌تجربه,بی‌تفاوت,کم‌حوصله,A,فرهیخته به فرد دانش‌آموخته و فرهنگ‌مند نزدیک است.,ترنم همدلی,original,1405
یازدهم,زبان,فارسی,فارسی,بانک پایه,ارزیابی مفهومی,پوشش اولیه,متوسط,در جمله «دانش‌آموز کتاب را خواند» نهاد کدام است؟,کتاب,دانش‌آموز,را,خواند,B,انجام‌دهنده کار نهاد است.,ترنم همدلی,original,1405
یازدهم,زبان,فارسی,فارسی,بانک پایه,ارزیابی مفهومی,پوشش اولیه,متوسط,کدام مورد نمونه تشبیه است؟,صورتش چون ماه بود,کتاب را خواندم,امروز باران آمد,او رفت,A,وجود «چون» رابطه تشبیهی را نشان می‌دهد.,ترنم همدلی,original,1405
یازدهم,زبان,فارسی,فارسی,بانک پایه,ارزیابی مفهومی,پوشش اولیه,متوسط,کدام واژه از نظر املایی درست است؟,تأثیر,تاثیرر,تأثیرر,تاثییر,A,صورت معیار واژه «تأثیر» است.,ترنم همدلی,original,1405
یازدهم,زبان,فارسی,فارسی,بانک پایه,ارزیابی مفهومی,پوشش اولیه,متوسط,مفعول معمولاً با کدام نشانه می‌آید؟,را,به,از,با,A,در بسیاری از جمله‌های فارسی مفعول با «را» می‌آید.,ترنم همدلی,original,1405
یازدهم,زبان,فارسی,فارسی,بانک پایه,ارزیابی مفهومی,پوشش اولیه,متوسط,کدام گزینه فعل است؟,رفت,کتاب,زیبا,دانش,A,«رفت» فعل است.,ترنم همدلی,original,1405
یازدهم,زبان,فارسی,فارسی,بانک پایه,ارزیابی مفهومی,پوشش اولیه,متوسط,مترادف «آغاز» کدام است؟,شروع,پایان,توقف,خواب,A,آغاز و شروع مترادف‌اند.,ترنم همدلی,original,1405
یازدهم,زبان,فارسی,فارسی,بانک پایه,ارزیابی مفهومی,پوشش اولیه,متوسط,کدام گزینه مفهوم تضاد دارد؟,شب و روز,کتاب و دفتر,مداد و پاک‌کن,خانه و مدرسه,A,شب و روز دو مفهوم متضادند.,ترنم همدلی,original,1405
یازدهم,زبان,فارسی,فارسی,بانک پایه,ارزیابی مفهومی,پوشش اولیه,متوسط,مقدمه مناسب در نوشته چه ویژگی دارد؟,ارتباط با موضوع,بی‌ربطی,تکرار نتیجه,حذف موضوع,A,مقدمه باید خواننده را به موضوع وارد کند.,ترنم همدلی,original,1405
یازدهم,زبان,فارسی,فارسی,بانک پایه,ارزیابی مفهومی,پوشش اولیه,متوسط,درک مطلب بیشتر بر چه چیزی تکیه دارد؟,فهم پیام متن,حفظ تک‌تک واژه‌ها,شمردن خطوط,تشخیص تعداد صفحات,A,هدف اصلی درک مطلب فهم پیام و روابط متن است.,ترنم همدلی,original,1405
یازدهم,ریاضی,نگارش,نگارش,بانک پایه,ارزیابی مفهومی,پوشش اولیه,متوسط,یک پاراگراف خوب معمولاً چه دارد؟,موضوع مشخص و جمله‌های مرتبط,جمله‌های کاملاً بی‌ربط,فقط یک واژه,بدون موضوع,A,انسجام و موضوع مشخص از ویژگی‌های متن خوب است.,ترنم همدلی,original,1405
یازدهم,ریاضی,نگارش,نگارش,بانک پایه,ارزیابی مفهومی,پوشش اولیه,متوسط,مقدمه چه نقشی دارد؟,معرفی و آماده‌سازی موضوع,تکرار کامل نتیجه,حذف موضوع,پایان دادن متن,A,مقدمه خواننده را وارد موضوع می‌کند.,ترنم همدلی,original,1405
یازدهم,ریاضی,نگارش,نگارش,بانک پایه,ارزیابی مفهومی,پوشش اولیه,متوسط,نتیجه‌گیری چه می‌کند؟,جمع‌بندی نکات اصلی,شروع موضوع جدید,حذف استدلال,تکرار همه واژه‌ها,A,نتیجه‌گیری جمع‌بندی متن است.,ترنم همدلی,original,1405
یازدهم,ریاضی,نگارش,نگارش,بانک پایه,ارزیابی مفهومی,پوشش اولیه,متوسط,عنوان مناسب باید چگونه باشد؟,مرتبط و روشن,کاملاً بی‌ربط,بسیار مبهم,بدون ارتباط با متن,A,عنوان باید با محتوای نوشته ارتباط داشته باشد.,ترنم همدلی,original,1405
یازدهم,ریاضی,نگارش,نگارش,بانک پایه,ارزیابی مفهومی,پوشش اولیه,متوسط,انسجام متن یعنی چه؟,ارتباط منطقی جمله‌ها و بخش‌ها,طولانی بودن,زیاد بودن واژه‌ها,استفاده از کلمات سخت,A,انسجام به پیوند منطقی اجزای متن مربوط است.,ترنم همدلی,original,1405
یازدهم,ریاضی,نگارش,نگارش,بانک پایه,ارزیابی مفهومی,پوشش اولیه,متوسط,ویرایش چه هدفی دارد؟,بهبود محتوا و زبان نوشته,حذف همه متن,افزایش خطا,تغییر موضوع,A,ویرایش برای اصلاح و بهبود نوشته انجام می‌شود.,ترنم همدلی,original,1405
یازدهم,ریاضی,نگارش,نگارش,بانک پایه,ارزیابی مفهومی,پوشش اولیه,متوسط,نشانه‌گذاری چه کمکی می‌کند؟,خوانایی و فهم بهتر,حذف معنا,افزایش ابهام,کاهش واژه‌ها,A,نشانه‌گذاری درست ساختار و مکث متن را روشن می‌کند.,ترنم همدلی,original,1405
یازدهم,ریاضی,نگارش,نگارش,بانک پایه,ارزیابی مفهومی,پوشش اولیه,متوسط,کدام ویژگی برای گزارش مناسب‌تر است؟,دقیق و روشن بودن,خیالی و بی‌منبع بودن,کاملاً مبهم بودن,بدون ترتیب بودن,A,گزارش باید روشن و دقیق باشد.,ترنم همدلی,original,1405
یازدهم,ریاضی,نگارش,نگارش,بانک پایه,ارزیابی مفهومی,پوشش اولیه,متوسط,بازنویسی یعنی چه؟,نوشتن دوباره با حفظ مفهوم اصلی,حذف کامل مفهوم,ترجمه به زبان دیگر همیشه,افزودن موضوع نامرتبط,A,بازنویسی می‌تواند شکل بیان را تغییر دهد بدون اینکه مفهوم اصلی از بین برود.,ترنم همدلی,original,1405
یازدهم,ریاضی,نگارش,نگارش,بانک پایه,ارزیابی مفهومی,پوشش اولیه,متوسط,طرح کلی نوشته چه فایده‌ای دارد؟,سازمان‌دهی ایده‌ها,افزایش خطا,حذف موضوع,توقف نوشتن,A,طرح کلی به نظم دادن ایده‌ها کمک می‌کند.,ترنم همدلی,original,1405
یازدهم,تجربی,نگارش,نگارش,بانک پایه,ارزیابی مفهومی,پوشش اولیه,متوسط,یک پاراگراف خوب معمولاً چه دارد؟,موضوع مشخص و جمله‌های مرتبط,جمله‌های کاملاً بی‌ربط,فقط یک واژه,بدون موضوع,A,انسجام و موضوع مشخص از ویژگی‌های متن خوب است.,ترنم همدلی,original,1405
یازدهم,تجربی,نگارش,نگارش,بانک پایه,ارزیابی مفهومی,پوشش اولیه,متوسط,مقدمه چه نقشی دارد؟,معرفی و آماده‌سازی موضوع,تکرار کامل نتیجه,حذف موضوع,پایان دادن متن,A,مقدمه خواننده را وارد موضوع می‌کند.,ترنم همدلی,original,1405
یازدهم,تجربی,نگارش,نگارش,بانک پایه,ارزیابی مفهومی,پوشش اولیه,متوسط,نتیجه‌گیری چه می‌کند؟,جمع‌بندی نکات اصلی,شروع موضوع جدید,حذف استدلال,تکرار همه واژه‌ها,A,نتیجه‌گیری جمع‌بندی متن است.,ترنم همدلی,original,1405
یازدهم,تجربی,نگارش,نگارش,بانک پایه,ارزیابی مفهومی,پوشش اولیه,متوسط,عنوان مناسب باید چگونه باشد؟,مرتبط و روشن,کاملاً بی‌ربط,بسیار مبهم,بدون ارتباط با متن,A,عنوان باید با محتوای نوشته ارتباط داشته باشد.,ترنم همدلی,original,1405
یازدهم,تجربی,نگارش,نگارش,بانک پایه,ارزیابی مفهومی,پوشش اولیه,متوسط,انسجام متن یعنی چه؟,ارتباط منطقی جمله‌ها و بخش‌ها,طولانی بودن,زیاد بودن واژه‌ها,استفاده از کلمات سخت,A,انسجام به پیوند منطقی اجزای متن مربوط است.,ترنم همدلی,original,1405
یازدهم,تجربی,نگارش,نگارش,بانک پایه,ارزیابی مفهومی,پوشش اولیه,متوسط,ویرایش چه هدفی دارد؟,بهبود محتوا و زبان نوشته,حذف همه متن,افزایش خطا,تغییر موضوع,A,ویرایش برای اصلاح و بهبود نوشته انجام می‌شود.,ترنم همدلی,original,1405
یازدهم,تجربی,نگارش,نگارش,بانک پایه,ارزیابی مفهومی,پوشش اولیه,متوسط,نشانه‌گذاری چه کمکی می‌کند؟,خوانایی و فهم بهتر,حذف معنا,افزایش ابهام,کاهش واژه‌ها,A,نشانه‌گذاری درست ساختار و مکث متن را روشن می‌کند.,ترنم همدلی,original,1405
یازدهم,تجربی,نگارش,نگارش,بانک پایه,ارزیابی مفهومی,پوشش اولیه,متوسط,کدام ویژگی برای گزارش مناسب‌تر است؟,دقیق و روشن بودن,خیالی و بی‌منبع بودن,کاملاً مبهم بودن,بدون ترتیب بودن,A,گزارش باید روشن و دقیق باشد.,ترنم همدلی,original,1405
یازدهم,تجربی,نگارش,نگارش,بانک پایه,ارزیابی مفهومی,پوشش اولیه,متوسط,بازنویسی یعنی چه؟,نوشتن دوباره با حفظ مفهوم اصلی,حذف کامل مفهوم,ترجمه به زبان دیگر همیشه,افزودن موضوع نامرتبط,A,بازنویسی می‌تواند شکل بیان را تغییر دهد بدون اینکه مفهوم اصلی از بین برود.,ترنم همدلی,original,1405
یازدهم,تجربی,نگارش,نگارش,بانک پایه,ارزیابی مفهومی,پوشش اولیه,متوسط,طرح کلی نوشته چه فایده‌ای دارد؟,سازمان‌دهی ایده‌ها,افزایش خطا,حذف موضوع,توقف نوشتن,A,طرح کلی به نظم دادن ایده‌ها کمک می‌کند.,ترنم همدلی,original,1405
یازدهم,انسانی,نگارش,نگارش,بانک پایه,ارزیابی مفهومی,پوشش اولیه,متوسط,یک پاراگراف خوب معمولاً چه دارد؟,موضوع مشخص و جمله‌های مرتبط,جمله‌های کاملاً بی‌ربط,فقط یک واژه,بدون موضوع,A,انسجام و موضوع مشخص از ویژگی‌های متن خوب است.,ترنم همدلی,original,1405
یازدهم,انسانی,نگارش,نگارش,بانک پایه,ارزیابی مفهومی,پوشش اولیه,متوسط,مقدمه چه نقشی دارد؟,معرفی و آماده‌سازی موضوع,تکرار کامل نتیجه,حذف موضوع,پایان دادن متن,A,مقدمه خواننده را وارد موضوع می‌کند.,ترنم همدلی,original,1405
یازدهم,انسانی,نگارش,نگارش,بانک پایه,ارزیابی مفهومی,پوشش اولیه,متوسط,نتیجه‌گیری چه می‌کند؟,جمع‌بندی نکات اصلی,شروع موضوع جدید,حذف استدلال,تکرار همه واژه‌ها,A,نتیجه‌گیری جمع‌بندی متن است.,ترنم همدلی,original,1405
یازدهم,انسانی,نگارش,نگارش,بانک پایه,ارزیابی مفهومی,پوشش اولیه,متوسط,عنوان مناسب باید چگونه باشد؟,مرتبط و روشن,کاملاً بی‌ربط,بسیار مبهم,بدون ارتباط با متن,A,عنوان باید با محتوای نوشته ارتباط داشته باشد.,ترنم همدلی,original,1405
یازدهم,انسانی,نگارش,نگارش,بانک پایه,ارزیابی مفهومی,پوشش اولیه,متوسط,انسجام متن یعنی چه؟,ارتباط منطقی جمله‌ها و بخش‌ها,طولانی بودن,زیاد بودن واژه‌ها,استفاده از کلمات سخت,A,انسجام به پیوند منطقی اجزای متن مربوط است.,ترنم همدلی,original,1405
یازدهم,انسانی,نگارش,نگارش,بانک پایه,ارزیابی مفهومی,پوشش اولیه,متوسط,ویرایش چه هدفی دارد؟,بهبود محتوا و زبان نوشته,حذف همه متن,افزایش خطا,تغییر موضوع,A,ویرایش برای اصلاح و بهبود نوشته انجام می‌شود.,ترنم همدلی,original,1405
یازدهم,انسانی,نگارش,نگارش,بانک پایه,ارزیابی مفهومی,پوشش اولیه,متوسط,نشانه‌گذاری چه کمکی می‌کند؟,خوانایی و فهم بهتر,حذف معنا,افزایش ابهام,کاهش واژه‌ها,A,نشانه‌گذاری درست ساختار و مکث متن را روشن می‌کند.,ترنم همدلی,original,1405
یازدهم,انسانی,نگارش,نگارش,بانک پایه,ارزیابی مفهومی,پوشش اولیه,متوسط,کدام ویژگی برای گزارش مناسب‌تر است؟,دقیق و روشن بودن,خیالی و بی‌منبع بودن,کاملاً مبهم بودن,بدون ترتیب بودن,A,گزارش باید روشن و دقیق باشد.,ترنم همدلی,original,1405
یازدهم,انسانی,نگارش,نگارش,بانک پایه,ارزیابی مفهومی,پوشش اولیه,متوسط,بازنویسی یعنی چه؟,نوشتن دوباره با حفظ مفهوم اصلی,حذف کامل مفهوم,ترجمه به زبان دیگر همیشه,افزودن موضوع نامرتبط,A,بازنویسی می‌تواند شکل بیان را تغییر دهد بدون اینکه مفهوم اصلی از بین برود.,ترنم همدلی,original,1405
یازدهم,انسانی,نگارش,نگارش,بانک پایه,ارزیابی مفهومی,پوشش اولیه,متوسط,طرح کلی نوشته چه فایده‌ای دارد؟,سازمان‌دهی ایده‌ها,افزایش خطا,حذف موضوع,توقف نوشتن,A,طرح کلی به نظم دادن ایده‌ها کمک می‌کند.,ترنم همدلی,original,1405
یازدهم,هنر,نگارش,نگارش,بانک پایه,ارزیابی مفهومی,پوشش اولیه,متوسط,یک پاراگراف خوب معمولاً چه دارد؟,موضوع مشخص و جمله‌های مرتبط,جمله‌های کاملاً بی‌ربط,فقط یک واژه,بدون موضوع,A,انسجام و موضوع مشخص از ویژگی‌های متن خوب است.,ترنم همدلی,original,1405
یازدهم,هنر,نگارش,نگارش,بانک پایه,ارزیابی مفهومی,پوشش اولیه,متوسط,مقدمه چه نقشی دارد؟,معرفی و آماده‌سازی موضوع,تکرار کامل نتیجه,حذف موضوع,پایان دادن متن,A,مقدمه خواننده را وارد موضوع می‌کند.,ترنم همدلی,original,1405
یازدهم,هنر,نگارش,نگارش,بانک پایه,ارزیابی مفهومی,پوشش اولیه,متوسط,نتیجه‌گیری چه می‌کند؟,جمع‌بندی نکات اصلی,شروع موضوع جدید,حذف استدلال,تکرار همه واژه‌ها,A,نتیجه‌گیری جمع‌بندی متن است.,ترنم همدلی,original,1405
یازدهم,هنر,نگارش,نگارش,بانک پایه,ارزیابی مفهومی,پوشش اولیه,متوسط,عنوان مناسب باید چگونه باشد؟,مرتبط و روشن,کاملاً بی‌ربط,بسیار مبهم,بدون ارتباط با متن,A,عنوان باید با محتوای نوشته ارتباط داشته باشد.,ترنم همدلی,original,1405
یازدهم,هنر,نگارش,نگارش,بانک پایه,ارزیابی مفهومی,پوشش اولیه,متوسط,انسجام متن یعنی چه؟,ارتباط منطقی جمله‌ها و بخش‌ها,طولانی بودن,زیاد بودن واژه‌ها,استفاده از کلمات سخت,A,انسجام به پیوند منطقی اجزای متن مربوط است.,ترنم همدلی,original,1405
یازدهم,هنر,نگارش,نگارش,بانک پایه,ارزیابی مفهومی,پوشش اولیه,متوسط,ویرایش چه هدفی دارد؟,بهبود محتوا و زبان نوشته,حذف همه متن,افزایش خطا,تغییر موضوع,A,ویرایش برای اصلاح و بهبود نوشته انجام می‌شود.,ترنم همدلی,original,1405
یازدهم,هنر,نگارش,نگارش,بانک پایه,ارزیابی مفهومی,پوشش اولیه,متوسط,نشانه‌گذاری چه کمکی می‌کند؟,خوانایی و فهم بهتر,حذف معنا,افزایش ابهام,کاهش واژه‌ها,A,نشانه‌گذاری درست ساختار و مکث متن را روشن می‌کند.,ترنم همدلی,original,1405
یازدهم,هنر,نگارش,نگارش,بانک پایه,ارزیابی مفهومی,پوشش اولیه,متوسط,کدام ویژگی برای گزارش مناسب‌تر است؟,دقیق و روشن بودن,خیالی و بی‌منبع بودن,کاملاً مبهم بودن,بدون ترتیب بودن,A,گزارش باید روشن و دقیق باشد.,ترنم همدلی,original,1405
یازدهم,هنر,نگارش,نگارش,بانک پایه,ارزیابی مفهومی,پوشش اولیه,متوسط,بازنویسی یعنی چه؟,نوشتن دوباره با حفظ مفهوم اصلی,حذف کامل مفهوم,ترجمه به زبان دیگر همیشه,افزودن موضوع نامرتبط,A,بازنویسی می‌تواند شکل بیان را تغییر دهد بدون اینکه مفهوم اصلی از بین برود.,ترنم همدلی,original,1405
یازدهم,هنر,نگارش,نگارش,بانک پایه,ارزیابی مفهومی,پوشش اولیه,متوسط,طرح کلی نوشته چه فایده‌ای دارد؟,سازمان‌دهی ایده‌ها,افزایش خطا,حذف موضوع,توقف نوشتن,A,طرح کلی به نظم دادن ایده‌ها کمک می‌کند.,ترنم همدلی,original,1405
یازدهم,زبان,نگارش,نگارش,بانک پایه,ارزیابی مفهومی,پوشش اولیه,متوسط,یک پاراگراف خوب معمولاً چه دارد؟,موضوع مشخص و جمله‌های مرتبط,جمله‌های کاملاً بی‌ربط,فقط یک واژه,بدون موضوع,A,انسجام و موضوع مشخص از ویژگی‌های متن خوب است.,ترنم همدلی,original,1405
یازدهم,زبان,نگارش,نگارش,بانک پایه,ارزیابی مفهومی,پوشش اولیه,متوسط,مقدمه چه نقشی دارد؟,معرفی و آماده‌سازی موضوع,تکرار کامل نتیجه,حذف موضوع,پایان دادن متن,A,مقدمه خواننده را وارد موضوع می‌کند.,ترنم همدلی,original,1405
یازدهم,زبان,نگارش,نگارش,بانک پایه,ارزیابی مفهومی,پوشش اولیه,متوسط,نتیجه‌گیری چه می‌کند؟,جمع‌بندی نکات اصلی,شروع موضوع جدید,حذف استدلال,تکرار همه واژه‌ها,A,نتیجه‌گیری جمع‌بندی متن است.,ترنم همدلی,original,1405
یازدهم,زبان,نگارش,نگارش,بانک پایه,ارزیابی مفهومی,پوشش اولیه,متوسط,عنوان مناسب باید چگونه باشد؟,مرتبط و روشن,کاملاً بی‌ربط,بسیار مبهم,بدون ارتباط با متن,A,عنوان باید با محتوای نوشته ارتباط داشته باشد.,ترنم همدلی,original,1405
یازدهم,زبان,نگارش,نگارش,بانک پایه,ارزیابی مفهومی,پوشش اولیه,متوسط,انسجام متن یعنی چه؟,ارتباط منطقی جمله‌ها و بخش‌ها,طولانی بودن,زیاد بودن واژه‌ها,استفاده از کلمات سخت,A,انسجام به پیوند منطقی اجزای متن مربوط است.,ترنم همدلی,original,1405
یازدهم,زبان,نگارش,نگارش,بانک پایه,ارزیابی مفهومی,پوشش اولیه,متوسط,ویرایش چه هدفی دارد؟,بهبود محتوا و زبان نوشته,حذف همه متن,افزایش خطا,تغییر موضوع,A,ویرایش برای اصلاح و بهبود نوشته انجام می‌شود.,ترنم همدلی,original,1405
یازدهم,زبان,نگارش,نگارش,بانک پایه,ارزیابی مفهومی,پوشش اولیه,متوسط,نشانه‌گذاری چه کمکی می‌کند؟,خوانایی و فهم بهتر,حذف معنا,افزایش ابهام,کاهش واژه‌ها,A,نشانه‌گذاری درست ساختار و مکث متن را روشن می‌کند.,ترنم همدلی,original,1405
یازدهم,زبان,نگارش,نگارش,بانک پایه,ارزیابی مفهومی,پوشش اولیه,متوسط,کدام ویژگی برای گزارش مناسب‌تر است؟,دقیق و روشن بودن,خیالی و بی‌منبع بودن,کاملاً مبهم بودن,بدون ترتیب بودن,A,گزارش باید روشن و دقیق باشد.,ترنم همدلی,original,1405
یازدهم,زبان,نگارش,نگارش,بانک پایه,ارزیابی مفهومی,پوشش اولیه,متوسط,بازنویسی یعنی چه؟,نوشتن دوباره با حفظ مفهوم اصلی,حذف کامل مفهوم,ترجمه به زبان دیگر همیشه,افزودن موضوع نامرتبط,A,بازنویسی می‌تواند شکل بیان را تغییر دهد بدون اینکه مفهوم اصلی از بین برود.,ترنم همدلی,original,1405
یازدهم,زبان,نگارش,نگارش,بانک پایه,ارزیابی مفهومی,پوشش اولیه,متوسط,طرح کلی نوشته چه فایده‌ای دارد؟,سازمان‌دهی ایده‌ها,افزایش خطا,حذف موضوع,توقف نوشتن,A,طرح کلی به نظم دادن ایده‌ها کمک می‌کند.,ترنم همدلی,original,1405
یازدهم,ریاضی,دین و زندگی,دین و زندگی,بانک پایه,ارزیابی مفهومی,پوشش اولیه,متوسط,حق‌الناس به چه مربوط است؟,حقوق دیگران,فقط حقوق شخصی,فقط مسائل طبیعی,فقط درس مدرسه,A,حق‌الناس به حقوق و اموال مردم مربوط است.,ترنم همدلی,original,1405
یازدهم,ریاضی,دین و زندگی,دین و زندگی,بانک پایه,ارزیابی مفهومی,پوشش اولیه,متوسط,اسراف یعنی چه؟,مصرف بیش از اندازه و بی‌دلیل,صرفه‌جویی,استفاده درست,کمک به دیگران,A,اسراف مصرف بی‌رویه منابع است.,ترنم همدلی,original,1405
یازدهم,ریاضی,دین و زندگی,دین و زندگی,بانک پایه,ارزیابی مفهومی,پوشش اولیه,متوسط,توکل چه مفهومی دارد؟,اعتماد به خدا همراه با انجام وظیفه,رها کردن تلاش,بی‌برنامگی,نادیده گرفتن مسئولیت,A,توکل جایگزین تلاش و مسئولیت نیست.,ترنم همدلی,original,1405
یازدهم,ریاضی,دین و زندگی,دین و زندگی,بانک پایه,ارزیابی مفهومی,پوشش اولیه,متوسط,امر به معروف و نهی از منکر با چه چیزی همراه است؟,توجه مسئولانه به رفتار درست و نادرست,اجبار بدون شرایط,بی‌تفاوتی,توهین,A,درک شرایط و روش درست در این فریضه اهمیت دارد.,ترنم همدلی,original,1405
یازدهم,تجربی,دین و زندگی,دین و زندگی,بانک پایه,ارزیابی مفهومی,پوشش اولیه,متوسط,حق‌الناس به چه مربوط است؟,حقوق دیگران,فقط حقوق شخصی,فقط مسائل طبیعی,فقط درس مدرسه,A,حق‌الناس به حقوق و اموال مردم مربوط است.,ترنم همدلی,original,1405
یازدهم,تجربی,دین و زندگی,دین و زندگی,بانک پایه,ارزیابی مفهومی,پوشش اولیه,متوسط,اسراف یعنی چه؟,مصرف بیش از اندازه و بی‌دلیل,صرفه‌جویی,استفاده درست,کمک به دیگران,A,اسراف مصرف بی‌رویه منابع است.,ترنم همدلی,original,1405
یازدهم,تجربی,دین و زندگی,دین و زندگی,بانک پایه,ارزیابی مفهومی,پوشش اولیه,متوسط,توکل چه مفهومی دارد؟,اعتماد به خدا همراه با انجام وظیفه,رها کردن تلاش,بی‌برنامگی,نادیده گرفتن مسئولیت,A,توکل جایگزین تلاش و مسئولیت نیست.,ترنم همدلی,original,1405
یازدهم,تجربی,دین و زندگی,دین و زندگی,بانک پایه,ارزیابی مفهومی,پوشش اولیه,متوسط,امر به معروف و نهی از منکر با چه چیزی همراه است؟,توجه مسئولانه به رفتار درست و نادرست,اجبار بدون شرایط,بی‌تفاوتی,توهین,A,درک شرایط و روش درست در این فریضه اهمیت دارد.,ترنم همدلی,original,1405
یازدهم,انسانی,دین و زندگی,دین و زندگی,بانک پایه,ارزیابی مفهومی,پوشش اولیه,متوسط,حق‌الناس به چه مربوط است؟,حقوق دیگران,فقط حقوق شخصی,فقط مسائل طبیعی,فقط درس مدرسه,A,حق‌الناس به حقوق و اموال مردم مربوط است.,ترنم همدلی,original,1405
یازدهم,انسانی,دین و زندگی,دین و زندگی,بانک پایه,ارزیابی مفهومی,پوشش اولیه,متوسط,اسراف یعنی چه؟,مصرف بیش از اندازه و بی‌دلیل,صرفه‌جویی,استفاده درست,کمک به دیگران,A,اسراف مصرف بی‌رویه منابع است.,ترنم همدلی,original,1405
یازدهم,انسانی,دین و زندگی,دین و زندگی,بانک پایه,ارزیابی مفهومی,پوشش اولیه,متوسط,توکل چه مفهومی دارد؟,اعتماد به خدا همراه با انجام وظیفه,رها کردن تلاش,بی‌برنامگی,نادیده گرفتن مسئولیت,A,توکل جایگزین تلاش و مسئولیت نیست.,ترنم همدلی,original,1405
یازدهم,انسانی,دین و زندگی,دین و زندگی,بانک پایه,ارزیابی مفهومی,پوشش اولیه,متوسط,امر به معروف و نهی از منکر با چه چیزی همراه است؟,توجه مسئولانه به رفتار درست و نادرست,اجبار بدون شرایط,بی‌تفاوتی,توهین,A,درک شرایط و روش درست در این فریضه اهمیت دارد.,ترنم همدلی,original,1405
یازدهم,هنر,دین و زندگی,دین و زندگی,بانک پایه,ارزیابی مفهومی,پوشش اولیه,متوسط,صداقت در زندگی اجتماعی چه اثری دارد؟,اعتماد را افزایش می‌دهد,اعتماد را از بین می‌برد,همیشه باعث اختلاف می‌شود,هیچ اثری ندارد,A,صداقت پایه مهم اعتماد است.,ترنم همدلی,original,1405
یازدهم,هنر,دین و زندگی,دین و زندگی,بانک پایه,ارزیابی مفهومی,پوشش اولیه,متوسط,شکرگزاری بیشتر به چه معناست؟,شناخت نعمت و قدردانی,نادیده گرفتن نعمت‌ها,خودبرتربینی,بی‌تفاوتی,A,شکرگزاری با شناخت نعمت و قدردانی همراه است.,ترنم همدلی,original,1405
یازدهم,هنر,دین و زندگی,دین و زندگی,بانک پایه,ارزیابی مفهومی,پوشش اولیه,متوسط,نماز در آموزه‌های دینی چه نقشی دارد؟,ارتباط و یاد خدا,فقط فعالیت ورزشی,فقط مطالعه,فقط سرگرمی,A,نماز عبادت و یاد خداست.,ترنم همدلی,original,1405
یازدهم,هنر,دین و زندگی,دین و زندگی,بانک پایه,ارزیابی مفهومی,پوشش اولیه,متوسط,امانت‌داری یعنی چه؟,حفظ حق و مال سپرده‌شده,تصاحب امانت,نادیده گرفتن مسئولیت,پنهان کردن حقیقت,A,امانت‌داری یعنی رعایت حق صاحب امانت.,ترنم همدلی,original,1405
یازدهم,هنر,دین و زندگی,دین و زندگی,بانک پایه,ارزیابی مفهومی,پوشش اولیه,متوسط,احترام به والدین نمونه کدام رفتار است؟,نیکوکاری,بی‌تفاوتی,اسراف,غیبت,A,نیکی به والدین از رفتارهای اخلاقی است.,ترنم همدلی,original,1405
یازدهم,هنر,دین و زندگی,دین و زندگی,بانک پایه,ارزیابی مفهومی,پوشش اولیه,متوسط,صبر در برابر مشکل یعنی چه؟,پایداری همراه با رفتار سنجیده,رها کردن همه تلاش‌ها,خشم دائمی,انکار واقعیت,A,صبر با پایداری و کنترل رفتار همراه است.,ترنم همدلی,original,1405
یازدهم,هنر,دین و زندگی,دین و زندگی,بانک پایه,ارزیابی مفهومی,پوشش اولیه,متوسط,حق‌الناس به چه مربوط است؟,حقوق دیگران,فقط حقوق شخصی,فقط مسائل طبیعی,فقط درس مدرسه,A,حق‌الناس به حقوق و اموال مردم مربوط است.,ترنم همدلی,original,1405
یازدهم,هنر,دین و زندگی,دین و زندگی,بانک پایه,ارزیابی مفهومی,پوشش اولیه,متوسط,اسراف یعنی چه؟,مصرف بیش از اندازه و بی‌دلیل,صرفه‌جویی,استفاده درست,کمک به دیگران,A,اسراف مصرف بی‌رویه منابع است.,ترنم همدلی,original,1405
یازدهم,هنر,دین و زندگی,دین و زندگی,بانک پایه,ارزیابی مفهومی,پوشش اولیه,متوسط,توکل چه مفهومی دارد؟,اعتماد به خدا همراه با انجام وظیفه,رها کردن تلاش,بی‌برنامگی,نادیده گرفتن مسئولیت,A,توکل جایگزین تلاش و مسئولیت نیست.,ترنم همدلی,original,1405
یازدهم,هنر,دین و زندگی,دین و زندگی,بانک پایه,ارزیابی مفهومی,پوشش اولیه,متوسط,امر به معروف و نهی از منکر با چه چیزی همراه است؟,توجه مسئولانه به رفتار درست و نادرست,اجبار بدون شرایط,بی‌تفاوتی,توهین,A,درک شرایط و روش درست در این فریضه اهمیت دارد.,ترنم همدلی,original,1405
یازدهم,زبان,دین و زندگی,دین و زندگی,بانک پایه,ارزیابی مفهومی,پوشش اولیه,متوسط,صداقت در زندگی اجتماعی چه اثری دارد؟,اعتماد را افزایش می‌دهد,اعتماد را از بین می‌برد,همیشه باعث اختلاف می‌شود,هیچ اثری ندارد,A,صداقت پایه مهم اعتماد است.,ترنم همدلی,original,1405
یازدهم,زبان,دین و زندگی,دین و زندگی,بانک پایه,ارزیابی مفهومی,پوشش اولیه,متوسط,شکرگزاری بیشتر به چه معناست؟,شناخت نعمت و قدردانی,نادیده گرفتن نعمت‌ها,خودبرتربینی,بی‌تفاوتی,A,شکرگزاری با شناخت نعمت و قدردانی همراه است.,ترنم همدلی,original,1405
یازدهم,زبان,دین و زندگی,دین و زندگی,بانک پایه,ارزیابی مفهومی,پوشش اولیه,متوسط,نماز در آموزه‌های دینی چه نقشی دارد؟,ارتباط و یاد خدا,فقط فعالیت ورزشی,فقط مطالعه,فقط سرگرمی,A,نماز عبادت و یاد خداست.,ترنم همدلی,original,1405
یازدهم,زبان,دین و زندگی,دین و زندگی,بانک پایه,ارزیابی مفهومی,پوشش اولیه,متوسط,امانت‌داری یعنی چه؟,حفظ حق و مال سپرده‌شده,تصاحب امانت,نادیده گرفتن مسئولیت,پنهان کردن حقیقت,A,امانت‌داری یعنی رعایت حق صاحب امانت.,ترنم همدلی,original,1405
یازدهم,زبان,دین و زندگی,دین و زندگی,بانک پایه,ارزیابی مفهومی,پوشش اولیه,متوسط,احترام به والدین نمونه کدام رفتار است؟,نیکوکاری,بی‌تفاوتی,اسراف,غیبت,A,نیکی به والدین از رفتارهای اخلاقی است.,ترنم همدلی,original,1405
یازدهم,زبان,دین و زندگی,دین و زندگی,بانک پایه,ارزیابی مفهومی,پوشش اولیه,متوسط,صبر در برابر مشکل یعنی چه؟,پایداری همراه با رفتار سنجیده,رها کردن همه تلاش‌ها,خشم دائمی,انکار واقعیت,A,صبر با پایداری و کنترل رفتار همراه است.,ترنم همدلی,original,1405
یازدهم,زبان,دین و زندگی,دین و زندگی,بانک پایه,ارزیابی مفهومی,پوشش اولیه,متوسط,حق‌الناس به چه مربوط است؟,حقوق دیگران,فقط حقوق شخصی,فقط مسائل طبیعی,فقط درس مدرسه,A,حق‌الناس به حقوق و اموال مردم مربوط است.,ترنم همدلی,original,1405
یازدهم,زبان,دین و زندگی,دین و زندگی,بانک پایه,ارزیابی مفهومی,پوشش اولیه,متوسط,اسراف یعنی چه؟,مصرف بیش از اندازه و بی‌دلیل,صرفه‌جویی,استفاده درست,کمک به دیگران,A,اسراف مصرف بی‌رویه منابع است.,ترنم همدلی,original,1405
یازدهم,زبان,دین و زندگی,دین و زندگی,بانک پایه,ارزیابی مفهومی,پوشش اولیه,متوسط,توکل چه مفهومی دارد؟,اعتماد به خدا همراه با انجام وظیفه,رها کردن تلاش,بی‌برنامگی,نادیده گرفتن مسئولیت,A,توکل جایگزین تلاش و مسئولیت نیست.,ترنم همدلی,original,1405
یازدهم,زبان,دین و زندگی,دین و زندگی,بانک پایه,ارزیابی مفهومی,پوشش اولیه,متوسط,امر به معروف و نهی از منکر با چه چیزی همراه است؟,توجه مسئولانه به رفتار درست و نادرست,اجبار بدون شرایط,بی‌تفاوتی,توهین,A,درک شرایط و روش درست در این فریضه اهمیت دارد.,ترنم همدلی,original,1405
یازدهم,ریاضی,عربی,عربی,بانک پایه,ارزیابی مفهومی,پوشش اولیه,متوسط,برای بیان توانایی معمولاً از چه فعلی استفاده می‌شود؟,can,musted,didn't can,has,A,can برای بیان توانایی به کار می‌رود.,ترنم همدلی,original,1405
یازدهم,ریاضی,عربی,عربی,بانک پایه,ارزیابی مفهومی,پوشش اولیه,متوسط,کدام گزینه زمان حال استمراری را نشان می‌دهد؟,is reading,read yesterday,has read,will read,A,is reading ساختار حال استمراری است.,ترنم همدلی,original,1405
یازدهم,ریاضی,عربی,عربی,بانک پایه,ارزیابی مفهومی,پوشش اولیه,متوسط,کدام واژه به معنی «آموزش» نزدیک‌تر است؟,education,weather,window,market,A,education به معنی آموزش است.,ترنم همدلی,original,1405
یازدهم,ریاضی,عربی,عربی,بانک پایه,ارزیابی مفهومی,پوشش اولیه,متوسط,کدام گزینه یک پرسش درست است؟,Where do you live?,Where you live?,Do where live?,Where live you do?,A,ساختار پرسش درست است.,ترنم همدلی,original,1405
یازدهم,تجربی,عربی,عربی,بانک پایه,ارزیابی مفهومی,پوشش اولیه,متوسط,برای بیان توانایی معمولاً از چه فعلی استفاده می‌شود؟,can,musted,didn't can,has,A,can برای بیان توانایی به کار می‌رود.,ترنم همدلی,original,1405
یازدهم,تجربی,عربی,عربی,بانک پایه,ارزیابی مفهومی,پوشش اولیه,متوسط,کدام گزینه زمان حال استمراری را نشان می‌دهد؟,is reading,read yesterday,has read,will read,A,is reading ساختار حال استمراری است.,ترنم همدلی,original,1405
یازدهم,تجربی,عربی,عربی,بانک پایه,ارزیابی مفهومی,پوشش اولیه,متوسط,کدام واژه به معنی «آموزش» نزدیک‌تر است؟,education,weather,window,market,A,education به معنی آموزش است.,ترنم همدلی,original,1405
یازدهم,تجربی,عربی,عربی,بانک پایه,ارزیابی مفهومی,پوشش اولیه,متوسط,کدام گزینه یک پرسش درست است؟,Where do you live?,Where you live?,Do where live?,Where live you do?,A,ساختار پرسش درست است.,ترنم همدلی,original,1405
یازدهم,انسانی,عربی,عربی,بانک پایه,ارزیابی مفهومی,پوشش اولیه,متوسط,برای بیان توانایی معمولاً از چه فعلی استفاده می‌شود؟,can,musted,didn't can,has,A,can برای بیان توانایی به کار می‌رود.,ترنم همدلی,original,1405
یازدهم,انسانی,عربی,عربی,بانک پایه,ارزیابی مفهومی,پوشش اولیه,متوسط,کدام گزینه زمان حال استمراری را نشان می‌دهد؟,is reading,read yesterday,has read,will read,A,is reading ساختار حال استمراری است.,ترنم همدلی,original,1405
یازدهم,انسانی,عربی,عربی,بانک پایه,ارزیابی مفهومی,پوشش اولیه,متوسط,کدام واژه به معنی «آموزش» نزدیک‌تر است؟,education,weather,window,market,A,education به معنی آموزش است.,ترنم همدلی,original,1405
یازدهم,انسانی,عربی,عربی,بانک پایه,ارزیابی مفهومی,پوشش اولیه,متوسط,کدام گزینه یک پرسش درست است؟,Where do you live?,Where you live?,Do where live?,Where live you do?,A,ساختار پرسش درست است.,ترنم همدلی,original,1405
یازدهم,هنر,عربی,عربی,بانک پایه,ارزیابی مفهومی,پوشش اولیه,متوسط,کدام گزینه معادل انگلیسی «کتاب» است؟,book,school,chair,water,A,book به معنی کتاب است.,ترنم همدلی,original,1405
یازدهم,هنر,عربی,عربی,بانک پایه,ارزیابی مفهومی,پوشش اولیه,متوسط,کدام جمله از نظر دستوری درست است؟,She is a student.,She are a student.,She am a student.,She be a student.,A,برای فاعل مفرد سوم شخص از is استفاده می‌شود.,ترنم همدلی,original,1405
یازدهم,هنر,عربی,عربی,بانک پایه,ارزیابی مفهومی,پوشش اولیه,متوسط,گذشته ساده go چیست؟,goed,went,gone,going,B,گذشته ساده go، went است.,ترنم همدلی,original,1405
یازدهم,هنر,عربی,عربی,بانک پایه,ارزیابی مفهومی,پوشش اولیه,متوسط,جمع child چیست؟,childs,children,childes,childrens,B,جمع بی‌قاعده child برابر children است.,ترنم همدلی,original,1405
یازدهم,هنر,عربی,عربی,بانک پایه,ارزیابی مفهومی,پوشش اولیه,متوسط,مخالف hot کدام است؟,cold,fast,high,old,A,مخالف hot، cold است.,ترنم همدلی,original,1405
یازدهم,هنر,عربی,عربی,بانک پایه,ارزیابی مفهومی,پوشش اولیه,متوسط,کدام گزینه ضمیر است؟,they,book,quickly,beautiful,A,they یک ضمیر است.,ترنم همدلی,original,1405
یازدهم,هنر,عربی,عربی,بانک پایه,ارزیابی مفهومی,پوشش اولیه,متوسط,برای بیان توانایی معمولاً از چه فعلی استفاده می‌شود؟,can,musted,didn't can,has,A,can برای بیان توانایی به کار می‌رود.,ترنم همدلی,original,1405
یازدهم,هنر,عربی,عربی,بانک پایه,ارزیابی مفهومی,پوشش اولیه,متوسط,کدام گزینه زمان حال استمراری را نشان می‌دهد؟,is reading,read yesterday,has read,will read,A,is reading ساختار حال استمراری است.,ترنم همدلی,original,1405
یازدهم,هنر,عربی,عربی,بانک پایه,ارزیابی مفهومی,پوشش اولیه,متوسط,کدام واژه به معنی «آموزش» نزدیک‌تر است؟,education,weather,window,market,A,education به معنی آموزش است.,ترنم همدلی,original,1405
یازدهم,هنر,عربی,عربی,بانک پایه,ارزیابی مفهومی,پوشش اولیه,متوسط,کدام گزینه یک پرسش درست است؟,Where do you live?,Where you live?,Do where live?,Where live you do?,A,ساختار پرسش درست است.,ترنم همدلی,original,1405
یازدهم,زبان,عربی,عربی,بانک پایه,ارزیابی مفهومی,پوشش اولیه,متوسط,کدام گزینه معادل انگلیسی «کتاب» است؟,book,school,chair,water,A,book به معنی کتاب است.,ترنم همدلی,original,1405
یازدهم,زبان,عربی,عربی,بانک پایه,ارزیابی مفهومی,پوشش اولیه,متوسط,کدام جمله از نظر دستوری درست است؟,She is a student.,She are a student.,She am a student.,She be a student.,A,برای فاعل مفرد سوم شخص از is استفاده می‌شود.,ترنم همدلی,original,1405
یازدهم,زبان,عربی,عربی,بانک پایه,ارزیابی مفهومی,پوشش اولیه,متوسط,گذشته ساده go چیست؟,goed,went,gone,going,B,گذشته ساده go، went است.,ترنم همدلی,original,1405
یازدهم,زبان,عربی,عربی,بانک پایه,ارزیابی مفهومی,پوشش اولیه,متوسط,جمع child چیست؟,childs,children,childes,childrens,B,جمع بی‌قاعده child برابر children است.,ترنم همدلی,original,1405
یازدهم,زبان,عربی,عربی,بانک پایه,ارزیابی مفهومی,پوشش اولیه,متوسط,مخالف hot کدام است؟,cold,fast,high,old,A,مخالف hot، cold است.,ترنم همدلی,original,1405
یازدهم,زبان,عربی,عربی,بانک پایه,ارزیابی مفهومی,پوشش اولیه,متوسط,کدام گزینه ضمیر است؟,they,book,quickly,beautiful,A,they یک ضمیر است.,ترنم همدلی,original,1405
یازدهم,زبان,عربی,عربی,بانک پایه,ارزیابی مفهومی,پوشش اولیه,متوسط,برای بیان توانایی معمولاً از چه فعلی استفاده می‌شود؟,can,musted,didn't can,has,A,can برای بیان توانایی به کار می‌رود.,ترنم همدلی,original,1405
یازدهم,زبان,عربی,عربی,بانک پایه,ارزیابی مفهومی,پوشش اولیه,متوسط,کدام گزینه زمان حال استمراری را نشان می‌دهد؟,is reading,read yesterday,has read,will read,A,is reading ساختار حال استمراری است.,ترنم همدلی,original,1405
یازدهم,زبان,عربی,عربی,بانک پایه,ارزیابی مفهومی,پوشش اولیه,متوسط,کدام واژه به معنی «آموزش» نزدیک‌تر است؟,education,weather,window,market,A,education به معنی آموزش است.,ترنم همدلی,original,1405
یازدهم,زبان,عربی,عربی,بانک پایه,ارزیابی مفهومی,پوشش اولیه,متوسط,کدام گزینه یک پرسش درست است؟,Where do you live?,Where you live?,Do where live?,Where live you do?,A,ساختار پرسش درست است.,ترنم همدلی,original,1405
یازدهم,ریاضی,زبان انگلیسی,زبان انگلیسی,بانک پایه,ارزیابی مفهومی,پوشش اولیه,متوسط,برای بیان توانایی معمولاً از چه فعلی استفاده می‌شود؟,can,musted,didn't can,has,A,can برای بیان توانایی به کار می‌رود.,ترنم همدلی,original,1405
یازدهم,ریاضی,زبان انگلیسی,زبان انگلیسی,بانک پایه,ارزیابی مفهومی,پوشش اولیه,متوسط,کدام گزینه زمان حال استمراری را نشان می‌دهد؟,is reading,read yesterday,has read,will read,A,is reading ساختار حال استمراری است.,ترنم همدلی,original,1405
یازدهم,ریاضی,زبان انگلیسی,زبان انگلیسی,بانک پایه,ارزیابی مفهومی,پوشش اولیه,متوسط,کدام واژه به معنی «آموزش» نزدیک‌تر است؟,education,weather,window,market,A,education به معنی آموزش است.,ترنم همدلی,original,1405
یازدهم,ریاضی,زبان انگلیسی,زبان انگلیسی,بانک پایه,ارزیابی مفهومی,پوشش اولیه,متوسط,کدام گزینه یک پرسش درست است؟,Where do you live?,Where you live?,Do where live?,Where live you do?,A,ساختار پرسش درست است.,ترنم همدلی,original,1405
یازدهم,تجربی,زبان انگلیسی,زبان انگلیسی,بانک پایه,ارزیابی مفهومی,پوشش اولیه,متوسط,برای بیان توانایی معمولاً از چه فعلی استفاده می‌شود؟,can,musted,didn't can,has,A,can برای بیان توانایی به کار می‌رود.,ترنم همدلی,original,1405
یازدهم,تجربی,زبان انگلیسی,زبان انگلیسی,بانک پایه,ارزیابی مفهومی,پوشش اولیه,متوسط,کدام گزینه زمان حال استمراری را نشان می‌دهد؟,is reading,read yesterday,has read,will read,A,is reading ساختار حال استمراری است.,ترنم همدلی,original,1405
یازدهم,تجربی,زبان انگلیسی,زبان انگلیسی,بانک پایه,ارزیابی مفهومی,پوشش اولیه,متوسط,کدام واژه به معنی «آموزش» نزدیک‌تر است؟,education,weather,window,market,A,education به معنی آموزش است.,ترنم همدلی,original,1405
یازدهم,تجربی,زبان انگلیسی,زبان انگلیسی,بانک پایه,ارزیابی مفهومی,پوشش اولیه,متوسط,کدام گزینه یک پرسش درست است؟,Where do you live?,Where you live?,Do where live?,Where live you do?,A,ساختار پرسش درست است.,ترنم همدلی,original,1405
یازدهم,انسانی,زبان انگلیسی,زبان انگلیسی,بانک پایه,ارزیابی مفهومی,پوشش اولیه,متوسط,برای بیان توانایی معمولاً از چه فعلی استفاده می‌شود؟,can,musted,didn't can,has,A,can برای بیان توانایی به کار می‌رود.,ترنم همدلی,original,1405
یازدهم,انسانی,زبان انگلیسی,زبان انگلیسی,بانک پایه,ارزیابی مفهومی,پوشش اولیه,متوسط,کدام گزینه زمان حال استمراری را نشان می‌دهد؟,is reading,read yesterday,has read,will read,A,is reading ساختار حال استمراری است.,ترنم همدلی,original,1405
یازدهم,انسانی,زبان انگلیسی,زبان انگلیسی,بانک پایه,ارزیابی مفهومی,پوشش اولیه,متوسط,کدام واژه به معنی «آموزش» نزدیک‌تر است؟,education,weather,window,market,A,education به معنی آموزش است.,ترنم همدلی,original,1405
یازدهم,انسانی,زبان انگلیسی,زبان انگلیسی,بانک پایه,ارزیابی مفهومی,پوشش اولیه,متوسط,کدام گزینه یک پرسش درست است؟,Where do you live?,Where you live?,Do where live?,Where live you do?,A,ساختار پرسش درست است.,ترنم همدلی,original,1405
یازدهم,هنر,زبان انگلیسی,زبان انگلیسی,بانک پایه,ارزیابی مفهومی,پوشش اولیه,متوسط,کدام گزینه معادل انگلیسی «کتاب» است؟,book,school,chair,water,A,book به معنی کتاب است.,ترنم همدلی,original,1405
یازدهم,هنر,زبان انگلیسی,زبان انگلیسی,بانک پایه,ارزیابی مفهومی,پوشش اولیه,متوسط,کدام جمله از نظر دستوری درست است؟,She is a student.,She are a student.,She am a student.,She be a student.,A,برای فاعل مفرد سوم شخص از is استفاده می‌شود.,ترنم همدلی,original,1405
یازدهم,هنر,زبان انگلیسی,زبان انگلیسی,بانک پایه,ارزیابی مفهومی,پوشش اولیه,متوسط,گذشته ساده go چیست؟,goed,went,gone,going,B,گذشته ساده go، went است.,ترنم همدلی,original,1405
یازدهم,هنر,زبان انگلیسی,زبان انگلیسی,بانک پایه,ارزیابی مفهومی,پوشش اولیه,متوسط,جمع child چیست؟,childs,children,childes,childrens,B,جمع بی‌قاعده child برابر children است.,ترنم همدلی,original,1405
یازدهم,هنر,زبان انگلیسی,زبان انگلیسی,بانک پایه,ارزیابی مفهومی,پوشش اولیه,متوسط,مخالف hot کدام است؟,cold,fast,high,old,A,مخالف hot، cold است.,ترنم همدلی,original,1405
یازدهم,هنر,زبان انگلیسی,زبان انگلیسی,بانک پایه,ارزیابی مفهومی,پوشش اولیه,متوسط,کدام گزینه ضمیر است؟,they,book,quickly,beautiful,A,they یک ضمیر است.,ترنم همدلی,original,1405
یازدهم,هنر,زبان انگلیسی,زبان انگلیسی,بانک پایه,ارزیابی مفهومی,پوشش اولیه,متوسط,برای بیان توانایی معمولاً از چه فعلی استفاده می‌شود؟,can,musted,didn't can,has,A,can برای بیان توانایی به کار می‌رود.,ترنم همدلی,original,1405
یازدهم,هنر,زبان انگلیسی,زبان انگلیسی,بانک پایه,ارزیابی مفهومی,پوشش اولیه,متوسط,کدام گزینه زمان حال استمراری را نشان می‌دهد؟,is reading,read yesterday,has read,will read,A,is reading ساختار حال استمراری است.,ترنم همدلی,original,1405
یازدهم,هنر,زبان انگلیسی,زبان انگلیسی,بانک پایه,ارزیابی مفهومی,پوشش اولیه,متوسط,کدام واژه به معنی «آموزش» نزدیک‌تر است؟,education,weather,window,market,A,education به معنی آموزش است.,ترنم همدلی,original,1405
یازدهم,هنر,زبان انگلیسی,زبان انگلیسی,بانک پایه,ارزیابی مفهومی,پوشش اولیه,متوسط,کدام گزینه یک پرسش درست است؟,Where do you live?,Where you live?,Do where live?,Where live you do?,A,ساختار پرسش درست است.,ترنم همدلی,original,1405
یازدهم,زبان,زبان انگلیسی,زبان انگلیسی,بانک پایه,ارزیابی مفهومی,پوشش اولیه,متوسط,کدام گزینه معادل انگلیسی «کتاب» است؟,book,school,chair,water,A,book به معنی کتاب است.,ترنم همدلی,original,1405
یازدهم,زبان,زبان انگلیسی,زبان انگلیسی,بانک پایه,ارزیابی مفهومی,پوشش اولیه,متوسط,کدام جمله از نظر دستوری درست است؟,She is a student.,She are a student.,She am a student.,She be a student.,A,برای فاعل مفرد سوم شخص از is استفاده می‌شود.,ترنم همدلی,original,1405
یازدهم,زبان,زبان انگلیسی,زبان انگلیسی,بانک پایه,ارزیابی مفهومی,پوشش اولیه,متوسط,گذشته ساده go چیست؟,goed,went,gone,going,B,گذشته ساده go، went است.,ترنم همدلی,original,1405
یازدهم,زبان,زبان انگلیسی,زبان انگلیسی,بانک پایه,ارزیابی مفهومی,پوشش اولیه,متوسط,جمع child چیست؟,childs,children,childes,childrens,B,جمع بی‌قاعده child برابر children است.,ترنم همدلی,original,1405
یازدهم,زبان,زبان انگلیسی,زبان انگلیسی,بانک پایه,ارزیابی مفهومی,پوشش اولیه,متوسط,مخالف hot کدام است؟,cold,fast,high,old,A,مخالف hot، cold است.,ترنم همدلی,original,1405
یازدهم,زبان,زبان انگلیسی,زبان انگلیسی,بانک پایه,ارزیابی مفهومی,پوشش اولیه,متوسط,کدام گزینه ضمیر است؟,they,book,quickly,beautiful,A,they یک ضمیر است.,ترنم همدلی,original,1405
یازدهم,زبان,زبان انگلیسی,زبان انگلیسی,بانک پایه,ارزیابی مفهومی,پوشش اولیه,متوسط,برای بیان توانایی معمولاً از چه فعلی استفاده می‌شود؟,can,musted,didn't can,has,A,can برای بیان توانایی به کار می‌رود.,ترنم همدلی,original,1405
یازدهم,زبان,زبان انگلیسی,زبان انگلیسی,بانک پایه,ارزیابی مفهومی,پوشش اولیه,متوسط,کدام گزینه زمان حال استمراری را نشان می‌دهد؟,is reading,read yesterday,has read,will read,A,is reading ساختار حال استمراری است.,ترنم همدلی,original,1405
یازدهم,زبان,زبان انگلیسی,زبان انگلیسی,بانک پایه,ارزیابی مفهومی,پوشش اولیه,متوسط,کدام واژه به معنی «آموزش» نزدیک‌تر است؟,education,weather,window,market,A,education به معنی آموزش است.,ترنم همدلی,original,1405
یازدهم,زبان,زبان انگلیسی,زبان انگلیسی,بانک پایه,ارزیابی مفهومی,پوشش اولیه,متوسط,کدام گزینه یک پرسش درست است؟,Where do you live?,Where you live?,Do where live?,Where live you do?,A,ساختار پرسش درست است.,ترنم همدلی,original,1405
یازدهم,ریاضی,تاریخ معاصر ایران,تاریخ معاصر ایران,بانک پایه,ارزیابی مفهومی,پوشش اولیه,متوسط,نقشه برای چه کاری به کار می‌رود؟,نمایش مکان‌ها و روابط مکانی,اندازه‌گیری دما,تعیین وزن,تشخیص مزه,A,نقشه نمایش اطلاعات مکانی است.,ترنم همدلی,original,1405
یازدهم,ریاضی,تاریخ معاصر ایران,تاریخ معاصر ایران,بانک پایه,ارزیابی مفهومی,پوشش اولیه,متوسط,منابع طبیعی کدام‌اند؟,منابع موجود در طبیعت,فقط ساختمان‌ها,فقط پول,فقط قوانین,A,آب، خاک و منابع معدنی نمونه منابع طبیعی‌اند.,ترنم همدلی,original,1405
یازدهم,ریاضی,تاریخ معاصر ایران,تاریخ معاصر ایران,بانک پایه,ارزیابی مفهومی,پوشش اولیه,متوسط,شهروند مسئول چه می‌کند؟,حقوق خود و دیگران را رعایت می‌کند,قوانین را نادیده می‌گیرد,منابع را هدر می‌دهد,به اموال عمومی آسیب می‌زند,A,مسئولیت‌پذیری بخشی از شهروندی است.,ترنم همدلی,original,1405
یازدهم,ریاضی,تاریخ معاصر ایران,تاریخ معاصر ایران,بانک پایه,ارزیابی مفهومی,پوشش اولیه,متوسط,تاریخ بیشتر به چه می‌پردازد؟,رویدادهای گذشته انسان‌ها,فقط آینده,فقط آب‌وهوا,فقط گیاهان,A,تاریخ رویدادهای گذشته انسانی را بررسی می‌کند.,ترنم همدلی,original,1405
یازدهم,ریاضی,تاریخ معاصر ایران,تاریخ معاصر ایران,بانک پایه,ارزیابی مفهومی,پوشش اولیه,متوسط,مقیاس نقشه چه چیزی را نشان می‌دهد؟,رابطه فاصله نقشه و واقعیت,ارتفاع همه کوه‌ها,دمای هوا,تعداد جمعیت,A,مقیاس نسبت فاصله روی نقشه به فاصله واقعی است.,ترنم همدلی,original,1405
یازدهم,ریاضی,تاریخ معاصر ایران,تاریخ معاصر ایران,بانک پایه,ارزیابی مفهومی,پوشش اولیه,متوسط,جمعیت به چه معناست؟,تعداد افراد یک محدوده,تعداد ساختمان‌ها,تعداد رودها,تعداد کشورها,A,جمعیت تعداد افراد ساکن یک محدوده است.,ترنم همدلی,original,1405
یازدهم,ریاضی,تاریخ معاصر ایران,تاریخ معاصر ایران,بانک پایه,ارزیابی مفهومی,پوشش اولیه,متوسط,مهاجرت چیست؟,جابه‌جایی برای سکونت,تغییر فصل,حرکت زمین,تغییر ساعت,A,مهاجرت جابه‌جایی افراد از مکانی به مکان دیگر برای سکونت است.,ترنم همدلی,original,1405
یازدهم,ریاضی,تاریخ معاصر ایران,تاریخ معاصر ایران,بانک پایه,ارزیابی مفهومی,پوشش اولیه,متوسط,اقتصاد خانواده بیشتر با چه چیزی سروکار دارد؟,مدیریت منابع محدود و نیازها,فقط ورزش,فقط هنر,فقط جغرافیا,A,اقتصاد با انتخاب و مدیریت منابع محدود مرتبط است.,ترنم همدلی,original,1405
یازدهم,ریاضی,تاریخ معاصر ایران,تاریخ معاصر ایران,بانک پایه,ارزیابی مفهومی,پوشش اولیه,متوسط,همکاری اجتماعی چه فایده‌ای دارد؟,حل بهتر مسائل مشترک,افزایش اختلاف,کاهش ارتباط,اتلاف منابع,A,همکاری می‌تواند حل مسائل مشترک را آسان‌تر کند.,ترنم همدلی,original,1405
یازدهم,ریاضی,تاریخ معاصر ایران,تاریخ معاصر ایران,بانک پایه,ارزیابی مفهومی,پوشش اولیه,متوسط,قانون چه نقشی در جامعه دارد؟,تنظیم روابط و رفتارها,حذف همه مسئولیت‌ها,افزایش بی‌نظمی,تغییر آب‌وهوا,A,قوانین چارچوبی برای روابط اجتماعی ایجاد می‌کنند.,ترنم همدلی,original,1405
یازدهم,تجربی,تاریخ معاصر ایران,تاریخ معاصر ایران,بانک پایه,ارزیابی مفهومی,پوشش اولیه,متوسط,نقشه برای چه کاری به کار می‌رود؟,نمایش مکان‌ها و روابط مکانی,اندازه‌گیری دما,تعیین وزن,تشخیص مزه,A,نقشه نمایش اطلاعات مکانی است.,ترنم همدلی,original,1405
یازدهم,تجربی,تاریخ معاصر ایران,تاریخ معاصر ایران,بانک پایه,ارزیابی مفهومی,پوشش اولیه,متوسط,منابع طبیعی کدام‌اند؟,منابع موجود در طبیعت,فقط ساختمان‌ها,فقط پول,فقط قوانین,A,آب، خاک و منابع معدنی نمونه منابع طبیعی‌اند.,ترنم همدلی,original,1405
یازدهم,تجربی,تاریخ معاصر ایران,تاریخ معاصر ایران,بانک پایه,ارزیابی مفهومی,پوشش اولیه,متوسط,شهروند مسئول چه می‌کند؟,حقوق خود و دیگران را رعایت می‌کند,قوانین را نادیده می‌گیرد,منابع را هدر می‌دهد,به اموال عمومی آسیب می‌زند,A,مسئولیت‌پذیری بخشی از شهروندی است.,ترنم همدلی,original,1405
یازدهم,تجربی,تاریخ معاصر ایران,تاریخ معاصر ایران,بانک پایه,ارزیابی مفهومی,پوشش اولیه,متوسط,تاریخ بیشتر به چه می‌پردازد؟,رویدادهای گذشته انسان‌ها,فقط آینده,فقط آب‌وهوا,فقط گیاهان,A,تاریخ رویدادهای گذشته انسانی را بررسی می‌کند.,ترنم همدلی,original,1405
یازدهم,تجربی,تاریخ معاصر ایران,تاریخ معاصر ایران,بانک پایه,ارزیابی مفهومی,پوشش اولیه,متوسط,مقیاس نقشه چه چیزی را نشان می‌دهد؟,رابطه فاصله نقشه و واقعیت,ارتفاع همه کوه‌ها,دمای هوا,تعداد جمعیت,A,مقیاس نسبت فاصله روی نقشه به فاصله واقعی است.,ترنم همدلی,original,1405
یازدهم,تجربی,تاریخ معاصر ایران,تاریخ معاصر ایران,بانک پایه,ارزیابی مفهومی,پوشش اولیه,متوسط,جمعیت به چه معناست؟,تعداد افراد یک محدوده,تعداد ساختمان‌ها,تعداد رودها,تعداد کشورها,A,جمعیت تعداد افراد ساکن یک محدوده است.,ترنم همدلی,original,1405
یازدهم,تجربی,تاریخ معاصر ایران,تاریخ معاصر ایران,بانک پایه,ارزیابی مفهومی,پوشش اولیه,متوسط,مهاجرت چیست؟,جابه‌جایی برای سکونت,تغییر فصل,حرکت زمین,تغییر ساعت,A,مهاجرت جابه‌جایی افراد از مکانی به مکان دیگر برای سکونت است.,ترنم همدلی,original,1405
یازدهم,تجربی,تاریخ معاصر ایران,تاریخ معاصر ایران,بانک پایه,ارزیابی مفهومی,پوشش اولیه,متوسط,اقتصاد خانواده بیشتر با چه چیزی سروکار دارد؟,مدیریت منابع محدود و نیازها,فقط ورزش,فقط هنر,فقط جغرافیا,A,اقتصاد با انتخاب و مدیریت منابع محدود مرتبط است.,ترنم همدلی,original,1405
یازدهم,تجربی,تاریخ معاصر ایران,تاریخ معاصر ایران,بانک پایه,ارزیابی مفهومی,پوشش اولیه,متوسط,همکاری اجتماعی چه فایده‌ای دارد؟,حل بهتر مسائل مشترک,افزایش اختلاف,کاهش ارتباط,اتلاف منابع,A,همکاری می‌تواند حل مسائل مشترک را آسان‌تر کند.,ترنم همدلی,original,1405
یازدهم,تجربی,تاریخ معاصر ایران,تاریخ معاصر ایران,بانک پایه,ارزیابی مفهومی,پوشش اولیه,متوسط,قانون چه نقشی در جامعه دارد؟,تنظیم روابط و رفتارها,حذف همه مسئولیت‌ها,افزایش بی‌نظمی,تغییر آب‌وهوا,A,قوانین چارچوبی برای روابط اجتماعی ایجاد می‌کنند.,ترنم همدلی,original,1405
یازدهم,انسانی,تاریخ معاصر ایران,تاریخ معاصر ایران,بانک پایه,ارزیابی مفهومی,پوشش اولیه,متوسط,نقشه برای چه کاری به کار می‌رود؟,نمایش مکان‌ها و روابط مکانی,اندازه‌گیری دما,تعیین وزن,تشخیص مزه,A,نقشه نمایش اطلاعات مکانی است.,ترنم همدلی,original,1405
یازدهم,انسانی,تاریخ معاصر ایران,تاریخ معاصر ایران,بانک پایه,ارزیابی مفهومی,پوشش اولیه,متوسط,منابع طبیعی کدام‌اند؟,منابع موجود در طبیعت,فقط ساختمان‌ها,فقط پول,فقط قوانین,A,آب، خاک و منابع معدنی نمونه منابع طبیعی‌اند.,ترنم همدلی,original,1405
یازدهم,انسانی,تاریخ معاصر ایران,تاریخ معاصر ایران,بانک پایه,ارزیابی مفهومی,پوشش اولیه,متوسط,شهروند مسئول چه می‌کند؟,حقوق خود و دیگران را رعایت می‌کند,قوانین را نادیده می‌گیرد,منابع را هدر می‌دهد,به اموال عمومی آسیب می‌زند,A,مسئولیت‌پذیری بخشی از شهروندی است.,ترنم همدلی,original,1405
یازدهم,انسانی,تاریخ معاصر ایران,تاریخ معاصر ایران,بانک پایه,ارزیابی مفهومی,پوشش اولیه,متوسط,تاریخ بیشتر به چه می‌پردازد؟,رویدادهای گذشته انسان‌ها,فقط آینده,فقط آب‌وهوا,فقط گیاهان,A,تاریخ رویدادهای گذشته انسانی را بررسی می‌کند.,ترنم همدلی,original,1405
یازدهم,انسانی,تاریخ معاصر ایران,تاریخ معاصر ایران,بانک پایه,ارزیابی مفهومی,پوشش اولیه,متوسط,مقیاس نقشه چه چیزی را نشان می‌دهد؟,رابطه فاصله نقشه و واقعیت,ارتفاع همه کوه‌ها,دمای هوا,تعداد جمعیت,A,مقیاس نسبت فاصله روی نقشه به فاصله واقعی است.,ترنم همدلی,original,1405
یازدهم,انسانی,تاریخ معاصر ایران,تاریخ معاصر ایران,بانک پایه,ارزیابی مفهومی,پوشش اولیه,متوسط,جمعیت به چه معناست؟,تعداد افراد یک محدوده,تعداد ساختمان‌ها,تعداد رودها,تعداد کشورها,A,جمعیت تعداد افراد ساکن یک محدوده است.,ترنم همدلی,original,1405
یازدهم,انسانی,تاریخ معاصر ایران,تاریخ معاصر ایران,بانک پایه,ارزیابی مفهومی,پوشش اولیه,متوسط,مهاجرت چیست؟,جابه‌جایی برای سکونت,تغییر فصل,حرکت زمین,تغییر ساعت,A,مهاجرت جابه‌جایی افراد از مکانی به مکان دیگر برای سکونت است.,ترنم همدلی,original,1405
یازدهم,انسانی,تاریخ معاصر ایران,تاریخ معاصر ایران,بانک پایه,ارزیابی مفهومی,پوشش اولیه,متوسط,اقتصاد خانواده بیشتر با چه چیزی سروکار دارد؟,مدیریت منابع محدود و نیازها,فقط ورزش,فقط هنر,فقط جغرافیا,A,اقتصاد با انتخاب و مدیریت منابع محدود مرتبط است.,ترنم همدلی,original,1405
یازدهم,انسانی,تاریخ معاصر ایران,تاریخ معاصر ایران,بانک پایه,ارزیابی مفهومی,پوشش اولیه,متوسط,همکاری اجتماعی چه فایده‌ای دارد؟,حل بهتر مسائل مشترک,افزایش اختلاف,کاهش ارتباط,اتلاف منابع,A,همکاری می‌تواند حل مسائل مشترک را آسان‌تر کند.,ترنم همدلی,original,1405
یازدهم,انسانی,تاریخ معاصر ایران,تاریخ معاصر ایران,بانک پایه,ارزیابی مفهومی,پوشش اولیه,متوسط,قانون چه نقشی در جامعه دارد؟,تنظیم روابط و رفتارها,حذف همه مسئولیت‌ها,افزایش بی‌نظمی,تغییر آب‌وهوا,A,قوانین چارچوبی برای روابط اجتماعی ایجاد می‌کنند.,ترنم همدلی,original,1405
یازدهم,هنر,تاریخ معاصر ایران,تاریخ معاصر ایران,بانک پایه,ارزیابی مفهومی,پوشش اولیه,متوسط,نقشه برای چه کاری به کار می‌رود؟,نمایش مکان‌ها و روابط مکانی,اندازه‌گیری دما,تعیین وزن,تشخیص مزه,A,نقشه نمایش اطلاعات مکانی است.,ترنم همدلی,original,1405
یازدهم,هنر,تاریخ معاصر ایران,تاریخ معاصر ایران,بانک پایه,ارزیابی مفهومی,پوشش اولیه,متوسط,منابع طبیعی کدام‌اند؟,منابع موجود در طبیعت,فقط ساختمان‌ها,فقط پول,فقط قوانین,A,آب، خاک و منابع معدنی نمونه منابع طبیعی‌اند.,ترنم همدلی,original,1405
یازدهم,هنر,تاریخ معاصر ایران,تاریخ معاصر ایران,بانک پایه,ارزیابی مفهومی,پوشش اولیه,متوسط,شهروند مسئول چه می‌کند؟,حقوق خود و دیگران را رعایت می‌کند,قوانین را نادیده می‌گیرد,منابع را هدر می‌دهد,به اموال عمومی آسیب می‌زند,A,مسئولیت‌پذیری بخشی از شهروندی است.,ترنم همدلی,original,1405
یازدهم,هنر,تاریخ معاصر ایران,تاریخ معاصر ایران,بانک پایه,ارزیابی مفهومی,پوشش اولیه,متوسط,تاریخ بیشتر به چه می‌پردازد؟,رویدادهای گذشته انسان‌ها,فقط آینده,فقط آب‌وهوا,فقط گیاهان,A,تاریخ رویدادهای گذشته انسانی را بررسی می‌کند.,ترنم همدلی,original,1405
یازدهم,هنر,تاریخ معاصر ایران,تاریخ معاصر ایران,بانک پایه,ارزیابی مفهومی,پوشش اولیه,متوسط,مقیاس نقشه چه چیزی را نشان می‌دهد؟,رابطه فاصله نقشه و واقعیت,ارتفاع همه کوه‌ها,دمای هوا,تعداد جمعیت,A,مقیاس نسبت فاصله روی نقشه به فاصله واقعی است.,ترنم همدلی,original,1405
یازدهم,هنر,تاریخ معاصر ایران,تاریخ معاصر ایران,بانک پایه,ارزیابی مفهومی,پوشش اولیه,متوسط,جمعیت به چه معناست؟,تعداد افراد یک محدوده,تعداد ساختمان‌ها,تعداد رودها,تعداد کشورها,A,جمعیت تعداد افراد ساکن یک محدوده است.,ترنم همدلی,original,1405
یازدهم,هنر,تاریخ معاصر ایران,تاریخ معاصر ایران,بانک پایه,ارزیابی مفهومی,پوشش اولیه,متوسط,مهاجرت چیست؟,جابه‌جایی برای سکونت,تغییر فصل,حرکت زمین,تغییر ساعت,A,مهاجرت جابه‌جایی افراد از مکانی به مکان دیگر برای سکونت است.,ترنم همدلی,original,1405
یازدهم,هنر,تاریخ معاصر ایران,تاریخ معاصر ایران,بانک پایه,ارزیابی مفهومی,پوشش اولیه,متوسط,اقتصاد خانواده بیشتر با چه چیزی سروکار دارد؟,مدیریت منابع محدود و نیازها,فقط ورزش,فقط هنر,فقط جغرافیا,A,اقتصاد با انتخاب و مدیریت منابع محدود مرتبط است.,ترنم همدلی,original,1405
یازدهم,هنر,تاریخ معاصر ایران,تاریخ معاصر ایران,بانک پایه,ارزیابی مفهومی,پوشش اولیه,متوسط,همکاری اجتماعی چه فایده‌ای دارد؟,حل بهتر مسائل مشترک,افزایش اختلاف,کاهش ارتباط,اتلاف منابع,A,همکاری می‌تواند حل مسائل مشترک را آسان‌تر کند.,ترنم همدلی,original,1405
یازدهم,هنر,تاریخ معاصر ایران,تاریخ معاصر ایران,بانک پایه,ارزیابی مفهومی,پوشش اولیه,متوسط,قانون چه نقشی در جامعه دارد؟,تنظیم روابط و رفتارها,حذف همه مسئولیت‌ها,افزایش بی‌نظمی,تغییر آب‌وهوا,A,قوانین چارچوبی برای روابط اجتماعی ایجاد می‌کنند.,ترنم همدلی,original,1405
یازدهم,زبان,تاریخ معاصر ایران,تاریخ معاصر ایران,بانک پایه,ارزیابی مفهومی,پوشش اولیه,متوسط,نقشه برای چه کاری به کار می‌رود؟,نمایش مکان‌ها و روابط مکانی,اندازه‌گیری دما,تعیین وزن,تشخیص مزه,A,نقشه نمایش اطلاعات مکانی است.,ترنم همدلی,original,1405
یازدهم,زبان,تاریخ معاصر ایران,تاریخ معاصر ایران,بانک پایه,ارزیابی مفهومی,پوشش اولیه,متوسط,منابع طبیعی کدام‌اند؟,منابع موجود در طبیعت,فقط ساختمان‌ها,فقط پول,فقط قوانین,A,آب، خاک و منابع معدنی نمونه منابع طبیعی‌اند.,ترنم همدلی,original,1405
یازدهم,زبان,تاریخ معاصر ایران,تاریخ معاصر ایران,بانک پایه,ارزیابی مفهومی,پوشش اولیه,متوسط,شهروند مسئول چه می‌کند؟,حقوق خود و دیگران را رعایت می‌کند,قوانین را نادیده می‌گیرد,منابع را هدر می‌دهد,به اموال عمومی آسیب می‌زند,A,مسئولیت‌پذیری بخشی از شهروندی است.,ترنم همدلی,original,1405
یازدهم,زبان,تاریخ معاصر ایران,تاریخ معاصر ایران,بانک پایه,ارزیابی مفهومی,پوشش اولیه,متوسط,تاریخ بیشتر به چه می‌پردازد؟,رویدادهای گذشته انسان‌ها,فقط آینده,فقط آب‌وهوا,فقط گیاهان,A,تاریخ رویدادهای گذشته انسانی را بررسی می‌کند.,ترنم همدلی,original,1405
یازدهم,زبان,تاریخ معاصر ایران,تاریخ معاصر ایران,بانک پایه,ارزیابی مفهومی,پوشش اولیه,متوسط,مقیاس نقشه چه چیزی را نشان می‌دهد؟,رابطه فاصله نقشه و واقعیت,ارتفاع همه کوه‌ها,دمای هوا,تعداد جمعیت,A,مقیاس نسبت فاصله روی نقشه به فاصله واقعی است.,ترنم همدلی,original,1405
یازدهم,زبان,تاریخ معاصر ایران,تاریخ معاصر ایران,بانک پایه,ارزیابی مفهومی,پوشش اولیه,متوسط,جمعیت به چه معناست؟,تعداد افراد یک محدوده,تعداد ساختمان‌ها,تعداد رودها,تعداد کشورها,A,جمعیت تعداد افراد ساکن یک محدوده است.,ترنم همدلی,original,1405
یازدهم,زبان,تاریخ معاصر ایران,تاریخ معاصر ایران,بانک پایه,ارزیابی مفهومی,پوشش اولیه,متوسط,مهاجرت چیست؟,جابه‌جایی برای سکونت,تغییر فصل,حرکت زمین,تغییر ساعت,A,مهاجرت جابه‌جایی افراد از مکانی به مکان دیگر برای سکونت است.,ترنم همدلی,original,1405
یازدهم,زبان,تاریخ معاصر ایران,تاریخ معاصر ایران,بانک پایه,ارزیابی مفهومی,پوشش اولیه,متوسط,اقتصاد خانواده بیشتر با چه چیزی سروکار دارد؟,مدیریت منابع محدود و نیازها,فقط ورزش,فقط هنر,فقط جغرافیا,A,اقتصاد با انتخاب و مدیریت منابع محدود مرتبط است.,ترنم همدلی,original,1405
یازدهم,زبان,تاریخ معاصر ایران,تاریخ معاصر ایران,بانک پایه,ارزیابی مفهومی,پوشش اولیه,متوسط,همکاری اجتماعی چه فایده‌ای دارد؟,حل بهتر مسائل مشترک,افزایش اختلاف,کاهش ارتباط,اتلاف منابع,A,همکاری می‌تواند حل مسائل مشترک را آسان‌تر کند.,ترنم همدلی,original,1405
یازدهم,زبان,تاریخ معاصر ایران,تاریخ معاصر ایران,بانک پایه,ارزیابی مفهومی,پوشش اولیه,متوسط,قانون چه نقشی در جامعه دارد؟,تنظیم روابط و رفتارها,حذف همه مسئولیت‌ها,افزایش بی‌نظمی,تغییر آب‌وهوا,A,قوانین چارچوبی برای روابط اجتماعی ایجاد می‌کنند.,ترنم همدلی,original,1405
یازدهم,ریاضی,انسان و محیط زیست,انسان و محیط زیست,بانک پایه,ارزیابی مفهومی,پوشش اولیه,متوسط,واحد بنیادی ساختار و عملکرد جانداران چیست؟,سلول,بافت,اندام,جمعیت,A,سلول واحد بنیادی حیات است.,ترنم همدلی,original,1405
یازدهم,ریاضی,انسان و محیط زیست,انسان و محیط زیست,بانک پایه,ارزیابی مفهومی,پوشش اولیه,متوسط,DNA بیشتر چه نقشی دارد؟,ذخیره اطلاعات ژنتیکی,تولید مستقیم صدا,هضم غذا,انتقال اکسیژن در خون,A,DNA اطلاعات ژنتیکی را ذخیره می‌کند.,ترنم همدلی,original,1405
یازدهم,ریاضی,انسان و محیط زیست,انسان و محیط زیست,بانک پایه,ارزیابی مفهومی,پوشش اولیه,متوسط,فتوسنتز در گیاه بیشتر در کدام اندامک انجام می‌شود؟,میتوکندری,کلروپلاست,هسته,ریبوزوم,B,کلروپلاست محل اصلی فتوسنتز است.,ترنم همدلی,original,1405
یازدهم,ریاضی,انسان و محیط زیست,انسان و محیط زیست,بانک پایه,ارزیابی مفهومی,پوشش اولیه,متوسط,وظیفه گلبول قرمز چیست؟,انتقال اکسیژن,تولید هورمون,هضم غذا,تولید استخوان,A,گلبول قرمز اکسیژن را حمل می‌کند.,ترنم همدلی,original,1405
یازدهم,ریاضی,انسان و محیط زیست,انسان و محیط زیست,بانک پایه,ارزیابی مفهومی,پوشش اولیه,متوسط,کدام دستگاه مسئول تبادل گازهاست؟,تنفسی,گوارشی,اسکلتی,عصبی,A,تبادل گازها در دستگاه تنفسی انجام می‌شود.,ترنم همدلی,original,1405
یازدهم,ریاضی,انسان و محیط زیست,انسان و محیط زیست,بانک پایه,ارزیابی مفهومی,پوشش اولیه,متوسط,وراثت به انتقال چه چیزی اشاره دارد؟,ویژگی‌های ژنتیکی,غذا,اکسیژن,آب,A,وراثت انتقال صفات ژنتیکی بین نسل‌هاست.,ترنم همدلی,original,1405
یازدهم,ریاضی,انسان و محیط زیست,انسان و محیط زیست,بانک پایه,ارزیابی مفهومی,پوشش اولیه,متوسط,آنزیم‌ها معمولاً چه نقشی دارند؟,تسریع واکنش‌های زیستی,ذخیره نور,تولید صدا,ساخت استخوان به‌تنهایی,A,آنزیم‌ها سرعت بسیاری از واکنش‌های زیستی را افزایش می‌دهند.,ترنم همدلی,original,1405
یازدهم,ریاضی,انسان و محیط زیست,انسان و محیط زیست,بانک پایه,ارزیابی مفهومی,پوشش اولیه,متوسط,کدام اندام بیشتر مسئول تصفیه خون و تشکیل ادرار است؟,کلیه,قلب,ریه,معده,A,کلیه‌ها خون را تصفیه می‌کنند.,ترنم همدلی,original,1405
یازدهم,ریاضی,انسان و محیط زیست,انسان و محیط زیست,بانک پایه,ارزیابی مفهومی,پوشش اولیه,متوسط,بافت از چه چیزی ساخته می‌شود؟,مجموعه‌ای از سلول‌های مشابه با کار مشترک,فقط یک سلول,فقط اندام‌ها,فقط مواد معدنی,A,بافت مجموعه‌ای از سلول‌های مشابه با وظیفه مشترک است.,ترنم همدلی,original,1405
یازدهم,ریاضی,انسان و محیط زیست,انسان و محیط زیست,بانک پایه,ارزیابی مفهومی,پوشش اولیه,متوسط,هم‌ایستایی یعنی چه؟,حفظ شرایط نسبتاً پایدار در بدن,رشد بدون توقف,حرکت سریع,تولید مثل,A,هم‌ایستایی حفظ تعادل درونی بدن است.,ترنم همدلی,original,1405
یازدهم,تجربی,انسان و محیط زیست,انسان و محیط زیست,بانک پایه,ارزیابی مفهومی,پوشش اولیه,متوسط,واحد بنیادی ساختار و عملکرد جانداران چیست؟,سلول,بافت,اندام,جمعیت,A,سلول واحد بنیادی حیات است.,ترنم همدلی,original,1405
یازدهم,تجربی,انسان و محیط زیست,انسان و محیط زیست,بانک پایه,ارزیابی مفهومی,پوشش اولیه,متوسط,DNA بیشتر چه نقشی دارد؟,ذخیره اطلاعات ژنتیکی,تولید مستقیم صدا,هضم غذا,انتقال اکسیژن در خون,A,DNA اطلاعات ژنتیکی را ذخیره می‌کند.,ترنم همدلی,original,1405
یازدهم,تجربی,انسان و محیط زیست,انسان و محیط زیست,بانک پایه,ارزیابی مفهومی,پوشش اولیه,متوسط,فتوسنتز در گیاه بیشتر در کدام اندامک انجام می‌شود؟,میتوکندری,کلروپلاست,هسته,ریبوزوم,B,کلروپلاست محل اصلی فتوسنتز است.,ترنم همدلی,original,1405
یازدهم,تجربی,انسان و محیط زیست,انسان و محیط زیست,بانک پایه,ارزیابی مفهومی,پوشش اولیه,متوسط,وظیفه گلبول قرمز چیست؟,انتقال اکسیژن,تولید هورمون,هضم غذا,تولید استخوان,A,گلبول قرمز اکسیژن را حمل می‌کند.,ترنم همدلی,original,1405
یازدهم,تجربی,انسان و محیط زیست,انسان و محیط زیست,بانک پایه,ارزیابی مفهومی,پوشش اولیه,متوسط,کدام دستگاه مسئول تبادل گازهاست؟,تنفسی,گوارشی,اسکلتی,عصبی,A,تبادل گازها در دستگاه تنفسی انجام می‌شود.,ترنم همدلی,original,1405
یازدهم,تجربی,انسان و محیط زیست,انسان و محیط زیست,بانک پایه,ارزیابی مفهومی,پوشش اولیه,متوسط,وراثت به انتقال چه چیزی اشاره دارد؟,ویژگی‌های ژنتیکی,غذا,اکسیژن,آب,A,وراثت انتقال صفات ژنتیکی بین نسل‌هاست.,ترنم همدلی,original,1405
یازدهم,تجربی,انسان و محیط زیست,انسان و محیط زیست,بانک پایه,ارزیابی مفهومی,پوشش اولیه,متوسط,آنزیم‌ها معمولاً چه نقشی دارند؟,تسریع واکنش‌های زیستی,ذخیره نور,تولید صدا,ساخت استخوان به‌تنهایی,A,آنزیم‌ها سرعت بسیاری از واکنش‌های زیستی را افزایش می‌دهند.,ترنم همدلی,original,1405
یازدهم,تجربی,انسان و محیط زیست,انسان و محیط زیست,بانک پایه,ارزیابی مفهومی,پوشش اولیه,متوسط,کدام اندام بیشتر مسئول تصفیه خون و تشکیل ادرار است؟,کلیه,قلب,ریه,معده,A,کلیه‌ها خون را تصفیه می‌کنند.,ترنم همدلی,original,1405
یازدهم,تجربی,انسان و محیط زیست,انسان و محیط زیست,بانک پایه,ارزیابی مفهومی,پوشش اولیه,متوسط,بافت از چه چیزی ساخته می‌شود؟,مجموعه‌ای از سلول‌های مشابه با کار مشترک,فقط یک سلول,فقط اندام‌ها,فقط مواد معدنی,A,بافت مجموعه‌ای از سلول‌های مشابه با وظیفه مشترک است.,ترنم همدلی,original,1405
یازدهم,تجربی,انسان و محیط زیست,انسان و محیط زیست,بانک پایه,ارزیابی مفهومی,پوشش اولیه,متوسط,هم‌ایستایی یعنی چه؟,حفظ شرایط نسبتاً پایدار در بدن,رشد بدون توقف,حرکت سریع,تولید مثل,A,هم‌ایستایی حفظ تعادل درونی بدن است.,ترنم همدلی,original,1405
یازدهم,انسانی,انسان و محیط زیست,انسان و محیط زیست,بانک پایه,ارزیابی مفهومی,پوشش اولیه,متوسط,واحد بنیادی ساختار و عملکرد جانداران چیست؟,سلول,بافت,اندام,جمعیت,A,سلول واحد بنیادی حیات است.,ترنم همدلی,original,1405
یازدهم,انسانی,انسان و محیط زیست,انسان و محیط زیست,بانک پایه,ارزیابی مفهومی,پوشش اولیه,متوسط,DNA بیشتر چه نقشی دارد؟,ذخیره اطلاعات ژنتیکی,تولید مستقیم صدا,هضم غذا,انتقال اکسیژن در خون,A,DNA اطلاعات ژنتیکی را ذخیره می‌کند.,ترنم همدلی,original,1405
یازدهم,انسانی,انسان و محیط زیست,انسان و محیط زیست,بانک پایه,ارزیابی مفهومی,پوشش اولیه,متوسط,فتوسنتز در گیاه بیشتر در کدام اندامک انجام می‌شود؟,میتوکندری,کلروپلاست,هسته,ریبوزوم,B,کلروپلاست محل اصلی فتوسنتز است.,ترنم همدلی,original,1405
یازدهم,انسانی,انسان و محیط زیست,انسان و محیط زیست,بانک پایه,ارزیابی مفهومی,پوشش اولیه,متوسط,وظیفه گلبول قرمز چیست؟,انتقال اکسیژن,تولید هورمون,هضم غذا,تولید استخوان,A,گلبول قرمز اکسیژن را حمل می‌کند.,ترنم همدلی,original,1405
یازدهم,انسانی,انسان و محیط زیست,انسان و محیط زیست,بانک پایه,ارزیابی مفهومی,پوشش اولیه,متوسط,کدام دستگاه مسئول تبادل گازهاست؟,تنفسی,گوارشی,اسکلتی,عصبی,A,تبادل گازها در دستگاه تنفسی انجام می‌شود.,ترنم همدلی,original,1405
یازدهم,انسانی,انسان و محیط زیست,انسان و محیط زیست,بانک پایه,ارزیابی مفهومی,پوشش اولیه,متوسط,وراثت به انتقال چه چیزی اشاره دارد؟,ویژگی‌های ژنتیکی,غذا,اکسیژن,آب,A,وراثت انتقال صفات ژنتیکی بین نسل‌هاست.,ترنم همدلی,original,1405
یازدهم,انسانی,انسان و محیط زیست,انسان و محیط زیست,بانک پایه,ارزیابی مفهومی,پوشش اولیه,متوسط,آنزیم‌ها معمولاً چه نقشی دارند؟,تسریع واکنش‌های زیستی,ذخیره نور,تولید صدا,ساخت استخوان به‌تنهایی,A,آنزیم‌ها سرعت بسیاری از واکنش‌های زیستی را افزایش می‌دهند.,ترنم همدلی,original,1405
یازدهم,انسانی,انسان و محیط زیست,انسان و محیط زیست,بانک پایه,ارزیابی مفهومی,پوشش اولیه,متوسط,کدام اندام بیشتر مسئول تصفیه خون و تشکیل ادرار است؟,کلیه,قلب,ریه,معده,A,کلیه‌ها خون را تصفیه می‌کنند.,ترنم همدلی,original,1405
یازدهم,انسانی,انسان و محیط زیست,انسان و محیط زیست,بانک پایه,ارزیابی مفهومی,پوشش اولیه,متوسط,بافت از چه چیزی ساخته می‌شود؟,مجموعه‌ای از سلول‌های مشابه با کار مشترک,فقط یک سلول,فقط اندام‌ها,فقط مواد معدنی,A,بافت مجموعه‌ای از سلول‌های مشابه با وظیفه مشترک است.,ترنم همدلی,original,1405
یازدهم,انسانی,انسان و محیط زیست,انسان و محیط زیست,بانک پایه,ارزیابی مفهومی,پوشش اولیه,متوسط,هم‌ایستایی یعنی چه؟,حفظ شرایط نسبتاً پایدار در بدن,رشد بدون توقف,حرکت سریع,تولید مثل,A,هم‌ایستایی حفظ تعادل درونی بدن است.,ترنم همدلی,original,1405
یازدهم,هنر,انسان و محیط زیست,انسان و محیط زیست,بانک پایه,ارزیابی مفهومی,پوشش اولیه,متوسط,واحد بنیادی ساختار و عملکرد جانداران چیست؟,سلول,بافت,اندام,جمعیت,A,سلول واحد بنیادی حیات است.,ترنم همدلی,original,1405
یازدهم,هنر,انسان و محیط زیست,انسان و محیط زیست,بانک پایه,ارزیابی مفهومی,پوشش اولیه,متوسط,DNA بیشتر چه نقشی دارد؟,ذخیره اطلاعات ژنتیکی,تولید مستقیم صدا,هضم غذا,انتقال اکسیژن در خون,A,DNA اطلاعات ژنتیکی را ذخیره می‌کند.,ترنم همدلی,original,1405
یازدهم,هنر,انسان و محیط زیست,انسان و محیط زیست,بانک پایه,ارزیابی مفهومی,پوشش اولیه,متوسط,فتوسنتز در گیاه بیشتر در کدام اندامک انجام می‌شود؟,میتوکندری,کلروپلاست,هسته,ریبوزوم,B,کلروپلاست محل اصلی فتوسنتز است.,ترنم همدلی,original,1405
یازدهم,هنر,انسان و محیط زیست,انسان و محیط زیست,بانک پایه,ارزیابی مفهومی,پوشش اولیه,متوسط,وظیفه گلبول قرمز چیست؟,انتقال اکسیژن,تولید هورمون,هضم غذا,تولید استخوان,A,گلبول قرمز اکسیژن را حمل می‌کند.,ترنم همدلی,original,1405
یازدهم,هنر,انسان و محیط زیست,انسان و محیط زیست,بانک پایه,ارزیابی مفهومی,پوشش اولیه,متوسط,کدام دستگاه مسئول تبادل گازهاست؟,تنفسی,گوارشی,اسکلتی,عصبی,A,تبادل گازها در دستگاه تنفسی انجام می‌شود.,ترنم همدلی,original,1405
یازدهم,هنر,انسان و محیط زیست,انسان و محیط زیست,بانک پایه,ارزیابی مفهومی,پوشش اولیه,متوسط,وراثت به انتقال چه چیزی اشاره دارد؟,ویژگی‌های ژنتیکی,غذا,اکسیژن,آب,A,وراثت انتقال صفات ژنتیکی بین نسل‌هاست.,ترنم همدلی,original,1405
یازدهم,هنر,انسان و محیط زیست,انسان و محیط زیست,بانک پایه,ارزیابی مفهومی,پوشش اولیه,متوسط,آنزیم‌ها معمولاً چه نقشی دارند؟,تسریع واکنش‌های زیستی,ذخیره نور,تولید صدا,ساخت استخوان به‌تنهایی,A,آنزیم‌ها سرعت بسیاری از واکنش‌های زیستی را افزایش می‌دهند.,ترنم همدلی,original,1405
یازدهم,هنر,انسان و محیط زیست,انسان و محیط زیست,بانک پایه,ارزیابی مفهومی,پوشش اولیه,متوسط,کدام اندام بیشتر مسئول تصفیه خون و تشکیل ادرار است؟,کلیه,قلب,ریه,معده,A,کلیه‌ها خون را تصفیه می‌کنند.,ترنم همدلی,original,1405
یازدهم,هنر,انسان و محیط زیست,انسان و محیط زیست,بانک پایه,ارزیابی مفهومی,پوشش اولیه,متوسط,بافت از چه چیزی ساخته می‌شود؟,مجموعه‌ای از سلول‌های مشابه با کار مشترک,فقط یک سلول,فقط اندام‌ها,فقط مواد معدنی,A,بافت مجموعه‌ای از سلول‌های مشابه با وظیفه مشترک است.,ترنم همدلی,original,1405
یازدهم,هنر,انسان و محیط زیست,انسان و محیط زیست,بانک پایه,ارزیابی مفهومی,پوشش اولیه,متوسط,هم‌ایستایی یعنی چه؟,حفظ شرایط نسبتاً پایدار در بدن,رشد بدون توقف,حرکت سریع,تولید مثل,A,هم‌ایستایی حفظ تعادل درونی بدن است.,ترنم همدلی,original,1405
یازدهم,زبان,انسان و محیط زیست,انسان و محیط زیست,بانک پایه,ارزیابی مفهومی,پوشش اولیه,متوسط,واحد بنیادی ساختار و عملکرد جانداران چیست؟,سلول,بافت,اندام,جمعیت,A,سلول واحد بنیادی حیات است.,ترنم همدلی,original,1405
یازدهم,زبان,انسان و محیط زیست,انسان و محیط زیست,بانک پایه,ارزیابی مفهومی,پوشش اولیه,متوسط,DNA بیشتر چه نقشی دارد؟,ذخیره اطلاعات ژنتیکی,تولید مستقیم صدا,هضم غذا,انتقال اکسیژن در خون,A,DNA اطلاعات ژنتیکی را ذخیره می‌کند.,ترنم همدلی,original,1405
یازدهم,زبان,انسان و محیط زیست,انسان و محیط زیست,بانک پایه,ارزیابی مفهومی,پوشش اولیه,متوسط,فتوسنتز در گیاه بیشتر در کدام اندامک انجام می‌شود؟,میتوکندری,کلروپلاست,هسته,ریبوزوم,B,کلروپلاست محل اصلی فتوسنتز است.,ترنم همدلی,original,1405
یازدهم,زبان,انسان و محیط زیست,انسان و محیط زیست,بانک پایه,ارزیابی مفهومی,پوشش اولیه,متوسط,وظیفه گلبول قرمز چیست؟,انتقال اکسیژن,تولید هورمون,هضم غذا,تولید استخوان,A,گلبول قرمز اکسیژن را حمل می‌کند.,ترنم همدلی,original,1405
یازدهم,زبان,انسان و محیط زیست,انسان و محیط زیست,بانک پایه,ارزیابی مفهومی,پوشش اولیه,متوسط,کدام دستگاه مسئول تبادل گازهاست؟,تنفسی,گوارشی,اسکلتی,عصبی,A,تبادل گازها در دستگاه تنفسی انجام می‌شود.,ترنم همدلی,original,1405
یازدهم,زبان,انسان و محیط زیست,انسان و محیط زیست,بانک پایه,ارزیابی مفهومی,پوشش اولیه,متوسط,وراثت به انتقال چه چیزی اشاره دارد؟,ویژگی‌های ژنتیکی,غذا,اکسیژن,آب,A,وراثت انتقال صفات ژنتیکی بین نسل‌هاست.,ترنم همدلی,original,1405
یازدهم,زبان,انسان و محیط زیست,انسان و محیط زیست,بانک پایه,ارزیابی مفهومی,پوشش اولیه,متوسط,آنزیم‌ها معمولاً چه نقشی دارند؟,تسریع واکنش‌های زیستی,ذخیره نور,تولید صدا,ساخت استخوان به‌تنهایی,A,آنزیم‌ها سرعت بسیاری از واکنش‌های زیستی را افزایش می‌دهند.,ترنم همدلی,original,1405
یازدهم,زبان,انسان و محیط زیست,انسان و محیط زیست,بانک پایه,ارزیابی مفهومی,پوشش اولیه,متوسط,کدام اندام بیشتر مسئول تصفیه خون و تشکیل ادرار است؟,کلیه,قلب,ریه,معده,A,کلیه‌ها خون را تصفیه می‌کنند.,ترنم همدلی,original,1405
یازدهم,زبان,انسان و محیط زیست,انسان و محیط زیست,بانک پایه,ارزیابی مفهومی,پوشش اولیه,متوسط,بافت از چه چیزی ساخته می‌شود؟,مجموعه‌ای از سلول‌های مشابه با کار مشترک,فقط یک سلول,فقط اندام‌ها,فقط مواد معدنی,A,بافت مجموعه‌ای از سلول‌های مشابه با وظیفه مشترک است.,ترنم همدلی,original,1405
یازدهم,زبان,انسان و محیط زیست,انسان و محیط زیست,بانک پایه,ارزیابی مفهومی,پوشش اولیه,متوسط,هم‌ایستایی یعنی چه؟,حفظ شرایط نسبتاً پایدار در بدن,رشد بدون توقف,حرکت سریع,تولید مثل,A,هم‌ایستایی حفظ تعادل درونی بدن است.,ترنم همدلی,original,1405
دوازدهم,ریاضی,فارسی,فارسی,بانک پایه,ارزیابی مفهومی,پوشش اولیه,متوسط,مترادف «آغاز» کدام است؟,شروع,پایان,توقف,خواب,A,آغاز و شروع مترادف‌اند.,ترنم همدلی,original,1405
دوازدهم,ریاضی,فارسی,فارسی,بانک پایه,ارزیابی مفهومی,پوشش اولیه,متوسط,کدام گزینه مفهوم تضاد دارد؟,شب و روز,کتاب و دفتر,مداد و پاک‌کن,خانه و مدرسه,A,شب و روز دو مفهوم متضادند.,ترنم همدلی,original,1405
دوازدهم,ریاضی,فارسی,فارسی,بانک پایه,ارزیابی مفهومی,پوشش اولیه,متوسط,مقدمه مناسب در نوشته چه ویژگی دارد؟,ارتباط با موضوع,بی‌ربطی,تکرار نتیجه,حذف موضوع,A,مقدمه باید خواننده را به موضوع وارد کند.,ترنم همدلی,original,1405
دوازدهم,ریاضی,فارسی,فارسی,بانک پایه,ارزیابی مفهومی,پوشش اولیه,متوسط,درک مطلب بیشتر بر چه چیزی تکیه دارد؟,فهم پیام متن,حفظ تک‌تک واژه‌ها,شمردن خطوط,تشخیص تعداد صفحات,A,هدف اصلی درک مطلب فهم پیام و روابط متن است.,ترنم همدلی,original,1405
دوازدهم,تجربی,فارسی,فارسی,بانک پایه,ارزیابی مفهومی,پوشش اولیه,متوسط,مترادف «آغاز» کدام است؟,شروع,پایان,توقف,خواب,A,آغاز و شروع مترادف‌اند.,ترنم همدلی,original,1405
دوازدهم,تجربی,فارسی,فارسی,بانک پایه,ارزیابی مفهومی,پوشش اولیه,متوسط,کدام گزینه مفهوم تضاد دارد؟,شب و روز,کتاب و دفتر,مداد و پاک‌کن,خانه و مدرسه,A,شب و روز دو مفهوم متضادند.,ترنم همدلی,original,1405
دوازدهم,تجربی,فارسی,فارسی,بانک پایه,ارزیابی مفهومی,پوشش اولیه,متوسط,مقدمه مناسب در نوشته چه ویژگی دارد؟,ارتباط با موضوع,بی‌ربطی,تکرار نتیجه,حذف موضوع,A,مقدمه باید خواننده را به موضوع وارد کند.,ترنم همدلی,original,1405
دوازدهم,تجربی,فارسی,فارسی,بانک پایه,ارزیابی مفهومی,پوشش اولیه,متوسط,درک مطلب بیشتر بر چه چیزی تکیه دارد؟,فهم پیام متن,حفظ تک‌تک واژه‌ها,شمردن خطوط,تشخیص تعداد صفحات,A,هدف اصلی درک مطلب فهم پیام و روابط متن است.,ترنم همدلی,original,1405
دوازدهم,انسانی,فارسی,فارسی,بانک پایه,ارزیابی مفهومی,پوشش اولیه,متوسط,مترادف «آغاز» کدام است؟,شروع,پایان,توقف,خواب,A,آغاز و شروع مترادف‌اند.,ترنم همدلی,original,1405
دوازدهم,انسانی,فارسی,فارسی,بانک پایه,ارزیابی مفهومی,پوشش اولیه,متوسط,کدام گزینه مفهوم تضاد دارد؟,شب و روز,کتاب و دفتر,مداد و پاک‌کن,خانه و مدرسه,A,شب و روز دو مفهوم متضادند.,ترنم همدلی,original,1405
دوازدهم,انسانی,فارسی,فارسی,بانک پایه,ارزیابی مفهومی,پوشش اولیه,متوسط,مقدمه مناسب در نوشته چه ویژگی دارد؟,ارتباط با موضوع,بی‌ربطی,تکرار نتیجه,حذف موضوع,A,مقدمه باید خواننده را به موضوع وارد کند.,ترنم همدلی,original,1405
دوازدهم,انسانی,فارسی,فارسی,بانک پایه,ارزیابی مفهومی,پوشش اولیه,متوسط,درک مطلب بیشتر بر چه چیزی تکیه دارد؟,فهم پیام متن,حفظ تک‌تک واژه‌ها,شمردن خطوط,تشخیص تعداد صفحات,A,هدف اصلی درک مطلب فهم پیام و روابط متن است.,ترنم همدلی,original,1405
دوازدهم,هنر,فارسی,فارسی,بانک پایه,ارزیابی مفهومی,پوشش اولیه,متوسط,کدام واژه با «فرهیخته» نزدیک‌تر است؟,دانشمند,بی‌تجربه,بی‌تفاوت,کم‌حوصله,A,فرهیخته به فرد دانش‌آموخته و فرهنگ‌مند نزدیک است.,ترنم همدلی,original,1405
دوازدهم,هنر,فارسی,فارسی,بانک پایه,ارزیابی مفهومی,پوشش اولیه,متوسط,در جمله «دانش‌آموز کتاب را خواند» نهاد کدام است؟,کتاب,دانش‌آموز,را,خواند,B,انجام‌دهنده کار نهاد است.,ترنم همدلی,original,1405
دوازدهم,هنر,فارسی,فارسی,بانک پایه,ارزیابی مفهومی,پوشش اولیه,متوسط,کدام مورد نمونه تشبیه است؟,صورتش چون ماه بود,کتاب را خواندم,امروز باران آمد,او رفت,A,وجود «چون» رابطه تشبیهی را نشان می‌دهد.,ترنم همدلی,original,1405
دوازدهم,هنر,فارسی,فارسی,بانک پایه,ارزیابی مفهومی,پوشش اولیه,متوسط,کدام واژه از نظر املایی درست است؟,تأثیر,تاثیرر,تأثیرر,تاثییر,A,صورت معیار واژه «تأثیر» است.,ترنم همدلی,original,1405
دوازدهم,هنر,فارسی,فارسی,بانک پایه,ارزیابی مفهومی,پوشش اولیه,متوسط,مفعول معمولاً با کدام نشانه می‌آید؟,را,به,از,با,A,در بسیاری از جمله‌های فارسی مفعول با «را» می‌آید.,ترنم همدلی,original,1405
دوازدهم,هنر,فارسی,فارسی,بانک پایه,ارزیابی مفهومی,پوشش اولیه,متوسط,کدام گزینه فعل است؟,رفت,کتاب,زیبا,دانش,A,«رفت» فعل است.,ترنم همدلی,original,1405
دوازدهم,هنر,فارسی,فارسی,بانک پایه,ارزیابی مفهومی,پوشش اولیه,متوسط,مترادف «آغاز» کدام است؟,شروع,پایان,توقف,خواب,A,آغاز و شروع مترادف‌اند.,ترنم همدلی,original,1405
دوازدهم,هنر,فارسی,فارسی,بانک پایه,ارزیابی مفهومی,پوشش اولیه,متوسط,کدام گزینه مفهوم تضاد دارد؟,شب و روز,کتاب و دفتر,مداد و پاک‌کن,خانه و مدرسه,A,شب و روز دو مفهوم متضادند.,ترنم همدلی,original,1405
دوازدهم,هنر,فارسی,فارسی,بانک پایه,ارزیابی مفهومی,پوشش اولیه,متوسط,مقدمه مناسب در نوشته چه ویژگی دارد؟,ارتباط با موضوع,بی‌ربطی,تکرار نتیجه,حذف موضوع,A,مقدمه باید خواننده را به موضوع وارد کند.,ترنم همدلی,original,1405
دوازدهم,هنر,فارسی,فارسی,بانک پایه,ارزیابی مفهومی,پوشش اولیه,متوسط,درک مطلب بیشتر بر چه چیزی تکیه دارد؟,فهم پیام متن,حفظ تک‌تک واژه‌ها,شمردن خطوط,تشخیص تعداد صفحات,A,هدف اصلی درک مطلب فهم پیام و روابط متن است.,ترنم همدلی,original,1405
دوازدهم,زبان,فارسی,فارسی,بانک پایه,ارزیابی مفهومی,پوشش اولیه,متوسط,کدام واژه با «فرهیخته» نزدیک‌تر است؟,دانشمند,بی‌تجربه,بی‌تفاوت,کم‌حوصله,A,فرهیخته به فرد دانش‌آموخته و فرهنگ‌مند نزدیک است.,ترنم همدلی,original,1405
دوازدهم,زبان,فارسی,فارسی,بانک پایه,ارزیابی مفهومی,پوشش اولیه,متوسط,در جمله «دانش‌آموز کتاب را خواند» نهاد کدام است؟,کتاب,دانش‌آموز,را,خواند,B,انجام‌دهنده کار نهاد است.,ترنم همدلی,original,1405
دوازدهم,زبان,فارسی,فارسی,بانک پایه,ارزیابی مفهومی,پوشش اولیه,متوسط,کدام مورد نمونه تشبیه است؟,صورتش چون ماه بود,کتاب را خواندم,امروز باران آمد,او رفت,A,وجود «چون» رابطه تشبیهی را نشان می‌دهد.,ترنم همدلی,original,1405
دوازدهم,زبان,فارسی,فارسی,بانک پایه,ارزیابی مفهومی,پوشش اولیه,متوسط,کدام واژه از نظر املایی درست است؟,تأثیر,تاثیرر,تأثیرر,تاثییر,A,صورت معیار واژه «تأثیر» است.,ترنم همدلی,original,1405
دوازدهم,زبان,فارسی,فارسی,بانک پایه,ارزیابی مفهومی,پوشش اولیه,متوسط,مفعول معمولاً با کدام نشانه می‌آید؟,را,به,از,با,A,در بسیاری از جمله‌های فارسی مفعول با «را» می‌آید.,ترنم همدلی,original,1405
دوازدهم,زبان,فارسی,فارسی,بانک پایه,ارزیابی مفهومی,پوشش اولیه,متوسط,کدام گزینه فعل است؟,رفت,کتاب,زیبا,دانش,A,«رفت» فعل است.,ترنم همدلی,original,1405
دوازدهم,زبان,فارسی,فارسی,بانک پایه,ارزیابی مفهومی,پوشش اولیه,متوسط,مترادف «آغاز» کدام است؟,شروع,پایان,توقف,خواب,A,آغاز و شروع مترادف‌اند.,ترنم همدلی,original,1405
دوازدهم,زبان,فارسی,فارسی,بانک پایه,ارزیابی مفهومی,پوشش اولیه,متوسط,کدام گزینه مفهوم تضاد دارد؟,شب و روز,کتاب و دفتر,مداد و پاک‌کن,خانه و مدرسه,A,شب و روز دو مفهوم متضادند.,ترنم همدلی,original,1405
دوازدهم,زبان,فارسی,فارسی,بانک پایه,ارزیابی مفهومی,پوشش اولیه,متوسط,مقدمه مناسب در نوشته چه ویژگی دارد؟,ارتباط با موضوع,بی‌ربطی,تکرار نتیجه,حذف موضوع,A,مقدمه باید خواننده را به موضوع وارد کند.,ترنم همدلی,original,1405
دوازدهم,زبان,فارسی,فارسی,بانک پایه,ارزیابی مفهومی,پوشش اولیه,متوسط,درک مطلب بیشتر بر چه چیزی تکیه دارد؟,فهم پیام متن,حفظ تک‌تک واژه‌ها,شمردن خطوط,تشخیص تعداد صفحات,A,هدف اصلی درک مطلب فهم پیام و روابط متن است.,ترنم همدلی,original,1405
دوازدهم,ریاضی,نگارش,نگارش,بانک پایه,ارزیابی مفهومی,پوشش اولیه,متوسط,یک پاراگراف خوب معمولاً چه دارد؟,موضوع مشخص و جمله‌های مرتبط,جمله‌های کاملاً بی‌ربط,فقط یک واژه,بدون موضوع,A,انسجام و موضوع مشخص از ویژگی‌های متن خوب است.,ترنم همدلی,original,1405
دوازدهم,ریاضی,نگارش,نگارش,بانک پایه,ارزیابی مفهومی,پوشش اولیه,متوسط,مقدمه چه نقشی دارد؟,معرفی و آماده‌سازی موضوع,تکرار کامل نتیجه,حذف موضوع,پایان دادن متن,A,مقدمه خواننده را وارد موضوع می‌کند.,ترنم همدلی,original,1405
دوازدهم,ریاضی,نگارش,نگارش,بانک پایه,ارزیابی مفهومی,پوشش اولیه,متوسط,نتیجه‌گیری چه می‌کند؟,جمع‌بندی نکات اصلی,شروع موضوع جدید,حذف استدلال,تکرار همه واژه‌ها,A,نتیجه‌گیری جمع‌بندی متن است.,ترنم همدلی,original,1405
دوازدهم,ریاضی,نگارش,نگارش,بانک پایه,ارزیابی مفهومی,پوشش اولیه,متوسط,عنوان مناسب باید چگونه باشد؟,مرتبط و روشن,کاملاً بی‌ربط,بسیار مبهم,بدون ارتباط با متن,A,عنوان باید با محتوای نوشته ارتباط داشته باشد.,ترنم همدلی,original,1405
دوازدهم,ریاضی,نگارش,نگارش,بانک پایه,ارزیابی مفهومی,پوشش اولیه,متوسط,انسجام متن یعنی چه؟,ارتباط منطقی جمله‌ها و بخش‌ها,طولانی بودن,زیاد بودن واژه‌ها,استفاده از کلمات سخت,A,انسجام به پیوند منطقی اجزای متن مربوط است.,ترنم همدلی,original,1405
دوازدهم,ریاضی,نگارش,نگارش,بانک پایه,ارزیابی مفهومی,پوشش اولیه,متوسط,ویرایش چه هدفی دارد؟,بهبود محتوا و زبان نوشته,حذف همه متن,افزایش خطا,تغییر موضوع,A,ویرایش برای اصلاح و بهبود نوشته انجام می‌شود.,ترنم همدلی,original,1405
دوازدهم,ریاضی,نگارش,نگارش,بانک پایه,ارزیابی مفهومی,پوشش اولیه,متوسط,نشانه‌گذاری چه کمکی می‌کند؟,خوانایی و فهم بهتر,حذف معنا,افزایش ابهام,کاهش واژه‌ها,A,نشانه‌گذاری درست ساختار و مکث متن را روشن می‌کند.,ترنم همدلی,original,1405
دوازدهم,ریاضی,نگارش,نگارش,بانک پایه,ارزیابی مفهومی,پوشش اولیه,متوسط,کدام ویژگی برای گزارش مناسب‌تر است؟,دقیق و روشن بودن,خیالی و بی‌منبع بودن,کاملاً مبهم بودن,بدون ترتیب بودن,A,گزارش باید روشن و دقیق باشد.,ترنم همدلی,original,1405
دوازدهم,ریاضی,نگارش,نگارش,بانک پایه,ارزیابی مفهومی,پوشش اولیه,متوسط,بازنویسی یعنی چه؟,نوشتن دوباره با حفظ مفهوم اصلی,حذف کامل مفهوم,ترجمه به زبان دیگر همیشه,افزودن موضوع نامرتبط,A,بازنویسی می‌تواند شکل بیان را تغییر دهد بدون اینکه مفهوم اصلی از بین برود.,ترنم همدلی,original,1405
دوازدهم,ریاضی,نگارش,نگارش,بانک پایه,ارزیابی مفهومی,پوشش اولیه,متوسط,طرح کلی نوشته چه فایده‌ای دارد؟,سازمان‌دهی ایده‌ها,افزایش خطا,حذف موضوع,توقف نوشتن,A,طرح کلی به نظم دادن ایده‌ها کمک می‌کند.,ترنم همدلی,original,1405
دوازدهم,تجربی,نگارش,نگارش,بانک پایه,ارزیابی مفهومی,پوشش اولیه,متوسط,یک پاراگراف خوب معمولاً چه دارد؟,موضوع مشخص و جمله‌های مرتبط,جمله‌های کاملاً بی‌ربط,فقط یک واژه,بدون موضوع,A,انسجام و موضوع مشخص از ویژگی‌های متن خوب است.,ترنم همدلی,original,1405
دوازدهم,تجربی,نگارش,نگارش,بانک پایه,ارزیابی مفهومی,پوشش اولیه,متوسط,مقدمه چه نقشی دارد؟,معرفی و آماده‌سازی موضوع,تکرار کامل نتیجه,حذف موضوع,پایان دادن متن,A,مقدمه خواننده را وارد موضوع می‌کند.,ترنم همدلی,original,1405
دوازدهم,تجربی,نگارش,نگارش,بانک پایه,ارزیابی مفهومی,پوشش اولیه,متوسط,نتیجه‌گیری چه می‌کند؟,جمع‌بندی نکات اصلی,شروع موضوع جدید,حذف استدلال,تکرار همه واژه‌ها,A,نتیجه‌گیری جمع‌بندی متن است.,ترنم همدلی,original,1405
دوازدهم,تجربی,نگارش,نگارش,بانک پایه,ارزیابی مفهومی,پوشش اولیه,متوسط,عنوان مناسب باید چگونه باشد؟,مرتبط و روشن,کاملاً بی‌ربط,بسیار مبهم,بدون ارتباط با متن,A,عنوان باید با محتوای نوشته ارتباط داشته باشد.,ترنم همدلی,original,1405
دوازدهم,تجربی,نگارش,نگارش,بانک پایه,ارزیابی مفهومی,پوشش اولیه,متوسط,انسجام متن یعنی چه؟,ارتباط منطقی جمله‌ها و بخش‌ها,طولانی بودن,زیاد بودن واژه‌ها,استفاده از کلمات سخت,A,انسجام به پیوند منطقی اجزای متن مربوط است.,ترنم همدلی,original,1405
دوازدهم,تجربی,نگارش,نگارش,بانک پایه,ارزیابی مفهومی,پوشش اولیه,متوسط,ویرایش چه هدفی دارد؟,بهبود محتوا و زبان نوشته,حذف همه متن,افزایش خطا,تغییر موضوع,A,ویرایش برای اصلاح و بهبود نوشته انجام می‌شود.,ترنم همدلی,original,1405
دوازدهم,تجربی,نگارش,نگارش,بانک پایه,ارزیابی مفهومی,پوشش اولیه,متوسط,نشانه‌گذاری چه کمکی می‌کند؟,خوانایی و فهم بهتر,حذف معنا,افزایش ابهام,کاهش واژه‌ها,A,نشانه‌گذاری درست ساختار و مکث متن را روشن می‌کند.,ترنم همدلی,original,1405
دوازدهم,تجربی,نگارش,نگارش,بانک پایه,ارزیابی مفهومی,پوشش اولیه,متوسط,کدام ویژگی برای گزارش مناسب‌تر است؟,دقیق و روشن بودن,خیالی و بی‌منبع بودن,کاملاً مبهم بودن,بدون ترتیب بودن,A,گزارش باید روشن و دقیق باشد.,ترنم همدلی,original,1405
دوازدهم,تجربی,نگارش,نگارش,بانک پایه,ارزیابی مفهومی,پوشش اولیه,متوسط,بازنویسی یعنی چه؟,نوشتن دوباره با حفظ مفهوم اصلی,حذف کامل مفهوم,ترجمه به زبان دیگر همیشه,افزودن موضوع نامرتبط,A,بازنویسی می‌تواند شکل بیان را تغییر دهد بدون اینکه مفهوم اصلی از بین برود.,ترنم همدلی,original,1405
دوازدهم,تجربی,نگارش,نگارش,بانک پایه,ارزیابی مفهومی,پوشش اولیه,متوسط,طرح کلی نوشته چه فایده‌ای دارد؟,سازمان‌دهی ایده‌ها,افزایش خطا,حذف موضوع,توقف نوشتن,A,طرح کلی به نظم دادن ایده‌ها کمک می‌کند.,ترنم همدلی,original,1405
دوازدهم,انسانی,نگارش,نگارش,بانک پایه,ارزیابی مفهومی,پوشش اولیه,متوسط,یک پاراگراف خوب معمولاً چه دارد؟,موضوع مشخص و جمله‌های مرتبط,جمله‌های کاملاً بی‌ربط,فقط یک واژه,بدون موضوع,A,انسجام و موضوع مشخص از ویژگی‌های متن خوب است.,ترنم همدلی,original,1405
دوازدهم,انسانی,نگارش,نگارش,بانک پایه,ارزیابی مفهومی,پوشش اولیه,متوسط,مقدمه چه نقشی دارد؟,معرفی و آماده‌سازی موضوع,تکرار کامل نتیجه,حذف موضوع,پایان دادن متن,A,مقدمه خواننده را وارد موضوع می‌کند.,ترنم همدلی,original,1405
دوازدهم,انسانی,نگارش,نگارش,بانک پایه,ارزیابی مفهومی,پوشش اولیه,متوسط,نتیجه‌گیری چه می‌کند؟,جمع‌بندی نکات اصلی,شروع موضوع جدید,حذف استدلال,تکرار همه واژه‌ها,A,نتیجه‌گیری جمع‌بندی متن است.,ترنم همدلی,original,1405
دوازدهم,انسانی,نگارش,نگارش,بانک پایه,ارزیابی مفهومی,پوشش اولیه,متوسط,عنوان مناسب باید چگونه باشد؟,مرتبط و روشن,کاملاً بی‌ربط,بسیار مبهم,بدون ارتباط با متن,A,عنوان باید با محتوای نوشته ارتباط داشته باشد.,ترنم همدلی,original,1405
دوازدهم,انسانی,نگارش,نگارش,بانک پایه,ارزیابی مفهومی,پوشش اولیه,متوسط,انسجام متن یعنی چه؟,ارتباط منطقی جمله‌ها و بخش‌ها,طولانی بودن,زیاد بودن واژه‌ها,استفاده از کلمات سخت,A,انسجام به پیوند منطقی اجزای متن مربوط است.,ترنم همدلی,original,1405
دوازدهم,انسانی,نگارش,نگارش,بانک پایه,ارزیابی مفهومی,پوشش اولیه,متوسط,ویرایش چه هدفی دارد؟,بهبود محتوا و زبان نوشته,حذف همه متن,افزایش خطا,تغییر موضوع,A,ویرایش برای اصلاح و بهبود نوشته انجام می‌شود.,ترنم همدلی,original,1405
دوازدهم,انسانی,نگارش,نگارش,بانک پایه,ارزیابی مفهومی,پوشش اولیه,متوسط,نشانه‌گذاری چه کمکی می‌کند؟,خوانایی و فهم بهتر,حذف معنا,افزایش ابهام,کاهش واژه‌ها,A,نشانه‌گذاری درست ساختار و مکث متن را روشن می‌کند.,ترنم همدلی,original,1405
دوازدهم,انسانی,نگارش,نگارش,بانک پایه,ارزیابی مفهومی,پوشش اولیه,متوسط,کدام ویژگی برای گزارش مناسب‌تر است؟,دقیق و روشن بودن,خیالی و بی‌منبع بودن,کاملاً مبهم بودن,بدون ترتیب بودن,A,گزارش باید روشن و دقیق باشد.,ترنم همدلی,original,1405
دوازدهم,انسانی,نگارش,نگارش,بانک پایه,ارزیابی مفهومی,پوشش اولیه,متوسط,بازنویسی یعنی چه؟,نوشتن دوباره با حفظ مفهوم اصلی,حذف کامل مفهوم,ترجمه به زبان دیگر همیشه,افزودن موضوع نامرتبط,A,بازنویسی می‌تواند شکل بیان را تغییر دهد بدون اینکه مفهوم اصلی از بین برود.,ترنم همدلی,original,1405
دوازدهم,انسانی,نگارش,نگارش,بانک پایه,ارزیابی مفهومی,پوشش اولیه,متوسط,طرح کلی نوشته چه فایده‌ای دارد؟,سازمان‌دهی ایده‌ها,افزایش خطا,حذف موضوع,توقف نوشتن,A,طرح کلی به نظم دادن ایده‌ها کمک می‌کند.,ترنم همدلی,original,1405
دوازدهم,هنر,نگارش,نگارش,بانک پایه,ارزیابی مفهومی,پوشش اولیه,متوسط,یک پاراگراف خوب معمولاً چه دارد؟,موضوع مشخص و جمله‌های مرتبط,جمله‌های کاملاً بی‌ربط,فقط یک واژه,بدون موضوع,A,انسجام و موضوع مشخص از ویژگی‌های متن خوب است.,ترنم همدلی,original,1405
دوازدهم,هنر,نگارش,نگارش,بانک پایه,ارزیابی مفهومی,پوشش اولیه,متوسط,مقدمه چه نقشی دارد؟,معرفی و آماده‌سازی موضوع,تکرار کامل نتیجه,حذف موضوع,پایان دادن متن,A,مقدمه خواننده را وارد موضوع می‌کند.,ترنم همدلی,original,1405
دوازدهم,هنر,نگارش,نگارش,بانک پایه,ارزیابی مفهومی,پوشش اولیه,متوسط,نتیجه‌گیری چه می‌کند؟,جمع‌بندی نکات اصلی,شروع موضوع جدید,حذف استدلال,تکرار همه واژه‌ها,A,نتیجه‌گیری جمع‌بندی متن است.,ترنم همدلی,original,1405
دوازدهم,هنر,نگارش,نگارش,بانک پایه,ارزیابی مفهومی,پوشش اولیه,متوسط,عنوان مناسب باید چگونه باشد؟,مرتبط و روشن,کاملاً بی‌ربط,بسیار مبهم,بدون ارتباط با متن,A,عنوان باید با محتوای نوشته ارتباط داشته باشد.,ترنم همدلی,original,1405
دوازدهم,هنر,نگارش,نگارش,بانک پایه,ارزیابی مفهومی,پوشش اولیه,متوسط,انسجام متن یعنی چه؟,ارتباط منطقی جمله‌ها و بخش‌ها,طولانی بودن,زیاد بودن واژه‌ها,استفاده از کلمات سخت,A,انسجام به پیوند منطقی اجزای متن مربوط است.,ترنم همدلی,original,1405
دوازدهم,هنر,نگارش,نگارش,بانک پایه,ارزیابی مفهومی,پوشش اولیه,متوسط,ویرایش چه هدفی دارد؟,بهبود محتوا و زبان نوشته,حذف همه متن,افزایش خطا,تغییر موضوع,A,ویرایش برای اصلاح و بهبود نوشته انجام می‌شود.,ترنم همدلی,original,1405
دوازدهم,هنر,نگارش,نگارش,بانک پایه,ارزیابی مفهومی,پوشش اولیه,متوسط,نشانه‌گذاری چه کمکی می‌کند؟,خوانایی و فهم بهتر,حذف معنا,افزایش ابهام,کاهش واژه‌ها,A,نشانه‌گذاری درست ساختار و مکث متن را روشن می‌کند.,ترنم همدلی,original,1405
دوازدهم,هنر,نگارش,نگارش,بانک پایه,ارزیابی مفهومی,پوشش اولیه,متوسط,کدام ویژگی برای گزارش مناسب‌تر است؟,دقیق و روشن بودن,خیالی و بی‌منبع بودن,کاملاً مبهم بودن,بدون ترتیب بودن,A,گزارش باید روشن و دقیق باشد.,ترنم همدلی,original,1405
دوازدهم,هنر,نگارش,نگارش,بانک پایه,ارزیابی مفهومی,پوشش اولیه,متوسط,بازنویسی یعنی چه؟,نوشتن دوباره با حفظ مفهوم اصلی,حذف کامل مفهوم,ترجمه به زبان دیگر همیشه,افزودن موضوع نامرتبط,A,بازنویسی می‌تواند شکل بیان را تغییر دهد بدون اینکه مفهوم اصلی از بین برود.,ترنم همدلی,original,1405
دوازدهم,هنر,نگارش,نگارش,بانک پایه,ارزیابی مفهومی,پوشش اولیه,متوسط,طرح کلی نوشته چه فایده‌ای دارد؟,سازمان‌دهی ایده‌ها,افزایش خطا,حذف موضوع,توقف نوشتن,A,طرح کلی به نظم دادن ایده‌ها کمک می‌کند.,ترنم همدلی,original,1405
دوازدهم,زبان,نگارش,نگارش,بانک پایه,ارزیابی مفهومی,پوشش اولیه,متوسط,یک پاراگراف خوب معمولاً چه دارد؟,موضوع مشخص و جمله‌های مرتبط,جمله‌های کاملاً بی‌ربط,فقط یک واژه,بدون موضوع,A,انسجام و موضوع مشخص از ویژگی‌های متن خوب است.,ترنم همدلی,original,1405
دوازدهم,زبان,نگارش,نگارش,بانک پایه,ارزیابی مفهومی,پوشش اولیه,متوسط,مقدمه چه نقشی دارد؟,معرفی و آماده‌سازی موضوع,تکرار کامل نتیجه,حذف موضوع,پایان دادن متن,A,مقدمه خواننده را وارد موضوع می‌کند.,ترنم همدلی,original,1405
دوازدهم,زبان,نگارش,نگارش,بانک پایه,ارزیابی مفهومی,پوشش اولیه,متوسط,نتیجه‌گیری چه می‌کند؟,جمع‌بندی نکات اصلی,شروع موضوع جدید,حذف استدلال,تکرار همه واژه‌ها,A,نتیجه‌گیری جمع‌بندی متن است.,ترنم همدلی,original,1405
دوازدهم,زبان,نگارش,نگارش,بانک پایه,ارزیابی مفهومی,پوشش اولیه,متوسط,عنوان مناسب باید چگونه باشد؟,مرتبط و روشن,کاملاً بی‌ربط,بسیار مبهم,بدون ارتباط با متن,A,عنوان باید با محتوای نوشته ارتباط داشته باشد.,ترنم همدلی,original,1405
دوازدهم,زبان,نگارش,نگارش,بانک پایه,ارزیابی مفهومی,پوشش اولیه,متوسط,انسجام متن یعنی چه؟,ارتباط منطقی جمله‌ها و بخش‌ها,طولانی بودن,زیاد بودن واژه‌ها,استفاده از کلمات سخت,A,انسجام به پیوند منطقی اجزای متن مربوط است.,ترنم همدلی,original,1405
دوازدهم,زبان,نگارش,نگارش,بانک پایه,ارزیابی مفهومی,پوشش اولیه,متوسط,ویرایش چه هدفی دارد؟,بهبود محتوا و زبان نوشته,حذف همه متن,افزایش خطا,تغییر موضوع,A,ویرایش برای اصلاح و بهبود نوشته انجام می‌شود.,ترنم همدلی,original,1405
دوازدهم,زبان,نگارش,نگارش,بانک پایه,ارزیابی مفهومی,پوشش اولیه,متوسط,نشانه‌گذاری چه کمکی می‌کند؟,خوانایی و فهم بهتر,حذف معنا,افزایش ابهام,کاهش واژه‌ها,A,نشانه‌گذاری درست ساختار و مکث متن را روشن می‌کند.,ترنم همدلی,original,1405
دوازدهم,زبان,نگارش,نگارش,بانک پایه,ارزیابی مفهومی,پوشش اولیه,متوسط,کدام ویژگی برای گزارش مناسب‌تر است؟,دقیق و روشن بودن,خیالی و بی‌منبع بودن,کاملاً مبهم بودن,بدون ترتیب بودن,A,گزارش باید روشن و دقیق باشد.,ترنم همدلی,original,1405
دوازدهم,زبان,نگارش,نگارش,بانک پایه,ارزیابی مفهومی,پوشش اولیه,متوسط,بازنویسی یعنی چه؟,نوشتن دوباره با حفظ مفهوم اصلی,حذف کامل مفهوم,ترجمه به زبان دیگر همیشه,افزودن موضوع نامرتبط,A,بازنویسی می‌تواند شکل بیان را تغییر دهد بدون اینکه مفهوم اصلی از بین برود.,ترنم همدلی,original,1405
دوازدهم,زبان,نگارش,نگارش,بانک پایه,ارزیابی مفهومی,پوشش اولیه,متوسط,طرح کلی نوشته چه فایده‌ای دارد؟,سازمان‌دهی ایده‌ها,افزایش خطا,حذف موضوع,توقف نوشتن,A,طرح کلی به نظم دادن ایده‌ها کمک می‌کند.,ترنم همدلی,original,1405
دوازدهم,ریاضی,دین و زندگی,دین و زندگی,بانک پایه,ارزیابی مفهومی,پوشش اولیه,متوسط,حق‌الناس به چه مربوط است؟,حقوق دیگران,فقط حقوق شخصی,فقط مسائل طبیعی,فقط درس مدرسه,A,حق‌الناس به حقوق و اموال مردم مربوط است.,ترنم همدلی,original,1405
دوازدهم,ریاضی,دین و زندگی,دین و زندگی,بانک پایه,ارزیابی مفهومی,پوشش اولیه,متوسط,اسراف یعنی چه؟,مصرف بیش از اندازه و بی‌دلیل,صرفه‌جویی,استفاده درست,کمک به دیگران,A,اسراف مصرف بی‌رویه منابع است.,ترنم همدلی,original,1405
دوازدهم,ریاضی,دین و زندگی,دین و زندگی,بانک پایه,ارزیابی مفهومی,پوشش اولیه,متوسط,توکل چه مفهومی دارد؟,اعتماد به خدا همراه با انجام وظیفه,رها کردن تلاش,بی‌برنامگی,نادیده گرفتن مسئولیت,A,توکل جایگزین تلاش و مسئولیت نیست.,ترنم همدلی,original,1405
دوازدهم,ریاضی,دین و زندگی,دین و زندگی,بانک پایه,ارزیابی مفهومی,پوشش اولیه,متوسط,امر به معروف و نهی از منکر با چه چیزی همراه است؟,توجه مسئولانه به رفتار درست و نادرست,اجبار بدون شرایط,بی‌تفاوتی,توهین,A,درک شرایط و روش درست در این فریضه اهمیت دارد.,ترنم همدلی,original,1405
دوازدهم,تجربی,دین و زندگی,دین و زندگی,بانک پایه,ارزیابی مفهومی,پوشش اولیه,متوسط,حق‌الناس به چه مربوط است؟,حقوق دیگران,فقط حقوق شخصی,فقط مسائل طبیعی,فقط درس مدرسه,A,حق‌الناس به حقوق و اموال مردم مربوط است.,ترنم همدلی,original,1405
دوازدهم,تجربی,دین و زندگی,دین و زندگی,بانک پایه,ارزیابی مفهومی,پوشش اولیه,متوسط,اسراف یعنی چه؟,مصرف بیش از اندازه و بی‌دلیل,صرفه‌جویی,استفاده درست,کمک به دیگران,A,اسراف مصرف بی‌رویه منابع است.,ترنم همدلی,original,1405
دوازدهم,تجربی,دین و زندگی,دین و زندگی,بانک پایه,ارزیابی مفهومی,پوشش اولیه,متوسط,توکل چه مفهومی دارد؟,اعتماد به خدا همراه با انجام وظیفه,رها کردن تلاش,بی‌برنامگی,نادیده گرفتن مسئولیت,A,توکل جایگزین تلاش و مسئولیت نیست.,ترنم همدلی,original,1405
دوازدهم,تجربی,دین و زندگی,دین و زندگی,بانک پایه,ارزیابی مفهومی,پوشش اولیه,متوسط,امر به معروف و نهی از منکر با چه چیزی همراه است؟,توجه مسئولانه به رفتار درست و نادرست,اجبار بدون شرایط,بی‌تفاوتی,توهین,A,درک شرایط و روش درست در این فریضه اهمیت دارد.,ترنم همدلی,original,1405
دوازدهم,انسانی,دین و زندگی,دین و زندگی,بانک پایه,ارزیابی مفهومی,پوشش اولیه,متوسط,حق‌الناس به چه مربوط است؟,حقوق دیگران,فقط حقوق شخصی,فقط مسائل طبیعی,فقط درس مدرسه,A,حق‌الناس به حقوق و اموال مردم مربوط است.,ترنم همدلی,original,1405
دوازدهم,انسانی,دین و زندگی,دین و زندگی,بانک پایه,ارزیابی مفهومی,پوشش اولیه,متوسط,اسراف یعنی چه؟,مصرف بیش از اندازه و بی‌دلیل,صرفه‌جویی,استفاده درست,کمک به دیگران,A,اسراف مصرف بی‌رویه منابع است.,ترنم همدلی,original,1405
دوازدهم,انسانی,دین و زندگی,دین و زندگی,بانک پایه,ارزیابی مفهومی,پوشش اولیه,متوسط,توکل چه مفهومی دارد؟,اعتماد به خدا همراه با انجام وظیفه,رها کردن تلاش,بی‌برنامگی,نادیده گرفتن مسئولیت,A,توکل جایگزین تلاش و مسئولیت نیست.,ترنم همدلی,original,1405
دوازدهم,انسانی,دین و زندگی,دین و زندگی,بانک پایه,ارزیابی مفهومی,پوشش اولیه,متوسط,امر به معروف و نهی از منکر با چه چیزی همراه است؟,توجه مسئولانه به رفتار درست و نادرست,اجبار بدون شرایط,بی‌تفاوتی,توهین,A,درک شرایط و روش درست در این فریضه اهمیت دارد.,ترنم همدلی,original,1405
دوازدهم,هنر,دین و زندگی,دین و زندگی,بانک پایه,ارزیابی مفهومی,پوشش اولیه,متوسط,صداقت در زندگی اجتماعی چه اثری دارد؟,اعتماد را افزایش می‌دهد,اعتماد را از بین می‌برد,همیشه باعث اختلاف می‌شود,هیچ اثری ندارد,A,صداقت پایه مهم اعتماد است.,ترنم همدلی,original,1405
دوازدهم,هنر,دین و زندگی,دین و زندگی,بانک پایه,ارزیابی مفهومی,پوشش اولیه,متوسط,شکرگزاری بیشتر به چه معناست؟,شناخت نعمت و قدردانی,نادیده گرفتن نعمت‌ها,خودبرتربینی,بی‌تفاوتی,A,شکرگزاری با شناخت نعمت و قدردانی همراه است.,ترنم همدلی,original,1405
دوازدهم,هنر,دین و زندگی,دین و زندگی,بانک پایه,ارزیابی مفهومی,پوشش اولیه,متوسط,نماز در آموزه‌های دینی چه نقشی دارد؟,ارتباط و یاد خدا,فقط فعالیت ورزشی,فقط مطالعه,فقط سرگرمی,A,نماز عبادت و یاد خداست.,ترنم همدلی,original,1405
دوازدهم,هنر,دین و زندگی,دین و زندگی,بانک پایه,ارزیابی مفهومی,پوشش اولیه,متوسط,امانت‌داری یعنی چه؟,حفظ حق و مال سپرده‌شده,تصاحب امانت,نادیده گرفتن مسئولیت,پنهان کردن حقیقت,A,امانت‌داری یعنی رعایت حق صاحب امانت.,ترنم همدلی,original,1405
دوازدهم,هنر,دین و زندگی,دین و زندگی,بانک پایه,ارزیابی مفهومی,پوشش اولیه,متوسط,احترام به والدین نمونه کدام رفتار است؟,نیکوکاری,بی‌تفاوتی,اسراف,غیبت,A,نیکی به والدین از رفتارهای اخلاقی است.,ترنم همدلی,original,1405
دوازدهم,هنر,دین و زندگی,دین و زندگی,بانک پایه,ارزیابی مفهومی,پوشش اولیه,متوسط,صبر در برابر مشکل یعنی چه؟,پایداری همراه با رفتار سنجیده,رها کردن همه تلاش‌ها,خشم دائمی,انکار واقعیت,A,صبر با پایداری و کنترل رفتار همراه است.,ترنم همدلی,original,1405
دوازدهم,هنر,دین و زندگی,دین و زندگی,بانک پایه,ارزیابی مفهومی,پوشش اولیه,متوسط,حق‌الناس به چه مربوط است؟,حقوق دیگران,فقط حقوق شخصی,فقط مسائل طبیعی,فقط درس مدرسه,A,حق‌الناس به حقوق و اموال مردم مربوط است.,ترنم همدلی,original,1405
دوازدهم,هنر,دین و زندگی,دین و زندگی,بانک پایه,ارزیابی مفهومی,پوشش اولیه,متوسط,اسراف یعنی چه؟,مصرف بیش از اندازه و بی‌دلیل,صرفه‌جویی,استفاده درست,کمک به دیگران,A,اسراف مصرف بی‌رویه منابع است.,ترنم همدلی,original,1405
دوازدهم,هنر,دین و زندگی,دین و زندگی,بانک پایه,ارزیابی مفهومی,پوشش اولیه,متوسط,توکل چه مفهومی دارد؟,اعتماد به خدا همراه با انجام وظیفه,رها کردن تلاش,بی‌برنامگی,نادیده گرفتن مسئولیت,A,توکل جایگزین تلاش و مسئولیت نیست.,ترنم همدلی,original,1405
دوازدهم,هنر,دین و زندگی,دین و زندگی,بانک پایه,ارزیابی مفهومی,پوشش اولیه,متوسط,امر به معروف و نهی از منکر با چه چیزی همراه است؟,توجه مسئولانه به رفتار درست و نادرست,اجبار بدون شرایط,بی‌تفاوتی,توهین,A,درک شرایط و روش درست در این فریضه اهمیت دارد.,ترنم همدلی,original,1405
دوازدهم,زبان,دین و زندگی,دین و زندگی,بانک پایه,ارزیابی مفهومی,پوشش اولیه,متوسط,صداقت در زندگی اجتماعی چه اثری دارد؟,اعتماد را افزایش می‌دهد,اعتماد را از بین می‌برد,همیشه باعث اختلاف می‌شود,هیچ اثری ندارد,A,صداقت پایه مهم اعتماد است.,ترنم همدلی,original,1405
دوازدهم,زبان,دین و زندگی,دین و زندگی,بانک پایه,ارزیابی مفهومی,پوشش اولیه,متوسط,شکرگزاری بیشتر به چه معناست؟,شناخت نعمت و قدردانی,نادیده گرفتن نعمت‌ها,خودبرتربینی,بی‌تفاوتی,A,شکرگزاری با شناخت نعمت و قدردانی همراه است.,ترنم همدلی,original,1405
دوازدهم,زبان,دین و زندگی,دین و زندگی,بانک پایه,ارزیابی مفهومی,پوشش اولیه,متوسط,نماز در آموزه‌های دینی چه نقشی دارد؟,ارتباط و یاد خدا,فقط فعالیت ورزشی,فقط مطالعه,فقط سرگرمی,A,نماز عبادت و یاد خداست.,ترنم همدلی,original,1405
دوازدهم,زبان,دین و زندگی,دین و زندگی,بانک پایه,ارزیابی مفهومی,پوشش اولیه,متوسط,امانت‌داری یعنی چه؟,حفظ حق و مال سپرده‌شده,تصاحب امانت,نادیده گرفتن مسئولیت,پنهان کردن حقیقت,A,امانت‌داری یعنی رعایت حق صاحب امانت.,ترنم همدلی,original,1405
دوازدهم,زبان,دین و زندگی,دین و زندگی,بانک پایه,ارزیابی مفهومی,پوشش اولیه,متوسط,احترام به والدین نمونه کدام رفتار است؟,نیکوکاری,بی‌تفاوتی,اسراف,غیبت,A,نیکی به والدین از رفتارهای اخلاقی است.,ترنم همدلی,original,1405
دوازدهم,زبان,دین و زندگی,دین و زندگی,بانک پایه,ارزیابی مفهومی,پوشش اولیه,متوسط,صبر در برابر مشکل یعنی چه؟,پایداری همراه با رفتار سنجیده,رها کردن همه تلاش‌ها,خشم دائمی,انکار واقعیت,A,صبر با پایداری و کنترل رفتار همراه است.,ترنم همدلی,original,1405
دوازدهم,زبان,دین و زندگی,دین و زندگی,بانک پایه,ارزیابی مفهومی,پوشش اولیه,متوسط,حق‌الناس به چه مربوط است؟,حقوق دیگران,فقط حقوق شخصی,فقط مسائل طبیعی,فقط درس مدرسه,A,حق‌الناس به حقوق و اموال مردم مربوط است.,ترنم همدلی,original,1405
دوازدهم,زبان,دین و زندگی,دین و زندگی,بانک پایه,ارزیابی مفهومی,پوشش اولیه,متوسط,اسراف یعنی چه؟,مصرف بیش از اندازه و بی‌دلیل,صرفه‌جویی,استفاده درست,کمک به دیگران,A,اسراف مصرف بی‌رویه منابع است.,ترنم همدلی,original,1405
دوازدهم,زبان,دین و زندگی,دین و زندگی,بانک پایه,ارزیابی مفهومی,پوشش اولیه,متوسط,توکل چه مفهومی دارد؟,اعتماد به خدا همراه با انجام وظیفه,رها کردن تلاش,بی‌برنامگی,نادیده گرفتن مسئولیت,A,توکل جایگزین تلاش و مسئولیت نیست.,ترنم همدلی,original,1405
دوازدهم,زبان,دین و زندگی,دین و زندگی,بانک پایه,ارزیابی مفهومی,پوشش اولیه,متوسط,امر به معروف و نهی از منکر با چه چیزی همراه است؟,توجه مسئولانه به رفتار درست و نادرست,اجبار بدون شرایط,بی‌تفاوتی,توهین,A,درک شرایط و روش درست در این فریضه اهمیت دارد.,ترنم همدلی,original,1405
دوازدهم,ریاضی,عربی,عربی,بانک پایه,ارزیابی مفهومی,پوشش اولیه,متوسط,برای بیان توانایی معمولاً از چه فعلی استفاده می‌شود؟,can,musted,didn't can,has,A,can برای بیان توانایی به کار می‌رود.,ترنم همدلی,original,1405
دوازدهم,ریاضی,عربی,عربی,بانک پایه,ارزیابی مفهومی,پوشش اولیه,متوسط,کدام گزینه زمان حال استمراری را نشان می‌دهد؟,is reading,read yesterday,has read,will read,A,is reading ساختار حال استمراری است.,ترنم همدلی,original,1405
دوازدهم,ریاضی,عربی,عربی,بانک پایه,ارزیابی مفهومی,پوشش اولیه,متوسط,کدام واژه به معنی «آموزش» نزدیک‌تر است؟,education,weather,window,market,A,education به معنی آموزش است.,ترنم همدلی,original,1405
دوازدهم,ریاضی,عربی,عربی,بانک پایه,ارزیابی مفهومی,پوشش اولیه,متوسط,کدام گزینه یک پرسش درست است؟,Where do you live?,Where you live?,Do where live?,Where live you do?,A,ساختار پرسش درست است.,ترنم همدلی,original,1405
دوازدهم,تجربی,عربی,عربی,بانک پایه,ارزیابی مفهومی,پوشش اولیه,متوسط,برای بیان توانایی معمولاً از چه فعلی استفاده می‌شود؟,can,musted,didn't can,has,A,can برای بیان توانایی به کار می‌رود.,ترنم همدلی,original,1405
دوازدهم,تجربی,عربی,عربی,بانک پایه,ارزیابی مفهومی,پوشش اولیه,متوسط,کدام گزینه زمان حال استمراری را نشان می‌دهد؟,is reading,read yesterday,has read,will read,A,is reading ساختار حال استمراری است.,ترنم همدلی,original,1405
دوازدهم,تجربی,عربی,عربی,بانک پایه,ارزیابی مفهومی,پوشش اولیه,متوسط,کدام واژه به معنی «آموزش» نزدیک‌تر است؟,education,weather,window,market,A,education به معنی آموزش است.,ترنم همدلی,original,1405
دوازدهم,تجربی,عربی,عربی,بانک پایه,ارزیابی مفهومی,پوشش اولیه,متوسط,کدام گزینه یک پرسش درست است؟,Where do you live?,Where you live?,Do where live?,Where live you do?,A,ساختار پرسش درست است.,ترنم همدلی,original,1405
دوازدهم,انسانی,عربی,عربی,بانک پایه,ارزیابی مفهومی,پوشش اولیه,متوسط,برای بیان توانایی معمولاً از چه فعلی استفاده می‌شود؟,can,musted,didn't can,has,A,can برای بیان توانایی به کار می‌رود.,ترنم همدلی,original,1405
دوازدهم,انسانی,عربی,عربی,بانک پایه,ارزیابی مفهومی,پوشش اولیه,متوسط,کدام گزینه زمان حال استمراری را نشان می‌دهد؟,is reading,read yesterday,has read,will read,A,is reading ساختار حال استمراری است.,ترنم همدلی,original,1405
دوازدهم,انسانی,عربی,عربی,بانک پایه,ارزیابی مفهومی,پوشش اولیه,متوسط,کدام واژه به معنی «آموزش» نزدیک‌تر است؟,education,weather,window,market,A,education به معنی آموزش است.,ترنم همدلی,original,1405
دوازدهم,انسانی,عربی,عربی,بانک پایه,ارزیابی مفهومی,پوشش اولیه,متوسط,کدام گزینه یک پرسش درست است؟,Where do you live?,Where you live?,Do where live?,Where live you do?,A,ساختار پرسش درست است.,ترنم همدلی,original,1405
دوازدهم,هنر,عربی,عربی,بانک پایه,ارزیابی مفهومی,پوشش اولیه,متوسط,کدام گزینه معادل انگلیسی «کتاب» است؟,book,school,chair,water,A,book به معنی کتاب است.,ترنم همدلی,original,1405
دوازدهم,هنر,عربی,عربی,بانک پایه,ارزیابی مفهومی,پوشش اولیه,متوسط,کدام جمله از نظر دستوری درست است؟,She is a student.,She are a student.,She am a student.,She be a student.,A,برای فاعل مفرد سوم شخص از is استفاده می‌شود.,ترنم همدلی,original,1405
دوازدهم,هنر,عربی,عربی,بانک پایه,ارزیابی مفهومی,پوشش اولیه,متوسط,گذشته ساده go چیست؟,goed,went,gone,going,B,گذشته ساده go، went است.,ترنم همدلی,original,1405
دوازدهم,هنر,عربی,عربی,بانک پایه,ارزیابی مفهومی,پوشش اولیه,متوسط,جمع child چیست؟,childs,children,childes,childrens,B,جمع بی‌قاعده child برابر children است.,ترنم همدلی,original,1405
دوازدهم,هنر,عربی,عربی,بانک پایه,ارزیابی مفهومی,پوشش اولیه,متوسط,مخالف hot کدام است؟,cold,fast,high,old,A,مخالف hot، cold است.,ترنم همدلی,original,1405
دوازدهم,هنر,عربی,عربی,بانک پایه,ارزیابی مفهومی,پوشش اولیه,متوسط,کدام گزینه ضمیر است؟,they,book,quickly,beautiful,A,they یک ضمیر است.,ترنم همدلی,original,1405
دوازدهم,هنر,عربی,عربی,بانک پایه,ارزیابی مفهومی,پوشش اولیه,متوسط,برای بیان توانایی معمولاً از چه فعلی استفاده می‌شود؟,can,musted,didn't can,has,A,can برای بیان توانایی به کار می‌رود.,ترنم همدلی,original,1405
دوازدهم,هنر,عربی,عربی,بانک پایه,ارزیابی مفهومی,پوشش اولیه,متوسط,کدام گزینه زمان حال استمراری را نشان می‌دهد؟,is reading,read yesterday,has read,will read,A,is reading ساختار حال استمراری است.,ترنم همدلی,original,1405
دوازدهم,هنر,عربی,عربی,بانک پایه,ارزیابی مفهومی,پوشش اولیه,متوسط,کدام واژه به معنی «آموزش» نزدیک‌تر است؟,education,weather,window,market,A,education به معنی آموزش است.,ترنم همدلی,original,1405
دوازدهم,هنر,عربی,عربی,بانک پایه,ارزیابی مفهومی,پوشش اولیه,متوسط,کدام گزینه یک پرسش درست است؟,Where do you live?,Where you live?,Do where live?,Where live you do?,A,ساختار پرسش درست است.,ترنم همدلی,original,1405
دوازدهم,زبان,عربی,عربی,بانک پایه,ارزیابی مفهومی,پوشش اولیه,متوسط,کدام گزینه معادل انگلیسی «کتاب» است؟,book,school,chair,water,A,book به معنی کتاب است.,ترنم همدلی,original,1405
دوازدهم,زبان,عربی,عربی,بانک پایه,ارزیابی مفهومی,پوشش اولیه,متوسط,کدام جمله از نظر دستوری درست است؟,She is a student.,She are a student.,She am a student.,She be a student.,A,برای فاعل مفرد سوم شخص از is استفاده می‌شود.,ترنم همدلی,original,1405
دوازدهم,زبان,عربی,عربی,بانک پایه,ارزیابی مفهومی,پوشش اولیه,متوسط,گذشته ساده go چیست؟,goed,went,gone,going,B,گذشته ساده go، went است.,ترنم همدلی,original,1405
دوازدهم,زبان,عربی,عربی,بانک پایه,ارزیابی مفهومی,پوشش اولیه,متوسط,جمع child چیست؟,childs,children,childes,childrens,B,جمع بی‌قاعده child برابر children است.,ترنم همدلی,original,1405
دوازدهم,زبان,عربی,عربی,بانک پایه,ارزیابی مفهومی,پوشش اولیه,متوسط,مخالف hot کدام است؟,cold,fast,high,old,A,مخالف hot، cold است.,ترنم همدلی,original,1405
دوازدهم,زبان,عربی,عربی,بانک پایه,ارزیابی مفهومی,پوشش اولیه,متوسط,کدام گزینه ضمیر است؟,they,book,quickly,beautiful,A,they یک ضمیر است.,ترنم همدلی,original,1405
دوازدهم,زبان,عربی,عربی,بانک پایه,ارزیابی مفهومی,پوشش اولیه,متوسط,برای بیان توانایی معمولاً از چه فعلی استفاده می‌شود؟,can,musted,didn't can,has,A,can برای بیان توانایی به کار می‌رود.,ترنم همدلی,original,1405
دوازدهم,زبان,عربی,عربی,بانک پایه,ارزیابی مفهومی,پوشش اولیه,متوسط,کدام گزینه زمان حال استمراری را نشان می‌دهد؟,is reading,read yesterday,has read,will read,A,is reading ساختار حال استمراری است.,ترنم همدلی,original,1405
دوازدهم,زبان,عربی,عربی,بانک پایه,ارزیابی مفهومی,پوشش اولیه,متوسط,کدام واژه به معنی «آموزش» نزدیک‌تر است؟,education,weather,window,market,A,education به معنی آموزش است.,ترنم همدلی,original,1405
دوازدهم,زبان,عربی,عربی,بانک پایه,ارزیابی مفهومی,پوشش اولیه,متوسط,کدام گزینه یک پرسش درست است؟,Where do you live?,Where you live?,Do where live?,Where live you do?,A,ساختار پرسش درست است.,ترنم همدلی,original,1405
دوازدهم,ریاضی,زبان انگلیسی,زبان انگلیسی,بانک پایه,ارزیابی مفهومی,پوشش اولیه,متوسط,برای بیان توانایی معمولاً از چه فعلی استفاده می‌شود؟,can,musted,didn't can,has,A,can برای بیان توانایی به کار می‌رود.,ترنم همدلی,original,1405
دوازدهم,ریاضی,زبان انگلیسی,زبان انگلیسی,بانک پایه,ارزیابی مفهومی,پوشش اولیه,متوسط,کدام گزینه زمان حال استمراری را نشان می‌دهد؟,is reading,read yesterday,has read,will read,A,is reading ساختار حال استمراری است.,ترنم همدلی,original,1405
دوازدهم,ریاضی,زبان انگلیسی,زبان انگلیسی,بانک پایه,ارزیابی مفهومی,پوشش اولیه,متوسط,کدام واژه به معنی «آموزش» نزدیک‌تر است؟,education,weather,window,market,A,education به معنی آموزش است.,ترنم همدلی,original,1405
دوازدهم,ریاضی,زبان انگلیسی,زبان انگلیسی,بانک پایه,ارزیابی مفهومی,پوشش اولیه,متوسط,کدام گزینه یک پرسش درست است؟,Where do you live?,Where you live?,Do where live?,Where live you do?,A,ساختار پرسش درست است.,ترنم همدلی,original,1405
دوازدهم,تجربی,زبان انگلیسی,زبان انگلیسی,بانک پایه,ارزیابی مفهومی,پوشش اولیه,متوسط,برای بیان توانایی معمولاً از چه فعلی استفاده می‌شود؟,can,musted,didn't can,has,A,can برای بیان توانایی به کار می‌رود.,ترنم همدلی,original,1405
دوازدهم,تجربی,زبان انگلیسی,زبان انگلیسی,بانک پایه,ارزیابی مفهومی,پوشش اولیه,متوسط,کدام گزینه زمان حال استمراری را نشان می‌دهد؟,is reading,read yesterday,has read,will read,A,is reading ساختار حال استمراری است.,ترنم همدلی,original,1405
دوازدهم,تجربی,زبان انگلیسی,زبان انگلیسی,بانک پایه,ارزیابی مفهومی,پوشش اولیه,متوسط,کدام واژه به معنی «آموزش» نزدیک‌تر است؟,education,weather,window,market,A,education به معنی آموزش است.,ترنم همدلی,original,1405
دوازدهم,تجربی,زبان انگلیسی,زبان انگلیسی,بانک پایه,ارزیابی مفهومی,پوشش اولیه,متوسط,کدام گزینه یک پرسش درست است؟,Where do you live?,Where you live?,Do where live?,Where live you do?,A,ساختار پرسش درست است.,ترنم همدلی,original,1405
دوازدهم,انسانی,زبان انگلیسی,زبان انگلیسی,بانک پایه,ارزیابی مفهومی,پوشش اولیه,متوسط,برای بیان توانایی معمولاً از چه فعلی استفاده می‌شود؟,can,musted,didn't can,has,A,can برای بیان توانایی به کار می‌رود.,ترنم همدلی,original,1405
دوازدهم,انسانی,زبان انگلیسی,زبان انگلیسی,بانک پایه,ارزیابی مفهومی,پوشش اولیه,متوسط,کدام گزینه زمان حال استمراری را نشان می‌دهد؟,is reading,read yesterday,has read,will read,A,is reading ساختار حال استمراری است.,ترنم همدلی,original,1405
دوازدهم,انسانی,زبان انگلیسی,زبان انگلیسی,بانک پایه,ارزیابی مفهومی,پوشش اولیه,متوسط,کدام واژه به معنی «آموزش» نزدیک‌تر است؟,education,weather,window,market,A,education به معنی آموزش است.,ترنم همدلی,original,1405
دوازدهم,انسانی,زبان انگلیسی,زبان انگلیسی,بانک پایه,ارزیابی مفهومی,پوشش اولیه,متوسط,کدام گزینه یک پرسش درست است؟,Where do you live?,Where you live?,Do where live?,Where live you do?,A,ساختار پرسش درست است.,ترنم همدلی,original,1405
دوازدهم,هنر,زبان انگلیسی,زبان انگلیسی,بانک پایه,ارزیابی مفهومی,پوشش اولیه,متوسط,کدام گزینه معادل انگلیسی «کتاب» است؟,book,school,chair,water,A,book به معنی کتاب است.,ترنم همدلی,original,1405
دوازدهم,هنر,زبان انگلیسی,زبان انگلیسی,بانک پایه,ارزیابی مفهومی,پوشش اولیه,متوسط,کدام جمله از نظر دستوری درست است؟,She is a student.,She are a student.,She am a student.,She be a student.,A,برای فاعل مفرد سوم شخص از is استفاده می‌شود.,ترنم همدلی,original,1405
دوازدهم,هنر,زبان انگلیسی,زبان انگلیسی,بانک پایه,ارزیابی مفهومی,پوشش اولیه,متوسط,گذشته ساده go چیست؟,goed,went,gone,going,B,گذشته ساده go، went است.,ترنم همدلی,original,1405
دوازدهم,هنر,زبان انگلیسی,زبان انگلیسی,بانک پایه,ارزیابی مفهومی,پوشش اولیه,متوسط,جمع child چیست؟,childs,children,childes,childrens,B,جمع بی‌قاعده child برابر children است.,ترنم همدلی,original,1405
دوازدهم,هنر,زبان انگلیسی,زبان انگلیسی,بانک پایه,ارزیابی مفهومی,پوشش اولیه,متوسط,مخالف hot کدام است؟,cold,fast,high,old,A,مخالف hot، cold است.,ترنم همدلی,original,1405
دوازدهم,هنر,زبان انگلیسی,زبان انگلیسی,بانک پایه,ارزیابی مفهومی,پوشش اولیه,متوسط,کدام گزینه ضمیر است؟,they,book,quickly,beautiful,A,they یک ضمیر است.,ترنم همدلی,original,1405
دوازدهم,هنر,زبان انگلیسی,زبان انگلیسی,بانک پایه,ارزیابی مفهومی,پوشش اولیه,متوسط,برای بیان توانایی معمولاً از چه فعلی استفاده می‌شود؟,can,musted,didn't can,has,A,can برای بیان توانایی به کار می‌رود.,ترنم همدلی,original,1405
دوازدهم,هنر,زبان انگلیسی,زبان انگلیسی,بانک پایه,ارزیابی مفهومی,پوشش اولیه,متوسط,کدام گزینه زمان حال استمراری را نشان می‌دهد؟,is reading,read yesterday,has read,will read,A,is reading ساختار حال استمراری است.,ترنم همدلی,original,1405
دوازدهم,هنر,زبان انگلیسی,زبان انگلیسی,بانک پایه,ارزیابی مفهومی,پوشش اولیه,متوسط,کدام واژه به معنی «آموزش» نزدیک‌تر است؟,education,weather,window,market,A,education به معنی آموزش است.,ترنم همدلی,original,1405
دوازدهم,هنر,زبان انگلیسی,زبان انگلیسی,بانک پایه,ارزیابی مفهومی,پوشش اولیه,متوسط,کدام گزینه یک پرسش درست است؟,Where do you live?,Where you live?,Do where live?,Where live you do?,A,ساختار پرسش درست است.,ترنم همدلی,original,1405
دوازدهم,زبان,زبان انگلیسی,زبان انگلیسی,بانک پایه,ارزیابی مفهومی,پوشش اولیه,متوسط,کدام گزینه معادل انگلیسی «کتاب» است؟,book,school,chair,water,A,book به معنی کتاب است.,ترنم همدلی,original,1405
دوازدهم,زبان,زبان انگلیسی,زبان انگلیسی,بانک پایه,ارزیابی مفهومی,پوشش اولیه,متوسط,کدام جمله از نظر دستوری درست است؟,She is a student.,She are a student.,She am a student.,She be a student.,A,برای فاعل مفرد سوم شخص از is استفاده می‌شود.,ترنم همدلی,original,1405
دوازدهم,زبان,زبان انگلیسی,زبان انگلیسی,بانک پایه,ارزیابی مفهومی,پوشش اولیه,متوسط,گذشته ساده go چیست؟,goed,went,gone,going,B,گذشته ساده go، went است.,ترنم همدلی,original,1405
دوازدهم,زبان,زبان انگلیسی,زبان انگلیسی,بانک پایه,ارزیابی مفهومی,پوشش اولیه,متوسط,جمع child چیست؟,childs,children,childes,childrens,B,جمع بی‌قاعده child برابر children است.,ترنم همدلی,original,1405
دوازدهم,زبان,زبان انگلیسی,زبان انگلیسی,بانک پایه,ارزیابی مفهومی,پوشش اولیه,متوسط,مخالف hot کدام است؟,cold,fast,high,old,A,مخالف hot، cold است.,ترنم همدلی,original,1405
دوازدهم,زبان,زبان انگلیسی,زبان انگلیسی,بانک پایه,ارزیابی مفهومی,پوشش اولیه,متوسط,کدام گزینه ضمیر است؟,they,book,quickly,beautiful,A,they یک ضمیر است.,ترنم همدلی,original,1405
دوازدهم,زبان,زبان انگلیسی,زبان انگلیسی,بانک پایه,ارزیابی مفهومی,پوشش اولیه,متوسط,برای بیان توانایی معمولاً از چه فعلی استفاده می‌شود؟,can,musted,didn't can,has,A,can برای بیان توانایی به کار می‌رود.,ترنم همدلی,original,1405
دوازدهم,زبان,زبان انگلیسی,زبان انگلیسی,بانک پایه,ارزیابی مفهومی,پوشش اولیه,متوسط,کدام گزینه زمان حال استمراری را نشان می‌دهد؟,is reading,read yesterday,has read,will read,A,is reading ساختار حال استمراری است.,ترنم همدلی,original,1405
دوازدهم,زبان,زبان انگلیسی,زبان انگلیسی,بانک پایه,ارزیابی مفهومی,پوشش اولیه,متوسط,کدام واژه به معنی «آموزش» نزدیک‌تر است؟,education,weather,window,market,A,education به معنی آموزش است.,ترنم همدلی,original,1405
دوازدهم,زبان,زبان انگلیسی,زبان انگلیسی,بانک پایه,ارزیابی مفهومی,پوشش اولیه,متوسط,کدام گزینه یک پرسش درست است؟,Where do you live?,Where you live?,Do where live?,Where live you do?,A,ساختار پرسش درست است.,ترنم همدلی,original,1405
دوازدهم,ریاضی,هویت اجتماعی,هویت اجتماعی,بانک پایه,ارزیابی مفهومی,پوشش اولیه,متوسط,مهاجرت چیست؟,جابه‌جایی برای سکونت,تغییر فصل,حرکت زمین,تغییر ساعت,A,مهاجرت جابه‌جایی افراد از مکانی به مکان دیگر برای سکونت است.,ترنم همدلی,original,1405
دوازدهم,ریاضی,هویت اجتماعی,هویت اجتماعی,بانک پایه,ارزیابی مفهومی,پوشش اولیه,متوسط,اقتصاد خانواده بیشتر با چه چیزی سروکار دارد؟,مدیریت منابع محدود و نیازها,فقط ورزش,فقط هنر,فقط جغرافیا,A,اقتصاد با انتخاب و مدیریت منابع محدود مرتبط است.,ترنم همدلی,original,1405
دوازدهم,ریاضی,هویت اجتماعی,هویت اجتماعی,بانک پایه,ارزیابی مفهومی,پوشش اولیه,متوسط,همکاری اجتماعی چه فایده‌ای دارد؟,حل بهتر مسائل مشترک,افزایش اختلاف,کاهش ارتباط,اتلاف منابع,A,همکاری می‌تواند حل مسائل مشترک را آسان‌تر کند.,ترنم همدلی,original,1405
دوازدهم,ریاضی,هویت اجتماعی,هویت اجتماعی,بانک پایه,ارزیابی مفهومی,پوشش اولیه,متوسط,قانون چه نقشی در جامعه دارد؟,تنظیم روابط و رفتارها,حذف همه مسئولیت‌ها,افزایش بی‌نظمی,تغییر آب‌وهوا,A,قوانین چارچوبی برای روابط اجتماعی ایجاد می‌کنند.,ترنم همدلی,original,1405
دوازدهم,تجربی,هویت اجتماعی,هویت اجتماعی,بانک پایه,ارزیابی مفهومی,پوشش اولیه,متوسط,مهاجرت چیست؟,جابه‌جایی برای سکونت,تغییر فصل,حرکت زمین,تغییر ساعت,A,مهاجرت جابه‌جایی افراد از مکانی به مکان دیگر برای سکونت است.,ترنم همدلی,original,1405
دوازدهم,تجربی,هویت اجتماعی,هویت اجتماعی,بانک پایه,ارزیابی مفهومی,پوشش اولیه,متوسط,اقتصاد خانواده بیشتر با چه چیزی سروکار دارد؟,مدیریت منابع محدود و نیازها,فقط ورزش,فقط هنر,فقط جغرافیا,A,اقتصاد با انتخاب و مدیریت منابع محدود مرتبط است.,ترنم همدلی,original,1405
دوازدهم,تجربی,هویت اجتماعی,هویت اجتماعی,بانک پایه,ارزیابی مفهومی,پوشش اولیه,متوسط,همکاری اجتماعی چه فایده‌ای دارد؟,حل بهتر مسائل مشترک,افزایش اختلاف,کاهش ارتباط,اتلاف منابع,A,همکاری می‌تواند حل مسائل مشترک را آسان‌تر کند.,ترنم همدلی,original,1405
دوازدهم,تجربی,هویت اجتماعی,هویت اجتماعی,بانک پایه,ارزیابی مفهومی,پوشش اولیه,متوسط,قانون چه نقشی در جامعه دارد؟,تنظیم روابط و رفتارها,حذف همه مسئولیت‌ها,افزایش بی‌نظمی,تغییر آب‌وهوا,A,قوانین چارچوبی برای روابط اجتماعی ایجاد می‌کنند.,ترنم همدلی,original,1405
دوازدهم,انسانی,هویت اجتماعی,هویت اجتماعی,بانک پایه,ارزیابی مفهومی,پوشش اولیه,متوسط,مهاجرت چیست؟,جابه‌جایی برای سکونت,تغییر فصل,حرکت زمین,تغییر ساعت,A,مهاجرت جابه‌جایی افراد از مکانی به مکان دیگر برای سکونت است.,ترنم همدلی,original,1405
دوازدهم,انسانی,هویت اجتماعی,هویت اجتماعی,بانک پایه,ارزیابی مفهومی,پوشش اولیه,متوسط,اقتصاد خانواده بیشتر با چه چیزی سروکار دارد؟,مدیریت منابع محدود و نیازها,فقط ورزش,فقط هنر,فقط جغرافیا,A,اقتصاد با انتخاب و مدیریت منابع محدود مرتبط است.,ترنم همدلی,original,1405
دوازدهم,انسانی,هویت اجتماعی,هویت اجتماعی,بانک پایه,ارزیابی مفهومی,پوشش اولیه,متوسط,همکاری اجتماعی چه فایده‌ای دارد؟,حل بهتر مسائل مشترک,افزایش اختلاف,کاهش ارتباط,اتلاف منابع,A,همکاری می‌تواند حل مسائل مشترک را آسان‌تر کند.,ترنم همدلی,original,1405
دوازدهم,انسانی,هویت اجتماعی,هویت اجتماعی,بانک پایه,ارزیابی مفهومی,پوشش اولیه,متوسط,قانون چه نقشی در جامعه دارد؟,تنظیم روابط و رفتارها,حذف همه مسئولیت‌ها,افزایش بی‌نظمی,تغییر آب‌وهوا,A,قوانین چارچوبی برای روابط اجتماعی ایجاد می‌کنند.,ترنم همدلی,original,1405
دوازدهم,هنر,هویت اجتماعی,هویت اجتماعی,بانک پایه,ارزیابی مفهومی,پوشش اولیه,متوسط,نقشه برای چه کاری به کار می‌رود؟,نمایش مکان‌ها و روابط مکانی,اندازه‌گیری دما,تعیین وزن,تشخیص مزه,A,نقشه نمایش اطلاعات مکانی است.,ترنم همدلی,original,1405
دوازدهم,هنر,هویت اجتماعی,هویت اجتماعی,بانک پایه,ارزیابی مفهومی,پوشش اولیه,متوسط,منابع طبیعی کدام‌اند؟,منابع موجود در طبیعت,فقط ساختمان‌ها,فقط پول,فقط قوانین,A,آب، خاک و منابع معدنی نمونه منابع طبیعی‌اند.,ترنم همدلی,original,1405
دوازدهم,هنر,هویت اجتماعی,هویت اجتماعی,بانک پایه,ارزیابی مفهومی,پوشش اولیه,متوسط,شهروند مسئول چه می‌کند؟,حقوق خود و دیگران را رعایت می‌کند,قوانین را نادیده می‌گیرد,منابع را هدر می‌دهد,به اموال عمومی آسیب می‌زند,A,مسئولیت‌پذیری بخشی از شهروندی است.,ترنم همدلی,original,1405
دوازدهم,هنر,هویت اجتماعی,هویت اجتماعی,بانک پایه,ارزیابی مفهومی,پوشش اولیه,متوسط,تاریخ بیشتر به چه می‌پردازد؟,رویدادهای گذشته انسان‌ها,فقط آینده,فقط آب‌وهوا,فقط گیاهان,A,تاریخ رویدادهای گذشته انسانی را بررسی می‌کند.,ترنم همدلی,original,1405
دوازدهم,هنر,هویت اجتماعی,هویت اجتماعی,بانک پایه,ارزیابی مفهومی,پوشش اولیه,متوسط,مقیاس نقشه چه چیزی را نشان می‌دهد؟,رابطه فاصله نقشه و واقعیت,ارتفاع همه کوه‌ها,دمای هوا,تعداد جمعیت,A,مقیاس نسبت فاصله روی نقشه به فاصله واقعی است.,ترنم همدلی,original,1405
دوازدهم,هنر,هویت اجتماعی,هویت اجتماعی,بانک پایه,ارزیابی مفهومی,پوشش اولیه,متوسط,جمعیت به چه معناست؟,تعداد افراد یک محدوده,تعداد ساختمان‌ها,تعداد رودها,تعداد کشورها,A,جمعیت تعداد افراد ساکن یک محدوده است.,ترنم همدلی,original,1405
دوازدهم,هنر,هویت اجتماعی,هویت اجتماعی,بانک پایه,ارزیابی مفهومی,پوشش اولیه,متوسط,مهاجرت چیست؟,جابه‌جایی برای سکونت,تغییر فصل,حرکت زمین,تغییر ساعت,A,مهاجرت جابه‌جایی افراد از مکانی به مکان دیگر برای سکونت است.,ترنم همدلی,original,1405
دوازدهم,هنر,هویت اجتماعی,هویت اجتماعی,بانک پایه,ارزیابی مفهومی,پوشش اولیه,متوسط,اقتصاد خانواده بیشتر با چه چیزی سروکار دارد؟,مدیریت منابع محدود و نیازها,فقط ورزش,فقط هنر,فقط جغرافیا,A,اقتصاد با انتخاب و مدیریت منابع محدود مرتبط است.,ترنم همدلی,original,1405
دوازدهم,هنر,هویت اجتماعی,هویت اجتماعی,بانک پایه,ارزیابی مفهومی,پوشش اولیه,متوسط,همکاری اجتماعی چه فایده‌ای دارد؟,حل بهتر مسائل مشترک,افزایش اختلاف,کاهش ارتباط,اتلاف منابع,A,همکاری می‌تواند حل مسائل مشترک را آسان‌تر کند.,ترنم همدلی,original,1405
دوازدهم,هنر,هویت اجتماعی,هویت اجتماعی,بانک پایه,ارزیابی مفهومی,پوشش اولیه,متوسط,قانون چه نقشی در جامعه دارد؟,تنظیم روابط و رفتارها,حذف همه مسئولیت‌ها,افزایش بی‌نظمی,تغییر آب‌وهوا,A,قوانین چارچوبی برای روابط اجتماعی ایجاد می‌کنند.,ترنم همدلی,original,1405
دوازدهم,زبان,هویت اجتماعی,هویت اجتماعی,بانک پایه,ارزیابی مفهومی,پوشش اولیه,متوسط,نقشه برای چه کاری به کار می‌رود؟,نمایش مکان‌ها و روابط مکانی,اندازه‌گیری دما,تعیین وزن,تشخیص مزه,A,نقشه نمایش اطلاعات مکانی است.,ترنم همدلی,original,1405
دوازدهم,زبان,هویت اجتماعی,هویت اجتماعی,بانک پایه,ارزیابی مفهومی,پوشش اولیه,متوسط,منابع طبیعی کدام‌اند؟,منابع موجود در طبیعت,فقط ساختمان‌ها,فقط پول,فقط قوانین,A,آب، خاک و منابع معدنی نمونه منابع طبیعی‌اند.,ترنم همدلی,original,1405
دوازدهم,زبان,هویت اجتماعی,هویت اجتماعی,بانک پایه,ارزیابی مفهومی,پوشش اولیه,متوسط,شهروند مسئول چه می‌کند؟,حقوق خود و دیگران را رعایت می‌کند,قوانین را نادیده می‌گیرد,منابع را هدر می‌دهد,به اموال عمومی آسیب می‌زند,A,مسئولیت‌پذیری بخشی از شهروندی است.,ترنم همدلی,original,1405
دوازدهم,زبان,هویت اجتماعی,هویت اجتماعی,بانک پایه,ارزیابی مفهومی,پوشش اولیه,متوسط,تاریخ بیشتر به چه می‌پردازد؟,رویدادهای گذشته انسان‌ها,فقط آینده,فقط آب‌وهوا,فقط گیاهان,A,تاریخ رویدادهای گذشته انسانی را بررسی می‌کند.,ترنم همدلی,original,1405
دوازدهم,زبان,هویت اجتماعی,هویت اجتماعی,بانک پایه,ارزیابی مفهومی,پوشش اولیه,متوسط,مقیاس نقشه چه چیزی را نشان می‌دهد؟,رابطه فاصله نقشه و واقعیت,ارتفاع همه کوه‌ها,دمای هوا,تعداد جمعیت,A,مقیاس نسبت فاصله روی نقشه به فاصله واقعی است.,ترنم همدلی,original,1405
دوازدهم,زبان,هویت اجتماعی,هویت اجتماعی,بانک پایه,ارزیابی مفهومی,پوشش اولیه,متوسط,جمعیت به چه معناست؟,تعداد افراد یک محدوده,تعداد ساختمان‌ها,تعداد رودها,تعداد کشورها,A,جمعیت تعداد افراد ساکن یک محدوده است.,ترنم همدلی,original,1405
دوازدهم,زبان,هویت اجتماعی,هویت اجتماعی,بانک پایه,ارزیابی مفهومی,پوشش اولیه,متوسط,مهاجرت چیست؟,جابه‌جایی برای سکونت,تغییر فصل,حرکت زمین,تغییر ساعت,A,مهاجرت جابه‌جایی افراد از مکانی به مکان دیگر برای سکونت است.,ترنم همدلی,original,1405
دوازدهم,زبان,هویت اجتماعی,هویت اجتماعی,بانک پایه,ارزیابی مفهومی,پوشش اولیه,متوسط,اقتصاد خانواده بیشتر با چه چیزی سروکار دارد؟,مدیریت منابع محدود و نیازها,فقط ورزش,فقط هنر,فقط جغرافیا,A,اقتصاد با انتخاب و مدیریت منابع محدود مرتبط است.,ترنم همدلی,original,1405
دوازدهم,زبان,هویت اجتماعی,هویت اجتماعی,بانک پایه,ارزیابی مفهومی,پوشش اولیه,متوسط,همکاری اجتماعی چه فایده‌ای دارد؟,حل بهتر مسائل مشترک,افزایش اختلاف,کاهش ارتباط,اتلاف منابع,A,همکاری می‌تواند حل مسائل مشترک را آسان‌تر کند.,ترنم همدلی,original,1405
دوازدهم,زبان,هویت اجتماعی,هویت اجتماعی,بانک پایه,ارزیابی مفهومی,پوشش اولیه,متوسط,قانون چه نقشی در جامعه دارد؟,تنظیم روابط و رفتارها,حذف همه مسئولیت‌ها,افزایش بی‌نظمی,تغییر آب‌وهوا,A,قوانین چارچوبی برای روابط اجتماعی ایجاد می‌کنند.,ترنم همدلی,original,1405
دوازدهم,ریاضی,سلامت و بهداشت,سلامت و بهداشت,بانک پایه,ارزیابی مفهومی,پوشش اولیه,متوسط,کم‌آبی بدن ممکن است چه اثری داشته باشد؟,کاهش عملکرد و احساس خستگی,افزایش همیشگی تمرکز,جایگزینی خواب,افزایش بینایی,A,کم‌آبی می‌تواند بر عملکرد جسمی و ذهنی اثر بگذارد.,ترنم همدلی,original,1405
دوازدهم,ریاضی,سلامت و بهداشت,سلامت و بهداشت,بانک پایه,ارزیابی مفهومی,پوشش اولیه,متوسط,کمک‌های اولیه برای چیست؟,اقدامات اولیه تا رسیدن کمک تخصصی,جایگزین همه درمان‌ها,تشخیص قطعی همه بیماری‌ها,جراحی,A,کمک‌های اولیه اقدامات فوری و موقت پیش از خدمات تخصصی است.,ترنم همدلی,original,1405
دوازدهم,ریاضی,سلامت و بهداشت,سلامت و بهداشت,بانک پایه,ارزیابی مفهومی,پوشش اولیه,متوسط,بهداشت فردی شامل چیست؟,مراقبت از بدن و پیشگیری از بیماری,فقط ورزش,فقط مطالعه,فقط خواب,A,بهداشت فردی مجموعه‌ای از رفتارهای مراقبتی است.,ترنم همدلی,original,1405
دوازدهم,ریاضی,سلامت و بهداشت,سلامت و بهداشت,بانک پایه,ارزیابی مفهومی,پوشش اولیه,متوسط,مصرف ایمن دارو به چه نیاز دارد؟,رعایت دستور پزشک یا داروساز,تغییر خودسرانه دوز,مصرف داروی دیگران,ترکیب تصادفی داروها,A,مصرف دارو باید مطابق دستور حرفه‌ای و اطلاعات دارو باشد.,ترنم همدلی,original,1405
دوازدهم,تجربی,سلامت و بهداشت,سلامت و بهداشت,بانک پایه,ارزیابی مفهومی,پوشش اولیه,متوسط,کم‌آبی بدن ممکن است چه اثری داشته باشد؟,کاهش عملکرد و احساس خستگی,افزایش همیشگی تمرکز,جایگزینی خواب,افزایش بینایی,A,کم‌آبی می‌تواند بر عملکرد جسمی و ذهنی اثر بگذارد.,ترنم همدلی,original,1405
دوازدهم,تجربی,سلامت و بهداشت,سلامت و بهداشت,بانک پایه,ارزیابی مفهومی,پوشش اولیه,متوسط,کمک‌های اولیه برای چیست؟,اقدامات اولیه تا رسیدن کمک تخصصی,جایگزین همه درمان‌ها,تشخیص قطعی همه بیماری‌ها,جراحی,A,کمک‌های اولیه اقدامات فوری و موقت پیش از خدمات تخصصی است.,ترنم همدلی,original,1405
دوازدهم,تجربی,سلامت و بهداشت,سلامت و بهداشت,بانک پایه,ارزیابی مفهومی,پوشش اولیه,متوسط,بهداشت فردی شامل چیست؟,مراقبت از بدن و پیشگیری از بیماری,فقط ورزش,فقط مطالعه,فقط خواب,A,بهداشت فردی مجموعه‌ای از رفتارهای مراقبتی است.,ترنم همدلی,original,1405
دوازدهم,تجربی,سلامت و بهداشت,سلامت و بهداشت,بانک پایه,ارزیابی مفهومی,پوشش اولیه,متوسط,مصرف ایمن دارو به چه نیاز دارد؟,رعایت دستور پزشک یا داروساز,تغییر خودسرانه دوز,مصرف داروی دیگران,ترکیب تصادفی داروها,A,مصرف دارو باید مطابق دستور حرفه‌ای و اطلاعات دارو باشد.,ترنم همدلی,original,1405
دوازدهم,انسانی,سلامت و بهداشت,سلامت و بهداشت,بانک پایه,ارزیابی مفهومی,پوشش اولیه,متوسط,کم‌آبی بدن ممکن است چه اثری داشته باشد؟,کاهش عملکرد و احساس خستگی,افزایش همیشگی تمرکز,جایگزینی خواب,افزایش بینایی,A,کم‌آبی می‌تواند بر عملکرد جسمی و ذهنی اثر بگذارد.,ترنم همدلی,original,1405
دوازدهم,انسانی,سلامت و بهداشت,سلامت و بهداشت,بانک پایه,ارزیابی مفهومی,پوشش اولیه,متوسط,کمک‌های اولیه برای چیست؟,اقدامات اولیه تا رسیدن کمک تخصصی,جایگزین همه درمان‌ها,تشخیص قطعی همه بیماری‌ها,جراحی,A,کمک‌های اولیه اقدامات فوری و موقت پیش از خدمات تخصصی است.,ترنم همدلی,original,1405
دوازدهم,انسانی,سلامت و بهداشت,سلامت و بهداشت,بانک پایه,ارزیابی مفهومی,پوشش اولیه,متوسط,بهداشت فردی شامل چیست؟,مراقبت از بدن و پیشگیری از بیماری,فقط ورزش,فقط مطالعه,فقط خواب,A,بهداشت فردی مجموعه‌ای از رفتارهای مراقبتی است.,ترنم همدلی,original,1405
دوازدهم,انسانی,سلامت و بهداشت,سلامت و بهداشت,بانک پایه,ارزیابی مفهومی,پوشش اولیه,متوسط,مصرف ایمن دارو به چه نیاز دارد؟,رعایت دستور پزشک یا داروساز,تغییر خودسرانه دوز,مصرف داروی دیگران,ترکیب تصادفی داروها,A,مصرف دارو باید مطابق دستور حرفه‌ای و اطلاعات دارو باشد.,ترنم همدلی,original,1405
دوازدهم,هنر,سلامت و بهداشت,سلامت و بهداشت,بانک پایه,ارزیابی مفهومی,پوشش اولیه,متوسط,خواب کافی چه کمکی می‌کند؟,به عملکرد شناختی و سلامت کمک می‌کند,همیشه تمرکز را کاهش می‌دهد,نیاز به آب را حذف می‌کند,جای غذا را می‌گیرد,A,خواب مناسب برای عملکرد ذهنی و جسمی مهم است.,ترنم همدلی,original,1405
دوازدهم,هنر,سلامت و بهداشت,سلامت و بهداشت,بانک پایه,ارزیابی مفهومی,پوشش اولیه,متوسط,شستن دست‌ها چه فایده‌ای دارد؟,کاهش انتقال برخی عوامل عفونی,افزایش آلودگی,جایگزین واکسن برای همه بیماری‌ها,افزایش تشنگی,A,شست‌وشوی دست یکی از راه‌های مهم کاهش انتقال عفونت است.,ترنم همدلی,original,1405
دوازدهم,هنر,سلامت و بهداشت,سلامت و بهداشت,بانک پایه,ارزیابی مفهومی,پوشش اولیه,متوسط,فعالیت بدنی منظم چه فایده‌ای دارد؟,کمک به سلامت جسم و روان,کاهش همیشگی انرژی,جایگزینی کامل خواب,حذف تغذیه,A,فعالیت بدنی منظم با سلامت عمومی ارتباط دارد.,ترنم همدلی,original,1405
دوازدهم,هنر,سلامت و بهداشت,سلامت و بهداشت,بانک پایه,ارزیابی مفهومی,پوشش اولیه,متوسط,تغذیه متعادل یعنی چه؟,تنوع و تناسب مواد غذایی,حذف همه گروه‌های غذایی,مصرف فقط یک ماده,خوردن بدون توجه به نیاز,A,تعادل و تنوع از اصول تغذیه سالم‌اند.,ترنم همدلی,original,1405
دوازدهم,هنر,سلامت و بهداشت,سلامت و بهداشت,بانک پایه,ارزیابی مفهومی,پوشش اولیه,متوسط,مصرف دخانیات چه اثری می‌تواند داشته باشد؟,افزایش خطر بیماری‌ها,افزایش سلامت ریه,تقویت همیشگی قلب,کاهش همه خطرها,A,دخانیات با خطرهای متعدد سلامت مرتبط است.,ترنم همدلی,original,1405
دوازدهم,هنر,سلامت و بهداشت,سلامت و بهداشت,بانک پایه,ارزیابی مفهومی,پوشش اولیه,متوسط,بهداشت روان شامل چیست؟,توان سازگاری و مدیریت مناسب فشارها,نبود هرگزِ ناراحتی,پنهان کردن احساسات,بی‌توجهی به مشکلات,A,بهداشت روان با سازگاری، روابط و مدیریت فشارها مرتبط است.,ترنم همدلی,original,1405
دوازدهم,هنر,سلامت و بهداشت,سلامت و بهداشت,بانک پایه,ارزیابی مفهومی,پوشش اولیه,متوسط,کم‌آبی بدن ممکن است چه اثری داشته باشد؟,کاهش عملکرد و احساس خستگی,افزایش همیشگی تمرکز,جایگزینی خواب,افزایش بینایی,A,کم‌آبی می‌تواند بر عملکرد جسمی و ذهنی اثر بگذارد.,ترنم همدلی,original,1405
دوازدهم,هنر,سلامت و بهداشت,سلامت و بهداشت,بانک پایه,ارزیابی مفهومی,پوشش اولیه,متوسط,کمک‌های اولیه برای چیست؟,اقدامات اولیه تا رسیدن کمک تخصصی,جایگزین همه درمان‌ها,تشخیص قطعی همه بیماری‌ها,جراحی,A,کمک‌های اولیه اقدامات فوری و موقت پیش از خدمات تخصصی است.,ترنم همدلی,original,1405
دوازدهم,هنر,سلامت و بهداشت,سلامت و بهداشت,بانک پایه,ارزیابی مفهومی,پوشش اولیه,متوسط,بهداشت فردی شامل چیست؟,مراقبت از بدن و پیشگیری از بیماری,فقط ورزش,فقط مطالعه,فقط خواب,A,بهداشت فردی مجموعه‌ای از رفتارهای مراقبتی است.,ترنم همدلی,original,1405
دوازدهم,هنر,سلامت و بهداشت,سلامت و بهداشت,بانک پایه,ارزیابی مفهومی,پوشش اولیه,متوسط,مصرف ایمن دارو به چه نیاز دارد؟,رعایت دستور پزشک یا داروساز,تغییر خودسرانه دوز,مصرف داروی دیگران,ترکیب تصادفی داروها,A,مصرف دارو باید مطابق دستور حرفه‌ای و اطلاعات دارو باشد.,ترنم همدلی,original,1405
دوازدهم,زبان,سلامت و بهداشت,سلامت و بهداشت,بانک پایه,ارزیابی مفهومی,پوشش اولیه,متوسط,خواب کافی چه کمکی می‌کند؟,به عملکرد شناختی و سلامت کمک می‌کند,همیشه تمرکز را کاهش می‌دهد,نیاز به آب را حذف می‌کند,جای غذا را می‌گیرد,A,خواب مناسب برای عملکرد ذهنی و جسمی مهم است.,ترنم همدلی,original,1405
دوازدهم,زبان,سلامت و بهداشت,سلامت و بهداشت,بانک پایه,ارزیابی مفهومی,پوشش اولیه,متوسط,شستن دست‌ها چه فایده‌ای دارد؟,کاهش انتقال برخی عوامل عفونی,افزایش آلودگی,جایگزین واکسن برای همه بیماری‌ها,افزایش تشنگی,A,شست‌وشوی دست یکی از راه‌های مهم کاهش انتقال عفونت است.,ترنم همدلی,original,1405
دوازدهم,زبان,سلامت و بهداشت,سلامت و بهداشت,بانک پایه,ارزیابی مفهومی,پوشش اولیه,متوسط,فعالیت بدنی منظم چه فایده‌ای دارد؟,کمک به سلامت جسم و روان,کاهش همیشگی انرژی,جایگزینی کامل خواب,حذف تغذیه,A,فعالیت بدنی منظم با سلامت عمومی ارتباط دارد.,ترنم همدلی,original,1405
دوازدهم,زبان,سلامت و بهداشت,سلامت و بهداشت,بانک پایه,ارزیابی مفهومی,پوشش اولیه,متوسط,تغذیه متعادل یعنی چه؟,تنوع و تناسب مواد غذایی,حذف همه گروه‌های غذایی,مصرف فقط یک ماده,خوردن بدون توجه به نیاز,A,تعادل و تنوع از اصول تغذیه سالم‌اند.,ترنم همدلی,original,1405
دوازدهم,زبان,سلامت و بهداشت,سلامت و بهداشت,بانک پایه,ارزیابی مفهومی,پوشش اولیه,متوسط,مصرف دخانیات چه اثری می‌تواند داشته باشد؟,افزایش خطر بیماری‌ها,افزایش سلامت ریه,تقویت همیشگی قلب,کاهش همه خطرها,A,دخانیات با خطرهای متعدد سلامت مرتبط است.,ترنم همدلی,original,1405
دوازدهم,زبان,سلامت و بهداشت,سلامت و بهداشت,بانک پایه,ارزیابی مفهومی,پوشش اولیه,متوسط,بهداشت روان شامل چیست؟,توان سازگاری و مدیریت مناسب فشارها,نبود هرگزِ ناراحتی,پنهان کردن احساسات,بی‌توجهی به مشکلات,A,بهداشت روان با سازگاری، روابط و مدیریت فشارها مرتبط است.,ترنم همدلی,original,1405
دوازدهم,زبان,سلامت و بهداشت,سلامت و بهداشت,بانک پایه,ارزیابی مفهومی,پوشش اولیه,متوسط,کم‌آبی بدن ممکن است چه اثری داشته باشد؟,کاهش عملکرد و احساس خستگی,افزایش همیشگی تمرکز,جایگزینی خواب,افزایش بینایی,A,کم‌آبی می‌تواند بر عملکرد جسمی و ذهنی اثر بگذارد.,ترنم همدلی,original,1405
دوازدهم,زبان,سلامت و بهداشت,سلامت و بهداشت,بانک پایه,ارزیابی مفهومی,پوشش اولیه,متوسط,کمک‌های اولیه برای چیست؟,اقدامات اولیه تا رسیدن کمک تخصصی,جایگزین همه درمان‌ها,تشخیص قطعی همه بیماری‌ها,جراحی,A,کمک‌های اولیه اقدامات فوری و موقت پیش از خدمات تخصصی است.,ترنم همدلی,original,1405
دوازدهم,زبان,سلامت و بهداشت,سلامت و بهداشت,بانک پایه,ارزیابی مفهومی,پوشش اولیه,متوسط,بهداشت فردی شامل چیست؟,مراقبت از بدن و پیشگیری از بیماری,فقط ورزش,فقط مطالعه,فقط خواب,A,بهداشت فردی مجموعه‌ای از رفتارهای مراقبتی است.,ترنم همدلی,original,1405
دوازدهم,زبان,سلامت و بهداشت,سلامت و بهداشت,بانک پایه,ارزیابی مفهومی,پوشش اولیه,متوسط,مصرف ایمن دارو به چه نیاز دارد؟,رعایت دستور پزشک یا داروساز,تغییر خودسرانه دوز,مصرف داروی دیگران,ترکیب تصادفی داروها,A,مصرف دارو باید مطابق دستور حرفه‌ای و اطلاعات دارو باشد.,ترنم همدلی,original,1405
دوازدهم,ریاضی,مدیریت خانواده و سبک زندگی,مدیریت خانواده و سبک زندگی,بانک پایه,ارزیابی مفهومی,پوشش اولیه,متوسط,نقشه برای چه کاری به کار می‌رود؟,نمایش مکان‌ها و روابط مکانی,اندازه‌گیری دما,تعیین وزن,تشخیص مزه,A,نقشه نمایش اطلاعات مکانی است.,ترنم همدلی,original,1405
دوازدهم,ریاضی,مدیریت خانواده و سبک زندگی,مدیریت خانواده و سبک زندگی,بانک پایه,ارزیابی مفهومی,پوشش اولیه,متوسط,منابع طبیعی کدام‌اند؟,منابع موجود در طبیعت,فقط ساختمان‌ها,فقط پول,فقط قوانین,A,آب، خاک و منابع معدنی نمونه منابع طبیعی‌اند.,ترنم همدلی,original,1405
دوازدهم,ریاضی,مدیریت خانواده و سبک زندگی,مدیریت خانواده و سبک زندگی,بانک پایه,ارزیابی مفهومی,پوشش اولیه,متوسط,شهروند مسئول چه می‌کند؟,حقوق خود و دیگران را رعایت می‌کند,قوانین را نادیده می‌گیرد,منابع را هدر می‌دهد,به اموال عمومی آسیب می‌زند,A,مسئولیت‌پذیری بخشی از شهروندی است.,ترنم همدلی,original,1405
دوازدهم,ریاضی,مدیریت خانواده و سبک زندگی,مدیریت خانواده و سبک زندگی,بانک پایه,ارزیابی مفهومی,پوشش اولیه,متوسط,تاریخ بیشتر به چه می‌پردازد؟,رویدادهای گذشته انسان‌ها,فقط آینده,فقط آب‌وهوا,فقط گیاهان,A,تاریخ رویدادهای گذشته انسانی را بررسی می‌کند.,ترنم همدلی,original,1405
دوازدهم,ریاضی,مدیریت خانواده و سبک زندگی,مدیریت خانواده و سبک زندگی,بانک پایه,ارزیابی مفهومی,پوشش اولیه,متوسط,مقیاس نقشه چه چیزی را نشان می‌دهد؟,رابطه فاصله نقشه و واقعیت,ارتفاع همه کوه‌ها,دمای هوا,تعداد جمعیت,A,مقیاس نسبت فاصله روی نقشه به فاصله واقعی است.,ترنم همدلی,original,1405
دوازدهم,ریاضی,مدیریت خانواده و سبک زندگی,مدیریت خانواده و سبک زندگی,بانک پایه,ارزیابی مفهومی,پوشش اولیه,متوسط,جمعیت به چه معناست؟,تعداد افراد یک محدوده,تعداد ساختمان‌ها,تعداد رودها,تعداد کشورها,A,جمعیت تعداد افراد ساکن یک محدوده است.,ترنم همدلی,original,1405
دوازدهم,ریاضی,مدیریت خانواده و سبک زندگی,مدیریت خانواده و سبک زندگی,بانک پایه,ارزیابی مفهومی,پوشش اولیه,متوسط,مهاجرت چیست؟,جابه‌جایی برای سکونت,تغییر فصل,حرکت زمین,تغییر ساعت,A,مهاجرت جابه‌جایی افراد از مکانی به مکان دیگر برای سکونت است.,ترنم همدلی,original,1405
دوازدهم,ریاضی,مدیریت خانواده و سبک زندگی,مدیریت خانواده و سبک زندگی,بانک پایه,ارزیابی مفهومی,پوشش اولیه,متوسط,اقتصاد خانواده بیشتر با چه چیزی سروکار دارد؟,مدیریت منابع محدود و نیازها,فقط ورزش,فقط هنر,فقط جغرافیا,A,اقتصاد با انتخاب و مدیریت منابع محدود مرتبط است.,ترنم همدلی,original,1405
دوازدهم,ریاضی,مدیریت خانواده و سبک زندگی,مدیریت خانواده و سبک زندگی,بانک پایه,ارزیابی مفهومی,پوشش اولیه,متوسط,همکاری اجتماعی چه فایده‌ای دارد؟,حل بهتر مسائل مشترک,افزایش اختلاف,کاهش ارتباط,اتلاف منابع,A,همکاری می‌تواند حل مسائل مشترک را آسان‌تر کند.,ترنم همدلی,original,1405
دوازدهم,ریاضی,مدیریت خانواده و سبک زندگی,مدیریت خانواده و سبک زندگی,بانک پایه,ارزیابی مفهومی,پوشش اولیه,متوسط,قانون چه نقشی در جامعه دارد؟,تنظیم روابط و رفتارها,حذف همه مسئولیت‌ها,افزایش بی‌نظمی,تغییر آب‌وهوا,A,قوانین چارچوبی برای روابط اجتماعی ایجاد می‌کنند.,ترنم همدلی,original,1405
دوازدهم,تجربی,مدیریت خانواده و سبک زندگی,مدیریت خانواده و سبک زندگی,بانک پایه,ارزیابی مفهومی,پوشش اولیه,متوسط,نقشه برای چه کاری به کار می‌رود؟,نمایش مکان‌ها و روابط مکانی,اندازه‌گیری دما,تعیین وزن,تشخیص مزه,A,نقشه نمایش اطلاعات مکانی است.,ترنم همدلی,original,1405
دوازدهم,تجربی,مدیریت خانواده و سبک زندگی,مدیریت خانواده و سبک زندگی,بانک پایه,ارزیابی مفهومی,پوشش اولیه,متوسط,منابع طبیعی کدام‌اند؟,منابع موجود در طبیعت,فقط ساختمان‌ها,فقط پول,فقط قوانین,A,آب، خاک و منابع معدنی نمونه منابع طبیعی‌اند.,ترنم همدلی,original,1405
دوازدهم,تجربی,مدیریت خانواده و سبک زندگی,مدیریت خانواده و سبک زندگی,بانک پایه,ارزیابی مفهومی,پوشش اولیه,متوسط,شهروند مسئول چه می‌کند؟,حقوق خود و دیگران را رعایت می‌کند,قوانین را نادیده می‌گیرد,منابع را هدر می‌دهد,به اموال عمومی آسیب می‌زند,A,مسئولیت‌پذیری بخشی از شهروندی است.,ترنم همدلی,original,1405
دوازدهم,تجربی,مدیریت خانواده و سبک زندگی,مدیریت خانواده و سبک زندگی,بانک پایه,ارزیابی مفهومی,پوشش اولیه,متوسط,تاریخ بیشتر به چه می‌پردازد؟,رویدادهای گذشته انسان‌ها,فقط آینده,فقط آب‌وهوا,فقط گیاهان,A,تاریخ رویدادهای گذشته انسانی را بررسی می‌کند.,ترنم همدلی,original,1405
دوازدهم,تجربی,مدیریت خانواده و سبک زندگی,مدیریت خانواده و سبک زندگی,بانک پایه,ارزیابی مفهومی,پوشش اولیه,متوسط,مقیاس نقشه چه چیزی را نشان می‌دهد؟,رابطه فاصله نقشه و واقعیت,ارتفاع همه کوه‌ها,دمای هوا,تعداد جمعیت,A,مقیاس نسبت فاصله روی نقشه به فاصله واقعی است.,ترنم همدلی,original,1405
دوازدهم,تجربی,مدیریت خانواده و سبک زندگی,مدیریت خانواده و سبک زندگی,بانک پایه,ارزیابی مفهومی,پوشش اولیه,متوسط,جمعیت به چه معناست؟,تعداد افراد یک محدوده,تعداد ساختمان‌ها,تعداد رودها,تعداد کشورها,A,جمعیت تعداد افراد ساکن یک محدوده است.,ترنم همدلی,original,1405
دوازدهم,تجربی,مدیریت خانواده و سبک زندگی,مدیریت خانواده و سبک زندگی,بانک پایه,ارزیابی مفهومی,پوشش اولیه,متوسط,مهاجرت چیست؟,جابه‌جایی برای سکونت,تغییر فصل,حرکت زمین,تغییر ساعت,A,مهاجرت جابه‌جایی افراد از مکانی به مکان دیگر برای سکونت است.,ترنم همدلی,original,1405
دوازدهم,تجربی,مدیریت خانواده و سبک زندگی,مدیریت خانواده و سبک زندگی,بانک پایه,ارزیابی مفهومی,پوشش اولیه,متوسط,اقتصاد خانواده بیشتر با چه چیزی سروکار دارد؟,مدیریت منابع محدود و نیازها,فقط ورزش,فقط هنر,فقط جغرافیا,A,اقتصاد با انتخاب و مدیریت منابع محدود مرتبط است.,ترنم همدلی,original,1405
دوازدهم,تجربی,مدیریت خانواده و سبک زندگی,مدیریت خانواده و سبک زندگی,بانک پایه,ارزیابی مفهومی,پوشش اولیه,متوسط,همکاری اجتماعی چه فایده‌ای دارد؟,حل بهتر مسائل مشترک,افزایش اختلاف,کاهش ارتباط,اتلاف منابع,A,همکاری می‌تواند حل مسائل مشترک را آسان‌تر کند.,ترنم همدلی,original,1405
دوازدهم,تجربی,مدیریت خانواده و سبک زندگی,مدیریت خانواده و سبک زندگی,بانک پایه,ارزیابی مفهومی,پوشش اولیه,متوسط,قانون چه نقشی در جامعه دارد؟,تنظیم روابط و رفتارها,حذف همه مسئولیت‌ها,افزایش بی‌نظمی,تغییر آب‌وهوا,A,قوانین چارچوبی برای روابط اجتماعی ایجاد می‌کنند.,ترنم همدلی,original,1405
دوازدهم,انسانی,مدیریت خانواده و سبک زندگی,مدیریت خانواده و سبک زندگی,بانک پایه,ارزیابی مفهومی,پوشش اولیه,متوسط,نقشه برای چه کاری به کار می‌رود؟,نمایش مکان‌ها و روابط مکانی,اندازه‌گیری دما,تعیین وزن,تشخیص مزه,A,نقشه نمایش اطلاعات مکانی است.,ترنم همدلی,original,1405
دوازدهم,انسانی,مدیریت خانواده و سبک زندگی,مدیریت خانواده و سبک زندگی,بانک پایه,ارزیابی مفهومی,پوشش اولیه,متوسط,منابع طبیعی کدام‌اند؟,منابع موجود در طبیعت,فقط ساختمان‌ها,فقط پول,فقط قوانین,A,آب، خاک و منابع معدنی نمونه منابع طبیعی‌اند.,ترنم همدلی,original,1405
دوازدهم,انسانی,مدیریت خانواده و سبک زندگی,مدیریت خانواده و سبک زندگی,بانک پایه,ارزیابی مفهومی,پوشش اولیه,متوسط,شهروند مسئول چه می‌کند؟,حقوق خود و دیگران را رعایت می‌کند,قوانین را نادیده می‌گیرد,منابع را هدر می‌دهد,به اموال عمومی آسیب می‌زند,A,مسئولیت‌پذیری بخشی از شهروندی است.,ترنم همدلی,original,1405
دوازدهم,انسانی,مدیریت خانواده و سبک زندگی,مدیریت خانواده و سبک زندگی,بانک پایه,ارزیابی مفهومی,پوشش اولیه,متوسط,تاریخ بیشتر به چه می‌پردازد؟,رویدادهای گذشته انسان‌ها,فقط آینده,فقط آب‌وهوا,فقط گیاهان,A,تاریخ رویدادهای گذشته انسانی را بررسی می‌کند.,ترنم همدلی,original,1405
دوازدهم,انسانی,مدیریت خانواده و سبک زندگی,مدیریت خانواده و سبک زندگی,بانک پایه,ارزیابی مفهومی,پوشش اولیه,متوسط,مقیاس نقشه چه چیزی را نشان می‌دهد؟,رابطه فاصله نقشه و واقعیت,ارتفاع همه کوه‌ها,دمای هوا,تعداد جمعیت,A,مقیاس نسبت فاصله روی نقشه به فاصله واقعی است.,ترنم همدلی,original,1405
دوازدهم,انسانی,مدیریت خانواده و سبک زندگی,مدیریت خانواده و سبک زندگی,بانک پایه,ارزیابی مفهومی,پوشش اولیه,متوسط,جمعیت به چه معناست؟,تعداد افراد یک محدوده,تعداد ساختمان‌ها,تعداد رودها,تعداد کشورها,A,جمعیت تعداد افراد ساکن یک محدوده است.,ترنم همدلی,original,1405
دوازدهم,انسانی,مدیریت خانواده و سبک زندگی,مدیریت خانواده و سبک زندگی,بانک پایه,ارزیابی مفهومی,پوشش اولیه,متوسط,مهاجرت چیست؟,جابه‌جایی برای سکونت,تغییر فصل,حرکت زمین,تغییر ساعت,A,مهاجرت جابه‌جایی افراد از مکانی به مکان دیگر برای سکونت است.,ترنم همدلی,original,1405
دوازدهم,انسانی,مدیریت خانواده و سبک زندگی,مدیریت خانواده و سبک زندگی,بانک پایه,ارزیابی مفهومی,پوشش اولیه,متوسط,اقتصاد خانواده بیشتر با چه چیزی سروکار دارد؟,مدیریت منابع محدود و نیازها,فقط ورزش,فقط هنر,فقط جغرافیا,A,اقتصاد با انتخاب و مدیریت منابع محدود مرتبط است.,ترنم همدلی,original,1405
دوازدهم,انسانی,مدیریت خانواده و سبک زندگی,مدیریت خانواده و سبک زندگی,بانک پایه,ارزیابی مفهومی,پوشش اولیه,متوسط,همکاری اجتماعی چه فایده‌ای دارد؟,حل بهتر مسائل مشترک,افزایش اختلاف,کاهش ارتباط,اتلاف منابع,A,همکاری می‌تواند حل مسائل مشترک را آسان‌تر کند.,ترنم همدلی,original,1405
دوازدهم,انسانی,مدیریت خانواده و سبک زندگی,مدیریت خانواده و سبک زندگی,بانک پایه,ارزیابی مفهومی,پوشش اولیه,متوسط,قانون چه نقشی در جامعه دارد؟,تنظیم روابط و رفتارها,حذف همه مسئولیت‌ها,افزایش بی‌نظمی,تغییر آب‌وهوا,A,قوانین چارچوبی برای روابط اجتماعی ایجاد می‌کنند.,ترنم همدلی,original,1405
دوازدهم,هنر,مدیریت خانواده و سبک زندگی,مدیریت خانواده و سبک زندگی,بانک پایه,ارزیابی مفهومی,پوشش اولیه,متوسط,نقشه برای چه کاری به کار می‌رود؟,نمایش مکان‌ها و روابط مکانی,اندازه‌گیری دما,تعیین وزن,تشخیص مزه,A,نقشه نمایش اطلاعات مکانی است.,ترنم همدلی,original,1405
دوازدهم,هنر,مدیریت خانواده و سبک زندگی,مدیریت خانواده و سبک زندگی,بانک پایه,ارزیابی مفهومی,پوشش اولیه,متوسط,منابع طبیعی کدام‌اند؟,منابع موجود در طبیعت,فقط ساختمان‌ها,فقط پول,فقط قوانین,A,آب، خاک و منابع معدنی نمونه منابع طبیعی‌اند.,ترنم همدلی,original,1405
دوازدهم,هنر,مدیریت خانواده و سبک زندگی,مدیریت خانواده و سبک زندگی,بانک پایه,ارزیابی مفهومی,پوشش اولیه,متوسط,شهروند مسئول چه می‌کند؟,حقوق خود و دیگران را رعایت می‌کند,قوانین را نادیده می‌گیرد,منابع را هدر می‌دهد,به اموال عمومی آسیب می‌زند,A,مسئولیت‌پذیری بخشی از شهروندی است.,ترنم همدلی,original,1405
دوازدهم,هنر,مدیریت خانواده و سبک زندگی,مدیریت خانواده و سبک زندگی,بانک پایه,ارزیابی مفهومی,پوشش اولیه,متوسط,تاریخ بیشتر به چه می‌پردازد؟,رویدادهای گذشته انسان‌ها,فقط آینده,فقط آب‌وهوا,فقط گیاهان,A,تاریخ رویدادهای گذشته انسانی را بررسی می‌کند.,ترنم همدلی,original,1405
دوازدهم,هنر,مدیریت خانواده و سبک زندگی,مدیریت خانواده و سبک زندگی,بانک پایه,ارزیابی مفهومی,پوشش اولیه,متوسط,مقیاس نقشه چه چیزی را نشان می‌دهد؟,رابطه فاصله نقشه و واقعیت,ارتفاع همه کوه‌ها,دمای هوا,تعداد جمعیت,A,مقیاس نسبت فاصله روی نقشه به فاصله واقعی است.,ترنم همدلی,original,1405
دوازدهم,هنر,مدیریت خانواده و سبک زندگی,مدیریت خانواده و سبک زندگی,بانک پایه,ارزیابی مفهومی,پوشش اولیه,متوسط,جمعیت به چه معناست؟,تعداد افراد یک محدوده,تعداد ساختمان‌ها,تعداد رودها,تعداد کشورها,A,جمعیت تعداد افراد ساکن یک محدوده است.,ترنم همدلی,original,1405
دوازدهم,هنر,مدیریت خانواده و سبک زندگی,مدیریت خانواده و سبک زندگی,بانک پایه,ارزیابی مفهومی,پوشش اولیه,متوسط,مهاجرت چیست؟,جابه‌جایی برای سکونت,تغییر فصل,حرکت زمین,تغییر ساعت,A,مهاجرت جابه‌جایی افراد از مکانی به مکان دیگر برای سکونت است.,ترنم همدلی,original,1405
دوازدهم,هنر,مدیریت خانواده و سبک زندگی,مدیریت خانواده و سبک زندگی,بانک پایه,ارزیابی مفهومی,پوشش اولیه,متوسط,اقتصاد خانواده بیشتر با چه چیزی سروکار دارد؟,مدیریت منابع محدود و نیازها,فقط ورزش,فقط هنر,فقط جغرافیا,A,اقتصاد با انتخاب و مدیریت منابع محدود مرتبط است.,ترنم همدلی,original,1405
دوازدهم,هنر,مدیریت خانواده و سبک زندگی,مدیریت خانواده و سبک زندگی,بانک پایه,ارزیابی مفهومی,پوشش اولیه,متوسط,همکاری اجتماعی چه فایده‌ای دارد؟,حل بهتر مسائل مشترک,افزایش اختلاف,کاهش ارتباط,اتلاف منابع,A,همکاری می‌تواند حل مسائل مشترک را آسان‌تر کند.,ترنم همدلی,original,1405
دوازدهم,هنر,مدیریت خانواده و سبک زندگی,مدیریت خانواده و سبک زندگی,بانک پایه,ارزیابی مفهومی,پوشش اولیه,متوسط,قانون چه نقشی در جامعه دارد؟,تنظیم روابط و رفتارها,حذف همه مسئولیت‌ها,افزایش بی‌نظمی,تغییر آب‌وهوا,A,قوانین چارچوبی برای روابط اجتماعی ایجاد می‌کنند.,ترنم همدلی,original,1405
دوازدهم,زبان,مدیریت خانواده و سبک زندگی,مدیریت خانواده و سبک زندگی,بانک پایه,ارزیابی مفهومی,پوشش اولیه,متوسط,نقشه برای چه کاری به کار می‌رود؟,نمایش مکان‌ها و روابط مکانی,اندازه‌گیری دما,تعیین وزن,تشخیص مزه,A,نقشه نمایش اطلاعات مکانی است.,ترنم همدلی,original,1405
دوازدهم,زبان,مدیریت خانواده و سبک زندگی,مدیریت خانواده و سبک زندگی,بانک پایه,ارزیابی مفهومی,پوشش اولیه,متوسط,منابع طبیعی کدام‌اند؟,منابع موجود در طبیعت,فقط ساختمان‌ها,فقط پول,فقط قوانین,A,آب، خاک و منابع معدنی نمونه منابع طبیعی‌اند.,ترنم همدلی,original,1405
دوازدهم,زبان,مدیریت خانواده و سبک زندگی,مدیریت خانواده و سبک زندگی,بانک پایه,ارزیابی مفهومی,پوشش اولیه,متوسط,شهروند مسئول چه می‌کند؟,حقوق خود و دیگران را رعایت می‌کند,قوانین را نادیده می‌گیرد,منابع را هدر می‌دهد,به اموال عمومی آسیب می‌زند,A,مسئولیت‌پذیری بخشی از شهروندی است.,ترنم همدلی,original,1405
دوازدهم,زبان,مدیریت خانواده و سبک زندگی,مدیریت خانواده و سبک زندگی,بانک پایه,ارزیابی مفهومی,پوشش اولیه,متوسط,تاریخ بیشتر به چه می‌پردازد؟,رویدادهای گذشته انسان‌ها,فقط آینده,فقط آب‌وهوا,فقط گیاهان,A,تاریخ رویدادهای گذشته انسانی را بررسی می‌کند.,ترنم همدلی,original,1405
دوازدهم,زبان,مدیریت خانواده و سبک زندگی,مدیریت خانواده و سبک زندگی,بانک پایه,ارزیابی مفهومی,پوشش اولیه,متوسط,مقیاس نقشه چه چیزی را نشان می‌دهد؟,رابطه فاصله نقشه و واقعیت,ارتفاع همه کوه‌ها,دمای هوا,تعداد جمعیت,A,مقیاس نسبت فاصله روی نقشه به فاصله واقعی است.,ترنم همدلی,original,1405
دوازدهم,زبان,مدیریت خانواده و سبک زندگی,مدیریت خانواده و سبک زندگی,بانک پایه,ارزیابی مفهومی,پوشش اولیه,متوسط,جمعیت به چه معناست؟,تعداد افراد یک محدوده,تعداد ساختمان‌ها,تعداد رودها,تعداد کشورها,A,جمعیت تعداد افراد ساکن یک محدوده است.,ترنم همدلی,original,1405
دوازدهم,زبان,مدیریت خانواده و سبک زندگی,مدیریت خانواده و سبک زندگی,بانک پایه,ارزیابی مفهومی,پوشش اولیه,متوسط,مهاجرت چیست؟,جابه‌جایی برای سکونت,تغییر فصل,حرکت زمین,تغییر ساعت,A,مهاجرت جابه‌جایی افراد از مکانی به مکان دیگر برای سکونت است.,ترنم همدلی,original,1405
دوازدهم,زبان,مدیریت خانواده و سبک زندگی,مدیریت خانواده و سبک زندگی,بانک پایه,ارزیابی مفهومی,پوشش اولیه,متوسط,اقتصاد خانواده بیشتر با چه چیزی سروکار دارد؟,مدیریت منابع محدود و نیازها,فقط ورزش,فقط هنر,فقط جغرافیا,A,اقتصاد با انتخاب و مدیریت منابع محدود مرتبط است.,ترنم همدلی,original,1405
دوازدهم,زبان,مدیریت خانواده و سبک زندگی,مدیریت خانواده و سبک زندگی,بانک پایه,ارزیابی مفهومی,پوشش اولیه,متوسط,همکاری اجتماعی چه فایده‌ای دارد؟,حل بهتر مسائل مشترک,افزایش اختلاف,کاهش ارتباط,اتلاف منابع,A,همکاری می‌تواند حل مسائل مشترک را آسان‌تر کند.,ترنم همدلی,original,1405
دوازدهم,زبان,مدیریت خانواده و سبک زندگی,مدیریت خانواده و سبک زندگی,بانک پایه,ارزیابی مفهومی,پوشش اولیه,متوسط,قانون چه نقشی در جامعه دارد؟,تنظیم روابط و رفتارها,حذف همه مسئولیت‌ها,افزایش بی‌نظمی,تغییر آب‌وهوا,A,قوانین چارچوبی برای روابط اجتماعی ایجاد می‌کنند.,ترنم همدلی,original,1405
دهم,ریاضی,ریاضی,ریاضی,بانک پایه,ارزیابی مفهومی,پوشش اولیه,متوسط,کدام عبارت با توزیع‌پذیری درست است؟,2(3+4)=2×3+2×4,2(3+4)=2+3+4,2(3+4)=2×3+4,2(3+4)=6+4×2,A,ضرب در مجموع برابر مجموع ضرب‌هاست.,ترنم همدلی,original,1405
دهم,ریاضی,ریاضی,ریاضی,بانک پایه,ارزیابی مفهومی,پوشش اولیه,متوسط,اگر محیط مربع 20 باشد، طول هر ضلع چند است؟,4,5,10,20,B,محیط مربع چهار برابر ضلع است.,ترنم همدلی,original,1405
دهم,ریاضی,ریاضی,ریاضی,بانک پایه,ارزیابی مفهومی,پوشش اولیه,متوسط,کدام کسر با 1/2 برابر است؟,2/3,3/4,4/8,5/8,C,4/8 پس از ساده‌سازی 1/2 می‌شود.,ترنم همدلی,original,1405
دهم,ریاضی,ریاضی,ریاضی,بانک پایه,ارزیابی مفهومی,پوشش اولیه,متوسط,عدد 0 چه نوع عددی است؟,فقط طبیعی,فقط منفی,همزمان مثبت و منفی,نه مثبت است و نه منفی,D,صفر نه مثبت است و نه منفی.,ترنم همدلی,original,1405
دهم,ریاضی,هندسه,هندسه,بانک پایه,ارزیابی مفهومی,پوشش اولیه,متوسط,مجموع زاویه‌های داخلی مثلث چند درجه است؟,90,180,270,360,B,مجموع زاویه‌های داخلی هر مثلث 180 درجه است.,ترنم همدلی,original,1405
دهم,ریاضی,هندسه,هندسه,بانک پایه,ارزیابی مفهومی,پوشش اولیه,متوسط,مثلثی با سه ضلع برابر چه نام دارد؟,قائم‌الزاویه,متساوی‌الساقین,متساوی‌الاضلاع,منفرجه,C,در مثلث متساوی‌الاضلاع هر سه ضلع برابرند.,ترنم همدلی,original,1405
دهم,ریاضی,هندسه,هندسه,بانک پایه,ارزیابی مفهومی,پوشش اولیه,متوسط,قطر دایره چه ارتباطی با شعاع دارد؟,نصف شعاع,برابر شعاع,دو برابر شعاع,سه برابر شعاع,C,قطر دو برابر شعاع است.,ترنم همدلی,original,1405
دهم,ریاضی,هندسه,هندسه,بانک پایه,ارزیابی مفهومی,پوشش اولیه,متوسط,زاویه قائمه چند درجه است؟,45,90,120,180,B,زاویه قائمه 90 درجه است.,ترنم همدلی,original,1405
دهم,ریاضی,هندسه,هندسه,بانک پایه,ارزیابی مفهومی,پوشش اولیه,متوسط,اگر دو خط موازی باشند، فاصله عمودی آن‌ها چگونه است؟,ثابت,همیشه صفر,متغیر,نامحدود,A,فاصله عمودی بین دو خط موازی ثابت است.,ترنم همدلی,original,1405
دهم,ریاضی,هندسه,هندسه,بانک پایه,ارزیابی مفهومی,پوشش اولیه,متوسط,وتر مثلث قائم‌الزاویه کدام ضلع است؟,ضلع مقابل زاویه قائمه,کوچک‌ترین ضلع,ضلع مجاور زاویه قائمه,هیچ‌کدام,A,وتر مقابل زاویه 90 درجه قرار دارد.,ترنم همدلی,original,1405
دهم,ریاضی,هندسه,هندسه,بانک پایه,ارزیابی مفهومی,پوشش اولیه,متوسط,مساحت مثلث با قاعده b و ارتفاع h چیست؟,bh,2bh,bh/2,b+h,C,مساحت مثلث نصف حاصل‌ضرب قاعده و ارتفاع است.,ترنم همدلی,original,1405
دهم,ریاضی,هندسه,هندسه,بانک پایه,ارزیابی مفهومی,پوشش اولیه,متوسط,دو زاویه متمم مجموعاً چند درجه‌اند؟,90,180,270,360,A,زاویه‌های متمم مجموع 90 درجه دارند.,ترنم همدلی,original,1405
دهم,ریاضی,هندسه,هندسه,بانک پایه,ارزیابی مفهومی,پوشش اولیه,متوسط,خطی که دو نقطه را به هم وصل می‌کند چه نام دارد؟,پاره‌خط,دایره,زاویه,نیم‌خط,A,پاره‌خط دو سر مشخص دارد.,ترنم همدلی,original,1405
دهم,ریاضی,هندسه,هندسه,بانک پایه,ارزیابی مفهومی,پوشش اولیه,متوسط,مرکز دایره از تمام نقاط محیط چه فاصله‌ای دارد؟,فواصل متفاوت,فاصله برابر,فاصله صفر,وابسته به محیط,B,همه شعاع‌ها برابرند.,ترنم همدلی,original,1405
دهم,ریاضی,فیزیک,فیزیک,بانک پایه,ارزیابی مفهومی,پوشش اولیه,متوسط,واحد مقاومت الکتریکی چیست؟,اهم,ولت,آمپر,وات,A,واحد مقاومت اهم است.,ترنم همدلی,original,1405
دهم,ریاضی,فیزیک,فیزیک,بانک پایه,ارزیابی مفهومی,پوشش اولیه,متوسط,اگر جسمی ساکن باشد، سرعت آن چیست؟,صفر,1,منفی,نامحدود,A,جسم ساکن سرعت صفر دارد.,ترنم همدلی,original,1405
دهم,ریاضی,فیزیک,فیزیک,بانک پایه,ارزیابی مفهومی,پوشش اولیه,متوسط,انرژی جنبشی به چه چیزی وابسته است؟,جرم و سرعت,فقط جرم,فقط رنگ,فقط حجم,A,انرژی جنبشی به جرم و مجذور سرعت وابسته است.,ترنم همدلی,original,1405
دهم,ریاضی,فیزیک,فیزیک,بانک پایه,ارزیابی مفهومی,پوشش اولیه,متوسط,فشار برابر چه نسبتی است؟,نیرو/سطح,سطح/نیرو,جرم/زمان,مسافت/زمان,A,فشار نیرو بر واحد سطح است.,ترنم همدلی,original,1405
دهم,ریاضی,شیمی,شیمی,بانک پایه,ارزیابی مفهومی,پوشش اولیه,متوسط,نماد شیمیایی اکسیژن چیست؟,O,C,H,N,A,نماد اکسیژن O است.,ترنم همدلی,original,1405
دهم,ریاضی,شیمی,شیمی,بانک پایه,ارزیابی مفهومی,پوشش اولیه,متوسط,محلول از چه اجزایی تشکیل می‌شود؟,حل‌شونده و حلال,فقط حلال,فقط جامد,فقط گاز,A,محلول شامل حلال و حل‌شونده است.,ترنم همدلی,original,1405
دهم,ریاضی,شیمی,شیمی,بانک پایه,ارزیابی مفهومی,پوشش اولیه,متوسط,کدام ذره بار منفی دارد؟,پروتون,نوترون,الکترون,هسته,C,الکترون بار منفی دارد.,ترنم همدلی,original,1405
دهم,ریاضی,شیمی,شیمی,بانک پایه,ارزیابی مفهومی,پوشش اولیه,متوسط,واحد مقدار ماده در SI چیست؟,مول,گرم,لیتر,متر,A,واحد SI مقدار ماده مول است.,ترنم همدلی,original,1405
دهم,تجربی,ریاضی,ریاضی,بانک پایه,ارزیابی مفهومی,پوشش اولیه,متوسط,کدام عبارت با توزیع‌پذیری درست است؟,2(3+4)=2×3+2×4,2(3+4)=2+3+4,2(3+4)=2×3+4,2(3+4)=6+4×2,A,ضرب در مجموع برابر مجموع ضرب‌هاست.,ترنم همدلی,original,1405
دهم,تجربی,ریاضی,ریاضی,بانک پایه,ارزیابی مفهومی,پوشش اولیه,متوسط,اگر محیط مربع 20 باشد، طول هر ضلع چند است؟,4,5,10,20,B,محیط مربع چهار برابر ضلع است.,ترنم همدلی,original,1405
دهم,تجربی,ریاضی,ریاضی,بانک پایه,ارزیابی مفهومی,پوشش اولیه,متوسط,کدام کسر با 1/2 برابر است؟,2/3,3/4,4/8,5/8,C,4/8 پس از ساده‌سازی 1/2 می‌شود.,ترنم همدلی,original,1405
دهم,تجربی,ریاضی,ریاضی,بانک پایه,ارزیابی مفهومی,پوشش اولیه,متوسط,عدد 0 چه نوع عددی است؟,فقط طبیعی,فقط منفی,همزمان مثبت و منفی,نه مثبت است و نه منفی,D,صفر نه مثبت است و نه منفی.,ترنم همدلی,original,1405
دهم,تجربی,زیست‌شناسی,زیست‌شناسی,بانک پایه,ارزیابی مفهومی,پوشش اولیه,متوسط,آنزیم‌ها معمولاً چه نقشی دارند؟,تسریع واکنش‌های زیستی,ذخیره نور,تولید صدا,ساخت استخوان به‌تنهایی,A,آنزیم‌ها سرعت بسیاری از واکنش‌های زیستی را افزایش می‌دهند.,ترنم همدلی,original,1405
دهم,تجربی,زیست‌شناسی,زیست‌شناسی,بانک پایه,ارزیابی مفهومی,پوشش اولیه,متوسط,کدام اندام بیشتر مسئول تصفیه خون و تشکیل ادرار است؟,کلیه,قلب,ریه,معده,A,کلیه‌ها خون را تصفیه می‌کنند.,ترنم همدلی,original,1405
دهم,تجربی,زیست‌شناسی,زیست‌شناسی,بانک پایه,ارزیابی مفهومی,پوشش اولیه,متوسط,بافت از چه چیزی ساخته می‌شود؟,مجموعه‌ای از سلول‌های مشابه با کار مشترک,فقط یک سلول,فقط اندام‌ها,فقط مواد معدنی,A,بافت مجموعه‌ای از سلول‌های مشابه با وظیفه مشترک است.,ترنم همدلی,original,1405
دهم,تجربی,زیست‌شناسی,زیست‌شناسی,بانک پایه,ارزیابی مفهومی,پوشش اولیه,متوسط,هم‌ایستایی یعنی چه؟,حفظ شرایط نسبتاً پایدار در بدن,رشد بدون توقف,حرکت سریع,تولید مثل,A,هم‌ایستایی حفظ تعادل درونی بدن است.,ترنم همدلی,original,1405
دهم,تجربی,فیزیک,فیزیک,بانک پایه,ارزیابی مفهومی,پوشش اولیه,متوسط,واحد مقاومت الکتریکی چیست؟,اهم,ولت,آمپر,وات,A,واحد مقاومت اهم است.,ترنم همدلی,original,1405
دهم,تجربی,فیزیک,فیزیک,بانک پایه,ارزیابی مفهومی,پوشش اولیه,متوسط,اگر جسمی ساکن باشد، سرعت آن چیست؟,صفر,1,منفی,نامحدود,A,جسم ساکن سرعت صفر دارد.,ترنم همدلی,original,1405
دهم,تجربی,فیزیک,فیزیک,بانک پایه,ارزیابی مفهومی,پوشش اولیه,متوسط,انرژی جنبشی به چه چیزی وابسته است؟,جرم و سرعت,فقط جرم,فقط رنگ,فقط حجم,A,انرژی جنبشی به جرم و مجذور سرعت وابسته است.,ترنم همدلی,original,1405
دهم,تجربی,فیزیک,فیزیک,بانک پایه,ارزیابی مفهومی,پوشش اولیه,متوسط,فشار برابر چه نسبتی است؟,نیرو/سطح,سطح/نیرو,جرم/زمان,مسافت/زمان,A,فشار نیرو بر واحد سطح است.,ترنم همدلی,original,1405
دهم,تجربی,شیمی,شیمی,بانک پایه,ارزیابی مفهومی,پوشش اولیه,متوسط,نماد شیمیایی اکسیژن چیست؟,O,C,H,N,A,نماد اکسیژن O است.,ترنم همدلی,original,1405
دهم,تجربی,شیمی,شیمی,بانک پایه,ارزیابی مفهومی,پوشش اولیه,متوسط,محلول از چه اجزایی تشکیل می‌شود؟,حل‌شونده و حلال,فقط حلال,فقط جامد,فقط گاز,A,محلول شامل حلال و حل‌شونده است.,ترنم همدلی,original,1405
دهم,تجربی,شیمی,شیمی,بانک پایه,ارزیابی مفهومی,پوشش اولیه,متوسط,کدام ذره بار منفی دارد؟,پروتون,نوترون,الکترون,هسته,C,الکترون بار منفی دارد.,ترنم همدلی,original,1405
دهم,تجربی,شیمی,شیمی,بانک پایه,ارزیابی مفهومی,پوشش اولیه,متوسط,واحد مقدار ماده در SI چیست؟,مول,گرم,لیتر,متر,A,واحد SI مقدار ماده مول است.,ترنم همدلی,original,1405
دهم,انسانی,ریاضی و آمار,ریاضی و آمار,بانک پایه,ارزیابی مفهومی,پوشش اولیه,متوسط,کدام عبارت با توزیع‌پذیری درست است؟,2(3+4)=2×3+2×4,2(3+4)=2+3+4,2(3+4)=2×3+4,2(3+4)=6+4×2,A,ضرب در مجموع برابر مجموع ضرب‌هاست.,ترنم همدلی,original,1405
دهم,انسانی,ریاضی و آمار,ریاضی و آمار,بانک پایه,ارزیابی مفهومی,پوشش اولیه,متوسط,اگر محیط مربع 20 باشد، طول هر ضلع چند است؟,4,5,10,20,B,محیط مربع چهار برابر ضلع است.,ترنم همدلی,original,1405
دهم,انسانی,ریاضی و آمار,ریاضی و آمار,بانک پایه,ارزیابی مفهومی,پوشش اولیه,متوسط,کدام کسر با 1/2 برابر است؟,2/3,3/4,4/8,5/8,C,4/8 پس از ساده‌سازی 1/2 می‌شود.,ترنم همدلی,original,1405
دهم,انسانی,ریاضی و آمار,ریاضی و آمار,بانک پایه,ارزیابی مفهومی,پوشش اولیه,متوسط,عدد 0 چه نوع عددی است؟,فقط طبیعی,فقط منفی,همزمان مثبت و منفی,نه مثبت است و نه منفی,D,صفر نه مثبت است و نه منفی.,ترنم همدلی,original,1405
دهم,انسانی,علوم و فنون ادبی,علوم و فنون ادبی,بانک پایه,ارزیابی مفهومی,پوشش اولیه,متوسط,سؤال تشخیصی چه هدفی دارد؟,شناخت سطح فعلی دانش‌آموز,صدور تشخیص پزشکی,رتبه‌بندی شخصیت,حذف نیاز به آموزش,A,آزمون تشخیصی برای شناخت وضعیت یادگیری طراحی می‌شود.,ترنم همدلی,original,1405
دهم,انسانی,علوم و فنون ادبی,علوم و فنون ادبی,بانک پایه,ارزیابی مفهومی,پوشش اولیه,متوسط,مطالعه مؤثر معمولاً با چه چیزی همراه است؟,تمرین و بازخورد,فقط خواندن بدون بازبینی,فقط حفظ کردن عنوان‌ها,حذف سؤال,A,تمرین و بازخورد به یادگیری کمک می‌کنند.,ترنم همدلی,original,1405
دهم,انسانی,علوم و فنون ادبی,علوم و فنون ادبی,بانک پایه,ارزیابی مفهومی,پوشش اولیه,متوسط,اگر یک مبحث ضعیف باشد، اقدام مناسب چیست؟,بازبینی مفهوم و تمرین هدفمند,حذف کامل مبحث,فقط افزایش سرعت,نادیده گرفتن خطا,A,رفع ضعف با بازآموزی و تمرین هدفمند منطقی‌تر است.,ترنم همدلی,original,1405
دهم,انسانی,علوم و فنون ادبی,علوم و فنون ادبی,بانک پایه,ارزیابی مفهومی,پوشش اولیه,متوسط,در یک آزمون آموزشی، توضیح پاسخ چه فایده‌ای دارد؟,کمک به فهم علت درست یا غلط بودن پاسخ,افزایش حجم بدون فایده,حذف یادگیری,جایگزینی سؤال,A,توضیح پاسخ بخش مهمی از یادگیری پس از آزمون است.,ترنم همدلی,original,1405
دهم,انسانی,عربی تخصصی,عربی تخصصی,بانک پایه,ارزیابی مفهومی,پوشش اولیه,متوسط,کدام گزینه معادل انگلیسی «کتاب» است؟,book,school,chair,water,A,book به معنی کتاب است.,ترنم همدلی,original,1405
دهم,انسانی,عربی تخصصی,عربی تخصصی,بانک پایه,ارزیابی مفهومی,پوشش اولیه,متوسط,کدام جمله از نظر دستوری درست است؟,She is a student.,She are a student.,She am a student.,She be a student.,A,برای فاعل مفرد سوم شخص از is استفاده می‌شود.,ترنم همدلی,original,1405
دهم,انسانی,عربی تخصصی,عربی تخصصی,بانک پایه,ارزیابی مفهومی,پوشش اولیه,متوسط,گذشته ساده go چیست؟,goed,went,gone,going,B,گذشته ساده go، went است.,ترنم همدلی,original,1405
دهم,انسانی,عربی تخصصی,عربی تخصصی,بانک پایه,ارزیابی مفهومی,پوشش اولیه,متوسط,جمع child چیست؟,childs,children,childes,childrens,B,جمع بی‌قاعده child برابر children است.,ترنم همدلی,original,1405
دهم,انسانی,عربی تخصصی,عربی تخصصی,بانک پایه,ارزیابی مفهومی,پوشش اولیه,متوسط,مخالف hot کدام است؟,cold,fast,high,old,A,مخالف hot، cold است.,ترنم همدلی,original,1405
دهم,انسانی,عربی تخصصی,عربی تخصصی,بانک پایه,ارزیابی مفهومی,پوشش اولیه,متوسط,کدام گزینه ضمیر است؟,they,book,quickly,beautiful,A,they یک ضمیر است.,ترنم همدلی,original,1405
دهم,انسانی,عربی تخصصی,عربی تخصصی,بانک پایه,ارزیابی مفهومی,پوشش اولیه,متوسط,برای بیان توانایی معمولاً از چه فعلی استفاده می‌شود؟,can,musted,didn't can,has,A,can برای بیان توانایی به کار می‌رود.,ترنم همدلی,original,1405
دهم,انسانی,عربی تخصصی,عربی تخصصی,بانک پایه,ارزیابی مفهومی,پوشش اولیه,متوسط,کدام گزینه زمان حال استمراری را نشان می‌دهد؟,is reading,read yesterday,has read,will read,A,is reading ساختار حال استمراری است.,ترنم همدلی,original,1405
دهم,انسانی,عربی تخصصی,عربی تخصصی,بانک پایه,ارزیابی مفهومی,پوشش اولیه,متوسط,کدام واژه به معنی «آموزش» نزدیک‌تر است؟,education,weather,window,market,A,education به معنی آموزش است.,ترنم همدلی,original,1405
دهم,انسانی,عربی تخصصی,عربی تخصصی,بانک پایه,ارزیابی مفهومی,پوشش اولیه,متوسط,کدام گزینه یک پرسش درست است؟,Where do you live?,Where you live?,Do where live?,Where live you do?,A,ساختار پرسش درست است.,ترنم همدلی,original,1405
دهم,انسانی,تاریخ,تاریخ,بانک پایه,ارزیابی مفهومی,پوشش اولیه,متوسط,مهاجرت چیست؟,جابه‌جایی برای سکونت,تغییر فصل,حرکت زمین,تغییر ساعت,A,مهاجرت جابه‌جایی افراد از مکانی به مکان دیگر برای سکونت است.,ترنم همدلی,original,1405
دهم,انسانی,تاریخ,تاریخ,بانک پایه,ارزیابی مفهومی,پوشش اولیه,متوسط,اقتصاد خانواده بیشتر با چه چیزی سروکار دارد؟,مدیریت منابع محدود و نیازها,فقط ورزش,فقط هنر,فقط جغرافیا,A,اقتصاد با انتخاب و مدیریت منابع محدود مرتبط است.,ترنم همدلی,original,1405
دهم,انسانی,تاریخ,تاریخ,بانک پایه,ارزیابی مفهومی,پوشش اولیه,متوسط,همکاری اجتماعی چه فایده‌ای دارد؟,حل بهتر مسائل مشترک,افزایش اختلاف,کاهش ارتباط,اتلاف منابع,A,همکاری می‌تواند حل مسائل مشترک را آسان‌تر کند.,ترنم همدلی,original,1405
دهم,انسانی,تاریخ,تاریخ,بانک پایه,ارزیابی مفهومی,پوشش اولیه,متوسط,قانون چه نقشی در جامعه دارد؟,تنظیم روابط و رفتارها,حذف همه مسئولیت‌ها,افزایش بی‌نظمی,تغییر آب‌وهوا,A,قوانین چارچوبی برای روابط اجتماعی ایجاد می‌کنند.,ترنم همدلی,original,1405
دهم,انسانی,جغرافیا,جغرافیا,بانک پایه,ارزیابی مفهومی,پوشش اولیه,متوسط,مهاجرت چیست؟,جابه‌جایی برای سکونت,تغییر فصل,حرکت زمین,تغییر ساعت,A,مهاجرت جابه‌جایی افراد از مکانی به مکان دیگر برای سکونت است.,ترنم همدلی,original,1405
دهم,انسانی,جغرافیا,جغرافیا,بانک پایه,ارزیابی مفهومی,پوشش اولیه,متوسط,اقتصاد خانواده بیشتر با چه چیزی سروکار دارد؟,مدیریت منابع محدود و نیازها,فقط ورزش,فقط هنر,فقط جغرافیا,A,اقتصاد با انتخاب و مدیریت منابع محدود مرتبط است.,ترنم همدلی,original,1405
دهم,انسانی,جغرافیا,جغرافیا,بانک پایه,ارزیابی مفهومی,پوشش اولیه,متوسط,همکاری اجتماعی چه فایده‌ای دارد؟,حل بهتر مسائل مشترک,افزایش اختلاف,کاهش ارتباط,اتلاف منابع,A,همکاری می‌تواند حل مسائل مشترک را آسان‌تر کند.,ترنم همدلی,original,1405
دهم,انسانی,جغرافیا,جغرافیا,بانک پایه,ارزیابی مفهومی,پوشش اولیه,متوسط,قانون چه نقشی در جامعه دارد؟,تنظیم روابط و رفتارها,حذف همه مسئولیت‌ها,افزایش بی‌نظمی,تغییر آب‌وهوا,A,قوانین چارچوبی برای روابط اجتماعی ایجاد می‌کنند.,ترنم همدلی,original,1405
دهم,انسانی,جامعه‌شناسی,جامعه‌شناسی,بانک پایه,ارزیابی مفهومی,پوشش اولیه,متوسط,مهاجرت چیست؟,جابه‌جایی برای سکونت,تغییر فصل,حرکت زمین,تغییر ساعت,A,مهاجرت جابه‌جایی افراد از مکانی به مکان دیگر برای سکونت است.,ترنم همدلی,original,1405
دهم,انسانی,جامعه‌شناسی,جامعه‌شناسی,بانک پایه,ارزیابی مفهومی,پوشش اولیه,متوسط,اقتصاد خانواده بیشتر با چه چیزی سروکار دارد؟,مدیریت منابع محدود و نیازها,فقط ورزش,فقط هنر,فقط جغرافیا,A,اقتصاد با انتخاب و مدیریت منابع محدود مرتبط است.,ترنم همدلی,original,1405
دهم,انسانی,جامعه‌شناسی,جامعه‌شناسی,بانک پایه,ارزیابی مفهومی,پوشش اولیه,متوسط,همکاری اجتماعی چه فایده‌ای دارد؟,حل بهتر مسائل مشترک,افزایش اختلاف,کاهش ارتباط,اتلاف منابع,A,همکاری می‌تواند حل مسائل مشترک را آسان‌تر کند.,ترنم همدلی,original,1405
دهم,انسانی,جامعه‌شناسی,جامعه‌شناسی,بانک پایه,ارزیابی مفهومی,پوشش اولیه,متوسط,قانون چه نقشی در جامعه دارد؟,تنظیم روابط و رفتارها,حذف همه مسئولیت‌ها,افزایش بی‌نظمی,تغییر آب‌وهوا,A,قوانین چارچوبی برای روابط اجتماعی ایجاد می‌کنند.,ترنم همدلی,original,1405
دهم,انسانی,اقتصاد,اقتصاد,بانک پایه,ارزیابی مفهومی,پوشش اولیه,متوسط,بهره‌وری یعنی چه؟,استفاده کارآمدتر از منابع برای تولید,افزایش هزینه بدون تولید,کاهش کیفیت,توقف کار,A,بهره‌وری به رابطه خروجی و منابع مصرفی مربوط است.,ترنم همدلی,original,1405
دهم,انسانی,اقتصاد,اقتصاد,بانک پایه,ارزیابی مفهومی,پوشش اولیه,متوسط,سرمایه‌گذاری چیست؟,اختصاص منابع برای ایجاد بازده آینده,مصرف کامل درآمد,حذف تولید,فقط خرید روزانه,A,سرمایه‌گذاری با هدف ایجاد منفعت آینده انجام می‌شود.,ترنم همدلی,original,1405
دهم,انسانی,اقتصاد,اقتصاد,بانک پایه,ارزیابی مفهومی,پوشش اولیه,متوسط,بودجه چه کمکی می‌کند؟,برنامه‌ریزی درآمد و هزینه,افزایش تصادفی هزینه,حذف درآمد,نادیده گرفتن بدهی,A,بودجه چارچوب برنامه‌ریزی مالی است.,ترنم همدلی,original,1405
دهم,انسانی,اقتصاد,اقتصاد,بانک پایه,ارزیابی مفهومی,پوشش اولیه,متوسط,رقابت اقتصادی معمولاً چه اثری دارد؟,می‌تواند انگیزه بهبود کیفیت و قیمت ایجاد کند,همیشه تولید را متوقف می‌کند,همیشه قیمت را ثابت می‌کند,هیچ اثری ندارد,A,رقابت می‌تواند تولیدکننده را به بهبود شرایط عرضه تشویق کند.,ترنم همدلی,original,1405
دهم,انسانی,منطق,منطق,بانک پایه,ارزیابی مفهومی,پوشش اولیه,متوسط,مقدمه در استدلال چه نقشی دارد؟,پشتیبانی از نتیجه,جایگزینی نتیجه,حذف دلیل,تغییر موضوع,A,مقدمات برای رسیدن یا پشتیبانی از نتیجه به کار می‌روند.,ترنم همدلی,original,1405
دهم,انسانی,منطق,منطق,بانک پایه,ارزیابی مفهومی,پوشش اولیه,متوسط,نتیجه چیست؟,گزاره‌ای که از مقدمات به دست می‌آید,عنوان کتاب,مثال بی‌ربط,یک واژه,A,نتیجه حاصل استدلال است.,ترنم همدلی,original,1405
دهم,انسانی,منطق,منطق,بانک پایه,ارزیابی مفهومی,پوشش اولیه,متوسط,مغالطه چیست؟,خطای استدلالی که ممکن است درست به نظر برسد,هر پاسخ درست,یک تعریف,یک مشاهده,A,مغالطه ساختار استدلال را دچار خطا می‌کند.,ترنم همدلی,original,1405
دهم,انسانی,منطق,منطق,بانک پایه,ارزیابی مفهومی,پوشش اولیه,متوسط,تعریف برای چه کاری است؟,روشن کردن معنای مفهوم,پنهان کردن معنا,تغییر موضوع,حذف دلیل,A,تعریف مفهوم را روشن می‌کند.,ترنم همدلی,original,1405
دهم,انسانی,منطق,منطق,بانک پایه,ارزیابی مفهومی,پوشش اولیه,متوسط,مصداق چیست؟,نمونه‌ای که مفهوم بر آن صدق می‌کند,یک نتیجه,یک پرسش,یک دلیل,A,مصداق نمونه‌ای از یک مفهوم است.,ترنم همدلی,original,1405
دهم,انسانی,منطق,منطق,بانک پایه,ارزیابی مفهومی,پوشش اولیه,متوسط,تناقض یعنی چه؟,ناسازگاری دو گزاره,شباهت کامل,تکرار واژه,تشبیه,A,گزاره‌های متناقض با هم ناسازگارند.,ترنم همدلی,original,1405
دهم,انسانی,منطق,منطق,بانک پایه,ارزیابی مفهومی,پوشش اولیه,متوسط,استدلال چیست؟,رسیدن به نتیجه با تکیه بر مقدمات,حفظ واژه‌ها,پرسش بدون پاسخ,شرح مکان,A,استدلال رابطه‌ای میان مقدمات و نتیجه برقرار می‌کند.,ترنم همدلی,original,1405
دهم,انسانی,منطق,منطق,بانک پایه,ارزیابی مفهومی,پوشش اولیه,متوسط,استدلال معتبر چه ویژگی دارد؟,رابطه منطقی مناسب میان مقدمات و نتیجه,طولانی بودن,ادبی بودن,بدون مقدمه بودن,A,اعتبار به ساختار منطقی استدلال مربوط است.,ترنم همدلی,original,1405
دهم,انسانی,منطق,منطق,بانک پایه,ارزیابی مفهومی,پوشش اولیه,متوسط,قیاس از چه چیزی ساخته می‌شود؟,مقدمات و نتیجه,فقط پرسش,فقط تعریف,فقط مثال,A,قیاس استدلالی متشکل از مقدمات و نتیجه است.,ترنم همدلی,original,1405
دهم,انسانی,منطق,منطق,بانک پایه,ارزیابی مفهومی,پوشش اولیه,متوسط,هدف منطق چیست؟,کمک به درست اندیشیدن و استدلال,حفظ شعر,اندازه‌گیری دما,محاسبه مساحت,A,منطق ابزار سامان‌دهی و ارزیابی استدلال است.,ترنم همدلی,original,1405
دهم,هنر,درک عمومی هنر,درک عمومی هنر,بانک پایه,ارزیابی مفهومی,پوشش اولیه,متوسط,خط در طراحی چه نقشی دارد؟,ایجاد مسیر و ساختار بصری,فقط ایجاد صدا,اندازه‌گیری دما,محاسبه سرعت,A,خط یکی از عناصر اصلی سازمان‌دهی تصویر است.,ترنم همدلی,original,1405
دهم,هنر,درک عمومی هنر,درک عمومی هنر,بانک پایه,ارزیابی مفهومی,پوشش اولیه,متوسط,رنگ‌های اصلی سنتی کدام‌اند؟,قرمز، زرد، آبی,سبز، بنفش، نارنجی,سفید، سیاه، خاکستری,قهوه‌ای، صورتی، فیروزه‌ای,A,در مدل رایج رنگدانه‌ای، قرمز، زرد و آبی به عنوان رنگ‌های اصلی معرفی می‌شوند.,ترنم همدلی,original,1405
دهم,هنر,درک عمومی هنر,درک عمومی هنر,بانک پایه,ارزیابی مفهومی,پوشش اولیه,متوسط,پرسپکتیو برای چه استفاده می‌شود؟,نمایش عمق و فاصله,افزایش صدا,تعیین وزن,محاسبه زمان,A,پرسپکتیو به نمایش فضایی و عمق کمک می‌کند.,ترنم همدلی,original,1405
دهم,هنر,درک عمومی هنر,درک عمومی هنر,بانک پایه,ارزیابی مفهومی,پوشش اولیه,متوسط,ترکیب‌بندی به چه مربوط است؟,چیدمان عناصر در اثر,نوع کاغذ فقط,اندازه قاب فقط,رنگ یک عنصر,A,ترکیب‌بندی سازمان‌دهی عناصر بصری است.,ترنم همدلی,original,1405
دهم,هنر,درک عمومی هنر,درک عمومی هنر,بانک پایه,ارزیابی مفهومی,پوشش اولیه,متوسط,کنتراست یعنی چه؟,تفاوت قابل توجه میان عناصر,یکسانی کامل,حذف رنگ,تکرار عنوان,A,کنتراست با تفاوت میان عناصر شناخته می‌شود.,ترنم همدلی,original,1405
دهم,هنر,درک عمومی هنر,درک عمومی هنر,بانک پایه,ارزیابی مفهومی,پوشش اولیه,متوسط,طراحی مشاهده‌ای بر چه چیزی تکیه دارد؟,دقت در مشاهده موضوع,حدس تصادفی,حفظ متن,تغییر صدا,A,مشاهده دقیق پایه طراحی مشاهده‌ای است.,ترنم همدلی,original,1405
دهم,هنر,درک عمومی هنر,درک عمومی هنر,بانک پایه,ارزیابی مفهومی,پوشش اولیه,متوسط,بافت در هنر چه چیزی را تداعی می‌کند؟,کیفیت سطح,زمان,سرعت,صدا,A,بافت کیفیت بصری یا لمسی سطح را نشان می‌دهد.,ترنم همدلی,original,1405
دهم,هنر,درک عمومی هنر,درک عمومی هنر,بانک پایه,ارزیابی مفهومی,پوشش اولیه,متوسط,تعادل در ترکیب‌بندی یعنی چه؟,توزیع مناسب وزن بصری,حذف همه عناصر,تکرار یک رنگ,تغییر اندازه کاغذ,A,تعادل به توزیع وزن بصری عناصر مربوط است.,ترنم همدلی,original,1405
دهم,هنر,درک عمومی هنر,درک عمومی هنر,بانک پایه,ارزیابی مفهومی,پوشش اولیه,متوسط,فرم سه‌بعدی چه ویژگی دارد؟,طول، عرض و عمق,فقط طول,فقط رنگ,فقط خط,A,فرم سه‌بعدی دارای طول، عرض و عمق است.,ترنم همدلی,original,1405
دهم,هنر,درک عمومی هنر,درک عمومی هنر,بانک پایه,ارزیابی مفهومی,پوشش اولیه,متوسط,اسکیس بیشتر برای چه کاربردی است؟,ثبت سریع ایده و مشاهده,چاپ نهایی همیشه,حذف ایده‌ها,اندازه‌گیری دما,A,اسکیس ابزاری سریع برای ثبت ایده است.,ترنم همدلی,original,1405
دهم,هنر,درک عمومی ریاضی-فیزیک,درک عمومی ریاضی-فیزیک,بانک پایه,ارزیابی مفهومی,پوشش اولیه,متوسط,واحد نیرو در SI چیست؟,ژول,نیوتن,وات,پاسکال,B,واحد نیرو نیوتن است.,ترنم همدلی,original,1405
دهم,هنر,درک عمومی ریاضی-فیزیک,درک عمومی ریاضی-فیزیک,بانک پایه,ارزیابی مفهومی,پوشش اولیه,متوسط,سرعت متوسط از چه رابطه‌ای به دست می‌آید؟,زمان/مسافت,مسافت/زمان,جرم/حجم,نیرو/جرم,B,سرعت متوسط مسافت تقسیم بر زمان است.,ترنم همدلی,original,1405
دهم,هنر,درک عمومی ریاضی-فیزیک,درک عمومی ریاضی-فیزیک,بانک پایه,ارزیابی مفهومی,پوشش اولیه,متوسط,واحد انرژی چیست؟,نیوتن,ژول,ولت,آمپر,B,واحد انرژی ژول است.,ترنم همدلی,original,1405
دهم,هنر,درک عمومی ریاضی-فیزیک,درک عمومی ریاضی-فیزیک,بانک پایه,ارزیابی مفهومی,پوشش اولیه,متوسط,اگر جرم جسم بیشتر شود، با نیروی ثابت شتاب چه تغییری می‌کند؟,بیشتر می‌شود,کمتر می‌شود,همیشه ثابت می‌ماند,صفر می‌شود,B,طبق قانون دوم نیوتن با جرم بیشتر شتاب کمتر می‌شود.,ترنم همدلی,original,1405
دهم,هنر,درک عمومی ریاضی-فیزیک,درک عمومی ریاضی-فیزیک,بانک پایه,ارزیابی مفهومی,پوشش اولیه,متوسط,توان به چه چیزی مربوط است؟,انجام کار در واحد زمان,جرم در واحد حجم,مسافت در واحد زمان,نیرو در واحد سطح,A,توان نرخ انجام کار است.,ترنم همدلی,original,1405
دهم,هنر,درک عمومی ریاضی-فیزیک,درک عمومی ریاضی-فیزیک,بانک پایه,ارزیابی مفهومی,پوشش اولیه,متوسط,در مدار سری، جریان در اجزای متوالی چگونه است؟,یکسان,همیشه صفر,متفاوت,نامحدود,A,در مدار سری جریان یکسان است.,ترنم همدلی,original,1405
دهم,هنر,درک عمومی ریاضی-فیزیک,درک عمومی ریاضی-فیزیک,بانک پایه,ارزیابی مفهومی,پوشش اولیه,متوسط,واحد مقاومت الکتریکی چیست؟,اهم,ولت,آمپر,وات,A,واحد مقاومت اهم است.,ترنم همدلی,original,1405
دهم,هنر,درک عمومی ریاضی-فیزیک,درک عمومی ریاضی-فیزیک,بانک پایه,ارزیابی مفهومی,پوشش اولیه,متوسط,اگر جسمی ساکن باشد، سرعت آن چیست؟,صفر,1,منفی,نامحدود,A,جسم ساکن سرعت صفر دارد.,ترنم همدلی,original,1405
دهم,هنر,درک عمومی ریاضی-فیزیک,درک عمومی ریاضی-فیزیک,بانک پایه,ارزیابی مفهومی,پوشش اولیه,متوسط,انرژی جنبشی به چه چیزی وابسته است؟,جرم و سرعت,فقط جرم,فقط رنگ,فقط حجم,A,انرژی جنبشی به جرم و مجذور سرعت وابسته است.,ترنم همدلی,original,1405
دهم,هنر,درک عمومی ریاضی-فیزیک,درک عمومی ریاضی-فیزیک,بانک پایه,ارزیابی مفهومی,پوشش اولیه,متوسط,فشار برابر چه نسبتی است؟,نیرو/سطح,سطح/نیرو,جرم/زمان,مسافت/زمان,A,فشار نیرو بر واحد سطح است.,ترنم همدلی,original,1405
دهم,هنر,خلاقیت تصویری و تجسمی,خلاقیت تصویری و تجسمی,بانک پایه,ارزیابی مفهومی,پوشش اولیه,متوسط,خط در طراحی چه نقشی دارد؟,ایجاد مسیر و ساختار بصری,فقط ایجاد صدا,اندازه‌گیری دما,محاسبه سرعت,A,خط یکی از عناصر اصلی سازمان‌دهی تصویر است.,ترنم همدلی,original,1405
دهم,هنر,خلاقیت تصویری و تجسمی,خلاقیت تصویری و تجسمی,بانک پایه,ارزیابی مفهومی,پوشش اولیه,متوسط,رنگ‌های اصلی سنتی کدام‌اند؟,قرمز، زرد، آبی,سبز، بنفش، نارنجی,سفید، سیاه، خاکستری,قهوه‌ای، صورتی، فیروزه‌ای,A,در مدل رایج رنگدانه‌ای، قرمز، زرد و آبی به عنوان رنگ‌های اصلی معرفی می‌شوند.,ترنم همدلی,original,1405
دهم,هنر,خلاقیت تصویری و تجسمی,خلاقیت تصویری و تجسمی,بانک پایه,ارزیابی مفهومی,پوشش اولیه,متوسط,پرسپکتیو برای چه استفاده می‌شود؟,نمایش عمق و فاصله,افزایش صدا,تعیین وزن,محاسبه زمان,A,پرسپکتیو به نمایش فضایی و عمق کمک می‌کند.,ترنم همدلی,original,1405
دهم,هنر,خلاقیت تصویری و تجسمی,خلاقیت تصویری و تجسمی,بانک پایه,ارزیابی مفهومی,پوشش اولیه,متوسط,ترکیب‌بندی به چه مربوط است؟,چیدمان عناصر در اثر,نوع کاغذ فقط,اندازه قاب فقط,رنگ یک عنصر,A,ترکیب‌بندی سازمان‌دهی عناصر بصری است.,ترنم همدلی,original,1405
دهم,هنر,خلاقیت تصویری و تجسمی,خلاقیت تصویری و تجسمی,بانک پایه,ارزیابی مفهومی,پوشش اولیه,متوسط,کنتراست یعنی چه؟,تفاوت قابل توجه میان عناصر,یکسانی کامل,حذف رنگ,تکرار عنوان,A,کنتراست با تفاوت میان عناصر شناخته می‌شود.,ترنم همدلی,original,1405
دهم,هنر,خلاقیت تصویری و تجسمی,خلاقیت تصویری و تجسمی,بانک پایه,ارزیابی مفهومی,پوشش اولیه,متوسط,طراحی مشاهده‌ای بر چه چیزی تکیه دارد؟,دقت در مشاهده موضوع,حدس تصادفی,حفظ متن,تغییر صدا,A,مشاهده دقیق پایه طراحی مشاهده‌ای است.,ترنم همدلی,original,1405
دهم,هنر,خلاقیت تصویری و تجسمی,خلاقیت تصویری و تجسمی,بانک پایه,ارزیابی مفهومی,پوشش اولیه,متوسط,بافت در هنر چه چیزی را تداعی می‌کند؟,کیفیت سطح,زمان,سرعت,صدا,A,بافت کیفیت بصری یا لمسی سطح را نشان می‌دهد.,ترنم همدلی,original,1405
دهم,هنر,خلاقیت تصویری و تجسمی,خلاقیت تصویری و تجسمی,بانک پایه,ارزیابی مفهومی,پوشش اولیه,متوسط,تعادل در ترکیب‌بندی یعنی چه؟,توزیع مناسب وزن بصری,حذف همه عناصر,تکرار یک رنگ,تغییر اندازه کاغذ,A,تعادل به توزیع وزن بصری عناصر مربوط است.,ترنم همدلی,original,1405
دهم,هنر,خلاقیت تصویری و تجسمی,خلاقیت تصویری و تجسمی,بانک پایه,ارزیابی مفهومی,پوشش اولیه,متوسط,فرم سه‌بعدی چه ویژگی دارد؟,طول، عرض و عمق,فقط طول,فقط رنگ,فقط خط,A,فرم سه‌بعدی دارای طول، عرض و عمق است.,ترنم همدلی,original,1405
دهم,هنر,خلاقیت تصویری و تجسمی,خلاقیت تصویری و تجسمی,بانک پایه,ارزیابی مفهومی,پوشش اولیه,متوسط,اسکیس بیشتر برای چه کاربردی است؟,ثبت سریع ایده و مشاهده,چاپ نهایی همیشه,حذف ایده‌ها,اندازه‌گیری دما,A,اسکیس ابزاری سریع برای ثبت ایده است.,ترنم همدلی,original,1405
دهم,زبان,زبان تخصصی,زبان تخصصی,بانک پایه,ارزیابی مفهومی,پوشش اولیه,متوسط,کدام گزینه معادل انگلیسی «کتاب» است؟,book,school,chair,water,A,book به معنی کتاب است.,ترنم همدلی,original,1405
دهم,زبان,زبان تخصصی,زبان تخصصی,بانک پایه,ارزیابی مفهومی,پوشش اولیه,متوسط,کدام جمله از نظر دستوری درست است؟,She is a student.,She are a student.,She am a student.,She be a student.,A,برای فاعل مفرد سوم شخص از is استفاده می‌شود.,ترنم همدلی,original,1405
دهم,زبان,زبان تخصصی,زبان تخصصی,بانک پایه,ارزیابی مفهومی,پوشش اولیه,متوسط,گذشته ساده go چیست؟,goed,went,gone,going,B,گذشته ساده go، went است.,ترنم همدلی,original,1405
دهم,زبان,زبان تخصصی,زبان تخصصی,بانک پایه,ارزیابی مفهومی,پوشش اولیه,متوسط,جمع child چیست؟,childs,children,childes,childrens,B,جمع بی‌قاعده child برابر children است.,ترنم همدلی,original,1405
دهم,زبان,زبان تخصصی,زبان تخصصی,بانک پایه,ارزیابی مفهومی,پوشش اولیه,متوسط,مخالف hot کدام است؟,cold,fast,high,old,A,مخالف hot، cold است.,ترنم همدلی,original,1405
دهم,زبان,زبان تخصصی,زبان تخصصی,بانک پایه,ارزیابی مفهومی,پوشش اولیه,متوسط,کدام گزینه ضمیر است؟,they,book,quickly,beautiful,A,they یک ضمیر است.,ترنم همدلی,original,1405
دهم,زبان,زبان تخصصی,زبان تخصصی,بانک پایه,ارزیابی مفهومی,پوشش اولیه,متوسط,برای بیان توانایی معمولاً از چه فعلی استفاده می‌شود؟,can,musted,didn't can,has,A,can برای بیان توانایی به کار می‌رود.,ترنم همدلی,original,1405
دهم,زبان,زبان تخصصی,زبان تخصصی,بانک پایه,ارزیابی مفهومی,پوشش اولیه,متوسط,کدام گزینه زمان حال استمراری را نشان می‌دهد؟,is reading,read yesterday,has read,will read,A,is reading ساختار حال استمراری است.,ترنم همدلی,original,1405
دهم,زبان,زبان تخصصی,زبان تخصصی,بانک پایه,ارزیابی مفهومی,پوشش اولیه,متوسط,کدام واژه به معنی «آموزش» نزدیک‌تر است؟,education,weather,window,market,A,education به معنی آموزش است.,ترنم همدلی,original,1405
دهم,زبان,زبان تخصصی,زبان تخصصی,بانک پایه,ارزیابی مفهومی,پوشش اولیه,متوسط,کدام گزینه یک پرسش درست است؟,Where do you live?,Where you live?,Do where live?,Where live you do?,A,ساختار پرسش درست است.,ترنم همدلی,original,1405
یازدهم,ریاضی,حسابان,حسابان,بانک پایه,ارزیابی مفهومی,پوشش اولیه,متوسط,اگر 3x=12 باشد، x چند است؟,2,3,4,6,C,با تقسیم دو طرف بر 3، x=4 می‌شود.,ترنم همدلی,original,1405
یازدهم,ریاضی,حسابان,حسابان,بانک پایه,ارزیابی مفهومی,پوشش اولیه,متوسط,حاصل 25 درصدِ 80 کدام است؟,10,15,20,25,C,یک‌چهارم 80 برابر 20 است.,ترنم همدلی,original,1405
یازدهم,ریاضی,حسابان,حسابان,بانک پایه,ارزیابی مفهومی,پوشش اولیه,متوسط,میانگین 4، 6 و 8 کدام است؟,5,6,7,8,B,جمع 18 و تقسیم بر 3 برابر 6 است.,ترنم همدلی,original,1405
یازدهم,ریاضی,حسابان,حسابان,بانک پایه,ارزیابی مفهومی,پوشش اولیه,متوسط,کدام عدد اول است؟,21,29,35,39,B,29 فقط بر 1 و خودش بخش‌پذیر است.,ترنم همدلی,original,1405
یازدهم,ریاضی,حسابان,حسابان,بانک پایه,ارزیابی مفهومی,پوشش اولیه,متوسط,اگر طول مستطیل 8 و عرض آن 3 باشد، مساحت چند است؟,11,22,24,48,C,مساحت برابر طول ضربدر عرض است.,ترنم همدلی,original,1405
یازدهم,ریاضی,حسابان,حسابان,بانک پایه,ارزیابی مفهومی,پوشش اولیه,متوسط,احتمال آمدن عدد زوج در یک تاس سالم چقدر است؟,1/6,1/3,1/2,2/3,C,سه حالت زوج از شش حالت ممکن وجود دارد.,ترنم همدلی,original,1405
یازدهم,ریاضی,حسابان,حسابان,بانک پایه,ارزیابی مفهومی,پوشش اولیه,متوسط,کدام عبارت با توزیع‌پذیری درست است؟,2(3+4)=2×3+2×4,2(3+4)=2+3+4,2(3+4)=2×3+4,2(3+4)=6+4×2,A,ضرب در مجموع برابر مجموع ضرب‌هاست.,ترنم همدلی,original,1405
یازدهم,ریاضی,حسابان,حسابان,بانک پایه,ارزیابی مفهومی,پوشش اولیه,متوسط,اگر محیط مربع 20 باشد، طول هر ضلع چند است؟,4,5,10,20,B,محیط مربع چهار برابر ضلع است.,ترنم همدلی,original,1405
یازدهم,ریاضی,حسابان,حسابان,بانک پایه,ارزیابی مفهومی,پوشش اولیه,متوسط,کدام کسر با 1/2 برابر است؟,2/3,3/4,4/8,5/8,C,4/8 پس از ساده‌سازی 1/2 می‌شود.,ترنم همدلی,original,1405
یازدهم,ریاضی,حسابان,حسابان,بانک پایه,ارزیابی مفهومی,پوشش اولیه,متوسط,عدد 0 چه نوع عددی است؟,فقط طبیعی,فقط منفی,همزمان مثبت و منفی,نه مثبت است و نه منفی,D,صفر نه مثبت است و نه منفی.,ترنم همدلی,original,1405
یازدهم,ریاضی,هندسه,هندسه,بانک پایه,ارزیابی مفهومی,پوشش اولیه,متوسط,مجموع زاویه‌های داخلی مثلث چند درجه است؟,90,180,270,360,B,مجموع زاویه‌های داخلی هر مثلث 180 درجه است.,ترنم همدلی,original,1405
یازدهم,ریاضی,هندسه,هندسه,بانک پایه,ارزیابی مفهومی,پوشش اولیه,متوسط,مثلثی با سه ضلع برابر چه نام دارد؟,قائم‌الزاویه,متساوی‌الساقین,متساوی‌الاضلاع,منفرجه,C,در مثلث متساوی‌الاضلاع هر سه ضلع برابرند.,ترنم همدلی,original,1405
یازدهم,ریاضی,هندسه,هندسه,بانک پایه,ارزیابی مفهومی,پوشش اولیه,متوسط,قطر دایره چه ارتباطی با شعاع دارد؟,نصف شعاع,برابر شعاع,دو برابر شعاع,سه برابر شعاع,C,قطر دو برابر شعاع است.,ترنم همدلی,original,1405
یازدهم,ریاضی,هندسه,هندسه,بانک پایه,ارزیابی مفهومی,پوشش اولیه,متوسط,زاویه قائمه چند درجه است؟,45,90,120,180,B,زاویه قائمه 90 درجه است.,ترنم همدلی,original,1405
یازدهم,ریاضی,هندسه,هندسه,بانک پایه,ارزیابی مفهومی,پوشش اولیه,متوسط,اگر دو خط موازی باشند، فاصله عمودی آن‌ها چگونه است؟,ثابت,همیشه صفر,متغیر,نامحدود,A,فاصله عمودی بین دو خط موازی ثابت است.,ترنم همدلی,original,1405
یازدهم,ریاضی,هندسه,هندسه,بانک پایه,ارزیابی مفهومی,پوشش اولیه,متوسط,وتر مثلث قائم‌الزاویه کدام ضلع است؟,ضلع مقابل زاویه قائمه,کوچک‌ترین ضلع,ضلع مجاور زاویه قائمه,هیچ‌کدام,A,وتر مقابل زاویه 90 درجه قرار دارد.,ترنم همدلی,original,1405
یازدهم,ریاضی,هندسه,هندسه,بانک پایه,ارزیابی مفهومی,پوشش اولیه,متوسط,مساحت مثلث با قاعده b و ارتفاع h چیست؟,bh,2bh,bh/2,b+h,C,مساحت مثلث نصف حاصل‌ضرب قاعده و ارتفاع است.,ترنم همدلی,original,1405
یازدهم,ریاضی,هندسه,هندسه,بانک پایه,ارزیابی مفهومی,پوشش اولیه,متوسط,دو زاویه متمم مجموعاً چند درجه‌اند؟,90,180,270,360,A,زاویه‌های متمم مجموع 90 درجه دارند.,ترنم همدلی,original,1405
یازدهم,ریاضی,هندسه,هندسه,بانک پایه,ارزیابی مفهومی,پوشش اولیه,متوسط,خطی که دو نقطه را به هم وصل می‌کند چه نام دارد؟,پاره‌خط,دایره,زاویه,نیم‌خط,A,پاره‌خط دو سر مشخص دارد.,ترنم همدلی,original,1405
یازدهم,ریاضی,هندسه,هندسه,بانک پایه,ارزیابی مفهومی,پوشش اولیه,متوسط,مرکز دایره از تمام نقاط محیط چه فاصله‌ای دارد؟,فواصل متفاوت,فاصله برابر,فاصله صفر,وابسته به محیط,B,همه شعاع‌ها برابرند.,ترنم همدلی,original,1405
یازدهم,ریاضی,آمار و احتمال,آمار و احتمال,بانک پایه,ارزیابی مفهومی,پوشش اولیه,متوسط,اگر 3x=12 باشد، x چند است؟,2,3,4,6,C,با تقسیم دو طرف بر 3، x=4 می‌شود.,ترنم همدلی,original,1405
یازدهم,ریاضی,آمار و احتمال,آمار و احتمال,بانک پایه,ارزیابی مفهومی,پوشش اولیه,متوسط,حاصل 25 درصدِ 80 کدام است؟,10,15,20,25,C,یک‌چهارم 80 برابر 20 است.,ترنم همدلی,original,1405
یازدهم,ریاضی,آمار و احتمال,آمار و احتمال,بانک پایه,ارزیابی مفهومی,پوشش اولیه,متوسط,میانگین 4، 6 و 8 کدام است؟,5,6,7,8,B,جمع 18 و تقسیم بر 3 برابر 6 است.,ترنم همدلی,original,1405
یازدهم,ریاضی,آمار و احتمال,آمار و احتمال,بانک پایه,ارزیابی مفهومی,پوشش اولیه,متوسط,کدام عدد اول است؟,21,29,35,39,B,29 فقط بر 1 و خودش بخش‌پذیر است.,ترنم همدلی,original,1405
یازدهم,ریاضی,آمار و احتمال,آمار و احتمال,بانک پایه,ارزیابی مفهومی,پوشش اولیه,متوسط,اگر طول مستطیل 8 و عرض آن 3 باشد، مساحت چند است؟,11,22,24,48,C,مساحت برابر طول ضربدر عرض است.,ترنم همدلی,original,1405
یازدهم,ریاضی,آمار و احتمال,آمار و احتمال,بانک پایه,ارزیابی مفهومی,پوشش اولیه,متوسط,احتمال آمدن عدد زوج در یک تاس سالم چقدر است؟,1/6,1/3,1/2,2/3,C,سه حالت زوج از شش حالت ممکن وجود دارد.,ترنم همدلی,original,1405
یازدهم,ریاضی,آمار و احتمال,آمار و احتمال,بانک پایه,ارزیابی مفهومی,پوشش اولیه,متوسط,کدام عبارت با توزیع‌پذیری درست است؟,2(3+4)=2×3+2×4,2(3+4)=2+3+4,2(3+4)=2×3+4,2(3+4)=6+4×2,A,ضرب در مجموع برابر مجموع ضرب‌هاست.,ترنم همدلی,original,1405
یازدهم,ریاضی,آمار و احتمال,آمار و احتمال,بانک پایه,ارزیابی مفهومی,پوشش اولیه,متوسط,اگر محیط مربع 20 باشد، طول هر ضلع چند است؟,4,5,10,20,B,محیط مربع چهار برابر ضلع است.,ترنم همدلی,original,1405
یازدهم,ریاضی,آمار و احتمال,آمار و احتمال,بانک پایه,ارزیابی مفهومی,پوشش اولیه,متوسط,کدام کسر با 1/2 برابر است؟,2/3,3/4,4/8,5/8,C,4/8 پس از ساده‌سازی 1/2 می‌شود.,ترنم همدلی,original,1405
یازدهم,ریاضی,آمار و احتمال,آمار و احتمال,بانک پایه,ارزیابی مفهومی,پوشش اولیه,متوسط,عدد 0 چه نوع عددی است؟,فقط طبیعی,فقط منفی,همزمان مثبت و منفی,نه مثبت است و نه منفی,D,صفر نه مثبت است و نه منفی.,ترنم همدلی,original,1405
یازدهم,ریاضی,فیزیک,فیزیک,بانک پایه,ارزیابی مفهومی,پوشش اولیه,متوسط,واحد مقاومت الکتریکی چیست؟,اهم,ولت,آمپر,وات,A,واحد مقاومت اهم است.,ترنم همدلی,original,1405
یازدهم,ریاضی,فیزیک,فیزیک,بانک پایه,ارزیابی مفهومی,پوشش اولیه,متوسط,اگر جسمی ساکن باشد، سرعت آن چیست؟,صفر,1,منفی,نامحدود,A,جسم ساکن سرعت صفر دارد.,ترنم همدلی,original,1405
یازدهم,ریاضی,فیزیک,فیزیک,بانک پایه,ارزیابی مفهومی,پوشش اولیه,متوسط,انرژی جنبشی به چه چیزی وابسته است؟,جرم و سرعت,فقط جرم,فقط رنگ,فقط حجم,A,انرژی جنبشی به جرم و مجذور سرعت وابسته است.,ترنم همدلی,original,1405
یازدهم,ریاضی,فیزیک,فیزیک,بانک پایه,ارزیابی مفهومی,پوشش اولیه,متوسط,فشار برابر چه نسبتی است؟,نیرو/سطح,سطح/نیرو,جرم/زمان,مسافت/زمان,A,فشار نیرو بر واحد سطح است.,ترنم همدلی,original,1405
یازدهم,ریاضی,شیمی,شیمی,بانک پایه,ارزیابی مفهومی,پوشش اولیه,متوسط,نماد شیمیایی اکسیژن چیست؟,O,C,H,N,A,نماد اکسیژن O است.,ترنم همدلی,original,1405
یازدهم,ریاضی,شیمی,شیمی,بانک پایه,ارزیابی مفهومی,پوشش اولیه,متوسط,محلول از چه اجزایی تشکیل می‌شود؟,حل‌شونده و حلال,فقط حلال,فقط جامد,فقط گاز,A,محلول شامل حلال و حل‌شونده است.,ترنم همدلی,original,1405
یازدهم,ریاضی,شیمی,شیمی,بانک پایه,ارزیابی مفهومی,پوشش اولیه,متوسط,کدام ذره بار منفی دارد؟,پروتون,نوترون,الکترون,هسته,C,الکترون بار منفی دارد.,ترنم همدلی,original,1405
یازدهم,ریاضی,شیمی,شیمی,بانک پایه,ارزیابی مفهومی,پوشش اولیه,متوسط,واحد مقدار ماده در SI چیست؟,مول,گرم,لیتر,متر,A,واحد SI مقدار ماده مول است.,ترنم همدلی,original,1405
یازدهم,تجربی,ریاضی,ریاضی,بانک پایه,ارزیابی مفهومی,پوشش اولیه,متوسط,کدام عبارت با توزیع‌پذیری درست است؟,2(3+4)=2×3+2×4,2(3+4)=2+3+4,2(3+4)=2×3+4,2(3+4)=6+4×2,A,ضرب در مجموع برابر مجموع ضرب‌هاست.,ترنم همدلی,original,1405
یازدهم,تجربی,ریاضی,ریاضی,بانک پایه,ارزیابی مفهومی,پوشش اولیه,متوسط,اگر محیط مربع 20 باشد، طول هر ضلع چند است؟,4,5,10,20,B,محیط مربع چهار برابر ضلع است.,ترنم همدلی,original,1405
یازدهم,تجربی,ریاضی,ریاضی,بانک پایه,ارزیابی مفهومی,پوشش اولیه,متوسط,کدام کسر با 1/2 برابر است؟,2/3,3/4,4/8,5/8,C,4/8 پس از ساده‌سازی 1/2 می‌شود.,ترنم همدلی,original,1405
یازدهم,تجربی,ریاضی,ریاضی,بانک پایه,ارزیابی مفهومی,پوشش اولیه,متوسط,عدد 0 چه نوع عددی است؟,فقط طبیعی,فقط منفی,همزمان مثبت و منفی,نه مثبت است و نه منفی,D,صفر نه مثبت است و نه منفی.,ترنم همدلی,original,1405
یازدهم,تجربی,زیست‌شناسی,زیست‌شناسی,بانک پایه,ارزیابی مفهومی,پوشش اولیه,متوسط,آنزیم‌ها معمولاً چه نقشی دارند؟,تسریع واکنش‌های زیستی,ذخیره نور,تولید صدا,ساخت استخوان به‌تنهایی,A,آنزیم‌ها سرعت بسیاری از واکنش‌های زیستی را افزایش می‌دهند.,ترنم همدلی,original,1405
یازدهم,تجربی,زیست‌شناسی,زیست‌شناسی,بانک پایه,ارزیابی مفهومی,پوشش اولیه,متوسط,کدام اندام بیشتر مسئول تصفیه خون و تشکیل ادرار است؟,کلیه,قلب,ریه,معده,A,کلیه‌ها خون را تصفیه می‌کنند.,ترنم همدلی,original,1405
یازدهم,تجربی,زیست‌شناسی,زیست‌شناسی,بانک پایه,ارزیابی مفهومی,پوشش اولیه,متوسط,بافت از چه چیزی ساخته می‌شود؟,مجموعه‌ای از سلول‌های مشابه با کار مشترک,فقط یک سلول,فقط اندام‌ها,فقط مواد معدنی,A,بافت مجموعه‌ای از سلول‌های مشابه با وظیفه مشترک است.,ترنم همدلی,original,1405
یازدهم,تجربی,زیست‌شناسی,زیست‌شناسی,بانک پایه,ارزیابی مفهومی,پوشش اولیه,متوسط,هم‌ایستایی یعنی چه؟,حفظ شرایط نسبتاً پایدار در بدن,رشد بدون توقف,حرکت سریع,تولید مثل,A,هم‌ایستایی حفظ تعادل درونی بدن است.,ترنم همدلی,original,1405
یازدهم,تجربی,فیزیک,فیزیک,بانک پایه,ارزیابی مفهومی,پوشش اولیه,متوسط,واحد مقاومت الکتریکی چیست؟,اهم,ولت,آمپر,وات,A,واحد مقاومت اهم است.,ترنم همدلی,original,1405
یازدهم,تجربی,فیزیک,فیزیک,بانک پایه,ارزیابی مفهومی,پوشش اولیه,متوسط,اگر جسمی ساکن باشد، سرعت آن چیست؟,صفر,1,منفی,نامحدود,A,جسم ساکن سرعت صفر دارد.,ترنم همدلی,original,1405
یازدهم,تجربی,فیزیک,فیزیک,بانک پایه,ارزیابی مفهومی,پوشش اولیه,متوسط,انرژی جنبشی به چه چیزی وابسته است؟,جرم و سرعت,فقط جرم,فقط رنگ,فقط حجم,A,انرژی جنبشی به جرم و مجذور سرعت وابسته است.,ترنم همدلی,original,1405
یازدهم,تجربی,فیزیک,فیزیک,بانک پایه,ارزیابی مفهومی,پوشش اولیه,متوسط,فشار برابر چه نسبتی است؟,نیرو/سطح,سطح/نیرو,جرم/زمان,مسافت/زمان,A,فشار نیرو بر واحد سطح است.,ترنم همدلی,original,1405
یازدهم,تجربی,شیمی,شیمی,بانک پایه,ارزیابی مفهومی,پوشش اولیه,متوسط,نماد شیمیایی اکسیژن چیست؟,O,C,H,N,A,نماد اکسیژن O است.,ترنم همدلی,original,1405
یازدهم,تجربی,شیمی,شیمی,بانک پایه,ارزیابی مفهومی,پوشش اولیه,متوسط,محلول از چه اجزایی تشکیل می‌شود؟,حل‌شونده و حلال,فقط حلال,فقط جامد,فقط گاز,A,محلول شامل حلال و حل‌شونده است.,ترنم همدلی,original,1405
یازدهم,تجربی,شیمی,شیمی,بانک پایه,ارزیابی مفهومی,پوشش اولیه,متوسط,کدام ذره بار منفی دارد؟,پروتون,نوترون,الکترون,هسته,C,الکترون بار منفی دارد.,ترنم همدلی,original,1405
یازدهم,تجربی,شیمی,شیمی,بانک پایه,ارزیابی مفهومی,پوشش اولیه,متوسط,واحد مقدار ماده در SI چیست؟,مول,گرم,لیتر,متر,A,واحد SI مقدار ماده مول است.,ترنم همدلی,original,1405
یازدهم,تجربی,زمین‌شناسی,زمین‌شناسی,بانک پایه,ارزیابی مفهومی,پوشش اولیه,متوسط,هدف اصلی آزمون این درس چیست؟,سنجش یادگیری و شناسایی نقاط قوت و ضعف,حذف مطالعه,جایگزینی کتاب,ارزیابی شخصیت,A,آزمون آموزشی باید به سنجش یادگیری و تشخیص نیازهای آموزشی کمک کند.,ترنم همدلی,original,1405
یازدهم,تجربی,زمین‌شناسی,زمین‌شناسی,بانک پایه,ارزیابی مفهومی,پوشش اولیه,متوسط,برای پاسخ دقیق به سؤال درسی بهتر است چه کرد؟,متن و مفهوم سؤال را دقیق خواند,فقط گزینه اول را زد,بدون خواندن پاسخ داد,از روی شانس انتخاب کرد,A,خواندن دقیق سؤال احتمال خطا را کاهش می‌دهد.,ترنم همدلی,original,1405
یازدهم,تجربی,زمین‌شناسی,زمین‌شناسی,بانک پایه,ارزیابی مفهومی,پوشش اولیه,متوسط,اگر پاسخ سؤال را نمی‌دانیم، بهترین کار آموزشی چیست؟,علامت‌گذاری و بررسی بعدی,حدس قطعی,رها کردن همه آزمون,انتخاب همیشگی گزینه A,A,علامت‌گذاری سؤال امکان بازگشت و یادگیری از خطا را فراهم می‌کند.,ترنم همدلی,original,1405
یازدهم,تجربی,زمین‌شناسی,زمین‌شناسی,بانک پایه,ارزیابی مفهومی,پوشش اولیه,متوسط,مرور فاصله‌دار چه کمکی می‌کند؟,تقویت یادآوری در طول زمان,حذف یادگیری,افزایش فراموشی,کاهش تمرین,A,مرور در فاصله‌های زمانی به تثبیت یادگیری کمک می‌کند.,ترنم همدلی,original,1405
یازدهم,تجربی,زمین‌شناسی,زمین‌شناسی,بانک پایه,ارزیابی مفهومی,پوشش اولیه,متوسط,تحلیل آزمون برای چیست؟,پیدا کردن الگوی خطا و نقاط ضعف,فقط دیدن نمره,حذف پاسخ‌ها,مقایسه بدون هدف,A,تحلیل باید فراتر از نمره و شامل نوع خطا باشد.,ترنم همدلی,original,1405
یازدهم,تجربی,زمین‌شناسی,زمین‌شناسی,بانک پایه,ارزیابی مفهومی,پوشش اولیه,متوسط,خطای بی‌دقتی با خطای مفهومی چه تفاوتی دارد؟,علت آن‌ها متفاوت است,هیچ تفاوتی ندارند,هر دو همیشه ناشی از حفظ نکردن‌اند,هر دو همیشه زمان‌برند,A,تشخیص علت خطا به اصلاح هدفمند کمک می‌کند.,ترنم همدلی,original,1405
یازدهم,تجربی,زمین‌شناسی,زمین‌شناسی,بانک پایه,ارزیابی مفهومی,پوشش اولیه,متوسط,سؤال تشخیصی چه هدفی دارد؟,شناخت سطح فعلی دانش‌آموز,صدور تشخیص پزشکی,رتبه‌بندی شخصیت,حذف نیاز به آموزش,A,آزمون تشخیصی برای شناخت وضعیت یادگیری طراحی می‌شود.,ترنم همدلی,original,1405
یازدهم,تجربی,زمین‌شناسی,زمین‌شناسی,بانک پایه,ارزیابی مفهومی,پوشش اولیه,متوسط,مطالعه مؤثر معمولاً با چه چیزی همراه است؟,تمرین و بازخورد,فقط خواندن بدون بازبینی,فقط حفظ کردن عنوان‌ها,حذف سؤال,A,تمرین و بازخورد به یادگیری کمک می‌کنند.,ترنم همدلی,original,1405
یازدهم,تجربی,زمین‌شناسی,زمین‌شناسی,بانک پایه,ارزیابی مفهومی,پوشش اولیه,متوسط,اگر یک مبحث ضعیف باشد، اقدام مناسب چیست؟,بازبینی مفهوم و تمرین هدفمند,حذف کامل مبحث,فقط افزایش سرعت,نادیده گرفتن خطا,A,رفع ضعف با بازآموزی و تمرین هدفمند منطقی‌تر است.,ترنم همدلی,original,1405
یازدهم,تجربی,زمین‌شناسی,زمین‌شناسی,بانک پایه,ارزیابی مفهومی,پوشش اولیه,متوسط,در یک آزمون آموزشی، توضیح پاسخ چه فایده‌ای دارد؟,کمک به فهم علت درست یا غلط بودن پاسخ,افزایش حجم بدون فایده,حذف یادگیری,جایگزینی سؤال,A,توضیح پاسخ بخش مهمی از یادگیری پس از آزمون است.,ترنم همدلی,original,1405
یازدهم,انسانی,ریاضی و آمار,ریاضی و آمار,بانک پایه,ارزیابی مفهومی,پوشش اولیه,متوسط,کدام عبارت با توزیع‌پذیری درست است؟,2(3+4)=2×3+2×4,2(3+4)=2+3+4,2(3+4)=2×3+4,2(3+4)=6+4×2,A,ضرب در مجموع برابر مجموع ضرب‌هاست.,ترنم همدلی,original,1405
یازدهم,انسانی,ریاضی و آمار,ریاضی و آمار,بانک پایه,ارزیابی مفهومی,پوشش اولیه,متوسط,اگر محیط مربع 20 باشد، طول هر ضلع چند است؟,4,5,10,20,B,محیط مربع چهار برابر ضلع است.,ترنم همدلی,original,1405
یازدهم,انسانی,ریاضی و آمار,ریاضی و آمار,بانک پایه,ارزیابی مفهومی,پوشش اولیه,متوسط,کدام کسر با 1/2 برابر است؟,2/3,3/4,4/8,5/8,C,4/8 پس از ساده‌سازی 1/2 می‌شود.,ترنم همدلی,original,1405
یازدهم,انسانی,ریاضی و آمار,ریاضی و آمار,بانک پایه,ارزیابی مفهومی,پوشش اولیه,متوسط,عدد 0 چه نوع عددی است؟,فقط طبیعی,فقط منفی,همزمان مثبت و منفی,نه مثبت است و نه منفی,D,صفر نه مثبت است و نه منفی.,ترنم همدلی,original,1405
یازدهم,انسانی,علوم و فنون ادبی,علوم و فنون ادبی,بانک پایه,ارزیابی مفهومی,پوشش اولیه,متوسط,سؤال تشخیصی چه هدفی دارد؟,شناخت سطح فعلی دانش‌آموز,صدور تشخیص پزشکی,رتبه‌بندی شخصیت,حذف نیاز به آموزش,A,آزمون تشخیصی برای شناخت وضعیت یادگیری طراحی می‌شود.,ترنم همدلی,original,1405
یازدهم,انسانی,علوم و فنون ادبی,علوم و فنون ادبی,بانک پایه,ارزیابی مفهومی,پوشش اولیه,متوسط,مطالعه مؤثر معمولاً با چه چیزی همراه است؟,تمرین و بازخورد,فقط خواندن بدون بازبینی,فقط حفظ کردن عنوان‌ها,حذف سؤال,A,تمرین و بازخورد به یادگیری کمک می‌کنند.,ترنم همدلی,original,1405
یازدهم,انسانی,علوم و فنون ادبی,علوم و فنون ادبی,بانک پایه,ارزیابی مفهومی,پوشش اولیه,متوسط,اگر یک مبحث ضعیف باشد، اقدام مناسب چیست؟,بازبینی مفهوم و تمرین هدفمند,حذف کامل مبحث,فقط افزایش سرعت,نادیده گرفتن خطا,A,رفع ضعف با بازآموزی و تمرین هدفمند منطقی‌تر است.,ترنم همدلی,original,1405
یازدهم,انسانی,علوم و فنون ادبی,علوم و فنون ادبی,بانک پایه,ارزیابی مفهومی,پوشش اولیه,متوسط,در یک آزمون آموزشی، توضیح پاسخ چه فایده‌ای دارد؟,کمک به فهم علت درست یا غلط بودن پاسخ,افزایش حجم بدون فایده,حذف یادگیری,جایگزینی سؤال,A,توضیح پاسخ بخش مهمی از یادگیری پس از آزمون است.,ترنم همدلی,original,1405
یازدهم,انسانی,عربی تخصصی,عربی تخصصی,بانک پایه,ارزیابی مفهومی,پوشش اولیه,متوسط,کدام گزینه معادل انگلیسی «کتاب» است؟,book,school,chair,water,A,book به معنی کتاب است.,ترنم همدلی,original,1405
یازدهم,انسانی,عربی تخصصی,عربی تخصصی,بانک پایه,ارزیابی مفهومی,پوشش اولیه,متوسط,کدام جمله از نظر دستوری درست است؟,She is a student.,She are a student.,She am a student.,She be a student.,A,برای فاعل مفرد سوم شخص از is استفاده می‌شود.,ترنم همدلی,original,1405
یازدهم,انسانی,عربی تخصصی,عربی تخصصی,بانک پایه,ارزیابی مفهومی,پوشش اولیه,متوسط,گذشته ساده go چیست؟,goed,went,gone,going,B,گذشته ساده go، went است.,ترنم همدلی,original,1405
یازدهم,انسانی,عربی تخصصی,عربی تخصصی,بانک پایه,ارزیابی مفهومی,پوشش اولیه,متوسط,جمع child چیست؟,childs,children,childes,childrens,B,جمع بی‌قاعده child برابر children است.,ترنم همدلی,original,1405
یازدهم,انسانی,عربی تخصصی,عربی تخصصی,بانک پایه,ارزیابی مفهومی,پوشش اولیه,متوسط,مخالف hot کدام است؟,cold,fast,high,old,A,مخالف hot، cold است.,ترنم همدلی,original,1405
یازدهم,انسانی,عربی تخصصی,عربی تخصصی,بانک پایه,ارزیابی مفهومی,پوشش اولیه,متوسط,کدام گزینه ضمیر است؟,they,book,quickly,beautiful,A,they یک ضمیر است.,ترنم همدلی,original,1405
یازدهم,انسانی,عربی تخصصی,عربی تخصصی,بانک پایه,ارزیابی مفهومی,پوشش اولیه,متوسط,برای بیان توانایی معمولاً از چه فعلی استفاده می‌شود؟,can,musted,didn't can,has,A,can برای بیان توانایی به کار می‌رود.,ترنم همدلی,original,1405
یازدهم,انسانی,عربی تخصصی,عربی تخصصی,بانک پایه,ارزیابی مفهومی,پوشش اولیه,متوسط,کدام گزینه زمان حال استمراری را نشان می‌دهد؟,is reading,read yesterday,has read,will read,A,is reading ساختار حال استمراری است.,ترنم همدلی,original,1405
یازدهم,انسانی,عربی تخصصی,عربی تخصصی,بانک پایه,ارزیابی مفهومی,پوشش اولیه,متوسط,کدام واژه به معنی «آموزش» نزدیک‌تر است؟,education,weather,window,market,A,education به معنی آموزش است.,ترنم همدلی,original,1405
یازدهم,انسانی,عربی تخصصی,عربی تخصصی,بانک پایه,ارزیابی مفهومی,پوشش اولیه,متوسط,کدام گزینه یک پرسش درست است؟,Where do you live?,Where you live?,Do where live?,Where live you do?,A,ساختار پرسش درست است.,ترنم همدلی,original,1405
یازدهم,انسانی,تاریخ,تاریخ,بانک پایه,ارزیابی مفهومی,پوشش اولیه,متوسط,مهاجرت چیست؟,جابه‌جایی برای سکونت,تغییر فصل,حرکت زمین,تغییر ساعت,A,مهاجرت جابه‌جایی افراد از مکانی به مکان دیگر برای سکونت است.,ترنم همدلی,original,1405
یازدهم,انسانی,تاریخ,تاریخ,بانک پایه,ارزیابی مفهومی,پوشش اولیه,متوسط,اقتصاد خانواده بیشتر با چه چیزی سروکار دارد؟,مدیریت منابع محدود و نیازها,فقط ورزش,فقط هنر,فقط جغرافیا,A,اقتصاد با انتخاب و مدیریت منابع محدود مرتبط است.,ترنم همدلی,original,1405
یازدهم,انسانی,تاریخ,تاریخ,بانک پایه,ارزیابی مفهومی,پوشش اولیه,متوسط,همکاری اجتماعی چه فایده‌ای دارد؟,حل بهتر مسائل مشترک,افزایش اختلاف,کاهش ارتباط,اتلاف منابع,A,همکاری می‌تواند حل مسائل مشترک را آسان‌تر کند.,ترنم همدلی,original,1405
یازدهم,انسانی,تاریخ,تاریخ,بانک پایه,ارزیابی مفهومی,پوشش اولیه,متوسط,قانون چه نقشی در جامعه دارد؟,تنظیم روابط و رفتارها,حذف همه مسئولیت‌ها,افزایش بی‌نظمی,تغییر آب‌وهوا,A,قوانین چارچوبی برای روابط اجتماعی ایجاد می‌کنند.,ترنم همدلی,original,1405
یازدهم,انسانی,جغرافیا,جغرافیا,بانک پایه,ارزیابی مفهومی,پوشش اولیه,متوسط,مهاجرت چیست؟,جابه‌جایی برای سکونت,تغییر فصل,حرکت زمین,تغییر ساعت,A,مهاجرت جابه‌جایی افراد از مکانی به مکان دیگر برای سکونت است.,ترنم همدلی,original,1405
یازدهم,انسانی,جغرافیا,جغرافیا,بانک پایه,ارزیابی مفهومی,پوشش اولیه,متوسط,اقتصاد خانواده بیشتر با چه چیزی سروکار دارد؟,مدیریت منابع محدود و نیازها,فقط ورزش,فقط هنر,فقط جغرافیا,A,اقتصاد با انتخاب و مدیریت منابع محدود مرتبط است.,ترنم همدلی,original,1405
یازدهم,انسانی,جغرافیا,جغرافیا,بانک پایه,ارزیابی مفهومی,پوشش اولیه,متوسط,همکاری اجتماعی چه فایده‌ای دارد؟,حل بهتر مسائل مشترک,افزایش اختلاف,کاهش ارتباط,اتلاف منابع,A,همکاری می‌تواند حل مسائل مشترک را آسان‌تر کند.,ترنم همدلی,original,1405
یازدهم,انسانی,جغرافیا,جغرافیا,بانک پایه,ارزیابی مفهومی,پوشش اولیه,متوسط,قانون چه نقشی در جامعه دارد؟,تنظیم روابط و رفتارها,حذف همه مسئولیت‌ها,افزایش بی‌نظمی,تغییر آب‌وهوا,A,قوانین چارچوبی برای روابط اجتماعی ایجاد می‌کنند.,ترنم همدلی,original,1405
یازدهم,انسانی,جامعه‌شناسی,جامعه‌شناسی,بانک پایه,ارزیابی مفهومی,پوشش اولیه,متوسط,مهاجرت چیست؟,جابه‌جایی برای سکونت,تغییر فصل,حرکت زمین,تغییر ساعت,A,مهاجرت جابه‌جایی افراد از مکانی به مکان دیگر برای سکونت است.,ترنم همدلی,original,1405
یازدهم,انسانی,جامعه‌شناسی,جامعه‌شناسی,بانک پایه,ارزیابی مفهومی,پوشش اولیه,متوسط,اقتصاد خانواده بیشتر با چه چیزی سروکار دارد؟,مدیریت منابع محدود و نیازها,فقط ورزش,فقط هنر,فقط جغرافیا,A,اقتصاد با انتخاب و مدیریت منابع محدود مرتبط است.,ترنم همدلی,original,1405
یازدهم,انسانی,جامعه‌شناسی,جامعه‌شناسی,بانک پایه,ارزیابی مفهومی,پوشش اولیه,متوسط,همکاری اجتماعی چه فایده‌ای دارد؟,حل بهتر مسائل مشترک,افزایش اختلاف,کاهش ارتباط,اتلاف منابع,A,همکاری می‌تواند حل مسائل مشترک را آسان‌تر کند.,ترنم همدلی,original,1405
یازدهم,انسانی,جامعه‌شناسی,جامعه‌شناسی,بانک پایه,ارزیابی مفهومی,پوشش اولیه,متوسط,قانون چه نقشی در جامعه دارد؟,تنظیم روابط و رفتارها,حذف همه مسئولیت‌ها,افزایش بی‌نظمی,تغییر آب‌وهوا,A,قوانین چارچوبی برای روابط اجتماعی ایجاد می‌کنند.,ترنم همدلی,original,1405
یازدهم,انسانی,فلسفه,فلسفه,بانک پایه,ارزیابی مفهومی,پوشش اولیه,متوسط,هیجان چیست؟,پاسخ روانی و بدنی به موقعیت‌ها,فقط یک عدد,یک درس مدرسه,یک وسیله,A,هیجان شامل تجربه روانی و تغییرات بدنی است.,ترنم همدلی,original,1405
یازدهم,انسانی,فلسفه,فلسفه,بانک پایه,ارزیابی مفهومی,پوشش اولیه,متوسط,خودآگاهی یعنی چه؟,شناخت افکار، احساسات و ویژگی‌های خود,نادیده گرفتن خود,قضاوت دیگران,حذف احساسات,A,خودآگاهی شناخت وضعیت و ویژگی‌های خود است.,ترنم همدلی,original,1405
یازدهم,انسانی,فلسفه,فلسفه,بانک پایه,ارزیابی مفهومی,پوشش اولیه,متوسط,استرس همیشه به چه معنا نیست؟,بیماری,هر فشار روانی لزوماً بیماری نیست,واکنش به فشار می‌تواند طبیعی باشد,می‌تواند با سازگاری همراه باشد,A,استرس به خودی خود معادل تشخیص بیماری نیست.,ترنم همدلی,original,1405
یازدهم,انسانی,فلسفه,فلسفه,بانک پایه,ارزیابی مفهومی,پوشش اولیه,متوسط,هدف‌گذاری در یادگیری چه فایده‌ای دارد؟,جهت‌دهی به تلاش و امکان پیگیری پیشرفت,حذف برنامه,کاهش تمرکز,توقف یادگیری,A,هدف روشن مسیر تلاش و ارزیابی پیشرفت را مشخص می‌کند.,ترنم همدلی,original,1405
یازدهم,انسانی,روان‌شناسی,روان‌شناسی,بانک پایه,ارزیابی مفهومی,پوشش اولیه,متوسط,هیجان چیست؟,پاسخ روانی و بدنی به موقعیت‌ها,فقط یک عدد,یک درس مدرسه,یک وسیله,A,هیجان شامل تجربه روانی و تغییرات بدنی است.,ترنم همدلی,original,1405
یازدهم,انسانی,روان‌شناسی,روان‌شناسی,بانک پایه,ارزیابی مفهومی,پوشش اولیه,متوسط,خودآگاهی یعنی چه؟,شناخت افکار، احساسات و ویژگی‌های خود,نادیده گرفتن خود,قضاوت دیگران,حذف احساسات,A,خودآگاهی شناخت وضعیت و ویژگی‌های خود است.,ترنم همدلی,original,1405
یازدهم,انسانی,روان‌شناسی,روان‌شناسی,بانک پایه,ارزیابی مفهومی,پوشش اولیه,متوسط,استرس همیشه به چه معنا نیست؟,بیماری,هر فشار روانی لزوماً بیماری نیست,واکنش به فشار می‌تواند طبیعی باشد,می‌تواند با سازگاری همراه باشد,A,استرس به خودی خود معادل تشخیص بیماری نیست.,ترنم همدلی,original,1405
یازدهم,انسانی,روان‌شناسی,روان‌شناسی,بانک پایه,ارزیابی مفهومی,پوشش اولیه,متوسط,هدف‌گذاری در یادگیری چه فایده‌ای دارد؟,جهت‌دهی به تلاش و امکان پیگیری پیشرفت,حذف برنامه,کاهش تمرکز,توقف یادگیری,A,هدف روشن مسیر تلاش و ارزیابی پیشرفت را مشخص می‌کند.,ترنم همدلی,original,1405
یازدهم,هنر,درک عمومی هنر,درک عمومی هنر,بانک پایه,ارزیابی مفهومی,پوشش اولیه,متوسط,خط در طراحی چه نقشی دارد؟,ایجاد مسیر و ساختار بصری,فقط ایجاد صدا,اندازه‌گیری دما,محاسبه سرعت,A,خط یکی از عناصر اصلی سازمان‌دهی تصویر است.,ترنم همدلی,original,1405
یازدهم,هنر,درک عمومی هنر,درک عمومی هنر,بانک پایه,ارزیابی مفهومی,پوشش اولیه,متوسط,رنگ‌های اصلی سنتی کدام‌اند؟,قرمز، زرد، آبی,سبز، بنفش، نارنجی,سفید، سیاه، خاکستری,قهوه‌ای، صورتی، فیروزه‌ای,A,در مدل رایج رنگدانه‌ای، قرمز، زرد و آبی به عنوان رنگ‌های اصلی معرفی می‌شوند.,ترنم همدلی,original,1405
یازدهم,هنر,درک عمومی هنر,درک عمومی هنر,بانک پایه,ارزیابی مفهومی,پوشش اولیه,متوسط,پرسپکتیو برای چه استفاده می‌شود؟,نمایش عمق و فاصله,افزایش صدا,تعیین وزن,محاسبه زمان,A,پرسپکتیو به نمایش فضایی و عمق کمک می‌کند.,ترنم همدلی,original,1405
یازدهم,هنر,درک عمومی هنر,درک عمومی هنر,بانک پایه,ارزیابی مفهومی,پوشش اولیه,متوسط,ترکیب‌بندی به چه مربوط است؟,چیدمان عناصر در اثر,نوع کاغذ فقط,اندازه قاب فقط,رنگ یک عنصر,A,ترکیب‌بندی سازمان‌دهی عناصر بصری است.,ترنم همدلی,original,1405
یازدهم,هنر,درک عمومی هنر,درک عمومی هنر,بانک پایه,ارزیابی مفهومی,پوشش اولیه,متوسط,کنتراست یعنی چه؟,تفاوت قابل توجه میان عناصر,یکسانی کامل,حذف رنگ,تکرار عنوان,A,کنتراست با تفاوت میان عناصر شناخته می‌شود.,ترنم همدلی,original,1405
یازدهم,هنر,درک عمومی هنر,درک عمومی هنر,بانک پایه,ارزیابی مفهومی,پوشش اولیه,متوسط,طراحی مشاهده‌ای بر چه چیزی تکیه دارد؟,دقت در مشاهده موضوع,حدس تصادفی,حفظ متن,تغییر صدا,A,مشاهده دقیق پایه طراحی مشاهده‌ای است.,ترنم همدلی,original,1405
یازدهم,هنر,درک عمومی هنر,درک عمومی هنر,بانک پایه,ارزیابی مفهومی,پوشش اولیه,متوسط,بافت در هنر چه چیزی را تداعی می‌کند؟,کیفیت سطح,زمان,سرعت,صدا,A,بافت کیفیت بصری یا لمسی سطح را نشان می‌دهد.,ترنم همدلی,original,1405
یازدهم,هنر,درک عمومی هنر,درک عمومی هنر,بانک پایه,ارزیابی مفهومی,پوشش اولیه,متوسط,تعادل در ترکیب‌بندی یعنی چه؟,توزیع مناسب وزن بصری,حذف همه عناصر,تکرار یک رنگ,تغییر اندازه کاغذ,A,تعادل به توزیع وزن بصری عناصر مربوط است.,ترنم همدلی,original,1405
یازدهم,هنر,درک عمومی هنر,درک عمومی هنر,بانک پایه,ارزیابی مفهومی,پوشش اولیه,متوسط,فرم سه‌بعدی چه ویژگی دارد؟,طول، عرض و عمق,فقط طول,فقط رنگ,فقط خط,A,فرم سه‌بعدی دارای طول، عرض و عمق است.,ترنم همدلی,original,1405
یازدهم,هنر,درک عمومی هنر,درک عمومی هنر,بانک پایه,ارزیابی مفهومی,پوشش اولیه,متوسط,اسکیس بیشتر برای چه کاربردی است؟,ثبت سریع ایده و مشاهده,چاپ نهایی همیشه,حذف ایده‌ها,اندازه‌گیری دما,A,اسکیس ابزاری سریع برای ثبت ایده است.,ترنم همدلی,original,1405
یازدهم,هنر,درک عمومی ریاضی-فیزیک,درک عمومی ریاضی-فیزیک,بانک پایه,ارزیابی مفهومی,پوشش اولیه,متوسط,واحد نیرو در SI چیست؟,ژول,نیوتن,وات,پاسکال,B,واحد نیرو نیوتن است.,ترنم همدلی,original,1405
یازدهم,هنر,درک عمومی ریاضی-فیزیک,درک عمومی ریاضی-فیزیک,بانک پایه,ارزیابی مفهومی,پوشش اولیه,متوسط,سرعت متوسط از چه رابطه‌ای به دست می‌آید؟,زمان/مسافت,مسافت/زمان,جرم/حجم,نیرو/جرم,B,سرعت متوسط مسافت تقسیم بر زمان است.,ترنم همدلی,original,1405
یازدهم,هنر,درک عمومی ریاضی-فیزیک,درک عمومی ریاضی-فیزیک,بانک پایه,ارزیابی مفهومی,پوشش اولیه,متوسط,واحد انرژی چیست؟,نیوتن,ژول,ولت,آمپر,B,واحد انرژی ژول است.,ترنم همدلی,original,1405
یازدهم,هنر,درک عمومی ریاضی-فیزیک,درک عمومی ریاضی-فیزیک,بانک پایه,ارزیابی مفهومی,پوشش اولیه,متوسط,اگر جرم جسم بیشتر شود، با نیروی ثابت شتاب چه تغییری می‌کند؟,بیشتر می‌شود,کمتر می‌شود,همیشه ثابت می‌ماند,صفر می‌شود,B,طبق قانون دوم نیوتن با جرم بیشتر شتاب کمتر می‌شود.,ترنم همدلی,original,1405
یازدهم,هنر,درک عمومی ریاضی-فیزیک,درک عمومی ریاضی-فیزیک,بانک پایه,ارزیابی مفهومی,پوشش اولیه,متوسط,توان به چه چیزی مربوط است؟,انجام کار در واحد زمان,جرم در واحد حجم,مسافت در واحد زمان,نیرو در واحد سطح,A,توان نرخ انجام کار است.,ترنم همدلی,original,1405
یازدهم,هنر,درک عمومی ریاضی-فیزیک,درک عمومی ریاضی-فیزیک,بانک پایه,ارزیابی مفهومی,پوشش اولیه,متوسط,در مدار سری، جریان در اجزای متوالی چگونه است؟,یکسان,همیشه صفر,متفاوت,نامحدود,A,در مدار سری جریان یکسان است.,ترنم همدلی,original,1405
یازدهم,هنر,درک عمومی ریاضی-فیزیک,درک عمومی ریاضی-فیزیک,بانک پایه,ارزیابی مفهومی,پوشش اولیه,متوسط,واحد مقاومت الکتریکی چیست؟,اهم,ولت,آمپر,وات,A,واحد مقاومت اهم است.,ترنم همدلی,original,1405
یازدهم,هنر,درک عمومی ریاضی-فیزیک,درک عمومی ریاضی-فیزیک,بانک پایه,ارزیابی مفهومی,پوشش اولیه,متوسط,اگر جسمی ساکن باشد، سرعت آن چیست؟,صفر,1,منفی,نامحدود,A,جسم ساکن سرعت صفر دارد.,ترنم همدلی,original,1405
یازدهم,هنر,درک عمومی ریاضی-فیزیک,درک عمومی ریاضی-فیزیک,بانک پایه,ارزیابی مفهومی,پوشش اولیه,متوسط,انرژی جنبشی به چه چیزی وابسته است؟,جرم و سرعت,فقط جرم,فقط رنگ,فقط حجم,A,انرژی جنبشی به جرم و مجذور سرعت وابسته است.,ترنم همدلی,original,1405
یازدهم,هنر,درک عمومی ریاضی-فیزیک,درک عمومی ریاضی-فیزیک,بانک پایه,ارزیابی مفهومی,پوشش اولیه,متوسط,فشار برابر چه نسبتی است؟,نیرو/سطح,سطح/نیرو,جرم/زمان,مسافت/زمان,A,فشار نیرو بر واحد سطح است.,ترنم همدلی,original,1405
یازدهم,هنر,خلاقیت تصویری و تجسمی,خلاقیت تصویری و تجسمی,بانک پایه,ارزیابی مفهومی,پوشش اولیه,متوسط,خط در طراحی چه نقشی دارد؟,ایجاد مسیر و ساختار بصری,فقط ایجاد صدا,اندازه‌گیری دما,محاسبه سرعت,A,خط یکی از عناصر اصلی سازمان‌دهی تصویر است.,ترنم همدلی,original,1405
یازدهم,هنر,خلاقیت تصویری و تجسمی,خلاقیت تصویری و تجسمی,بانک پایه,ارزیابی مفهومی,پوشش اولیه,متوسط,رنگ‌های اصلی سنتی کدام‌اند؟,قرمز، زرد، آبی,سبز، بنفش، نارنجی,سفید، سیاه، خاکستری,قهوه‌ای، صورتی، فیروزه‌ای,A,در مدل رایج رنگدانه‌ای، قرمز، زرد و آبی به عنوان رنگ‌های اصلی معرفی می‌شوند.,ترنم همدلی,original,1405
یازدهم,هنر,خلاقیت تصویری و تجسمی,خلاقیت تصویری و تجسمی,بانک پایه,ارزیابی مفهومی,پوشش اولیه,متوسط,پرسپکتیو برای چه استفاده می‌شود؟,نمایش عمق و فاصله,افزایش صدا,تعیین وزن,محاسبه زمان,A,پرسپکتیو به نمایش فضایی و عمق کمک می‌کند.,ترنم همدلی,original,1405
یازدهم,هنر,خلاقیت تصویری و تجسمی,خلاقیت تصویری و تجسمی,بانک پایه,ارزیابی مفهومی,پوشش اولیه,متوسط,ترکیب‌بندی به چه مربوط است؟,چیدمان عناصر در اثر,نوع کاغذ فقط,اندازه قاب فقط,رنگ یک عنصر,A,ترکیب‌بندی سازمان‌دهی عناصر بصری است.,ترنم همدلی,original,1405
یازدهم,هنر,خلاقیت تصویری و تجسمی,خلاقیت تصویری و تجسمی,بانک پایه,ارزیابی مفهومی,پوشش اولیه,متوسط,کنتراست یعنی چه؟,تفاوت قابل توجه میان عناصر,یکسانی کامل,حذف رنگ,تکرار عنوان,A,کنتراست با تفاوت میان عناصر شناخته می‌شود.,ترنم همدلی,original,1405
یازدهم,هنر,خلاقیت تصویری و تجسمی,خلاقیت تصویری و تجسمی,بانک پایه,ارزیابی مفهومی,پوشش اولیه,متوسط,طراحی مشاهده‌ای بر چه چیزی تکیه دارد؟,دقت در مشاهده موضوع,حدس تصادفی,حفظ متن,تغییر صدا,A,مشاهده دقیق پایه طراحی مشاهده‌ای است.,ترنم همدلی,original,1405
یازدهم,هنر,خلاقیت تصویری و تجسمی,خلاقیت تصویری و تجسمی,بانک پایه,ارزیابی مفهومی,پوشش اولیه,متوسط,بافت در هنر چه چیزی را تداعی می‌کند؟,کیفیت سطح,زمان,سرعت,صدا,A,بافت کیفیت بصری یا لمسی سطح را نشان می‌دهد.,ترنم همدلی,original,1405
یازدهم,هنر,خلاقیت تصویری و تجسمی,خلاقیت تصویری و تجسمی,بانک پایه,ارزیابی مفهومی,پوشش اولیه,متوسط,تعادل در ترکیب‌بندی یعنی چه؟,توزیع مناسب وزن بصری,حذف همه عناصر,تکرار یک رنگ,تغییر اندازه کاغذ,A,تعادل به توزیع وزن بصری عناصر مربوط است.,ترنم همدلی,original,1405
یازدهم,هنر,خلاقیت تصویری و تجسمی,خلاقیت تصویری و تجسمی,بانک پایه,ارزیابی مفهومی,پوشش اولیه,متوسط,فرم سه‌بعدی چه ویژگی دارد؟,طول، عرض و عمق,فقط طول,فقط رنگ,فقط خط,A,فرم سه‌بعدی دارای طول، عرض و عمق است.,ترنم همدلی,original,1405
یازدهم,هنر,خلاقیت تصویری و تجسمی,خلاقیت تصویری و تجسمی,بانک پایه,ارزیابی مفهومی,پوشش اولیه,متوسط,اسکیس بیشتر برای چه کاربردی است؟,ثبت سریع ایده و مشاهده,چاپ نهایی همیشه,حذف ایده‌ها,اندازه‌گیری دما,A,اسکیس ابزاری سریع برای ثبت ایده است.,ترنم همدلی,original,1405
یازدهم,زبان,زبان تخصصی,زبان تخصصی,بانک پایه,ارزیابی مفهومی,پوشش اولیه,متوسط,کدام گزینه معادل انگلیسی «کتاب» است؟,book,school,chair,water,A,book به معنی کتاب است.,ترنم همدلی,original,1405
یازدهم,زبان,زبان تخصصی,زبان تخصصی,بانک پایه,ارزیابی مفهومی,پوشش اولیه,متوسط,کدام جمله از نظر دستوری درست است؟,She is a student.,She are a student.,She am a student.,She be a student.,A,برای فاعل مفرد سوم شخص از is استفاده می‌شود.,ترنم همدلی,original,1405
یازدهم,زبان,زبان تخصصی,زبان تخصصی,بانک پایه,ارزیابی مفهومی,پوشش اولیه,متوسط,گذشته ساده go چیست؟,goed,went,gone,going,B,گذشته ساده go، went است.,ترنم همدلی,original,1405
یازدهم,زبان,زبان تخصصی,زبان تخصصی,بانک پایه,ارزیابی مفهومی,پوشش اولیه,متوسط,جمع child چیست؟,childs,children,childes,childrens,B,جمع بی‌قاعده child برابر children است.,ترنم همدلی,original,1405
یازدهم,زبان,زبان تخصصی,زبان تخصصی,بانک پایه,ارزیابی مفهومی,پوشش اولیه,متوسط,مخالف hot کدام است؟,cold,fast,high,old,A,مخالف hot، cold است.,ترنم همدلی,original,1405
یازدهم,زبان,زبان تخصصی,زبان تخصصی,بانک پایه,ارزیابی مفهومی,پوشش اولیه,متوسط,کدام گزینه ضمیر است؟,they,book,quickly,beautiful,A,they یک ضمیر است.,ترنم همدلی,original,1405
یازدهم,زبان,زبان تخصصی,زبان تخصصی,بانک پایه,ارزیابی مفهومی,پوشش اولیه,متوسط,برای بیان توانایی معمولاً از چه فعلی استفاده می‌شود؟,can,musted,didn't can,has,A,can برای بیان توانایی به کار می‌رود.,ترنم همدلی,original,1405
یازدهم,زبان,زبان تخصصی,زبان تخصصی,بانک پایه,ارزیابی مفهومی,پوشش اولیه,متوسط,کدام گزینه زمان حال استمراری را نشان می‌دهد؟,is reading,read yesterday,has read,will read,A,is reading ساختار حال استمراری است.,ترنم همدلی,original,1405
یازدهم,زبان,زبان تخصصی,زبان تخصصی,بانک پایه,ارزیابی مفهومی,پوشش اولیه,متوسط,کدام واژه به معنی «آموزش» نزدیک‌تر است؟,education,weather,window,market,A,education به معنی آموزش است.,ترنم همدلی,original,1405
یازدهم,زبان,زبان تخصصی,زبان تخصصی,بانک پایه,ارزیابی مفهومی,پوشش اولیه,متوسط,کدام گزینه یک پرسش درست است؟,Where do you live?,Where you live?,Do where live?,Where live you do?,A,ساختار پرسش درست است.,ترنم همدلی,original,1405
دوازدهم,ریاضی,حسابان,حسابان,بانک پایه,ارزیابی مفهومی,پوشش اولیه,متوسط,اگر 3x=12 باشد، x چند است؟,2,3,4,6,C,با تقسیم دو طرف بر 3، x=4 می‌شود.,ترنم همدلی,original,1405
دوازدهم,ریاضی,حسابان,حسابان,بانک پایه,ارزیابی مفهومی,پوشش اولیه,متوسط,حاصل 25 درصدِ 80 کدام است؟,10,15,20,25,C,یک‌چهارم 80 برابر 20 است.,ترنم همدلی,original,1405
دوازدهم,ریاضی,حسابان,حسابان,بانک پایه,ارزیابی مفهومی,پوشش اولیه,متوسط,میانگین 4، 6 و 8 کدام است؟,5,6,7,8,B,جمع 18 و تقسیم بر 3 برابر 6 است.,ترنم همدلی,original,1405
دوازدهم,ریاضی,حسابان,حسابان,بانک پایه,ارزیابی مفهومی,پوشش اولیه,متوسط,کدام عدد اول است؟,21,29,35,39,B,29 فقط بر 1 و خودش بخش‌پذیر است.,ترنم همدلی,original,1405
دوازدهم,ریاضی,حسابان,حسابان,بانک پایه,ارزیابی مفهومی,پوشش اولیه,متوسط,اگر طول مستطیل 8 و عرض آن 3 باشد، مساحت چند است؟,11,22,24,48,C,مساحت برابر طول ضربدر عرض است.,ترنم همدلی,original,1405
دوازدهم,ریاضی,حسابان,حسابان,بانک پایه,ارزیابی مفهومی,پوشش اولیه,متوسط,احتمال آمدن عدد زوج در یک تاس سالم چقدر است؟,1/6,1/3,1/2,2/3,C,سه حالت زوج از شش حالت ممکن وجود دارد.,ترنم همدلی,original,1405
دوازدهم,ریاضی,حسابان,حسابان,بانک پایه,ارزیابی مفهومی,پوشش اولیه,متوسط,کدام عبارت با توزیع‌پذیری درست است؟,2(3+4)=2×3+2×4,2(3+4)=2+3+4,2(3+4)=2×3+4,2(3+4)=6+4×2,A,ضرب در مجموع برابر مجموع ضرب‌هاست.,ترنم همدلی,original,1405
دوازدهم,ریاضی,حسابان,حسابان,بانک پایه,ارزیابی مفهومی,پوشش اولیه,متوسط,اگر محیط مربع 20 باشد، طول هر ضلع چند است؟,4,5,10,20,B,محیط مربع چهار برابر ضلع است.,ترنم همدلی,original,1405
دوازدهم,ریاضی,حسابان,حسابان,بانک پایه,ارزیابی مفهومی,پوشش اولیه,متوسط,کدام کسر با 1/2 برابر است؟,2/3,3/4,4/8,5/8,C,4/8 پس از ساده‌سازی 1/2 می‌شود.,ترنم همدلی,original,1405
دوازدهم,ریاضی,حسابان,حسابان,بانک پایه,ارزیابی مفهومی,پوشش اولیه,متوسط,عدد 0 چه نوع عددی است؟,فقط طبیعی,فقط منفی,همزمان مثبت و منفی,نه مثبت است و نه منفی,D,صفر نه مثبت است و نه منفی.,ترنم همدلی,original,1405
دوازدهم,ریاضی,هندسه,هندسه,بانک پایه,ارزیابی مفهومی,پوشش اولیه,متوسط,مجموع زاویه‌های داخلی مثلث چند درجه است؟,90,180,270,360,B,مجموع زاویه‌های داخلی هر مثلث 180 درجه است.,ترنم همدلی,original,1405
دوازدهم,ریاضی,هندسه,هندسه,بانک پایه,ارزیابی مفهومی,پوشش اولیه,متوسط,مثلثی با سه ضلع برابر چه نام دارد؟,قائم‌الزاویه,متساوی‌الساقین,متساوی‌الاضلاع,منفرجه,C,در مثلث متساوی‌الاضلاع هر سه ضلع برابرند.,ترنم همدلی,original,1405
دوازدهم,ریاضی,هندسه,هندسه,بانک پایه,ارزیابی مفهومی,پوشش اولیه,متوسط,قطر دایره چه ارتباطی با شعاع دارد؟,نصف شعاع,برابر شعاع,دو برابر شعاع,سه برابر شعاع,C,قطر دو برابر شعاع است.,ترنم همدلی,original,1405
دوازدهم,ریاضی,هندسه,هندسه,بانک پایه,ارزیابی مفهومی,پوشش اولیه,متوسط,زاویه قائمه چند درجه است؟,45,90,120,180,B,زاویه قائمه 90 درجه است.,ترنم همدلی,original,1405
دوازدهم,ریاضی,هندسه,هندسه,بانک پایه,ارزیابی مفهومی,پوشش اولیه,متوسط,اگر دو خط موازی باشند، فاصله عمودی آن‌ها چگونه است؟,ثابت,همیشه صفر,متغیر,نامحدود,A,فاصله عمودی بین دو خط موازی ثابت است.,ترنم همدلی,original,1405
دوازدهم,ریاضی,هندسه,هندسه,بانک پایه,ارزیابی مفهومی,پوشش اولیه,متوسط,وتر مثلث قائم‌الزاویه کدام ضلع است؟,ضلع مقابل زاویه قائمه,کوچک‌ترین ضلع,ضلع مجاور زاویه قائمه,هیچ‌کدام,A,وتر مقابل زاویه 90 درجه قرار دارد.,ترنم همدلی,original,1405
دوازدهم,ریاضی,هندسه,هندسه,بانک پایه,ارزیابی مفهومی,پوشش اولیه,متوسط,مساحت مثلث با قاعده b و ارتفاع h چیست؟,bh,2bh,bh/2,b+h,C,مساحت مثلث نصف حاصل‌ضرب قاعده و ارتفاع است.,ترنم همدلی,original,1405
دوازدهم,ریاضی,هندسه,هندسه,بانک پایه,ارزیابی مفهومی,پوشش اولیه,متوسط,دو زاویه متمم مجموعاً چند درجه‌اند؟,90,180,270,360,A,زاویه‌های متمم مجموع 90 درجه دارند.,ترنم همدلی,original,1405
دوازدهم,ریاضی,هندسه,هندسه,بانک پایه,ارزیابی مفهومی,پوشش اولیه,متوسط,خطی که دو نقطه را به هم وصل می‌کند چه نام دارد؟,پاره‌خط,دایره,زاویه,نیم‌خط,A,پاره‌خط دو سر مشخص دارد.,ترنم همدلی,original,1405
دوازدهم,ریاضی,هندسه,هندسه,بانک پایه,ارزیابی مفهومی,پوشش اولیه,متوسط,مرکز دایره از تمام نقاط محیط چه فاصله‌ای دارد؟,فواصل متفاوت,فاصله برابر,فاصله صفر,وابسته به محیط,B,همه شعاع‌ها برابرند.,ترنم همدلی,original,1405
دوازدهم,ریاضی,ریاضیات گسسته,ریاضیات گسسته,بانک پایه,ارزیابی مفهومی,پوشش اولیه,متوسط,اگر 3x=12 باشد، x چند است؟,2,3,4,6,C,با تقسیم دو طرف بر 3، x=4 می‌شود.,ترنم همدلی,original,1405
دوازدهم,ریاضی,ریاضیات گسسته,ریاضیات گسسته,بانک پایه,ارزیابی مفهومی,پوشش اولیه,متوسط,حاصل 25 درصدِ 80 کدام است؟,10,15,20,25,C,یک‌چهارم 80 برابر 20 است.,ترنم همدلی,original,1405
دوازدهم,ریاضی,ریاضیات گسسته,ریاضیات گسسته,بانک پایه,ارزیابی مفهومی,پوشش اولیه,متوسط,میانگین 4، 6 و 8 کدام است؟,5,6,7,8,B,جمع 18 و تقسیم بر 3 برابر 6 است.,ترنم همدلی,original,1405
دوازدهم,ریاضی,ریاضیات گسسته,ریاضیات گسسته,بانک پایه,ارزیابی مفهومی,پوشش اولیه,متوسط,کدام عدد اول است؟,21,29,35,39,B,29 فقط بر 1 و خودش بخش‌پذیر است.,ترنم همدلی,original,1405
دوازدهم,ریاضی,ریاضیات گسسته,ریاضیات گسسته,بانک پایه,ارزیابی مفهومی,پوشش اولیه,متوسط,اگر طول مستطیل 8 و عرض آن 3 باشد، مساحت چند است؟,11,22,24,48,C,مساحت برابر طول ضربدر عرض است.,ترنم همدلی,original,1405
دوازدهم,ریاضی,ریاضیات گسسته,ریاضیات گسسته,بانک پایه,ارزیابی مفهومی,پوشش اولیه,متوسط,احتمال آمدن عدد زوج در یک تاس سالم چقدر است؟,1/6,1/3,1/2,2/3,C,سه حالت زوج از شش حالت ممکن وجود دارد.,ترنم همدلی,original,1405
دوازدهم,ریاضی,ریاضیات گسسته,ریاضیات گسسته,بانک پایه,ارزیابی مفهومی,پوشش اولیه,متوسط,کدام عبارت با توزیع‌پذیری درست است؟,2(3+4)=2×3+2×4,2(3+4)=2+3+4,2(3+4)=2×3+4,2(3+4)=6+4×2,A,ضرب در مجموع برابر مجموع ضرب‌هاست.,ترنم همدلی,original,1405
دوازدهم,ریاضی,ریاضیات گسسته,ریاضیات گسسته,بانک پایه,ارزیابی مفهومی,پوشش اولیه,متوسط,اگر محیط مربع 20 باشد، طول هر ضلع چند است؟,4,5,10,20,B,محیط مربع چهار برابر ضلع است.,ترنم همدلی,original,1405
دوازدهم,ریاضی,ریاضیات گسسته,ریاضیات گسسته,بانک پایه,ارزیابی مفهومی,پوشش اولیه,متوسط,کدام کسر با 1/2 برابر است؟,2/3,3/4,4/8,5/8,C,4/8 پس از ساده‌سازی 1/2 می‌شود.,ترنم همدلی,original,1405
دوازدهم,ریاضی,ریاضیات گسسته,ریاضیات گسسته,بانک پایه,ارزیابی مفهومی,پوشش اولیه,متوسط,عدد 0 چه نوع عددی است؟,فقط طبیعی,فقط منفی,همزمان مثبت و منفی,نه مثبت است و نه منفی,D,صفر نه مثبت است و نه منفی.,ترنم همدلی,original,1405
دوازدهم,انسانی,علوم و فنون ادبی,علوم و فنون ادبی,بانک پایه,ارزیابی مفهومی,پوشش اولیه,متوسط,سؤال تشخیصی چه هدفی دارد؟,شناخت سطح فعلی دانش‌آموز,صدور تشخیص پزشکی,رتبه‌بندی شخصیت,حذف نیاز به آموزش,A,آزمون تشخیصی برای شناخت وضعیت یادگیری طراحی می‌شود.,ترنم همدلی,original,1405
دوازدهم,انسانی,علوم و فنون ادبی,علوم و فنون ادبی,بانک پایه,ارزیابی مفهومی,پوشش اولیه,متوسط,مطالعه مؤثر معمولاً با چه چیزی همراه است؟,تمرین و بازخورد,فقط خواندن بدون بازبینی,فقط حفظ کردن عنوان‌ها,حذف سؤال,A,تمرین و بازخورد به یادگیری کمک می‌کنند.,ترنم همدلی,original,1405
دوازدهم,انسانی,علوم و فنون ادبی,علوم و فنون ادبی,بانک پایه,ارزیابی مفهومی,پوشش اولیه,متوسط,اگر یک مبحث ضعیف باشد، اقدام مناسب چیست؟,بازبینی مفهوم و تمرین هدفمند,حذف کامل مبحث,فقط افزایش سرعت,نادیده گرفتن خطا,A,رفع ضعف با بازآموزی و تمرین هدفمند منطقی‌تر است.,ترنم همدلی,original,1405
دوازدهم,انسانی,علوم و فنون ادبی,علوم و فنون ادبی,بانک پایه,ارزیابی مفهومی,پوشش اولیه,متوسط,در یک آزمون آموزشی، توضیح پاسخ چه فایده‌ای دارد؟,کمک به فهم علت درست یا غلط بودن پاسخ,افزایش حجم بدون فایده,حذف یادگیری,جایگزینی سؤال,A,توضیح پاسخ بخش مهمی از یادگیری پس از آزمون است.,ترنم همدلی,original,1405
دوازدهم,انسانی,عربی تخصصی,عربی تخصصی,بانک پایه,ارزیابی مفهومی,پوشش اولیه,متوسط,کدام گزینه معادل انگلیسی «کتاب» است؟,book,school,chair,water,A,book به معنی کتاب است.,ترنم همدلی,original,1405
دوازدهم,انسانی,عربی تخصصی,عربی تخصصی,بانک پایه,ارزیابی مفهومی,پوشش اولیه,متوسط,کدام جمله از نظر دستوری درست است؟,She is a student.,She are a student.,She am a student.,She be a student.,A,برای فاعل مفرد سوم شخص از is استفاده می‌شود.,ترنم همدلی,original,1405
دوازدهم,انسانی,عربی تخصصی,عربی تخصصی,بانک پایه,ارزیابی مفهومی,پوشش اولیه,متوسط,گذشته ساده go چیست؟,goed,went,gone,going,B,گذشته ساده go، went است.,ترنم همدلی,original,1405
دوازدهم,انسانی,عربی تخصصی,عربی تخصصی,بانک پایه,ارزیابی مفهومی,پوشش اولیه,متوسط,جمع child چیست؟,childs,children,childes,childrens,B,جمع بی‌قاعده child برابر children است.,ترنم همدلی,original,1405
دوازدهم,انسانی,عربی تخصصی,عربی تخصصی,بانک پایه,ارزیابی مفهومی,پوشش اولیه,متوسط,مخالف hot کدام است؟,cold,fast,high,old,A,مخالف hot، cold است.,ترنم همدلی,original,1405
دوازدهم,انسانی,عربی تخصصی,عربی تخصصی,بانک پایه,ارزیابی مفهومی,پوشش اولیه,متوسط,کدام گزینه ضمیر است؟,they,book,quickly,beautiful,A,they یک ضمیر است.,ترنم همدلی,original,1405
دوازدهم,انسانی,عربی تخصصی,عربی تخصصی,بانک پایه,ارزیابی مفهومی,پوشش اولیه,متوسط,برای بیان توانایی معمولاً از چه فعلی استفاده می‌شود؟,can,musted,didn't can,has,A,can برای بیان توانایی به کار می‌رود.,ترنم همدلی,original,1405
دوازدهم,انسانی,عربی تخصصی,عربی تخصصی,بانک پایه,ارزیابی مفهومی,پوشش اولیه,متوسط,کدام گزینه زمان حال استمراری را نشان می‌دهد؟,is reading,read yesterday,has read,will read,A,is reading ساختار حال استمراری است.,ترنم همدلی,original,1405
دوازدهم,انسانی,عربی تخصصی,عربی تخصصی,بانک پایه,ارزیابی مفهومی,پوشش اولیه,متوسط,کدام واژه به معنی «آموزش» نزدیک‌تر است؟,education,weather,window,market,A,education به معنی آموزش است.,ترنم همدلی,original,1405
دوازدهم,انسانی,عربی تخصصی,عربی تخصصی,بانک پایه,ارزیابی مفهومی,پوشش اولیه,متوسط,کدام گزینه یک پرسش درست است؟,Where do you live?,Where you live?,Do where live?,Where live you do?,A,ساختار پرسش درست است.,ترنم همدلی,original,1405
دوازدهم,انسانی,تاریخ,تاریخ,بانک پایه,ارزیابی مفهومی,پوشش اولیه,متوسط,مهاجرت چیست؟,جابه‌جایی برای سکونت,تغییر فصل,حرکت زمین,تغییر ساعت,A,مهاجرت جابه‌جایی افراد از مکانی به مکان دیگر برای سکونت است.,ترنم همدلی,original,1405
دوازدهم,انسانی,تاریخ,تاریخ,بانک پایه,ارزیابی مفهومی,پوشش اولیه,متوسط,اقتصاد خانواده بیشتر با چه چیزی سروکار دارد؟,مدیریت منابع محدود و نیازها,فقط ورزش,فقط هنر,فقط جغرافیا,A,اقتصاد با انتخاب و مدیریت منابع محدود مرتبط است.,ترنم همدلی,original,1405
دوازدهم,انسانی,تاریخ,تاریخ,بانک پایه,ارزیابی مفهومی,پوشش اولیه,متوسط,همکاری اجتماعی چه فایده‌ای دارد؟,حل بهتر مسائل مشترک,افزایش اختلاف,کاهش ارتباط,اتلاف منابع,A,همکاری می‌تواند حل مسائل مشترک را آسان‌تر کند.,ترنم همدلی,original,1405
دوازدهم,انسانی,تاریخ,تاریخ,بانک پایه,ارزیابی مفهومی,پوشش اولیه,متوسط,قانون چه نقشی در جامعه دارد؟,تنظیم روابط و رفتارها,حذف همه مسئولیت‌ها,افزایش بی‌نظمی,تغییر آب‌وهوا,A,قوانین چارچوبی برای روابط اجتماعی ایجاد می‌کنند.,ترنم همدلی,original,1405
دوازدهم,انسانی,جغرافیا,جغرافیا,بانک پایه,ارزیابی مفهومی,پوشش اولیه,متوسط,مهاجرت چیست؟,جابه‌جایی برای سکونت,تغییر فصل,حرکت زمین,تغییر ساعت,A,مهاجرت جابه‌جایی افراد از مکانی به مکان دیگر برای سکونت است.,ترنم همدلی,original,1405
دوازدهم,انسانی,جغرافیا,جغرافیا,بانک پایه,ارزیابی مفهومی,پوشش اولیه,متوسط,اقتصاد خانواده بیشتر با چه چیزی سروکار دارد؟,مدیریت منابع محدود و نیازها,فقط ورزش,فقط هنر,فقط جغرافیا,A,اقتصاد با انتخاب و مدیریت منابع محدود مرتبط است.,ترنم همدلی,original,1405
دوازدهم,انسانی,جغرافیا,جغرافیا,بانک پایه,ارزیابی مفهومی,پوشش اولیه,متوسط,همکاری اجتماعی چه فایده‌ای دارد؟,حل بهتر مسائل مشترک,افزایش اختلاف,کاهش ارتباط,اتلاف منابع,A,همکاری می‌تواند حل مسائل مشترک را آسان‌تر کند.,ترنم همدلی,original,1405
دوازدهم,انسانی,جغرافیا,جغرافیا,بانک پایه,ارزیابی مفهومی,پوشش اولیه,متوسط,قانون چه نقشی در جامعه دارد؟,تنظیم روابط و رفتارها,حذف همه مسئولیت‌ها,افزایش بی‌نظمی,تغییر آب‌وهوا,A,قوانین چارچوبی برای روابط اجتماعی ایجاد می‌کنند.,ترنم همدلی,original,1405
دوازدهم,انسانی,فلسفه,فلسفه,بانک پایه,ارزیابی مفهومی,پوشش اولیه,متوسط,هیجان چیست؟,پاسخ روانی و بدنی به موقعیت‌ها,فقط یک عدد,یک درس مدرسه,یک وسیله,A,هیجان شامل تجربه روانی و تغییرات بدنی است.,ترنم همدلی,original,1405
دوازدهم,انسانی,فلسفه,فلسفه,بانک پایه,ارزیابی مفهومی,پوشش اولیه,متوسط,خودآگاهی یعنی چه؟,شناخت افکار، احساسات و ویژگی‌های خود,نادیده گرفتن خود,قضاوت دیگران,حذف احساسات,A,خودآگاهی شناخت وضعیت و ویژگی‌های خود است.,ترنم همدلی,original,1405
دوازدهم,انسانی,فلسفه,فلسفه,بانک پایه,ارزیابی مفهومی,پوشش اولیه,متوسط,استرس همیشه به چه معنا نیست؟,بیماری,هر فشار روانی لزوماً بیماری نیست,واکنش به فشار می‌تواند طبیعی باشد,می‌تواند با سازگاری همراه باشد,A,استرس به خودی خود معادل تشخیص بیماری نیست.,ترنم همدلی,original,1405
دوازدهم,انسانی,فلسفه,فلسفه,بانک پایه,ارزیابی مفهومی,پوشش اولیه,متوسط,هدف‌گذاری در یادگیری چه فایده‌ای دارد؟,جهت‌دهی به تلاش و امکان پیگیری پیشرفت,حذف برنامه,کاهش تمرکز,توقف یادگیری,A,هدف روشن مسیر تلاش و ارزیابی پیشرفت را مشخص می‌کند.,ترنم همدلی,original,1405
دوازدهم,هنر,درک عمومی هنر,درک عمومی هنر,بانک پایه,ارزیابی مفهومی,پوشش اولیه,متوسط,خط در طراحی چه نقشی دارد؟,ایجاد مسیر و ساختار بصری,فقط ایجاد صدا,اندازه‌گیری دما,محاسبه سرعت,A,خط یکی از عناصر اصلی سازمان‌دهی تصویر است.,ترنم همدلی,original,1405
دوازدهم,هنر,درک عمومی هنر,درک عمومی هنر,بانک پایه,ارزیابی مفهومی,پوشش اولیه,متوسط,رنگ‌های اصلی سنتی کدام‌اند؟,قرمز، زرد، آبی,سبز، بنفش، نارنجی,سفید، سیاه، خاکستری,قهوه‌ای، صورتی، فیروزه‌ای,A,در مدل رایج رنگدانه‌ای، قرمز، زرد و آبی به عنوان رنگ‌های اصلی معرفی می‌شوند.,ترنم همدلی,original,1405
دوازدهم,هنر,درک عمومی هنر,درک عمومی هنر,بانک پایه,ارزیابی مفهومی,پوشش اولیه,متوسط,پرسپکتیو برای چه استفاده می‌شود؟,نمایش عمق و فاصله,افزایش صدا,تعیین وزن,محاسبه زمان,A,پرسپکتیو به نمایش فضایی و عمق کمک می‌کند.,ترنم همدلی,original,1405
دوازدهم,هنر,درک عمومی هنر,درک عمومی هنر,بانک پایه,ارزیابی مفهومی,پوشش اولیه,متوسط,ترکیب‌بندی به چه مربوط است؟,چیدمان عناصر در اثر,نوع کاغذ فقط,اندازه قاب فقط,رنگ یک عنصر,A,ترکیب‌بندی سازمان‌دهی عناصر بصری است.,ترنم همدلی,original,1405
دوازدهم,هنر,درک عمومی هنر,درک عمومی هنر,بانک پایه,ارزیابی مفهومی,پوشش اولیه,متوسط,کنتراست یعنی چه؟,تفاوت قابل توجه میان عناصر,یکسانی کامل,حذف رنگ,تکرار عنوان,A,کنتراست با تفاوت میان عناصر شناخته می‌شود.,ترنم همدلی,original,1405
دوازدهم,هنر,درک عمومی هنر,درک عمومی هنر,بانک پایه,ارزیابی مفهومی,پوشش اولیه,متوسط,طراحی مشاهده‌ای بر چه چیزی تکیه دارد؟,دقت در مشاهده موضوع,حدس تصادفی,حفظ متن,تغییر صدا,A,مشاهده دقیق پایه طراحی مشاهده‌ای است.,ترنم همدلی,original,1405
دوازدهم,هنر,درک عمومی هنر,درک عمومی هنر,بانک پایه,ارزیابی مفهومی,پوشش اولیه,متوسط,بافت در هنر چه چیزی را تداعی می‌کند؟,کیفیت سطح,زمان,سرعت,صدا,A,بافت کیفیت بصری یا لمسی سطح را نشان می‌دهد.,ترنم همدلی,original,1405
دوازدهم,هنر,درک عمومی هنر,درک عمومی هنر,بانک پایه,ارزیابی مفهومی,پوشش اولیه,متوسط,تعادل در ترکیب‌بندی یعنی چه؟,توزیع مناسب وزن بصری,حذف همه عناصر,تکرار یک رنگ,تغییر اندازه کاغذ,A,تعادل به توزیع وزن بصری عناصر مربوط است.,ترنم همدلی,original,1405
دوازدهم,هنر,درک عمومی هنر,درک عمومی هنر,بانک پایه,ارزیابی مفهومی,پوشش اولیه,متوسط,فرم سه‌بعدی چه ویژگی دارد؟,طول، عرض و عمق,فقط طول,فقط رنگ,فقط خط,A,فرم سه‌بعدی دارای طول، عرض و عمق است.,ترنم همدلی,original,1405
دوازدهم,هنر,درک عمومی هنر,درک عمومی هنر,بانک پایه,ارزیابی مفهومی,پوشش اولیه,متوسط,اسکیس بیشتر برای چه کاربردی است؟,ثبت سریع ایده و مشاهده,چاپ نهایی همیشه,حذف ایده‌ها,اندازه‌گیری دما,A,اسکیس ابزاری سریع برای ثبت ایده است.,ترنم همدلی,original,1405
دوازدهم,هنر,درک عمومی ریاضی-فیزیک,درک عمومی ریاضی-فیزیک,بانک پایه,ارزیابی مفهومی,پوشش اولیه,متوسط,واحد نیرو در SI چیست؟,ژول,نیوتن,وات,پاسکال,B,واحد نیرو نیوتن است.,ترنم همدلی,original,1405
دوازدهم,هنر,درک عمومی ریاضی-فیزیک,درک عمومی ریاضی-فیزیک,بانک پایه,ارزیابی مفهومی,پوشش اولیه,متوسط,سرعت متوسط از چه رابطه‌ای به دست می‌آید؟,زمان/مسافت,مسافت/زمان,جرم/حجم,نیرو/جرم,B,سرعت متوسط مسافت تقسیم بر زمان است.,ترنم همدلی,original,1405
دوازدهم,هنر,درک عمومی ریاضی-فیزیک,درک عمومی ریاضی-فیزیک,بانک پایه,ارزیابی مفهومی,پوشش اولیه,متوسط,واحد انرژی چیست؟,نیوتن,ژول,ولت,آمپر,B,واحد انرژی ژول است.,ترنم همدلی,original,1405
دوازدهم,هنر,درک عمومی ریاضی-فیزیک,درک عمومی ریاضی-فیزیک,بانک پایه,ارزیابی مفهومی,پوشش اولیه,متوسط,اگر جرم جسم بیشتر شود، با نیروی ثابت شتاب چه تغییری می‌کند؟,بیشتر می‌شود,کمتر می‌شود,همیشه ثابت می‌ماند,صفر می‌شود,B,طبق قانون دوم نیوتن با جرم بیشتر شتاب کمتر می‌شود.,ترنم همدلی,original,1405
دوازدهم,هنر,درک عمومی ریاضی-فیزیک,درک عمومی ریاضی-فیزیک,بانک پایه,ارزیابی مفهومی,پوشش اولیه,متوسط,توان به چه چیزی مربوط است؟,انجام کار در واحد زمان,جرم در واحد حجم,مسافت در واحد زمان,نیرو در واحد سطح,A,توان نرخ انجام کار است.,ترنم همدلی,original,1405
دوازدهم,هنر,درک عمومی ریاضی-فیزیک,درک عمومی ریاضی-فیزیک,بانک پایه,ارزیابی مفهومی,پوشش اولیه,متوسط,در مدار سری، جریان در اجزای متوالی چگونه است؟,یکسان,همیشه صفر,متفاوت,نامحدود,A,در مدار سری جریان یکسان است.,ترنم همدلی,original,1405
دوازدهم,هنر,درک عمومی ریاضی-فیزیک,درک عمومی ریاضی-فیزیک,بانک پایه,ارزیابی مفهومی,پوشش اولیه,متوسط,واحد مقاومت الکتریکی چیست؟,اهم,ولت,آمپر,وات,A,واحد مقاومت اهم است.,ترنم همدلی,original,1405
دوازدهم,هنر,درک عمومی ریاضی-فیزیک,درک عمومی ریاضی-فیزیک,بانک پایه,ارزیابی مفهومی,پوشش اولیه,متوسط,اگر جسمی ساکن باشد، سرعت آن چیست؟,صفر,1,منفی,نامحدود,A,جسم ساکن سرعت صفر دارد.,ترنم همدلی,original,1405
دوازدهم,هنر,درک عمومی ریاضی-فیزیک,درک عمومی ریاضی-فیزیک,بانک پایه,ارزیابی مفهومی,پوشش اولیه,متوسط,انرژی جنبشی به چه چیزی وابسته است؟,جرم و سرعت,فقط جرم,فقط رنگ,فقط حجم,A,انرژی جنبشی به جرم و مجذور سرعت وابسته است.,ترنم همدلی,original,1405
دوازدهم,هنر,درک عمومی ریاضی-فیزیک,درک عمومی ریاضی-فیزیک,بانک پایه,ارزیابی مفهومی,پوشش اولیه,متوسط,فشار برابر چه نسبتی است؟,نیرو/سطح,سطح/نیرو,جرم/زمان,مسافت/زمان,A,فشار نیرو بر واحد سطح است.,ترنم همدلی,original,1405
دوازدهم,هنر,خلاقیت تصویری و تجسمی,خلاقیت تصویری و تجسمی,بانک پایه,ارزیابی مفهومی,پوشش اولیه,متوسط,خط در طراحی چه نقشی دارد؟,ایجاد مسیر و ساختار بصری,فقط ایجاد صدا,اندازه‌گیری دما,محاسبه سرعت,A,خط یکی از عناصر اصلی سازمان‌دهی تصویر است.,ترنم همدلی,original,1405
دوازدهم,هنر,خلاقیت تصویری و تجسمی,خلاقیت تصویری و تجسمی,بانک پایه,ارزیابی مفهومی,پوشش اولیه,متوسط,رنگ‌های اصلی سنتی کدام‌اند؟,قرمز، زرد، آبی,سبز، بنفش، نارنجی,سفید، سیاه، خاکستری,قهوه‌ای، صورتی، فیروزه‌ای,A,در مدل رایج رنگدانه‌ای، قرمز، زرد و آبی به عنوان رنگ‌های اصلی معرفی می‌شوند.,ترنم همدلی,original,1405
دوازدهم,هنر,خلاقیت تصویری و تجسمی,خلاقیت تصویری و تجسمی,بانک پایه,ارزیابی مفهومی,پوشش اولیه,متوسط,پرسپکتیو برای چه استفاده می‌شود؟,نمایش عمق و فاصله,افزایش صدا,تعیین وزن,محاسبه زمان,A,پرسپکتیو به نمایش فضایی و عمق کمک می‌کند.,ترنم همدلی,original,1405
دوازدهم,هنر,خلاقیت تصویری و تجسمی,خلاقیت تصویری و تجسمی,بانک پایه,ارزیابی مفهومی,پوشش اولیه,متوسط,ترکیب‌بندی به چه مربوط است؟,چیدمان عناصر در اثر,نوع کاغذ فقط,اندازه قاب فقط,رنگ یک عنصر,A,ترکیب‌بندی سازمان‌دهی عناصر بصری است.,ترنم همدلی,original,1405
دوازدهم,هنر,خلاقیت تصویری و تجسمی,خلاقیت تصویری و تجسمی,بانک پایه,ارزیابی مفهومی,پوشش اولیه,متوسط,کنتراست یعنی چه؟,تفاوت قابل توجه میان عناصر,یکسانی کامل,حذف رنگ,تکرار عنوان,A,کنتراست با تفاوت میان عناصر شناخته می‌شود.,ترنم همدلی,original,1405
دوازدهم,هنر,خلاقیت تصویری و تجسمی,خلاقیت تصویری و تجسمی,بانک پایه,ارزیابی مفهومی,پوشش اولیه,متوسط,طراحی مشاهده‌ای بر چه چیزی تکیه دارد؟,دقت در مشاهده موضوع,حدس تصادفی,حفظ متن,تغییر صدا,A,مشاهده دقیق پایه طراحی مشاهده‌ای است.,ترنم همدلی,original,1405
دوازدهم,هنر,خلاقیت تصویری و تجسمی,خلاقیت تصویری و تجسمی,بانک پایه,ارزیابی مفهومی,پوشش اولیه,متوسط,بافت در هنر چه چیزی را تداعی می‌کند؟,کیفیت سطح,زمان,سرعت,صدا,A,بافت کیفیت بصری یا لمسی سطح را نشان می‌دهد.,ترنم همدلی,original,1405
دوازدهم,هنر,خلاقیت تصویری و تجسمی,خلاقیت تصویری و تجسمی,بانک پایه,ارزیابی مفهومی,پوشش اولیه,متوسط,تعادل در ترکیب‌بندی یعنی چه؟,توزیع مناسب وزن بصری,حذف همه عناصر,تکرار یک رنگ,تغییر اندازه کاغذ,A,تعادل به توزیع وزن بصری عناصر مربوط است.,ترنم همدلی,original,1405
دوازدهم,هنر,خلاقیت تصویری و تجسمی,خلاقیت تصویری و تجسمی,بانک پایه,ارزیابی مفهومی,پوشش اولیه,متوسط,فرم سه‌بعدی چه ویژگی دارد؟,طول، عرض و عمق,فقط طول,فقط رنگ,فقط خط,A,فرم سه‌بعدی دارای طول، عرض و عمق است.,ترنم همدلی,original,1405
دوازدهم,هنر,خلاقیت تصویری و تجسمی,خلاقیت تصویری و تجسمی,بانک پایه,ارزیابی مفهومی,پوشش اولیه,متوسط,اسکیس بیشتر برای چه کاربردی است؟,ثبت سریع ایده و مشاهده,چاپ نهایی همیشه,حذف ایده‌ها,اندازه‌گیری دما,A,اسکیس ابزاری سریع برای ثبت ایده است.,ترنم همدلی,original,1405
دوازدهم,زبان,زبان تخصصی,زبان تخصصی,بانک پایه,ارزیابی مفهومی,پوشش اولیه,متوسط,کدام گزینه معادل انگلیسی «کتاب» است؟,book,school,chair,water,A,book به معنی کتاب است.,ترنم همدلی,original,1405
دوازدهم,زبان,زبان تخصصی,زبان تخصصی,بانک پایه,ارزیابی مفهومی,پوشش اولیه,متوسط,کدام جمله از نظر دستوری درست است؟,She is a student.,She are a student.,She am a student.,She be a student.,A,برای فاعل مفرد سوم شخص از is استفاده می‌شود.,ترنم همدلی,original,1405
دوازدهم,زبان,زبان تخصصی,زبان تخصصی,بانک پایه,ارزیابی مفهومی,پوشش اولیه,متوسط,گذشته ساده go چیست؟,goed,went,gone,going,B,گذشته ساده go، went است.,ترنم همدلی,original,1405
دوازدهم,زبان,زبان تخصصی,زبان تخصصی,بانک پایه,ارزیابی مفهومی,پوشش اولیه,متوسط,جمع child چیست؟,childs,children,childes,childrens,B,جمع بی‌قاعده child برابر children است.,ترنم همدلی,original,1405
دوازدهم,زبان,زبان تخصصی,زبان تخصصی,بانک پایه,ارزیابی مفهومی,پوشش اولیه,متوسط,مخالف hot کدام است؟,cold,fast,high,old,A,مخالف hot، cold است.,ترنم همدلی,original,1405
دوازدهم,زبان,زبان تخصصی,زبان تخصصی,بانک پایه,ارزیابی مفهومی,پوشش اولیه,متوسط,کدام گزینه ضمیر است؟,they,book,quickly,beautiful,A,they یک ضمیر است.,ترنم همدلی,original,1405
دوازدهم,زبان,زبان تخصصی,زبان تخصصی,بانک پایه,ارزیابی مفهومی,پوشش اولیه,متوسط,برای بیان توانایی معمولاً از چه فعلی استفاده می‌شود؟,can,musted,didn't can,has,A,can برای بیان توانایی به کار می‌رود.,ترنم همدلی,original,1405
دوازدهم,زبان,زبان تخصصی,زبان تخصصی,بانک پایه,ارزیابی مفهومی,پوشش اولیه,متوسط,کدام گزینه زمان حال استمراری را نشان می‌دهد؟,is reading,read yesterday,has read,will read,A,is reading ساختار حال استمراری است.,ترنم همدلی,original,1405
دوازدهم,زبان,زبان تخصصی,زبان تخصصی,بانک پایه,ارزیابی مفهومی,پوشش اولیه,متوسط,کدام واژه به معنی «آموزش» نزدیک‌تر است؟,education,weather,window,market,A,education به معنی آموزش است.,ترنم همدلی,original,1405
دوازدهم,زبان,زبان تخصصی,زبان تخصصی,بانک پایه,ارزیابی مفهومی,پوشش اولیه,متوسط,کدام گزینه یک پرسش درست است؟,Where do you live?,Where you live?,Do where live?,Where live you do?,A,ساختار پرسش درست است.,ترنم همدلی,original,1405
