grade,track,subject,book,chapter,topic,subtopic,difficulty,question,option_a,option_b,option_c,option_d,correct_option,explanation,source,source_type,source_year
ششم,,ریاضی,ریاضی,بخش 1,عددهای صحیح و گویا,,متوسط,"در سؤال زیر، گزینه درست را انتخاب کنید:
حاصل  -3+8  کدام است؟",3,5,-5,11,B,-3+8=5. سؤال بازطراحی‌شده برای تنوع بیشتر آزمون.,ترنم همدلی,original,1405
ششم,,ریاضی,ریاضی,بخش 1,عددهای صحیح و گویا,,متوسط,"کدام گزینه پاسخ صحیح این پرسش است؟
حاصل  -3+8  کدام است؟",5,-5,11,3,A,-3+8=5. سؤال بازطراحی‌شده برای تنوع بیشتر آزمون.,ترنم همدلی,original,1405
ششم,,ریاضی,ریاضی,بخش 1,عددهای صحیح و گویا,,متوسط,"با دقت به پرسش زیر، گزینه درست را مشخص کنید:
حاصل  -3+8  کدام است؟",-5,11,3,5,D,-3+8=5. سؤال بازطراحی‌شده برای تنوع بیشتر آزمون.,ترنم همدلی,original,1405
ششم,,ریاضی,ریاضی,بخش 1,عددهای صحیح و گویا,,متوسط,"کدام گزینه با صورت سؤال زیر سازگار است؟
حاصل  -3+8  کدام است؟",11,3,5,-5,C,-3+8=5. سؤال بازطراحی‌شده برای تنوع بیشتر آزمون.,ترنم همدلی,original,1405
ششم,,ریاضی,ریاضی,بخش 1,عددهای صحیح و گویا,,متوسط,"پاسخ صحیح پرسش زیر کدام است؟
حاصل  -3+8  کدام است؟",3,5,-5,11,B,-3+8=5. سؤال بازطراحی‌شده برای تنوع بیشتر آزمون.,ترنم همدلی,original,1405
ششم,,ریاضی,ریاضی,بخش 1,عددهای صحیح و گویا,,متوسط,"در میان گزینه‌های زیر، پاسخ درست را پیدا کنید:
حاصل  -3+8  کدام است؟",5,-5,11,3,A,-3+8=5. سؤال بازطراحی‌شده برای تنوع بیشتر آزمون.,ترنم همدلی,original,1405
ششم,,ریاضی,ریاضی,بخش 1,عددهای صحیح و گویا,,متوسط,"کدام گزینه با محتوای سؤال زیر هماهنگ است؟
حاصل  -3+8  کدام است؟",-5,11,3,5,D,-3+8=5. سؤال بازطراحی‌شده برای تنوع بیشتر آزمون.,ترنم همدلی,original,1405
ششم,,ریاضی,ریاضی,بخش 1,عددهای صحیح و گویا,,متوسط,"با توجه به پرسش زیر، گزینه صحیح را انتخاب کنید:
حاصل  -3+8  کدام است؟",11,3,5,-5,C,-3+8=5. سؤال بازطراحی‌شده برای تنوع بیشتر آزمون.,ترنم همدلی,original,1405
ششم,,ریاضی,ریاضی,بخش 1,عددهای صحیح و گویا,,متوسط,"کدام گزینه از نظر محتوایی درست است؟
حاصل  -3+8  کدام است؟",3,5,-5,11,B,-3+8=5. سؤال بازطراحی‌شده برای تنوع بیشتر آزمون.,ترنم همدلی,original,1405
ششم,,ریاضی,ریاضی,بخش 1,عددهای صحیح و گویا,,متوسط,"گزینه درست برای پرسش زیر را مشخص کنید:
حاصل  -3+8  کدام است؟",5,-5,11,3,A,-3+8=5. سؤال بازطراحی‌شده برای تنوع بیشتر آزمون.,ترنم همدلی,original,1405
ششم,,ریاضی,ریاضی,بخش 2,جبر و عبارت‌ها,,متوسط,"در سؤال زیر، گزینه درست را انتخاب کنید:
اگر x=4 باشد، مقدار 3x-2 چیست؟",8,10,12,14,B,3×4-2=10. سؤال بازطراحی‌شده برای تنوع بیشتر آزمون.,ترنم همدلی,original,1405
ششم,,ریاضی,ریاضی,بخش 2,جبر و عبارت‌ها,,متوسط,"کدام گزینه پاسخ صحیح این پرسش است؟
اگر x=4 باشد، مقدار 3x-2 چیست؟",10,12,14,8,A,3×4-2=10. سؤال بازطراحی‌شده برای تنوع بیشتر آزمون.,ترنم همدلی,original,1405
ششم,,ریاضی,ریاضی,بخش 2,جبر و عبارت‌ها,,متوسط,"با دقت به پرسش زیر، گزینه درست را مشخص کنید:
اگر x=4 باشد، مقدار 3x-2 چیست؟",12,14,8,10,D,3×4-2=10. سؤال بازطراحی‌شده برای تنوع بیشتر آزمون.,ترنم همدلی,original,1405
ششم,,ریاضی,ریاضی,بخش 2,جبر و عبارت‌ها,,متوسط,"کدام گزینه با صورت سؤال زیر سازگار است؟
اگر x=4 باشد، مقدار 3x-2 چیست؟",14,8,10,12,C,3×4-2=10. سؤال بازطراحی‌شده برای تنوع بیشتر آزمون.,ترنم همدلی,original,1405
ششم,,ریاضی,ریاضی,بخش 2,جبر و عبارت‌ها,,متوسط,"پاسخ صحیح پرسش زیر کدام است؟
اگر x=4 باشد، مقدار 3x-2 چیست؟",8,10,12,14,B,3×4-2=10. سؤال بازطراحی‌شده برای تنوع بیشتر آزمون.,ترنم همدلی,original,1405
ششم,,ریاضی,ریاضی,بخش 2,جبر و عبارت‌ها,,متوسط,"در میان گزینه‌های زیر، پاسخ درست را پیدا کنید:
اگر x=4 باشد، مقدار 3x-2 چیست؟",10,12,14,8,A,3×4-2=10. سؤال بازطراحی‌شده برای تنوع بیشتر آزمون.,ترنم همدلی,original,1405
ششم,,ریاضی,ریاضی,بخش 2,جبر و عبارت‌ها,,متوسط,"کدام گزینه با محتوای سؤال زیر هماهنگ است؟
اگر x=4 باشد، مقدار 3x-2 چیست؟",12,14,8,10,D,3×4-2=10. سؤال بازطراحی‌شده برای تنوع بیشتر آزمون.,ترنم همدلی,original,1405
ششم,,ریاضی,ریاضی,بخش 2,جبر و عبارت‌ها,,متوسط,"با توجه به پرسش زیر، گزینه صحیح را انتخاب کنید:
اگر x=4 باشد، مقدار 3x-2 چیست؟",14,8,10,12,C,3×4-2=10. سؤال بازطراحی‌شده برای تنوع بیشتر آزمون.,ترنم همدلی,original,1405
ششم,,ریاضی,ریاضی,بخش 2,جبر و عبارت‌ها,,متوسط,"کدام گزینه از نظر محتوایی درست است؟
اگر x=4 باشد، مقدار 3x-2 چیست؟",8,10,12,14,B,3×4-2=10. سؤال بازطراحی‌شده برای تنوع بیشتر آزمون.,ترنم همدلی,original,1405
ششم,,ریاضی,ریاضی,بخش 2,جبر و عبارت‌ها,,متوسط,"گزینه درست برای پرسش زیر را مشخص کنید:
اگر x=4 باشد، مقدار 3x-2 چیست؟",10,12,14,8,A,3×4-2=10. سؤال بازطراحی‌شده برای تنوع بیشتر آزمون.,ترنم همدلی,original,1405
ششم,,ریاضی,ریاضی,بخش 3,توان و ریشه,,متوسط,"در سؤال زیر، گزینه درست را انتخاب کنید:
کدام گزینه برابر 2^5 است؟",10,16,32,64,C,2^5=32. سؤال بازطراحی‌شده برای تنوع بیشتر آزمون.,ترنم همدلی,original,1405
ششم,,ریاضی,ریاضی,بخش 3,توان و ریشه,,متوسط,"کدام گزینه پاسخ صحیح این پرسش است؟
کدام گزینه برابر 2^5 است؟",16,32,64,10,B,2^5=32. سؤال بازطراحی‌شده برای تنوع بیشتر آزمون.,ترنم همدلی,original,1405
ششم,,ریاضی,ریاضی,بخش 3,توان و ریشه,,متوسط,"با دقت به پرسش زیر، گزینه درست را مشخص کنید:
کدام گزینه برابر 2^5 است؟",32,64,10,16,A,2^5=32. سؤال بازطراحی‌شده برای تنوع بیشتر آزمون.,ترنم همدلی,original,1405
ششم,,ریاضی,ریاضی,بخش 3,توان و ریشه,,متوسط,"کدام گزینه با صورت سؤال زیر سازگار است؟
کدام گزینه برابر 2^5 است؟",64,10,16,32,D,2^5=32. سؤال بازطراحی‌شده برای تنوع بیشتر آزمون.,ترنم همدلی,original,1405
ششم,,ریاضی,ریاضی,بخش 3,توان و ریشه,,متوسط,"پاسخ صحیح پرسش زیر کدام است؟
کدام گزینه برابر 2^5 است؟",10,16,32,64,C,2^5=32. سؤال بازطراحی‌شده برای تنوع بیشتر آزمون.,ترنم همدلی,original,1405
ششم,,ریاضی,ریاضی,بخش 3,توان و ریشه,,متوسط,"در میان گزینه‌های زیر، پاسخ درست را پیدا کنید:
کدام گزینه برابر 2^5 است؟",16,32,64,10,B,2^5=32. سؤال بازطراحی‌شده برای تنوع بیشتر آزمون.,ترنم همدلی,original,1405
ششم,,ریاضی,ریاضی,بخش 3,توان و ریشه,,متوسط,"کدام گزینه با محتوای سؤال زیر هماهنگ است؟
کدام گزینه برابر 2^5 است؟",32,64,10,16,A,2^5=32. سؤال بازطراحی‌شده برای تنوع بیشتر آزمون.,ترنم همدلی,original,1405
ششم,,ریاضی,ریاضی,بخش 3,توان و ریشه,,متوسط,"با توجه به پرسش زیر، گزینه صحیح را انتخاب کنید:
کدام گزینه برابر 2^5 است؟",64,10,16,32,D,2^5=32. سؤال بازطراحی‌شده برای تنوع بیشتر آزمون.,ترنم همدلی,original,1405
ششم,,ریاضی,ریاضی,بخش 3,توان و ریشه,,متوسط,"کدام گزینه از نظر محتوایی درست است؟
کدام گزینه برابر 2^5 است؟",10,16,32,64,C,2^5=32. سؤال بازطراحی‌شده برای تنوع بیشتر آزمون.,ترنم همدلی,original,1405
ششم,,ریاضی,ریاضی,بخش 3,توان و ریشه,,متوسط,"گزینه درست برای پرسش زیر را مشخص کنید:
کدام گزینه برابر 2^5 است؟",16,32,64,10,B,2^5=32. سؤال بازطراحی‌شده برای تنوع بیشتر آزمون.,ترنم همدلی,original,1405
ششم,,ریاضی,ریاضی,بخش 4,هندسه,,متوسط,"در سؤال زیر، گزینه درست را انتخاب کنید:
مجموع زاویه‌های داخلی مثلث چند درجه است؟",90,180,270,360,B,مجموع زاویه‌های داخلی مثلث 180 درجه است. سؤال بازطراحی‌شده برای تنوع بیشتر آزمون.,ترنم همدلی,original,1405
ششم,,ریاضی,ریاضی,بخش 4,هندسه,,متوسط,"کدام گزینه پاسخ صحیح این پرسش است؟
مجموع زاویه‌های داخلی مثلث چند درجه است؟",180,270,360,90,A,مجموع زاویه‌های داخلی مثلث 180 درجه است. سؤال بازطراحی‌شده برای تنوع بیشتر آزمون.,ترنم همدلی,original,1405
ششم,,ریاضی,ریاضی,بخش 4,هندسه,,متوسط,"با دقت به پرسش زیر، گزینه درست را مشخص کنید:
مجموع زاویه‌های داخلی مثلث چند درجه است؟",270,360,90,180,D,مجموع زاویه‌های داخلی مثلث 180 درجه است. سؤال بازطراحی‌شده برای تنوع بیشتر آزمون.,ترنم همدلی,original,1405
ششم,,ریاضی,ریاضی,بخش 4,هندسه,,متوسط,"کدام گزینه با صورت سؤال زیر سازگار است؟
مجموع زاویه‌های داخلی مثلث چند درجه است؟",360,90,180,270,C,مجموع زاویه‌های داخلی مثلث 180 درجه است. سؤال بازطراحی‌شده برای تنوع بیشتر آزمون.,ترنم همدلی,original,1405
ششم,,ریاضی,ریاضی,بخش 4,هندسه,,متوسط,"پاسخ صحیح پرسش زیر کدام است؟
مجموع زاویه‌های داخلی مثلث چند درجه است؟",90,180,270,360,B,مجموع زاویه‌های داخلی مثلث 180 درجه است. سؤال بازطراحی‌شده برای تنوع بیشتر آزمون.,ترنم همدلی,original,1405
ششم,,ریاضی,ریاضی,بخش 4,هندسه,,متوسط,"در میان گزینه‌های زیر، پاسخ درست را پیدا کنید:
مجموع زاویه‌های داخلی مثلث چند درجه است؟",180,270,360,90,A,مجموع زاویه‌های داخلی مثلث 180 درجه است. سؤال بازطراحی‌شده برای تنوع بیشتر آزمون.,ترنم همدلی,original,1405
ششم,,ریاضی,ریاضی,بخش 4,هندسه,,متوسط,"کدام گزینه با محتوای سؤال زیر هماهنگ است؟
مجموع زاویه‌های داخلی مثلث چند درجه است؟",270,360,90,180,D,مجموع زاویه‌های داخلی مثلث 180 درجه است. سؤال بازطراحی‌شده برای تنوع بیشتر آزمون.,ترنم همدلی,original,1405
ششم,,ریاضی,ریاضی,بخش 4,هندسه,,متوسط,"با توجه به پرسش زیر، گزینه صحیح را انتخاب کنید:
مجموع زاویه‌های داخلی مثلث چند درجه است؟",360,90,180,270,C,مجموع زاویه‌های داخلی مثلث 180 درجه است. سؤال بازطراحی‌شده برای تنوع بیشتر آزمون.,ترنم همدلی,original,1405
ششم,,ریاضی,ریاضی,بخش 4,هندسه,,متوسط,"کدام گزینه از نظر محتوایی درست است؟
مجموع زاویه‌های داخلی مثلث چند درجه است؟",90,180,270,360,B,مجموع زاویه‌های داخلی مثلث 180 درجه است. سؤال بازطراحی‌شده برای تنوع بیشتر آزمون.,ترنم همدلی,original,1405
ششم,,ریاضی,ریاضی,بخش 4,هندسه,,متوسط,"گزینه درست برای پرسش زیر را مشخص کنید:
مجموع زاویه‌های داخلی مثلث چند درجه است؟",180,270,360,90,A,مجموع زاویه‌های داخلی مثلث 180 درجه است. سؤال بازطراحی‌شده برای تنوع بیشتر آزمون.,ترنم همدلی,original,1405
ششم,,ریاضی,ریاضی,بخش 5,تناسب و درصد,,متوسط,"در سؤال زیر، گزینه درست را انتخاب کنید:
25 درصد عدد 80 چند است؟",10,15,20,25,C,80×0.25=20. سؤال بازطراحی‌شده برای تنوع بیشتر آزمون.,ترنم همدلی,original,1405
ششم,,ریاضی,ریاضی,بخش 5,تناسب و درصد,,متوسط,"کدام گزینه پاسخ صحیح این پرسش است؟
25 درصد عدد 80 چند است؟",15,20,25,10,B,80×0.25=20. سؤال بازطراحی‌شده برای تنوع بیشتر آزمون.,ترنم همدلی,original,1405
ششم,,ریاضی,ریاضی,بخش 5,تناسب و درصد,,متوسط,"با دقت به پرسش زیر، گزینه درست را مشخص کنید:
25 درصد عدد 80 چند است؟",20,25,10,15,A,80×0.25=20. سؤال بازطراحی‌شده برای تنوع بیشتر آزمون.,ترنم همدلی,original,1405
ششم,,ریاضی,ریاضی,بخش 5,تناسب و درصد,,متوسط,"کدام گزینه با صورت سؤال زیر سازگار است؟
25 درصد عدد 80 چند است؟",25,10,15,20,D,80×0.25=20. سؤال بازطراحی‌شده برای تنوع بیشتر آزمون.,ترنم همدلی,original,1405
ششم,,ریاضی,ریاضی,بخش 5,تناسب و درصد,,متوسط,"پاسخ صحیح پرسش زیر کدام است؟
25 درصد عدد 80 چند است؟",10,15,20,25,C,80×0.25=20. سؤال بازطراحی‌شده برای تنوع بیشتر آزمون.,ترنم همدلی,original,1405
ششم,,ریاضی,ریاضی,بخش 5,تناسب و درصد,,متوسط,"در میان گزینه‌های زیر، پاسخ درست را پیدا کنید:
25 درصد عدد 80 چند است؟",15,20,25,10,B,80×0.25=20. سؤال بازطراحی‌شده برای تنوع بیشتر آزمون.,ترنم همدلی,original,1405
ششم,,ریاضی,ریاضی,بخش 5,تناسب و درصد,,متوسط,"کدام گزینه با محتوای سؤال زیر هماهنگ است؟
25 درصد عدد 80 چند است؟",20,25,10,15,A,80×0.25=20. سؤال بازطراحی‌شده برای تنوع بیشتر آزمون.,ترنم همدلی,original,1405
ششم,,ریاضی,ریاضی,بخش 5,تناسب و درصد,,متوسط,"با توجه به پرسش زیر، گزینه صحیح را انتخاب کنید:
25 درصد عدد 80 چند است؟",25,10,15,20,D,80×0.25=20. سؤال بازطراحی‌شده برای تنوع بیشتر آزمون.,ترنم همدلی,original,1405
ششم,,ریاضی,ریاضی,بخش 5,تناسب و درصد,,متوسط,"کدام گزینه از نظر محتوایی درست است؟
25 درصد عدد 80 چند است؟",10,15,20,25,C,80×0.25=20. سؤال بازطراحی‌شده برای تنوع بیشتر آزمون.,ترنم همدلی,original,1405
ششم,,ریاضی,ریاضی,بخش 5,تناسب و درصد,,متوسط,"گزینه درست برای پرسش زیر را مشخص کنید:
25 درصد عدد 80 چند است؟",15,20,25,10,B,80×0.25=20. سؤال بازطراحی‌شده برای تنوع بیشتر آزمون.,ترنم همدلی,original,1405
ششم,,ریاضی,ریاضی,بخش 6,احتمال و آمار,,متوسط,"در سؤال زیر، گزینه درست را انتخاب کنید:
میانگین 4، 6 و 8 چند است؟",5,6,7,8,B,(4+6+8)÷3=6. سؤال بازطراحی‌شده برای تنوع بیشتر آزمون.,ترنم همدلی,original,1405
ششم,,ریاضی,ریاضی,بخش 6,احتمال و آمار,,متوسط,"کدام گزینه پاسخ صحیح این پرسش است؟
میانگین 4، 6 و 8 چند است؟",6,7,8,5,A,(4+6+8)÷3=6. سؤال بازطراحی‌شده برای تنوع بیشتر آزمون.,ترنم همدلی,original,1405
ششم,,ریاضی,ریاضی,بخش 6,احتمال و آمار,,متوسط,"با دقت به پرسش زیر، گزینه درست را مشخص کنید:
میانگین 4، 6 و 8 چند است؟",7,8,5,6,D,(4+6+8)÷3=6. سؤال بازطراحی‌شده برای تنوع بیشتر آزمون.,ترنم همدلی,original,1405
ششم,,ریاضی,ریاضی,بخش 6,احتمال و آمار,,متوسط,"کدام گزینه با صورت سؤال زیر سازگار است؟
میانگین 4، 6 و 8 چند است؟",8,5,6,7,C,(4+6+8)÷3=6. سؤال بازطراحی‌شده برای تنوع بیشتر آزمون.,ترنم همدلی,original,1405
ششم,,ریاضی,ریاضی,بخش 6,احتمال و آمار,,متوسط,"پاسخ صحیح پرسش زیر کدام است؟
میانگین 4، 6 و 8 چند است؟",5,6,7,8,B,(4+6+8)÷3=6. سؤال بازطراحی‌شده برای تنوع بیشتر آزمون.,ترنم همدلی,original,1405
ششم,,ریاضی,ریاضی,بخش 6,احتمال و آمار,,متوسط,"در میان گزینه‌های زیر، پاسخ درست را پیدا کنید:
میانگین 4، 6 و 8 چند است؟",6,7,8,5,A,(4+6+8)÷3=6. سؤال بازطراحی‌شده برای تنوع بیشتر آزمون.,ترنم همدلی,original,1405
ششم,,ریاضی,ریاضی,بخش 6,احتمال و آمار,,متوسط,"کدام گزینه با محتوای سؤال زیر هماهنگ است؟
میانگین 4، 6 و 8 چند است؟",7,8,5,6,D,(4+6+8)÷3=6. سؤال بازطراحی‌شده برای تنوع بیشتر آزمون.,ترنم همدلی,original,1405
ششم,,ریاضی,ریاضی,بخش 6,احتمال و آمار,,متوسط,"با توجه به پرسش زیر، گزینه صحیح را انتخاب کنید:
میانگین 4، 6 و 8 چند است؟",8,5,6,7,C,(4+6+8)÷3=6. سؤال بازطراحی‌شده برای تنوع بیشتر آزمون.,ترنم همدلی,original,1405
ششم,,ریاضی,ریاضی,بخش 6,احتمال و آمار,,متوسط,"کدام گزینه از نظر محتوایی درست است؟
میانگین 4، 6 و 8 چند است؟",5,6,7,8,B,(4+6+8)÷3=6. سؤال بازطراحی‌شده برای تنوع بیشتر آزمون.,ترنم همدلی,original,1405
ششم,,ریاضی,ریاضی,بخش 6,احتمال و آمار,,متوسط,"گزینه درست برای پرسش زیر را مشخص کنید:
میانگین 4، 6 و 8 چند است؟",6,7,8,5,A,(4+6+8)÷3=6. سؤال بازطراحی‌شده برای تنوع بیشتر آزمون.,ترنم همدلی,original,1405
ششم,,علوم,علوم,بخش 1,اندازه‌گیری,,متوسط,"در سؤال زیر، گزینه درست را انتخاب کنید:
واحد SI طول کدام است؟",سانتی‌متر,متر,کیلومتر,میلی‌متر,B,واحد پایه طول در SI متر است. سؤال بازطراحی‌شده برای تنوع بیشتر آزمون.,ترنم همدلی,original,1405
ششم,,علوم,علوم,بخش 1,اندازه‌گیری,,متوسط,"کدام گزینه پاسخ صحیح این پرسش است؟
واحد SI طول کدام است؟",متر,کیلومتر,میلی‌متر,سانتی‌متر,A,واحد پایه طول در SI متر است. سؤال بازطراحی‌شده برای تنوع بیشتر آزمون.,ترنم همدلی,original,1405
ششم,,علوم,علوم,بخش 1,اندازه‌گیری,,متوسط,"با دقت به پرسش زیر، گزینه درست را مشخص کنید:
واحد SI طول کدام است؟",کیلومتر,میلی‌متر,سانتی‌متر,متر,D,واحد پایه طول در SI متر است. سؤال بازطراحی‌شده برای تنوع بیشتر آزمون.,ترنم همدلی,original,1405
ششم,,علوم,علوم,بخش 1,اندازه‌گیری,,متوسط,"کدام گزینه با صورت سؤال زیر سازگار است؟
واحد SI طول کدام است؟",میلی‌متر,سانتی‌متر,متر,کیلومتر,C,واحد پایه طول در SI متر است. سؤال بازطراحی‌شده برای تنوع بیشتر آزمون.,ترنم همدلی,original,1405
ششم,,علوم,علوم,بخش 1,اندازه‌گیری,,متوسط,"پاسخ صحیح پرسش زیر کدام است؟
واحد SI طول کدام است؟",سانتی‌متر,متر,کیلومتر,میلی‌متر,B,واحد پایه طول در SI متر است. سؤال بازطراحی‌شده برای تنوع بیشتر آزمون.,ترنم همدلی,original,1405
ششم,,علوم,علوم,بخش 1,اندازه‌گیری,,متوسط,"در میان گزینه‌های زیر، پاسخ درست را پیدا کنید:
واحد SI طول کدام است؟",متر,کیلومتر,میلی‌متر,سانتی‌متر,A,واحد پایه طول در SI متر است. سؤال بازطراحی‌شده برای تنوع بیشتر آزمون.,ترنم همدلی,original,1405
ششم,,علوم,علوم,بخش 1,اندازه‌گیری,,متوسط,"کدام گزینه با محتوای سؤال زیر هماهنگ است؟
واحد SI طول کدام است؟",کیلومتر,میلی‌متر,سانتی‌متر,متر,D,واحد پایه طول در SI متر است. سؤال بازطراحی‌شده برای تنوع بیشتر آزمون.,ترنم همدلی,original,1405
ششم,,علوم,علوم,بخش 1,اندازه‌گیری,,متوسط,"با توجه به پرسش زیر، گزینه صحیح را انتخاب کنید:
واحد SI طول کدام است؟",میلی‌متر,سانتی‌متر,متر,کیلومتر,C,واحد پایه طول در SI متر است. سؤال بازطراحی‌شده برای تنوع بیشتر آزمون.,ترنم همدلی,original,1405
ششم,,علوم,علوم,بخش 1,اندازه‌گیری,,متوسط,"کدام گزینه از نظر محتوایی درست است؟
واحد SI طول کدام است؟",سانتی‌متر,متر,کیلومتر,میلی‌متر,B,واحد پایه طول در SI متر است. سؤال بازطراحی‌شده برای تنوع بیشتر آزمون.,ترنم همدلی,original,1405
ششم,,علوم,علوم,بخش 1,اندازه‌گیری,,متوسط,"گزینه درست برای پرسش زیر را مشخص کنید:
واحد SI طول کدام است؟",متر,کیلومتر,میلی‌متر,سانتی‌متر,A,واحد پایه طول در SI متر است. سؤال بازطراحی‌شده برای تنوع بیشتر آزمون.,ترنم همدلی,original,1405
ششم,,علوم,علوم,بخش 2,ماده و تغییرات,,متوسط,"در سؤال زیر، گزینه درست را انتخاب کنید:
کدام مورد تغییر فیزیکی است؟",سوختن چوب,زنگ‌زدن آهن,ذوب شدن یخ,پختن غذا,C,در ذوب شدن یخ ماده جدیدی تشکیل نمی‌شود. سؤال بازطراحی‌شده برای تنوع بیشتر آزمون.,ترنم همدلی,original,1405
ششم,,علوم,علوم,بخش 2,ماده و تغییرات,,متوسط,"کدام گزینه پاسخ صحیح این پرسش است؟
کدام مورد تغییر فیزیکی است؟",زنگ‌زدن آهن,ذوب شدن یخ,پختن غذا,سوختن چوب,B,در ذوب شدن یخ ماده جدیدی تشکیل نمی‌شود. سؤال بازطراحی‌شده برای تنوع بیشتر آزمون.,ترنم همدلی,original,1405
ششم,,علوم,علوم,بخش 2,ماده و تغییرات,,متوسط,"با دقت به پرسش زیر، گزینه درست را مشخص کنید:
کدام مورد تغییر فیزیکی است؟",ذوب شدن یخ,پختن غذا,سوختن چوب,زنگ‌زدن آهن,A,در ذوب شدن یخ ماده جدیدی تشکیل نمی‌شود. سؤال بازطراحی‌شده برای تنوع بیشتر آزمون.,ترنم همدلی,original,1405
ششم,,علوم,علوم,بخش 2,ماده و تغییرات,,متوسط,"کدام گزینه با صورت سؤال زیر سازگار است؟
کدام مورد تغییر فیزیکی است؟",پختن غذا,سوختن چوب,زنگ‌زدن آهن,ذوب شدن یخ,D,در ذوب شدن یخ ماده جدیدی تشکیل نمی‌شود. سؤال بازطراحی‌شده برای تنوع بیشتر آزمون.,ترنم همدلی,original,1405
ششم,,علوم,علوم,بخش 2,ماده و تغییرات,,متوسط,"پاسخ صحیح پرسش زیر کدام است؟
کدام مورد تغییر فیزیکی است؟",سوختن چوب,زنگ‌زدن آهن,ذوب شدن یخ,پختن غذا,C,در ذوب شدن یخ ماده جدیدی تشکیل نمی‌شود. سؤال بازطراحی‌شده برای تنوع بیشتر آزمون.,ترنم همدلی,original,1405
ششم,,علوم,علوم,بخش 2,ماده و تغییرات,,متوسط,"در میان گزینه‌های زیر، پاسخ درست را پیدا کنید:
کدام مورد تغییر فیزیکی است؟",زنگ‌زدن آهن,ذوب شدن یخ,پختن غذا,سوختن چوب,B,در ذوب شدن یخ ماده جدیدی تشکیل نمی‌شود. سؤال بازطراحی‌شده برای تنوع بیشتر آزمون.,ترنم همدلی,original,1405
ششم,,علوم,علوم,بخش 2,ماده و تغییرات,,متوسط,"کدام گزینه با محتوای سؤال زیر هماهنگ است؟
کدام مورد تغییر فیزیکی است؟",ذوب شدن یخ,پختن غذا,سوختن چوب,زنگ‌زدن آهن,A,در ذوب شدن یخ ماده جدیدی تشکیل نمی‌شود. سؤال بازطراحی‌شده برای تنوع بیشتر آزمون.,ترنم همدلی,original,1405
ششم,,علوم,علوم,بخش 2,ماده و تغییرات,,متوسط,"با توجه به پرسش زیر، گزینه صحیح را انتخاب کنید:
کدام مورد تغییر فیزیکی است؟",پختن غذا,سوختن چوب,زنگ‌زدن آهن,ذوب شدن یخ,D,در ذوب شدن یخ ماده جدیدی تشکیل نمی‌شود. سؤال بازطراحی‌شده برای تنوع بیشتر آزمون.,ترنم همدلی,original,1405
ششم,,علوم,علوم,بخش 2,ماده و تغییرات,,متوسط,"کدام گزینه از نظر محتوایی درست است؟
کدام مورد تغییر فیزیکی است؟",سوختن چوب,زنگ‌زدن آهن,ذوب شدن یخ,پختن غذا,C,در ذوب شدن یخ ماده جدیدی تشکیل نمی‌شود. سؤال بازطراحی‌شده برای تنوع بیشتر آزمون.,ترنم همدلی,original,1405
ششم,,علوم,علوم,بخش 2,ماده و تغییرات,,متوسط,"گزینه درست برای پرسش زیر را مشخص کنید:
کدام مورد تغییر فیزیکی است؟",زنگ‌زدن آهن,ذوب شدن یخ,پختن غذا,سوختن چوب,B,در ذوب شدن یخ ماده جدیدی تشکیل نمی‌شود. سؤال بازطراحی‌شده برای تنوع بیشتر آزمون.,ترنم همدلی,original,1405
ششم,,علوم,علوم,بخش 3,انرژی,,متوسط,"در سؤال زیر، گزینه درست را انتخاب کنید:
کدام منبع تجدیدپذیر است؟",نفت,زغال‌سنگ,باد,گاز طبیعی,C,باد منبع انرژی تجدیدپذیر است. سؤال بازطراحی‌شده برای تنوع بیشتر آزمون.,ترنم همدلی,original,1405
ششم,,علوم,علوم,بخش 3,انرژی,,متوسط,"کدام گزینه پاسخ صحیح این پرسش است؟
کدام منبع تجدیدپذیر است؟",زغال‌سنگ,باد,گاز طبیعی,نفت,B,باد منبع انرژی تجدیدپذیر است. سؤال بازطراحی‌شده برای تنوع بیشتر آزمون.,ترنم همدلی,original,1405
ششم,,علوم,علوم,بخش 3,انرژی,,متوسط,"با دقت به پرسش زیر، گزینه درست را مشخص کنید:
کدام منبع تجدیدپذیر است؟",باد,گاز طبیعی,نفت,زغال‌سنگ,A,باد منبع انرژی تجدیدپذیر است. سؤال بازطراحی‌شده برای تنوع بیشتر آزمون.,ترنم همدلی,original,1405
ششم,,علوم,علوم,بخش 3,انرژی,,متوسط,"کدام گزینه با صورت سؤال زیر سازگار است؟
کدام منبع تجدیدپذیر است؟",گاز طبیعی,نفت,زغال‌سنگ,باد,D,باد منبع انرژی تجدیدپذیر است. سؤال بازطراحی‌شده برای تنوع بیشتر آزمون.,ترنم همدلی,original,1405
ششم,,علوم,علوم,بخش 3,انرژی,,متوسط,"پاسخ صحیح پرسش زیر کدام است؟
کدام منبع تجدیدپذیر است؟",نفت,زغال‌سنگ,باد,گاز طبیعی,C,باد منبع انرژی تجدیدپذیر است. سؤال بازطراحی‌شده برای تنوع بیشتر آزمون.,ترنم همدلی,original,1405
ششم,,علوم,علوم,بخش 3,انرژی,,متوسط,"در میان گزینه‌های زیر، پاسخ درست را پیدا کنید:
کدام منبع تجدیدپذیر است؟",زغال‌سنگ,باد,گاز طبیعی,نفت,B,باد منبع انرژی تجدیدپذیر است. سؤال بازطراحی‌شده برای تنوع بیشتر آزمون.,ترنم همدلی,original,1405
ششم,,علوم,علوم,بخش 3,انرژی,,متوسط,"کدام گزینه با محتوای سؤال زیر هماهنگ است؟
کدام منبع تجدیدپذیر است؟",باد,گاز طبیعی,نفت,زغال‌سنگ,A,باد منبع انرژی تجدیدپذیر است. سؤال بازطراحی‌شده برای تنوع بیشتر آزمون.,ترنم همدلی,original,1405
ششم,,علوم,علوم,بخش 3,انرژی,,متوسط,"با توجه به پرسش زیر، گزینه صحیح را انتخاب کنید:
کدام منبع تجدیدپذیر است؟",گاز طبیعی,نفت,زغال‌سنگ,باد,D,باد منبع انرژی تجدیدپذیر است. سؤال بازطراحی‌شده برای تنوع بیشتر آزمون.,ترنم همدلی,original,1405
ششم,,علوم,علوم,بخش 3,انرژی,,متوسط,"کدام گزینه از نظر محتوایی درست است؟
کدام منبع تجدیدپذیر است؟",نفت,زغال‌سنگ,باد,گاز طبیعی,C,باد منبع انرژی تجدیدپذیر است. سؤال بازطراحی‌شده برای تنوع بیشتر آزمون.,ترنم همدلی,original,1405
ششم,,علوم,علوم,بخش 3,انرژی,,متوسط,"گزینه درست برای پرسش زیر را مشخص کنید:
کدام منبع تجدیدپذیر است؟",زغال‌سنگ,باد,گاز طبیعی,نفت,B,باد منبع انرژی تجدیدپذیر است. سؤال بازطراحی‌شده برای تنوع بیشتر آزمون.,ترنم همدلی,original,1405
ششم,,علوم,علوم,بخش 4,زیست و بدن,,متوسط,"در سؤال زیر، گزینه درست را انتخاب کنید:
واحد بنیادی حیات چیست؟",بافت,سلول,اندام,دستگاه,B,سلول واحد بنیادی حیات است. سؤال بازطراحی‌شده برای تنوع بیشتر آزمون.,ترنم همدلی,original,1405
ششم,,علوم,علوم,بخش 4,زیست و بدن,,متوسط,"کدام گزینه پاسخ صحیح این پرسش است؟
واحد بنیادی حیات چیست؟",سلول,اندام,دستگاه,بافت,A,سلول واحد بنیادی حیات است. سؤال بازطراحی‌شده برای تنوع بیشتر آزمون.,ترنم همدلی,original,1405
ششم,,علوم,علوم,بخش 4,زیست و بدن,,متوسط,"با دقت به پرسش زیر، گزینه درست را مشخص کنید:
واحد بنیادی حیات چیست؟",اندام,دستگاه,بافت,سلول,D,سلول واحد بنیادی حیات است. سؤال بازطراحی‌شده برای تنوع بیشتر آزمون.,ترنم همدلی,original,1405
ششم,,علوم,علوم,بخش 4,زیست و بدن,,متوسط,"کدام گزینه با صورت سؤال زیر سازگار است؟
واحد بنیادی حیات چیست؟",دستگاه,بافت,سلول,اندام,C,سلول واحد بنیادی حیات است. سؤال بازطراحی‌شده برای تنوع بیشتر آزمون.,ترنم همدلی,original,1405
ششم,,علوم,علوم,بخش 4,زیست و بدن,,متوسط,"پاسخ صحیح پرسش زیر کدام است؟
واحد بنیادی حیات چیست؟",بافت,سلول,اندام,دستگاه,B,سلول واحد بنیادی حیات است. سؤال بازطراحی‌شده برای تنوع بیشتر آزمون.,ترنم همدلی,original,1405
ششم,,علوم,علوم,بخش 4,زیست و بدن,,متوسط,"در میان گزینه‌های زیر، پاسخ درست را پیدا کنید:
واحد بنیادی حیات چیست؟",سلول,اندام,دستگاه,بافت,A,سلول واحد بنیادی حیات است. سؤال بازطراحی‌شده برای تنوع بیشتر آزمون.,ترنم همدلی,original,1405
ششم,,علوم,علوم,بخش 4,زیست و بدن,,متوسط,"کدام گزینه با محتوای سؤال زیر هماهنگ است؟
واحد بنیادی حیات چیست؟",اندام,دستگاه,بافت,سلول,D,سلول واحد بنیادی حیات است. سؤال بازطراحی‌شده برای تنوع بیشتر آزمون.,ترنم همدلی,original,1405
ششم,,علوم,علوم,بخش 4,زیست و بدن,,متوسط,"با توجه به پرسش زیر، گزینه صحیح را انتخاب کنید:
واحد بنیادی حیات چیست؟",دستگاه,بافت,سلول,اندام,C,سلول واحد بنیادی حیات است. سؤال بازطراحی‌شده برای تنوع بیشتر آزمون.,ترنم همدلی,original,1405
ششم,,علوم,علوم,بخش 4,زیست و بدن,,متوسط,"کدام گزینه از نظر محتوایی درست است؟
واحد بنیادی حیات چیست؟",بافت,سلول,اندام,دستگاه,B,سلول واحد بنیادی حیات است. سؤال بازطراحی‌شده برای تنوع بیشتر آزمون.,ترنم همدلی,original,1405
ششم,,علوم,علوم,بخش 4,زیست و بدن,,متوسط,"گزینه درست برای پرسش زیر را مشخص کنید:
واحد بنیادی حیات چیست؟",سلول,اندام,دستگاه,بافت,A,سلول واحد بنیادی حیات است. سؤال بازطراحی‌شده برای تنوع بیشتر آزمون.,ترنم همدلی,original,1405
ششم,,علوم,علوم,بخش 5,نیرو و حرکت,,متوسط,"در سؤال زیر، گزینه درست را انتخاب کنید:
واحد نیرو در SI چیست؟",ژول,وات,نیوتن,پاسکال,C,واحد نیرو نیوتن است. سؤال بازطراحی‌شده برای تنوع بیشتر آزمون.,ترنم همدلی,original,1405
ششم,,علوم,علوم,بخش 5,نیرو و حرکت,,متوسط,"کدام گزینه پاسخ صحیح این پرسش است؟
واحد نیرو در SI چیست؟",وات,نیوتن,پاسکال,ژول,B,واحد نیرو نیوتن است. سؤال بازطراحی‌شده برای تنوع بیشتر آزمون.,ترنم همدلی,original,1405
ششم,,علوم,علوم,بخش 5,نیرو و حرکت,,متوسط,"با دقت به پرسش زیر، گزینه درست را مشخص کنید:
واحد نیرو در SI چیست؟",نیوتن,پاسکال,ژول,وات,A,واحد نیرو نیوتن است. سؤال بازطراحی‌شده برای تنوع بیشتر آزمون.,ترنم همدلی,original,1405
ششم,,علوم,علوم,بخش 5,نیرو و حرکت,,متوسط,"کدام گزینه با صورت سؤال زیر سازگار است؟
واحد نیرو در SI چیست؟",پاسکال,ژول,وات,نیوتن,D,واحد نیرو نیوتن است. سؤال بازطراحی‌شده برای تنوع بیشتر آزمون.,ترنم همدلی,original,1405
ششم,,علوم,علوم,بخش 5,نیرو و حرکت,,متوسط,"پاسخ صحیح پرسش زیر کدام است؟
واحد نیرو در SI چیست؟",ژول,وات,نیوتن,پاسکال,C,واحد نیرو نیوتن است. سؤال بازطراحی‌شده برای تنوع بیشتر آزمون.,ترنم همدلی,original,1405
ششم,,علوم,علوم,بخش 5,نیرو و حرکت,,متوسط,"در میان گزینه‌های زیر، پاسخ درست را پیدا کنید:
واحد نیرو در SI چیست؟",وات,نیوتن,پاسکال,ژول,B,واحد نیرو نیوتن است. سؤال بازطراحی‌شده برای تنوع بیشتر آزمون.,ترنم همدلی,original,1405
ششم,,علوم,علوم,بخش 5,نیرو و حرکت,,متوسط,"کدام گزینه با محتوای سؤال زیر هماهنگ است؟
واحد نیرو در SI چیست؟",نیوتن,پاسکال,ژول,وات,A,واحد نیرو نیوتن است. سؤال بازطراحی‌شده برای تنوع بیشتر آزمون.,ترنم همدلی,original,1405
ششم,,علوم,علوم,بخش 5,نیرو و حرکت,,متوسط,"با توجه به پرسش زیر، گزینه صحیح را انتخاب کنید:
واحد نیرو در SI چیست؟",پاسکال,ژول,وات,نیوتن,D,واحد نیرو نیوتن است. سؤال بازطراحی‌شده برای تنوع بیشتر آزمون.,ترنم همدلی,original,1405
ششم,,علوم,علوم,بخش 5,نیرو و حرکت,,متوسط,"کدام گزینه از نظر محتوایی درست است؟
واحد نیرو در SI چیست؟",ژول,وات,نیوتن,پاسکال,C,واحد نیرو نیوتن است. سؤال بازطراحی‌شده برای تنوع بیشتر آزمون.,ترنم همدلی,original,1405
ششم,,علوم,علوم,بخش 5,نیرو و حرکت,,متوسط,"گزینه درست برای پرسش زیر را مشخص کنید:
واحد نیرو در SI چیست؟",وات,نیوتن,پاسکال,ژول,B,واحد نیرو نیوتن است. سؤال بازطراحی‌شده برای تنوع بیشتر آزمون.,ترنم همدلی,original,1405
ششم,,علوم,علوم,بخش 6,زمین و فضا,,متوسط,"در سؤال زیر، گزینه درست را انتخاب کنید:
کدام لایه زمین ضخیم‌تر از پوسته است؟",هسته,گوشته,جو,آب‌کره,B,گوشته زیر پوسته قرار دارد و بسیار ضخیم‌تر است. سؤال بازطراحی‌شده برای تنوع بیشتر آزمون.,ترنم همدلی,original,1405
ششم,,علوم,علوم,بخش 6,زمین و فضا,,متوسط,"کدام گزینه پاسخ صحیح این پرسش است؟
کدام لایه زمین ضخیم‌تر از پوسته است؟",گوشته,جو,آب‌کره,هسته,A,گوشته زیر پوسته قرار دارد و بسیار ضخیم‌تر است. سؤال بازطراحی‌شده برای تنوع بیشتر آزمون.,ترنم همدلی,original,1405
ششم,,علوم,علوم,بخش 6,زمین و فضا,,متوسط,"با دقت به پرسش زیر، گزینه درست را مشخص کنید:
کدام لایه زمین ضخیم‌تر از پوسته است؟",جو,آب‌کره,هسته,گوشته,D,گوشته زیر پوسته قرار دارد و بسیار ضخیم‌تر است. سؤال بازطراحی‌شده برای تنوع بیشتر آزمون.,ترنم همدلی,original,1405
ششم,,علوم,علوم,بخش 6,زمین و فضا,,متوسط,"کدام گزینه با صورت سؤال زیر سازگار است؟
کدام لایه زمین ضخیم‌تر از پوسته است؟",آب‌کره,هسته,گوشته,جو,C,گوشته زیر پوسته قرار دارد و بسیار ضخیم‌تر است. سؤال بازطراحی‌شده برای تنوع بیشتر آزمون.,ترنم همدلی,original,1405
ششم,,علوم,علوم,بخش 6,زمین و فضا,,متوسط,"پاسخ صحیح پرسش زیر کدام است؟
کدام لایه زمین ضخیم‌تر از پوسته است؟",هسته,گوشته,جو,آب‌کره,B,گوشته زیر پوسته قرار دارد و بسیار ضخیم‌تر است. سؤال بازطراحی‌شده برای تنوع بیشتر آزمون.,ترنم همدلی,original,1405
ششم,,علوم,علوم,بخش 6,زمین و فضا,,متوسط,"در میان گزینه‌های زیر، پاسخ درست را پیدا کنید:
کدام لایه زمین ضخیم‌تر از پوسته است؟",گوشته,جو,آب‌کره,هسته,A,گوشته زیر پوسته قرار دارد و بسیار ضخیم‌تر است. سؤال بازطراحی‌شده برای تنوع بیشتر آزمون.,ترنم همدلی,original,1405
ششم,,علوم,علوم,بخش 6,زمین و فضا,,متوسط,"کدام گزینه با محتوای سؤال زیر هماهنگ است؟
کدام لایه زمین ضخیم‌تر از پوسته است؟",جو,آب‌کره,هسته,گوشته,D,گوشته زیر پوسته قرار دارد و بسیار ضخیم‌تر است. سؤال بازطراحی‌شده برای تنوع بیشتر آزمون.,ترنم همدلی,original,1405
ششم,,علوم,علوم,بخش 6,زمین و فضا,,متوسط,"با توجه به پرسش زیر، گزینه صحیح را انتخاب کنید:
کدام لایه زمین ضخیم‌تر از پوسته است؟",آب‌کره,هسته,گوشته,جو,C,گوشته زیر پوسته قرار دارد و بسیار ضخیم‌تر است. سؤال بازطراحی‌شده برای تنوع بیشتر آزمون.,ترنم همدلی,original,1405
ششم,,علوم,علوم,بخش 6,زمین و فضا,,متوسط,"کدام گزینه از نظر محتوایی درست است؟
کدام لایه زمین ضخیم‌تر از پوسته است؟",هسته,گوشته,جو,آب‌کره,B,گوشته زیر پوسته قرار دارد و بسیار ضخیم‌تر است. سؤال بازطراحی‌شده برای تنوع بیشتر آزمون.,ترنم همدلی,original,1405
ششم,,علوم,علوم,بخش 6,زمین و فضا,,متوسط,"گزینه درست برای پرسش زیر را مشخص کنید:
کدام لایه زمین ضخیم‌تر از پوسته است؟",گوشته,جو,آب‌کره,هسته,A,گوشته زیر پوسته قرار دارد و بسیار ضخیم‌تر است. سؤال بازطراحی‌شده برای تنوع بیشتر آزمون.,ترنم همدلی,original,1405
ششم,,فارسی,فارسی,بخش 1,واژگان,,متوسط,"در سؤال زیر، گزینه درست را انتخاب کنید:
کدام واژه با «کوشش» هم‌معنی است؟",تلاش,آرامش,دانش,آرایش,A,تلاش با کوشش هم‌معناست. سؤال بازطراحی‌شده برای تنوع بیشتر آزمون.,ترنم همدلی,original,1405
ششم,,فارسی,فارسی,بخش 1,واژگان,,متوسط,"کدام گزینه پاسخ صحیح این پرسش است؟
کدام واژه با «کوشش» هم‌معنی است؟",آرامش,دانش,آرایش,تلاش,D,تلاش با کوشش هم‌معناست. سؤال بازطراحی‌شده برای تنوع بیشتر آزمون.,ترنم همدلی,original,1405
ششم,,فارسی,فارسی,بخش 1,واژگان,,متوسط,"با دقت به پرسش زیر، گزینه درست را مشخص کنید:
کدام واژه با «کوشش» هم‌معنی است؟",دانش,آرایش,تلاش,آرامش,C,تلاش با کوشش هم‌معناست. سؤال بازطراحی‌شده برای تنوع بیشتر آزمون.,ترنم همدلی,original,1405
ششم,,فارسی,فارسی,بخش 1,واژگان,,متوسط,"کدام گزینه با صورت سؤال زیر سازگار است؟
کدام واژه با «کوشش» هم‌معنی است؟",آرایش,تلاش,آرامش,دانش,B,تلاش با کوشش هم‌معناست. سؤال بازطراحی‌شده برای تنوع بیشتر آزمون.,ترنم همدلی,original,1405
ششم,,فارسی,فارسی,بخش 1,واژگان,,متوسط,"پاسخ صحیح پرسش زیر کدام است؟
کدام واژه با «کوشش» هم‌معنی است؟",تلاش,آرامش,دانش,آرایش,A,تلاش با کوشش هم‌معناست. سؤال بازطراحی‌شده برای تنوع بیشتر آزمون.,ترنم همدلی,original,1405
ششم,,فارسی,فارسی,بخش 1,واژگان,,متوسط,"در میان گزینه‌های زیر، پاسخ درست را پیدا کنید:
کدام واژه با «کوشش» هم‌معنی است؟",آرامش,دانش,آرایش,تلاش,D,تلاش با کوشش هم‌معناست. سؤال بازطراحی‌شده برای تنوع بیشتر آزمون.,ترنم همدلی,original,1405
ششم,,فارسی,فارسی,بخش 1,واژگان,,متوسط,"کدام گزینه با محتوای سؤال زیر هماهنگ است؟
کدام واژه با «کوشش» هم‌معنی است؟",دانش,آرایش,تلاش,آرامش,C,تلاش با کوشش هم‌معناست. سؤال بازطراحی‌شده برای تنوع بیشتر آزمون.,ترنم همدلی,original,1405
ششم,,فارسی,فارسی,بخش 1,واژگان,,متوسط,"با توجه به پرسش زیر، گزینه صحیح را انتخاب کنید:
کدام واژه با «کوشش» هم‌معنی است؟",آرایش,تلاش,آرامش,دانش,B,تلاش با کوشش هم‌معناست. سؤال بازطراحی‌شده برای تنوع بیشتر آزمون.,ترنم همدلی,original,1405
ششم,,فارسی,فارسی,بخش 1,واژگان,,متوسط,"کدام گزینه از نظر محتوایی درست است؟
کدام واژه با «کوشش» هم‌معنی است؟",تلاش,آرامش,دانش,آرایش,A,تلاش با کوشش هم‌معناست. سؤال بازطراحی‌شده برای تنوع بیشتر آزمون.,ترنم همدلی,original,1405
ششم,,فارسی,فارسی,بخش 1,واژگان,,متوسط,"گزینه درست برای پرسش زیر را مشخص کنید:
کدام واژه با «کوشش» هم‌معنی است؟",آرامش,دانش,آرایش,تلاش,D,تلاش با کوشش هم‌معناست. سؤال بازطراحی‌شده برای تنوع بیشتر آزمون.,ترنم همدلی,original,1405
ششم,,فارسی,فارسی,بخش 2,دستور زبان,,متوسط,"در سؤال زیر، گزینه درست را انتخاب کنید:
در جمله «دانش‌آموز کتاب را خواند»، مفعول کدام است؟",دانش‌آموز,کتاب,خواند,را,B,کتاب مفعول است و «را» نشانه مفعول است. سؤال بازطراحی‌شده برای تنوع بیشتر آزمون.,ترنم همدلی,original,1405
ششم,,فارسی,فارسی,بخش 2,دستور زبان,,متوسط,"کدام گزینه پاسخ صحیح این پرسش است؟
در جمله «دانش‌آموز کتاب را خواند»، مفعول کدام است؟",کتاب,خواند,را,دانش‌آموز,A,کتاب مفعول است و «را» نشانه مفعول است. سؤال بازطراحی‌شده برای تنوع بیشتر آزمون.,ترنم همدلی,original,1405
ششم,,فارسی,فارسی,بخش 2,دستور زبان,,متوسط,"با دقت به پرسش زیر، گزینه درست را مشخص کنید:
در جمله «دانش‌آموز کتاب را خواند»، مفعول کدام است؟",خواند,را,دانش‌آموز,کتاب,D,کتاب مفعول است و «را» نشانه مفعول است. سؤال بازطراحی‌شده برای تنوع بیشتر آزمون.,ترنم همدلی,original,1405
ششم,,فارسی,فارسی,بخش 2,دستور زبان,,متوسط,"کدام گزینه با صورت سؤال زیر سازگار است؟
در جمله «دانش‌آموز کتاب را خواند»، مفعول کدام است؟",را,دانش‌آموز,کتاب,خواند,C,کتاب مفعول است و «را» نشانه مفعول است. سؤال بازطراحی‌شده برای تنوع بیشتر آزمون.,ترنم همدلی,original,1405
ششم,,فارسی,فارسی,بخش 2,دستور زبان,,متوسط,"پاسخ صحیح پرسش زیر کدام است؟
در جمله «دانش‌آموز کتاب را خواند»، مفعول کدام است؟",دانش‌آموز,کتاب,خواند,را,B,کتاب مفعول است و «را» نشانه مفعول است. سؤال بازطراحی‌شده برای تنوع بیشتر آزمون.,ترنم همدلی,original,1405
ششم,,فارسی,فارسی,بخش 2,دستور زبان,,متوسط,"در میان گزینه‌های زیر، پاسخ درست را پیدا کنید:
در جمله «دانش‌آموز کتاب را خواند»، مفعول کدام است؟",کتاب,خواند,را,دانش‌آموز,A,کتاب مفعول است و «را» نشانه مفعول است. سؤال بازطراحی‌شده برای تنوع بیشتر آزمون.,ترنم همدلی,original,1405
ششم,,فارسی,فارسی,بخش 2,دستور زبان,,متوسط,"کدام گزینه با محتوای سؤال زیر هماهنگ است؟
در جمله «دانش‌آموز کتاب را خواند»، مفعول کدام است؟",خواند,را,دانش‌آموز,کتاب,D,کتاب مفعول است و «را» نشانه مفعول است. سؤال بازطراحی‌شده برای تنوع بیشتر آزمون.,ترنم همدلی,original,1405
ششم,,فارسی,فارسی,بخش 2,دستور زبان,,متوسط,"با توجه به پرسش زیر، گزینه صحیح را انتخاب کنید:
در جمله «دانش‌آموز کتاب را خواند»، مفعول کدام است؟",را,دانش‌آموز,کتاب,خواند,C,کتاب مفعول است و «را» نشانه مفعول است. سؤال بازطراحی‌شده برای تنوع بیشتر آزمون.,ترنم همدلی,original,1405
ششم,,فارسی,فارسی,بخش 2,دستور زبان,,متوسط,"کدام گزینه از نظر محتوایی درست است؟
در جمله «دانش‌آموز کتاب را خواند»، مفعول کدام است؟",دانش‌آموز,کتاب,خواند,را,B,کتاب مفعول است و «را» نشانه مفعول است. سؤال بازطراحی‌شده برای تنوع بیشتر آزمون.,ترنم همدلی,original,1405
ششم,,فارسی,فارسی,بخش 2,دستور زبان,,متوسط,"گزینه درست برای پرسش زیر را مشخص کنید:
در جمله «دانش‌آموز کتاب را خواند»، مفعول کدام است؟",کتاب,خواند,را,دانش‌آموز,A,کتاب مفعول است و «را» نشانه مفعول است. سؤال بازطراحی‌شده برای تنوع بیشتر آزمون.,ترنم همدلی,original,1405
ششم,,فارسی,فارسی,بخش 3,آرایه ادبی,,متوسط,"در سؤال زیر، گزینه درست را انتخاب کنید:
در «لبش چون لعل بود» کدام آرایه برجسته است؟",تشبیه,تضاد,جناس,کنایه,A,لب به لعل تشبیه شده است. سؤال بازطراحی‌شده برای تنوع بیشتر آزمون.,ترنم همدلی,original,1405
ششم,,فارسی,فارسی,بخش 3,آرایه ادبی,,متوسط,"کدام گزینه پاسخ صحیح این پرسش است؟
در «لبش چون لعل بود» کدام آرایه برجسته است؟",تضاد,جناس,کنایه,تشبیه,D,لب به لعل تشبیه شده است. سؤال بازطراحی‌شده برای تنوع بیشتر آزمون.,ترنم همدلی,original,1405
ششم,,فارسی,فارسی,بخش 3,آرایه ادبی,,متوسط,"با دقت به پرسش زیر، گزینه درست را مشخص کنید:
در «لبش چون لعل بود» کدام آرایه برجسته است؟",جناس,کنایه,تشبیه,تضاد,C,لب به لعل تشبیه شده است. سؤال بازطراحی‌شده برای تنوع بیشتر آزمون.,ترنم همدلی,original,1405
ششم,,فارسی,فارسی,بخش 3,آرایه ادبی,,متوسط,"کدام گزینه با صورت سؤال زیر سازگار است؟
در «لبش چون لعل بود» کدام آرایه برجسته است؟",کنایه,تشبیه,تضاد,جناس,B,لب به لعل تشبیه شده است. سؤال بازطراحی‌شده برای تنوع بیشتر آزمون.,ترنم همدلی,original,1405
ششم,,فارسی,فارسی,بخش 3,آرایه ادبی,,متوسط,"پاسخ صحیح پرسش زیر کدام است؟
در «لبش چون لعل بود» کدام آرایه برجسته است؟",تشبیه,تضاد,جناس,کنایه,A,لب به لعل تشبیه شده است. سؤال بازطراحی‌شده برای تنوع بیشتر آزمون.,ترنم همدلی,original,1405
ششم,,فارسی,فارسی,بخش 3,آرایه ادبی,,متوسط,"در میان گزینه‌های زیر، پاسخ درست را پیدا کنید:
در «لبش چون لعل بود» کدام آرایه برجسته است؟",تضاد,جناس,کنایه,تشبیه,D,لب به لعل تشبیه شده است. سؤال بازطراحی‌شده برای تنوع بیشتر آزمون.,ترنم همدلی,original,1405
ششم,,فارسی,فارسی,بخش 3,آرایه ادبی,,متوسط,"کدام گزینه با محتوای سؤال زیر هماهنگ است؟
در «لبش چون لعل بود» کدام آرایه برجسته است؟",جناس,کنایه,تشبیه,تضاد,C,لب به لعل تشبیه شده است. سؤال بازطراحی‌شده برای تنوع بیشتر آزمون.,ترنم همدلی,original,1405
ششم,,فارسی,فارسی,بخش 3,آرایه ادبی,,متوسط,"با توجه به پرسش زیر، گزینه صحیح را انتخاب کنید:
در «لبش چون لعل بود» کدام آرایه برجسته است؟",کنایه,تشبیه,تضاد,جناس,B,لب به لعل تشبیه شده است. سؤال بازطراحی‌شده برای تنوع بیشتر آزمون.,ترنم همدلی,original,1405
ششم,,فارسی,فارسی,بخش 3,آرایه ادبی,,متوسط,"کدام گزینه از نظر محتوایی درست است؟
در «لبش چون لعل بود» کدام آرایه برجسته است؟",تشبیه,تضاد,جناس,کنایه,A,لب به لعل تشبیه شده است. سؤال بازطراحی‌شده برای تنوع بیشتر آزمون.,ترنم همدلی,original,1405
ششم,,فارسی,فارسی,بخش 3,آرایه ادبی,,متوسط,"گزینه درست برای پرسش زیر را مشخص کنید:
در «لبش چون لعل بود» کدام آرایه برجسته است؟",تضاد,جناس,کنایه,تشبیه,D,لب به لعل تشبیه شده است. سؤال بازطراحی‌شده برای تنوع بیشتر آزمون.,ترنم همدلی,original,1405
ششم,,فارسی,فارسی,بخش 4,املاء,,متوسط,"در سؤال زیر، گزینه درست را انتخاب کنید:
کدام گزینه درست نوشته شده است؟",مسئول,مسول,مسئولل,مسعول,A,املای درست «مسئول» است. سؤال بازطراحی‌شده برای تنوع بیشتر آزمون.,ترنم همدلی,original,1405
ششم,,فارسی,فارسی,بخش 4,املاء,,متوسط,"کدام گزینه پاسخ صحیح این پرسش است؟
کدام گزینه درست نوشته شده است؟",مسول,مسئولل,مسعول,مسئول,D,املای درست «مسئول» است. سؤال بازطراحی‌شده برای تنوع بیشتر آزمون.,ترنم همدلی,original,1405
ششم,,فارسی,فارسی,بخش 4,املاء,,متوسط,"با دقت به پرسش زیر، گزینه درست را مشخص کنید:
کدام گزینه درست نوشته شده است؟",مسئولل,مسعول,مسئول,مسول,C,املای درست «مسئول» است. سؤال بازطراحی‌شده برای تنوع بیشتر آزمون.,ترنم همدلی,original,1405
ششم,,فارسی,فارسی,بخش 4,املاء,,متوسط,"کدام گزینه با صورت سؤال زیر سازگار است؟
کدام گزینه درست نوشته شده است؟",مسعول,مسئول,مسول,مسئولل,B,املای درست «مسئول» است. سؤال بازطراحی‌شده برای تنوع بیشتر آزمون.,ترنم همدلی,original,1405
ششم,,فارسی,فارسی,بخش 4,املاء,,متوسط,"پاسخ صحیح پرسش زیر کدام است؟
کدام گزینه درست نوشته شده است؟",مسئول,مسول,مسئولل,مسعول,A,املای درست «مسئول» است. سؤال بازطراحی‌شده برای تنوع بیشتر آزمون.,ترنم همدلی,original,1405
ششم,,فارسی,فارسی,بخش 4,املاء,,متوسط,"در میان گزینه‌های زیر، پاسخ درست را پیدا کنید:
کدام گزینه درست نوشته شده است؟",مسول,مسئولل,مسعول,مسئول,D,املای درست «مسئول» است. سؤال بازطراحی‌شده برای تنوع بیشتر آزمون.,ترنم همدلی,original,1405
ششم,,فارسی,فارسی,بخش 4,املاء,,متوسط,"کدام گزینه با محتوای سؤال زیر هماهنگ است؟
کدام گزینه درست نوشته شده است؟",مسئولل,مسعول,مسئول,مسول,C,املای درست «مسئول» است. سؤال بازطراحی‌شده برای تنوع بیشتر آزمون.,ترنم همدلی,original,1405
ششم,,فارسی,فارسی,بخش 4,املاء,,متوسط,"با توجه به پرسش زیر، گزینه صحیح را انتخاب کنید:
کدام گزینه درست نوشته شده است؟",مسعول,مسئول,مسول,مسئولل,B,املای درست «مسئول» است. سؤال بازطراحی‌شده برای تنوع بیشتر آزمون.,ترنم همدلی,original,1405
ششم,,فارسی,فارسی,بخش 4,املاء,,متوسط,"کدام گزینه از نظر محتوایی درست است؟
کدام گزینه درست نوشته شده است؟",مسئول,مسول,مسئولل,مسعول,A,املای درست «مسئول» است. سؤال بازطراحی‌شده برای تنوع بیشتر آزمون.,ترنم همدلی,original,1405
ششم,,فارسی,فارسی,بخش 4,املاء,,متوسط,"گزینه درست برای پرسش زیر را مشخص کنید:
کدام گزینه درست نوشته شده است؟",مسول,مسئولل,مسعول,مسئول,D,املای درست «مسئول» است. سؤال بازطراحی‌شده برای تنوع بیشتر آزمون.,ترنم همدلی,original,1405
ششم,,فارسی,فارسی,بخش 5,معنی و مفهوم,,متوسط,"در سؤال زیر، گزینه درست را انتخاب کنید:
مفهوم «از تو حرکت، از خدا برکت» چیست؟",بی‌تلاشی,ضرورت تلاش,ترس از آینده,بی‌نظمی,B,ضرب‌المثل بر نقش تلاش انسان تأکید دارد. سؤال بازطراحی‌شده برای تنوع بیشتر آزمون.,ترنم همدلی,original,1405
ششم,,فارسی,فارسی,بخش 5,معنی و مفهوم,,متوسط,"کدام گزینه پاسخ صحیح این پرسش است؟
مفهوم «از تو حرکت، از خدا برکت» چیست؟",ضرورت تلاش,ترس از آینده,بی‌نظمی,بی‌تلاشی,A,ضرب‌المثل بر نقش تلاش انسان تأکید دارد. سؤال بازطراحی‌شده برای تنوع بیشتر آزمون.,ترنم همدلی,original,1405
ششم,,فارسی,فارسی,بخش 5,معنی و مفهوم,,متوسط,"با دقت به پرسش زیر، گزینه درست را مشخص کنید:
مفهوم «از تو حرکت، از خدا برکت» چیست؟",ترس از آینده,بی‌نظمی,بی‌تلاشی,ضرورت تلاش,D,ضرب‌المثل بر نقش تلاش انسان تأکید دارد. سؤال بازطراحی‌شده برای تنوع بیشتر آزمون.,ترنم همدلی,original,1405
ششم,,فارسی,فارسی,بخش 5,معنی و مفهوم,,متوسط,"کدام گزینه با صورت سؤال زیر سازگار است؟
مفهوم «از تو حرکت، از خدا برکت» چیست؟",بی‌نظمی,بی‌تلاشی,ضرورت تلاش,ترس از آینده,C,ضرب‌المثل بر نقش تلاش انسان تأکید دارد. سؤال بازطراحی‌شده برای تنوع بیشتر آزمون.,ترنم همدلی,original,1405
ششم,,فارسی,فارسی,بخش 5,معنی و مفهوم,,متوسط,"پاسخ صحیح پرسش زیر کدام است؟
مفهوم «از تو حرکت، از خدا برکت» چیست؟",بی‌تلاشی,ضرورت تلاش,ترس از آینده,بی‌نظمی,B,ضرب‌المثل بر نقش تلاش انسان تأکید دارد. سؤال بازطراحی‌شده برای تنوع بیشتر آزمون.,ترنم همدلی,original,1405
ششم,,فارسی,فارسی,بخش 5,معنی و مفهوم,,متوسط,"در میان گزینه‌های زیر، پاسخ درست را پیدا کنید:
مفهوم «از تو حرکت، از خدا برکت» چیست؟",ضرورت تلاش,ترس از آینده,بی‌نظمی,بی‌تلاشی,A,ضرب‌المثل بر نقش تلاش انسان تأکید دارد. سؤال بازطراحی‌شده برای تنوع بیشتر آزمون.,ترنم همدلی,original,1405
ششم,,فارسی,فارسی,بخش 5,معنی و مفهوم,,متوسط,"کدام گزینه با محتوای سؤال زیر هماهنگ است؟
مفهوم «از تو حرکت، از خدا برکت» چیست؟",ترس از آینده,بی‌نظمی,بی‌تلاشی,ضرورت تلاش,D,ضرب‌المثل بر نقش تلاش انسان تأکید دارد. سؤال بازطراحی‌شده برای تنوع بیشتر آزمون.,ترنم همدلی,original,1405
ششم,,فارسی,فارسی,بخش 5,معنی و مفهوم,,متوسط,"با توجه به پرسش زیر، گزینه صحیح را انتخاب کنید:
مفهوم «از تو حرکت، از خدا برکت» چیست؟",بی‌نظمی,بی‌تلاشی,ضرورت تلاش,ترس از آینده,C,ضرب‌المثل بر نقش تلاش انسان تأکید دارد. سؤال بازطراحی‌شده برای تنوع بیشتر آزمون.,ترنم همدلی,original,1405
ششم,,فارسی,فارسی,بخش 5,معنی و مفهوم,,متوسط,"کدام گزینه از نظر محتوایی درست است؟
مفهوم «از تو حرکت، از خدا برکت» چیست؟",بی‌تلاشی,ضرورت تلاش,ترس از آینده,بی‌نظمی,B,ضرب‌المثل بر نقش تلاش انسان تأکید دارد. سؤال بازطراحی‌شده برای تنوع بیشتر آزمون.,ترنم همدلی,original,1405
ششم,,فارسی,فارسی,بخش 5,معنی و مفهوم,,متوسط,"گزینه درست برای پرسش زیر را مشخص کنید:
مفهوم «از تو حرکت، از خدا برکت» چیست؟",ضرورت تلاش,ترس از آینده,بی‌نظمی,بی‌تلاشی,A,ضرب‌المثل بر نقش تلاش انسان تأکید دارد. سؤال بازطراحی‌شده برای تنوع بیشتر آزمون.,ترنم همدلی,original,1405
ششم,,فارسی,فارسی,بخش 6,نگارش,,متوسط,"در سؤال زیر، گزینه درست را انتخاب کنید:
کدام مورد برای یک بند منسجم ضروری‌تر است؟",بی‌ربطی جمله‌ها,وحدت موضوع,تکرار واژه‌ها,حذف جمله اصلی,B,وحدت موضوع انسجام بند را بیشتر می‌کند. سؤال بازطراحی‌شده برای تنوع بیشتر آزمون.,ترنم همدلی,original,1405
ششم,,فارسی,فارسی,بخش 6,نگارش,,متوسط,"کدام گزینه پاسخ صحیح این پرسش است؟
کدام مورد برای یک بند منسجم ضروری‌تر است؟",وحدت موضوع,تکرار واژه‌ها,حذف جمله اصلی,بی‌ربطی جمله‌ها,A,وحدت موضوع انسجام بند را بیشتر می‌کند. سؤال بازطراحی‌شده برای تنوع بیشتر آزمون.,ترنم همدلی,original,1405
ششم,,فارسی,فارسی,بخش 6,نگارش,,متوسط,"با دقت به پرسش زیر، گزینه درست را مشخص کنید:
کدام مورد برای یک بند منسجم ضروری‌تر است؟",تکرار واژه‌ها,حذف جمله اصلی,بی‌ربطی جمله‌ها,وحدت موضوع,D,وحدت موضوع انسجام بند را بیشتر می‌کند. سؤال بازطراحی‌شده برای تنوع بیشتر آزمون.,ترنم همدلی,original,1405
ششم,,فارسی,فارسی,بخش 6,نگارش,,متوسط,"کدام گزینه با صورت سؤال زیر سازگار است؟
کدام مورد برای یک بند منسجم ضروری‌تر است؟",حذف جمله اصلی,بی‌ربطی جمله‌ها,وحدت موضوع,تکرار واژه‌ها,C,وحدت موضوع انسجام بند را بیشتر می‌کند. سؤال بازطراحی‌شده برای تنوع بیشتر آزمون.,ترنم همدلی,original,1405
ششم,,فارسی,فارسی,بخش 6,نگارش,,متوسط,"پاسخ صحیح پرسش زیر کدام است؟
کدام مورد برای یک بند منسجم ضروری‌تر است؟",بی‌ربطی جمله‌ها,وحدت موضوع,تکرار واژه‌ها,حذف جمله اصلی,B,وحدت موضوع انسجام بند را بیشتر می‌کند. سؤال بازطراحی‌شده برای تنوع بیشتر آزمون.,ترنم همدلی,original,1405
ششم,,فارسی,فارسی,بخش 6,نگارش,,متوسط,"در میان گزینه‌های زیر، پاسخ درست را پیدا کنید:
کدام مورد برای یک بند منسجم ضروری‌تر است؟",وحدت موضوع,تکرار واژه‌ها,حذف جمله اصلی,بی‌ربطی جمله‌ها,A,وحدت موضوع انسجام بند را بیشتر می‌کند. سؤال بازطراحی‌شده برای تنوع بیشتر آزمون.,ترنم همدلی,original,1405
ششم,,فارسی,فارسی,بخش 6,نگارش,,متوسط,"کدام گزینه با محتوای سؤال زیر هماهنگ است؟
کدام مورد برای یک بند منسجم ضروری‌تر است؟",تکرار واژه‌ها,حذف جمله اصلی,بی‌ربطی جمله‌ها,وحدت موضوع,D,وحدت موضوع انسجام بند را بیشتر می‌کند. سؤال بازطراحی‌شده برای تنوع بیشتر آزمون.,ترنم همدلی,original,1405
ششم,,فارسی,فارسی,بخش 6,نگارش,,متوسط,"با توجه به پرسش زیر، گزینه صحیح را انتخاب کنید:
کدام مورد برای یک بند منسجم ضروری‌تر است؟",حذف جمله اصلی,بی‌ربطی جمله‌ها,وحدت موضوع,تکرار واژه‌ها,C,وحدت موضوع انسجام بند را بیشتر می‌کند. سؤال بازطراحی‌شده برای تنوع بیشتر آزمون.,ترنم همدلی,original,1405
ششم,,فارسی,فارسی,بخش 6,نگارش,,متوسط,"کدام گزینه از نظر محتوایی درست است؟
کدام مورد برای یک بند منسجم ضروری‌تر است؟",بی‌ربطی جمله‌ها,وحدت موضوع,تکرار واژه‌ها,حذف جمله اصلی,B,وحدت موضوع انسجام بند را بیشتر می‌کند. سؤال بازطراحی‌شده برای تنوع بیشتر آزمون.,ترنم همدلی,original,1405
ششم,,فارسی,فارسی,بخش 6,نگارش,,متوسط,"گزینه درست برای پرسش زیر را مشخص کنید:
کدام مورد برای یک بند منسجم ضروری‌تر است؟",وحدت موضوع,تکرار واژه‌ها,حذف جمله اصلی,بی‌ربطی جمله‌ها,A,وحدت موضوع انسجام بند را بیشتر می‌کند. سؤال بازطراحی‌شده برای تنوع بیشتر آزمون.,ترنم همدلی,original,1405
ششم,,عربی,عربی,بخش 1,ترجمه,,متوسط,"در سؤال زیر، گزینه درست را انتخاب کنید:
معنی «هؤلاء الطلاب» چیست؟",آن دانش‌آموزان,این دانش‌آموزان,این معلم,آن معلمان,B,هؤلاء برای اشاره نزدیک جمع است. سؤال بازطراحی‌شده برای تنوع بیشتر آزمون.,ترنم همدلی,original,1405
ششم,,عربی,عربی,بخش 1,ترجمه,,متوسط,"کدام گزینه پاسخ صحیح این پرسش است؟
معنی «هؤلاء الطلاب» چیست؟",این دانش‌آموزان,این معلم,آن معلمان,آن دانش‌آموزان,A,هؤلاء برای اشاره نزدیک جمع است. سؤال بازطراحی‌شده برای تنوع بیشتر آزمون.,ترنم همدلی,original,1405
ششم,,عربی,عربی,بخش 1,ترجمه,,متوسط,"با دقت به پرسش زیر، گزینه درست را مشخص کنید:
معنی «هؤلاء الطلاب» چیست؟",این معلم,آن معلمان,آن دانش‌آموزان,این دانش‌آموزان,D,هؤلاء برای اشاره نزدیک جمع است. سؤال بازطراحی‌شده برای تنوع بیشتر آزمون.,ترنم همدلی,original,1405
ششم,,عربی,عربی,بخش 1,ترجمه,,متوسط,"کدام گزینه با صورت سؤال زیر سازگار است؟
معنی «هؤلاء الطلاب» چیست؟",آن معلمان,آن دانش‌آموزان,این دانش‌آموزان,این معلم,C,هؤلاء برای اشاره نزدیک جمع است. سؤال بازطراحی‌شده برای تنوع بیشتر آزمون.,ترنم همدلی,original,1405
ششم,,عربی,عربی,بخش 1,ترجمه,,متوسط,"پاسخ صحیح پرسش زیر کدام است؟
معنی «هؤلاء الطلاب» چیست؟",آن دانش‌آموزان,این دانش‌آموزان,این معلم,آن معلمان,B,هؤلاء برای اشاره نزدیک جمع است. سؤال بازطراحی‌شده برای تنوع بیشتر آزمون.,ترنم همدلی,original,1405
ششم,,عربی,عربی,بخش 1,ترجمه,,متوسط,"در میان گزینه‌های زیر، پاسخ درست را پیدا کنید:
معنی «هؤلاء الطلاب» چیست؟",این دانش‌آموزان,این معلم,آن معلمان,آن دانش‌آموزان,A,هؤلاء برای اشاره نزدیک جمع است. سؤال بازطراحی‌شده برای تنوع بیشتر آزمون.,ترنم همدلی,original,1405
ششم,,عربی,عربی,بخش 1,ترجمه,,متوسط,"کدام گزینه با محتوای سؤال زیر هماهنگ است؟
معنی «هؤلاء الطلاب» چیست؟",این معلم,آن معلمان,آن دانش‌آموزان,این دانش‌آموزان,D,هؤلاء برای اشاره نزدیک جمع است. سؤال بازطراحی‌شده برای تنوع بیشتر آزمون.,ترنم همدلی,original,1405
ششم,,عربی,عربی,بخش 1,ترجمه,,متوسط,"با توجه به پرسش زیر، گزینه صحیح را انتخاب کنید:
معنی «هؤلاء الطلاب» چیست؟",آن معلمان,آن دانش‌آموزان,این دانش‌آموزان,این معلم,C,هؤلاء برای اشاره نزدیک جمع است. سؤال بازطراحی‌شده برای تنوع بیشتر آزمون.,ترنم همدلی,original,1405
ششم,,عربی,عربی,بخش 1,ترجمه,,متوسط,"کدام گزینه از نظر محتوایی درست است؟
معنی «هؤلاء الطلاب» چیست؟",آن دانش‌آموزان,این دانش‌آموزان,این معلم,آن معلمان,B,هؤلاء برای اشاره نزدیک جمع است. سؤال بازطراحی‌شده برای تنوع بیشتر آزمون.,ترنم همدلی,original,1405
ششم,,عربی,عربی,بخش 1,ترجمه,,متوسط,"گزینه درست برای پرسش زیر را مشخص کنید:
معنی «هؤلاء الطلاب» چیست؟",این دانش‌آموزان,این معلم,آن معلمان,آن دانش‌آموزان,A,هؤلاء برای اشاره نزدیک جمع است. سؤال بازطراحی‌شده برای تنوع بیشتر آزمون.,ترنم همدلی,original,1405
ششم,,عربی,عربی,بخش 2,اسم اشاره,,متوسط,"در سؤال زیر، گزینه درست را انتخاب کنید:
کدام گزینه برای مفرد مذکر نزدیک درست است؟",هذه,هؤلاء,هذا,ذلک,C,هذا برای مفرد مذکر نزدیک است. سؤال بازطراحی‌شده برای تنوع بیشتر آزمون.,ترنم همدلی,original,1405
ششم,,عربی,عربی,بخش 2,اسم اشاره,,متوسط,"کدام گزینه پاسخ صحیح این پرسش است؟
کدام گزینه برای مفرد مذکر نزدیک درست است؟",هؤلاء,هذا,ذلک,هذه,B,هذا برای مفرد مذکر نزدیک است. سؤال بازطراحی‌شده برای تنوع بیشتر آزمون.,ترنم همدلی,original,1405
ششم,,عربی,عربی,بخش 2,اسم اشاره,,متوسط,"با دقت به پرسش زیر، گزینه درست را مشخص کنید:
کدام گزینه برای مفرد مذکر نزدیک درست است؟",هذا,ذلک,هذه,هؤلاء,A,هذا برای مفرد مذکر نزدیک است. سؤال بازطراحی‌شده برای تنوع بیشتر آزمون.,ترنم همدلی,original,1405
ششم,,عربی,عربی,بخش 2,اسم اشاره,,متوسط,"کدام گزینه با صورت سؤال زیر سازگار است؟
کدام گزینه برای مفرد مذکر نزدیک درست است؟",ذلک,هذه,هؤلاء,هذا,D,هذا برای مفرد مذکر نزدیک است. سؤال بازطراحی‌شده برای تنوع بیشتر آزمون.,ترنم همدلی,original,1405
ششم,,عربی,عربی,بخش 2,اسم اشاره,,متوسط,"پاسخ صحیح پرسش زیر کدام است؟
کدام گزینه برای مفرد مذکر نزدیک درست است؟",هذه,هؤلاء,هذا,ذلک,C,هذا برای مفرد مذکر نزدیک است. سؤال بازطراحی‌شده برای تنوع بیشتر آزمون.,ترنم همدلی,original,1405
ششم,,عربی,عربی,بخش 2,اسم اشاره,,متوسط,"در میان گزینه‌های زیر، پاسخ درست را پیدا کنید:
کدام گزینه برای مفرد مذکر نزدیک درست است؟",هؤلاء,هذا,ذلک,هذه,B,هذا برای مفرد مذکر نزدیک است. سؤال بازطراحی‌شده برای تنوع بیشتر آزمون.,ترنم همدلی,original,1405
ششم,,عربی,عربی,بخش 2,اسم اشاره,,متوسط,"کدام گزینه با محتوای سؤال زیر هماهنگ است؟
کدام گزینه برای مفرد مذکر نزدیک درست است؟",هذا,ذلک,هذه,هؤلاء,A,هذا برای مفرد مذکر نزدیک است. سؤال بازطراحی‌شده برای تنوع بیشتر آزمون.,ترنم همدلی,original,1405
ششم,,عربی,عربی,بخش 2,اسم اشاره,,متوسط,"با توجه به پرسش زیر، گزینه صحیح را انتخاب کنید:
کدام گزینه برای مفرد مذکر نزدیک درست است؟",ذلک,هذه,هؤلاء,هذا,D,هذا برای مفرد مذکر نزدیک است. سؤال بازطراحی‌شده برای تنوع بیشتر آزمون.,ترنم همدلی,original,1405
ششم,,عربی,عربی,بخش 2,اسم اشاره,,متوسط,"کدام گزینه از نظر محتوایی درست است؟
کدام گزینه برای مفرد مذکر نزدیک درست است؟",هذه,هؤلاء,هذا,ذلک,C,هذا برای مفرد مذکر نزدیک است. سؤال بازطراحی‌شده برای تنوع بیشتر آزمون.,ترنم همدلی,original,1405
ششم,,عربی,عربی,بخش 2,اسم اشاره,,متوسط,"گزینه درست برای پرسش زیر را مشخص کنید:
کدام گزینه برای مفرد مذکر نزدیک درست است؟",هؤلاء,هذا,ذلک,هذه,B,هذا برای مفرد مذکر نزدیک است. سؤال بازطراحی‌شده برای تنوع بیشتر آزمون.,ترنم همدلی,original,1405
ششم,,عربی,عربی,بخش 3,فعل ماضی,,متوسط,"در سؤال زیر، گزینه درست را انتخاب کنید:
معنی «کَتَبَ» چیست؟",می‌نویسد,نوشت,خواهد نوشت,بخوان,B,کَتَبَ فعل ماضی به معنی نوشت است. سؤال بازطراحی‌شده برای تنوع بیشتر آزمون.,ترنم همدلی,original,1405
ششم,,عربی,عربی,بخش 3,فعل ماضی,,متوسط,"کدام گزینه پاسخ صحیح این پرسش است؟
معنی «کَتَبَ» چیست؟",نوشت,خواهد نوشت,بخوان,می‌نویسد,A,کَتَبَ فعل ماضی به معنی نوشت است. سؤال بازطراحی‌شده برای تنوع بیشتر آزمون.,ترنم همدلی,original,1405
ششم,,عربی,عربی,بخش 3,فعل ماضی,,متوسط,"با دقت به پرسش زیر، گزینه درست را مشخص کنید:
معنی «کَتَبَ» چیست؟",خواهد نوشت,بخوان,می‌نویسد,نوشت,D,کَتَبَ فعل ماضی به معنی نوشت است. سؤال بازطراحی‌شده برای تنوع بیشتر آزمون.,ترنم همدلی,original,1405
ششم,,عربی,عربی,بخش 3,فعل ماضی,,متوسط,"کدام گزینه با صورت سؤال زیر سازگار است؟
معنی «کَتَبَ» چیست؟",بخوان,می‌نویسد,نوشت,خواهد نوشت,C,کَتَبَ فعل ماضی به معنی نوشت است. سؤال بازطراحی‌شده برای تنوع بیشتر آزمون.,ترنم همدلی,original,1405
ششم,,عربی,عربی,بخش 3,فعل ماضی,,متوسط,"پاسخ صحیح پرسش زیر کدام است؟
معنی «کَتَبَ» چیست؟",می‌نویسد,نوشت,خواهد نوشت,بخوان,B,کَتَبَ فعل ماضی به معنی نوشت است. سؤال بازطراحی‌شده برای تنوع بیشتر آزمون.,ترنم همدلی,original,1405
ششم,,عربی,عربی,بخش 3,فعل ماضی,,متوسط,"در میان گزینه‌های زیر، پاسخ درست را پیدا کنید:
معنی «کَتَبَ» چیست؟",نوشت,خواهد نوشت,بخوان,می‌نویسد,A,کَتَبَ فعل ماضی به معنی نوشت است. سؤال بازطراحی‌شده برای تنوع بیشتر آزمون.,ترنم همدلی,original,1405
ششم,,عربی,عربی,بخش 3,فعل ماضی,,متوسط,"کدام گزینه با محتوای سؤال زیر هماهنگ است؟
معنی «کَتَبَ» چیست؟",خواهد نوشت,بخوان,می‌نویسد,نوشت,D,کَتَبَ فعل ماضی به معنی نوشت است. سؤال بازطراحی‌شده برای تنوع بیشتر آزمون.,ترنم همدلی,original,1405
ششم,,عربی,عربی,بخش 3,فعل ماضی,,متوسط,"با توجه به پرسش زیر، گزینه صحیح را انتخاب کنید:
معنی «کَتَبَ» چیست؟",بخوان,می‌نویسد,نوشت,خواهد نوشت,C,کَتَبَ فعل ماضی به معنی نوشت است. سؤال بازطراحی‌شده برای تنوع بیشتر آزمون.,ترنم همدلی,original,1405
ششم,,عربی,عربی,بخش 3,فعل ماضی,,متوسط,"کدام گزینه از نظر محتوایی درست است؟
معنی «کَتَبَ» چیست؟",می‌نویسد,نوشت,خواهد نوشت,بخوان,B,کَتَبَ فعل ماضی به معنی نوشت است. سؤال بازطراحی‌شده برای تنوع بیشتر آزمون.,ترنم همدلی,original,1405
ششم,,عربی,عربی,بخش 3,فعل ماضی,,متوسط,"گزینه درست برای پرسش زیر را مشخص کنید:
معنی «کَتَبَ» چیست؟",نوشت,خواهد نوشت,بخوان,می‌نویسد,A,کَتَبَ فعل ماضی به معنی نوشت است. سؤال بازطراحی‌شده برای تنوع بیشتر آزمون.,ترنم همدلی,original,1405
ششم,,عربی,عربی,بخش 4,مفرد و جمع,,متوسط,"در سؤال زیر، گزینه درست را انتخاب کنید:
جمع «کتاب» در عربی کدام است؟",کتابات,کتب,کاتبون,مکتب,B,جمع مکسر کتاب، کتب است. سؤال بازطراحی‌شده برای تنوع بیشتر آزمون.,ترنم همدلی,original,1405
ششم,,عربی,عربی,بخش 4,مفرد و جمع,,متوسط,"کدام گزینه پاسخ صحیح این پرسش است؟
جمع «کتاب» در عربی کدام است؟",کتب,کاتبون,مکتب,کتابات,A,جمع مکسر کتاب، کتب است. سؤال بازطراحی‌شده برای تنوع بیشتر آزمون.,ترنم همدلی,original,1405
ششم,,عربی,عربی,بخش 4,مفرد و جمع,,متوسط,"با دقت به پرسش زیر، گزینه درست را مشخص کنید:
جمع «کتاب» در عربی کدام است؟",کاتبون,مکتب,کتابات,کتب,D,جمع مکسر کتاب، کتب است. سؤال بازطراحی‌شده برای تنوع بیشتر آزمون.,ترنم همدلی,original,1405
ششم,,عربی,عربی,بخش 4,مفرد و جمع,,متوسط,"کدام گزینه با صورت سؤال زیر سازگار است؟
جمع «کتاب» در عربی کدام است؟",مکتب,کتابات,کتب,کاتبون,C,جمع مکسر کتاب، کتب است. سؤال بازطراحی‌شده برای تنوع بیشتر آزمون.,ترنم همدلی,original,1405
ششم,,عربی,عربی,بخش 4,مفرد و جمع,,متوسط,"پاسخ صحیح پرسش زیر کدام است؟
جمع «کتاب» در عربی کدام است؟",کتابات,کتب,کاتبون,مکتب,B,جمع مکسر کتاب، کتب است. سؤال بازطراحی‌شده برای تنوع بیشتر آزمون.,ترنم همدلی,original,1405
ششم,,عربی,عربی,بخش 4,مفرد و جمع,,متوسط,"در میان گزینه‌های زیر، پاسخ درست را پیدا کنید:
جمع «کتاب» در عربی کدام است؟",کتب,کاتبون,مکتب,کتابات,A,جمع مکسر کتاب، کتب است. سؤال بازطراحی‌شده برای تنوع بیشتر آزمون.,ترنم همدلی,original,1405
ششم,,عربی,عربی,بخش 4,مفرد و جمع,,متوسط,"کدام گزینه با محتوای سؤال زیر هماهنگ است؟
جمع «کتاب» در عربی کدام است؟",کاتبون,مکتب,کتابات,کتب,D,جمع مکسر کتاب، کتب است. سؤال بازطراحی‌شده برای تنوع بیشتر آزمون.,ترنم همدلی,original,1405
ششم,,عربی,عربی,بخش 4,مفرد و جمع,,متوسط,"با توجه به پرسش زیر، گزینه صحیح را انتخاب کنید:
جمع «کتاب» در عربی کدام است؟",مکتب,کتابات,کتب,کاتبون,C,جمع مکسر کتاب، کتب است. سؤال بازطراحی‌شده برای تنوع بیشتر آزمون.,ترنم همدلی,original,1405
ششم,,عربی,عربی,بخش 4,مفرد و جمع,,متوسط,"کدام گزینه از نظر محتوایی درست است؟
جمع «کتاب» در عربی کدام است؟",کتابات,کتب,کاتبون,مکتب,B,جمع مکسر کتاب، کتب است. سؤال بازطراحی‌شده برای تنوع بیشتر آزمون.,ترنم همدلی,original,1405
ششم,,عربی,عربی,بخش 4,مفرد و جمع,,متوسط,"گزینه درست برای پرسش زیر را مشخص کنید:
جمع «کتاب» در عربی کدام است؟",کتب,کاتبون,مکتب,کتابات,A,جمع مکسر کتاب، کتب است. سؤال بازطراحی‌شده برای تنوع بیشتر آزمون.,ترنم همدلی,original,1405
ششم,,عربی,عربی,بخش 5,ضمیر,,متوسط,"در سؤال زیر، گزینه درست را انتخاب کنید:
«هُوَ» به چه معناست؟",او مذکر,او مؤنث,آن دو,آنان,A,هو ضمیر مفرد مذکر است. سؤال بازطراحی‌شده برای تنوع بیشتر آزمون.,ترنم همدلی,original,1405
ششم,,عربی,عربی,بخش 5,ضمیر,,متوسط,"کدام گزینه پاسخ صحیح این پرسش است؟
«هُوَ» به چه معناست؟",او مؤنث,آن دو,آنان,او مذکر,D,هو ضمیر مفرد مذکر است. سؤال بازطراحی‌شده برای تنوع بیشتر آزمون.,ترنم همدلی,original,1405
ششم,,عربی,عربی,بخش 5,ضمیر,,متوسط,"با دقت به پرسش زیر، گزینه درست را مشخص کنید:
«هُوَ» به چه معناست؟",آن دو,آنان,او مذکر,او مؤنث,C,هو ضمیر مفرد مذکر است. سؤال بازطراحی‌شده برای تنوع بیشتر آزمون.,ترنم همدلی,original,1405
ششم,,عربی,عربی,بخش 5,ضمیر,,متوسط,"کدام گزینه با صورت سؤال زیر سازگار است؟
«هُوَ» به چه معناست؟",آنان,او مذکر,او مؤنث,آن دو,B,هو ضمیر مفرد مذکر است. سؤال بازطراحی‌شده برای تنوع بیشتر آزمون.,ترنم همدلی,original,1405
ششم,,عربی,عربی,بخش 5,ضمیر,,متوسط,"پاسخ صحیح پرسش زیر کدام است؟
«هُوَ» به چه معناست؟",او مذکر,او مؤنث,آن دو,آنان,A,هو ضمیر مفرد مذکر است. سؤال بازطراحی‌شده برای تنوع بیشتر آزمون.,ترنم همدلی,original,1405
ششم,,عربی,عربی,بخش 5,ضمیر,,متوسط,"در میان گزینه‌های زیر، پاسخ درست را پیدا کنید:
«هُوَ» به چه معناست؟",او مؤنث,آن دو,آنان,او مذکر,D,هو ضمیر مفرد مذکر است. سؤال بازطراحی‌شده برای تنوع بیشتر آزمون.,ترنم همدلی,original,1405
ششم,,عربی,عربی,بخش 5,ضمیر,,متوسط,"کدام گزینه با محتوای سؤال زیر هماهنگ است؟
«هُوَ» به چه معناست؟",آن دو,آنان,او مذکر,او مؤنث,C,هو ضمیر مفرد مذکر است. سؤال بازطراحی‌شده برای تنوع بیشتر آزمون.,ترنم همدلی,original,1405
ششم,,عربی,عربی,بخش 5,ضمیر,,متوسط,"با توجه به پرسش زیر، گزینه صحیح را انتخاب کنید:
«هُوَ» به چه معناست؟",آنان,او مذکر,او مؤنث,آن دو,B,هو ضمیر مفرد مذکر است. سؤال بازطراحی‌شده برای تنوع بیشتر آزمون.,ترنم همدلی,original,1405
ششم,,عربی,عربی,بخش 5,ضمیر,,متوسط,"کدام گزینه از نظر محتوایی درست است؟
«هُوَ» به چه معناست؟",او مذکر,او مؤنث,آن دو,آنان,A,هو ضمیر مفرد مذکر است. سؤال بازطراحی‌شده برای تنوع بیشتر آزمون.,ترنم همدلی,original,1405
ششم,,عربی,عربی,بخش 5,ضمیر,,متوسط,"گزینه درست برای پرسش زیر را مشخص کنید:
«هُوَ» به چه معناست؟",او مؤنث,آن دو,آنان,او مذکر,D,هو ضمیر مفرد مذکر است. سؤال بازطراحی‌شده برای تنوع بیشتر آزمون.,ترنم همدلی,original,1405
ششم,,عربی,عربی,بخش 6,صفت و موصوف,,متوسط,"در سؤال زیر، گزینه درست را انتخاب کنید:
در «الطالبُ المجتهدُ» کدام واژه صفت است؟",الطالب,المجتهد,ال,هیچ‌کدام,B,المجتهد صفت الطالب است. سؤال بازطراحی‌شده برای تنوع بیشتر آزمون.,ترنم همدلی,original,1405
ششم,,عربی,عربی,بخش 6,صفت و موصوف,,متوسط,"کدام گزینه پاسخ صحیح این پرسش است؟
در «الطالبُ المجتهدُ» کدام واژه صفت است؟",المجتهد,ال,هیچ‌کدام,الطالب,A,المجتهد صفت الطالب است. سؤال بازطراحی‌شده برای تنوع بیشتر آزمون.,ترنم همدلی,original,1405
ششم,,عربی,عربی,بخش 6,صفت و موصوف,,متوسط,"با دقت به پرسش زیر، گزینه درست را مشخص کنید:
در «الطالبُ المجتهدُ» کدام واژه صفت است؟",ال,هیچ‌کدام,الطالب,المجتهد,D,المجتهد صفت الطالب است. سؤال بازطراحی‌شده برای تنوع بیشتر آزمون.,ترنم همدلی,original,1405
ششم,,عربی,عربی,بخش 6,صفت و موصوف,,متوسط,"کدام گزینه با صورت سؤال زیر سازگار است؟
در «الطالبُ المجتهدُ» کدام واژه صفت است؟",هیچ‌کدام,الطالب,المجتهد,ال,C,المجتهد صفت الطالب است. سؤال بازطراحی‌شده برای تنوع بیشتر آزمون.,ترنم همدلی,original,1405
ششم,,عربی,عربی,بخش 6,صفت و موصوف,,متوسط,"پاسخ صحیح پرسش زیر کدام است؟
در «الطالبُ المجتهدُ» کدام واژه صفت است؟",الطالب,المجتهد,ال,هیچ‌کدام,B,المجتهد صفت الطالب است. سؤال بازطراحی‌شده برای تنوع بیشتر آزمون.,ترنم همدلی,original,1405
ششم,,عربی,عربی,بخش 6,صفت و موصوف,,متوسط,"در میان گزینه‌های زیر، پاسخ درست را پیدا کنید:
در «الطالبُ المجتهدُ» کدام واژه صفت است؟",المجتهد,ال,هیچ‌کدام,الطالب,A,المجتهد صفت الطالب است. سؤال بازطراحی‌شده برای تنوع بیشتر آزمون.,ترنم همدلی,original,1405
ششم,,عربی,عربی,بخش 6,صفت و موصوف,,متوسط,"کدام گزینه با محتوای سؤال زیر هماهنگ است؟
در «الطالبُ المجتهدُ» کدام واژه صفت است؟",ال,هیچ‌کدام,الطالب,المجتهد,D,المجتهد صفت الطالب است. سؤال بازطراحی‌شده برای تنوع بیشتر آزمون.,ترنم همدلی,original,1405
ششم,,عربی,عربی,بخش 6,صفت و موصوف,,متوسط,"با توجه به پرسش زیر، گزینه صحیح را انتخاب کنید:
در «الطالبُ المجتهدُ» کدام واژه صفت است؟",هیچ‌کدام,الطالب,المجتهد,ال,C,المجتهد صفت الطالب است. سؤال بازطراحی‌شده برای تنوع بیشتر آزمون.,ترنم همدلی,original,1405
ششم,,عربی,عربی,بخش 6,صفت و موصوف,,متوسط,"کدام گزینه از نظر محتوایی درست است؟
در «الطالبُ المجتهدُ» کدام واژه صفت است؟",الطالب,المجتهد,ال,هیچ‌کدام,B,المجتهد صفت الطالب است. سؤال بازطراحی‌شده برای تنوع بیشتر آزمون.,ترنم همدلی,original,1405
ششم,,عربی,عربی,بخش 6,صفت و موصوف,,متوسط,"گزینه درست برای پرسش زیر را مشخص کنید:
در «الطالبُ المجتهدُ» کدام واژه صفت است؟",المجتهد,ال,هیچ‌کدام,الطالب,A,المجتهد صفت الطالب است. سؤال بازطراحی‌شده برای تنوع بیشتر آزمون.,ترنم همدلی,original,1405
ششم,,انگلیسی,انگلیسی,بخش 1,واژگان,,متوسط,"در سؤال زیر، گزینه درست را انتخاب کنید:
meaning of ""book"" چیست؟",مدرسه,کتاب,دفتر,مداد,B,book یعنی کتاب. سؤال بازطراحی‌شده برای تنوع بیشتر آزمون.,ترنم همدلی,original,1405
ششم,,انگلیسی,انگلیسی,بخش 1,واژگان,,متوسط,"کدام گزینه پاسخ صحیح این پرسش است؟
meaning of ""book"" چیست؟",کتاب,دفتر,مداد,مدرسه,A,book یعنی کتاب. سؤال بازطراحی‌شده برای تنوع بیشتر آزمون.,ترنم همدلی,original,1405
ششم,,انگلیسی,انگلیسی,بخش 1,واژگان,,متوسط,"با دقت به پرسش زیر، گزینه درست را مشخص کنید:
meaning of ""book"" چیست؟",دفتر,مداد,مدرسه,کتاب,D,book یعنی کتاب. سؤال بازطراحی‌شده برای تنوع بیشتر آزمون.,ترنم همدلی,original,1405
ششم,,انگلیسی,انگلیسی,بخش 1,واژگان,,متوسط,"کدام گزینه با صورت سؤال زیر سازگار است؟
meaning of ""book"" چیست؟",مداد,مدرسه,کتاب,دفتر,C,book یعنی کتاب. سؤال بازطراحی‌شده برای تنوع بیشتر آزمون.,ترنم همدلی,original,1405
ششم,,انگلیسی,انگلیسی,بخش 1,واژگان,,متوسط,"پاسخ صحیح پرسش زیر کدام است؟
meaning of ""book"" چیست؟",مدرسه,کتاب,دفتر,مداد,B,book یعنی کتاب. سؤال بازطراحی‌شده برای تنوع بیشتر آزمون.,ترنم همدلی,original,1405
ششم,,انگلیسی,انگلیسی,بخش 1,واژگان,,متوسط,"در میان گزینه‌های زیر، پاسخ درست را پیدا کنید:
meaning of ""book"" چیست؟",کتاب,دفتر,مداد,مدرسه,A,book یعنی کتاب. سؤال بازطراحی‌شده برای تنوع بیشتر آزمون.,ترنم همدلی,original,1405
ششم,,انگلیسی,انگلیسی,بخش 1,واژگان,,متوسط,"کدام گزینه با محتوای سؤال زیر هماهنگ است؟
meaning of ""book"" چیست؟",دفتر,مداد,مدرسه,کتاب,D,book یعنی کتاب. سؤال بازطراحی‌شده برای تنوع بیشتر آزمون.,ترنم همدلی,original,1405
ششم,,انگلیسی,انگلیسی,بخش 1,واژگان,,متوسط,"با توجه به پرسش زیر، گزینه صحیح را انتخاب کنید:
meaning of ""book"" چیست؟",مداد,مدرسه,کتاب,دفتر,C,book یعنی کتاب. سؤال بازطراحی‌شده برای تنوع بیشتر آزمون.,ترنم همدلی,original,1405
ششم,,انگلیسی,انگلیسی,بخش 1,واژگان,,متوسط,"کدام گزینه از نظر محتوایی درست است؟
meaning of ""book"" چیست؟",مدرسه,کتاب,دفتر,مداد,B,book یعنی کتاب. سؤال بازطراحی‌شده برای تنوع بیشتر آزمون.,ترنم همدلی,original,1405
ششم,,انگلیسی,انگلیسی,بخش 1,واژگان,,متوسط,"گزینه درست برای پرسش زیر را مشخص کنید:
meaning of ""book"" چیست؟",کتاب,دفتر,مداد,مدرسه,A,book یعنی کتاب. سؤال بازطراحی‌شده برای تنوع بیشتر آزمون.,ترنم همدلی,original,1405
ششم,,انگلیسی,انگلیسی,بخش 2,افعال be,,متوسط,"در سؤال زیر، گزینه درست را انتخاب کنید:
کدام جمله درست است؟",He are a student.,He is a student.,He am a student.,He be a student.,B,برای he از is استفاده می‌شود. سؤال بازطراحی‌شده برای تنوع بیشتر آزمون.,ترنم همدلی,original,1405
ششم,,انگلیسی,انگلیسی,بخش 2,افعال be,,متوسط,"کدام گزینه پاسخ صحیح این پرسش است؟
کدام جمله درست است؟",He is a student.,He am a student.,He be a student.,He are a student.,A,برای he از is استفاده می‌شود. سؤال بازطراحی‌شده برای تنوع بیشتر آزمون.,ترنم همدلی,original,1405
ششم,,انگلیسی,انگلیسی,بخش 2,افعال be,,متوسط,"با دقت به پرسش زیر، گزینه درست را مشخص کنید:
کدام جمله درست است؟",He am a student.,He be a student.,He are a student.,He is a student.,D,برای he از is استفاده می‌شود. سؤال بازطراحی‌شده برای تنوع بیشتر آزمون.,ترنم همدلی,original,1405
ششم,,انگلیسی,انگلیسی,بخش 2,افعال be,,متوسط,"کدام گزینه با صورت سؤال زیر سازگار است؟
کدام جمله درست است؟",He be a student.,He are a student.,He is a student.,He am a student.,C,برای he از is استفاده می‌شود. سؤال بازطراحی‌شده برای تنوع بیشتر آزمون.,ترنم همدلی,original,1405
ششم,,انگلیسی,انگلیسی,بخش 2,افعال be,,متوسط,"پاسخ صحیح پرسش زیر کدام است؟
کدام جمله درست است؟",He are a student.,He is a student.,He am a student.,He be a student.,B,برای he از is استفاده می‌شود. سؤال بازطراحی‌شده برای تنوع بیشتر آزمون.,ترنم همدلی,original,1405
ششم,,انگلیسی,انگلیسی,بخش 2,افعال be,,متوسط,"در میان گزینه‌های زیر، پاسخ درست را پیدا کنید:
کدام جمله درست است؟",He is a student.,He am a student.,He be a student.,He are a student.,A,برای he از is استفاده می‌شود. سؤال بازطراحی‌شده برای تنوع بیشتر آزمون.,ترنم همدلی,original,1405
ششم,,انگلیسی,انگلیسی,بخش 2,افعال be,,متوسط,"کدام گزینه با محتوای سؤال زیر هماهنگ است؟
کدام جمله درست است؟",He am a student.,He be a student.,He are a student.,He is a student.,D,برای he از is استفاده می‌شود. سؤال بازطراحی‌شده برای تنوع بیشتر آزمون.,ترنم همدلی,original,1405
ششم,,انگلیسی,انگلیسی,بخش 2,افعال be,,متوسط,"با توجه به پرسش زیر، گزینه صحیح را انتخاب کنید:
کدام جمله درست است؟",He be a student.,He are a student.,He is a student.,He am a student.,C,برای he از is استفاده می‌شود. سؤال بازطراحی‌شده برای تنوع بیشتر آزمون.,ترنم همدلی,original,1405
ششم,,انگلیسی,انگلیسی,بخش 2,افعال be,,متوسط,"کدام گزینه از نظر محتوایی درست است؟
کدام جمله درست است؟",He are a student.,He is a student.,He am a student.,He be a student.,B,برای he از is استفاده می‌شود. سؤال بازطراحی‌شده برای تنوع بیشتر آزمون.,ترنم همدلی,original,1405
ششم,,انگلیسی,انگلیسی,بخش 2,افعال be,,متوسط,"گزینه درست برای پرسش زیر را مشخص کنید:
کدام جمله درست است؟",He is a student.,He am a student.,He be a student.,He are a student.,A,برای he از is استفاده می‌شود. سؤال بازطراحی‌شده برای تنوع بیشتر آزمون.,ترنم همدلی,original,1405
ششم,,انگلیسی,انگلیسی,بخش 3,گذشته ساده,,متوسط,"در سؤال زیر، گزینه درست را انتخاب کنید:
گذشته فعل go کدام است؟",goed,gone,went,going,C,گذشته ساده go، went است. سؤال بازطراحی‌شده برای تنوع بیشتر آزمون.,ترنم همدلی,original,1405
ششم,,انگلیسی,انگلیسی,بخش 3,گذشته ساده,,متوسط,"کدام گزینه پاسخ صحیح این پرسش است؟
گذشته فعل go کدام است؟",gone,went,going,goed,B,گذشته ساده go، went است. سؤال بازطراحی‌شده برای تنوع بیشتر آزمون.,ترنم همدلی,original,1405
ششم,,انگلیسی,انگلیسی,بخش 3,گذشته ساده,,متوسط,"با دقت به پرسش زیر، گزینه درست را مشخص کنید:
گذشته فعل go کدام است؟",went,going,goed,gone,A,گذشته ساده go، went است. سؤال بازطراحی‌شده برای تنوع بیشتر آزمون.,ترنم همدلی,original,1405
ششم,,انگلیسی,انگلیسی,بخش 3,گذشته ساده,,متوسط,"کدام گزینه با صورت سؤال زیر سازگار است؟
گذشته فعل go کدام است؟",going,goed,gone,went,D,گذشته ساده go، went است. سؤال بازطراحی‌شده برای تنوع بیشتر آزمون.,ترنم همدلی,original,1405
ششم,,انگلیسی,انگلیسی,بخش 3,گذشته ساده,,متوسط,"پاسخ صحیح پرسش زیر کدام است؟
گذشته فعل go کدام است؟",goed,gone,went,going,C,گذشته ساده go، went است. سؤال بازطراحی‌شده برای تنوع بیشتر آزمون.,ترنم همدلی,original,1405
ششم,,انگلیسی,انگلیسی,بخش 3,گذشته ساده,,متوسط,"در میان گزینه‌های زیر، پاسخ درست را پیدا کنید:
گذشته فعل go کدام است؟",gone,went,going,goed,B,گذشته ساده go، went است. سؤال بازطراحی‌شده برای تنوع بیشتر آزمون.,ترنم همدلی,original,1405
ششم,,انگلیسی,انگلیسی,بخش 3,گذشته ساده,,متوسط,"کدام گزینه با محتوای سؤال زیر هماهنگ است؟
گذشته فعل go کدام است؟",went,going,goed,gone,A,گذشته ساده go، went است. سؤال بازطراحی‌شده برای تنوع بیشتر آزمون.,ترنم همدلی,original,1405
ششم,,انگلیسی,انگلیسی,بخش 3,گذشته ساده,,متوسط,"با توجه به پرسش زیر، گزینه صحیح را انتخاب کنید:
گذشته فعل go کدام است؟",going,goed,gone,went,D,گذشته ساده go، went است. سؤال بازطراحی‌شده برای تنوع بیشتر آزمون.,ترنم همدلی,original,1405
ششم,,انگلیسی,انگلیسی,بخش 3,گذشته ساده,,متوسط,"کدام گزینه از نظر محتوایی درست است؟
گذشته فعل go کدام است؟",goed,gone,went,going,C,گذشته ساده go، went است. سؤال بازطراحی‌شده برای تنوع بیشتر آزمون.,ترنم همدلی,original,1405
ششم,,انگلیسی,انگلیسی,بخش 3,گذشته ساده,,متوسط,"گزینه درست برای پرسش زیر را مشخص کنید:
گذشته فعل go کدام است؟",gone,went,going,goed,B,گذشته ساده go، went است. سؤال بازطراحی‌شده برای تنوع بیشتر آزمون.,ترنم همدلی,original,1405
ششم,,انگلیسی,انگلیسی,بخش 4,متضادها,,متوسط,"در سؤال زیر، گزینه درست را انتخاب کنید:
opposite of expensive چیست؟",cheap,large,strong,early,A,cheap متضاد expensive است. سؤال بازطراحی‌شده برای تنوع بیشتر آزمون.,ترنم همدلی,original,1405
ششم,,انگلیسی,انگلیسی,بخش 4,متضادها,,متوسط,"کدام گزینه پاسخ صحیح این پرسش است؟
opposite of expensive چیست؟",large,strong,early,cheap,D,cheap متضاد expensive است. سؤال بازطراحی‌شده برای تنوع بیشتر آزمون.,ترنم همدلی,original,1405
ششم,,انگلیسی,انگلیسی,بخش 4,متضادها,,متوسط,"با دقت به پرسش زیر، گزینه درست را مشخص کنید:
opposite of expensive چیست؟",strong,early,cheap,large,C,cheap متضاد expensive است. سؤال بازطراحی‌شده برای تنوع بیشتر آزمون.,ترنم همدلی,original,1405
ششم,,انگلیسی,انگلیسی,بخش 4,متضادها,,متوسط,"کدام گزینه با صورت سؤال زیر سازگار است؟
opposite of expensive چیست؟",early,cheap,large,strong,B,cheap متضاد expensive است. سؤال بازطراحی‌شده برای تنوع بیشتر آزمون.,ترنم همدلی,original,1405
ششم,,انگلیسی,انگلیسی,بخش 4,متضادها,,متوسط,"پاسخ صحیح پرسش زیر کدام است؟
opposite of expensive چیست؟",cheap,large,strong,early,A,cheap متضاد expensive است. سؤال بازطراحی‌شده برای تنوع بیشتر آزمون.,ترنم همدلی,original,1405
ششم,,انگلیسی,انگلیسی,بخش 4,متضادها,,متوسط,"در میان گزینه‌های زیر، پاسخ درست را پیدا کنید:
opposite of expensive چیست؟",large,strong,early,cheap,D,cheap متضاد expensive است. سؤال بازطراحی‌شده برای تنوع بیشتر آزمون.,ترنم همدلی,original,1405
ششم,,انگلیسی,انگلیسی,بخش 4,متضادها,,متوسط,"کدام گزینه با محتوای سؤال زیر هماهنگ است؟
opposite of expensive چیست؟",strong,early,cheap,large,C,cheap متضاد expensive است. سؤال بازطراحی‌شده برای تنوع بیشتر آزمون.,ترنم همدلی,original,1405
ششم,,انگلیسی,انگلیسی,بخش 4,متضادها,,متوسط,"با توجه به پرسش زیر، گزینه صحیح را انتخاب کنید:
opposite of expensive چیست؟",early,cheap,large,strong,B,cheap متضاد expensive است. سؤال بازطراحی‌شده برای تنوع بیشتر آزمون.,ترنم همدلی,original,1405
ششم,,انگلیسی,انگلیسی,بخش 4,متضادها,,متوسط,"کدام گزینه از نظر محتوایی درست است؟
opposite of expensive چیست؟",cheap,large,strong,early,A,cheap متضاد expensive است. سؤال بازطراحی‌شده برای تنوع بیشتر آزمون.,ترنم همدلی,original,1405
ششم,,انگلیسی,انگلیسی,بخش 4,متضادها,,متوسط,"گزینه درست برای پرسش زیر را مشخص کنید:
opposite of expensive چیست؟",large,strong,early,cheap,D,cheap متضاد expensive است. سؤال بازطراحی‌شده برای تنوع بیشتر آزمون.,ترنم همدلی,original,1405
ششم,,انگلیسی,انگلیسی,بخش 5,ضمیرها,,متوسط,"در سؤال زیر، گزینه درست را انتخاب کنید:
کدام ضمیر برای «مریم و من» مناسب است؟",he,she,we,it,C,برای مریم و من از we استفاده می‌شود. سؤال بازطراحی‌شده برای تنوع بیشتر آزمون.,ترنم همدلی,original,1405
ششم,,انگلیسی,انگلیسی,بخش 5,ضمیرها,,متوسط,"کدام گزینه پاسخ صحیح این پرسش است؟
کدام ضمیر برای «مریم و من» مناسب است؟",she,we,it,he,B,برای مریم و من از we استفاده می‌شود. سؤال بازطراحی‌شده برای تنوع بیشتر آزمون.,ترنم همدلی,original,1405
ششم,,انگلیسی,انگلیسی,بخش 5,ضمیرها,,متوسط,"با دقت به پرسش زیر، گزینه درست را مشخص کنید:
کدام ضمیر برای «مریم و من» مناسب است؟",we,it,he,she,A,برای مریم و من از we استفاده می‌شود. سؤال بازطراحی‌شده برای تنوع بیشتر آزمون.,ترنم همدلی,original,1405
ششم,,انگلیسی,انگلیسی,بخش 5,ضمیرها,,متوسط,"کدام گزینه با صورت سؤال زیر سازگار است؟
کدام ضمیر برای «مریم و من» مناسب است؟",it,he,she,we,D,برای مریم و من از we استفاده می‌شود. سؤال بازطراحی‌شده برای تنوع بیشتر آزمون.,ترنم همدلی,original,1405
ششم,,انگلیسی,انگلیسی,بخش 5,ضمیرها,,متوسط,"پاسخ صحیح پرسش زیر کدام است؟
کدام ضمیر برای «مریم و من» مناسب است؟",he,she,we,it,C,برای مریم و من از we استفاده می‌شود. سؤال بازطراحی‌شده برای تنوع بیشتر آزمون.,ترنم همدلی,original,1405
ششم,,انگلیسی,انگلیسی,بخش 5,ضمیرها,,متوسط,"در میان گزینه‌های زیر، پاسخ درست را پیدا کنید:
کدام ضمیر برای «مریم و من» مناسب است؟",she,we,it,he,B,برای مریم و من از we استفاده می‌شود. سؤال بازطراحی‌شده برای تنوع بیشتر آزمون.,ترنم همدلی,original,1405
ششم,,انگلیسی,انگلیسی,بخش 5,ضمیرها,,متوسط,"کدام گزینه با محتوای سؤال زیر هماهنگ است؟
کدام ضمیر برای «مریم و من» مناسب است؟",we,it,he,she,A,برای مریم و من از we استفاده می‌شود. سؤال بازطراحی‌شده برای تنوع بیشتر آزمون.,ترنم همدلی,original,1405
ششم,,انگلیسی,انگلیسی,بخش 5,ضمیرها,,متوسط,"با توجه به پرسش زیر، گزینه صحیح را انتخاب کنید:
کدام ضمیر برای «مریم و من» مناسب است؟",it,he,she,we,D,برای مریم و من از we استفاده می‌شود. سؤال بازطراحی‌شده برای تنوع بیشتر آزمون.,ترنم همدلی,original,1405
ششم,,انگلیسی,انگلیسی,بخش 5,ضمیرها,,متوسط,"کدام گزینه از نظر محتوایی درست است؟
کدام ضمیر برای «مریم و من» مناسب است؟",he,she,we,it,C,برای مریم و من از we استفاده می‌شود. سؤال بازطراحی‌شده برای تنوع بیشتر آزمون.,ترنم همدلی,original,1405
ششم,,انگلیسی,انگلیسی,بخش 5,ضمیرها,,متوسط,"گزینه درست برای پرسش زیر را مشخص کنید:
کدام ضمیر برای «مریم و من» مناسب است؟",she,we,it,he,B,برای مریم و من از we استفاده می‌شود. سؤال بازطراحی‌شده برای تنوع بیشتر آزمون.,ترنم همدلی,original,1405
ششم,,انگلیسی,انگلیسی,بخش 6,حال ساده,,متوسط,"در سؤال زیر، گزینه درست را انتخاب کنید:
کدام جمله درست است؟",She play tennis.,She plays tennis.,She playing tennis.,She played tennis every day.,B,در سوم‌شخص مفرد فعل حال ساده معمولاً s می‌گیرد. سؤال بازطراحی‌شده برای تنوع بیشتر آزمون.,ترنم همدلی,original,1405
ششم,,انگلیسی,انگلیسی,بخش 6,حال ساده,,متوسط,"کدام گزینه پاسخ صحیح این پرسش است؟
کدام جمله درست است؟",She plays tennis.,She playing tennis.,She played tennis every day.,She play tennis.,A,در سوم‌شخص مفرد فعل حال ساده معمولاً s می‌گیرد. سؤال بازطراحی‌شده برای تنوع بیشتر آزمون.,ترنم همدلی,original,1405
ششم,,انگلیسی,انگلیسی,بخش 6,حال ساده,,متوسط,"با دقت به پرسش زیر، گزینه درست را مشخص کنید:
کدام جمله درست است؟",She playing tennis.,She played tennis every day.,She play tennis.,She plays tennis.,D,در سوم‌شخص مفرد فعل حال ساده معمولاً s می‌گیرد. سؤال بازطراحی‌شده برای تنوع بیشتر آزمون.,ترنم همدلی,original,1405
ششم,,انگلیسی,انگلیسی,بخش 6,حال ساده,,متوسط,"کدام گزینه با صورت سؤال زیر سازگار است؟
کدام جمله درست است؟",She played tennis every day.,She play tennis.,She plays tennis.,She playing tennis.,C,در سوم‌شخص مفرد فعل حال ساده معمولاً s می‌گیرد. سؤال بازطراحی‌شده برای تنوع بیشتر آزمون.,ترنم همدلی,original,1405
ششم,,انگلیسی,انگلیسی,بخش 6,حال ساده,,متوسط,"پاسخ صحیح پرسش زیر کدام است؟
کدام جمله درست است؟",She play tennis.,She plays tennis.,She playing tennis.,She played tennis every day.,B,در سوم‌شخص مفرد فعل حال ساده معمولاً s می‌گیرد. سؤال بازطراحی‌شده برای تنوع بیشتر آزمون.,ترنم همدلی,original,1405
ششم,,انگلیسی,انگلیسی,بخش 6,حال ساده,,متوسط,"در میان گزینه‌های زیر، پاسخ درست را پیدا کنید:
کدام جمله درست است؟",She plays tennis.,She playing tennis.,She played tennis every day.,She play tennis.,A,در سوم‌شخص مفرد فعل حال ساده معمولاً s می‌گیرد. سؤال بازطراحی‌شده برای تنوع بیشتر آزمون.,ترنم همدلی,original,1405
ششم,,انگلیسی,انگلیسی,بخش 6,حال ساده,,متوسط,"کدام گزینه با محتوای سؤال زیر هماهنگ است؟
کدام جمله درست است؟",She playing tennis.,She played tennis every day.,She play tennis.,She plays tennis.,D,در سوم‌شخص مفرد فعل حال ساده معمولاً s می‌گیرد. سؤال بازطراحی‌شده برای تنوع بیشتر آزمون.,ترنم همدلی,original,1405
ششم,,انگلیسی,انگلیسی,بخش 6,حال ساده,,متوسط,"با توجه به پرسش زیر، گزینه صحیح را انتخاب کنید:
کدام جمله درست است؟",She played tennis every day.,She play tennis.,She plays tennis.,She playing tennis.,C,در سوم‌شخص مفرد فعل حال ساده معمولاً s می‌گیرد. سؤال بازطراحی‌شده برای تنوع بیشتر آزمون.,ترنم همدلی,original,1405
ششم,,انگلیسی,انگلیسی,بخش 6,حال ساده,,متوسط,"کدام گزینه از نظر محتوایی درست است؟
کدام جمله درست است؟",She play tennis.,She plays tennis.,She playing tennis.,She played tennis every day.,B,در سوم‌شخص مفرد فعل حال ساده معمولاً s می‌گیرد. سؤال بازطراحی‌شده برای تنوع بیشتر آزمون.,ترنم همدلی,original,1405
ششم,,انگلیسی,انگلیسی,بخش 6,حال ساده,,متوسط,"گزینه درست برای پرسش زیر را مشخص کنید:
کدام جمله درست است؟",She plays tennis.,She playing tennis.,She played tennis every day.,She play tennis.,A,در سوم‌شخص مفرد فعل حال ساده معمولاً s می‌گیرد. سؤال بازطراحی‌شده برای تنوع بیشتر آزمون.,ترنم همدلی,original,1405
ششم,,مطالعات اجتماعی,مطالعات اجتماعی,بخش 1,جغرافیا,,متوسط,"در سؤال زیر، گزینه درست را انتخاب کنید:
کدام مورد از عناصر آب‌وهواست؟",دما,تعداد مدرسه,تعداد خودرو,نوع زبان,A,دما از عناصر آب‌وهواست. سؤال بازطراحی‌شده برای تنوع بیشتر آزمون.,ترنم همدلی,original,1405
ششم,,مطالعات اجتماعی,مطالعات اجتماعی,بخش 1,جغرافیا,,متوسط,"کدام گزینه پاسخ صحیح این پرسش است؟
کدام مورد از عناصر آب‌وهواست؟",تعداد مدرسه,تعداد خودرو,نوع زبان,دما,D,دما از عناصر آب‌وهواست. سؤال بازطراحی‌شده برای تنوع بیشتر آزمون.,ترنم همدلی,original,1405
ششم,,مطالعات اجتماعی,مطالعات اجتماعی,بخش 1,جغرافیا,,متوسط,"با دقت به پرسش زیر، گزینه درست را مشخص کنید:
کدام مورد از عناصر آب‌وهواست؟",تعداد خودرو,نوع زبان,دما,تعداد مدرسه,C,دما از عناصر آب‌وهواست. سؤال بازطراحی‌شده برای تنوع بیشتر آزمون.,ترنم همدلی,original,1405
ششم,,مطالعات اجتماعی,مطالعات اجتماعی,بخش 1,جغرافیا,,متوسط,"کدام گزینه با صورت سؤال زیر سازگار است؟
کدام مورد از عناصر آب‌وهواست؟",نوع زبان,دما,تعداد مدرسه,تعداد خودرو,B,دما از عناصر آب‌وهواست. سؤال بازطراحی‌شده برای تنوع بیشتر آزمون.,ترنم همدلی,original,1405
ششم,,مطالعات اجتماعی,مطالعات اجتماعی,بخش 1,جغرافیا,,متوسط,"پاسخ صحیح پرسش زیر کدام است؟
کدام مورد از عناصر آب‌وهواست؟",دما,تعداد مدرسه,تعداد خودرو,نوع زبان,A,دما از عناصر آب‌وهواست. سؤال بازطراحی‌شده برای تنوع بیشتر آزمون.,ترنم همدلی,original,1405
ششم,,مطالعات اجتماعی,مطالعات اجتماعی,بخش 1,جغرافیا,,متوسط,"در میان گزینه‌های زیر، پاسخ درست را پیدا کنید:
کدام مورد از عناصر آب‌وهواست؟",تعداد مدرسه,تعداد خودرو,نوع زبان,دما,D,دما از عناصر آب‌وهواست. سؤال بازطراحی‌شده برای تنوع بیشتر آزمون.,ترنم همدلی,original,1405
ششم,,مطالعات اجتماعی,مطالعات اجتماعی,بخش 1,جغرافیا,,متوسط,"کدام گزینه با محتوای سؤال زیر هماهنگ است؟
کدام مورد از عناصر آب‌وهواست؟",تعداد خودرو,نوع زبان,دما,تعداد مدرسه,C,دما از عناصر آب‌وهواست. سؤال بازطراحی‌شده برای تنوع بیشتر آزمون.,ترنم همدلی,original,1405
ششم,,مطالعات اجتماعی,مطالعات اجتماعی,بخش 1,جغرافیا,,متوسط,"با توجه به پرسش زیر، گزینه صحیح را انتخاب کنید:
کدام مورد از عناصر آب‌وهواست؟",نوع زبان,دما,تعداد مدرسه,تعداد خودرو,B,دما از عناصر آب‌وهواست. سؤال بازطراحی‌شده برای تنوع بیشتر آزمون.,ترنم همدلی,original,1405
ششم,,مطالعات اجتماعی,مطالعات اجتماعی,بخش 1,جغرافیا,,متوسط,"کدام گزینه از نظر محتوایی درست است؟
کدام مورد از عناصر آب‌وهواست؟",دما,تعداد مدرسه,تعداد خودرو,نوع زبان,A,دما از عناصر آب‌وهواست. سؤال بازطراحی‌شده برای تنوع بیشتر آزمون.,ترنم همدلی,original,1405
ششم,,مطالعات اجتماعی,مطالعات اجتماعی,بخش 1,جغرافیا,,متوسط,"گزینه درست برای پرسش زیر را مشخص کنید:
کدام مورد از عناصر آب‌وهواست؟",تعداد مدرسه,تعداد خودرو,نوع زبان,دما,D,دما از عناصر آب‌وهواست. سؤال بازطراحی‌شده برای تنوع بیشتر آزمون.,ترنم همدلی,original,1405
ششم,,مطالعات اجتماعی,مطالعات اجتماعی,بخش 2,تاریخ,,متوسط,"در سؤال زیر، گزینه درست را انتخاب کنید:
منبع دست‌اول تاریخی کدام است؟",خاطرات شاهد رویداد,کتاب درسی جدید,خلاصه اینترنتی,نظر دانش‌آموز,A,خاطرات شاهد مستقیم منبع دست‌اول محسوب می‌شود. سؤال بازطراحی‌شده برای تنوع بیشتر آزمون.,ترنم همدلی,original,1405
ششم,,مطالعات اجتماعی,مطالعات اجتماعی,بخش 2,تاریخ,,متوسط,"کدام گزینه پاسخ صحیح این پرسش است؟
منبع دست‌اول تاریخی کدام است؟",کتاب درسی جدید,خلاصه اینترنتی,نظر دانش‌آموز,خاطرات شاهد رویداد,D,خاطرات شاهد مستقیم منبع دست‌اول محسوب می‌شود. سؤال بازطراحی‌شده برای تنوع بیشتر آزمون.,ترنم همدلی,original,1405
ششم,,مطالعات اجتماعی,مطالعات اجتماعی,بخش 2,تاریخ,,متوسط,"با دقت به پرسش زیر، گزینه درست را مشخص کنید:
منبع دست‌اول تاریخی کدام است؟",خلاصه اینترنتی,نظر دانش‌آموز,خاطرات شاهد رویداد,کتاب درسی جدید,C,خاطرات شاهد مستقیم منبع دست‌اول محسوب می‌شود. سؤال بازطراحی‌شده برای تنوع بیشتر آزمون.,ترنم همدلی,original,1405
ششم,,مطالعات اجتماعی,مطالعات اجتماعی,بخش 2,تاریخ,,متوسط,"کدام گزینه با صورت سؤال زیر سازگار است؟
منبع دست‌اول تاریخی کدام است؟",نظر دانش‌آموز,خاطرات شاهد رویداد,کتاب درسی جدید,خلاصه اینترنتی,B,خاطرات شاهد مستقیم منبع دست‌اول محسوب می‌شود. سؤال بازطراحی‌شده برای تنوع بیشتر آزمون.,ترنم همدلی,original,1405
ششم,,مطالعات اجتماعی,مطالعات اجتماعی,بخش 2,تاریخ,,متوسط,"پاسخ صحیح پرسش زیر کدام است؟
منبع دست‌اول تاریخی کدام است؟",خاطرات شاهد رویداد,کتاب درسی جدید,خلاصه اینترنتی,نظر دانش‌آموز,A,خاطرات شاهد مستقیم منبع دست‌اول محسوب می‌شود. سؤال بازطراحی‌شده برای تنوع بیشتر آزمون.,ترنم همدلی,original,1405
ششم,,مطالعات اجتماعی,مطالعات اجتماعی,بخش 2,تاریخ,,متوسط,"در میان گزینه‌های زیر، پاسخ درست را پیدا کنید:
منبع دست‌اول تاریخی کدام است؟",کتاب درسی جدید,خلاصه اینترنتی,نظر دانش‌آموز,خاطرات شاهد رویداد,D,خاطرات شاهد مستقیم منبع دست‌اول محسوب می‌شود. سؤال بازطراحی‌شده برای تنوع بیشتر آزمون.,ترنم همدلی,original,1405
ششم,,مطالعات اجتماعی,مطالعات اجتماعی,بخش 2,تاریخ,,متوسط,"کدام گزینه با محتوای سؤال زیر هماهنگ است؟
منبع دست‌اول تاریخی کدام است؟",خلاصه اینترنتی,نظر دانش‌آموز,خاطرات شاهد رویداد,کتاب درسی جدید,C,خاطرات شاهد مستقیم منبع دست‌اول محسوب می‌شود. سؤال بازطراحی‌شده برای تنوع بیشتر آزمون.,ترنم همدلی,original,1405
ششم,,مطالعات اجتماعی,مطالعات اجتماعی,بخش 2,تاریخ,,متوسط,"با توجه به پرسش زیر، گزینه صحیح را انتخاب کنید:
منبع دست‌اول تاریخی کدام است؟",نظر دانش‌آموز,خاطرات شاهد رویداد,کتاب درسی جدید,خلاصه اینترنتی,B,خاطرات شاهد مستقیم منبع دست‌اول محسوب می‌شود. سؤال بازطراحی‌شده برای تنوع بیشتر آزمون.,ترنم همدلی,original,1405
ششم,,مطالعات اجتماعی,مطالعات اجتماعی,بخش 2,تاریخ,,متوسط,"کدام گزینه از نظر محتوایی درست است؟
منبع دست‌اول تاریخی کدام است؟",خاطرات شاهد رویداد,کتاب درسی جدید,خلاصه اینترنتی,نظر دانش‌آموز,A,خاطرات شاهد مستقیم منبع دست‌اول محسوب می‌شود. سؤال بازطراحی‌شده برای تنوع بیشتر آزمون.,ترنم همدلی,original,1405
ششم,,مطالعات اجتماعی,مطالعات اجتماعی,بخش 2,تاریخ,,متوسط,"گزینه درست برای پرسش زیر را مشخص کنید:
منبع دست‌اول تاریخی کدام است؟",کتاب درسی جدید,خلاصه اینترنتی,نظر دانش‌آموز,خاطرات شاهد رویداد,D,خاطرات شاهد مستقیم منبع دست‌اول محسوب می‌شود. سؤال بازطراحی‌شده برای تنوع بیشتر آزمون.,ترنم همدلی,original,1405
ششم,,مطالعات اجتماعی,مطالعات اجتماعی,بخش 3,مدنی,,متوسط,"در سؤال زیر، گزینه درست را انتخاب کنید:
کدام مورد نمونه مسئولیت شهروندی است؟",رعایت قانون,بی‌توجهی به حقوق دیگران,تخریب اموال عمومی,فرار از مسئولیت,A,رعایت قانون از مسئولیت‌های شهروندی است. سؤال بازطراحی‌شده برای تنوع بیشتر آزمون.,ترنم همدلی,original,1405
ششم,,مطالعات اجتماعی,مطالعات اجتماعی,بخش 3,مدنی,,متوسط,"کدام گزینه پاسخ صحیح این پرسش است؟
کدام مورد نمونه مسئولیت شهروندی است؟",بی‌توجهی به حقوق دیگران,تخریب اموال عمومی,فرار از مسئولیت,رعایت قانون,D,رعایت قانون از مسئولیت‌های شهروندی است. سؤال بازطراحی‌شده برای تنوع بیشتر آزمون.,ترنم همدلی,original,1405
ششم,,مطالعات اجتماعی,مطالعات اجتماعی,بخش 3,مدنی,,متوسط,"با دقت به پرسش زیر، گزینه درست را مشخص کنید:
کدام مورد نمونه مسئولیت شهروندی است؟",تخریب اموال عمومی,فرار از مسئولیت,رعایت قانون,بی‌توجهی به حقوق دیگران,C,رعایت قانون از مسئولیت‌های شهروندی است. سؤال بازطراحی‌شده برای تنوع بیشتر آزمون.,ترنم همدلی,original,1405
ششم,,مطالعات اجتماعی,مطالعات اجتماعی,بخش 3,مدنی,,متوسط,"کدام گزینه با صورت سؤال زیر سازگار است؟
کدام مورد نمونه مسئولیت شهروندی است؟",فرار از مسئولیت,رعایت قانون,بی‌توجهی به حقوق دیگران,تخریب اموال عمومی,B,رعایت قانون از مسئولیت‌های شهروندی است. سؤال بازطراحی‌شده برای تنوع بیشتر آزمون.,ترنم همدلی,original,1405
ششم,,مطالعات اجتماعی,مطالعات اجتماعی,بخش 3,مدنی,,متوسط,"پاسخ صحیح پرسش زیر کدام است؟
کدام مورد نمونه مسئولیت شهروندی است؟",رعایت قانون,بی‌توجهی به حقوق دیگران,تخریب اموال عمومی,فرار از مسئولیت,A,رعایت قانون از مسئولیت‌های شهروندی است. سؤال بازطراحی‌شده برای تنوع بیشتر آزمون.,ترنم همدلی,original,1405
ششم,,مطالعات اجتماعی,مطالعات اجتماعی,بخش 3,مدنی,,متوسط,"در میان گزینه‌های زیر، پاسخ درست را پیدا کنید:
کدام مورد نمونه مسئولیت شهروندی است؟",بی‌توجهی به حقوق دیگران,تخریب اموال عمومی,فرار از مسئولیت,رعایت قانون,D,رعایت قانون از مسئولیت‌های شهروندی است. سؤال بازطراحی‌شده برای تنوع بیشتر آزمون.,ترنم همدلی,original,1405
ششم,,مطالعات اجتماعی,مطالعات اجتماعی,بخش 3,مدنی,,متوسط,"کدام گزینه با محتوای سؤال زیر هماهنگ است؟
کدام مورد نمونه مسئولیت شهروندی است؟",تخریب اموال عمومی,فرار از مسئولیت,رعایت قانون,بی‌توجهی به حقوق دیگران,C,رعایت قانون از مسئولیت‌های شهروندی است. سؤال بازطراحی‌شده برای تنوع بیشتر آزمون.,ترنم همدلی,original,1405
ششم,,مطالعات اجتماعی,مطالعات اجتماعی,بخش 3,مدنی,,متوسط,"با توجه به پرسش زیر، گزینه صحیح را انتخاب کنید:
کدام مورد نمونه مسئولیت شهروندی است؟",فرار از مسئولیت,رعایت قانون,بی‌توجهی به حقوق دیگران,تخریب اموال عمومی,B,رعایت قانون از مسئولیت‌های شهروندی است. سؤال بازطراحی‌شده برای تنوع بیشتر آزمون.,ترنم همدلی,original,1405
ششم,,مطالعات اجتماعی,مطالعات اجتماعی,بخش 3,مدنی,,متوسط,"کدام گزینه از نظر محتوایی درست است؟
کدام مورد نمونه مسئولیت شهروندی است؟",رعایت قانون,بی‌توجهی به حقوق دیگران,تخریب اموال عمومی,فرار از مسئولیت,A,رعایت قانون از مسئولیت‌های شهروندی است. سؤال بازطراحی‌شده برای تنوع بیشتر آزمون.,ترنم همدلی,original,1405
ششم,,مطالعات اجتماعی,مطالعات اجتماعی,بخش 3,مدنی,,متوسط,"گزینه درست برای پرسش زیر را مشخص کنید:
کدام مورد نمونه مسئولیت شهروندی است؟",بی‌توجهی به حقوق دیگران,تخریب اموال عمومی,فرار از مسئولیت,رعایت قانون,D,رعایت قانون از مسئولیت‌های شهروندی است. سؤال بازطراحی‌شده برای تنوع بیشتر آزمون.,ترنم همدلی,original,1405
ششم,,مطالعات اجتماعی,مطالعات اجتماعی,بخش 4,نقشه,,متوسط,"در سؤال زیر، گزینه درست را انتخاب کنید:
مقیاس نقشه چه چیزی را نشان می‌دهد؟",رابطه فاصله روی نقشه و واقعیت,جهت شمال,ارتفاع کوه,جمعیت شهر,A,مقیاس رابطه فاصله نقشه با فاصله واقعی را نشان می‌دهد. سؤال بازطراحی‌شده برای تنوع بیشتر آزمون.,ترنم همدلی,original,1405
ششم,,مطالعات اجتماعی,مطالعات اجتماعی,بخش 4,نقشه,,متوسط,"کدام گزینه پاسخ صحیح این پرسش است؟
مقیاس نقشه چه چیزی را نشان می‌دهد؟",جهت شمال,ارتفاع کوه,جمعیت شهر,رابطه فاصله روی نقشه و واقعیت,D,مقیاس رابطه فاصله نقشه با فاصله واقعی را نشان می‌دهد. سؤال بازطراحی‌شده برای تنوع بیشتر آزمون.,ترنم همدلی,original,1405
ششم,,مطالعات اجتماعی,مطالعات اجتماعی,بخش 4,نقشه,,متوسط,"با دقت به پرسش زیر، گزینه درست را مشخص کنید:
مقیاس نقشه چه چیزی را نشان می‌دهد؟",ارتفاع کوه,جمعیت شهر,رابطه فاصله روی نقشه و واقعیت,جهت شمال,C,مقیاس رابطه فاصله نقشه با فاصله واقعی را نشان می‌دهد. سؤال بازطراحی‌شده برای تنوع بیشتر آزمون.,ترنم همدلی,original,1405
ششم,,مطالعات اجتماعی,مطالعات اجتماعی,بخش 4,نقشه,,متوسط,"کدام گزینه با صورت سؤال زیر سازگار است؟
مقیاس نقشه چه چیزی را نشان می‌دهد؟",جمعیت شهر,رابطه فاصله روی نقشه و واقعیت,جهت شمال,ارتفاع کوه,B,مقیاس رابطه فاصله نقشه با فاصله واقعی را نشان می‌دهد. سؤال بازطراحی‌شده برای تنوع بیشتر آزمون.,ترنم همدلی,original,1405
ششم,,مطالعات اجتماعی,مطالعات اجتماعی,بخش 4,نقشه,,متوسط,"پاسخ صحیح پرسش زیر کدام است؟
مقیاس نقشه چه چیزی را نشان می‌دهد؟",رابطه فاصله روی نقشه و واقعیت,جهت شمال,ارتفاع کوه,جمعیت شهر,A,مقیاس رابطه فاصله نقشه با فاصله واقعی را نشان می‌دهد. سؤال بازطراحی‌شده برای تنوع بیشتر آزمون.,ترنم همدلی,original,1405
ششم,,مطالعات اجتماعی,مطالعات اجتماعی,بخش 4,نقشه,,متوسط,"در میان گزینه‌های زیر، پاسخ درست را پیدا کنید:
مقیاس نقشه چه چیزی را نشان می‌دهد؟",جهت شمال,ارتفاع کوه,جمعیت شهر,رابطه فاصله روی نقشه و واقعیت,D,مقیاس رابطه فاصله نقشه با فاصله واقعی را نشان می‌دهد. سؤال بازطراحی‌شده برای تنوع بیشتر آزمون.,ترنم همدلی,original,1405
ششم,,مطالعات اجتماعی,مطالعات اجتماعی,بخش 4,نقشه,,متوسط,"کدام گزینه با محتوای سؤال زیر هماهنگ است؟
مقیاس نقشه چه چیزی را نشان می‌دهد؟",ارتفاع کوه,جمعیت شهر,رابطه فاصله روی نقشه و واقعیت,جهت شمال,C,مقیاس رابطه فاصله نقشه با فاصله واقعی را نشان می‌دهد. سؤال بازطراحی‌شده برای تنوع بیشتر آزمون.,ترنم همدلی,original,1405
ششم,,مطالعات اجتماعی,مطالعات اجتماعی,بخش 4,نقشه,,متوسط,"با توجه به پرسش زیر، گزینه صحیح را انتخاب کنید:
مقیاس نقشه چه چیزی را نشان می‌دهد؟",جمعیت شهر,رابطه فاصله روی نقشه و واقعیت,جهت شمال,ارتفاع کوه,B,مقیاس رابطه فاصله نقشه با فاصله واقعی را نشان می‌دهد. سؤال بازطراحی‌شده برای تنوع بیشتر آزمون.,ترنم همدلی,original,1405
ششم,,مطالعات اجتماعی,مطالعات اجتماعی,بخش 4,نقشه,,متوسط,"کدام گزینه از نظر محتوایی درست است؟
مقیاس نقشه چه چیزی را نشان می‌دهد؟",رابطه فاصله روی نقشه و واقعیت,جهت شمال,ارتفاع کوه,جمعیت شهر,A,مقیاس رابطه فاصله نقشه با فاصله واقعی را نشان می‌دهد. سؤال بازطراحی‌شده برای تنوع بیشتر آزمون.,ترنم همدلی,original,1405
ششم,,مطالعات اجتماعی,مطالعات اجتماعی,بخش 4,نقشه,,متوسط,"گزینه درست برای پرسش زیر را مشخص کنید:
مقیاس نقشه چه چیزی را نشان می‌دهد؟",جهت شمال,ارتفاع کوه,جمعیت شهر,رابطه فاصله روی نقشه و واقعیت,D,مقیاس رابطه فاصله نقشه با فاصله واقعی را نشان می‌دهد. سؤال بازطراحی‌شده برای تنوع بیشتر آزمون.,ترنم همدلی,original,1405
ششم,,مطالعات اجتماعی,مطالعات اجتماعی,بخش 5,اقتصاد خانواده,,متوسط,"در سؤال زیر، گزینه درست را انتخاب کنید:
پس‌انداز چه فایده‌ای دارد؟",افزایش هزینه‌های غیرضروری,آمادگی برای نیازهای آینده,حذف بودجه,افزایش بدهی,B,پس‌انداز برای نیازهای آینده مفید است. سؤال بازطراحی‌شده برای تنوع بیشتر آزمون.,ترنم همدلی,original,1405
ششم,,مطالعات اجتماعی,مطالعات اجتماعی,بخش 5,اقتصاد خانواده,,متوسط,"کدام گزینه پاسخ صحیح این پرسش است؟
پس‌انداز چه فایده‌ای دارد؟",آمادگی برای نیازهای آینده,حذف بودجه,افزایش بدهی,افزایش هزینه‌های غیرضروری,A,پس‌انداز برای نیازهای آینده مفید است. سؤال بازطراحی‌شده برای تنوع بیشتر آزمون.,ترنم همدلی,original,1405
ششم,,مطالعات اجتماعی,مطالعات اجتماعی,بخش 5,اقتصاد خانواده,,متوسط,"با دقت به پرسش زیر، گزینه درست را مشخص کنید:
پس‌انداز چه فایده‌ای دارد؟",حذف بودجه,افزایش بدهی,افزایش هزینه‌های غیرضروری,آمادگی برای نیازهای آینده,D,پس‌انداز برای نیازهای آینده مفید است. سؤال بازطراحی‌شده برای تنوع بیشتر آزمون.,ترنم همدلی,original,1405
ششم,,مطالعات اجتماعی,مطالعات اجتماعی,بخش 5,اقتصاد خانواده,,متوسط,"کدام گزینه با صورت سؤال زیر سازگار است؟
پس‌انداز چه فایده‌ای دارد؟",افزایش بدهی,افزایش هزینه‌های غیرضروری,آمادگی برای نیازهای آینده,حذف بودجه,C,پس‌انداز برای نیازهای آینده مفید است. سؤال بازطراحی‌شده برای تنوع بیشتر آزمون.,ترنم همدلی,original,1405
ششم,,مطالعات اجتماعی,مطالعات اجتماعی,بخش 5,اقتصاد خانواده,,متوسط,"پاسخ صحیح پرسش زیر کدام است؟
پس‌انداز چه فایده‌ای دارد؟",افزایش هزینه‌های غیرضروری,آمادگی برای نیازهای آینده,حذف بودجه,افزایش بدهی,B,پس‌انداز برای نیازهای آینده مفید است. سؤال بازطراحی‌شده برای تنوع بیشتر آزمون.,ترنم همدلی,original,1405
ششم,,مطالعات اجتماعی,مطالعات اجتماعی,بخش 5,اقتصاد خانواده,,متوسط,"در میان گزینه‌های زیر، پاسخ درست را پیدا کنید:
پس‌انداز چه فایده‌ای دارد؟",آمادگی برای نیازهای آینده,حذف بودجه,افزایش بدهی,افزایش هزینه‌های غیرضروری,A,پس‌انداز برای نیازهای آینده مفید است. سؤال بازطراحی‌شده برای تنوع بیشتر آزمون.,ترنم همدلی,original,1405
ششم,,مطالعات اجتماعی,مطالعات اجتماعی,بخش 5,اقتصاد خانواده,,متوسط,"کدام گزینه با محتوای سؤال زیر هماهنگ است؟
پس‌انداز چه فایده‌ای دارد؟",حذف بودجه,افزایش بدهی,افزایش هزینه‌های غیرضروری,آمادگی برای نیازهای آینده,D,پس‌انداز برای نیازهای آینده مفید است. سؤال بازطراحی‌شده برای تنوع بیشتر آزمون.,ترنم همدلی,original,1405
ششم,,مطالعات اجتماعی,مطالعات اجتماعی,بخش 5,اقتصاد خانواده,,متوسط,"با توجه به پرسش زیر، گزینه صحیح را انتخاب کنید:
پس‌انداز چه فایده‌ای دارد؟",افزایش بدهی,افزایش هزینه‌های غیرضروری,آمادگی برای نیازهای آینده,حذف بودجه,C,پس‌انداز برای نیازهای آینده مفید است. سؤال بازطراحی‌شده برای تنوع بیشتر آزمون.,ترنم همدلی,original,1405
ششم,,مطالعات اجتماعی,مطالعات اجتماعی,بخش 5,اقتصاد خانواده,,متوسط,"کدام گزینه از نظر محتوایی درست است؟
پس‌انداز چه فایده‌ای دارد؟",افزایش هزینه‌های غیرضروری,آمادگی برای نیازهای آینده,حذف بودجه,افزایش بدهی,B,پس‌انداز برای نیازهای آینده مفید است. سؤال بازطراحی‌شده برای تنوع بیشتر آزمون.,ترنم همدلی,original,1405
ششم,,مطالعات اجتماعی,مطالعات اجتماعی,بخش 5,اقتصاد خانواده,,متوسط,"گزینه درست برای پرسش زیر را مشخص کنید:
پس‌انداز چه فایده‌ای دارد؟",آمادگی برای نیازهای آینده,حذف بودجه,افزایش بدهی,افزایش هزینه‌های غیرضروری,A,پس‌انداز برای نیازهای آینده مفید است. سؤال بازطراحی‌شده برای تنوع بیشتر آزمون.,ترنم همدلی,original,1405
ششم,,مطالعات اجتماعی,مطالعات اجتماعی,بخش 6,جامعه,,متوسط,"در سؤال زیر، گزینه درست را انتخاب کنید:
قانون چه نقشی در جامعه دارد؟",ایجاد نظم,افزایش بی‌نظمی,حذف مسئولیت,کاهش همکاری,A,قانون به ایجاد نظم و تنظیم روابط کمک می‌کند. سؤال بازطراحی‌شده برای تنوع بیشتر آزمون.,ترنم همدلی,original,1405
ششم,,مطالعات اجتماعی,مطالعات اجتماعی,بخش 6,جامعه,,متوسط,"کدام گزینه پاسخ صحیح این پرسش است؟
قانون چه نقشی در جامعه دارد؟",افزایش بی‌نظمی,حذف مسئولیت,کاهش همکاری,ایجاد نظم,D,قانون به ایجاد نظم و تنظیم روابط کمک می‌کند. سؤال بازطراحی‌شده برای تنوع بیشتر آزمون.,ترنم همدلی,original,1405
ششم,,مطالعات اجتماعی,مطالعات اجتماعی,بخش 6,جامعه,,متوسط,"با دقت به پرسش زیر، گزینه درست را مشخص کنید:
قانون چه نقشی در جامعه دارد؟",حذف مسئولیت,کاهش همکاری,ایجاد نظم,افزایش بی‌نظمی,C,قانون به ایجاد نظم و تنظیم روابط کمک می‌کند. سؤال بازطراحی‌شده برای تنوع بیشتر آزمون.,ترنم همدلی,original,1405
ششم,,مطالعات اجتماعی,مطالعات اجتماعی,بخش 6,جامعه,,متوسط,"کدام گزینه با صورت سؤال زیر سازگار است؟
قانون چه نقشی در جامعه دارد؟",کاهش همکاری,ایجاد نظم,افزایش بی‌نظمی,حذف مسئولیت,B,قانون به ایجاد نظم و تنظیم روابط کمک می‌کند. سؤال بازطراحی‌شده برای تنوع بیشتر آزمون.,ترنم همدلی,original,1405
ششم,,مطالعات اجتماعی,مطالعات اجتماعی,بخش 6,جامعه,,متوسط,"پاسخ صحیح پرسش زیر کدام است؟
قانون چه نقشی در جامعه دارد؟",ایجاد نظم,افزایش بی‌نظمی,حذف مسئولیت,کاهش همکاری,A,قانون به ایجاد نظم و تنظیم روابط کمک می‌کند. سؤال بازطراحی‌شده برای تنوع بیشتر آزمون.,ترنم همدلی,original,1405
ششم,,مطالعات اجتماعی,مطالعات اجتماعی,بخش 6,جامعه,,متوسط,"در میان گزینه‌های زیر، پاسخ درست را پیدا کنید:
قانون چه نقشی در جامعه دارد؟",افزایش بی‌نظمی,حذف مسئولیت,کاهش همکاری,ایجاد نظم,D,قانون به ایجاد نظم و تنظیم روابط کمک می‌کند. سؤال بازطراحی‌شده برای تنوع بیشتر آزمون.,ترنم همدلی,original,1405
ششم,,مطالعات اجتماعی,مطالعات اجتماعی,بخش 6,جامعه,,متوسط,"کدام گزینه با محتوای سؤال زیر هماهنگ است؟
قانون چه نقشی در جامعه دارد؟",حذف مسئولیت,کاهش همکاری,ایجاد نظم,افزایش بی‌نظمی,C,قانون به ایجاد نظم و تنظیم روابط کمک می‌کند. سؤال بازطراحی‌شده برای تنوع بیشتر آزمون.,ترنم همدلی,original,1405
ششم,,مطالعات اجتماعی,مطالعات اجتماعی,بخش 6,جامعه,,متوسط,"با توجه به پرسش زیر، گزینه صحیح را انتخاب کنید:
قانون چه نقشی در جامعه دارد؟",کاهش همکاری,ایجاد نظم,افزایش بی‌نظمی,حذف مسئولیت,B,قانون به ایجاد نظم و تنظیم روابط کمک می‌کند. سؤال بازطراحی‌شده برای تنوع بیشتر آزمون.,ترنم همدلی,original,1405
ششم,,مطالعات اجتماعی,مطالعات اجتماعی,بخش 6,جامعه,,متوسط,"کدام گزینه از نظر محتوایی درست است؟
قانون چه نقشی در جامعه دارد؟",ایجاد نظم,افزایش بی‌نظمی,حذف مسئولیت,کاهش همکاری,A,قانون به ایجاد نظم و تنظیم روابط کمک می‌کند. سؤال بازطراحی‌شده برای تنوع بیشتر آزمون.,ترنم همدلی,original,1405
ششم,,مطالعات اجتماعی,مطالعات اجتماعی,بخش 6,جامعه,,متوسط,"گزینه درست برای پرسش زیر را مشخص کنید:
قانون چه نقشی در جامعه دارد؟",افزایش بی‌نظمی,حذف مسئولیت,کاهش همکاری,ایجاد نظم,D,قانون به ایجاد نظم و تنظیم روابط کمک می‌کند. سؤال بازطراحی‌شده برای تنوع بیشتر آزمون.,ترنم همدلی,original,1405
ششم,,پیام‌های آسمان,پیام‌های آسمان,بخش 1,توحید,,متوسط,"در سؤال زیر، گزینه درست را انتخاب کنید:
توحید به چه معناست؟",یگانگی خداوند,تعدد خدایان,انکار خدا,پرستش انسان,A,توحید یعنی یگانگی خداوند. سؤال بازطراحی‌شده برای تنوع بیشتر آزمون.,ترنم همدلی,original,1405
ششم,,پیام‌های آسمان,پیام‌های آسمان,بخش 1,توحید,,متوسط,"کدام گزینه پاسخ صحیح این پرسش است؟
توحید به چه معناست؟",تعدد خدایان,انکار خدا,پرستش انسان,یگانگی خداوند,D,توحید یعنی یگانگی خداوند. سؤال بازطراحی‌شده برای تنوع بیشتر آزمون.,ترنم همدلی,original,1405
ششم,,پیام‌های آسمان,پیام‌های آسمان,بخش 1,توحید,,متوسط,"با دقت به پرسش زیر، گزینه درست را مشخص کنید:
توحید به چه معناست؟",انکار خدا,پرستش انسان,یگانگی خداوند,تعدد خدایان,C,توحید یعنی یگانگی خداوند. سؤال بازطراحی‌شده برای تنوع بیشتر آزمون.,ترنم همدلی,original,1405
ششم,,پیام‌های آسمان,پیام‌های آسمان,بخش 1,توحید,,متوسط,"کدام گزینه با صورت سؤال زیر سازگار است؟
توحید به چه معناست؟",پرستش انسان,یگانگی خداوند,تعدد خدایان,انکار خدا,B,توحید یعنی یگانگی خداوند. سؤال بازطراحی‌شده برای تنوع بیشتر آزمون.,ترنم همدلی,original,1405
ششم,,پیام‌های آسمان,پیام‌های آسمان,بخش 1,توحید,,متوسط,"پاسخ صحیح پرسش زیر کدام است؟
توحید به چه معناست؟",یگانگی خداوند,تعدد خدایان,انکار خدا,پرستش انسان,A,توحید یعنی یگانگی خداوند. سؤال بازطراحی‌شده برای تنوع بیشتر آزمون.,ترنم همدلی,original,1405
ششم,,پیام‌های آسمان,پیام‌های آسمان,بخش 1,توحید,,متوسط,"در میان گزینه‌های زیر، پاسخ درست را پیدا کنید:
توحید به چه معناست؟",تعدد خدایان,انکار خدا,پرستش انسان,یگانگی خداوند,D,توحید یعنی یگانگی خداوند. سؤال بازطراحی‌شده برای تنوع بیشتر آزمون.,ترنم همدلی,original,1405
ششم,,پیام‌های آسمان,پیام‌های آسمان,بخش 1,توحید,,متوسط,"کدام گزینه با محتوای سؤال زیر هماهنگ است؟
توحید به چه معناست؟",انکار خدا,پرستش انسان,یگانگی خداوند,تعدد خدایان,C,توحید یعنی یگانگی خداوند. سؤال بازطراحی‌شده برای تنوع بیشتر آزمون.,ترنم همدلی,original,1405
ششم,,پیام‌های آسمان,پیام‌های آسمان,بخش 1,توحید,,متوسط,"با توجه به پرسش زیر، گزینه صحیح را انتخاب کنید:
توحید به چه معناست؟",پرستش انسان,یگانگی خداوند,تعدد خدایان,انکار خدا,B,توحید یعنی یگانگی خداوند. سؤال بازطراحی‌شده برای تنوع بیشتر آزمون.,ترنم همدلی,original,1405
ششم,,پیام‌های آسمان,پیام‌های آسمان,بخش 1,توحید,,متوسط,"کدام گزینه از نظر محتوایی درست است؟
توحید به چه معناست؟",یگانگی خداوند,تعدد خدایان,انکار خدا,پرستش انسان,A,توحید یعنی یگانگی خداوند. سؤال بازطراحی‌شده برای تنوع بیشتر آزمون.,ترنم همدلی,original,1405
ششم,,پیام‌های آسمان,پیام‌های آسمان,بخش 1,توحید,,متوسط,"گزینه درست برای پرسش زیر را مشخص کنید:
توحید به چه معناست؟",تعدد خدایان,انکار خدا,پرستش انسان,یگانگی خداوند,D,توحید یعنی یگانگی خداوند. سؤال بازطراحی‌شده برای تنوع بیشتر آزمون.,ترنم همدلی,original,1405
ششم,,پیام‌های آسمان,پیام‌های آسمان,بخش 2,نبوت,,متوسط,"در سؤال زیر، گزینه درست را انتخاب کنید:
پیامبران برای چه هدفی فرستاده شدند؟",هدایت انسان,افزایش ثروت,رقابت سیاسی,حذف اختیار,A,هدف اصلی رسالت، هدایت انسان‌هاست. سؤال بازطراحی‌شده برای تنوع بیشتر آزمون.,ترنم همدلی,original,1405
ششم,,پیام‌های آسمان,پیام‌های آسمان,بخش 2,نبوت,,متوسط,"کدام گزینه پاسخ صحیح این پرسش است؟
پیامبران برای چه هدفی فرستاده شدند؟",افزایش ثروت,رقابت سیاسی,حذف اختیار,هدایت انسان,D,هدف اصلی رسالت، هدایت انسان‌هاست. سؤال بازطراحی‌شده برای تنوع بیشتر آزمون.,ترنم همدلی,original,1405
ششم,,پیام‌های آسمان,پیام‌های آسمان,بخش 2,نبوت,,متوسط,"با دقت به پرسش زیر، گزینه درست را مشخص کنید:
پیامبران برای چه هدفی فرستاده شدند؟",رقابت سیاسی,حذف اختیار,هدایت انسان,افزایش ثروت,C,هدف اصلی رسالت، هدایت انسان‌هاست. سؤال بازطراحی‌شده برای تنوع بیشتر آزمون.,ترنم همدلی,original,1405
ششم,,پیام‌های آسمان,پیام‌های آسمان,بخش 2,نبوت,,متوسط,"کدام گزینه با صورت سؤال زیر سازگار است؟
پیامبران برای چه هدفی فرستاده شدند؟",حذف اختیار,هدایت انسان,افزایش ثروت,رقابت سیاسی,B,هدف اصلی رسالت، هدایت انسان‌هاست. سؤال بازطراحی‌شده برای تنوع بیشتر آزمون.,ترنم همدلی,original,1405
ششم,,پیام‌های آسمان,پیام‌های آسمان,بخش 2,نبوت,,متوسط,"پاسخ صحیح پرسش زیر کدام است؟
پیامبران برای چه هدفی فرستاده شدند؟",هدایت انسان,افزایش ثروت,رقابت سیاسی,حذف اختیار,A,هدف اصلی رسالت، هدایت انسان‌هاست. سؤال بازطراحی‌شده برای تنوع بیشتر آزمون.,ترنم همدلی,original,1405
ششم,,پیام‌های آسمان,پیام‌های آسمان,بخش 2,نبوت,,متوسط,"در میان گزینه‌های زیر، پاسخ درست را پیدا کنید:
پیامبران برای چه هدفی فرستاده شدند؟",افزایش ثروت,رقابت سیاسی,حذف اختیار,هدایت انسان,D,هدف اصلی رسالت، هدایت انسان‌هاست. سؤال بازطراحی‌شده برای تنوع بیشتر آزمون.,ترنم همدلی,original,1405
ششم,,پیام‌های آسمان,پیام‌های آسمان,بخش 2,نبوت,,متوسط,"کدام گزینه با محتوای سؤال زیر هماهنگ است؟
پیامبران برای چه هدفی فرستاده شدند؟",رقابت سیاسی,حذف اختیار,هدایت انسان,افزایش ثروت,C,هدف اصلی رسالت، هدایت انسان‌هاست. سؤال بازطراحی‌شده برای تنوع بیشتر آزمون.,ترنم همدلی,original,1405
ششم,,پیام‌های آسمان,پیام‌های آسمان,بخش 2,نبوت,,متوسط,"با توجه به پرسش زیر، گزینه صحیح را انتخاب کنید:
پیامبران برای چه هدفی فرستاده شدند؟",حذف اختیار,هدایت انسان,افزایش ثروت,رقابت سیاسی,B,هدف اصلی رسالت، هدایت انسان‌هاست. سؤال بازطراحی‌شده برای تنوع بیشتر آزمون.,ترنم همدلی,original,1405
ششم,,پیام‌های آسمان,پیام‌های آسمان,بخش 2,نبوت,,متوسط,"کدام گزینه از نظر محتوایی درست است؟
پیامبران برای چه هدفی فرستاده شدند؟",هدایت انسان,افزایش ثروت,رقابت سیاسی,حذف اختیار,A,هدف اصلی رسالت، هدایت انسان‌هاست. سؤال بازطراحی‌شده برای تنوع بیشتر آزمون.,ترنم همدلی,original,1405
ششم,,پیام‌های آسمان,پیام‌های آسمان,بخش 2,نبوت,,متوسط,"گزینه درست برای پرسش زیر را مشخص کنید:
پیامبران برای چه هدفی فرستاده شدند؟",افزایش ثروت,رقابت سیاسی,حذف اختیار,هدایت انسان,D,هدف اصلی رسالت، هدایت انسان‌هاست. سؤال بازطراحی‌شده برای تنوع بیشتر آزمون.,ترنم همدلی,original,1405
ششم,,پیام‌های آسمان,پیام‌های آسمان,بخش 3,معاد,,متوسط,"در سؤال زیر، گزینه درست را انتخاب کنید:
معاد به چه معناست؟",بازگشت و زندگی پس از مرگ,تولد دوباره زمین,تغییر فصل,سفر زمینی,A,معاد به زندگی پس از مرگ اشاره دارد. سؤال بازطراحی‌شده برای تنوع بیشتر آزمون.,ترنم همدلی,original,1405
ششم,,پیام‌های آسمان,پیام‌های آسمان,بخش 3,معاد,,متوسط,"کدام گزینه پاسخ صحیح این پرسش است؟
معاد به چه معناست؟",تولد دوباره زمین,تغییر فصل,سفر زمینی,بازگشت و زندگی پس از مرگ,D,معاد به زندگی پس از مرگ اشاره دارد. سؤال بازطراحی‌شده برای تنوع بیشتر آزمون.,ترنم همدلی,original,1405
ششم,,پیام‌های آسمان,پیام‌های آسمان,بخش 3,معاد,,متوسط,"با دقت به پرسش زیر، گزینه درست را مشخص کنید:
معاد به چه معناست؟",تغییر فصل,سفر زمینی,بازگشت و زندگی پس از مرگ,تولد دوباره زمین,C,معاد به زندگی پس از مرگ اشاره دارد. سؤال بازطراحی‌شده برای تنوع بیشتر آزمون.,ترنم همدلی,original,1405
ششم,,پیام‌های آسمان,پیام‌های آسمان,بخش 3,معاد,,متوسط,"کدام گزینه با صورت سؤال زیر سازگار است؟
معاد به چه معناست؟",سفر زمینی,بازگشت و زندگی پس از مرگ,تولد دوباره زمین,تغییر فصل,B,معاد به زندگی پس از مرگ اشاره دارد. سؤال بازطراحی‌شده برای تنوع بیشتر آزمون.,ترنم همدلی,original,1405
ششم,,پیام‌های آسمان,پیام‌های آسمان,بخش 3,معاد,,متوسط,"پاسخ صحیح پرسش زیر کدام است؟
معاد به چه معناست؟",بازگشت و زندگی پس از مرگ,تولد دوباره زمین,تغییر فصل,سفر زمینی,A,معاد به زندگی پس از مرگ اشاره دارد. سؤال بازطراحی‌شده برای تنوع بیشتر آزمون.,ترنم همدلی,original,1405
ششم,,پیام‌های آسمان,پیام‌های آسمان,بخش 3,معاد,,متوسط,"در میان گزینه‌های زیر، پاسخ درست را پیدا کنید:
معاد به چه معناست؟",تولد دوباره زمین,تغییر فصل,سفر زمینی,بازگشت و زندگی پس از مرگ,D,معاد به زندگی پس از مرگ اشاره دارد. سؤال بازطراحی‌شده برای تنوع بیشتر آزمون.,ترنم همدلی,original,1405
ششم,,پیام‌های آسمان,پیام‌های آسمان,بخش 3,معاد,,متوسط,"کدام گزینه با محتوای سؤال زیر هماهنگ است؟
معاد به چه معناست؟",تغییر فصل,سفر زمینی,بازگشت و زندگی پس از مرگ,تولد دوباره زمین,C,معاد به زندگی پس از مرگ اشاره دارد. سؤال بازطراحی‌شده برای تنوع بیشتر آزمون.,ترنم همدلی,original,1405
ششم,,پیام‌های آسمان,پیام‌های آسمان,بخش 3,معاد,,متوسط,"با توجه به پرسش زیر، گزینه صحیح را انتخاب کنید:
معاد به چه معناست؟",سفر زمینی,بازگشت و زندگی پس از مرگ,تولد دوباره زمین,تغییر فصل,B,معاد به زندگی پس از مرگ اشاره دارد. سؤال بازطراحی‌شده برای تنوع بیشتر آزمون.,ترنم همدلی,original,1405
ششم,,پیام‌های آسمان,پیام‌های آسمان,بخش 3,معاد,,متوسط,"کدام گزینه از نظر محتوایی درست است؟
معاد به چه معناست؟",بازگشت و زندگی پس از مرگ,تولد دوباره زمین,تغییر فصل,سفر زمینی,A,معاد به زندگی پس از مرگ اشاره دارد. سؤال بازطراحی‌شده برای تنوع بیشتر آزمون.,ترنم همدلی,original,1405
ششم,,پیام‌های آسمان,پیام‌های آسمان,بخش 3,معاد,,متوسط,"گزینه درست برای پرسش زیر را مشخص کنید:
معاد به چه معناست؟",تولد دوباره زمین,تغییر فصل,سفر زمینی,بازگشت و زندگی پس از مرگ,D,معاد به زندگی پس از مرگ اشاره دارد. سؤال بازطراحی‌شده برای تنوع بیشتر آزمون.,ترنم همدلی,original,1405
ششم,,پیام‌های آسمان,پیام‌های آسمان,بخش 4,اخلاق,,متوسط,"در سؤال زیر، گزینه درست را انتخاب کنید:
کدام رفتار نمونه امانت‌داری است؟",حفظ مال سپرده‌شده,پنهان کردن خیانت,تخریب مال دیگران,دروغ‌گویی,A,حفظ امانت نشانه امانت‌داری است. سؤال بازطراحی‌شده برای تنوع بیشتر آزمون.,ترنم همدلی,original,1405
ششم,,پیام‌های آسمان,پیام‌های آسمان,بخش 4,اخلاق,,متوسط,"کدام گزینه پاسخ صحیح این پرسش است؟
کدام رفتار نمونه امانت‌داری است؟",پنهان کردن خیانت,تخریب مال دیگران,دروغ‌گویی,حفظ مال سپرده‌شده,D,حفظ امانت نشانه امانت‌داری است. سؤال بازطراحی‌شده برای تنوع بیشتر آزمون.,ترنم همدلی,original,1405
ششم,,پیام‌های آسمان,پیام‌های آسمان,بخش 4,اخلاق,,متوسط,"با دقت به پرسش زیر، گزینه درست را مشخص کنید:
کدام رفتار نمونه امانت‌داری است؟",تخریب مال دیگران,دروغ‌گویی,حفظ مال سپرده‌شده,پنهان کردن خیانت,C,حفظ امانت نشانه امانت‌داری است. سؤال بازطراحی‌شده برای تنوع بیشتر آزمون.,ترنم همدلی,original,1405
ششم,,پیام‌های آسمان,پیام‌های آسمان,بخش 4,اخلاق,,متوسط,"کدام گزینه با صورت سؤال زیر سازگار است؟
کدام رفتار نمونه امانت‌داری است؟",دروغ‌گویی,حفظ مال سپرده‌شده,پنهان کردن خیانت,تخریب مال دیگران,B,حفظ امانت نشانه امانت‌داری است. سؤال بازطراحی‌شده برای تنوع بیشتر آزمون.,ترنم همدلی,original,1405
ششم,,پیام‌های آسمان,پیام‌های آسمان,بخش 4,اخلاق,,متوسط,"پاسخ صحیح پرسش زیر کدام است؟
کدام رفتار نمونه امانت‌داری است؟",حفظ مال سپرده‌شده,پنهان کردن خیانت,تخریب مال دیگران,دروغ‌گویی,A,حفظ امانت نشانه امانت‌داری است. سؤال بازطراحی‌شده برای تنوع بیشتر آزمون.,ترنم همدلی,original,1405
ششم,,پیام‌های آسمان,پیام‌های آسمان,بخش 4,اخلاق,,متوسط,"در میان گزینه‌های زیر، پاسخ درست را پیدا کنید:
کدام رفتار نمونه امانت‌داری است؟",پنهان کردن خیانت,تخریب مال دیگران,دروغ‌گویی,حفظ مال سپرده‌شده,D,حفظ امانت نشانه امانت‌داری است. سؤال بازطراحی‌شده برای تنوع بیشتر آزمون.,ترنم همدلی,original,1405
ششم,,پیام‌های آسمان,پیام‌های آسمان,بخش 4,اخلاق,,متوسط,"کدام گزینه با محتوای سؤال زیر هماهنگ است؟
کدام رفتار نمونه امانت‌داری است؟",تخریب مال دیگران,دروغ‌گویی,حفظ مال سپرده‌شده,پنهان کردن خیانت,C,حفظ امانت نشانه امانت‌داری است. سؤال بازطراحی‌شده برای تنوع بیشتر آزمون.,ترنم همدلی,original,1405
ششم,,پیام‌های آسمان,پیام‌های آسمان,بخش 4,اخلاق,,متوسط,"با توجه به پرسش زیر، گزینه صحیح را انتخاب کنید:
کدام رفتار نمونه امانت‌داری است؟",دروغ‌گویی,حفظ مال سپرده‌شده,پنهان کردن خیانت,تخریب مال دیگران,B,حفظ امانت نشانه امانت‌داری است. سؤال بازطراحی‌شده برای تنوع بیشتر آزمون.,ترنم همدلی,original,1405
ششم,,پیام‌های آسمان,پیام‌های آسمان,بخش 4,اخلاق,,متوسط,"کدام گزینه از نظر محتوایی درست است؟
کدام رفتار نمونه امانت‌داری است؟",حفظ مال سپرده‌شده,پنهان کردن خیانت,تخریب مال دیگران,دروغ‌گویی,A,حفظ امانت نشانه امانت‌داری است. سؤال بازطراحی‌شده برای تنوع بیشتر آزمون.,ترنم همدلی,original,1405
ششم,,پیام‌های آسمان,پیام‌های آسمان,بخش 4,اخلاق,,متوسط,"گزینه درست برای پرسش زیر را مشخص کنید:
کدام رفتار نمونه امانت‌داری است؟",پنهان کردن خیانت,تخریب مال دیگران,دروغ‌گویی,حفظ مال سپرده‌شده,D,حفظ امانت نشانه امانت‌داری است. سؤال بازطراحی‌شده برای تنوع بیشتر آزمون.,ترنم همدلی,original,1405
ششم,,پیام‌های آسمان,پیام‌های آسمان,بخش 5,نماز,,متوسط,"در سؤال زیر، گزینه درست را انتخاب کنید:
نماز در آموزه‌های اسلامی چه جایگاهی دارد؟",عبادت مهم,فعالیت اقتصادی,تفریح,درس مدرسه,A,نماز از عبادت‌های مهم اسلامی است. سؤال بازطراحی‌شده برای تنوع بیشتر آزمون.,ترنم همدلی,original,1405
ششم,,پیام‌های آسمان,پیام‌های آسمان,بخش 5,نماز,,متوسط,"کدام گزینه پاسخ صحیح این پرسش است؟
نماز در آموزه‌های اسلامی چه جایگاهی دارد؟",فعالیت اقتصادی,تفریح,درس مدرسه,عبادت مهم,D,نماز از عبادت‌های مهم اسلامی است. سؤال بازطراحی‌شده برای تنوع بیشتر آزمون.,ترنم همدلی,original,1405
ششم,,پیام‌های آسمان,پیام‌های آسمان,بخش 5,نماز,,متوسط,"با دقت به پرسش زیر، گزینه درست را مشخص کنید:
نماز در آموزه‌های اسلامی چه جایگاهی دارد؟",تفریح,درس مدرسه,عبادت مهم,فعالیت اقتصادی,C,نماز از عبادت‌های مهم اسلامی است. سؤال بازطراحی‌شده برای تنوع بیشتر آزمون.,ترنم همدلی,original,1405
ششم,,پیام‌های آسمان,پیام‌های آسمان,بخش 5,نماز,,متوسط,"کدام گزینه با صورت سؤال زیر سازگار است؟
نماز در آموزه‌های اسلامی چه جایگاهی دارد؟",درس مدرسه,عبادت مهم,فعالیت اقتصادی,تفریح,B,نماز از عبادت‌های مهم اسلامی است. سؤال بازطراحی‌شده برای تنوع بیشتر آزمون.,ترنم همدلی,original,1405
ششم,,پیام‌های آسمان,پیام‌های آسمان,بخش 5,نماز,,متوسط,"پاسخ صحیح پرسش زیر کدام است؟
نماز در آموزه‌های اسلامی چه جایگاهی دارد؟",عبادت مهم,فعالیت اقتصادی,تفریح,درس مدرسه,A,نماز از عبادت‌های مهم اسلامی است. سؤال بازطراحی‌شده برای تنوع بیشتر آزمون.,ترنم همدلی,original,1405
ششم,,پیام‌های آسمان,پیام‌های آسمان,بخش 5,نماز,,متوسط,"در میان گزینه‌های زیر، پاسخ درست را پیدا کنید:
نماز در آموزه‌های اسلامی چه جایگاهی دارد؟",فعالیت اقتصادی,تفریح,درس مدرسه,عبادت مهم,D,نماز از عبادت‌های مهم اسلامی است. سؤال بازطراحی‌شده برای تنوع بیشتر آزمون.,ترنم همدلی,original,1405
ششم,,پیام‌های آسمان,پیام‌های آسمان,بخش 5,نماز,,متوسط,"کدام گزینه با محتوای سؤال زیر هماهنگ است؟
نماز در آموزه‌های اسلامی چه جایگاهی دارد؟",تفریح,درس مدرسه,عبادت مهم,فعالیت اقتصادی,C,نماز از عبادت‌های مهم اسلامی است. سؤال بازطراحی‌شده برای تنوع بیشتر آزمون.,ترنم همدلی,original,1405
ششم,,پیام‌های آسمان,پیام‌های آسمان,بخش 5,نماز,,متوسط,"با توجه به پرسش زیر، گزینه صحیح را انتخاب کنید:
نماز در آموزه‌های اسلامی چه جایگاهی دارد؟",درس مدرسه,عبادت مهم,فعالیت اقتصادی,تفریح,B,نماز از عبادت‌های مهم اسلامی است. سؤال بازطراحی‌شده برای تنوع بیشتر آزمون.,ترنم همدلی,original,1405
ششم,,پیام‌های آسمان,پیام‌های آسمان,بخش 5,نماز,,متوسط,"کدام گزینه از نظر محتوایی درست است؟
نماز در آموزه‌های اسلامی چه جایگاهی دارد؟",عبادت مهم,فعالیت اقتصادی,تفریح,درس مدرسه,A,نماز از عبادت‌های مهم اسلامی است. سؤال بازطراحی‌شده برای تنوع بیشتر آزمون.,ترنم همدلی,original,1405
ششم,,پیام‌های آسمان,پیام‌های آسمان,بخش 5,نماز,,متوسط,"گزینه درست برای پرسش زیر را مشخص کنید:
نماز در آموزه‌های اسلامی چه جایگاهی دارد؟",فعالیت اقتصادی,تفریح,درس مدرسه,عبادت مهم,D,نماز از عبادت‌های مهم اسلامی است. سؤال بازطراحی‌شده برای تنوع بیشتر آزمون.,ترنم همدلی,original,1405
ششم,,پیام‌های آسمان,پیام‌های آسمان,بخش 6,مسئولیت,,متوسط,"در سؤال زیر، گزینه درست را انتخاب کنید:
امر به معروف با چه هدفی انجام می‌شود؟",تقویت رفتار درست,تحقیر دیگران,ایجاد دشمنی,بی‌قانونی,A,هدف آن دعوت به کار نیک و اصلاح است. سؤال بازطراحی‌شده برای تنوع بیشتر آزمون.,ترنم همدلی,original,1405
ششم,,پیام‌های آسمان,پیام‌های آسمان,بخش 6,مسئولیت,,متوسط,"کدام گزینه پاسخ صحیح این پرسش است؟
امر به معروف با چه هدفی انجام می‌شود؟",تحقیر دیگران,ایجاد دشمنی,بی‌قانونی,تقویت رفتار درست,D,هدف آن دعوت به کار نیک و اصلاح است. سؤال بازطراحی‌شده برای تنوع بیشتر آزمون.,ترنم همدلی,original,1405
ششم,,پیام‌های آسمان,پیام‌های آسمان,بخش 6,مسئولیت,,متوسط,"با دقت به پرسش زیر، گزینه درست را مشخص کنید:
امر به معروف با چه هدفی انجام می‌شود؟",ایجاد دشمنی,بی‌قانونی,تقویت رفتار درست,تحقیر دیگران,C,هدف آن دعوت به کار نیک و اصلاح است. سؤال بازطراحی‌شده برای تنوع بیشتر آزمون.,ترنم همدلی,original,1405
ششم,,پیام‌های آسمان,پیام‌های آسمان,بخش 6,مسئولیت,,متوسط,"کدام گزینه با صورت سؤال زیر سازگار است؟
امر به معروف با چه هدفی انجام می‌شود؟",بی‌قانونی,تقویت رفتار درست,تحقیر دیگران,ایجاد دشمنی,B,هدف آن دعوت به کار نیک و اصلاح است. سؤال بازطراحی‌شده برای تنوع بیشتر آزمون.,ترنم همدلی,original,1405
ششم,,پیام‌های آسمان,پیام‌های آسمان,بخش 6,مسئولیت,,متوسط,"پاسخ صحیح پرسش زیر کدام است؟
امر به معروف با چه هدفی انجام می‌شود؟",تقویت رفتار درست,تحقیر دیگران,ایجاد دشمنی,بی‌قانونی,A,هدف آن دعوت به کار نیک و اصلاح است. سؤال بازطراحی‌شده برای تنوع بیشتر آزمون.,ترنم همدلی,original,1405
ششم,,پیام‌های آسمان,پیام‌های آسمان,بخش 6,مسئولیت,,متوسط,"در میان گزینه‌های زیر، پاسخ درست را پیدا کنید:
امر به معروف با چه هدفی انجام می‌شود؟",تحقیر دیگران,ایجاد دشمنی,بی‌قانونی,تقویت رفتار درست,D,هدف آن دعوت به کار نیک و اصلاح است. سؤال بازطراحی‌شده برای تنوع بیشتر آزمون.,ترنم همدلی,original,1405
ششم,,پیام‌های آسمان,پیام‌های آسمان,بخش 6,مسئولیت,,متوسط,"کدام گزینه با محتوای سؤال زیر هماهنگ است؟
امر به معروف با چه هدفی انجام می‌شود؟",ایجاد دشمنی,بی‌قانونی,تقویت رفتار درست,تحقیر دیگران,C,هدف آن دعوت به کار نیک و اصلاح است. سؤال بازطراحی‌شده برای تنوع بیشتر آزمون.,ترنم همدلی,original,1405
ششم,,پیام‌های آسمان,پیام‌های آسمان,بخش 6,مسئولیت,,متوسط,"با توجه به پرسش زیر، گزینه صحیح را انتخاب کنید:
امر به معروف با چه هدفی انجام می‌شود؟",بی‌قانونی,تقویت رفتار درست,تحقیر دیگران,ایجاد دشمنی,B,هدف آن دعوت به کار نیک و اصلاح است. سؤال بازطراحی‌شده برای تنوع بیشتر آزمون.,ترنم همدلی,original,1405
ششم,,پیام‌های آسمان,پیام‌های آسمان,بخش 6,مسئولیت,,متوسط,"کدام گزینه از نظر محتوایی درست است؟
امر به معروف با چه هدفی انجام می‌شود؟",تقویت رفتار درست,تحقیر دیگران,ایجاد دشمنی,بی‌قانونی,A,هدف آن دعوت به کار نیک و اصلاح است. سؤال بازطراحی‌شده برای تنوع بیشتر آزمون.,ترنم همدلی,original,1405
ششم,,پیام‌های آسمان,پیام‌های آسمان,بخش 6,مسئولیت,,متوسط,"گزینه درست برای پرسش زیر را مشخص کنید:
امر به معروف با چه هدفی انجام می‌شود؟",تحقیر دیگران,ایجاد دشمنی,بی‌قانونی,تقویت رفتار درست,D,هدف آن دعوت به کار نیک و اصلاح است. سؤال بازطراحی‌شده برای تنوع بیشتر آزمون.,ترنم همدلی,original,1405
ششم,,قرآن,قرآن,بخش 1,تلاوت,,متوسط,"در سؤال زیر، گزینه درست را انتخاب کنید:
تلاوت قرآن یعنی چه؟",خواندن قرآن,نوشتن تاریخ,محاسبه,نقاشی,A,تلاوت یعنی خواندن قرآن. سؤال بازطراحی‌شده برای تنوع بیشتر آزمون.,ترنم همدلی,original,1405
ششم,,قرآن,قرآن,بخش 1,تلاوت,,متوسط,"کدام گزینه پاسخ صحیح این پرسش است؟
تلاوت قرآن یعنی چه؟",نوشتن تاریخ,محاسبه,نقاشی,خواندن قرآن,D,تلاوت یعنی خواندن قرآن. سؤال بازطراحی‌شده برای تنوع بیشتر آزمون.,ترنم همدلی,original,1405
ششم,,قرآن,قرآن,بخش 1,تلاوت,,متوسط,"با دقت به پرسش زیر، گزینه درست را مشخص کنید:
تلاوت قرآن یعنی چه؟",محاسبه,نقاشی,خواندن قرآن,نوشتن تاریخ,C,تلاوت یعنی خواندن قرآن. سؤال بازطراحی‌شده برای تنوع بیشتر آزمون.,ترنم همدلی,original,1405
ششم,,قرآن,قرآن,بخش 1,تلاوت,,متوسط,"کدام گزینه با صورت سؤال زیر سازگار است؟
تلاوت قرآن یعنی چه؟",نقاشی,خواندن قرآن,نوشتن تاریخ,محاسبه,B,تلاوت یعنی خواندن قرآن. سؤال بازطراحی‌شده برای تنوع بیشتر آزمون.,ترنم همدلی,original,1405
ششم,,قرآن,قرآن,بخش 1,تلاوت,,متوسط,"پاسخ صحیح پرسش زیر کدام است؟
تلاوت قرآن یعنی چه؟",خواندن قرآن,نوشتن تاریخ,محاسبه,نقاشی,A,تلاوت یعنی خواندن قرآن. سؤال بازطراحی‌شده برای تنوع بیشتر آزمون.,ترنم همدلی,original,1405
ششم,,قرآن,قرآن,بخش 1,تلاوت,,متوسط,"در میان گزینه‌های زیر، پاسخ درست را پیدا کنید:
تلاوت قرآن یعنی چه؟",نوشتن تاریخ,محاسبه,نقاشی,خواندن قرآن,D,تلاوت یعنی خواندن قرآن. سؤال بازطراحی‌شده برای تنوع بیشتر آزمون.,ترنم همدلی,original,1405
ششم,,قرآن,قرآن,بخش 1,تلاوت,,متوسط,"کدام گزینه با محتوای سؤال زیر هماهنگ است؟
تلاوت قرآن یعنی چه؟",محاسبه,نقاشی,خواندن قرآن,نوشتن تاریخ,C,تلاوت یعنی خواندن قرآن. سؤال بازطراحی‌شده برای تنوع بیشتر آزمون.,ترنم همدلی,original,1405
ششم,,قرآن,قرآن,بخش 1,تلاوت,,متوسط,"با توجه به پرسش زیر، گزینه صحیح را انتخاب کنید:
تلاوت قرآن یعنی چه؟",نقاشی,خواندن قرآن,نوشتن تاریخ,محاسبه,B,تلاوت یعنی خواندن قرآن. سؤال بازطراحی‌شده برای تنوع بیشتر آزمون.,ترنم همدلی,original,1405
ششم,,قرآن,قرآن,بخش 1,تلاوت,,متوسط,"کدام گزینه از نظر محتوایی درست است؟
تلاوت قرآن یعنی چه؟",خواندن قرآن,نوشتن تاریخ,محاسبه,نقاشی,A,تلاوت یعنی خواندن قرآن. سؤال بازطراحی‌شده برای تنوع بیشتر آزمون.,ترنم همدلی,original,1405
ششم,,قرآن,قرآن,بخش 1,تلاوت,,متوسط,"گزینه درست برای پرسش زیر را مشخص کنید:
تلاوت قرآن یعنی چه؟",نوشتن تاریخ,محاسبه,نقاشی,خواندن قرآن,D,تلاوت یعنی خواندن قرآن. سؤال بازطراحی‌شده برای تنوع بیشتر آزمون.,ترنم همدلی,original,1405
ششم,,قرآن,قرآن,بخش 2,تدبر,,متوسط,"در سؤال زیر، گزینه درست را انتخاب کنید:
تدبر در قرآن چه معنایی دارد؟",اندیشیدن در مفاهیم آیات,حفظ بدون فهم,ترجمه ماشینی,بی‌توجهی,A,تدبر به اندیشیدن و تأمل در آیات اشاره دارد. سؤال بازطراحی‌شده برای تنوع بیشتر آزمون.,ترنم همدلی,original,1405
ششم,,قرآن,قرآن,بخش 2,تدبر,,متوسط,"کدام گزینه پاسخ صحیح این پرسش است؟
تدبر در قرآن چه معنایی دارد؟",حفظ بدون فهم,ترجمه ماشینی,بی‌توجهی,اندیشیدن در مفاهیم آیات,D,تدبر به اندیشیدن و تأمل در آیات اشاره دارد. سؤال بازطراحی‌شده برای تنوع بیشتر آزمون.,ترنم همدلی,original,1405
ششم,,قرآن,قرآن,بخش 2,تدبر,,متوسط,"با دقت به پرسش زیر، گزینه درست را مشخص کنید:
تدبر در قرآن چه معنایی دارد؟",ترجمه ماشینی,بی‌توجهی,اندیشیدن در مفاهیم آیات,حفظ بدون فهم,C,تدبر به اندیشیدن و تأمل در آیات اشاره دارد. سؤال بازطراحی‌شده برای تنوع بیشتر آزمون.,ترنم همدلی,original,1405
ششم,,قرآن,قرآن,بخش 2,تدبر,,متوسط,"کدام گزینه با صورت سؤال زیر سازگار است؟
تدبر در قرآن چه معنایی دارد؟",بی‌توجهی,اندیشیدن در مفاهیم آیات,حفظ بدون فهم,ترجمه ماشینی,B,تدبر به اندیشیدن و تأمل در آیات اشاره دارد. سؤال بازطراحی‌شده برای تنوع بیشتر آزمون.,ترنم همدلی,original,1405
ششم,,قرآن,قرآن,بخش 2,تدبر,,متوسط,"پاسخ صحیح پرسش زیر کدام است؟
تدبر در قرآن چه معنایی دارد؟",اندیشیدن در مفاهیم آیات,حفظ بدون فهم,ترجمه ماشینی,بی‌توجهی,A,تدبر به اندیشیدن و تأمل در آیات اشاره دارد. سؤال بازطراحی‌شده برای تنوع بیشتر آزمون.,ترنم همدلی,original,1405
ششم,,قرآن,قرآن,بخش 2,تدبر,,متوسط,"در میان گزینه‌های زیر، پاسخ درست را پیدا کنید:
تدبر در قرآن چه معنایی دارد؟",حفظ بدون فهم,ترجمه ماشینی,بی‌توجهی,اندیشیدن در مفاهیم آیات,D,تدبر به اندیشیدن و تأمل در آیات اشاره دارد. سؤال بازطراحی‌شده برای تنوع بیشتر آزمون.,ترنم همدلی,original,1405
ششم,,قرآن,قرآن,بخش 2,تدبر,,متوسط,"کدام گزینه با محتوای سؤال زیر هماهنگ است؟
تدبر در قرآن چه معنایی دارد؟",ترجمه ماشینی,بی‌توجهی,اندیشیدن در مفاهیم آیات,حفظ بدون فهم,C,تدبر به اندیشیدن و تأمل در آیات اشاره دارد. سؤال بازطراحی‌شده برای تنوع بیشتر آزمون.,ترنم همدلی,original,1405
ششم,,قرآن,قرآن,بخش 2,تدبر,,متوسط,"با توجه به پرسش زیر، گزینه صحیح را انتخاب کنید:
تدبر در قرآن چه معنایی دارد؟",بی‌توجهی,اندیشیدن در مفاهیم آیات,حفظ بدون فهم,ترجمه ماشینی,B,تدبر به اندیشیدن و تأمل در آیات اشاره دارد. سؤال بازطراحی‌شده برای تنوع بیشتر آزمون.,ترنم همدلی,original,1405
ششم,,قرآن,قرآن,بخش 2,تدبر,,متوسط,"کدام گزینه از نظر محتوایی درست است؟
تدبر در قرآن چه معنایی دارد؟",اندیشیدن در مفاهیم آیات,حفظ بدون فهم,ترجمه ماشینی,بی‌توجهی,A,تدبر به اندیشیدن و تأمل در آیات اشاره دارد. سؤال بازطراحی‌شده برای تنوع بیشتر آزمون.,ترنم همدلی,original,1405
ششم,,قرآن,قرآن,بخش 2,تدبر,,متوسط,"گزینه درست برای پرسش زیر را مشخص کنید:
تدبر در قرآن چه معنایی دارد؟",حفظ بدون فهم,ترجمه ماشینی,بی‌توجهی,اندیشیدن در مفاهیم آیات,D,تدبر به اندیشیدن و تأمل در آیات اشاره دارد. سؤال بازطراحی‌شده برای تنوع بیشتر آزمون.,ترنم همدلی,original,1405
ششم,,قرآن,قرآن,بخش 3,اخلاق قرآنی,,متوسط,"در سؤال زیر، گزینه درست را انتخاب کنید:
کدام رفتار با آموزه‌های قرآنی سازگارتر است؟",راستگویی,دروغ,ظلم,خیانت,A,راستگویی از فضایل اخلاقی است. سؤال بازطراحی‌شده برای تنوع بیشتر آزمون.,ترنم همدلی,original,1405
ششم,,قرآن,قرآن,بخش 3,اخلاق قرآنی,,متوسط,"کدام گزینه پاسخ صحیح این پرسش است؟
کدام رفتار با آموزه‌های قرآنی سازگارتر است؟",دروغ,ظلم,خیانت,راستگویی,D,راستگویی از فضایل اخلاقی است. سؤال بازطراحی‌شده برای تنوع بیشتر آزمون.,ترنم همدلی,original,1405
ششم,,قرآن,قرآن,بخش 3,اخلاق قرآنی,,متوسط,"با دقت به پرسش زیر، گزینه درست را مشخص کنید:
کدام رفتار با آموزه‌های قرآنی سازگارتر است؟",ظلم,خیانت,راستگویی,دروغ,C,راستگویی از فضایل اخلاقی است. سؤال بازطراحی‌شده برای تنوع بیشتر آزمون.,ترنم همدلی,original,1405
ششم,,قرآن,قرآن,بخش 3,اخلاق قرآنی,,متوسط,"کدام گزینه با صورت سؤال زیر سازگار است؟
کدام رفتار با آموزه‌های قرآنی سازگارتر است؟",خیانت,راستگویی,دروغ,ظلم,B,راستگویی از فضایل اخلاقی است. سؤال بازطراحی‌شده برای تنوع بیشتر آزمون.,ترنم همدلی,original,1405
ششم,,قرآن,قرآن,بخش 3,اخلاق قرآنی,,متوسط,"پاسخ صحیح پرسش زیر کدام است؟
کدام رفتار با آموزه‌های قرآنی سازگارتر است؟",راستگویی,دروغ,ظلم,خیانت,A,راستگویی از فضایل اخلاقی است. سؤال بازطراحی‌شده برای تنوع بیشتر آزمون.,ترنم همدلی,original,1405
ششم,,قرآن,قرآن,بخش 3,اخلاق قرآنی,,متوسط,"در میان گزینه‌های زیر، پاسخ درست را پیدا کنید:
کدام رفتار با آموزه‌های قرآنی سازگارتر است؟",دروغ,ظلم,خیانت,راستگویی,D,راستگویی از فضایل اخلاقی است. سؤال بازطراحی‌شده برای تنوع بیشتر آزمون.,ترنم همدلی,original,1405
ششم,,قرآن,قرآن,بخش 3,اخلاق قرآنی,,متوسط,"کدام گزینه با محتوای سؤال زیر هماهنگ است؟
کدام رفتار با آموزه‌های قرآنی سازگارتر است؟",ظلم,خیانت,راستگویی,دروغ,C,راستگویی از فضایل اخلاقی است. سؤال بازطراحی‌شده برای تنوع بیشتر آزمون.,ترنم همدلی,original,1405
ششم,,قرآن,قرآن,بخش 3,اخلاق قرآنی,,متوسط,"با توجه به پرسش زیر، گزینه صحیح را انتخاب کنید:
کدام رفتار با آموزه‌های قرآنی سازگارتر است؟",خیانت,راستگویی,دروغ,ظلم,B,راستگویی از فضایل اخلاقی است. سؤال بازطراحی‌شده برای تنوع بیشتر آزمون.,ترنم همدلی,original,1405
ششم,,قرآن,قرآن,بخش 3,اخلاق قرآنی,,متوسط,"کدام گزینه از نظر محتوایی درست است؟
کدام رفتار با آموزه‌های قرآنی سازگارتر است؟",راستگویی,دروغ,ظلم,خیانت,A,راستگویی از فضایل اخلاقی است. سؤال بازطراحی‌شده برای تنوع بیشتر آزمون.,ترنم همدلی,original,1405
ششم,,قرآن,قرآن,بخش 3,اخلاق قرآنی,,متوسط,"گزینه درست برای پرسش زیر را مشخص کنید:
کدام رفتار با آموزه‌های قرآنی سازگارتر است؟",دروغ,ظلم,خیانت,راستگویی,D,راستگویی از فضایل اخلاقی است. سؤال بازطراحی‌شده برای تنوع بیشتر آزمون.,ترنم همدلی,original,1405
ششم,,قرآن,قرآن,بخش 4,احترام,,متوسط,"در سؤال زیر، گزینه درست را انتخاب کنید:
احترام به والدین در قرآن چه جایگاهی دارد؟",ارزشمند,بی‌اهمیت,ممنوع,اختیاری در همه شرایط,A,احترام به والدین مورد تأکید آموزه‌های دینی است. سؤال بازطراحی‌شده برای تنوع بیشتر آزمون.,ترنم همدلی,original,1405
ششم,,قرآن,قرآن,بخش 4,احترام,,متوسط,"کدام گزینه پاسخ صحیح این پرسش است؟
احترام به والدین در قرآن چه جایگاهی دارد؟",بی‌اهمیت,ممنوع,اختیاری در همه شرایط,ارزشمند,D,احترام به والدین مورد تأکید آموزه‌های دینی است. سؤال بازطراحی‌شده برای تنوع بیشتر آزمون.,ترنم همدلی,original,1405
ششم,,قرآن,قرآن,بخش 4,احترام,,متوسط,"با دقت به پرسش زیر، گزینه درست را مشخص کنید:
احترام به والدین در قرآن چه جایگاهی دارد؟",ممنوع,اختیاری در همه شرایط,ارزشمند,بی‌اهمیت,C,احترام به والدین مورد تأکید آموزه‌های دینی است. سؤال بازطراحی‌شده برای تنوع بیشتر آزمون.,ترنم همدلی,original,1405
ششم,,قرآن,قرآن,بخش 4,احترام,,متوسط,"کدام گزینه با صورت سؤال زیر سازگار است؟
احترام به والدین در قرآن چه جایگاهی دارد؟",اختیاری در همه شرایط,ارزشمند,بی‌اهمیت,ممنوع,B,احترام به والدین مورد تأکید آموزه‌های دینی است. سؤال بازطراحی‌شده برای تنوع بیشتر آزمون.,ترنم همدلی,original,1405
ششم,,قرآن,قرآن,بخش 4,احترام,,متوسط,"پاسخ صحیح پرسش زیر کدام است؟
احترام به والدین در قرآن چه جایگاهی دارد؟",ارزشمند,بی‌اهمیت,ممنوع,اختیاری در همه شرایط,A,احترام به والدین مورد تأکید آموزه‌های دینی است. سؤال بازطراحی‌شده برای تنوع بیشتر آزمون.,ترنم همدلی,original,1405
ششم,,قرآن,قرآن,بخش 4,احترام,,متوسط,"در میان گزینه‌های زیر، پاسخ درست را پیدا کنید:
احترام به والدین در قرآن چه جایگاهی دارد؟",بی‌اهمیت,ممنوع,اختیاری در همه شرایط,ارزشمند,D,احترام به والدین مورد تأکید آموزه‌های دینی است. سؤال بازطراحی‌شده برای تنوع بیشتر آزمون.,ترنم همدلی,original,1405
ششم,,قرآن,قرآن,بخش 4,احترام,,متوسط,"کدام گزینه با محتوای سؤال زیر هماهنگ است؟
احترام به والدین در قرآن چه جایگاهی دارد؟",ممنوع,اختیاری در همه شرایط,ارزشمند,بی‌اهمیت,C,احترام به والدین مورد تأکید آموزه‌های دینی است. سؤال بازطراحی‌شده برای تنوع بیشتر آزمون.,ترنم همدلی,original,1405
ششم,,قرآن,قرآن,بخش 4,احترام,,متوسط,"با توجه به پرسش زیر، گزینه صحیح را انتخاب کنید:
احترام به والدین در قرآن چه جایگاهی دارد؟",اختیاری در همه شرایط,ارزشمند,بی‌اهمیت,ممنوع,B,احترام به والدین مورد تأکید آموزه‌های دینی است. سؤال بازطراحی‌شده برای تنوع بیشتر آزمون.,ترنم همدلی,original,1405
ششم,,قرآن,قرآن,بخش 4,احترام,,متوسط,"کدام گزینه از نظر محتوایی درست است؟
احترام به والدین در قرآن چه جایگاهی دارد؟",ارزشمند,بی‌اهمیت,ممنوع,اختیاری در همه شرایط,A,احترام به والدین مورد تأکید آموزه‌های دینی است. سؤال بازطراحی‌شده برای تنوع بیشتر آزمون.,ترنم همدلی,original,1405
ششم,,قرآن,قرآن,بخش 4,احترام,,متوسط,"گزینه درست برای پرسش زیر را مشخص کنید:
احترام به والدین در قرآن چه جایگاهی دارد؟",بی‌اهمیت,ممنوع,اختیاری در همه شرایط,ارزشمند,D,احترام به والدین مورد تأکید آموزه‌های دینی است. سؤال بازطراحی‌شده برای تنوع بیشتر آزمون.,ترنم همدلی,original,1405
ششم,,قرآن,قرآن,بخش 5,شکر,,متوسط,"در سؤال زیر، گزینه درست را انتخاب کنید:
شکرگزاری یعنی چه؟",شناخت نعمت و قدردانی,نادیده گرفتن نعمت,اسراف,ناامیدی,A,شکر شامل شناخت نعمت و قدردانی است. سؤال بازطراحی‌شده برای تنوع بیشتر آزمون.,ترنم همدلی,original,1405
ششم,,قرآن,قرآن,بخش 5,شکر,,متوسط,"کدام گزینه پاسخ صحیح این پرسش است؟
شکرگزاری یعنی چه؟",نادیده گرفتن نعمت,اسراف,ناامیدی,شناخت نعمت و قدردانی,D,شکر شامل شناخت نعمت و قدردانی است. سؤال بازطراحی‌شده برای تنوع بیشتر آزمون.,ترنم همدلی,original,1405
ششم,,قرآن,قرآن,بخش 5,شکر,,متوسط,"با دقت به پرسش زیر، گزینه درست را مشخص کنید:
شکرگزاری یعنی چه؟",اسراف,ناامیدی,شناخت نعمت و قدردانی,نادیده گرفتن نعمت,C,شکر شامل شناخت نعمت و قدردانی است. سؤال بازطراحی‌شده برای تنوع بیشتر آزمون.,ترنم همدلی,original,1405
ششم,,قرآن,قرآن,بخش 5,شکر,,متوسط,"کدام گزینه با صورت سؤال زیر سازگار است؟
شکرگزاری یعنی چه؟",ناامیدی,شناخت نعمت و قدردانی,نادیده گرفتن نعمت,اسراف,B,شکر شامل شناخت نعمت و قدردانی است. سؤال بازطراحی‌شده برای تنوع بیشتر آزمون.,ترنم همدلی,original,1405
ششم,,قرآن,قرآن,بخش 5,شکر,,متوسط,"پاسخ صحیح پرسش زیر کدام است؟
شکرگزاری یعنی چه؟",شناخت نعمت و قدردانی,نادیده گرفتن نعمت,اسراف,ناامیدی,A,شکر شامل شناخت نعمت و قدردانی است. سؤال بازطراحی‌شده برای تنوع بیشتر آزمون.,ترنم همدلی,original,1405
ششم,,قرآن,قرآن,بخش 5,شکر,,متوسط,"در میان گزینه‌های زیر، پاسخ درست را پیدا کنید:
شکرگزاری یعنی چه؟",نادیده گرفتن نعمت,اسراف,ناامیدی,شناخت نعمت و قدردانی,D,شکر شامل شناخت نعمت و قدردانی است. سؤال بازطراحی‌شده برای تنوع بیشتر آزمون.,ترنم همدلی,original,1405
ششم,,قرآن,قرآن,بخش 5,شکر,,متوسط,"کدام گزینه با محتوای سؤال زیر هماهنگ است؟
شکرگزاری یعنی چه؟",اسراف,ناامیدی,شناخت نعمت و قدردانی,نادیده گرفتن نعمت,C,شکر شامل شناخت نعمت و قدردانی است. سؤال بازطراحی‌شده برای تنوع بیشتر آزمون.,ترنم همدلی,original,1405
ششم,,قرآن,قرآن,بخش 5,شکر,,متوسط,"با توجه به پرسش زیر، گزینه صحیح را انتخاب کنید:
شکرگزاری یعنی چه؟",ناامیدی,شناخت نعمت و قدردانی,نادیده گرفتن نعمت,اسراف,B,شکر شامل شناخت نعمت و قدردانی است. سؤال بازطراحی‌شده برای تنوع بیشتر آزمون.,ترنم همدلی,original,1405
ششم,,قرآن,قرآن,بخش 5,شکر,,متوسط,"کدام گزینه از نظر محتوایی درست است؟
شکرگزاری یعنی چه؟",شناخت نعمت و قدردانی,نادیده گرفتن نعمت,اسراف,ناامیدی,A,شکر شامل شناخت نعمت و قدردانی است. سؤال بازطراحی‌شده برای تنوع بیشتر آزمون.,ترنم همدلی,original,1405
ششم,,قرآن,قرآن,بخش 5,شکر,,متوسط,"گزینه درست برای پرسش زیر را مشخص کنید:
شکرگزاری یعنی چه؟",نادیده گرفتن نعمت,اسراف,ناامیدی,شناخت نعمت و قدردانی,D,شکر شامل شناخت نعمت و قدردانی است. سؤال بازطراحی‌شده برای تنوع بیشتر آزمون.,ترنم همدلی,original,1405
ششم,,قرآن,قرآن,بخش 6,عمل صالح,,متوسط,"در سؤال زیر، گزینه درست را انتخاب کنید:
عمل صالح چیست؟",کار شایسته,کار زیان‌آور,دروغ,ظلم,A,عمل صالح یعنی رفتار شایسته و نیک. سؤال بازطراحی‌شده برای تنوع بیشتر آزمون.,ترنم همدلی,original,1405
ششم,,قرآن,قرآن,بخش 6,عمل صالح,,متوسط,"کدام گزینه پاسخ صحیح این پرسش است؟
عمل صالح چیست؟",کار زیان‌آور,دروغ,ظلم,کار شایسته,D,عمل صالح یعنی رفتار شایسته و نیک. سؤال بازطراحی‌شده برای تنوع بیشتر آزمون.,ترنم همدلی,original,1405
ششم,,قرآن,قرآن,بخش 6,عمل صالح,,متوسط,"با دقت به پرسش زیر، گزینه درست را مشخص کنید:
عمل صالح چیست؟",دروغ,ظلم,کار شایسته,کار زیان‌آور,C,عمل صالح یعنی رفتار شایسته و نیک. سؤال بازطراحی‌شده برای تنوع بیشتر آزمون.,ترنم همدلی,original,1405
ششم,,قرآن,قرآن,بخش 6,عمل صالح,,متوسط,"کدام گزینه با صورت سؤال زیر سازگار است؟
عمل صالح چیست؟",ظلم,کار شایسته,کار زیان‌آور,دروغ,B,عمل صالح یعنی رفتار شایسته و نیک. سؤال بازطراحی‌شده برای تنوع بیشتر آزمون.,ترنم همدلی,original,1405
ششم,,قرآن,قرآن,بخش 6,عمل صالح,,متوسط,"پاسخ صحیح پرسش زیر کدام است؟
عمل صالح چیست؟",کار شایسته,کار زیان‌آور,دروغ,ظلم,A,عمل صالح یعنی رفتار شایسته و نیک. سؤال بازطراحی‌شده برای تنوع بیشتر آزمون.,ترنم همدلی,original,1405
ششم,,قرآن,قرآن,بخش 6,عمل صالح,,متوسط,"در میان گزینه‌های زیر، پاسخ درست را پیدا کنید:
عمل صالح چیست؟",کار زیان‌آور,دروغ,ظلم,کار شایسته,D,عمل صالح یعنی رفتار شایسته و نیک. سؤال بازطراحی‌شده برای تنوع بیشتر آزمون.,ترنم همدلی,original,1405
ششم,,قرآن,قرآن,بخش 6,عمل صالح,,متوسط,"کدام گزینه با محتوای سؤال زیر هماهنگ است؟
عمل صالح چیست؟",دروغ,ظلم,کار شایسته,کار زیان‌آور,C,عمل صالح یعنی رفتار شایسته و نیک. سؤال بازطراحی‌شده برای تنوع بیشتر آزمون.,ترنم همدلی,original,1405
ششم,,قرآن,قرآن,بخش 6,عمل صالح,,متوسط,"با توجه به پرسش زیر، گزینه صحیح را انتخاب کنید:
عمل صالح چیست؟",ظلم,کار شایسته,کار زیان‌آور,دروغ,B,عمل صالح یعنی رفتار شایسته و نیک. سؤال بازطراحی‌شده برای تنوع بیشتر آزمون.,ترنم همدلی,original,1405
ششم,,قرآن,قرآن,بخش 6,عمل صالح,,متوسط,"کدام گزینه از نظر محتوایی درست است؟
عمل صالح چیست؟",کار شایسته,کار زیان‌آور,دروغ,ظلم,A,عمل صالح یعنی رفتار شایسته و نیک. سؤال بازطراحی‌شده برای تنوع بیشتر آزمون.,ترنم همدلی,original,1405
ششم,,قرآن,قرآن,بخش 6,عمل صالح,,متوسط,"گزینه درست برای پرسش زیر را مشخص کنید:
عمل صالح چیست؟",کار زیان‌آور,دروغ,ظلم,کار شایسته,D,عمل صالح یعنی رفتار شایسته و نیک. سؤال بازطراحی‌شده برای تنوع بیشتر آزمون.,ترنم همدلی,original,1405
