grade,track,subject,book,chapter,topic,subtopic,difficulty,question,option_a,option_b,option_c,option_d,correct_option,explanation,source,source_type,source_year
چهارم,,آموزش قرآن,آموزش قرآن,ارزیابی پایه,مفاهیم پایه,تکمیل بانک,متوسط,درس آموزش قرآن بیشتر بر کدام حوزه تمرکز دارد؟,خواندن، فهم و تدبر در آیات قرآن,حفظ اطلاعات نامرتبط,موضوعات خارج از برنامه,فقط فعالیت ورزشی,A,پاسخ درست بر اساس مفهوم کلی درس آموزش قرآن: خواندن، فهم و تدبر در آیات قرآن,ترنم همدلی,original,1405
چهارم,,آموزش قرآن,آموزش قرآن,ارزیابی پایه,مفاهیم پایه,تکمیل بانک,متوسط,کدام گزینه نمونه‌ای از یادگیری در درس آموزش قرآن است؟,خواندن، فهم و تدبر در آیات قرآن,انجام کاری بی‌ارتباط با درس,نادیده گرفتن تمرین,حذف مرور,A,پاسخ درست بر اساس مفهوم کلی درس آموزش قرآن: خواندن، فهم و تدبر در آیات قرآن,ترنم همدلی,original,1405
چهارم,,آموزش قرآن,آموزش قرآن,ارزیابی پایه,مفاهیم پایه,تکمیل بانک,متوسط,برای پیشرفت در درس آموزش قرآن کدام روش مناسب‌تر است؟,مطالعه مفاهیم و تمرین متناسب با درس,حفظ پاسخ بدون فهم,حذف تمرین,مطالعه بدون مرور,A,پاسخ درست بر اساس مفهوم کلی درس آموزش قرآن: مطالعه مفاهیم و تمرین متناسب با درس,ترنم همدلی,original,1405
چهارم,,آموزش قرآن,آموزش قرآن,ارزیابی پایه,مفاهیم پایه,تکمیل بانک,متوسط,در ارزیابی درس آموزش قرآن کدام مورد اهمیت بیشتری دارد؟,توانایی به‌کارگیری آموخته‌های مرتبط با درس,سرعت پاسخ بدون دقت,حدس زدن همه پاسخ‌ها,حذف سؤال‌های دشوار,A,پاسخ درست بر اساس مفهوم کلی درس آموزش قرآن: توانایی به‌کارگیری آموخته‌های مرتبط با درس,ترنم همدلی,original,1405
چهارم,,آموزش قرآن,آموزش قرآن,ارزیابی پایه,مفاهیم پایه,تکمیل بانک,متوسط,اگر دانش‌آموز در آموزش قرآن اشتباه کند، بهترین اقدام چیست؟,تحلیل خطا و تمرین هدفمند,نادیده گرفتن خطا,حذف درس,تغییر پاسخ بدون بررسی,A,پاسخ درست بر اساس مفهوم کلی درس آموزش قرآن: تحلیل خطا و تمرین هدفمند,ترنم همدلی,original,1405
چهارم,,آموزش قرآن,آموزش قرآن,ارزیابی پایه,مفاهیم پایه,تکمیل بانک,متوسط,کدام گزینه به مطالعه مؤثر آموزش قرآن نزدیک‌تر است؟,ترکیب فهم، تمرین و مرور,فقط خواندن سریع,فقط حفظ کردن گزینه‌ها,مطالعه بدون هدف,A,پاسخ درست بر اساس مفهوم کلی درس آموزش قرآن: ترکیب فهم، تمرین و مرور,ترنم همدلی,original,1405
چهارم,,آموزش قرآن,آموزش قرآن,ارزیابی پایه,مفاهیم پایه,تکمیل بانک,متوسط,هدف یک آزمون آموزشی از درس آموزش قرآن چیست؟,شناسایی میزان یادگیری و نقاط نیازمند تقویت,صرفاً رتبه‌بندی دانش‌آموزان,حذف مباحث,افزایش تعداد سؤال بدون تحلیل,A,پاسخ درست بر اساس مفهوم کلی درس آموزش قرآن: شناسایی میزان یادگیری و نقاط نیازمند تقویت,ترنم همدلی,original,1405
چهارم,,آموزش قرآن,آموزش قرآن,ارزیابی پایه,مفاهیم پایه,تکمیل بانک,متوسط,برای تشخیص ضعف در آموزش قرآن چه چیزی مفیدتر است؟,بررسی پاسخ‌ها و نوع خطاها,تعداد پیام‌های روزانه,حدس زدن علت ضعف,نادیده گرفتن نتیجه,A,پاسخ درست بر اساس مفهوم کلی درس آموزش قرآن: بررسی پاسخ‌ها و نوع خطاها,ترنم همدلی,original,1405
چهارم,,آموزش قرآن,آموزش قرآن,ارزیابی پایه,مفاهیم پایه,تکمیل بانک,متوسط,کدام رفتار به یادگیری بهتر آموزش قرآن کمک می‌کند؟,تمرین منظم و رفع اشکال,مطالعه پراکنده بدون تمرین,حذف مرور,تکیه بر حدس,A,پاسخ درست بر اساس مفهوم کلی درس آموزش قرآن: تمرین منظم و رفع اشکال,ترنم همدلی,original,1405
چهارم,,آموزش قرآن,آموزش قرآن,ارزیابی پایه,مفاهیم پایه,تکمیل بانک,متوسط,در مطالعه آموزش قرآن چرا مرور مهم است؟,برای تثبیت و بازیابی بهتر آموخته‌ها,برای حذف مطالب,برای افزایش زمان مطالعه بدون هدف,برای جلوگیری از تمرین,A,پاسخ درست بر اساس مفهوم کلی درس آموزش قرآن: برای تثبیت و بازیابی بهتر آموخته‌ها,ترنم همدلی,original,1405
چهارم,,هدیه‌های آسمان,هدیه‌های آسمان,ارزیابی پایه,مفاهیم پایه,تکمیل بانک,متوسط,درس هدیه‌های آسمان بیشتر بر کدام حوزه تمرکز دارد؟,مفاهیم دینی و اخلاقی متناسب با دوره ابتدایی,حفظ اطلاعات نامرتبط,موضوعات خارج از برنامه,فقط فعالیت ورزشی,A,پاسخ درست بر اساس مفهوم کلی درس هدیه‌های آسمان: مفاهیم دینی و اخلاقی متناسب با دوره ابتدایی,ترنم همدلی,original,1405
چهارم,,هدیه‌های آسمان,هدیه‌های آسمان,ارزیابی پایه,مفاهیم پایه,تکمیل بانک,متوسط,کدام گزینه نمونه‌ای از یادگیری در درس هدیه‌های آسمان است؟,مفاهیم دینی و اخلاقی متناسب با دوره ابتدایی,انجام کاری بی‌ارتباط با درس,نادیده گرفتن تمرین,حذف مرور,A,پاسخ درست بر اساس مفهوم کلی درس هدیه‌های آسمان: مفاهیم دینی و اخلاقی متناسب با دوره ابتدایی,ترنم همدلی,original,1405
چهارم,,هدیه‌های آسمان,هدیه‌های آسمان,ارزیابی پایه,مفاهیم پایه,تکمیل بانک,متوسط,برای پیشرفت در درس هدیه‌های آسمان کدام روش مناسب‌تر است؟,مطالعه مفاهیم و تمرین متناسب با درس,حفظ پاسخ بدون فهم,حذف تمرین,مطالعه بدون مرور,A,پاسخ درست بر اساس مفهوم کلی درس هدیه‌های آسمان: مطالعه مفاهیم و تمرین متناسب با درس,ترنم همدلی,original,1405
چهارم,,هدیه‌های آسمان,هدیه‌های آسمان,ارزیابی پایه,مفاهیم پایه,تکمیل بانک,متوسط,در ارزیابی درس هدیه‌های آسمان کدام مورد اهمیت بیشتری دارد؟,توانایی به‌کارگیری آموخته‌های مرتبط با درس,سرعت پاسخ بدون دقت,حدس زدن همه پاسخ‌ها,حذف سؤال‌های دشوار,A,پاسخ درست بر اساس مفهوم کلی درس هدیه‌های آسمان: توانایی به‌کارگیری آموخته‌های مرتبط با درس,ترنم همدلی,original,1405
چهارم,,هدیه‌های آسمان,هدیه‌های آسمان,ارزیابی پایه,مفاهیم پایه,تکمیل بانک,متوسط,اگر دانش‌آموز در هدیه‌های آسمان اشتباه کند، بهترین اقدام چیست؟,تحلیل خطا و تمرین هدفمند,نادیده گرفتن خطا,حذف درس,تغییر پاسخ بدون بررسی,A,پاسخ درست بر اساس مفهوم کلی درس هدیه‌های آسمان: تحلیل خطا و تمرین هدفمند,ترنم همدلی,original,1405
چهارم,,هدیه‌های آسمان,هدیه‌های آسمان,ارزیابی پایه,مفاهیم پایه,تکمیل بانک,متوسط,کدام گزینه به مطالعه مؤثر هدیه‌های آسمان نزدیک‌تر است؟,ترکیب فهم، تمرین و مرور,فقط خواندن سریع,فقط حفظ کردن گزینه‌ها,مطالعه بدون هدف,A,پاسخ درست بر اساس مفهوم کلی درس هدیه‌های آسمان: ترکیب فهم، تمرین و مرور,ترنم همدلی,original,1405
چهارم,,هدیه‌های آسمان,هدیه‌های آسمان,ارزیابی پایه,مفاهیم پایه,تکمیل بانک,متوسط,هدف یک آزمون آموزشی از درس هدیه‌های آسمان چیست؟,شناسایی میزان یادگیری و نقاط نیازمند تقویت,صرفاً رتبه‌بندی دانش‌آموزان,حذف مباحث,افزایش تعداد سؤال بدون تحلیل,A,پاسخ درست بر اساس مفهوم کلی درس هدیه‌های آسمان: شناسایی میزان یادگیری و نقاط نیازمند تقویت,ترنم همدلی,original,1405
چهارم,,هدیه‌های آسمان,هدیه‌های آسمان,ارزیابی پایه,مفاهیم پایه,تکمیل بانک,متوسط,برای تشخیص ضعف در هدیه‌های آسمان چه چیزی مفیدتر است؟,بررسی پاسخ‌ها و نوع خطاها,تعداد پیام‌های روزانه,حدس زدن علت ضعف,نادیده گرفتن نتیجه,A,پاسخ درست بر اساس مفهوم کلی درس هدیه‌های آسمان: بررسی پاسخ‌ها و نوع خطاها,ترنم همدلی,original,1405
چهارم,,هدیه‌های آسمان,هدیه‌های آسمان,ارزیابی پایه,مفاهیم پایه,تکمیل بانک,متوسط,کدام رفتار به یادگیری بهتر هدیه‌های آسمان کمک می‌کند؟,تمرین منظم و رفع اشکال,مطالعه پراکنده بدون تمرین,حذف مرور,تکیه بر حدس,A,پاسخ درست بر اساس مفهوم کلی درس هدیه‌های آسمان: تمرین منظم و رفع اشکال,ترنم همدلی,original,1405
چهارم,,هدیه‌های آسمان,هدیه‌های آسمان,ارزیابی پایه,مفاهیم پایه,تکمیل بانک,متوسط,در مطالعه هدیه‌های آسمان چرا مرور مهم است؟,برای تثبیت و بازیابی بهتر آموخته‌ها,برای حذف مطالب,برای افزایش زمان مطالعه بدون هدف,برای جلوگیری از تمرین,A,پاسخ درست بر اساس مفهوم کلی درس هدیه‌های آسمان: برای تثبیت و بازیابی بهتر آموخته‌ها,ترنم همدلی,original,1405
چهارم,,فارسی,فارسی,بخش 1,واژگان,تکمیل بانک,متوسط,درس فارسی بیشتر بر کدام حوزه تمرکز دارد؟,خواندن، واژگان، دستور، ادبیات و درک متن,حفظ اطلاعات نامرتبط,موضوعات خارج از برنامه,فقط فعالیت ورزشی,A,پاسخ درست بر اساس مفهوم کلی درس فارسی: خواندن، واژگان، دستور، ادبیات و درک متن,ترنم همدلی,original,1405
چهارم,,فارسی,فارسی,بخش 1,واژگان,تکمیل بانک,متوسط,کدام گزینه نمونه‌ای از یادگیری در درس فارسی است؟,خواندن، واژگان، دستور، ادبیات و درک متن,انجام کاری بی‌ارتباط با درس,نادیده گرفتن تمرین,حذف مرور,A,پاسخ درست بر اساس مفهوم کلی درس فارسی: خواندن، واژگان، دستور، ادبیات و درک متن,ترنم همدلی,original,1405
چهارم,,فارسی,فارسی,بخش 1,واژگان,تکمیل بانک,متوسط,برای پیشرفت در درس فارسی کدام روش مناسب‌تر است؟,مطالعه مفاهیم و تمرین متناسب با درس,حفظ پاسخ بدون فهم,حذف تمرین,مطالعه بدون مرور,A,پاسخ درست بر اساس مفهوم کلی درس فارسی: مطالعه مفاهیم و تمرین متناسب با درس,ترنم همدلی,original,1405
چهارم,,فارسی,فارسی,بخش 1,واژگان,تکمیل بانک,متوسط,در ارزیابی درس فارسی کدام مورد اهمیت بیشتری دارد؟,توانایی به‌کارگیری آموخته‌های مرتبط با درس,سرعت پاسخ بدون دقت,حدس زدن همه پاسخ‌ها,حذف سؤال‌های دشوار,A,پاسخ درست بر اساس مفهوم کلی درس فارسی: توانایی به‌کارگیری آموخته‌های مرتبط با درس,ترنم همدلی,original,1405
چهارم,,نگارش,نگارش,ارزیابی پایه,مفاهیم پایه,تکمیل بانک,متوسط,درس نگارش بیشتر بر کدام حوزه تمرکز دارد؟,مهارت نوشتن، سازمان‌دهی و ویرایش متن,حفظ اطلاعات نامرتبط,موضوعات خارج از برنامه,فقط فعالیت ورزشی,A,پاسخ درست بر اساس مفهوم کلی درس نگارش: مهارت نوشتن، سازمان‌دهی و ویرایش متن,ترنم همدلی,original,1405
چهارم,,نگارش,نگارش,ارزیابی پایه,مفاهیم پایه,تکمیل بانک,متوسط,کدام گزینه نمونه‌ای از یادگیری در درس نگارش است؟,مهارت نوشتن، سازمان‌دهی و ویرایش متن,انجام کاری بی‌ارتباط با درس,نادیده گرفتن تمرین,حذف مرور,A,پاسخ درست بر اساس مفهوم کلی درس نگارش: مهارت نوشتن، سازمان‌دهی و ویرایش متن,ترنم همدلی,original,1405
چهارم,,نگارش,نگارش,ارزیابی پایه,مفاهیم پایه,تکمیل بانک,متوسط,برای پیشرفت در درس نگارش کدام روش مناسب‌تر است؟,مطالعه مفاهیم و تمرین متناسب با درس,حفظ پاسخ بدون فهم,حذف تمرین,مطالعه بدون مرور,A,پاسخ درست بر اساس مفهوم کلی درس نگارش: مطالعه مفاهیم و تمرین متناسب با درس,ترنم همدلی,original,1405
چهارم,,نگارش,نگارش,ارزیابی پایه,مفاهیم پایه,تکمیل بانک,متوسط,در ارزیابی درس نگارش کدام مورد اهمیت بیشتری دارد؟,توانایی به‌کارگیری آموخته‌های مرتبط با درس,سرعت پاسخ بدون دقت,حدس زدن همه پاسخ‌ها,حذف سؤال‌های دشوار,A,پاسخ درست بر اساس مفهوم کلی درس نگارش: توانایی به‌کارگیری آموخته‌های مرتبط با درس,ترنم همدلی,original,1405
چهارم,,نگارش,نگارش,ارزیابی پایه,مفاهیم پایه,تکمیل بانک,متوسط,اگر دانش‌آموز در نگارش اشتباه کند، بهترین اقدام چیست؟,تحلیل خطا و تمرین هدفمند,نادیده گرفتن خطا,حذف درس,تغییر پاسخ بدون بررسی,A,پاسخ درست بر اساس مفهوم کلی درس نگارش: تحلیل خطا و تمرین هدفمند,ترنم همدلی,original,1405
چهارم,,نگارش,نگارش,ارزیابی پایه,مفاهیم پایه,تکمیل بانک,متوسط,کدام گزینه به مطالعه مؤثر نگارش نزدیک‌تر است؟,ترکیب فهم، تمرین و مرور,فقط خواندن سریع,فقط حفظ کردن گزینه‌ها,مطالعه بدون هدف,A,پاسخ درست بر اساس مفهوم کلی درس نگارش: ترکیب فهم، تمرین و مرور,ترنم همدلی,original,1405
چهارم,,نگارش,نگارش,ارزیابی پایه,مفاهیم پایه,تکمیل بانک,متوسط,هدف یک آزمون آموزشی از درس نگارش چیست؟,شناسایی میزان یادگیری و نقاط نیازمند تقویت,صرفاً رتبه‌بندی دانش‌آموزان,حذف مباحث,افزایش تعداد سؤال بدون تحلیل,A,پاسخ درست بر اساس مفهوم کلی درس نگارش: شناسایی میزان یادگیری و نقاط نیازمند تقویت,ترنم همدلی,original,1405
چهارم,,نگارش,نگارش,ارزیابی پایه,مفاهیم پایه,تکمیل بانک,متوسط,برای تشخیص ضعف در نگارش چه چیزی مفیدتر است؟,بررسی پاسخ‌ها و نوع خطاها,تعداد پیام‌های روزانه,حدس زدن علت ضعف,نادیده گرفتن نتیجه,A,پاسخ درست بر اساس مفهوم کلی درس نگارش: بررسی پاسخ‌ها و نوع خطاها,ترنم همدلی,original,1405
چهارم,,نگارش,نگارش,ارزیابی پایه,مفاهیم پایه,تکمیل بانک,متوسط,کدام رفتار به یادگیری بهتر نگارش کمک می‌کند؟,تمرین منظم و رفع اشکال,مطالعه پراکنده بدون تمرین,حذف مرور,تکیه بر حدس,A,پاسخ درست بر اساس مفهوم کلی درس نگارش: تمرین منظم و رفع اشکال,ترنم همدلی,original,1405
چهارم,,نگارش,نگارش,ارزیابی پایه,مفاهیم پایه,تکمیل بانک,متوسط,در مطالعه نگارش چرا مرور مهم است؟,برای تثبیت و بازیابی بهتر آموخته‌ها,برای حذف مطالب,برای افزایش زمان مطالعه بدون هدف,برای جلوگیری از تمرین,A,پاسخ درست بر اساس مفهوم کلی درس نگارش: برای تثبیت و بازیابی بهتر آموخته‌ها,ترنم همدلی,original,1405
چهارم,,ریاضی,ریاضی,بخش 1,عددهای صحیح و گویا,تکمیل بانک,متوسط,درس ریاضی بیشتر بر کدام حوزه تمرکز دارد؟,حل مسئله و استدلال ریاضی,حفظ اطلاعات نامرتبط,موضوعات خارج از برنامه,فقط فعالیت ورزشی,A,پاسخ درست بر اساس مفهوم کلی درس ریاضی: حل مسئله و استدلال ریاضی,ترنم همدلی,original,1405
چهارم,,ریاضی,ریاضی,بخش 1,عددهای صحیح و گویا,تکمیل بانک,متوسط,کدام گزینه نمونه‌ای از یادگیری در درس ریاضی است؟,حل مسئله و استدلال ریاضی,انجام کاری بی‌ارتباط با درس,نادیده گرفتن تمرین,حذف مرور,A,پاسخ درست بر اساس مفهوم کلی درس ریاضی: حل مسئله و استدلال ریاضی,ترنم همدلی,original,1405
چهارم,,ریاضی,ریاضی,بخش 1,عددهای صحیح و گویا,تکمیل بانک,متوسط,برای پیشرفت در درس ریاضی کدام روش مناسب‌تر است؟,مطالعه مفاهیم و تمرین متناسب با درس,حفظ پاسخ بدون فهم,حذف تمرین,مطالعه بدون مرور,A,پاسخ درست بر اساس مفهوم کلی درس ریاضی: مطالعه مفاهیم و تمرین متناسب با درس,ترنم همدلی,original,1405
چهارم,,ریاضی,ریاضی,بخش 1,عددهای صحیح و گویا,تکمیل بانک,متوسط,در ارزیابی درس ریاضی کدام مورد اهمیت بیشتری دارد؟,توانایی به‌کارگیری آموخته‌های مرتبط با درس,سرعت پاسخ بدون دقت,حدس زدن همه پاسخ‌ها,حذف سؤال‌های دشوار,A,پاسخ درست بر اساس مفهوم کلی درس ریاضی: توانایی به‌کارگیری آموخته‌های مرتبط با درس,ترنم همدلی,original,1405
چهارم,,علوم تجربی,علوم تجربی,ارزیابی پایه,مفاهیم پایه,تکمیل بانک,متوسط,درس علوم تجربی بیشتر بر کدام حوزه تمرکز دارد؟,شناخت پدیده‌های طبیعی و روش علمی,حفظ اطلاعات نامرتبط,موضوعات خارج از برنامه,فقط فعالیت ورزشی,A,پاسخ درست بر اساس مفهوم کلی درس علوم تجربی: شناخت پدیده‌های طبیعی و روش علمی,ترنم همدلی,original,1405
چهارم,,علوم تجربی,علوم تجربی,ارزیابی پایه,مفاهیم پایه,تکمیل بانک,متوسط,کدام گزینه نمونه‌ای از یادگیری در درس علوم تجربی است؟,شناخت پدیده‌های طبیعی و روش علمی,انجام کاری بی‌ارتباط با درس,نادیده گرفتن تمرین,حذف مرور,A,پاسخ درست بر اساس مفهوم کلی درس علوم تجربی: شناخت پدیده‌های طبیعی و روش علمی,ترنم همدلی,original,1405
چهارم,,علوم تجربی,علوم تجربی,ارزیابی پایه,مفاهیم پایه,تکمیل بانک,متوسط,برای پیشرفت در درس علوم تجربی کدام روش مناسب‌تر است؟,مطالعه مفاهیم و تمرین متناسب با درس,حفظ پاسخ بدون فهم,حذف تمرین,مطالعه بدون مرور,A,پاسخ درست بر اساس مفهوم کلی درس علوم تجربی: مطالعه مفاهیم و تمرین متناسب با درس,ترنم همدلی,original,1405
چهارم,,علوم تجربی,علوم تجربی,ارزیابی پایه,مفاهیم پایه,تکمیل بانک,متوسط,در ارزیابی درس علوم تجربی کدام مورد اهمیت بیشتری دارد؟,توانایی به‌کارگیری آموخته‌های مرتبط با درس,سرعت پاسخ بدون دقت,حدس زدن همه پاسخ‌ها,حذف سؤال‌های دشوار,A,پاسخ درست بر اساس مفهوم کلی درس علوم تجربی: توانایی به‌کارگیری آموخته‌های مرتبط با درس,ترنم همدلی,original,1405
چهارم,,علوم تجربی,علوم تجربی,ارزیابی پایه,مفاهیم پایه,تکمیل بانک,متوسط,اگر دانش‌آموز در علوم تجربی اشتباه کند، بهترین اقدام چیست؟,تحلیل خطا و تمرین هدفمند,نادیده گرفتن خطا,حذف درس,تغییر پاسخ بدون بررسی,A,پاسخ درست بر اساس مفهوم کلی درس علوم تجربی: تحلیل خطا و تمرین هدفمند,ترنم همدلی,original,1405
چهارم,,علوم تجربی,علوم تجربی,ارزیابی پایه,مفاهیم پایه,تکمیل بانک,متوسط,کدام گزینه به مطالعه مؤثر علوم تجربی نزدیک‌تر است؟,ترکیب فهم، تمرین و مرور,فقط خواندن سریع,فقط حفظ کردن گزینه‌ها,مطالعه بدون هدف,A,پاسخ درست بر اساس مفهوم کلی درس علوم تجربی: ترکیب فهم، تمرین و مرور,ترنم همدلی,original,1405
چهارم,,علوم تجربی,علوم تجربی,ارزیابی پایه,مفاهیم پایه,تکمیل بانک,متوسط,هدف یک آزمون آموزشی از درس علوم تجربی چیست؟,شناسایی میزان یادگیری و نقاط نیازمند تقویت,صرفاً رتبه‌بندی دانش‌آموزان,حذف مباحث,افزایش تعداد سؤال بدون تحلیل,A,پاسخ درست بر اساس مفهوم کلی درس علوم تجربی: شناسایی میزان یادگیری و نقاط نیازمند تقویت,ترنم همدلی,original,1405
چهارم,,علوم تجربی,علوم تجربی,ارزیابی پایه,مفاهیم پایه,تکمیل بانک,متوسط,برای تشخیص ضعف در علوم تجربی چه چیزی مفیدتر است؟,بررسی پاسخ‌ها و نوع خطاها,تعداد پیام‌های روزانه,حدس زدن علت ضعف,نادیده گرفتن نتیجه,A,پاسخ درست بر اساس مفهوم کلی درس علوم تجربی: بررسی پاسخ‌ها و نوع خطاها,ترنم همدلی,original,1405
چهارم,,علوم تجربی,علوم تجربی,ارزیابی پایه,مفاهیم پایه,تکمیل بانک,متوسط,کدام رفتار به یادگیری بهتر علوم تجربی کمک می‌کند؟,تمرین منظم و رفع اشکال,مطالعه پراکنده بدون تمرین,حذف مرور,تکیه بر حدس,A,پاسخ درست بر اساس مفهوم کلی درس علوم تجربی: تمرین منظم و رفع اشکال,ترنم همدلی,original,1405
چهارم,,علوم تجربی,علوم تجربی,ارزیابی پایه,مفاهیم پایه,تکمیل بانک,متوسط,در مطالعه علوم تجربی چرا مرور مهم است؟,برای تثبیت و بازیابی بهتر آموخته‌ها,برای حذف مطالب,برای افزایش زمان مطالعه بدون هدف,برای جلوگیری از تمرین,A,پاسخ درست بر اساس مفهوم کلی درس علوم تجربی: برای تثبیت و بازیابی بهتر آموخته‌ها,ترنم همدلی,original,1405
چهارم,,مطالعات اجتماعی,مطالعات اجتماعی,بخش 1,جغرافیا,تکمیل بانک,متوسط,درس مطالعات اجتماعی بیشتر بر کدام حوزه تمرکز دارد؟,جامعه، تاریخ، جغرافیا و زندگی اجتماعی,حفظ اطلاعات نامرتبط,موضوعات خارج از برنامه,فقط فعالیت ورزشی,A,پاسخ درست بر اساس مفهوم کلی درس مطالعات اجتماعی: جامعه، تاریخ، جغرافیا و زندگی اجتماعی,ترنم همدلی,original,1405
چهارم,,مطالعات اجتماعی,مطالعات اجتماعی,بخش 1,جغرافیا,تکمیل بانک,متوسط,کدام گزینه نمونه‌ای از یادگیری در درس مطالعات اجتماعی است؟,جامعه، تاریخ، جغرافیا و زندگی اجتماعی,انجام کاری بی‌ارتباط با درس,نادیده گرفتن تمرین,حذف مرور,A,پاسخ درست بر اساس مفهوم کلی درس مطالعات اجتماعی: جامعه، تاریخ، جغرافیا و زندگی اجتماعی,ترنم همدلی,original,1405
چهارم,,مطالعات اجتماعی,مطالعات اجتماعی,بخش 1,جغرافیا,تکمیل بانک,متوسط,برای پیشرفت در درس مطالعات اجتماعی کدام روش مناسب‌تر است؟,مطالعه مفاهیم و تمرین متناسب با درس,حفظ پاسخ بدون فهم,حذف تمرین,مطالعه بدون مرور,A,پاسخ درست بر اساس مفهوم کلی درس مطالعات اجتماعی: مطالعه مفاهیم و تمرین متناسب با درس,ترنم همدلی,original,1405
چهارم,,مطالعات اجتماعی,مطالعات اجتماعی,بخش 1,جغرافیا,تکمیل بانک,متوسط,در ارزیابی درس مطالعات اجتماعی کدام مورد اهمیت بیشتری دارد؟,توانایی به‌کارگیری آموخته‌های مرتبط با درس,سرعت پاسخ بدون دقت,حدس زدن همه پاسخ‌ها,حذف سؤال‌های دشوار,A,پاسخ درست بر اساس مفهوم کلی درس مطالعات اجتماعی: توانایی به‌کارگیری آموخته‌های مرتبط با درس,ترنم همدلی,original,1405
پنجم,,آموزش قرآن,آموزش قرآن,ارزیابی پایه,مفاهیم پایه,تکمیل بانک,متوسط,درس آموزش قرآن بیشتر بر کدام حوزه تمرکز دارد؟,خواندن، فهم و تدبر در آیات قرآن,حفظ اطلاعات نامرتبط,موضوعات خارج از برنامه,فقط فعالیت ورزشی,A,پاسخ درست بر اساس مفهوم کلی درس آموزش قرآن: خواندن، فهم و تدبر در آیات قرآن,ترنم همدلی,original,1405
پنجم,,آموزش قرآن,آموزش قرآن,ارزیابی پایه,مفاهیم پایه,تکمیل بانک,متوسط,کدام گزینه نمونه‌ای از یادگیری در درس آموزش قرآن است؟,خواندن، فهم و تدبر در آیات قرآن,انجام کاری بی‌ارتباط با درس,نادیده گرفتن تمرین,حذف مرور,A,پاسخ درست بر اساس مفهوم کلی درس آموزش قرآن: خواندن، فهم و تدبر در آیات قرآن,ترنم همدلی,original,1405
پنجم,,آموزش قرآن,آموزش قرآن,ارزیابی پایه,مفاهیم پایه,تکمیل بانک,متوسط,برای پیشرفت در درس آموزش قرآن کدام روش مناسب‌تر است؟,مطالعه مفاهیم و تمرین متناسب با درس,حفظ پاسخ بدون فهم,حذف تمرین,مطالعه بدون مرور,A,پاسخ درست بر اساس مفهوم کلی درس آموزش قرآن: مطالعه مفاهیم و تمرین متناسب با درس,ترنم همدلی,original,1405
پنجم,,آموزش قرآن,آموزش قرآن,ارزیابی پایه,مفاهیم پایه,تکمیل بانک,متوسط,در ارزیابی درس آموزش قرآن کدام مورد اهمیت بیشتری دارد؟,توانایی به‌کارگیری آموخته‌های مرتبط با درس,سرعت پاسخ بدون دقت,حدس زدن همه پاسخ‌ها,حذف سؤال‌های دشوار,A,پاسخ درست بر اساس مفهوم کلی درس آموزش قرآن: توانایی به‌کارگیری آموخته‌های مرتبط با درس,ترنم همدلی,original,1405
پنجم,,آموزش قرآن,آموزش قرآن,ارزیابی پایه,مفاهیم پایه,تکمیل بانک,متوسط,اگر دانش‌آموز در آموزش قرآن اشتباه کند، بهترین اقدام چیست؟,تحلیل خطا و تمرین هدفمند,نادیده گرفتن خطا,حذف درس,تغییر پاسخ بدون بررسی,A,پاسخ درست بر اساس مفهوم کلی درس آموزش قرآن: تحلیل خطا و تمرین هدفمند,ترنم همدلی,original,1405
پنجم,,آموزش قرآن,آموزش قرآن,ارزیابی پایه,مفاهیم پایه,تکمیل بانک,متوسط,کدام گزینه به مطالعه مؤثر آموزش قرآن نزدیک‌تر است؟,ترکیب فهم، تمرین و مرور,فقط خواندن سریع,فقط حفظ کردن گزینه‌ها,مطالعه بدون هدف,A,پاسخ درست بر اساس مفهوم کلی درس آموزش قرآن: ترکیب فهم، تمرین و مرور,ترنم همدلی,original,1405
پنجم,,آموزش قرآن,آموزش قرآن,ارزیابی پایه,مفاهیم پایه,تکمیل بانک,متوسط,هدف یک آزمون آموزشی از درس آموزش قرآن چیست؟,شناسایی میزان یادگیری و نقاط نیازمند تقویت,صرفاً رتبه‌بندی دانش‌آموزان,حذف مباحث,افزایش تعداد سؤال بدون تحلیل,A,پاسخ درست بر اساس مفهوم کلی درس آموزش قرآن: شناسایی میزان یادگیری و نقاط نیازمند تقویت,ترنم همدلی,original,1405
پنجم,,آموزش قرآن,آموزش قرآن,ارزیابی پایه,مفاهیم پایه,تکمیل بانک,متوسط,برای تشخیص ضعف در آموزش قرآن چه چیزی مفیدتر است؟,بررسی پاسخ‌ها و نوع خطاها,تعداد پیام‌های روزانه,حدس زدن علت ضعف,نادیده گرفتن نتیجه,A,پاسخ درست بر اساس مفهوم کلی درس آموزش قرآن: بررسی پاسخ‌ها و نوع خطاها,ترنم همدلی,original,1405
پنجم,,آموزش قرآن,آموزش قرآن,ارزیابی پایه,مفاهیم پایه,تکمیل بانک,متوسط,کدام رفتار به یادگیری بهتر آموزش قرآن کمک می‌کند؟,تمرین منظم و رفع اشکال,مطالعه پراکنده بدون تمرین,حذف مرور,تکیه بر حدس,A,پاسخ درست بر اساس مفهوم کلی درس آموزش قرآن: تمرین منظم و رفع اشکال,ترنم همدلی,original,1405
پنجم,,آموزش قرآن,آموزش قرآن,ارزیابی پایه,مفاهیم پایه,تکمیل بانک,متوسط,در مطالعه آموزش قرآن چرا مرور مهم است؟,برای تثبیت و بازیابی بهتر آموخته‌ها,برای حذف مطالب,برای افزایش زمان مطالعه بدون هدف,برای جلوگیری از تمرین,A,پاسخ درست بر اساس مفهوم کلی درس آموزش قرآن: برای تثبیت و بازیابی بهتر آموخته‌ها,ترنم همدلی,original,1405
پنجم,,هدیه‌های آسمان,هدیه‌های آسمان,ارزیابی پایه,مفاهیم پایه,تکمیل بانک,متوسط,درس هدیه‌های آسمان بیشتر بر کدام حوزه تمرکز دارد؟,مفاهیم دینی و اخلاقی متناسب با دوره ابتدایی,حفظ اطلاعات نامرتبط,موضوعات خارج از برنامه,فقط فعالیت ورزشی,A,پاسخ درست بر اساس مفهوم کلی درس هدیه‌های آسمان: مفاهیم دینی و اخلاقی متناسب با دوره ابتدایی,ترنم همدلی,original,1405
پنجم,,هدیه‌های آسمان,هدیه‌های آسمان,ارزیابی پایه,مفاهیم پایه,تکمیل بانک,متوسط,کدام گزینه نمونه‌ای از یادگیری در درس هدیه‌های آسمان است؟,مفاهیم دینی و اخلاقی متناسب با دوره ابتدایی,انجام کاری بی‌ارتباط با درس,نادیده گرفتن تمرین,حذف مرور,A,پاسخ درست بر اساس مفهوم کلی درس هدیه‌های آسمان: مفاهیم دینی و اخلاقی متناسب با دوره ابتدایی,ترنم همدلی,original,1405
پنجم,,هدیه‌های آسمان,هدیه‌های آسمان,ارزیابی پایه,مفاهیم پایه,تکمیل بانک,متوسط,برای پیشرفت در درس هدیه‌های آسمان کدام روش مناسب‌تر است؟,مطالعه مفاهیم و تمرین متناسب با درس,حفظ پاسخ بدون فهم,حذف تمرین,مطالعه بدون مرور,A,پاسخ درست بر اساس مفهوم کلی درس هدیه‌های آسمان: مطالعه مفاهیم و تمرین متناسب با درس,ترنم همدلی,original,1405
پنجم,,هدیه‌های آسمان,هدیه‌های آسمان,ارزیابی پایه,مفاهیم پایه,تکمیل بانک,متوسط,در ارزیابی درس هدیه‌های آسمان کدام مورد اهمیت بیشتری دارد؟,توانایی به‌کارگیری آموخته‌های مرتبط با درس,سرعت پاسخ بدون دقت,حدس زدن همه پاسخ‌ها,حذف سؤال‌های دشوار,A,پاسخ درست بر اساس مفهوم کلی درس هدیه‌های آسمان: توانایی به‌کارگیری آموخته‌های مرتبط با درس,ترنم همدلی,original,1405
پنجم,,هدیه‌های آسمان,هدیه‌های آسمان,ارزیابی پایه,مفاهیم پایه,تکمیل بانک,متوسط,اگر دانش‌آموز در هدیه‌های آسمان اشتباه کند، بهترین اقدام چیست؟,تحلیل خطا و تمرین هدفمند,نادیده گرفتن خطا,حذف درس,تغییر پاسخ بدون بررسی,A,پاسخ درست بر اساس مفهوم کلی درس هدیه‌های آسمان: تحلیل خطا و تمرین هدفمند,ترنم همدلی,original,1405
پنجم,,هدیه‌های آسمان,هدیه‌های آسمان,ارزیابی پایه,مفاهیم پایه,تکمیل بانک,متوسط,کدام گزینه به مطالعه مؤثر هدیه‌های آسمان نزدیک‌تر است؟,ترکیب فهم، تمرین و مرور,فقط خواندن سریع,فقط حفظ کردن گزینه‌ها,مطالعه بدون هدف,A,پاسخ درست بر اساس مفهوم کلی درس هدیه‌های آسمان: ترکیب فهم، تمرین و مرور,ترنم همدلی,original,1405
پنجم,,هدیه‌های آسمان,هدیه‌های آسمان,ارزیابی پایه,مفاهیم پایه,تکمیل بانک,متوسط,هدف یک آزمون آموزشی از درس هدیه‌های آسمان چیست؟,شناسایی میزان یادگیری و نقاط نیازمند تقویت,صرفاً رتبه‌بندی دانش‌آموزان,حذف مباحث,افزایش تعداد سؤال بدون تحلیل,A,پاسخ درست بر اساس مفهوم کلی درس هدیه‌های آسمان: شناسایی میزان یادگیری و نقاط نیازمند تقویت,ترنم همدلی,original,1405
پنجم,,هدیه‌های آسمان,هدیه‌های آسمان,ارزیابی پایه,مفاهیم پایه,تکمیل بانک,متوسط,برای تشخیص ضعف در هدیه‌های آسمان چه چیزی مفیدتر است؟,بررسی پاسخ‌ها و نوع خطاها,تعداد پیام‌های روزانه,حدس زدن علت ضعف,نادیده گرفتن نتیجه,A,پاسخ درست بر اساس مفهوم کلی درس هدیه‌های آسمان: بررسی پاسخ‌ها و نوع خطاها,ترنم همدلی,original,1405
پنجم,,هدیه‌های آسمان,هدیه‌های آسمان,ارزیابی پایه,مفاهیم پایه,تکمیل بانک,متوسط,کدام رفتار به یادگیری بهتر هدیه‌های آسمان کمک می‌کند؟,تمرین منظم و رفع اشکال,مطالعه پراکنده بدون تمرین,حذف مرور,تکیه بر حدس,A,پاسخ درست بر اساس مفهوم کلی درس هدیه‌های آسمان: تمرین منظم و رفع اشکال,ترنم همدلی,original,1405
پنجم,,هدیه‌های آسمان,هدیه‌های آسمان,ارزیابی پایه,مفاهیم پایه,تکمیل بانک,متوسط,در مطالعه هدیه‌های آسمان چرا مرور مهم است؟,برای تثبیت و بازیابی بهتر آموخته‌ها,برای حذف مطالب,برای افزایش زمان مطالعه بدون هدف,برای جلوگیری از تمرین,A,پاسخ درست بر اساس مفهوم کلی درس هدیه‌های آسمان: برای تثبیت و بازیابی بهتر آموخته‌ها,ترنم همدلی,original,1405
پنجم,,فارسی,فارسی,بخش 1,واژگان,تکمیل بانک,متوسط,درس فارسی بیشتر بر کدام حوزه تمرکز دارد؟,خواندن، واژگان، دستور، ادبیات و درک متن,حفظ اطلاعات نامرتبط,موضوعات خارج از برنامه,فقط فعالیت ورزشی,A,پاسخ درست بر اساس مفهوم کلی درس فارسی: خواندن، واژگان، دستور، ادبیات و درک متن,ترنم همدلی,original,1405
پنجم,,فارسی,فارسی,بخش 1,واژگان,تکمیل بانک,متوسط,کدام گزینه نمونه‌ای از یادگیری در درس فارسی است؟,خواندن، واژگان، دستور، ادبیات و درک متن,انجام کاری بی‌ارتباط با درس,نادیده گرفتن تمرین,حذف مرور,A,پاسخ درست بر اساس مفهوم کلی درس فارسی: خواندن، واژگان، دستور، ادبیات و درک متن,ترنم همدلی,original,1405
پنجم,,فارسی,فارسی,بخش 1,واژگان,تکمیل بانک,متوسط,برای پیشرفت در درس فارسی کدام روش مناسب‌تر است؟,مطالعه مفاهیم و تمرین متناسب با درس,حفظ پاسخ بدون فهم,حذف تمرین,مطالعه بدون مرور,A,پاسخ درست بر اساس مفهوم کلی درس فارسی: مطالعه مفاهیم و تمرین متناسب با درس,ترنم همدلی,original,1405
پنجم,,فارسی,فارسی,بخش 1,واژگان,تکمیل بانک,متوسط,در ارزیابی درس فارسی کدام مورد اهمیت بیشتری دارد؟,توانایی به‌کارگیری آموخته‌های مرتبط با درس,سرعت پاسخ بدون دقت,حدس زدن همه پاسخ‌ها,حذف سؤال‌های دشوار,A,پاسخ درست بر اساس مفهوم کلی درس فارسی: توانایی به‌کارگیری آموخته‌های مرتبط با درس,ترنم همدلی,original,1405
پنجم,,نگارش,نگارش,ارزیابی پایه,مفاهیم پایه,تکمیل بانک,متوسط,درس نگارش بیشتر بر کدام حوزه تمرکز دارد؟,مهارت نوشتن، سازمان‌دهی و ویرایش متن,حفظ اطلاعات نامرتبط,موضوعات خارج از برنامه,فقط فعالیت ورزشی,A,پاسخ درست بر اساس مفهوم کلی درس نگارش: مهارت نوشتن، سازمان‌دهی و ویرایش متن,ترنم همدلی,original,1405
پنجم,,نگارش,نگارش,ارزیابی پایه,مفاهیم پایه,تکمیل بانک,متوسط,کدام گزینه نمونه‌ای از یادگیری در درس نگارش است؟,مهارت نوشتن، سازمان‌دهی و ویرایش متن,انجام کاری بی‌ارتباط با درس,نادیده گرفتن تمرین,حذف مرور,A,پاسخ درست بر اساس مفهوم کلی درس نگارش: مهارت نوشتن، سازمان‌دهی و ویرایش متن,ترنم همدلی,original,1405
پنجم,,نگارش,نگارش,ارزیابی پایه,مفاهیم پایه,تکمیل بانک,متوسط,برای پیشرفت در درس نگارش کدام روش مناسب‌تر است؟,مطالعه مفاهیم و تمرین متناسب با درس,حفظ پاسخ بدون فهم,حذف تمرین,مطالعه بدون مرور,A,پاسخ درست بر اساس مفهوم کلی درس نگارش: مطالعه مفاهیم و تمرین متناسب با درس,ترنم همدلی,original,1405
پنجم,,نگارش,نگارش,ارزیابی پایه,مفاهیم پایه,تکمیل بانک,متوسط,در ارزیابی درس نگارش کدام مورد اهمیت بیشتری دارد؟,توانایی به‌کارگیری آموخته‌های مرتبط با درس,سرعت پاسخ بدون دقت,حدس زدن همه پاسخ‌ها,حذف سؤال‌های دشوار,A,پاسخ درست بر اساس مفهوم کلی درس نگارش: توانایی به‌کارگیری آموخته‌های مرتبط با درس,ترنم همدلی,original,1405
پنجم,,نگارش,نگارش,ارزیابی پایه,مفاهیم پایه,تکمیل بانک,متوسط,اگر دانش‌آموز در نگارش اشتباه کند، بهترین اقدام چیست؟,تحلیل خطا و تمرین هدفمند,نادیده گرفتن خطا,حذف درس,تغییر پاسخ بدون بررسی,A,پاسخ درست بر اساس مفهوم کلی درس نگارش: تحلیل خطا و تمرین هدفمند,ترنم همدلی,original,1405
پنجم,,نگارش,نگارش,ارزیابی پایه,مفاهیم پایه,تکمیل بانک,متوسط,کدام گزینه به مطالعه مؤثر نگارش نزدیک‌تر است؟,ترکیب فهم، تمرین و مرور,فقط خواندن سریع,فقط حفظ کردن گزینه‌ها,مطالعه بدون هدف,A,پاسخ درست بر اساس مفهوم کلی درس نگارش: ترکیب فهم، تمرین و مرور,ترنم همدلی,original,1405
پنجم,,نگارش,نگارش,ارزیابی پایه,مفاهیم پایه,تکمیل بانک,متوسط,هدف یک آزمون آموزشی از درس نگارش چیست؟,شناسایی میزان یادگیری و نقاط نیازمند تقویت,صرفاً رتبه‌بندی دانش‌آموزان,حذف مباحث,افزایش تعداد سؤال بدون تحلیل,A,پاسخ درست بر اساس مفهوم کلی درس نگارش: شناسایی میزان یادگیری و نقاط نیازمند تقویت,ترنم همدلی,original,1405
پنجم,,نگارش,نگارش,ارزیابی پایه,مفاهیم پایه,تکمیل بانک,متوسط,برای تشخیص ضعف در نگارش چه چیزی مفیدتر است؟,بررسی پاسخ‌ها و نوع خطاها,تعداد پیام‌های روزانه,حدس زدن علت ضعف,نادیده گرفتن نتیجه,A,پاسخ درست بر اساس مفهوم کلی درس نگارش: بررسی پاسخ‌ها و نوع خطاها,ترنم همدلی,original,1405
پنجم,,نگارش,نگارش,ارزیابی پایه,مفاهیم پایه,تکمیل بانک,متوسط,کدام رفتار به یادگیری بهتر نگارش کمک می‌کند؟,تمرین منظم و رفع اشکال,مطالعه پراکنده بدون تمرین,حذف مرور,تکیه بر حدس,A,پاسخ درست بر اساس مفهوم کلی درس نگارش: تمرین منظم و رفع اشکال,ترنم همدلی,original,1405
پنجم,,نگارش,نگارش,ارزیابی پایه,مفاهیم پایه,تکمیل بانک,متوسط,در مطالعه نگارش چرا مرور مهم است؟,برای تثبیت و بازیابی بهتر آموخته‌ها,برای حذف مطالب,برای افزایش زمان مطالعه بدون هدف,برای جلوگیری از تمرین,A,پاسخ درست بر اساس مفهوم کلی درس نگارش: برای تثبیت و بازیابی بهتر آموخته‌ها,ترنم همدلی,original,1405
پنجم,,ریاضی,ریاضی,بخش 1,عددهای صحیح و گویا,تکمیل بانک,متوسط,درس ریاضی بیشتر بر کدام حوزه تمرکز دارد؟,حل مسئله و استدلال ریاضی,حفظ اطلاعات نامرتبط,موضوعات خارج از برنامه,فقط فعالیت ورزشی,A,پاسخ درست بر اساس مفهوم کلی درس ریاضی: حل مسئله و استدلال ریاضی,ترنم همدلی,original,1405
پنجم,,ریاضی,ریاضی,بخش 1,عددهای صحیح و گویا,تکمیل بانک,متوسط,کدام گزینه نمونه‌ای از یادگیری در درس ریاضی است؟,حل مسئله و استدلال ریاضی,انجام کاری بی‌ارتباط با درس,نادیده گرفتن تمرین,حذف مرور,A,پاسخ درست بر اساس مفهوم کلی درس ریاضی: حل مسئله و استدلال ریاضی,ترنم همدلی,original,1405
پنجم,,ریاضی,ریاضی,بخش 1,عددهای صحیح و گویا,تکمیل بانک,متوسط,برای پیشرفت در درس ریاضی کدام روش مناسب‌تر است؟,مطالعه مفاهیم و تمرین متناسب با درس,حفظ پاسخ بدون فهم,حذف تمرین,مطالعه بدون مرور,A,پاسخ درست بر اساس مفهوم کلی درس ریاضی: مطالعه مفاهیم و تمرین متناسب با درس,ترنم همدلی,original,1405
پنجم,,ریاضی,ریاضی,بخش 1,عددهای صحیح و گویا,تکمیل بانک,متوسط,در ارزیابی درس ریاضی کدام مورد اهمیت بیشتری دارد؟,توانایی به‌کارگیری آموخته‌های مرتبط با درس,سرعت پاسخ بدون دقت,حدس زدن همه پاسخ‌ها,حذف سؤال‌های دشوار,A,پاسخ درست بر اساس مفهوم کلی درس ریاضی: توانایی به‌کارگیری آموخته‌های مرتبط با درس,ترنم همدلی,original,1405
پنجم,,علوم تجربی,علوم تجربی,ارزیابی پایه,مفاهیم پایه,تکمیل بانک,متوسط,درس علوم تجربی بیشتر بر کدام حوزه تمرکز دارد؟,شناخت پدیده‌های طبیعی و روش علمی,حفظ اطلاعات نامرتبط,موضوعات خارج از برنامه,فقط فعالیت ورزشی,A,پاسخ درست بر اساس مفهوم کلی درس علوم تجربی: شناخت پدیده‌های طبیعی و روش علمی,ترنم همدلی,original,1405
پنجم,,علوم تجربی,علوم تجربی,ارزیابی پایه,مفاهیم پایه,تکمیل بانک,متوسط,کدام گزینه نمونه‌ای از یادگیری در درس علوم تجربی است؟,شناخت پدیده‌های طبیعی و روش علمی,انجام کاری بی‌ارتباط با درس,نادیده گرفتن تمرین,حذف مرور,A,پاسخ درست بر اساس مفهوم کلی درس علوم تجربی: شناخت پدیده‌های طبیعی و روش علمی,ترنم همدلی,original,1405
پنجم,,علوم تجربی,علوم تجربی,ارزیابی پایه,مفاهیم پایه,تکمیل بانک,متوسط,برای پیشرفت در درس علوم تجربی کدام روش مناسب‌تر است؟,مطالعه مفاهیم و تمرین متناسب با درس,حفظ پاسخ بدون فهم,حذف تمرین,مطالعه بدون مرور,A,پاسخ درست بر اساس مفهوم کلی درس علوم تجربی: مطالعه مفاهیم و تمرین متناسب با درس,ترنم همدلی,original,1405
پنجم,,علوم تجربی,علوم تجربی,ارزیابی پایه,مفاهیم پایه,تکمیل بانک,متوسط,در ارزیابی درس علوم تجربی کدام مورد اهمیت بیشتری دارد؟,توانایی به‌کارگیری آموخته‌های مرتبط با درس,سرعت پاسخ بدون دقت,حدس زدن همه پاسخ‌ها,حذف سؤال‌های دشوار,A,پاسخ درست بر اساس مفهوم کلی درس علوم تجربی: توانایی به‌کارگیری آموخته‌های مرتبط با درس,ترنم همدلی,original,1405
پنجم,,علوم تجربی,علوم تجربی,ارزیابی پایه,مفاهیم پایه,تکمیل بانک,متوسط,اگر دانش‌آموز در علوم تجربی اشتباه کند، بهترین اقدام چیست؟,تحلیل خطا و تمرین هدفمند,نادیده گرفتن خطا,حذف درس,تغییر پاسخ بدون بررسی,A,پاسخ درست بر اساس مفهوم کلی درس علوم تجربی: تحلیل خطا و تمرین هدفمند,ترنم همدلی,original,1405
پنجم,,علوم تجربی,علوم تجربی,ارزیابی پایه,مفاهیم پایه,تکمیل بانک,متوسط,کدام گزینه به مطالعه مؤثر علوم تجربی نزدیک‌تر است؟,ترکیب فهم، تمرین و مرور,فقط خواندن سریع,فقط حفظ کردن گزینه‌ها,مطالعه بدون هدف,A,پاسخ درست بر اساس مفهوم کلی درس علوم تجربی: ترکیب فهم، تمرین و مرور,ترنم همدلی,original,1405
پنجم,,علوم تجربی,علوم تجربی,ارزیابی پایه,مفاهیم پایه,تکمیل بانک,متوسط,هدف یک آزمون آموزشی از درس علوم تجربی چیست؟,شناسایی میزان یادگیری و نقاط نیازمند تقویت,صرفاً رتبه‌بندی دانش‌آموزان,حذف مباحث,افزایش تعداد سؤال بدون تحلیل,A,پاسخ درست بر اساس مفهوم کلی درس علوم تجربی: شناسایی میزان یادگیری و نقاط نیازمند تقویت,ترنم همدلی,original,1405
پنجم,,علوم تجربی,علوم تجربی,ارزیابی پایه,مفاهیم پایه,تکمیل بانک,متوسط,برای تشخیص ضعف در علوم تجربی چه چیزی مفیدتر است؟,بررسی پاسخ‌ها و نوع خطاها,تعداد پیام‌های روزانه,حدس زدن علت ضعف,نادیده گرفتن نتیجه,A,پاسخ درست بر اساس مفهوم کلی درس علوم تجربی: بررسی پاسخ‌ها و نوع خطاها,ترنم همدلی,original,1405
پنجم,,علوم تجربی,علوم تجربی,ارزیابی پایه,مفاهیم پایه,تکمیل بانک,متوسط,کدام رفتار به یادگیری بهتر علوم تجربی کمک می‌کند؟,تمرین منظم و رفع اشکال,مطالعه پراکنده بدون تمرین,حذف مرور,تکیه بر حدس,A,پاسخ درست بر اساس مفهوم کلی درس علوم تجربی: تمرین منظم و رفع اشکال,ترنم همدلی,original,1405
پنجم,,علوم تجربی,علوم تجربی,ارزیابی پایه,مفاهیم پایه,تکمیل بانک,متوسط,در مطالعه علوم تجربی چرا مرور مهم است؟,برای تثبیت و بازیابی بهتر آموخته‌ها,برای حذف مطالب,برای افزایش زمان مطالعه بدون هدف,برای جلوگیری از تمرین,A,پاسخ درست بر اساس مفهوم کلی درس علوم تجربی: برای تثبیت و بازیابی بهتر آموخته‌ها,ترنم همدلی,original,1405
پنجم,,مطالعات اجتماعی,مطالعات اجتماعی,بخش 1,جغرافیا,تکمیل بانک,متوسط,درس مطالعات اجتماعی بیشتر بر کدام حوزه تمرکز دارد؟,جامعه، تاریخ، جغرافیا و زندگی اجتماعی,حفظ اطلاعات نامرتبط,موضوعات خارج از برنامه,فقط فعالیت ورزشی,A,پاسخ درست بر اساس مفهوم کلی درس مطالعات اجتماعی: جامعه، تاریخ، جغرافیا و زندگی اجتماعی,ترنم همدلی,original,1405
پنجم,,مطالعات اجتماعی,مطالعات اجتماعی,بخش 1,جغرافیا,تکمیل بانک,متوسط,کدام گزینه نمونه‌ای از یادگیری در درس مطالعات اجتماعی است؟,جامعه، تاریخ، جغرافیا و زندگی اجتماعی,انجام کاری بی‌ارتباط با درس,نادیده گرفتن تمرین,حذف مرور,A,پاسخ درست بر اساس مفهوم کلی درس مطالعات اجتماعی: جامعه، تاریخ، جغرافیا و زندگی اجتماعی,ترنم همدلی,original,1405
پنجم,,مطالعات اجتماعی,مطالعات اجتماعی,بخش 1,جغرافیا,تکمیل بانک,متوسط,برای پیشرفت در درس مطالعات اجتماعی کدام روش مناسب‌تر است؟,مطالعه مفاهیم و تمرین متناسب با درس,حفظ پاسخ بدون فهم,حذف تمرین,مطالعه بدون مرور,A,پاسخ درست بر اساس مفهوم کلی درس مطالعات اجتماعی: مطالعه مفاهیم و تمرین متناسب با درس,ترنم همدلی,original,1405
پنجم,,مطالعات اجتماعی,مطالعات اجتماعی,بخش 1,جغرافیا,تکمیل بانک,متوسط,در ارزیابی درس مطالعات اجتماعی کدام مورد اهمیت بیشتری دارد؟,توانایی به‌کارگیری آموخته‌های مرتبط با درس,سرعت پاسخ بدون دقت,حدس زدن همه پاسخ‌ها,حذف سؤال‌های دشوار,A,پاسخ درست بر اساس مفهوم کلی درس مطالعات اجتماعی: توانایی به‌کارگیری آموخته‌های مرتبط با درس,ترنم همدلی,original,1405
ششم,,آموزش قرآن,آموزش قرآن,ارزیابی پایه,مفاهیم پایه,تکمیل بانک,متوسط,درس آموزش قرآن بیشتر بر کدام حوزه تمرکز دارد؟,خواندن، فهم و تدبر در آیات قرآن,حفظ اطلاعات نامرتبط,موضوعات خارج از برنامه,فقط فعالیت ورزشی,A,پاسخ درست بر اساس مفهوم کلی درس آموزش قرآن: خواندن، فهم و تدبر در آیات قرآن,ترنم همدلی,original,1405
ششم,,آموزش قرآن,آموزش قرآن,ارزیابی پایه,مفاهیم پایه,تکمیل بانک,متوسط,کدام گزینه نمونه‌ای از یادگیری در درس آموزش قرآن است؟,خواندن، فهم و تدبر در آیات قرآن,انجام کاری بی‌ارتباط با درس,نادیده گرفتن تمرین,حذف مرور,A,پاسخ درست بر اساس مفهوم کلی درس آموزش قرآن: خواندن، فهم و تدبر در آیات قرآن,ترنم همدلی,original,1405
ششم,,آموزش قرآن,آموزش قرآن,ارزیابی پایه,مفاهیم پایه,تکمیل بانک,متوسط,برای پیشرفت در درس آموزش قرآن کدام روش مناسب‌تر است؟,مطالعه مفاهیم و تمرین متناسب با درس,حفظ پاسخ بدون فهم,حذف تمرین,مطالعه بدون مرور,A,پاسخ درست بر اساس مفهوم کلی درس آموزش قرآن: مطالعه مفاهیم و تمرین متناسب با درس,ترنم همدلی,original,1405
ششم,,آموزش قرآن,آموزش قرآن,ارزیابی پایه,مفاهیم پایه,تکمیل بانک,متوسط,در ارزیابی درس آموزش قرآن کدام مورد اهمیت بیشتری دارد؟,توانایی به‌کارگیری آموخته‌های مرتبط با درس,سرعت پاسخ بدون دقت,حدس زدن همه پاسخ‌ها,حذف سؤال‌های دشوار,A,پاسخ درست بر اساس مفهوم کلی درس آموزش قرآن: توانایی به‌کارگیری آموخته‌های مرتبط با درس,ترنم همدلی,original,1405
ششم,,آموزش قرآن,آموزش قرآن,ارزیابی پایه,مفاهیم پایه,تکمیل بانک,متوسط,اگر دانش‌آموز در آموزش قرآن اشتباه کند، بهترین اقدام چیست؟,تحلیل خطا و تمرین هدفمند,نادیده گرفتن خطا,حذف درس,تغییر پاسخ بدون بررسی,A,پاسخ درست بر اساس مفهوم کلی درس آموزش قرآن: تحلیل خطا و تمرین هدفمند,ترنم همدلی,original,1405
ششم,,آموزش قرآن,آموزش قرآن,ارزیابی پایه,مفاهیم پایه,تکمیل بانک,متوسط,کدام گزینه به مطالعه مؤثر آموزش قرآن نزدیک‌تر است؟,ترکیب فهم، تمرین و مرور,فقط خواندن سریع,فقط حفظ کردن گزینه‌ها,مطالعه بدون هدف,A,پاسخ درست بر اساس مفهوم کلی درس آموزش قرآن: ترکیب فهم، تمرین و مرور,ترنم همدلی,original,1405
ششم,,آموزش قرآن,آموزش قرآن,ارزیابی پایه,مفاهیم پایه,تکمیل بانک,متوسط,هدف یک آزمون آموزشی از درس آموزش قرآن چیست؟,شناسایی میزان یادگیری و نقاط نیازمند تقویت,صرفاً رتبه‌بندی دانش‌آموزان,حذف مباحث,افزایش تعداد سؤال بدون تحلیل,A,پاسخ درست بر اساس مفهوم کلی درس آموزش قرآن: شناسایی میزان یادگیری و نقاط نیازمند تقویت,ترنم همدلی,original,1405
ششم,,آموزش قرآن,آموزش قرآن,ارزیابی پایه,مفاهیم پایه,تکمیل بانک,متوسط,برای تشخیص ضعف در آموزش قرآن چه چیزی مفیدتر است؟,بررسی پاسخ‌ها و نوع خطاها,تعداد پیام‌های روزانه,حدس زدن علت ضعف,نادیده گرفتن نتیجه,A,پاسخ درست بر اساس مفهوم کلی درس آموزش قرآن: بررسی پاسخ‌ها و نوع خطاها,ترنم همدلی,original,1405
ششم,,آموزش قرآن,آموزش قرآن,ارزیابی پایه,مفاهیم پایه,تکمیل بانک,متوسط,کدام رفتار به یادگیری بهتر آموزش قرآن کمک می‌کند؟,تمرین منظم و رفع اشکال,مطالعه پراکنده بدون تمرین,حذف مرور,تکیه بر حدس,A,پاسخ درست بر اساس مفهوم کلی درس آموزش قرآن: تمرین منظم و رفع اشکال,ترنم همدلی,original,1405
ششم,,آموزش قرآن,آموزش قرآن,ارزیابی پایه,مفاهیم پایه,تکمیل بانک,متوسط,در مطالعه آموزش قرآن چرا مرور مهم است؟,برای تثبیت و بازیابی بهتر آموخته‌ها,برای حذف مطالب,برای افزایش زمان مطالعه بدون هدف,برای جلوگیری از تمرین,A,پاسخ درست بر اساس مفهوم کلی درس آموزش قرآن: برای تثبیت و بازیابی بهتر آموخته‌ها,ترنم همدلی,original,1405
ششم,,هدیه‌های آسمان,هدیه‌های آسمان,ارزیابی پایه,مفاهیم پایه,تکمیل بانک,متوسط,درس هدیه‌های آسمان بیشتر بر کدام حوزه تمرکز دارد؟,مفاهیم دینی و اخلاقی متناسب با دوره ابتدایی,حفظ اطلاعات نامرتبط,موضوعات خارج از برنامه,فقط فعالیت ورزشی,A,پاسخ درست بر اساس مفهوم کلی درس هدیه‌های آسمان: مفاهیم دینی و اخلاقی متناسب با دوره ابتدایی,ترنم همدلی,original,1405
ششم,,هدیه‌های آسمان,هدیه‌های آسمان,ارزیابی پایه,مفاهیم پایه,تکمیل بانک,متوسط,کدام گزینه نمونه‌ای از یادگیری در درس هدیه‌های آسمان است؟,مفاهیم دینی و اخلاقی متناسب با دوره ابتدایی,انجام کاری بی‌ارتباط با درس,نادیده گرفتن تمرین,حذف مرور,A,پاسخ درست بر اساس مفهوم کلی درس هدیه‌های آسمان: مفاهیم دینی و اخلاقی متناسب با دوره ابتدایی,ترنم همدلی,original,1405
ششم,,هدیه‌های آسمان,هدیه‌های آسمان,ارزیابی پایه,مفاهیم پایه,تکمیل بانک,متوسط,برای پیشرفت در درس هدیه‌های آسمان کدام روش مناسب‌تر است؟,مطالعه مفاهیم و تمرین متناسب با درس,حفظ پاسخ بدون فهم,حذف تمرین,مطالعه بدون مرور,A,پاسخ درست بر اساس مفهوم کلی درس هدیه‌های آسمان: مطالعه مفاهیم و تمرین متناسب با درس,ترنم همدلی,original,1405
ششم,,هدیه‌های آسمان,هدیه‌های آسمان,ارزیابی پایه,مفاهیم پایه,تکمیل بانک,متوسط,در ارزیابی درس هدیه‌های آسمان کدام مورد اهمیت بیشتری دارد؟,توانایی به‌کارگیری آموخته‌های مرتبط با درس,سرعت پاسخ بدون دقت,حدس زدن همه پاسخ‌ها,حذف سؤال‌های دشوار,A,پاسخ درست بر اساس مفهوم کلی درس هدیه‌های آسمان: توانایی به‌کارگیری آموخته‌های مرتبط با درس,ترنم همدلی,original,1405
ششم,,هدیه‌های آسمان,هدیه‌های آسمان,ارزیابی پایه,مفاهیم پایه,تکمیل بانک,متوسط,اگر دانش‌آموز در هدیه‌های آسمان اشتباه کند، بهترین اقدام چیست؟,تحلیل خطا و تمرین هدفمند,نادیده گرفتن خطا,حذف درس,تغییر پاسخ بدون بررسی,A,پاسخ درست بر اساس مفهوم کلی درس هدیه‌های آسمان: تحلیل خطا و تمرین هدفمند,ترنم همدلی,original,1405
ششم,,هدیه‌های آسمان,هدیه‌های آسمان,ارزیابی پایه,مفاهیم پایه,تکمیل بانک,متوسط,کدام گزینه به مطالعه مؤثر هدیه‌های آسمان نزدیک‌تر است؟,ترکیب فهم، تمرین و مرور,فقط خواندن سریع,فقط حفظ کردن گزینه‌ها,مطالعه بدون هدف,A,پاسخ درست بر اساس مفهوم کلی درس هدیه‌های آسمان: ترکیب فهم، تمرین و مرور,ترنم همدلی,original,1405
ششم,,هدیه‌های آسمان,هدیه‌های آسمان,ارزیابی پایه,مفاهیم پایه,تکمیل بانک,متوسط,هدف یک آزمون آموزشی از درس هدیه‌های آسمان چیست؟,شناسایی میزان یادگیری و نقاط نیازمند تقویت,صرفاً رتبه‌بندی دانش‌آموزان,حذف مباحث,افزایش تعداد سؤال بدون تحلیل,A,پاسخ درست بر اساس مفهوم کلی درس هدیه‌های آسمان: شناسایی میزان یادگیری و نقاط نیازمند تقویت,ترنم همدلی,original,1405
ششم,,هدیه‌های آسمان,هدیه‌های آسمان,ارزیابی پایه,مفاهیم پایه,تکمیل بانک,متوسط,برای تشخیص ضعف در هدیه‌های آسمان چه چیزی مفیدتر است؟,بررسی پاسخ‌ها و نوع خطاها,تعداد پیام‌های روزانه,حدس زدن علت ضعف,نادیده گرفتن نتیجه,A,پاسخ درست بر اساس مفهوم کلی درس هدیه‌های آسمان: بررسی پاسخ‌ها و نوع خطاها,ترنم همدلی,original,1405
ششم,,هدیه‌های آسمان,هدیه‌های آسمان,ارزیابی پایه,مفاهیم پایه,تکمیل بانک,متوسط,کدام رفتار به یادگیری بهتر هدیه‌های آسمان کمک می‌کند؟,تمرین منظم و رفع اشکال,مطالعه پراکنده بدون تمرین,حذف مرور,تکیه بر حدس,A,پاسخ درست بر اساس مفهوم کلی درس هدیه‌های آسمان: تمرین منظم و رفع اشکال,ترنم همدلی,original,1405
ششم,,هدیه‌های آسمان,هدیه‌های آسمان,ارزیابی پایه,مفاهیم پایه,تکمیل بانک,متوسط,در مطالعه هدیه‌های آسمان چرا مرور مهم است؟,برای تثبیت و بازیابی بهتر آموخته‌ها,برای حذف مطالب,برای افزایش زمان مطالعه بدون هدف,برای جلوگیری از تمرین,A,پاسخ درست بر اساس مفهوم کلی درس هدیه‌های آسمان: برای تثبیت و بازیابی بهتر آموخته‌ها,ترنم همدلی,original,1405
ششم,,فارسی,فارسی,بخش 1,واژگان,تکمیل بانک,متوسط,درس فارسی بیشتر بر کدام حوزه تمرکز دارد؟,خواندن، واژگان، دستور، ادبیات و درک متن,حفظ اطلاعات نامرتبط,موضوعات خارج از برنامه,فقط فعالیت ورزشی,A,پاسخ درست بر اساس مفهوم کلی درس فارسی: خواندن، واژگان، دستور، ادبیات و درک متن,ترنم همدلی,original,1405
ششم,,فارسی,فارسی,بخش 1,واژگان,تکمیل بانک,متوسط,کدام گزینه نمونه‌ای از یادگیری در درس فارسی است؟,خواندن، واژگان، دستور، ادبیات و درک متن,انجام کاری بی‌ارتباط با درس,نادیده گرفتن تمرین,حذف مرور,A,پاسخ درست بر اساس مفهوم کلی درس فارسی: خواندن، واژگان، دستور، ادبیات و درک متن,ترنم همدلی,original,1405
ششم,,فارسی,فارسی,بخش 1,واژگان,تکمیل بانک,متوسط,برای پیشرفت در درس فارسی کدام روش مناسب‌تر است؟,مطالعه مفاهیم و تمرین متناسب با درس,حفظ پاسخ بدون فهم,حذف تمرین,مطالعه بدون مرور,A,پاسخ درست بر اساس مفهوم کلی درس فارسی: مطالعه مفاهیم و تمرین متناسب با درس,ترنم همدلی,original,1405
ششم,,فارسی,فارسی,بخش 1,واژگان,تکمیل بانک,متوسط,در ارزیابی درس فارسی کدام مورد اهمیت بیشتری دارد؟,توانایی به‌کارگیری آموخته‌های مرتبط با درس,سرعت پاسخ بدون دقت,حدس زدن همه پاسخ‌ها,حذف سؤال‌های دشوار,A,پاسخ درست بر اساس مفهوم کلی درس فارسی: توانایی به‌کارگیری آموخته‌های مرتبط با درس,ترنم همدلی,original,1405
ششم,,نگارش,نگارش,ارزیابی پایه,مفاهیم پایه,تکمیل بانک,متوسط,درس نگارش بیشتر بر کدام حوزه تمرکز دارد؟,مهارت نوشتن، سازمان‌دهی و ویرایش متن,حفظ اطلاعات نامرتبط,موضوعات خارج از برنامه,فقط فعالیت ورزشی,A,پاسخ درست بر اساس مفهوم کلی درس نگارش: مهارت نوشتن، سازمان‌دهی و ویرایش متن,ترنم همدلی,original,1405
ششم,,نگارش,نگارش,ارزیابی پایه,مفاهیم پایه,تکمیل بانک,متوسط,کدام گزینه نمونه‌ای از یادگیری در درس نگارش است؟,مهارت نوشتن، سازمان‌دهی و ویرایش متن,انجام کاری بی‌ارتباط با درس,نادیده گرفتن تمرین,حذف مرور,A,پاسخ درست بر اساس مفهوم کلی درس نگارش: مهارت نوشتن، سازمان‌دهی و ویرایش متن,ترنم همدلی,original,1405
ششم,,نگارش,نگارش,ارزیابی پایه,مفاهیم پایه,تکمیل بانک,متوسط,برای پیشرفت در درس نگارش کدام روش مناسب‌تر است؟,مطالعه مفاهیم و تمرین متناسب با درس,حفظ پاسخ بدون فهم,حذف تمرین,مطالعه بدون مرور,A,پاسخ درست بر اساس مفهوم کلی درس نگارش: مطالعه مفاهیم و تمرین متناسب با درس,ترنم همدلی,original,1405
ششم,,نگارش,نگارش,ارزیابی پایه,مفاهیم پایه,تکمیل بانک,متوسط,در ارزیابی درس نگارش کدام مورد اهمیت بیشتری دارد؟,توانایی به‌کارگیری آموخته‌های مرتبط با درس,سرعت پاسخ بدون دقت,حدس زدن همه پاسخ‌ها,حذف سؤال‌های دشوار,A,پاسخ درست بر اساس مفهوم کلی درس نگارش: توانایی به‌کارگیری آموخته‌های مرتبط با درس,ترنم همدلی,original,1405
ششم,,نگارش,نگارش,ارزیابی پایه,مفاهیم پایه,تکمیل بانک,متوسط,اگر دانش‌آموز در نگارش اشتباه کند، بهترین اقدام چیست؟,تحلیل خطا و تمرین هدفمند,نادیده گرفتن خطا,حذف درس,تغییر پاسخ بدون بررسی,A,پاسخ درست بر اساس مفهوم کلی درس نگارش: تحلیل خطا و تمرین هدفمند,ترنم همدلی,original,1405
ششم,,نگارش,نگارش,ارزیابی پایه,مفاهیم پایه,تکمیل بانک,متوسط,کدام گزینه به مطالعه مؤثر نگارش نزدیک‌تر است؟,ترکیب فهم، تمرین و مرور,فقط خواندن سریع,فقط حفظ کردن گزینه‌ها,مطالعه بدون هدف,A,پاسخ درست بر اساس مفهوم کلی درس نگارش: ترکیب فهم، تمرین و مرور,ترنم همدلی,original,1405
ششم,,نگارش,نگارش,ارزیابی پایه,مفاهیم پایه,تکمیل بانک,متوسط,هدف یک آزمون آموزشی از درس نگارش چیست؟,شناسایی میزان یادگیری و نقاط نیازمند تقویت,صرفاً رتبه‌بندی دانش‌آموزان,حذف مباحث,افزایش تعداد سؤال بدون تحلیل,A,پاسخ درست بر اساس مفهوم کلی درس نگارش: شناسایی میزان یادگیری و نقاط نیازمند تقویت,ترنم همدلی,original,1405
ششم,,نگارش,نگارش,ارزیابی پایه,مفاهیم پایه,تکمیل بانک,متوسط,برای تشخیص ضعف در نگارش چه چیزی مفیدتر است؟,بررسی پاسخ‌ها و نوع خطاها,تعداد پیام‌های روزانه,حدس زدن علت ضعف,نادیده گرفتن نتیجه,A,پاسخ درست بر اساس مفهوم کلی درس نگارش: بررسی پاسخ‌ها و نوع خطاها,ترنم همدلی,original,1405
ششم,,نگارش,نگارش,ارزیابی پایه,مفاهیم پایه,تکمیل بانک,متوسط,کدام رفتار به یادگیری بهتر نگارش کمک می‌کند؟,تمرین منظم و رفع اشکال,مطالعه پراکنده بدون تمرین,حذف مرور,تکیه بر حدس,A,پاسخ درست بر اساس مفهوم کلی درس نگارش: تمرین منظم و رفع اشکال,ترنم همدلی,original,1405
ششم,,نگارش,نگارش,ارزیابی پایه,مفاهیم پایه,تکمیل بانک,متوسط,در مطالعه نگارش چرا مرور مهم است؟,برای تثبیت و بازیابی بهتر آموخته‌ها,برای حذف مطالب,برای افزایش زمان مطالعه بدون هدف,برای جلوگیری از تمرین,A,پاسخ درست بر اساس مفهوم کلی درس نگارش: برای تثبیت و بازیابی بهتر آموخته‌ها,ترنم همدلی,original,1405
ششم,,ریاضی,ریاضی,بخش 1,عددهای صحیح و گویا,تکمیل بانک,متوسط,درس ریاضی بیشتر بر کدام حوزه تمرکز دارد؟,حل مسئله و استدلال ریاضی,حفظ اطلاعات نامرتبط,موضوعات خارج از برنامه,فقط فعالیت ورزشی,A,پاسخ درست بر اساس مفهوم کلی درس ریاضی: حل مسئله و استدلال ریاضی,ترنم همدلی,original,1405
ششم,,ریاضی,ریاضی,بخش 1,عددهای صحیح و گویا,تکمیل بانک,متوسط,کدام گزینه نمونه‌ای از یادگیری در درس ریاضی است؟,حل مسئله و استدلال ریاضی,انجام کاری بی‌ارتباط با درس,نادیده گرفتن تمرین,حذف مرور,A,پاسخ درست بر اساس مفهوم کلی درس ریاضی: حل مسئله و استدلال ریاضی,ترنم همدلی,original,1405
ششم,,ریاضی,ریاضی,بخش 1,عددهای صحیح و گویا,تکمیل بانک,متوسط,برای پیشرفت در درس ریاضی کدام روش مناسب‌تر است؟,مطالعه مفاهیم و تمرین متناسب با درس,حفظ پاسخ بدون فهم,حذف تمرین,مطالعه بدون مرور,A,پاسخ درست بر اساس مفهوم کلی درس ریاضی: مطالعه مفاهیم و تمرین متناسب با درس,ترنم همدلی,original,1405
ششم,,ریاضی,ریاضی,بخش 1,عددهای صحیح و گویا,تکمیل بانک,متوسط,در ارزیابی درس ریاضی کدام مورد اهمیت بیشتری دارد؟,توانایی به‌کارگیری آموخته‌های مرتبط با درس,سرعت پاسخ بدون دقت,حدس زدن همه پاسخ‌ها,حذف سؤال‌های دشوار,A,پاسخ درست بر اساس مفهوم کلی درس ریاضی: توانایی به‌کارگیری آموخته‌های مرتبط با درس,ترنم همدلی,original,1405
ششم,,علوم تجربی,علوم تجربی,ارزیابی پایه,مفاهیم پایه,تکمیل بانک,متوسط,درس علوم تجربی بیشتر بر کدام حوزه تمرکز دارد؟,شناخت پدیده‌های طبیعی و روش علمی,حفظ اطلاعات نامرتبط,موضوعات خارج از برنامه,فقط فعالیت ورزشی,A,پاسخ درست بر اساس مفهوم کلی درس علوم تجربی: شناخت پدیده‌های طبیعی و روش علمی,ترنم همدلی,original,1405
ششم,,علوم تجربی,علوم تجربی,ارزیابی پایه,مفاهیم پایه,تکمیل بانک,متوسط,کدام گزینه نمونه‌ای از یادگیری در درس علوم تجربی است؟,شناخت پدیده‌های طبیعی و روش علمی,انجام کاری بی‌ارتباط با درس,نادیده گرفتن تمرین,حذف مرور,A,پاسخ درست بر اساس مفهوم کلی درس علوم تجربی: شناخت پدیده‌های طبیعی و روش علمی,ترنم همدلی,original,1405
ششم,,علوم تجربی,علوم تجربی,ارزیابی پایه,مفاهیم پایه,تکمیل بانک,متوسط,برای پیشرفت در درس علوم تجربی کدام روش مناسب‌تر است؟,مطالعه مفاهیم و تمرین متناسب با درس,حفظ پاسخ بدون فهم,حذف تمرین,مطالعه بدون مرور,A,پاسخ درست بر اساس مفهوم کلی درس علوم تجربی: مطالعه مفاهیم و تمرین متناسب با درس,ترنم همدلی,original,1405
ششم,,علوم تجربی,علوم تجربی,ارزیابی پایه,مفاهیم پایه,تکمیل بانک,متوسط,در ارزیابی درس علوم تجربی کدام مورد اهمیت بیشتری دارد؟,توانایی به‌کارگیری آموخته‌های مرتبط با درس,سرعت پاسخ بدون دقت,حدس زدن همه پاسخ‌ها,حذف سؤال‌های دشوار,A,پاسخ درست بر اساس مفهوم کلی درس علوم تجربی: توانایی به‌کارگیری آموخته‌های مرتبط با درس,ترنم همدلی,original,1405
ششم,,علوم تجربی,علوم تجربی,ارزیابی پایه,مفاهیم پایه,تکمیل بانک,متوسط,اگر دانش‌آموز در علوم تجربی اشتباه کند، بهترین اقدام چیست؟,تحلیل خطا و تمرین هدفمند,نادیده گرفتن خطا,حذف درس,تغییر پاسخ بدون بررسی,A,پاسخ درست بر اساس مفهوم کلی درس علوم تجربی: تحلیل خطا و تمرین هدفمند,ترنم همدلی,original,1405
ششم,,علوم تجربی,علوم تجربی,ارزیابی پایه,مفاهیم پایه,تکمیل بانک,متوسط,کدام گزینه به مطالعه مؤثر علوم تجربی نزدیک‌تر است؟,ترکیب فهم، تمرین و مرور,فقط خواندن سریع,فقط حفظ کردن گزینه‌ها,مطالعه بدون هدف,A,پاسخ درست بر اساس مفهوم کلی درس علوم تجربی: ترکیب فهم، تمرین و مرور,ترنم همدلی,original,1405
ششم,,علوم تجربی,علوم تجربی,ارزیابی پایه,مفاهیم پایه,تکمیل بانک,متوسط,هدف یک آزمون آموزشی از درس علوم تجربی چیست؟,شناسایی میزان یادگیری و نقاط نیازمند تقویت,صرفاً رتبه‌بندی دانش‌آموزان,حذف مباحث,افزایش تعداد سؤال بدون تحلیل,A,پاسخ درست بر اساس مفهوم کلی درس علوم تجربی: شناسایی میزان یادگیری و نقاط نیازمند تقویت,ترنم همدلی,original,1405
ششم,,علوم تجربی,علوم تجربی,ارزیابی پایه,مفاهیم پایه,تکمیل بانک,متوسط,برای تشخیص ضعف در علوم تجربی چه چیزی مفیدتر است؟,بررسی پاسخ‌ها و نوع خطاها,تعداد پیام‌های روزانه,حدس زدن علت ضعف,نادیده گرفتن نتیجه,A,پاسخ درست بر اساس مفهوم کلی درس علوم تجربی: بررسی پاسخ‌ها و نوع خطاها,ترنم همدلی,original,1405
ششم,,علوم تجربی,علوم تجربی,ارزیابی پایه,مفاهیم پایه,تکمیل بانک,متوسط,کدام رفتار به یادگیری بهتر علوم تجربی کمک می‌کند؟,تمرین منظم و رفع اشکال,مطالعه پراکنده بدون تمرین,حذف مرور,تکیه بر حدس,A,پاسخ درست بر اساس مفهوم کلی درس علوم تجربی: تمرین منظم و رفع اشکال,ترنم همدلی,original,1405
ششم,,علوم تجربی,علوم تجربی,ارزیابی پایه,مفاهیم پایه,تکمیل بانک,متوسط,در مطالعه علوم تجربی چرا مرور مهم است؟,برای تثبیت و بازیابی بهتر آموخته‌ها,برای حذف مطالب,برای افزایش زمان مطالعه بدون هدف,برای جلوگیری از تمرین,A,پاسخ درست بر اساس مفهوم کلی درس علوم تجربی: برای تثبیت و بازیابی بهتر آموخته‌ها,ترنم همدلی,original,1405
ششم,,مطالعات اجتماعی,مطالعات اجتماعی,بخش 1,جغرافیا,تکمیل بانک,متوسط,درس مطالعات اجتماعی بیشتر بر کدام حوزه تمرکز دارد؟,جامعه، تاریخ، جغرافیا و زندگی اجتماعی,حفظ اطلاعات نامرتبط,موضوعات خارج از برنامه,فقط فعالیت ورزشی,A,پاسخ درست بر اساس مفهوم کلی درس مطالعات اجتماعی: جامعه، تاریخ، جغرافیا و زندگی اجتماعی,ترنم همدلی,original,1405
ششم,,مطالعات اجتماعی,مطالعات اجتماعی,بخش 1,جغرافیا,تکمیل بانک,متوسط,کدام گزینه نمونه‌ای از یادگیری در درس مطالعات اجتماعی است؟,جامعه، تاریخ، جغرافیا و زندگی اجتماعی,انجام کاری بی‌ارتباط با درس,نادیده گرفتن تمرین,حذف مرور,A,پاسخ درست بر اساس مفهوم کلی درس مطالعات اجتماعی: جامعه، تاریخ، جغرافیا و زندگی اجتماعی,ترنم همدلی,original,1405
ششم,,مطالعات اجتماعی,مطالعات اجتماعی,بخش 1,جغرافیا,تکمیل بانک,متوسط,برای پیشرفت در درس مطالعات اجتماعی کدام روش مناسب‌تر است؟,مطالعه مفاهیم و تمرین متناسب با درس,حفظ پاسخ بدون فهم,حذف تمرین,مطالعه بدون مرور,A,پاسخ درست بر اساس مفهوم کلی درس مطالعات اجتماعی: مطالعه مفاهیم و تمرین متناسب با درس,ترنم همدلی,original,1405
ششم,,مطالعات اجتماعی,مطالعات اجتماعی,بخش 1,جغرافیا,تکمیل بانک,متوسط,در ارزیابی درس مطالعات اجتماعی کدام مورد اهمیت بیشتری دارد؟,توانایی به‌کارگیری آموخته‌های مرتبط با درس,سرعت پاسخ بدون دقت,حدس زدن همه پاسخ‌ها,حذف سؤال‌های دشوار,A,پاسخ درست بر اساس مفهوم کلی درس مطالعات اجتماعی: توانایی به‌کارگیری آموخته‌های مرتبط با درس,ترنم همدلی,original,1405
ششم,,تفکر و پژوهش,تفکر و پژوهش,ارزیابی پایه,مفاهیم پایه,تکمیل بانک,متوسط,درس تفکر و پژوهش بیشتر بر کدام حوزه تمرکز دارد؟,پرسشگری، استدلال و پژوهش,حفظ اطلاعات نامرتبط,موضوعات خارج از برنامه,فقط فعالیت ورزشی,A,پاسخ درست بر اساس مفهوم کلی درس تفکر و پژوهش: پرسشگری، استدلال و پژوهش,ترنم همدلی,original,1405
ششم,,تفکر و پژوهش,تفکر و پژوهش,ارزیابی پایه,مفاهیم پایه,تکمیل بانک,متوسط,کدام گزینه نمونه‌ای از یادگیری در درس تفکر و پژوهش است؟,پرسشگری، استدلال و پژوهش,انجام کاری بی‌ارتباط با درس,نادیده گرفتن تمرین,حذف مرور,A,پاسخ درست بر اساس مفهوم کلی درس تفکر و پژوهش: پرسشگری، استدلال و پژوهش,ترنم همدلی,original,1405
ششم,,تفکر و پژوهش,تفکر و پژوهش,ارزیابی پایه,مفاهیم پایه,تکمیل بانک,متوسط,برای پیشرفت در درس تفکر و پژوهش کدام روش مناسب‌تر است؟,مطالعه مفاهیم و تمرین متناسب با درس,حفظ پاسخ بدون فهم,حذف تمرین,مطالعه بدون مرور,A,پاسخ درست بر اساس مفهوم کلی درس تفکر و پژوهش: مطالعه مفاهیم و تمرین متناسب با درس,ترنم همدلی,original,1405
ششم,,تفکر و پژوهش,تفکر و پژوهش,ارزیابی پایه,مفاهیم پایه,تکمیل بانک,متوسط,در ارزیابی درس تفکر و پژوهش کدام مورد اهمیت بیشتری دارد؟,توانایی به‌کارگیری آموخته‌های مرتبط با درس,سرعت پاسخ بدون دقت,حدس زدن همه پاسخ‌ها,حذف سؤال‌های دشوار,A,پاسخ درست بر اساس مفهوم کلی درس تفکر و پژوهش: توانایی به‌کارگیری آموخته‌های مرتبط با درس,ترنم همدلی,original,1405
ششم,,تفکر و پژوهش,تفکر و پژوهش,ارزیابی پایه,مفاهیم پایه,تکمیل بانک,متوسط,اگر دانش‌آموز در تفکر و پژوهش اشتباه کند، بهترین اقدام چیست؟,تحلیل خطا و تمرین هدفمند,نادیده گرفتن خطا,حذف درس,تغییر پاسخ بدون بررسی,A,پاسخ درست بر اساس مفهوم کلی درس تفکر و پژوهش: تحلیل خطا و تمرین هدفمند,ترنم همدلی,original,1405
ششم,,تفکر و پژوهش,تفکر و پژوهش,ارزیابی پایه,مفاهیم پایه,تکمیل بانک,متوسط,کدام گزینه به مطالعه مؤثر تفکر و پژوهش نزدیک‌تر است؟,ترکیب فهم، تمرین و مرور,فقط خواندن سریع,فقط حفظ کردن گزینه‌ها,مطالعه بدون هدف,A,پاسخ درست بر اساس مفهوم کلی درس تفکر و پژوهش: ترکیب فهم، تمرین و مرور,ترنم همدلی,original,1405
ششم,,تفکر و پژوهش,تفکر و پژوهش,ارزیابی پایه,مفاهیم پایه,تکمیل بانک,متوسط,هدف یک آزمون آموزشی از درس تفکر و پژوهش چیست؟,شناسایی میزان یادگیری و نقاط نیازمند تقویت,صرفاً رتبه‌بندی دانش‌آموزان,حذف مباحث,افزایش تعداد سؤال بدون تحلیل,A,پاسخ درست بر اساس مفهوم کلی درس تفکر و پژوهش: شناسایی میزان یادگیری و نقاط نیازمند تقویت,ترنم همدلی,original,1405
ششم,,تفکر و پژوهش,تفکر و پژوهش,ارزیابی پایه,مفاهیم پایه,تکمیل بانک,متوسط,برای تشخیص ضعف در تفکر و پژوهش چه چیزی مفیدتر است؟,بررسی پاسخ‌ها و نوع خطاها,تعداد پیام‌های روزانه,حدس زدن علت ضعف,نادیده گرفتن نتیجه,A,پاسخ درست بر اساس مفهوم کلی درس تفکر و پژوهش: بررسی پاسخ‌ها و نوع خطاها,ترنم همدلی,original,1405
ششم,,تفکر و پژوهش,تفکر و پژوهش,ارزیابی پایه,مفاهیم پایه,تکمیل بانک,متوسط,کدام رفتار به یادگیری بهتر تفکر و پژوهش کمک می‌کند؟,تمرین منظم و رفع اشکال,مطالعه پراکنده بدون تمرین,حذف مرور,تکیه بر حدس,A,پاسخ درست بر اساس مفهوم کلی درس تفکر و پژوهش: تمرین منظم و رفع اشکال,ترنم همدلی,original,1405
ششم,,تفکر و پژوهش,تفکر و پژوهش,ارزیابی پایه,مفاهیم پایه,تکمیل بانک,متوسط,در مطالعه تفکر و پژوهش چرا مرور مهم است؟,برای تثبیت و بازیابی بهتر آموخته‌ها,برای حذف مطالب,برای افزایش زمان مطالعه بدون هدف,برای جلوگیری از تمرین,A,پاسخ درست بر اساس مفهوم کلی درس تفکر و پژوهش: برای تثبیت و بازیابی بهتر آموخته‌ها,ترنم همدلی,original,1405
ششم,,کار و فناوری,کار و فناوری,ارزیابی پایه,مفاهیم پایه,تکمیل بانک,متوسط,درس کار و فناوری بیشتر بر کدام حوزه تمرکز دارد؟,مهارت‌های فناوری، طراحی و کار عملی,حفظ اطلاعات نامرتبط,موضوعات خارج از برنامه,فقط فعالیت ورزشی,A,پاسخ درست بر اساس مفهوم کلی درس کار و فناوری: مهارت‌های فناوری، طراحی و کار عملی,ترنم همدلی,original,1405
ششم,,کار و فناوری,کار و فناوری,ارزیابی پایه,مفاهیم پایه,تکمیل بانک,متوسط,کدام گزینه نمونه‌ای از یادگیری در درس کار و فناوری است؟,مهارت‌های فناوری، طراحی و کار عملی,انجام کاری بی‌ارتباط با درس,نادیده گرفتن تمرین,حذف مرور,A,پاسخ درست بر اساس مفهوم کلی درس کار و فناوری: مهارت‌های فناوری، طراحی و کار عملی,ترنم همدلی,original,1405
ششم,,کار و فناوری,کار و فناوری,ارزیابی پایه,مفاهیم پایه,تکمیل بانک,متوسط,برای پیشرفت در درس کار و فناوری کدام روش مناسب‌تر است؟,مطالعه مفاهیم و تمرین متناسب با درس,حفظ پاسخ بدون فهم,حذف تمرین,مطالعه بدون مرور,A,پاسخ درست بر اساس مفهوم کلی درس کار و فناوری: مطالعه مفاهیم و تمرین متناسب با درس,ترنم همدلی,original,1405
ششم,,کار و فناوری,کار و فناوری,ارزیابی پایه,مفاهیم پایه,تکمیل بانک,متوسط,در ارزیابی درس کار و فناوری کدام مورد اهمیت بیشتری دارد؟,توانایی به‌کارگیری آموخته‌های مرتبط با درس,سرعت پاسخ بدون دقت,حدس زدن همه پاسخ‌ها,حذف سؤال‌های دشوار,A,پاسخ درست بر اساس مفهوم کلی درس کار و فناوری: توانایی به‌کارگیری آموخته‌های مرتبط با درس,ترنم همدلی,original,1405
ششم,,کار و فناوری,کار و فناوری,ارزیابی پایه,مفاهیم پایه,تکمیل بانک,متوسط,اگر دانش‌آموز در کار و فناوری اشتباه کند، بهترین اقدام چیست؟,تحلیل خطا و تمرین هدفمند,نادیده گرفتن خطا,حذف درس,تغییر پاسخ بدون بررسی,A,پاسخ درست بر اساس مفهوم کلی درس کار و فناوری: تحلیل خطا و تمرین هدفمند,ترنم همدلی,original,1405
ششم,,کار و فناوری,کار و فناوری,ارزیابی پایه,مفاهیم پایه,تکمیل بانک,متوسط,کدام گزینه به مطالعه مؤثر کار و فناوری نزدیک‌تر است؟,ترکیب فهم، تمرین و مرور,فقط خواندن سریع,فقط حفظ کردن گزینه‌ها,مطالعه بدون هدف,A,پاسخ درست بر اساس مفهوم کلی درس کار و فناوری: ترکیب فهم، تمرین و مرور,ترنم همدلی,original,1405
ششم,,کار و فناوری,کار و فناوری,ارزیابی پایه,مفاهیم پایه,تکمیل بانک,متوسط,هدف یک آزمون آموزشی از درس کار و فناوری چیست؟,شناسایی میزان یادگیری و نقاط نیازمند تقویت,صرفاً رتبه‌بندی دانش‌آموزان,حذف مباحث,افزایش تعداد سؤال بدون تحلیل,A,پاسخ درست بر اساس مفهوم کلی درس کار و فناوری: شناسایی میزان یادگیری و نقاط نیازمند تقویت,ترنم همدلی,original,1405
ششم,,کار و فناوری,کار و فناوری,ارزیابی پایه,مفاهیم پایه,تکمیل بانک,متوسط,برای تشخیص ضعف در کار و فناوری چه چیزی مفیدتر است؟,بررسی پاسخ‌ها و نوع خطاها,تعداد پیام‌های روزانه,حدس زدن علت ضعف,نادیده گرفتن نتیجه,A,پاسخ درست بر اساس مفهوم کلی درس کار و فناوری: بررسی پاسخ‌ها و نوع خطاها,ترنم همدلی,original,1405
ششم,,کار و فناوری,کار و فناوری,ارزیابی پایه,مفاهیم پایه,تکمیل بانک,متوسط,کدام رفتار به یادگیری بهتر کار و فناوری کمک می‌کند؟,تمرین منظم و رفع اشکال,مطالعه پراکنده بدون تمرین,حذف مرور,تکیه بر حدس,A,پاسخ درست بر اساس مفهوم کلی درس کار و فناوری: تمرین منظم و رفع اشکال,ترنم همدلی,original,1405
ششم,,کار و فناوری,کار و فناوری,ارزیابی پایه,مفاهیم پایه,تکمیل بانک,متوسط,در مطالعه کار و فناوری چرا مرور مهم است؟,برای تثبیت و بازیابی بهتر آموخته‌ها,برای حذف مطالب,برای افزایش زمان مطالعه بدون هدف,برای جلوگیری از تمرین,A,پاسخ درست بر اساس مفهوم کلی درس کار و فناوری: برای تثبیت و بازیابی بهتر آموخته‌ها,ترنم همدلی,original,1405
هفتم,,آموزش قرآن,آموزش قرآن,ارزیابی پایه,مفاهیم پایه,تکمیل بانک,متوسط,درس آموزش قرآن بیشتر بر کدام حوزه تمرکز دارد؟,خواندن، فهم و تدبر در آیات قرآن,حفظ اطلاعات نامرتبط,موضوعات خارج از برنامه,فقط فعالیت ورزشی,A,پاسخ درست بر اساس مفهوم کلی درس آموزش قرآن: خواندن، فهم و تدبر در آیات قرآن,ترنم همدلی,original,1405
هفتم,,آموزش قرآن,آموزش قرآن,ارزیابی پایه,مفاهیم پایه,تکمیل بانک,متوسط,کدام گزینه نمونه‌ای از یادگیری در درس آموزش قرآن است؟,خواندن، فهم و تدبر در آیات قرآن,انجام کاری بی‌ارتباط با درس,نادیده گرفتن تمرین,حذف مرور,A,پاسخ درست بر اساس مفهوم کلی درس آموزش قرآن: خواندن، فهم و تدبر در آیات قرآن,ترنم همدلی,original,1405
هفتم,,آموزش قرآن,آموزش قرآن,ارزیابی پایه,مفاهیم پایه,تکمیل بانک,متوسط,برای پیشرفت در درس آموزش قرآن کدام روش مناسب‌تر است؟,مطالعه مفاهیم و تمرین متناسب با درس,حفظ پاسخ بدون فهم,حذف تمرین,مطالعه بدون مرور,A,پاسخ درست بر اساس مفهوم کلی درس آموزش قرآن: مطالعه مفاهیم و تمرین متناسب با درس,ترنم همدلی,original,1405
هفتم,,آموزش قرآن,آموزش قرآن,ارزیابی پایه,مفاهیم پایه,تکمیل بانک,متوسط,در ارزیابی درس آموزش قرآن کدام مورد اهمیت بیشتری دارد؟,توانایی به‌کارگیری آموخته‌های مرتبط با درس,سرعت پاسخ بدون دقت,حدس زدن همه پاسخ‌ها,حذف سؤال‌های دشوار,A,پاسخ درست بر اساس مفهوم کلی درس آموزش قرآن: توانایی به‌کارگیری آموخته‌های مرتبط با درس,ترنم همدلی,original,1405
هفتم,,آموزش قرآن,آموزش قرآن,ارزیابی پایه,مفاهیم پایه,تکمیل بانک,متوسط,اگر دانش‌آموز در آموزش قرآن اشتباه کند، بهترین اقدام چیست؟,تحلیل خطا و تمرین هدفمند,نادیده گرفتن خطا,حذف درس,تغییر پاسخ بدون بررسی,A,پاسخ درست بر اساس مفهوم کلی درس آموزش قرآن: تحلیل خطا و تمرین هدفمند,ترنم همدلی,original,1405
هفتم,,آموزش قرآن,آموزش قرآن,ارزیابی پایه,مفاهیم پایه,تکمیل بانک,متوسط,کدام گزینه به مطالعه مؤثر آموزش قرآن نزدیک‌تر است؟,ترکیب فهم، تمرین و مرور,فقط خواندن سریع,فقط حفظ کردن گزینه‌ها,مطالعه بدون هدف,A,پاسخ درست بر اساس مفهوم کلی درس آموزش قرآن: ترکیب فهم، تمرین و مرور,ترنم همدلی,original,1405
هفتم,,آموزش قرآن,آموزش قرآن,ارزیابی پایه,مفاهیم پایه,تکمیل بانک,متوسط,هدف یک آزمون آموزشی از درس آموزش قرآن چیست؟,شناسایی میزان یادگیری و نقاط نیازمند تقویت,صرفاً رتبه‌بندی دانش‌آموزان,حذف مباحث,افزایش تعداد سؤال بدون تحلیل,A,پاسخ درست بر اساس مفهوم کلی درس آموزش قرآن: شناسایی میزان یادگیری و نقاط نیازمند تقویت,ترنم همدلی,original,1405
هفتم,,آموزش قرآن,آموزش قرآن,ارزیابی پایه,مفاهیم پایه,تکمیل بانک,متوسط,برای تشخیص ضعف در آموزش قرآن چه چیزی مفیدتر است؟,بررسی پاسخ‌ها و نوع خطاها,تعداد پیام‌های روزانه,حدس زدن علت ضعف,نادیده گرفتن نتیجه,A,پاسخ درست بر اساس مفهوم کلی درس آموزش قرآن: بررسی پاسخ‌ها و نوع خطاها,ترنم همدلی,original,1405
هفتم,,آموزش قرآن,آموزش قرآن,ارزیابی پایه,مفاهیم پایه,تکمیل بانک,متوسط,کدام رفتار به یادگیری بهتر آموزش قرآن کمک می‌کند؟,تمرین منظم و رفع اشکال,مطالعه پراکنده بدون تمرین,حذف مرور,تکیه بر حدس,A,پاسخ درست بر اساس مفهوم کلی درس آموزش قرآن: تمرین منظم و رفع اشکال,ترنم همدلی,original,1405
هفتم,,آموزش قرآن,آموزش قرآن,ارزیابی پایه,مفاهیم پایه,تکمیل بانک,متوسط,در مطالعه آموزش قرآن چرا مرور مهم است؟,برای تثبیت و بازیابی بهتر آموخته‌ها,برای حذف مطالب,برای افزایش زمان مطالعه بدون هدف,برای جلوگیری از تمرین,A,پاسخ درست بر اساس مفهوم کلی درس آموزش قرآن: برای تثبیت و بازیابی بهتر آموخته‌ها,ترنم همدلی,original,1405
هفتم,,پیام‌های آسمان,پیام‌های آسمان,بخش 1,توحید,تکمیل بانک,متوسط,درس پیام‌های آسمان بیشتر بر کدام حوزه تمرکز دارد؟,مفاهیم دینی و اخلاقی متناسب با دوره متوسطه اول,حفظ اطلاعات نامرتبط,موضوعات خارج از برنامه,فقط فعالیت ورزشی,A,پاسخ درست بر اساس مفهوم کلی درس پیام‌های آسمان: مفاهیم دینی و اخلاقی متناسب با دوره متوسطه اول,ترنم همدلی,original,1405
هفتم,,پیام‌های آسمان,پیام‌های آسمان,بخش 1,توحید,تکمیل بانک,متوسط,کدام گزینه نمونه‌ای از یادگیری در درس پیام‌های آسمان است؟,مفاهیم دینی و اخلاقی متناسب با دوره متوسطه اول,انجام کاری بی‌ارتباط با درس,نادیده گرفتن تمرین,حذف مرور,A,پاسخ درست بر اساس مفهوم کلی درس پیام‌های آسمان: مفاهیم دینی و اخلاقی متناسب با دوره متوسطه اول,ترنم همدلی,original,1405
هفتم,,پیام‌های آسمان,پیام‌های آسمان,بخش 1,توحید,تکمیل بانک,متوسط,برای پیشرفت در درس پیام‌های آسمان کدام روش مناسب‌تر است؟,مطالعه مفاهیم و تمرین متناسب با درس,حفظ پاسخ بدون فهم,حذف تمرین,مطالعه بدون مرور,A,پاسخ درست بر اساس مفهوم کلی درس پیام‌های آسمان: مطالعه مفاهیم و تمرین متناسب با درس,ترنم همدلی,original,1405
هفتم,,پیام‌های آسمان,پیام‌های آسمان,بخش 1,توحید,تکمیل بانک,متوسط,در ارزیابی درس پیام‌های آسمان کدام مورد اهمیت بیشتری دارد؟,توانایی به‌کارگیری آموخته‌های مرتبط با درس,سرعت پاسخ بدون دقت,حدس زدن همه پاسخ‌ها,حذف سؤال‌های دشوار,A,پاسخ درست بر اساس مفهوم کلی درس پیام‌های آسمان: توانایی به‌کارگیری آموخته‌های مرتبط با درس,ترنم همدلی,original,1405
هفتم,,فارسی,فارسی,بخش 1,واژگان,تکمیل بانک,متوسط,درس فارسی بیشتر بر کدام حوزه تمرکز دارد؟,خواندن، واژگان، دستور، ادبیات و درک متن,حفظ اطلاعات نامرتبط,موضوعات خارج از برنامه,فقط فعالیت ورزشی,A,پاسخ درست بر اساس مفهوم کلی درس فارسی: خواندن، واژگان، دستور، ادبیات و درک متن,ترنم همدلی,original,1405
هفتم,,فارسی,فارسی,بخش 1,واژگان,تکمیل بانک,متوسط,کدام گزینه نمونه‌ای از یادگیری در درس فارسی است؟,خواندن، واژگان، دستور، ادبیات و درک متن,انجام کاری بی‌ارتباط با درس,نادیده گرفتن تمرین,حذف مرور,A,پاسخ درست بر اساس مفهوم کلی درس فارسی: خواندن، واژگان، دستور، ادبیات و درک متن,ترنم همدلی,original,1405
هفتم,,فارسی,فارسی,بخش 1,واژگان,تکمیل بانک,متوسط,برای پیشرفت در درس فارسی کدام روش مناسب‌تر است؟,مطالعه مفاهیم و تمرین متناسب با درس,حفظ پاسخ بدون فهم,حذف تمرین,مطالعه بدون مرور,A,پاسخ درست بر اساس مفهوم کلی درس فارسی: مطالعه مفاهیم و تمرین متناسب با درس,ترنم همدلی,original,1405
هفتم,,فارسی,فارسی,بخش 1,واژگان,تکمیل بانک,متوسط,در ارزیابی درس فارسی کدام مورد اهمیت بیشتری دارد؟,توانایی به‌کارگیری آموخته‌های مرتبط با درس,سرعت پاسخ بدون دقت,حدس زدن همه پاسخ‌ها,حذف سؤال‌های دشوار,A,پاسخ درست بر اساس مفهوم کلی درس فارسی: توانایی به‌کارگیری آموخته‌های مرتبط با درس,ترنم همدلی,original,1405
هفتم,,نگارش,نگارش,ارزیابی پایه,مفاهیم پایه,تکمیل بانک,متوسط,درس نگارش بیشتر بر کدام حوزه تمرکز دارد؟,مهارت نوشتن، سازمان‌دهی و ویرایش متن,حفظ اطلاعات نامرتبط,موضوعات خارج از برنامه,فقط فعالیت ورزشی,A,پاسخ درست بر اساس مفهوم کلی درس نگارش: مهارت نوشتن، سازمان‌دهی و ویرایش متن,ترنم همدلی,original,1405
هفتم,,نگارش,نگارش,ارزیابی پایه,مفاهیم پایه,تکمیل بانک,متوسط,کدام گزینه نمونه‌ای از یادگیری در درس نگارش است؟,مهارت نوشتن، سازمان‌دهی و ویرایش متن,انجام کاری بی‌ارتباط با درس,نادیده گرفتن تمرین,حذف مرور,A,پاسخ درست بر اساس مفهوم کلی درس نگارش: مهارت نوشتن، سازمان‌دهی و ویرایش متن,ترنم همدلی,original,1405
هفتم,,نگارش,نگارش,ارزیابی پایه,مفاهیم پایه,تکمیل بانک,متوسط,برای پیشرفت در درس نگارش کدام روش مناسب‌تر است؟,مطالعه مفاهیم و تمرین متناسب با درس,حفظ پاسخ بدون فهم,حذف تمرین,مطالعه بدون مرور,A,پاسخ درست بر اساس مفهوم کلی درس نگارش: مطالعه مفاهیم و تمرین متناسب با درس,ترنم همدلی,original,1405
هفتم,,نگارش,نگارش,ارزیابی پایه,مفاهیم پایه,تکمیل بانک,متوسط,در ارزیابی درس نگارش کدام مورد اهمیت بیشتری دارد؟,توانایی به‌کارگیری آموخته‌های مرتبط با درس,سرعت پاسخ بدون دقت,حدس زدن همه پاسخ‌ها,حذف سؤال‌های دشوار,A,پاسخ درست بر اساس مفهوم کلی درس نگارش: توانایی به‌کارگیری آموخته‌های مرتبط با درس,ترنم همدلی,original,1405
هفتم,,نگارش,نگارش,ارزیابی پایه,مفاهیم پایه,تکمیل بانک,متوسط,اگر دانش‌آموز در نگارش اشتباه کند، بهترین اقدام چیست؟,تحلیل خطا و تمرین هدفمند,نادیده گرفتن خطا,حذف درس,تغییر پاسخ بدون بررسی,A,پاسخ درست بر اساس مفهوم کلی درس نگارش: تحلیل خطا و تمرین هدفمند,ترنم همدلی,original,1405
هفتم,,نگارش,نگارش,ارزیابی پایه,مفاهیم پایه,تکمیل بانک,متوسط,کدام گزینه به مطالعه مؤثر نگارش نزدیک‌تر است؟,ترکیب فهم، تمرین و مرور,فقط خواندن سریع,فقط حفظ کردن گزینه‌ها,مطالعه بدون هدف,A,پاسخ درست بر اساس مفهوم کلی درس نگارش: ترکیب فهم، تمرین و مرور,ترنم همدلی,original,1405
هفتم,,نگارش,نگارش,ارزیابی پایه,مفاهیم پایه,تکمیل بانک,متوسط,هدف یک آزمون آموزشی از درس نگارش چیست؟,شناسایی میزان یادگیری و نقاط نیازمند تقویت,صرفاً رتبه‌بندی دانش‌آموزان,حذف مباحث,افزایش تعداد سؤال بدون تحلیل,A,پاسخ درست بر اساس مفهوم کلی درس نگارش: شناسایی میزان یادگیری و نقاط نیازمند تقویت,ترنم همدلی,original,1405
هفتم,,نگارش,نگارش,ارزیابی پایه,مفاهیم پایه,تکمیل بانک,متوسط,برای تشخیص ضعف در نگارش چه چیزی مفیدتر است؟,بررسی پاسخ‌ها و نوع خطاها,تعداد پیام‌های روزانه,حدس زدن علت ضعف,نادیده گرفتن نتیجه,A,پاسخ درست بر اساس مفهوم کلی درس نگارش: بررسی پاسخ‌ها و نوع خطاها,ترنم همدلی,original,1405
هفتم,,نگارش,نگارش,ارزیابی پایه,مفاهیم پایه,تکمیل بانک,متوسط,کدام رفتار به یادگیری بهتر نگارش کمک می‌کند؟,تمرین منظم و رفع اشکال,مطالعه پراکنده بدون تمرین,حذف مرور,تکیه بر حدس,A,پاسخ درست بر اساس مفهوم کلی درس نگارش: تمرین منظم و رفع اشکال,ترنم همدلی,original,1405
هفتم,,نگارش,نگارش,ارزیابی پایه,مفاهیم پایه,تکمیل بانک,متوسط,در مطالعه نگارش چرا مرور مهم است؟,برای تثبیت و بازیابی بهتر آموخته‌ها,برای حذف مطالب,برای افزایش زمان مطالعه بدون هدف,برای جلوگیری از تمرین,A,پاسخ درست بر اساس مفهوم کلی درس نگارش: برای تثبیت و بازیابی بهتر آموخته‌ها,ترنم همدلی,original,1405
هفتم,,ریاضی,ریاضی,بخش 1,عددهای صحیح و گویا,تکمیل بانک,متوسط,درس ریاضی بیشتر بر کدام حوزه تمرکز دارد؟,حل مسئله و استدلال ریاضی,حفظ اطلاعات نامرتبط,موضوعات خارج از برنامه,فقط فعالیت ورزشی,A,پاسخ درست بر اساس مفهوم کلی درس ریاضی: حل مسئله و استدلال ریاضی,ترنم همدلی,original,1405
هفتم,,ریاضی,ریاضی,بخش 1,عددهای صحیح و گویا,تکمیل بانک,متوسط,کدام گزینه نمونه‌ای از یادگیری در درس ریاضی است؟,حل مسئله و استدلال ریاضی,انجام کاری بی‌ارتباط با درس,نادیده گرفتن تمرین,حذف مرور,A,پاسخ درست بر اساس مفهوم کلی درس ریاضی: حل مسئله و استدلال ریاضی,ترنم همدلی,original,1405
هفتم,,ریاضی,ریاضی,بخش 1,عددهای صحیح و گویا,تکمیل بانک,متوسط,برای پیشرفت در درس ریاضی کدام روش مناسب‌تر است؟,مطالعه مفاهیم و تمرین متناسب با درس,حفظ پاسخ بدون فهم,حذف تمرین,مطالعه بدون مرور,A,پاسخ درست بر اساس مفهوم کلی درس ریاضی: مطالعه مفاهیم و تمرین متناسب با درس,ترنم همدلی,original,1405
هفتم,,ریاضی,ریاضی,بخش 1,عددهای صحیح و گویا,تکمیل بانک,متوسط,در ارزیابی درس ریاضی کدام مورد اهمیت بیشتری دارد؟,توانایی به‌کارگیری آموخته‌های مرتبط با درس,سرعت پاسخ بدون دقت,حدس زدن همه پاسخ‌ها,حذف سؤال‌های دشوار,A,پاسخ درست بر اساس مفهوم کلی درس ریاضی: توانایی به‌کارگیری آموخته‌های مرتبط با درس,ترنم همدلی,original,1405
هفتم,,علوم تجربی,علوم تجربی,ارزیابی پایه,مفاهیم پایه,تکمیل بانک,متوسط,درس علوم تجربی بیشتر بر کدام حوزه تمرکز دارد؟,شناخت پدیده‌های طبیعی و روش علمی,حفظ اطلاعات نامرتبط,موضوعات خارج از برنامه,فقط فعالیت ورزشی,A,پاسخ درست بر اساس مفهوم کلی درس علوم تجربی: شناخت پدیده‌های طبیعی و روش علمی,ترنم همدلی,original,1405
هفتم,,علوم تجربی,علوم تجربی,ارزیابی پایه,مفاهیم پایه,تکمیل بانک,متوسط,کدام گزینه نمونه‌ای از یادگیری در درس علوم تجربی است؟,شناخت پدیده‌های طبیعی و روش علمی,انجام کاری بی‌ارتباط با درس,نادیده گرفتن تمرین,حذف مرور,A,پاسخ درست بر اساس مفهوم کلی درس علوم تجربی: شناخت پدیده‌های طبیعی و روش علمی,ترنم همدلی,original,1405
هفتم,,علوم تجربی,علوم تجربی,ارزیابی پایه,مفاهیم پایه,تکمیل بانک,متوسط,برای پیشرفت در درس علوم تجربی کدام روش مناسب‌تر است؟,مطالعه مفاهیم و تمرین متناسب با درس,حفظ پاسخ بدون فهم,حذف تمرین,مطالعه بدون مرور,A,پاسخ درست بر اساس مفهوم کلی درس علوم تجربی: مطالعه مفاهیم و تمرین متناسب با درس,ترنم همدلی,original,1405
هفتم,,علوم تجربی,علوم تجربی,ارزیابی پایه,مفاهیم پایه,تکمیل بانک,متوسط,در ارزیابی درس علوم تجربی کدام مورد اهمیت بیشتری دارد؟,توانایی به‌کارگیری آموخته‌های مرتبط با درس,سرعت پاسخ بدون دقت,حدس زدن همه پاسخ‌ها,حذف سؤال‌های دشوار,A,پاسخ درست بر اساس مفهوم کلی درس علوم تجربی: توانایی به‌کارگیری آموخته‌های مرتبط با درس,ترنم همدلی,original,1405
هفتم,,علوم تجربی,علوم تجربی,ارزیابی پایه,مفاهیم پایه,تکمیل بانک,متوسط,اگر دانش‌آموز در علوم تجربی اشتباه کند، بهترین اقدام چیست؟,تحلیل خطا و تمرین هدفمند,نادیده گرفتن خطا,حذف درس,تغییر پاسخ بدون بررسی,A,پاسخ درست بر اساس مفهوم کلی درس علوم تجربی: تحلیل خطا و تمرین هدفمند,ترنم همدلی,original,1405
هفتم,,علوم تجربی,علوم تجربی,ارزیابی پایه,مفاهیم پایه,تکمیل بانک,متوسط,کدام گزینه به مطالعه مؤثر علوم تجربی نزدیک‌تر است؟,ترکیب فهم، تمرین و مرور,فقط خواندن سریع,فقط حفظ کردن گزینه‌ها,مطالعه بدون هدف,A,پاسخ درست بر اساس مفهوم کلی درس علوم تجربی: ترکیب فهم، تمرین و مرور,ترنم همدلی,original,1405
هفتم,,علوم تجربی,علوم تجربی,ارزیابی پایه,مفاهیم پایه,تکمیل بانک,متوسط,هدف یک آزمون آموزشی از درس علوم تجربی چیست؟,شناسایی میزان یادگیری و نقاط نیازمند تقویت,صرفاً رتبه‌بندی دانش‌آموزان,حذف مباحث,افزایش تعداد سؤال بدون تحلیل,A,پاسخ درست بر اساس مفهوم کلی درس علوم تجربی: شناسایی میزان یادگیری و نقاط نیازمند تقویت,ترنم همدلی,original,1405
هفتم,,علوم تجربی,علوم تجربی,ارزیابی پایه,مفاهیم پایه,تکمیل بانک,متوسط,برای تشخیص ضعف در علوم تجربی چه چیزی مفیدتر است؟,بررسی پاسخ‌ها و نوع خطاها,تعداد پیام‌های روزانه,حدس زدن علت ضعف,نادیده گرفتن نتیجه,A,پاسخ درست بر اساس مفهوم کلی درس علوم تجربی: بررسی پاسخ‌ها و نوع خطاها,ترنم همدلی,original,1405
هفتم,,علوم تجربی,علوم تجربی,ارزیابی پایه,مفاهیم پایه,تکمیل بانک,متوسط,کدام رفتار به یادگیری بهتر علوم تجربی کمک می‌کند؟,تمرین منظم و رفع اشکال,مطالعه پراکنده بدون تمرین,حذف مرور,تکیه بر حدس,A,پاسخ درست بر اساس مفهوم کلی درس علوم تجربی: تمرین منظم و رفع اشکال,ترنم همدلی,original,1405
هفتم,,علوم تجربی,علوم تجربی,ارزیابی پایه,مفاهیم پایه,تکمیل بانک,متوسط,در مطالعه علوم تجربی چرا مرور مهم است؟,برای تثبیت و بازیابی بهتر آموخته‌ها,برای حذف مطالب,برای افزایش زمان مطالعه بدون هدف,برای جلوگیری از تمرین,A,پاسخ درست بر اساس مفهوم کلی درس علوم تجربی: برای تثبیت و بازیابی بهتر آموخته‌ها,ترنم همدلی,original,1405
هفتم,,مطالعات اجتماعی,مطالعات اجتماعی,بخش 1,جغرافیا,تکمیل بانک,متوسط,درس مطالعات اجتماعی بیشتر بر کدام حوزه تمرکز دارد؟,جامعه، تاریخ، جغرافیا و زندگی اجتماعی,حفظ اطلاعات نامرتبط,موضوعات خارج از برنامه,فقط فعالیت ورزشی,A,پاسخ درست بر اساس مفهوم کلی درس مطالعات اجتماعی: جامعه، تاریخ، جغرافیا و زندگی اجتماعی,ترنم همدلی,original,1405
هفتم,,مطالعات اجتماعی,مطالعات اجتماعی,بخش 1,جغرافیا,تکمیل بانک,متوسط,کدام گزینه نمونه‌ای از یادگیری در درس مطالعات اجتماعی است؟,جامعه، تاریخ، جغرافیا و زندگی اجتماعی,انجام کاری بی‌ارتباط با درس,نادیده گرفتن تمرین,حذف مرور,A,پاسخ درست بر اساس مفهوم کلی درس مطالعات اجتماعی: جامعه، تاریخ، جغرافیا و زندگی اجتماعی,ترنم همدلی,original,1405
هفتم,,مطالعات اجتماعی,مطالعات اجتماعی,بخش 1,جغرافیا,تکمیل بانک,متوسط,برای پیشرفت در درس مطالعات اجتماعی کدام روش مناسب‌تر است؟,مطالعه مفاهیم و تمرین متناسب با درس,حفظ پاسخ بدون فهم,حذف تمرین,مطالعه بدون مرور,A,پاسخ درست بر اساس مفهوم کلی درس مطالعات اجتماعی: مطالعه مفاهیم و تمرین متناسب با درس,ترنم همدلی,original,1405
هفتم,,مطالعات اجتماعی,مطالعات اجتماعی,بخش 1,جغرافیا,تکمیل بانک,متوسط,در ارزیابی درس مطالعات اجتماعی کدام مورد اهمیت بیشتری دارد؟,توانایی به‌کارگیری آموخته‌های مرتبط با درس,سرعت پاسخ بدون دقت,حدس زدن همه پاسخ‌ها,حذف سؤال‌های دشوار,A,پاسخ درست بر اساس مفهوم کلی درس مطالعات اجتماعی: توانایی به‌کارگیری آموخته‌های مرتبط با درس,ترنم همدلی,original,1405
هفتم,,عربی,عربی,بخش 1,ترجمه,تکمیل بانک,متوسط,درس عربی بیشتر بر کدام حوزه تمرکز دارد؟,واژگان، ترجمه و ساختارهای زبانی عربی,حفظ اطلاعات نامرتبط,موضوعات خارج از برنامه,فقط فعالیت ورزشی,A,پاسخ درست بر اساس مفهوم کلی درس عربی: واژگان، ترجمه و ساختارهای زبانی عربی,ترنم همدلی,original,1405
هفتم,,عربی,عربی,بخش 1,ترجمه,تکمیل بانک,متوسط,کدام گزینه نمونه‌ای از یادگیری در درس عربی است؟,واژگان، ترجمه و ساختارهای زبانی عربی,انجام کاری بی‌ارتباط با درس,نادیده گرفتن تمرین,حذف مرور,A,پاسخ درست بر اساس مفهوم کلی درس عربی: واژگان، ترجمه و ساختارهای زبانی عربی,ترنم همدلی,original,1405
هفتم,,عربی,عربی,بخش 1,ترجمه,تکمیل بانک,متوسط,برای پیشرفت در درس عربی کدام روش مناسب‌تر است؟,مطالعه مفاهیم و تمرین متناسب با درس,حفظ پاسخ بدون فهم,حذف تمرین,مطالعه بدون مرور,A,پاسخ درست بر اساس مفهوم کلی درس عربی: مطالعه مفاهیم و تمرین متناسب با درس,ترنم همدلی,original,1405
هفتم,,عربی,عربی,بخش 1,ترجمه,تکمیل بانک,متوسط,در ارزیابی درس عربی کدام مورد اهمیت بیشتری دارد؟,توانایی به‌کارگیری آموخته‌های مرتبط با درس,سرعت پاسخ بدون دقت,حدس زدن همه پاسخ‌ها,حذف سؤال‌های دشوار,A,پاسخ درست بر اساس مفهوم کلی درس عربی: توانایی به‌کارگیری آموخته‌های مرتبط با درس,ترنم همدلی,original,1405
هفتم,,انگلیسی,انگلیسی,بخش 1,واژگان,تکمیل بانک,متوسط,درس انگلیسی بیشتر بر کدام حوزه تمرکز دارد؟,واژگان، گرامر، خواندن و ارتباط به زبان انگلیسی,حفظ اطلاعات نامرتبط,موضوعات خارج از برنامه,فقط فعالیت ورزشی,A,پاسخ درست بر اساس مفهوم کلی درس انگلیسی: واژگان، گرامر، خواندن و ارتباط به زبان انگلیسی,ترنم همدلی,original,1405
هفتم,,انگلیسی,انگلیسی,بخش 1,واژگان,تکمیل بانک,متوسط,کدام گزینه نمونه‌ای از یادگیری در درس انگلیسی است؟,واژگان، گرامر، خواندن و ارتباط به زبان انگلیسی,انجام کاری بی‌ارتباط با درس,نادیده گرفتن تمرین,حذف مرور,A,پاسخ درست بر اساس مفهوم کلی درس انگلیسی: واژگان، گرامر، خواندن و ارتباط به زبان انگلیسی,ترنم همدلی,original,1405
هفتم,,انگلیسی,انگلیسی,بخش 1,واژگان,تکمیل بانک,متوسط,برای پیشرفت در درس انگلیسی کدام روش مناسب‌تر است؟,مطالعه مفاهیم و تمرین متناسب با درس,حفظ پاسخ بدون فهم,حذف تمرین,مطالعه بدون مرور,A,پاسخ درست بر اساس مفهوم کلی درس انگلیسی: مطالعه مفاهیم و تمرین متناسب با درس,ترنم همدلی,original,1405
هفتم,,انگلیسی,انگلیسی,بخش 1,واژگان,تکمیل بانک,متوسط,در ارزیابی درس انگلیسی کدام مورد اهمیت بیشتری دارد؟,توانایی به‌کارگیری آموخته‌های مرتبط با درس,سرعت پاسخ بدون دقت,حدس زدن همه پاسخ‌ها,حذف سؤال‌های دشوار,A,پاسخ درست بر اساس مفهوم کلی درس انگلیسی: توانایی به‌کارگیری آموخته‌های مرتبط با درس,ترنم همدلی,original,1405
هفتم,,تفکر و سبک زندگی,تفکر و سبک زندگی,ارزیابی پایه,مفاهیم پایه,تکمیل بانک,متوسط,درس تفکر و سبک زندگی بیشتر بر کدام حوزه تمرکز دارد؟,مهارت‌های فردی، اجتماعی و تصمیم‌گیری,حفظ اطلاعات نامرتبط,موضوعات خارج از برنامه,فقط فعالیت ورزشی,A,پاسخ درست بر اساس مفهوم کلی درس تفکر و سبک زندگی: مهارت‌های فردی، اجتماعی و تصمیم‌گیری,ترنم همدلی,original,1405
هفتم,,تفکر و سبک زندگی,تفکر و سبک زندگی,ارزیابی پایه,مفاهیم پایه,تکمیل بانک,متوسط,کدام گزینه نمونه‌ای از یادگیری در درس تفکر و سبک زندگی است؟,مهارت‌های فردی، اجتماعی و تصمیم‌گیری,انجام کاری بی‌ارتباط با درس,نادیده گرفتن تمرین,حذف مرور,A,پاسخ درست بر اساس مفهوم کلی درس تفکر و سبک زندگی: مهارت‌های فردی، اجتماعی و تصمیم‌گیری,ترنم همدلی,original,1405
هفتم,,تفکر و سبک زندگی,تفکر و سبک زندگی,ارزیابی پایه,مفاهیم پایه,تکمیل بانک,متوسط,برای پیشرفت در درس تفکر و سبک زندگی کدام روش مناسب‌تر است؟,مطالعه مفاهیم و تمرین متناسب با درس,حفظ پاسخ بدون فهم,حذف تمرین,مطالعه بدون مرور,A,پاسخ درست بر اساس مفهوم کلی درس تفکر و سبک زندگی: مطالعه مفاهیم و تمرین متناسب با درس,ترنم همدلی,original,1405
هفتم,,تفکر و سبک زندگی,تفکر و سبک زندگی,ارزیابی پایه,مفاهیم پایه,تکمیل بانک,متوسط,در ارزیابی درس تفکر و سبک زندگی کدام مورد اهمیت بیشتری دارد؟,توانایی به‌کارگیری آموخته‌های مرتبط با درس,سرعت پاسخ بدون دقت,حدس زدن همه پاسخ‌ها,حذف سؤال‌های دشوار,A,پاسخ درست بر اساس مفهوم کلی درس تفکر و سبک زندگی: توانایی به‌کارگیری آموخته‌های مرتبط با درس,ترنم همدلی,original,1405
هفتم,,تفکر و سبک زندگی,تفکر و سبک زندگی,ارزیابی پایه,مفاهیم پایه,تکمیل بانک,متوسط,اگر دانش‌آموز در تفکر و سبک زندگی اشتباه کند، بهترین اقدام چیست؟,تحلیل خطا و تمرین هدفمند,نادیده گرفتن خطا,حذف درس,تغییر پاسخ بدون بررسی,A,پاسخ درست بر اساس مفهوم کلی درس تفکر و سبک زندگی: تحلیل خطا و تمرین هدفمند,ترنم همدلی,original,1405
هفتم,,تفکر و سبک زندگی,تفکر و سبک زندگی,ارزیابی پایه,مفاهیم پایه,تکمیل بانک,متوسط,کدام گزینه به مطالعه مؤثر تفکر و سبک زندگی نزدیک‌تر است؟,ترکیب فهم، تمرین و مرور,فقط خواندن سریع,فقط حفظ کردن گزینه‌ها,مطالعه بدون هدف,A,پاسخ درست بر اساس مفهوم کلی درس تفکر و سبک زندگی: ترکیب فهم، تمرین و مرور,ترنم همدلی,original,1405
هفتم,,تفکر و سبک زندگی,تفکر و سبک زندگی,ارزیابی پایه,مفاهیم پایه,تکمیل بانک,متوسط,هدف یک آزمون آموزشی از درس تفکر و سبک زندگی چیست؟,شناسایی میزان یادگیری و نقاط نیازمند تقویت,صرفاً رتبه‌بندی دانش‌آموزان,حذف مباحث,افزایش تعداد سؤال بدون تحلیل,A,پاسخ درست بر اساس مفهوم کلی درس تفکر و سبک زندگی: شناسایی میزان یادگیری و نقاط نیازمند تقویت,ترنم همدلی,original,1405
هفتم,,تفکر و سبک زندگی,تفکر و سبک زندگی,ارزیابی پایه,مفاهیم پایه,تکمیل بانک,متوسط,برای تشخیص ضعف در تفکر و سبک زندگی چه چیزی مفیدتر است؟,بررسی پاسخ‌ها و نوع خطاها,تعداد پیام‌های روزانه,حدس زدن علت ضعف,نادیده گرفتن نتیجه,A,پاسخ درست بر اساس مفهوم کلی درس تفکر و سبک زندگی: بررسی پاسخ‌ها و نوع خطاها,ترنم همدلی,original,1405
هفتم,,تفکر و سبک زندگی,تفکر و سبک زندگی,ارزیابی پایه,مفاهیم پایه,تکمیل بانک,متوسط,کدام رفتار به یادگیری بهتر تفکر و سبک زندگی کمک می‌کند؟,تمرین منظم و رفع اشکال,مطالعه پراکنده بدون تمرین,حذف مرور,تکیه بر حدس,A,پاسخ درست بر اساس مفهوم کلی درس تفکر و سبک زندگی: تمرین منظم و رفع اشکال,ترنم همدلی,original,1405
هفتم,,تفکر و سبک زندگی,تفکر و سبک زندگی,ارزیابی پایه,مفاهیم پایه,تکمیل بانک,متوسط,در مطالعه تفکر و سبک زندگی چرا مرور مهم است؟,برای تثبیت و بازیابی بهتر آموخته‌ها,برای حذف مطالب,برای افزایش زمان مطالعه بدون هدف,برای جلوگیری از تمرین,A,پاسخ درست بر اساس مفهوم کلی درس تفکر و سبک زندگی: برای تثبیت و بازیابی بهتر آموخته‌ها,ترنم همدلی,original,1405
هفتم,,فرهنگ و هنر,فرهنگ و هنر,ارزیابی پایه,مفاهیم پایه,تکمیل بانک,متوسط,درس فرهنگ و هنر بیشتر بر کدام حوزه تمرکز دارد؟,شناخت و تجربه مفاهیم فرهنگی و هنری,حفظ اطلاعات نامرتبط,موضوعات خارج از برنامه,فقط فعالیت ورزشی,A,پاسخ درست بر اساس مفهوم کلی درس فرهنگ و هنر: شناخت و تجربه مفاهیم فرهنگی و هنری,ترنم همدلی,original,1405
هفتم,,فرهنگ و هنر,فرهنگ و هنر,ارزیابی پایه,مفاهیم پایه,تکمیل بانک,متوسط,کدام گزینه نمونه‌ای از یادگیری در درس فرهنگ و هنر است؟,شناخت و تجربه مفاهیم فرهنگی و هنری,انجام کاری بی‌ارتباط با درس,نادیده گرفتن تمرین,حذف مرور,A,پاسخ درست بر اساس مفهوم کلی درس فرهنگ و هنر: شناخت و تجربه مفاهیم فرهنگی و هنری,ترنم همدلی,original,1405
هفتم,,فرهنگ و هنر,فرهنگ و هنر,ارزیابی پایه,مفاهیم پایه,تکمیل بانک,متوسط,برای پیشرفت در درس فرهنگ و هنر کدام روش مناسب‌تر است؟,مطالعه مفاهیم و تمرین متناسب با درس,حفظ پاسخ بدون فهم,حذف تمرین,مطالعه بدون مرور,A,پاسخ درست بر اساس مفهوم کلی درس فرهنگ و هنر: مطالعه مفاهیم و تمرین متناسب با درس,ترنم همدلی,original,1405
هفتم,,فرهنگ و هنر,فرهنگ و هنر,ارزیابی پایه,مفاهیم پایه,تکمیل بانک,متوسط,در ارزیابی درس فرهنگ و هنر کدام مورد اهمیت بیشتری دارد؟,توانایی به‌کارگیری آموخته‌های مرتبط با درس,سرعت پاسخ بدون دقت,حدس زدن همه پاسخ‌ها,حذف سؤال‌های دشوار,A,پاسخ درست بر اساس مفهوم کلی درس فرهنگ و هنر: توانایی به‌کارگیری آموخته‌های مرتبط با درس,ترنم همدلی,original,1405
هفتم,,فرهنگ و هنر,فرهنگ و هنر,ارزیابی پایه,مفاهیم پایه,تکمیل بانک,متوسط,اگر دانش‌آموز در فرهنگ و هنر اشتباه کند، بهترین اقدام چیست؟,تحلیل خطا و تمرین هدفمند,نادیده گرفتن خطا,حذف درس,تغییر پاسخ بدون بررسی,A,پاسخ درست بر اساس مفهوم کلی درس فرهنگ و هنر: تحلیل خطا و تمرین هدفمند,ترنم همدلی,original,1405
هفتم,,فرهنگ و هنر,فرهنگ و هنر,ارزیابی پایه,مفاهیم پایه,تکمیل بانک,متوسط,کدام گزینه به مطالعه مؤثر فرهنگ و هنر نزدیک‌تر است؟,ترکیب فهم، تمرین و مرور,فقط خواندن سریع,فقط حفظ کردن گزینه‌ها,مطالعه بدون هدف,A,پاسخ درست بر اساس مفهوم کلی درس فرهنگ و هنر: ترکیب فهم، تمرین و مرور,ترنم همدلی,original,1405
هفتم,,فرهنگ و هنر,فرهنگ و هنر,ارزیابی پایه,مفاهیم پایه,تکمیل بانک,متوسط,هدف یک آزمون آموزشی از درس فرهنگ و هنر چیست؟,شناسایی میزان یادگیری و نقاط نیازمند تقویت,صرفاً رتبه‌بندی دانش‌آموزان,حذف مباحث,افزایش تعداد سؤال بدون تحلیل,A,پاسخ درست بر اساس مفهوم کلی درس فرهنگ و هنر: شناسایی میزان یادگیری و نقاط نیازمند تقویت,ترنم همدلی,original,1405
هفتم,,فرهنگ و هنر,فرهنگ و هنر,ارزیابی پایه,مفاهیم پایه,تکمیل بانک,متوسط,برای تشخیص ضعف در فرهنگ و هنر چه چیزی مفیدتر است؟,بررسی پاسخ‌ها و نوع خطاها,تعداد پیام‌های روزانه,حدس زدن علت ضعف,نادیده گرفتن نتیجه,A,پاسخ درست بر اساس مفهوم کلی درس فرهنگ و هنر: بررسی پاسخ‌ها و نوع خطاها,ترنم همدلی,original,1405
هفتم,,فرهنگ و هنر,فرهنگ و هنر,ارزیابی پایه,مفاهیم پایه,تکمیل بانک,متوسط,کدام رفتار به یادگیری بهتر فرهنگ و هنر کمک می‌کند؟,تمرین منظم و رفع اشکال,مطالعه پراکنده بدون تمرین,حذف مرور,تکیه بر حدس,A,پاسخ درست بر اساس مفهوم کلی درس فرهنگ و هنر: تمرین منظم و رفع اشکال,ترنم همدلی,original,1405
هفتم,,فرهنگ و هنر,فرهنگ و هنر,ارزیابی پایه,مفاهیم پایه,تکمیل بانک,متوسط,در مطالعه فرهنگ و هنر چرا مرور مهم است؟,برای تثبیت و بازیابی بهتر آموخته‌ها,برای حذف مطالب,برای افزایش زمان مطالعه بدون هدف,برای جلوگیری از تمرین,A,پاسخ درست بر اساس مفهوم کلی درس فرهنگ و هنر: برای تثبیت و بازیابی بهتر آموخته‌ها,ترنم همدلی,original,1405
هفتم,,کار و فناوری,کار و فناوری,ارزیابی پایه,مفاهیم پایه,تکمیل بانک,متوسط,درس کار و فناوری بیشتر بر کدام حوزه تمرکز دارد؟,مهارت‌های فناوری، طراحی و کار عملی,حفظ اطلاعات نامرتبط,موضوعات خارج از برنامه,فقط فعالیت ورزشی,A,پاسخ درست بر اساس مفهوم کلی درس کار و فناوری: مهارت‌های فناوری، طراحی و کار عملی,ترنم همدلی,original,1405
هفتم,,کار و فناوری,کار و فناوری,ارزیابی پایه,مفاهیم پایه,تکمیل بانک,متوسط,کدام گزینه نمونه‌ای از یادگیری در درس کار و فناوری است؟,مهارت‌های فناوری، طراحی و کار عملی,انجام کاری بی‌ارتباط با درس,نادیده گرفتن تمرین,حذف مرور,A,پاسخ درست بر اساس مفهوم کلی درس کار و فناوری: مهارت‌های فناوری، طراحی و کار عملی,ترنم همدلی,original,1405
هفتم,,کار و فناوری,کار و فناوری,ارزیابی پایه,مفاهیم پایه,تکمیل بانک,متوسط,برای پیشرفت در درس کار و فناوری کدام روش مناسب‌تر است؟,مطالعه مفاهیم و تمرین متناسب با درس,حفظ پاسخ بدون فهم,حذف تمرین,مطالعه بدون مرور,A,پاسخ درست بر اساس مفهوم کلی درس کار و فناوری: مطالعه مفاهیم و تمرین متناسب با درس,ترنم همدلی,original,1405
هفتم,,کار و فناوری,کار و فناوری,ارزیابی پایه,مفاهیم پایه,تکمیل بانک,متوسط,در ارزیابی درس کار و فناوری کدام مورد اهمیت بیشتری دارد؟,توانایی به‌کارگیری آموخته‌های مرتبط با درس,سرعت پاسخ بدون دقت,حدس زدن همه پاسخ‌ها,حذف سؤال‌های دشوار,A,پاسخ درست بر اساس مفهوم کلی درس کار و فناوری: توانایی به‌کارگیری آموخته‌های مرتبط با درس,ترنم همدلی,original,1405
هفتم,,کار و فناوری,کار و فناوری,ارزیابی پایه,مفاهیم پایه,تکمیل بانک,متوسط,اگر دانش‌آموز در کار و فناوری اشتباه کند، بهترین اقدام چیست؟,تحلیل خطا و تمرین هدفمند,نادیده گرفتن خطا,حذف درس,تغییر پاسخ بدون بررسی,A,پاسخ درست بر اساس مفهوم کلی درس کار و فناوری: تحلیل خطا و تمرین هدفمند,ترنم همدلی,original,1405
هفتم,,کار و فناوری,کار و فناوری,ارزیابی پایه,مفاهیم پایه,تکمیل بانک,متوسط,کدام گزینه به مطالعه مؤثر کار و فناوری نزدیک‌تر است؟,ترکیب فهم، تمرین و مرور,فقط خواندن سریع,فقط حفظ کردن گزینه‌ها,مطالعه بدون هدف,A,پاسخ درست بر اساس مفهوم کلی درس کار و فناوری: ترکیب فهم، تمرین و مرور,ترنم همدلی,original,1405
هفتم,,کار و فناوری,کار و فناوری,ارزیابی پایه,مفاهیم پایه,تکمیل بانک,متوسط,هدف یک آزمون آموزشی از درس کار و فناوری چیست؟,شناسایی میزان یادگیری و نقاط نیازمند تقویت,صرفاً رتبه‌بندی دانش‌آموزان,حذف مباحث,افزایش تعداد سؤال بدون تحلیل,A,پاسخ درست بر اساس مفهوم کلی درس کار و فناوری: شناسایی میزان یادگیری و نقاط نیازمند تقویت,ترنم همدلی,original,1405
هفتم,,کار و فناوری,کار و فناوری,ارزیابی پایه,مفاهیم پایه,تکمیل بانک,متوسط,برای تشخیص ضعف در کار و فناوری چه چیزی مفیدتر است؟,بررسی پاسخ‌ها و نوع خطاها,تعداد پیام‌های روزانه,حدس زدن علت ضعف,نادیده گرفتن نتیجه,A,پاسخ درست بر اساس مفهوم کلی درس کار و فناوری: بررسی پاسخ‌ها و نوع خطاها,ترنم همدلی,original,1405
هفتم,,کار و فناوری,کار و فناوری,ارزیابی پایه,مفاهیم پایه,تکمیل بانک,متوسط,کدام رفتار به یادگیری بهتر کار و فناوری کمک می‌کند؟,تمرین منظم و رفع اشکال,مطالعه پراکنده بدون تمرین,حذف مرور,تکیه بر حدس,A,پاسخ درست بر اساس مفهوم کلی درس کار و فناوری: تمرین منظم و رفع اشکال,ترنم همدلی,original,1405
هفتم,,کار و فناوری,کار و فناوری,ارزیابی پایه,مفاهیم پایه,تکمیل بانک,متوسط,در مطالعه کار و فناوری چرا مرور مهم است؟,برای تثبیت و بازیابی بهتر آموخته‌ها,برای حذف مطالب,برای افزایش زمان مطالعه بدون هدف,برای جلوگیری از تمرین,A,پاسخ درست بر اساس مفهوم کلی درس کار و فناوری: برای تثبیت و بازیابی بهتر آموخته‌ها,ترنم همدلی,original,1405
هشتم,,آموزش قرآن,آموزش قرآن,ارزیابی پایه,مفاهیم پایه,تکمیل بانک,متوسط,درس آموزش قرآن بیشتر بر کدام حوزه تمرکز دارد؟,خواندن، فهم و تدبر در آیات قرآن,حفظ اطلاعات نامرتبط,موضوعات خارج از برنامه,فقط فعالیت ورزشی,A,پاسخ درست بر اساس مفهوم کلی درس آموزش قرآن: خواندن، فهم و تدبر در آیات قرآن,ترنم همدلی,original,1405
هشتم,,آموزش قرآن,آموزش قرآن,ارزیابی پایه,مفاهیم پایه,تکمیل بانک,متوسط,کدام گزینه نمونه‌ای از یادگیری در درس آموزش قرآن است؟,خواندن، فهم و تدبر در آیات قرآن,انجام کاری بی‌ارتباط با درس,نادیده گرفتن تمرین,حذف مرور,A,پاسخ درست بر اساس مفهوم کلی درس آموزش قرآن: خواندن، فهم و تدبر در آیات قرآن,ترنم همدلی,original,1405
هشتم,,آموزش قرآن,آموزش قرآن,ارزیابی پایه,مفاهیم پایه,تکمیل بانک,متوسط,برای پیشرفت در درس آموزش قرآن کدام روش مناسب‌تر است؟,مطالعه مفاهیم و تمرین متناسب با درس,حفظ پاسخ بدون فهم,حذف تمرین,مطالعه بدون مرور,A,پاسخ درست بر اساس مفهوم کلی درس آموزش قرآن: مطالعه مفاهیم و تمرین متناسب با درس,ترنم همدلی,original,1405
هشتم,,آموزش قرآن,آموزش قرآن,ارزیابی پایه,مفاهیم پایه,تکمیل بانک,متوسط,در ارزیابی درس آموزش قرآن کدام مورد اهمیت بیشتری دارد؟,توانایی به‌کارگیری آموخته‌های مرتبط با درس,سرعت پاسخ بدون دقت,حدس زدن همه پاسخ‌ها,حذف سؤال‌های دشوار,A,پاسخ درست بر اساس مفهوم کلی درس آموزش قرآن: توانایی به‌کارگیری آموخته‌های مرتبط با درس,ترنم همدلی,original,1405
هشتم,,آموزش قرآن,آموزش قرآن,ارزیابی پایه,مفاهیم پایه,تکمیل بانک,متوسط,اگر دانش‌آموز در آموزش قرآن اشتباه کند، بهترین اقدام چیست؟,تحلیل خطا و تمرین هدفمند,نادیده گرفتن خطا,حذف درس,تغییر پاسخ بدون بررسی,A,پاسخ درست بر اساس مفهوم کلی درس آموزش قرآن: تحلیل خطا و تمرین هدفمند,ترنم همدلی,original,1405
هشتم,,آموزش قرآن,آموزش قرآن,ارزیابی پایه,مفاهیم پایه,تکمیل بانک,متوسط,کدام گزینه به مطالعه مؤثر آموزش قرآن نزدیک‌تر است؟,ترکیب فهم، تمرین و مرور,فقط خواندن سریع,فقط حفظ کردن گزینه‌ها,مطالعه بدون هدف,A,پاسخ درست بر اساس مفهوم کلی درس آموزش قرآن: ترکیب فهم، تمرین و مرور,ترنم همدلی,original,1405
هشتم,,آموزش قرآن,آموزش قرآن,ارزیابی پایه,مفاهیم پایه,تکمیل بانک,متوسط,هدف یک آزمون آموزشی از درس آموزش قرآن چیست؟,شناسایی میزان یادگیری و نقاط نیازمند تقویت,صرفاً رتبه‌بندی دانش‌آموزان,حذف مباحث,افزایش تعداد سؤال بدون تحلیل,A,پاسخ درست بر اساس مفهوم کلی درس آموزش قرآن: شناسایی میزان یادگیری و نقاط نیازمند تقویت,ترنم همدلی,original,1405
هشتم,,آموزش قرآن,آموزش قرآن,ارزیابی پایه,مفاهیم پایه,تکمیل بانک,متوسط,برای تشخیص ضعف در آموزش قرآن چه چیزی مفیدتر است؟,بررسی پاسخ‌ها و نوع خطاها,تعداد پیام‌های روزانه,حدس زدن علت ضعف,نادیده گرفتن نتیجه,A,پاسخ درست بر اساس مفهوم کلی درس آموزش قرآن: بررسی پاسخ‌ها و نوع خطاها,ترنم همدلی,original,1405
هشتم,,آموزش قرآن,آموزش قرآن,ارزیابی پایه,مفاهیم پایه,تکمیل بانک,متوسط,کدام رفتار به یادگیری بهتر آموزش قرآن کمک می‌کند؟,تمرین منظم و رفع اشکال,مطالعه پراکنده بدون تمرین,حذف مرور,تکیه بر حدس,A,پاسخ درست بر اساس مفهوم کلی درس آموزش قرآن: تمرین منظم و رفع اشکال,ترنم همدلی,original,1405
هشتم,,آموزش قرآن,آموزش قرآن,ارزیابی پایه,مفاهیم پایه,تکمیل بانک,متوسط,در مطالعه آموزش قرآن چرا مرور مهم است؟,برای تثبیت و بازیابی بهتر آموخته‌ها,برای حذف مطالب,برای افزایش زمان مطالعه بدون هدف,برای جلوگیری از تمرین,A,پاسخ درست بر اساس مفهوم کلی درس آموزش قرآن: برای تثبیت و بازیابی بهتر آموخته‌ها,ترنم همدلی,original,1405
هشتم,,پیام‌های آسمان,پیام‌های آسمان,بخش 1,توحید,تکمیل بانک,متوسط,درس پیام‌های آسمان بیشتر بر کدام حوزه تمرکز دارد؟,مفاهیم دینی و اخلاقی متناسب با دوره متوسطه اول,حفظ اطلاعات نامرتبط,موضوعات خارج از برنامه,فقط فعالیت ورزشی,A,پاسخ درست بر اساس مفهوم کلی درس پیام‌های آسمان: مفاهیم دینی و اخلاقی متناسب با دوره متوسطه اول,ترنم همدلی,original,1405
هشتم,,پیام‌های آسمان,پیام‌های آسمان,بخش 1,توحید,تکمیل بانک,متوسط,کدام گزینه نمونه‌ای از یادگیری در درس پیام‌های آسمان است؟,مفاهیم دینی و اخلاقی متناسب با دوره متوسطه اول,انجام کاری بی‌ارتباط با درس,نادیده گرفتن تمرین,حذف مرور,A,پاسخ درست بر اساس مفهوم کلی درس پیام‌های آسمان: مفاهیم دینی و اخلاقی متناسب با دوره متوسطه اول,ترنم همدلی,original,1405
هشتم,,پیام‌های آسمان,پیام‌های آسمان,بخش 1,توحید,تکمیل بانک,متوسط,برای پیشرفت در درس پیام‌های آسمان کدام روش مناسب‌تر است؟,مطالعه مفاهیم و تمرین متناسب با درس,حفظ پاسخ بدون فهم,حذف تمرین,مطالعه بدون مرور,A,پاسخ درست بر اساس مفهوم کلی درس پیام‌های آسمان: مطالعه مفاهیم و تمرین متناسب با درس,ترنم همدلی,original,1405
هشتم,,پیام‌های آسمان,پیام‌های آسمان,بخش 1,توحید,تکمیل بانک,متوسط,در ارزیابی درس پیام‌های آسمان کدام مورد اهمیت بیشتری دارد؟,توانایی به‌کارگیری آموخته‌های مرتبط با درس,سرعت پاسخ بدون دقت,حدس زدن همه پاسخ‌ها,حذف سؤال‌های دشوار,A,پاسخ درست بر اساس مفهوم کلی درس پیام‌های آسمان: توانایی به‌کارگیری آموخته‌های مرتبط با درس,ترنم همدلی,original,1405
هشتم,,فارسی,فارسی,بخش 1,واژگان,تکمیل بانک,متوسط,درس فارسی بیشتر بر کدام حوزه تمرکز دارد؟,خواندن، واژگان، دستور، ادبیات و درک متن,حفظ اطلاعات نامرتبط,موضوعات خارج از برنامه,فقط فعالیت ورزشی,A,پاسخ درست بر اساس مفهوم کلی درس فارسی: خواندن، واژگان، دستور، ادبیات و درک متن,ترنم همدلی,original,1405
هشتم,,فارسی,فارسی,بخش 1,واژگان,تکمیل بانک,متوسط,کدام گزینه نمونه‌ای از یادگیری در درس فارسی است؟,خواندن، واژگان، دستور، ادبیات و درک متن,انجام کاری بی‌ارتباط با درس,نادیده گرفتن تمرین,حذف مرور,A,پاسخ درست بر اساس مفهوم کلی درس فارسی: خواندن، واژگان، دستور، ادبیات و درک متن,ترنم همدلی,original,1405
هشتم,,فارسی,فارسی,بخش 1,واژگان,تکمیل بانک,متوسط,برای پیشرفت در درس فارسی کدام روش مناسب‌تر است؟,مطالعه مفاهیم و تمرین متناسب با درس,حفظ پاسخ بدون فهم,حذف تمرین,مطالعه بدون مرور,A,پاسخ درست بر اساس مفهوم کلی درس فارسی: مطالعه مفاهیم و تمرین متناسب با درس,ترنم همدلی,original,1405
هشتم,,فارسی,فارسی,بخش 1,واژگان,تکمیل بانک,متوسط,در ارزیابی درس فارسی کدام مورد اهمیت بیشتری دارد؟,توانایی به‌کارگیری آموخته‌های مرتبط با درس,سرعت پاسخ بدون دقت,حدس زدن همه پاسخ‌ها,حذف سؤال‌های دشوار,A,پاسخ درست بر اساس مفهوم کلی درس فارسی: توانایی به‌کارگیری آموخته‌های مرتبط با درس,ترنم همدلی,original,1405
هشتم,,نگارش,نگارش,ارزیابی پایه,مفاهیم پایه,تکمیل بانک,متوسط,درس نگارش بیشتر بر کدام حوزه تمرکز دارد؟,مهارت نوشتن، سازمان‌دهی و ویرایش متن,حفظ اطلاعات نامرتبط,موضوعات خارج از برنامه,فقط فعالیت ورزشی,A,پاسخ درست بر اساس مفهوم کلی درس نگارش: مهارت نوشتن، سازمان‌دهی و ویرایش متن,ترنم همدلی,original,1405
هشتم,,نگارش,نگارش,ارزیابی پایه,مفاهیم پایه,تکمیل بانک,متوسط,کدام گزینه نمونه‌ای از یادگیری در درس نگارش است؟,مهارت نوشتن، سازمان‌دهی و ویرایش متن,انجام کاری بی‌ارتباط با درس,نادیده گرفتن تمرین,حذف مرور,A,پاسخ درست بر اساس مفهوم کلی درس نگارش: مهارت نوشتن، سازمان‌دهی و ویرایش متن,ترنم همدلی,original,1405
هشتم,,نگارش,نگارش,ارزیابی پایه,مفاهیم پایه,تکمیل بانک,متوسط,برای پیشرفت در درس نگارش کدام روش مناسب‌تر است؟,مطالعه مفاهیم و تمرین متناسب با درس,حفظ پاسخ بدون فهم,حذف تمرین,مطالعه بدون مرور,A,پاسخ درست بر اساس مفهوم کلی درس نگارش: مطالعه مفاهیم و تمرین متناسب با درس,ترنم همدلی,original,1405
هشتم,,نگارش,نگارش,ارزیابی پایه,مفاهیم پایه,تکمیل بانک,متوسط,در ارزیابی درس نگارش کدام مورد اهمیت بیشتری دارد؟,توانایی به‌کارگیری آموخته‌های مرتبط با درس,سرعت پاسخ بدون دقت,حدس زدن همه پاسخ‌ها,حذف سؤال‌های دشوار,A,پاسخ درست بر اساس مفهوم کلی درس نگارش: توانایی به‌کارگیری آموخته‌های مرتبط با درس,ترنم همدلی,original,1405
هشتم,,نگارش,نگارش,ارزیابی پایه,مفاهیم پایه,تکمیل بانک,متوسط,اگر دانش‌آموز در نگارش اشتباه کند، بهترین اقدام چیست؟,تحلیل خطا و تمرین هدفمند,نادیده گرفتن خطا,حذف درس,تغییر پاسخ بدون بررسی,A,پاسخ درست بر اساس مفهوم کلی درس نگارش: تحلیل خطا و تمرین هدفمند,ترنم همدلی,original,1405
هشتم,,نگارش,نگارش,ارزیابی پایه,مفاهیم پایه,تکمیل بانک,متوسط,کدام گزینه به مطالعه مؤثر نگارش نزدیک‌تر است؟,ترکیب فهم، تمرین و مرور,فقط خواندن سریع,فقط حفظ کردن گزینه‌ها,مطالعه بدون هدف,A,پاسخ درست بر اساس مفهوم کلی درس نگارش: ترکیب فهم، تمرین و مرور,ترنم همدلی,original,1405
هشتم,,نگارش,نگارش,ارزیابی پایه,مفاهیم پایه,تکمیل بانک,متوسط,هدف یک آزمون آموزشی از درس نگارش چیست؟,شناسایی میزان یادگیری و نقاط نیازمند تقویت,صرفاً رتبه‌بندی دانش‌آموزان,حذف مباحث,افزایش تعداد سؤال بدون تحلیل,A,پاسخ درست بر اساس مفهوم کلی درس نگارش: شناسایی میزان یادگیری و نقاط نیازمند تقویت,ترنم همدلی,original,1405
هشتم,,نگارش,نگارش,ارزیابی پایه,مفاهیم پایه,تکمیل بانک,متوسط,برای تشخیص ضعف در نگارش چه چیزی مفیدتر است؟,بررسی پاسخ‌ها و نوع خطاها,تعداد پیام‌های روزانه,حدس زدن علت ضعف,نادیده گرفتن نتیجه,A,پاسخ درست بر اساس مفهوم کلی درس نگارش: بررسی پاسخ‌ها و نوع خطاها,ترنم همدلی,original,1405
هشتم,,نگارش,نگارش,ارزیابی پایه,مفاهیم پایه,تکمیل بانک,متوسط,کدام رفتار به یادگیری بهتر نگارش کمک می‌کند؟,تمرین منظم و رفع اشکال,مطالعه پراکنده بدون تمرین,حذف مرور,تکیه بر حدس,A,پاسخ درست بر اساس مفهوم کلی درس نگارش: تمرین منظم و رفع اشکال,ترنم همدلی,original,1405
هشتم,,نگارش,نگارش,ارزیابی پایه,مفاهیم پایه,تکمیل بانک,متوسط,در مطالعه نگارش چرا مرور مهم است؟,برای تثبیت و بازیابی بهتر آموخته‌ها,برای حذف مطالب,برای افزایش زمان مطالعه بدون هدف,برای جلوگیری از تمرین,A,پاسخ درست بر اساس مفهوم کلی درس نگارش: برای تثبیت و بازیابی بهتر آموخته‌ها,ترنم همدلی,original,1405
هشتم,,ریاضی,ریاضی,بخش 1,عددهای صحیح و گویا,تکمیل بانک,متوسط,درس ریاضی بیشتر بر کدام حوزه تمرکز دارد؟,حل مسئله و استدلال ریاضی,حفظ اطلاعات نامرتبط,موضوعات خارج از برنامه,فقط فعالیت ورزشی,A,پاسخ درست بر اساس مفهوم کلی درس ریاضی: حل مسئله و استدلال ریاضی,ترنم همدلی,original,1405
هشتم,,ریاضی,ریاضی,بخش 1,عددهای صحیح و گویا,تکمیل بانک,متوسط,کدام گزینه نمونه‌ای از یادگیری در درس ریاضی است؟,حل مسئله و استدلال ریاضی,انجام کاری بی‌ارتباط با درس,نادیده گرفتن تمرین,حذف مرور,A,پاسخ درست بر اساس مفهوم کلی درس ریاضی: حل مسئله و استدلال ریاضی,ترنم همدلی,original,1405
هشتم,,ریاضی,ریاضی,بخش 1,عددهای صحیح و گویا,تکمیل بانک,متوسط,برای پیشرفت در درس ریاضی کدام روش مناسب‌تر است؟,مطالعه مفاهیم و تمرین متناسب با درس,حفظ پاسخ بدون فهم,حذف تمرین,مطالعه بدون مرور,A,پاسخ درست بر اساس مفهوم کلی درس ریاضی: مطالعه مفاهیم و تمرین متناسب با درس,ترنم همدلی,original,1405
هشتم,,ریاضی,ریاضی,بخش 1,عددهای صحیح و گویا,تکمیل بانک,متوسط,در ارزیابی درس ریاضی کدام مورد اهمیت بیشتری دارد؟,توانایی به‌کارگیری آموخته‌های مرتبط با درس,سرعت پاسخ بدون دقت,حدس زدن همه پاسخ‌ها,حذف سؤال‌های دشوار,A,پاسخ درست بر اساس مفهوم کلی درس ریاضی: توانایی به‌کارگیری آموخته‌های مرتبط با درس,ترنم همدلی,original,1405
هشتم,,علوم تجربی,علوم تجربی,ارزیابی پایه,مفاهیم پایه,تکمیل بانک,متوسط,درس علوم تجربی بیشتر بر کدام حوزه تمرکز دارد؟,شناخت پدیده‌های طبیعی و روش علمی,حفظ اطلاعات نامرتبط,موضوعات خارج از برنامه,فقط فعالیت ورزشی,A,پاسخ درست بر اساس مفهوم کلی درس علوم تجربی: شناخت پدیده‌های طبیعی و روش علمی,ترنم همدلی,original,1405
هشتم,,علوم تجربی,علوم تجربی,ارزیابی پایه,مفاهیم پایه,تکمیل بانک,متوسط,کدام گزینه نمونه‌ای از یادگیری در درس علوم تجربی است؟,شناخت پدیده‌های طبیعی و روش علمی,انجام کاری بی‌ارتباط با درس,نادیده گرفتن تمرین,حذف مرور,A,پاسخ درست بر اساس مفهوم کلی درس علوم تجربی: شناخت پدیده‌های طبیعی و روش علمی,ترنم همدلی,original,1405
هشتم,,علوم تجربی,علوم تجربی,ارزیابی پایه,مفاهیم پایه,تکمیل بانک,متوسط,برای پیشرفت در درس علوم تجربی کدام روش مناسب‌تر است؟,مطالعه مفاهیم و تمرین متناسب با درس,حفظ پاسخ بدون فهم,حذف تمرین,مطالعه بدون مرور,A,پاسخ درست بر اساس مفهوم کلی درس علوم تجربی: مطالعه مفاهیم و تمرین متناسب با درس,ترنم همدلی,original,1405
هشتم,,علوم تجربی,علوم تجربی,ارزیابی پایه,مفاهیم پایه,تکمیل بانک,متوسط,در ارزیابی درس علوم تجربی کدام مورد اهمیت بیشتری دارد؟,توانایی به‌کارگیری آموخته‌های مرتبط با درس,سرعت پاسخ بدون دقت,حدس زدن همه پاسخ‌ها,حذف سؤال‌های دشوار,A,پاسخ درست بر اساس مفهوم کلی درس علوم تجربی: توانایی به‌کارگیری آموخته‌های مرتبط با درس,ترنم همدلی,original,1405
هشتم,,علوم تجربی,علوم تجربی,ارزیابی پایه,مفاهیم پایه,تکمیل بانک,متوسط,اگر دانش‌آموز در علوم تجربی اشتباه کند، بهترین اقدام چیست؟,تحلیل خطا و تمرین هدفمند,نادیده گرفتن خطا,حذف درس,تغییر پاسخ بدون بررسی,A,پاسخ درست بر اساس مفهوم کلی درس علوم تجربی: تحلیل خطا و تمرین هدفمند,ترنم همدلی,original,1405
هشتم,,علوم تجربی,علوم تجربی,ارزیابی پایه,مفاهیم پایه,تکمیل بانک,متوسط,کدام گزینه به مطالعه مؤثر علوم تجربی نزدیک‌تر است؟,ترکیب فهم، تمرین و مرور,فقط خواندن سریع,فقط حفظ کردن گزینه‌ها,مطالعه بدون هدف,A,پاسخ درست بر اساس مفهوم کلی درس علوم تجربی: ترکیب فهم، تمرین و مرور,ترنم همدلی,original,1405
هشتم,,علوم تجربی,علوم تجربی,ارزیابی پایه,مفاهیم پایه,تکمیل بانک,متوسط,هدف یک آزمون آموزشی از درس علوم تجربی چیست؟,شناسایی میزان یادگیری و نقاط نیازمند تقویت,صرفاً رتبه‌بندی دانش‌آموزان,حذف مباحث,افزایش تعداد سؤال بدون تحلیل,A,پاسخ درست بر اساس مفهوم کلی درس علوم تجربی: شناسایی میزان یادگیری و نقاط نیازمند تقویت,ترنم همدلی,original,1405
هشتم,,علوم تجربی,علوم تجربی,ارزیابی پایه,مفاهیم پایه,تکمیل بانک,متوسط,برای تشخیص ضعف در علوم تجربی چه چیزی مفیدتر است؟,بررسی پاسخ‌ها و نوع خطاها,تعداد پیام‌های روزانه,حدس زدن علت ضعف,نادیده گرفتن نتیجه,A,پاسخ درست بر اساس مفهوم کلی درس علوم تجربی: بررسی پاسخ‌ها و نوع خطاها,ترنم همدلی,original,1405
هشتم,,علوم تجربی,علوم تجربی,ارزیابی پایه,مفاهیم پایه,تکمیل بانک,متوسط,کدام رفتار به یادگیری بهتر علوم تجربی کمک می‌کند؟,تمرین منظم و رفع اشکال,مطالعه پراکنده بدون تمرین,حذف مرور,تکیه بر حدس,A,پاسخ درست بر اساس مفهوم کلی درس علوم تجربی: تمرین منظم و رفع اشکال,ترنم همدلی,original,1405
هشتم,,علوم تجربی,علوم تجربی,ارزیابی پایه,مفاهیم پایه,تکمیل بانک,متوسط,در مطالعه علوم تجربی چرا مرور مهم است؟,برای تثبیت و بازیابی بهتر آموخته‌ها,برای حذف مطالب,برای افزایش زمان مطالعه بدون هدف,برای جلوگیری از تمرین,A,پاسخ درست بر اساس مفهوم کلی درس علوم تجربی: برای تثبیت و بازیابی بهتر آموخته‌ها,ترنم همدلی,original,1405
هشتم,,مطالعات اجتماعی,مطالعات اجتماعی,بخش 1,جغرافیا,تکمیل بانک,متوسط,درس مطالعات اجتماعی بیشتر بر کدام حوزه تمرکز دارد؟,جامعه، تاریخ، جغرافیا و زندگی اجتماعی,حفظ اطلاعات نامرتبط,موضوعات خارج از برنامه,فقط فعالیت ورزشی,A,پاسخ درست بر اساس مفهوم کلی درس مطالعات اجتماعی: جامعه، تاریخ، جغرافیا و زندگی اجتماعی,ترنم همدلی,original,1405
هشتم,,مطالعات اجتماعی,مطالعات اجتماعی,بخش 1,جغرافیا,تکمیل بانک,متوسط,کدام گزینه نمونه‌ای از یادگیری در درس مطالعات اجتماعی است؟,جامعه، تاریخ، جغرافیا و زندگی اجتماعی,انجام کاری بی‌ارتباط با درس,نادیده گرفتن تمرین,حذف مرور,A,پاسخ درست بر اساس مفهوم کلی درس مطالعات اجتماعی: جامعه، تاریخ، جغرافیا و زندگی اجتماعی,ترنم همدلی,original,1405
هشتم,,مطالعات اجتماعی,مطالعات اجتماعی,بخش 1,جغرافیا,تکمیل بانک,متوسط,برای پیشرفت در درس مطالعات اجتماعی کدام روش مناسب‌تر است؟,مطالعه مفاهیم و تمرین متناسب با درس,حفظ پاسخ بدون فهم,حذف تمرین,مطالعه بدون مرور,A,پاسخ درست بر اساس مفهوم کلی درس مطالعات اجتماعی: مطالعه مفاهیم و تمرین متناسب با درس,ترنم همدلی,original,1405
هشتم,,مطالعات اجتماعی,مطالعات اجتماعی,بخش 1,جغرافیا,تکمیل بانک,متوسط,در ارزیابی درس مطالعات اجتماعی کدام مورد اهمیت بیشتری دارد؟,توانایی به‌کارگیری آموخته‌های مرتبط با درس,سرعت پاسخ بدون دقت,حدس زدن همه پاسخ‌ها,حذف سؤال‌های دشوار,A,پاسخ درست بر اساس مفهوم کلی درس مطالعات اجتماعی: توانایی به‌کارگیری آموخته‌های مرتبط با درس,ترنم همدلی,original,1405
هشتم,,عربی,عربی,بخش 1,ترجمه,تکمیل بانک,متوسط,درس عربی بیشتر بر کدام حوزه تمرکز دارد؟,واژگان، ترجمه و ساختارهای زبانی عربی,حفظ اطلاعات نامرتبط,موضوعات خارج از برنامه,فقط فعالیت ورزشی,A,پاسخ درست بر اساس مفهوم کلی درس عربی: واژگان، ترجمه و ساختارهای زبانی عربی,ترنم همدلی,original,1405
هشتم,,عربی,عربی,بخش 1,ترجمه,تکمیل بانک,متوسط,کدام گزینه نمونه‌ای از یادگیری در درس عربی است؟,واژگان، ترجمه و ساختارهای زبانی عربی,انجام کاری بی‌ارتباط با درس,نادیده گرفتن تمرین,حذف مرور,A,پاسخ درست بر اساس مفهوم کلی درس عربی: واژگان، ترجمه و ساختارهای زبانی عربی,ترنم همدلی,original,1405
هشتم,,عربی,عربی,بخش 1,ترجمه,تکمیل بانک,متوسط,برای پیشرفت در درس عربی کدام روش مناسب‌تر است؟,مطالعه مفاهیم و تمرین متناسب با درس,حفظ پاسخ بدون فهم,حذف تمرین,مطالعه بدون مرور,A,پاسخ درست بر اساس مفهوم کلی درس عربی: مطالعه مفاهیم و تمرین متناسب با درس,ترنم همدلی,original,1405
هشتم,,عربی,عربی,بخش 1,ترجمه,تکمیل بانک,متوسط,در ارزیابی درس عربی کدام مورد اهمیت بیشتری دارد؟,توانایی به‌کارگیری آموخته‌های مرتبط با درس,سرعت پاسخ بدون دقت,حدس زدن همه پاسخ‌ها,حذف سؤال‌های دشوار,A,پاسخ درست بر اساس مفهوم کلی درس عربی: توانایی به‌کارگیری آموخته‌های مرتبط با درس,ترنم همدلی,original,1405
هشتم,,انگلیسی,انگلیسی,بخش 1,واژگان,تکمیل بانک,متوسط,درس انگلیسی بیشتر بر کدام حوزه تمرکز دارد؟,واژگان، گرامر، خواندن و ارتباط به زبان انگلیسی,حفظ اطلاعات نامرتبط,موضوعات خارج از برنامه,فقط فعالیت ورزشی,A,پاسخ درست بر اساس مفهوم کلی درس انگلیسی: واژگان، گرامر، خواندن و ارتباط به زبان انگلیسی,ترنم همدلی,original,1405
هشتم,,انگلیسی,انگلیسی,بخش 1,واژگان,تکمیل بانک,متوسط,کدام گزینه نمونه‌ای از یادگیری در درس انگلیسی است؟,واژگان، گرامر، خواندن و ارتباط به زبان انگلیسی,انجام کاری بی‌ارتباط با درس,نادیده گرفتن تمرین,حذف مرور,A,پاسخ درست بر اساس مفهوم کلی درس انگلیسی: واژگان، گرامر، خواندن و ارتباط به زبان انگلیسی,ترنم همدلی,original,1405
هشتم,,انگلیسی,انگلیسی,بخش 1,واژگان,تکمیل بانک,متوسط,برای پیشرفت در درس انگلیسی کدام روش مناسب‌تر است؟,مطالعه مفاهیم و تمرین متناسب با درس,حفظ پاسخ بدون فهم,حذف تمرین,مطالعه بدون مرور,A,پاسخ درست بر اساس مفهوم کلی درس انگلیسی: مطالعه مفاهیم و تمرین متناسب با درس,ترنم همدلی,original,1405
هشتم,,انگلیسی,انگلیسی,بخش 1,واژگان,تکمیل بانک,متوسط,در ارزیابی درس انگلیسی کدام مورد اهمیت بیشتری دارد؟,توانایی به‌کارگیری آموخته‌های مرتبط با درس,سرعت پاسخ بدون دقت,حدس زدن همه پاسخ‌ها,حذف سؤال‌های دشوار,A,پاسخ درست بر اساس مفهوم کلی درس انگلیسی: توانایی به‌کارگیری آموخته‌های مرتبط با درس,ترنم همدلی,original,1405
هشتم,,تفکر و سبک زندگی,تفکر و سبک زندگی,ارزیابی پایه,مفاهیم پایه,تکمیل بانک,متوسط,درس تفکر و سبک زندگی بیشتر بر کدام حوزه تمرکز دارد؟,مهارت‌های فردی، اجتماعی و تصمیم‌گیری,حفظ اطلاعات نامرتبط,موضوعات خارج از برنامه,فقط فعالیت ورزشی,A,پاسخ درست بر اساس مفهوم کلی درس تفکر و سبک زندگی: مهارت‌های فردی، اجتماعی و تصمیم‌گیری,ترنم همدلی,original,1405
هشتم,,تفکر و سبک زندگی,تفکر و سبک زندگی,ارزیابی پایه,مفاهیم پایه,تکمیل بانک,متوسط,کدام گزینه نمونه‌ای از یادگیری در درس تفکر و سبک زندگی است؟,مهارت‌های فردی، اجتماعی و تصمیم‌گیری,انجام کاری بی‌ارتباط با درس,نادیده گرفتن تمرین,حذف مرور,A,پاسخ درست بر اساس مفهوم کلی درس تفکر و سبک زندگی: مهارت‌های فردی، اجتماعی و تصمیم‌گیری,ترنم همدلی,original,1405
هشتم,,تفکر و سبک زندگی,تفکر و سبک زندگی,ارزیابی پایه,مفاهیم پایه,تکمیل بانک,متوسط,برای پیشرفت در درس تفکر و سبک زندگی کدام روش مناسب‌تر است؟,مطالعه مفاهیم و تمرین متناسب با درس,حفظ پاسخ بدون فهم,حذف تمرین,مطالعه بدون مرور,A,پاسخ درست بر اساس مفهوم کلی درس تفکر و سبک زندگی: مطالعه مفاهیم و تمرین متناسب با درس,ترنم همدلی,original,1405
هشتم,,تفکر و سبک زندگی,تفکر و سبک زندگی,ارزیابی پایه,مفاهیم پایه,تکمیل بانک,متوسط,در ارزیابی درس تفکر و سبک زندگی کدام مورد اهمیت بیشتری دارد؟,توانایی به‌کارگیری آموخته‌های مرتبط با درس,سرعت پاسخ بدون دقت,حدس زدن همه پاسخ‌ها,حذف سؤال‌های دشوار,A,پاسخ درست بر اساس مفهوم کلی درس تفکر و سبک زندگی: توانایی به‌کارگیری آموخته‌های مرتبط با درس,ترنم همدلی,original,1405
هشتم,,تفکر و سبک زندگی,تفکر و سبک زندگی,ارزیابی پایه,مفاهیم پایه,تکمیل بانک,متوسط,اگر دانش‌آموز در تفکر و سبک زندگی اشتباه کند، بهترین اقدام چیست؟,تحلیل خطا و تمرین هدفمند,نادیده گرفتن خطا,حذف درس,تغییر پاسخ بدون بررسی,A,پاسخ درست بر اساس مفهوم کلی درس تفکر و سبک زندگی: تحلیل خطا و تمرین هدفمند,ترنم همدلی,original,1405
هشتم,,تفکر و سبک زندگی,تفکر و سبک زندگی,ارزیابی پایه,مفاهیم پایه,تکمیل بانک,متوسط,کدام گزینه به مطالعه مؤثر تفکر و سبک زندگی نزدیک‌تر است؟,ترکیب فهم، تمرین و مرور,فقط خواندن سریع,فقط حفظ کردن گزینه‌ها,مطالعه بدون هدف,A,پاسخ درست بر اساس مفهوم کلی درس تفکر و سبک زندگی: ترکیب فهم، تمرین و مرور,ترنم همدلی,original,1405
هشتم,,تفکر و سبک زندگی,تفکر و سبک زندگی,ارزیابی پایه,مفاهیم پایه,تکمیل بانک,متوسط,هدف یک آزمون آموزشی از درس تفکر و سبک زندگی چیست؟,شناسایی میزان یادگیری و نقاط نیازمند تقویت,صرفاً رتبه‌بندی دانش‌آموزان,حذف مباحث,افزایش تعداد سؤال بدون تحلیل,A,پاسخ درست بر اساس مفهوم کلی درس تفکر و سبک زندگی: شناسایی میزان یادگیری و نقاط نیازمند تقویت,ترنم همدلی,original,1405
هشتم,,تفکر و سبک زندگی,تفکر و سبک زندگی,ارزیابی پایه,مفاهیم پایه,تکمیل بانک,متوسط,برای تشخیص ضعف در تفکر و سبک زندگی چه چیزی مفیدتر است؟,بررسی پاسخ‌ها و نوع خطاها,تعداد پیام‌های روزانه,حدس زدن علت ضعف,نادیده گرفتن نتیجه,A,پاسخ درست بر اساس مفهوم کلی درس تفکر و سبک زندگی: بررسی پاسخ‌ها و نوع خطاها,ترنم همدلی,original,1405
هشتم,,تفکر و سبک زندگی,تفکر و سبک زندگی,ارزیابی پایه,مفاهیم پایه,تکمیل بانک,متوسط,کدام رفتار به یادگیری بهتر تفکر و سبک زندگی کمک می‌کند؟,تمرین منظم و رفع اشکال,مطالعه پراکنده بدون تمرین,حذف مرور,تکیه بر حدس,A,پاسخ درست بر اساس مفهوم کلی درس تفکر و سبک زندگی: تمرین منظم و رفع اشکال,ترنم همدلی,original,1405
هشتم,,تفکر و سبک زندگی,تفکر و سبک زندگی,ارزیابی پایه,مفاهیم پایه,تکمیل بانک,متوسط,در مطالعه تفکر و سبک زندگی چرا مرور مهم است؟,برای تثبیت و بازیابی بهتر آموخته‌ها,برای حذف مطالب,برای افزایش زمان مطالعه بدون هدف,برای جلوگیری از تمرین,A,پاسخ درست بر اساس مفهوم کلی درس تفکر و سبک زندگی: برای تثبیت و بازیابی بهتر آموخته‌ها,ترنم همدلی,original,1405
هشتم,,فرهنگ و هنر,فرهنگ و هنر,ارزیابی پایه,مفاهیم پایه,تکمیل بانک,متوسط,درس فرهنگ و هنر بیشتر بر کدام حوزه تمرکز دارد؟,شناخت و تجربه مفاهیم فرهنگی و هنری,حفظ اطلاعات نامرتبط,موضوعات خارج از برنامه,فقط فعالیت ورزشی,A,پاسخ درست بر اساس مفهوم کلی درس فرهنگ و هنر: شناخت و تجربه مفاهیم فرهنگی و هنری,ترنم همدلی,original,1405
هشتم,,فرهنگ و هنر,فرهنگ و هنر,ارزیابی پایه,مفاهیم پایه,تکمیل بانک,متوسط,کدام گزینه نمونه‌ای از یادگیری در درس فرهنگ و هنر است؟,شناخت و تجربه مفاهیم فرهنگی و هنری,انجام کاری بی‌ارتباط با درس,نادیده گرفتن تمرین,حذف مرور,A,پاسخ درست بر اساس مفهوم کلی درس فرهنگ و هنر: شناخت و تجربه مفاهیم فرهنگی و هنری,ترنم همدلی,original,1405
هشتم,,فرهنگ و هنر,فرهنگ و هنر,ارزیابی پایه,مفاهیم پایه,تکمیل بانک,متوسط,برای پیشرفت در درس فرهنگ و هنر کدام روش مناسب‌تر است؟,مطالعه مفاهیم و تمرین متناسب با درس,حفظ پاسخ بدون فهم,حذف تمرین,مطالعه بدون مرور,A,پاسخ درست بر اساس مفهوم کلی درس فرهنگ و هنر: مطالعه مفاهیم و تمرین متناسب با درس,ترنم همدلی,original,1405
هشتم,,فرهنگ و هنر,فرهنگ و هنر,ارزیابی پایه,مفاهیم پایه,تکمیل بانک,متوسط,در ارزیابی درس فرهنگ و هنر کدام مورد اهمیت بیشتری دارد؟,توانایی به‌کارگیری آموخته‌های مرتبط با درس,سرعت پاسخ بدون دقت,حدس زدن همه پاسخ‌ها,حذف سؤال‌های دشوار,A,پاسخ درست بر اساس مفهوم کلی درس فرهنگ و هنر: توانایی به‌کارگیری آموخته‌های مرتبط با درس,ترنم همدلی,original,1405
هشتم,,فرهنگ و هنر,فرهنگ و هنر,ارزیابی پایه,مفاهیم پایه,تکمیل بانک,متوسط,اگر دانش‌آموز در فرهنگ و هنر اشتباه کند، بهترین اقدام چیست؟,تحلیل خطا و تمرین هدفمند,نادیده گرفتن خطا,حذف درس,تغییر پاسخ بدون بررسی,A,پاسخ درست بر اساس مفهوم کلی درس فرهنگ و هنر: تحلیل خطا و تمرین هدفمند,ترنم همدلی,original,1405
هشتم,,فرهنگ و هنر,فرهنگ و هنر,ارزیابی پایه,مفاهیم پایه,تکمیل بانک,متوسط,کدام گزینه به مطالعه مؤثر فرهنگ و هنر نزدیک‌تر است؟,ترکیب فهم، تمرین و مرور,فقط خواندن سریع,فقط حفظ کردن گزینه‌ها,مطالعه بدون هدف,A,پاسخ درست بر اساس مفهوم کلی درس فرهنگ و هنر: ترکیب فهم، تمرین و مرور,ترنم همدلی,original,1405
هشتم,,فرهنگ و هنر,فرهنگ و هنر,ارزیابی پایه,مفاهیم پایه,تکمیل بانک,متوسط,هدف یک آزمون آموزشی از درس فرهنگ و هنر چیست؟,شناسایی میزان یادگیری و نقاط نیازمند تقویت,صرفاً رتبه‌بندی دانش‌آموزان,حذف مباحث,افزایش تعداد سؤال بدون تحلیل,A,پاسخ درست بر اساس مفهوم کلی درس فرهنگ و هنر: شناسایی میزان یادگیری و نقاط نیازمند تقویت,ترنم همدلی,original,1405
هشتم,,فرهنگ و هنر,فرهنگ و هنر,ارزیابی پایه,مفاهیم پایه,تکمیل بانک,متوسط,برای تشخیص ضعف در فرهنگ و هنر چه چیزی مفیدتر است؟,بررسی پاسخ‌ها و نوع خطاها,تعداد پیام‌های روزانه,حدس زدن علت ضعف,نادیده گرفتن نتیجه,A,پاسخ درست بر اساس مفهوم کلی درس فرهنگ و هنر: بررسی پاسخ‌ها و نوع خطاها,ترنم همدلی,original,1405
هشتم,,فرهنگ و هنر,فرهنگ و هنر,ارزیابی پایه,مفاهیم پایه,تکمیل بانک,متوسط,کدام رفتار به یادگیری بهتر فرهنگ و هنر کمک می‌کند؟,تمرین منظم و رفع اشکال,مطالعه پراکنده بدون تمرین,حذف مرور,تکیه بر حدس,A,پاسخ درست بر اساس مفهوم کلی درس فرهنگ و هنر: تمرین منظم و رفع اشکال,ترنم همدلی,original,1405
هشتم,,فرهنگ و هنر,فرهنگ و هنر,ارزیابی پایه,مفاهیم پایه,تکمیل بانک,متوسط,در مطالعه فرهنگ و هنر چرا مرور مهم است؟,برای تثبیت و بازیابی بهتر آموخته‌ها,برای حذف مطالب,برای افزایش زمان مطالعه بدون هدف,برای جلوگیری از تمرین,A,پاسخ درست بر اساس مفهوم کلی درس فرهنگ و هنر: برای تثبیت و بازیابی بهتر آموخته‌ها,ترنم همدلی,original,1405
هشتم,,کار و فناوری,کار و فناوری,ارزیابی پایه,مفاهیم پایه,تکمیل بانک,متوسط,درس کار و فناوری بیشتر بر کدام حوزه تمرکز دارد؟,مهارت‌های فناوری، طراحی و کار عملی,حفظ اطلاعات نامرتبط,موضوعات خارج از برنامه,فقط فعالیت ورزشی,A,پاسخ درست بر اساس مفهوم کلی درس کار و فناوری: مهارت‌های فناوری، طراحی و کار عملی,ترنم همدلی,original,1405
هشتم,,کار و فناوری,کار و فناوری,ارزیابی پایه,مفاهیم پایه,تکمیل بانک,متوسط,کدام گزینه نمونه‌ای از یادگیری در درس کار و فناوری است؟,مهارت‌های فناوری، طراحی و کار عملی,انجام کاری بی‌ارتباط با درس,نادیده گرفتن تمرین,حذف مرور,A,پاسخ درست بر اساس مفهوم کلی درس کار و فناوری: مهارت‌های فناوری، طراحی و کار عملی,ترنم همدلی,original,1405
هشتم,,کار و فناوری,کار و فناوری,ارزیابی پایه,مفاهیم پایه,تکمیل بانک,متوسط,برای پیشرفت در درس کار و فناوری کدام روش مناسب‌تر است؟,مطالعه مفاهیم و تمرین متناسب با درس,حفظ پاسخ بدون فهم,حذف تمرین,مطالعه بدون مرور,A,پاسخ درست بر اساس مفهوم کلی درس کار و فناوری: مطالعه مفاهیم و تمرین متناسب با درس,ترنم همدلی,original,1405
هشتم,,کار و فناوری,کار و فناوری,ارزیابی پایه,مفاهیم پایه,تکمیل بانک,متوسط,در ارزیابی درس کار و فناوری کدام مورد اهمیت بیشتری دارد؟,توانایی به‌کارگیری آموخته‌های مرتبط با درس,سرعت پاسخ بدون دقت,حدس زدن همه پاسخ‌ها,حذف سؤال‌های دشوار,A,پاسخ درست بر اساس مفهوم کلی درس کار و فناوری: توانایی به‌کارگیری آموخته‌های مرتبط با درس,ترنم همدلی,original,1405
هشتم,,کار و فناوری,کار و فناوری,ارزیابی پایه,مفاهیم پایه,تکمیل بانک,متوسط,اگر دانش‌آموز در کار و فناوری اشتباه کند، بهترین اقدام چیست؟,تحلیل خطا و تمرین هدفمند,نادیده گرفتن خطا,حذف درس,تغییر پاسخ بدون بررسی,A,پاسخ درست بر اساس مفهوم کلی درس کار و فناوری: تحلیل خطا و تمرین هدفمند,ترنم همدلی,original,1405
هشتم,,کار و فناوری,کار و فناوری,ارزیابی پایه,مفاهیم پایه,تکمیل بانک,متوسط,کدام گزینه به مطالعه مؤثر کار و فناوری نزدیک‌تر است؟,ترکیب فهم، تمرین و مرور,فقط خواندن سریع,فقط حفظ کردن گزینه‌ها,مطالعه بدون هدف,A,پاسخ درست بر اساس مفهوم کلی درس کار و فناوری: ترکیب فهم، تمرین و مرور,ترنم همدلی,original,1405
هشتم,,کار و فناوری,کار و فناوری,ارزیابی پایه,مفاهیم پایه,تکمیل بانک,متوسط,هدف یک آزمون آموزشی از درس کار و فناوری چیست؟,شناسایی میزان یادگیری و نقاط نیازمند تقویت,صرفاً رتبه‌بندی دانش‌آموزان,حذف مباحث,افزایش تعداد سؤال بدون تحلیل,A,پاسخ درست بر اساس مفهوم کلی درس کار و فناوری: شناسایی میزان یادگیری و نقاط نیازمند تقویت,ترنم همدلی,original,1405
هشتم,,کار و فناوری,کار و فناوری,ارزیابی پایه,مفاهیم پایه,تکمیل بانک,متوسط,برای تشخیص ضعف در کار و فناوری چه چیزی مفیدتر است؟,بررسی پاسخ‌ها و نوع خطاها,تعداد پیام‌های روزانه,حدس زدن علت ضعف,نادیده گرفتن نتیجه,A,پاسخ درست بر اساس مفهوم کلی درس کار و فناوری: بررسی پاسخ‌ها و نوع خطاها,ترنم همدلی,original,1405
هشتم,,کار و فناوری,کار و فناوری,ارزیابی پایه,مفاهیم پایه,تکمیل بانک,متوسط,کدام رفتار به یادگیری بهتر کار و فناوری کمک می‌کند؟,تمرین منظم و رفع اشکال,مطالعه پراکنده بدون تمرین,حذف مرور,تکیه بر حدس,A,پاسخ درست بر اساس مفهوم کلی درس کار و فناوری: تمرین منظم و رفع اشکال,ترنم همدلی,original,1405
هشتم,,کار و فناوری,کار و فناوری,ارزیابی پایه,مفاهیم پایه,تکمیل بانک,متوسط,در مطالعه کار و فناوری چرا مرور مهم است؟,برای تثبیت و بازیابی بهتر آموخته‌ها,برای حذف مطالب,برای افزایش زمان مطالعه بدون هدف,برای جلوگیری از تمرین,A,پاسخ درست بر اساس مفهوم کلی درس کار و فناوری: برای تثبیت و بازیابی بهتر آموخته‌ها,ترنم همدلی,original,1405
نهم,,آموزش قرآن,آموزش قرآن,ارزیابی پایه,مفاهیم پایه,تکمیل بانک,متوسط,درس آموزش قرآن بیشتر بر کدام حوزه تمرکز دارد؟,خواندن، فهم و تدبر در آیات قرآن,حفظ اطلاعات نامرتبط,موضوعات خارج از برنامه,فقط فعالیت ورزشی,A,پاسخ درست بر اساس مفهوم کلی درس آموزش قرآن: خواندن، فهم و تدبر در آیات قرآن,ترنم همدلی,original,1405
نهم,,آموزش قرآن,آموزش قرآن,ارزیابی پایه,مفاهیم پایه,تکمیل بانک,متوسط,کدام گزینه نمونه‌ای از یادگیری در درس آموزش قرآن است؟,خواندن، فهم و تدبر در آیات قرآن,انجام کاری بی‌ارتباط با درس,نادیده گرفتن تمرین,حذف مرور,A,پاسخ درست بر اساس مفهوم کلی درس آموزش قرآن: خواندن، فهم و تدبر در آیات قرآن,ترنم همدلی,original,1405
نهم,,آموزش قرآن,آموزش قرآن,ارزیابی پایه,مفاهیم پایه,تکمیل بانک,متوسط,برای پیشرفت در درس آموزش قرآن کدام روش مناسب‌تر است؟,مطالعه مفاهیم و تمرین متناسب با درس,حفظ پاسخ بدون فهم,حذف تمرین,مطالعه بدون مرور,A,پاسخ درست بر اساس مفهوم کلی درس آموزش قرآن: مطالعه مفاهیم و تمرین متناسب با درس,ترنم همدلی,original,1405
نهم,,آموزش قرآن,آموزش قرآن,ارزیابی پایه,مفاهیم پایه,تکمیل بانک,متوسط,در ارزیابی درس آموزش قرآن کدام مورد اهمیت بیشتری دارد؟,توانایی به‌کارگیری آموخته‌های مرتبط با درس,سرعت پاسخ بدون دقت,حدس زدن همه پاسخ‌ها,حذف سؤال‌های دشوار,A,پاسخ درست بر اساس مفهوم کلی درس آموزش قرآن: توانایی به‌کارگیری آموخته‌های مرتبط با درس,ترنم همدلی,original,1405
نهم,,آموزش قرآن,آموزش قرآن,ارزیابی پایه,مفاهیم پایه,تکمیل بانک,متوسط,اگر دانش‌آموز در آموزش قرآن اشتباه کند، بهترین اقدام چیست؟,تحلیل خطا و تمرین هدفمند,نادیده گرفتن خطا,حذف درس,تغییر پاسخ بدون بررسی,A,پاسخ درست بر اساس مفهوم کلی درس آموزش قرآن: تحلیل خطا و تمرین هدفمند,ترنم همدلی,original,1405
نهم,,آموزش قرآن,آموزش قرآن,ارزیابی پایه,مفاهیم پایه,تکمیل بانک,متوسط,کدام گزینه به مطالعه مؤثر آموزش قرآن نزدیک‌تر است؟,ترکیب فهم، تمرین و مرور,فقط خواندن سریع,فقط حفظ کردن گزینه‌ها,مطالعه بدون هدف,A,پاسخ درست بر اساس مفهوم کلی درس آموزش قرآن: ترکیب فهم، تمرین و مرور,ترنم همدلی,original,1405
نهم,,آموزش قرآن,آموزش قرآن,ارزیابی پایه,مفاهیم پایه,تکمیل بانک,متوسط,هدف یک آزمون آموزشی از درس آموزش قرآن چیست؟,شناسایی میزان یادگیری و نقاط نیازمند تقویت,صرفاً رتبه‌بندی دانش‌آموزان,حذف مباحث,افزایش تعداد سؤال بدون تحلیل,A,پاسخ درست بر اساس مفهوم کلی درس آموزش قرآن: شناسایی میزان یادگیری و نقاط نیازمند تقویت,ترنم همدلی,original,1405
نهم,,آموزش قرآن,آموزش قرآن,ارزیابی پایه,مفاهیم پایه,تکمیل بانک,متوسط,برای تشخیص ضعف در آموزش قرآن چه چیزی مفیدتر است؟,بررسی پاسخ‌ها و نوع خطاها,تعداد پیام‌های روزانه,حدس زدن علت ضعف,نادیده گرفتن نتیجه,A,پاسخ درست بر اساس مفهوم کلی درس آموزش قرآن: بررسی پاسخ‌ها و نوع خطاها,ترنم همدلی,original,1405
نهم,,آموزش قرآن,آموزش قرآن,ارزیابی پایه,مفاهیم پایه,تکمیل بانک,متوسط,کدام رفتار به یادگیری بهتر آموزش قرآن کمک می‌کند؟,تمرین منظم و رفع اشکال,مطالعه پراکنده بدون تمرین,حذف مرور,تکیه بر حدس,A,پاسخ درست بر اساس مفهوم کلی درس آموزش قرآن: تمرین منظم و رفع اشکال,ترنم همدلی,original,1405
نهم,,آموزش قرآن,آموزش قرآن,ارزیابی پایه,مفاهیم پایه,تکمیل بانک,متوسط,در مطالعه آموزش قرآن چرا مرور مهم است؟,برای تثبیت و بازیابی بهتر آموخته‌ها,برای حذف مطالب,برای افزایش زمان مطالعه بدون هدف,برای جلوگیری از تمرین,A,پاسخ درست بر اساس مفهوم کلی درس آموزش قرآن: برای تثبیت و بازیابی بهتر آموخته‌ها,ترنم همدلی,original,1405
نهم,,پیام‌های آسمان,پیام‌های آسمان,بخش 1,توحید,تکمیل بانک,متوسط,درس پیام‌های آسمان بیشتر بر کدام حوزه تمرکز دارد؟,مفاهیم دینی و اخلاقی متناسب با دوره متوسطه اول,حفظ اطلاعات نامرتبط,موضوعات خارج از برنامه,فقط فعالیت ورزشی,A,پاسخ درست بر اساس مفهوم کلی درس پیام‌های آسمان: مفاهیم دینی و اخلاقی متناسب با دوره متوسطه اول,ترنم همدلی,original,1405
نهم,,پیام‌های آسمان,پیام‌های آسمان,بخش 1,توحید,تکمیل بانک,متوسط,کدام گزینه نمونه‌ای از یادگیری در درس پیام‌های آسمان است؟,مفاهیم دینی و اخلاقی متناسب با دوره متوسطه اول,انجام کاری بی‌ارتباط با درس,نادیده گرفتن تمرین,حذف مرور,A,پاسخ درست بر اساس مفهوم کلی درس پیام‌های آسمان: مفاهیم دینی و اخلاقی متناسب با دوره متوسطه اول,ترنم همدلی,original,1405
نهم,,پیام‌های آسمان,پیام‌های آسمان,بخش 1,توحید,تکمیل بانک,متوسط,برای پیشرفت در درس پیام‌های آسمان کدام روش مناسب‌تر است؟,مطالعه مفاهیم و تمرین متناسب با درس,حفظ پاسخ بدون فهم,حذف تمرین,مطالعه بدون مرور,A,پاسخ درست بر اساس مفهوم کلی درس پیام‌های آسمان: مطالعه مفاهیم و تمرین متناسب با درس,ترنم همدلی,original,1405
نهم,,پیام‌های آسمان,پیام‌های آسمان,بخش 1,توحید,تکمیل بانک,متوسط,در ارزیابی درس پیام‌های آسمان کدام مورد اهمیت بیشتری دارد؟,توانایی به‌کارگیری آموخته‌های مرتبط با درس,سرعت پاسخ بدون دقت,حدس زدن همه پاسخ‌ها,حذف سؤال‌های دشوار,A,پاسخ درست بر اساس مفهوم کلی درس پیام‌های آسمان: توانایی به‌کارگیری آموخته‌های مرتبط با درس,ترنم همدلی,original,1405
نهم,,فارسی,فارسی,بخش 1,واژگان,تکمیل بانک,متوسط,درس فارسی بیشتر بر کدام حوزه تمرکز دارد؟,خواندن، واژگان، دستور، ادبیات و درک متن,حفظ اطلاعات نامرتبط,موضوعات خارج از برنامه,فقط فعالیت ورزشی,A,پاسخ درست بر اساس مفهوم کلی درس فارسی: خواندن، واژگان، دستور، ادبیات و درک متن,ترنم همدلی,original,1405
نهم,,فارسی,فارسی,بخش 1,واژگان,تکمیل بانک,متوسط,کدام گزینه نمونه‌ای از یادگیری در درس فارسی است؟,خواندن، واژگان، دستور، ادبیات و درک متن,انجام کاری بی‌ارتباط با درس,نادیده گرفتن تمرین,حذف مرور,A,پاسخ درست بر اساس مفهوم کلی درس فارسی: خواندن، واژگان، دستور، ادبیات و درک متن,ترنم همدلی,original,1405
نهم,,فارسی,فارسی,بخش 1,واژگان,تکمیل بانک,متوسط,برای پیشرفت در درس فارسی کدام روش مناسب‌تر است؟,مطالعه مفاهیم و تمرین متناسب با درس,حفظ پاسخ بدون فهم,حذف تمرین,مطالعه بدون مرور,A,پاسخ درست بر اساس مفهوم کلی درس فارسی: مطالعه مفاهیم و تمرین متناسب با درس,ترنم همدلی,original,1405
نهم,,فارسی,فارسی,بخش 1,واژگان,تکمیل بانک,متوسط,در ارزیابی درس فارسی کدام مورد اهمیت بیشتری دارد؟,توانایی به‌کارگیری آموخته‌های مرتبط با درس,سرعت پاسخ بدون دقت,حدس زدن همه پاسخ‌ها,حذف سؤال‌های دشوار,A,پاسخ درست بر اساس مفهوم کلی درس فارسی: توانایی به‌کارگیری آموخته‌های مرتبط با درس,ترنم همدلی,original,1405
نهم,,نگارش,نگارش,ارزیابی پایه,مفاهیم پایه,تکمیل بانک,متوسط,درس نگارش بیشتر بر کدام حوزه تمرکز دارد؟,مهارت نوشتن، سازمان‌دهی و ویرایش متن,حفظ اطلاعات نامرتبط,موضوعات خارج از برنامه,فقط فعالیت ورزشی,A,پاسخ درست بر اساس مفهوم کلی درس نگارش: مهارت نوشتن، سازمان‌دهی و ویرایش متن,ترنم همدلی,original,1405
نهم,,نگارش,نگارش,ارزیابی پایه,مفاهیم پایه,تکمیل بانک,متوسط,کدام گزینه نمونه‌ای از یادگیری در درس نگارش است؟,مهارت نوشتن، سازمان‌دهی و ویرایش متن,انجام کاری بی‌ارتباط با درس,نادیده گرفتن تمرین,حذف مرور,A,پاسخ درست بر اساس مفهوم کلی درس نگارش: مهارت نوشتن، سازمان‌دهی و ویرایش متن,ترنم همدلی,original,1405
نهم,,نگارش,نگارش,ارزیابی پایه,مفاهیم پایه,تکمیل بانک,متوسط,برای پیشرفت در درس نگارش کدام روش مناسب‌تر است؟,مطالعه مفاهیم و تمرین متناسب با درس,حفظ پاسخ بدون فهم,حذف تمرین,مطالعه بدون مرور,A,پاسخ درست بر اساس مفهوم کلی درس نگارش: مطالعه مفاهیم و تمرین متناسب با درس,ترنم همدلی,original,1405
نهم,,نگارش,نگارش,ارزیابی پایه,مفاهیم پایه,تکمیل بانک,متوسط,در ارزیابی درس نگارش کدام مورد اهمیت بیشتری دارد؟,توانایی به‌کارگیری آموخته‌های مرتبط با درس,سرعت پاسخ بدون دقت,حدس زدن همه پاسخ‌ها,حذف سؤال‌های دشوار,A,پاسخ درست بر اساس مفهوم کلی درس نگارش: توانایی به‌کارگیری آموخته‌های مرتبط با درس,ترنم همدلی,original,1405
نهم,,نگارش,نگارش,ارزیابی پایه,مفاهیم پایه,تکمیل بانک,متوسط,اگر دانش‌آموز در نگارش اشتباه کند، بهترین اقدام چیست؟,تحلیل خطا و تمرین هدفمند,نادیده گرفتن خطا,حذف درس,تغییر پاسخ بدون بررسی,A,پاسخ درست بر اساس مفهوم کلی درس نگارش: تحلیل خطا و تمرین هدفمند,ترنم همدلی,original,1405
نهم,,نگارش,نگارش,ارزیابی پایه,مفاهیم پایه,تکمیل بانک,متوسط,کدام گزینه به مطالعه مؤثر نگارش نزدیک‌تر است؟,ترکیب فهم، تمرین و مرور,فقط خواندن سریع,فقط حفظ کردن گزینه‌ها,مطالعه بدون هدف,A,پاسخ درست بر اساس مفهوم کلی درس نگارش: ترکیب فهم، تمرین و مرور,ترنم همدلی,original,1405
نهم,,نگارش,نگارش,ارزیابی پایه,مفاهیم پایه,تکمیل بانک,متوسط,هدف یک آزمون آموزشی از درس نگارش چیست؟,شناسایی میزان یادگیری و نقاط نیازمند تقویت,صرفاً رتبه‌بندی دانش‌آموزان,حذف مباحث,افزایش تعداد سؤال بدون تحلیل,A,پاسخ درست بر اساس مفهوم کلی درس نگارش: شناسایی میزان یادگیری و نقاط نیازمند تقویت,ترنم همدلی,original,1405
نهم,,نگارش,نگارش,ارزیابی پایه,مفاهیم پایه,تکمیل بانک,متوسط,برای تشخیص ضعف در نگارش چه چیزی مفیدتر است؟,بررسی پاسخ‌ها و نوع خطاها,تعداد پیام‌های روزانه,حدس زدن علت ضعف,نادیده گرفتن نتیجه,A,پاسخ درست بر اساس مفهوم کلی درس نگارش: بررسی پاسخ‌ها و نوع خطاها,ترنم همدلی,original,1405
نهم,,نگارش,نگارش,ارزیابی پایه,مفاهیم پایه,تکمیل بانک,متوسط,کدام رفتار به یادگیری بهتر نگارش کمک می‌کند؟,تمرین منظم و رفع اشکال,مطالعه پراکنده بدون تمرین,حذف مرور,تکیه بر حدس,A,پاسخ درست بر اساس مفهوم کلی درس نگارش: تمرین منظم و رفع اشکال,ترنم همدلی,original,1405
نهم,,نگارش,نگارش,ارزیابی پایه,مفاهیم پایه,تکمیل بانک,متوسط,در مطالعه نگارش چرا مرور مهم است؟,برای تثبیت و بازیابی بهتر آموخته‌ها,برای حذف مطالب,برای افزایش زمان مطالعه بدون هدف,برای جلوگیری از تمرین,A,پاسخ درست بر اساس مفهوم کلی درس نگارش: برای تثبیت و بازیابی بهتر آموخته‌ها,ترنم همدلی,original,1405
نهم,,ریاضی,ریاضی,بخش 1,عددهای صحیح و گویا,تکمیل بانک,متوسط,درس ریاضی بیشتر بر کدام حوزه تمرکز دارد؟,حل مسئله و استدلال ریاضی,حفظ اطلاعات نامرتبط,موضوعات خارج از برنامه,فقط فعالیت ورزشی,A,پاسخ درست بر اساس مفهوم کلی درس ریاضی: حل مسئله و استدلال ریاضی,ترنم همدلی,original,1405
نهم,,ریاضی,ریاضی,بخش 1,عددهای صحیح و گویا,تکمیل بانک,متوسط,کدام گزینه نمونه‌ای از یادگیری در درس ریاضی است؟,حل مسئله و استدلال ریاضی,انجام کاری بی‌ارتباط با درس,نادیده گرفتن تمرین,حذف مرور,A,پاسخ درست بر اساس مفهوم کلی درس ریاضی: حل مسئله و استدلال ریاضی,ترنم همدلی,original,1405
نهم,,ریاضی,ریاضی,بخش 1,عددهای صحیح و گویا,تکمیل بانک,متوسط,برای پیشرفت در درس ریاضی کدام روش مناسب‌تر است؟,مطالعه مفاهیم و تمرین متناسب با درس,حفظ پاسخ بدون فهم,حذف تمرین,مطالعه بدون مرور,A,پاسخ درست بر اساس مفهوم کلی درس ریاضی: مطالعه مفاهیم و تمرین متناسب با درس,ترنم همدلی,original,1405
نهم,,ریاضی,ریاضی,بخش 1,عددهای صحیح و گویا,تکمیل بانک,متوسط,در ارزیابی درس ریاضی کدام مورد اهمیت بیشتری دارد؟,توانایی به‌کارگیری آموخته‌های مرتبط با درس,سرعت پاسخ بدون دقت,حدس زدن همه پاسخ‌ها,حذف سؤال‌های دشوار,A,پاسخ درست بر اساس مفهوم کلی درس ریاضی: توانایی به‌کارگیری آموخته‌های مرتبط با درس,ترنم همدلی,original,1405
نهم,,علوم تجربی,علوم تجربی,ارزیابی پایه,مفاهیم پایه,تکمیل بانک,متوسط,درس علوم تجربی بیشتر بر کدام حوزه تمرکز دارد؟,شناخت پدیده‌های طبیعی و روش علمی,حفظ اطلاعات نامرتبط,موضوعات خارج از برنامه,فقط فعالیت ورزشی,A,پاسخ درست بر اساس مفهوم کلی درس علوم تجربی: شناخت پدیده‌های طبیعی و روش علمی,ترنم همدلی,original,1405
نهم,,علوم تجربی,علوم تجربی,ارزیابی پایه,مفاهیم پایه,تکمیل بانک,متوسط,کدام گزینه نمونه‌ای از یادگیری در درس علوم تجربی است؟,شناخت پدیده‌های طبیعی و روش علمی,انجام کاری بی‌ارتباط با درس,نادیده گرفتن تمرین,حذف مرور,A,پاسخ درست بر اساس مفهوم کلی درس علوم تجربی: شناخت پدیده‌های طبیعی و روش علمی,ترنم همدلی,original,1405
نهم,,علوم تجربی,علوم تجربی,ارزیابی پایه,مفاهیم پایه,تکمیل بانک,متوسط,برای پیشرفت در درس علوم تجربی کدام روش مناسب‌تر است؟,مطالعه مفاهیم و تمرین متناسب با درس,حفظ پاسخ بدون فهم,حذف تمرین,مطالعه بدون مرور,A,پاسخ درست بر اساس مفهوم کلی درس علوم تجربی: مطالعه مفاهیم و تمرین متناسب با درس,ترنم همدلی,original,1405
نهم,,علوم تجربی,علوم تجربی,ارزیابی پایه,مفاهیم پایه,تکمیل بانک,متوسط,در ارزیابی درس علوم تجربی کدام مورد اهمیت بیشتری دارد؟,توانایی به‌کارگیری آموخته‌های مرتبط با درس,سرعت پاسخ بدون دقت,حدس زدن همه پاسخ‌ها,حذف سؤال‌های دشوار,A,پاسخ درست بر اساس مفهوم کلی درس علوم تجربی: توانایی به‌کارگیری آموخته‌های مرتبط با درس,ترنم همدلی,original,1405
نهم,,علوم تجربی,علوم تجربی,ارزیابی پایه,مفاهیم پایه,تکمیل بانک,متوسط,اگر دانش‌آموز در علوم تجربی اشتباه کند، بهترین اقدام چیست؟,تحلیل خطا و تمرین هدفمند,نادیده گرفتن خطا,حذف درس,تغییر پاسخ بدون بررسی,A,پاسخ درست بر اساس مفهوم کلی درس علوم تجربی: تحلیل خطا و تمرین هدفمند,ترنم همدلی,original,1405
نهم,,علوم تجربی,علوم تجربی,ارزیابی پایه,مفاهیم پایه,تکمیل بانک,متوسط,کدام گزینه به مطالعه مؤثر علوم تجربی نزدیک‌تر است؟,ترکیب فهم، تمرین و مرور,فقط خواندن سریع,فقط حفظ کردن گزینه‌ها,مطالعه بدون هدف,A,پاسخ درست بر اساس مفهوم کلی درس علوم تجربی: ترکیب فهم، تمرین و مرور,ترنم همدلی,original,1405
نهم,,علوم تجربی,علوم تجربی,ارزیابی پایه,مفاهیم پایه,تکمیل بانک,متوسط,هدف یک آزمون آموزشی از درس علوم تجربی چیست؟,شناسایی میزان یادگیری و نقاط نیازمند تقویت,صرفاً رتبه‌بندی دانش‌آموزان,حذف مباحث,افزایش تعداد سؤال بدون تحلیل,A,پاسخ درست بر اساس مفهوم کلی درس علوم تجربی: شناسایی میزان یادگیری و نقاط نیازمند تقویت,ترنم همدلی,original,1405
نهم,,علوم تجربی,علوم تجربی,ارزیابی پایه,مفاهیم پایه,تکمیل بانک,متوسط,برای تشخیص ضعف در علوم تجربی چه چیزی مفیدتر است؟,بررسی پاسخ‌ها و نوع خطاها,تعداد پیام‌های روزانه,حدس زدن علت ضعف,نادیده گرفتن نتیجه,A,پاسخ درست بر اساس مفهوم کلی درس علوم تجربی: بررسی پاسخ‌ها و نوع خطاها,ترنم همدلی,original,1405
نهم,,علوم تجربی,علوم تجربی,ارزیابی پایه,مفاهیم پایه,تکمیل بانک,متوسط,کدام رفتار به یادگیری بهتر علوم تجربی کمک می‌کند؟,تمرین منظم و رفع اشکال,مطالعه پراکنده بدون تمرین,حذف مرور,تکیه بر حدس,A,پاسخ درست بر اساس مفهوم کلی درس علوم تجربی: تمرین منظم و رفع اشکال,ترنم همدلی,original,1405
نهم,,علوم تجربی,علوم تجربی,ارزیابی پایه,مفاهیم پایه,تکمیل بانک,متوسط,در مطالعه علوم تجربی چرا مرور مهم است؟,برای تثبیت و بازیابی بهتر آموخته‌ها,برای حذف مطالب,برای افزایش زمان مطالعه بدون هدف,برای جلوگیری از تمرین,A,پاسخ درست بر اساس مفهوم کلی درس علوم تجربی: برای تثبیت و بازیابی بهتر آموخته‌ها,ترنم همدلی,original,1405
نهم,,مطالعات اجتماعی,مطالعات اجتماعی,بخش 1,جغرافیا,تکمیل بانک,متوسط,درس مطالعات اجتماعی بیشتر بر کدام حوزه تمرکز دارد؟,جامعه، تاریخ، جغرافیا و زندگی اجتماعی,حفظ اطلاعات نامرتبط,موضوعات خارج از برنامه,فقط فعالیت ورزشی,A,پاسخ درست بر اساس مفهوم کلی درس مطالعات اجتماعی: جامعه، تاریخ، جغرافیا و زندگی اجتماعی,ترنم همدلی,original,1405
نهم,,مطالعات اجتماعی,مطالعات اجتماعی,بخش 1,جغرافیا,تکمیل بانک,متوسط,کدام گزینه نمونه‌ای از یادگیری در درس مطالعات اجتماعی است؟,جامعه، تاریخ، جغرافیا و زندگی اجتماعی,انجام کاری بی‌ارتباط با درس,نادیده گرفتن تمرین,حذف مرور,A,پاسخ درست بر اساس مفهوم کلی درس مطالعات اجتماعی: جامعه، تاریخ، جغرافیا و زندگی اجتماعی,ترنم همدلی,original,1405
نهم,,مطالعات اجتماعی,مطالعات اجتماعی,بخش 1,جغرافیا,تکمیل بانک,متوسط,برای پیشرفت در درس مطالعات اجتماعی کدام روش مناسب‌تر است؟,مطالعه مفاهیم و تمرین متناسب با درس,حفظ پاسخ بدون فهم,حذف تمرین,مطالعه بدون مرور,A,پاسخ درست بر اساس مفهوم کلی درس مطالعات اجتماعی: مطالعه مفاهیم و تمرین متناسب با درس,ترنم همدلی,original,1405
نهم,,مطالعات اجتماعی,مطالعات اجتماعی,بخش 1,جغرافیا,تکمیل بانک,متوسط,در ارزیابی درس مطالعات اجتماعی کدام مورد اهمیت بیشتری دارد؟,توانایی به‌کارگیری آموخته‌های مرتبط با درس,سرعت پاسخ بدون دقت,حدس زدن همه پاسخ‌ها,حذف سؤال‌های دشوار,A,پاسخ درست بر اساس مفهوم کلی درس مطالعات اجتماعی: توانایی به‌کارگیری آموخته‌های مرتبط با درس,ترنم همدلی,original,1405
نهم,,عربی,عربی,بخش 1,ترجمه,تکمیل بانک,متوسط,درس عربی بیشتر بر کدام حوزه تمرکز دارد؟,واژگان، ترجمه و ساختارهای زبانی عربی,حفظ اطلاعات نامرتبط,موضوعات خارج از برنامه,فقط فعالیت ورزشی,A,پاسخ درست بر اساس مفهوم کلی درس عربی: واژگان، ترجمه و ساختارهای زبانی عربی,ترنم همدلی,original,1405
نهم,,عربی,عربی,بخش 1,ترجمه,تکمیل بانک,متوسط,کدام گزینه نمونه‌ای از یادگیری در درس عربی است؟,واژگان، ترجمه و ساختارهای زبانی عربی,انجام کاری بی‌ارتباط با درس,نادیده گرفتن تمرین,حذف مرور,A,پاسخ درست بر اساس مفهوم کلی درس عربی: واژگان، ترجمه و ساختارهای زبانی عربی,ترنم همدلی,original,1405
نهم,,عربی,عربی,بخش 1,ترجمه,تکمیل بانک,متوسط,برای پیشرفت در درس عربی کدام روش مناسب‌تر است؟,مطالعه مفاهیم و تمرین متناسب با درس,حفظ پاسخ بدون فهم,حذف تمرین,مطالعه بدون مرور,A,پاسخ درست بر اساس مفهوم کلی درس عربی: مطالعه مفاهیم و تمرین متناسب با درس,ترنم همدلی,original,1405
نهم,,عربی,عربی,بخش 1,ترجمه,تکمیل بانک,متوسط,در ارزیابی درس عربی کدام مورد اهمیت بیشتری دارد؟,توانایی به‌کارگیری آموخته‌های مرتبط با درس,سرعت پاسخ بدون دقت,حدس زدن همه پاسخ‌ها,حذف سؤال‌های دشوار,A,پاسخ درست بر اساس مفهوم کلی درس عربی: توانایی به‌کارگیری آموخته‌های مرتبط با درس,ترنم همدلی,original,1405
نهم,,انگلیسی,انگلیسی,بخش 1,واژگان,تکمیل بانک,متوسط,درس انگلیسی بیشتر بر کدام حوزه تمرکز دارد؟,واژگان، گرامر، خواندن و ارتباط به زبان انگلیسی,حفظ اطلاعات نامرتبط,موضوعات خارج از برنامه,فقط فعالیت ورزشی,A,پاسخ درست بر اساس مفهوم کلی درس انگلیسی: واژگان، گرامر، خواندن و ارتباط به زبان انگلیسی,ترنم همدلی,original,1405
نهم,,انگلیسی,انگلیسی,بخش 1,واژگان,تکمیل بانک,متوسط,کدام گزینه نمونه‌ای از یادگیری در درس انگلیسی است؟,واژگان، گرامر، خواندن و ارتباط به زبان انگلیسی,انجام کاری بی‌ارتباط با درس,نادیده گرفتن تمرین,حذف مرور,A,پاسخ درست بر اساس مفهوم کلی درس انگلیسی: واژگان، گرامر، خواندن و ارتباط به زبان انگلیسی,ترنم همدلی,original,1405
نهم,,انگلیسی,انگلیسی,بخش 1,واژگان,تکمیل بانک,متوسط,برای پیشرفت در درس انگلیسی کدام روش مناسب‌تر است؟,مطالعه مفاهیم و تمرین متناسب با درس,حفظ پاسخ بدون فهم,حذف تمرین,مطالعه بدون مرور,A,پاسخ درست بر اساس مفهوم کلی درس انگلیسی: مطالعه مفاهیم و تمرین متناسب با درس,ترنم همدلی,original,1405
نهم,,انگلیسی,انگلیسی,بخش 1,واژگان,تکمیل بانک,متوسط,در ارزیابی درس انگلیسی کدام مورد اهمیت بیشتری دارد؟,توانایی به‌کارگیری آموخته‌های مرتبط با درس,سرعت پاسخ بدون دقت,حدس زدن همه پاسخ‌ها,حذف سؤال‌های دشوار,A,پاسخ درست بر اساس مفهوم کلی درس انگلیسی: توانایی به‌کارگیری آموخته‌های مرتبط با درس,ترنم همدلی,original,1405
نهم,,تفکر و سبک زندگی,تفکر و سبک زندگی,ارزیابی پایه,مفاهیم پایه,تکمیل بانک,متوسط,درس تفکر و سبک زندگی بیشتر بر کدام حوزه تمرکز دارد؟,مهارت‌های فردی، اجتماعی و تصمیم‌گیری,حفظ اطلاعات نامرتبط,موضوعات خارج از برنامه,فقط فعالیت ورزشی,A,پاسخ درست بر اساس مفهوم کلی درس تفکر و سبک زندگی: مهارت‌های فردی، اجتماعی و تصمیم‌گیری,ترنم همدلی,original,1405
نهم,,تفکر و سبک زندگی,تفکر و سبک زندگی,ارزیابی پایه,مفاهیم پایه,تکمیل بانک,متوسط,کدام گزینه نمونه‌ای از یادگیری در درس تفکر و سبک زندگی است؟,مهارت‌های فردی، اجتماعی و تصمیم‌گیری,انجام کاری بی‌ارتباط با درس,نادیده گرفتن تمرین,حذف مرور,A,پاسخ درست بر اساس مفهوم کلی درس تفکر و سبک زندگی: مهارت‌های فردی، اجتماعی و تصمیم‌گیری,ترنم همدلی,original,1405
نهم,,تفکر و سبک زندگی,تفکر و سبک زندگی,ارزیابی پایه,مفاهیم پایه,تکمیل بانک,متوسط,برای پیشرفت در درس تفکر و سبک زندگی کدام روش مناسب‌تر است؟,مطالعه مفاهیم و تمرین متناسب با درس,حفظ پاسخ بدون فهم,حذف تمرین,مطالعه بدون مرور,A,پاسخ درست بر اساس مفهوم کلی درس تفکر و سبک زندگی: مطالعه مفاهیم و تمرین متناسب با درس,ترنم همدلی,original,1405
نهم,,تفکر و سبک زندگی,تفکر و سبک زندگی,ارزیابی پایه,مفاهیم پایه,تکمیل بانک,متوسط,در ارزیابی درس تفکر و سبک زندگی کدام مورد اهمیت بیشتری دارد؟,توانایی به‌کارگیری آموخته‌های مرتبط با درس,سرعت پاسخ بدون دقت,حدس زدن همه پاسخ‌ها,حذف سؤال‌های دشوار,A,پاسخ درست بر اساس مفهوم کلی درس تفکر و سبک زندگی: توانایی به‌کارگیری آموخته‌های مرتبط با درس,ترنم همدلی,original,1405
نهم,,تفکر و سبک زندگی,تفکر و سبک زندگی,ارزیابی پایه,مفاهیم پایه,تکمیل بانک,متوسط,اگر دانش‌آموز در تفکر و سبک زندگی اشتباه کند، بهترین اقدام چیست؟,تحلیل خطا و تمرین هدفمند,نادیده گرفتن خطا,حذف درس,تغییر پاسخ بدون بررسی,A,پاسخ درست بر اساس مفهوم کلی درس تفکر و سبک زندگی: تحلیل خطا و تمرین هدفمند,ترنم همدلی,original,1405
نهم,,تفکر و سبک زندگی,تفکر و سبک زندگی,ارزیابی پایه,مفاهیم پایه,تکمیل بانک,متوسط,کدام گزینه به مطالعه مؤثر تفکر و سبک زندگی نزدیک‌تر است؟,ترکیب فهم، تمرین و مرور,فقط خواندن سریع,فقط حفظ کردن گزینه‌ها,مطالعه بدون هدف,A,پاسخ درست بر اساس مفهوم کلی درس تفکر و سبک زندگی: ترکیب فهم، تمرین و مرور,ترنم همدلی,original,1405
نهم,,تفکر و سبک زندگی,تفکر و سبک زندگی,ارزیابی پایه,مفاهیم پایه,تکمیل بانک,متوسط,هدف یک آزمون آموزشی از درس تفکر و سبک زندگی چیست؟,شناسایی میزان یادگیری و نقاط نیازمند تقویت,صرفاً رتبه‌بندی دانش‌آموزان,حذف مباحث,افزایش تعداد سؤال بدون تحلیل,A,پاسخ درست بر اساس مفهوم کلی درس تفکر و سبک زندگی: شناسایی میزان یادگیری و نقاط نیازمند تقویت,ترنم همدلی,original,1405
نهم,,تفکر و سبک زندگی,تفکر و سبک زندگی,ارزیابی پایه,مفاهیم پایه,تکمیل بانک,متوسط,برای تشخیص ضعف در تفکر و سبک زندگی چه چیزی مفیدتر است؟,بررسی پاسخ‌ها و نوع خطاها,تعداد پیام‌های روزانه,حدس زدن علت ضعف,نادیده گرفتن نتیجه,A,پاسخ درست بر اساس مفهوم کلی درس تفکر و سبک زندگی: بررسی پاسخ‌ها و نوع خطاها,ترنم همدلی,original,1405
نهم,,تفکر و سبک زندگی,تفکر و سبک زندگی,ارزیابی پایه,مفاهیم پایه,تکمیل بانک,متوسط,کدام رفتار به یادگیری بهتر تفکر و سبک زندگی کمک می‌کند؟,تمرین منظم و رفع اشکال,مطالعه پراکنده بدون تمرین,حذف مرور,تکیه بر حدس,A,پاسخ درست بر اساس مفهوم کلی درس تفکر و سبک زندگی: تمرین منظم و رفع اشکال,ترنم همدلی,original,1405
نهم,,تفکر و سبک زندگی,تفکر و سبک زندگی,ارزیابی پایه,مفاهیم پایه,تکمیل بانک,متوسط,در مطالعه تفکر و سبک زندگی چرا مرور مهم است؟,برای تثبیت و بازیابی بهتر آموخته‌ها,برای حذف مطالب,برای افزایش زمان مطالعه بدون هدف,برای جلوگیری از تمرین,A,پاسخ درست بر اساس مفهوم کلی درس تفکر و سبک زندگی: برای تثبیت و بازیابی بهتر آموخته‌ها,ترنم همدلی,original,1405
نهم,,فرهنگ و هنر,فرهنگ و هنر,ارزیابی پایه,مفاهیم پایه,تکمیل بانک,متوسط,درس فرهنگ و هنر بیشتر بر کدام حوزه تمرکز دارد؟,شناخت و تجربه مفاهیم فرهنگی و هنری,حفظ اطلاعات نامرتبط,موضوعات خارج از برنامه,فقط فعالیت ورزشی,A,پاسخ درست بر اساس مفهوم کلی درس فرهنگ و هنر: شناخت و تجربه مفاهیم فرهنگی و هنری,ترنم همدلی,original,1405
نهم,,فرهنگ و هنر,فرهنگ و هنر,ارزیابی پایه,مفاهیم پایه,تکمیل بانک,متوسط,کدام گزینه نمونه‌ای از یادگیری در درس فرهنگ و هنر است؟,شناخت و تجربه مفاهیم فرهنگی و هنری,انجام کاری بی‌ارتباط با درس,نادیده گرفتن تمرین,حذف مرور,A,پاسخ درست بر اساس مفهوم کلی درس فرهنگ و هنر: شناخت و تجربه مفاهیم فرهنگی و هنری,ترنم همدلی,original,1405
نهم,,فرهنگ و هنر,فرهنگ و هنر,ارزیابی پایه,مفاهیم پایه,تکمیل بانک,متوسط,برای پیشرفت در درس فرهنگ و هنر کدام روش مناسب‌تر است؟,مطالعه مفاهیم و تمرین متناسب با درس,حفظ پاسخ بدون فهم,حذف تمرین,مطالعه بدون مرور,A,پاسخ درست بر اساس مفهوم کلی درس فرهنگ و هنر: مطالعه مفاهیم و تمرین متناسب با درس,ترنم همدلی,original,1405
نهم,,فرهنگ و هنر,فرهنگ و هنر,ارزیابی پایه,مفاهیم پایه,تکمیل بانک,متوسط,در ارزیابی درس فرهنگ و هنر کدام مورد اهمیت بیشتری دارد؟,توانایی به‌کارگیری آموخته‌های مرتبط با درس,سرعت پاسخ بدون دقت,حدس زدن همه پاسخ‌ها,حذف سؤال‌های دشوار,A,پاسخ درست بر اساس مفهوم کلی درس فرهنگ و هنر: توانایی به‌کارگیری آموخته‌های مرتبط با درس,ترنم همدلی,original,1405
نهم,,فرهنگ و هنر,فرهنگ و هنر,ارزیابی پایه,مفاهیم پایه,تکمیل بانک,متوسط,اگر دانش‌آموز در فرهنگ و هنر اشتباه کند، بهترین اقدام چیست؟,تحلیل خطا و تمرین هدفمند,نادیده گرفتن خطا,حذف درس,تغییر پاسخ بدون بررسی,A,پاسخ درست بر اساس مفهوم کلی درس فرهنگ و هنر: تحلیل خطا و تمرین هدفمند,ترنم همدلی,original,1405
نهم,,فرهنگ و هنر,فرهنگ و هنر,ارزیابی پایه,مفاهیم پایه,تکمیل بانک,متوسط,کدام گزینه به مطالعه مؤثر فرهنگ و هنر نزدیک‌تر است؟,ترکیب فهم، تمرین و مرور,فقط خواندن سریع,فقط حفظ کردن گزینه‌ها,مطالعه بدون هدف,A,پاسخ درست بر اساس مفهوم کلی درس فرهنگ و هنر: ترکیب فهم، تمرین و مرور,ترنم همدلی,original,1405
نهم,,فرهنگ و هنر,فرهنگ و هنر,ارزیابی پایه,مفاهیم پایه,تکمیل بانک,متوسط,هدف یک آزمون آموزشی از درس فرهنگ و هنر چیست؟,شناسایی میزان یادگیری و نقاط نیازمند تقویت,صرفاً رتبه‌بندی دانش‌آموزان,حذف مباحث,افزایش تعداد سؤال بدون تحلیل,A,پاسخ درست بر اساس مفهوم کلی درس فرهنگ و هنر: شناسایی میزان یادگیری و نقاط نیازمند تقویت,ترنم همدلی,original,1405
نهم,,فرهنگ و هنر,فرهنگ و هنر,ارزیابی پایه,مفاهیم پایه,تکمیل بانک,متوسط,برای تشخیص ضعف در فرهنگ و هنر چه چیزی مفیدتر است؟,بررسی پاسخ‌ها و نوع خطاها,تعداد پیام‌های روزانه,حدس زدن علت ضعف,نادیده گرفتن نتیجه,A,پاسخ درست بر اساس مفهوم کلی درس فرهنگ و هنر: بررسی پاسخ‌ها و نوع خطاها,ترنم همدلی,original,1405
نهم,,فرهنگ و هنر,فرهنگ و هنر,ارزیابی پایه,مفاهیم پایه,تکمیل بانک,متوسط,کدام رفتار به یادگیری بهتر فرهنگ و هنر کمک می‌کند؟,تمرین منظم و رفع اشکال,مطالعه پراکنده بدون تمرین,حذف مرور,تکیه بر حدس,A,پاسخ درست بر اساس مفهوم کلی درس فرهنگ و هنر: تمرین منظم و رفع اشکال,ترنم همدلی,original,1405
نهم,,فرهنگ و هنر,فرهنگ و هنر,ارزیابی پایه,مفاهیم پایه,تکمیل بانک,متوسط,در مطالعه فرهنگ و هنر چرا مرور مهم است؟,برای تثبیت و بازیابی بهتر آموخته‌ها,برای حذف مطالب,برای افزایش زمان مطالعه بدون هدف,برای جلوگیری از تمرین,A,پاسخ درست بر اساس مفهوم کلی درس فرهنگ و هنر: برای تثبیت و بازیابی بهتر آموخته‌ها,ترنم همدلی,original,1405
نهم,,کار و فناوری,کار و فناوری,ارزیابی پایه,مفاهیم پایه,تکمیل بانک,متوسط,درس کار و فناوری بیشتر بر کدام حوزه تمرکز دارد؟,مهارت‌های فناوری، طراحی و کار عملی,حفظ اطلاعات نامرتبط,موضوعات خارج از برنامه,فقط فعالیت ورزشی,A,پاسخ درست بر اساس مفهوم کلی درس کار و فناوری: مهارت‌های فناوری، طراحی و کار عملی,ترنم همدلی,original,1405
نهم,,کار و فناوری,کار و فناوری,ارزیابی پایه,مفاهیم پایه,تکمیل بانک,متوسط,کدام گزینه نمونه‌ای از یادگیری در درس کار و فناوری است؟,مهارت‌های فناوری، طراحی و کار عملی,انجام کاری بی‌ارتباط با درس,نادیده گرفتن تمرین,حذف مرور,A,پاسخ درست بر اساس مفهوم کلی درس کار و فناوری: مهارت‌های فناوری، طراحی و کار عملی,ترنم همدلی,original,1405
نهم,,کار و فناوری,کار و فناوری,ارزیابی پایه,مفاهیم پایه,تکمیل بانک,متوسط,برای پیشرفت در درس کار و فناوری کدام روش مناسب‌تر است؟,مطالعه مفاهیم و تمرین متناسب با درس,حفظ پاسخ بدون فهم,حذف تمرین,مطالعه بدون مرور,A,پاسخ درست بر اساس مفهوم کلی درس کار و فناوری: مطالعه مفاهیم و تمرین متناسب با درس,ترنم همدلی,original,1405
نهم,,کار و فناوری,کار و فناوری,ارزیابی پایه,مفاهیم پایه,تکمیل بانک,متوسط,در ارزیابی درس کار و فناوری کدام مورد اهمیت بیشتری دارد؟,توانایی به‌کارگیری آموخته‌های مرتبط با درس,سرعت پاسخ بدون دقت,حدس زدن همه پاسخ‌ها,حذف سؤال‌های دشوار,A,پاسخ درست بر اساس مفهوم کلی درس کار و فناوری: توانایی به‌کارگیری آموخته‌های مرتبط با درس,ترنم همدلی,original,1405
نهم,,کار و فناوری,کار و فناوری,ارزیابی پایه,مفاهیم پایه,تکمیل بانک,متوسط,اگر دانش‌آموز در کار و فناوری اشتباه کند، بهترین اقدام چیست؟,تحلیل خطا و تمرین هدفمند,نادیده گرفتن خطا,حذف درس,تغییر پاسخ بدون بررسی,A,پاسخ درست بر اساس مفهوم کلی درس کار و فناوری: تحلیل خطا و تمرین هدفمند,ترنم همدلی,original,1405
نهم,,کار و فناوری,کار و فناوری,ارزیابی پایه,مفاهیم پایه,تکمیل بانک,متوسط,کدام گزینه به مطالعه مؤثر کار و فناوری نزدیک‌تر است؟,ترکیب فهم، تمرین و مرور,فقط خواندن سریع,فقط حفظ کردن گزینه‌ها,مطالعه بدون هدف,A,پاسخ درست بر اساس مفهوم کلی درس کار و فناوری: ترکیب فهم، تمرین و مرور,ترنم همدلی,original,1405
نهم,,کار و فناوری,کار و فناوری,ارزیابی پایه,مفاهیم پایه,تکمیل بانک,متوسط,هدف یک آزمون آموزشی از درس کار و فناوری چیست؟,شناسایی میزان یادگیری و نقاط نیازمند تقویت,صرفاً رتبه‌بندی دانش‌آموزان,حذف مباحث,افزایش تعداد سؤال بدون تحلیل,A,پاسخ درست بر اساس مفهوم کلی درس کار و فناوری: شناسایی میزان یادگیری و نقاط نیازمند تقویت,ترنم همدلی,original,1405
نهم,,کار و فناوری,کار و فناوری,ارزیابی پایه,مفاهیم پایه,تکمیل بانک,متوسط,برای تشخیص ضعف در کار و فناوری چه چیزی مفیدتر است؟,بررسی پاسخ‌ها و نوع خطاها,تعداد پیام‌های روزانه,حدس زدن علت ضعف,نادیده گرفتن نتیجه,A,پاسخ درست بر اساس مفهوم کلی درس کار و فناوری: بررسی پاسخ‌ها و نوع خطاها,ترنم همدلی,original,1405
نهم,,کار و فناوری,کار و فناوری,ارزیابی پایه,مفاهیم پایه,تکمیل بانک,متوسط,کدام رفتار به یادگیری بهتر کار و فناوری کمک می‌کند؟,تمرین منظم و رفع اشکال,مطالعه پراکنده بدون تمرین,حذف مرور,تکیه بر حدس,A,پاسخ درست بر اساس مفهوم کلی درس کار و فناوری: تمرین منظم و رفع اشکال,ترنم همدلی,original,1405
نهم,,کار و فناوری,کار و فناوری,ارزیابی پایه,مفاهیم پایه,تکمیل بانک,متوسط,در مطالعه کار و فناوری چرا مرور مهم است؟,برای تثبیت و بازیابی بهتر آموخته‌ها,برای حذف مطالب,برای افزایش زمان مطالعه بدون هدف,برای جلوگیری از تمرین,A,پاسخ درست بر اساس مفهوم کلی درس کار و فناوری: برای تثبیت و بازیابی بهتر آموخته‌ها,ترنم همدلی,original,1405
نهم,,آمادگی دفاعی,آمادگی دفاعی,ارزیابی پایه,مفاهیم پایه,تکمیل بانک,متوسط,درس آمادگی دفاعی بیشتر بر کدام حوزه تمرکز دارد؟,مفاهیم ایمنی، دفاعی و مسئولیت اجتماعی,حفظ اطلاعات نامرتبط,موضوعات خارج از برنامه,فقط فعالیت ورزشی,A,پاسخ درست بر اساس مفهوم کلی درس آمادگی دفاعی: مفاهیم ایمنی، دفاعی و مسئولیت اجتماعی,ترنم همدلی,original,1405
نهم,,آمادگی دفاعی,آمادگی دفاعی,ارزیابی پایه,مفاهیم پایه,تکمیل بانک,متوسط,کدام گزینه نمونه‌ای از یادگیری در درس آمادگی دفاعی است؟,مفاهیم ایمنی، دفاعی و مسئولیت اجتماعی,انجام کاری بی‌ارتباط با درس,نادیده گرفتن تمرین,حذف مرور,A,پاسخ درست بر اساس مفهوم کلی درس آمادگی دفاعی: مفاهیم ایمنی، دفاعی و مسئولیت اجتماعی,ترنم همدلی,original,1405
نهم,,آمادگی دفاعی,آمادگی دفاعی,ارزیابی پایه,مفاهیم پایه,تکمیل بانک,متوسط,برای پیشرفت در درس آمادگی دفاعی کدام روش مناسب‌تر است؟,مطالعه مفاهیم و تمرین متناسب با درس,حفظ پاسخ بدون فهم,حذف تمرین,مطالعه بدون مرور,A,پاسخ درست بر اساس مفهوم کلی درس آمادگی دفاعی: مطالعه مفاهیم و تمرین متناسب با درس,ترنم همدلی,original,1405
نهم,,آمادگی دفاعی,آمادگی دفاعی,ارزیابی پایه,مفاهیم پایه,تکمیل بانک,متوسط,در ارزیابی درس آمادگی دفاعی کدام مورد اهمیت بیشتری دارد؟,توانایی به‌کارگیری آموخته‌های مرتبط با درس,سرعت پاسخ بدون دقت,حدس زدن همه پاسخ‌ها,حذف سؤال‌های دشوار,A,پاسخ درست بر اساس مفهوم کلی درس آمادگی دفاعی: توانایی به‌کارگیری آموخته‌های مرتبط با درس,ترنم همدلی,original,1405
نهم,,آمادگی دفاعی,آمادگی دفاعی,ارزیابی پایه,مفاهیم پایه,تکمیل بانک,متوسط,اگر دانش‌آموز در آمادگی دفاعی اشتباه کند، بهترین اقدام چیست؟,تحلیل خطا و تمرین هدفمند,نادیده گرفتن خطا,حذف درس,تغییر پاسخ بدون بررسی,A,پاسخ درست بر اساس مفهوم کلی درس آمادگی دفاعی: تحلیل خطا و تمرین هدفمند,ترنم همدلی,original,1405
نهم,,آمادگی دفاعی,آمادگی دفاعی,ارزیابی پایه,مفاهیم پایه,تکمیل بانک,متوسط,کدام گزینه به مطالعه مؤثر آمادگی دفاعی نزدیک‌تر است؟,ترکیب فهم، تمرین و مرور,فقط خواندن سریع,فقط حفظ کردن گزینه‌ها,مطالعه بدون هدف,A,پاسخ درست بر اساس مفهوم کلی درس آمادگی دفاعی: ترکیب فهم، تمرین و مرور,ترنم همدلی,original,1405
نهم,,آمادگی دفاعی,آمادگی دفاعی,ارزیابی پایه,مفاهیم پایه,تکمیل بانک,متوسط,هدف یک آزمون آموزشی از درس آمادگی دفاعی چیست؟,شناسایی میزان یادگیری و نقاط نیازمند تقویت,صرفاً رتبه‌بندی دانش‌آموزان,حذف مباحث,افزایش تعداد سؤال بدون تحلیل,A,پاسخ درست بر اساس مفهوم کلی درس آمادگی دفاعی: شناسایی میزان یادگیری و نقاط نیازمند تقویت,ترنم همدلی,original,1405
نهم,,آمادگی دفاعی,آمادگی دفاعی,ارزیابی پایه,مفاهیم پایه,تکمیل بانک,متوسط,برای تشخیص ضعف در آمادگی دفاعی چه چیزی مفیدتر است؟,بررسی پاسخ‌ها و نوع خطاها,تعداد پیام‌های روزانه,حدس زدن علت ضعف,نادیده گرفتن نتیجه,A,پاسخ درست بر اساس مفهوم کلی درس آمادگی دفاعی: بررسی پاسخ‌ها و نوع خطاها,ترنم همدلی,original,1405
نهم,,آمادگی دفاعی,آمادگی دفاعی,ارزیابی پایه,مفاهیم پایه,تکمیل بانک,متوسط,کدام رفتار به یادگیری بهتر آمادگی دفاعی کمک می‌کند؟,تمرین منظم و رفع اشکال,مطالعه پراکنده بدون تمرین,حذف مرور,تکیه بر حدس,A,پاسخ درست بر اساس مفهوم کلی درس آمادگی دفاعی: تمرین منظم و رفع اشکال,ترنم همدلی,original,1405
نهم,,آمادگی دفاعی,آمادگی دفاعی,ارزیابی پایه,مفاهیم پایه,تکمیل بانک,متوسط,در مطالعه آمادگی دفاعی چرا مرور مهم است؟,برای تثبیت و بازیابی بهتر آموخته‌ها,برای حذف مطالب,برای افزایش زمان مطالعه بدون هدف,برای جلوگیری از تمرین,A,پاسخ درست بر اساس مفهوم کلی درس آمادگی دفاعی: برای تثبیت و بازیابی بهتر آموخته‌ها,ترنم همدلی,original,1405
دهم,ریاضی,فارسی,فارسی,بخش 1,واژگان,تکمیل بانک,متوسط,درس فارسی بیشتر بر کدام حوزه تمرکز دارد؟,خواندن، واژگان، دستور، ادبیات و درک متن,حفظ اطلاعات نامرتبط,موضوعات خارج از برنامه,فقط فعالیت ورزشی,A,پاسخ درست بر اساس مفهوم کلی درس فارسی: خواندن، واژگان، دستور، ادبیات و درک متن,ترنم همدلی,original,1405
دهم,ریاضی,فارسی,فارسی,بخش 1,واژگان,تکمیل بانک,متوسط,کدام گزینه نمونه‌ای از یادگیری در درس فارسی است؟,خواندن، واژگان، دستور، ادبیات و درک متن,انجام کاری بی‌ارتباط با درس,نادیده گرفتن تمرین,حذف مرور,A,پاسخ درست بر اساس مفهوم کلی درس فارسی: خواندن، واژگان، دستور، ادبیات و درک متن,ترنم همدلی,original,1405
دهم,ریاضی,فارسی,فارسی,بخش 1,واژگان,تکمیل بانک,متوسط,برای پیشرفت در درس فارسی کدام روش مناسب‌تر است؟,مطالعه مفاهیم و تمرین متناسب با درس,حفظ پاسخ بدون فهم,حذف تمرین,مطالعه بدون مرور,A,پاسخ درست بر اساس مفهوم کلی درس فارسی: مطالعه مفاهیم و تمرین متناسب با درس,ترنم همدلی,original,1405
دهم,ریاضی,فارسی,فارسی,بخش 1,واژگان,تکمیل بانک,متوسط,در ارزیابی درس فارسی کدام مورد اهمیت بیشتری دارد؟,توانایی به‌کارگیری آموخته‌های مرتبط با درس,سرعت پاسخ بدون دقت,حدس زدن همه پاسخ‌ها,حذف سؤال‌های دشوار,A,پاسخ درست بر اساس مفهوم کلی درس فارسی: توانایی به‌کارگیری آموخته‌های مرتبط با درس,ترنم همدلی,original,1405
دهم,ریاضی,نگارش,نگارش,ارزیابی پایه,مفاهیم پایه,تکمیل بانک,متوسط,درس نگارش بیشتر بر کدام حوزه تمرکز دارد؟,مهارت نوشتن، سازمان‌دهی و ویرایش متن,حفظ اطلاعات نامرتبط,موضوعات خارج از برنامه,فقط فعالیت ورزشی,A,پاسخ درست بر اساس مفهوم کلی درس نگارش: مهارت نوشتن، سازمان‌دهی و ویرایش متن,ترنم همدلی,original,1405
دهم,ریاضی,نگارش,نگارش,ارزیابی پایه,مفاهیم پایه,تکمیل بانک,متوسط,کدام گزینه نمونه‌ای از یادگیری در درس نگارش است؟,مهارت نوشتن، سازمان‌دهی و ویرایش متن,انجام کاری بی‌ارتباط با درس,نادیده گرفتن تمرین,حذف مرور,A,پاسخ درست بر اساس مفهوم کلی درس نگارش: مهارت نوشتن، سازمان‌دهی و ویرایش متن,ترنم همدلی,original,1405
دهم,ریاضی,نگارش,نگارش,ارزیابی پایه,مفاهیم پایه,تکمیل بانک,متوسط,برای پیشرفت در درس نگارش کدام روش مناسب‌تر است؟,مطالعه مفاهیم و تمرین متناسب با درس,حفظ پاسخ بدون فهم,حذف تمرین,مطالعه بدون مرور,A,پاسخ درست بر اساس مفهوم کلی درس نگارش: مطالعه مفاهیم و تمرین متناسب با درس,ترنم همدلی,original,1405
دهم,ریاضی,نگارش,نگارش,ارزیابی پایه,مفاهیم پایه,تکمیل بانک,متوسط,در ارزیابی درس نگارش کدام مورد اهمیت بیشتری دارد؟,توانایی به‌کارگیری آموخته‌های مرتبط با درس,سرعت پاسخ بدون دقت,حدس زدن همه پاسخ‌ها,حذف سؤال‌های دشوار,A,پاسخ درست بر اساس مفهوم کلی درس نگارش: توانایی به‌کارگیری آموخته‌های مرتبط با درس,ترنم همدلی,original,1405
دهم,ریاضی,نگارش,نگارش,ارزیابی پایه,مفاهیم پایه,تکمیل بانک,متوسط,اگر دانش‌آموز در نگارش اشتباه کند، بهترین اقدام چیست؟,تحلیل خطا و تمرین هدفمند,نادیده گرفتن خطا,حذف درس,تغییر پاسخ بدون بررسی,A,پاسخ درست بر اساس مفهوم کلی درس نگارش: تحلیل خطا و تمرین هدفمند,ترنم همدلی,original,1405
دهم,ریاضی,نگارش,نگارش,ارزیابی پایه,مفاهیم پایه,تکمیل بانک,متوسط,کدام گزینه به مطالعه مؤثر نگارش نزدیک‌تر است؟,ترکیب فهم، تمرین و مرور,فقط خواندن سریع,فقط حفظ کردن گزینه‌ها,مطالعه بدون هدف,A,پاسخ درست بر اساس مفهوم کلی درس نگارش: ترکیب فهم، تمرین و مرور,ترنم همدلی,original,1405
دهم,ریاضی,نگارش,نگارش,ارزیابی پایه,مفاهیم پایه,تکمیل بانک,متوسط,هدف یک آزمون آموزشی از درس نگارش چیست؟,شناسایی میزان یادگیری و نقاط نیازمند تقویت,صرفاً رتبه‌بندی دانش‌آموزان,حذف مباحث,افزایش تعداد سؤال بدون تحلیل,A,پاسخ درست بر اساس مفهوم کلی درس نگارش: شناسایی میزان یادگیری و نقاط نیازمند تقویت,ترنم همدلی,original,1405
دهم,ریاضی,نگارش,نگارش,ارزیابی پایه,مفاهیم پایه,تکمیل بانک,متوسط,برای تشخیص ضعف در نگارش چه چیزی مفیدتر است؟,بررسی پاسخ‌ها و نوع خطاها,تعداد پیام‌های روزانه,حدس زدن علت ضعف,نادیده گرفتن نتیجه,A,پاسخ درست بر اساس مفهوم کلی درس نگارش: بررسی پاسخ‌ها و نوع خطاها,ترنم همدلی,original,1405
دهم,ریاضی,نگارش,نگارش,ارزیابی پایه,مفاهیم پایه,تکمیل بانک,متوسط,کدام رفتار به یادگیری بهتر نگارش کمک می‌کند؟,تمرین منظم و رفع اشکال,مطالعه پراکنده بدون تمرین,حذف مرور,تکیه بر حدس,A,پاسخ درست بر اساس مفهوم کلی درس نگارش: تمرین منظم و رفع اشکال,ترنم همدلی,original,1405
دهم,ریاضی,نگارش,نگارش,ارزیابی پایه,مفاهیم پایه,تکمیل بانک,متوسط,در مطالعه نگارش چرا مرور مهم است؟,برای تثبیت و بازیابی بهتر آموخته‌ها,برای حذف مطالب,برای افزایش زمان مطالعه بدون هدف,برای جلوگیری از تمرین,A,پاسخ درست بر اساس مفهوم کلی درس نگارش: برای تثبیت و بازیابی بهتر آموخته‌ها,ترنم همدلی,original,1405
دهم,ریاضی,دین و زندگی,دین و زندگی,بخش 1,توحید,تکمیل بانک,متوسط,درس دین و زندگی بیشتر بر کدام حوزه تمرکز دارد؟,مفاهیم دینی، اخلاقی و معارف اسلامی,حفظ اطلاعات نامرتبط,موضوعات خارج از برنامه,فقط فعالیت ورزشی,A,پاسخ درست بر اساس مفهوم کلی درس دین و زندگی: مفاهیم دینی، اخلاقی و معارف اسلامی,ترنم همدلی,original,1405
دهم,ریاضی,دین و زندگی,دین و زندگی,بخش 1,توحید,تکمیل بانک,متوسط,کدام گزینه نمونه‌ای از یادگیری در درس دین و زندگی است؟,مفاهیم دینی، اخلاقی و معارف اسلامی,انجام کاری بی‌ارتباط با درس,نادیده گرفتن تمرین,حذف مرور,A,پاسخ درست بر اساس مفهوم کلی درس دین و زندگی: مفاهیم دینی، اخلاقی و معارف اسلامی,ترنم همدلی,original,1405
دهم,ریاضی,دین و زندگی,دین و زندگی,بخش 1,توحید,تکمیل بانک,متوسط,برای پیشرفت در درس دین و زندگی کدام روش مناسب‌تر است؟,مطالعه مفاهیم و تمرین متناسب با درس,حفظ پاسخ بدون فهم,حذف تمرین,مطالعه بدون مرور,A,پاسخ درست بر اساس مفهوم کلی درس دین و زندگی: مطالعه مفاهیم و تمرین متناسب با درس,ترنم همدلی,original,1405
دهم,ریاضی,دین و زندگی,دین و زندگی,بخش 1,توحید,تکمیل بانک,متوسط,در ارزیابی درس دین و زندگی کدام مورد اهمیت بیشتری دارد؟,توانایی به‌کارگیری آموخته‌های مرتبط با درس,سرعت پاسخ بدون دقت,حدس زدن همه پاسخ‌ها,حذف سؤال‌های دشوار,A,پاسخ درست بر اساس مفهوم کلی درس دین و زندگی: توانایی به‌کارگیری آموخته‌های مرتبط با درس,ترنم همدلی,original,1405
دهم,ریاضی,عربی,عربی,بخش 1,ترجمه,تکمیل بانک,متوسط,درس عربی بیشتر بر کدام حوزه تمرکز دارد؟,واژگان، ترجمه و ساختارهای زبانی عربی,حفظ اطلاعات نامرتبط,موضوعات خارج از برنامه,فقط فعالیت ورزشی,A,پاسخ درست بر اساس مفهوم کلی درس عربی: واژگان، ترجمه و ساختارهای زبانی عربی,ترنم همدلی,original,1405
دهم,ریاضی,عربی,عربی,بخش 1,ترجمه,تکمیل بانک,متوسط,کدام گزینه نمونه‌ای از یادگیری در درس عربی است؟,واژگان، ترجمه و ساختارهای زبانی عربی,انجام کاری بی‌ارتباط با درس,نادیده گرفتن تمرین,حذف مرور,A,پاسخ درست بر اساس مفهوم کلی درس عربی: واژگان، ترجمه و ساختارهای زبانی عربی,ترنم همدلی,original,1405
دهم,ریاضی,عربی,عربی,بخش 1,ترجمه,تکمیل بانک,متوسط,برای پیشرفت در درس عربی کدام روش مناسب‌تر است؟,مطالعه مفاهیم و تمرین متناسب با درس,حفظ پاسخ بدون فهم,حذف تمرین,مطالعه بدون مرور,A,پاسخ درست بر اساس مفهوم کلی درس عربی: مطالعه مفاهیم و تمرین متناسب با درس,ترنم همدلی,original,1405
دهم,ریاضی,عربی,عربی,بخش 1,ترجمه,تکمیل بانک,متوسط,در ارزیابی درس عربی کدام مورد اهمیت بیشتری دارد؟,توانایی به‌کارگیری آموخته‌های مرتبط با درس,سرعت پاسخ بدون دقت,حدس زدن همه پاسخ‌ها,حذف سؤال‌های دشوار,A,پاسخ درست بر اساس مفهوم کلی درس عربی: توانایی به‌کارگیری آموخته‌های مرتبط با درس,ترنم همدلی,original,1405
دهم,ریاضی,زبان انگلیسی,زبان انگلیسی,بخش 1,واژگان,تکمیل بانک,متوسط,درس زبان انگلیسی بیشتر بر کدام حوزه تمرکز دارد؟,واژگان، گرامر، خواندن و ارتباط به زبان انگلیسی,حفظ اطلاعات نامرتبط,موضوعات خارج از برنامه,فقط فعالیت ورزشی,A,پاسخ درست بر اساس مفهوم کلی درس زبان انگلیسی: واژگان، گرامر، خواندن و ارتباط به زبان انگلیسی,ترنم همدلی,original,1405
دهم,ریاضی,زبان انگلیسی,زبان انگلیسی,بخش 1,واژگان,تکمیل بانک,متوسط,کدام گزینه نمونه‌ای از یادگیری در درس زبان انگلیسی است؟,واژگان، گرامر، خواندن و ارتباط به زبان انگلیسی,انجام کاری بی‌ارتباط با درس,نادیده گرفتن تمرین,حذف مرور,A,پاسخ درست بر اساس مفهوم کلی درس زبان انگلیسی: واژگان، گرامر، خواندن و ارتباط به زبان انگلیسی,ترنم همدلی,original,1405
دهم,ریاضی,زبان انگلیسی,زبان انگلیسی,بخش 1,واژگان,تکمیل بانک,متوسط,برای پیشرفت در درس زبان انگلیسی کدام روش مناسب‌تر است؟,مطالعه مفاهیم و تمرین متناسب با درس,حفظ پاسخ بدون فهم,حذف تمرین,مطالعه بدون مرور,A,پاسخ درست بر اساس مفهوم کلی درس زبان انگلیسی: مطالعه مفاهیم و تمرین متناسب با درس,ترنم همدلی,original,1405
دهم,ریاضی,زبان انگلیسی,زبان انگلیسی,بخش 1,واژگان,تکمیل بانک,متوسط,در ارزیابی درس زبان انگلیسی کدام مورد اهمیت بیشتری دارد؟,توانایی به‌کارگیری آموخته‌های مرتبط با درس,سرعت پاسخ بدون دقت,حدس زدن همه پاسخ‌ها,حذف سؤال‌های دشوار,A,پاسخ درست بر اساس مفهوم کلی درس زبان انگلیسی: توانایی به‌کارگیری آموخته‌های مرتبط با درس,ترنم همدلی,original,1405
دهم,ریاضی,آمادگی دفاعی,آمادگی دفاعی,ارزیابی پایه,مفاهیم پایه,تکمیل بانک,متوسط,درس آمادگی دفاعی بیشتر بر کدام حوزه تمرکز دارد؟,مفاهیم ایمنی، دفاعی و مسئولیت اجتماعی,حفظ اطلاعات نامرتبط,موضوعات خارج از برنامه,فقط فعالیت ورزشی,A,پاسخ درست بر اساس مفهوم کلی درس آمادگی دفاعی: مفاهیم ایمنی، دفاعی و مسئولیت اجتماعی,ترنم همدلی,original,1405
دهم,ریاضی,آمادگی دفاعی,آمادگی دفاعی,ارزیابی پایه,مفاهیم پایه,تکمیل بانک,متوسط,کدام گزینه نمونه‌ای از یادگیری در درس آمادگی دفاعی است؟,مفاهیم ایمنی، دفاعی و مسئولیت اجتماعی,انجام کاری بی‌ارتباط با درس,نادیده گرفتن تمرین,حذف مرور,A,پاسخ درست بر اساس مفهوم کلی درس آمادگی دفاعی: مفاهیم ایمنی، دفاعی و مسئولیت اجتماعی,ترنم همدلی,original,1405
دهم,ریاضی,آمادگی دفاعی,آمادگی دفاعی,ارزیابی پایه,مفاهیم پایه,تکمیل بانک,متوسط,برای پیشرفت در درس آمادگی دفاعی کدام روش مناسب‌تر است؟,مطالعه مفاهیم و تمرین متناسب با درس,حفظ پاسخ بدون فهم,حذف تمرین,مطالعه بدون مرور,A,پاسخ درست بر اساس مفهوم کلی درس آمادگی دفاعی: مطالعه مفاهیم و تمرین متناسب با درس,ترنم همدلی,original,1405
دهم,ریاضی,آمادگی دفاعی,آمادگی دفاعی,ارزیابی پایه,مفاهیم پایه,تکمیل بانک,متوسط,در ارزیابی درس آمادگی دفاعی کدام مورد اهمیت بیشتری دارد؟,توانایی به‌کارگیری آموخته‌های مرتبط با درس,سرعت پاسخ بدون دقت,حدس زدن همه پاسخ‌ها,حذف سؤال‌های دشوار,A,پاسخ درست بر اساس مفهوم کلی درس آمادگی دفاعی: توانایی به‌کارگیری آموخته‌های مرتبط با درس,ترنم همدلی,original,1405
دهم,ریاضی,آمادگی دفاعی,آمادگی دفاعی,ارزیابی پایه,مفاهیم پایه,تکمیل بانک,متوسط,اگر دانش‌آموز در آمادگی دفاعی اشتباه کند، بهترین اقدام چیست؟,تحلیل خطا و تمرین هدفمند,نادیده گرفتن خطا,حذف درس,تغییر پاسخ بدون بررسی,A,پاسخ درست بر اساس مفهوم کلی درس آمادگی دفاعی: تحلیل خطا و تمرین هدفمند,ترنم همدلی,original,1405
دهم,ریاضی,آمادگی دفاعی,آمادگی دفاعی,ارزیابی پایه,مفاهیم پایه,تکمیل بانک,متوسط,کدام گزینه به مطالعه مؤثر آمادگی دفاعی نزدیک‌تر است؟,ترکیب فهم، تمرین و مرور,فقط خواندن سریع,فقط حفظ کردن گزینه‌ها,مطالعه بدون هدف,A,پاسخ درست بر اساس مفهوم کلی درس آمادگی دفاعی: ترکیب فهم، تمرین و مرور,ترنم همدلی,original,1405
دهم,ریاضی,آمادگی دفاعی,آمادگی دفاعی,ارزیابی پایه,مفاهیم پایه,تکمیل بانک,متوسط,هدف یک آزمون آموزشی از درس آمادگی دفاعی چیست؟,شناسایی میزان یادگیری و نقاط نیازمند تقویت,صرفاً رتبه‌بندی دانش‌آموزان,حذف مباحث,افزایش تعداد سؤال بدون تحلیل,A,پاسخ درست بر اساس مفهوم کلی درس آمادگی دفاعی: شناسایی میزان یادگیری و نقاط نیازمند تقویت,ترنم همدلی,original,1405
دهم,ریاضی,آمادگی دفاعی,آمادگی دفاعی,ارزیابی پایه,مفاهیم پایه,تکمیل بانک,متوسط,برای تشخیص ضعف در آمادگی دفاعی چه چیزی مفیدتر است؟,بررسی پاسخ‌ها و نوع خطاها,تعداد پیام‌های روزانه,حدس زدن علت ضعف,نادیده گرفتن نتیجه,A,پاسخ درست بر اساس مفهوم کلی درس آمادگی دفاعی: بررسی پاسخ‌ها و نوع خطاها,ترنم همدلی,original,1405
دهم,ریاضی,آمادگی دفاعی,آمادگی دفاعی,ارزیابی پایه,مفاهیم پایه,تکمیل بانک,متوسط,کدام رفتار به یادگیری بهتر آمادگی دفاعی کمک می‌کند؟,تمرین منظم و رفع اشکال,مطالعه پراکنده بدون تمرین,حذف مرور,تکیه بر حدس,A,پاسخ درست بر اساس مفهوم کلی درس آمادگی دفاعی: تمرین منظم و رفع اشکال,ترنم همدلی,original,1405
دهم,ریاضی,آمادگی دفاعی,آمادگی دفاعی,ارزیابی پایه,مفاهیم پایه,تکمیل بانک,متوسط,در مطالعه آمادگی دفاعی چرا مرور مهم است؟,برای تثبیت و بازیابی بهتر آموخته‌ها,برای حذف مطالب,برای افزایش زمان مطالعه بدون هدف,برای جلوگیری از تمرین,A,پاسخ درست بر اساس مفهوم کلی درس آمادگی دفاعی: برای تثبیت و بازیابی بهتر آموخته‌ها,ترنم همدلی,original,1405
دهم,ریاضی,جغرافیای ایران,جغرافیای ایران,ارزیابی پایه,مفاهیم پایه,تکمیل بانک,متوسط,درس جغرافیای ایران بیشتر بر کدام حوزه تمرکز دارد؟,شناخت ویژگی‌های جغرافیایی ایران,حفظ اطلاعات نامرتبط,موضوعات خارج از برنامه,فقط فعالیت ورزشی,A,پاسخ درست بر اساس مفهوم کلی درس جغرافیای ایران: شناخت ویژگی‌های جغرافیایی ایران,ترنم همدلی,original,1405
دهم,ریاضی,جغرافیای ایران,جغرافیای ایران,ارزیابی پایه,مفاهیم پایه,تکمیل بانک,متوسط,کدام گزینه نمونه‌ای از یادگیری در درس جغرافیای ایران است؟,شناخت ویژگی‌های جغرافیایی ایران,انجام کاری بی‌ارتباط با درس,نادیده گرفتن تمرین,حذف مرور,A,پاسخ درست بر اساس مفهوم کلی درس جغرافیای ایران: شناخت ویژگی‌های جغرافیایی ایران,ترنم همدلی,original,1405
دهم,ریاضی,جغرافیای ایران,جغرافیای ایران,ارزیابی پایه,مفاهیم پایه,تکمیل بانک,متوسط,برای پیشرفت در درس جغرافیای ایران کدام روش مناسب‌تر است؟,مطالعه مفاهیم و تمرین متناسب با درس,حفظ پاسخ بدون فهم,حذف تمرین,مطالعه بدون مرور,A,پاسخ درست بر اساس مفهوم کلی درس جغرافیای ایران: مطالعه مفاهیم و تمرین متناسب با درس,ترنم همدلی,original,1405
دهم,ریاضی,جغرافیای ایران,جغرافیای ایران,ارزیابی پایه,مفاهیم پایه,تکمیل بانک,متوسط,در ارزیابی درس جغرافیای ایران کدام مورد اهمیت بیشتری دارد؟,توانایی به‌کارگیری آموخته‌های مرتبط با درس,سرعت پاسخ بدون دقت,حدس زدن همه پاسخ‌ها,حذف سؤال‌های دشوار,A,پاسخ درست بر اساس مفهوم کلی درس جغرافیای ایران: توانایی به‌کارگیری آموخته‌های مرتبط با درس,ترنم همدلی,original,1405
دهم,ریاضی,جغرافیای ایران,جغرافیای ایران,ارزیابی پایه,مفاهیم پایه,تکمیل بانک,متوسط,اگر دانش‌آموز در جغرافیای ایران اشتباه کند، بهترین اقدام چیست؟,تحلیل خطا و تمرین هدفمند,نادیده گرفتن خطا,حذف درس,تغییر پاسخ بدون بررسی,A,پاسخ درست بر اساس مفهوم کلی درس جغرافیای ایران: تحلیل خطا و تمرین هدفمند,ترنم همدلی,original,1405
دهم,ریاضی,جغرافیای ایران,جغرافیای ایران,ارزیابی پایه,مفاهیم پایه,تکمیل بانک,متوسط,کدام گزینه به مطالعه مؤثر جغرافیای ایران نزدیک‌تر است؟,ترکیب فهم، تمرین و مرور,فقط خواندن سریع,فقط حفظ کردن گزینه‌ها,مطالعه بدون هدف,A,پاسخ درست بر اساس مفهوم کلی درس جغرافیای ایران: ترکیب فهم، تمرین و مرور,ترنم همدلی,original,1405
دهم,ریاضی,جغرافیای ایران,جغرافیای ایران,ارزیابی پایه,مفاهیم پایه,تکمیل بانک,متوسط,هدف یک آزمون آموزشی از درس جغرافیای ایران چیست؟,شناسایی میزان یادگیری و نقاط نیازمند تقویت,صرفاً رتبه‌بندی دانش‌آموزان,حذف مباحث,افزایش تعداد سؤال بدون تحلیل,A,پاسخ درست بر اساس مفهوم کلی درس جغرافیای ایران: شناسایی میزان یادگیری و نقاط نیازمند تقویت,ترنم همدلی,original,1405
دهم,ریاضی,جغرافیای ایران,جغرافیای ایران,ارزیابی پایه,مفاهیم پایه,تکمیل بانک,متوسط,برای تشخیص ضعف در جغرافیای ایران چه چیزی مفیدتر است؟,بررسی پاسخ‌ها و نوع خطاها,تعداد پیام‌های روزانه,حدس زدن علت ضعف,نادیده گرفتن نتیجه,A,پاسخ درست بر اساس مفهوم کلی درس جغرافیای ایران: بررسی پاسخ‌ها و نوع خطاها,ترنم همدلی,original,1405
دهم,ریاضی,جغرافیای ایران,جغرافیای ایران,ارزیابی پایه,مفاهیم پایه,تکمیل بانک,متوسط,کدام رفتار به یادگیری بهتر جغرافیای ایران کمک می‌کند؟,تمرین منظم و رفع اشکال,مطالعه پراکنده بدون تمرین,حذف مرور,تکیه بر حدس,A,پاسخ درست بر اساس مفهوم کلی درس جغرافیای ایران: تمرین منظم و رفع اشکال,ترنم همدلی,original,1405
دهم,ریاضی,جغرافیای ایران,جغرافیای ایران,ارزیابی پایه,مفاهیم پایه,تکمیل بانک,متوسط,در مطالعه جغرافیای ایران چرا مرور مهم است؟,برای تثبیت و بازیابی بهتر آموخته‌ها,برای حذف مطالب,برای افزایش زمان مطالعه بدون هدف,برای جلوگیری از تمرین,A,پاسخ درست بر اساس مفهوم کلی درس جغرافیای ایران: برای تثبیت و بازیابی بهتر آموخته‌ها,ترنم همدلی,original,1405
دهم,ریاضی,تفکر و سواد رسانه‌ای,تفکر و سواد رسانه‌ای,ارزیابی پایه,مفاهیم پایه,تکمیل بانک,متوسط,درس تفکر و سواد رسانه‌ای بیشتر بر کدام حوزه تمرکز دارد؟,تحلیل پیام‌های رسانه‌ای و استفاده مسئولانه از رسانه,حفظ اطلاعات نامرتبط,موضوعات خارج از برنامه,فقط فعالیت ورزشی,A,پاسخ درست بر اساس مفهوم کلی درس تفکر و سواد رسانه‌ای: تحلیل پیام‌های رسانه‌ای و استفاده مسئولانه از رسانه,ترنم همدلی,original,1405
دهم,ریاضی,تفکر و سواد رسانه‌ای,تفکر و سواد رسانه‌ای,ارزیابی پایه,مفاهیم پایه,تکمیل بانک,متوسط,کدام گزینه نمونه‌ای از یادگیری در درس تفکر و سواد رسانه‌ای است؟,تحلیل پیام‌های رسانه‌ای و استفاده مسئولانه از رسانه,انجام کاری بی‌ارتباط با درس,نادیده گرفتن تمرین,حذف مرور,A,پاسخ درست بر اساس مفهوم کلی درس تفکر و سواد رسانه‌ای: تحلیل پیام‌های رسانه‌ای و استفاده مسئولانه از رسانه,ترنم همدلی,original,1405
دهم,ریاضی,تفکر و سواد رسانه‌ای,تفکر و سواد رسانه‌ای,ارزیابی پایه,مفاهیم پایه,تکمیل بانک,متوسط,برای پیشرفت در درس تفکر و سواد رسانه‌ای کدام روش مناسب‌تر است؟,مطالعه مفاهیم و تمرین متناسب با درس,حفظ پاسخ بدون فهم,حذف تمرین,مطالعه بدون مرور,A,پاسخ درست بر اساس مفهوم کلی درس تفکر و سواد رسانه‌ای: مطالعه مفاهیم و تمرین متناسب با درس,ترنم همدلی,original,1405
دهم,ریاضی,تفکر و سواد رسانه‌ای,تفکر و سواد رسانه‌ای,ارزیابی پایه,مفاهیم پایه,تکمیل بانک,متوسط,در ارزیابی درس تفکر و سواد رسانه‌ای کدام مورد اهمیت بیشتری دارد؟,توانایی به‌کارگیری آموخته‌های مرتبط با درس,سرعت پاسخ بدون دقت,حدس زدن همه پاسخ‌ها,حذف سؤال‌های دشوار,A,پاسخ درست بر اساس مفهوم کلی درس تفکر و سواد رسانه‌ای: توانایی به‌کارگیری آموخته‌های مرتبط با درس,ترنم همدلی,original,1405
دهم,ریاضی,تفکر و سواد رسانه‌ای,تفکر و سواد رسانه‌ای,ارزیابی پایه,مفاهیم پایه,تکمیل بانک,متوسط,اگر دانش‌آموز در تفکر و سواد رسانه‌ای اشتباه کند، بهترین اقدام چیست؟,تحلیل خطا و تمرین هدفمند,نادیده گرفتن خطا,حذف درس,تغییر پاسخ بدون بررسی,A,پاسخ درست بر اساس مفهوم کلی درس تفکر و سواد رسانه‌ای: تحلیل خطا و تمرین هدفمند,ترنم همدلی,original,1405
دهم,ریاضی,تفکر و سواد رسانه‌ای,تفکر و سواد رسانه‌ای,ارزیابی پایه,مفاهیم پایه,تکمیل بانک,متوسط,کدام گزینه به مطالعه مؤثر تفکر و سواد رسانه‌ای نزدیک‌تر است؟,ترکیب فهم، تمرین و مرور,فقط خواندن سریع,فقط حفظ کردن گزینه‌ها,مطالعه بدون هدف,A,پاسخ درست بر اساس مفهوم کلی درس تفکر و سواد رسانه‌ای: ترکیب فهم، تمرین و مرور,ترنم همدلی,original,1405
دهم,ریاضی,تفکر و سواد رسانه‌ای,تفکر و سواد رسانه‌ای,ارزیابی پایه,مفاهیم پایه,تکمیل بانک,متوسط,هدف یک آزمون آموزشی از درس تفکر و سواد رسانه‌ای چیست؟,شناسایی میزان یادگیری و نقاط نیازمند تقویت,صرفاً رتبه‌بندی دانش‌آموزان,حذف مباحث,افزایش تعداد سؤال بدون تحلیل,A,پاسخ درست بر اساس مفهوم کلی درس تفکر و سواد رسانه‌ای: شناسایی میزان یادگیری و نقاط نیازمند تقویت,ترنم همدلی,original,1405
دهم,ریاضی,تفکر و سواد رسانه‌ای,تفکر و سواد رسانه‌ای,ارزیابی پایه,مفاهیم پایه,تکمیل بانک,متوسط,برای تشخیص ضعف در تفکر و سواد رسانه‌ای چه چیزی مفیدتر است؟,بررسی پاسخ‌ها و نوع خطاها,تعداد پیام‌های روزانه,حدس زدن علت ضعف,نادیده گرفتن نتیجه,A,پاسخ درست بر اساس مفهوم کلی درس تفکر و سواد رسانه‌ای: بررسی پاسخ‌ها و نوع خطاها,ترنم همدلی,original,1405
دهم,ریاضی,تفکر و سواد رسانه‌ای,تفکر و سواد رسانه‌ای,ارزیابی پایه,مفاهیم پایه,تکمیل بانک,متوسط,کدام رفتار به یادگیری بهتر تفکر و سواد رسانه‌ای کمک می‌کند؟,تمرین منظم و رفع اشکال,مطالعه پراکنده بدون تمرین,حذف مرور,تکیه بر حدس,A,پاسخ درست بر اساس مفهوم کلی درس تفکر و سواد رسانه‌ای: تمرین منظم و رفع اشکال,ترنم همدلی,original,1405
دهم,ریاضی,تفکر و سواد رسانه‌ای,تفکر و سواد رسانه‌ای,ارزیابی پایه,مفاهیم پایه,تکمیل بانک,متوسط,در مطالعه تفکر و سواد رسانه‌ای چرا مرور مهم است؟,برای تثبیت و بازیابی بهتر آموخته‌ها,برای حذف مطالب,برای افزایش زمان مطالعه بدون هدف,برای جلوگیری از تمرین,A,پاسخ درست بر اساس مفهوم کلی درس تفکر و سواد رسانه‌ای: برای تثبیت و بازیابی بهتر آموخته‌ها,ترنم همدلی,original,1405
دهم,ریاضی,کارگاه کارآفرینی و تولید,کارگاه کارآفرینی و تولید,ارزیابی پایه,مفاهیم پایه,تکمیل بانک,متوسط,درس کارگاه کارآفرینی و تولید بیشتر بر کدام حوزه تمرکز دارد؟,ایده‌پردازی، کارآفرینی و مهارت‌های تولید,حفظ اطلاعات نامرتبط,موضوعات خارج از برنامه,فقط فعالیت ورزشی,A,پاسخ درست بر اساس مفهوم کلی درس کارگاه کارآفرینی و تولید: ایده‌پردازی، کارآفرینی و مهارت‌های تولید,ترنم همدلی,original,1405
دهم,ریاضی,کارگاه کارآفرینی و تولید,کارگاه کارآفرینی و تولید,ارزیابی پایه,مفاهیم پایه,تکمیل بانک,متوسط,کدام گزینه نمونه‌ای از یادگیری در درس کارگاه کارآفرینی و تولید است؟,ایده‌پردازی، کارآفرینی و مهارت‌های تولید,انجام کاری بی‌ارتباط با درس,نادیده گرفتن تمرین,حذف مرور,A,پاسخ درست بر اساس مفهوم کلی درس کارگاه کارآفرینی و تولید: ایده‌پردازی، کارآفرینی و مهارت‌های تولید,ترنم همدلی,original,1405
دهم,ریاضی,کارگاه کارآفرینی و تولید,کارگاه کارآفرینی و تولید,ارزیابی پایه,مفاهیم پایه,تکمیل بانک,متوسط,برای پیشرفت در درس کارگاه کارآفرینی و تولید کدام روش مناسب‌تر است؟,مطالعه مفاهیم و تمرین متناسب با درس,حفظ پاسخ بدون فهم,حذف تمرین,مطالعه بدون مرور,A,پاسخ درست بر اساس مفهوم کلی درس کارگاه کارآفرینی و تولید: مطالعه مفاهیم و تمرین متناسب با درس,ترنم همدلی,original,1405
دهم,ریاضی,کارگاه کارآفرینی و تولید,کارگاه کارآفرینی و تولید,ارزیابی پایه,مفاهیم پایه,تکمیل بانک,متوسط,در ارزیابی درس کارگاه کارآفرینی و تولید کدام مورد اهمیت بیشتری دارد؟,توانایی به‌کارگیری آموخته‌های مرتبط با درس,سرعت پاسخ بدون دقت,حدس زدن همه پاسخ‌ها,حذف سؤال‌های دشوار,A,پاسخ درست بر اساس مفهوم کلی درس کارگاه کارآفرینی و تولید: توانایی به‌کارگیری آموخته‌های مرتبط با درس,ترنم همدلی,original,1405
دهم,ریاضی,کارگاه کارآفرینی و تولید,کارگاه کارآفرینی و تولید,ارزیابی پایه,مفاهیم پایه,تکمیل بانک,متوسط,اگر دانش‌آموز در کارگاه کارآفرینی و تولید اشتباه کند، بهترین اقدام چیست؟,تحلیل خطا و تمرین هدفمند,نادیده گرفتن خطا,حذف درس,تغییر پاسخ بدون بررسی,A,پاسخ درست بر اساس مفهوم کلی درس کارگاه کارآفرینی و تولید: تحلیل خطا و تمرین هدفمند,ترنم همدلی,original,1405
دهم,ریاضی,کارگاه کارآفرینی و تولید,کارگاه کارآفرینی و تولید,ارزیابی پایه,مفاهیم پایه,تکمیل بانک,متوسط,کدام گزینه به مطالعه مؤثر کارگاه کارآفرینی و تولید نزدیک‌تر است؟,ترکیب فهم، تمرین و مرور,فقط خواندن سریع,فقط حفظ کردن گزینه‌ها,مطالعه بدون هدف,A,پاسخ درست بر اساس مفهوم کلی درس کارگاه کارآفرینی و تولید: ترکیب فهم، تمرین و مرور,ترنم همدلی,original,1405
دهم,ریاضی,کارگاه کارآفرینی و تولید,کارگاه کارآفرینی و تولید,ارزیابی پایه,مفاهیم پایه,تکمیل بانک,متوسط,هدف یک آزمون آموزشی از درس کارگاه کارآفرینی و تولید چیست؟,شناسایی میزان یادگیری و نقاط نیازمند تقویت,صرفاً رتبه‌بندی دانش‌آموزان,حذف مباحث,افزایش تعداد سؤال بدون تحلیل,A,پاسخ درست بر اساس مفهوم کلی درس کارگاه کارآفرینی و تولید: شناسایی میزان یادگیری و نقاط نیازمند تقویت,ترنم همدلی,original,1405
دهم,ریاضی,کارگاه کارآفرینی و تولید,کارگاه کارآفرینی و تولید,ارزیابی پایه,مفاهیم پایه,تکمیل بانک,متوسط,برای تشخیص ضعف در کارگاه کارآفرینی و تولید چه چیزی مفیدتر است؟,بررسی پاسخ‌ها و نوع خطاها,تعداد پیام‌های روزانه,حدس زدن علت ضعف,نادیده گرفتن نتیجه,A,پاسخ درست بر اساس مفهوم کلی درس کارگاه کارآفرینی و تولید: بررسی پاسخ‌ها و نوع خطاها,ترنم همدلی,original,1405
دهم,ریاضی,کارگاه کارآفرینی و تولید,کارگاه کارآفرینی و تولید,ارزیابی پایه,مفاهیم پایه,تکمیل بانک,متوسط,کدام رفتار به یادگیری بهتر کارگاه کارآفرینی و تولید کمک می‌کند؟,تمرین منظم و رفع اشکال,مطالعه پراکنده بدون تمرین,حذف مرور,تکیه بر حدس,A,پاسخ درست بر اساس مفهوم کلی درس کارگاه کارآفرینی و تولید: تمرین منظم و رفع اشکال,ترنم همدلی,original,1405
دهم,ریاضی,کارگاه کارآفرینی و تولید,کارگاه کارآفرینی و تولید,ارزیابی پایه,مفاهیم پایه,تکمیل بانک,متوسط,در مطالعه کارگاه کارآفرینی و تولید چرا مرور مهم است؟,برای تثبیت و بازیابی بهتر آموخته‌ها,برای حذف مطالب,برای افزایش زمان مطالعه بدون هدف,برای جلوگیری از تمرین,A,پاسخ درست بر اساس مفهوم کلی درس کارگاه کارآفرینی و تولید: برای تثبیت و بازیابی بهتر آموخته‌ها,ترنم همدلی,original,1405
دهم,ریاضی,ریاضی,ریاضی,بخش 1,تابع,تکمیل بانک,متوسط,درس ریاضی بیشتر بر کدام حوزه تمرکز دارد؟,حل مسئله و استدلال ریاضی,حفظ اطلاعات نامرتبط,موضوعات خارج از برنامه,فقط فعالیت ورزشی,A,پاسخ درست بر اساس مفهوم کلی درس ریاضی: حل مسئله و استدلال ریاضی,ترنم همدلی,original,1405
دهم,ریاضی,ریاضی,ریاضی,بخش 1,تابع,تکمیل بانک,متوسط,کدام گزینه نمونه‌ای از یادگیری در درس ریاضی است؟,حل مسئله و استدلال ریاضی,انجام کاری بی‌ارتباط با درس,نادیده گرفتن تمرین,حذف مرور,A,پاسخ درست بر اساس مفهوم کلی درس ریاضی: حل مسئله و استدلال ریاضی,ترنم همدلی,original,1405
دهم,ریاضی,ریاضی,ریاضی,بخش 1,تابع,تکمیل بانک,متوسط,برای پیشرفت در درس ریاضی کدام روش مناسب‌تر است؟,مطالعه مفاهیم و تمرین متناسب با درس,حفظ پاسخ بدون فهم,حذف تمرین,مطالعه بدون مرور,A,پاسخ درست بر اساس مفهوم کلی درس ریاضی: مطالعه مفاهیم و تمرین متناسب با درس,ترنم همدلی,original,1405
دهم,ریاضی,ریاضی,ریاضی,بخش 1,تابع,تکمیل بانک,متوسط,در ارزیابی درس ریاضی کدام مورد اهمیت بیشتری دارد؟,توانایی به‌کارگیری آموخته‌های مرتبط با درس,سرعت پاسخ بدون دقت,حدس زدن همه پاسخ‌ها,حذف سؤال‌های دشوار,A,پاسخ درست بر اساس مفهوم کلی درس ریاضی: توانایی به‌کارگیری آموخته‌های مرتبط با درس,ترنم همدلی,original,1405
دهم,ریاضی,هندسه,هندسه,ارزیابی پایه,مفاهیم پایه,تکمیل بانک,متوسط,درس هندسه بیشتر بر کدام حوزه تمرکز دارد؟,اشکال، روابط هندسی و استدلال هندسی,حفظ اطلاعات نامرتبط,موضوعات خارج از برنامه,فقط فعالیت ورزشی,A,پاسخ درست بر اساس مفهوم کلی درس هندسه: اشکال، روابط هندسی و استدلال هندسی,ترنم همدلی,original,1405
دهم,ریاضی,هندسه,هندسه,ارزیابی پایه,مفاهیم پایه,تکمیل بانک,متوسط,کدام گزینه نمونه‌ای از یادگیری در درس هندسه است؟,اشکال، روابط هندسی و استدلال هندسی,انجام کاری بی‌ارتباط با درس,نادیده گرفتن تمرین,حذف مرور,A,پاسخ درست بر اساس مفهوم کلی درس هندسه: اشکال، روابط هندسی و استدلال هندسی,ترنم همدلی,original,1405
دهم,ریاضی,هندسه,هندسه,ارزیابی پایه,مفاهیم پایه,تکمیل بانک,متوسط,برای پیشرفت در درس هندسه کدام روش مناسب‌تر است؟,مطالعه مفاهیم و تمرین متناسب با درس,حفظ پاسخ بدون فهم,حذف تمرین,مطالعه بدون مرور,A,پاسخ درست بر اساس مفهوم کلی درس هندسه: مطالعه مفاهیم و تمرین متناسب با درس,ترنم همدلی,original,1405
دهم,ریاضی,هندسه,هندسه,ارزیابی پایه,مفاهیم پایه,تکمیل بانک,متوسط,در ارزیابی درس هندسه کدام مورد اهمیت بیشتری دارد؟,توانایی به‌کارگیری آموخته‌های مرتبط با درس,سرعت پاسخ بدون دقت,حدس زدن همه پاسخ‌ها,حذف سؤال‌های دشوار,A,پاسخ درست بر اساس مفهوم کلی درس هندسه: توانایی به‌کارگیری آموخته‌های مرتبط با درس,ترنم همدلی,original,1405
دهم,ریاضی,هندسه,هندسه,ارزیابی پایه,مفاهیم پایه,تکمیل بانک,متوسط,اگر دانش‌آموز در هندسه اشتباه کند، بهترین اقدام چیست؟,تحلیل خطا و تمرین هدفمند,نادیده گرفتن خطا,حذف درس,تغییر پاسخ بدون بررسی,A,پاسخ درست بر اساس مفهوم کلی درس هندسه: تحلیل خطا و تمرین هدفمند,ترنم همدلی,original,1405
دهم,ریاضی,هندسه,هندسه,ارزیابی پایه,مفاهیم پایه,تکمیل بانک,متوسط,کدام گزینه به مطالعه مؤثر هندسه نزدیک‌تر است؟,ترکیب فهم، تمرین و مرور,فقط خواندن سریع,فقط حفظ کردن گزینه‌ها,مطالعه بدون هدف,A,پاسخ درست بر اساس مفهوم کلی درس هندسه: ترکیب فهم، تمرین و مرور,ترنم همدلی,original,1405
دهم,ریاضی,هندسه,هندسه,ارزیابی پایه,مفاهیم پایه,تکمیل بانک,متوسط,هدف یک آزمون آموزشی از درس هندسه چیست؟,شناسایی میزان یادگیری و نقاط نیازمند تقویت,صرفاً رتبه‌بندی دانش‌آموزان,حذف مباحث,افزایش تعداد سؤال بدون تحلیل,A,پاسخ درست بر اساس مفهوم کلی درس هندسه: شناسایی میزان یادگیری و نقاط نیازمند تقویت,ترنم همدلی,original,1405
دهم,ریاضی,هندسه,هندسه,ارزیابی پایه,مفاهیم پایه,تکمیل بانک,متوسط,برای تشخیص ضعف در هندسه چه چیزی مفیدتر است؟,بررسی پاسخ‌ها و نوع خطاها,تعداد پیام‌های روزانه,حدس زدن علت ضعف,نادیده گرفتن نتیجه,A,پاسخ درست بر اساس مفهوم کلی درس هندسه: بررسی پاسخ‌ها و نوع خطاها,ترنم همدلی,original,1405
دهم,ریاضی,هندسه,هندسه,ارزیابی پایه,مفاهیم پایه,تکمیل بانک,متوسط,کدام رفتار به یادگیری بهتر هندسه کمک می‌کند؟,تمرین منظم و رفع اشکال,مطالعه پراکنده بدون تمرین,حذف مرور,تکیه بر حدس,A,پاسخ درست بر اساس مفهوم کلی درس هندسه: تمرین منظم و رفع اشکال,ترنم همدلی,original,1405
دهم,ریاضی,هندسه,هندسه,ارزیابی پایه,مفاهیم پایه,تکمیل بانک,متوسط,در مطالعه هندسه چرا مرور مهم است؟,برای تثبیت و بازیابی بهتر آموخته‌ها,برای حذف مطالب,برای افزایش زمان مطالعه بدون هدف,برای جلوگیری از تمرین,A,پاسخ درست بر اساس مفهوم کلی درس هندسه: برای تثبیت و بازیابی بهتر آموخته‌ها,ترنم همدلی,original,1405
دهم,ریاضی,فیزیک,فیزیک,بخش 1,حرکت,تکمیل بانک,متوسط,درس فیزیک بیشتر بر کدام حوزه تمرکز دارد؟,پدیده‌های طبیعی و قوانین فیزیکی,حفظ اطلاعات نامرتبط,موضوعات خارج از برنامه,فقط فعالیت ورزشی,A,پاسخ درست بر اساس مفهوم کلی درس فیزیک: پدیده‌های طبیعی و قوانین فیزیکی,ترنم همدلی,original,1405
دهم,ریاضی,فیزیک,فیزیک,بخش 1,حرکت,تکمیل بانک,متوسط,کدام گزینه نمونه‌ای از یادگیری در درس فیزیک است؟,پدیده‌های طبیعی و قوانین فیزیکی,انجام کاری بی‌ارتباط با درس,نادیده گرفتن تمرین,حذف مرور,A,پاسخ درست بر اساس مفهوم کلی درس فیزیک: پدیده‌های طبیعی و قوانین فیزیکی,ترنم همدلی,original,1405
دهم,ریاضی,فیزیک,فیزیک,بخش 1,حرکت,تکمیل بانک,متوسط,برای پیشرفت در درس فیزیک کدام روش مناسب‌تر است؟,مطالعه مفاهیم و تمرین متناسب با درس,حفظ پاسخ بدون فهم,حذف تمرین,مطالعه بدون مرور,A,پاسخ درست بر اساس مفهوم کلی درس فیزیک: مطالعه مفاهیم و تمرین متناسب با درس,ترنم همدلی,original,1405
دهم,ریاضی,فیزیک,فیزیک,بخش 1,حرکت,تکمیل بانک,متوسط,در ارزیابی درس فیزیک کدام مورد اهمیت بیشتری دارد؟,توانایی به‌کارگیری آموخته‌های مرتبط با درس,سرعت پاسخ بدون دقت,حدس زدن همه پاسخ‌ها,حذف سؤال‌های دشوار,A,پاسخ درست بر اساس مفهوم کلی درس فیزیک: توانایی به‌کارگیری آموخته‌های مرتبط با درس,ترنم همدلی,original,1405
دهم,ریاضی,شیمی,شیمی,بخش 1,اتم,تکمیل بانک,متوسط,درس شیمی بیشتر بر کدام حوزه تمرکز دارد؟,ساختار ماده، واکنش‌ها و مفاهیم شیمیایی,حفظ اطلاعات نامرتبط,موضوعات خارج از برنامه,فقط فعالیت ورزشی,A,پاسخ درست بر اساس مفهوم کلی درس شیمی: ساختار ماده، واکنش‌ها و مفاهیم شیمیایی,ترنم همدلی,original,1405
دهم,ریاضی,شیمی,شیمی,بخش 1,اتم,تکمیل بانک,متوسط,کدام گزینه نمونه‌ای از یادگیری در درس شیمی است؟,ساختار ماده، واکنش‌ها و مفاهیم شیمیایی,انجام کاری بی‌ارتباط با درس,نادیده گرفتن تمرین,حذف مرور,A,پاسخ درست بر اساس مفهوم کلی درس شیمی: ساختار ماده، واکنش‌ها و مفاهیم شیمیایی,ترنم همدلی,original,1405
دهم,ریاضی,شیمی,شیمی,بخش 1,اتم,تکمیل بانک,متوسط,برای پیشرفت در درس شیمی کدام روش مناسب‌تر است؟,مطالعه مفاهیم و تمرین متناسب با درس,حفظ پاسخ بدون فهم,حذف تمرین,مطالعه بدون مرور,A,پاسخ درست بر اساس مفهوم کلی درس شیمی: مطالعه مفاهیم و تمرین متناسب با درس,ترنم همدلی,original,1405
دهم,ریاضی,شیمی,شیمی,بخش 1,اتم,تکمیل بانک,متوسط,در ارزیابی درس شیمی کدام مورد اهمیت بیشتری دارد؟,توانایی به‌کارگیری آموخته‌های مرتبط با درس,سرعت پاسخ بدون دقت,حدس زدن همه پاسخ‌ها,حذف سؤال‌های دشوار,A,پاسخ درست بر اساس مفهوم کلی درس شیمی: توانایی به‌کارگیری آموخته‌های مرتبط با درس,ترنم همدلی,original,1405
دهم,تجربی,فارسی,فارسی,بخش 1,واژگان,تکمیل بانک,متوسط,درس فارسی بیشتر بر کدام حوزه تمرکز دارد؟,خواندن، واژگان، دستور، ادبیات و درک متن,حفظ اطلاعات نامرتبط,موضوعات خارج از برنامه,فقط فعالیت ورزشی,A,پاسخ درست بر اساس مفهوم کلی درس فارسی: خواندن، واژگان، دستور، ادبیات و درک متن,ترنم همدلی,original,1405
دهم,تجربی,فارسی,فارسی,بخش 1,واژگان,تکمیل بانک,متوسط,کدام گزینه نمونه‌ای از یادگیری در درس فارسی است؟,خواندن، واژگان، دستور، ادبیات و درک متن,انجام کاری بی‌ارتباط با درس,نادیده گرفتن تمرین,حذف مرور,A,پاسخ درست بر اساس مفهوم کلی درس فارسی: خواندن، واژگان، دستور، ادبیات و درک متن,ترنم همدلی,original,1405
دهم,تجربی,فارسی,فارسی,بخش 1,واژگان,تکمیل بانک,متوسط,برای پیشرفت در درس فارسی کدام روش مناسب‌تر است؟,مطالعه مفاهیم و تمرین متناسب با درس,حفظ پاسخ بدون فهم,حذف تمرین,مطالعه بدون مرور,A,پاسخ درست بر اساس مفهوم کلی درس فارسی: مطالعه مفاهیم و تمرین متناسب با درس,ترنم همدلی,original,1405
دهم,تجربی,فارسی,فارسی,بخش 1,واژگان,تکمیل بانک,متوسط,در ارزیابی درس فارسی کدام مورد اهمیت بیشتری دارد؟,توانایی به‌کارگیری آموخته‌های مرتبط با درس,سرعت پاسخ بدون دقت,حدس زدن همه پاسخ‌ها,حذف سؤال‌های دشوار,A,پاسخ درست بر اساس مفهوم کلی درس فارسی: توانایی به‌کارگیری آموخته‌های مرتبط با درس,ترنم همدلی,original,1405
دهم,تجربی,نگارش,نگارش,ارزیابی پایه,مفاهیم پایه,تکمیل بانک,متوسط,درس نگارش بیشتر بر کدام حوزه تمرکز دارد؟,مهارت نوشتن، سازمان‌دهی و ویرایش متن,حفظ اطلاعات نامرتبط,موضوعات خارج از برنامه,فقط فعالیت ورزشی,A,پاسخ درست بر اساس مفهوم کلی درس نگارش: مهارت نوشتن، سازمان‌دهی و ویرایش متن,ترنم همدلی,original,1405
دهم,تجربی,نگارش,نگارش,ارزیابی پایه,مفاهیم پایه,تکمیل بانک,متوسط,کدام گزینه نمونه‌ای از یادگیری در درس نگارش است؟,مهارت نوشتن، سازمان‌دهی و ویرایش متن,انجام کاری بی‌ارتباط با درس,نادیده گرفتن تمرین,حذف مرور,A,پاسخ درست بر اساس مفهوم کلی درس نگارش: مهارت نوشتن، سازمان‌دهی و ویرایش متن,ترنم همدلی,original,1405
دهم,تجربی,نگارش,نگارش,ارزیابی پایه,مفاهیم پایه,تکمیل بانک,متوسط,برای پیشرفت در درس نگارش کدام روش مناسب‌تر است؟,مطالعه مفاهیم و تمرین متناسب با درس,حفظ پاسخ بدون فهم,حذف تمرین,مطالعه بدون مرور,A,پاسخ درست بر اساس مفهوم کلی درس نگارش: مطالعه مفاهیم و تمرین متناسب با درس,ترنم همدلی,original,1405
دهم,تجربی,نگارش,نگارش,ارزیابی پایه,مفاهیم پایه,تکمیل بانک,متوسط,در ارزیابی درس نگارش کدام مورد اهمیت بیشتری دارد؟,توانایی به‌کارگیری آموخته‌های مرتبط با درس,سرعت پاسخ بدون دقت,حدس زدن همه پاسخ‌ها,حذف سؤال‌های دشوار,A,پاسخ درست بر اساس مفهوم کلی درس نگارش: توانایی به‌کارگیری آموخته‌های مرتبط با درس,ترنم همدلی,original,1405
دهم,تجربی,نگارش,نگارش,ارزیابی پایه,مفاهیم پایه,تکمیل بانک,متوسط,اگر دانش‌آموز در نگارش اشتباه کند، بهترین اقدام چیست؟,تحلیل خطا و تمرین هدفمند,نادیده گرفتن خطا,حذف درس,تغییر پاسخ بدون بررسی,A,پاسخ درست بر اساس مفهوم کلی درس نگارش: تحلیل خطا و تمرین هدفمند,ترنم همدلی,original,1405
دهم,تجربی,نگارش,نگارش,ارزیابی پایه,مفاهیم پایه,تکمیل بانک,متوسط,کدام گزینه به مطالعه مؤثر نگارش نزدیک‌تر است؟,ترکیب فهم، تمرین و مرور,فقط خواندن سریع,فقط حفظ کردن گزینه‌ها,مطالعه بدون هدف,A,پاسخ درست بر اساس مفهوم کلی درس نگارش: ترکیب فهم، تمرین و مرور,ترنم همدلی,original,1405
دهم,تجربی,نگارش,نگارش,ارزیابی پایه,مفاهیم پایه,تکمیل بانک,متوسط,هدف یک آزمون آموزشی از درس نگارش چیست؟,شناسایی میزان یادگیری و نقاط نیازمند تقویت,صرفاً رتبه‌بندی دانش‌آموزان,حذف مباحث,افزایش تعداد سؤال بدون تحلیل,A,پاسخ درست بر اساس مفهوم کلی درس نگارش: شناسایی میزان یادگیری و نقاط نیازمند تقویت,ترنم همدلی,original,1405
دهم,تجربی,نگارش,نگارش,ارزیابی پایه,مفاهیم پایه,تکمیل بانک,متوسط,برای تشخیص ضعف در نگارش چه چیزی مفیدتر است؟,بررسی پاسخ‌ها و نوع خطاها,تعداد پیام‌های روزانه,حدس زدن علت ضعف,نادیده گرفتن نتیجه,A,پاسخ درست بر اساس مفهوم کلی درس نگارش: بررسی پاسخ‌ها و نوع خطاها,ترنم همدلی,original,1405
دهم,تجربی,نگارش,نگارش,ارزیابی پایه,مفاهیم پایه,تکمیل بانک,متوسط,کدام رفتار به یادگیری بهتر نگارش کمک می‌کند؟,تمرین منظم و رفع اشکال,مطالعه پراکنده بدون تمرین,حذف مرور,تکیه بر حدس,A,پاسخ درست بر اساس مفهوم کلی درس نگارش: تمرین منظم و رفع اشکال,ترنم همدلی,original,1405
دهم,تجربی,نگارش,نگارش,ارزیابی پایه,مفاهیم پایه,تکمیل بانک,متوسط,در مطالعه نگارش چرا مرور مهم است؟,برای تثبیت و بازیابی بهتر آموخته‌ها,برای حذف مطالب,برای افزایش زمان مطالعه بدون هدف,برای جلوگیری از تمرین,A,پاسخ درست بر اساس مفهوم کلی درس نگارش: برای تثبیت و بازیابی بهتر آموخته‌ها,ترنم همدلی,original,1405
دهم,تجربی,دین و زندگی,دین و زندگی,بخش 1,توحید,تکمیل بانک,متوسط,درس دین و زندگی بیشتر بر کدام حوزه تمرکز دارد؟,مفاهیم دینی، اخلاقی و معارف اسلامی,حفظ اطلاعات نامرتبط,موضوعات خارج از برنامه,فقط فعالیت ورزشی,A,پاسخ درست بر اساس مفهوم کلی درس دین و زندگی: مفاهیم دینی، اخلاقی و معارف اسلامی,ترنم همدلی,original,1405
دهم,تجربی,دین و زندگی,دین و زندگی,بخش 1,توحید,تکمیل بانک,متوسط,کدام گزینه نمونه‌ای از یادگیری در درس دین و زندگی است؟,مفاهیم دینی، اخلاقی و معارف اسلامی,انجام کاری بی‌ارتباط با درس,نادیده گرفتن تمرین,حذف مرور,A,پاسخ درست بر اساس مفهوم کلی درس دین و زندگی: مفاهیم دینی، اخلاقی و معارف اسلامی,ترنم همدلی,original,1405
دهم,تجربی,دین و زندگی,دین و زندگی,بخش 1,توحید,تکمیل بانک,متوسط,برای پیشرفت در درس دین و زندگی کدام روش مناسب‌تر است؟,مطالعه مفاهیم و تمرین متناسب با درس,حفظ پاسخ بدون فهم,حذف تمرین,مطالعه بدون مرور,A,پاسخ درست بر اساس مفهوم کلی درس دین و زندگی: مطالعه مفاهیم و تمرین متناسب با درس,ترنم همدلی,original,1405
دهم,تجربی,دین و زندگی,دین و زندگی,بخش 1,توحید,تکمیل بانک,متوسط,در ارزیابی درس دین و زندگی کدام مورد اهمیت بیشتری دارد؟,توانایی به‌کارگیری آموخته‌های مرتبط با درس,سرعت پاسخ بدون دقت,حدس زدن همه پاسخ‌ها,حذف سؤال‌های دشوار,A,پاسخ درست بر اساس مفهوم کلی درس دین و زندگی: توانایی به‌کارگیری آموخته‌های مرتبط با درس,ترنم همدلی,original,1405
دهم,تجربی,عربی,عربی,بخش 1,ترجمه,تکمیل بانک,متوسط,درس عربی بیشتر بر کدام حوزه تمرکز دارد؟,واژگان، ترجمه و ساختارهای زبانی عربی,حفظ اطلاعات نامرتبط,موضوعات خارج از برنامه,فقط فعالیت ورزشی,A,پاسخ درست بر اساس مفهوم کلی درس عربی: واژگان، ترجمه و ساختارهای زبانی عربی,ترنم همدلی,original,1405
دهم,تجربی,عربی,عربی,بخش 1,ترجمه,تکمیل بانک,متوسط,کدام گزینه نمونه‌ای از یادگیری در درس عربی است؟,واژگان، ترجمه و ساختارهای زبانی عربی,انجام کاری بی‌ارتباط با درس,نادیده گرفتن تمرین,حذف مرور,A,پاسخ درست بر اساس مفهوم کلی درس عربی: واژگان، ترجمه و ساختارهای زبانی عربی,ترنم همدلی,original,1405
دهم,تجربی,عربی,عربی,بخش 1,ترجمه,تکمیل بانک,متوسط,برای پیشرفت در درس عربی کدام روش مناسب‌تر است؟,مطالعه مفاهیم و تمرین متناسب با درس,حفظ پاسخ بدون فهم,حذف تمرین,مطالعه بدون مرور,A,پاسخ درست بر اساس مفهوم کلی درس عربی: مطالعه مفاهیم و تمرین متناسب با درس,ترنم همدلی,original,1405
دهم,تجربی,عربی,عربی,بخش 1,ترجمه,تکمیل بانک,متوسط,در ارزیابی درس عربی کدام مورد اهمیت بیشتری دارد؟,توانایی به‌کارگیری آموخته‌های مرتبط با درس,سرعت پاسخ بدون دقت,حدس زدن همه پاسخ‌ها,حذف سؤال‌های دشوار,A,پاسخ درست بر اساس مفهوم کلی درس عربی: توانایی به‌کارگیری آموخته‌های مرتبط با درس,ترنم همدلی,original,1405
دهم,تجربی,زبان انگلیسی,زبان انگلیسی,بخش 1,واژگان,تکمیل بانک,متوسط,درس زبان انگلیسی بیشتر بر کدام حوزه تمرکز دارد؟,واژگان، گرامر، خواندن و ارتباط به زبان انگلیسی,حفظ اطلاعات نامرتبط,موضوعات خارج از برنامه,فقط فعالیت ورزشی,A,پاسخ درست بر اساس مفهوم کلی درس زبان انگلیسی: واژگان، گرامر، خواندن و ارتباط به زبان انگلیسی,ترنم همدلی,original,1405
دهم,تجربی,زبان انگلیسی,زبان انگلیسی,بخش 1,واژگان,تکمیل بانک,متوسط,کدام گزینه نمونه‌ای از یادگیری در درس زبان انگلیسی است؟,واژگان، گرامر، خواندن و ارتباط به زبان انگلیسی,انجام کاری بی‌ارتباط با درس,نادیده گرفتن تمرین,حذف مرور,A,پاسخ درست بر اساس مفهوم کلی درس زبان انگلیسی: واژگان، گرامر، خواندن و ارتباط به زبان انگلیسی,ترنم همدلی,original,1405
دهم,تجربی,زبان انگلیسی,زبان انگلیسی,بخش 1,واژگان,تکمیل بانک,متوسط,برای پیشرفت در درس زبان انگلیسی کدام روش مناسب‌تر است؟,مطالعه مفاهیم و تمرین متناسب با درس,حفظ پاسخ بدون فهم,حذف تمرین,مطالعه بدون مرور,A,پاسخ درست بر اساس مفهوم کلی درس زبان انگلیسی: مطالعه مفاهیم و تمرین متناسب با درس,ترنم همدلی,original,1405
دهم,تجربی,زبان انگلیسی,زبان انگلیسی,بخش 1,واژگان,تکمیل بانک,متوسط,در ارزیابی درس زبان انگلیسی کدام مورد اهمیت بیشتری دارد؟,توانایی به‌کارگیری آموخته‌های مرتبط با درس,سرعت پاسخ بدون دقت,حدس زدن همه پاسخ‌ها,حذف سؤال‌های دشوار,A,پاسخ درست بر اساس مفهوم کلی درس زبان انگلیسی: توانایی به‌کارگیری آموخته‌های مرتبط با درس,ترنم همدلی,original,1405
دهم,تجربی,آمادگی دفاعی,آمادگی دفاعی,ارزیابی پایه,مفاهیم پایه,تکمیل بانک,متوسط,درس آمادگی دفاعی بیشتر بر کدام حوزه تمرکز دارد؟,مفاهیم ایمنی، دفاعی و مسئولیت اجتماعی,حفظ اطلاعات نامرتبط,موضوعات خارج از برنامه,فقط فعالیت ورزشی,A,پاسخ درست بر اساس مفهوم کلی درس آمادگی دفاعی: مفاهیم ایمنی، دفاعی و مسئولیت اجتماعی,ترنم همدلی,original,1405
دهم,تجربی,آمادگی دفاعی,آمادگی دفاعی,ارزیابی پایه,مفاهیم پایه,تکمیل بانک,متوسط,کدام گزینه نمونه‌ای از یادگیری در درس آمادگی دفاعی است؟,مفاهیم ایمنی، دفاعی و مسئولیت اجتماعی,انجام کاری بی‌ارتباط با درس,نادیده گرفتن تمرین,حذف مرور,A,پاسخ درست بر اساس مفهوم کلی درس آمادگی دفاعی: مفاهیم ایمنی، دفاعی و مسئولیت اجتماعی,ترنم همدلی,original,1405
دهم,تجربی,آمادگی دفاعی,آمادگی دفاعی,ارزیابی پایه,مفاهیم پایه,تکمیل بانک,متوسط,برای پیشرفت در درس آمادگی دفاعی کدام روش مناسب‌تر است؟,مطالعه مفاهیم و تمرین متناسب با درس,حفظ پاسخ بدون فهم,حذف تمرین,مطالعه بدون مرور,A,پاسخ درست بر اساس مفهوم کلی درس آمادگی دفاعی: مطالعه مفاهیم و تمرین متناسب با درس,ترنم همدلی,original,1405
دهم,تجربی,آمادگی دفاعی,آمادگی دفاعی,ارزیابی پایه,مفاهیم پایه,تکمیل بانک,متوسط,در ارزیابی درس آمادگی دفاعی کدام مورد اهمیت بیشتری دارد؟,توانایی به‌کارگیری آموخته‌های مرتبط با درس,سرعت پاسخ بدون دقت,حدس زدن همه پاسخ‌ها,حذف سؤال‌های دشوار,A,پاسخ درست بر اساس مفهوم کلی درس آمادگی دفاعی: توانایی به‌کارگیری آموخته‌های مرتبط با درس,ترنم همدلی,original,1405
دهم,تجربی,آمادگی دفاعی,آمادگی دفاعی,ارزیابی پایه,مفاهیم پایه,تکمیل بانک,متوسط,اگر دانش‌آموز در آمادگی دفاعی اشتباه کند، بهترین اقدام چیست؟,تحلیل خطا و تمرین هدفمند,نادیده گرفتن خطا,حذف درس,تغییر پاسخ بدون بررسی,A,پاسخ درست بر اساس مفهوم کلی درس آمادگی دفاعی: تحلیل خطا و تمرین هدفمند,ترنم همدلی,original,1405
دهم,تجربی,آمادگی دفاعی,آمادگی دفاعی,ارزیابی پایه,مفاهیم پایه,تکمیل بانک,متوسط,کدام گزینه به مطالعه مؤثر آمادگی دفاعی نزدیک‌تر است؟,ترکیب فهم، تمرین و مرور,فقط خواندن سریع,فقط حفظ کردن گزینه‌ها,مطالعه بدون هدف,A,پاسخ درست بر اساس مفهوم کلی درس آمادگی دفاعی: ترکیب فهم، تمرین و مرور,ترنم همدلی,original,1405
دهم,تجربی,آمادگی دفاعی,آمادگی دفاعی,ارزیابی پایه,مفاهیم پایه,تکمیل بانک,متوسط,هدف یک آزمون آموزشی از درس آمادگی دفاعی چیست؟,شناسایی میزان یادگیری و نقاط نیازمند تقویت,صرفاً رتبه‌بندی دانش‌آموزان,حذف مباحث,افزایش تعداد سؤال بدون تحلیل,A,پاسخ درست بر اساس مفهوم کلی درس آمادگی دفاعی: شناسایی میزان یادگیری و نقاط نیازمند تقویت,ترنم همدلی,original,1405
دهم,تجربی,آمادگی دفاعی,آمادگی دفاعی,ارزیابی پایه,مفاهیم پایه,تکمیل بانک,متوسط,برای تشخیص ضعف در آمادگی دفاعی چه چیزی مفیدتر است؟,بررسی پاسخ‌ها و نوع خطاها,تعداد پیام‌های روزانه,حدس زدن علت ضعف,نادیده گرفتن نتیجه,A,پاسخ درست بر اساس مفهوم کلی درس آمادگی دفاعی: بررسی پاسخ‌ها و نوع خطاها,ترنم همدلی,original,1405
دهم,تجربی,آمادگی دفاعی,آمادگی دفاعی,ارزیابی پایه,مفاهیم پایه,تکمیل بانک,متوسط,کدام رفتار به یادگیری بهتر آمادگی دفاعی کمک می‌کند؟,تمرین منظم و رفع اشکال,مطالعه پراکنده بدون تمرین,حذف مرور,تکیه بر حدس,A,پاسخ درست بر اساس مفهوم کلی درس آمادگی دفاعی: تمرین منظم و رفع اشکال,ترنم همدلی,original,1405
دهم,تجربی,آمادگی دفاعی,آمادگی دفاعی,ارزیابی پایه,مفاهیم پایه,تکمیل بانک,متوسط,در مطالعه آمادگی دفاعی چرا مرور مهم است؟,برای تثبیت و بازیابی بهتر آموخته‌ها,برای حذف مطالب,برای افزایش زمان مطالعه بدون هدف,برای جلوگیری از تمرین,A,پاسخ درست بر اساس مفهوم کلی درس آمادگی دفاعی: برای تثبیت و بازیابی بهتر آموخته‌ها,ترنم همدلی,original,1405
دهم,تجربی,جغرافیای ایران,جغرافیای ایران,ارزیابی پایه,مفاهیم پایه,تکمیل بانک,متوسط,درس جغرافیای ایران بیشتر بر کدام حوزه تمرکز دارد؟,شناخت ویژگی‌های جغرافیایی ایران,حفظ اطلاعات نامرتبط,موضوعات خارج از برنامه,فقط فعالیت ورزشی,A,پاسخ درست بر اساس مفهوم کلی درس جغرافیای ایران: شناخت ویژگی‌های جغرافیایی ایران,ترنم همدلی,original,1405
دهم,تجربی,جغرافیای ایران,جغرافیای ایران,ارزیابی پایه,مفاهیم پایه,تکمیل بانک,متوسط,کدام گزینه نمونه‌ای از یادگیری در درس جغرافیای ایران است؟,شناخت ویژگی‌های جغرافیایی ایران,انجام کاری بی‌ارتباط با درس,نادیده گرفتن تمرین,حذف مرور,A,پاسخ درست بر اساس مفهوم کلی درس جغرافیای ایران: شناخت ویژگی‌های جغرافیایی ایران,ترنم همدلی,original,1405
دهم,تجربی,جغرافیای ایران,جغرافیای ایران,ارزیابی پایه,مفاهیم پایه,تکمیل بانک,متوسط,برای پیشرفت در درس جغرافیای ایران کدام روش مناسب‌تر است؟,مطالعه مفاهیم و تمرین متناسب با درس,حفظ پاسخ بدون فهم,حذف تمرین,مطالعه بدون مرور,A,پاسخ درست بر اساس مفهوم کلی درس جغرافیای ایران: مطالعه مفاهیم و تمرین متناسب با درس,ترنم همدلی,original,1405
دهم,تجربی,جغرافیای ایران,جغرافیای ایران,ارزیابی پایه,مفاهیم پایه,تکمیل بانک,متوسط,در ارزیابی درس جغرافیای ایران کدام مورد اهمیت بیشتری دارد؟,توانایی به‌کارگیری آموخته‌های مرتبط با درس,سرعت پاسخ بدون دقت,حدس زدن همه پاسخ‌ها,حذف سؤال‌های دشوار,A,پاسخ درست بر اساس مفهوم کلی درس جغرافیای ایران: توانایی به‌کارگیری آموخته‌های مرتبط با درس,ترنم همدلی,original,1405
دهم,تجربی,جغرافیای ایران,جغرافیای ایران,ارزیابی پایه,مفاهیم پایه,تکمیل بانک,متوسط,اگر دانش‌آموز در جغرافیای ایران اشتباه کند، بهترین اقدام چیست؟,تحلیل خطا و تمرین هدفمند,نادیده گرفتن خطا,حذف درس,تغییر پاسخ بدون بررسی,A,پاسخ درست بر اساس مفهوم کلی درس جغرافیای ایران: تحلیل خطا و تمرین هدفمند,ترنم همدلی,original,1405
دهم,تجربی,جغرافیای ایران,جغرافیای ایران,ارزیابی پایه,مفاهیم پایه,تکمیل بانک,متوسط,کدام گزینه به مطالعه مؤثر جغرافیای ایران نزدیک‌تر است؟,ترکیب فهم، تمرین و مرور,فقط خواندن سریع,فقط حفظ کردن گزینه‌ها,مطالعه بدون هدف,A,پاسخ درست بر اساس مفهوم کلی درس جغرافیای ایران: ترکیب فهم، تمرین و مرور,ترنم همدلی,original,1405
دهم,تجربی,جغرافیای ایران,جغرافیای ایران,ارزیابی پایه,مفاهیم پایه,تکمیل بانک,متوسط,هدف یک آزمون آموزشی از درس جغرافیای ایران چیست؟,شناسایی میزان یادگیری و نقاط نیازمند تقویت,صرفاً رتبه‌بندی دانش‌آموزان,حذف مباحث,افزایش تعداد سؤال بدون تحلیل,A,پاسخ درست بر اساس مفهوم کلی درس جغرافیای ایران: شناسایی میزان یادگیری و نقاط نیازمند تقویت,ترنم همدلی,original,1405
دهم,تجربی,جغرافیای ایران,جغرافیای ایران,ارزیابی پایه,مفاهیم پایه,تکمیل بانک,متوسط,برای تشخیص ضعف در جغرافیای ایران چه چیزی مفیدتر است؟,بررسی پاسخ‌ها و نوع خطاها,تعداد پیام‌های روزانه,حدس زدن علت ضعف,نادیده گرفتن نتیجه,A,پاسخ درست بر اساس مفهوم کلی درس جغرافیای ایران: بررسی پاسخ‌ها و نوع خطاها,ترنم همدلی,original,1405
دهم,تجربی,جغرافیای ایران,جغرافیای ایران,ارزیابی پایه,مفاهیم پایه,تکمیل بانک,متوسط,کدام رفتار به یادگیری بهتر جغرافیای ایران کمک می‌کند؟,تمرین منظم و رفع اشکال,مطالعه پراکنده بدون تمرین,حذف مرور,تکیه بر حدس,A,پاسخ درست بر اساس مفهوم کلی درس جغرافیای ایران: تمرین منظم و رفع اشکال,ترنم همدلی,original,1405
دهم,تجربی,جغرافیای ایران,جغرافیای ایران,ارزیابی پایه,مفاهیم پایه,تکمیل بانک,متوسط,در مطالعه جغرافیای ایران چرا مرور مهم است؟,برای تثبیت و بازیابی بهتر آموخته‌ها,برای حذف مطالب,برای افزایش زمان مطالعه بدون هدف,برای جلوگیری از تمرین,A,پاسخ درست بر اساس مفهوم کلی درس جغرافیای ایران: برای تثبیت و بازیابی بهتر آموخته‌ها,ترنم همدلی,original,1405
دهم,تجربی,تفکر و سواد رسانه‌ای,تفکر و سواد رسانه‌ای,ارزیابی پایه,مفاهیم پایه,تکمیل بانک,متوسط,درس تفکر و سواد رسانه‌ای بیشتر بر کدام حوزه تمرکز دارد؟,تحلیل پیام‌های رسانه‌ای و استفاده مسئولانه از رسانه,حفظ اطلاعات نامرتبط,موضوعات خارج از برنامه,فقط فعالیت ورزشی,A,پاسخ درست بر اساس مفهوم کلی درس تفکر و سواد رسانه‌ای: تحلیل پیام‌های رسانه‌ای و استفاده مسئولانه از رسانه,ترنم همدلی,original,1405
دهم,تجربی,تفکر و سواد رسانه‌ای,تفکر و سواد رسانه‌ای,ارزیابی پایه,مفاهیم پایه,تکمیل بانک,متوسط,کدام گزینه نمونه‌ای از یادگیری در درس تفکر و سواد رسانه‌ای است؟,تحلیل پیام‌های رسانه‌ای و استفاده مسئولانه از رسانه,انجام کاری بی‌ارتباط با درس,نادیده گرفتن تمرین,حذف مرور,A,پاسخ درست بر اساس مفهوم کلی درس تفکر و سواد رسانه‌ای: تحلیل پیام‌های رسانه‌ای و استفاده مسئولانه از رسانه,ترنم همدلی,original,1405
دهم,تجربی,تفکر و سواد رسانه‌ای,تفکر و سواد رسانه‌ای,ارزیابی پایه,مفاهیم پایه,تکمیل بانک,متوسط,برای پیشرفت در درس تفکر و سواد رسانه‌ای کدام روش مناسب‌تر است؟,مطالعه مفاهیم و تمرین متناسب با درس,حفظ پاسخ بدون فهم,حذف تمرین,مطالعه بدون مرور,A,پاسخ درست بر اساس مفهوم کلی درس تفکر و سواد رسانه‌ای: مطالعه مفاهیم و تمرین متناسب با درس,ترنم همدلی,original,1405
دهم,تجربی,تفکر و سواد رسانه‌ای,تفکر و سواد رسانه‌ای,ارزیابی پایه,مفاهیم پایه,تکمیل بانک,متوسط,در ارزیابی درس تفکر و سواد رسانه‌ای کدام مورد اهمیت بیشتری دارد؟,توانایی به‌کارگیری آموخته‌های مرتبط با درس,سرعت پاسخ بدون دقت,حدس زدن همه پاسخ‌ها,حذف سؤال‌های دشوار,A,پاسخ درست بر اساس مفهوم کلی درس تفکر و سواد رسانه‌ای: توانایی به‌کارگیری آموخته‌های مرتبط با درس,ترنم همدلی,original,1405
دهم,تجربی,تفکر و سواد رسانه‌ای,تفکر و سواد رسانه‌ای,ارزیابی پایه,مفاهیم پایه,تکمیل بانک,متوسط,اگر دانش‌آموز در تفکر و سواد رسانه‌ای اشتباه کند، بهترین اقدام چیست؟,تحلیل خطا و تمرین هدفمند,نادیده گرفتن خطا,حذف درس,تغییر پاسخ بدون بررسی,A,پاسخ درست بر اساس مفهوم کلی درس تفکر و سواد رسانه‌ای: تحلیل خطا و تمرین هدفمند,ترنم همدلی,original,1405
دهم,تجربی,تفکر و سواد رسانه‌ای,تفکر و سواد رسانه‌ای,ارزیابی پایه,مفاهیم پایه,تکمیل بانک,متوسط,کدام گزینه به مطالعه مؤثر تفکر و سواد رسانه‌ای نزدیک‌تر است؟,ترکیب فهم، تمرین و مرور,فقط خواندن سریع,فقط حفظ کردن گزینه‌ها,مطالعه بدون هدف,A,پاسخ درست بر اساس مفهوم کلی درس تفکر و سواد رسانه‌ای: ترکیب فهم، تمرین و مرور,ترنم همدلی,original,1405
دهم,تجربی,تفکر و سواد رسانه‌ای,تفکر و سواد رسانه‌ای,ارزیابی پایه,مفاهیم پایه,تکمیل بانک,متوسط,هدف یک آزمون آموزشی از درس تفکر و سواد رسانه‌ای چیست؟,شناسایی میزان یادگیری و نقاط نیازمند تقویت,صرفاً رتبه‌بندی دانش‌آموزان,حذف مباحث,افزایش تعداد سؤال بدون تحلیل,A,پاسخ درست بر اساس مفهوم کلی درس تفکر و سواد رسانه‌ای: شناسایی میزان یادگیری و نقاط نیازمند تقویت,ترنم همدلی,original,1405
دهم,تجربی,تفکر و سواد رسانه‌ای,تفکر و سواد رسانه‌ای,ارزیابی پایه,مفاهیم پایه,تکمیل بانک,متوسط,برای تشخیص ضعف در تفکر و سواد رسانه‌ای چه چیزی مفیدتر است؟,بررسی پاسخ‌ها و نوع خطاها,تعداد پیام‌های روزانه,حدس زدن علت ضعف,نادیده گرفتن نتیجه,A,پاسخ درست بر اساس مفهوم کلی درس تفکر و سواد رسانه‌ای: بررسی پاسخ‌ها و نوع خطاها,ترنم همدلی,original,1405
دهم,تجربی,تفکر و سواد رسانه‌ای,تفکر و سواد رسانه‌ای,ارزیابی پایه,مفاهیم پایه,تکمیل بانک,متوسط,کدام رفتار به یادگیری بهتر تفکر و سواد رسانه‌ای کمک می‌کند؟,تمرین منظم و رفع اشکال,مطالعه پراکنده بدون تمرین,حذف مرور,تکیه بر حدس,A,پاسخ درست بر اساس مفهوم کلی درس تفکر و سواد رسانه‌ای: تمرین منظم و رفع اشکال,ترنم همدلی,original,1405
دهم,تجربی,تفکر و سواد رسانه‌ای,تفکر و سواد رسانه‌ای,ارزیابی پایه,مفاهیم پایه,تکمیل بانک,متوسط,در مطالعه تفکر و سواد رسانه‌ای چرا مرور مهم است؟,برای تثبیت و بازیابی بهتر آموخته‌ها,برای حذف مطالب,برای افزایش زمان مطالعه بدون هدف,برای جلوگیری از تمرین,A,پاسخ درست بر اساس مفهوم کلی درس تفکر و سواد رسانه‌ای: برای تثبیت و بازیابی بهتر آموخته‌ها,ترنم همدلی,original,1405
دهم,تجربی,کارگاه کارآفرینی و تولید,کارگاه کارآفرینی و تولید,ارزیابی پایه,مفاهیم پایه,تکمیل بانک,متوسط,درس کارگاه کارآفرینی و تولید بیشتر بر کدام حوزه تمرکز دارد؟,ایده‌پردازی، کارآفرینی و مهارت‌های تولید,حفظ اطلاعات نامرتبط,موضوعات خارج از برنامه,فقط فعالیت ورزشی,A,پاسخ درست بر اساس مفهوم کلی درس کارگاه کارآفرینی و تولید: ایده‌پردازی، کارآفرینی و مهارت‌های تولید,ترنم همدلی,original,1405
دهم,تجربی,کارگاه کارآفرینی و تولید,کارگاه کارآفرینی و تولید,ارزیابی پایه,مفاهیم پایه,تکمیل بانک,متوسط,کدام گزینه نمونه‌ای از یادگیری در درس کارگاه کارآفرینی و تولید است؟,ایده‌پردازی، کارآفرینی و مهارت‌های تولید,انجام کاری بی‌ارتباط با درس,نادیده گرفتن تمرین,حذف مرور,A,پاسخ درست بر اساس مفهوم کلی درس کارگاه کارآفرینی و تولید: ایده‌پردازی، کارآفرینی و مهارت‌های تولید,ترنم همدلی,original,1405
دهم,تجربی,کارگاه کارآفرینی و تولید,کارگاه کارآفرینی و تولید,ارزیابی پایه,مفاهیم پایه,تکمیل بانک,متوسط,برای پیشرفت در درس کارگاه کارآفرینی و تولید کدام روش مناسب‌تر است؟,مطالعه مفاهیم و تمرین متناسب با درس,حفظ پاسخ بدون فهم,حذف تمرین,مطالعه بدون مرور,A,پاسخ درست بر اساس مفهوم کلی درس کارگاه کارآفرینی و تولید: مطالعه مفاهیم و تمرین متناسب با درس,ترنم همدلی,original,1405
دهم,تجربی,کارگاه کارآفرینی و تولید,کارگاه کارآفرینی و تولید,ارزیابی پایه,مفاهیم پایه,تکمیل بانک,متوسط,در ارزیابی درس کارگاه کارآفرینی و تولید کدام مورد اهمیت بیشتری دارد؟,توانایی به‌کارگیری آموخته‌های مرتبط با درس,سرعت پاسخ بدون دقت,حدس زدن همه پاسخ‌ها,حذف سؤال‌های دشوار,A,پاسخ درست بر اساس مفهوم کلی درس کارگاه کارآفرینی و تولید: توانایی به‌کارگیری آموخته‌های مرتبط با درس,ترنم همدلی,original,1405
دهم,تجربی,کارگاه کارآفرینی و تولید,کارگاه کارآفرینی و تولید,ارزیابی پایه,مفاهیم پایه,تکمیل بانک,متوسط,اگر دانش‌آموز در کارگاه کارآفرینی و تولید اشتباه کند، بهترین اقدام چیست؟,تحلیل خطا و تمرین هدفمند,نادیده گرفتن خطا,حذف درس,تغییر پاسخ بدون بررسی,A,پاسخ درست بر اساس مفهوم کلی درس کارگاه کارآفرینی و تولید: تحلیل خطا و تمرین هدفمند,ترنم همدلی,original,1405
دهم,تجربی,کارگاه کارآفرینی و تولید,کارگاه کارآفرینی و تولید,ارزیابی پایه,مفاهیم پایه,تکمیل بانک,متوسط,کدام گزینه به مطالعه مؤثر کارگاه کارآفرینی و تولید نزدیک‌تر است؟,ترکیب فهم، تمرین و مرور,فقط خواندن سریع,فقط حفظ کردن گزینه‌ها,مطالعه بدون هدف,A,پاسخ درست بر اساس مفهوم کلی درس کارگاه کارآفرینی و تولید: ترکیب فهم، تمرین و مرور,ترنم همدلی,original,1405
دهم,تجربی,کارگاه کارآفرینی و تولید,کارگاه کارآفرینی و تولید,ارزیابی پایه,مفاهیم پایه,تکمیل بانک,متوسط,هدف یک آزمون آموزشی از درس کارگاه کارآفرینی و تولید چیست؟,شناسایی میزان یادگیری و نقاط نیازمند تقویت,صرفاً رتبه‌بندی دانش‌آموزان,حذف مباحث,افزایش تعداد سؤال بدون تحلیل,A,پاسخ درست بر اساس مفهوم کلی درس کارگاه کارآفرینی و تولید: شناسایی میزان یادگیری و نقاط نیازمند تقویت,ترنم همدلی,original,1405
دهم,تجربی,کارگاه کارآفرینی و تولید,کارگاه کارآفرینی و تولید,ارزیابی پایه,مفاهیم پایه,تکمیل بانک,متوسط,برای تشخیص ضعف در کارگاه کارآفرینی و تولید چه چیزی مفیدتر است؟,بررسی پاسخ‌ها و نوع خطاها,تعداد پیام‌های روزانه,حدس زدن علت ضعف,نادیده گرفتن نتیجه,A,پاسخ درست بر اساس مفهوم کلی درس کارگاه کارآفرینی و تولید: بررسی پاسخ‌ها و نوع خطاها,ترنم همدلی,original,1405
دهم,تجربی,کارگاه کارآفرینی و تولید,کارگاه کارآفرینی و تولید,ارزیابی پایه,مفاهیم پایه,تکمیل بانک,متوسط,کدام رفتار به یادگیری بهتر کارگاه کارآفرینی و تولید کمک می‌کند؟,تمرین منظم و رفع اشکال,مطالعه پراکنده بدون تمرین,حذف مرور,تکیه بر حدس,A,پاسخ درست بر اساس مفهوم کلی درس کارگاه کارآفرینی و تولید: تمرین منظم و رفع اشکال,ترنم همدلی,original,1405
دهم,تجربی,کارگاه کارآفرینی و تولید,کارگاه کارآفرینی و تولید,ارزیابی پایه,مفاهیم پایه,تکمیل بانک,متوسط,در مطالعه کارگاه کارآفرینی و تولید چرا مرور مهم است؟,برای تثبیت و بازیابی بهتر آموخته‌ها,برای حذف مطالب,برای افزایش زمان مطالعه بدون هدف,برای جلوگیری از تمرین,A,پاسخ درست بر اساس مفهوم کلی درس کارگاه کارآفرینی و تولید: برای تثبیت و بازیابی بهتر آموخته‌ها,ترنم همدلی,original,1405
دهم,تجربی,زیست‌شناسی,زیست‌شناسی,بخش 1,یاخته,تکمیل بانک,متوسط,درس زیست‌شناسی بیشتر بر کدام حوزه تمرکز دارد؟,ساختار و فرایندهای زیستی جانداران,حفظ اطلاعات نامرتبط,موضوعات خارج از برنامه,فقط فعالیت ورزشی,A,پاسخ درست بر اساس مفهوم کلی درس زیست‌شناسی: ساختار و فرایندهای زیستی جانداران,ترنم همدلی,original,1405
دهم,تجربی,زیست‌شناسی,زیست‌شناسی,بخش 1,یاخته,تکمیل بانک,متوسط,کدام گزینه نمونه‌ای از یادگیری در درس زیست‌شناسی است؟,ساختار و فرایندهای زیستی جانداران,انجام کاری بی‌ارتباط با درس,نادیده گرفتن تمرین,حذف مرور,A,پاسخ درست بر اساس مفهوم کلی درس زیست‌شناسی: ساختار و فرایندهای زیستی جانداران,ترنم همدلی,original,1405
دهم,تجربی,زیست‌شناسی,زیست‌شناسی,بخش 1,یاخته,تکمیل بانک,متوسط,برای پیشرفت در درس زیست‌شناسی کدام روش مناسب‌تر است؟,مطالعه مفاهیم و تمرین متناسب با درس,حفظ پاسخ بدون فهم,حذف تمرین,مطالعه بدون مرور,A,پاسخ درست بر اساس مفهوم کلی درس زیست‌شناسی: مطالعه مفاهیم و تمرین متناسب با درس,ترنم همدلی,original,1405
دهم,تجربی,زیست‌شناسی,زیست‌شناسی,بخش 1,یاخته,تکمیل بانک,متوسط,در ارزیابی درس زیست‌شناسی کدام مورد اهمیت بیشتری دارد؟,توانایی به‌کارگیری آموخته‌های مرتبط با درس,سرعت پاسخ بدون دقت,حدس زدن همه پاسخ‌ها,حذف سؤال‌های دشوار,A,پاسخ درست بر اساس مفهوم کلی درس زیست‌شناسی: توانایی به‌کارگیری آموخته‌های مرتبط با درس,ترنم همدلی,original,1405
دهم,تجربی,شیمی,شیمی,بخش 1,ساختار اتم,تکمیل بانک,متوسط,درس شیمی بیشتر بر کدام حوزه تمرکز دارد؟,ساختار ماده، واکنش‌ها و مفاهیم شیمیایی,حفظ اطلاعات نامرتبط,موضوعات خارج از برنامه,فقط فعالیت ورزشی,A,پاسخ درست بر اساس مفهوم کلی درس شیمی: ساختار ماده، واکنش‌ها و مفاهیم شیمیایی,ترنم همدلی,original,1405
دهم,تجربی,شیمی,شیمی,بخش 1,ساختار اتم,تکمیل بانک,متوسط,کدام گزینه نمونه‌ای از یادگیری در درس شیمی است؟,ساختار ماده، واکنش‌ها و مفاهیم شیمیایی,انجام کاری بی‌ارتباط با درس,نادیده گرفتن تمرین,حذف مرور,A,پاسخ درست بر اساس مفهوم کلی درس شیمی: ساختار ماده، واکنش‌ها و مفاهیم شیمیایی,ترنم همدلی,original,1405
دهم,تجربی,شیمی,شیمی,بخش 1,ساختار اتم,تکمیل بانک,متوسط,برای پیشرفت در درس شیمی کدام روش مناسب‌تر است؟,مطالعه مفاهیم و تمرین متناسب با درس,حفظ پاسخ بدون فهم,حذف تمرین,مطالعه بدون مرور,A,پاسخ درست بر اساس مفهوم کلی درس شیمی: مطالعه مفاهیم و تمرین متناسب با درس,ترنم همدلی,original,1405
دهم,تجربی,شیمی,شیمی,بخش 1,ساختار اتم,تکمیل بانک,متوسط,در ارزیابی درس شیمی کدام مورد اهمیت بیشتری دارد؟,توانایی به‌کارگیری آموخته‌های مرتبط با درس,سرعت پاسخ بدون دقت,حدس زدن همه پاسخ‌ها,حذف سؤال‌های دشوار,A,پاسخ درست بر اساس مفهوم کلی درس شیمی: توانایی به‌کارگیری آموخته‌های مرتبط با درس,ترنم همدلی,original,1405
دهم,تجربی,فیزیک,فیزیک,بخش 1,حرکت,تکمیل بانک,متوسط,درس فیزیک بیشتر بر کدام حوزه تمرکز دارد؟,پدیده‌های طبیعی و قوانین فیزیکی,حفظ اطلاعات نامرتبط,موضوعات خارج از برنامه,فقط فعالیت ورزشی,A,پاسخ درست بر اساس مفهوم کلی درس فیزیک: پدیده‌های طبیعی و قوانین فیزیکی,ترنم همدلی,original,1405
دهم,تجربی,فیزیک,فیزیک,بخش 1,حرکت,تکمیل بانک,متوسط,کدام گزینه نمونه‌ای از یادگیری در درس فیزیک است؟,پدیده‌های طبیعی و قوانین فیزیکی,انجام کاری بی‌ارتباط با درس,نادیده گرفتن تمرین,حذف مرور,A,پاسخ درست بر اساس مفهوم کلی درس فیزیک: پدیده‌های طبیعی و قوانین فیزیکی,ترنم همدلی,original,1405
دهم,تجربی,فیزیک,فیزیک,بخش 1,حرکت,تکمیل بانک,متوسط,برای پیشرفت در درس فیزیک کدام روش مناسب‌تر است؟,مطالعه مفاهیم و تمرین متناسب با درس,حفظ پاسخ بدون فهم,حذف تمرین,مطالعه بدون مرور,A,پاسخ درست بر اساس مفهوم کلی درس فیزیک: مطالعه مفاهیم و تمرین متناسب با درس,ترنم همدلی,original,1405
دهم,تجربی,فیزیک,فیزیک,بخش 1,حرکت,تکمیل بانک,متوسط,در ارزیابی درس فیزیک کدام مورد اهمیت بیشتری دارد؟,توانایی به‌کارگیری آموخته‌های مرتبط با درس,سرعت پاسخ بدون دقت,حدس زدن همه پاسخ‌ها,حذف سؤال‌های دشوار,A,پاسخ درست بر اساس مفهوم کلی درس فیزیک: توانایی به‌کارگیری آموخته‌های مرتبط با درس,ترنم همدلی,original,1405
دهم,تجربی,ریاضی,ریاضی,بخش 1,تابع,تکمیل بانک,متوسط,درس ریاضی بیشتر بر کدام حوزه تمرکز دارد؟,حل مسئله و استدلال ریاضی,حفظ اطلاعات نامرتبط,موضوعات خارج از برنامه,فقط فعالیت ورزشی,A,پاسخ درست بر اساس مفهوم کلی درس ریاضی: حل مسئله و استدلال ریاضی,ترنم همدلی,original,1405
دهم,تجربی,ریاضی,ریاضی,بخش 1,تابع,تکمیل بانک,متوسط,کدام گزینه نمونه‌ای از یادگیری در درس ریاضی است؟,حل مسئله و استدلال ریاضی,انجام کاری بی‌ارتباط با درس,نادیده گرفتن تمرین,حذف مرور,A,پاسخ درست بر اساس مفهوم کلی درس ریاضی: حل مسئله و استدلال ریاضی,ترنم همدلی,original,1405
دهم,تجربی,ریاضی,ریاضی,بخش 1,تابع,تکمیل بانک,متوسط,برای پیشرفت در درس ریاضی کدام روش مناسب‌تر است؟,مطالعه مفاهیم و تمرین متناسب با درس,حفظ پاسخ بدون فهم,حذف تمرین,مطالعه بدون مرور,A,پاسخ درست بر اساس مفهوم کلی درس ریاضی: مطالعه مفاهیم و تمرین متناسب با درس,ترنم همدلی,original,1405
دهم,تجربی,ریاضی,ریاضی,بخش 1,تابع,تکمیل بانک,متوسط,در ارزیابی درس ریاضی کدام مورد اهمیت بیشتری دارد؟,توانایی به‌کارگیری آموخته‌های مرتبط با درس,سرعت پاسخ بدون دقت,حدس زدن همه پاسخ‌ها,حذف سؤال‌های دشوار,A,پاسخ درست بر اساس مفهوم کلی درس ریاضی: توانایی به‌کارگیری آموخته‌های مرتبط با درس,ترنم همدلی,original,1405
دهم,انسانی,فارسی,فارسی,بخش 1,واژگان,تکمیل بانک,متوسط,درس فارسی بیشتر بر کدام حوزه تمرکز دارد؟,خواندن، واژگان، دستور، ادبیات و درک متن,حفظ اطلاعات نامرتبط,موضوعات خارج از برنامه,فقط فعالیت ورزشی,A,پاسخ درست بر اساس مفهوم کلی درس فارسی: خواندن، واژگان، دستور، ادبیات و درک متن,ترنم همدلی,original,1405
دهم,انسانی,فارسی,فارسی,بخش 1,واژگان,تکمیل بانک,متوسط,کدام گزینه نمونه‌ای از یادگیری در درس فارسی است؟,خواندن، واژگان، دستور، ادبیات و درک متن,انجام کاری بی‌ارتباط با درس,نادیده گرفتن تمرین,حذف مرور,A,پاسخ درست بر اساس مفهوم کلی درس فارسی: خواندن، واژگان، دستور، ادبیات و درک متن,ترنم همدلی,original,1405
دهم,انسانی,فارسی,فارسی,بخش 1,واژگان,تکمیل بانک,متوسط,برای پیشرفت در درس فارسی کدام روش مناسب‌تر است؟,مطالعه مفاهیم و تمرین متناسب با درس,حفظ پاسخ بدون فهم,حذف تمرین,مطالعه بدون مرور,A,پاسخ درست بر اساس مفهوم کلی درس فارسی: مطالعه مفاهیم و تمرین متناسب با درس,ترنم همدلی,original,1405
دهم,انسانی,فارسی,فارسی,بخش 1,واژگان,تکمیل بانک,متوسط,در ارزیابی درس فارسی کدام مورد اهمیت بیشتری دارد؟,توانایی به‌کارگیری آموخته‌های مرتبط با درس,سرعت پاسخ بدون دقت,حدس زدن همه پاسخ‌ها,حذف سؤال‌های دشوار,A,پاسخ درست بر اساس مفهوم کلی درس فارسی: توانایی به‌کارگیری آموخته‌های مرتبط با درس,ترنم همدلی,original,1405
دهم,انسانی,نگارش,نگارش,ارزیابی پایه,مفاهیم پایه,تکمیل بانک,متوسط,درس نگارش بیشتر بر کدام حوزه تمرکز دارد؟,مهارت نوشتن، سازمان‌دهی و ویرایش متن,حفظ اطلاعات نامرتبط,موضوعات خارج از برنامه,فقط فعالیت ورزشی,A,پاسخ درست بر اساس مفهوم کلی درس نگارش: مهارت نوشتن، سازمان‌دهی و ویرایش متن,ترنم همدلی,original,1405
دهم,انسانی,نگارش,نگارش,ارزیابی پایه,مفاهیم پایه,تکمیل بانک,متوسط,کدام گزینه نمونه‌ای از یادگیری در درس نگارش است؟,مهارت نوشتن، سازمان‌دهی و ویرایش متن,انجام کاری بی‌ارتباط با درس,نادیده گرفتن تمرین,حذف مرور,A,پاسخ درست بر اساس مفهوم کلی درس نگارش: مهارت نوشتن، سازمان‌دهی و ویرایش متن,ترنم همدلی,original,1405
دهم,انسانی,نگارش,نگارش,ارزیابی پایه,مفاهیم پایه,تکمیل بانک,متوسط,برای پیشرفت در درس نگارش کدام روش مناسب‌تر است؟,مطالعه مفاهیم و تمرین متناسب با درس,حفظ پاسخ بدون فهم,حذف تمرین,مطالعه بدون مرور,A,پاسخ درست بر اساس مفهوم کلی درس نگارش: مطالعه مفاهیم و تمرین متناسب با درس,ترنم همدلی,original,1405
دهم,انسانی,نگارش,نگارش,ارزیابی پایه,مفاهیم پایه,تکمیل بانک,متوسط,در ارزیابی درس نگارش کدام مورد اهمیت بیشتری دارد؟,توانایی به‌کارگیری آموخته‌های مرتبط با درس,سرعت پاسخ بدون دقت,حدس زدن همه پاسخ‌ها,حذف سؤال‌های دشوار,A,پاسخ درست بر اساس مفهوم کلی درس نگارش: توانایی به‌کارگیری آموخته‌های مرتبط با درس,ترنم همدلی,original,1405
دهم,انسانی,نگارش,نگارش,ارزیابی پایه,مفاهیم پایه,تکمیل بانک,متوسط,اگر دانش‌آموز در نگارش اشتباه کند، بهترین اقدام چیست؟,تحلیل خطا و تمرین هدفمند,نادیده گرفتن خطا,حذف درس,تغییر پاسخ بدون بررسی,A,پاسخ درست بر اساس مفهوم کلی درس نگارش: تحلیل خطا و تمرین هدفمند,ترنم همدلی,original,1405
دهم,انسانی,نگارش,نگارش,ارزیابی پایه,مفاهیم پایه,تکمیل بانک,متوسط,کدام گزینه به مطالعه مؤثر نگارش نزدیک‌تر است؟,ترکیب فهم، تمرین و مرور,فقط خواندن سریع,فقط حفظ کردن گزینه‌ها,مطالعه بدون هدف,A,پاسخ درست بر اساس مفهوم کلی درس نگارش: ترکیب فهم، تمرین و مرور,ترنم همدلی,original,1405
دهم,انسانی,نگارش,نگارش,ارزیابی پایه,مفاهیم پایه,تکمیل بانک,متوسط,هدف یک آزمون آموزشی از درس نگارش چیست؟,شناسایی میزان یادگیری و نقاط نیازمند تقویت,صرفاً رتبه‌بندی دانش‌آموزان,حذف مباحث,افزایش تعداد سؤال بدون تحلیل,A,پاسخ درست بر اساس مفهوم کلی درس نگارش: شناسایی میزان یادگیری و نقاط نیازمند تقویت,ترنم همدلی,original,1405
دهم,انسانی,نگارش,نگارش,ارزیابی پایه,مفاهیم پایه,تکمیل بانک,متوسط,برای تشخیص ضعف در نگارش چه چیزی مفیدتر است؟,بررسی پاسخ‌ها و نوع خطاها,تعداد پیام‌های روزانه,حدس زدن علت ضعف,نادیده گرفتن نتیجه,A,پاسخ درست بر اساس مفهوم کلی درس نگارش: بررسی پاسخ‌ها و نوع خطاها,ترنم همدلی,original,1405
دهم,انسانی,نگارش,نگارش,ارزیابی پایه,مفاهیم پایه,تکمیل بانک,متوسط,کدام رفتار به یادگیری بهتر نگارش کمک می‌کند؟,تمرین منظم و رفع اشکال,مطالعه پراکنده بدون تمرین,حذف مرور,تکیه بر حدس,A,پاسخ درست بر اساس مفهوم کلی درس نگارش: تمرین منظم و رفع اشکال,ترنم همدلی,original,1405
دهم,انسانی,نگارش,نگارش,ارزیابی پایه,مفاهیم پایه,تکمیل بانک,متوسط,در مطالعه نگارش چرا مرور مهم است؟,برای تثبیت و بازیابی بهتر آموخته‌ها,برای حذف مطالب,برای افزایش زمان مطالعه بدون هدف,برای جلوگیری از تمرین,A,پاسخ درست بر اساس مفهوم کلی درس نگارش: برای تثبیت و بازیابی بهتر آموخته‌ها,ترنم همدلی,original,1405
دهم,انسانی,دین و زندگی,دین و زندگی,بخش 1,توحید,تکمیل بانک,متوسط,درس دین و زندگی بیشتر بر کدام حوزه تمرکز دارد؟,مفاهیم دینی، اخلاقی و معارف اسلامی,حفظ اطلاعات نامرتبط,موضوعات خارج از برنامه,فقط فعالیت ورزشی,A,پاسخ درست بر اساس مفهوم کلی درس دین و زندگی: مفاهیم دینی، اخلاقی و معارف اسلامی,ترنم همدلی,original,1405
دهم,انسانی,دین و زندگی,دین و زندگی,بخش 1,توحید,تکمیل بانک,متوسط,کدام گزینه نمونه‌ای از یادگیری در درس دین و زندگی است؟,مفاهیم دینی، اخلاقی و معارف اسلامی,انجام کاری بی‌ارتباط با درس,نادیده گرفتن تمرین,حذف مرور,A,پاسخ درست بر اساس مفهوم کلی درس دین و زندگی: مفاهیم دینی، اخلاقی و معارف اسلامی,ترنم همدلی,original,1405
دهم,انسانی,دین و زندگی,دین و زندگی,بخش 1,توحید,تکمیل بانک,متوسط,برای پیشرفت در درس دین و زندگی کدام روش مناسب‌تر است؟,مطالعه مفاهیم و تمرین متناسب با درس,حفظ پاسخ بدون فهم,حذف تمرین,مطالعه بدون مرور,A,پاسخ درست بر اساس مفهوم کلی درس دین و زندگی: مطالعه مفاهیم و تمرین متناسب با درس,ترنم همدلی,original,1405
دهم,انسانی,دین و زندگی,دین و زندگی,بخش 1,توحید,تکمیل بانک,متوسط,در ارزیابی درس دین و زندگی کدام مورد اهمیت بیشتری دارد؟,توانایی به‌کارگیری آموخته‌های مرتبط با درس,سرعت پاسخ بدون دقت,حدس زدن همه پاسخ‌ها,حذف سؤال‌های دشوار,A,پاسخ درست بر اساس مفهوم کلی درس دین و زندگی: توانایی به‌کارگیری آموخته‌های مرتبط با درس,ترنم همدلی,original,1405
دهم,انسانی,عربی,عربی,بخش 1,ترجمه,تکمیل بانک,متوسط,درس عربی بیشتر بر کدام حوزه تمرکز دارد؟,واژگان، ترجمه و ساختارهای زبانی عربی,حفظ اطلاعات نامرتبط,موضوعات خارج از برنامه,فقط فعالیت ورزشی,A,پاسخ درست بر اساس مفهوم کلی درس عربی: واژگان، ترجمه و ساختارهای زبانی عربی,ترنم همدلی,original,1405
دهم,انسانی,عربی,عربی,بخش 1,ترجمه,تکمیل بانک,متوسط,کدام گزینه نمونه‌ای از یادگیری در درس عربی است؟,واژگان، ترجمه و ساختارهای زبانی عربی,انجام کاری بی‌ارتباط با درس,نادیده گرفتن تمرین,حذف مرور,A,پاسخ درست بر اساس مفهوم کلی درس عربی: واژگان، ترجمه و ساختارهای زبانی عربی,ترنم همدلی,original,1405
دهم,انسانی,عربی,عربی,بخش 1,ترجمه,تکمیل بانک,متوسط,برای پیشرفت در درس عربی کدام روش مناسب‌تر است؟,مطالعه مفاهیم و تمرین متناسب با درس,حفظ پاسخ بدون فهم,حذف تمرین,مطالعه بدون مرور,A,پاسخ درست بر اساس مفهوم کلی درس عربی: مطالعه مفاهیم و تمرین متناسب با درس,ترنم همدلی,original,1405
دهم,انسانی,عربی,عربی,بخش 1,ترجمه,تکمیل بانک,متوسط,در ارزیابی درس عربی کدام مورد اهمیت بیشتری دارد؟,توانایی به‌کارگیری آموخته‌های مرتبط با درس,سرعت پاسخ بدون دقت,حدس زدن همه پاسخ‌ها,حذف سؤال‌های دشوار,A,پاسخ درست بر اساس مفهوم کلی درس عربی: توانایی به‌کارگیری آموخته‌های مرتبط با درس,ترنم همدلی,original,1405
دهم,انسانی,زبان انگلیسی,زبان انگلیسی,بخش 1,واژگان,تکمیل بانک,متوسط,درس زبان انگلیسی بیشتر بر کدام حوزه تمرکز دارد؟,واژگان، گرامر، خواندن و ارتباط به زبان انگلیسی,حفظ اطلاعات نامرتبط,موضوعات خارج از برنامه,فقط فعالیت ورزشی,A,پاسخ درست بر اساس مفهوم کلی درس زبان انگلیسی: واژگان، گرامر، خواندن و ارتباط به زبان انگلیسی,ترنم همدلی,original,1405
دهم,انسانی,زبان انگلیسی,زبان انگلیسی,بخش 1,واژگان,تکمیل بانک,متوسط,کدام گزینه نمونه‌ای از یادگیری در درس زبان انگلیسی است؟,واژگان، گرامر، خواندن و ارتباط به زبان انگلیسی,انجام کاری بی‌ارتباط با درس,نادیده گرفتن تمرین,حذف مرور,A,پاسخ درست بر اساس مفهوم کلی درس زبان انگلیسی: واژگان، گرامر، خواندن و ارتباط به زبان انگلیسی,ترنم همدلی,original,1405
دهم,انسانی,زبان انگلیسی,زبان انگلیسی,بخش 1,واژگان,تکمیل بانک,متوسط,برای پیشرفت در درس زبان انگلیسی کدام روش مناسب‌تر است؟,مطالعه مفاهیم و تمرین متناسب با درس,حفظ پاسخ بدون فهم,حذف تمرین,مطالعه بدون مرور,A,پاسخ درست بر اساس مفهوم کلی درس زبان انگلیسی: مطالعه مفاهیم و تمرین متناسب با درس,ترنم همدلی,original,1405
دهم,انسانی,زبان انگلیسی,زبان انگلیسی,بخش 1,واژگان,تکمیل بانک,متوسط,در ارزیابی درس زبان انگلیسی کدام مورد اهمیت بیشتری دارد؟,توانایی به‌کارگیری آموخته‌های مرتبط با درس,سرعت پاسخ بدون دقت,حدس زدن همه پاسخ‌ها,حذف سؤال‌های دشوار,A,پاسخ درست بر اساس مفهوم کلی درس زبان انگلیسی: توانایی به‌کارگیری آموخته‌های مرتبط با درس,ترنم همدلی,original,1405
دهم,انسانی,آمادگی دفاعی,آمادگی دفاعی,ارزیابی پایه,مفاهیم پایه,تکمیل بانک,متوسط,درس آمادگی دفاعی بیشتر بر کدام حوزه تمرکز دارد؟,مفاهیم ایمنی، دفاعی و مسئولیت اجتماعی,حفظ اطلاعات نامرتبط,موضوعات خارج از برنامه,فقط فعالیت ورزشی,A,پاسخ درست بر اساس مفهوم کلی درس آمادگی دفاعی: مفاهیم ایمنی، دفاعی و مسئولیت اجتماعی,ترنم همدلی,original,1405
دهم,انسانی,آمادگی دفاعی,آمادگی دفاعی,ارزیابی پایه,مفاهیم پایه,تکمیل بانک,متوسط,کدام گزینه نمونه‌ای از یادگیری در درس آمادگی دفاعی است؟,مفاهیم ایمنی، دفاعی و مسئولیت اجتماعی,انجام کاری بی‌ارتباط با درس,نادیده گرفتن تمرین,حذف مرور,A,پاسخ درست بر اساس مفهوم کلی درس آمادگی دفاعی: مفاهیم ایمنی، دفاعی و مسئولیت اجتماعی,ترنم همدلی,original,1405
دهم,انسانی,آمادگی دفاعی,آمادگی دفاعی,ارزیابی پایه,مفاهیم پایه,تکمیل بانک,متوسط,برای پیشرفت در درس آمادگی دفاعی کدام روش مناسب‌تر است؟,مطالعه مفاهیم و تمرین متناسب با درس,حفظ پاسخ بدون فهم,حذف تمرین,مطالعه بدون مرور,A,پاسخ درست بر اساس مفهوم کلی درس آمادگی دفاعی: مطالعه مفاهیم و تمرین متناسب با درس,ترنم همدلی,original,1405
دهم,انسانی,آمادگی دفاعی,آمادگی دفاعی,ارزیابی پایه,مفاهیم پایه,تکمیل بانک,متوسط,در ارزیابی درس آمادگی دفاعی کدام مورد اهمیت بیشتری دارد؟,توانایی به‌کارگیری آموخته‌های مرتبط با درس,سرعت پاسخ بدون دقت,حدس زدن همه پاسخ‌ها,حذف سؤال‌های دشوار,A,پاسخ درست بر اساس مفهوم کلی درس آمادگی دفاعی: توانایی به‌کارگیری آموخته‌های مرتبط با درس,ترنم همدلی,original,1405
دهم,انسانی,آمادگی دفاعی,آمادگی دفاعی,ارزیابی پایه,مفاهیم پایه,تکمیل بانک,متوسط,اگر دانش‌آموز در آمادگی دفاعی اشتباه کند، بهترین اقدام چیست؟,تحلیل خطا و تمرین هدفمند,نادیده گرفتن خطا,حذف درس,تغییر پاسخ بدون بررسی,A,پاسخ درست بر اساس مفهوم کلی درس آمادگی دفاعی: تحلیل خطا و تمرین هدفمند,ترنم همدلی,original,1405
دهم,انسانی,آمادگی دفاعی,آمادگی دفاعی,ارزیابی پایه,مفاهیم پایه,تکمیل بانک,متوسط,کدام گزینه به مطالعه مؤثر آمادگی دفاعی نزدیک‌تر است؟,ترکیب فهم، تمرین و مرور,فقط خواندن سریع,فقط حفظ کردن گزینه‌ها,مطالعه بدون هدف,A,پاسخ درست بر اساس مفهوم کلی درس آمادگی دفاعی: ترکیب فهم، تمرین و مرور,ترنم همدلی,original,1405
دهم,انسانی,آمادگی دفاعی,آمادگی دفاعی,ارزیابی پایه,مفاهیم پایه,تکمیل بانک,متوسط,هدف یک آزمون آموزشی از درس آمادگی دفاعی چیست؟,شناسایی میزان یادگیری و نقاط نیازمند تقویت,صرفاً رتبه‌بندی دانش‌آموزان,حذف مباحث,افزایش تعداد سؤال بدون تحلیل,A,پاسخ درست بر اساس مفهوم کلی درس آمادگی دفاعی: شناسایی میزان یادگیری و نقاط نیازمند تقویت,ترنم همدلی,original,1405
دهم,انسانی,آمادگی دفاعی,آمادگی دفاعی,ارزیابی پایه,مفاهیم پایه,تکمیل بانک,متوسط,برای تشخیص ضعف در آمادگی دفاعی چه چیزی مفیدتر است؟,بررسی پاسخ‌ها و نوع خطاها,تعداد پیام‌های روزانه,حدس زدن علت ضعف,نادیده گرفتن نتیجه,A,پاسخ درست بر اساس مفهوم کلی درس آمادگی دفاعی: بررسی پاسخ‌ها و نوع خطاها,ترنم همدلی,original,1405
دهم,انسانی,آمادگی دفاعی,آمادگی دفاعی,ارزیابی پایه,مفاهیم پایه,تکمیل بانک,متوسط,کدام رفتار به یادگیری بهتر آمادگی دفاعی کمک می‌کند؟,تمرین منظم و رفع اشکال,مطالعه پراکنده بدون تمرین,حذف مرور,تکیه بر حدس,A,پاسخ درست بر اساس مفهوم کلی درس آمادگی دفاعی: تمرین منظم و رفع اشکال,ترنم همدلی,original,1405
دهم,انسانی,آمادگی دفاعی,آمادگی دفاعی,ارزیابی پایه,مفاهیم پایه,تکمیل بانک,متوسط,در مطالعه آمادگی دفاعی چرا مرور مهم است؟,برای تثبیت و بازیابی بهتر آموخته‌ها,برای حذف مطالب,برای افزایش زمان مطالعه بدون هدف,برای جلوگیری از تمرین,A,پاسخ درست بر اساس مفهوم کلی درس آمادگی دفاعی: برای تثبیت و بازیابی بهتر آموخته‌ها,ترنم همدلی,original,1405
دهم,انسانی,جغرافیای ایران,جغرافیای ایران,ارزیابی پایه,مفاهیم پایه,تکمیل بانک,متوسط,درس جغرافیای ایران بیشتر بر کدام حوزه تمرکز دارد؟,شناخت ویژگی‌های جغرافیایی ایران,حفظ اطلاعات نامرتبط,موضوعات خارج از برنامه,فقط فعالیت ورزشی,A,پاسخ درست بر اساس مفهوم کلی درس جغرافیای ایران: شناخت ویژگی‌های جغرافیایی ایران,ترنم همدلی,original,1405
دهم,انسانی,جغرافیای ایران,جغرافیای ایران,ارزیابی پایه,مفاهیم پایه,تکمیل بانک,متوسط,کدام گزینه نمونه‌ای از یادگیری در درس جغرافیای ایران است؟,شناخت ویژگی‌های جغرافیایی ایران,انجام کاری بی‌ارتباط با درس,نادیده گرفتن تمرین,حذف مرور,A,پاسخ درست بر اساس مفهوم کلی درس جغرافیای ایران: شناخت ویژگی‌های جغرافیایی ایران,ترنم همدلی,original,1405
دهم,انسانی,جغرافیای ایران,جغرافیای ایران,ارزیابی پایه,مفاهیم پایه,تکمیل بانک,متوسط,برای پیشرفت در درس جغرافیای ایران کدام روش مناسب‌تر است؟,مطالعه مفاهیم و تمرین متناسب با درس,حفظ پاسخ بدون فهم,حذف تمرین,مطالعه بدون مرور,A,پاسخ درست بر اساس مفهوم کلی درس جغرافیای ایران: مطالعه مفاهیم و تمرین متناسب با درس,ترنم همدلی,original,1405
دهم,انسانی,جغرافیای ایران,جغرافیای ایران,ارزیابی پایه,مفاهیم پایه,تکمیل بانک,متوسط,در ارزیابی درس جغرافیای ایران کدام مورد اهمیت بیشتری دارد؟,توانایی به‌کارگیری آموخته‌های مرتبط با درس,سرعت پاسخ بدون دقت,حدس زدن همه پاسخ‌ها,حذف سؤال‌های دشوار,A,پاسخ درست بر اساس مفهوم کلی درس جغرافیای ایران: توانایی به‌کارگیری آموخته‌های مرتبط با درس,ترنم همدلی,original,1405
دهم,انسانی,جغرافیای ایران,جغرافیای ایران,ارزیابی پایه,مفاهیم پایه,تکمیل بانک,متوسط,اگر دانش‌آموز در جغرافیای ایران اشتباه کند، بهترین اقدام چیست؟,تحلیل خطا و تمرین هدفمند,نادیده گرفتن خطا,حذف درس,تغییر پاسخ بدون بررسی,A,پاسخ درست بر اساس مفهوم کلی درس جغرافیای ایران: تحلیل خطا و تمرین هدفمند,ترنم همدلی,original,1405
دهم,انسانی,جغرافیای ایران,جغرافیای ایران,ارزیابی پایه,مفاهیم پایه,تکمیل بانک,متوسط,کدام گزینه به مطالعه مؤثر جغرافیای ایران نزدیک‌تر است؟,ترکیب فهم، تمرین و مرور,فقط خواندن سریع,فقط حفظ کردن گزینه‌ها,مطالعه بدون هدف,A,پاسخ درست بر اساس مفهوم کلی درس جغرافیای ایران: ترکیب فهم، تمرین و مرور,ترنم همدلی,original,1405
دهم,انسانی,جغرافیای ایران,جغرافیای ایران,ارزیابی پایه,مفاهیم پایه,تکمیل بانک,متوسط,هدف یک آزمون آموزشی از درس جغرافیای ایران چیست؟,شناسایی میزان یادگیری و نقاط نیازمند تقویت,صرفاً رتبه‌بندی دانش‌آموزان,حذف مباحث,افزایش تعداد سؤال بدون تحلیل,A,پاسخ درست بر اساس مفهوم کلی درس جغرافیای ایران: شناسایی میزان یادگیری و نقاط نیازمند تقویت,ترنم همدلی,original,1405
دهم,انسانی,جغرافیای ایران,جغرافیای ایران,ارزیابی پایه,مفاهیم پایه,تکمیل بانک,متوسط,برای تشخیص ضعف در جغرافیای ایران چه چیزی مفیدتر است؟,بررسی پاسخ‌ها و نوع خطاها,تعداد پیام‌های روزانه,حدس زدن علت ضعف,نادیده گرفتن نتیجه,A,پاسخ درست بر اساس مفهوم کلی درس جغرافیای ایران: بررسی پاسخ‌ها و نوع خطاها,ترنم همدلی,original,1405
دهم,انسانی,جغرافیای ایران,جغرافیای ایران,ارزیابی پایه,مفاهیم پایه,تکمیل بانک,متوسط,کدام رفتار به یادگیری بهتر جغرافیای ایران کمک می‌کند؟,تمرین منظم و رفع اشکال,مطالعه پراکنده بدون تمرین,حذف مرور,تکیه بر حدس,A,پاسخ درست بر اساس مفهوم کلی درس جغرافیای ایران: تمرین منظم و رفع اشکال,ترنم همدلی,original,1405
دهم,انسانی,جغرافیای ایران,جغرافیای ایران,ارزیابی پایه,مفاهیم پایه,تکمیل بانک,متوسط,در مطالعه جغرافیای ایران چرا مرور مهم است؟,برای تثبیت و بازیابی بهتر آموخته‌ها,برای حذف مطالب,برای افزایش زمان مطالعه بدون هدف,برای جلوگیری از تمرین,A,پاسخ درست بر اساس مفهوم کلی درس جغرافیای ایران: برای تثبیت و بازیابی بهتر آموخته‌ها,ترنم همدلی,original,1405
دهم,انسانی,تفکر و سواد رسانه‌ای,تفکر و سواد رسانه‌ای,ارزیابی پایه,مفاهیم پایه,تکمیل بانک,متوسط,درس تفکر و سواد رسانه‌ای بیشتر بر کدام حوزه تمرکز دارد؟,تحلیل پیام‌های رسانه‌ای و استفاده مسئولانه از رسانه,حفظ اطلاعات نامرتبط,موضوعات خارج از برنامه,فقط فعالیت ورزشی,A,پاسخ درست بر اساس مفهوم کلی درس تفکر و سواد رسانه‌ای: تحلیل پیام‌های رسانه‌ای و استفاده مسئولانه از رسانه,ترنم همدلی,original,1405
دهم,انسانی,تفکر و سواد رسانه‌ای,تفکر و سواد رسانه‌ای,ارزیابی پایه,مفاهیم پایه,تکمیل بانک,متوسط,کدام گزینه نمونه‌ای از یادگیری در درس تفکر و سواد رسانه‌ای است؟,تحلیل پیام‌های رسانه‌ای و استفاده مسئولانه از رسانه,انجام کاری بی‌ارتباط با درس,نادیده گرفتن تمرین,حذف مرور,A,پاسخ درست بر اساس مفهوم کلی درس تفکر و سواد رسانه‌ای: تحلیل پیام‌های رسانه‌ای و استفاده مسئولانه از رسانه,ترنم همدلی,original,1405
دهم,انسانی,تفکر و سواد رسانه‌ای,تفکر و سواد رسانه‌ای,ارزیابی پایه,مفاهیم پایه,تکمیل بانک,متوسط,برای پیشرفت در درس تفکر و سواد رسانه‌ای کدام روش مناسب‌تر است؟,مطالعه مفاهیم و تمرین متناسب با درس,حفظ پاسخ بدون فهم,حذف تمرین,مطالعه بدون مرور,A,پاسخ درست بر اساس مفهوم کلی درس تفکر و سواد رسانه‌ای: مطالعه مفاهیم و تمرین متناسب با درس,ترنم همدلی,original,1405
دهم,انسانی,تفکر و سواد رسانه‌ای,تفکر و سواد رسانه‌ای,ارزیابی پایه,مفاهیم پایه,تکمیل بانک,متوسط,در ارزیابی درس تفکر و سواد رسانه‌ای کدام مورد اهمیت بیشتری دارد؟,توانایی به‌کارگیری آموخته‌های مرتبط با درس,سرعت پاسخ بدون دقت,حدس زدن همه پاسخ‌ها,حذف سؤال‌های دشوار,A,پاسخ درست بر اساس مفهوم کلی درس تفکر و سواد رسانه‌ای: توانایی به‌کارگیری آموخته‌های مرتبط با درس,ترنم همدلی,original,1405
دهم,انسانی,تفکر و سواد رسانه‌ای,تفکر و سواد رسانه‌ای,ارزیابی پایه,مفاهیم پایه,تکمیل بانک,متوسط,اگر دانش‌آموز در تفکر و سواد رسانه‌ای اشتباه کند، بهترین اقدام چیست؟,تحلیل خطا و تمرین هدفمند,نادیده گرفتن خطا,حذف درس,تغییر پاسخ بدون بررسی,A,پاسخ درست بر اساس مفهوم کلی درس تفکر و سواد رسانه‌ای: تحلیل خطا و تمرین هدفمند,ترنم همدلی,original,1405
دهم,انسانی,تفکر و سواد رسانه‌ای,تفکر و سواد رسانه‌ای,ارزیابی پایه,مفاهیم پایه,تکمیل بانک,متوسط,کدام گزینه به مطالعه مؤثر تفکر و سواد رسانه‌ای نزدیک‌تر است؟,ترکیب فهم، تمرین و مرور,فقط خواندن سریع,فقط حفظ کردن گزینه‌ها,مطالعه بدون هدف,A,پاسخ درست بر اساس مفهوم کلی درس تفکر و سواد رسانه‌ای: ترکیب فهم، تمرین و مرور,ترنم همدلی,original,1405
دهم,انسانی,تفکر و سواد رسانه‌ای,تفکر و سواد رسانه‌ای,ارزیابی پایه,مفاهیم پایه,تکمیل بانک,متوسط,هدف یک آزمون آموزشی از درس تفکر و سواد رسانه‌ای چیست؟,شناسایی میزان یادگیری و نقاط نیازمند تقویت,صرفاً رتبه‌بندی دانش‌آموزان,حذف مباحث,افزایش تعداد سؤال بدون تحلیل,A,پاسخ درست بر اساس مفهوم کلی درس تفکر و سواد رسانه‌ای: شناسایی میزان یادگیری و نقاط نیازمند تقویت,ترنم همدلی,original,1405
دهم,انسانی,تفکر و سواد رسانه‌ای,تفکر و سواد رسانه‌ای,ارزیابی پایه,مفاهیم پایه,تکمیل بانک,متوسط,برای تشخیص ضعف در تفکر و سواد رسانه‌ای چه چیزی مفیدتر است؟,بررسی پاسخ‌ها و نوع خطاها,تعداد پیام‌های روزانه,حدس زدن علت ضعف,نادیده گرفتن نتیجه,A,پاسخ درست بر اساس مفهوم کلی درس تفکر و سواد رسانه‌ای: بررسی پاسخ‌ها و نوع خطاها,ترنم همدلی,original,1405
دهم,انسانی,تفکر و سواد رسانه‌ای,تفکر و سواد رسانه‌ای,ارزیابی پایه,مفاهیم پایه,تکمیل بانک,متوسط,کدام رفتار به یادگیری بهتر تفکر و سواد رسانه‌ای کمک می‌کند؟,تمرین منظم و رفع اشکال,مطالعه پراکنده بدون تمرین,حذف مرور,تکیه بر حدس,A,پاسخ درست بر اساس مفهوم کلی درس تفکر و سواد رسانه‌ای: تمرین منظم و رفع اشکال,ترنم همدلی,original,1405
دهم,انسانی,تفکر و سواد رسانه‌ای,تفکر و سواد رسانه‌ای,ارزیابی پایه,مفاهیم پایه,تکمیل بانک,متوسط,در مطالعه تفکر و سواد رسانه‌ای چرا مرور مهم است؟,برای تثبیت و بازیابی بهتر آموخته‌ها,برای حذف مطالب,برای افزایش زمان مطالعه بدون هدف,برای جلوگیری از تمرین,A,پاسخ درست بر اساس مفهوم کلی درس تفکر و سواد رسانه‌ای: برای تثبیت و بازیابی بهتر آموخته‌ها,ترنم همدلی,original,1405
دهم,انسانی,کارگاه کارآفرینی و تولید,کارگاه کارآفرینی و تولید,ارزیابی پایه,مفاهیم پایه,تکمیل بانک,متوسط,درس کارگاه کارآفرینی و تولید بیشتر بر کدام حوزه تمرکز دارد؟,ایده‌پردازی، کارآفرینی و مهارت‌های تولید,حفظ اطلاعات نامرتبط,موضوعات خارج از برنامه,فقط فعالیت ورزشی,A,پاسخ درست بر اساس مفهوم کلی درس کارگاه کارآفرینی و تولید: ایده‌پردازی، کارآفرینی و مهارت‌های تولید,ترنم همدلی,original,1405
دهم,انسانی,کارگاه کارآفرینی و تولید,کارگاه کارآفرینی و تولید,ارزیابی پایه,مفاهیم پایه,تکمیل بانک,متوسط,کدام گزینه نمونه‌ای از یادگیری در درس کارگاه کارآفرینی و تولید است؟,ایده‌پردازی، کارآفرینی و مهارت‌های تولید,انجام کاری بی‌ارتباط با درس,نادیده گرفتن تمرین,حذف مرور,A,پاسخ درست بر اساس مفهوم کلی درس کارگاه کارآفرینی و تولید: ایده‌پردازی، کارآفرینی و مهارت‌های تولید,ترنم همدلی,original,1405
دهم,انسانی,کارگاه کارآفرینی و تولید,کارگاه کارآفرینی و تولید,ارزیابی پایه,مفاهیم پایه,تکمیل بانک,متوسط,برای پیشرفت در درس کارگاه کارآفرینی و تولید کدام روش مناسب‌تر است؟,مطالعه مفاهیم و تمرین متناسب با درس,حفظ پاسخ بدون فهم,حذف تمرین,مطالعه بدون مرور,A,پاسخ درست بر اساس مفهوم کلی درس کارگاه کارآفرینی و تولید: مطالعه مفاهیم و تمرین متناسب با درس,ترنم همدلی,original,1405
دهم,انسانی,کارگاه کارآفرینی و تولید,کارگاه کارآفرینی و تولید,ارزیابی پایه,مفاهیم پایه,تکمیل بانک,متوسط,در ارزیابی درس کارگاه کارآفرینی و تولید کدام مورد اهمیت بیشتری دارد؟,توانایی به‌کارگیری آموخته‌های مرتبط با درس,سرعت پاسخ بدون دقت,حدس زدن همه پاسخ‌ها,حذف سؤال‌های دشوار,A,پاسخ درست بر اساس مفهوم کلی درس کارگاه کارآفرینی و تولید: توانایی به‌کارگیری آموخته‌های مرتبط با درس,ترنم همدلی,original,1405
دهم,انسانی,کارگاه کارآفرینی و تولید,کارگاه کارآفرینی و تولید,ارزیابی پایه,مفاهیم پایه,تکمیل بانک,متوسط,اگر دانش‌آموز در کارگاه کارآفرینی و تولید اشتباه کند، بهترین اقدام چیست؟,تحلیل خطا و تمرین هدفمند,نادیده گرفتن خطا,حذف درس,تغییر پاسخ بدون بررسی,A,پاسخ درست بر اساس مفهوم کلی درس کارگاه کارآفرینی و تولید: تحلیل خطا و تمرین هدفمند,ترنم همدلی,original,1405
دهم,انسانی,کارگاه کارآفرینی و تولید,کارگاه کارآفرینی و تولید,ارزیابی پایه,مفاهیم پایه,تکمیل بانک,متوسط,کدام گزینه به مطالعه مؤثر کارگاه کارآفرینی و تولید نزدیک‌تر است؟,ترکیب فهم، تمرین و مرور,فقط خواندن سریع,فقط حفظ کردن گزینه‌ها,مطالعه بدون هدف,A,پاسخ درست بر اساس مفهوم کلی درس کارگاه کارآفرینی و تولید: ترکیب فهم، تمرین و مرور,ترنم همدلی,original,1405
دهم,انسانی,کارگاه کارآفرینی و تولید,کارگاه کارآفرینی و تولید,ارزیابی پایه,مفاهیم پایه,تکمیل بانک,متوسط,هدف یک آزمون آموزشی از درس کارگاه کارآفرینی و تولید چیست؟,شناسایی میزان یادگیری و نقاط نیازمند تقویت,صرفاً رتبه‌بندی دانش‌آموزان,حذف مباحث,افزایش تعداد سؤال بدون تحلیل,A,پاسخ درست بر اساس مفهوم کلی درس کارگاه کارآفرینی و تولید: شناسایی میزان یادگیری و نقاط نیازمند تقویت,ترنم همدلی,original,1405
دهم,انسانی,کارگاه کارآفرینی و تولید,کارگاه کارآفرینی و تولید,ارزیابی پایه,مفاهیم پایه,تکمیل بانک,متوسط,برای تشخیص ضعف در کارگاه کارآفرینی و تولید چه چیزی مفیدتر است؟,بررسی پاسخ‌ها و نوع خطاها,تعداد پیام‌های روزانه,حدس زدن علت ضعف,نادیده گرفتن نتیجه,A,پاسخ درست بر اساس مفهوم کلی درس کارگاه کارآفرینی و تولید: بررسی پاسخ‌ها و نوع خطاها,ترنم همدلی,original,1405
دهم,انسانی,کارگاه کارآفرینی و تولید,کارگاه کارآفرینی و تولید,ارزیابی پایه,مفاهیم پایه,تکمیل بانک,متوسط,کدام رفتار به یادگیری بهتر کارگاه کارآفرینی و تولید کمک می‌کند؟,تمرین منظم و رفع اشکال,مطالعه پراکنده بدون تمرین,حذف مرور,تکیه بر حدس,A,پاسخ درست بر اساس مفهوم کلی درس کارگاه کارآفرینی و تولید: تمرین منظم و رفع اشکال,ترنم همدلی,original,1405
دهم,انسانی,کارگاه کارآفرینی و تولید,کارگاه کارآفرینی و تولید,ارزیابی پایه,مفاهیم پایه,تکمیل بانک,متوسط,در مطالعه کارگاه کارآفرینی و تولید چرا مرور مهم است؟,برای تثبیت و بازیابی بهتر آموخته‌ها,برای حذف مطالب,برای افزایش زمان مطالعه بدون هدف,برای جلوگیری از تمرین,A,پاسخ درست بر اساس مفهوم کلی درس کارگاه کارآفرینی و تولید: برای تثبیت و بازیابی بهتر آموخته‌ها,ترنم همدلی,original,1405
دهم,انسانی,علوم و فنون ادبی,علوم و فنون ادبی,بخش 1,عروض,تکمیل بانک,متوسط,درس علوم و فنون ادبی بیشتر بر کدام حوزه تمرکز دارد؟,زبان و ادبیات، آرایه‌ها، عروض و فنون ادبی,حفظ اطلاعات نامرتبط,موضوعات خارج از برنامه,فقط فعالیت ورزشی,A,پاسخ درست بر اساس مفهوم کلی درس علوم و فنون ادبی: زبان و ادبیات، آرایه‌ها، عروض و فنون ادبی,ترنم همدلی,original,1405
دهم,انسانی,علوم و فنون ادبی,علوم و فنون ادبی,بخش 1,عروض,تکمیل بانک,متوسط,کدام گزینه نمونه‌ای از یادگیری در درس علوم و فنون ادبی است؟,زبان و ادبیات، آرایه‌ها، عروض و فنون ادبی,انجام کاری بی‌ارتباط با درس,نادیده گرفتن تمرین,حذف مرور,A,پاسخ درست بر اساس مفهوم کلی درس علوم و فنون ادبی: زبان و ادبیات، آرایه‌ها، عروض و فنون ادبی,ترنم همدلی,original,1405
دهم,انسانی,علوم و فنون ادبی,علوم و فنون ادبی,بخش 1,عروض,تکمیل بانک,متوسط,برای پیشرفت در درس علوم و فنون ادبی کدام روش مناسب‌تر است؟,مطالعه مفاهیم و تمرین متناسب با درس,حفظ پاسخ بدون فهم,حذف تمرین,مطالعه بدون مرور,A,پاسخ درست بر اساس مفهوم کلی درس علوم و فنون ادبی: مطالعه مفاهیم و تمرین متناسب با درس,ترنم همدلی,original,1405
دهم,انسانی,علوم و فنون ادبی,علوم و فنون ادبی,بخش 1,عروض,تکمیل بانک,متوسط,در ارزیابی درس علوم و فنون ادبی کدام مورد اهمیت بیشتری دارد؟,توانایی به‌کارگیری آموخته‌های مرتبط با درس,سرعت پاسخ بدون دقت,حدس زدن همه پاسخ‌ها,حذف سؤال‌های دشوار,A,پاسخ درست بر اساس مفهوم کلی درس علوم و فنون ادبی: توانایی به‌کارگیری آموخته‌های مرتبط با درس,ترنم همدلی,original,1405
دهم,انسانی,ریاضی و آمار,ریاضی و آمار,بخش 1,آمار,تکمیل بانک,متوسط,درس ریاضی و آمار بیشتر بر کدام حوزه تمرکز دارد؟,مفاهیم ریاضی، آمار و تحلیل داده,حفظ اطلاعات نامرتبط,موضوعات خارج از برنامه,فقط فعالیت ورزشی,A,پاسخ درست بر اساس مفهوم کلی درس ریاضی و آمار: مفاهیم ریاضی، آمار و تحلیل داده,ترنم همدلی,original,1405
دهم,انسانی,ریاضی و آمار,ریاضی و آمار,بخش 1,آمار,تکمیل بانک,متوسط,کدام گزینه نمونه‌ای از یادگیری در درس ریاضی و آمار است؟,مفاهیم ریاضی، آمار و تحلیل داده,انجام کاری بی‌ارتباط با درس,نادیده گرفتن تمرین,حذف مرور,A,پاسخ درست بر اساس مفهوم کلی درس ریاضی و آمار: مفاهیم ریاضی، آمار و تحلیل داده,ترنم همدلی,original,1405
دهم,انسانی,ریاضی و آمار,ریاضی و آمار,بخش 1,آمار,تکمیل بانک,متوسط,برای پیشرفت در درس ریاضی و آمار کدام روش مناسب‌تر است؟,مطالعه مفاهیم و تمرین متناسب با درس,حفظ پاسخ بدون فهم,حذف تمرین,مطالعه بدون مرور,A,پاسخ درست بر اساس مفهوم کلی درس ریاضی و آمار: مطالعه مفاهیم و تمرین متناسب با درس,ترنم همدلی,original,1405
دهم,انسانی,ریاضی و آمار,ریاضی و آمار,بخش 1,آمار,تکمیل بانک,متوسط,در ارزیابی درس ریاضی و آمار کدام مورد اهمیت بیشتری دارد؟,توانایی به‌کارگیری آموخته‌های مرتبط با درس,سرعت پاسخ بدون دقت,حدس زدن همه پاسخ‌ها,حذف سؤال‌های دشوار,A,پاسخ درست بر اساس مفهوم کلی درس ریاضی و آمار: توانایی به‌کارگیری آموخته‌های مرتبط با درس,ترنم همدلی,original,1405
دهم,انسانی,تاریخ,تاریخ,بخش 1,منبع تاریخی,تکمیل بانک,متوسط,درس تاریخ بیشتر بر کدام حوزه تمرکز دارد؟,شناخت رویدادها و روندهای تاریخی,حفظ اطلاعات نامرتبط,موضوعات خارج از برنامه,فقط فعالیت ورزشی,A,پاسخ درست بر اساس مفهوم کلی درس تاریخ: شناخت رویدادها و روندهای تاریخی,ترنم همدلی,original,1405
دهم,انسانی,تاریخ,تاریخ,بخش 1,منبع تاریخی,تکمیل بانک,متوسط,کدام گزینه نمونه‌ای از یادگیری در درس تاریخ است؟,شناخت رویدادها و روندهای تاریخی,انجام کاری بی‌ارتباط با درس,نادیده گرفتن تمرین,حذف مرور,A,پاسخ درست بر اساس مفهوم کلی درس تاریخ: شناخت رویدادها و روندهای تاریخی,ترنم همدلی,original,1405
دهم,انسانی,تاریخ,تاریخ,بخش 1,منبع تاریخی,تکمیل بانک,متوسط,برای پیشرفت در درس تاریخ کدام روش مناسب‌تر است؟,مطالعه مفاهیم و تمرین متناسب با درس,حفظ پاسخ بدون فهم,حذف تمرین,مطالعه بدون مرور,A,پاسخ درست بر اساس مفهوم کلی درس تاریخ: مطالعه مفاهیم و تمرین متناسب با درس,ترنم همدلی,original,1405
دهم,انسانی,تاریخ,تاریخ,بخش 1,منبع تاریخی,تکمیل بانک,متوسط,در ارزیابی درس تاریخ کدام مورد اهمیت بیشتری دارد؟,توانایی به‌کارگیری آموخته‌های مرتبط با درس,سرعت پاسخ بدون دقت,حدس زدن همه پاسخ‌ها,حذف سؤال‌های دشوار,A,پاسخ درست بر اساس مفهوم کلی درس تاریخ: توانایی به‌کارگیری آموخته‌های مرتبط با درس,ترنم همدلی,original,1405
دهم,انسانی,جغرافیای ایران,جغرافیای ایران,ارزیابی پایه,مفاهیم پایه,تکمیل بانک,متوسط,درس جغرافیای ایران بیشتر بر کدام حوزه تمرکز دارد؟,شناخت ویژگی‌های جغرافیایی ایران,حفظ اطلاعات نامرتبط,موضوعات خارج از برنامه,فقط فعالیت ورزشی,A,پاسخ درست بر اساس مفهوم کلی درس جغرافیای ایران: شناخت ویژگی‌های جغرافیایی ایران,ترنم همدلی,original,1405
دهم,انسانی,جغرافیای ایران,جغرافیای ایران,ارزیابی پایه,مفاهیم پایه,تکمیل بانک,متوسط,کدام گزینه نمونه‌ای از یادگیری در درس جغرافیای ایران است؟,شناخت ویژگی‌های جغرافیایی ایران,انجام کاری بی‌ارتباط با درس,نادیده گرفتن تمرین,حذف مرور,A,پاسخ درست بر اساس مفهوم کلی درس جغرافیای ایران: شناخت ویژگی‌های جغرافیایی ایران,ترنم همدلی,original,1405
دهم,انسانی,جغرافیای ایران,جغرافیای ایران,ارزیابی پایه,مفاهیم پایه,تکمیل بانک,متوسط,برای پیشرفت در درس جغرافیای ایران کدام روش مناسب‌تر است؟,مطالعه مفاهیم و تمرین متناسب با درس,حفظ پاسخ بدون فهم,حذف تمرین,مطالعه بدون مرور,A,پاسخ درست بر اساس مفهوم کلی درس جغرافیای ایران: مطالعه مفاهیم و تمرین متناسب با درس,ترنم همدلی,original,1405
دهم,انسانی,جغرافیای ایران,جغرافیای ایران,ارزیابی پایه,مفاهیم پایه,تکمیل بانک,متوسط,در ارزیابی درس جغرافیای ایران کدام مورد اهمیت بیشتری دارد؟,توانایی به‌کارگیری آموخته‌های مرتبط با درس,سرعت پاسخ بدون دقت,حدس زدن همه پاسخ‌ها,حذف سؤال‌های دشوار,A,پاسخ درست بر اساس مفهوم کلی درس جغرافیای ایران: توانایی به‌کارگیری آموخته‌های مرتبط با درس,ترنم همدلی,original,1405
دهم,انسانی,جغرافیای ایران,جغرافیای ایران,ارزیابی پایه,مفاهیم پایه,تکمیل بانک,متوسط,اگر دانش‌آموز در جغرافیای ایران اشتباه کند، بهترین اقدام چیست؟,تحلیل خطا و تمرین هدفمند,نادیده گرفتن خطا,حذف درس,تغییر پاسخ بدون بررسی,A,پاسخ درست بر اساس مفهوم کلی درس جغرافیای ایران: تحلیل خطا و تمرین هدفمند,ترنم همدلی,original,1405
دهم,انسانی,جغرافیای ایران,جغرافیای ایران,ارزیابی پایه,مفاهیم پایه,تکمیل بانک,متوسط,کدام گزینه به مطالعه مؤثر جغرافیای ایران نزدیک‌تر است؟,ترکیب فهم، تمرین و مرور,فقط خواندن سریع,فقط حفظ کردن گزینه‌ها,مطالعه بدون هدف,A,پاسخ درست بر اساس مفهوم کلی درس جغرافیای ایران: ترکیب فهم، تمرین و مرور,ترنم همدلی,original,1405
دهم,انسانی,جغرافیای ایران,جغرافیای ایران,ارزیابی پایه,مفاهیم پایه,تکمیل بانک,متوسط,هدف یک آزمون آموزشی از درس جغرافیای ایران چیست؟,شناسایی میزان یادگیری و نقاط نیازمند تقویت,صرفاً رتبه‌بندی دانش‌آموزان,حذف مباحث,افزایش تعداد سؤال بدون تحلیل,A,پاسخ درست بر اساس مفهوم کلی درس جغرافیای ایران: شناسایی میزان یادگیری و نقاط نیازمند تقویت,ترنم همدلی,original,1405
دهم,انسانی,جغرافیای ایران,جغرافیای ایران,ارزیابی پایه,مفاهیم پایه,تکمیل بانک,متوسط,برای تشخیص ضعف در جغرافیای ایران چه چیزی مفیدتر است؟,بررسی پاسخ‌ها و نوع خطاها,تعداد پیام‌های روزانه,حدس زدن علت ضعف,نادیده گرفتن نتیجه,A,پاسخ درست بر اساس مفهوم کلی درس جغرافیای ایران: بررسی پاسخ‌ها و نوع خطاها,ترنم همدلی,original,1405
دهم,انسانی,جغرافیای ایران,جغرافیای ایران,ارزیابی پایه,مفاهیم پایه,تکمیل بانک,متوسط,کدام رفتار به یادگیری بهتر جغرافیای ایران کمک می‌کند؟,تمرین منظم و رفع اشکال,مطالعه پراکنده بدون تمرین,حذف مرور,تکیه بر حدس,A,پاسخ درست بر اساس مفهوم کلی درس جغرافیای ایران: تمرین منظم و رفع اشکال,ترنم همدلی,original,1405
دهم,انسانی,جغرافیای ایران,جغرافیای ایران,ارزیابی پایه,مفاهیم پایه,تکمیل بانک,متوسط,در مطالعه جغرافیای ایران چرا مرور مهم است؟,برای تثبیت و بازیابی بهتر آموخته‌ها,برای حذف مطالب,برای افزایش زمان مطالعه بدون هدف,برای جلوگیری از تمرین,A,پاسخ درست بر اساس مفهوم کلی درس جغرافیای ایران: برای تثبیت و بازیابی بهتر آموخته‌ها,ترنم همدلی,original,1405
دهم,انسانی,جامعه‌شناسی,جامعه‌شناسی,بخش 1,کنش اجتماعی,تکمیل بانک,متوسط,درس جامعه‌شناسی بیشتر بر کدام حوزه تمرکز دارد؟,شناخت کنش‌ها، روابط و پدیده‌های اجتماعی,حفظ اطلاعات نامرتبط,موضوعات خارج از برنامه,فقط فعالیت ورزشی,A,پاسخ درست بر اساس مفهوم کلی درس جامعه‌شناسی: شناخت کنش‌ها، روابط و پدیده‌های اجتماعی,ترنم همدلی,original,1405
دهم,انسانی,جامعه‌شناسی,جامعه‌شناسی,بخش 1,کنش اجتماعی,تکمیل بانک,متوسط,کدام گزینه نمونه‌ای از یادگیری در درس جامعه‌شناسی است؟,شناخت کنش‌ها، روابط و پدیده‌های اجتماعی,انجام کاری بی‌ارتباط با درس,نادیده گرفتن تمرین,حذف مرور,A,پاسخ درست بر اساس مفهوم کلی درس جامعه‌شناسی: شناخت کنش‌ها، روابط و پدیده‌های اجتماعی,ترنم همدلی,original,1405
دهم,انسانی,جامعه‌شناسی,جامعه‌شناسی,بخش 1,کنش اجتماعی,تکمیل بانک,متوسط,برای پیشرفت در درس جامعه‌شناسی کدام روش مناسب‌تر است؟,مطالعه مفاهیم و تمرین متناسب با درس,حفظ پاسخ بدون فهم,حذف تمرین,مطالعه بدون مرور,A,پاسخ درست بر اساس مفهوم کلی درس جامعه‌شناسی: مطالعه مفاهیم و تمرین متناسب با درس,ترنم همدلی,original,1405
دهم,انسانی,جامعه‌شناسی,جامعه‌شناسی,بخش 1,کنش اجتماعی,تکمیل بانک,متوسط,در ارزیابی درس جامعه‌شناسی کدام مورد اهمیت بیشتری دارد؟,توانایی به‌کارگیری آموخته‌های مرتبط با درس,سرعت پاسخ بدون دقت,حدس زدن همه پاسخ‌ها,حذف سؤال‌های دشوار,A,پاسخ درست بر اساس مفهوم کلی درس جامعه‌شناسی: توانایی به‌کارگیری آموخته‌های مرتبط با درس,ترنم همدلی,original,1405
دهم,انسانی,اقتصاد,اقتصاد,بخش 1,نیاز و خواسته,تکمیل بانک,متوسط,درس اقتصاد بیشتر بر کدام حوزه تمرکز دارد؟,مفاهیم پایه تولید، مصرف، بازار و تصمیم اقتصادی,حفظ اطلاعات نامرتبط,موضوعات خارج از برنامه,فقط فعالیت ورزشی,A,پاسخ درست بر اساس مفهوم کلی درس اقتصاد: مفاهیم پایه تولید، مصرف، بازار و تصمیم اقتصادی,ترنم همدلی,original,1405
دهم,انسانی,اقتصاد,اقتصاد,بخش 1,نیاز و خواسته,تکمیل بانک,متوسط,کدام گزینه نمونه‌ای از یادگیری در درس اقتصاد است؟,مفاهیم پایه تولید، مصرف، بازار و تصمیم اقتصادی,انجام کاری بی‌ارتباط با درس,نادیده گرفتن تمرین,حذف مرور,A,پاسخ درست بر اساس مفهوم کلی درس اقتصاد: مفاهیم پایه تولید، مصرف، بازار و تصمیم اقتصادی,ترنم همدلی,original,1405
دهم,انسانی,اقتصاد,اقتصاد,بخش 1,نیاز و خواسته,تکمیل بانک,متوسط,برای پیشرفت در درس اقتصاد کدام روش مناسب‌تر است؟,مطالعه مفاهیم و تمرین متناسب با درس,حفظ پاسخ بدون فهم,حذف تمرین,مطالعه بدون مرور,A,پاسخ درست بر اساس مفهوم کلی درس اقتصاد: مطالعه مفاهیم و تمرین متناسب با درس,ترنم همدلی,original,1405
دهم,انسانی,اقتصاد,اقتصاد,بخش 1,نیاز و خواسته,تکمیل بانک,متوسط,در ارزیابی درس اقتصاد کدام مورد اهمیت بیشتری دارد؟,توانایی به‌کارگیری آموخته‌های مرتبط با درس,سرعت پاسخ بدون دقت,حدس زدن همه پاسخ‌ها,حذف سؤال‌های دشوار,A,پاسخ درست بر اساس مفهوم کلی درس اقتصاد: توانایی به‌کارگیری آموخته‌های مرتبط با درس,ترنم همدلی,original,1405
دهم,انسانی,منطق,منطق,ارزیابی پایه,مفاهیم پایه,تکمیل بانک,متوسط,درس منطق بیشتر بر کدام حوزه تمرکز دارد؟,مفاهیم و مهارت‌های استدلال درست,حفظ اطلاعات نامرتبط,موضوعات خارج از برنامه,فقط فعالیت ورزشی,A,پاسخ درست بر اساس مفهوم کلی درس منطق: مفاهیم و مهارت‌های استدلال درست,ترنم همدلی,original,1405
دهم,انسانی,منطق,منطق,ارزیابی پایه,مفاهیم پایه,تکمیل بانک,متوسط,کدام گزینه نمونه‌ای از یادگیری در درس منطق است؟,مفاهیم و مهارت‌های استدلال درست,انجام کاری بی‌ارتباط با درس,نادیده گرفتن تمرین,حذف مرور,A,پاسخ درست بر اساس مفهوم کلی درس منطق: مفاهیم و مهارت‌های استدلال درست,ترنم همدلی,original,1405
دهم,انسانی,منطق,منطق,ارزیابی پایه,مفاهیم پایه,تکمیل بانک,متوسط,برای پیشرفت در درس منطق کدام روش مناسب‌تر است؟,مطالعه مفاهیم و تمرین متناسب با درس,حفظ پاسخ بدون فهم,حذف تمرین,مطالعه بدون مرور,A,پاسخ درست بر اساس مفهوم کلی درس منطق: مطالعه مفاهیم و تمرین متناسب با درس,ترنم همدلی,original,1405
دهم,انسانی,منطق,منطق,ارزیابی پایه,مفاهیم پایه,تکمیل بانک,متوسط,در ارزیابی درس منطق کدام مورد اهمیت بیشتری دارد؟,توانایی به‌کارگیری آموخته‌های مرتبط با درس,سرعت پاسخ بدون دقت,حدس زدن همه پاسخ‌ها,حذف سؤال‌های دشوار,A,پاسخ درست بر اساس مفهوم کلی درس منطق: توانایی به‌کارگیری آموخته‌های مرتبط با درس,ترنم همدلی,original,1405
دهم,انسانی,منطق,منطق,ارزیابی پایه,مفاهیم پایه,تکمیل بانک,متوسط,اگر دانش‌آموز در منطق اشتباه کند، بهترین اقدام چیست؟,تحلیل خطا و تمرین هدفمند,نادیده گرفتن خطا,حذف درس,تغییر پاسخ بدون بررسی,A,پاسخ درست بر اساس مفهوم کلی درس منطق: تحلیل خطا و تمرین هدفمند,ترنم همدلی,original,1405
دهم,انسانی,منطق,منطق,ارزیابی پایه,مفاهیم پایه,تکمیل بانک,متوسط,کدام گزینه به مطالعه مؤثر منطق نزدیک‌تر است؟,ترکیب فهم، تمرین و مرور,فقط خواندن سریع,فقط حفظ کردن گزینه‌ها,مطالعه بدون هدف,A,پاسخ درست بر اساس مفهوم کلی درس منطق: ترکیب فهم، تمرین و مرور,ترنم همدلی,original,1405
دهم,انسانی,منطق,منطق,ارزیابی پایه,مفاهیم پایه,تکمیل بانک,متوسط,هدف یک آزمون آموزشی از درس منطق چیست؟,شناسایی میزان یادگیری و نقاط نیازمند تقویت,صرفاً رتبه‌بندی دانش‌آموزان,حذف مباحث,افزایش تعداد سؤال بدون تحلیل,A,پاسخ درست بر اساس مفهوم کلی درس منطق: شناسایی میزان یادگیری و نقاط نیازمند تقویت,ترنم همدلی,original,1405
دهم,انسانی,منطق,منطق,ارزیابی پایه,مفاهیم پایه,تکمیل بانک,متوسط,برای تشخیص ضعف در منطق چه چیزی مفیدتر است؟,بررسی پاسخ‌ها و نوع خطاها,تعداد پیام‌های روزانه,حدس زدن علت ضعف,نادیده گرفتن نتیجه,A,پاسخ درست بر اساس مفهوم کلی درس منطق: بررسی پاسخ‌ها و نوع خطاها,ترنم همدلی,original,1405
دهم,انسانی,منطق,منطق,ارزیابی پایه,مفاهیم پایه,تکمیل بانک,متوسط,کدام رفتار به یادگیری بهتر منطق کمک می‌کند؟,تمرین منظم و رفع اشکال,مطالعه پراکنده بدون تمرین,حذف مرور,تکیه بر حدس,A,پاسخ درست بر اساس مفهوم کلی درس منطق: تمرین منظم و رفع اشکال,ترنم همدلی,original,1405
دهم,انسانی,منطق,منطق,ارزیابی پایه,مفاهیم پایه,تکمیل بانک,متوسط,در مطالعه منطق چرا مرور مهم است؟,برای تثبیت و بازیابی بهتر آموخته‌ها,برای حذف مطالب,برای افزایش زمان مطالعه بدون هدف,برای جلوگیری از تمرین,A,پاسخ درست بر اساس مفهوم کلی درس منطق: برای تثبیت و بازیابی بهتر آموخته‌ها,ترنم همدلی,original,1405
یازدهم,ریاضی,فارسی,فارسی,بخش 1,واژگان,تکمیل بانک,متوسط,درس فارسی بیشتر بر کدام حوزه تمرکز دارد؟,خواندن، واژگان، دستور، ادبیات و درک متن,حفظ اطلاعات نامرتبط,موضوعات خارج از برنامه,فقط فعالیت ورزشی,A,پاسخ درست بر اساس مفهوم کلی درس فارسی: خواندن، واژگان، دستور، ادبیات و درک متن,ترنم همدلی,original,1405
یازدهم,ریاضی,فارسی,فارسی,بخش 1,واژگان,تکمیل بانک,متوسط,کدام گزینه نمونه‌ای از یادگیری در درس فارسی است؟,خواندن، واژگان، دستور، ادبیات و درک متن,انجام کاری بی‌ارتباط با درس,نادیده گرفتن تمرین,حذف مرور,A,پاسخ درست بر اساس مفهوم کلی درس فارسی: خواندن، واژگان، دستور، ادبیات و درک متن,ترنم همدلی,original,1405
یازدهم,ریاضی,فارسی,فارسی,بخش 1,واژگان,تکمیل بانک,متوسط,برای پیشرفت در درس فارسی کدام روش مناسب‌تر است؟,مطالعه مفاهیم و تمرین متناسب با درس,حفظ پاسخ بدون فهم,حذف تمرین,مطالعه بدون مرور,A,پاسخ درست بر اساس مفهوم کلی درس فارسی: مطالعه مفاهیم و تمرین متناسب با درس,ترنم همدلی,original,1405
یازدهم,ریاضی,فارسی,فارسی,بخش 1,واژگان,تکمیل بانک,متوسط,در ارزیابی درس فارسی کدام مورد اهمیت بیشتری دارد؟,توانایی به‌کارگیری آموخته‌های مرتبط با درس,سرعت پاسخ بدون دقت,حدس زدن همه پاسخ‌ها,حذف سؤال‌های دشوار,A,پاسخ درست بر اساس مفهوم کلی درس فارسی: توانایی به‌کارگیری آموخته‌های مرتبط با درس,ترنم همدلی,original,1405
یازدهم,ریاضی,نگارش,نگارش,ارزیابی پایه,مفاهیم پایه,تکمیل بانک,متوسط,درس نگارش بیشتر بر کدام حوزه تمرکز دارد؟,مهارت نوشتن، سازمان‌دهی و ویرایش متن,حفظ اطلاعات نامرتبط,موضوعات خارج از برنامه,فقط فعالیت ورزشی,A,پاسخ درست بر اساس مفهوم کلی درس نگارش: مهارت نوشتن، سازمان‌دهی و ویرایش متن,ترنم همدلی,original,1405
یازدهم,ریاضی,نگارش,نگارش,ارزیابی پایه,مفاهیم پایه,تکمیل بانک,متوسط,کدام گزینه نمونه‌ای از یادگیری در درس نگارش است؟,مهارت نوشتن، سازمان‌دهی و ویرایش متن,انجام کاری بی‌ارتباط با درس,نادیده گرفتن تمرین,حذف مرور,A,پاسخ درست بر اساس مفهوم کلی درس نگارش: مهارت نوشتن، سازمان‌دهی و ویرایش متن,ترنم همدلی,original,1405
یازدهم,ریاضی,نگارش,نگارش,ارزیابی پایه,مفاهیم پایه,تکمیل بانک,متوسط,برای پیشرفت در درس نگارش کدام روش مناسب‌تر است؟,مطالعه مفاهیم و تمرین متناسب با درس,حفظ پاسخ بدون فهم,حذف تمرین,مطالعه بدون مرور,A,پاسخ درست بر اساس مفهوم کلی درس نگارش: مطالعه مفاهیم و تمرین متناسب با درس,ترنم همدلی,original,1405
یازدهم,ریاضی,نگارش,نگارش,ارزیابی پایه,مفاهیم پایه,تکمیل بانک,متوسط,در ارزیابی درس نگارش کدام مورد اهمیت بیشتری دارد؟,توانایی به‌کارگیری آموخته‌های مرتبط با درس,سرعت پاسخ بدون دقت,حدس زدن همه پاسخ‌ها,حذف سؤال‌های دشوار,A,پاسخ درست بر اساس مفهوم کلی درس نگارش: توانایی به‌کارگیری آموخته‌های مرتبط با درس,ترنم همدلی,original,1405
یازدهم,ریاضی,نگارش,نگارش,ارزیابی پایه,مفاهیم پایه,تکمیل بانک,متوسط,اگر دانش‌آموز در نگارش اشتباه کند، بهترین اقدام چیست؟,تحلیل خطا و تمرین هدفمند,نادیده گرفتن خطا,حذف درس,تغییر پاسخ بدون بررسی,A,پاسخ درست بر اساس مفهوم کلی درس نگارش: تحلیل خطا و تمرین هدفمند,ترنم همدلی,original,1405
یازدهم,ریاضی,نگارش,نگارش,ارزیابی پایه,مفاهیم پایه,تکمیل بانک,متوسط,کدام گزینه به مطالعه مؤثر نگارش نزدیک‌تر است؟,ترکیب فهم، تمرین و مرور,فقط خواندن سریع,فقط حفظ کردن گزینه‌ها,مطالعه بدون هدف,A,پاسخ درست بر اساس مفهوم کلی درس نگارش: ترکیب فهم، تمرین و مرور,ترنم همدلی,original,1405
یازدهم,ریاضی,نگارش,نگارش,ارزیابی پایه,مفاهیم پایه,تکمیل بانک,متوسط,هدف یک آزمون آموزشی از درس نگارش چیست؟,شناسایی میزان یادگیری و نقاط نیازمند تقویت,صرفاً رتبه‌بندی دانش‌آموزان,حذف مباحث,افزایش تعداد سؤال بدون تحلیل,A,پاسخ درست بر اساس مفهوم کلی درس نگارش: شناسایی میزان یادگیری و نقاط نیازمند تقویت,ترنم همدلی,original,1405
یازدهم,ریاضی,نگارش,نگارش,ارزیابی پایه,مفاهیم پایه,تکمیل بانک,متوسط,برای تشخیص ضعف در نگارش چه چیزی مفیدتر است؟,بررسی پاسخ‌ها و نوع خطاها,تعداد پیام‌های روزانه,حدس زدن علت ضعف,نادیده گرفتن نتیجه,A,پاسخ درست بر اساس مفهوم کلی درس نگارش: بررسی پاسخ‌ها و نوع خطاها,ترنم همدلی,original,1405
یازدهم,ریاضی,نگارش,نگارش,ارزیابی پایه,مفاهیم پایه,تکمیل بانک,متوسط,کدام رفتار به یادگیری بهتر نگارش کمک می‌کند؟,تمرین منظم و رفع اشکال,مطالعه پراکنده بدون تمرین,حذف مرور,تکیه بر حدس,A,پاسخ درست بر اساس مفهوم کلی درس نگارش: تمرین منظم و رفع اشکال,ترنم همدلی,original,1405
یازدهم,ریاضی,نگارش,نگارش,ارزیابی پایه,مفاهیم پایه,تکمیل بانک,متوسط,در مطالعه نگارش چرا مرور مهم است؟,برای تثبیت و بازیابی بهتر آموخته‌ها,برای حذف مطالب,برای افزایش زمان مطالعه بدون هدف,برای جلوگیری از تمرین,A,پاسخ درست بر اساس مفهوم کلی درس نگارش: برای تثبیت و بازیابی بهتر آموخته‌ها,ترنم همدلی,original,1405
یازدهم,ریاضی,دین و زندگی,دین و زندگی,بخش 1,توحید,تکمیل بانک,متوسط,درس دین و زندگی بیشتر بر کدام حوزه تمرکز دارد؟,مفاهیم دینی، اخلاقی و معارف اسلامی,حفظ اطلاعات نامرتبط,موضوعات خارج از برنامه,فقط فعالیت ورزشی,A,پاسخ درست بر اساس مفهوم کلی درس دین و زندگی: مفاهیم دینی، اخلاقی و معارف اسلامی,ترنم همدلی,original,1405
یازدهم,ریاضی,دین و زندگی,دین و زندگی,بخش 1,توحید,تکمیل بانک,متوسط,کدام گزینه نمونه‌ای از یادگیری در درس دین و زندگی است؟,مفاهیم دینی، اخلاقی و معارف اسلامی,انجام کاری بی‌ارتباط با درس,نادیده گرفتن تمرین,حذف مرور,A,پاسخ درست بر اساس مفهوم کلی درس دین و زندگی: مفاهیم دینی، اخلاقی و معارف اسلامی,ترنم همدلی,original,1405
یازدهم,ریاضی,دین و زندگی,دین و زندگی,بخش 1,توحید,تکمیل بانک,متوسط,برای پیشرفت در درس دین و زندگی کدام روش مناسب‌تر است؟,مطالعه مفاهیم و تمرین متناسب با درس,حفظ پاسخ بدون فهم,حذف تمرین,مطالعه بدون مرور,A,پاسخ درست بر اساس مفهوم کلی درس دین و زندگی: مطالعه مفاهیم و تمرین متناسب با درس,ترنم همدلی,original,1405
یازدهم,ریاضی,دین و زندگی,دین و زندگی,بخش 1,توحید,تکمیل بانک,متوسط,در ارزیابی درس دین و زندگی کدام مورد اهمیت بیشتری دارد؟,توانایی به‌کارگیری آموخته‌های مرتبط با درس,سرعت پاسخ بدون دقت,حدس زدن همه پاسخ‌ها,حذف سؤال‌های دشوار,A,پاسخ درست بر اساس مفهوم کلی درس دین و زندگی: توانایی به‌کارگیری آموخته‌های مرتبط با درس,ترنم همدلی,original,1405
یازدهم,ریاضی,عربی,عربی,بخش 1,ترجمه,تکمیل بانک,متوسط,درس عربی بیشتر بر کدام حوزه تمرکز دارد؟,واژگان، ترجمه و ساختارهای زبانی عربی,حفظ اطلاعات نامرتبط,موضوعات خارج از برنامه,فقط فعالیت ورزشی,A,پاسخ درست بر اساس مفهوم کلی درس عربی: واژگان، ترجمه و ساختارهای زبانی عربی,ترنم همدلی,original,1405
یازدهم,ریاضی,عربی,عربی,بخش 1,ترجمه,تکمیل بانک,متوسط,کدام گزینه نمونه‌ای از یادگیری در درس عربی است؟,واژگان، ترجمه و ساختارهای زبانی عربی,انجام کاری بی‌ارتباط با درس,نادیده گرفتن تمرین,حذف مرور,A,پاسخ درست بر اساس مفهوم کلی درس عربی: واژگان، ترجمه و ساختارهای زبانی عربی,ترنم همدلی,original,1405
یازدهم,ریاضی,عربی,عربی,بخش 1,ترجمه,تکمیل بانک,متوسط,برای پیشرفت در درس عربی کدام روش مناسب‌تر است؟,مطالعه مفاهیم و تمرین متناسب با درس,حفظ پاسخ بدون فهم,حذف تمرین,مطالعه بدون مرور,A,پاسخ درست بر اساس مفهوم کلی درس عربی: مطالعه مفاهیم و تمرین متناسب با درس,ترنم همدلی,original,1405
یازدهم,ریاضی,عربی,عربی,بخش 1,ترجمه,تکمیل بانک,متوسط,در ارزیابی درس عربی کدام مورد اهمیت بیشتری دارد؟,توانایی به‌کارگیری آموخته‌های مرتبط با درس,سرعت پاسخ بدون دقت,حدس زدن همه پاسخ‌ها,حذف سؤال‌های دشوار,A,پاسخ درست بر اساس مفهوم کلی درس عربی: توانایی به‌کارگیری آموخته‌های مرتبط با درس,ترنم همدلی,original,1405
یازدهم,ریاضی,زبان انگلیسی,زبان انگلیسی,بخش 1,واژگان,تکمیل بانک,متوسط,درس زبان انگلیسی بیشتر بر کدام حوزه تمرکز دارد؟,واژگان، گرامر، خواندن و ارتباط به زبان انگلیسی,حفظ اطلاعات نامرتبط,موضوعات خارج از برنامه,فقط فعالیت ورزشی,A,پاسخ درست بر اساس مفهوم کلی درس زبان انگلیسی: واژگان، گرامر، خواندن و ارتباط به زبان انگلیسی,ترنم همدلی,original,1405
یازدهم,ریاضی,زبان انگلیسی,زبان انگلیسی,بخش 1,واژگان,تکمیل بانک,متوسط,کدام گزینه نمونه‌ای از یادگیری در درس زبان انگلیسی است؟,واژگان، گرامر، خواندن و ارتباط به زبان انگلیسی,انجام کاری بی‌ارتباط با درس,نادیده گرفتن تمرین,حذف مرور,A,پاسخ درست بر اساس مفهوم کلی درس زبان انگلیسی: واژگان، گرامر، خواندن و ارتباط به زبان انگلیسی,ترنم همدلی,original,1405
یازدهم,ریاضی,زبان انگلیسی,زبان انگلیسی,بخش 1,واژگان,تکمیل بانک,متوسط,برای پیشرفت در درس زبان انگلیسی کدام روش مناسب‌تر است؟,مطالعه مفاهیم و تمرین متناسب با درس,حفظ پاسخ بدون فهم,حذف تمرین,مطالعه بدون مرور,A,پاسخ درست بر اساس مفهوم کلی درس زبان انگلیسی: مطالعه مفاهیم و تمرین متناسب با درس,ترنم همدلی,original,1405
یازدهم,ریاضی,زبان انگلیسی,زبان انگلیسی,بخش 1,واژگان,تکمیل بانک,متوسط,در ارزیابی درس زبان انگلیسی کدام مورد اهمیت بیشتری دارد؟,توانایی به‌کارگیری آموخته‌های مرتبط با درس,سرعت پاسخ بدون دقت,حدس زدن همه پاسخ‌ها,حذف سؤال‌های دشوار,A,پاسخ درست بر اساس مفهوم کلی درس زبان انگلیسی: توانایی به‌کارگیری آموخته‌های مرتبط با درس,ترنم همدلی,original,1405
یازدهم,ریاضی,انسان و محیط زیست,انسان و محیط زیست,ارزیابی پایه,مفاهیم پایه,تکمیل بانک,متوسط,درس انسان و محیط زیست بیشتر بر کدام حوزه تمرکز دارد؟,رابطه انسان و محیط زیست و حفاظت از منابع,حفظ اطلاعات نامرتبط,موضوعات خارج از برنامه,فقط فعالیت ورزشی,A,پاسخ درست بر اساس مفهوم کلی درس انسان و محیط زیست: رابطه انسان و محیط زیست و حفاظت از منابع,ترنم همدلی,original,1405
یازدهم,ریاضی,انسان و محیط زیست,انسان و محیط زیست,ارزیابی پایه,مفاهیم پایه,تکمیل بانک,متوسط,کدام گزینه نمونه‌ای از یادگیری در درس انسان و محیط زیست است؟,رابطه انسان و محیط زیست و حفاظت از منابع,انجام کاری بی‌ارتباط با درس,نادیده گرفتن تمرین,حذف مرور,A,پاسخ درست بر اساس مفهوم کلی درس انسان و محیط زیست: رابطه انسان و محیط زیست و حفاظت از منابع,ترنم همدلی,original,1405
یازدهم,ریاضی,انسان و محیط زیست,انسان و محیط زیست,ارزیابی پایه,مفاهیم پایه,تکمیل بانک,متوسط,برای پیشرفت در درس انسان و محیط زیست کدام روش مناسب‌تر است؟,مطالعه مفاهیم و تمرین متناسب با درس,حفظ پاسخ بدون فهم,حذف تمرین,مطالعه بدون مرور,A,پاسخ درست بر اساس مفهوم کلی درس انسان و محیط زیست: مطالعه مفاهیم و تمرین متناسب با درس,ترنم همدلی,original,1405
یازدهم,ریاضی,انسان و محیط زیست,انسان و محیط زیست,ارزیابی پایه,مفاهیم پایه,تکمیل بانک,متوسط,در ارزیابی درس انسان و محیط زیست کدام مورد اهمیت بیشتری دارد؟,توانایی به‌کارگیری آموخته‌های مرتبط با درس,سرعت پاسخ بدون دقت,حدس زدن همه پاسخ‌ها,حذف سؤال‌های دشوار,A,پاسخ درست بر اساس مفهوم کلی درس انسان و محیط زیست: توانایی به‌کارگیری آموخته‌های مرتبط با درس,ترنم همدلی,original,1405
یازدهم,ریاضی,انسان و محیط زیست,انسان و محیط زیست,ارزیابی پایه,مفاهیم پایه,تکمیل بانک,متوسط,اگر دانش‌آموز در انسان و محیط زیست اشتباه کند، بهترین اقدام چیست؟,تحلیل خطا و تمرین هدفمند,نادیده گرفتن خطا,حذف درس,تغییر پاسخ بدون بررسی,A,پاسخ درست بر اساس مفهوم کلی درس انسان و محیط زیست: تحلیل خطا و تمرین هدفمند,ترنم همدلی,original,1405
یازدهم,ریاضی,انسان و محیط زیست,انسان و محیط زیست,ارزیابی پایه,مفاهیم پایه,تکمیل بانک,متوسط,کدام گزینه به مطالعه مؤثر انسان و محیط زیست نزدیک‌تر است؟,ترکیب فهم، تمرین و مرور,فقط خواندن سریع,فقط حفظ کردن گزینه‌ها,مطالعه بدون هدف,A,پاسخ درست بر اساس مفهوم کلی درس انسان و محیط زیست: ترکیب فهم، تمرین و مرور,ترنم همدلی,original,1405
یازدهم,ریاضی,انسان و محیط زیست,انسان و محیط زیست,ارزیابی پایه,مفاهیم پایه,تکمیل بانک,متوسط,هدف یک آزمون آموزشی از درس انسان و محیط زیست چیست؟,شناسایی میزان یادگیری و نقاط نیازمند تقویت,صرفاً رتبه‌بندی دانش‌آموزان,حذف مباحث,افزایش تعداد سؤال بدون تحلیل,A,پاسخ درست بر اساس مفهوم کلی درس انسان و محیط زیست: شناسایی میزان یادگیری و نقاط نیازمند تقویت,ترنم همدلی,original,1405
یازدهم,ریاضی,انسان و محیط زیست,انسان و محیط زیست,ارزیابی پایه,مفاهیم پایه,تکمیل بانک,متوسط,برای تشخیص ضعف در انسان و محیط زیست چه چیزی مفیدتر است؟,بررسی پاسخ‌ها و نوع خطاها,تعداد پیام‌های روزانه,حدس زدن علت ضعف,نادیده گرفتن نتیجه,A,پاسخ درست بر اساس مفهوم کلی درس انسان و محیط زیست: بررسی پاسخ‌ها و نوع خطاها,ترنم همدلی,original,1405
یازدهم,ریاضی,انسان و محیط زیست,انسان و محیط زیست,ارزیابی پایه,مفاهیم پایه,تکمیل بانک,متوسط,کدام رفتار به یادگیری بهتر انسان و محیط زیست کمک می‌کند؟,تمرین منظم و رفع اشکال,مطالعه پراکنده بدون تمرین,حذف مرور,تکیه بر حدس,A,پاسخ درست بر اساس مفهوم کلی درس انسان و محیط زیست: تمرین منظم و رفع اشکال,ترنم همدلی,original,1405
یازدهم,ریاضی,انسان و محیط زیست,انسان و محیط زیست,ارزیابی پایه,مفاهیم پایه,تکمیل بانک,متوسط,در مطالعه انسان و محیط زیست چرا مرور مهم است؟,برای تثبیت و بازیابی بهتر آموخته‌ها,برای حذف مطالب,برای افزایش زمان مطالعه بدون هدف,برای جلوگیری از تمرین,A,پاسخ درست بر اساس مفهوم کلی درس انسان و محیط زیست: برای تثبیت و بازیابی بهتر آموخته‌ها,ترنم همدلی,original,1405
یازدهم,ریاضی,تاریخ معاصر ایران,تاریخ معاصر ایران,ارزیابی پایه,مفاهیم پایه,تکمیل بانک,متوسط,درس تاریخ معاصر ایران بیشتر بر کدام حوزه تمرکز دارد؟,شناخت رویدادها و تحولات تاریخ معاصر ایران,حفظ اطلاعات نامرتبط,موضوعات خارج از برنامه,فقط فعالیت ورزشی,A,پاسخ درست بر اساس مفهوم کلی درس تاریخ معاصر ایران: شناخت رویدادها و تحولات تاریخ معاصر ایران,ترنم همدلی,original,1405
یازدهم,ریاضی,تاریخ معاصر ایران,تاریخ معاصر ایران,ارزیابی پایه,مفاهیم پایه,تکمیل بانک,متوسط,کدام گزینه نمونه‌ای از یادگیری در درس تاریخ معاصر ایران است؟,شناخت رویدادها و تحولات تاریخ معاصر ایران,انجام کاری بی‌ارتباط با درس,نادیده گرفتن تمرین,حذف مرور,A,پاسخ درست بر اساس مفهوم کلی درس تاریخ معاصر ایران: شناخت رویدادها و تحولات تاریخ معاصر ایران,ترنم همدلی,original,1405
یازدهم,ریاضی,تاریخ معاصر ایران,تاریخ معاصر ایران,ارزیابی پایه,مفاهیم پایه,تکمیل بانک,متوسط,برای پیشرفت در درس تاریخ معاصر ایران کدام روش مناسب‌تر است؟,مطالعه مفاهیم و تمرین متناسب با درس,حفظ پاسخ بدون فهم,حذف تمرین,مطالعه بدون مرور,A,پاسخ درست بر اساس مفهوم کلی درس تاریخ معاصر ایران: مطالعه مفاهیم و تمرین متناسب با درس,ترنم همدلی,original,1405
یازدهم,ریاضی,تاریخ معاصر ایران,تاریخ معاصر ایران,ارزیابی پایه,مفاهیم پایه,تکمیل بانک,متوسط,در ارزیابی درس تاریخ معاصر ایران کدام مورد اهمیت بیشتری دارد؟,توانایی به‌کارگیری آموخته‌های مرتبط با درس,سرعت پاسخ بدون دقت,حدس زدن همه پاسخ‌ها,حذف سؤال‌های دشوار,A,پاسخ درست بر اساس مفهوم کلی درس تاریخ معاصر ایران: توانایی به‌کارگیری آموخته‌های مرتبط با درس,ترنم همدلی,original,1405
یازدهم,ریاضی,تاریخ معاصر ایران,تاریخ معاصر ایران,ارزیابی پایه,مفاهیم پایه,تکمیل بانک,متوسط,اگر دانش‌آموز در تاریخ معاصر ایران اشتباه کند، بهترین اقدام چیست؟,تحلیل خطا و تمرین هدفمند,نادیده گرفتن خطا,حذف درس,تغییر پاسخ بدون بررسی,A,پاسخ درست بر اساس مفهوم کلی درس تاریخ معاصر ایران: تحلیل خطا و تمرین هدفمند,ترنم همدلی,original,1405
یازدهم,ریاضی,تاریخ معاصر ایران,تاریخ معاصر ایران,ارزیابی پایه,مفاهیم پایه,تکمیل بانک,متوسط,کدام گزینه به مطالعه مؤثر تاریخ معاصر ایران نزدیک‌تر است؟,ترکیب فهم، تمرین و مرور,فقط خواندن سریع,فقط حفظ کردن گزینه‌ها,مطالعه بدون هدف,A,پاسخ درست بر اساس مفهوم کلی درس تاریخ معاصر ایران: ترکیب فهم، تمرین و مرور,ترنم همدلی,original,1405
یازدهم,ریاضی,تاریخ معاصر ایران,تاریخ معاصر ایران,ارزیابی پایه,مفاهیم پایه,تکمیل بانک,متوسط,هدف یک آزمون آموزشی از درس تاریخ معاصر ایران چیست؟,شناسایی میزان یادگیری و نقاط نیازمند تقویت,صرفاً رتبه‌بندی دانش‌آموزان,حذف مباحث,افزایش تعداد سؤال بدون تحلیل,A,پاسخ درست بر اساس مفهوم کلی درس تاریخ معاصر ایران: شناسایی میزان یادگیری و نقاط نیازمند تقویت,ترنم همدلی,original,1405
یازدهم,ریاضی,تاریخ معاصر ایران,تاریخ معاصر ایران,ارزیابی پایه,مفاهیم پایه,تکمیل بانک,متوسط,برای تشخیص ضعف در تاریخ معاصر ایران چه چیزی مفیدتر است؟,بررسی پاسخ‌ها و نوع خطاها,تعداد پیام‌های روزانه,حدس زدن علت ضعف,نادیده گرفتن نتیجه,A,پاسخ درست بر اساس مفهوم کلی درس تاریخ معاصر ایران: بررسی پاسخ‌ها و نوع خطاها,ترنم همدلی,original,1405
یازدهم,ریاضی,تاریخ معاصر ایران,تاریخ معاصر ایران,ارزیابی پایه,مفاهیم پایه,تکمیل بانک,متوسط,کدام رفتار به یادگیری بهتر تاریخ معاصر ایران کمک می‌کند؟,تمرین منظم و رفع اشکال,مطالعه پراکنده بدون تمرین,حذف مرور,تکیه بر حدس,A,پاسخ درست بر اساس مفهوم کلی درس تاریخ معاصر ایران: تمرین منظم و رفع اشکال,ترنم همدلی,original,1405
یازدهم,ریاضی,تاریخ معاصر ایران,تاریخ معاصر ایران,ارزیابی پایه,مفاهیم پایه,تکمیل بانک,متوسط,در مطالعه تاریخ معاصر ایران چرا مرور مهم است؟,برای تثبیت و بازیابی بهتر آموخته‌ها,برای حذف مطالب,برای افزایش زمان مطالعه بدون هدف,برای جلوگیری از تمرین,A,پاسخ درست بر اساس مفهوم کلی درس تاریخ معاصر ایران: برای تثبیت و بازیابی بهتر آموخته‌ها,ترنم همدلی,original,1405
یازدهم,ریاضی,حسابان,حسابان,ارزیابی پایه,مفاهیم پایه,تکمیل بانک,متوسط,درس حسابان بیشتر بر کدام حوزه تمرکز دارد؟,توابع، حد، مشتق و مفاهیم حسابان,حفظ اطلاعات نامرتبط,موضوعات خارج از برنامه,فقط فعالیت ورزشی,A,پاسخ درست بر اساس مفهوم کلی درس حسابان: توابع، حد، مشتق و مفاهیم حسابان,ترنم همدلی,original,1405
یازدهم,ریاضی,حسابان,حسابان,ارزیابی پایه,مفاهیم پایه,تکمیل بانک,متوسط,کدام گزینه نمونه‌ای از یادگیری در درس حسابان است؟,توابع، حد، مشتق و مفاهیم حسابان,انجام کاری بی‌ارتباط با درس,نادیده گرفتن تمرین,حذف مرور,A,پاسخ درست بر اساس مفهوم کلی درس حسابان: توابع، حد، مشتق و مفاهیم حسابان,ترنم همدلی,original,1405
یازدهم,ریاضی,حسابان,حسابان,ارزیابی پایه,مفاهیم پایه,تکمیل بانک,متوسط,برای پیشرفت در درس حسابان کدام روش مناسب‌تر است؟,مطالعه مفاهیم و تمرین متناسب با درس,حفظ پاسخ بدون فهم,حذف تمرین,مطالعه بدون مرور,A,پاسخ درست بر اساس مفهوم کلی درس حسابان: مطالعه مفاهیم و تمرین متناسب با درس,ترنم همدلی,original,1405
یازدهم,ریاضی,حسابان,حسابان,ارزیابی پایه,مفاهیم پایه,تکمیل بانک,متوسط,در ارزیابی درس حسابان کدام مورد اهمیت بیشتری دارد؟,توانایی به‌کارگیری آموخته‌های مرتبط با درس,سرعت پاسخ بدون دقت,حدس زدن همه پاسخ‌ها,حذف سؤال‌های دشوار,A,پاسخ درست بر اساس مفهوم کلی درس حسابان: توانایی به‌کارگیری آموخته‌های مرتبط با درس,ترنم همدلی,original,1405
یازدهم,ریاضی,حسابان,حسابان,ارزیابی پایه,مفاهیم پایه,تکمیل بانک,متوسط,اگر دانش‌آموز در حسابان اشتباه کند، بهترین اقدام چیست؟,تحلیل خطا و تمرین هدفمند,نادیده گرفتن خطا,حذف درس,تغییر پاسخ بدون بررسی,A,پاسخ درست بر اساس مفهوم کلی درس حسابان: تحلیل خطا و تمرین هدفمند,ترنم همدلی,original,1405
یازدهم,ریاضی,حسابان,حسابان,ارزیابی پایه,مفاهیم پایه,تکمیل بانک,متوسط,کدام گزینه به مطالعه مؤثر حسابان نزدیک‌تر است؟,ترکیب فهم، تمرین و مرور,فقط خواندن سریع,فقط حفظ کردن گزینه‌ها,مطالعه بدون هدف,A,پاسخ درست بر اساس مفهوم کلی درس حسابان: ترکیب فهم، تمرین و مرور,ترنم همدلی,original,1405
یازدهم,ریاضی,حسابان,حسابان,ارزیابی پایه,مفاهیم پایه,تکمیل بانک,متوسط,هدف یک آزمون آموزشی از درس حسابان چیست؟,شناسایی میزان یادگیری و نقاط نیازمند تقویت,صرفاً رتبه‌بندی دانش‌آموزان,حذف مباحث,افزایش تعداد سؤال بدون تحلیل,A,پاسخ درست بر اساس مفهوم کلی درس حسابان: شناسایی میزان یادگیری و نقاط نیازمند تقویت,ترنم همدلی,original,1405
یازدهم,ریاضی,حسابان,حسابان,ارزیابی پایه,مفاهیم پایه,تکمیل بانک,متوسط,برای تشخیص ضعف در حسابان چه چیزی مفیدتر است؟,بررسی پاسخ‌ها و نوع خطاها,تعداد پیام‌های روزانه,حدس زدن علت ضعف,نادیده گرفتن نتیجه,A,پاسخ درست بر اساس مفهوم کلی درس حسابان: بررسی پاسخ‌ها و نوع خطاها,ترنم همدلی,original,1405
یازدهم,ریاضی,حسابان,حسابان,ارزیابی پایه,مفاهیم پایه,تکمیل بانک,متوسط,کدام رفتار به یادگیری بهتر حسابان کمک می‌کند؟,تمرین منظم و رفع اشکال,مطالعه پراکنده بدون تمرین,حذف مرور,تکیه بر حدس,A,پاسخ درست بر اساس مفهوم کلی درس حسابان: تمرین منظم و رفع اشکال,ترنم همدلی,original,1405
یازدهم,ریاضی,حسابان,حسابان,ارزیابی پایه,مفاهیم پایه,تکمیل بانک,متوسط,در مطالعه حسابان چرا مرور مهم است؟,برای تثبیت و بازیابی بهتر آموخته‌ها,برای حذف مطالب,برای افزایش زمان مطالعه بدون هدف,برای جلوگیری از تمرین,A,پاسخ درست بر اساس مفهوم کلی درس حسابان: برای تثبیت و بازیابی بهتر آموخته‌ها,ترنم همدلی,original,1405
یازدهم,ریاضی,هندسه,هندسه,ارزیابی پایه,مفاهیم پایه,تکمیل بانک,متوسط,درس هندسه بیشتر بر کدام حوزه تمرکز دارد؟,اشکال، روابط هندسی و استدلال هندسی,حفظ اطلاعات نامرتبط,موضوعات خارج از برنامه,فقط فعالیت ورزشی,A,پاسخ درست بر اساس مفهوم کلی درس هندسه: اشکال، روابط هندسی و استدلال هندسی,ترنم همدلی,original,1405
یازدهم,ریاضی,هندسه,هندسه,ارزیابی پایه,مفاهیم پایه,تکمیل بانک,متوسط,کدام گزینه نمونه‌ای از یادگیری در درس هندسه است؟,اشکال، روابط هندسی و استدلال هندسی,انجام کاری بی‌ارتباط با درس,نادیده گرفتن تمرین,حذف مرور,A,پاسخ درست بر اساس مفهوم کلی درس هندسه: اشکال، روابط هندسی و استدلال هندسی,ترنم همدلی,original,1405
یازدهم,ریاضی,هندسه,هندسه,ارزیابی پایه,مفاهیم پایه,تکمیل بانک,متوسط,برای پیشرفت در درس هندسه کدام روش مناسب‌تر است؟,مطالعه مفاهیم و تمرین متناسب با درس,حفظ پاسخ بدون فهم,حذف تمرین,مطالعه بدون مرور,A,پاسخ درست بر اساس مفهوم کلی درس هندسه: مطالعه مفاهیم و تمرین متناسب با درس,ترنم همدلی,original,1405
یازدهم,ریاضی,هندسه,هندسه,ارزیابی پایه,مفاهیم پایه,تکمیل بانک,متوسط,در ارزیابی درس هندسه کدام مورد اهمیت بیشتری دارد؟,توانایی به‌کارگیری آموخته‌های مرتبط با درس,سرعت پاسخ بدون دقت,حدس زدن همه پاسخ‌ها,حذف سؤال‌های دشوار,A,پاسخ درست بر اساس مفهوم کلی درس هندسه: توانایی به‌کارگیری آموخته‌های مرتبط با درس,ترنم همدلی,original,1405
یازدهم,ریاضی,هندسه,هندسه,ارزیابی پایه,مفاهیم پایه,تکمیل بانک,متوسط,اگر دانش‌آموز در هندسه اشتباه کند، بهترین اقدام چیست؟,تحلیل خطا و تمرین هدفمند,نادیده گرفتن خطا,حذف درس,تغییر پاسخ بدون بررسی,A,پاسخ درست بر اساس مفهوم کلی درس هندسه: تحلیل خطا و تمرین هدفمند,ترنم همدلی,original,1405
یازدهم,ریاضی,هندسه,هندسه,ارزیابی پایه,مفاهیم پایه,تکمیل بانک,متوسط,کدام گزینه به مطالعه مؤثر هندسه نزدیک‌تر است؟,ترکیب فهم، تمرین و مرور,فقط خواندن سریع,فقط حفظ کردن گزینه‌ها,مطالعه بدون هدف,A,پاسخ درست بر اساس مفهوم کلی درس هندسه: ترکیب فهم، تمرین و مرور,ترنم همدلی,original,1405
یازدهم,ریاضی,هندسه,هندسه,ارزیابی پایه,مفاهیم پایه,تکمیل بانک,متوسط,هدف یک آزمون آموزشی از درس هندسه چیست؟,شناسایی میزان یادگیری و نقاط نیازمند تقویت,صرفاً رتبه‌بندی دانش‌آموزان,حذف مباحث,افزایش تعداد سؤال بدون تحلیل,A,پاسخ درست بر اساس مفهوم کلی درس هندسه: شناسایی میزان یادگیری و نقاط نیازمند تقویت,ترنم همدلی,original,1405
یازدهم,ریاضی,هندسه,هندسه,ارزیابی پایه,مفاهیم پایه,تکمیل بانک,متوسط,برای تشخیص ضعف در هندسه چه چیزی مفیدتر است؟,بررسی پاسخ‌ها و نوع خطاها,تعداد پیام‌های روزانه,حدس زدن علت ضعف,نادیده گرفتن نتیجه,A,پاسخ درست بر اساس مفهوم کلی درس هندسه: بررسی پاسخ‌ها و نوع خطاها,ترنم همدلی,original,1405
یازدهم,ریاضی,هندسه,هندسه,ارزیابی پایه,مفاهیم پایه,تکمیل بانک,متوسط,کدام رفتار به یادگیری بهتر هندسه کمک می‌کند؟,تمرین منظم و رفع اشکال,مطالعه پراکنده بدون تمرین,حذف مرور,تکیه بر حدس,A,پاسخ درست بر اساس مفهوم کلی درس هندسه: تمرین منظم و رفع اشکال,ترنم همدلی,original,1405
یازدهم,ریاضی,هندسه,هندسه,ارزیابی پایه,مفاهیم پایه,تکمیل بانک,متوسط,در مطالعه هندسه چرا مرور مهم است؟,برای تثبیت و بازیابی بهتر آموخته‌ها,برای حذف مطالب,برای افزایش زمان مطالعه بدون هدف,برای جلوگیری از تمرین,A,پاسخ درست بر اساس مفهوم کلی درس هندسه: برای تثبیت و بازیابی بهتر آموخته‌ها,ترنم همدلی,original,1405
یازدهم,ریاضی,آمار و احتمال,آمار و احتمال,ارزیابی پایه,مفاهیم پایه,تکمیل بانک,متوسط,درس آمار و احتمال بیشتر بر کدام حوزه تمرکز دارد؟,تحلیل داده، احتمال و مفاهیم آماری,حفظ اطلاعات نامرتبط,موضوعات خارج از برنامه,فقط فعالیت ورزشی,A,پاسخ درست بر اساس مفهوم کلی درس آمار و احتمال: تحلیل داده، احتمال و مفاهیم آماری,ترنم همدلی,original,1405
یازدهم,ریاضی,آمار و احتمال,آمار و احتمال,ارزیابی پایه,مفاهیم پایه,تکمیل بانک,متوسط,کدام گزینه نمونه‌ای از یادگیری در درس آمار و احتمال است؟,تحلیل داده، احتمال و مفاهیم آماری,انجام کاری بی‌ارتباط با درس,نادیده گرفتن تمرین,حذف مرور,A,پاسخ درست بر اساس مفهوم کلی درس آمار و احتمال: تحلیل داده، احتمال و مفاهیم آماری,ترنم همدلی,original,1405
یازدهم,ریاضی,آمار و احتمال,آمار و احتمال,ارزیابی پایه,مفاهیم پایه,تکمیل بانک,متوسط,برای پیشرفت در درس آمار و احتمال کدام روش مناسب‌تر است؟,مطالعه مفاهیم و تمرین متناسب با درس,حفظ پاسخ بدون فهم,حذف تمرین,مطالعه بدون مرور,A,پاسخ درست بر اساس مفهوم کلی درس آمار و احتمال: مطالعه مفاهیم و تمرین متناسب با درس,ترنم همدلی,original,1405
یازدهم,ریاضی,آمار و احتمال,آمار و احتمال,ارزیابی پایه,مفاهیم پایه,تکمیل بانک,متوسط,در ارزیابی درس آمار و احتمال کدام مورد اهمیت بیشتری دارد؟,توانایی به‌کارگیری آموخته‌های مرتبط با درس,سرعت پاسخ بدون دقت,حدس زدن همه پاسخ‌ها,حذف سؤال‌های دشوار,A,پاسخ درست بر اساس مفهوم کلی درس آمار و احتمال: توانایی به‌کارگیری آموخته‌های مرتبط با درس,ترنم همدلی,original,1405
یازدهم,ریاضی,آمار و احتمال,آمار و احتمال,ارزیابی پایه,مفاهیم پایه,تکمیل بانک,متوسط,اگر دانش‌آموز در آمار و احتمال اشتباه کند، بهترین اقدام چیست؟,تحلیل خطا و تمرین هدفمند,نادیده گرفتن خطا,حذف درس,تغییر پاسخ بدون بررسی,A,پاسخ درست بر اساس مفهوم کلی درس آمار و احتمال: تحلیل خطا و تمرین هدفمند,ترنم همدلی,original,1405
یازدهم,ریاضی,آمار و احتمال,آمار و احتمال,ارزیابی پایه,مفاهیم پایه,تکمیل بانک,متوسط,کدام گزینه به مطالعه مؤثر آمار و احتمال نزدیک‌تر است؟,ترکیب فهم، تمرین و مرور,فقط خواندن سریع,فقط حفظ کردن گزینه‌ها,مطالعه بدون هدف,A,پاسخ درست بر اساس مفهوم کلی درس آمار و احتمال: ترکیب فهم، تمرین و مرور,ترنم همدلی,original,1405
یازدهم,ریاضی,آمار و احتمال,آمار و احتمال,ارزیابی پایه,مفاهیم پایه,تکمیل بانک,متوسط,هدف یک آزمون آموزشی از درس آمار و احتمال چیست؟,شناسایی میزان یادگیری و نقاط نیازمند تقویت,صرفاً رتبه‌بندی دانش‌آموزان,حذف مباحث,افزایش تعداد سؤال بدون تحلیل,A,پاسخ درست بر اساس مفهوم کلی درس آمار و احتمال: شناسایی میزان یادگیری و نقاط نیازمند تقویت,ترنم همدلی,original,1405
یازدهم,ریاضی,آمار و احتمال,آمار و احتمال,ارزیابی پایه,مفاهیم پایه,تکمیل بانک,متوسط,برای تشخیص ضعف در آمار و احتمال چه چیزی مفیدتر است؟,بررسی پاسخ‌ها و نوع خطاها,تعداد پیام‌های روزانه,حدس زدن علت ضعف,نادیده گرفتن نتیجه,A,پاسخ درست بر اساس مفهوم کلی درس آمار و احتمال: بررسی پاسخ‌ها و نوع خطاها,ترنم همدلی,original,1405
یازدهم,ریاضی,آمار و احتمال,آمار و احتمال,ارزیابی پایه,مفاهیم پایه,تکمیل بانک,متوسط,کدام رفتار به یادگیری بهتر آمار و احتمال کمک می‌کند؟,تمرین منظم و رفع اشکال,مطالعه پراکنده بدون تمرین,حذف مرور,تکیه بر حدس,A,پاسخ درست بر اساس مفهوم کلی درس آمار و احتمال: تمرین منظم و رفع اشکال,ترنم همدلی,original,1405
یازدهم,ریاضی,آمار و احتمال,آمار و احتمال,ارزیابی پایه,مفاهیم پایه,تکمیل بانک,متوسط,در مطالعه آمار و احتمال چرا مرور مهم است؟,برای تثبیت و بازیابی بهتر آموخته‌ها,برای حذف مطالب,برای افزایش زمان مطالعه بدون هدف,برای جلوگیری از تمرین,A,پاسخ درست بر اساس مفهوم کلی درس آمار و احتمال: برای تثبیت و بازیابی بهتر آموخته‌ها,ترنم همدلی,original,1405
یازدهم,ریاضی,فیزیک,فیزیک,بخش 1,حرکت,تکمیل بانک,متوسط,درس فیزیک بیشتر بر کدام حوزه تمرکز دارد؟,پدیده‌های طبیعی و قوانین فیزیکی,حفظ اطلاعات نامرتبط,موضوعات خارج از برنامه,فقط فعالیت ورزشی,A,پاسخ درست بر اساس مفهوم کلی درس فیزیک: پدیده‌های طبیعی و قوانین فیزیکی,ترنم همدلی,original,1405
یازدهم,ریاضی,فیزیک,فیزیک,بخش 1,حرکت,تکمیل بانک,متوسط,کدام گزینه نمونه‌ای از یادگیری در درس فیزیک است؟,پدیده‌های طبیعی و قوانین فیزیکی,انجام کاری بی‌ارتباط با درس,نادیده گرفتن تمرین,حذف مرور,A,پاسخ درست بر اساس مفهوم کلی درس فیزیک: پدیده‌های طبیعی و قوانین فیزیکی,ترنم همدلی,original,1405
یازدهم,ریاضی,فیزیک,فیزیک,بخش 1,حرکت,تکمیل بانک,متوسط,برای پیشرفت در درس فیزیک کدام روش مناسب‌تر است؟,مطالعه مفاهیم و تمرین متناسب با درس,حفظ پاسخ بدون فهم,حذف تمرین,مطالعه بدون مرور,A,پاسخ درست بر اساس مفهوم کلی درس فیزیک: مطالعه مفاهیم و تمرین متناسب با درس,ترنم همدلی,original,1405
یازدهم,ریاضی,فیزیک,فیزیک,بخش 1,حرکت,تکمیل بانک,متوسط,در ارزیابی درس فیزیک کدام مورد اهمیت بیشتری دارد؟,توانایی به‌کارگیری آموخته‌های مرتبط با درس,سرعت پاسخ بدون دقت,حدس زدن همه پاسخ‌ها,حذف سؤال‌های دشوار,A,پاسخ درست بر اساس مفهوم کلی درس فیزیک: توانایی به‌کارگیری آموخته‌های مرتبط با درس,ترنم همدلی,original,1405
یازدهم,ریاضی,شیمی,شیمی,بخش 1,اتم,تکمیل بانک,متوسط,درس شیمی بیشتر بر کدام حوزه تمرکز دارد؟,ساختار ماده، واکنش‌ها و مفاهیم شیمیایی,حفظ اطلاعات نامرتبط,موضوعات خارج از برنامه,فقط فعالیت ورزشی,A,پاسخ درست بر اساس مفهوم کلی درس شیمی: ساختار ماده، واکنش‌ها و مفاهیم شیمیایی,ترنم همدلی,original,1405
یازدهم,ریاضی,شیمی,شیمی,بخش 1,اتم,تکمیل بانک,متوسط,کدام گزینه نمونه‌ای از یادگیری در درس شیمی است؟,ساختار ماده، واکنش‌ها و مفاهیم شیمیایی,انجام کاری بی‌ارتباط با درس,نادیده گرفتن تمرین,حذف مرور,A,پاسخ درست بر اساس مفهوم کلی درس شیمی: ساختار ماده، واکنش‌ها و مفاهیم شیمیایی,ترنم همدلی,original,1405
یازدهم,ریاضی,شیمی,شیمی,بخش 1,اتم,تکمیل بانک,متوسط,برای پیشرفت در درس شیمی کدام روش مناسب‌تر است؟,مطالعه مفاهیم و تمرین متناسب با درس,حفظ پاسخ بدون فهم,حذف تمرین,مطالعه بدون مرور,A,پاسخ درست بر اساس مفهوم کلی درس شیمی: مطالعه مفاهیم و تمرین متناسب با درس,ترنم همدلی,original,1405
یازدهم,ریاضی,شیمی,شیمی,بخش 1,اتم,تکمیل بانک,متوسط,در ارزیابی درس شیمی کدام مورد اهمیت بیشتری دارد؟,توانایی به‌کارگیری آموخته‌های مرتبط با درس,سرعت پاسخ بدون دقت,حدس زدن همه پاسخ‌ها,حذف سؤال‌های دشوار,A,پاسخ درست بر اساس مفهوم کلی درس شیمی: توانایی به‌کارگیری آموخته‌های مرتبط با درس,ترنم همدلی,original,1405
یازدهم,تجربی,فارسی,فارسی,بخش 1,واژگان,تکمیل بانک,متوسط,درس فارسی بیشتر بر کدام حوزه تمرکز دارد؟,خواندن، واژگان، دستور، ادبیات و درک متن,حفظ اطلاعات نامرتبط,موضوعات خارج از برنامه,فقط فعالیت ورزشی,A,پاسخ درست بر اساس مفهوم کلی درس فارسی: خواندن، واژگان، دستور، ادبیات و درک متن,ترنم همدلی,original,1405
یازدهم,تجربی,فارسی,فارسی,بخش 1,واژگان,تکمیل بانک,متوسط,کدام گزینه نمونه‌ای از یادگیری در درس فارسی است؟,خواندن، واژگان، دستور، ادبیات و درک متن,انجام کاری بی‌ارتباط با درس,نادیده گرفتن تمرین,حذف مرور,A,پاسخ درست بر اساس مفهوم کلی درس فارسی: خواندن، واژگان، دستور، ادبیات و درک متن,ترنم همدلی,original,1405
یازدهم,تجربی,فارسی,فارسی,بخش 1,واژگان,تکمیل بانک,متوسط,برای پیشرفت در درس فارسی کدام روش مناسب‌تر است؟,مطالعه مفاهیم و تمرین متناسب با درس,حفظ پاسخ بدون فهم,حذف تمرین,مطالعه بدون مرور,A,پاسخ درست بر اساس مفهوم کلی درس فارسی: مطالعه مفاهیم و تمرین متناسب با درس,ترنم همدلی,original,1405
یازدهم,تجربی,فارسی,فارسی,بخش 1,واژگان,تکمیل بانک,متوسط,در ارزیابی درس فارسی کدام مورد اهمیت بیشتری دارد؟,توانایی به‌کارگیری آموخته‌های مرتبط با درس,سرعت پاسخ بدون دقت,حدس زدن همه پاسخ‌ها,حذف سؤال‌های دشوار,A,پاسخ درست بر اساس مفهوم کلی درس فارسی: توانایی به‌کارگیری آموخته‌های مرتبط با درس,ترنم همدلی,original,1405
یازدهم,تجربی,نگارش,نگارش,ارزیابی پایه,مفاهیم پایه,تکمیل بانک,متوسط,درس نگارش بیشتر بر کدام حوزه تمرکز دارد؟,مهارت نوشتن، سازمان‌دهی و ویرایش متن,حفظ اطلاعات نامرتبط,موضوعات خارج از برنامه,فقط فعالیت ورزشی,A,پاسخ درست بر اساس مفهوم کلی درس نگارش: مهارت نوشتن، سازمان‌دهی و ویرایش متن,ترنم همدلی,original,1405
یازدهم,تجربی,نگارش,نگارش,ارزیابی پایه,مفاهیم پایه,تکمیل بانک,متوسط,کدام گزینه نمونه‌ای از یادگیری در درس نگارش است؟,مهارت نوشتن، سازمان‌دهی و ویرایش متن,انجام کاری بی‌ارتباط با درس,نادیده گرفتن تمرین,حذف مرور,A,پاسخ درست بر اساس مفهوم کلی درس نگارش: مهارت نوشتن، سازمان‌دهی و ویرایش متن,ترنم همدلی,original,1405
یازدهم,تجربی,نگارش,نگارش,ارزیابی پایه,مفاهیم پایه,تکمیل بانک,متوسط,برای پیشرفت در درس نگارش کدام روش مناسب‌تر است؟,مطالعه مفاهیم و تمرین متناسب با درس,حفظ پاسخ بدون فهم,حذف تمرین,مطالعه بدون مرور,A,پاسخ درست بر اساس مفهوم کلی درس نگارش: مطالعه مفاهیم و تمرین متناسب با درس,ترنم همدلی,original,1405
یازدهم,تجربی,نگارش,نگارش,ارزیابی پایه,مفاهیم پایه,تکمیل بانک,متوسط,در ارزیابی درس نگارش کدام مورد اهمیت بیشتری دارد؟,توانایی به‌کارگیری آموخته‌های مرتبط با درس,سرعت پاسخ بدون دقت,حدس زدن همه پاسخ‌ها,حذف سؤال‌های دشوار,A,پاسخ درست بر اساس مفهوم کلی درس نگارش: توانایی به‌کارگیری آموخته‌های مرتبط با درس,ترنم همدلی,original,1405
یازدهم,تجربی,نگارش,نگارش,ارزیابی پایه,مفاهیم پایه,تکمیل بانک,متوسط,اگر دانش‌آموز در نگارش اشتباه کند، بهترین اقدام چیست؟,تحلیل خطا و تمرین هدفمند,نادیده گرفتن خطا,حذف درس,تغییر پاسخ بدون بررسی,A,پاسخ درست بر اساس مفهوم کلی درس نگارش: تحلیل خطا و تمرین هدفمند,ترنم همدلی,original,1405
یازدهم,تجربی,نگارش,نگارش,ارزیابی پایه,مفاهیم پایه,تکمیل بانک,متوسط,کدام گزینه به مطالعه مؤثر نگارش نزدیک‌تر است؟,ترکیب فهم، تمرین و مرور,فقط خواندن سریع,فقط حفظ کردن گزینه‌ها,مطالعه بدون هدف,A,پاسخ درست بر اساس مفهوم کلی درس نگارش: ترکیب فهم، تمرین و مرور,ترنم همدلی,original,1405
یازدهم,تجربی,نگارش,نگارش,ارزیابی پایه,مفاهیم پایه,تکمیل بانک,متوسط,هدف یک آزمون آموزشی از درس نگارش چیست؟,شناسایی میزان یادگیری و نقاط نیازمند تقویت,صرفاً رتبه‌بندی دانش‌آموزان,حذف مباحث,افزایش تعداد سؤال بدون تحلیل,A,پاسخ درست بر اساس مفهوم کلی درس نگارش: شناسایی میزان یادگیری و نقاط نیازمند تقویت,ترنم همدلی,original,1405
یازدهم,تجربی,نگارش,نگارش,ارزیابی پایه,مفاهیم پایه,تکمیل بانک,متوسط,برای تشخیص ضعف در نگارش چه چیزی مفیدتر است؟,بررسی پاسخ‌ها و نوع خطاها,تعداد پیام‌های روزانه,حدس زدن علت ضعف,نادیده گرفتن نتیجه,A,پاسخ درست بر اساس مفهوم کلی درس نگارش: بررسی پاسخ‌ها و نوع خطاها,ترنم همدلی,original,1405
یازدهم,تجربی,نگارش,نگارش,ارزیابی پایه,مفاهیم پایه,تکمیل بانک,متوسط,کدام رفتار به یادگیری بهتر نگارش کمک می‌کند؟,تمرین منظم و رفع اشکال,مطالعه پراکنده بدون تمرین,حذف مرور,تکیه بر حدس,A,پاسخ درست بر اساس مفهوم کلی درس نگارش: تمرین منظم و رفع اشکال,ترنم همدلی,original,1405
یازدهم,تجربی,نگارش,نگارش,ارزیابی پایه,مفاهیم پایه,تکمیل بانک,متوسط,در مطالعه نگارش چرا مرور مهم است؟,برای تثبیت و بازیابی بهتر آموخته‌ها,برای حذف مطالب,برای افزایش زمان مطالعه بدون هدف,برای جلوگیری از تمرین,A,پاسخ درست بر اساس مفهوم کلی درس نگارش: برای تثبیت و بازیابی بهتر آموخته‌ها,ترنم همدلی,original,1405
یازدهم,تجربی,دین و زندگی,دین و زندگی,بخش 1,توحید,تکمیل بانک,متوسط,درس دین و زندگی بیشتر بر کدام حوزه تمرکز دارد؟,مفاهیم دینی، اخلاقی و معارف اسلامی,حفظ اطلاعات نامرتبط,موضوعات خارج از برنامه,فقط فعالیت ورزشی,A,پاسخ درست بر اساس مفهوم کلی درس دین و زندگی: مفاهیم دینی، اخلاقی و معارف اسلامی,ترنم همدلی,original,1405
یازدهم,تجربی,دین و زندگی,دین و زندگی,بخش 1,توحید,تکمیل بانک,متوسط,کدام گزینه نمونه‌ای از یادگیری در درس دین و زندگی است؟,مفاهیم دینی، اخلاقی و معارف اسلامی,انجام کاری بی‌ارتباط با درس,نادیده گرفتن تمرین,حذف مرور,A,پاسخ درست بر اساس مفهوم کلی درس دین و زندگی: مفاهیم دینی، اخلاقی و معارف اسلامی,ترنم همدلی,original,1405
یازدهم,تجربی,دین و زندگی,دین و زندگی,بخش 1,توحید,تکمیل بانک,متوسط,برای پیشرفت در درس دین و زندگی کدام روش مناسب‌تر است؟,مطالعه مفاهیم و تمرین متناسب با درس,حفظ پاسخ بدون فهم,حذف تمرین,مطالعه بدون مرور,A,پاسخ درست بر اساس مفهوم کلی درس دین و زندگی: مطالعه مفاهیم و تمرین متناسب با درس,ترنم همدلی,original,1405
یازدهم,تجربی,دین و زندگی,دین و زندگی,بخش 1,توحید,تکمیل بانک,متوسط,در ارزیابی درس دین و زندگی کدام مورد اهمیت بیشتری دارد؟,توانایی به‌کارگیری آموخته‌های مرتبط با درس,سرعت پاسخ بدون دقت,حدس زدن همه پاسخ‌ها,حذف سؤال‌های دشوار,A,پاسخ درست بر اساس مفهوم کلی درس دین و زندگی: توانایی به‌کارگیری آموخته‌های مرتبط با درس,ترنم همدلی,original,1405
یازدهم,تجربی,عربی,عربی,بخش 1,ترجمه,تکمیل بانک,متوسط,درس عربی بیشتر بر کدام حوزه تمرکز دارد؟,واژگان، ترجمه و ساختارهای زبانی عربی,حفظ اطلاعات نامرتبط,موضوعات خارج از برنامه,فقط فعالیت ورزشی,A,پاسخ درست بر اساس مفهوم کلی درس عربی: واژگان، ترجمه و ساختارهای زبانی عربی,ترنم همدلی,original,1405
یازدهم,تجربی,عربی,عربی,بخش 1,ترجمه,تکمیل بانک,متوسط,کدام گزینه نمونه‌ای از یادگیری در درس عربی است؟,واژگان، ترجمه و ساختارهای زبانی عربی,انجام کاری بی‌ارتباط با درس,نادیده گرفتن تمرین,حذف مرور,A,پاسخ درست بر اساس مفهوم کلی درس عربی: واژگان، ترجمه و ساختارهای زبانی عربی,ترنم همدلی,original,1405
یازدهم,تجربی,عربی,عربی,بخش 1,ترجمه,تکمیل بانک,متوسط,برای پیشرفت در درس عربی کدام روش مناسب‌تر است؟,مطالعه مفاهیم و تمرین متناسب با درس,حفظ پاسخ بدون فهم,حذف تمرین,مطالعه بدون مرور,A,پاسخ درست بر اساس مفهوم کلی درس عربی: مطالعه مفاهیم و تمرین متناسب با درس,ترنم همدلی,original,1405
یازدهم,تجربی,عربی,عربی,بخش 1,ترجمه,تکمیل بانک,متوسط,در ارزیابی درس عربی کدام مورد اهمیت بیشتری دارد؟,توانایی به‌کارگیری آموخته‌های مرتبط با درس,سرعت پاسخ بدون دقت,حدس زدن همه پاسخ‌ها,حذف سؤال‌های دشوار,A,پاسخ درست بر اساس مفهوم کلی درس عربی: توانایی به‌کارگیری آموخته‌های مرتبط با درس,ترنم همدلی,original,1405
یازدهم,تجربی,زبان انگلیسی,زبان انگلیسی,بخش 1,واژگان,تکمیل بانک,متوسط,درس زبان انگلیسی بیشتر بر کدام حوزه تمرکز دارد؟,واژگان، گرامر، خواندن و ارتباط به زبان انگلیسی,حفظ اطلاعات نامرتبط,موضوعات خارج از برنامه,فقط فعالیت ورزشی,A,پاسخ درست بر اساس مفهوم کلی درس زبان انگلیسی: واژگان، گرامر، خواندن و ارتباط به زبان انگلیسی,ترنم همدلی,original,1405
یازدهم,تجربی,زبان انگلیسی,زبان انگلیسی,بخش 1,واژگان,تکمیل بانک,متوسط,کدام گزینه نمونه‌ای از یادگیری در درس زبان انگلیسی است؟,واژگان، گرامر، خواندن و ارتباط به زبان انگلیسی,انجام کاری بی‌ارتباط با درس,نادیده گرفتن تمرین,حذف مرور,A,پاسخ درست بر اساس مفهوم کلی درس زبان انگلیسی: واژگان، گرامر، خواندن و ارتباط به زبان انگلیسی,ترنم همدلی,original,1405
یازدهم,تجربی,زبان انگلیسی,زبان انگلیسی,بخش 1,واژگان,تکمیل بانک,متوسط,برای پیشرفت در درس زبان انگلیسی کدام روش مناسب‌تر است؟,مطالعه مفاهیم و تمرین متناسب با درس,حفظ پاسخ بدون فهم,حذف تمرین,مطالعه بدون مرور,A,پاسخ درست بر اساس مفهوم کلی درس زبان انگلیسی: مطالعه مفاهیم و تمرین متناسب با درس,ترنم همدلی,original,1405
یازدهم,تجربی,زبان انگلیسی,زبان انگلیسی,بخش 1,واژگان,تکمیل بانک,متوسط,در ارزیابی درس زبان انگلیسی کدام مورد اهمیت بیشتری دارد؟,توانایی به‌کارگیری آموخته‌های مرتبط با درس,سرعت پاسخ بدون دقت,حدس زدن همه پاسخ‌ها,حذف سؤال‌های دشوار,A,پاسخ درست بر اساس مفهوم کلی درس زبان انگلیسی: توانایی به‌کارگیری آموخته‌های مرتبط با درس,ترنم همدلی,original,1405
یازدهم,تجربی,انسان و محیط زیست,انسان و محیط زیست,ارزیابی پایه,مفاهیم پایه,تکمیل بانک,متوسط,درس انسان و محیط زیست بیشتر بر کدام حوزه تمرکز دارد؟,رابطه انسان و محیط زیست و حفاظت از منابع,حفظ اطلاعات نامرتبط,موضوعات خارج از برنامه,فقط فعالیت ورزشی,A,پاسخ درست بر اساس مفهوم کلی درس انسان و محیط زیست: رابطه انسان و محیط زیست و حفاظت از منابع,ترنم همدلی,original,1405
یازدهم,تجربی,انسان و محیط زیست,انسان و محیط زیست,ارزیابی پایه,مفاهیم پایه,تکمیل بانک,متوسط,کدام گزینه نمونه‌ای از یادگیری در درس انسان و محیط زیست است؟,رابطه انسان و محیط زیست و حفاظت از منابع,انجام کاری بی‌ارتباط با درس,نادیده گرفتن تمرین,حذف مرور,A,پاسخ درست بر اساس مفهوم کلی درس انسان و محیط زیست: رابطه انسان و محیط زیست و حفاظت از منابع,ترنم همدلی,original,1405
یازدهم,تجربی,انسان و محیط زیست,انسان و محیط زیست,ارزیابی پایه,مفاهیم پایه,تکمیل بانک,متوسط,برای پیشرفت در درس انسان و محیط زیست کدام روش مناسب‌تر است؟,مطالعه مفاهیم و تمرین متناسب با درس,حفظ پاسخ بدون فهم,حذف تمرین,مطالعه بدون مرور,A,پاسخ درست بر اساس مفهوم کلی درس انسان و محیط زیست: مطالعه مفاهیم و تمرین متناسب با درس,ترنم همدلی,original,1405
یازدهم,تجربی,انسان و محیط زیست,انسان و محیط زیست,ارزیابی پایه,مفاهیم پایه,تکمیل بانک,متوسط,در ارزیابی درس انسان و محیط زیست کدام مورد اهمیت بیشتری دارد؟,توانایی به‌کارگیری آموخته‌های مرتبط با درس,سرعت پاسخ بدون دقت,حدس زدن همه پاسخ‌ها,حذف سؤال‌های دشوار,A,پاسخ درست بر اساس مفهوم کلی درس انسان و محیط زیست: توانایی به‌کارگیری آموخته‌های مرتبط با درس,ترنم همدلی,original,1405
یازدهم,تجربی,انسان و محیط زیست,انسان و محیط زیست,ارزیابی پایه,مفاهیم پایه,تکمیل بانک,متوسط,اگر دانش‌آموز در انسان و محیط زیست اشتباه کند، بهترین اقدام چیست؟,تحلیل خطا و تمرین هدفمند,نادیده گرفتن خطا,حذف درس,تغییر پاسخ بدون بررسی,A,پاسخ درست بر اساس مفهوم کلی درس انسان و محیط زیست: تحلیل خطا و تمرین هدفمند,ترنم همدلی,original,1405
یازدهم,تجربی,انسان و محیط زیست,انسان و محیط زیست,ارزیابی پایه,مفاهیم پایه,تکمیل بانک,متوسط,کدام گزینه به مطالعه مؤثر انسان و محیط زیست نزدیک‌تر است؟,ترکیب فهم، تمرین و مرور,فقط خواندن سریع,فقط حفظ کردن گزینه‌ها,مطالعه بدون هدف,A,پاسخ درست بر اساس مفهوم کلی درس انسان و محیط زیست: ترکیب فهم، تمرین و مرور,ترنم همدلی,original,1405
یازدهم,تجربی,انسان و محیط زیست,انسان و محیط زیست,ارزیابی پایه,مفاهیم پایه,تکمیل بانک,متوسط,هدف یک آزمون آموزشی از درس انسان و محیط زیست چیست؟,شناسایی میزان یادگیری و نقاط نیازمند تقویت,صرفاً رتبه‌بندی دانش‌آموزان,حذف مباحث,افزایش تعداد سؤال بدون تحلیل,A,پاسخ درست بر اساس مفهوم کلی درس انسان و محیط زیست: شناسایی میزان یادگیری و نقاط نیازمند تقویت,ترنم همدلی,original,1405
یازدهم,تجربی,انسان و محیط زیست,انسان و محیط زیست,ارزیابی پایه,مفاهیم پایه,تکمیل بانک,متوسط,برای تشخیص ضعف در انسان و محیط زیست چه چیزی مفیدتر است؟,بررسی پاسخ‌ها و نوع خطاها,تعداد پیام‌های روزانه,حدس زدن علت ضعف,نادیده گرفتن نتیجه,A,پاسخ درست بر اساس مفهوم کلی درس انسان و محیط زیست: بررسی پاسخ‌ها و نوع خطاها,ترنم همدلی,original,1405
یازدهم,تجربی,انسان و محیط زیست,انسان و محیط زیست,ارزیابی پایه,مفاهیم پایه,تکمیل بانک,متوسط,کدام رفتار به یادگیری بهتر انسان و محیط زیست کمک می‌کند؟,تمرین منظم و رفع اشکال,مطالعه پراکنده بدون تمرین,حذف مرور,تکیه بر حدس,A,پاسخ درست بر اساس مفهوم کلی درس انسان و محیط زیست: تمرین منظم و رفع اشکال,ترنم همدلی,original,1405
یازدهم,تجربی,انسان و محیط زیست,انسان و محیط زیست,ارزیابی پایه,مفاهیم پایه,تکمیل بانک,متوسط,در مطالعه انسان و محیط زیست چرا مرور مهم است؟,برای تثبیت و بازیابی بهتر آموخته‌ها,برای حذف مطالب,برای افزایش زمان مطالعه بدون هدف,برای جلوگیری از تمرین,A,پاسخ درست بر اساس مفهوم کلی درس انسان و محیط زیست: برای تثبیت و بازیابی بهتر آموخته‌ها,ترنم همدلی,original,1405
یازدهم,تجربی,تاریخ معاصر ایران,تاریخ معاصر ایران,ارزیابی پایه,مفاهیم پایه,تکمیل بانک,متوسط,درس تاریخ معاصر ایران بیشتر بر کدام حوزه تمرکز دارد؟,شناخت رویدادها و تحولات تاریخ معاصر ایران,حفظ اطلاعات نامرتبط,موضوعات خارج از برنامه,فقط فعالیت ورزشی,A,پاسخ درست بر اساس مفهوم کلی درس تاریخ معاصر ایران: شناخت رویدادها و تحولات تاریخ معاصر ایران,ترنم همدلی,original,1405
یازدهم,تجربی,تاریخ معاصر ایران,تاریخ معاصر ایران,ارزیابی پایه,مفاهیم پایه,تکمیل بانک,متوسط,کدام گزینه نمونه‌ای از یادگیری در درس تاریخ معاصر ایران است؟,شناخت رویدادها و تحولات تاریخ معاصر ایران,انجام کاری بی‌ارتباط با درس,نادیده گرفتن تمرین,حذف مرور,A,پاسخ درست بر اساس مفهوم کلی درس تاریخ معاصر ایران: شناخت رویدادها و تحولات تاریخ معاصر ایران,ترنم همدلی,original,1405
یازدهم,تجربی,تاریخ معاصر ایران,تاریخ معاصر ایران,ارزیابی پایه,مفاهیم پایه,تکمیل بانک,متوسط,برای پیشرفت در درس تاریخ معاصر ایران کدام روش مناسب‌تر است؟,مطالعه مفاهیم و تمرین متناسب با درس,حفظ پاسخ بدون فهم,حذف تمرین,مطالعه بدون مرور,A,پاسخ درست بر اساس مفهوم کلی درس تاریخ معاصر ایران: مطالعه مفاهیم و تمرین متناسب با درس,ترنم همدلی,original,1405
یازدهم,تجربی,تاریخ معاصر ایران,تاریخ معاصر ایران,ارزیابی پایه,مفاهیم پایه,تکمیل بانک,متوسط,در ارزیابی درس تاریخ معاصر ایران کدام مورد اهمیت بیشتری دارد؟,توانایی به‌کارگیری آموخته‌های مرتبط با درس,سرعت پاسخ بدون دقت,حدس زدن همه پاسخ‌ها,حذف سؤال‌های دشوار,A,پاسخ درست بر اساس مفهوم کلی درس تاریخ معاصر ایران: توانایی به‌کارگیری آموخته‌های مرتبط با درس,ترنم همدلی,original,1405
یازدهم,تجربی,تاریخ معاصر ایران,تاریخ معاصر ایران,ارزیابی پایه,مفاهیم پایه,تکمیل بانک,متوسط,اگر دانش‌آموز در تاریخ معاصر ایران اشتباه کند، بهترین اقدام چیست؟,تحلیل خطا و تمرین هدفمند,نادیده گرفتن خطا,حذف درس,تغییر پاسخ بدون بررسی,A,پاسخ درست بر اساس مفهوم کلی درس تاریخ معاصر ایران: تحلیل خطا و تمرین هدفمند,ترنم همدلی,original,1405
یازدهم,تجربی,تاریخ معاصر ایران,تاریخ معاصر ایران,ارزیابی پایه,مفاهیم پایه,تکمیل بانک,متوسط,کدام گزینه به مطالعه مؤثر تاریخ معاصر ایران نزدیک‌تر است؟,ترکیب فهم، تمرین و مرور,فقط خواندن سریع,فقط حفظ کردن گزینه‌ها,مطالعه بدون هدف,A,پاسخ درست بر اساس مفهوم کلی درس تاریخ معاصر ایران: ترکیب فهم، تمرین و مرور,ترنم همدلی,original,1405
یازدهم,تجربی,تاریخ معاصر ایران,تاریخ معاصر ایران,ارزیابی پایه,مفاهیم پایه,تکمیل بانک,متوسط,هدف یک آزمون آموزشی از درس تاریخ معاصر ایران چیست؟,شناسایی میزان یادگیری و نقاط نیازمند تقویت,صرفاً رتبه‌بندی دانش‌آموزان,حذف مباحث,افزایش تعداد سؤال بدون تحلیل,A,پاسخ درست بر اساس مفهوم کلی درس تاریخ معاصر ایران: شناسایی میزان یادگیری و نقاط نیازمند تقویت,ترنم همدلی,original,1405
یازدهم,تجربی,تاریخ معاصر ایران,تاریخ معاصر ایران,ارزیابی پایه,مفاهیم پایه,تکمیل بانک,متوسط,برای تشخیص ضعف در تاریخ معاصر ایران چه چیزی مفیدتر است؟,بررسی پاسخ‌ها و نوع خطاها,تعداد پیام‌های روزانه,حدس زدن علت ضعف,نادیده گرفتن نتیجه,A,پاسخ درست بر اساس مفهوم کلی درس تاریخ معاصر ایران: بررسی پاسخ‌ها و نوع خطاها,ترنم همدلی,original,1405
یازدهم,تجربی,تاریخ معاصر ایران,تاریخ معاصر ایران,ارزیابی پایه,مفاهیم پایه,تکمیل بانک,متوسط,کدام رفتار به یادگیری بهتر تاریخ معاصر ایران کمک می‌کند؟,تمرین منظم و رفع اشکال,مطالعه پراکنده بدون تمرین,حذف مرور,تکیه بر حدس,A,پاسخ درست بر اساس مفهوم کلی درس تاریخ معاصر ایران: تمرین منظم و رفع اشکال,ترنم همدلی,original,1405
یازدهم,تجربی,تاریخ معاصر ایران,تاریخ معاصر ایران,ارزیابی پایه,مفاهیم پایه,تکمیل بانک,متوسط,در مطالعه تاریخ معاصر ایران چرا مرور مهم است؟,برای تثبیت و بازیابی بهتر آموخته‌ها,برای حذف مطالب,برای افزایش زمان مطالعه بدون هدف,برای جلوگیری از تمرین,A,پاسخ درست بر اساس مفهوم کلی درس تاریخ معاصر ایران: برای تثبیت و بازیابی بهتر آموخته‌ها,ترنم همدلی,original,1405
یازدهم,تجربی,زیست‌شناسی,زیست‌شناسی,بخش 1,یاخته,تکمیل بانک,متوسط,درس زیست‌شناسی بیشتر بر کدام حوزه تمرکز دارد؟,ساختار و فرایندهای زیستی جانداران,حفظ اطلاعات نامرتبط,موضوعات خارج از برنامه,فقط فعالیت ورزشی,A,پاسخ درست بر اساس مفهوم کلی درس زیست‌شناسی: ساختار و فرایندهای زیستی جانداران,ترنم همدلی,original,1405
یازدهم,تجربی,زیست‌شناسی,زیست‌شناسی,بخش 1,یاخته,تکمیل بانک,متوسط,کدام گزینه نمونه‌ای از یادگیری در درس زیست‌شناسی است؟,ساختار و فرایندهای زیستی جانداران,انجام کاری بی‌ارتباط با درس,نادیده گرفتن تمرین,حذف مرور,A,پاسخ درست بر اساس مفهوم کلی درس زیست‌شناسی: ساختار و فرایندهای زیستی جانداران,ترنم همدلی,original,1405
یازدهم,تجربی,زیست‌شناسی,زیست‌شناسی,بخش 1,یاخته,تکمیل بانک,متوسط,برای پیشرفت در درس زیست‌شناسی کدام روش مناسب‌تر است؟,مطالعه مفاهیم و تمرین متناسب با درس,حفظ پاسخ بدون فهم,حذف تمرین,مطالعه بدون مرور,A,پاسخ درست بر اساس مفهوم کلی درس زیست‌شناسی: مطالعه مفاهیم و تمرین متناسب با درس,ترنم همدلی,original,1405
یازدهم,تجربی,زیست‌شناسی,زیست‌شناسی,بخش 1,یاخته,تکمیل بانک,متوسط,در ارزیابی درس زیست‌شناسی کدام مورد اهمیت بیشتری دارد؟,توانایی به‌کارگیری آموخته‌های مرتبط با درس,سرعت پاسخ بدون دقت,حدس زدن همه پاسخ‌ها,حذف سؤال‌های دشوار,A,پاسخ درست بر اساس مفهوم کلی درس زیست‌شناسی: توانایی به‌کارگیری آموخته‌های مرتبط با درس,ترنم همدلی,original,1405
یازدهم,تجربی,شیمی,شیمی,بخش 1,ساختار اتم,تکمیل بانک,متوسط,درس شیمی بیشتر بر کدام حوزه تمرکز دارد؟,ساختار ماده، واکنش‌ها و مفاهیم شیمیایی,حفظ اطلاعات نامرتبط,موضوعات خارج از برنامه,فقط فعالیت ورزشی,A,پاسخ درست بر اساس مفهوم کلی درس شیمی: ساختار ماده، واکنش‌ها و مفاهیم شیمیایی,ترنم همدلی,original,1405
یازدهم,تجربی,شیمی,شیمی,بخش 1,ساختار اتم,تکمیل بانک,متوسط,کدام گزینه نمونه‌ای از یادگیری در درس شیمی است؟,ساختار ماده، واکنش‌ها و مفاهیم شیمیایی,انجام کاری بی‌ارتباط با درس,نادیده گرفتن تمرین,حذف مرور,A,پاسخ درست بر اساس مفهوم کلی درس شیمی: ساختار ماده، واکنش‌ها و مفاهیم شیمیایی,ترنم همدلی,original,1405
یازدهم,تجربی,شیمی,شیمی,بخش 1,ساختار اتم,تکمیل بانک,متوسط,برای پیشرفت در درس شیمی کدام روش مناسب‌تر است؟,مطالعه مفاهیم و تمرین متناسب با درس,حفظ پاسخ بدون فهم,حذف تمرین,مطالعه بدون مرور,A,پاسخ درست بر اساس مفهوم کلی درس شیمی: مطالعه مفاهیم و تمرین متناسب با درس,ترنم همدلی,original,1405
یازدهم,تجربی,شیمی,شیمی,بخش 1,ساختار اتم,تکمیل بانک,متوسط,در ارزیابی درس شیمی کدام مورد اهمیت بیشتری دارد؟,توانایی به‌کارگیری آموخته‌های مرتبط با درس,سرعت پاسخ بدون دقت,حدس زدن همه پاسخ‌ها,حذف سؤال‌های دشوار,A,پاسخ درست بر اساس مفهوم کلی درس شیمی: توانایی به‌کارگیری آموخته‌های مرتبط با درس,ترنم همدلی,original,1405
یازدهم,تجربی,فیزیک,فیزیک,بخش 1,حرکت,تکمیل بانک,متوسط,درس فیزیک بیشتر بر کدام حوزه تمرکز دارد؟,پدیده‌های طبیعی و قوانین فیزیکی,حفظ اطلاعات نامرتبط,موضوعات خارج از برنامه,فقط فعالیت ورزشی,A,پاسخ درست بر اساس مفهوم کلی درس فیزیک: پدیده‌های طبیعی و قوانین فیزیکی,ترنم همدلی,original,1405
یازدهم,تجربی,فیزیک,فیزیک,بخش 1,حرکت,تکمیل بانک,متوسط,کدام گزینه نمونه‌ای از یادگیری در درس فیزیک است؟,پدیده‌های طبیعی و قوانین فیزیکی,انجام کاری بی‌ارتباط با درس,نادیده گرفتن تمرین,حذف مرور,A,پاسخ درست بر اساس مفهوم کلی درس فیزیک: پدیده‌های طبیعی و قوانین فیزیکی,ترنم همدلی,original,1405
یازدهم,تجربی,فیزیک,فیزیک,بخش 1,حرکت,تکمیل بانک,متوسط,برای پیشرفت در درس فیزیک کدام روش مناسب‌تر است؟,مطالعه مفاهیم و تمرین متناسب با درس,حفظ پاسخ بدون فهم,حذف تمرین,مطالعه بدون مرور,A,پاسخ درست بر اساس مفهوم کلی درس فیزیک: مطالعه مفاهیم و تمرین متناسب با درس,ترنم همدلی,original,1405
یازدهم,تجربی,فیزیک,فیزیک,بخش 1,حرکت,تکمیل بانک,متوسط,در ارزیابی درس فیزیک کدام مورد اهمیت بیشتری دارد؟,توانایی به‌کارگیری آموخته‌های مرتبط با درس,سرعت پاسخ بدون دقت,حدس زدن همه پاسخ‌ها,حذف سؤال‌های دشوار,A,پاسخ درست بر اساس مفهوم کلی درس فیزیک: توانایی به‌کارگیری آموخته‌های مرتبط با درس,ترنم همدلی,original,1405
یازدهم,تجربی,ریاضی,ریاضی,بخش 1,تابع,تکمیل بانک,متوسط,درس ریاضی بیشتر بر کدام حوزه تمرکز دارد؟,حل مسئله و استدلال ریاضی,حفظ اطلاعات نامرتبط,موضوعات خارج از برنامه,فقط فعالیت ورزشی,A,پاسخ درست بر اساس مفهوم کلی درس ریاضی: حل مسئله و استدلال ریاضی,ترنم همدلی,original,1405
یازدهم,تجربی,ریاضی,ریاضی,بخش 1,تابع,تکمیل بانک,متوسط,کدام گزینه نمونه‌ای از یادگیری در درس ریاضی است؟,حل مسئله و استدلال ریاضی,انجام کاری بی‌ارتباط با درس,نادیده گرفتن تمرین,حذف مرور,A,پاسخ درست بر اساس مفهوم کلی درس ریاضی: حل مسئله و استدلال ریاضی,ترنم همدلی,original,1405
یازدهم,تجربی,ریاضی,ریاضی,بخش 1,تابع,تکمیل بانک,متوسط,برای پیشرفت در درس ریاضی کدام روش مناسب‌تر است؟,مطالعه مفاهیم و تمرین متناسب با درس,حفظ پاسخ بدون فهم,حذف تمرین,مطالعه بدون مرور,A,پاسخ درست بر اساس مفهوم کلی درس ریاضی: مطالعه مفاهیم و تمرین متناسب با درس,ترنم همدلی,original,1405
یازدهم,تجربی,ریاضی,ریاضی,بخش 1,تابع,تکمیل بانک,متوسط,در ارزیابی درس ریاضی کدام مورد اهمیت بیشتری دارد؟,توانایی به‌کارگیری آموخته‌های مرتبط با درس,سرعت پاسخ بدون دقت,حدس زدن همه پاسخ‌ها,حذف سؤال‌های دشوار,A,پاسخ درست بر اساس مفهوم کلی درس ریاضی: توانایی به‌کارگیری آموخته‌های مرتبط با درس,ترنم همدلی,original,1405
یازدهم,تجربی,زمین‌شناسی,زمین‌شناسی,ارزیابی پایه,مفاهیم پایه,تکمیل بانک,متوسط,درس زمین‌شناسی بیشتر بر کدام حوزه تمرکز دارد؟,ساختار زمین، کانی‌ها، سنگ‌ها و فرایندهای زمین‌شناختی,حفظ اطلاعات نامرتبط,موضوعات خارج از برنامه,فقط فعالیت ورزشی,A,پاسخ درست بر اساس مفهوم کلی درس زمین‌شناسی: ساختار زمین، کانی‌ها، سنگ‌ها و فرایندهای زمین‌شناختی,ترنم همدلی,original,1405
یازدهم,تجربی,زمین‌شناسی,زمین‌شناسی,ارزیابی پایه,مفاهیم پایه,تکمیل بانک,متوسط,کدام گزینه نمونه‌ای از یادگیری در درس زمین‌شناسی است؟,ساختار زمین، کانی‌ها، سنگ‌ها و فرایندهای زمین‌شناختی,انجام کاری بی‌ارتباط با درس,نادیده گرفتن تمرین,حذف مرور,A,پاسخ درست بر اساس مفهوم کلی درس زمین‌شناسی: ساختار زمین، کانی‌ها، سنگ‌ها و فرایندهای زمین‌شناختی,ترنم همدلی,original,1405
یازدهم,تجربی,زمین‌شناسی,زمین‌شناسی,ارزیابی پایه,مفاهیم پایه,تکمیل بانک,متوسط,برای پیشرفت در درس زمین‌شناسی کدام روش مناسب‌تر است؟,مطالعه مفاهیم و تمرین متناسب با درس,حفظ پاسخ بدون فهم,حذف تمرین,مطالعه بدون مرور,A,پاسخ درست بر اساس مفهوم کلی درس زمین‌شناسی: مطالعه مفاهیم و تمرین متناسب با درس,ترنم همدلی,original,1405
یازدهم,تجربی,زمین‌شناسی,زمین‌شناسی,ارزیابی پایه,مفاهیم پایه,تکمیل بانک,متوسط,در ارزیابی درس زمین‌شناسی کدام مورد اهمیت بیشتری دارد؟,توانایی به‌کارگیری آموخته‌های مرتبط با درس,سرعت پاسخ بدون دقت,حدس زدن همه پاسخ‌ها,حذف سؤال‌های دشوار,A,پاسخ درست بر اساس مفهوم کلی درس زمین‌شناسی: توانایی به‌کارگیری آموخته‌های مرتبط با درس,ترنم همدلی,original,1405
یازدهم,تجربی,زمین‌شناسی,زمین‌شناسی,ارزیابی پایه,مفاهیم پایه,تکمیل بانک,متوسط,اگر دانش‌آموز در زمین‌شناسی اشتباه کند، بهترین اقدام چیست؟,تحلیل خطا و تمرین هدفمند,نادیده گرفتن خطا,حذف درس,تغییر پاسخ بدون بررسی,A,پاسخ درست بر اساس مفهوم کلی درس زمین‌شناسی: تحلیل خطا و تمرین هدفمند,ترنم همدلی,original,1405
یازدهم,تجربی,زمین‌شناسی,زمین‌شناسی,ارزیابی پایه,مفاهیم پایه,تکمیل بانک,متوسط,کدام گزینه به مطالعه مؤثر زمین‌شناسی نزدیک‌تر است؟,ترکیب فهم، تمرین و مرور,فقط خواندن سریع,فقط حفظ کردن گزینه‌ها,مطالعه بدون هدف,A,پاسخ درست بر اساس مفهوم کلی درس زمین‌شناسی: ترکیب فهم، تمرین و مرور,ترنم همدلی,original,1405
یازدهم,تجربی,زمین‌شناسی,زمین‌شناسی,ارزیابی پایه,مفاهیم پایه,تکمیل بانک,متوسط,هدف یک آزمون آموزشی از درس زمین‌شناسی چیست؟,شناسایی میزان یادگیری و نقاط نیازمند تقویت,صرفاً رتبه‌بندی دانش‌آموزان,حذف مباحث,افزایش تعداد سؤال بدون تحلیل,A,پاسخ درست بر اساس مفهوم کلی درس زمین‌شناسی: شناسایی میزان یادگیری و نقاط نیازمند تقویت,ترنم همدلی,original,1405
یازدهم,تجربی,زمین‌شناسی,زمین‌شناسی,ارزیابی پایه,مفاهیم پایه,تکمیل بانک,متوسط,برای تشخیص ضعف در زمین‌شناسی چه چیزی مفیدتر است؟,بررسی پاسخ‌ها و نوع خطاها,تعداد پیام‌های روزانه,حدس زدن علت ضعف,نادیده گرفتن نتیجه,A,پاسخ درست بر اساس مفهوم کلی درس زمین‌شناسی: بررسی پاسخ‌ها و نوع خطاها,ترنم همدلی,original,1405
یازدهم,تجربی,زمین‌شناسی,زمین‌شناسی,ارزیابی پایه,مفاهیم پایه,تکمیل بانک,متوسط,کدام رفتار به یادگیری بهتر زمین‌شناسی کمک می‌کند؟,تمرین منظم و رفع اشکال,مطالعه پراکنده بدون تمرین,حذف مرور,تکیه بر حدس,A,پاسخ درست بر اساس مفهوم کلی درس زمین‌شناسی: تمرین منظم و رفع اشکال,ترنم همدلی,original,1405
یازدهم,تجربی,زمین‌شناسی,زمین‌شناسی,ارزیابی پایه,مفاهیم پایه,تکمیل بانک,متوسط,در مطالعه زمین‌شناسی چرا مرور مهم است؟,برای تثبیت و بازیابی بهتر آموخته‌ها,برای حذف مطالب,برای افزایش زمان مطالعه بدون هدف,برای جلوگیری از تمرین,A,پاسخ درست بر اساس مفهوم کلی درس زمین‌شناسی: برای تثبیت و بازیابی بهتر آموخته‌ها,ترنم همدلی,original,1405
یازدهم,انسانی,فارسی,فارسی,بخش 1,واژگان,تکمیل بانک,متوسط,درس فارسی بیشتر بر کدام حوزه تمرکز دارد؟,خواندن، واژگان، دستور، ادبیات و درک متن,حفظ اطلاعات نامرتبط,موضوعات خارج از برنامه,فقط فعالیت ورزشی,A,پاسخ درست بر اساس مفهوم کلی درس فارسی: خواندن، واژگان، دستور، ادبیات و درک متن,ترنم همدلی,original,1405
یازدهم,انسانی,فارسی,فارسی,بخش 1,واژگان,تکمیل بانک,متوسط,کدام گزینه نمونه‌ای از یادگیری در درس فارسی است؟,خواندن، واژگان، دستور، ادبیات و درک متن,انجام کاری بی‌ارتباط با درس,نادیده گرفتن تمرین,حذف مرور,A,پاسخ درست بر اساس مفهوم کلی درس فارسی: خواندن، واژگان، دستور، ادبیات و درک متن,ترنم همدلی,original,1405
یازدهم,انسانی,فارسی,فارسی,بخش 1,واژگان,تکمیل بانک,متوسط,برای پیشرفت در درس فارسی کدام روش مناسب‌تر است؟,مطالعه مفاهیم و تمرین متناسب با درس,حفظ پاسخ بدون فهم,حذف تمرین,مطالعه بدون مرور,A,پاسخ درست بر اساس مفهوم کلی درس فارسی: مطالعه مفاهیم و تمرین متناسب با درس,ترنم همدلی,original,1405
یازدهم,انسانی,فارسی,فارسی,بخش 1,واژگان,تکمیل بانک,متوسط,در ارزیابی درس فارسی کدام مورد اهمیت بیشتری دارد؟,توانایی به‌کارگیری آموخته‌های مرتبط با درس,سرعت پاسخ بدون دقت,حدس زدن همه پاسخ‌ها,حذف سؤال‌های دشوار,A,پاسخ درست بر اساس مفهوم کلی درس فارسی: توانایی به‌کارگیری آموخته‌های مرتبط با درس,ترنم همدلی,original,1405
یازدهم,انسانی,نگارش,نگارش,ارزیابی پایه,مفاهیم پایه,تکمیل بانک,متوسط,درس نگارش بیشتر بر کدام حوزه تمرکز دارد؟,مهارت نوشتن، سازمان‌دهی و ویرایش متن,حفظ اطلاعات نامرتبط,موضوعات خارج از برنامه,فقط فعالیت ورزشی,A,پاسخ درست بر اساس مفهوم کلی درس نگارش: مهارت نوشتن، سازمان‌دهی و ویرایش متن,ترنم همدلی,original,1405
یازدهم,انسانی,نگارش,نگارش,ارزیابی پایه,مفاهیم پایه,تکمیل بانک,متوسط,کدام گزینه نمونه‌ای از یادگیری در درس نگارش است؟,مهارت نوشتن، سازمان‌دهی و ویرایش متن,انجام کاری بی‌ارتباط با درس,نادیده گرفتن تمرین,حذف مرور,A,پاسخ درست بر اساس مفهوم کلی درس نگارش: مهارت نوشتن، سازمان‌دهی و ویرایش متن,ترنم همدلی,original,1405
یازدهم,انسانی,نگارش,نگارش,ارزیابی پایه,مفاهیم پایه,تکمیل بانک,متوسط,برای پیشرفت در درس نگارش کدام روش مناسب‌تر است؟,مطالعه مفاهیم و تمرین متناسب با درس,حفظ پاسخ بدون فهم,حذف تمرین,مطالعه بدون مرور,A,پاسخ درست بر اساس مفهوم کلی درس نگارش: مطالعه مفاهیم و تمرین متناسب با درس,ترنم همدلی,original,1405
یازدهم,انسانی,نگارش,نگارش,ارزیابی پایه,مفاهیم پایه,تکمیل بانک,متوسط,در ارزیابی درس نگارش کدام مورد اهمیت بیشتری دارد؟,توانایی به‌کارگیری آموخته‌های مرتبط با درس,سرعت پاسخ بدون دقت,حدس زدن همه پاسخ‌ها,حذف سؤال‌های دشوار,A,پاسخ درست بر اساس مفهوم کلی درس نگارش: توانایی به‌کارگیری آموخته‌های مرتبط با درس,ترنم همدلی,original,1405
یازدهم,انسانی,نگارش,نگارش,ارزیابی پایه,مفاهیم پایه,تکمیل بانک,متوسط,اگر دانش‌آموز در نگارش اشتباه کند، بهترین اقدام چیست؟,تحلیل خطا و تمرین هدفمند,نادیده گرفتن خطا,حذف درس,تغییر پاسخ بدون بررسی,A,پاسخ درست بر اساس مفهوم کلی درس نگارش: تحلیل خطا و تمرین هدفمند,ترنم همدلی,original,1405
یازدهم,انسانی,نگارش,نگارش,ارزیابی پایه,مفاهیم پایه,تکمیل بانک,متوسط,کدام گزینه به مطالعه مؤثر نگارش نزدیک‌تر است؟,ترکیب فهم، تمرین و مرور,فقط خواندن سریع,فقط حفظ کردن گزینه‌ها,مطالعه بدون هدف,A,پاسخ درست بر اساس مفهوم کلی درس نگارش: ترکیب فهم، تمرین و مرور,ترنم همدلی,original,1405
یازدهم,انسانی,نگارش,نگارش,ارزیابی پایه,مفاهیم پایه,تکمیل بانک,متوسط,هدف یک آزمون آموزشی از درس نگارش چیست؟,شناسایی میزان یادگیری و نقاط نیازمند تقویت,صرفاً رتبه‌بندی دانش‌آموزان,حذف مباحث,افزایش تعداد سؤال بدون تحلیل,A,پاسخ درست بر اساس مفهوم کلی درس نگارش: شناسایی میزان یادگیری و نقاط نیازمند تقویت,ترنم همدلی,original,1405
یازدهم,انسانی,نگارش,نگارش,ارزیابی پایه,مفاهیم پایه,تکمیل بانک,متوسط,برای تشخیص ضعف در نگارش چه چیزی مفیدتر است؟,بررسی پاسخ‌ها و نوع خطاها,تعداد پیام‌های روزانه,حدس زدن علت ضعف,نادیده گرفتن نتیجه,A,پاسخ درست بر اساس مفهوم کلی درس نگارش: بررسی پاسخ‌ها و نوع خطاها,ترنم همدلی,original,1405
یازدهم,انسانی,نگارش,نگارش,ارزیابی پایه,مفاهیم پایه,تکمیل بانک,متوسط,کدام رفتار به یادگیری بهتر نگارش کمک می‌کند؟,تمرین منظم و رفع اشکال,مطالعه پراکنده بدون تمرین,حذف مرور,تکیه بر حدس,A,پاسخ درست بر اساس مفهوم کلی درس نگارش: تمرین منظم و رفع اشکال,ترنم همدلی,original,1405
یازدهم,انسانی,نگارش,نگارش,ارزیابی پایه,مفاهیم پایه,تکمیل بانک,متوسط,در مطالعه نگارش چرا مرور مهم است؟,برای تثبیت و بازیابی بهتر آموخته‌ها,برای حذف مطالب,برای افزایش زمان مطالعه بدون هدف,برای جلوگیری از تمرین,A,پاسخ درست بر اساس مفهوم کلی درس نگارش: برای تثبیت و بازیابی بهتر آموخته‌ها,ترنم همدلی,original,1405
یازدهم,انسانی,دین و زندگی,دین و زندگی,بخش 1,توحید,تکمیل بانک,متوسط,درس دین و زندگی بیشتر بر کدام حوزه تمرکز دارد؟,مفاهیم دینی، اخلاقی و معارف اسلامی,حفظ اطلاعات نامرتبط,موضوعات خارج از برنامه,فقط فعالیت ورزشی,A,پاسخ درست بر اساس مفهوم کلی درس دین و زندگی: مفاهیم دینی، اخلاقی و معارف اسلامی,ترنم همدلی,original,1405
یازدهم,انسانی,دین و زندگی,دین و زندگی,بخش 1,توحید,تکمیل بانک,متوسط,کدام گزینه نمونه‌ای از یادگیری در درس دین و زندگی است؟,مفاهیم دینی، اخلاقی و معارف اسلامی,انجام کاری بی‌ارتباط با درس,نادیده گرفتن تمرین,حذف مرور,A,پاسخ درست بر اساس مفهوم کلی درس دین و زندگی: مفاهیم دینی، اخلاقی و معارف اسلامی,ترنم همدلی,original,1405
یازدهم,انسانی,دین و زندگی,دین و زندگی,بخش 1,توحید,تکمیل بانک,متوسط,برای پیشرفت در درس دین و زندگی کدام روش مناسب‌تر است؟,مطالعه مفاهیم و تمرین متناسب با درس,حفظ پاسخ بدون فهم,حذف تمرین,مطالعه بدون مرور,A,پاسخ درست بر اساس مفهوم کلی درس دین و زندگی: مطالعه مفاهیم و تمرین متناسب با درس,ترنم همدلی,original,1405
یازدهم,انسانی,دین و زندگی,دین و زندگی,بخش 1,توحید,تکمیل بانک,متوسط,در ارزیابی درس دین و زندگی کدام مورد اهمیت بیشتری دارد؟,توانایی به‌کارگیری آموخته‌های مرتبط با درس,سرعت پاسخ بدون دقت,حدس زدن همه پاسخ‌ها,حذف سؤال‌های دشوار,A,پاسخ درست بر اساس مفهوم کلی درس دین و زندگی: توانایی به‌کارگیری آموخته‌های مرتبط با درس,ترنم همدلی,original,1405
یازدهم,انسانی,عربی,عربی,بخش 1,ترجمه,تکمیل بانک,متوسط,درس عربی بیشتر بر کدام حوزه تمرکز دارد؟,واژگان، ترجمه و ساختارهای زبانی عربی,حفظ اطلاعات نامرتبط,موضوعات خارج از برنامه,فقط فعالیت ورزشی,A,پاسخ درست بر اساس مفهوم کلی درس عربی: واژگان، ترجمه و ساختارهای زبانی عربی,ترنم همدلی,original,1405
یازدهم,انسانی,عربی,عربی,بخش 1,ترجمه,تکمیل بانک,متوسط,کدام گزینه نمونه‌ای از یادگیری در درس عربی است؟,واژگان، ترجمه و ساختارهای زبانی عربی,انجام کاری بی‌ارتباط با درس,نادیده گرفتن تمرین,حذف مرور,A,پاسخ درست بر اساس مفهوم کلی درس عربی: واژگان، ترجمه و ساختارهای زبانی عربی,ترنم همدلی,original,1405
یازدهم,انسانی,عربی,عربی,بخش 1,ترجمه,تکمیل بانک,متوسط,برای پیشرفت در درس عربی کدام روش مناسب‌تر است؟,مطالعه مفاهیم و تمرین متناسب با درس,حفظ پاسخ بدون فهم,حذف تمرین,مطالعه بدون مرور,A,پاسخ درست بر اساس مفهوم کلی درس عربی: مطالعه مفاهیم و تمرین متناسب با درس,ترنم همدلی,original,1405
یازدهم,انسانی,عربی,عربی,بخش 1,ترجمه,تکمیل بانک,متوسط,در ارزیابی درس عربی کدام مورد اهمیت بیشتری دارد؟,توانایی به‌کارگیری آموخته‌های مرتبط با درس,سرعت پاسخ بدون دقت,حدس زدن همه پاسخ‌ها,حذف سؤال‌های دشوار,A,پاسخ درست بر اساس مفهوم کلی درس عربی: توانایی به‌کارگیری آموخته‌های مرتبط با درس,ترنم همدلی,original,1405
یازدهم,انسانی,زبان انگلیسی,زبان انگلیسی,بخش 1,واژگان,تکمیل بانک,متوسط,درس زبان انگلیسی بیشتر بر کدام حوزه تمرکز دارد؟,واژگان، گرامر، خواندن و ارتباط به زبان انگلیسی,حفظ اطلاعات نامرتبط,موضوعات خارج از برنامه,فقط فعالیت ورزشی,A,پاسخ درست بر اساس مفهوم کلی درس زبان انگلیسی: واژگان، گرامر، خواندن و ارتباط به زبان انگلیسی,ترنم همدلی,original,1405
یازدهم,انسانی,زبان انگلیسی,زبان انگلیسی,بخش 1,واژگان,تکمیل بانک,متوسط,کدام گزینه نمونه‌ای از یادگیری در درس زبان انگلیسی است؟,واژگان، گرامر، خواندن و ارتباط به زبان انگلیسی,انجام کاری بی‌ارتباط با درس,نادیده گرفتن تمرین,حذف مرور,A,پاسخ درست بر اساس مفهوم کلی درس زبان انگلیسی: واژگان، گرامر، خواندن و ارتباط به زبان انگلیسی,ترنم همدلی,original,1405
یازدهم,انسانی,زبان انگلیسی,زبان انگلیسی,بخش 1,واژگان,تکمیل بانک,متوسط,برای پیشرفت در درس زبان انگلیسی کدام روش مناسب‌تر است؟,مطالعه مفاهیم و تمرین متناسب با درس,حفظ پاسخ بدون فهم,حذف تمرین,مطالعه بدون مرور,A,پاسخ درست بر اساس مفهوم کلی درس زبان انگلیسی: مطالعه مفاهیم و تمرین متناسب با درس,ترنم همدلی,original,1405
یازدهم,انسانی,زبان انگلیسی,زبان انگلیسی,بخش 1,واژگان,تکمیل بانک,متوسط,در ارزیابی درس زبان انگلیسی کدام مورد اهمیت بیشتری دارد؟,توانایی به‌کارگیری آموخته‌های مرتبط با درس,سرعت پاسخ بدون دقت,حدس زدن همه پاسخ‌ها,حذف سؤال‌های دشوار,A,پاسخ درست بر اساس مفهوم کلی درس زبان انگلیسی: توانایی به‌کارگیری آموخته‌های مرتبط با درس,ترنم همدلی,original,1405
یازدهم,انسانی,انسان و محیط زیست,انسان و محیط زیست,ارزیابی پایه,مفاهیم پایه,تکمیل بانک,متوسط,درس انسان و محیط زیست بیشتر بر کدام حوزه تمرکز دارد؟,رابطه انسان و محیط زیست و حفاظت از منابع,حفظ اطلاعات نامرتبط,موضوعات خارج از برنامه,فقط فعالیت ورزشی,A,پاسخ درست بر اساس مفهوم کلی درس انسان و محیط زیست: رابطه انسان و محیط زیست و حفاظت از منابع,ترنم همدلی,original,1405
یازدهم,انسانی,انسان و محیط زیست,انسان و محیط زیست,ارزیابی پایه,مفاهیم پایه,تکمیل بانک,متوسط,کدام گزینه نمونه‌ای از یادگیری در درس انسان و محیط زیست است؟,رابطه انسان و محیط زیست و حفاظت از منابع,انجام کاری بی‌ارتباط با درس,نادیده گرفتن تمرین,حذف مرور,A,پاسخ درست بر اساس مفهوم کلی درس انسان و محیط زیست: رابطه انسان و محیط زیست و حفاظت از منابع,ترنم همدلی,original,1405
یازدهم,انسانی,انسان و محیط زیست,انسان و محیط زیست,ارزیابی پایه,مفاهیم پایه,تکمیل بانک,متوسط,برای پیشرفت در درس انسان و محیط زیست کدام روش مناسب‌تر است؟,مطالعه مفاهیم و تمرین متناسب با درس,حفظ پاسخ بدون فهم,حذف تمرین,مطالعه بدون مرور,A,پاسخ درست بر اساس مفهوم کلی درس انسان و محیط زیست: مطالعه مفاهیم و تمرین متناسب با درس,ترنم همدلی,original,1405
یازدهم,انسانی,انسان و محیط زیست,انسان و محیط زیست,ارزیابی پایه,مفاهیم پایه,تکمیل بانک,متوسط,در ارزیابی درس انسان و محیط زیست کدام مورد اهمیت بیشتری دارد؟,توانایی به‌کارگیری آموخته‌های مرتبط با درس,سرعت پاسخ بدون دقت,حدس زدن همه پاسخ‌ها,حذف سؤال‌های دشوار,A,پاسخ درست بر اساس مفهوم کلی درس انسان و محیط زیست: توانایی به‌کارگیری آموخته‌های مرتبط با درس,ترنم همدلی,original,1405
یازدهم,انسانی,انسان و محیط زیست,انسان و محیط زیست,ارزیابی پایه,مفاهیم پایه,تکمیل بانک,متوسط,اگر دانش‌آموز در انسان و محیط زیست اشتباه کند، بهترین اقدام چیست؟,تحلیل خطا و تمرین هدفمند,نادیده گرفتن خطا,حذف درس,تغییر پاسخ بدون بررسی,A,پاسخ درست بر اساس مفهوم کلی درس انسان و محیط زیست: تحلیل خطا و تمرین هدفمند,ترنم همدلی,original,1405
یازدهم,انسانی,انسان و محیط زیست,انسان و محیط زیست,ارزیابی پایه,مفاهیم پایه,تکمیل بانک,متوسط,کدام گزینه به مطالعه مؤثر انسان و محیط زیست نزدیک‌تر است؟,ترکیب فهم، تمرین و مرور,فقط خواندن سریع,فقط حفظ کردن گزینه‌ها,مطالعه بدون هدف,A,پاسخ درست بر اساس مفهوم کلی درس انسان و محیط زیست: ترکیب فهم، تمرین و مرور,ترنم همدلی,original,1405
یازدهم,انسانی,انسان و محیط زیست,انسان و محیط زیست,ارزیابی پایه,مفاهیم پایه,تکمیل بانک,متوسط,هدف یک آزمون آموزشی از درس انسان و محیط زیست چیست؟,شناسایی میزان یادگیری و نقاط نیازمند تقویت,صرفاً رتبه‌بندی دانش‌آموزان,حذف مباحث,افزایش تعداد سؤال بدون تحلیل,A,پاسخ درست بر اساس مفهوم کلی درس انسان و محیط زیست: شناسایی میزان یادگیری و نقاط نیازمند تقویت,ترنم همدلی,original,1405
یازدهم,انسانی,انسان و محیط زیست,انسان و محیط زیست,ارزیابی پایه,مفاهیم پایه,تکمیل بانک,متوسط,برای تشخیص ضعف در انسان و محیط زیست چه چیزی مفیدتر است؟,بررسی پاسخ‌ها و نوع خطاها,تعداد پیام‌های روزانه,حدس زدن علت ضعف,نادیده گرفتن نتیجه,A,پاسخ درست بر اساس مفهوم کلی درس انسان و محیط زیست: بررسی پاسخ‌ها و نوع خطاها,ترنم همدلی,original,1405
یازدهم,انسانی,انسان و محیط زیست,انسان و محیط زیست,ارزیابی پایه,مفاهیم پایه,تکمیل بانک,متوسط,کدام رفتار به یادگیری بهتر انسان و محیط زیست کمک می‌کند؟,تمرین منظم و رفع اشکال,مطالعه پراکنده بدون تمرین,حذف مرور,تکیه بر حدس,A,پاسخ درست بر اساس مفهوم کلی درس انسان و محیط زیست: تمرین منظم و رفع اشکال,ترنم همدلی,original,1405
یازدهم,انسانی,انسان و محیط زیست,انسان و محیط زیست,ارزیابی پایه,مفاهیم پایه,تکمیل بانک,متوسط,در مطالعه انسان و محیط زیست چرا مرور مهم است؟,برای تثبیت و بازیابی بهتر آموخته‌ها,برای حذف مطالب,برای افزایش زمان مطالعه بدون هدف,برای جلوگیری از تمرین,A,پاسخ درست بر اساس مفهوم کلی درس انسان و محیط زیست: برای تثبیت و بازیابی بهتر آموخته‌ها,ترنم همدلی,original,1405
یازدهم,انسانی,تاریخ معاصر ایران,تاریخ معاصر ایران,ارزیابی پایه,مفاهیم پایه,تکمیل بانک,متوسط,درس تاریخ معاصر ایران بیشتر بر کدام حوزه تمرکز دارد؟,شناخت رویدادها و تحولات تاریخ معاصر ایران,حفظ اطلاعات نامرتبط,موضوعات خارج از برنامه,فقط فعالیت ورزشی,A,پاسخ درست بر اساس مفهوم کلی درس تاریخ معاصر ایران: شناخت رویدادها و تحولات تاریخ معاصر ایران,ترنم همدلی,original,1405
یازدهم,انسانی,تاریخ معاصر ایران,تاریخ معاصر ایران,ارزیابی پایه,مفاهیم پایه,تکمیل بانک,متوسط,کدام گزینه نمونه‌ای از یادگیری در درس تاریخ معاصر ایران است؟,شناخت رویدادها و تحولات تاریخ معاصر ایران,انجام کاری بی‌ارتباط با درس,نادیده گرفتن تمرین,حذف مرور,A,پاسخ درست بر اساس مفهوم کلی درس تاریخ معاصر ایران: شناخت رویدادها و تحولات تاریخ معاصر ایران,ترنم همدلی,original,1405
یازدهم,انسانی,تاریخ معاصر ایران,تاریخ معاصر ایران,ارزیابی پایه,مفاهیم پایه,تکمیل بانک,متوسط,برای پیشرفت در درس تاریخ معاصر ایران کدام روش مناسب‌تر است؟,مطالعه مفاهیم و تمرین متناسب با درس,حفظ پاسخ بدون فهم,حذف تمرین,مطالعه بدون مرور,A,پاسخ درست بر اساس مفهوم کلی درس تاریخ معاصر ایران: مطالعه مفاهیم و تمرین متناسب با درس,ترنم همدلی,original,1405
یازدهم,انسانی,تاریخ معاصر ایران,تاریخ معاصر ایران,ارزیابی پایه,مفاهیم پایه,تکمیل بانک,متوسط,در ارزیابی درس تاریخ معاصر ایران کدام مورد اهمیت بیشتری دارد؟,توانایی به‌کارگیری آموخته‌های مرتبط با درس,سرعت پاسخ بدون دقت,حدس زدن همه پاسخ‌ها,حذف سؤال‌های دشوار,A,پاسخ درست بر اساس مفهوم کلی درس تاریخ معاصر ایران: توانایی به‌کارگیری آموخته‌های مرتبط با درس,ترنم همدلی,original,1405
یازدهم,انسانی,تاریخ معاصر ایران,تاریخ معاصر ایران,ارزیابی پایه,مفاهیم پایه,تکمیل بانک,متوسط,اگر دانش‌آموز در تاریخ معاصر ایران اشتباه کند، بهترین اقدام چیست؟,تحلیل خطا و تمرین هدفمند,نادیده گرفتن خطا,حذف درس,تغییر پاسخ بدون بررسی,A,پاسخ درست بر اساس مفهوم کلی درس تاریخ معاصر ایران: تحلیل خطا و تمرین هدفمند,ترنم همدلی,original,1405
یازدهم,انسانی,تاریخ معاصر ایران,تاریخ معاصر ایران,ارزیابی پایه,مفاهیم پایه,تکمیل بانک,متوسط,کدام گزینه به مطالعه مؤثر تاریخ معاصر ایران نزدیک‌تر است؟,ترکیب فهم، تمرین و مرور,فقط خواندن سریع,فقط حفظ کردن گزینه‌ها,مطالعه بدون هدف,A,پاسخ درست بر اساس مفهوم کلی درس تاریخ معاصر ایران: ترکیب فهم، تمرین و مرور,ترنم همدلی,original,1405
یازدهم,انسانی,تاریخ معاصر ایران,تاریخ معاصر ایران,ارزیابی پایه,مفاهیم پایه,تکمیل بانک,متوسط,هدف یک آزمون آموزشی از درس تاریخ معاصر ایران چیست؟,شناسایی میزان یادگیری و نقاط نیازمند تقویت,صرفاً رتبه‌بندی دانش‌آموزان,حذف مباحث,افزایش تعداد سؤال بدون تحلیل,A,پاسخ درست بر اساس مفهوم کلی درس تاریخ معاصر ایران: شناسایی میزان یادگیری و نقاط نیازمند تقویت,ترنم همدلی,original,1405
یازدهم,انسانی,تاریخ معاصر ایران,تاریخ معاصر ایران,ارزیابی پایه,مفاهیم پایه,تکمیل بانک,متوسط,برای تشخیص ضعف در تاریخ معاصر ایران چه چیزی مفیدتر است؟,بررسی پاسخ‌ها و نوع خطاها,تعداد پیام‌های روزانه,حدس زدن علت ضعف,نادیده گرفتن نتیجه,A,پاسخ درست بر اساس مفهوم کلی درس تاریخ معاصر ایران: بررسی پاسخ‌ها و نوع خطاها,ترنم همدلی,original,1405
یازدهم,انسانی,تاریخ معاصر ایران,تاریخ معاصر ایران,ارزیابی پایه,مفاهیم پایه,تکمیل بانک,متوسط,کدام رفتار به یادگیری بهتر تاریخ معاصر ایران کمک می‌کند؟,تمرین منظم و رفع اشکال,مطالعه پراکنده بدون تمرین,حذف مرور,تکیه بر حدس,A,پاسخ درست بر اساس مفهوم کلی درس تاریخ معاصر ایران: تمرین منظم و رفع اشکال,ترنم همدلی,original,1405
یازدهم,انسانی,تاریخ معاصر ایران,تاریخ معاصر ایران,ارزیابی پایه,مفاهیم پایه,تکمیل بانک,متوسط,در مطالعه تاریخ معاصر ایران چرا مرور مهم است؟,برای تثبیت و بازیابی بهتر آموخته‌ها,برای حذف مطالب,برای افزایش زمان مطالعه بدون هدف,برای جلوگیری از تمرین,A,پاسخ درست بر اساس مفهوم کلی درس تاریخ معاصر ایران: برای تثبیت و بازیابی بهتر آموخته‌ها,ترنم همدلی,original,1405
یازدهم,انسانی,علوم و فنون ادبی,علوم و فنون ادبی,بخش 1,عروض,تکمیل بانک,متوسط,درس علوم و فنون ادبی بیشتر بر کدام حوزه تمرکز دارد؟,زبان و ادبیات، آرایه‌ها، عروض و فنون ادبی,حفظ اطلاعات نامرتبط,موضوعات خارج از برنامه,فقط فعالیت ورزشی,A,پاسخ درست بر اساس مفهوم کلی درس علوم و فنون ادبی: زبان و ادبیات، آرایه‌ها، عروض و فنون ادبی,ترنم همدلی,original,1405
یازدهم,انسانی,علوم و فنون ادبی,علوم و فنون ادبی,بخش 1,عروض,تکمیل بانک,متوسط,کدام گزینه نمونه‌ای از یادگیری در درس علوم و فنون ادبی است؟,زبان و ادبیات، آرایه‌ها، عروض و فنون ادبی,انجام کاری بی‌ارتباط با درس,نادیده گرفتن تمرین,حذف مرور,A,پاسخ درست بر اساس مفهوم کلی درس علوم و فنون ادبی: زبان و ادبیات، آرایه‌ها، عروض و فنون ادبی,ترنم همدلی,original,1405
یازدهم,انسانی,علوم و فنون ادبی,علوم و فنون ادبی,بخش 1,عروض,تکمیل بانک,متوسط,برای پیشرفت در درس علوم و فنون ادبی کدام روش مناسب‌تر است؟,مطالعه مفاهیم و تمرین متناسب با درس,حفظ پاسخ بدون فهم,حذف تمرین,مطالعه بدون مرور,A,پاسخ درست بر اساس مفهوم کلی درس علوم و فنون ادبی: مطالعه مفاهیم و تمرین متناسب با درس,ترنم همدلی,original,1405
یازدهم,انسانی,علوم و فنون ادبی,علوم و فنون ادبی,بخش 1,عروض,تکمیل بانک,متوسط,در ارزیابی درس علوم و فنون ادبی کدام مورد اهمیت بیشتری دارد؟,توانایی به‌کارگیری آموخته‌های مرتبط با درس,سرعت پاسخ بدون دقت,حدس زدن همه پاسخ‌ها,حذف سؤال‌های دشوار,A,پاسخ درست بر اساس مفهوم کلی درس علوم و فنون ادبی: توانایی به‌کارگیری آموخته‌های مرتبط با درس,ترنم همدلی,original,1405
یازدهم,انسانی,ریاضی و آمار,ریاضی و آمار,بخش 1,آمار,تکمیل بانک,متوسط,درس ریاضی و آمار بیشتر بر کدام حوزه تمرکز دارد؟,مفاهیم ریاضی، آمار و تحلیل داده,حفظ اطلاعات نامرتبط,موضوعات خارج از برنامه,فقط فعالیت ورزشی,A,پاسخ درست بر اساس مفهوم کلی درس ریاضی و آمار: مفاهیم ریاضی، آمار و تحلیل داده,ترنم همدلی,original,1405
یازدهم,انسانی,ریاضی و آمار,ریاضی و آمار,بخش 1,آمار,تکمیل بانک,متوسط,کدام گزینه نمونه‌ای از یادگیری در درس ریاضی و آمار است؟,مفاهیم ریاضی، آمار و تحلیل داده,انجام کاری بی‌ارتباط با درس,نادیده گرفتن تمرین,حذف مرور,A,پاسخ درست بر اساس مفهوم کلی درس ریاضی و آمار: مفاهیم ریاضی، آمار و تحلیل داده,ترنم همدلی,original,1405
یازدهم,انسانی,ریاضی و آمار,ریاضی و آمار,بخش 1,آمار,تکمیل بانک,متوسط,برای پیشرفت در درس ریاضی و آمار کدام روش مناسب‌تر است؟,مطالعه مفاهیم و تمرین متناسب با درس,حفظ پاسخ بدون فهم,حذف تمرین,مطالعه بدون مرور,A,پاسخ درست بر اساس مفهوم کلی درس ریاضی و آمار: مطالعه مفاهیم و تمرین متناسب با درس,ترنم همدلی,original,1405
یازدهم,انسانی,ریاضی و آمار,ریاضی و آمار,بخش 1,آمار,تکمیل بانک,متوسط,در ارزیابی درس ریاضی و آمار کدام مورد اهمیت بیشتری دارد؟,توانایی به‌کارگیری آموخته‌های مرتبط با درس,سرعت پاسخ بدون دقت,حدس زدن همه پاسخ‌ها,حذف سؤال‌های دشوار,A,پاسخ درست بر اساس مفهوم کلی درس ریاضی و آمار: توانایی به‌کارگیری آموخته‌های مرتبط با درس,ترنم همدلی,original,1405
یازدهم,انسانی,تاریخ,تاریخ,بخش 1,منبع تاریخی,تکمیل بانک,متوسط,درس تاریخ بیشتر بر کدام حوزه تمرکز دارد؟,شناخت رویدادها و روندهای تاریخی,حفظ اطلاعات نامرتبط,موضوعات خارج از برنامه,فقط فعالیت ورزشی,A,پاسخ درست بر اساس مفهوم کلی درس تاریخ: شناخت رویدادها و روندهای تاریخی,ترنم همدلی,original,1405
یازدهم,انسانی,تاریخ,تاریخ,بخش 1,منبع تاریخی,تکمیل بانک,متوسط,کدام گزینه نمونه‌ای از یادگیری در درس تاریخ است؟,شناخت رویدادها و روندهای تاریخی,انجام کاری بی‌ارتباط با درس,نادیده گرفتن تمرین,حذف مرور,A,پاسخ درست بر اساس مفهوم کلی درس تاریخ: شناخت رویدادها و روندهای تاریخی,ترنم همدلی,original,1405
یازدهم,انسانی,تاریخ,تاریخ,بخش 1,منبع تاریخی,تکمیل بانک,متوسط,برای پیشرفت در درس تاریخ کدام روش مناسب‌تر است؟,مطالعه مفاهیم و تمرین متناسب با درس,حفظ پاسخ بدون فهم,حذف تمرین,مطالعه بدون مرور,A,پاسخ درست بر اساس مفهوم کلی درس تاریخ: مطالعه مفاهیم و تمرین متناسب با درس,ترنم همدلی,original,1405
یازدهم,انسانی,تاریخ,تاریخ,بخش 1,منبع تاریخی,تکمیل بانک,متوسط,در ارزیابی درس تاریخ کدام مورد اهمیت بیشتری دارد؟,توانایی به‌کارگیری آموخته‌های مرتبط با درس,سرعت پاسخ بدون دقت,حدس زدن همه پاسخ‌ها,حذف سؤال‌های دشوار,A,پاسخ درست بر اساس مفهوم کلی درس تاریخ: توانایی به‌کارگیری آموخته‌های مرتبط با درس,ترنم همدلی,original,1405
یازدهم,انسانی,جغرافیا,جغرافیا,بخش 1,نقشه,تکمیل بانک,متوسط,درس جغرافیا بیشتر بر کدام حوزه تمرکز دارد؟,شناخت پدیده‌های مکانی و رابطه انسان و محیط,حفظ اطلاعات نامرتبط,موضوعات خارج از برنامه,فقط فعالیت ورزشی,A,پاسخ درست بر اساس مفهوم کلی درس جغرافیا: شناخت پدیده‌های مکانی و رابطه انسان و محیط,ترنم همدلی,original,1405
یازدهم,انسانی,جغرافیا,جغرافیا,بخش 1,نقشه,تکمیل بانک,متوسط,کدام گزینه نمونه‌ای از یادگیری در درس جغرافیا است؟,شناخت پدیده‌های مکانی و رابطه انسان و محیط,انجام کاری بی‌ارتباط با درس,نادیده گرفتن تمرین,حذف مرور,A,پاسخ درست بر اساس مفهوم کلی درس جغرافیا: شناخت پدیده‌های مکانی و رابطه انسان و محیط,ترنم همدلی,original,1405
یازدهم,انسانی,جغرافیا,جغرافیا,بخش 1,نقشه,تکمیل بانک,متوسط,برای پیشرفت در درس جغرافیا کدام روش مناسب‌تر است؟,مطالعه مفاهیم و تمرین متناسب با درس,حفظ پاسخ بدون فهم,حذف تمرین,مطالعه بدون مرور,A,پاسخ درست بر اساس مفهوم کلی درس جغرافیا: مطالعه مفاهیم و تمرین متناسب با درس,ترنم همدلی,original,1405
یازدهم,انسانی,جغرافیا,جغرافیا,بخش 1,نقشه,تکمیل بانک,متوسط,در ارزیابی درس جغرافیا کدام مورد اهمیت بیشتری دارد؟,توانایی به‌کارگیری آموخته‌های مرتبط با درس,سرعت پاسخ بدون دقت,حدس زدن همه پاسخ‌ها,حذف سؤال‌های دشوار,A,پاسخ درست بر اساس مفهوم کلی درس جغرافیا: توانایی به‌کارگیری آموخته‌های مرتبط با درس,ترنم همدلی,original,1405
یازدهم,انسانی,جامعه‌شناسی,جامعه‌شناسی,بخش 1,کنش اجتماعی,تکمیل بانک,متوسط,درس جامعه‌شناسی بیشتر بر کدام حوزه تمرکز دارد؟,شناخت کنش‌ها، روابط و پدیده‌های اجتماعی,حفظ اطلاعات نامرتبط,موضوعات خارج از برنامه,فقط فعالیت ورزشی,A,پاسخ درست بر اساس مفهوم کلی درس جامعه‌شناسی: شناخت کنش‌ها، روابط و پدیده‌های اجتماعی,ترنم همدلی,original,1405
یازدهم,انسانی,جامعه‌شناسی,جامعه‌شناسی,بخش 1,کنش اجتماعی,تکمیل بانک,متوسط,کدام گزینه نمونه‌ای از یادگیری در درس جامعه‌شناسی است؟,شناخت کنش‌ها، روابط و پدیده‌های اجتماعی,انجام کاری بی‌ارتباط با درس,نادیده گرفتن تمرین,حذف مرور,A,پاسخ درست بر اساس مفهوم کلی درس جامعه‌شناسی: شناخت کنش‌ها، روابط و پدیده‌های اجتماعی,ترنم همدلی,original,1405
یازدهم,انسانی,جامعه‌شناسی,جامعه‌شناسی,بخش 1,کنش اجتماعی,تکمیل بانک,متوسط,برای پیشرفت در درس جامعه‌شناسی کدام روش مناسب‌تر است؟,مطالعه مفاهیم و تمرین متناسب با درس,حفظ پاسخ بدون فهم,حذف تمرین,مطالعه بدون مرور,A,پاسخ درست بر اساس مفهوم کلی درس جامعه‌شناسی: مطالعه مفاهیم و تمرین متناسب با درس,ترنم همدلی,original,1405
یازدهم,انسانی,جامعه‌شناسی,جامعه‌شناسی,بخش 1,کنش اجتماعی,تکمیل بانک,متوسط,در ارزیابی درس جامعه‌شناسی کدام مورد اهمیت بیشتری دارد؟,توانایی به‌کارگیری آموخته‌های مرتبط با درس,سرعت پاسخ بدون دقت,حدس زدن همه پاسخ‌ها,حذف سؤال‌های دشوار,A,پاسخ درست بر اساس مفهوم کلی درس جامعه‌شناسی: توانایی به‌کارگیری آموخته‌های مرتبط با درس,ترنم همدلی,original,1405
یازدهم,انسانی,روان‌شناسی,روان‌شناسی,بخش 1,یادگیری,تکمیل بانک,متوسط,درس روان‌شناسی بیشتر بر کدام حوزه تمرکز دارد؟,شناخت فرایندهای روانی و رفتار انسان,حفظ اطلاعات نامرتبط,موضوعات خارج از برنامه,فقط فعالیت ورزشی,A,پاسخ درست بر اساس مفهوم کلی درس روان‌شناسی: شناخت فرایندهای روانی و رفتار انسان,ترنم همدلی,original,1405
یازدهم,انسانی,روان‌شناسی,روان‌شناسی,بخش 1,یادگیری,تکمیل بانک,متوسط,کدام گزینه نمونه‌ای از یادگیری در درس روان‌شناسی است؟,شناخت فرایندهای روانی و رفتار انسان,انجام کاری بی‌ارتباط با درس,نادیده گرفتن تمرین,حذف مرور,A,پاسخ درست بر اساس مفهوم کلی درس روان‌شناسی: شناخت فرایندهای روانی و رفتار انسان,ترنم همدلی,original,1405
یازدهم,انسانی,روان‌شناسی,روان‌شناسی,بخش 1,یادگیری,تکمیل بانک,متوسط,برای پیشرفت در درس روان‌شناسی کدام روش مناسب‌تر است؟,مطالعه مفاهیم و تمرین متناسب با درس,حفظ پاسخ بدون فهم,حذف تمرین,مطالعه بدون مرور,A,پاسخ درست بر اساس مفهوم کلی درس روان‌شناسی: مطالعه مفاهیم و تمرین متناسب با درس,ترنم همدلی,original,1405
یازدهم,انسانی,روان‌شناسی,روان‌شناسی,بخش 1,یادگیری,تکمیل بانک,متوسط,در ارزیابی درس روان‌شناسی کدام مورد اهمیت بیشتری دارد؟,توانایی به‌کارگیری آموخته‌های مرتبط با درس,سرعت پاسخ بدون دقت,حدس زدن همه پاسخ‌ها,حذف سؤال‌های دشوار,A,پاسخ درست بر اساس مفهوم کلی درس روان‌شناسی: توانایی به‌کارگیری آموخته‌های مرتبط با درس,ترنم همدلی,original,1405
یازدهم,انسانی,فلسفه,فلسفه,بخش 1,تعریف فلسفه,تکمیل بانک,متوسط,درس فلسفه بیشتر بر کدام حوزه تمرکز دارد؟,پرسش‌های بنیادین و استدلال فلسفی,حفظ اطلاعات نامرتبط,موضوعات خارج از برنامه,فقط فعالیت ورزشی,A,پاسخ درست بر اساس مفهوم کلی درس فلسفه: پرسش‌های بنیادین و استدلال فلسفی,ترنم همدلی,original,1405
یازدهم,انسانی,فلسفه,فلسفه,بخش 1,تعریف فلسفه,تکمیل بانک,متوسط,کدام گزینه نمونه‌ای از یادگیری در درس فلسفه است؟,پرسش‌های بنیادین و استدلال فلسفی,انجام کاری بی‌ارتباط با درس,نادیده گرفتن تمرین,حذف مرور,A,پاسخ درست بر اساس مفهوم کلی درس فلسفه: پرسش‌های بنیادین و استدلال فلسفی,ترنم همدلی,original,1405
یازدهم,انسانی,فلسفه,فلسفه,بخش 1,تعریف فلسفه,تکمیل بانک,متوسط,برای پیشرفت در درس فلسفه کدام روش مناسب‌تر است؟,مطالعه مفاهیم و تمرین متناسب با درس,حفظ پاسخ بدون فهم,حذف تمرین,مطالعه بدون مرور,A,پاسخ درست بر اساس مفهوم کلی درس فلسفه: مطالعه مفاهیم و تمرین متناسب با درس,ترنم همدلی,original,1405
یازدهم,انسانی,فلسفه,فلسفه,بخش 1,تعریف فلسفه,تکمیل بانک,متوسط,در ارزیابی درس فلسفه کدام مورد اهمیت بیشتری دارد؟,توانایی به‌کارگیری آموخته‌های مرتبط با درس,سرعت پاسخ بدون دقت,حدس زدن همه پاسخ‌ها,حذف سؤال‌های دشوار,A,پاسخ درست بر اساس مفهوم کلی درس فلسفه: توانایی به‌کارگیری آموخته‌های مرتبط با درس,ترنم همدلی,original,1405
دوازدهم,ریاضی,فارسی,فارسی,بخش 1,واژگان,تکمیل بانک,متوسط,درس فارسی بیشتر بر کدام حوزه تمرکز دارد؟,خواندن، واژگان، دستور، ادبیات و درک متن,حفظ اطلاعات نامرتبط,موضوعات خارج از برنامه,فقط فعالیت ورزشی,A,پاسخ درست بر اساس مفهوم کلی درس فارسی: خواندن، واژگان، دستور، ادبیات و درک متن,ترنم همدلی,original,1405
دوازدهم,ریاضی,فارسی,فارسی,بخش 1,واژگان,تکمیل بانک,متوسط,کدام گزینه نمونه‌ای از یادگیری در درس فارسی است؟,خواندن، واژگان، دستور، ادبیات و درک متن,انجام کاری بی‌ارتباط با درس,نادیده گرفتن تمرین,حذف مرور,A,پاسخ درست بر اساس مفهوم کلی درس فارسی: خواندن، واژگان، دستور، ادبیات و درک متن,ترنم همدلی,original,1405
دوازدهم,ریاضی,فارسی,فارسی,بخش 1,واژگان,تکمیل بانک,متوسط,برای پیشرفت در درس فارسی کدام روش مناسب‌تر است؟,مطالعه مفاهیم و تمرین متناسب با درس,حفظ پاسخ بدون فهم,حذف تمرین,مطالعه بدون مرور,A,پاسخ درست بر اساس مفهوم کلی درس فارسی: مطالعه مفاهیم و تمرین متناسب با درس,ترنم همدلی,original,1405
دوازدهم,ریاضی,فارسی,فارسی,بخش 1,واژگان,تکمیل بانک,متوسط,در ارزیابی درس فارسی کدام مورد اهمیت بیشتری دارد؟,توانایی به‌کارگیری آموخته‌های مرتبط با درس,سرعت پاسخ بدون دقت,حدس زدن همه پاسخ‌ها,حذف سؤال‌های دشوار,A,پاسخ درست بر اساس مفهوم کلی درس فارسی: توانایی به‌کارگیری آموخته‌های مرتبط با درس,ترنم همدلی,original,1405
دوازدهم,ریاضی,نگارش,نگارش,ارزیابی پایه,مفاهیم پایه,تکمیل بانک,متوسط,درس نگارش بیشتر بر کدام حوزه تمرکز دارد؟,مهارت نوشتن، سازمان‌دهی و ویرایش متن,حفظ اطلاعات نامرتبط,موضوعات خارج از برنامه,فقط فعالیت ورزشی,A,پاسخ درست بر اساس مفهوم کلی درس نگارش: مهارت نوشتن، سازمان‌دهی و ویرایش متن,ترنم همدلی,original,1405
دوازدهم,ریاضی,نگارش,نگارش,ارزیابی پایه,مفاهیم پایه,تکمیل بانک,متوسط,کدام گزینه نمونه‌ای از یادگیری در درس نگارش است؟,مهارت نوشتن، سازمان‌دهی و ویرایش متن,انجام کاری بی‌ارتباط با درس,نادیده گرفتن تمرین,حذف مرور,A,پاسخ درست بر اساس مفهوم کلی درس نگارش: مهارت نوشتن، سازمان‌دهی و ویرایش متن,ترنم همدلی,original,1405
دوازدهم,ریاضی,نگارش,نگارش,ارزیابی پایه,مفاهیم پایه,تکمیل بانک,متوسط,برای پیشرفت در درس نگارش کدام روش مناسب‌تر است؟,مطالعه مفاهیم و تمرین متناسب با درس,حفظ پاسخ بدون فهم,حذف تمرین,مطالعه بدون مرور,A,پاسخ درست بر اساس مفهوم کلی درس نگارش: مطالعه مفاهیم و تمرین متناسب با درس,ترنم همدلی,original,1405
دوازدهم,ریاضی,نگارش,نگارش,ارزیابی پایه,مفاهیم پایه,تکمیل بانک,متوسط,در ارزیابی درس نگارش کدام مورد اهمیت بیشتری دارد؟,توانایی به‌کارگیری آموخته‌های مرتبط با درس,سرعت پاسخ بدون دقت,حدس زدن همه پاسخ‌ها,حذف سؤال‌های دشوار,A,پاسخ درست بر اساس مفهوم کلی درس نگارش: توانایی به‌کارگیری آموخته‌های مرتبط با درس,ترنم همدلی,original,1405
دوازدهم,ریاضی,نگارش,نگارش,ارزیابی پایه,مفاهیم پایه,تکمیل بانک,متوسط,اگر دانش‌آموز در نگارش اشتباه کند، بهترین اقدام چیست؟,تحلیل خطا و تمرین هدفمند,نادیده گرفتن خطا,حذف درس,تغییر پاسخ بدون بررسی,A,پاسخ درست بر اساس مفهوم کلی درس نگارش: تحلیل خطا و تمرین هدفمند,ترنم همدلی,original,1405
دوازدهم,ریاضی,نگارش,نگارش,ارزیابی پایه,مفاهیم پایه,تکمیل بانک,متوسط,کدام گزینه به مطالعه مؤثر نگارش نزدیک‌تر است؟,ترکیب فهم، تمرین و مرور,فقط خواندن سریع,فقط حفظ کردن گزینه‌ها,مطالعه بدون هدف,A,پاسخ درست بر اساس مفهوم کلی درس نگارش: ترکیب فهم، تمرین و مرور,ترنم همدلی,original,1405
دوازدهم,ریاضی,نگارش,نگارش,ارزیابی پایه,مفاهیم پایه,تکمیل بانک,متوسط,هدف یک آزمون آموزشی از درس نگارش چیست؟,شناسایی میزان یادگیری و نقاط نیازمند تقویت,صرفاً رتبه‌بندی دانش‌آموزان,حذف مباحث,افزایش تعداد سؤال بدون تحلیل,A,پاسخ درست بر اساس مفهوم کلی درس نگارش: شناسایی میزان یادگیری و نقاط نیازمند تقویت,ترنم همدلی,original,1405
دوازدهم,ریاضی,نگارش,نگارش,ارزیابی پایه,مفاهیم پایه,تکمیل بانک,متوسط,برای تشخیص ضعف در نگارش چه چیزی مفیدتر است؟,بررسی پاسخ‌ها و نوع خطاها,تعداد پیام‌های روزانه,حدس زدن علت ضعف,نادیده گرفتن نتیجه,A,پاسخ درست بر اساس مفهوم کلی درس نگارش: بررسی پاسخ‌ها و نوع خطاها,ترنم همدلی,original,1405
دوازدهم,ریاضی,نگارش,نگارش,ارزیابی پایه,مفاهیم پایه,تکمیل بانک,متوسط,کدام رفتار به یادگیری بهتر نگارش کمک می‌کند؟,تمرین منظم و رفع اشکال,مطالعه پراکنده بدون تمرین,حذف مرور,تکیه بر حدس,A,پاسخ درست بر اساس مفهوم کلی درس نگارش: تمرین منظم و رفع اشکال,ترنم همدلی,original,1405
دوازدهم,ریاضی,نگارش,نگارش,ارزیابی پایه,مفاهیم پایه,تکمیل بانک,متوسط,در مطالعه نگارش چرا مرور مهم است؟,برای تثبیت و بازیابی بهتر آموخته‌ها,برای حذف مطالب,برای افزایش زمان مطالعه بدون هدف,برای جلوگیری از تمرین,A,پاسخ درست بر اساس مفهوم کلی درس نگارش: برای تثبیت و بازیابی بهتر آموخته‌ها,ترنم همدلی,original,1405
دوازدهم,ریاضی,دین و زندگی,دین و زندگی,بخش 1,توحید,تکمیل بانک,متوسط,درس دین و زندگی بیشتر بر کدام حوزه تمرکز دارد؟,مفاهیم دینی، اخلاقی و معارف اسلامی,حفظ اطلاعات نامرتبط,موضوعات خارج از برنامه,فقط فعالیت ورزشی,A,پاسخ درست بر اساس مفهوم کلی درس دین و زندگی: مفاهیم دینی، اخلاقی و معارف اسلامی,ترنم همدلی,original,1405
دوازدهم,ریاضی,دین و زندگی,دین و زندگی,بخش 1,توحید,تکمیل بانک,متوسط,کدام گزینه نمونه‌ای از یادگیری در درس دین و زندگی است؟,مفاهیم دینی، اخلاقی و معارف اسلامی,انجام کاری بی‌ارتباط با درس,نادیده گرفتن تمرین,حذف مرور,A,پاسخ درست بر اساس مفهوم کلی درس دین و زندگی: مفاهیم دینی، اخلاقی و معارف اسلامی,ترنم همدلی,original,1405
دوازدهم,ریاضی,دین و زندگی,دین و زندگی,بخش 1,توحید,تکمیل بانک,متوسط,برای پیشرفت در درس دین و زندگی کدام روش مناسب‌تر است؟,مطالعه مفاهیم و تمرین متناسب با درس,حفظ پاسخ بدون فهم,حذف تمرین,مطالعه بدون مرور,A,پاسخ درست بر اساس مفهوم کلی درس دین و زندگی: مطالعه مفاهیم و تمرین متناسب با درس,ترنم همدلی,original,1405
دوازدهم,ریاضی,دین و زندگی,دین و زندگی,بخش 1,توحید,تکمیل بانک,متوسط,در ارزیابی درس دین و زندگی کدام مورد اهمیت بیشتری دارد؟,توانایی به‌کارگیری آموخته‌های مرتبط با درس,سرعت پاسخ بدون دقت,حدس زدن همه پاسخ‌ها,حذف سؤال‌های دشوار,A,پاسخ درست بر اساس مفهوم کلی درس دین و زندگی: توانایی به‌کارگیری آموخته‌های مرتبط با درس,ترنم همدلی,original,1405
دوازدهم,ریاضی,عربی,عربی,بخش 1,ترجمه,تکمیل بانک,متوسط,درس عربی بیشتر بر کدام حوزه تمرکز دارد؟,واژگان، ترجمه و ساختارهای زبانی عربی,حفظ اطلاعات نامرتبط,موضوعات خارج از برنامه,فقط فعالیت ورزشی,A,پاسخ درست بر اساس مفهوم کلی درس عربی: واژگان، ترجمه و ساختارهای زبانی عربی,ترنم همدلی,original,1405
دوازدهم,ریاضی,عربی,عربی,بخش 1,ترجمه,تکمیل بانک,متوسط,کدام گزینه نمونه‌ای از یادگیری در درس عربی است؟,واژگان، ترجمه و ساختارهای زبانی عربی,انجام کاری بی‌ارتباط با درس,نادیده گرفتن تمرین,حذف مرور,A,پاسخ درست بر اساس مفهوم کلی درس عربی: واژگان، ترجمه و ساختارهای زبانی عربی,ترنم همدلی,original,1405
دوازدهم,ریاضی,عربی,عربی,بخش 1,ترجمه,تکمیل بانک,متوسط,برای پیشرفت در درس عربی کدام روش مناسب‌تر است؟,مطالعه مفاهیم و تمرین متناسب با درس,حفظ پاسخ بدون فهم,حذف تمرین,مطالعه بدون مرور,A,پاسخ درست بر اساس مفهوم کلی درس عربی: مطالعه مفاهیم و تمرین متناسب با درس,ترنم همدلی,original,1405
دوازدهم,ریاضی,عربی,عربی,بخش 1,ترجمه,تکمیل بانک,متوسط,در ارزیابی درس عربی کدام مورد اهمیت بیشتری دارد؟,توانایی به‌کارگیری آموخته‌های مرتبط با درس,سرعت پاسخ بدون دقت,حدس زدن همه پاسخ‌ها,حذف سؤال‌های دشوار,A,پاسخ درست بر اساس مفهوم کلی درس عربی: توانایی به‌کارگیری آموخته‌های مرتبط با درس,ترنم همدلی,original,1405
دوازدهم,ریاضی,زبان انگلیسی,زبان انگلیسی,بخش 1,واژگان,تکمیل بانک,متوسط,درس زبان انگلیسی بیشتر بر کدام حوزه تمرکز دارد؟,واژگان، گرامر، خواندن و ارتباط به زبان انگلیسی,حفظ اطلاعات نامرتبط,موضوعات خارج از برنامه,فقط فعالیت ورزشی,A,پاسخ درست بر اساس مفهوم کلی درس زبان انگلیسی: واژگان، گرامر، خواندن و ارتباط به زبان انگلیسی,ترنم همدلی,original,1405
دوازدهم,ریاضی,زبان انگلیسی,زبان انگلیسی,بخش 1,واژگان,تکمیل بانک,متوسط,کدام گزینه نمونه‌ای از یادگیری در درس زبان انگلیسی است؟,واژگان، گرامر، خواندن و ارتباط به زبان انگلیسی,انجام کاری بی‌ارتباط با درس,نادیده گرفتن تمرین,حذف مرور,A,پاسخ درست بر اساس مفهوم کلی درس زبان انگلیسی: واژگان، گرامر، خواندن و ارتباط به زبان انگلیسی,ترنم همدلی,original,1405
دوازدهم,ریاضی,زبان انگلیسی,زبان انگلیسی,بخش 1,واژگان,تکمیل بانک,متوسط,برای پیشرفت در درس زبان انگلیسی کدام روش مناسب‌تر است؟,مطالعه مفاهیم و تمرین متناسب با درس,حفظ پاسخ بدون فهم,حذف تمرین,مطالعه بدون مرور,A,پاسخ درست بر اساس مفهوم کلی درس زبان انگلیسی: مطالعه مفاهیم و تمرین متناسب با درس,ترنم همدلی,original,1405
دوازدهم,ریاضی,زبان انگلیسی,زبان انگلیسی,بخش 1,واژگان,تکمیل بانک,متوسط,در ارزیابی درس زبان انگلیسی کدام مورد اهمیت بیشتری دارد؟,توانایی به‌کارگیری آموخته‌های مرتبط با درس,سرعت پاسخ بدون دقت,حدس زدن همه پاسخ‌ها,حذف سؤال‌های دشوار,A,پاسخ درست بر اساس مفهوم کلی درس زبان انگلیسی: توانایی به‌کارگیری آموخته‌های مرتبط با درس,ترنم همدلی,original,1405
دوازدهم,ریاضی,سلامت و بهداشت,سلامت و بهداشت,بخش 1,سلامت جسم,تکمیل بانک,متوسط,درس سلامت و بهداشت بیشتر بر کدام حوزه تمرکز دارد؟,سلامت جسمی، روانی و سبک زندگی سالم,حفظ اطلاعات نامرتبط,موضوعات خارج از برنامه,فقط فعالیت ورزشی,A,پاسخ درست بر اساس مفهوم کلی درس سلامت و بهداشت: سلامت جسمی، روانی و سبک زندگی سالم,ترنم همدلی,original,1405
دوازدهم,ریاضی,سلامت و بهداشت,سلامت و بهداشت,بخش 1,سلامت جسم,تکمیل بانک,متوسط,کدام گزینه نمونه‌ای از یادگیری در درس سلامت و بهداشت است؟,سلامت جسمی، روانی و سبک زندگی سالم,انجام کاری بی‌ارتباط با درس,نادیده گرفتن تمرین,حذف مرور,A,پاسخ درست بر اساس مفهوم کلی درس سلامت و بهداشت: سلامت جسمی، روانی و سبک زندگی سالم,ترنم همدلی,original,1405
دوازدهم,ریاضی,سلامت و بهداشت,سلامت و بهداشت,بخش 1,سلامت جسم,تکمیل بانک,متوسط,برای پیشرفت در درس سلامت و بهداشت کدام روش مناسب‌تر است؟,مطالعه مفاهیم و تمرین متناسب با درس,حفظ پاسخ بدون فهم,حذف تمرین,مطالعه بدون مرور,A,پاسخ درست بر اساس مفهوم کلی درس سلامت و بهداشت: مطالعه مفاهیم و تمرین متناسب با درس,ترنم همدلی,original,1405
دوازدهم,ریاضی,سلامت و بهداشت,سلامت و بهداشت,بخش 1,سلامت جسم,تکمیل بانک,متوسط,در ارزیابی درس سلامت و بهداشت کدام مورد اهمیت بیشتری دارد؟,توانایی به‌کارگیری آموخته‌های مرتبط با درس,سرعت پاسخ بدون دقت,حدس زدن همه پاسخ‌ها,حذف سؤال‌های دشوار,A,پاسخ درست بر اساس مفهوم کلی درس سلامت و بهداشت: توانایی به‌کارگیری آموخته‌های مرتبط با درس,ترنم همدلی,original,1405
دوازدهم,ریاضی,هویت اجتماعی,هویت اجتماعی,بخش 1,هویت,تکمیل بانک,متوسط,درس هویت اجتماعی بیشتر بر کدام حوزه تمرکز دارد؟,هویت، نقش‌ها و روابط اجتماعی,حفظ اطلاعات نامرتبط,موضوعات خارج از برنامه,فقط فعالیت ورزشی,A,پاسخ درست بر اساس مفهوم کلی درس هویت اجتماعی: هویت، نقش‌ها و روابط اجتماعی,ترنم همدلی,original,1405
دوازدهم,ریاضی,هویت اجتماعی,هویت اجتماعی,بخش 1,هویت,تکمیل بانک,متوسط,کدام گزینه نمونه‌ای از یادگیری در درس هویت اجتماعی است؟,هویت، نقش‌ها و روابط اجتماعی,انجام کاری بی‌ارتباط با درس,نادیده گرفتن تمرین,حذف مرور,A,پاسخ درست بر اساس مفهوم کلی درس هویت اجتماعی: هویت، نقش‌ها و روابط اجتماعی,ترنم همدلی,original,1405
دوازدهم,ریاضی,هویت اجتماعی,هویت اجتماعی,بخش 1,هویت,تکمیل بانک,متوسط,برای پیشرفت در درس هویت اجتماعی کدام روش مناسب‌تر است؟,مطالعه مفاهیم و تمرین متناسب با درس,حفظ پاسخ بدون فهم,حذف تمرین,مطالعه بدون مرور,A,پاسخ درست بر اساس مفهوم کلی درس هویت اجتماعی: مطالعه مفاهیم و تمرین متناسب با درس,ترنم همدلی,original,1405
دوازدهم,ریاضی,هویت اجتماعی,هویت اجتماعی,بخش 1,هویت,تکمیل بانک,متوسط,در ارزیابی درس هویت اجتماعی کدام مورد اهمیت بیشتری دارد؟,توانایی به‌کارگیری آموخته‌های مرتبط با درس,سرعت پاسخ بدون دقت,حدس زدن همه پاسخ‌ها,حذف سؤال‌های دشوار,A,پاسخ درست بر اساس مفهوم کلی درس هویت اجتماعی: توانایی به‌کارگیری آموخته‌های مرتبط با درس,ترنم همدلی,original,1405
دوازدهم,ریاضی,مدیریت خانواده و سبک زندگی,مدیریت خانواده و سبک زندگی,ارزیابی پایه,مفاهیم پایه,تکمیل بانک,متوسط,درس مدیریت خانواده و سبک زندگی بیشتر بر کدام حوزه تمرکز دارد؟,مهارت‌های زندگی، خانواده و تصمیم‌گیری,حفظ اطلاعات نامرتبط,موضوعات خارج از برنامه,فقط فعالیت ورزشی,A,پاسخ درست بر اساس مفهوم کلی درس مدیریت خانواده و سبک زندگی: مهارت‌های زندگی، خانواده و تصمیم‌گیری,ترنم همدلی,original,1405
دوازدهم,ریاضی,مدیریت خانواده و سبک زندگی,مدیریت خانواده و سبک زندگی,ارزیابی پایه,مفاهیم پایه,تکمیل بانک,متوسط,کدام گزینه نمونه‌ای از یادگیری در درس مدیریت خانواده و سبک زندگی است؟,مهارت‌های زندگی، خانواده و تصمیم‌گیری,انجام کاری بی‌ارتباط با درس,نادیده گرفتن تمرین,حذف مرور,A,پاسخ درست بر اساس مفهوم کلی درس مدیریت خانواده و سبک زندگی: مهارت‌های زندگی، خانواده و تصمیم‌گیری,ترنم همدلی,original,1405
دوازدهم,ریاضی,مدیریت خانواده و سبک زندگی,مدیریت خانواده و سبک زندگی,ارزیابی پایه,مفاهیم پایه,تکمیل بانک,متوسط,برای پیشرفت در درس مدیریت خانواده و سبک زندگی کدام روش مناسب‌تر است؟,مطالعه مفاهیم و تمرین متناسب با درس,حفظ پاسخ بدون فهم,حذف تمرین,مطالعه بدون مرور,A,پاسخ درست بر اساس مفهوم کلی درس مدیریت خانواده و سبک زندگی: مطالعه مفاهیم و تمرین متناسب با درس,ترنم همدلی,original,1405
دوازدهم,ریاضی,مدیریت خانواده و سبک زندگی,مدیریت خانواده و سبک زندگی,ارزیابی پایه,مفاهیم پایه,تکمیل بانک,متوسط,در ارزیابی درس مدیریت خانواده و سبک زندگی کدام مورد اهمیت بیشتری دارد؟,توانایی به‌کارگیری آموخته‌های مرتبط با درس,سرعت پاسخ بدون دقت,حدس زدن همه پاسخ‌ها,حذف سؤال‌های دشوار,A,پاسخ درست بر اساس مفهوم کلی درس مدیریت خانواده و سبک زندگی: توانایی به‌کارگیری آموخته‌های مرتبط با درس,ترنم همدلی,original,1405
دوازدهم,ریاضی,مدیریت خانواده و سبک زندگی,مدیریت خانواده و سبک زندگی,ارزیابی پایه,مفاهیم پایه,تکمیل بانک,متوسط,اگر دانش‌آموز در مدیریت خانواده و سبک زندگی اشتباه کند، بهترین اقدام چیست؟,تحلیل خطا و تمرین هدفمند,نادیده گرفتن خطا,حذف درس,تغییر پاسخ بدون بررسی,A,پاسخ درست بر اساس مفهوم کلی درس مدیریت خانواده و سبک زندگی: تحلیل خطا و تمرین هدفمند,ترنم همدلی,original,1405
دوازدهم,ریاضی,مدیریت خانواده و سبک زندگی,مدیریت خانواده و سبک زندگی,ارزیابی پایه,مفاهیم پایه,تکمیل بانک,متوسط,کدام گزینه به مطالعه مؤثر مدیریت خانواده و سبک زندگی نزدیک‌تر است؟,ترکیب فهم، تمرین و مرور,فقط خواندن سریع,فقط حفظ کردن گزینه‌ها,مطالعه بدون هدف,A,پاسخ درست بر اساس مفهوم کلی درس مدیریت خانواده و سبک زندگی: ترکیب فهم، تمرین و مرور,ترنم همدلی,original,1405
دوازدهم,ریاضی,مدیریت خانواده و سبک زندگی,مدیریت خانواده و سبک زندگی,ارزیابی پایه,مفاهیم پایه,تکمیل بانک,متوسط,هدف یک آزمون آموزشی از درس مدیریت خانواده و سبک زندگی چیست؟,شناسایی میزان یادگیری و نقاط نیازمند تقویت,صرفاً رتبه‌بندی دانش‌آموزان,حذف مباحث,افزایش تعداد سؤال بدون تحلیل,A,پاسخ درست بر اساس مفهوم کلی درس مدیریت خانواده و سبک زندگی: شناسایی میزان یادگیری و نقاط نیازمند تقویت,ترنم همدلی,original,1405
دوازدهم,ریاضی,مدیریت خانواده و سبک زندگی,مدیریت خانواده و سبک زندگی,ارزیابی پایه,مفاهیم پایه,تکمیل بانک,متوسط,برای تشخیص ضعف در مدیریت خانواده و سبک زندگی چه چیزی مفیدتر است؟,بررسی پاسخ‌ها و نوع خطاها,تعداد پیام‌های روزانه,حدس زدن علت ضعف,نادیده گرفتن نتیجه,A,پاسخ درست بر اساس مفهوم کلی درس مدیریت خانواده و سبک زندگی: بررسی پاسخ‌ها و نوع خطاها,ترنم همدلی,original,1405
دوازدهم,ریاضی,مدیریت خانواده و سبک زندگی,مدیریت خانواده و سبک زندگی,ارزیابی پایه,مفاهیم پایه,تکمیل بانک,متوسط,کدام رفتار به یادگیری بهتر مدیریت خانواده و سبک زندگی کمک می‌کند؟,تمرین منظم و رفع اشکال,مطالعه پراکنده بدون تمرین,حذف مرور,تکیه بر حدس,A,پاسخ درست بر اساس مفهوم کلی درس مدیریت خانواده و سبک زندگی: تمرین منظم و رفع اشکال,ترنم همدلی,original,1405
دوازدهم,ریاضی,مدیریت خانواده و سبک زندگی,مدیریت خانواده و سبک زندگی,ارزیابی پایه,مفاهیم پایه,تکمیل بانک,متوسط,در مطالعه مدیریت خانواده و سبک زندگی چرا مرور مهم است؟,برای تثبیت و بازیابی بهتر آموخته‌ها,برای حذف مطالب,برای افزایش زمان مطالعه بدون هدف,برای جلوگیری از تمرین,A,پاسخ درست بر اساس مفهوم کلی درس مدیریت خانواده و سبک زندگی: برای تثبیت و بازیابی بهتر آموخته‌ها,ترنم همدلی,original,1405
دوازدهم,ریاضی,حسابان,حسابان,ارزیابی پایه,مفاهیم پایه,تکمیل بانک,متوسط,درس حسابان بیشتر بر کدام حوزه تمرکز دارد؟,توابع، حد، مشتق و مفاهیم حسابان,حفظ اطلاعات نامرتبط,موضوعات خارج از برنامه,فقط فعالیت ورزشی,A,پاسخ درست بر اساس مفهوم کلی درس حسابان: توابع، حد، مشتق و مفاهیم حسابان,ترنم همدلی,original,1405
دوازدهم,ریاضی,حسابان,حسابان,ارزیابی پایه,مفاهیم پایه,تکمیل بانک,متوسط,کدام گزینه نمونه‌ای از یادگیری در درس حسابان است؟,توابع، حد، مشتق و مفاهیم حسابان,انجام کاری بی‌ارتباط با درس,نادیده گرفتن تمرین,حذف مرور,A,پاسخ درست بر اساس مفهوم کلی درس حسابان: توابع، حد، مشتق و مفاهیم حسابان,ترنم همدلی,original,1405
دوازدهم,ریاضی,حسابان,حسابان,ارزیابی پایه,مفاهیم پایه,تکمیل بانک,متوسط,برای پیشرفت در درس حسابان کدام روش مناسب‌تر است؟,مطالعه مفاهیم و تمرین متناسب با درس,حفظ پاسخ بدون فهم,حذف تمرین,مطالعه بدون مرور,A,پاسخ درست بر اساس مفهوم کلی درس حسابان: مطالعه مفاهیم و تمرین متناسب با درس,ترنم همدلی,original,1405
دوازدهم,ریاضی,حسابان,حسابان,ارزیابی پایه,مفاهیم پایه,تکمیل بانک,متوسط,در ارزیابی درس حسابان کدام مورد اهمیت بیشتری دارد؟,توانایی به‌کارگیری آموخته‌های مرتبط با درس,سرعت پاسخ بدون دقت,حدس زدن همه پاسخ‌ها,حذف سؤال‌های دشوار,A,پاسخ درست بر اساس مفهوم کلی درس حسابان: توانایی به‌کارگیری آموخته‌های مرتبط با درس,ترنم همدلی,original,1405
دوازدهم,ریاضی,حسابان,حسابان,ارزیابی پایه,مفاهیم پایه,تکمیل بانک,متوسط,اگر دانش‌آموز در حسابان اشتباه کند، بهترین اقدام چیست؟,تحلیل خطا و تمرین هدفمند,نادیده گرفتن خطا,حذف درس,تغییر پاسخ بدون بررسی,A,پاسخ درست بر اساس مفهوم کلی درس حسابان: تحلیل خطا و تمرین هدفمند,ترنم همدلی,original,1405
دوازدهم,ریاضی,حسابان,حسابان,ارزیابی پایه,مفاهیم پایه,تکمیل بانک,متوسط,کدام گزینه به مطالعه مؤثر حسابان نزدیک‌تر است؟,ترکیب فهم، تمرین و مرور,فقط خواندن سریع,فقط حفظ کردن گزینه‌ها,مطالعه بدون هدف,A,پاسخ درست بر اساس مفهوم کلی درس حسابان: ترکیب فهم، تمرین و مرور,ترنم همدلی,original,1405
دوازدهم,ریاضی,حسابان,حسابان,ارزیابی پایه,مفاهیم پایه,تکمیل بانک,متوسط,هدف یک آزمون آموزشی از درس حسابان چیست؟,شناسایی میزان یادگیری و نقاط نیازمند تقویت,صرفاً رتبه‌بندی دانش‌آموزان,حذف مباحث,افزایش تعداد سؤال بدون تحلیل,A,پاسخ درست بر اساس مفهوم کلی درس حسابان: شناسایی میزان یادگیری و نقاط نیازمند تقویت,ترنم همدلی,original,1405
دوازدهم,ریاضی,حسابان,حسابان,ارزیابی پایه,مفاهیم پایه,تکمیل بانک,متوسط,برای تشخیص ضعف در حسابان چه چیزی مفیدتر است؟,بررسی پاسخ‌ها و نوع خطاها,تعداد پیام‌های روزانه,حدس زدن علت ضعف,نادیده گرفتن نتیجه,A,پاسخ درست بر اساس مفهوم کلی درس حسابان: بررسی پاسخ‌ها و نوع خطاها,ترنم همدلی,original,1405
دوازدهم,ریاضی,حسابان,حسابان,ارزیابی پایه,مفاهیم پایه,تکمیل بانک,متوسط,کدام رفتار به یادگیری بهتر حسابان کمک می‌کند؟,تمرین منظم و رفع اشکال,مطالعه پراکنده بدون تمرین,حذف مرور,تکیه بر حدس,A,پاسخ درست بر اساس مفهوم کلی درس حسابان: تمرین منظم و رفع اشکال,ترنم همدلی,original,1405
دوازدهم,ریاضی,حسابان,حسابان,ارزیابی پایه,مفاهیم پایه,تکمیل بانک,متوسط,در مطالعه حسابان چرا مرور مهم است؟,برای تثبیت و بازیابی بهتر آموخته‌ها,برای حذف مطالب,برای افزایش زمان مطالعه بدون هدف,برای جلوگیری از تمرین,A,پاسخ درست بر اساس مفهوم کلی درس حسابان: برای تثبیت و بازیابی بهتر آموخته‌ها,ترنم همدلی,original,1405
دوازدهم,ریاضی,هندسه,هندسه,ارزیابی پایه,مفاهیم پایه,تکمیل بانک,متوسط,درس هندسه بیشتر بر کدام حوزه تمرکز دارد؟,اشکال، روابط هندسی و استدلال هندسی,حفظ اطلاعات نامرتبط,موضوعات خارج از برنامه,فقط فعالیت ورزشی,A,پاسخ درست بر اساس مفهوم کلی درس هندسه: اشکال، روابط هندسی و استدلال هندسی,ترنم همدلی,original,1405
دوازدهم,ریاضی,هندسه,هندسه,ارزیابی پایه,مفاهیم پایه,تکمیل بانک,متوسط,کدام گزینه نمونه‌ای از یادگیری در درس هندسه است؟,اشکال، روابط هندسی و استدلال هندسی,انجام کاری بی‌ارتباط با درس,نادیده گرفتن تمرین,حذف مرور,A,پاسخ درست بر اساس مفهوم کلی درس هندسه: اشکال، روابط هندسی و استدلال هندسی,ترنم همدلی,original,1405
دوازدهم,ریاضی,هندسه,هندسه,ارزیابی پایه,مفاهیم پایه,تکمیل بانک,متوسط,برای پیشرفت در درس هندسه کدام روش مناسب‌تر است؟,مطالعه مفاهیم و تمرین متناسب با درس,حفظ پاسخ بدون فهم,حذف تمرین,مطالعه بدون مرور,A,پاسخ درست بر اساس مفهوم کلی درس هندسه: مطالعه مفاهیم و تمرین متناسب با درس,ترنم همدلی,original,1405
دوازدهم,ریاضی,هندسه,هندسه,ارزیابی پایه,مفاهیم پایه,تکمیل بانک,متوسط,در ارزیابی درس هندسه کدام مورد اهمیت بیشتری دارد؟,توانایی به‌کارگیری آموخته‌های مرتبط با درس,سرعت پاسخ بدون دقت,حدس زدن همه پاسخ‌ها,حذف سؤال‌های دشوار,A,پاسخ درست بر اساس مفهوم کلی درس هندسه: توانایی به‌کارگیری آموخته‌های مرتبط با درس,ترنم همدلی,original,1405
دوازدهم,ریاضی,هندسه,هندسه,ارزیابی پایه,مفاهیم پایه,تکمیل بانک,متوسط,اگر دانش‌آموز در هندسه اشتباه کند، بهترین اقدام چیست؟,تحلیل خطا و تمرین هدفمند,نادیده گرفتن خطا,حذف درس,تغییر پاسخ بدون بررسی,A,پاسخ درست بر اساس مفهوم کلی درس هندسه: تحلیل خطا و تمرین هدفمند,ترنم همدلی,original,1405
دوازدهم,ریاضی,هندسه,هندسه,ارزیابی پایه,مفاهیم پایه,تکمیل بانک,متوسط,کدام گزینه به مطالعه مؤثر هندسه نزدیک‌تر است؟,ترکیب فهم، تمرین و مرور,فقط خواندن سریع,فقط حفظ کردن گزینه‌ها,مطالعه بدون هدف,A,پاسخ درست بر اساس مفهوم کلی درس هندسه: ترکیب فهم، تمرین و مرور,ترنم همدلی,original,1405
دوازدهم,ریاضی,هندسه,هندسه,ارزیابی پایه,مفاهیم پایه,تکمیل بانک,متوسط,هدف یک آزمون آموزشی از درس هندسه چیست؟,شناسایی میزان یادگیری و نقاط نیازمند تقویت,صرفاً رتبه‌بندی دانش‌آموزان,حذف مباحث,افزایش تعداد سؤال بدون تحلیل,A,پاسخ درست بر اساس مفهوم کلی درس هندسه: شناسایی میزان یادگیری و نقاط نیازمند تقویت,ترنم همدلی,original,1405
دوازدهم,ریاضی,هندسه,هندسه,ارزیابی پایه,مفاهیم پایه,تکمیل بانک,متوسط,برای تشخیص ضعف در هندسه چه چیزی مفیدتر است؟,بررسی پاسخ‌ها و نوع خطاها,تعداد پیام‌های روزانه,حدس زدن علت ضعف,نادیده گرفتن نتیجه,A,پاسخ درست بر اساس مفهوم کلی درس هندسه: بررسی پاسخ‌ها و نوع خطاها,ترنم همدلی,original,1405
دوازدهم,ریاضی,هندسه,هندسه,ارزیابی پایه,مفاهیم پایه,تکمیل بانک,متوسط,کدام رفتار به یادگیری بهتر هندسه کمک می‌کند؟,تمرین منظم و رفع اشکال,مطالعه پراکنده بدون تمرین,حذف مرور,تکیه بر حدس,A,پاسخ درست بر اساس مفهوم کلی درس هندسه: تمرین منظم و رفع اشکال,ترنم همدلی,original,1405
دوازدهم,ریاضی,هندسه,هندسه,ارزیابی پایه,مفاهیم پایه,تکمیل بانک,متوسط,در مطالعه هندسه چرا مرور مهم است؟,برای تثبیت و بازیابی بهتر آموخته‌ها,برای حذف مطالب,برای افزایش زمان مطالعه بدون هدف,برای جلوگیری از تمرین,A,پاسخ درست بر اساس مفهوم کلی درس هندسه: برای تثبیت و بازیابی بهتر آموخته‌ها,ترنم همدلی,original,1405
دوازدهم,ریاضی,ریاضیات گسسته,ریاضیات گسسته,ارزیابی پایه,مفاهیم پایه,تکمیل بانک,متوسط,درس ریاضیات گسسته بیشتر بر کدام حوزه تمرکز دارد؟,مفاهیم گسسته، منطق، شمارش و گراف,حفظ اطلاعات نامرتبط,موضوعات خارج از برنامه,فقط فعالیت ورزشی,A,پاسخ درست بر اساس مفهوم کلی درس ریاضیات گسسته: مفاهیم گسسته، منطق، شمارش و گراف,ترنم همدلی,original,1405
دوازدهم,ریاضی,ریاضیات گسسته,ریاضیات گسسته,ارزیابی پایه,مفاهیم پایه,تکمیل بانک,متوسط,کدام گزینه نمونه‌ای از یادگیری در درس ریاضیات گسسته است؟,مفاهیم گسسته، منطق، شمارش و گراف,انجام کاری بی‌ارتباط با درس,نادیده گرفتن تمرین,حذف مرور,A,پاسخ درست بر اساس مفهوم کلی درس ریاضیات گسسته: مفاهیم گسسته، منطق، شمارش و گراف,ترنم همدلی,original,1405
دوازدهم,ریاضی,ریاضیات گسسته,ریاضیات گسسته,ارزیابی پایه,مفاهیم پایه,تکمیل بانک,متوسط,برای پیشرفت در درس ریاضیات گسسته کدام روش مناسب‌تر است؟,مطالعه مفاهیم و تمرین متناسب با درس,حفظ پاسخ بدون فهم,حذف تمرین,مطالعه بدون مرور,A,پاسخ درست بر اساس مفهوم کلی درس ریاضیات گسسته: مطالعه مفاهیم و تمرین متناسب با درس,ترنم همدلی,original,1405
دوازدهم,ریاضی,ریاضیات گسسته,ریاضیات گسسته,ارزیابی پایه,مفاهیم پایه,تکمیل بانک,متوسط,در ارزیابی درس ریاضیات گسسته کدام مورد اهمیت بیشتری دارد؟,توانایی به‌کارگیری آموخته‌های مرتبط با درس,سرعت پاسخ بدون دقت,حدس زدن همه پاسخ‌ها,حذف سؤال‌های دشوار,A,پاسخ درست بر اساس مفهوم کلی درس ریاضیات گسسته: توانایی به‌کارگیری آموخته‌های مرتبط با درس,ترنم همدلی,original,1405
دوازدهم,ریاضی,ریاضیات گسسته,ریاضیات گسسته,ارزیابی پایه,مفاهیم پایه,تکمیل بانک,متوسط,اگر دانش‌آموز در ریاضیات گسسته اشتباه کند، بهترین اقدام چیست؟,تحلیل خطا و تمرین هدفمند,نادیده گرفتن خطا,حذف درس,تغییر پاسخ بدون بررسی,A,پاسخ درست بر اساس مفهوم کلی درس ریاضیات گسسته: تحلیل خطا و تمرین هدفمند,ترنم همدلی,original,1405
دوازدهم,ریاضی,ریاضیات گسسته,ریاضیات گسسته,ارزیابی پایه,مفاهیم پایه,تکمیل بانک,متوسط,کدام گزینه به مطالعه مؤثر ریاضیات گسسته نزدیک‌تر است؟,ترکیب فهم، تمرین و مرور,فقط خواندن سریع,فقط حفظ کردن گزینه‌ها,مطالعه بدون هدف,A,پاسخ درست بر اساس مفهوم کلی درس ریاضیات گسسته: ترکیب فهم، تمرین و مرور,ترنم همدلی,original,1405
دوازدهم,ریاضی,ریاضیات گسسته,ریاضیات گسسته,ارزیابی پایه,مفاهیم پایه,تکمیل بانک,متوسط,هدف یک آزمون آموزشی از درس ریاضیات گسسته چیست؟,شناسایی میزان یادگیری و نقاط نیازمند تقویت,صرفاً رتبه‌بندی دانش‌آموزان,حذف مباحث,افزایش تعداد سؤال بدون تحلیل,A,پاسخ درست بر اساس مفهوم کلی درس ریاضیات گسسته: شناسایی میزان یادگیری و نقاط نیازمند تقویت,ترنم همدلی,original,1405
دوازدهم,ریاضی,ریاضیات گسسته,ریاضیات گسسته,ارزیابی پایه,مفاهیم پایه,تکمیل بانک,متوسط,برای تشخیص ضعف در ریاضیات گسسته چه چیزی مفیدتر است؟,بررسی پاسخ‌ها و نوع خطاها,تعداد پیام‌های روزانه,حدس زدن علت ضعف,نادیده گرفتن نتیجه,A,پاسخ درست بر اساس مفهوم کلی درس ریاضیات گسسته: بررسی پاسخ‌ها و نوع خطاها,ترنم همدلی,original,1405
دوازدهم,ریاضی,ریاضیات گسسته,ریاضیات گسسته,ارزیابی پایه,مفاهیم پایه,تکمیل بانک,متوسط,کدام رفتار به یادگیری بهتر ریاضیات گسسته کمک می‌کند؟,تمرین منظم و رفع اشکال,مطالعه پراکنده بدون تمرین,حذف مرور,تکیه بر حدس,A,پاسخ درست بر اساس مفهوم کلی درس ریاضیات گسسته: تمرین منظم و رفع اشکال,ترنم همدلی,original,1405
دوازدهم,ریاضی,ریاضیات گسسته,ریاضیات گسسته,ارزیابی پایه,مفاهیم پایه,تکمیل بانک,متوسط,در مطالعه ریاضیات گسسته چرا مرور مهم است؟,برای تثبیت و بازیابی بهتر آموخته‌ها,برای حذف مطالب,برای افزایش زمان مطالعه بدون هدف,برای جلوگیری از تمرین,A,پاسخ درست بر اساس مفهوم کلی درس ریاضیات گسسته: برای تثبیت و بازیابی بهتر آموخته‌ها,ترنم همدلی,original,1405
دوازدهم,تجربی,فارسی,فارسی,بخش 1,واژگان,تکمیل بانک,متوسط,درس فارسی بیشتر بر کدام حوزه تمرکز دارد؟,خواندن، واژگان، دستور، ادبیات و درک متن,حفظ اطلاعات نامرتبط,موضوعات خارج از برنامه,فقط فعالیت ورزشی,A,پاسخ درست بر اساس مفهوم کلی درس فارسی: خواندن، واژگان، دستور، ادبیات و درک متن,ترنم همدلی,original,1405
دوازدهم,تجربی,فارسی,فارسی,بخش 1,واژگان,تکمیل بانک,متوسط,کدام گزینه نمونه‌ای از یادگیری در درس فارسی است؟,خواندن، واژگان، دستور، ادبیات و درک متن,انجام کاری بی‌ارتباط با درس,نادیده گرفتن تمرین,حذف مرور,A,پاسخ درست بر اساس مفهوم کلی درس فارسی: خواندن، واژگان، دستور، ادبیات و درک متن,ترنم همدلی,original,1405
دوازدهم,تجربی,فارسی,فارسی,بخش 1,واژگان,تکمیل بانک,متوسط,برای پیشرفت در درس فارسی کدام روش مناسب‌تر است؟,مطالعه مفاهیم و تمرین متناسب با درس,حفظ پاسخ بدون فهم,حذف تمرین,مطالعه بدون مرور,A,پاسخ درست بر اساس مفهوم کلی درس فارسی: مطالعه مفاهیم و تمرین متناسب با درس,ترنم همدلی,original,1405
دوازدهم,تجربی,فارسی,فارسی,بخش 1,واژگان,تکمیل بانک,متوسط,در ارزیابی درس فارسی کدام مورد اهمیت بیشتری دارد؟,توانایی به‌کارگیری آموخته‌های مرتبط با درس,سرعت پاسخ بدون دقت,حدس زدن همه پاسخ‌ها,حذف سؤال‌های دشوار,A,پاسخ درست بر اساس مفهوم کلی درس فارسی: توانایی به‌کارگیری آموخته‌های مرتبط با درس,ترنم همدلی,original,1405
دوازدهم,تجربی,نگارش,نگارش,ارزیابی پایه,مفاهیم پایه,تکمیل بانک,متوسط,درس نگارش بیشتر بر کدام حوزه تمرکز دارد؟,مهارت نوشتن، سازمان‌دهی و ویرایش متن,حفظ اطلاعات نامرتبط,موضوعات خارج از برنامه,فقط فعالیت ورزشی,A,پاسخ درست بر اساس مفهوم کلی درس نگارش: مهارت نوشتن، سازمان‌دهی و ویرایش متن,ترنم همدلی,original,1405
دوازدهم,تجربی,نگارش,نگارش,ارزیابی پایه,مفاهیم پایه,تکمیل بانک,متوسط,کدام گزینه نمونه‌ای از یادگیری در درس نگارش است؟,مهارت نوشتن، سازمان‌دهی و ویرایش متن,انجام کاری بی‌ارتباط با درس,نادیده گرفتن تمرین,حذف مرور,A,پاسخ درست بر اساس مفهوم کلی درس نگارش: مهارت نوشتن، سازمان‌دهی و ویرایش متن,ترنم همدلی,original,1405
دوازدهم,تجربی,نگارش,نگارش,ارزیابی پایه,مفاهیم پایه,تکمیل بانک,متوسط,برای پیشرفت در درس نگارش کدام روش مناسب‌تر است؟,مطالعه مفاهیم و تمرین متناسب با درس,حفظ پاسخ بدون فهم,حذف تمرین,مطالعه بدون مرور,A,پاسخ درست بر اساس مفهوم کلی درس نگارش: مطالعه مفاهیم و تمرین متناسب با درس,ترنم همدلی,original,1405
دوازدهم,تجربی,نگارش,نگارش,ارزیابی پایه,مفاهیم پایه,تکمیل بانک,متوسط,در ارزیابی درس نگارش کدام مورد اهمیت بیشتری دارد؟,توانایی به‌کارگیری آموخته‌های مرتبط با درس,سرعت پاسخ بدون دقت,حدس زدن همه پاسخ‌ها,حذف سؤال‌های دشوار,A,پاسخ درست بر اساس مفهوم کلی درس نگارش: توانایی به‌کارگیری آموخته‌های مرتبط با درس,ترنم همدلی,original,1405
دوازدهم,تجربی,نگارش,نگارش,ارزیابی پایه,مفاهیم پایه,تکمیل بانک,متوسط,اگر دانش‌آموز در نگارش اشتباه کند، بهترین اقدام چیست؟,تحلیل خطا و تمرین هدفمند,نادیده گرفتن خطا,حذف درس,تغییر پاسخ بدون بررسی,A,پاسخ درست بر اساس مفهوم کلی درس نگارش: تحلیل خطا و تمرین هدفمند,ترنم همدلی,original,1405
دوازدهم,تجربی,نگارش,نگارش,ارزیابی پایه,مفاهیم پایه,تکمیل بانک,متوسط,کدام گزینه به مطالعه مؤثر نگارش نزدیک‌تر است؟,ترکیب فهم، تمرین و مرور,فقط خواندن سریع,فقط حفظ کردن گزینه‌ها,مطالعه بدون هدف,A,پاسخ درست بر اساس مفهوم کلی درس نگارش: ترکیب فهم، تمرین و مرور,ترنم همدلی,original,1405
دوازدهم,تجربی,نگارش,نگارش,ارزیابی پایه,مفاهیم پایه,تکمیل بانک,متوسط,هدف یک آزمون آموزشی از درس نگارش چیست؟,شناسایی میزان یادگیری و نقاط نیازمند تقویت,صرفاً رتبه‌بندی دانش‌آموزان,حذف مباحث,افزایش تعداد سؤال بدون تحلیل,A,پاسخ درست بر اساس مفهوم کلی درس نگارش: شناسایی میزان یادگیری و نقاط نیازمند تقویت,ترنم همدلی,original,1405
دوازدهم,تجربی,نگارش,نگارش,ارزیابی پایه,مفاهیم پایه,تکمیل بانک,متوسط,برای تشخیص ضعف در نگارش چه چیزی مفیدتر است؟,بررسی پاسخ‌ها و نوع خطاها,تعداد پیام‌های روزانه,حدس زدن علت ضعف,نادیده گرفتن نتیجه,A,پاسخ درست بر اساس مفهوم کلی درس نگارش: بررسی پاسخ‌ها و نوع خطاها,ترنم همدلی,original,1405
دوازدهم,تجربی,نگارش,نگارش,ارزیابی پایه,مفاهیم پایه,تکمیل بانک,متوسط,کدام رفتار به یادگیری بهتر نگارش کمک می‌کند؟,تمرین منظم و رفع اشکال,مطالعه پراکنده بدون تمرین,حذف مرور,تکیه بر حدس,A,پاسخ درست بر اساس مفهوم کلی درس نگارش: تمرین منظم و رفع اشکال,ترنم همدلی,original,1405
دوازدهم,تجربی,نگارش,نگارش,ارزیابی پایه,مفاهیم پایه,تکمیل بانک,متوسط,در مطالعه نگارش چرا مرور مهم است؟,برای تثبیت و بازیابی بهتر آموخته‌ها,برای حذف مطالب,برای افزایش زمان مطالعه بدون هدف,برای جلوگیری از تمرین,A,پاسخ درست بر اساس مفهوم کلی درس نگارش: برای تثبیت و بازیابی بهتر آموخته‌ها,ترنم همدلی,original,1405
دوازدهم,تجربی,دین و زندگی,دین و زندگی,بخش 1,توحید,تکمیل بانک,متوسط,درس دین و زندگی بیشتر بر کدام حوزه تمرکز دارد؟,مفاهیم دینی، اخلاقی و معارف اسلامی,حفظ اطلاعات نامرتبط,موضوعات خارج از برنامه,فقط فعالیت ورزشی,A,پاسخ درست بر اساس مفهوم کلی درس دین و زندگی: مفاهیم دینی، اخلاقی و معارف اسلامی,ترنم همدلی,original,1405
دوازدهم,تجربی,دین و زندگی,دین و زندگی,بخش 1,توحید,تکمیل بانک,متوسط,کدام گزینه نمونه‌ای از یادگیری در درس دین و زندگی است؟,مفاهیم دینی، اخلاقی و معارف اسلامی,انجام کاری بی‌ارتباط با درس,نادیده گرفتن تمرین,حذف مرور,A,پاسخ درست بر اساس مفهوم کلی درس دین و زندگی: مفاهیم دینی، اخلاقی و معارف اسلامی,ترنم همدلی,original,1405
دوازدهم,تجربی,دین و زندگی,دین و زندگی,بخش 1,توحید,تکمیل بانک,متوسط,برای پیشرفت در درس دین و زندگی کدام روش مناسب‌تر است؟,مطالعه مفاهیم و تمرین متناسب با درس,حفظ پاسخ بدون فهم,حذف تمرین,مطالعه بدون مرور,A,پاسخ درست بر اساس مفهوم کلی درس دین و زندگی: مطالعه مفاهیم و تمرین متناسب با درس,ترنم همدلی,original,1405
دوازدهم,تجربی,دین و زندگی,دین و زندگی,بخش 1,توحید,تکمیل بانک,متوسط,در ارزیابی درس دین و زندگی کدام مورد اهمیت بیشتری دارد؟,توانایی به‌کارگیری آموخته‌های مرتبط با درس,سرعت پاسخ بدون دقت,حدس زدن همه پاسخ‌ها,حذف سؤال‌های دشوار,A,پاسخ درست بر اساس مفهوم کلی درس دین و زندگی: توانایی به‌کارگیری آموخته‌های مرتبط با درس,ترنم همدلی,original,1405
دوازدهم,تجربی,عربی,عربی,بخش 1,ترجمه,تکمیل بانک,متوسط,درس عربی بیشتر بر کدام حوزه تمرکز دارد؟,واژگان، ترجمه و ساختارهای زبانی عربی,حفظ اطلاعات نامرتبط,موضوعات خارج از برنامه,فقط فعالیت ورزشی,A,پاسخ درست بر اساس مفهوم کلی درس عربی: واژگان، ترجمه و ساختارهای زبانی عربی,ترنم همدلی,original,1405
دوازدهم,تجربی,عربی,عربی,بخش 1,ترجمه,تکمیل بانک,متوسط,کدام گزینه نمونه‌ای از یادگیری در درس عربی است؟,واژگان، ترجمه و ساختارهای زبانی عربی,انجام کاری بی‌ارتباط با درس,نادیده گرفتن تمرین,حذف مرور,A,پاسخ درست بر اساس مفهوم کلی درس عربی: واژگان، ترجمه و ساختارهای زبانی عربی,ترنم همدلی,original,1405
دوازدهم,تجربی,عربی,عربی,بخش 1,ترجمه,تکمیل بانک,متوسط,برای پیشرفت در درس عربی کدام روش مناسب‌تر است؟,مطالعه مفاهیم و تمرین متناسب با درس,حفظ پاسخ بدون فهم,حذف تمرین,مطالعه بدون مرور,A,پاسخ درست بر اساس مفهوم کلی درس عربی: مطالعه مفاهیم و تمرین متناسب با درس,ترنم همدلی,original,1405
دوازدهم,تجربی,عربی,عربی,بخش 1,ترجمه,تکمیل بانک,متوسط,در ارزیابی درس عربی کدام مورد اهمیت بیشتری دارد؟,توانایی به‌کارگیری آموخته‌های مرتبط با درس,سرعت پاسخ بدون دقت,حدس زدن همه پاسخ‌ها,حذف سؤال‌های دشوار,A,پاسخ درست بر اساس مفهوم کلی درس عربی: توانایی به‌کارگیری آموخته‌های مرتبط با درس,ترنم همدلی,original,1405
دوازدهم,تجربی,زبان انگلیسی,زبان انگلیسی,بخش 1,واژگان,تکمیل بانک,متوسط,درس زبان انگلیسی بیشتر بر کدام حوزه تمرکز دارد؟,واژگان، گرامر، خواندن و ارتباط به زبان انگلیسی,حفظ اطلاعات نامرتبط,موضوعات خارج از برنامه,فقط فعالیت ورزشی,A,پاسخ درست بر اساس مفهوم کلی درس زبان انگلیسی: واژگان، گرامر، خواندن و ارتباط به زبان انگلیسی,ترنم همدلی,original,1405
دوازدهم,تجربی,زبان انگلیسی,زبان انگلیسی,بخش 1,واژگان,تکمیل بانک,متوسط,کدام گزینه نمونه‌ای از یادگیری در درس زبان انگلیسی است؟,واژگان، گرامر، خواندن و ارتباط به زبان انگلیسی,انجام کاری بی‌ارتباط با درس,نادیده گرفتن تمرین,حذف مرور,A,پاسخ درست بر اساس مفهوم کلی درس زبان انگلیسی: واژگان، گرامر، خواندن و ارتباط به زبان انگلیسی,ترنم همدلی,original,1405
دوازدهم,تجربی,زبان انگلیسی,زبان انگلیسی,بخش 1,واژگان,تکمیل بانک,متوسط,برای پیشرفت در درس زبان انگلیسی کدام روش مناسب‌تر است؟,مطالعه مفاهیم و تمرین متناسب با درس,حفظ پاسخ بدون فهم,حذف تمرین,مطالعه بدون مرور,A,پاسخ درست بر اساس مفهوم کلی درس زبان انگلیسی: مطالعه مفاهیم و تمرین متناسب با درس,ترنم همدلی,original,1405
دوازدهم,تجربی,زبان انگلیسی,زبان انگلیسی,بخش 1,واژگان,تکمیل بانک,متوسط,در ارزیابی درس زبان انگلیسی کدام مورد اهمیت بیشتری دارد؟,توانایی به‌کارگیری آموخته‌های مرتبط با درس,سرعت پاسخ بدون دقت,حدس زدن همه پاسخ‌ها,حذف سؤال‌های دشوار,A,پاسخ درست بر اساس مفهوم کلی درس زبان انگلیسی: توانایی به‌کارگیری آموخته‌های مرتبط با درس,ترنم همدلی,original,1405
دوازدهم,تجربی,سلامت و بهداشت,سلامت و بهداشت,بخش 1,سلامت جسم,تکمیل بانک,متوسط,درس سلامت و بهداشت بیشتر بر کدام حوزه تمرکز دارد؟,سلامت جسمی، روانی و سبک زندگی سالم,حفظ اطلاعات نامرتبط,موضوعات خارج از برنامه,فقط فعالیت ورزشی,A,پاسخ درست بر اساس مفهوم کلی درس سلامت و بهداشت: سلامت جسمی، روانی و سبک زندگی سالم,ترنم همدلی,original,1405
دوازدهم,تجربی,سلامت و بهداشت,سلامت و بهداشت,بخش 1,سلامت جسم,تکمیل بانک,متوسط,کدام گزینه نمونه‌ای از یادگیری در درس سلامت و بهداشت است؟,سلامت جسمی، روانی و سبک زندگی سالم,انجام کاری بی‌ارتباط با درس,نادیده گرفتن تمرین,حذف مرور,A,پاسخ درست بر اساس مفهوم کلی درس سلامت و بهداشت: سلامت جسمی، روانی و سبک زندگی سالم,ترنم همدلی,original,1405
دوازدهم,تجربی,سلامت و بهداشت,سلامت و بهداشت,بخش 1,سلامت جسم,تکمیل بانک,متوسط,برای پیشرفت در درس سلامت و بهداشت کدام روش مناسب‌تر است؟,مطالعه مفاهیم و تمرین متناسب با درس,حفظ پاسخ بدون فهم,حذف تمرین,مطالعه بدون مرور,A,پاسخ درست بر اساس مفهوم کلی درس سلامت و بهداشت: مطالعه مفاهیم و تمرین متناسب با درس,ترنم همدلی,original,1405
دوازدهم,تجربی,سلامت و بهداشت,سلامت و بهداشت,بخش 1,سلامت جسم,تکمیل بانک,متوسط,در ارزیابی درس سلامت و بهداشت کدام مورد اهمیت بیشتری دارد؟,توانایی به‌کارگیری آموخته‌های مرتبط با درس,سرعت پاسخ بدون دقت,حدس زدن همه پاسخ‌ها,حذف سؤال‌های دشوار,A,پاسخ درست بر اساس مفهوم کلی درس سلامت و بهداشت: توانایی به‌کارگیری آموخته‌های مرتبط با درس,ترنم همدلی,original,1405
دوازدهم,تجربی,هویت اجتماعی,هویت اجتماعی,بخش 1,هویت,تکمیل بانک,متوسط,درس هویت اجتماعی بیشتر بر کدام حوزه تمرکز دارد؟,هویت، نقش‌ها و روابط اجتماعی,حفظ اطلاعات نامرتبط,موضوعات خارج از برنامه,فقط فعالیت ورزشی,A,پاسخ درست بر اساس مفهوم کلی درس هویت اجتماعی: هویت، نقش‌ها و روابط اجتماعی,ترنم همدلی,original,1405
دوازدهم,تجربی,هویت اجتماعی,هویت اجتماعی,بخش 1,هویت,تکمیل بانک,متوسط,کدام گزینه نمونه‌ای از یادگیری در درس هویت اجتماعی است؟,هویت، نقش‌ها و روابط اجتماعی,انجام کاری بی‌ارتباط با درس,نادیده گرفتن تمرین,حذف مرور,A,پاسخ درست بر اساس مفهوم کلی درس هویت اجتماعی: هویت، نقش‌ها و روابط اجتماعی,ترنم همدلی,original,1405
دوازدهم,تجربی,هویت اجتماعی,هویت اجتماعی,بخش 1,هویت,تکمیل بانک,متوسط,برای پیشرفت در درس هویت اجتماعی کدام روش مناسب‌تر است؟,مطالعه مفاهیم و تمرین متناسب با درس,حفظ پاسخ بدون فهم,حذف تمرین,مطالعه بدون مرور,A,پاسخ درست بر اساس مفهوم کلی درس هویت اجتماعی: مطالعه مفاهیم و تمرین متناسب با درس,ترنم همدلی,original,1405
دوازدهم,تجربی,هویت اجتماعی,هویت اجتماعی,بخش 1,هویت,تکمیل بانک,متوسط,در ارزیابی درس هویت اجتماعی کدام مورد اهمیت بیشتری دارد؟,توانایی به‌کارگیری آموخته‌های مرتبط با درس,سرعت پاسخ بدون دقت,حدس زدن همه پاسخ‌ها,حذف سؤال‌های دشوار,A,پاسخ درست بر اساس مفهوم کلی درس هویت اجتماعی: توانایی به‌کارگیری آموخته‌های مرتبط با درس,ترنم همدلی,original,1405
دوازدهم,تجربی,مدیریت خانواده و سبک زندگی,مدیریت خانواده و سبک زندگی,ارزیابی پایه,مفاهیم پایه,تکمیل بانک,متوسط,درس مدیریت خانواده و سبک زندگی بیشتر بر کدام حوزه تمرکز دارد؟,مهارت‌های زندگی، خانواده و تصمیم‌گیری,حفظ اطلاعات نامرتبط,موضوعات خارج از برنامه,فقط فعالیت ورزشی,A,پاسخ درست بر اساس مفهوم کلی درس مدیریت خانواده و سبک زندگی: مهارت‌های زندگی، خانواده و تصمیم‌گیری,ترنم همدلی,original,1405
دوازدهم,تجربی,مدیریت خانواده و سبک زندگی,مدیریت خانواده و سبک زندگی,ارزیابی پایه,مفاهیم پایه,تکمیل بانک,متوسط,کدام گزینه نمونه‌ای از یادگیری در درس مدیریت خانواده و سبک زندگی است؟,مهارت‌های زندگی، خانواده و تصمیم‌گیری,انجام کاری بی‌ارتباط با درس,نادیده گرفتن تمرین,حذف مرور,A,پاسخ درست بر اساس مفهوم کلی درس مدیریت خانواده و سبک زندگی: مهارت‌های زندگی، خانواده و تصمیم‌گیری,ترنم همدلی,original,1405
دوازدهم,تجربی,مدیریت خانواده و سبک زندگی,مدیریت خانواده و سبک زندگی,ارزیابی پایه,مفاهیم پایه,تکمیل بانک,متوسط,برای پیشرفت در درس مدیریت خانواده و سبک زندگی کدام روش مناسب‌تر است؟,مطالعه مفاهیم و تمرین متناسب با درس,حفظ پاسخ بدون فهم,حذف تمرین,مطالعه بدون مرور,A,پاسخ درست بر اساس مفهوم کلی درس مدیریت خانواده و سبک زندگی: مطالعه مفاهیم و تمرین متناسب با درس,ترنم همدلی,original,1405
دوازدهم,تجربی,مدیریت خانواده و سبک زندگی,مدیریت خانواده و سبک زندگی,ارزیابی پایه,مفاهیم پایه,تکمیل بانک,متوسط,در ارزیابی درس مدیریت خانواده و سبک زندگی کدام مورد اهمیت بیشتری دارد؟,توانایی به‌کارگیری آموخته‌های مرتبط با درس,سرعت پاسخ بدون دقت,حدس زدن همه پاسخ‌ها,حذف سؤال‌های دشوار,A,پاسخ درست بر اساس مفهوم کلی درس مدیریت خانواده و سبک زندگی: توانایی به‌کارگیری آموخته‌های مرتبط با درس,ترنم همدلی,original,1405
دوازدهم,تجربی,مدیریت خانواده و سبک زندگی,مدیریت خانواده و سبک زندگی,ارزیابی پایه,مفاهیم پایه,تکمیل بانک,متوسط,اگر دانش‌آموز در مدیریت خانواده و سبک زندگی اشتباه کند، بهترین اقدام چیست؟,تحلیل خطا و تمرین هدفمند,نادیده گرفتن خطا,حذف درس,تغییر پاسخ بدون بررسی,A,پاسخ درست بر اساس مفهوم کلی درس مدیریت خانواده و سبک زندگی: تحلیل خطا و تمرین هدفمند,ترنم همدلی,original,1405
دوازدهم,تجربی,مدیریت خانواده و سبک زندگی,مدیریت خانواده و سبک زندگی,ارزیابی پایه,مفاهیم پایه,تکمیل بانک,متوسط,کدام گزینه به مطالعه مؤثر مدیریت خانواده و سبک زندگی نزدیک‌تر است؟,ترکیب فهم، تمرین و مرور,فقط خواندن سریع,فقط حفظ کردن گزینه‌ها,مطالعه بدون هدف,A,پاسخ درست بر اساس مفهوم کلی درس مدیریت خانواده و سبک زندگی: ترکیب فهم، تمرین و مرور,ترنم همدلی,original,1405
دوازدهم,تجربی,مدیریت خانواده و سبک زندگی,مدیریت خانواده و سبک زندگی,ارزیابی پایه,مفاهیم پایه,تکمیل بانک,متوسط,هدف یک آزمون آموزشی از درس مدیریت خانواده و سبک زندگی چیست؟,شناسایی میزان یادگیری و نقاط نیازمند تقویت,صرفاً رتبه‌بندی دانش‌آموزان,حذف مباحث,افزایش تعداد سؤال بدون تحلیل,A,پاسخ درست بر اساس مفهوم کلی درس مدیریت خانواده و سبک زندگی: شناسایی میزان یادگیری و نقاط نیازمند تقویت,ترنم همدلی,original,1405
دوازدهم,تجربی,مدیریت خانواده و سبک زندگی,مدیریت خانواده و سبک زندگی,ارزیابی پایه,مفاهیم پایه,تکمیل بانک,متوسط,برای تشخیص ضعف در مدیریت خانواده و سبک زندگی چه چیزی مفیدتر است؟,بررسی پاسخ‌ها و نوع خطاها,تعداد پیام‌های روزانه,حدس زدن علت ضعف,نادیده گرفتن نتیجه,A,پاسخ درست بر اساس مفهوم کلی درس مدیریت خانواده و سبک زندگی: بررسی پاسخ‌ها و نوع خطاها,ترنم همدلی,original,1405
دوازدهم,تجربی,مدیریت خانواده و سبک زندگی,مدیریت خانواده و سبک زندگی,ارزیابی پایه,مفاهیم پایه,تکمیل بانک,متوسط,کدام رفتار به یادگیری بهتر مدیریت خانواده و سبک زندگی کمک می‌کند؟,تمرین منظم و رفع اشکال,مطالعه پراکنده بدون تمرین,حذف مرور,تکیه بر حدس,A,پاسخ درست بر اساس مفهوم کلی درس مدیریت خانواده و سبک زندگی: تمرین منظم و رفع اشکال,ترنم همدلی,original,1405
دوازدهم,تجربی,مدیریت خانواده و سبک زندگی,مدیریت خانواده و سبک زندگی,ارزیابی پایه,مفاهیم پایه,تکمیل بانک,متوسط,در مطالعه مدیریت خانواده و سبک زندگی چرا مرور مهم است؟,برای تثبیت و بازیابی بهتر آموخته‌ها,برای حذف مطالب,برای افزایش زمان مطالعه بدون هدف,برای جلوگیری از تمرین,A,پاسخ درست بر اساس مفهوم کلی درس مدیریت خانواده و سبک زندگی: برای تثبیت و بازیابی بهتر آموخته‌ها,ترنم همدلی,original,1405
دوازدهم,انسانی,فارسی,فارسی,بخش 1,واژگان,تکمیل بانک,متوسط,درس فارسی بیشتر بر کدام حوزه تمرکز دارد؟,خواندن، واژگان، دستور، ادبیات و درک متن,حفظ اطلاعات نامرتبط,موضوعات خارج از برنامه,فقط فعالیت ورزشی,A,پاسخ درست بر اساس مفهوم کلی درس فارسی: خواندن، واژگان، دستور، ادبیات و درک متن,ترنم همدلی,original,1405
دوازدهم,انسانی,فارسی,فارسی,بخش 1,واژگان,تکمیل بانک,متوسط,کدام گزینه نمونه‌ای از یادگیری در درس فارسی است؟,خواندن، واژگان، دستور، ادبیات و درک متن,انجام کاری بی‌ارتباط با درس,نادیده گرفتن تمرین,حذف مرور,A,پاسخ درست بر اساس مفهوم کلی درس فارسی: خواندن، واژگان، دستور، ادبیات و درک متن,ترنم همدلی,original,1405
دوازدهم,انسانی,فارسی,فارسی,بخش 1,واژگان,تکمیل بانک,متوسط,برای پیشرفت در درس فارسی کدام روش مناسب‌تر است؟,مطالعه مفاهیم و تمرین متناسب با درس,حفظ پاسخ بدون فهم,حذف تمرین,مطالعه بدون مرور,A,پاسخ درست بر اساس مفهوم کلی درس فارسی: مطالعه مفاهیم و تمرین متناسب با درس,ترنم همدلی,original,1405
دوازدهم,انسانی,فارسی,فارسی,بخش 1,واژگان,تکمیل بانک,متوسط,در ارزیابی درس فارسی کدام مورد اهمیت بیشتری دارد؟,توانایی به‌کارگیری آموخته‌های مرتبط با درس,سرعت پاسخ بدون دقت,حدس زدن همه پاسخ‌ها,حذف سؤال‌های دشوار,A,پاسخ درست بر اساس مفهوم کلی درس فارسی: توانایی به‌کارگیری آموخته‌های مرتبط با درس,ترنم همدلی,original,1405
دوازدهم,انسانی,نگارش,نگارش,ارزیابی پایه,مفاهیم پایه,تکمیل بانک,متوسط,درس نگارش بیشتر بر کدام حوزه تمرکز دارد؟,مهارت نوشتن، سازمان‌دهی و ویرایش متن,حفظ اطلاعات نامرتبط,موضوعات خارج از برنامه,فقط فعالیت ورزشی,A,پاسخ درست بر اساس مفهوم کلی درس نگارش: مهارت نوشتن، سازمان‌دهی و ویرایش متن,ترنم همدلی,original,1405
دوازدهم,انسانی,نگارش,نگارش,ارزیابی پایه,مفاهیم پایه,تکمیل بانک,متوسط,کدام گزینه نمونه‌ای از یادگیری در درس نگارش است؟,مهارت نوشتن، سازمان‌دهی و ویرایش متن,انجام کاری بی‌ارتباط با درس,نادیده گرفتن تمرین,حذف مرور,A,پاسخ درست بر اساس مفهوم کلی درس نگارش: مهارت نوشتن، سازمان‌دهی و ویرایش متن,ترنم همدلی,original,1405
دوازدهم,انسانی,نگارش,نگارش,ارزیابی پایه,مفاهیم پایه,تکمیل بانک,متوسط,برای پیشرفت در درس نگارش کدام روش مناسب‌تر است؟,مطالعه مفاهیم و تمرین متناسب با درس,حفظ پاسخ بدون فهم,حذف تمرین,مطالعه بدون مرور,A,پاسخ درست بر اساس مفهوم کلی درس نگارش: مطالعه مفاهیم و تمرین متناسب با درس,ترنم همدلی,original,1405
دوازدهم,انسانی,نگارش,نگارش,ارزیابی پایه,مفاهیم پایه,تکمیل بانک,متوسط,در ارزیابی درس نگارش کدام مورد اهمیت بیشتری دارد؟,توانایی به‌کارگیری آموخته‌های مرتبط با درس,سرعت پاسخ بدون دقت,حدس زدن همه پاسخ‌ها,حذف سؤال‌های دشوار,A,پاسخ درست بر اساس مفهوم کلی درس نگارش: توانایی به‌کارگیری آموخته‌های مرتبط با درس,ترنم همدلی,original,1405
دوازدهم,انسانی,نگارش,نگارش,ارزیابی پایه,مفاهیم پایه,تکمیل بانک,متوسط,اگر دانش‌آموز در نگارش اشتباه کند، بهترین اقدام چیست؟,تحلیل خطا و تمرین هدفمند,نادیده گرفتن خطا,حذف درس,تغییر پاسخ بدون بررسی,A,پاسخ درست بر اساس مفهوم کلی درس نگارش: تحلیل خطا و تمرین هدفمند,ترنم همدلی,original,1405
دوازدهم,انسانی,نگارش,نگارش,ارزیابی پایه,مفاهیم پایه,تکمیل بانک,متوسط,کدام گزینه به مطالعه مؤثر نگارش نزدیک‌تر است؟,ترکیب فهم، تمرین و مرور,فقط خواندن سریع,فقط حفظ کردن گزینه‌ها,مطالعه بدون هدف,A,پاسخ درست بر اساس مفهوم کلی درس نگارش: ترکیب فهم، تمرین و مرور,ترنم همدلی,original,1405
دوازدهم,انسانی,نگارش,نگارش,ارزیابی پایه,مفاهیم پایه,تکمیل بانک,متوسط,هدف یک آزمون آموزشی از درس نگارش چیست؟,شناسایی میزان یادگیری و نقاط نیازمند تقویت,صرفاً رتبه‌بندی دانش‌آموزان,حذف مباحث,افزایش تعداد سؤال بدون تحلیل,A,پاسخ درست بر اساس مفهوم کلی درس نگارش: شناسایی میزان یادگیری و نقاط نیازمند تقویت,ترنم همدلی,original,1405
دوازدهم,انسانی,نگارش,نگارش,ارزیابی پایه,مفاهیم پایه,تکمیل بانک,متوسط,برای تشخیص ضعف در نگارش چه چیزی مفیدتر است؟,بررسی پاسخ‌ها و نوع خطاها,تعداد پیام‌های روزانه,حدس زدن علت ضعف,نادیده گرفتن نتیجه,A,پاسخ درست بر اساس مفهوم کلی درس نگارش: بررسی پاسخ‌ها و نوع خطاها,ترنم همدلی,original,1405
دوازدهم,انسانی,نگارش,نگارش,ارزیابی پایه,مفاهیم پایه,تکمیل بانک,متوسط,کدام رفتار به یادگیری بهتر نگارش کمک می‌کند؟,تمرین منظم و رفع اشکال,مطالعه پراکنده بدون تمرین,حذف مرور,تکیه بر حدس,A,پاسخ درست بر اساس مفهوم کلی درس نگارش: تمرین منظم و رفع اشکال,ترنم همدلی,original,1405
دوازدهم,انسانی,نگارش,نگارش,ارزیابی پایه,مفاهیم پایه,تکمیل بانک,متوسط,در مطالعه نگارش چرا مرور مهم است؟,برای تثبیت و بازیابی بهتر آموخته‌ها,برای حذف مطالب,برای افزایش زمان مطالعه بدون هدف,برای جلوگیری از تمرین,A,پاسخ درست بر اساس مفهوم کلی درس نگارش: برای تثبیت و بازیابی بهتر آموخته‌ها,ترنم همدلی,original,1405
دوازدهم,انسانی,دین و زندگی,دین و زندگی,بخش 1,توحید,تکمیل بانک,متوسط,درس دین و زندگی بیشتر بر کدام حوزه تمرکز دارد؟,مفاهیم دینی، اخلاقی و معارف اسلامی,حفظ اطلاعات نامرتبط,موضوعات خارج از برنامه,فقط فعالیت ورزشی,A,پاسخ درست بر اساس مفهوم کلی درس دین و زندگی: مفاهیم دینی، اخلاقی و معارف اسلامی,ترنم همدلی,original,1405
دوازدهم,انسانی,دین و زندگی,دین و زندگی,بخش 1,توحید,تکمیل بانک,متوسط,کدام گزینه نمونه‌ای از یادگیری در درس دین و زندگی است؟,مفاهیم دینی، اخلاقی و معارف اسلامی,انجام کاری بی‌ارتباط با درس,نادیده گرفتن تمرین,حذف مرور,A,پاسخ درست بر اساس مفهوم کلی درس دین و زندگی: مفاهیم دینی، اخلاقی و معارف اسلامی,ترنم همدلی,original,1405
دوازدهم,انسانی,دین و زندگی,دین و زندگی,بخش 1,توحید,تکمیل بانک,متوسط,برای پیشرفت در درس دین و زندگی کدام روش مناسب‌تر است؟,مطالعه مفاهیم و تمرین متناسب با درس,حفظ پاسخ بدون فهم,حذف تمرین,مطالعه بدون مرور,A,پاسخ درست بر اساس مفهوم کلی درس دین و زندگی: مطالعه مفاهیم و تمرین متناسب با درس,ترنم همدلی,original,1405
دوازدهم,انسانی,دین و زندگی,دین و زندگی,بخش 1,توحید,تکمیل بانک,متوسط,در ارزیابی درس دین و زندگی کدام مورد اهمیت بیشتری دارد؟,توانایی به‌کارگیری آموخته‌های مرتبط با درس,سرعت پاسخ بدون دقت,حدس زدن همه پاسخ‌ها,حذف سؤال‌های دشوار,A,پاسخ درست بر اساس مفهوم کلی درس دین و زندگی: توانایی به‌کارگیری آموخته‌های مرتبط با درس,ترنم همدلی,original,1405
دوازدهم,انسانی,عربی,عربی,بخش 1,ترجمه,تکمیل بانک,متوسط,درس عربی بیشتر بر کدام حوزه تمرکز دارد؟,واژگان، ترجمه و ساختارهای زبانی عربی,حفظ اطلاعات نامرتبط,موضوعات خارج از برنامه,فقط فعالیت ورزشی,A,پاسخ درست بر اساس مفهوم کلی درس عربی: واژگان، ترجمه و ساختارهای زبانی عربی,ترنم همدلی,original,1405
دوازدهم,انسانی,عربی,عربی,بخش 1,ترجمه,تکمیل بانک,متوسط,کدام گزینه نمونه‌ای از یادگیری در درس عربی است؟,واژگان، ترجمه و ساختارهای زبانی عربی,انجام کاری بی‌ارتباط با درس,نادیده گرفتن تمرین,حذف مرور,A,پاسخ درست بر اساس مفهوم کلی درس عربی: واژگان، ترجمه و ساختارهای زبانی عربی,ترنم همدلی,original,1405
دوازدهم,انسانی,عربی,عربی,بخش 1,ترجمه,تکمیل بانک,متوسط,برای پیشرفت در درس عربی کدام روش مناسب‌تر است؟,مطالعه مفاهیم و تمرین متناسب با درس,حفظ پاسخ بدون فهم,حذف تمرین,مطالعه بدون مرور,A,پاسخ درست بر اساس مفهوم کلی درس عربی: مطالعه مفاهیم و تمرین متناسب با درس,ترنم همدلی,original,1405
دوازدهم,انسانی,عربی,عربی,بخش 1,ترجمه,تکمیل بانک,متوسط,در ارزیابی درس عربی کدام مورد اهمیت بیشتری دارد؟,توانایی به‌کارگیری آموخته‌های مرتبط با درس,سرعت پاسخ بدون دقت,حدس زدن همه پاسخ‌ها,حذف سؤال‌های دشوار,A,پاسخ درست بر اساس مفهوم کلی درس عربی: توانایی به‌کارگیری آموخته‌های مرتبط با درس,ترنم همدلی,original,1405
دوازدهم,انسانی,زبان انگلیسی,زبان انگلیسی,بخش 1,واژگان,تکمیل بانک,متوسط,درس زبان انگلیسی بیشتر بر کدام حوزه تمرکز دارد؟,واژگان، گرامر، خواندن و ارتباط به زبان انگلیسی,حفظ اطلاعات نامرتبط,موضوعات خارج از برنامه,فقط فعالیت ورزشی,A,پاسخ درست بر اساس مفهوم کلی درس زبان انگلیسی: واژگان، گرامر، خواندن و ارتباط به زبان انگلیسی,ترنم همدلی,original,1405
دوازدهم,انسانی,زبان انگلیسی,زبان انگلیسی,بخش 1,واژگان,تکمیل بانک,متوسط,کدام گزینه نمونه‌ای از یادگیری در درس زبان انگلیسی است؟,واژگان، گرامر، خواندن و ارتباط به زبان انگلیسی,انجام کاری بی‌ارتباط با درس,نادیده گرفتن تمرین,حذف مرور,A,پاسخ درست بر اساس مفهوم کلی درس زبان انگلیسی: واژگان، گرامر، خواندن و ارتباط به زبان انگلیسی,ترنم همدلی,original,1405
دوازدهم,انسانی,زبان انگلیسی,زبان انگلیسی,بخش 1,واژگان,تکمیل بانک,متوسط,برای پیشرفت در درس زبان انگلیسی کدام روش مناسب‌تر است؟,مطالعه مفاهیم و تمرین متناسب با درس,حفظ پاسخ بدون فهم,حذف تمرین,مطالعه بدون مرور,A,پاسخ درست بر اساس مفهوم کلی درس زبان انگلیسی: مطالعه مفاهیم و تمرین متناسب با درس,ترنم همدلی,original,1405
دوازدهم,انسانی,زبان انگلیسی,زبان انگلیسی,بخش 1,واژگان,تکمیل بانک,متوسط,در ارزیابی درس زبان انگلیسی کدام مورد اهمیت بیشتری دارد؟,توانایی به‌کارگیری آموخته‌های مرتبط با درس,سرعت پاسخ بدون دقت,حدس زدن همه پاسخ‌ها,حذف سؤال‌های دشوار,A,پاسخ درست بر اساس مفهوم کلی درس زبان انگلیسی: توانایی به‌کارگیری آموخته‌های مرتبط با درس,ترنم همدلی,original,1405
دوازدهم,انسانی,سلامت و بهداشت,سلامت و بهداشت,بخش 1,سلامت جسم,تکمیل بانک,متوسط,درس سلامت و بهداشت بیشتر بر کدام حوزه تمرکز دارد؟,سلامت جسمی، روانی و سبک زندگی سالم,حفظ اطلاعات نامرتبط,موضوعات خارج از برنامه,فقط فعالیت ورزشی,A,پاسخ درست بر اساس مفهوم کلی درس سلامت و بهداشت: سلامت جسمی، روانی و سبک زندگی سالم,ترنم همدلی,original,1405
دوازدهم,انسانی,سلامت و بهداشت,سلامت و بهداشت,بخش 1,سلامت جسم,تکمیل بانک,متوسط,کدام گزینه نمونه‌ای از یادگیری در درس سلامت و بهداشت است؟,سلامت جسمی، روانی و سبک زندگی سالم,انجام کاری بی‌ارتباط با درس,نادیده گرفتن تمرین,حذف مرور,A,پاسخ درست بر اساس مفهوم کلی درس سلامت و بهداشت: سلامت جسمی، روانی و سبک زندگی سالم,ترنم همدلی,original,1405
دوازدهم,انسانی,سلامت و بهداشت,سلامت و بهداشت,بخش 1,سلامت جسم,تکمیل بانک,متوسط,برای پیشرفت در درس سلامت و بهداشت کدام روش مناسب‌تر است؟,مطالعه مفاهیم و تمرین متناسب با درس,حفظ پاسخ بدون فهم,حذف تمرین,مطالعه بدون مرور,A,پاسخ درست بر اساس مفهوم کلی درس سلامت و بهداشت: مطالعه مفاهیم و تمرین متناسب با درس,ترنم همدلی,original,1405
دوازدهم,انسانی,سلامت و بهداشت,سلامت و بهداشت,بخش 1,سلامت جسم,تکمیل بانک,متوسط,در ارزیابی درس سلامت و بهداشت کدام مورد اهمیت بیشتری دارد؟,توانایی به‌کارگیری آموخته‌های مرتبط با درس,سرعت پاسخ بدون دقت,حدس زدن همه پاسخ‌ها,حذف سؤال‌های دشوار,A,پاسخ درست بر اساس مفهوم کلی درس سلامت و بهداشت: توانایی به‌کارگیری آموخته‌های مرتبط با درس,ترنم همدلی,original,1405
دوازدهم,انسانی,هویت اجتماعی,هویت اجتماعی,بخش 1,هویت,تکمیل بانک,متوسط,درس هویت اجتماعی بیشتر بر کدام حوزه تمرکز دارد؟,هویت، نقش‌ها و روابط اجتماعی,حفظ اطلاعات نامرتبط,موضوعات خارج از برنامه,فقط فعالیت ورزشی,A,پاسخ درست بر اساس مفهوم کلی درس هویت اجتماعی: هویت، نقش‌ها و روابط اجتماعی,ترنم همدلی,original,1405
دوازدهم,انسانی,هویت اجتماعی,هویت اجتماعی,بخش 1,هویت,تکمیل بانک,متوسط,کدام گزینه نمونه‌ای از یادگیری در درس هویت اجتماعی است؟,هویت، نقش‌ها و روابط اجتماعی,انجام کاری بی‌ارتباط با درس,نادیده گرفتن تمرین,حذف مرور,A,پاسخ درست بر اساس مفهوم کلی درس هویت اجتماعی: هویت، نقش‌ها و روابط اجتماعی,ترنم همدلی,original,1405
دوازدهم,انسانی,هویت اجتماعی,هویت اجتماعی,بخش 1,هویت,تکمیل بانک,متوسط,برای پیشرفت در درس هویت اجتماعی کدام روش مناسب‌تر است؟,مطالعه مفاهیم و تمرین متناسب با درس,حفظ پاسخ بدون فهم,حذف تمرین,مطالعه بدون مرور,A,پاسخ درست بر اساس مفهوم کلی درس هویت اجتماعی: مطالعه مفاهیم و تمرین متناسب با درس,ترنم همدلی,original,1405
دوازدهم,انسانی,هویت اجتماعی,هویت اجتماعی,بخش 1,هویت,تکمیل بانک,متوسط,در ارزیابی درس هویت اجتماعی کدام مورد اهمیت بیشتری دارد؟,توانایی به‌کارگیری آموخته‌های مرتبط با درس,سرعت پاسخ بدون دقت,حدس زدن همه پاسخ‌ها,حذف سؤال‌های دشوار,A,پاسخ درست بر اساس مفهوم کلی درس هویت اجتماعی: توانایی به‌کارگیری آموخته‌های مرتبط با درس,ترنم همدلی,original,1405
دوازدهم,انسانی,مدیریت خانواده و سبک زندگی,مدیریت خانواده و سبک زندگی,ارزیابی پایه,مفاهیم پایه,تکمیل بانک,متوسط,درس مدیریت خانواده و سبک زندگی بیشتر بر کدام حوزه تمرکز دارد؟,مهارت‌های زندگی، خانواده و تصمیم‌گیری,حفظ اطلاعات نامرتبط,موضوعات خارج از برنامه,فقط فعالیت ورزشی,A,پاسخ درست بر اساس مفهوم کلی درس مدیریت خانواده و سبک زندگی: مهارت‌های زندگی، خانواده و تصمیم‌گیری,ترنم همدلی,original,1405
دوازدهم,انسانی,مدیریت خانواده و سبک زندگی,مدیریت خانواده و سبک زندگی,ارزیابی پایه,مفاهیم پایه,تکمیل بانک,متوسط,کدام گزینه نمونه‌ای از یادگیری در درس مدیریت خانواده و سبک زندگی است؟,مهارت‌های زندگی، خانواده و تصمیم‌گیری,انجام کاری بی‌ارتباط با درس,نادیده گرفتن تمرین,حذف مرور,A,پاسخ درست بر اساس مفهوم کلی درس مدیریت خانواده و سبک زندگی: مهارت‌های زندگی، خانواده و تصمیم‌گیری,ترنم همدلی,original,1405
دوازدهم,انسانی,مدیریت خانواده و سبک زندگی,مدیریت خانواده و سبک زندگی,ارزیابی پایه,مفاهیم پایه,تکمیل بانک,متوسط,برای پیشرفت در درس مدیریت خانواده و سبک زندگی کدام روش مناسب‌تر است؟,مطالعه مفاهیم و تمرین متناسب با درس,حفظ پاسخ بدون فهم,حذف تمرین,مطالعه بدون مرور,A,پاسخ درست بر اساس مفهوم کلی درس مدیریت خانواده و سبک زندگی: مطالعه مفاهیم و تمرین متناسب با درس,ترنم همدلی,original,1405
دوازدهم,انسانی,مدیریت خانواده و سبک زندگی,مدیریت خانواده و سبک زندگی,ارزیابی پایه,مفاهیم پایه,تکمیل بانک,متوسط,در ارزیابی درس مدیریت خانواده و سبک زندگی کدام مورد اهمیت بیشتری دارد؟,توانایی به‌کارگیری آموخته‌های مرتبط با درس,سرعت پاسخ بدون دقت,حدس زدن همه پاسخ‌ها,حذف سؤال‌های دشوار,A,پاسخ درست بر اساس مفهوم کلی درس مدیریت خانواده و سبک زندگی: توانایی به‌کارگیری آموخته‌های مرتبط با درس,ترنم همدلی,original,1405
دوازدهم,انسانی,مدیریت خانواده و سبک زندگی,مدیریت خانواده و سبک زندگی,ارزیابی پایه,مفاهیم پایه,تکمیل بانک,متوسط,اگر دانش‌آموز در مدیریت خانواده و سبک زندگی اشتباه کند، بهترین اقدام چیست؟,تحلیل خطا و تمرین هدفمند,نادیده گرفتن خطا,حذف درس,تغییر پاسخ بدون بررسی,A,پاسخ درست بر اساس مفهوم کلی درس مدیریت خانواده و سبک زندگی: تحلیل خطا و تمرین هدفمند,ترنم همدلی,original,1405
دوازدهم,انسانی,مدیریت خانواده و سبک زندگی,مدیریت خانواده و سبک زندگی,ارزیابی پایه,مفاهیم پایه,تکمیل بانک,متوسط,کدام گزینه به مطالعه مؤثر مدیریت خانواده و سبک زندگی نزدیک‌تر است؟,ترکیب فهم، تمرین و مرور,فقط خواندن سریع,فقط حفظ کردن گزینه‌ها,مطالعه بدون هدف,A,پاسخ درست بر اساس مفهوم کلی درس مدیریت خانواده و سبک زندگی: ترکیب فهم، تمرین و مرور,ترنم همدلی,original,1405
دوازدهم,انسانی,مدیریت خانواده و سبک زندگی,مدیریت خانواده و سبک زندگی,ارزیابی پایه,مفاهیم پایه,تکمیل بانک,متوسط,هدف یک آزمون آموزشی از درس مدیریت خانواده و سبک زندگی چیست؟,شناسایی میزان یادگیری و نقاط نیازمند تقویت,صرفاً رتبه‌بندی دانش‌آموزان,حذف مباحث,افزایش تعداد سؤال بدون تحلیل,A,پاسخ درست بر اساس مفهوم کلی درس مدیریت خانواده و سبک زندگی: شناسایی میزان یادگیری و نقاط نیازمند تقویت,ترنم همدلی,original,1405
دوازدهم,انسانی,مدیریت خانواده و سبک زندگی,مدیریت خانواده و سبک زندگی,ارزیابی پایه,مفاهیم پایه,تکمیل بانک,متوسط,برای تشخیص ضعف در مدیریت خانواده و سبک زندگی چه چیزی مفیدتر است؟,بررسی پاسخ‌ها و نوع خطاها,تعداد پیام‌های روزانه,حدس زدن علت ضعف,نادیده گرفتن نتیجه,A,پاسخ درست بر اساس مفهوم کلی درس مدیریت خانواده و سبک زندگی: بررسی پاسخ‌ها و نوع خطاها,ترنم همدلی,original,1405
دوازدهم,انسانی,مدیریت خانواده و سبک زندگی,مدیریت خانواده و سبک زندگی,ارزیابی پایه,مفاهیم پایه,تکمیل بانک,متوسط,کدام رفتار به یادگیری بهتر مدیریت خانواده و سبک زندگی کمک می‌کند؟,تمرین منظم و رفع اشکال,مطالعه پراکنده بدون تمرین,حذف مرور,تکیه بر حدس,A,پاسخ درست بر اساس مفهوم کلی درس مدیریت خانواده و سبک زندگی: تمرین منظم و رفع اشکال,ترنم همدلی,original,1405
دوازدهم,انسانی,مدیریت خانواده و سبک زندگی,مدیریت خانواده و سبک زندگی,ارزیابی پایه,مفاهیم پایه,تکمیل بانک,متوسط,در مطالعه مدیریت خانواده و سبک زندگی چرا مرور مهم است؟,برای تثبیت و بازیابی بهتر آموخته‌ها,برای حذف مطالب,برای افزایش زمان مطالعه بدون هدف,برای جلوگیری از تمرین,A,پاسخ درست بر اساس مفهوم کلی درس مدیریت خانواده و سبک زندگی: برای تثبیت و بازیابی بهتر آموخته‌ها,ترنم همدلی,original,1405
دوازدهم,انسانی,علوم و فنون ادبی,علوم و فنون ادبی,بخش 1,عروض,تکمیل بانک,متوسط,درس علوم و فنون ادبی بیشتر بر کدام حوزه تمرکز دارد؟,زبان و ادبیات، آرایه‌ها، عروض و فنون ادبی,حفظ اطلاعات نامرتبط,موضوعات خارج از برنامه,فقط فعالیت ورزشی,A,پاسخ درست بر اساس مفهوم کلی درس علوم و فنون ادبی: زبان و ادبیات، آرایه‌ها، عروض و فنون ادبی,ترنم همدلی,original,1405
دوازدهم,انسانی,علوم و فنون ادبی,علوم و فنون ادبی,بخش 1,عروض,تکمیل بانک,متوسط,کدام گزینه نمونه‌ای از یادگیری در درس علوم و فنون ادبی است؟,زبان و ادبیات، آرایه‌ها، عروض و فنون ادبی,انجام کاری بی‌ارتباط با درس,نادیده گرفتن تمرین,حذف مرور,A,پاسخ درست بر اساس مفهوم کلی درس علوم و فنون ادبی: زبان و ادبیات، آرایه‌ها، عروض و فنون ادبی,ترنم همدلی,original,1405
دوازدهم,انسانی,علوم و فنون ادبی,علوم و فنون ادبی,بخش 1,عروض,تکمیل بانک,متوسط,برای پیشرفت در درس علوم و فنون ادبی کدام روش مناسب‌تر است؟,مطالعه مفاهیم و تمرین متناسب با درس,حفظ پاسخ بدون فهم,حذف تمرین,مطالعه بدون مرور,A,پاسخ درست بر اساس مفهوم کلی درس علوم و فنون ادبی: مطالعه مفاهیم و تمرین متناسب با درس,ترنم همدلی,original,1405
دوازدهم,انسانی,علوم و فنون ادبی,علوم و فنون ادبی,بخش 1,عروض,تکمیل بانک,متوسط,در ارزیابی درس علوم و فنون ادبی کدام مورد اهمیت بیشتری دارد؟,توانایی به‌کارگیری آموخته‌های مرتبط با درس,سرعت پاسخ بدون دقت,حدس زدن همه پاسخ‌ها,حذف سؤال‌های دشوار,A,پاسخ درست بر اساس مفهوم کلی درس علوم و فنون ادبی: توانایی به‌کارگیری آموخته‌های مرتبط با درس,ترنم همدلی,original,1405
دوازدهم,انسانی,تاریخ,تاریخ,بخش 1,منبع تاریخی,تکمیل بانک,متوسط,درس تاریخ بیشتر بر کدام حوزه تمرکز دارد؟,شناخت رویدادها و روندهای تاریخی,حفظ اطلاعات نامرتبط,موضوعات خارج از برنامه,فقط فعالیت ورزشی,A,پاسخ درست بر اساس مفهوم کلی درس تاریخ: شناخت رویدادها و روندهای تاریخی,ترنم همدلی,original,1405
دوازدهم,انسانی,تاریخ,تاریخ,بخش 1,منبع تاریخی,تکمیل بانک,متوسط,کدام گزینه نمونه‌ای از یادگیری در درس تاریخ است؟,شناخت رویدادها و روندهای تاریخی,انجام کاری بی‌ارتباط با درس,نادیده گرفتن تمرین,حذف مرور,A,پاسخ درست بر اساس مفهوم کلی درس تاریخ: شناخت رویدادها و روندهای تاریخی,ترنم همدلی,original,1405
دوازدهم,انسانی,تاریخ,تاریخ,بخش 1,منبع تاریخی,تکمیل بانک,متوسط,برای پیشرفت در درس تاریخ کدام روش مناسب‌تر است؟,مطالعه مفاهیم و تمرین متناسب با درس,حفظ پاسخ بدون فهم,حذف تمرین,مطالعه بدون مرور,A,پاسخ درست بر اساس مفهوم کلی درس تاریخ: مطالعه مفاهیم و تمرین متناسب با درس,ترنم همدلی,original,1405
دوازدهم,انسانی,تاریخ,تاریخ,بخش 1,منبع تاریخی,تکمیل بانک,متوسط,در ارزیابی درس تاریخ کدام مورد اهمیت بیشتری دارد؟,توانایی به‌کارگیری آموخته‌های مرتبط با درس,سرعت پاسخ بدون دقت,حدس زدن همه پاسخ‌ها,حذف سؤال‌های دشوار,A,پاسخ درست بر اساس مفهوم کلی درس تاریخ: توانایی به‌کارگیری آموخته‌های مرتبط با درس,ترنم همدلی,original,1405
دوازدهم,انسانی,جغرافیا,جغرافیا,بخش 1,نقشه,تکمیل بانک,متوسط,درس جغرافیا بیشتر بر کدام حوزه تمرکز دارد؟,شناخت پدیده‌های مکانی و رابطه انسان و محیط,حفظ اطلاعات نامرتبط,موضوعات خارج از برنامه,فقط فعالیت ورزشی,A,پاسخ درست بر اساس مفهوم کلی درس جغرافیا: شناخت پدیده‌های مکانی و رابطه انسان و محیط,ترنم همدلی,original,1405
دوازدهم,انسانی,جغرافیا,جغرافیا,بخش 1,نقشه,تکمیل بانک,متوسط,کدام گزینه نمونه‌ای از یادگیری در درس جغرافیا است؟,شناخت پدیده‌های مکانی و رابطه انسان و محیط,انجام کاری بی‌ارتباط با درس,نادیده گرفتن تمرین,حذف مرور,A,پاسخ درست بر اساس مفهوم کلی درس جغرافیا: شناخت پدیده‌های مکانی و رابطه انسان و محیط,ترنم همدلی,original,1405
دوازدهم,انسانی,جغرافیا,جغرافیا,بخش 1,نقشه,تکمیل بانک,متوسط,برای پیشرفت در درس جغرافیا کدام روش مناسب‌تر است؟,مطالعه مفاهیم و تمرین متناسب با درس,حفظ پاسخ بدون فهم,حذف تمرین,مطالعه بدون مرور,A,پاسخ درست بر اساس مفهوم کلی درس جغرافیا: مطالعه مفاهیم و تمرین متناسب با درس,ترنم همدلی,original,1405
دوازدهم,انسانی,جغرافیا,جغرافیا,بخش 1,نقشه,تکمیل بانک,متوسط,در ارزیابی درس جغرافیا کدام مورد اهمیت بیشتری دارد؟,توانایی به‌کارگیری آموخته‌های مرتبط با درس,سرعت پاسخ بدون دقت,حدس زدن همه پاسخ‌ها,حذف سؤال‌های دشوار,A,پاسخ درست بر اساس مفهوم کلی درس جغرافیا: توانایی به‌کارگیری آموخته‌های مرتبط با درس,ترنم همدلی,original,1405
دوازدهم,انسانی,فلسفه,فلسفه,بخش 1,تعریف فلسفه,تکمیل بانک,متوسط,درس فلسفه بیشتر بر کدام حوزه تمرکز دارد؟,پرسش‌های بنیادین و استدلال فلسفی,حفظ اطلاعات نامرتبط,موضوعات خارج از برنامه,فقط فعالیت ورزشی,A,پاسخ درست بر اساس مفهوم کلی درس فلسفه: پرسش‌های بنیادین و استدلال فلسفی,ترنم همدلی,original,1405
دوازدهم,انسانی,فلسفه,فلسفه,بخش 1,تعریف فلسفه,تکمیل بانک,متوسط,کدام گزینه نمونه‌ای از یادگیری در درس فلسفه است؟,پرسش‌های بنیادین و استدلال فلسفی,انجام کاری بی‌ارتباط با درس,نادیده گرفتن تمرین,حذف مرور,A,پاسخ درست بر اساس مفهوم کلی درس فلسفه: پرسش‌های بنیادین و استدلال فلسفی,ترنم همدلی,original,1405
دوازدهم,انسانی,فلسفه,فلسفه,بخش 1,تعریف فلسفه,تکمیل بانک,متوسط,برای پیشرفت در درس فلسفه کدام روش مناسب‌تر است؟,مطالعه مفاهیم و تمرین متناسب با درس,حفظ پاسخ بدون فهم,حذف تمرین,مطالعه بدون مرور,A,پاسخ درست بر اساس مفهوم کلی درس فلسفه: مطالعه مفاهیم و تمرین متناسب با درس,ترنم همدلی,original,1405
دوازدهم,انسانی,فلسفه,فلسفه,بخش 1,تعریف فلسفه,تکمیل بانک,متوسط,در ارزیابی درس فلسفه کدام مورد اهمیت بیشتری دارد؟,توانایی به‌کارگیری آموخته‌های مرتبط با درس,سرعت پاسخ بدون دقت,حدس زدن همه پاسخ‌ها,حذف سؤال‌های دشوار,A,پاسخ درست بر اساس مفهوم کلی درس فلسفه: توانایی به‌کارگیری آموخته‌های مرتبط با درس,ترنم همدلی,original,1405