grade,track,subject,book,chapter,topic,subtopic,difficulty,question,option_a,option_b,option_c,option_d,correct_option,explanation,source,source_type,source_year
"دهم","تجربی","زیست‌شناسی","زیست‌شناسی","مفاهیم سلولی و بدن","ساختار و عملکرد","درک مفهومی","آسان","کدام گزینه وظیفه «میتوکندری» را بهتر بیان می‌کند؟","تولید ATP","هسته","ریبوزوم","تولید ابر","A","عملکرد اصلی میتوکندری با تولید ATP مرتبط است.","ترنم همدلی","original","1405"
"دهم","تجربی","زیست‌شناسی","زیست‌شناسی","مفاهیم سلولی و بدن","ساختار و عملکرد","درک مفهومی","متوسط","کدام گزینه وظیفه «ریبوزوم» را بهتر بیان می‌کند؟","ساخت پروتئین","میتوکندری","دیواره سلولی","تولید ابر","A","عملکرد اصلی ریبوزوم با ساخت پروتئین مرتبط است.","ترنم همدلی","original","1405"
"دهم","تجربی","زیست‌شناسی","زیست‌شناسی","مفاهیم سلولی و بدن","ساختار و عملکرد","درک مفهومی","متوسط","کدام گزینه وظیفه «هسته» را بهتر بیان می‌کند؟","نگهداری DNA در سلول‌های یوکاریوتی","واکوئول","ریبوزوم","تولید ابر","A","عملکرد اصلی هسته با نگهداری DNA در سلول‌های یوکاریوتی مرتبط است.","ترنم همدلی","original","1405"
"دهم","تجربی","زیست‌شناسی","زیست‌شناسی","مفاهیم سلولی و بدن","ساختار و عملکرد","درک مفهومی","متوسط","کدام گزینه وظیفه «دیواره سلولی» را بهتر بیان می‌کند؟","حمایت و شکل‌دهی در سلول گیاهی","هسته","میتوکندری","تولید ابر","A","عملکرد اصلی دیواره سلولی با حمایت و شکل‌دهی در سلول گیاهی مرتبط است.","ترنم همدلی","original","1405"
"دهم","تجربی","زیست‌شناسی","زیست‌شناسی","مفاهیم سلولی و بدن","ساختار و عملکرد","درک مفهومی","متوسط","کدام گزینه وظیفه «کلروپلاست» را بهتر بیان می‌کند؟","فتوسنتز در سلول‌های گیاهی","ریبوزوم","لیزوزوم","تولید ابر","A","عملکرد اصلی کلروپلاست با فتوسنتز در سلول‌های گیاهی مرتبط است.","ترنم همدلی","original","1405"
"دهم","تجربی","زیست‌شناسی","زیست‌شناسی","مفاهیم سلولی و بدن","ساختار و عملکرد","درک مفهومی","آسان","کدام گزینه وظیفه «واکوئول» را بهتر بیان می‌کند؟","ذخیره برخی مواد و تنظیم آب در سلول گیاهی","هسته","کلروپلاست","تولید ابر","A","عملکرد اصلی واکوئول با ذخیره برخی مواد و تنظیم آب در سلول گیاهی مرتبط است.","ترنم همدلی","original","1405"
"دهم","تجربی","زیست‌شناسی","زیست‌شناسی","مفاهیم سلولی و بدن","ساختار و عملکرد","درک مفهومی","متوسط","کدام گزینه وظیفه «گلبول قرمز» را بهتر بیان می‌کند؟","انتقال اکسیژن","پلاکت","گلبول سفید","تولید ابر","A","عملکرد اصلی گلبول قرمز با انتقال اکسیژن مرتبط است.","ترنم همدلی","original","1405"
"دهم","تجربی","زیست‌شناسی","زیست‌شناسی","مفاهیم سلولی و بدن","ساختار و عملکرد","درک مفهومی","متوسط","کدام گزینه وظیفه «گلبول سفید» را بهتر بیان می‌کند؟","دفاع در برابر عوامل بیماری‌زا","گلبول قرمز","پلاکت","تولید ابر","A","عملکرد اصلی گلبول سفید با دفاع در برابر عوامل بیماری‌زا مرتبط است.","ترنم همدلی","original","1405"
"دهم","تجربی","زیست‌شناسی","زیست‌شناسی","مفاهیم سلولی و بدن","ساختار و عملکرد","درک مفهومی","متوسط","کدام گزینه وظیفه «پلاکت» را بهتر بیان می‌کند؟","کمک به انعقاد خون","گلبول قرمز","گلبول سفید","تولید ابر","A","عملکرد اصلی پلاکت با کمک به انعقاد خون مرتبط است.","ترنم همدلی","original","1405"
"دهم","تجربی","زیست‌شناسی","زیست‌شناسی","مفاهیم سلولی و بدن","ساختار و عملکرد","درک مفهومی","متوسط","کدام گزینه وظیفه «نورون» را بهتر بیان می‌کند؟","انتقال پیام عصبی","ماهیچه","گلبول قرمز","تولید ابر","A","عملکرد اصلی نورون با انتقال پیام عصبی مرتبط است.","ترنم همدلی","original","1405"
"دهم","تجربی","زیست‌شناسی","زیست‌شناسی","مفاهیم سلولی و بدن","ساختار و عملکرد","درک مفهومی","آسان","کدام گزینه وظیفه «روده باریک» را بهتر بیان می‌کند؟","بخش اصلی جذب مواد غذایی","معده","مری","تولید ابر","A","عملکرد اصلی روده باریک با بخش اصلی جذب مواد غذایی مرتبط است.","ترنم همدلی","original","1405"
"دهم","تجربی","زیست‌شناسی","زیست‌شناسی","مفاهیم سلولی و بدن","ساختار و عملکرد","درک مفهومی","متوسط","کدام گزینه وظیفه «کلیه» را بهتر بیان می‌کند؟","تنظیم آب و دفع برخی مواد زائد","قلب","ریه","تولید ابر","A","عملکرد اصلی کلیه با تنظیم آب و دفع برخی مواد زائد مرتبط است.","ترنم همدلی","original","1405"
"دهم","تجربی","زیست‌شناسی","زیست‌شناسی","مفاهیم سلولی و بدن","ساختار و عملکرد","درک مفهومی","متوسط","کدام ساختار با «تولید ATP» ارتباط مستقیم‌تری دارد؟","میتوکندری","هسته","ریبوزوم","استخوان","A","عملکرد اصلی میتوکندری با تولید ATP مرتبط است.","ترنم همدلی","original","1405"
"دهم","تجربی","زیست‌شناسی","زیست‌شناسی","مفاهیم سلولی و بدن","ساختار و عملکرد","درک مفهومی","متوسط","کدام ساختار با «ساخت پروتئین» ارتباط مستقیم‌تری دارد؟","ریبوزوم","میتوکندری","دیواره سلولی","استخوان","A","عملکرد اصلی ریبوزوم با ساخت پروتئین مرتبط است.","ترنم همدلی","original","1405"
"دهم","تجربی","زیست‌شناسی","زیست‌شناسی","مفاهیم سلولی و بدن","ساختار و عملکرد","درک مفهومی","متوسط","کدام ساختار با «نگهداری DNA در سلول‌های یوکاریوتی» ارتباط مستقیم‌تری دارد؟","هسته","واکوئول","ریبوزوم","استخوان","A","عملکرد اصلی هسته با نگهداری DNA در سلول‌های یوکاریوتی مرتبط است.","ترنم همدلی","original","1405"
"دهم","تجربی","زیست‌شناسی","زیست‌شناسی","مفاهیم سلولی و بدن","ساختار و عملکرد","درک مفهومی","آسان","کدام ساختار با «حمایت و شکل‌دهی در سلول گیاهی» ارتباط مستقیم‌تری دارد؟","دیواره سلولی","هسته","میتوکندری","استخوان","A","عملکرد اصلی دیواره سلولی با حمایت و شکل‌دهی در سلول گیاهی مرتبط است.","ترنم همدلی","original","1405"
"دهم","تجربی","زیست‌شناسی","زیست‌شناسی","مفاهیم سلولی و بدن","ساختار و عملکرد","درک مفهومی","متوسط","کدام ساختار با «فتوسنتز در سلول‌های گیاهی» ارتباط مستقیم‌تری دارد؟","کلروپلاست","ریبوزوم","لیزوزوم","استخوان","A","عملکرد اصلی کلروپلاست با فتوسنتز در سلول‌های گیاهی مرتبط است.","ترنم همدلی","original","1405"
"دهم","تجربی","زیست‌شناسی","زیست‌شناسی","مفاهیم سلولی و بدن","ساختار و عملکرد","درک مفهومی","متوسط","کدام ساختار با «ذخیره برخی مواد و تنظیم آب در سلول گیاهی» ارتباط مستقیم‌تری دارد؟","واکوئول","هسته","کلروپلاست","استخوان","A","عملکرد اصلی واکوئول با ذخیره برخی مواد و تنظیم آب در سلول گیاهی مرتبط است.","ترنم همدلی","original","1405"
"دهم","تجربی","زیست‌شناسی","زیست‌شناسی","مفاهیم سلولی و بدن","ساختار و عملکرد","درک مفهومی","متوسط","کدام ساختار با «انتقال اکسیژن» ارتباط مستقیم‌تری دارد؟","گلبول قرمز","پلاکت","گلبول سفید","استخوان","A","عملکرد اصلی گلبول قرمز با انتقال اکسیژن مرتبط است.","ترنم همدلی","original","1405"
"دهم","تجربی","زیست‌شناسی","زیست‌شناسی","مفاهیم سلولی و بدن","ساختار و عملکرد","درک مفهومی","متوسط","کدام ساختار با «دفاع در برابر عوامل بیماری‌زا» ارتباط مستقیم‌تری دارد؟","گلبول سفید","گلبول قرمز","پلاکت","استخوان","A","عملکرد اصلی گلبول سفید با دفاع در برابر عوامل بیماری‌زا مرتبط است.","ترنم همدلی","original","1405"
"دهم","تجربی","زیست‌شناسی","زیست‌شناسی","مفاهیم سلولی و بدن","ساختار و عملکرد","درک مفهومی","آسان","کدام ساختار با «کمک به انعقاد خون» ارتباط مستقیم‌تری دارد؟","پلاکت","گلبول قرمز","گلبول سفید","استخوان","A","عملکرد اصلی پلاکت با کمک به انعقاد خون مرتبط است.","ترنم همدلی","original","1405"
"دهم","تجربی","زیست‌شناسی","زیست‌شناسی","مفاهیم سلولی و بدن","ساختار و عملکرد","درک مفهومی","متوسط","کدام ساختار با «انتقال پیام عصبی» ارتباط مستقیم‌تری دارد؟","نورون","ماهیچه","گلبول قرمز","استخوان","A","عملکرد اصلی نورون با انتقال پیام عصبی مرتبط است.","ترنم همدلی","original","1405"
"دهم","تجربی","زیست‌شناسی","زیست‌شناسی","مفاهیم سلولی و بدن","ساختار و عملکرد","درک مفهومی","متوسط","کدام ساختار با «بخش اصلی جذب مواد غذایی» ارتباط مستقیم‌تری دارد؟","روده باریک","معده","مری","استخوان","A","عملکرد اصلی روده باریک با بخش اصلی جذب مواد غذایی مرتبط است.","ترنم همدلی","original","1405"
"دهم","تجربی","زیست‌شناسی","زیست‌شناسی","مفاهیم سلولی و بدن","ساختار و عملکرد","درک مفهومی","متوسط","کدام ساختار با «تنظیم آب و دفع برخی مواد زائد» ارتباط مستقیم‌تری دارد؟","کلیه","قلب","ریه","استخوان","A","عملکرد اصلی کلیه با تنظیم آب و دفع برخی مواد زائد مرتبط است.","ترنم همدلی","original","1405"
"دهم","تجربی","زیست‌شناسی","زیست‌شناسی","مفاهیم سلولی و بدن","ساختار و عملکرد","درک مفهومی","متوسط","اختلال در «میتوکندری» بیشتر کدام عملکرد را مختل می‌کند؟","تولید ATP","حرکت زمین","تشکیل باران","تغییر فصل","A","عملکرد اصلی میتوکندری با تولید ATP مرتبط است.","ترنم همدلی","original","1405"
"دهم","تجربی","زیست‌شناسی","زیست‌شناسی","مفاهیم سلولی و بدن","ساختار و عملکرد","درک مفهومی","آسان","اختلال در «ریبوزوم» بیشتر کدام عملکرد را مختل می‌کند؟","ساخت پروتئین","حرکت زمین","تشکیل باران","تغییر فصل","A","عملکرد اصلی ریبوزوم با ساخت پروتئین مرتبط است.","ترنم همدلی","original","1405"
"دهم","تجربی","زیست‌شناسی","زیست‌شناسی","مفاهیم سلولی و بدن","ساختار و عملکرد","درک مفهومی","متوسط","اختلال در «هسته» بیشتر کدام عملکرد را مختل می‌کند؟","نگهداری DNA در سلول‌های یوکاریوتی","حرکت زمین","تشکیل باران","تغییر فصل","A","عملکرد اصلی هسته با نگهداری DNA در سلول‌های یوکاریوتی مرتبط است.","ترنم همدلی","original","1405"
"دهم","تجربی","زیست‌شناسی","زیست‌شناسی","مفاهیم سلولی و بدن","ساختار و عملکرد","درک مفهومی","متوسط","اختلال در «دیواره سلولی» بیشتر کدام عملکرد را مختل می‌کند؟","حمایت و شکل‌دهی در سلول گیاهی","حرکت زمین","تشکیل باران","تغییر فصل","A","عملکرد اصلی دیواره سلولی با حمایت و شکل‌دهی در سلول گیاهی مرتبط است.","ترنم همدلی","original","1405"
"دهم","تجربی","زیست‌شناسی","زیست‌شناسی","مفاهیم سلولی و بدن","ساختار و عملکرد","درک مفهومی","متوسط","اختلال در «کلروپلاست» بیشتر کدام عملکرد را مختل می‌کند؟","فتوسنتز در سلول‌های گیاهی","حرکت زمین","تشکیل باران","تغییر فصل","A","عملکرد اصلی کلروپلاست با فتوسنتز در سلول‌های گیاهی مرتبط است.","ترنم همدلی","original","1405"
"دهم","تجربی","زیست‌شناسی","زیست‌شناسی","مفاهیم سلولی و بدن","ساختار و عملکرد","درک مفهومی","متوسط","اختلال در «واکوئول» بیشتر کدام عملکرد را مختل می‌کند؟","ذخیره برخی مواد و تنظیم آب در سلول گیاهی","حرکت زمین","تشکیل باران","تغییر فصل","A","عملکرد اصلی واکوئول با ذخیره برخی مواد و تنظیم آب در سلول گیاهی مرتبط است.","ترنم همدلی","original","1405"
"دهم","تجربی","زیست‌شناسی","زیست‌شناسی","مفاهیم سلولی و بدن","ساختار و عملکرد","درک مفهومی","آسان","اختلال در «گلبول قرمز» بیشتر کدام عملکرد را مختل می‌کند؟","انتقال اکسیژن","حرکت زمین","تشکیل باران","تغییر فصل","A","عملکرد اصلی گلبول قرمز با انتقال اکسیژن مرتبط است.","ترنم همدلی","original","1405"
"دهم","تجربی","زیست‌شناسی","زیست‌شناسی","مفاهیم سلولی و بدن","ساختار و عملکرد","درک مفهومی","متوسط","اختلال در «گلبول سفید» بیشتر کدام عملکرد را مختل می‌کند؟","دفاع در برابر عوامل بیماری‌زا","حرکت زمین","تشکیل باران","تغییر فصل","A","عملکرد اصلی گلبول سفید با دفاع در برابر عوامل بیماری‌زا مرتبط است.","ترنم همدلی","original","1405"
"دهم","تجربی","زیست‌شناسی","زیست‌شناسی","مفاهیم سلولی و بدن","ساختار و عملکرد","درک مفهومی","متوسط","اختلال در «پلاکت» بیشتر کدام عملکرد را مختل می‌کند؟","کمک به انعقاد خون","حرکت زمین","تشکیل باران","تغییر فصل","A","عملکرد اصلی پلاکت با کمک به انعقاد خون مرتبط است.","ترنم همدلی","original","1405"
"دهم","تجربی","زیست‌شناسی","زیست‌شناسی","مفاهیم سلولی و بدن","ساختار و عملکرد","درک مفهومی","متوسط","اختلال در «نورون» بیشتر کدام عملکرد را مختل می‌کند؟","انتقال پیام عصبی","حرکت زمین","تشکیل باران","تغییر فصل","A","عملکرد اصلی نورون با انتقال پیام عصبی مرتبط است.","ترنم همدلی","original","1405"
"دهم","تجربی","زیست‌شناسی","زیست‌شناسی","مفاهیم سلولی و بدن","ساختار و عملکرد","درک مفهومی","متوسط","اختلال در «روده باریک» بیشتر کدام عملکرد را مختل می‌کند؟","بخش اصلی جذب مواد غذایی","حرکت زمین","تشکیل باران","تغییر فصل","A","عملکرد اصلی روده باریک با بخش اصلی جذب مواد غذایی مرتبط است.","ترنم همدلی","original","1405"
"دهم","تجربی","زیست‌شناسی","زیست‌شناسی","مفاهیم سلولی و بدن","ساختار و عملکرد","درک مفهومی","آسان","اختلال در «کلیه» بیشتر کدام عملکرد را مختل می‌کند؟","تنظیم آب و دفع برخی مواد زائد","حرکت زمین","تشکیل باران","تغییر فصل","A","عملکرد اصلی کلیه با تنظیم آب و دفع برخی مواد زائد مرتبط است.","ترنم همدلی","original","1405"
"دهم","تجربی","زیست‌شناسی","زیست‌شناسی","مفاهیم سلولی و بدن","ساختار و عملکرد","درک مفهومی","متوسط","کدام گزینه درباره «میتوکندری» درست‌تر است؟","تولید ATP","هسته","ریبوزوم","افزایش فشار هوا","A","عملکرد اصلی میتوکندری با تولید ATP مرتبط است.","ترنم همدلی","original","1405"
"دهم","تجربی","زیست‌شناسی","زیست‌شناسی","مفاهیم سلولی و بدن","ساختار و عملکرد","درک مفهومی","متوسط","کدام گزینه درباره «ریبوزوم» درست‌تر است؟","ساخت پروتئین","میتوکندری","دیواره سلولی","افزایش فشار هوا","A","عملکرد اصلی ریبوزوم با ساخت پروتئین مرتبط است.","ترنم همدلی","original","1405"
"دهم","تجربی","زیست‌شناسی","زیست‌شناسی","مفاهیم سلولی و بدن","ساختار و عملکرد","درک مفهومی","متوسط","کدام گزینه درباره «هسته» درست‌تر است؟","نگهداری DNA در سلول‌های یوکاریوتی","واکوئول","ریبوزوم","افزایش فشار هوا","A","عملکرد اصلی هسته با نگهداری DNA در سلول‌های یوکاریوتی مرتبط است.","ترنم همدلی","original","1405"
"دهم","تجربی","زیست‌شناسی","زیست‌شناسی","مفاهیم سلولی و بدن","ساختار و عملکرد","درک مفهومی","متوسط","کدام گزینه درباره «دیواره سلولی» درست‌تر است؟","حمایت و شکل‌دهی در سلول گیاهی","هسته","میتوکندری","افزایش فشار هوا","A","عملکرد اصلی دیواره سلولی با حمایت و شکل‌دهی در سلول گیاهی مرتبط است.","ترنم همدلی","original","1405"
"دهم","تجربی","زیست‌شناسی","زیست‌شناسی","مفاهیم سلولی و بدن","ساختار و عملکرد","درک مفهومی","آسان","کدام گزینه درباره «کلروپلاست» درست‌تر است؟","فتوسنتز در سلول‌های گیاهی","ریبوزوم","لیزوزوم","افزایش فشار هوا","A","عملکرد اصلی کلروپلاست با فتوسنتز در سلول‌های گیاهی مرتبط است.","ترنم همدلی","original","1405"
"دهم","تجربی","زیست‌شناسی","زیست‌شناسی","مفاهیم سلولی و بدن","ساختار و عملکرد","درک مفهومی","متوسط","کدام گزینه درباره «واکوئول» درست‌تر است؟","ذخیره برخی مواد و تنظیم آب در سلول گیاهی","هسته","کلروپلاست","افزایش فشار هوا","A","عملکرد اصلی واکوئول با ذخیره برخی مواد و تنظیم آب در سلول گیاهی مرتبط است.","ترنم همدلی","original","1405"
"دهم","تجربی","زیست‌شناسی","زیست‌شناسی","مفاهیم سلولی و بدن","ساختار و عملکرد","درک مفهومی","متوسط","کدام گزینه درباره «گلبول قرمز» درست‌تر است؟","انتقال اکسیژن","پلاکت","گلبول سفید","افزایش فشار هوا","A","عملکرد اصلی گلبول قرمز با انتقال اکسیژن مرتبط است.","ترنم همدلی","original","1405"
"دهم","تجربی","زیست‌شناسی","زیست‌شناسی","مفاهیم سلولی و بدن","ساختار و عملکرد","درک مفهومی","متوسط","کدام گزینه درباره «گلبول سفید» درست‌تر است؟","دفاع در برابر عوامل بیماری‌زا","گلبول قرمز","پلاکت","افزایش فشار هوا","A","عملکرد اصلی گلبول سفید با دفاع در برابر عوامل بیماری‌زا مرتبط است.","ترنم همدلی","original","1405"
"دهم","تجربی","زیست‌شناسی","زیست‌شناسی","مفاهیم سلولی و بدن","ساختار و عملکرد","درک مفهومی","متوسط","کدام گزینه درباره «پلاکت» درست‌تر است؟","کمک به انعقاد خون","گلبول قرمز","گلبول سفید","افزایش فشار هوا","A","عملکرد اصلی پلاکت با کمک به انعقاد خون مرتبط است.","ترنم همدلی","original","1405"
"دهم","تجربی","زیست‌شناسی","زیست‌شناسی","مفاهیم سلولی و بدن","ساختار و عملکرد","درک مفهومی","آسان","کدام گزینه درباره «نورون» درست‌تر است؟","انتقال پیام عصبی","ماهیچه","گلبول قرمز","افزایش فشار هوا","A","عملکرد اصلی نورون با انتقال پیام عصبی مرتبط است.","ترنم همدلی","original","1405"
"دهم","تجربی","زیست‌شناسی","زیست‌شناسی","مفاهیم سلولی و بدن","ساختار و عملکرد","درک مفهومی","متوسط","کدام گزینه درباره «روده باریک» درست‌تر است؟","بخش اصلی جذب مواد غذایی","معده","مری","افزایش فشار هوا","A","عملکرد اصلی روده باریک با بخش اصلی جذب مواد غذایی مرتبط است.","ترنم همدلی","original","1405"
"دهم","تجربی","زیست‌شناسی","زیست‌شناسی","مفاهیم سلولی و بدن","ساختار و عملکرد","درک مفهومی","متوسط","کدام گزینه درباره «کلیه» درست‌تر است؟","تنظیم آب و دفع برخی مواد زائد","قلب","ریه","افزایش فشار هوا","A","عملکرد اصلی کلیه با تنظیم آب و دفع برخی مواد زائد مرتبط است.","ترنم همدلی","original","1405"
"دهم","تجربی","زیست‌شناسی","زیست‌شناسی","مفاهیم سلولی و بدن","ساختار و عملکرد","درک مفهومی","متوسط","اگر «میتوکندری» فعالیت طبیعی نداشته باشد، کدام فرایند تحت تأثیر قرار می‌گیرد؟","تولید ATP","تبخیر آب دریا","چرخش زمین","تشکیل سنگ","A","عملکرد اصلی میتوکندری با تولید ATP مرتبط است.","ترنم همدلی","original","1405"
"دهم","تجربی","زیست‌شناسی","زیست‌شناسی","مفاهیم سلولی و بدن","ساختار و عملکرد","درک مفهومی","متوسط","اگر «ریبوزوم» فعالیت طبیعی نداشته باشد، کدام فرایند تحت تأثیر قرار می‌گیرد؟","ساخت پروتئین","تبخیر آب دریا","چرخش زمین","تشکیل سنگ","A","عملکرد اصلی ریبوزوم با ساخت پروتئین مرتبط است.","ترنم همدلی","original","1405"
"دهم","تجربی","زیست‌شناسی","زیست‌شناسی","مفاهیم سلولی و بدن","ساختار و عملکرد","درک مفهومی","آسان","اگر «هسته» فعالیت طبیعی نداشته باشد، کدام فرایند تحت تأثیر قرار می‌گیرد؟","نگهداری DNA در سلول‌های یوکاریوتی","تبخیر آب دریا","چرخش زمین","تشکیل سنگ","A","عملکرد اصلی هسته با نگهداری DNA در سلول‌های یوکاریوتی مرتبط است.","ترنم همدلی","original","1405"
"دهم","تجربی","زیست‌شناسی","زیست‌شناسی","مفاهیم سلولی و بدن","ساختار و عملکرد","درک مفهومی","متوسط","اگر «دیواره سلولی» فعالیت طبیعی نداشته باشد، کدام فرایند تحت تأثیر قرار می‌گیرد؟","حمایت و شکل‌دهی در سلول گیاهی","تبخیر آب دریا","چرخش زمین","تشکیل سنگ","A","عملکرد اصلی دیواره سلولی با حمایت و شکل‌دهی در سلول گیاهی مرتبط است.","ترنم همدلی","original","1405"
"دهم","تجربی","زیست‌شناسی","زیست‌شناسی","مفاهیم سلولی و بدن","ساختار و عملکرد","درک مفهومی","متوسط","اگر «کلروپلاست» فعالیت طبیعی نداشته باشد، کدام فرایند تحت تأثیر قرار می‌گیرد؟","فتوسنتز در سلول‌های گیاهی","تبخیر آب دریا","چرخش زمین","تشکیل سنگ","A","عملکرد اصلی کلروپلاست با فتوسنتز در سلول‌های گیاهی مرتبط است.","ترنم همدلی","original","1405"
"دهم","تجربی","زیست‌شناسی","زیست‌شناسی","مفاهیم سلولی و بدن","ساختار و عملکرد","درک مفهومی","متوسط","اگر «واکوئول» فعالیت طبیعی نداشته باشد، کدام فرایند تحت تأثیر قرار می‌گیرد؟","ذخیره برخی مواد و تنظیم آب در سلول گیاهی","تبخیر آب دریا","چرخش زمین","تشکیل سنگ","A","عملکرد اصلی واکوئول با ذخیره برخی مواد و تنظیم آب در سلول گیاهی مرتبط است.","ترنم همدلی","original","1405"
"دهم","تجربی","زیست‌شناسی","زیست‌شناسی","مفاهیم سلولی و بدن","ساختار و عملکرد","درک مفهومی","متوسط","اگر «گلبول قرمز» فعالیت طبیعی نداشته باشد، کدام فرایند تحت تأثیر قرار می‌گیرد؟","انتقال اکسیژن","تبخیر آب دریا","چرخش زمین","تشکیل سنگ","A","عملکرد اصلی گلبول قرمز با انتقال اکسیژن مرتبط است.","ترنم همدلی","original","1405"
"دهم","تجربی","زیست‌شناسی","زیست‌شناسی","مفاهیم سلولی و بدن","ساختار و عملکرد","درک مفهومی","آسان","اگر «گلبول سفید» فعالیت طبیعی نداشته باشد، کدام فرایند تحت تأثیر قرار می‌گیرد؟","دفاع در برابر عوامل بیماری‌زا","تبخیر آب دریا","چرخش زمین","تشکیل سنگ","A","عملکرد اصلی گلبول سفید با دفاع در برابر عوامل بیماری‌زا مرتبط است.","ترنم همدلی","original","1405"
"دهم","تجربی","زیست‌شناسی","زیست‌شناسی","مفاهیم سلولی و بدن","ساختار و عملکرد","درک مفهومی","متوسط","اگر «پلاکت» فعالیت طبیعی نداشته باشد، کدام فرایند تحت تأثیر قرار می‌گیرد؟","کمک به انعقاد خون","تبخیر آب دریا","چرخش زمین","تشکیل سنگ","A","عملکرد اصلی پلاکت با کمک به انعقاد خون مرتبط است.","ترنم همدلی","original","1405"
"دهم","تجربی","زیست‌شناسی","زیست‌شناسی","مفاهیم سلولی و بدن","ساختار و عملکرد","درک مفهومی","متوسط","اگر «نورون» فعالیت طبیعی نداشته باشد، کدام فرایند تحت تأثیر قرار می‌گیرد؟","انتقال پیام عصبی","تبخیر آب دریا","چرخش زمین","تشکیل سنگ","A","عملکرد اصلی نورون با انتقال پیام عصبی مرتبط است.","ترنم همدلی","original","1405"
"دهم","تجربی","زیست‌شناسی","زیست‌شناسی","مفاهیم سلولی و بدن","ساختار و عملکرد","درک مفهومی","متوسط","اگر «روده باریک» فعالیت طبیعی نداشته باشد، کدام فرایند تحت تأثیر قرار می‌گیرد؟","بخش اصلی جذب مواد غذایی","تبخیر آب دریا","چرخش زمین","تشکیل سنگ","A","عملکرد اصلی روده باریک با بخش اصلی جذب مواد غذایی مرتبط است.","ترنم همدلی","original","1405"
"دهم","تجربی","زیست‌شناسی","زیست‌شناسی","مفاهیم سلولی و بدن","ساختار و عملکرد","درک مفهومی","متوسط","اگر «کلیه» فعالیت طبیعی نداشته باشد، کدام فرایند تحت تأثیر قرار می‌گیرد؟","تنظیم آب و دفع برخی مواد زائد","تبخیر آب دریا","چرخش زمین","تشکیل سنگ","A","عملکرد اصلی کلیه با تنظیم آب و دفع برخی مواد زائد مرتبط است.","ترنم همدلی","original","1405"
"دهم","تجربی","زیست‌شناسی","زیست‌شناسی","مفاهیم سلولی و بدن","ساختار و عملکرد","درک مفهومی","آسان","نقش اصلی «میتوکندری» در بدن یا سلول کدام است؟","تولید ATP","هسته","ریبوزوم","تولید نور","A","عملکرد اصلی میتوکندری با تولید ATP مرتبط است.","ترنم همدلی","original","1405"
"دهم","تجربی","زیست‌شناسی","زیست‌شناسی","مفاهیم سلولی و بدن","ساختار و عملکرد","درک مفهومی","متوسط","نقش اصلی «ریبوزوم» در بدن یا سلول کدام است؟","ساخت پروتئین","میتوکندری","دیواره سلولی","تولید نور","A","عملکرد اصلی ریبوزوم با ساخت پروتئین مرتبط است.","ترنم همدلی","original","1405"
"دهم","تجربی","زیست‌شناسی","زیست‌شناسی","مفاهیم سلولی و بدن","ساختار و عملکرد","درک مفهومی","متوسط","نقش اصلی «هسته» در بدن یا سلول کدام است؟","نگهداری DNA در سلول‌های یوکاریوتی","واکوئول","ریبوزوم","تولید نور","A","عملکرد اصلی هسته با نگهداری DNA در سلول‌های یوکاریوتی مرتبط است.","ترنم همدلی","original","1405"
"دهم","تجربی","زیست‌شناسی","زیست‌شناسی","مفاهیم سلولی و بدن","ساختار و عملکرد","درک مفهومی","متوسط","نقش اصلی «دیواره سلولی» در بدن یا سلول کدام است؟","حمایت و شکل‌دهی در سلول گیاهی","هسته","میتوکندری","تولید نور","A","عملکرد اصلی دیواره سلولی با حمایت و شکل‌دهی در سلول گیاهی مرتبط است.","ترنم همدلی","original","1405"
"دهم","تجربی","زیست‌شناسی","زیست‌شناسی","مفاهیم سلولی و بدن","ساختار و عملکرد","درک مفهومی","متوسط","نقش اصلی «کلروپلاست» در بدن یا سلول کدام است؟","فتوسنتز در سلول‌های گیاهی","ریبوزوم","لیزوزوم","تولید نور","A","عملکرد اصلی کلروپلاست با فتوسنتز در سلول‌های گیاهی مرتبط است.","ترنم همدلی","original","1405"
"دهم","تجربی","زیست‌شناسی","زیست‌شناسی","مفاهیم سلولی و بدن","ساختار و عملکرد","درک مفهومی","آسان","نقش اصلی «واکوئول» در بدن یا سلول کدام است؟","ذخیره برخی مواد و تنظیم آب در سلول گیاهی","هسته","کلروپلاست","تولید نور","A","عملکرد اصلی واکوئول با ذخیره برخی مواد و تنظیم آب در سلول گیاهی مرتبط است.","ترنم همدلی","original","1405"
"دهم","تجربی","زیست‌شناسی","زیست‌شناسی","مفاهیم سلولی و بدن","ساختار و عملکرد","درک مفهومی","متوسط","نقش اصلی «گلبول قرمز» در بدن یا سلول کدام است؟","انتقال اکسیژن","پلاکت","گلبول سفید","تولید نور","A","عملکرد اصلی گلبول قرمز با انتقال اکسیژن مرتبط است.","ترنم همدلی","original","1405"
"دهم","تجربی","زیست‌شناسی","زیست‌شناسی","مفاهیم سلولی و بدن","ساختار و عملکرد","درک مفهومی","متوسط","نقش اصلی «گلبول سفید» در بدن یا سلول کدام است؟","دفاع در برابر عوامل بیماری‌زا","گلبول قرمز","پلاکت","تولید نور","A","عملکرد اصلی گلبول سفید با دفاع در برابر عوامل بیماری‌زا مرتبط است.","ترنم همدلی","original","1405"
"دهم","تجربی","زیست‌شناسی","زیست‌شناسی","مفاهیم سلولی و بدن","ساختار و عملکرد","درک مفهومی","متوسط","نقش اصلی «پلاکت» در بدن یا سلول کدام است؟","کمک به انعقاد خون","گلبول قرمز","گلبول سفید","تولید نور","A","عملکرد اصلی پلاکت با کمک به انعقاد خون مرتبط است.","ترنم همدلی","original","1405"
"دهم","تجربی","زیست‌شناسی","زیست‌شناسی","مفاهیم سلولی و بدن","ساختار و عملکرد","درک مفهومی","متوسط","نقش اصلی «نورون» در بدن یا سلول کدام است؟","انتقال پیام عصبی","ماهیچه","گلبول قرمز","تولید نور","A","عملکرد اصلی نورون با انتقال پیام عصبی مرتبط است.","ترنم همدلی","original","1405"
"دهم","تجربی","زیست‌شناسی","زیست‌شناسی","مفاهیم سلولی و بدن","ساختار و عملکرد","درک مفهومی","آسان","نقش اصلی «روده باریک» در بدن یا سلول کدام است؟","بخش اصلی جذب مواد غذایی","معده","مری","تولید نور","A","عملکرد اصلی روده باریک با بخش اصلی جذب مواد غذایی مرتبط است.","ترنم همدلی","original","1405"
"دهم","تجربی","زیست‌شناسی","زیست‌شناسی","مفاهیم سلولی و بدن","ساختار و عملکرد","درک مفهومی","متوسط","نقش اصلی «کلیه» در بدن یا سلول کدام است؟","تنظیم آب و دفع برخی مواد زائد","قلب","ریه","تولید نور","A","عملکرد اصلی کلیه با تنظیم آب و دفع برخی مواد زائد مرتبط است.","ترنم همدلی","original","1405"
"دهم","تجربی","زیست‌شناسی","زیست‌شناسی","مفاهیم سلولی و بدن","ساختار و عملکرد","درک مفهومی","متوسط","کدام گزینه نمونه‌ای از ارتباط «میتوکندری» با عملکرد بدن/سلول است؟","تولید ATP","سرعت باد","فشار هوا","طول موج","A","عملکرد اصلی میتوکندری با تولید ATP مرتبط است.","ترنم همدلی","original","1405"
"دهم","تجربی","زیست‌شناسی","زیست‌شناسی","مفاهیم سلولی و بدن","ساختار و عملکرد","درک مفهومی","متوسط","کدام گزینه نمونه‌ای از ارتباط «ریبوزوم» با عملکرد بدن/سلول است؟","ساخت پروتئین","سرعت باد","فشار هوا","طول موج","A","عملکرد اصلی ریبوزوم با ساخت پروتئین مرتبط است.","ترنم همدلی","original","1405"
"دهم","تجربی","زیست‌شناسی","زیست‌شناسی","مفاهیم سلولی و بدن","ساختار و عملکرد","درک مفهومی","متوسط","کدام گزینه نمونه‌ای از ارتباط «هسته» با عملکرد بدن/سلول است؟","نگهداری DNA در سلول‌های یوکاریوتی","سرعت باد","فشار هوا","طول موج","A","عملکرد اصلی هسته با نگهداری DNA در سلول‌های یوکاریوتی مرتبط است.","ترنم همدلی","original","1405"
"دهم","تجربی","زیست‌شناسی","زیست‌شناسی","مفاهیم سلولی و بدن","ساختار و عملکرد","درک مفهومی","آسان","کدام گزینه نمونه‌ای از ارتباط «دیواره سلولی» با عملکرد بدن/سلول است؟","حمایت و شکل‌دهی در سلول گیاهی","سرعت باد","فشار هوا","طول موج","A","عملکرد اصلی دیواره سلولی با حمایت و شکل‌دهی در سلول گیاهی مرتبط است.","ترنم همدلی","original","1405"
"دهم","تجربی","زیست‌شناسی","زیست‌شناسی","مفاهیم سلولی و بدن","ساختار و عملکرد","درک مفهومی","متوسط","کدام گزینه نمونه‌ای از ارتباط «کلروپلاست» با عملکرد بدن/سلول است؟","فتوسنتز در سلول‌های گیاهی","سرعت باد","فشار هوا","طول موج","A","عملکرد اصلی کلروپلاست با فتوسنتز در سلول‌های گیاهی مرتبط است.","ترنم همدلی","original","1405"
"دهم","تجربی","زیست‌شناسی","زیست‌شناسی","مفاهیم سلولی و بدن","ساختار و عملکرد","درک مفهومی","متوسط","کدام گزینه نمونه‌ای از ارتباط «واکوئول» با عملکرد بدن/سلول است؟","ذخیره برخی مواد و تنظیم آب در سلول گیاهی","سرعت باد","فشار هوا","طول موج","A","عملکرد اصلی واکوئول با ذخیره برخی مواد و تنظیم آب در سلول گیاهی مرتبط است.","ترنم همدلی","original","1405"
"دهم","تجربی","زیست‌شناسی","زیست‌شناسی","مفاهیم سلولی و بدن","ساختار و عملکرد","درک مفهومی","متوسط","کدام گزینه نمونه‌ای از ارتباط «گلبول قرمز» با عملکرد بدن/سلول است؟","انتقال اکسیژن","سرعت باد","فشار هوا","طول موج","A","عملکرد اصلی گلبول قرمز با انتقال اکسیژن مرتبط است.","ترنم همدلی","original","1405"
"دهم","تجربی","زیست‌شناسی","زیست‌شناسی","مفاهیم سلولی و بدن","ساختار و عملکرد","درک مفهومی","متوسط","کدام گزینه نمونه‌ای از ارتباط «گلبول سفید» با عملکرد بدن/سلول است؟","دفاع در برابر عوامل بیماری‌زا","سرعت باد","فشار هوا","طول موج","A","عملکرد اصلی گلبول سفید با دفاع در برابر عوامل بیماری‌زا مرتبط است.","ترنم همدلی","original","1405"
"دهم","تجربی","زیست‌شناسی","زیست‌شناسی","مفاهیم سلولی و بدن","ساختار و عملکرد","درک مفهومی","آسان","کدام گزینه نمونه‌ای از ارتباط «پلاکت» با عملکرد بدن/سلول است؟","کمک به انعقاد خون","سرعت باد","فشار هوا","طول موج","A","عملکرد اصلی پلاکت با کمک به انعقاد خون مرتبط است.","ترنم همدلی","original","1405"
"دهم","تجربی","زیست‌شناسی","زیست‌شناسی","مفاهیم سلولی و بدن","ساختار و عملکرد","درک مفهومی","متوسط","کدام گزینه نمونه‌ای از ارتباط «نورون» با عملکرد بدن/سلول است؟","انتقال پیام عصبی","سرعت باد","فشار هوا","طول موج","A","عملکرد اصلی نورون با انتقال پیام عصبی مرتبط است.","ترنم همدلی","original","1405"
"دهم","تجربی","زیست‌شناسی","زیست‌شناسی","مفاهیم سلولی و بدن","ساختار و عملکرد","درک مفهومی","متوسط","کدام گزینه نمونه‌ای از ارتباط «روده باریک» با عملکرد بدن/سلول است؟","بخش اصلی جذب مواد غذایی","سرعت باد","فشار هوا","طول موج","A","عملکرد اصلی روده باریک با بخش اصلی جذب مواد غذایی مرتبط است.","ترنم همدلی","original","1405"
"دهم","تجربی","زیست‌شناسی","زیست‌شناسی","مفاهیم سلولی و بدن","ساختار و عملکرد","درک مفهومی","متوسط","کدام گزینه نمونه‌ای از ارتباط «کلیه» با عملکرد بدن/سلول است؟","تنظیم آب و دفع برخی مواد زائد","سرعت باد","فشار هوا","طول موج","A","عملکرد اصلی کلیه با تنظیم آب و دفع برخی مواد زائد مرتبط است.","ترنم همدلی","original","1405"
"دهم","تجربی","زیست‌شناسی","زیست‌شناسی","مفاهیم سلولی و بدن","ساختار و عملکرد","درک مفهومی","متوسط","برای شناخت نقش «میتوکندری» باید به کدام عملکرد توجه کرد؟","تولید ATP","هسته","ریبوزوم","فاصله ستاره‌ها","A","عملکرد اصلی میتوکندری با تولید ATP مرتبط است.","ترنم همدلی","original","1405"
"دهم","تجربی","زیست‌شناسی","زیست‌شناسی","مفاهیم سلولی و بدن","ساختار و عملکرد","درک مفهومی","آسان","برای شناخت نقش «ریبوزوم» باید به کدام عملکرد توجه کرد؟","ساخت پروتئین","میتوکندری","دیواره سلولی","فاصله ستاره‌ها","A","عملکرد اصلی ریبوزوم با ساخت پروتئین مرتبط است.","ترنم همدلی","original","1405"
"دهم","تجربی","زیست‌شناسی","زیست‌شناسی","مفاهیم سلولی و بدن","ساختار و عملکرد","درک مفهومی","متوسط","برای شناخت نقش «هسته» باید به کدام عملکرد توجه کرد؟","نگهداری DNA در سلول‌های یوکاریوتی","واکوئول","ریبوزوم","فاصله ستاره‌ها","A","عملکرد اصلی هسته با نگهداری DNA در سلول‌های یوکاریوتی مرتبط است.","ترنم همدلی","original","1405"
"دهم","تجربی","زیست‌شناسی","زیست‌شناسی","مفاهیم سلولی و بدن","ساختار و عملکرد","درک مفهومی","متوسط","برای شناخت نقش «دیواره سلولی» باید به کدام عملکرد توجه کرد؟","حمایت و شکل‌دهی در سلول گیاهی","هسته","میتوکندری","فاصله ستاره‌ها","A","عملکرد اصلی دیواره سلولی با حمایت و شکل‌دهی در سلول گیاهی مرتبط است.","ترنم همدلی","original","1405"
"دهم","تجربی","زیست‌شناسی","زیست‌شناسی","مفاهیم سلولی و بدن","ساختار و عملکرد","درک مفهومی","متوسط","برای شناخت نقش «کلروپلاست» باید به کدام عملکرد توجه کرد؟","فتوسنتز در سلول‌های گیاهی","ریبوزوم","لیزوزوم","فاصله ستاره‌ها","A","عملکرد اصلی کلروپلاست با فتوسنتز در سلول‌های گیاهی مرتبط است.","ترنم همدلی","original","1405"
"دهم","تجربی","زیست‌شناسی","زیست‌شناسی","مفاهیم سلولی و بدن","ساختار و عملکرد","درک مفهومی","متوسط","برای شناخت نقش «واکوئول» باید به کدام عملکرد توجه کرد؟","ذخیره برخی مواد و تنظیم آب در سلول گیاهی","هسته","کلروپلاست","فاصله ستاره‌ها","A","عملکرد اصلی واکوئول با ذخیره برخی مواد و تنظیم آب در سلول گیاهی مرتبط است.","ترنم همدلی","original","1405"
"دهم","تجربی","زیست‌شناسی","زیست‌شناسی","مفاهیم سلولی و بدن","ساختار و عملکرد","درک مفهومی","آسان","برای شناخت نقش «گلبول قرمز» باید به کدام عملکرد توجه کرد؟","انتقال اکسیژن","پلاکت","گلبول سفید","فاصله ستاره‌ها","A","عملکرد اصلی گلبول قرمز با انتقال اکسیژن مرتبط است.","ترنم همدلی","original","1405"
"دهم","تجربی","زیست‌شناسی","زیست‌شناسی","مفاهیم سلولی و بدن","ساختار و عملکرد","درک مفهومی","متوسط","برای شناخت نقش «گلبول سفید» باید به کدام عملکرد توجه کرد؟","دفاع در برابر عوامل بیماری‌زا","گلبول قرمز","پلاکت","فاصله ستاره‌ها","A","عملکرد اصلی گلبول سفید با دفاع در برابر عوامل بیماری‌زا مرتبط است.","ترنم همدلی","original","1405"
"دهم","تجربی","زیست‌شناسی","زیست‌شناسی","مفاهیم سلولی و بدن","ساختار و عملکرد","درک مفهومی","متوسط","برای شناخت نقش «پلاکت» باید به کدام عملکرد توجه کرد؟","کمک به انعقاد خون","گلبول قرمز","گلبول سفید","فاصله ستاره‌ها","A","عملکرد اصلی پلاکت با کمک به انعقاد خون مرتبط است.","ترنم همدلی","original","1405"
"دهم","تجربی","زیست‌شناسی","زیست‌شناسی","مفاهیم سلولی و بدن","ساختار و عملکرد","درک مفهومی","متوسط","برای شناخت نقش «نورون» باید به کدام عملکرد توجه کرد؟","انتقال پیام عصبی","ماهیچه","گلبول قرمز","فاصله ستاره‌ها","A","عملکرد اصلی نورون با انتقال پیام عصبی مرتبط است.","ترنم همدلی","original","1405"
"دهم","تجربی","زیست‌شناسی","زیست‌شناسی","مفاهیم سلولی و بدن","ساختار و عملکرد","درک مفهومی","متوسط","برای شناخت نقش «روده باریک» باید به کدام عملکرد توجه کرد؟","بخش اصلی جذب مواد غذایی","معده","مری","فاصله ستاره‌ها","A","عملکرد اصلی روده باریک با بخش اصلی جذب مواد غذایی مرتبط است.","ترنم همدلی","original","1405"
"دهم","تجربی","زیست‌شناسی","زیست‌شناسی","مفاهیم سلولی و بدن","ساختار و عملکرد","درک مفهومی","آسان","برای شناخت نقش «کلیه» باید به کدام عملکرد توجه کرد؟","تنظیم آب و دفع برخی مواد زائد","قلب","ریه","فاصله ستاره‌ها","A","عملکرد اصلی کلیه با تنظیم آب و دفع برخی مواد زائد مرتبط است.","ترنم همدلی","original","1405"
"یازدهم","تجربی","زیست‌شناسی","زیست‌شناسی","مفاهیم سلولی و بدن","ساختار و عملکرد","درک مفهومی","آسان","کدام گزینه وظیفه «میتوکندری» را بهتر بیان می‌کند؟","تولید ATP","هسته","ریبوزوم","تولید ابر","A","عملکرد اصلی میتوکندری با تولید ATP مرتبط است.","ترنم همدلی","original","1405"
"یازدهم","تجربی","زیست‌شناسی","زیست‌شناسی","مفاهیم سلولی و بدن","ساختار و عملکرد","درک مفهومی","متوسط","کدام گزینه وظیفه «ریبوزوم» را بهتر بیان می‌کند؟","ساخت پروتئین","میتوکندری","دیواره سلولی","تولید ابر","A","عملکرد اصلی ریبوزوم با ساخت پروتئین مرتبط است.","ترنم همدلی","original","1405"
"یازدهم","تجربی","زیست‌شناسی","زیست‌شناسی","مفاهیم سلولی و بدن","ساختار و عملکرد","درک مفهومی","متوسط","کدام گزینه وظیفه «هسته» را بهتر بیان می‌کند؟","نگهداری DNA در سلول‌های یوکاریوتی","واکوئول","ریبوزوم","تولید ابر","A","عملکرد اصلی هسته با نگهداری DNA در سلول‌های یوکاریوتی مرتبط است.","ترنم همدلی","original","1405"
"یازدهم","تجربی","زیست‌شناسی","زیست‌شناسی","مفاهیم سلولی و بدن","ساختار و عملکرد","درک مفهومی","متوسط","کدام گزینه وظیفه «دیواره سلولی» را بهتر بیان می‌کند؟","حمایت و شکل‌دهی در سلول گیاهی","هسته","میتوکندری","تولید ابر","A","عملکرد اصلی دیواره سلولی با حمایت و شکل‌دهی در سلول گیاهی مرتبط است.","ترنم همدلی","original","1405"
"یازدهم","تجربی","زیست‌شناسی","زیست‌شناسی","مفاهیم سلولی و بدن","ساختار و عملکرد","درک مفهومی","متوسط","کدام گزینه وظیفه «کلروپلاست» را بهتر بیان می‌کند؟","فتوسنتز در سلول‌های گیاهی","ریبوزوم","لیزوزوم","تولید ابر","A","عملکرد اصلی کلروپلاست با فتوسنتز در سلول‌های گیاهی مرتبط است.","ترنم همدلی","original","1405"
"یازدهم","تجربی","زیست‌شناسی","زیست‌شناسی","مفاهیم سلولی و بدن","ساختار و عملکرد","درک مفهومی","آسان","کدام گزینه وظیفه «واکوئول» را بهتر بیان می‌کند؟","ذخیره برخی مواد و تنظیم آب در سلول گیاهی","هسته","کلروپلاست","تولید ابر","A","عملکرد اصلی واکوئول با ذخیره برخی مواد و تنظیم آب در سلول گیاهی مرتبط است.","ترنم همدلی","original","1405"
"یازدهم","تجربی","زیست‌شناسی","زیست‌شناسی","مفاهیم سلولی و بدن","ساختار و عملکرد","درک مفهومی","متوسط","کدام گزینه وظیفه «گلبول قرمز» را بهتر بیان می‌کند؟","انتقال اکسیژن","پلاکت","گلبول سفید","تولید ابر","A","عملکرد اصلی گلبول قرمز با انتقال اکسیژن مرتبط است.","ترنم همدلی","original","1405"
"یازدهم","تجربی","زیست‌شناسی","زیست‌شناسی","مفاهیم سلولی و بدن","ساختار و عملکرد","درک مفهومی","متوسط","کدام گزینه وظیفه «گلبول سفید» را بهتر بیان می‌کند؟","دفاع در برابر عوامل بیماری‌زا","گلبول قرمز","پلاکت","تولید ابر","A","عملکرد اصلی گلبول سفید با دفاع در برابر عوامل بیماری‌زا مرتبط است.","ترنم همدلی","original","1405"
"یازدهم","تجربی","زیست‌شناسی","زیست‌شناسی","مفاهیم سلولی و بدن","ساختار و عملکرد","درک مفهومی","متوسط","کدام گزینه وظیفه «پلاکت» را بهتر بیان می‌کند؟","کمک به انعقاد خون","گلبول قرمز","گلبول سفید","تولید ابر","A","عملکرد اصلی پلاکت با کمک به انعقاد خون مرتبط است.","ترنم همدلی","original","1405"
"یازدهم","تجربی","زیست‌شناسی","زیست‌شناسی","مفاهیم سلولی و بدن","ساختار و عملکرد","درک مفهومی","متوسط","کدام گزینه وظیفه «نورون» را بهتر بیان می‌کند؟","انتقال پیام عصبی","ماهیچه","گلبول قرمز","تولید ابر","A","عملکرد اصلی نورون با انتقال پیام عصبی مرتبط است.","ترنم همدلی","original","1405"
"یازدهم","تجربی","زیست‌شناسی","زیست‌شناسی","مفاهیم سلولی و بدن","ساختار و عملکرد","درک مفهومی","آسان","کدام گزینه وظیفه «روده باریک» را بهتر بیان می‌کند؟","بخش اصلی جذب مواد غذایی","معده","مری","تولید ابر","A","عملکرد اصلی روده باریک با بخش اصلی جذب مواد غذایی مرتبط است.","ترنم همدلی","original","1405"
"یازدهم","تجربی","زیست‌شناسی","زیست‌شناسی","مفاهیم سلولی و بدن","ساختار و عملکرد","درک مفهومی","متوسط","کدام گزینه وظیفه «کلیه» را بهتر بیان می‌کند؟","تنظیم آب و دفع برخی مواد زائد","قلب","ریه","تولید ابر","A","عملکرد اصلی کلیه با تنظیم آب و دفع برخی مواد زائد مرتبط است.","ترنم همدلی","original","1405"
"یازدهم","تجربی","زیست‌شناسی","زیست‌شناسی","مفاهیم سلولی و بدن","ساختار و عملکرد","درک مفهومی","متوسط","کدام ساختار با «تولید ATP» ارتباط مستقیم‌تری دارد؟","میتوکندری","هسته","ریبوزوم","استخوان","A","عملکرد اصلی میتوکندری با تولید ATP مرتبط است.","ترنم همدلی","original","1405"
"یازدهم","تجربی","زیست‌شناسی","زیست‌شناسی","مفاهیم سلولی و بدن","ساختار و عملکرد","درک مفهومی","متوسط","کدام ساختار با «ساخت پروتئین» ارتباط مستقیم‌تری دارد؟","ریبوزوم","میتوکندری","دیواره سلولی","استخوان","A","عملکرد اصلی ریبوزوم با ساخت پروتئین مرتبط است.","ترنم همدلی","original","1405"
"یازدهم","تجربی","زیست‌شناسی","زیست‌شناسی","مفاهیم سلولی و بدن","ساختار و عملکرد","درک مفهومی","متوسط","کدام ساختار با «نگهداری DNA در سلول‌های یوکاریوتی» ارتباط مستقیم‌تری دارد؟","هسته","واکوئول","ریبوزوم","استخوان","A","عملکرد اصلی هسته با نگهداری DNA در سلول‌های یوکاریوتی مرتبط است.","ترنم همدلی","original","1405"
"یازدهم","تجربی","زیست‌شناسی","زیست‌شناسی","مفاهیم سلولی و بدن","ساختار و عملکرد","درک مفهومی","آسان","کدام ساختار با «حمایت و شکل‌دهی در سلول گیاهی» ارتباط مستقیم‌تری دارد؟","دیواره سلولی","هسته","میتوکندری","استخوان","A","عملکرد اصلی دیواره سلولی با حمایت و شکل‌دهی در سلول گیاهی مرتبط است.","ترنم همدلی","original","1405"
"یازدهم","تجربی","زیست‌شناسی","زیست‌شناسی","مفاهیم سلولی و بدن","ساختار و عملکرد","درک مفهومی","متوسط","کدام ساختار با «فتوسنتز در سلول‌های گیاهی» ارتباط مستقیم‌تری دارد؟","کلروپلاست","ریبوزوم","لیزوزوم","استخوان","A","عملکرد اصلی کلروپلاست با فتوسنتز در سلول‌های گیاهی مرتبط است.","ترنم همدلی","original","1405"
"یازدهم","تجربی","زیست‌شناسی","زیست‌شناسی","مفاهیم سلولی و بدن","ساختار و عملکرد","درک مفهومی","متوسط","کدام ساختار با «ذخیره برخی مواد و تنظیم آب در سلول گیاهی» ارتباط مستقیم‌تری دارد؟","واکوئول","هسته","کلروپلاست","استخوان","A","عملکرد اصلی واکوئول با ذخیره برخی مواد و تنظیم آب در سلول گیاهی مرتبط است.","ترنم همدلی","original","1405"
"یازدهم","تجربی","زیست‌شناسی","زیست‌شناسی","مفاهیم سلولی و بدن","ساختار و عملکرد","درک مفهومی","متوسط","کدام ساختار با «انتقال اکسیژن» ارتباط مستقیم‌تری دارد؟","گلبول قرمز","پلاکت","گلبول سفید","استخوان","A","عملکرد اصلی گلبول قرمز با انتقال اکسیژن مرتبط است.","ترنم همدلی","original","1405"
"یازدهم","تجربی","زیست‌شناسی","زیست‌شناسی","مفاهیم سلولی و بدن","ساختار و عملکرد","درک مفهومی","متوسط","کدام ساختار با «دفاع در برابر عوامل بیماری‌زا» ارتباط مستقیم‌تری دارد؟","گلبول سفید","گلبول قرمز","پلاکت","استخوان","A","عملکرد اصلی گلبول سفید با دفاع در برابر عوامل بیماری‌زا مرتبط است.","ترنم همدلی","original","1405"
"یازدهم","تجربی","زیست‌شناسی","زیست‌شناسی","مفاهیم سلولی و بدن","ساختار و عملکرد","درک مفهومی","آسان","کدام ساختار با «کمک به انعقاد خون» ارتباط مستقیم‌تری دارد؟","پلاکت","گلبول قرمز","گلبول سفید","استخوان","A","عملکرد اصلی پلاکت با کمک به انعقاد خون مرتبط است.","ترنم همدلی","original","1405"
"یازدهم","تجربی","زیست‌شناسی","زیست‌شناسی","مفاهیم سلولی و بدن","ساختار و عملکرد","درک مفهومی","متوسط","کدام ساختار با «انتقال پیام عصبی» ارتباط مستقیم‌تری دارد؟","نورون","ماهیچه","گلبول قرمز","استخوان","A","عملکرد اصلی نورون با انتقال پیام عصبی مرتبط است.","ترنم همدلی","original","1405"
"یازدهم","تجربی","زیست‌شناسی","زیست‌شناسی","مفاهیم سلولی و بدن","ساختار و عملکرد","درک مفهومی","متوسط","کدام ساختار با «بخش اصلی جذب مواد غذایی» ارتباط مستقیم‌تری دارد؟","روده باریک","معده","مری","استخوان","A","عملکرد اصلی روده باریک با بخش اصلی جذب مواد غذایی مرتبط است.","ترنم همدلی","original","1405"
"یازدهم","تجربی","زیست‌شناسی","زیست‌شناسی","مفاهیم سلولی و بدن","ساختار و عملکرد","درک مفهومی","متوسط","کدام ساختار با «تنظیم آب و دفع برخی مواد زائد» ارتباط مستقیم‌تری دارد؟","کلیه","قلب","ریه","استخوان","A","عملکرد اصلی کلیه با تنظیم آب و دفع برخی مواد زائد مرتبط است.","ترنم همدلی","original","1405"
"یازدهم","تجربی","زیست‌شناسی","زیست‌شناسی","مفاهیم سلولی و بدن","ساختار و عملکرد","درک مفهومی","متوسط","اختلال در «میتوکندری» بیشتر کدام عملکرد را مختل می‌کند؟","تولید ATP","حرکت زمین","تشکیل باران","تغییر فصل","A","عملکرد اصلی میتوکندری با تولید ATP مرتبط است.","ترنم همدلی","original","1405"
"یازدهم","تجربی","زیست‌شناسی","زیست‌شناسی","مفاهیم سلولی و بدن","ساختار و عملکرد","درک مفهومی","آسان","اختلال در «ریبوزوم» بیشتر کدام عملکرد را مختل می‌کند؟","ساخت پروتئین","حرکت زمین","تشکیل باران","تغییر فصل","A","عملکرد اصلی ریبوزوم با ساخت پروتئین مرتبط است.","ترنم همدلی","original","1405"
"یازدهم","تجربی","زیست‌شناسی","زیست‌شناسی","مفاهیم سلولی و بدن","ساختار و عملکرد","درک مفهومی","متوسط","اختلال در «هسته» بیشتر کدام عملکرد را مختل می‌کند؟","نگهداری DNA در سلول‌های یوکاریوتی","حرکت زمین","تشکیل باران","تغییر فصل","A","عملکرد اصلی هسته با نگهداری DNA در سلول‌های یوکاریوتی مرتبط است.","ترنم همدلی","original","1405"
"یازدهم","تجربی","زیست‌شناسی","زیست‌شناسی","مفاهیم سلولی و بدن","ساختار و عملکرد","درک مفهومی","متوسط","اختلال در «دیواره سلولی» بیشتر کدام عملکرد را مختل می‌کند؟","حمایت و شکل‌دهی در سلول گیاهی","حرکت زمین","تشکیل باران","تغییر فصل","A","عملکرد اصلی دیواره سلولی با حمایت و شکل‌دهی در سلول گیاهی مرتبط است.","ترنم همدلی","original","1405"
"یازدهم","تجربی","زیست‌شناسی","زیست‌شناسی","مفاهیم سلولی و بدن","ساختار و عملکرد","درک مفهومی","متوسط","اختلال در «کلروپلاست» بیشتر کدام عملکرد را مختل می‌کند؟","فتوسنتز در سلول‌های گیاهی","حرکت زمین","تشکیل باران","تغییر فصل","A","عملکرد اصلی کلروپلاست با فتوسنتز در سلول‌های گیاهی مرتبط است.","ترنم همدلی","original","1405"
"یازدهم","تجربی","زیست‌شناسی","زیست‌شناسی","مفاهیم سلولی و بدن","ساختار و عملکرد","درک مفهومی","متوسط","اختلال در «واکوئول» بیشتر کدام عملکرد را مختل می‌کند؟","ذخیره برخی مواد و تنظیم آب در سلول گیاهی","حرکت زمین","تشکیل باران","تغییر فصل","A","عملکرد اصلی واکوئول با ذخیره برخی مواد و تنظیم آب در سلول گیاهی مرتبط است.","ترنم همدلی","original","1405"
"یازدهم","تجربی","زیست‌شناسی","زیست‌شناسی","مفاهیم سلولی و بدن","ساختار و عملکرد","درک مفهومی","آسان","اختلال در «گلبول قرمز» بیشتر کدام عملکرد را مختل می‌کند؟","انتقال اکسیژن","حرکت زمین","تشکیل باران","تغییر فصل","A","عملکرد اصلی گلبول قرمز با انتقال اکسیژن مرتبط است.","ترنم همدلی","original","1405"
"یازدهم","تجربی","زیست‌شناسی","زیست‌شناسی","مفاهیم سلولی و بدن","ساختار و عملکرد","درک مفهومی","متوسط","اختلال در «گلبول سفید» بیشتر کدام عملکرد را مختل می‌کند؟","دفاع در برابر عوامل بیماری‌زا","حرکت زمین","تشکیل باران","تغییر فصل","A","عملکرد اصلی گلبول سفید با دفاع در برابر عوامل بیماری‌زا مرتبط است.","ترنم همدلی","original","1405"
"یازدهم","تجربی","زیست‌شناسی","زیست‌شناسی","مفاهیم سلولی و بدن","ساختار و عملکرد","درک مفهومی","متوسط","اختلال در «پلاکت» بیشتر کدام عملکرد را مختل می‌کند؟","کمک به انعقاد خون","حرکت زمین","تشکیل باران","تغییر فصل","A","عملکرد اصلی پلاکت با کمک به انعقاد خون مرتبط است.","ترنم همدلی","original","1405"
"یازدهم","تجربی","زیست‌شناسی","زیست‌شناسی","مفاهیم سلولی و بدن","ساختار و عملکرد","درک مفهومی","متوسط","اختلال در «نورون» بیشتر کدام عملکرد را مختل می‌کند؟","انتقال پیام عصبی","حرکت زمین","تشکیل باران","تغییر فصل","A","عملکرد اصلی نورون با انتقال پیام عصبی مرتبط است.","ترنم همدلی","original","1405"
"یازدهم","تجربی","زیست‌شناسی","زیست‌شناسی","مفاهیم سلولی و بدن","ساختار و عملکرد","درک مفهومی","متوسط","اختلال در «روده باریک» بیشتر کدام عملکرد را مختل می‌کند؟","بخش اصلی جذب مواد غذایی","حرکت زمین","تشکیل باران","تغییر فصل","A","عملکرد اصلی روده باریک با بخش اصلی جذب مواد غذایی مرتبط است.","ترنم همدلی","original","1405"
"یازدهم","تجربی","زیست‌شناسی","زیست‌شناسی","مفاهیم سلولی و بدن","ساختار و عملکرد","درک مفهومی","آسان","اختلال در «کلیه» بیشتر کدام عملکرد را مختل می‌کند؟","تنظیم آب و دفع برخی مواد زائد","حرکت زمین","تشکیل باران","تغییر فصل","A","عملکرد اصلی کلیه با تنظیم آب و دفع برخی مواد زائد مرتبط است.","ترنم همدلی","original","1405"
"یازدهم","تجربی","زیست‌شناسی","زیست‌شناسی","مفاهیم سلولی و بدن","ساختار و عملکرد","درک مفهومی","متوسط","کدام گزینه درباره «میتوکندری» درست‌تر است؟","تولید ATP","هسته","ریبوزوم","افزایش فشار هوا","A","عملکرد اصلی میتوکندری با تولید ATP مرتبط است.","ترنم همدلی","original","1405"
"یازدهم","تجربی","زیست‌شناسی","زیست‌شناسی","مفاهیم سلولی و بدن","ساختار و عملکرد","درک مفهومی","متوسط","کدام گزینه درباره «ریبوزوم» درست‌تر است؟","ساخت پروتئین","میتوکندری","دیواره سلولی","افزایش فشار هوا","A","عملکرد اصلی ریبوزوم با ساخت پروتئین مرتبط است.","ترنم همدلی","original","1405"
"یازدهم","تجربی","زیست‌شناسی","زیست‌شناسی","مفاهیم سلولی و بدن","ساختار و عملکرد","درک مفهومی","متوسط","کدام گزینه درباره «هسته» درست‌تر است؟","نگهداری DNA در سلول‌های یوکاریوتی","واکوئول","ریبوزوم","افزایش فشار هوا","A","عملکرد اصلی هسته با نگهداری DNA در سلول‌های یوکاریوتی مرتبط است.","ترنم همدلی","original","1405"
"یازدهم","تجربی","زیست‌شناسی","زیست‌شناسی","مفاهیم سلولی و بدن","ساختار و عملکرد","درک مفهومی","متوسط","کدام گزینه درباره «دیواره سلولی» درست‌تر است؟","حمایت و شکل‌دهی در سلول گیاهی","هسته","میتوکندری","افزایش فشار هوا","A","عملکرد اصلی دیواره سلولی با حمایت و شکل‌دهی در سلول گیاهی مرتبط است.","ترنم همدلی","original","1405"
"یازدهم","تجربی","زیست‌شناسی","زیست‌شناسی","مفاهیم سلولی و بدن","ساختار و عملکرد","درک مفهومی","آسان","کدام گزینه درباره «کلروپلاست» درست‌تر است؟","فتوسنتز در سلول‌های گیاهی","ریبوزوم","لیزوزوم","افزایش فشار هوا","A","عملکرد اصلی کلروپلاست با فتوسنتز در سلول‌های گیاهی مرتبط است.","ترنم همدلی","original","1405"
"یازدهم","تجربی","زیست‌شناسی","زیست‌شناسی","مفاهیم سلولی و بدن","ساختار و عملکرد","درک مفهومی","متوسط","کدام گزینه درباره «واکوئول» درست‌تر است؟","ذخیره برخی مواد و تنظیم آب در سلول گیاهی","هسته","کلروپلاست","افزایش فشار هوا","A","عملکرد اصلی واکوئول با ذخیره برخی مواد و تنظیم آب در سلول گیاهی مرتبط است.","ترنم همدلی","original","1405"
"یازدهم","تجربی","زیست‌شناسی","زیست‌شناسی","مفاهیم سلولی و بدن","ساختار و عملکرد","درک مفهومی","متوسط","کدام گزینه درباره «گلبول قرمز» درست‌تر است؟","انتقال اکسیژن","پلاکت","گلبول سفید","افزایش فشار هوا","A","عملکرد اصلی گلبول قرمز با انتقال اکسیژن مرتبط است.","ترنم همدلی","original","1405"
"یازدهم","تجربی","زیست‌شناسی","زیست‌شناسی","مفاهیم سلولی و بدن","ساختار و عملکرد","درک مفهومی","متوسط","کدام گزینه درباره «گلبول سفید» درست‌تر است؟","دفاع در برابر عوامل بیماری‌زا","گلبول قرمز","پلاکت","افزایش فشار هوا","A","عملکرد اصلی گلبول سفید با دفاع در برابر عوامل بیماری‌زا مرتبط است.","ترنم همدلی","original","1405"
"یازدهم","تجربی","زیست‌شناسی","زیست‌شناسی","مفاهیم سلولی و بدن","ساختار و عملکرد","درک مفهومی","متوسط","کدام گزینه درباره «پلاکت» درست‌تر است؟","کمک به انعقاد خون","گلبول قرمز","گلبول سفید","افزایش فشار هوا","A","عملکرد اصلی پلاکت با کمک به انعقاد خون مرتبط است.","ترنم همدلی","original","1405"
"یازدهم","تجربی","زیست‌شناسی","زیست‌شناسی","مفاهیم سلولی و بدن","ساختار و عملکرد","درک مفهومی","آسان","کدام گزینه درباره «نورون» درست‌تر است؟","انتقال پیام عصبی","ماهیچه","گلبول قرمز","افزایش فشار هوا","A","عملکرد اصلی نورون با انتقال پیام عصبی مرتبط است.","ترنم همدلی","original","1405"
"یازدهم","تجربی","زیست‌شناسی","زیست‌شناسی","مفاهیم سلولی و بدن","ساختار و عملکرد","درک مفهومی","متوسط","کدام گزینه درباره «روده باریک» درست‌تر است؟","بخش اصلی جذب مواد غذایی","معده","مری","افزایش فشار هوا","A","عملکرد اصلی روده باریک با بخش اصلی جذب مواد غذایی مرتبط است.","ترنم همدلی","original","1405"
"یازدهم","تجربی","زیست‌شناسی","زیست‌شناسی","مفاهیم سلولی و بدن","ساختار و عملکرد","درک مفهومی","متوسط","کدام گزینه درباره «کلیه» درست‌تر است؟","تنظیم آب و دفع برخی مواد زائد","قلب","ریه","افزایش فشار هوا","A","عملکرد اصلی کلیه با تنظیم آب و دفع برخی مواد زائد مرتبط است.","ترنم همدلی","original","1405"
"یازدهم","تجربی","زیست‌شناسی","زیست‌شناسی","مفاهیم سلولی و بدن","ساختار و عملکرد","درک مفهومی","متوسط","اگر «میتوکندری» فعالیت طبیعی نداشته باشد، کدام فرایند تحت تأثیر قرار می‌گیرد؟","تولید ATP","تبخیر آب دریا","چرخش زمین","تشکیل سنگ","A","عملکرد اصلی میتوکندری با تولید ATP مرتبط است.","ترنم همدلی","original","1405"
"یازدهم","تجربی","زیست‌شناسی","زیست‌شناسی","مفاهیم سلولی و بدن","ساختار و عملکرد","درک مفهومی","متوسط","اگر «ریبوزوم» فعالیت طبیعی نداشته باشد، کدام فرایند تحت تأثیر قرار می‌گیرد؟","ساخت پروتئین","تبخیر آب دریا","چرخش زمین","تشکیل سنگ","A","عملکرد اصلی ریبوزوم با ساخت پروتئین مرتبط است.","ترنم همدلی","original","1405"
"یازدهم","تجربی","زیست‌شناسی","زیست‌شناسی","مفاهیم سلولی و بدن","ساختار و عملکرد","درک مفهومی","آسان","اگر «هسته» فعالیت طبیعی نداشته باشد، کدام فرایند تحت تأثیر قرار می‌گیرد؟","نگهداری DNA در سلول‌های یوکاریوتی","تبخیر آب دریا","چرخش زمین","تشکیل سنگ","A","عملکرد اصلی هسته با نگهداری DNA در سلول‌های یوکاریوتی مرتبط است.","ترنم همدلی","original","1405"
"یازدهم","تجربی","زیست‌شناسی","زیست‌شناسی","مفاهیم سلولی و بدن","ساختار و عملکرد","درک مفهومی","متوسط","اگر «دیواره سلولی» فعالیت طبیعی نداشته باشد، کدام فرایند تحت تأثیر قرار می‌گیرد؟","حمایت و شکل‌دهی در سلول گیاهی","تبخیر آب دریا","چرخش زمین","تشکیل سنگ","A","عملکرد اصلی دیواره سلولی با حمایت و شکل‌دهی در سلول گیاهی مرتبط است.","ترنم همدلی","original","1405"
"یازدهم","تجربی","زیست‌شناسی","زیست‌شناسی","مفاهیم سلولی و بدن","ساختار و عملکرد","درک مفهومی","متوسط","اگر «کلروپلاست» فعالیت طبیعی نداشته باشد، کدام فرایند تحت تأثیر قرار می‌گیرد؟","فتوسنتز در سلول‌های گیاهی","تبخیر آب دریا","چرخش زمین","تشکیل سنگ","A","عملکرد اصلی کلروپلاست با فتوسنتز در سلول‌های گیاهی مرتبط است.","ترنم همدلی","original","1405"
"یازدهم","تجربی","زیست‌شناسی","زیست‌شناسی","مفاهیم سلولی و بدن","ساختار و عملکرد","درک مفهومی","متوسط","اگر «واکوئول» فعالیت طبیعی نداشته باشد، کدام فرایند تحت تأثیر قرار می‌گیرد؟","ذخیره برخی مواد و تنظیم آب در سلول گیاهی","تبخیر آب دریا","چرخش زمین","تشکیل سنگ","A","عملکرد اصلی واکوئول با ذخیره برخی مواد و تنظیم آب در سلول گیاهی مرتبط است.","ترنم همدلی","original","1405"
"یازدهم","تجربی","زیست‌شناسی","زیست‌شناسی","مفاهیم سلولی و بدن","ساختار و عملکرد","درک مفهومی","متوسط","اگر «گلبول قرمز» فعالیت طبیعی نداشته باشد، کدام فرایند تحت تأثیر قرار می‌گیرد؟","انتقال اکسیژن","تبخیر آب دریا","چرخش زمین","تشکیل سنگ","A","عملکرد اصلی گلبول قرمز با انتقال اکسیژن مرتبط است.","ترنم همدلی","original","1405"
"یازدهم","تجربی","زیست‌شناسی","زیست‌شناسی","مفاهیم سلولی و بدن","ساختار و عملکرد","درک مفهومی","آسان","اگر «گلبول سفید» فعالیت طبیعی نداشته باشد، کدام فرایند تحت تأثیر قرار می‌گیرد؟","دفاع در برابر عوامل بیماری‌زا","تبخیر آب دریا","چرخش زمین","تشکیل سنگ","A","عملکرد اصلی گلبول سفید با دفاع در برابر عوامل بیماری‌زا مرتبط است.","ترنم همدلی","original","1405"
"یازدهم","تجربی","زیست‌شناسی","زیست‌شناسی","مفاهیم سلولی و بدن","ساختار و عملکرد","درک مفهومی","متوسط","اگر «پلاکت» فعالیت طبیعی نداشته باشد، کدام فرایند تحت تأثیر قرار می‌گیرد؟","کمک به انعقاد خون","تبخیر آب دریا","چرخش زمین","تشکیل سنگ","A","عملکرد اصلی پلاکت با کمک به انعقاد خون مرتبط است.","ترنم همدلی","original","1405"
"یازدهم","تجربی","زیست‌شناسی","زیست‌شناسی","مفاهیم سلولی و بدن","ساختار و عملکرد","درک مفهومی","متوسط","اگر «نورون» فعالیت طبیعی نداشته باشد، کدام فرایند تحت تأثیر قرار می‌گیرد؟","انتقال پیام عصبی","تبخیر آب دریا","چرخش زمین","تشکیل سنگ","A","عملکرد اصلی نورون با انتقال پیام عصبی مرتبط است.","ترنم همدلی","original","1405"
"یازدهم","تجربی","زیست‌شناسی","زیست‌شناسی","مفاهیم سلولی و بدن","ساختار و عملکرد","درک مفهومی","متوسط","اگر «روده باریک» فعالیت طبیعی نداشته باشد، کدام فرایند تحت تأثیر قرار می‌گیرد؟","بخش اصلی جذب مواد غذایی","تبخیر آب دریا","چرخش زمین","تشکیل سنگ","A","عملکرد اصلی روده باریک با بخش اصلی جذب مواد غذایی مرتبط است.","ترنم همدلی","original","1405"
"یازدهم","تجربی","زیست‌شناسی","زیست‌شناسی","مفاهیم سلولی و بدن","ساختار و عملکرد","درک مفهومی","متوسط","اگر «کلیه» فعالیت طبیعی نداشته باشد، کدام فرایند تحت تأثیر قرار می‌گیرد؟","تنظیم آب و دفع برخی مواد زائد","تبخیر آب دریا","چرخش زمین","تشکیل سنگ","A","عملکرد اصلی کلیه با تنظیم آب و دفع برخی مواد زائد مرتبط است.","ترنم همدلی","original","1405"
"یازدهم","تجربی","زیست‌شناسی","زیست‌شناسی","مفاهیم سلولی و بدن","ساختار و عملکرد","درک مفهومی","آسان","نقش اصلی «میتوکندری» در بدن یا سلول کدام است؟","تولید ATP","هسته","ریبوزوم","تولید نور","A","عملکرد اصلی میتوکندری با تولید ATP مرتبط است.","ترنم همدلی","original","1405"
"یازدهم","تجربی","زیست‌شناسی","زیست‌شناسی","مفاهیم سلولی و بدن","ساختار و عملکرد","درک مفهومی","متوسط","نقش اصلی «ریبوزوم» در بدن یا سلول کدام است؟","ساخت پروتئین","میتوکندری","دیواره سلولی","تولید نور","A","عملکرد اصلی ریبوزوم با ساخت پروتئین مرتبط است.","ترنم همدلی","original","1405"
"یازدهم","تجربی","زیست‌شناسی","زیست‌شناسی","مفاهیم سلولی و بدن","ساختار و عملکرد","درک مفهومی","متوسط","نقش اصلی «هسته» در بدن یا سلول کدام است؟","نگهداری DNA در سلول‌های یوکاریوتی","واکوئول","ریبوزوم","تولید نور","A","عملکرد اصلی هسته با نگهداری DNA در سلول‌های یوکاریوتی مرتبط است.","ترنم همدلی","original","1405"
"یازدهم","تجربی","زیست‌شناسی","زیست‌شناسی","مفاهیم سلولی و بدن","ساختار و عملکرد","درک مفهومی","متوسط","نقش اصلی «دیواره سلولی» در بدن یا سلول کدام است؟","حمایت و شکل‌دهی در سلول گیاهی","هسته","میتوکندری","تولید نور","A","عملکرد اصلی دیواره سلولی با حمایت و شکل‌دهی در سلول گیاهی مرتبط است.","ترنم همدلی","original","1405"
"یازدهم","تجربی","زیست‌شناسی","زیست‌شناسی","مفاهیم سلولی و بدن","ساختار و عملکرد","درک مفهومی","متوسط","نقش اصلی «کلروپلاست» در بدن یا سلول کدام است؟","فتوسنتز در سلول‌های گیاهی","ریبوزوم","لیزوزوم","تولید نور","A","عملکرد اصلی کلروپلاست با فتوسنتز در سلول‌های گیاهی مرتبط است.","ترنم همدلی","original","1405"
"یازدهم","تجربی","زیست‌شناسی","زیست‌شناسی","مفاهیم سلولی و بدن","ساختار و عملکرد","درک مفهومی","آسان","نقش اصلی «واکوئول» در بدن یا سلول کدام است؟","ذخیره برخی مواد و تنظیم آب در سلول گیاهی","هسته","کلروپلاست","تولید نور","A","عملکرد اصلی واکوئول با ذخیره برخی مواد و تنظیم آب در سلول گیاهی مرتبط است.","ترنم همدلی","original","1405"
"یازدهم","تجربی","زیست‌شناسی","زیست‌شناسی","مفاهیم سلولی و بدن","ساختار و عملکرد","درک مفهومی","متوسط","نقش اصلی «گلبول قرمز» در بدن یا سلول کدام است؟","انتقال اکسیژن","پلاکت","گلبول سفید","تولید نور","A","عملکرد اصلی گلبول قرمز با انتقال اکسیژن مرتبط است.","ترنم همدلی","original","1405"
"یازدهم","تجربی","زیست‌شناسی","زیست‌شناسی","مفاهیم سلولی و بدن","ساختار و عملکرد","درک مفهومی","متوسط","نقش اصلی «گلبول سفید» در بدن یا سلول کدام است؟","دفاع در برابر عوامل بیماری‌زا","گلبول قرمز","پلاکت","تولید نور","A","عملکرد اصلی گلبول سفید با دفاع در برابر عوامل بیماری‌زا مرتبط است.","ترنم همدلی","original","1405"
"یازدهم","تجربی","زیست‌شناسی","زیست‌شناسی","مفاهیم سلولی و بدن","ساختار و عملکرد","درک مفهومی","متوسط","نقش اصلی «پلاکت» در بدن یا سلول کدام است؟","کمک به انعقاد خون","گلبول قرمز","گلبول سفید","تولید نور","A","عملکرد اصلی پلاکت با کمک به انعقاد خون مرتبط است.","ترنم همدلی","original","1405"
"یازدهم","تجربی","زیست‌شناسی","زیست‌شناسی","مفاهیم سلولی و بدن","ساختار و عملکرد","درک مفهومی","متوسط","نقش اصلی «نورون» در بدن یا سلول کدام است؟","انتقال پیام عصبی","ماهیچه","گلبول قرمز","تولید نور","A","عملکرد اصلی نورون با انتقال پیام عصبی مرتبط است.","ترنم همدلی","original","1405"
"یازدهم","تجربی","زیست‌شناسی","زیست‌شناسی","مفاهیم سلولی و بدن","ساختار و عملکرد","درک مفهومی","آسان","نقش اصلی «روده باریک» در بدن یا سلول کدام است؟","بخش اصلی جذب مواد غذایی","معده","مری","تولید نور","A","عملکرد اصلی روده باریک با بخش اصلی جذب مواد غذایی مرتبط است.","ترنم همدلی","original","1405"
"یازدهم","تجربی","زیست‌شناسی","زیست‌شناسی","مفاهیم سلولی و بدن","ساختار و عملکرد","درک مفهومی","متوسط","نقش اصلی «کلیه» در بدن یا سلول کدام است؟","تنظیم آب و دفع برخی مواد زائد","قلب","ریه","تولید نور","A","عملکرد اصلی کلیه با تنظیم آب و دفع برخی مواد زائد مرتبط است.","ترنم همدلی","original","1405"
"یازدهم","تجربی","زیست‌شناسی","زیست‌شناسی","مفاهیم سلولی و بدن","ساختار و عملکرد","درک مفهومی","متوسط","کدام گزینه نمونه‌ای از ارتباط «میتوکندری» با عملکرد بدن/سلول است؟","تولید ATP","سرعت باد","فشار هوا","طول موج","A","عملکرد اصلی میتوکندری با تولید ATP مرتبط است.","ترنم همدلی","original","1405"
"یازدهم","تجربی","زیست‌شناسی","زیست‌شناسی","مفاهیم سلولی و بدن","ساختار و عملکرد","درک مفهومی","متوسط","کدام گزینه نمونه‌ای از ارتباط «ریبوزوم» با عملکرد بدن/سلول است؟","ساخت پروتئین","سرعت باد","فشار هوا","طول موج","A","عملکرد اصلی ریبوزوم با ساخت پروتئین مرتبط است.","ترنم همدلی","original","1405"
"یازدهم","تجربی","زیست‌شناسی","زیست‌شناسی","مفاهیم سلولی و بدن","ساختار و عملکرد","درک مفهومی","متوسط","کدام گزینه نمونه‌ای از ارتباط «هسته» با عملکرد بدن/سلول است؟","نگهداری DNA در سلول‌های یوکاریوتی","سرعت باد","فشار هوا","طول موج","A","عملکرد اصلی هسته با نگهداری DNA در سلول‌های یوکاریوتی مرتبط است.","ترنم همدلی","original","1405"
"یازدهم","تجربی","زیست‌شناسی","زیست‌شناسی","مفاهیم سلولی و بدن","ساختار و عملکرد","درک مفهومی","آسان","کدام گزینه نمونه‌ای از ارتباط «دیواره سلولی» با عملکرد بدن/سلول است؟","حمایت و شکل‌دهی در سلول گیاهی","سرعت باد","فشار هوا","طول موج","A","عملکرد اصلی دیواره سلولی با حمایت و شکل‌دهی در سلول گیاهی مرتبط است.","ترنم همدلی","original","1405"
"یازدهم","تجربی","زیست‌شناسی","زیست‌شناسی","مفاهیم سلولی و بدن","ساختار و عملکرد","درک مفهومی","متوسط","کدام گزینه نمونه‌ای از ارتباط «کلروپلاست» با عملکرد بدن/سلول است؟","فتوسنتز در سلول‌های گیاهی","سرعت باد","فشار هوا","طول موج","A","عملکرد اصلی کلروپلاست با فتوسنتز در سلول‌های گیاهی مرتبط است.","ترنم همدلی","original","1405"
"یازدهم","تجربی","زیست‌شناسی","زیست‌شناسی","مفاهیم سلولی و بدن","ساختار و عملکرد","درک مفهومی","متوسط","کدام گزینه نمونه‌ای از ارتباط «واکوئول» با عملکرد بدن/سلول است؟","ذخیره برخی مواد و تنظیم آب در سلول گیاهی","سرعت باد","فشار هوا","طول موج","A","عملکرد اصلی واکوئول با ذخیره برخی مواد و تنظیم آب در سلول گیاهی مرتبط است.","ترنم همدلی","original","1405"
"یازدهم","تجربی","زیست‌شناسی","زیست‌شناسی","مفاهیم سلولی و بدن","ساختار و عملکرد","درک مفهومی","متوسط","کدام گزینه نمونه‌ای از ارتباط «گلبول قرمز» با عملکرد بدن/سلول است؟","انتقال اکسیژن","سرعت باد","فشار هوا","طول موج","A","عملکرد اصلی گلبول قرمز با انتقال اکسیژن مرتبط است.","ترنم همدلی","original","1405"
"یازدهم","تجربی","زیست‌شناسی","زیست‌شناسی","مفاهیم سلولی و بدن","ساختار و عملکرد","درک مفهومی","متوسط","کدام گزینه نمونه‌ای از ارتباط «گلبول سفید» با عملکرد بدن/سلول است؟","دفاع در برابر عوامل بیماری‌زا","سرعت باد","فشار هوا","طول موج","A","عملکرد اصلی گلبول سفید با دفاع در برابر عوامل بیماری‌زا مرتبط است.","ترنم همدلی","original","1405"
"یازدهم","تجربی","زیست‌شناسی","زیست‌شناسی","مفاهیم سلولی و بدن","ساختار و عملکرد","درک مفهومی","آسان","کدام گزینه نمونه‌ای از ارتباط «پلاکت» با عملکرد بدن/سلول است؟","کمک به انعقاد خون","سرعت باد","فشار هوا","طول موج","A","عملکرد اصلی پلاکت با کمک به انعقاد خون مرتبط است.","ترنم همدلی","original","1405"
"یازدهم","تجربی","زیست‌شناسی","زیست‌شناسی","مفاهیم سلولی و بدن","ساختار و عملکرد","درک مفهومی","متوسط","کدام گزینه نمونه‌ای از ارتباط «نورون» با عملکرد بدن/سلول است؟","انتقال پیام عصبی","سرعت باد","فشار هوا","طول موج","A","عملکرد اصلی نورون با انتقال پیام عصبی مرتبط است.","ترنم همدلی","original","1405"
"یازدهم","تجربی","زیست‌شناسی","زیست‌شناسی","مفاهیم سلولی و بدن","ساختار و عملکرد","درک مفهومی","متوسط","کدام گزینه نمونه‌ای از ارتباط «روده باریک» با عملکرد بدن/سلول است؟","بخش اصلی جذب مواد غذایی","سرعت باد","فشار هوا","طول موج","A","عملکرد اصلی روده باریک با بخش اصلی جذب مواد غذایی مرتبط است.","ترنم همدلی","original","1405"
"یازدهم","تجربی","زیست‌شناسی","زیست‌شناسی","مفاهیم سلولی و بدن","ساختار و عملکرد","درک مفهومی","متوسط","کدام گزینه نمونه‌ای از ارتباط «کلیه» با عملکرد بدن/سلول است؟","تنظیم آب و دفع برخی مواد زائد","سرعت باد","فشار هوا","طول موج","A","عملکرد اصلی کلیه با تنظیم آب و دفع برخی مواد زائد مرتبط است.","ترنم همدلی","original","1405"
"یازدهم","تجربی","زیست‌شناسی","زیست‌شناسی","مفاهیم سلولی و بدن","ساختار و عملکرد","درک مفهومی","متوسط","برای شناخت نقش «میتوکندری» باید به کدام عملکرد توجه کرد؟","تولید ATP","هسته","ریبوزوم","فاصله ستاره‌ها","A","عملکرد اصلی میتوکندری با تولید ATP مرتبط است.","ترنم همدلی","original","1405"
"یازدهم","تجربی","زیست‌شناسی","زیست‌شناسی","مفاهیم سلولی و بدن","ساختار و عملکرد","درک مفهومی","آسان","برای شناخت نقش «ریبوزوم» باید به کدام عملکرد توجه کرد؟","ساخت پروتئین","میتوکندری","دیواره سلولی","فاصله ستاره‌ها","A","عملکرد اصلی ریبوزوم با ساخت پروتئین مرتبط است.","ترنم همدلی","original","1405"
"یازدهم","تجربی","زیست‌شناسی","زیست‌شناسی","مفاهیم سلولی و بدن","ساختار و عملکرد","درک مفهومی","متوسط","برای شناخت نقش «هسته» باید به کدام عملکرد توجه کرد؟","نگهداری DNA در سلول‌های یوکاریوتی","واکوئول","ریبوزوم","فاصله ستاره‌ها","A","عملکرد اصلی هسته با نگهداری DNA در سلول‌های یوکاریوتی مرتبط است.","ترنم همدلی","original","1405"
"یازدهم","تجربی","زیست‌شناسی","زیست‌شناسی","مفاهیم سلولی و بدن","ساختار و عملکرد","درک مفهومی","متوسط","برای شناخت نقش «دیواره سلولی» باید به کدام عملکرد توجه کرد؟","حمایت و شکل‌دهی در سلول گیاهی","هسته","میتوکندری","فاصله ستاره‌ها","A","عملکرد اصلی دیواره سلولی با حمایت و شکل‌دهی در سلول گیاهی مرتبط است.","ترنم همدلی","original","1405"
"یازدهم","تجربی","زیست‌شناسی","زیست‌شناسی","مفاهیم سلولی و بدن","ساختار و عملکرد","درک مفهومی","متوسط","برای شناخت نقش «کلروپلاست» باید به کدام عملکرد توجه کرد؟","فتوسنتز در سلول‌های گیاهی","ریبوزوم","لیزوزوم","فاصله ستاره‌ها","A","عملکرد اصلی کلروپلاست با فتوسنتز در سلول‌های گیاهی مرتبط است.","ترنم همدلی","original","1405"
"یازدهم","تجربی","زیست‌شناسی","زیست‌شناسی","مفاهیم سلولی و بدن","ساختار و عملکرد","درک مفهومی","متوسط","برای شناخت نقش «واکوئول» باید به کدام عملکرد توجه کرد؟","ذخیره برخی مواد و تنظیم آب در سلول گیاهی","هسته","کلروپلاست","فاصله ستاره‌ها","A","عملکرد اصلی واکوئول با ذخیره برخی مواد و تنظیم آب در سلول گیاهی مرتبط است.","ترنم همدلی","original","1405"
"یازدهم","تجربی","زیست‌شناسی","زیست‌شناسی","مفاهیم سلولی و بدن","ساختار و عملکرد","درک مفهومی","آسان","برای شناخت نقش «گلبول قرمز» باید به کدام عملکرد توجه کرد؟","انتقال اکسیژن","پلاکت","گلبول سفید","فاصله ستاره‌ها","A","عملکرد اصلی گلبول قرمز با انتقال اکسیژن مرتبط است.","ترنم همدلی","original","1405"
"یازدهم","تجربی","زیست‌شناسی","زیست‌شناسی","مفاهیم سلولی و بدن","ساختار و عملکرد","درک مفهومی","متوسط","برای شناخت نقش «گلبول سفید» باید به کدام عملکرد توجه کرد؟","دفاع در برابر عوامل بیماری‌زا","گلبول قرمز","پلاکت","فاصله ستاره‌ها","A","عملکرد اصلی گلبول سفید با دفاع در برابر عوامل بیماری‌زا مرتبط است.","ترنم همدلی","original","1405"
"یازدهم","تجربی","زیست‌شناسی","زیست‌شناسی","مفاهیم سلولی و بدن","ساختار و عملکرد","درک مفهومی","متوسط","برای شناخت نقش «پلاکت» باید به کدام عملکرد توجه کرد؟","کمک به انعقاد خون","گلبول قرمز","گلبول سفید","فاصله ستاره‌ها","A","عملکرد اصلی پلاکت با کمک به انعقاد خون مرتبط است.","ترنم همدلی","original","1405"
"یازدهم","تجربی","زیست‌شناسی","زیست‌شناسی","مفاهیم سلولی و بدن","ساختار و عملکرد","درک مفهومی","متوسط","برای شناخت نقش «نورون» باید به کدام عملکرد توجه کرد؟","انتقال پیام عصبی","ماهیچه","گلبول قرمز","فاصله ستاره‌ها","A","عملکرد اصلی نورون با انتقال پیام عصبی مرتبط است.","ترنم همدلی","original","1405"
"یازدهم","تجربی","زیست‌شناسی","زیست‌شناسی","مفاهیم سلولی و بدن","ساختار و عملکرد","درک مفهومی","متوسط","برای شناخت نقش «روده باریک» باید به کدام عملکرد توجه کرد؟","بخش اصلی جذب مواد غذایی","معده","مری","فاصله ستاره‌ها","A","عملکرد اصلی روده باریک با بخش اصلی جذب مواد غذایی مرتبط است.","ترنم همدلی","original","1405"
"یازدهم","تجربی","زیست‌شناسی","زیست‌شناسی","مفاهیم سلولی و بدن","ساختار و عملکرد","درک مفهومی","آسان","برای شناخت نقش «کلیه» باید به کدام عملکرد توجه کرد؟","تنظیم آب و دفع برخی مواد زائد","قلب","ریه","فاصله ستاره‌ها","A","عملکرد اصلی کلیه با تنظیم آب و دفع برخی مواد زائد مرتبط است.","ترنم همدلی","original","1405"
"دوازدهم","تجربی","زیست‌شناسی","زیست‌شناسی","مفاهیم سلولی و بدن","ساختار و عملکرد","درک مفهومی","آسان","کدام گزینه وظیفه «میتوکندری» را بهتر بیان می‌کند؟","تولید ATP","هسته","ریبوزوم","تولید ابر","A","عملکرد اصلی میتوکندری با تولید ATP مرتبط است.","ترنم همدلی","original","1405"
"دوازدهم","تجربی","زیست‌شناسی","زیست‌شناسی","مفاهیم سلولی و بدن","ساختار و عملکرد","درک مفهومی","متوسط","کدام گزینه وظیفه «ریبوزوم» را بهتر بیان می‌کند؟","ساخت پروتئین","میتوکندری","دیواره سلولی","تولید ابر","A","عملکرد اصلی ریبوزوم با ساخت پروتئین مرتبط است.","ترنم همدلی","original","1405"
"دوازدهم","تجربی","زیست‌شناسی","زیست‌شناسی","مفاهیم سلولی و بدن","ساختار و عملکرد","درک مفهومی","متوسط","کدام گزینه وظیفه «هسته» را بهتر بیان می‌کند؟","نگهداری DNA در سلول‌های یوکاریوتی","واکوئول","ریبوزوم","تولید ابر","A","عملکرد اصلی هسته با نگهداری DNA در سلول‌های یوکاریوتی مرتبط است.","ترنم همدلی","original","1405"
"دوازدهم","تجربی","زیست‌شناسی","زیست‌شناسی","مفاهیم سلولی و بدن","ساختار و عملکرد","درک مفهومی","متوسط","کدام گزینه وظیفه «دیواره سلولی» را بهتر بیان می‌کند؟","حمایت و شکل‌دهی در سلول گیاهی","هسته","میتوکندری","تولید ابر","A","عملکرد اصلی دیواره سلولی با حمایت و شکل‌دهی در سلول گیاهی مرتبط است.","ترنم همدلی","original","1405"
"دوازدهم","تجربی","زیست‌شناسی","زیست‌شناسی","مفاهیم سلولی و بدن","ساختار و عملکرد","درک مفهومی","متوسط","کدام گزینه وظیفه «کلروپلاست» را بهتر بیان می‌کند؟","فتوسنتز در سلول‌های گیاهی","ریبوزوم","لیزوزوم","تولید ابر","A","عملکرد اصلی کلروپلاست با فتوسنتز در سلول‌های گیاهی مرتبط است.","ترنم همدلی","original","1405"
"دوازدهم","تجربی","زیست‌شناسی","زیست‌شناسی","مفاهیم سلولی و بدن","ساختار و عملکرد","درک مفهومی","آسان","کدام گزینه وظیفه «واکوئول» را بهتر بیان می‌کند؟","ذخیره برخی مواد و تنظیم آب در سلول گیاهی","هسته","کلروپلاست","تولید ابر","A","عملکرد اصلی واکوئول با ذخیره برخی مواد و تنظیم آب در سلول گیاهی مرتبط است.","ترنم همدلی","original","1405"
"دوازدهم","تجربی","زیست‌شناسی","زیست‌شناسی","مفاهیم سلولی و بدن","ساختار و عملکرد","درک مفهومی","متوسط","کدام گزینه وظیفه «گلبول قرمز» را بهتر بیان می‌کند؟","انتقال اکسیژن","پلاکت","گلبول سفید","تولید ابر","A","عملکرد اصلی گلبول قرمز با انتقال اکسیژن مرتبط است.","ترنم همدلی","original","1405"
"دوازدهم","تجربی","زیست‌شناسی","زیست‌شناسی","مفاهیم سلولی و بدن","ساختار و عملکرد","درک مفهومی","متوسط","کدام گزینه وظیفه «گلبول سفید» را بهتر بیان می‌کند؟","دفاع در برابر عوامل بیماری‌زا","گلبول قرمز","پلاکت","تولید ابر","A","عملکرد اصلی گلبول سفید با دفاع در برابر عوامل بیماری‌زا مرتبط است.","ترنم همدلی","original","1405"
"دوازدهم","تجربی","زیست‌شناسی","زیست‌شناسی","مفاهیم سلولی و بدن","ساختار و عملکرد","درک مفهومی","متوسط","کدام گزینه وظیفه «پلاکت» را بهتر بیان می‌کند؟","کمک به انعقاد خون","گلبول قرمز","گلبول سفید","تولید ابر","A","عملکرد اصلی پلاکت با کمک به انعقاد خون مرتبط است.","ترنم همدلی","original","1405"
"دوازدهم","تجربی","زیست‌شناسی","زیست‌شناسی","مفاهیم سلولی و بدن","ساختار و عملکرد","درک مفهومی","متوسط","کدام گزینه وظیفه «نورون» را بهتر بیان می‌کند؟","انتقال پیام عصبی","ماهیچه","گلبول قرمز","تولید ابر","A","عملکرد اصلی نورون با انتقال پیام عصبی مرتبط است.","ترنم همدلی","original","1405"
"دوازدهم","تجربی","زیست‌شناسی","زیست‌شناسی","مفاهیم سلولی و بدن","ساختار و عملکرد","درک مفهومی","آسان","کدام گزینه وظیفه «روده باریک» را بهتر بیان می‌کند؟","بخش اصلی جذب مواد غذایی","معده","مری","تولید ابر","A","عملکرد اصلی روده باریک با بخش اصلی جذب مواد غذایی مرتبط است.","ترنم همدلی","original","1405"
"دوازدهم","تجربی","زیست‌شناسی","زیست‌شناسی","مفاهیم سلولی و بدن","ساختار و عملکرد","درک مفهومی","متوسط","کدام گزینه وظیفه «کلیه» را بهتر بیان می‌کند؟","تنظیم آب و دفع برخی مواد زائد","قلب","ریه","تولید ابر","A","عملکرد اصلی کلیه با تنظیم آب و دفع برخی مواد زائد مرتبط است.","ترنم همدلی","original","1405"
"دوازدهم","تجربی","زیست‌شناسی","زیست‌شناسی","مفاهیم سلولی و بدن","ساختار و عملکرد","درک مفهومی","متوسط","کدام ساختار با «تولید ATP» ارتباط مستقیم‌تری دارد؟","میتوکندری","هسته","ریبوزوم","استخوان","A","عملکرد اصلی میتوکندری با تولید ATP مرتبط است.","ترنم همدلی","original","1405"
"دوازدهم","تجربی","زیست‌شناسی","زیست‌شناسی","مفاهیم سلولی و بدن","ساختار و عملکرد","درک مفهومی","متوسط","کدام ساختار با «ساخت پروتئین» ارتباط مستقیم‌تری دارد؟","ریبوزوم","میتوکندری","دیواره سلولی","استخوان","A","عملکرد اصلی ریبوزوم با ساخت پروتئین مرتبط است.","ترنم همدلی","original","1405"
"دوازدهم","تجربی","زیست‌شناسی","زیست‌شناسی","مفاهیم سلولی و بدن","ساختار و عملکرد","درک مفهومی","متوسط","کدام ساختار با «نگهداری DNA در سلول‌های یوکاریوتی» ارتباط مستقیم‌تری دارد؟","هسته","واکوئول","ریبوزوم","استخوان","A","عملکرد اصلی هسته با نگهداری DNA در سلول‌های یوکاریوتی مرتبط است.","ترنم همدلی","original","1405"
"دوازدهم","تجربی","زیست‌شناسی","زیست‌شناسی","مفاهیم سلولی و بدن","ساختار و عملکرد","درک مفهومی","آسان","کدام ساختار با «حمایت و شکل‌دهی در سلول گیاهی» ارتباط مستقیم‌تری دارد؟","دیواره سلولی","هسته","میتوکندری","استخوان","A","عملکرد اصلی دیواره سلولی با حمایت و شکل‌دهی در سلول گیاهی مرتبط است.","ترنم همدلی","original","1405"
"دوازدهم","تجربی","زیست‌شناسی","زیست‌شناسی","مفاهیم سلولی و بدن","ساختار و عملکرد","درک مفهومی","متوسط","کدام ساختار با «فتوسنتز در سلول‌های گیاهی» ارتباط مستقیم‌تری دارد؟","کلروپلاست","ریبوزوم","لیزوزوم","استخوان","A","عملکرد اصلی کلروپلاست با فتوسنتز در سلول‌های گیاهی مرتبط است.","ترنم همدلی","original","1405"
"دوازدهم","تجربی","زیست‌شناسی","زیست‌شناسی","مفاهیم سلولی و بدن","ساختار و عملکرد","درک مفهومی","متوسط","کدام ساختار با «ذخیره برخی مواد و تنظیم آب در سلول گیاهی» ارتباط مستقیم‌تری دارد؟","واکوئول","هسته","کلروپلاست","استخوان","A","عملکرد اصلی واکوئول با ذخیره برخی مواد و تنظیم آب در سلول گیاهی مرتبط است.","ترنم همدلی","original","1405"
"دوازدهم","تجربی","زیست‌شناسی","زیست‌شناسی","مفاهیم سلولی و بدن","ساختار و عملکرد","درک مفهومی","متوسط","کدام ساختار با «انتقال اکسیژن» ارتباط مستقیم‌تری دارد؟","گلبول قرمز","پلاکت","گلبول سفید","استخوان","A","عملکرد اصلی گلبول قرمز با انتقال اکسیژن مرتبط است.","ترنم همدلی","original","1405"
"دوازدهم","تجربی","زیست‌شناسی","زیست‌شناسی","مفاهیم سلولی و بدن","ساختار و عملکرد","درک مفهومی","متوسط","کدام ساختار با «دفاع در برابر عوامل بیماری‌زا» ارتباط مستقیم‌تری دارد؟","گلبول سفید","گلبول قرمز","پلاکت","استخوان","A","عملکرد اصلی گلبول سفید با دفاع در برابر عوامل بیماری‌زا مرتبط است.","ترنم همدلی","original","1405"
"دوازدهم","تجربی","زیست‌شناسی","زیست‌شناسی","مفاهیم سلولی و بدن","ساختار و عملکرد","درک مفهومی","آسان","کدام ساختار با «کمک به انعقاد خون» ارتباط مستقیم‌تری دارد؟","پلاکت","گلبول قرمز","گلبول سفید","استخوان","A","عملکرد اصلی پلاکت با کمک به انعقاد خون مرتبط است.","ترنم همدلی","original","1405"
"دوازدهم","تجربی","زیست‌شناسی","زیست‌شناسی","مفاهیم سلولی و بدن","ساختار و عملکرد","درک مفهومی","متوسط","کدام ساختار با «انتقال پیام عصبی» ارتباط مستقیم‌تری دارد؟","نورون","ماهیچه","گلبول قرمز","استخوان","A","عملکرد اصلی نورون با انتقال پیام عصبی مرتبط است.","ترنم همدلی","original","1405"
"دوازدهم","تجربی","زیست‌شناسی","زیست‌شناسی","مفاهیم سلولی و بدن","ساختار و عملکرد","درک مفهومی","متوسط","کدام ساختار با «بخش اصلی جذب مواد غذایی» ارتباط مستقیم‌تری دارد؟","روده باریک","معده","مری","استخوان","A","عملکرد اصلی روده باریک با بخش اصلی جذب مواد غذایی مرتبط است.","ترنم همدلی","original","1405"
"دوازدهم","تجربی","زیست‌شناسی","زیست‌شناسی","مفاهیم سلولی و بدن","ساختار و عملکرد","درک مفهومی","متوسط","کدام ساختار با «تنظیم آب و دفع برخی مواد زائد» ارتباط مستقیم‌تری دارد؟","کلیه","قلب","ریه","استخوان","A","عملکرد اصلی کلیه با تنظیم آب و دفع برخی مواد زائد مرتبط است.","ترنم همدلی","original","1405"
"دوازدهم","تجربی","زیست‌شناسی","زیست‌شناسی","مفاهیم سلولی و بدن","ساختار و عملکرد","درک مفهومی","متوسط","اختلال در «میتوکندری» بیشتر کدام عملکرد را مختل می‌کند؟","تولید ATP","حرکت زمین","تشکیل باران","تغییر فصل","A","عملکرد اصلی میتوکندری با تولید ATP مرتبط است.","ترنم همدلی","original","1405"
"دوازدهم","تجربی","زیست‌شناسی","زیست‌شناسی","مفاهیم سلولی و بدن","ساختار و عملکرد","درک مفهومی","آسان","اختلال در «ریبوزوم» بیشتر کدام عملکرد را مختل می‌کند؟","ساخت پروتئین","حرکت زمین","تشکیل باران","تغییر فصل","A","عملکرد اصلی ریبوزوم با ساخت پروتئین مرتبط است.","ترنم همدلی","original","1405"
"دوازدهم","تجربی","زیست‌شناسی","زیست‌شناسی","مفاهیم سلولی و بدن","ساختار و عملکرد","درک مفهومی","متوسط","اختلال در «هسته» بیشتر کدام عملکرد را مختل می‌کند؟","نگهداری DNA در سلول‌های یوکاریوتی","حرکت زمین","تشکیل باران","تغییر فصل","A","عملکرد اصلی هسته با نگهداری DNA در سلول‌های یوکاریوتی مرتبط است.","ترنم همدلی","original","1405"
"دوازدهم","تجربی","زیست‌شناسی","زیست‌شناسی","مفاهیم سلولی و بدن","ساختار و عملکرد","درک مفهومی","متوسط","اختلال در «دیواره سلولی» بیشتر کدام عملکرد را مختل می‌کند؟","حمایت و شکل‌دهی در سلول گیاهی","حرکت زمین","تشکیل باران","تغییر فصل","A","عملکرد اصلی دیواره سلولی با حمایت و شکل‌دهی در سلول گیاهی مرتبط است.","ترنم همدلی","original","1405"
"دوازدهم","تجربی","زیست‌شناسی","زیست‌شناسی","مفاهیم سلولی و بدن","ساختار و عملکرد","درک مفهومی","متوسط","اختلال در «کلروپلاست» بیشتر کدام عملکرد را مختل می‌کند؟","فتوسنتز در سلول‌های گیاهی","حرکت زمین","تشکیل باران","تغییر فصل","A","عملکرد اصلی کلروپلاست با فتوسنتز در سلول‌های گیاهی مرتبط است.","ترنم همدلی","original","1405"
"دوازدهم","تجربی","زیست‌شناسی","زیست‌شناسی","مفاهیم سلولی و بدن","ساختار و عملکرد","درک مفهومی","متوسط","اختلال در «واکوئول» بیشتر کدام عملکرد را مختل می‌کند؟","ذخیره برخی مواد و تنظیم آب در سلول گیاهی","حرکت زمین","تشکیل باران","تغییر فصل","A","عملکرد اصلی واکوئول با ذخیره برخی مواد و تنظیم آب در سلول گیاهی مرتبط است.","ترنم همدلی","original","1405"
"دوازدهم","تجربی","زیست‌شناسی","زیست‌شناسی","مفاهیم سلولی و بدن","ساختار و عملکرد","درک مفهومی","آسان","اختلال در «گلبول قرمز» بیشتر کدام عملکرد را مختل می‌کند؟","انتقال اکسیژن","حرکت زمین","تشکیل باران","تغییر فصل","A","عملکرد اصلی گلبول قرمز با انتقال اکسیژن مرتبط است.","ترنم همدلی","original","1405"
"دوازدهم","تجربی","زیست‌شناسی","زیست‌شناسی","مفاهیم سلولی و بدن","ساختار و عملکرد","درک مفهومی","متوسط","اختلال در «گلبول سفید» بیشتر کدام عملکرد را مختل می‌کند؟","دفاع در برابر عوامل بیماری‌زا","حرکت زمین","تشکیل باران","تغییر فصل","A","عملکرد اصلی گلبول سفید با دفاع در برابر عوامل بیماری‌زا مرتبط است.","ترنم همدلی","original","1405"
"دوازدهم","تجربی","زیست‌شناسی","زیست‌شناسی","مفاهیم سلولی و بدن","ساختار و عملکرد","درک مفهومی","متوسط","اختلال در «پلاکت» بیشتر کدام عملکرد را مختل می‌کند؟","کمک به انعقاد خون","حرکت زمین","تشکیل باران","تغییر فصل","A","عملکرد اصلی پلاکت با کمک به انعقاد خون مرتبط است.","ترنم همدلی","original","1405"
"دوازدهم","تجربی","زیست‌شناسی","زیست‌شناسی","مفاهیم سلولی و بدن","ساختار و عملکرد","درک مفهومی","متوسط","اختلال در «نورون» بیشتر کدام عملکرد را مختل می‌کند؟","انتقال پیام عصبی","حرکت زمین","تشکیل باران","تغییر فصل","A","عملکرد اصلی نورون با انتقال پیام عصبی مرتبط است.","ترنم همدلی","original","1405"
"دوازدهم","تجربی","زیست‌شناسی","زیست‌شناسی","مفاهیم سلولی و بدن","ساختار و عملکرد","درک مفهومی","متوسط","اختلال در «روده باریک» بیشتر کدام عملکرد را مختل می‌کند؟","بخش اصلی جذب مواد غذایی","حرکت زمین","تشکیل باران","تغییر فصل","A","عملکرد اصلی روده باریک با بخش اصلی جذب مواد غذایی مرتبط است.","ترنم همدلی","original","1405"
"دوازدهم","تجربی","زیست‌شناسی","زیست‌شناسی","مفاهیم سلولی و بدن","ساختار و عملکرد","درک مفهومی","آسان","اختلال در «کلیه» بیشتر کدام عملکرد را مختل می‌کند؟","تنظیم آب و دفع برخی مواد زائد","حرکت زمین","تشکیل باران","تغییر فصل","A","عملکرد اصلی کلیه با تنظیم آب و دفع برخی مواد زائد مرتبط است.","ترنم همدلی","original","1405"
"دوازدهم","تجربی","زیست‌شناسی","زیست‌شناسی","مفاهیم سلولی و بدن","ساختار و عملکرد","درک مفهومی","متوسط","کدام گزینه درباره «میتوکندری» درست‌تر است؟","تولید ATP","هسته","ریبوزوم","افزایش فشار هوا","A","عملکرد اصلی میتوکندری با تولید ATP مرتبط است.","ترنم همدلی","original","1405"
"دوازدهم","تجربی","زیست‌شناسی","زیست‌شناسی","مفاهیم سلولی و بدن","ساختار و عملکرد","درک مفهومی","متوسط","کدام گزینه درباره «ریبوزوم» درست‌تر است؟","ساخت پروتئین","میتوکندری","دیواره سلولی","افزایش فشار هوا","A","عملکرد اصلی ریبوزوم با ساخت پروتئین مرتبط است.","ترنم همدلی","original","1405"
"دوازدهم","تجربی","زیست‌شناسی","زیست‌شناسی","مفاهیم سلولی و بدن","ساختار و عملکرد","درک مفهومی","متوسط","کدام گزینه درباره «هسته» درست‌تر است؟","نگهداری DNA در سلول‌های یوکاریوتی","واکوئول","ریبوزوم","افزایش فشار هوا","A","عملکرد اصلی هسته با نگهداری DNA در سلول‌های یوکاریوتی مرتبط است.","ترنم همدلی","original","1405"
"دوازدهم","تجربی","زیست‌شناسی","زیست‌شناسی","مفاهیم سلولی و بدن","ساختار و عملکرد","درک مفهومی","متوسط","کدام گزینه درباره «دیواره سلولی» درست‌تر است؟","حمایت و شکل‌دهی در سلول گیاهی","هسته","میتوکندری","افزایش فشار هوا","A","عملکرد اصلی دیواره سلولی با حمایت و شکل‌دهی در سلول گیاهی مرتبط است.","ترنم همدلی","original","1405"
"دوازدهم","تجربی","زیست‌شناسی","زیست‌شناسی","مفاهیم سلولی و بدن","ساختار و عملکرد","درک مفهومی","آسان","کدام گزینه درباره «کلروپلاست» درست‌تر است؟","فتوسنتز در سلول‌های گیاهی","ریبوزوم","لیزوزوم","افزایش فشار هوا","A","عملکرد اصلی کلروپلاست با فتوسنتز در سلول‌های گیاهی مرتبط است.","ترنم همدلی","original","1405"
"دوازدهم","تجربی","زیست‌شناسی","زیست‌شناسی","مفاهیم سلولی و بدن","ساختار و عملکرد","درک مفهومی","متوسط","کدام گزینه درباره «واکوئول» درست‌تر است؟","ذخیره برخی مواد و تنظیم آب در سلول گیاهی","هسته","کلروپلاست","افزایش فشار هوا","A","عملکرد اصلی واکوئول با ذخیره برخی مواد و تنظیم آب در سلول گیاهی مرتبط است.","ترنم همدلی","original","1405"
"دوازدهم","تجربی","زیست‌شناسی","زیست‌شناسی","مفاهیم سلولی و بدن","ساختار و عملکرد","درک مفهومی","متوسط","کدام گزینه درباره «گلبول قرمز» درست‌تر است؟","انتقال اکسیژن","پلاکت","گلبول سفید","افزایش فشار هوا","A","عملکرد اصلی گلبول قرمز با انتقال اکسیژن مرتبط است.","ترنم همدلی","original","1405"
"دوازدهم","تجربی","زیست‌شناسی","زیست‌شناسی","مفاهیم سلولی و بدن","ساختار و عملکرد","درک مفهومی","متوسط","کدام گزینه درباره «گلبول سفید» درست‌تر است؟","دفاع در برابر عوامل بیماری‌زا","گلبول قرمز","پلاکت","افزایش فشار هوا","A","عملکرد اصلی گلبول سفید با دفاع در برابر عوامل بیماری‌زا مرتبط است.","ترنم همدلی","original","1405"
"دوازدهم","تجربی","زیست‌شناسی","زیست‌شناسی","مفاهیم سلولی و بدن","ساختار و عملکرد","درک مفهومی","متوسط","کدام گزینه درباره «پلاکت» درست‌تر است؟","کمک به انعقاد خون","گلبول قرمز","گلبول سفید","افزایش فشار هوا","A","عملکرد اصلی پلاکت با کمک به انعقاد خون مرتبط است.","ترنم همدلی","original","1405"
"دوازدهم","تجربی","زیست‌شناسی","زیست‌شناسی","مفاهیم سلولی و بدن","ساختار و عملکرد","درک مفهومی","آسان","کدام گزینه درباره «نورون» درست‌تر است؟","انتقال پیام عصبی","ماهیچه","گلبول قرمز","افزایش فشار هوا","A","عملکرد اصلی نورون با انتقال پیام عصبی مرتبط است.","ترنم همدلی","original","1405"
"دوازدهم","تجربی","زیست‌شناسی","زیست‌شناسی","مفاهیم سلولی و بدن","ساختار و عملکرد","درک مفهومی","متوسط","کدام گزینه درباره «روده باریک» درست‌تر است؟","بخش اصلی جذب مواد غذایی","معده","مری","افزایش فشار هوا","A","عملکرد اصلی روده باریک با بخش اصلی جذب مواد غذایی مرتبط است.","ترنم همدلی","original","1405"
"دوازدهم","تجربی","زیست‌شناسی","زیست‌شناسی","مفاهیم سلولی و بدن","ساختار و عملکرد","درک مفهومی","متوسط","کدام گزینه درباره «کلیه» درست‌تر است؟","تنظیم آب و دفع برخی مواد زائد","قلب","ریه","افزایش فشار هوا","A","عملکرد اصلی کلیه با تنظیم آب و دفع برخی مواد زائد مرتبط است.","ترنم همدلی","original","1405"
"دوازدهم","تجربی","زیست‌شناسی","زیست‌شناسی","مفاهیم سلولی و بدن","ساختار و عملکرد","درک مفهومی","متوسط","اگر «میتوکندری» فعالیت طبیعی نداشته باشد، کدام فرایند تحت تأثیر قرار می‌گیرد؟","تولید ATP","تبخیر آب دریا","چرخش زمین","تشکیل سنگ","A","عملکرد اصلی میتوکندری با تولید ATP مرتبط است.","ترنم همدلی","original","1405"
"دوازدهم","تجربی","زیست‌شناسی","زیست‌شناسی","مفاهیم سلولی و بدن","ساختار و عملکرد","درک مفهومی","متوسط","اگر «ریبوزوم» فعالیت طبیعی نداشته باشد، کدام فرایند تحت تأثیر قرار می‌گیرد؟","ساخت پروتئین","تبخیر آب دریا","چرخش زمین","تشکیل سنگ","A","عملکرد اصلی ریبوزوم با ساخت پروتئین مرتبط است.","ترنم همدلی","original","1405"
"دوازدهم","تجربی","زیست‌شناسی","زیست‌شناسی","مفاهیم سلولی و بدن","ساختار و عملکرد","درک مفهومی","آسان","اگر «هسته» فعالیت طبیعی نداشته باشد، کدام فرایند تحت تأثیر قرار می‌گیرد؟","نگهداری DNA در سلول‌های یوکاریوتی","تبخیر آب دریا","چرخش زمین","تشکیل سنگ","A","عملکرد اصلی هسته با نگهداری DNA در سلول‌های یوکاریوتی مرتبط است.","ترنم همدلی","original","1405"
"دوازدهم","تجربی","زیست‌شناسی","زیست‌شناسی","مفاهیم سلولی و بدن","ساختار و عملکرد","درک مفهومی","متوسط","اگر «دیواره سلولی» فعالیت طبیعی نداشته باشد، کدام فرایند تحت تأثیر قرار می‌گیرد؟","حمایت و شکل‌دهی در سلول گیاهی","تبخیر آب دریا","چرخش زمین","تشکیل سنگ","A","عملکرد اصلی دیواره سلولی با حمایت و شکل‌دهی در سلول گیاهی مرتبط است.","ترنم همدلی","original","1405"
"دوازدهم","تجربی","زیست‌شناسی","زیست‌شناسی","مفاهیم سلولی و بدن","ساختار و عملکرد","درک مفهومی","متوسط","اگر «کلروپلاست» فعالیت طبیعی نداشته باشد، کدام فرایند تحت تأثیر قرار می‌گیرد؟","فتوسنتز در سلول‌های گیاهی","تبخیر آب دریا","چرخش زمین","تشکیل سنگ","A","عملکرد اصلی کلروپلاست با فتوسنتز در سلول‌های گیاهی مرتبط است.","ترنم همدلی","original","1405"
"دوازدهم","تجربی","زیست‌شناسی","زیست‌شناسی","مفاهیم سلولی و بدن","ساختار و عملکرد","درک مفهومی","متوسط","اگر «واکوئول» فعالیت طبیعی نداشته باشد، کدام فرایند تحت تأثیر قرار می‌گیرد؟","ذخیره برخی مواد و تنظیم آب در سلول گیاهی","تبخیر آب دریا","چرخش زمین","تشکیل سنگ","A","عملکرد اصلی واکوئول با ذخیره برخی مواد و تنظیم آب در سلول گیاهی مرتبط است.","ترنم همدلی","original","1405"
"دوازدهم","تجربی","زیست‌شناسی","زیست‌شناسی","مفاهیم سلولی و بدن","ساختار و عملکرد","درک مفهومی","متوسط","اگر «گلبول قرمز» فعالیت طبیعی نداشته باشد، کدام فرایند تحت تأثیر قرار می‌گیرد؟","انتقال اکسیژن","تبخیر آب دریا","چرخش زمین","تشکیل سنگ","A","عملکرد اصلی گلبول قرمز با انتقال اکسیژن مرتبط است.","ترنم همدلی","original","1405"
"دوازدهم","تجربی","زیست‌شناسی","زیست‌شناسی","مفاهیم سلولی و بدن","ساختار و عملکرد","درک مفهومی","آسان","اگر «گلبول سفید» فعالیت طبیعی نداشته باشد، کدام فرایند تحت تأثیر قرار می‌گیرد؟","دفاع در برابر عوامل بیماری‌زا","تبخیر آب دریا","چرخش زمین","تشکیل سنگ","A","عملکرد اصلی گلبول سفید با دفاع در برابر عوامل بیماری‌زا مرتبط است.","ترنم همدلی","original","1405"
"دوازدهم","تجربی","زیست‌شناسی","زیست‌شناسی","مفاهیم سلولی و بدن","ساختار و عملکرد","درک مفهومی","متوسط","اگر «پلاکت» فعالیت طبیعی نداشته باشد، کدام فرایند تحت تأثیر قرار می‌گیرد؟","کمک به انعقاد خون","تبخیر آب دریا","چرخش زمین","تشکیل سنگ","A","عملکرد اصلی پلاکت با کمک به انعقاد خون مرتبط است.","ترنم همدلی","original","1405"
"دوازدهم","تجربی","زیست‌شناسی","زیست‌شناسی","مفاهیم سلولی و بدن","ساختار و عملکرد","درک مفهومی","متوسط","اگر «نورون» فعالیت طبیعی نداشته باشد، کدام فرایند تحت تأثیر قرار می‌گیرد؟","انتقال پیام عصبی","تبخیر آب دریا","چرخش زمین","تشکیل سنگ","A","عملکرد اصلی نورون با انتقال پیام عصبی مرتبط است.","ترنم همدلی","original","1405"
"دوازدهم","تجربی","زیست‌شناسی","زیست‌شناسی","مفاهیم سلولی و بدن","ساختار و عملکرد","درک مفهومی","متوسط","اگر «روده باریک» فعالیت طبیعی نداشته باشد، کدام فرایند تحت تأثیر قرار می‌گیرد؟","بخش اصلی جذب مواد غذایی","تبخیر آب دریا","چرخش زمین","تشکیل سنگ","A","عملکرد اصلی روده باریک با بخش اصلی جذب مواد غذایی مرتبط است.","ترنم همدلی","original","1405"
"دوازدهم","تجربی","زیست‌شناسی","زیست‌شناسی","مفاهیم سلولی و بدن","ساختار و عملکرد","درک مفهومی","متوسط","اگر «کلیه» فعالیت طبیعی نداشته باشد، کدام فرایند تحت تأثیر قرار می‌گیرد؟","تنظیم آب و دفع برخی مواد زائد","تبخیر آب دریا","چرخش زمین","تشکیل سنگ","A","عملکرد اصلی کلیه با تنظیم آب و دفع برخی مواد زائد مرتبط است.","ترنم همدلی","original","1405"
"دوازدهم","تجربی","زیست‌شناسی","زیست‌شناسی","مفاهیم سلولی و بدن","ساختار و عملکرد","درک مفهومی","آسان","نقش اصلی «میتوکندری» در بدن یا سلول کدام است؟","تولید ATP","هسته","ریبوزوم","تولید نور","A","عملکرد اصلی میتوکندری با تولید ATP مرتبط است.","ترنم همدلی","original","1405"
"دوازدهم","تجربی","زیست‌شناسی","زیست‌شناسی","مفاهیم سلولی و بدن","ساختار و عملکرد","درک مفهومی","متوسط","نقش اصلی «ریبوزوم» در بدن یا سلول کدام است؟","ساخت پروتئین","میتوکندری","دیواره سلولی","تولید نور","A","عملکرد اصلی ریبوزوم با ساخت پروتئین مرتبط است.","ترنم همدلی","original","1405"
"دوازدهم","تجربی","زیست‌شناسی","زیست‌شناسی","مفاهیم سلولی و بدن","ساختار و عملکرد","درک مفهومی","متوسط","نقش اصلی «هسته» در بدن یا سلول کدام است؟","نگهداری DNA در سلول‌های یوکاریوتی","واکوئول","ریبوزوم","تولید نور","A","عملکرد اصلی هسته با نگهداری DNA در سلول‌های یوکاریوتی مرتبط است.","ترنم همدلی","original","1405"
"دوازدهم","تجربی","زیست‌شناسی","زیست‌شناسی","مفاهیم سلولی و بدن","ساختار و عملکرد","درک مفهومی","متوسط","نقش اصلی «دیواره سلولی» در بدن یا سلول کدام است؟","حمایت و شکل‌دهی در سلول گیاهی","هسته","میتوکندری","تولید نور","A","عملکرد اصلی دیواره سلولی با حمایت و شکل‌دهی در سلول گیاهی مرتبط است.","ترنم همدلی","original","1405"
"دوازدهم","تجربی","زیست‌شناسی","زیست‌شناسی","مفاهیم سلولی و بدن","ساختار و عملکرد","درک مفهومی","متوسط","نقش اصلی «کلروپلاست» در بدن یا سلول کدام است؟","فتوسنتز در سلول‌های گیاهی","ریبوزوم","لیزوزوم","تولید نور","A","عملکرد اصلی کلروپلاست با فتوسنتز در سلول‌های گیاهی مرتبط است.","ترنم همدلی","original","1405"
"دوازدهم","تجربی","زیست‌شناسی","زیست‌شناسی","مفاهیم سلولی و بدن","ساختار و عملکرد","درک مفهومی","آسان","نقش اصلی «واکوئول» در بدن یا سلول کدام است؟","ذخیره برخی مواد و تنظیم آب در سلول گیاهی","هسته","کلروپلاست","تولید نور","A","عملکرد اصلی واکوئول با ذخیره برخی مواد و تنظیم آب در سلول گیاهی مرتبط است.","ترنم همدلی","original","1405"
"دوازدهم","تجربی","زیست‌شناسی","زیست‌شناسی","مفاهیم سلولی و بدن","ساختار و عملکرد","درک مفهومی","متوسط","نقش اصلی «گلبول قرمز» در بدن یا سلول کدام است؟","انتقال اکسیژن","پلاکت","گلبول سفید","تولید نور","A","عملکرد اصلی گلبول قرمز با انتقال اکسیژن مرتبط است.","ترنم همدلی","original","1405"
"دوازدهم","تجربی","زیست‌شناسی","زیست‌شناسی","مفاهیم سلولی و بدن","ساختار و عملکرد","درک مفهومی","متوسط","نقش اصلی «گلبول سفید» در بدن یا سلول کدام است؟","دفاع در برابر عوامل بیماری‌زا","گلبول قرمز","پلاکت","تولید نور","A","عملکرد اصلی گلبول سفید با دفاع در برابر عوامل بیماری‌زا مرتبط است.","ترنم همدلی","original","1405"
"دوازدهم","تجربی","زیست‌شناسی","زیست‌شناسی","مفاهیم سلولی و بدن","ساختار و عملکرد","درک مفهومی","متوسط","نقش اصلی «پلاکت» در بدن یا سلول کدام است؟","کمک به انعقاد خون","گلبول قرمز","گلبول سفید","تولید نور","A","عملکرد اصلی پلاکت با کمک به انعقاد خون مرتبط است.","ترنم همدلی","original","1405"
"دوازدهم","تجربی","زیست‌شناسی","زیست‌شناسی","مفاهیم سلولی و بدن","ساختار و عملکرد","درک مفهومی","متوسط","نقش اصلی «نورون» در بدن یا سلول کدام است؟","انتقال پیام عصبی","ماهیچه","گلبول قرمز","تولید نور","A","عملکرد اصلی نورون با انتقال پیام عصبی مرتبط است.","ترنم همدلی","original","1405"
"دوازدهم","تجربی","زیست‌شناسی","زیست‌شناسی","مفاهیم سلولی و بدن","ساختار و عملکرد","درک مفهومی","آسان","نقش اصلی «روده باریک» در بدن یا سلول کدام است؟","بخش اصلی جذب مواد غذایی","معده","مری","تولید نور","A","عملکرد اصلی روده باریک با بخش اصلی جذب مواد غذایی مرتبط است.","ترنم همدلی","original","1405"
"دوازدهم","تجربی","زیست‌شناسی","زیست‌شناسی","مفاهیم سلولی و بدن","ساختار و عملکرد","درک مفهومی","متوسط","نقش اصلی «کلیه» در بدن یا سلول کدام است؟","تنظیم آب و دفع برخی مواد زائد","قلب","ریه","تولید نور","A","عملکرد اصلی کلیه با تنظیم آب و دفع برخی مواد زائد مرتبط است.","ترنم همدلی","original","1405"
"دوازدهم","تجربی","زیست‌شناسی","زیست‌شناسی","مفاهیم سلولی و بدن","ساختار و عملکرد","درک مفهومی","متوسط","کدام گزینه نمونه‌ای از ارتباط «میتوکندری» با عملکرد بدن/سلول است؟","تولید ATP","سرعت باد","فشار هوا","طول موج","A","عملکرد اصلی میتوکندری با تولید ATP مرتبط است.","ترنم همدلی","original","1405"
"دوازدهم","تجربی","زیست‌شناسی","زیست‌شناسی","مفاهیم سلولی و بدن","ساختار و عملکرد","درک مفهومی","متوسط","کدام گزینه نمونه‌ای از ارتباط «ریبوزوم» با عملکرد بدن/سلول است؟","ساخت پروتئین","سرعت باد","فشار هوا","طول موج","A","عملکرد اصلی ریبوزوم با ساخت پروتئین مرتبط است.","ترنم همدلی","original","1405"
"دوازدهم","تجربی","زیست‌شناسی","زیست‌شناسی","مفاهیم سلولی و بدن","ساختار و عملکرد","درک مفهومی","متوسط","کدام گزینه نمونه‌ای از ارتباط «هسته» با عملکرد بدن/سلول است؟","نگهداری DNA در سلول‌های یوکاریوتی","سرعت باد","فشار هوا","طول موج","A","عملکرد اصلی هسته با نگهداری DNA در سلول‌های یوکاریوتی مرتبط است.","ترنم همدلی","original","1405"
"دوازدهم","تجربی","زیست‌شناسی","زیست‌شناسی","مفاهیم سلولی و بدن","ساختار و عملکرد","درک مفهومی","آسان","کدام گزینه نمونه‌ای از ارتباط «دیواره سلولی» با عملکرد بدن/سلول است؟","حمایت و شکل‌دهی در سلول گیاهی","سرعت باد","فشار هوا","طول موج","A","عملکرد اصلی دیواره سلولی با حمایت و شکل‌دهی در سلول گیاهی مرتبط است.","ترنم همدلی","original","1405"
"دوازدهم","تجربی","زیست‌شناسی","زیست‌شناسی","مفاهیم سلولی و بدن","ساختار و عملکرد","درک مفهومی","متوسط","کدام گزینه نمونه‌ای از ارتباط «کلروپلاست» با عملکرد بدن/سلول است؟","فتوسنتز در سلول‌های گیاهی","سرعت باد","فشار هوا","طول موج","A","عملکرد اصلی کلروپلاست با فتوسنتز در سلول‌های گیاهی مرتبط است.","ترنم همدلی","original","1405"
"دوازدهم","تجربی","زیست‌شناسی","زیست‌شناسی","مفاهیم سلولی و بدن","ساختار و عملکرد","درک مفهومی","متوسط","کدام گزینه نمونه‌ای از ارتباط «واکوئول» با عملکرد بدن/سلول است؟","ذخیره برخی مواد و تنظیم آب در سلول گیاهی","سرعت باد","فشار هوا","طول موج","A","عملکرد اصلی واکوئول با ذخیره برخی مواد و تنظیم آب در سلول گیاهی مرتبط است.","ترنم همدلی","original","1405"
"دوازدهم","تجربی","زیست‌شناسی","زیست‌شناسی","مفاهیم سلولی و بدن","ساختار و عملکرد","درک مفهومی","متوسط","کدام گزینه نمونه‌ای از ارتباط «گلبول قرمز» با عملکرد بدن/سلول است؟","انتقال اکسیژن","سرعت باد","فشار هوا","طول موج","A","عملکرد اصلی گلبول قرمز با انتقال اکسیژن مرتبط است.","ترنم همدلی","original","1405"
"دوازدهم","تجربی","زیست‌شناسی","زیست‌شناسی","مفاهیم سلولی و بدن","ساختار و عملکرد","درک مفهومی","متوسط","کدام گزینه نمونه‌ای از ارتباط «گلبول سفید» با عملکرد بدن/سلول است؟","دفاع در برابر عوامل بیماری‌زا","سرعت باد","فشار هوا","طول موج","A","عملکرد اصلی گلبول سفید با دفاع در برابر عوامل بیماری‌زا مرتبط است.","ترنم همدلی","original","1405"
"دوازدهم","تجربی","زیست‌شناسی","زیست‌شناسی","مفاهیم سلولی و بدن","ساختار و عملکرد","درک مفهومی","آسان","کدام گزینه نمونه‌ای از ارتباط «پلاکت» با عملکرد بدن/سلول است؟","کمک به انعقاد خون","سرعت باد","فشار هوا","طول موج","A","عملکرد اصلی پلاکت با کمک به انعقاد خون مرتبط است.","ترنم همدلی","original","1405"
"دوازدهم","تجربی","زیست‌شناسی","زیست‌شناسی","مفاهیم سلولی و بدن","ساختار و عملکرد","درک مفهومی","متوسط","کدام گزینه نمونه‌ای از ارتباط «نورون» با عملکرد بدن/سلول است؟","انتقال پیام عصبی","سرعت باد","فشار هوا","طول موج","A","عملکرد اصلی نورون با انتقال پیام عصبی مرتبط است.","ترنم همدلی","original","1405"
"دوازدهم","تجربی","زیست‌شناسی","زیست‌شناسی","مفاهیم سلولی و بدن","ساختار و عملکرد","درک مفهومی","متوسط","کدام گزینه نمونه‌ای از ارتباط «روده باریک» با عملکرد بدن/سلول است؟","بخش اصلی جذب مواد غذایی","سرعت باد","فشار هوا","طول موج","A","عملکرد اصلی روده باریک با بخش اصلی جذب مواد غذایی مرتبط است.","ترنم همدلی","original","1405"
"دوازدهم","تجربی","زیست‌شناسی","زیست‌شناسی","مفاهیم سلولی و بدن","ساختار و عملکرد","درک مفهومی","متوسط","کدام گزینه نمونه‌ای از ارتباط «کلیه» با عملکرد بدن/سلول است؟","تنظیم آب و دفع برخی مواد زائد","سرعت باد","فشار هوا","طول موج","A","عملکرد اصلی کلیه با تنظیم آب و دفع برخی مواد زائد مرتبط است.","ترنم همدلی","original","1405"
"دوازدهم","تجربی","زیست‌شناسی","زیست‌شناسی","مفاهیم سلولی و بدن","ساختار و عملکرد","درک مفهومی","متوسط","برای شناخت نقش «میتوکندری» باید به کدام عملکرد توجه کرد؟","تولید ATP","هسته","ریبوزوم","فاصله ستاره‌ها","A","عملکرد اصلی میتوکندری با تولید ATP مرتبط است.","ترنم همدلی","original","1405"
"دوازدهم","تجربی","زیست‌شناسی","زیست‌شناسی","مفاهیم سلولی و بدن","ساختار و عملکرد","درک مفهومی","آسان","برای شناخت نقش «ریبوزوم» باید به کدام عملکرد توجه کرد؟","ساخت پروتئین","میتوکندری","دیواره سلولی","فاصله ستاره‌ها","A","عملکرد اصلی ریبوزوم با ساخت پروتئین مرتبط است.","ترنم همدلی","original","1405"
"دوازدهم","تجربی","زیست‌شناسی","زیست‌شناسی","مفاهیم سلولی و بدن","ساختار و عملکرد","درک مفهومی","متوسط","برای شناخت نقش «هسته» باید به کدام عملکرد توجه کرد؟","نگهداری DNA در سلول‌های یوکاریوتی","واکوئول","ریبوزوم","فاصله ستاره‌ها","A","عملکرد اصلی هسته با نگهداری DNA در سلول‌های یوکاریوتی مرتبط است.","ترنم همدلی","original","1405"
"دوازدهم","تجربی","زیست‌شناسی","زیست‌شناسی","مفاهیم سلولی و بدن","ساختار و عملکرد","درک مفهومی","متوسط","برای شناخت نقش «دیواره سلولی» باید به کدام عملکرد توجه کرد؟","حمایت و شکل‌دهی در سلول گیاهی","هسته","میتوکندری","فاصله ستاره‌ها","A","عملکرد اصلی دیواره سلولی با حمایت و شکل‌دهی در سلول گیاهی مرتبط است.","ترنم همدلی","original","1405"
"دوازدهم","تجربی","زیست‌شناسی","زیست‌شناسی","مفاهیم سلولی و بدن","ساختار و عملکرد","درک مفهومی","متوسط","برای شناخت نقش «کلروپلاست» باید به کدام عملکرد توجه کرد؟","فتوسنتز در سلول‌های گیاهی","ریبوزوم","لیزوزوم","فاصله ستاره‌ها","A","عملکرد اصلی کلروپلاست با فتوسنتز در سلول‌های گیاهی مرتبط است.","ترنم همدلی","original","1405"
"دوازدهم","تجربی","زیست‌شناسی","زیست‌شناسی","مفاهیم سلولی و بدن","ساختار و عملکرد","درک مفهومی","متوسط","برای شناخت نقش «واکوئول» باید به کدام عملکرد توجه کرد؟","ذخیره برخی مواد و تنظیم آب در سلول گیاهی","هسته","کلروپلاست","فاصله ستاره‌ها","A","عملکرد اصلی واکوئول با ذخیره برخی مواد و تنظیم آب در سلول گیاهی مرتبط است.","ترنم همدلی","original","1405"
"دوازدهم","تجربی","زیست‌شناسی","زیست‌شناسی","مفاهیم سلولی و بدن","ساختار و عملکرد","درک مفهومی","آسان","برای شناخت نقش «گلبول قرمز» باید به کدام عملکرد توجه کرد؟","انتقال اکسیژن","پلاکت","گلبول سفید","فاصله ستاره‌ها","A","عملکرد اصلی گلبول قرمز با انتقال اکسیژن مرتبط است.","ترنم همدلی","original","1405"
"دوازدهم","تجربی","زیست‌شناسی","زیست‌شناسی","مفاهیم سلولی و بدن","ساختار و عملکرد","درک مفهومی","متوسط","برای شناخت نقش «گلبول سفید» باید به کدام عملکرد توجه کرد؟","دفاع در برابر عوامل بیماری‌زا","گلبول قرمز","پلاکت","فاصله ستاره‌ها","A","عملکرد اصلی گلبول سفید با دفاع در برابر عوامل بیماری‌زا مرتبط است.","ترنم همدلی","original","1405"
"دوازدهم","تجربی","زیست‌شناسی","زیست‌شناسی","مفاهیم سلولی و بدن","ساختار و عملکرد","درک مفهومی","متوسط","برای شناخت نقش «پلاکت» باید به کدام عملکرد توجه کرد؟","کمک به انعقاد خون","گلبول قرمز","گلبول سفید","فاصله ستاره‌ها","A","عملکرد اصلی پلاکت با کمک به انعقاد خون مرتبط است.","ترنم همدلی","original","1405"
"دوازدهم","تجربی","زیست‌شناسی","زیست‌شناسی","مفاهیم سلولی و بدن","ساختار و عملکرد","درک مفهومی","متوسط","برای شناخت نقش «نورون» باید به کدام عملکرد توجه کرد؟","انتقال پیام عصبی","ماهیچه","گلبول قرمز","فاصله ستاره‌ها","A","عملکرد اصلی نورون با انتقال پیام عصبی مرتبط است.","ترنم همدلی","original","1405"
"دوازدهم","تجربی","زیست‌شناسی","زیست‌شناسی","مفاهیم سلولی و بدن","ساختار و عملکرد","درک مفهومی","متوسط","برای شناخت نقش «روده باریک» باید به کدام عملکرد توجه کرد؟","بخش اصلی جذب مواد غذایی","معده","مری","فاصله ستاره‌ها","A","عملکرد اصلی روده باریک با بخش اصلی جذب مواد غذایی مرتبط است.","ترنم همدلی","original","1405"
"دوازدهم","تجربی","زیست‌شناسی","زیست‌شناسی","مفاهیم سلولی و بدن","ساختار و عملکرد","درک مفهومی","آسان","برای شناخت نقش «کلیه» باید به کدام عملکرد توجه کرد؟","تنظیم آب و دفع برخی مواد زائد","قلب","ریه","فاصله ستاره‌ها","A","عملکرد اصلی کلیه با تنظیم آب و دفع برخی مواد زائد مرتبط است.","ترنم همدلی","original","1405"
"دهم","ریاضی","فیزیک","فیزیک","حرکت و نیرو","قانون دوم نیوتن","محاسبات","آسان","جرم جسمی 2 کیلوگرم و شتاب آن 1 متر بر مجذور ثانیه است. نیروی خالص چند نیوتن است؟","2","4","1","3","A","طبق F=ma، حاصل 2×1=2 نیوتن است.","ترنم همدلی","original","1405"
"دهم","ریاضی","فیزیک","فیزیک","حرکت و نیرو","قانون دوم نیوتن","محاسبات","متوسط","جسمی با جرم 3 کیلوگرم تحت نیروی خالصی قرار دارد و شتاب آن 2 است. مقدار نیرو چند نیوتن است؟","6","9","4","5","A","طبق F=ma، حاصل 3×2=6 نیوتن است.","ترنم همدلی","original","1405"
"دهم","ریاضی","فیزیک","فیزیک","حرکت و نیرو","قانون دوم نیوتن","محاسبات","متوسط","اگر m=4 kg و a=3 m/s² باشد، مقدار F در رابطه F=ma چند است؟","12","16","9","7","A","طبق F=ma، حاصل 4×3=12 نیوتن است.","ترنم همدلی","original","1405"
"دهم","ریاضی","فیزیک","فیزیک","حرکت و نیرو","قانون دوم نیوتن","محاسبات","متوسط","جرم جسمی 5 کیلوگرم و شتاب آن 4 متر بر مجذور ثانیه است. نیروی خالص چند نیوتن است؟","20","25","16","9","A","طبق F=ma، حاصل 5×4=20 نیوتن است.","ترنم همدلی","original","1405"
"دهم","ریاضی","فیزیک","فیزیک","حرکت و نیرو","قانون دوم نیوتن","محاسبات","متوسط","جسمی با جرم 6 کیلوگرم تحت نیروی خالصی قرار دارد و شتاب آن 5 است. مقدار نیرو چند نیوتن است؟","30","36","25","11","A","طبق F=ma، حاصل 6×5=30 نیوتن است.","ترنم همدلی","original","1405"
"دهم","ریاضی","فیزیک","فیزیک","حرکت و نیرو","قانون دوم نیوتن","محاسبات","آسان","اگر m=7 kg و a=6 m/s² باشد، مقدار F در رابطه F=ma چند است؟","42","49","36","13","A","طبق F=ma، حاصل 7×6=42 نیوتن است.","ترنم همدلی","original","1405"
"دهم","ریاضی","فیزیک","فیزیک","حرکت و نیرو","قانون دوم نیوتن","محاسبات","متوسط","جرم جسمی 8 کیلوگرم و شتاب آن 7 متر بر مجذور ثانیه است. نیروی خالص چند نیوتن است؟","56","64","49","15","A","طبق F=ma، حاصل 8×7=56 نیوتن است.","ترنم همدلی","original","1405"
"دهم","ریاضی","فیزیک","فیزیک","حرکت و نیرو","قانون دوم نیوتن","محاسبات","متوسط","جسمی با جرم 9 کیلوگرم تحت نیروی خالصی قرار دارد و شتاب آن 8 است. مقدار نیرو چند نیوتن است؟","72","81","64","17","A","طبق F=ma، حاصل 9×8=72 نیوتن است.","ترنم همدلی","original","1405"
"دهم","ریاضی","فیزیک","فیزیک","حرکت و نیرو","قانون دوم نیوتن","محاسبات","متوسط","اگر m=10 kg و a=9 m/s² باشد، مقدار F در رابطه F=ma چند است؟","90","100","81","19","A","طبق F=ma، حاصل 10×9=90 نیوتن است.","ترنم همدلی","original","1405"
"دهم","ریاضی","فیزیک","فیزیک","حرکت و نیرو","قانون دوم نیوتن","محاسبات","متوسط","جرم جسمی 11 کیلوگرم و شتاب آن 10 متر بر مجذور ثانیه است. نیروی خالص چند نیوتن است؟","110","121","100","21","A","طبق F=ma، حاصل 11×10=110 نیوتن است.","ترنم همدلی","original","1405"
"دهم","ریاضی","فیزیک","فیزیک","حرکت و نیرو","قانون دوم نیوتن","محاسبات","آسان","جسمی با جرم 12 کیلوگرم تحت نیروی خالصی قرار دارد و شتاب آن 11 است. مقدار نیرو چند نیوتن است؟","132","144","121","23","A","طبق F=ma، حاصل 12×11=132 نیوتن است.","ترنم همدلی","original","1405"
"دهم","ریاضی","فیزیک","فیزیک","حرکت و نیرو","قانون دوم نیوتن","محاسبات","متوسط","اگر m=13 kg و a=12 m/s² باشد، مقدار F در رابطه F=ma چند است؟","156","169","144","25","A","طبق F=ma، حاصل 13×12=156 نیوتن است.","ترنم همدلی","original","1405"
"دهم","ریاضی","فیزیک","فیزیک","حرکت و نیرو","قانون دوم نیوتن","محاسبات","متوسط","جرم جسمی 14 کیلوگرم و شتاب آن 1 متر بر مجذور ثانیه است. نیروی خالص چند نیوتن است؟","14","28","13","15","A","طبق F=ma، حاصل 14×1=14 نیوتن است.","ترنم همدلی","original","1405"
"دهم","ریاضی","فیزیک","فیزیک","حرکت و نیرو","قانون دوم نیوتن","محاسبات","متوسط","جسمی با جرم 15 کیلوگرم تحت نیروی خالصی قرار دارد و شتاب آن 2 است. مقدار نیرو چند نیوتن است؟","30","45","28","17","A","طبق F=ma، حاصل 15×2=30 نیوتن است.","ترنم همدلی","original","1405"
"دهم","ریاضی","فیزیک","فیزیک","حرکت و نیرو","قانون دوم نیوتن","محاسبات","متوسط","اگر m=16 kg و a=3 m/s² باشد، مقدار F در رابطه F=ma چند است؟","48","64","45","19","A","طبق F=ma، حاصل 16×3=48 نیوتن است.","ترنم همدلی","original","1405"
"دهم","ریاضی","فیزیک","فیزیک","حرکت و نیرو","قانون دوم نیوتن","محاسبات","آسان","جرم جسمی 17 کیلوگرم و شتاب آن 4 متر بر مجذور ثانیه است. نیروی خالص چند نیوتن است؟","68","85","64","21","A","طبق F=ma، حاصل 17×4=68 نیوتن است.","ترنم همدلی","original","1405"
"دهم","ریاضی","فیزیک","فیزیک","حرکت و نیرو","قانون دوم نیوتن","محاسبات","متوسط","جسمی با جرم 18 کیلوگرم تحت نیروی خالصی قرار دارد و شتاب آن 5 است. مقدار نیرو چند نیوتن است؟","90","108","85","23","A","طبق F=ma، حاصل 18×5=90 نیوتن است.","ترنم همدلی","original","1405"
"دهم","ریاضی","فیزیک","فیزیک","حرکت و نیرو","قانون دوم نیوتن","محاسبات","متوسط","اگر m=19 kg و a=6 m/s² باشد، مقدار F در رابطه F=ma چند است؟","114","133","108","25","A","طبق F=ma، حاصل 19×6=114 نیوتن است.","ترنم همدلی","original","1405"
"دهم","ریاضی","فیزیک","فیزیک","حرکت و نیرو","قانون دوم نیوتن","محاسبات","متوسط","جرم جسمی 2 کیلوگرم و شتاب آن 7 متر بر مجذور ثانیه است. نیروی خالص چند نیوتن است؟","14","16","7","9","A","طبق F=ma، حاصل 2×7=14 نیوتن است.","ترنم همدلی","original","1405"
"دهم","ریاضی","فیزیک","فیزیک","حرکت و نیرو","قانون دوم نیوتن","محاسبات","متوسط","جسمی با جرم 3 کیلوگرم تحت نیروی خالصی قرار دارد و شتاب آن 8 است. مقدار نیرو چند نیوتن است؟","24","27","16","11","A","طبق F=ma، حاصل 3×8=24 نیوتن است.","ترنم همدلی","original","1405"
"دهم","ریاضی","فیزیک","فیزیک","حرکت و نیرو","قانون دوم نیوتن","محاسبات","آسان","اگر m=4 kg و a=9 m/s² باشد، مقدار F در رابطه F=ma چند است؟","36","40","27","13","A","طبق F=ma، حاصل 4×9=36 نیوتن است.","ترنم همدلی","original","1405"
"دهم","ریاضی","فیزیک","فیزیک","حرکت و نیرو","قانون دوم نیوتن","محاسبات","متوسط","جرم جسمی 5 کیلوگرم و شتاب آن 10 متر بر مجذور ثانیه است. نیروی خالص چند نیوتن است؟","50","55","40","15","A","طبق F=ma، حاصل 5×10=50 نیوتن است.","ترنم همدلی","original","1405"
"دهم","ریاضی","فیزیک","فیزیک","حرکت و نیرو","قانون دوم نیوتن","محاسبات","متوسط","جسمی با جرم 6 کیلوگرم تحت نیروی خالصی قرار دارد و شتاب آن 11 است. مقدار نیرو چند نیوتن است؟","66","72","55","17","A","طبق F=ma، حاصل 6×11=66 نیوتن است.","ترنم همدلی","original","1405"
"دهم","ریاضی","فیزیک","فیزیک","حرکت و نیرو","قانون دوم نیوتن","محاسبات","متوسط","اگر m=7 kg و a=12 m/s² باشد، مقدار F در رابطه F=ma چند است؟","84","91","72","19","A","طبق F=ma، حاصل 7×12=84 نیوتن است.","ترنم همدلی","original","1405"
"دهم","ریاضی","فیزیک","فیزیک","حرکت و نیرو","قانون دوم نیوتن","محاسبات","متوسط","جرم جسمی 8 کیلوگرم و شتاب آن 1 متر بر مجذور ثانیه است. نیروی خالص چند نیوتن است؟","8","16","7","9","A","طبق F=ma، حاصل 8×1=8 نیوتن است.","ترنم همدلی","original","1405"
"دهم","ریاضی","فیزیک","فیزیک","حرکت و نیرو","قانون دوم نیوتن","محاسبات","آسان","جسمی با جرم 9 کیلوگرم تحت نیروی خالصی قرار دارد و شتاب آن 2 است. مقدار نیرو چند نیوتن است؟","18","27","16","11","A","طبق F=ma، حاصل 9×2=18 نیوتن است.","ترنم همدلی","original","1405"
"دهم","ریاضی","فیزیک","فیزیک","حرکت و نیرو","قانون دوم نیوتن","محاسبات","متوسط","اگر m=10 kg و a=3 m/s² باشد، مقدار F در رابطه F=ma چند است؟","30","40","27","13","A","طبق F=ma، حاصل 10×3=30 نیوتن است.","ترنم همدلی","original","1405"
"دهم","ریاضی","فیزیک","فیزیک","حرکت و نیرو","قانون دوم نیوتن","محاسبات","متوسط","جرم جسمی 11 کیلوگرم و شتاب آن 4 متر بر مجذور ثانیه است. نیروی خالص چند نیوتن است؟","44","55","40","15","A","طبق F=ma، حاصل 11×4=44 نیوتن است.","ترنم همدلی","original","1405"
"دهم","ریاضی","فیزیک","فیزیک","حرکت و نیرو","قانون دوم نیوتن","محاسبات","متوسط","جسمی با جرم 12 کیلوگرم تحت نیروی خالصی قرار دارد و شتاب آن 5 است. مقدار نیرو چند نیوتن است؟","60","72","55","17","A","طبق F=ma، حاصل 12×5=60 نیوتن است.","ترنم همدلی","original","1405"
"دهم","ریاضی","فیزیک","فیزیک","حرکت و نیرو","قانون دوم نیوتن","محاسبات","متوسط","اگر m=13 kg و a=6 m/s² باشد، مقدار F در رابطه F=ma چند است؟","78","91","72","19","A","طبق F=ma، حاصل 13×6=78 نیوتن است.","ترنم همدلی","original","1405"
"دهم","ریاضی","فیزیک","فیزیک","حرکت و نیرو","قانون دوم نیوتن","محاسبات","آسان","جرم جسمی 14 کیلوگرم و شتاب آن 7 متر بر مجذور ثانیه است. نیروی خالص چند نیوتن است؟","98","112","91","21","A","طبق F=ma، حاصل 14×7=98 نیوتن است.","ترنم همدلی","original","1405"
"دهم","ریاضی","فیزیک","فیزیک","حرکت و نیرو","قانون دوم نیوتن","محاسبات","متوسط","جسمی با جرم 15 کیلوگرم تحت نیروی خالصی قرار دارد و شتاب آن 8 است. مقدار نیرو چند نیوتن است؟","120","135","112","23","A","طبق F=ma، حاصل 15×8=120 نیوتن است.","ترنم همدلی","original","1405"
"دهم","ریاضی","فیزیک","فیزیک","حرکت و نیرو","قانون دوم نیوتن","محاسبات","متوسط","اگر m=16 kg و a=9 m/s² باشد، مقدار F در رابطه F=ma چند است؟","144","160","135","25","A","طبق F=ma، حاصل 16×9=144 نیوتن است.","ترنم همدلی","original","1405"
"دهم","ریاضی","فیزیک","فیزیک","حرکت و نیرو","قانون دوم نیوتن","محاسبات","متوسط","جرم جسمی 17 کیلوگرم و شتاب آن 10 متر بر مجذور ثانیه است. نیروی خالص چند نیوتن است؟","170","187","160","27","A","طبق F=ma، حاصل 17×10=170 نیوتن است.","ترنم همدلی","original","1405"
"دهم","ریاضی","فیزیک","فیزیک","حرکت و نیرو","قانون دوم نیوتن","محاسبات","متوسط","جسمی با جرم 18 کیلوگرم تحت نیروی خالصی قرار دارد و شتاب آن 11 است. مقدار نیرو چند نیوتن است؟","198","216","187","29","A","طبق F=ma، حاصل 18×11=198 نیوتن است.","ترنم همدلی","original","1405"
"دهم","ریاضی","فیزیک","فیزیک","حرکت و نیرو","قانون دوم نیوتن","محاسبات","آسان","اگر m=19 kg و a=12 m/s² باشد، مقدار F در رابطه F=ma چند است؟","228","247","216","31","A","طبق F=ma، حاصل 19×12=228 نیوتن است.","ترنم همدلی","original","1405"
"دهم","ریاضی","فیزیک","فیزیک","حرکت و نیرو","قانون دوم نیوتن","محاسبات","متوسط","جرم جسمی 2 کیلوگرم و شتاب آن 1 متر بر مجذور ثانیه است. نیروی خالص چند نیوتن است؟","2","4","1","3","A","طبق F=ma، حاصل 2×1=2 نیوتن است.","ترنم همدلی","original","1405"
"دهم","ریاضی","فیزیک","فیزیک","حرکت و نیرو","قانون دوم نیوتن","محاسبات","متوسط","جسمی با جرم 3 کیلوگرم تحت نیروی خالصی قرار دارد و شتاب آن 2 است. مقدار نیرو چند نیوتن است؟","6","9","4","5","A","طبق F=ma، حاصل 3×2=6 نیوتن است.","ترنم همدلی","original","1405"
"دهم","ریاضی","فیزیک","فیزیک","حرکت و نیرو","قانون دوم نیوتن","محاسبات","متوسط","اگر m=4 kg و a=3 m/s² باشد، مقدار F در رابطه F=ma چند است؟","12","16","9","7","A","طبق F=ma، حاصل 4×3=12 نیوتن است.","ترنم همدلی","original","1405"
"دهم","ریاضی","فیزیک","فیزیک","حرکت و نیرو","قانون دوم نیوتن","محاسبات","متوسط","جرم جسمی 5 کیلوگرم و شتاب آن 4 متر بر مجذور ثانیه است. نیروی خالص چند نیوتن است؟","20","25","16","9","A","طبق F=ma، حاصل 5×4=20 نیوتن است.","ترنم همدلی","original","1405"
"دهم","ریاضی","فیزیک","فیزیک","حرکت و نیرو","قانون دوم نیوتن","محاسبات","آسان","جسمی با جرم 6 کیلوگرم تحت نیروی خالصی قرار دارد و شتاب آن 5 است. مقدار نیرو چند نیوتن است؟","30","36","25","11","A","طبق F=ma، حاصل 6×5=30 نیوتن است.","ترنم همدلی","original","1405"
"دهم","ریاضی","فیزیک","فیزیک","حرکت و نیرو","قانون دوم نیوتن","محاسبات","متوسط","اگر m=7 kg و a=6 m/s² باشد، مقدار F در رابطه F=ma چند است؟","42","49","36","13","A","طبق F=ma، حاصل 7×6=42 نیوتن است.","ترنم همدلی","original","1405"
"دهم","ریاضی","فیزیک","فیزیک","حرکت و نیرو","قانون دوم نیوتن","محاسبات","متوسط","جرم جسمی 8 کیلوگرم و شتاب آن 7 متر بر مجذور ثانیه است. نیروی خالص چند نیوتن است؟","56","64","49","15","A","طبق F=ma، حاصل 8×7=56 نیوتن است.","ترنم همدلی","original","1405"
"دهم","ریاضی","فیزیک","فیزیک","حرکت و نیرو","قانون دوم نیوتن","محاسبات","متوسط","جسمی با جرم 9 کیلوگرم تحت نیروی خالصی قرار دارد و شتاب آن 8 است. مقدار نیرو چند نیوتن است؟","72","81","64","17","A","طبق F=ma، حاصل 9×8=72 نیوتن است.","ترنم همدلی","original","1405"
"دهم","ریاضی","فیزیک","فیزیک","حرکت و نیرو","قانون دوم نیوتن","محاسبات","متوسط","اگر m=10 kg و a=9 m/s² باشد، مقدار F در رابطه F=ma چند است؟","90","100","81","19","A","طبق F=ma، حاصل 10×9=90 نیوتن است.","ترنم همدلی","original","1405"
"دهم","ریاضی","فیزیک","فیزیک","حرکت و نیرو","قانون دوم نیوتن","محاسبات","آسان","جرم جسمی 11 کیلوگرم و شتاب آن 10 متر بر مجذور ثانیه است. نیروی خالص چند نیوتن است؟","110","121","100","21","A","طبق F=ma، حاصل 11×10=110 نیوتن است.","ترنم همدلی","original","1405"
"دهم","ریاضی","فیزیک","فیزیک","حرکت و نیرو","قانون دوم نیوتن","محاسبات","متوسط","جسمی با جرم 12 کیلوگرم تحت نیروی خالصی قرار دارد و شتاب آن 11 است. مقدار نیرو چند نیوتن است؟","132","144","121","23","A","طبق F=ma، حاصل 12×11=132 نیوتن است.","ترنم همدلی","original","1405"
"دهم","ریاضی","فیزیک","فیزیک","حرکت و نیرو","قانون دوم نیوتن","محاسبات","متوسط","اگر m=13 kg و a=12 m/s² باشد، مقدار F در رابطه F=ma چند است؟","156","169","144","25","A","طبق F=ma، حاصل 13×12=156 نیوتن است.","ترنم همدلی","original","1405"
"دهم","ریاضی","فیزیک","فیزیک","حرکت و نیرو","قانون دوم نیوتن","محاسبات","متوسط","جرم جسمی 14 کیلوگرم و شتاب آن 1 متر بر مجذور ثانیه است. نیروی خالص چند نیوتن است؟","14","28","13","15","A","طبق F=ma، حاصل 14×1=14 نیوتن است.","ترنم همدلی","original","1405"
"دهم","ریاضی","فیزیک","فیزیک","حرکت و نیرو","قانون دوم نیوتن","محاسبات","متوسط","جسمی با جرم 15 کیلوگرم تحت نیروی خالصی قرار دارد و شتاب آن 2 است. مقدار نیرو چند نیوتن است؟","30","45","28","17","A","طبق F=ma، حاصل 15×2=30 نیوتن است.","ترنم همدلی","original","1405"
"دهم","ریاضی","فیزیک","فیزیک","حرکت و نیرو","قانون دوم نیوتن","محاسبات","آسان","اگر m=16 kg و a=3 m/s² باشد، مقدار F در رابطه F=ma چند است؟","48","64","45","19","A","طبق F=ma، حاصل 16×3=48 نیوتن است.","ترنم همدلی","original","1405"
"دهم","ریاضی","فیزیک","فیزیک","حرکت و نیرو","قانون دوم نیوتن","محاسبات","متوسط","جرم جسمی 17 کیلوگرم و شتاب آن 4 متر بر مجذور ثانیه است. نیروی خالص چند نیوتن است؟","68","85","64","21","A","طبق F=ma، حاصل 17×4=68 نیوتن است.","ترنم همدلی","original","1405"
"دهم","ریاضی","فیزیک","فیزیک","حرکت و نیرو","قانون دوم نیوتن","محاسبات","متوسط","جسمی با جرم 18 کیلوگرم تحت نیروی خالصی قرار دارد و شتاب آن 5 است. مقدار نیرو چند نیوتن است؟","90","108","85","23","A","طبق F=ma، حاصل 18×5=90 نیوتن است.","ترنم همدلی","original","1405"
"دهم","ریاضی","فیزیک","فیزیک","حرکت و نیرو","قانون دوم نیوتن","محاسبات","متوسط","اگر m=19 kg و a=6 m/s² باشد، مقدار F در رابطه F=ma چند است؟","114","133","108","25","A","طبق F=ma، حاصل 19×6=114 نیوتن است.","ترنم همدلی","original","1405"
"دهم","ریاضی","فیزیک","فیزیک","حرکت و نیرو","قانون دوم نیوتن","محاسبات","متوسط","جرم جسمی 2 کیلوگرم و شتاب آن 7 متر بر مجذور ثانیه است. نیروی خالص چند نیوتن است؟","14","16","7","9","A","طبق F=ma، حاصل 2×7=14 نیوتن است.","ترنم همدلی","original","1405"
"دهم","ریاضی","فیزیک","فیزیک","حرکت و نیرو","قانون دوم نیوتن","محاسبات","آسان","جسمی با جرم 3 کیلوگرم تحت نیروی خالصی قرار دارد و شتاب آن 8 است. مقدار نیرو چند نیوتن است؟","24","27","16","11","A","طبق F=ma، حاصل 3×8=24 نیوتن است.","ترنم همدلی","original","1405"
"دهم","ریاضی","فیزیک","فیزیک","حرکت و نیرو","قانون دوم نیوتن","محاسبات","متوسط","اگر m=4 kg و a=9 m/s² باشد، مقدار F در رابطه F=ma چند است؟","36","40","27","13","A","طبق F=ma، حاصل 4×9=36 نیوتن است.","ترنم همدلی","original","1405"
"دهم","ریاضی","فیزیک","فیزیک","حرکت و نیرو","قانون دوم نیوتن","محاسبات","متوسط","جرم جسمی 5 کیلوگرم و شتاب آن 10 متر بر مجذور ثانیه است. نیروی خالص چند نیوتن است؟","50","55","40","15","A","طبق F=ma، حاصل 5×10=50 نیوتن است.","ترنم همدلی","original","1405"
"دهم","ریاضی","فیزیک","فیزیک","حرکت و نیرو","قانون دوم نیوتن","محاسبات","متوسط","جسمی با جرم 6 کیلوگرم تحت نیروی خالصی قرار دارد و شتاب آن 11 است. مقدار نیرو چند نیوتن است؟","66","72","55","17","A","طبق F=ma، حاصل 6×11=66 نیوتن است.","ترنم همدلی","original","1405"
"دهم","ریاضی","فیزیک","فیزیک","حرکت و نیرو","قانون دوم نیوتن","محاسبات","متوسط","اگر m=7 kg و a=12 m/s² باشد، مقدار F در رابطه F=ma چند است؟","84","91","72","19","A","طبق F=ma، حاصل 7×12=84 نیوتن است.","ترنم همدلی","original","1405"
"دهم","ریاضی","فیزیک","فیزیک","حرکت و نیرو","قانون دوم نیوتن","محاسبات","آسان","جرم جسمی 8 کیلوگرم و شتاب آن 1 متر بر مجذور ثانیه است. نیروی خالص چند نیوتن است؟","8","16","7","9","A","طبق F=ma، حاصل 8×1=8 نیوتن است.","ترنم همدلی","original","1405"
"دهم","ریاضی","فیزیک","فیزیک","حرکت و نیرو","قانون دوم نیوتن","محاسبات","متوسط","جسمی با جرم 9 کیلوگرم تحت نیروی خالصی قرار دارد و شتاب آن 2 است. مقدار نیرو چند نیوتن است؟","18","27","16","11","A","طبق F=ma، حاصل 9×2=18 نیوتن است.","ترنم همدلی","original","1405"
"دهم","ریاضی","فیزیک","فیزیک","حرکت و نیرو","قانون دوم نیوتن","محاسبات","متوسط","اگر m=10 kg و a=3 m/s² باشد، مقدار F در رابطه F=ma چند است؟","30","40","27","13","A","طبق F=ma، حاصل 10×3=30 نیوتن است.","ترنم همدلی","original","1405"
"دهم","ریاضی","فیزیک","فیزیک","حرکت و نیرو","قانون دوم نیوتن","محاسبات","متوسط","جرم جسمی 11 کیلوگرم و شتاب آن 4 متر بر مجذور ثانیه است. نیروی خالص چند نیوتن است؟","44","55","40","15","A","طبق F=ma، حاصل 11×4=44 نیوتن است.","ترنم همدلی","original","1405"
"دهم","ریاضی","فیزیک","فیزیک","حرکت و نیرو","قانون دوم نیوتن","محاسبات","متوسط","جسمی با جرم 12 کیلوگرم تحت نیروی خالصی قرار دارد و شتاب آن 5 است. مقدار نیرو چند نیوتن است؟","60","72","55","17","A","طبق F=ma، حاصل 12×5=60 نیوتن است.","ترنم همدلی","original","1405"
"دهم","ریاضی","فیزیک","فیزیک","حرکت و نیرو","قانون دوم نیوتن","محاسبات","آسان","اگر m=13 kg و a=6 m/s² باشد، مقدار F در رابطه F=ma چند است؟","78","91","72","19","A","طبق F=ma، حاصل 13×6=78 نیوتن است.","ترنم همدلی","original","1405"
"دهم","ریاضی","فیزیک","فیزیک","حرکت و نیرو","قانون دوم نیوتن","محاسبات","متوسط","جرم جسمی 14 کیلوگرم و شتاب آن 7 متر بر مجذور ثانیه است. نیروی خالص چند نیوتن است؟","98","112","91","21","A","طبق F=ma، حاصل 14×7=98 نیوتن است.","ترنم همدلی","original","1405"
"دهم","ریاضی","فیزیک","فیزیک","حرکت و نیرو","قانون دوم نیوتن","محاسبات","متوسط","جسمی با جرم 15 کیلوگرم تحت نیروی خالصی قرار دارد و شتاب آن 8 است. مقدار نیرو چند نیوتن است؟","120","135","112","23","A","طبق F=ma، حاصل 15×8=120 نیوتن است.","ترنم همدلی","original","1405"
"دهم","ریاضی","فیزیک","فیزیک","حرکت و نیرو","قانون دوم نیوتن","محاسبات","متوسط","اگر m=16 kg و a=9 m/s² باشد، مقدار F در رابطه F=ma چند است؟","144","160","135","25","A","طبق F=ma، حاصل 16×9=144 نیوتن است.","ترنم همدلی","original","1405"
"دهم","ریاضی","فیزیک","فیزیک","حرکت و نیرو","قانون دوم نیوتن","محاسبات","متوسط","جرم جسمی 17 کیلوگرم و شتاب آن 10 متر بر مجذور ثانیه است. نیروی خالص چند نیوتن است؟","170","187","160","27","A","طبق F=ma، حاصل 17×10=170 نیوتن است.","ترنم همدلی","original","1405"
"دهم","ریاضی","فیزیک","فیزیک","حرکت و نیرو","قانون دوم نیوتن","محاسبات","آسان","جسمی با جرم 18 کیلوگرم تحت نیروی خالصی قرار دارد و شتاب آن 11 است. مقدار نیرو چند نیوتن است؟","198","216","187","29","A","طبق F=ma، حاصل 18×11=198 نیوتن است.","ترنم همدلی","original","1405"
"دهم","ریاضی","فیزیک","فیزیک","حرکت و نیرو","قانون دوم نیوتن","محاسبات","متوسط","اگر m=19 kg و a=12 m/s² باشد، مقدار F در رابطه F=ma چند است؟","228","247","216","31","A","طبق F=ma، حاصل 19×12=228 نیوتن است.","ترنم همدلی","original","1405"
"دهم","ریاضی","فیزیک","فیزیک","حرکت و نیرو","قانون دوم نیوتن","محاسبات","متوسط","جرم جسمی 2 کیلوگرم و شتاب آن 1 متر بر مجذور ثانیه است. نیروی خالص چند نیوتن است؟","2","4","1","3","A","طبق F=ma، حاصل 2×1=2 نیوتن است.","ترنم همدلی","original","1405"
"دهم","ریاضی","فیزیک","فیزیک","حرکت و نیرو","قانون دوم نیوتن","محاسبات","متوسط","جسمی با جرم 3 کیلوگرم تحت نیروی خالصی قرار دارد و شتاب آن 2 است. مقدار نیرو چند نیوتن است؟","6","9","4","5","A","طبق F=ma، حاصل 3×2=6 نیوتن است.","ترنم همدلی","original","1405"
"دهم","ریاضی","فیزیک","فیزیک","حرکت و نیرو","قانون دوم نیوتن","محاسبات","متوسط","اگر m=4 kg و a=3 m/s² باشد، مقدار F در رابطه F=ma چند است؟","12","16","9","7","A","طبق F=ma، حاصل 4×3=12 نیوتن است.","ترنم همدلی","original","1405"
"دهم","ریاضی","فیزیک","فیزیک","حرکت و نیرو","قانون دوم نیوتن","محاسبات","آسان","جرم جسمی 5 کیلوگرم و شتاب آن 4 متر بر مجذور ثانیه است. نیروی خالص چند نیوتن است؟","20","25","16","9","A","طبق F=ma، حاصل 5×4=20 نیوتن است.","ترنم همدلی","original","1405"
"دهم","ریاضی","فیزیک","فیزیک","حرکت و نیرو","قانون دوم نیوتن","محاسبات","متوسط","جسمی با جرم 6 کیلوگرم تحت نیروی خالصی قرار دارد و شتاب آن 5 است. مقدار نیرو چند نیوتن است؟","30","36","25","11","A","طبق F=ma، حاصل 6×5=30 نیوتن است.","ترنم همدلی","original","1405"
"دهم","ریاضی","فیزیک","فیزیک","حرکت و نیرو","قانون دوم نیوتن","محاسبات","متوسط","اگر m=7 kg و a=6 m/s² باشد، مقدار F در رابطه F=ma چند است؟","42","49","36","13","A","طبق F=ma، حاصل 7×6=42 نیوتن است.","ترنم همدلی","original","1405"
"دهم","ریاضی","فیزیک","فیزیک","حرکت و نیرو","قانون دوم نیوتن","محاسبات","متوسط","جرم جسمی 8 کیلوگرم و شتاب آن 7 متر بر مجذور ثانیه است. نیروی خالص چند نیوتن است؟","56","64","49","15","A","طبق F=ma، حاصل 8×7=56 نیوتن است.","ترنم همدلی","original","1405"
"دهم","ریاضی","فیزیک","فیزیک","حرکت و نیرو","قانون دوم نیوتن","محاسبات","متوسط","جسمی با جرم 9 کیلوگرم تحت نیروی خالصی قرار دارد و شتاب آن 8 است. مقدار نیرو چند نیوتن است؟","72","81","64","17","A","طبق F=ma، حاصل 9×8=72 نیوتن است.","ترنم همدلی","original","1405"
"دهم","ریاضی","فیزیک","فیزیک","حرکت و نیرو","قانون دوم نیوتن","محاسبات","آسان","اگر m=10 kg و a=9 m/s² باشد، مقدار F در رابطه F=ma چند است؟","90","100","81","19","A","طبق F=ma، حاصل 10×9=90 نیوتن است.","ترنم همدلی","original","1405"
"دهم","ریاضی","فیزیک","فیزیک","حرکت و نیرو","قانون دوم نیوتن","محاسبات","متوسط","جرم جسمی 11 کیلوگرم و شتاب آن 10 متر بر مجذور ثانیه است. نیروی خالص چند نیوتن است؟","110","121","100","21","A","طبق F=ma، حاصل 11×10=110 نیوتن است.","ترنم همدلی","original","1405"
"دهم","ریاضی","فیزیک","فیزیک","حرکت و نیرو","قانون دوم نیوتن","محاسبات","متوسط","جسمی با جرم 12 کیلوگرم تحت نیروی خالصی قرار دارد و شتاب آن 11 است. مقدار نیرو چند نیوتن است؟","132","144","121","23","A","طبق F=ma، حاصل 12×11=132 نیوتن است.","ترنم همدلی","original","1405"
"دهم","ریاضی","فیزیک","فیزیک","حرکت و نیرو","قانون دوم نیوتن","محاسبات","متوسط","اگر m=13 kg و a=12 m/s² باشد، مقدار F در رابطه F=ma چند است؟","156","169","144","25","A","طبق F=ma، حاصل 13×12=156 نیوتن است.","ترنم همدلی","original","1405"
"دهم","ریاضی","فیزیک","فیزیک","حرکت و نیرو","قانون دوم نیوتن","محاسبات","متوسط","جرم جسمی 14 کیلوگرم و شتاب آن 1 متر بر مجذور ثانیه است. نیروی خالص چند نیوتن است؟","14","28","13","15","A","طبق F=ma، حاصل 14×1=14 نیوتن است.","ترنم همدلی","original","1405"
"دهم","ریاضی","فیزیک","فیزیک","حرکت و نیرو","قانون دوم نیوتن","محاسبات","آسان","جسمی با جرم 15 کیلوگرم تحت نیروی خالصی قرار دارد و شتاب آن 2 است. مقدار نیرو چند نیوتن است؟","30","45","28","17","A","طبق F=ma، حاصل 15×2=30 نیوتن است.","ترنم همدلی","original","1405"
"دهم","ریاضی","فیزیک","فیزیک","حرکت و نیرو","قانون دوم نیوتن","محاسبات","متوسط","اگر m=16 kg و a=3 m/s² باشد، مقدار F در رابطه F=ma چند است؟","48","64","45","19","A","طبق F=ma، حاصل 16×3=48 نیوتن است.","ترنم همدلی","original","1405"
"دهم","ریاضی","فیزیک","فیزیک","حرکت و نیرو","قانون دوم نیوتن","محاسبات","متوسط","جرم جسمی 17 کیلوگرم و شتاب آن 4 متر بر مجذور ثانیه است. نیروی خالص چند نیوتن است؟","68","85","64","21","A","طبق F=ma، حاصل 17×4=68 نیوتن است.","ترنم همدلی","original","1405"
"دهم","ریاضی","فیزیک","فیزیک","حرکت و نیرو","قانون دوم نیوتن","محاسبات","متوسط","جسمی با جرم 18 کیلوگرم تحت نیروی خالصی قرار دارد و شتاب آن 5 است. مقدار نیرو چند نیوتن است؟","90","108","85","23","A","طبق F=ma، حاصل 18×5=90 نیوتن است.","ترنم همدلی","original","1405"
"دهم","ریاضی","فیزیک","فیزیک","حرکت و نیرو","قانون دوم نیوتن","محاسبات","متوسط","اگر m=19 kg و a=6 m/s² باشد، مقدار F در رابطه F=ma چند است؟","114","133","108","25","A","طبق F=ma، حاصل 19×6=114 نیوتن است.","ترنم همدلی","original","1405"
"دهم","ریاضی","فیزیک","فیزیک","حرکت و نیرو","قانون دوم نیوتن","محاسبات","آسان","جرم جسمی 2 کیلوگرم و شتاب آن 7 متر بر مجذور ثانیه است. نیروی خالص چند نیوتن است؟","14","16","7","9","A","طبق F=ma، حاصل 2×7=14 نیوتن است.","ترنم همدلی","original","1405"
"دهم","ریاضی","فیزیک","فیزیک","حرکت و نیرو","قانون دوم نیوتن","محاسبات","متوسط","جسمی با جرم 3 کیلوگرم تحت نیروی خالصی قرار دارد و شتاب آن 8 است. مقدار نیرو چند نیوتن است؟","24","27","16","11","A","طبق F=ma، حاصل 3×8=24 نیوتن است.","ترنم همدلی","original","1405"
"دهم","ریاضی","فیزیک","فیزیک","حرکت و نیرو","قانون دوم نیوتن","محاسبات","متوسط","اگر m=4 kg و a=9 m/s² باشد، مقدار F در رابطه F=ma چند است؟","36","40","27","13","A","طبق F=ma، حاصل 4×9=36 نیوتن است.","ترنم همدلی","original","1405"
"دهم","ریاضی","فیزیک","فیزیک","حرکت و نیرو","قانون دوم نیوتن","محاسبات","متوسط","جرم جسمی 5 کیلوگرم و شتاب آن 10 متر بر مجذور ثانیه است. نیروی خالص چند نیوتن است؟","50","55","40","15","A","طبق F=ma، حاصل 5×10=50 نیوتن است.","ترنم همدلی","original","1405"
"دهم","ریاضی","فیزیک","فیزیک","حرکت و نیرو","قانون دوم نیوتن","محاسبات","متوسط","جسمی با جرم 6 کیلوگرم تحت نیروی خالصی قرار دارد و شتاب آن 11 است. مقدار نیرو چند نیوتن است؟","66","72","55","17","A","طبق F=ma، حاصل 6×11=66 نیوتن است.","ترنم همدلی","original","1405"
"دهم","ریاضی","فیزیک","فیزیک","حرکت و نیرو","قانون دوم نیوتن","محاسبات","آسان","اگر m=7 kg و a=12 m/s² باشد، مقدار F در رابطه F=ma چند است؟","84","91","72","19","A","طبق F=ma، حاصل 7×12=84 نیوتن است.","ترنم همدلی","original","1405"
"دهم","ریاضی","فیزیک","فیزیک","حرکت و نیرو","قانون دوم نیوتن","محاسبات","متوسط","جرم جسمی 8 کیلوگرم و شتاب آن 1 متر بر مجذور ثانیه است. نیروی خالص چند نیوتن است؟","8","16","7","9","A","طبق F=ma، حاصل 8×1=8 نیوتن است.","ترنم همدلی","original","1405"
"دهم","ریاضی","فیزیک","فیزیک","حرکت و نیرو","قانون دوم نیوتن","محاسبات","متوسط","جسمی با جرم 9 کیلوگرم تحت نیروی خالصی قرار دارد و شتاب آن 2 است. مقدار نیرو چند نیوتن است؟","18","27","16","11","A","طبق F=ma، حاصل 9×2=18 نیوتن است.","ترنم همدلی","original","1405"
"دهم","ریاضی","فیزیک","فیزیک","حرکت و نیرو","قانون دوم نیوتن","محاسبات","متوسط","اگر m=10 kg و a=3 m/s² باشد، مقدار F در رابطه F=ma چند است؟","30","40","27","13","A","طبق F=ma، حاصل 10×3=30 نیوتن است.","ترنم همدلی","original","1405"
"دهم","ریاضی","فیزیک","فیزیک","حرکت و نیرو","قانون دوم نیوتن","محاسبات","متوسط","جرم جسمی 11 کیلوگرم و شتاب آن 4 متر بر مجذور ثانیه است. نیروی خالص چند نیوتن است؟","44","55","40","15","A","طبق F=ma، حاصل 11×4=44 نیوتن است.","ترنم همدلی","original","1405"
"دهم","ریاضی","فیزیک","فیزیک","حرکت و نیرو","قانون دوم نیوتن","محاسبات","آسان","جسمی با جرم 12 کیلوگرم تحت نیروی خالصی قرار دارد و شتاب آن 5 است. مقدار نیرو چند نیوتن است؟","60","72","55","17","A","طبق F=ma، حاصل 12×5=60 نیوتن است.","ترنم همدلی","original","1405"
"دهم","ریاضی","فیزیک","فیزیک","حرکت و نیرو","قانون دوم نیوتن","محاسبات","متوسط","اگر m=13 kg و a=6 m/s² باشد، مقدار F در رابطه F=ma چند است؟","78","91","72","19","A","طبق F=ma، حاصل 13×6=78 نیوتن است.","ترنم همدلی","original","1405"
"دهم","ریاضی","فیزیک","فیزیک","حرکت و نیرو","قانون دوم نیوتن","محاسبات","متوسط","جرم جسمی 14 کیلوگرم و شتاب آن 7 متر بر مجذور ثانیه است. نیروی خالص چند نیوتن است؟","98","112","91","21","A","طبق F=ma، حاصل 14×7=98 نیوتن است.","ترنم همدلی","original","1405"
"دهم","ریاضی","فیزیک","فیزیک","حرکت و نیرو","قانون دوم نیوتن","محاسبات","متوسط","جسمی با جرم 15 کیلوگرم تحت نیروی خالصی قرار دارد و شتاب آن 8 است. مقدار نیرو چند نیوتن است؟","120","135","112","23","A","طبق F=ma، حاصل 15×8=120 نیوتن است.","ترنم همدلی","original","1405"
"دهم","ریاضی","فیزیک","فیزیک","حرکت و نیرو","قانون دوم نیوتن","محاسبات","متوسط","اگر m=16 kg و a=9 m/s² باشد، مقدار F در رابطه F=ma چند است؟","144","160","135","25","A","طبق F=ma، حاصل 16×9=144 نیوتن است.","ترنم همدلی","original","1405"
"دهم","ریاضی","فیزیک","فیزیک","حرکت و نیرو","قانون دوم نیوتن","محاسبات","آسان","جرم جسمی 17 کیلوگرم و شتاب آن 10 متر بر مجذور ثانیه است. نیروی خالص چند نیوتن است؟","170","187","160","27","A","طبق F=ma، حاصل 17×10=170 نیوتن است.","ترنم همدلی","original","1405"
"دهم","ریاضی","فیزیک","فیزیک","حرکت و نیرو","قانون دوم نیوتن","محاسبات","متوسط","جسمی با جرم 18 کیلوگرم تحت نیروی خالصی قرار دارد و شتاب آن 11 است. مقدار نیرو چند نیوتن است؟","198","216","187","29","A","طبق F=ma، حاصل 18×11=198 نیوتن است.","ترنم همدلی","original","1405"
"دهم","ریاضی","فیزیک","فیزیک","حرکت و نیرو","قانون دوم نیوتن","محاسبات","متوسط","اگر m=19 kg و a=12 m/s² باشد، مقدار F در رابطه F=ma چند است؟","228","247","216","31","A","طبق F=ma، حاصل 19×12=228 نیوتن است.","ترنم همدلی","original","1405"
"دهم","ریاضی","فیزیک","فیزیک","حرکت و نیرو","قانون دوم نیوتن","محاسبات","متوسط","جرم جسمی 2 کیلوگرم و شتاب آن 1 متر بر مجذور ثانیه است. نیروی خالص چند نیوتن است؟","2","4","1","3","A","طبق F=ma، حاصل 2×1=2 نیوتن است.","ترنم همدلی","original","1405"
"دهم","ریاضی","فیزیک","فیزیک","حرکت و نیرو","قانون دوم نیوتن","محاسبات","متوسط","جسمی با جرم 3 کیلوگرم تحت نیروی خالصی قرار دارد و شتاب آن 2 است. مقدار نیرو چند نیوتن است؟","6","9","4","5","A","طبق F=ma، حاصل 3×2=6 نیوتن است.","ترنم همدلی","original","1405"
"دهم","ریاضی","فیزیک","فیزیک","حرکت و نیرو","قانون دوم نیوتن","محاسبات","آسان","اگر m=4 kg و a=3 m/s² باشد، مقدار F در رابطه F=ma چند است؟","12","16","9","7","A","طبق F=ma، حاصل 4×3=12 نیوتن است.","ترنم همدلی","original","1405"
"دهم","ریاضی","فیزیک","فیزیک","حرکت و نیرو","قانون دوم نیوتن","محاسبات","متوسط","جرم جسمی 5 کیلوگرم و شتاب آن 4 متر بر مجذور ثانیه است. نیروی خالص چند نیوتن است؟","20","25","16","9","A","طبق F=ma، حاصل 5×4=20 نیوتن است.","ترنم همدلی","original","1405"
"دهم","ریاضی","فیزیک","فیزیک","حرکت و نیرو","قانون دوم نیوتن","محاسبات","متوسط","جسمی با جرم 6 کیلوگرم تحت نیروی خالصی قرار دارد و شتاب آن 5 است. مقدار نیرو چند نیوتن است؟","30","36","25","11","A","طبق F=ma، حاصل 6×5=30 نیوتن است.","ترنم همدلی","original","1405"
"دهم","ریاضی","فیزیک","فیزیک","حرکت و نیرو","قانون دوم نیوتن","محاسبات","متوسط","اگر m=7 kg و a=6 m/s² باشد، مقدار F در رابطه F=ma چند است؟","42","49","36","13","A","طبق F=ma، حاصل 7×6=42 نیوتن است.","ترنم همدلی","original","1405"
"دهم","ریاضی","فیزیک","فیزیک","حرکت و نیرو","قانون دوم نیوتن","محاسبات","متوسط","جرم جسمی 8 کیلوگرم و شتاب آن 7 متر بر مجذور ثانیه است. نیروی خالص چند نیوتن است؟","56","64","49","15","A","طبق F=ma، حاصل 8×7=56 نیوتن است.","ترنم همدلی","original","1405"
"دهم","ریاضی","فیزیک","فیزیک","حرکت و نیرو","قانون دوم نیوتن","محاسبات","آسان","جسمی با جرم 9 کیلوگرم تحت نیروی خالصی قرار دارد و شتاب آن 8 است. مقدار نیرو چند نیوتن است؟","72","81","64","17","A","طبق F=ma، حاصل 9×8=72 نیوتن است.","ترنم همدلی","original","1405"
"دهم","ریاضی","فیزیک","فیزیک","حرکت و نیرو","قانون دوم نیوتن","محاسبات","متوسط","اگر m=10 kg و a=9 m/s² باشد، مقدار F در رابطه F=ma چند است؟","90","100","81","19","A","طبق F=ma، حاصل 10×9=90 نیوتن است.","ترنم همدلی","original","1405"
"دهم","ریاضی","فیزیک","فیزیک","حرکت و نیرو","قانون دوم نیوتن","محاسبات","متوسط","جرم جسمی 11 کیلوگرم و شتاب آن 10 متر بر مجذور ثانیه است. نیروی خالص چند نیوتن است؟","110","121","100","21","A","طبق F=ma، حاصل 11×10=110 نیوتن است.","ترنم همدلی","original","1405"
"دهم","ریاضی","فیزیک","فیزیک","حرکت و نیرو","قانون دوم نیوتن","محاسبات","متوسط","جسمی با جرم 12 کیلوگرم تحت نیروی خالصی قرار دارد و شتاب آن 11 است. مقدار نیرو چند نیوتن است؟","132","144","121","23","A","طبق F=ma، حاصل 12×11=132 نیوتن است.","ترنم همدلی","original","1405"
"دهم","ریاضی","فیزیک","فیزیک","حرکت و نیرو","قانون دوم نیوتن","محاسبات","متوسط","اگر m=13 kg و a=12 m/s² باشد، مقدار F در رابطه F=ma چند است؟","156","169","144","25","A","طبق F=ma، حاصل 13×12=156 نیوتن است.","ترنم همدلی","original","1405"
"دهم","ریاضی","فیزیک","فیزیک","حرکت و نیرو","قانون دوم نیوتن","محاسبات","آسان","جرم جسمی 14 کیلوگرم و شتاب آن 1 متر بر مجذور ثانیه است. نیروی خالص چند نیوتن است؟","14","28","13","15","A","طبق F=ma، حاصل 14×1=14 نیوتن است.","ترنم همدلی","original","1405"
"دهم","ریاضی","فیزیک","فیزیک","حرکت و نیرو","قانون دوم نیوتن","محاسبات","متوسط","جسمی با جرم 15 کیلوگرم تحت نیروی خالصی قرار دارد و شتاب آن 2 است. مقدار نیرو چند نیوتن است؟","30","45","28","17","A","طبق F=ma، حاصل 15×2=30 نیوتن است.","ترنم همدلی","original","1405"
"دهم","ریاضی","فیزیک","فیزیک","حرکت و نیرو","قانون دوم نیوتن","محاسبات","متوسط","اگر m=16 kg و a=3 m/s² باشد، مقدار F در رابطه F=ma چند است؟","48","64","45","19","A","طبق F=ma، حاصل 16×3=48 نیوتن است.","ترنم همدلی","original","1405"
"دهم","ریاضی","فیزیک","فیزیک","حرکت و نیرو","قانون دوم نیوتن","محاسبات","متوسط","جرم جسمی 17 کیلوگرم و شتاب آن 4 متر بر مجذور ثانیه است. نیروی خالص چند نیوتن است؟","68","85","64","21","A","طبق F=ma، حاصل 17×4=68 نیوتن است.","ترنم همدلی","original","1405"
"دهم","ریاضی","فیزیک","فیزیک","حرکت و نیرو","قانون دوم نیوتن","محاسبات","متوسط","جسمی با جرم 18 کیلوگرم تحت نیروی خالصی قرار دارد و شتاب آن 5 است. مقدار نیرو چند نیوتن است؟","90","108","85","23","A","طبق F=ma، حاصل 18×5=90 نیوتن است.","ترنم همدلی","original","1405"
"دهم","ریاضی","فیزیک","فیزیک","حرکت و نیرو","قانون دوم نیوتن","محاسبات","آسان","اگر m=19 kg و a=6 m/s² باشد، مقدار F در رابطه F=ma چند است؟","114","133","108","25","A","طبق F=ma، حاصل 19×6=114 نیوتن است.","ترنم همدلی","original","1405"
"دهم","ریاضی","فیزیک","فیزیک","حرکت و نیرو","قانون دوم نیوتن","محاسبات","متوسط","جرم جسمی 2 کیلوگرم و شتاب آن 7 متر بر مجذور ثانیه است. نیروی خالص چند نیوتن است؟","14","16","7","9","A","طبق F=ma، حاصل 2×7=14 نیوتن است.","ترنم همدلی","original","1405"
"دهم","ریاضی","فیزیک","فیزیک","حرکت و نیرو","قانون دوم نیوتن","محاسبات","متوسط","جسمی با جرم 3 کیلوگرم تحت نیروی خالصی قرار دارد و شتاب آن 8 است. مقدار نیرو چند نیوتن است؟","24","27","16","11","A","طبق F=ma، حاصل 3×8=24 نیوتن است.","ترنم همدلی","original","1405"
"دهم","ریاضی","فیزیک","فیزیک","حرکت و نیرو","قانون دوم نیوتن","محاسبات","متوسط","اگر m=4 kg و a=9 m/s² باشد، مقدار F در رابطه F=ma چند است؟","36","40","27","13","A","طبق F=ma، حاصل 4×9=36 نیوتن است.","ترنم همدلی","original","1405"
"دهم","ریاضی","فیزیک","فیزیک","حرکت و نیرو","قانون دوم نیوتن","محاسبات","متوسط","جرم جسمی 5 کیلوگرم و شتاب آن 10 متر بر مجذور ثانیه است. نیروی خالص چند نیوتن است؟","50","55","40","15","A","طبق F=ma، حاصل 5×10=50 نیوتن است.","ترنم همدلی","original","1405"
"دهم","ریاضی","فیزیک","فیزیک","حرکت و نیرو","قانون دوم نیوتن","محاسبات","آسان","جسمی با جرم 6 کیلوگرم تحت نیروی خالصی قرار دارد و شتاب آن 11 است. مقدار نیرو چند نیوتن است؟","66","72","55","17","A","طبق F=ma، حاصل 6×11=66 نیوتن است.","ترنم همدلی","original","1405"
"دهم","ریاضی","فیزیک","فیزیک","حرکت و نیرو","قانون دوم نیوتن","محاسبات","متوسط","اگر m=7 kg و a=12 m/s² باشد، مقدار F در رابطه F=ma چند است؟","84","91","72","19","A","طبق F=ma، حاصل 7×12=84 نیوتن است.","ترنم همدلی","original","1405"
"دهم","ریاضی","فیزیک","فیزیک","حرکت و نیرو","قانون دوم نیوتن","محاسبات","متوسط","جرم جسمی 8 کیلوگرم و شتاب آن 1 متر بر مجذور ثانیه است. نیروی خالص چند نیوتن است؟","8","16","7","9","A","طبق F=ma، حاصل 8×1=8 نیوتن است.","ترنم همدلی","original","1405"
"دهم","ریاضی","فیزیک","فیزیک","حرکت و نیرو","قانون دوم نیوتن","محاسبات","متوسط","جسمی با جرم 9 کیلوگرم تحت نیروی خالصی قرار دارد و شتاب آن 2 است. مقدار نیرو چند نیوتن است؟","18","27","16","11","A","طبق F=ma، حاصل 9×2=18 نیوتن است.","ترنم همدلی","original","1405"
"دهم","ریاضی","فیزیک","فیزیک","حرکت و نیرو","قانون دوم نیوتن","محاسبات","متوسط","اگر m=10 kg و a=3 m/s² باشد، مقدار F در رابطه F=ma چند است؟","30","40","27","13","A","طبق F=ma، حاصل 10×3=30 نیوتن است.","ترنم همدلی","original","1405"
"دهم","ریاضی","فیزیک","فیزیک","حرکت و نیرو","قانون دوم نیوتن","محاسبات","آسان","جرم جسمی 11 کیلوگرم و شتاب آن 4 متر بر مجذور ثانیه است. نیروی خالص چند نیوتن است؟","44","55","40","15","A","طبق F=ma، حاصل 11×4=44 نیوتن است.","ترنم همدلی","original","1405"
"دهم","ریاضی","فیزیک","فیزیک","حرکت و نیرو","قانون دوم نیوتن","محاسبات","متوسط","جسمی با جرم 12 کیلوگرم تحت نیروی خالصی قرار دارد و شتاب آن 5 است. مقدار نیرو چند نیوتن است؟","60","72","55","17","A","طبق F=ma، حاصل 12×5=60 نیوتن است.","ترنم همدلی","original","1405"
"دهم","ریاضی","فیزیک","فیزیک","حرکت و نیرو","قانون دوم نیوتن","محاسبات","متوسط","اگر m=13 kg و a=6 m/s² باشد، مقدار F در رابطه F=ma چند است؟","78","91","72","19","A","طبق F=ma، حاصل 13×6=78 نیوتن است.","ترنم همدلی","original","1405"
"دهم","ریاضی","فیزیک","فیزیک","حرکت و نیرو","قانون دوم نیوتن","محاسبات","متوسط","جرم جسمی 14 کیلوگرم و شتاب آن 7 متر بر مجذور ثانیه است. نیروی خالص چند نیوتن است؟","98","112","91","21","A","طبق F=ma، حاصل 14×7=98 نیوتن است.","ترنم همدلی","original","1405"
"دهم","ریاضی","فیزیک","فیزیک","حرکت و نیرو","قانون دوم نیوتن","محاسبات","متوسط","جسمی با جرم 15 کیلوگرم تحت نیروی خالصی قرار دارد و شتاب آن 8 است. مقدار نیرو چند نیوتن است؟","120","135","112","23","A","طبق F=ma، حاصل 15×8=120 نیوتن است.","ترنم همدلی","original","1405"
"دهم","ریاضی","فیزیک","فیزیک","حرکت و نیرو","قانون دوم نیوتن","محاسبات","آسان","اگر m=16 kg و a=9 m/s² باشد، مقدار F در رابطه F=ma چند است؟","144","160","135","25","A","طبق F=ma، حاصل 16×9=144 نیوتن است.","ترنم همدلی","original","1405"
"دهم","ریاضی","فیزیک","فیزیک","حرکت و نیرو","قانون دوم نیوتن","محاسبات","متوسط","جرم جسمی 17 کیلوگرم و شتاب آن 10 متر بر مجذور ثانیه است. نیروی خالص چند نیوتن است؟","170","187","160","27","A","طبق F=ma، حاصل 17×10=170 نیوتن است.","ترنم همدلی","original","1405"
"دهم","ریاضی","فیزیک","فیزیک","حرکت و نیرو","قانون دوم نیوتن","محاسبات","متوسط","جسمی با جرم 18 کیلوگرم تحت نیروی خالصی قرار دارد و شتاب آن 11 است. مقدار نیرو چند نیوتن است؟","198","216","187","29","A","طبق F=ma، حاصل 18×11=198 نیوتن است.","ترنم همدلی","original","1405"
"دهم","ریاضی","فیزیک","فیزیک","حرکت و نیرو","قانون دوم نیوتن","محاسبات","متوسط","اگر m=19 kg و a=12 m/s² باشد، مقدار F در رابطه F=ma چند است؟","228","247","216","31","A","طبق F=ma، حاصل 19×12=228 نیوتن است.","ترنم همدلی","original","1405"
"دهم","ریاضی","فیزیک","فیزیک","حرکت و نیرو","قانون دوم نیوتن","محاسبات","متوسط","جرم جسمی 2 کیلوگرم و شتاب آن 1 متر بر مجذور ثانیه است. نیروی خالص چند نیوتن است؟","2","4","1","3","A","طبق F=ma، حاصل 2×1=2 نیوتن است.","ترنم همدلی","original","1405"
"دهم","ریاضی","فیزیک","فیزیک","حرکت و نیرو","قانون دوم نیوتن","محاسبات","آسان","جسمی با جرم 3 کیلوگرم تحت نیروی خالصی قرار دارد و شتاب آن 2 است. مقدار نیرو چند نیوتن است؟","6","9","4","5","A","طبق F=ma، حاصل 3×2=6 نیوتن است.","ترنم همدلی","original","1405"
"دهم","ریاضی","فیزیک","فیزیک","حرکت و نیرو","قانون دوم نیوتن","محاسبات","متوسط","اگر m=4 kg و a=3 m/s² باشد، مقدار F در رابطه F=ma چند است؟","12","16","9","7","A","طبق F=ma، حاصل 4×3=12 نیوتن است.","ترنم همدلی","original","1405"
"دهم","ریاضی","فیزیک","فیزیک","حرکت و نیرو","قانون دوم نیوتن","محاسبات","متوسط","جرم جسمی 5 کیلوگرم و شتاب آن 4 متر بر مجذور ثانیه است. نیروی خالص چند نیوتن است؟","20","25","16","9","A","طبق F=ma، حاصل 5×4=20 نیوتن است.","ترنم همدلی","original","1405"
"دهم","ریاضی","فیزیک","فیزیک","حرکت و نیرو","قانون دوم نیوتن","محاسبات","متوسط","جسمی با جرم 6 کیلوگرم تحت نیروی خالصی قرار دارد و شتاب آن 5 است. مقدار نیرو چند نیوتن است؟","30","36","25","11","A","طبق F=ma، حاصل 6×5=30 نیوتن است.","ترنم همدلی","original","1405"
"دهم","ریاضی","فیزیک","فیزیک","حرکت و نیرو","قانون دوم نیوتن","محاسبات","متوسط","اگر m=7 kg و a=6 m/s² باشد، مقدار F در رابطه F=ma چند است؟","42","49","36","13","A","طبق F=ma، حاصل 7×6=42 نیوتن است.","ترنم همدلی","original","1405"
"دهم","ریاضی","فیزیک","فیزیک","حرکت و نیرو","قانون دوم نیوتن","محاسبات","آسان","جرم جسمی 8 کیلوگرم و شتاب آن 7 متر بر مجذور ثانیه است. نیروی خالص چند نیوتن است؟","56","64","49","15","A","طبق F=ma، حاصل 8×7=56 نیوتن است.","ترنم همدلی","original","1405"
"دهم","ریاضی","فیزیک","فیزیک","حرکت و نیرو","قانون دوم نیوتن","محاسبات","متوسط","جسمی با جرم 9 کیلوگرم تحت نیروی خالصی قرار دارد و شتاب آن 8 است. مقدار نیرو چند نیوتن است؟","72","81","64","17","A","طبق F=ma، حاصل 9×8=72 نیوتن است.","ترنم همدلی","original","1405"
"دهم","ریاضی","فیزیک","فیزیک","حرکت و نیرو","قانون دوم نیوتن","محاسبات","متوسط","اگر m=10 kg و a=9 m/s² باشد، مقدار F در رابطه F=ma چند است؟","90","100","81","19","A","طبق F=ma، حاصل 10×9=90 نیوتن است.","ترنم همدلی","original","1405"
"دهم","ریاضی","فیزیک","فیزیک","حرکت و نیرو","قانون دوم نیوتن","محاسبات","متوسط","جرم جسمی 11 کیلوگرم و شتاب آن 10 متر بر مجذور ثانیه است. نیروی خالص چند نیوتن است؟","110","121","100","21","A","طبق F=ma، حاصل 11×10=110 نیوتن است.","ترنم همدلی","original","1405"
"دهم","ریاضی","فیزیک","فیزیک","حرکت و نیرو","قانون دوم نیوتن","محاسبات","متوسط","جسمی با جرم 12 کیلوگرم تحت نیروی خالصی قرار دارد و شتاب آن 11 است. مقدار نیرو چند نیوتن است؟","132","144","121","23","A","طبق F=ma، حاصل 12×11=132 نیوتن است.","ترنم همدلی","original","1405"
"دهم","ریاضی","فیزیک","فیزیک","حرکت و نیرو","قانون دوم نیوتن","محاسبات","آسان","اگر m=13 kg و a=12 m/s² باشد، مقدار F در رابطه F=ma چند است؟","156","169","144","25","A","طبق F=ma، حاصل 13×12=156 نیوتن است.","ترنم همدلی","original","1405"
"دهم","ریاضی","فیزیک","فیزیک","حرکت و نیرو","قانون دوم نیوتن","محاسبات","متوسط","جرم جسمی 14 کیلوگرم و شتاب آن 1 متر بر مجذور ثانیه است. نیروی خالص چند نیوتن است؟","14","28","13","15","A","طبق F=ma، حاصل 14×1=14 نیوتن است.","ترنم همدلی","original","1405"
"دهم","ریاضی","فیزیک","فیزیک","حرکت و نیرو","قانون دوم نیوتن","محاسبات","متوسط","جسمی با جرم 15 کیلوگرم تحت نیروی خالصی قرار دارد و شتاب آن 2 است. مقدار نیرو چند نیوتن است؟","30","45","28","17","A","طبق F=ma، حاصل 15×2=30 نیوتن است.","ترنم همدلی","original","1405"
"دهم","ریاضی","فیزیک","فیزیک","حرکت و نیرو","قانون دوم نیوتن","محاسبات","متوسط","اگر m=16 kg و a=3 m/s² باشد، مقدار F در رابطه F=ma چند است؟","48","64","45","19","A","طبق F=ma، حاصل 16×3=48 نیوتن است.","ترنم همدلی","original","1405"
"دهم","ریاضی","فیزیک","فیزیک","حرکت و نیرو","قانون دوم نیوتن","محاسبات","متوسط","جرم جسمی 17 کیلوگرم و شتاب آن 4 متر بر مجذور ثانیه است. نیروی خالص چند نیوتن است؟","68","85","64","21","A","طبق F=ma، حاصل 17×4=68 نیوتن است.","ترنم همدلی","original","1405"
"دهم","ریاضی","فیزیک","فیزیک","حرکت و نیرو","قانون دوم نیوتن","محاسبات","آسان","جسمی با جرم 18 کیلوگرم تحت نیروی خالصی قرار دارد و شتاب آن 5 است. مقدار نیرو چند نیوتن است؟","90","108","85","23","A","طبق F=ma، حاصل 18×5=90 نیوتن است.","ترنم همدلی","original","1405"
"دهم","ریاضی","فیزیک","فیزیک","حرکت و نیرو","قانون دوم نیوتن","محاسبات","متوسط","اگر m=19 kg و a=6 m/s² باشد، مقدار F در رابطه F=ma چند است؟","114","133","108","25","A","طبق F=ma، حاصل 19×6=114 نیوتن است.","ترنم همدلی","original","1405"
"دهم","ریاضی","فیزیک","فیزیک","حرکت و نیرو","قانون دوم نیوتن","محاسبات","متوسط","جرم جسمی 2 کیلوگرم و شتاب آن 7 متر بر مجذور ثانیه است. نیروی خالص چند نیوتن است؟","14","16","7","9","A","طبق F=ma، حاصل 2×7=14 نیوتن است.","ترنم همدلی","original","1405"
"دهم","ریاضی","فیزیک","فیزیک","حرکت و نیرو","قانون دوم نیوتن","محاسبات","متوسط","جسمی با جرم 3 کیلوگرم تحت نیروی خالصی قرار دارد و شتاب آن 8 است. مقدار نیرو چند نیوتن است؟","24","27","16","11","A","طبق F=ma، حاصل 3×8=24 نیوتن است.","ترنم همدلی","original","1405"
"دهم","ریاضی","فیزیک","فیزیک","حرکت و نیرو","قانون دوم نیوتن","محاسبات","متوسط","اگر m=4 kg و a=9 m/s² باشد، مقدار F در رابطه F=ma چند است؟","36","40","27","13","A","طبق F=ma، حاصل 4×9=36 نیوتن است.","ترنم همدلی","original","1405"
"دهم","ریاضی","فیزیک","فیزیک","حرکت و نیرو","قانون دوم نیوتن","محاسبات","آسان","جرم جسمی 5 کیلوگرم و شتاب آن 10 متر بر مجذور ثانیه است. نیروی خالص چند نیوتن است؟","50","55","40","15","A","طبق F=ma، حاصل 5×10=50 نیوتن است.","ترنم همدلی","original","1405"
"دهم","ریاضی","فیزیک","فیزیک","حرکت و نیرو","قانون دوم نیوتن","محاسبات","متوسط","جسمی با جرم 6 کیلوگرم تحت نیروی خالصی قرار دارد و شتاب آن 11 است. مقدار نیرو چند نیوتن است؟","66","72","55","17","A","طبق F=ma، حاصل 6×11=66 نیوتن است.","ترنم همدلی","original","1405"
"دهم","ریاضی","فیزیک","فیزیک","حرکت و نیرو","قانون دوم نیوتن","محاسبات","متوسط","اگر m=7 kg و a=12 m/s² باشد، مقدار F در رابطه F=ma چند است؟","84","91","72","19","A","طبق F=ma، حاصل 7×12=84 نیوتن است.","ترنم همدلی","original","1405"
"دهم","ریاضی","فیزیک","فیزیک","حرکت و نیرو","قانون دوم نیوتن","محاسبات","متوسط","جرم جسمی 8 کیلوگرم و شتاب آن 1 متر بر مجذور ثانیه است. نیروی خالص چند نیوتن است؟","8","16","7","9","A","طبق F=ma، حاصل 8×1=8 نیوتن است.","ترنم همدلی","original","1405"
"دهم","ریاضی","فیزیک","فیزیک","حرکت و نیرو","قانون دوم نیوتن","محاسبات","متوسط","جسمی با جرم 9 کیلوگرم تحت نیروی خالصی قرار دارد و شتاب آن 2 است. مقدار نیرو چند نیوتن است؟","18","27","16","11","A","طبق F=ma، حاصل 9×2=18 نیوتن است.","ترنم همدلی","original","1405"
"دهم","ریاضی","فیزیک","فیزیک","حرکت و نیرو","قانون دوم نیوتن","محاسبات","آسان","اگر m=10 kg و a=3 m/s² باشد، مقدار F در رابطه F=ma چند است؟","30","40","27","13","A","طبق F=ma، حاصل 10×3=30 نیوتن است.","ترنم همدلی","original","1405"
"دهم","ریاضی","فیزیک","فیزیک","حرکت و نیرو","قانون دوم نیوتن","محاسبات","متوسط","جرم جسمی 11 کیلوگرم و شتاب آن 4 متر بر مجذور ثانیه است. نیروی خالص چند نیوتن است؟","44","55","40","15","A","طبق F=ma، حاصل 11×4=44 نیوتن است.","ترنم همدلی","original","1405"
"دهم","ریاضی","فیزیک","فیزیک","حرکت و نیرو","قانون دوم نیوتن","محاسبات","متوسط","جسمی با جرم 12 کیلوگرم تحت نیروی خالصی قرار دارد و شتاب آن 5 است. مقدار نیرو چند نیوتن است؟","60","72","55","17","A","طبق F=ma، حاصل 12×5=60 نیوتن است.","ترنم همدلی","original","1405"
"دهم","ریاضی","فیزیک","فیزیک","حرکت و نیرو","قانون دوم نیوتن","محاسبات","متوسط","اگر m=13 kg و a=6 m/s² باشد، مقدار F در رابطه F=ma چند است؟","78","91","72","19","A","طبق F=ma، حاصل 13×6=78 نیوتن است.","ترنم همدلی","original","1405"
"دهم","ریاضی","فیزیک","فیزیک","حرکت و نیرو","قانون دوم نیوتن","محاسبات","متوسط","جرم جسمی 14 کیلوگرم و شتاب آن 7 متر بر مجذور ثانیه است. نیروی خالص چند نیوتن است؟","98","112","91","21","A","طبق F=ma، حاصل 14×7=98 نیوتن است.","ترنم همدلی","original","1405"
"دهم","ریاضی","فیزیک","فیزیک","حرکت و نیرو","قانون دوم نیوتن","محاسبات","آسان","جسمی با جرم 15 کیلوگرم تحت نیروی خالصی قرار دارد و شتاب آن 8 است. مقدار نیرو چند نیوتن است؟","120","135","112","23","A","طبق F=ma، حاصل 15×8=120 نیوتن است.","ترنم همدلی","original","1405"
"دهم","ریاضی","فیزیک","فیزیک","حرکت و نیرو","قانون دوم نیوتن","محاسبات","متوسط","اگر m=16 kg و a=9 m/s² باشد، مقدار F در رابطه F=ma چند است؟","144","160","135","25","A","طبق F=ma، حاصل 16×9=144 نیوتن است.","ترنم همدلی","original","1405"
"دهم","ریاضی","فیزیک","فیزیک","حرکت و نیرو","قانون دوم نیوتن","محاسبات","متوسط","جرم جسمی 17 کیلوگرم و شتاب آن 10 متر بر مجذور ثانیه است. نیروی خالص چند نیوتن است؟","170","187","160","27","A","طبق F=ma، حاصل 17×10=170 نیوتن است.","ترنم همدلی","original","1405"
"دهم","ریاضی","فیزیک","فیزیک","حرکت و نیرو","قانون دوم نیوتن","محاسبات","متوسط","جسمی با جرم 18 کیلوگرم تحت نیروی خالصی قرار دارد و شتاب آن 11 است. مقدار نیرو چند نیوتن است؟","198","216","187","29","A","طبق F=ma، حاصل 18×11=198 نیوتن است.","ترنم همدلی","original","1405"
"دهم","ریاضی","فیزیک","فیزیک","حرکت و نیرو","قانون دوم نیوتن","محاسبات","متوسط","اگر m=19 kg و a=12 m/s² باشد، مقدار F در رابطه F=ma چند است؟","228","247","216","31","A","طبق F=ma، حاصل 19×12=228 نیوتن است.","ترنم همدلی","original","1405"
"یازدهم","ریاضی","فیزیک","فیزیک","حرکت و نیرو","قانون دوم نیوتن","محاسبات","آسان","جرم جسمی 2 کیلوگرم و شتاب آن 1 متر بر مجذور ثانیه است. نیروی خالص چند نیوتن است؟","2","4","1","3","A","طبق F=ma، حاصل 2×1=2 نیوتن است.","ترنم همدلی","original","1405"
"یازدهم","ریاضی","فیزیک","فیزیک","حرکت و نیرو","قانون دوم نیوتن","محاسبات","متوسط","جسمی با جرم 3 کیلوگرم تحت نیروی خالصی قرار دارد و شتاب آن 2 است. مقدار نیرو چند نیوتن است؟","6","9","4","5","A","طبق F=ma، حاصل 3×2=6 نیوتن است.","ترنم همدلی","original","1405"
"یازدهم","ریاضی","فیزیک","فیزیک","حرکت و نیرو","قانون دوم نیوتن","محاسبات","متوسط","اگر m=4 kg و a=3 m/s² باشد، مقدار F در رابطه F=ma چند است؟","12","16","9","7","A","طبق F=ma، حاصل 4×3=12 نیوتن است.","ترنم همدلی","original","1405"
"یازدهم","ریاضی","فیزیک","فیزیک","حرکت و نیرو","قانون دوم نیوتن","محاسبات","متوسط","جرم جسمی 5 کیلوگرم و شتاب آن 4 متر بر مجذور ثانیه است. نیروی خالص چند نیوتن است؟","20","25","16","9","A","طبق F=ma، حاصل 5×4=20 نیوتن است.","ترنم همدلی","original","1405"
"یازدهم","ریاضی","فیزیک","فیزیک","حرکت و نیرو","قانون دوم نیوتن","محاسبات","متوسط","جسمی با جرم 6 کیلوگرم تحت نیروی خالصی قرار دارد و شتاب آن 5 است. مقدار نیرو چند نیوتن است؟","30","36","25","11","A","طبق F=ma، حاصل 6×5=30 نیوتن است.","ترنم همدلی","original","1405"
"یازدهم","ریاضی","فیزیک","فیزیک","حرکت و نیرو","قانون دوم نیوتن","محاسبات","آسان","اگر m=7 kg و a=6 m/s² باشد، مقدار F در رابطه F=ma چند است؟","42","49","36","13","A","طبق F=ma، حاصل 7×6=42 نیوتن است.","ترنم همدلی","original","1405"
"یازدهم","ریاضی","فیزیک","فیزیک","حرکت و نیرو","قانون دوم نیوتن","محاسبات","متوسط","جرم جسمی 8 کیلوگرم و شتاب آن 7 متر بر مجذور ثانیه است. نیروی خالص چند نیوتن است؟","56","64","49","15","A","طبق F=ma، حاصل 8×7=56 نیوتن است.","ترنم همدلی","original","1405"
"یازدهم","ریاضی","فیزیک","فیزیک","حرکت و نیرو","قانون دوم نیوتن","محاسبات","متوسط","جسمی با جرم 9 کیلوگرم تحت نیروی خالصی قرار دارد و شتاب آن 8 است. مقدار نیرو چند نیوتن است؟","72","81","64","17","A","طبق F=ma، حاصل 9×8=72 نیوتن است.","ترنم همدلی","original","1405"
"یازدهم","ریاضی","فیزیک","فیزیک","حرکت و نیرو","قانون دوم نیوتن","محاسبات","متوسط","اگر m=10 kg و a=9 m/s² باشد، مقدار F در رابطه F=ma چند است؟","90","100","81","19","A","طبق F=ma، حاصل 10×9=90 نیوتن است.","ترنم همدلی","original","1405"
"یازدهم","ریاضی","فیزیک","فیزیک","حرکت و نیرو","قانون دوم نیوتن","محاسبات","متوسط","جرم جسمی 11 کیلوگرم و شتاب آن 10 متر بر مجذور ثانیه است. نیروی خالص چند نیوتن است؟","110","121","100","21","A","طبق F=ma، حاصل 11×10=110 نیوتن است.","ترنم همدلی","original","1405"
"یازدهم","ریاضی","فیزیک","فیزیک","حرکت و نیرو","قانون دوم نیوتن","محاسبات","آسان","جسمی با جرم 12 کیلوگرم تحت نیروی خالصی قرار دارد و شتاب آن 11 است. مقدار نیرو چند نیوتن است؟","132","144","121","23","A","طبق F=ma، حاصل 12×11=132 نیوتن است.","ترنم همدلی","original","1405"
"یازدهم","ریاضی","فیزیک","فیزیک","حرکت و نیرو","قانون دوم نیوتن","محاسبات","متوسط","اگر m=13 kg و a=12 m/s² باشد، مقدار F در رابطه F=ma چند است؟","156","169","144","25","A","طبق F=ma، حاصل 13×12=156 نیوتن است.","ترنم همدلی","original","1405"
"یازدهم","ریاضی","فیزیک","فیزیک","حرکت و نیرو","قانون دوم نیوتن","محاسبات","متوسط","جرم جسمی 14 کیلوگرم و شتاب آن 1 متر بر مجذور ثانیه است. نیروی خالص چند نیوتن است؟","14","28","13","15","A","طبق F=ma، حاصل 14×1=14 نیوتن است.","ترنم همدلی","original","1405"
"یازدهم","ریاضی","فیزیک","فیزیک","حرکت و نیرو","قانون دوم نیوتن","محاسبات","متوسط","جسمی با جرم 15 کیلوگرم تحت نیروی خالصی قرار دارد و شتاب آن 2 است. مقدار نیرو چند نیوتن است؟","30","45","28","17","A","طبق F=ma، حاصل 15×2=30 نیوتن است.","ترنم همدلی","original","1405"
"یازدهم","ریاضی","فیزیک","فیزیک","حرکت و نیرو","قانون دوم نیوتن","محاسبات","متوسط","اگر m=16 kg و a=3 m/s² باشد، مقدار F در رابطه F=ma چند است؟","48","64","45","19","A","طبق F=ma، حاصل 16×3=48 نیوتن است.","ترنم همدلی","original","1405"
"یازدهم","ریاضی","فیزیک","فیزیک","حرکت و نیرو","قانون دوم نیوتن","محاسبات","آسان","جرم جسمی 17 کیلوگرم و شتاب آن 4 متر بر مجذور ثانیه است. نیروی خالص چند نیوتن است؟","68","85","64","21","A","طبق F=ma، حاصل 17×4=68 نیوتن است.","ترنم همدلی","original","1405"
"یازدهم","ریاضی","فیزیک","فیزیک","حرکت و نیرو","قانون دوم نیوتن","محاسبات","متوسط","جسمی با جرم 18 کیلوگرم تحت نیروی خالصی قرار دارد و شتاب آن 5 است. مقدار نیرو چند نیوتن است؟","90","108","85","23","A","طبق F=ma، حاصل 18×5=90 نیوتن است.","ترنم همدلی","original","1405"
"یازدهم","ریاضی","فیزیک","فیزیک","حرکت و نیرو","قانون دوم نیوتن","محاسبات","متوسط","اگر m=19 kg و a=6 m/s² باشد، مقدار F در رابطه F=ma چند است؟","114","133","108","25","A","طبق F=ma، حاصل 19×6=114 نیوتن است.","ترنم همدلی","original","1405"
"یازدهم","ریاضی","فیزیک","فیزیک","حرکت و نیرو","قانون دوم نیوتن","محاسبات","متوسط","جرم جسمی 2 کیلوگرم و شتاب آن 7 متر بر مجذور ثانیه است. نیروی خالص چند نیوتن است؟","14","16","7","9","A","طبق F=ma، حاصل 2×7=14 نیوتن است.","ترنم همدلی","original","1405"
"یازدهم","ریاضی","فیزیک","فیزیک","حرکت و نیرو","قانون دوم نیوتن","محاسبات","متوسط","جسمی با جرم 3 کیلوگرم تحت نیروی خالصی قرار دارد و شتاب آن 8 است. مقدار نیرو چند نیوتن است؟","24","27","16","11","A","طبق F=ma، حاصل 3×8=24 نیوتن است.","ترنم همدلی","original","1405"
"یازدهم","ریاضی","فیزیک","فیزیک","حرکت و نیرو","قانون دوم نیوتن","محاسبات","آسان","اگر m=4 kg و a=9 m/s² باشد، مقدار F در رابطه F=ma چند است؟","36","40","27","13","A","طبق F=ma، حاصل 4×9=36 نیوتن است.","ترنم همدلی","original","1405"
"یازدهم","ریاضی","فیزیک","فیزیک","حرکت و نیرو","قانون دوم نیوتن","محاسبات","متوسط","جرم جسمی 5 کیلوگرم و شتاب آن 10 متر بر مجذور ثانیه است. نیروی خالص چند نیوتن است؟","50","55","40","15","A","طبق F=ma، حاصل 5×10=50 نیوتن است.","ترنم همدلی","original","1405"
"یازدهم","ریاضی","فیزیک","فیزیک","حرکت و نیرو","قانون دوم نیوتن","محاسبات","متوسط","جسمی با جرم 6 کیلوگرم تحت نیروی خالصی قرار دارد و شتاب آن 11 است. مقدار نیرو چند نیوتن است؟","66","72","55","17","A","طبق F=ma، حاصل 6×11=66 نیوتن است.","ترنم همدلی","original","1405"
"یازدهم","ریاضی","فیزیک","فیزیک","حرکت و نیرو","قانون دوم نیوتن","محاسبات","متوسط","اگر m=7 kg و a=12 m/s² باشد، مقدار F در رابطه F=ma چند است؟","84","91","72","19","A","طبق F=ma، حاصل 7×12=84 نیوتن است.","ترنم همدلی","original","1405"
"یازدهم","ریاضی","فیزیک","فیزیک","حرکت و نیرو","قانون دوم نیوتن","محاسبات","متوسط","جرم جسمی 8 کیلوگرم و شتاب آن 1 متر بر مجذور ثانیه است. نیروی خالص چند نیوتن است؟","8","16","7","9","A","طبق F=ma، حاصل 8×1=8 نیوتن است.","ترنم همدلی","original","1405"
"یازدهم","ریاضی","فیزیک","فیزیک","حرکت و نیرو","قانون دوم نیوتن","محاسبات","آسان","جسمی با جرم 9 کیلوگرم تحت نیروی خالصی قرار دارد و شتاب آن 2 است. مقدار نیرو چند نیوتن است؟","18","27","16","11","A","طبق F=ma، حاصل 9×2=18 نیوتن است.","ترنم همدلی","original","1405"
"یازدهم","ریاضی","فیزیک","فیزیک","حرکت و نیرو","قانون دوم نیوتن","محاسبات","متوسط","اگر m=10 kg و a=3 m/s² باشد، مقدار F در رابطه F=ma چند است؟","30","40","27","13","A","طبق F=ma، حاصل 10×3=30 نیوتن است.","ترنم همدلی","original","1405"
"یازدهم","ریاضی","فیزیک","فیزیک","حرکت و نیرو","قانون دوم نیوتن","محاسبات","متوسط","جرم جسمی 11 کیلوگرم و شتاب آن 4 متر بر مجذور ثانیه است. نیروی خالص چند نیوتن است؟","44","55","40","15","A","طبق F=ma، حاصل 11×4=44 نیوتن است.","ترنم همدلی","original","1405"
"یازدهم","ریاضی","فیزیک","فیزیک","حرکت و نیرو","قانون دوم نیوتن","محاسبات","متوسط","جسمی با جرم 12 کیلوگرم تحت نیروی خالصی قرار دارد و شتاب آن 5 است. مقدار نیرو چند نیوتن است؟","60","72","55","17","A","طبق F=ma، حاصل 12×5=60 نیوتن است.","ترنم همدلی","original","1405"
"یازدهم","ریاضی","فیزیک","فیزیک","حرکت و نیرو","قانون دوم نیوتن","محاسبات","متوسط","اگر m=13 kg و a=6 m/s² باشد، مقدار F در رابطه F=ma چند است؟","78","91","72","19","A","طبق F=ma، حاصل 13×6=78 نیوتن است.","ترنم همدلی","original","1405"
"یازدهم","ریاضی","فیزیک","فیزیک","حرکت و نیرو","قانون دوم نیوتن","محاسبات","آسان","جرم جسمی 14 کیلوگرم و شتاب آن 7 متر بر مجذور ثانیه است. نیروی خالص چند نیوتن است؟","98","112","91","21","A","طبق F=ma، حاصل 14×7=98 نیوتن است.","ترنم همدلی","original","1405"
"یازدهم","ریاضی","فیزیک","فیزیک","حرکت و نیرو","قانون دوم نیوتن","محاسبات","متوسط","جسمی با جرم 15 کیلوگرم تحت نیروی خالصی قرار دارد و شتاب آن 8 است. مقدار نیرو چند نیوتن است؟","120","135","112","23","A","طبق F=ma، حاصل 15×8=120 نیوتن است.","ترنم همدلی","original","1405"
"یازدهم","ریاضی","فیزیک","فیزیک","حرکت و نیرو","قانون دوم نیوتن","محاسبات","متوسط","اگر m=16 kg و a=9 m/s² باشد، مقدار F در رابطه F=ma چند است؟","144","160","135","25","A","طبق F=ma، حاصل 16×9=144 نیوتن است.","ترنم همدلی","original","1405"
"یازدهم","ریاضی","فیزیک","فیزیک","حرکت و نیرو","قانون دوم نیوتن","محاسبات","متوسط","جرم جسمی 17 کیلوگرم و شتاب آن 10 متر بر مجذور ثانیه است. نیروی خالص چند نیوتن است؟","170","187","160","27","A","طبق F=ma، حاصل 17×10=170 نیوتن است.","ترنم همدلی","original","1405"
"یازدهم","ریاضی","فیزیک","فیزیک","حرکت و نیرو","قانون دوم نیوتن","محاسبات","متوسط","جسمی با جرم 18 کیلوگرم تحت نیروی خالصی قرار دارد و شتاب آن 11 است. مقدار نیرو چند نیوتن است؟","198","216","187","29","A","طبق F=ma، حاصل 18×11=198 نیوتن است.","ترنم همدلی","original","1405"
"یازدهم","ریاضی","فیزیک","فیزیک","حرکت و نیرو","قانون دوم نیوتن","محاسبات","آسان","اگر m=19 kg و a=12 m/s² باشد، مقدار F در رابطه F=ma چند است؟","228","247","216","31","A","طبق F=ma، حاصل 19×12=228 نیوتن است.","ترنم همدلی","original","1405"
"یازدهم","ریاضی","فیزیک","فیزیک","حرکت و نیرو","قانون دوم نیوتن","محاسبات","متوسط","جرم جسمی 2 کیلوگرم و شتاب آن 1 متر بر مجذور ثانیه است. نیروی خالص چند نیوتن است؟","2","4","1","3","A","طبق F=ma، حاصل 2×1=2 نیوتن است.","ترنم همدلی","original","1405"
"یازدهم","ریاضی","فیزیک","فیزیک","حرکت و نیرو","قانون دوم نیوتن","محاسبات","متوسط","جسمی با جرم 3 کیلوگرم تحت نیروی خالصی قرار دارد و شتاب آن 2 است. مقدار نیرو چند نیوتن است؟","6","9","4","5","A","طبق F=ma، حاصل 3×2=6 نیوتن است.","ترنم همدلی","original","1405"
"یازدهم","ریاضی","فیزیک","فیزیک","حرکت و نیرو","قانون دوم نیوتن","محاسبات","متوسط","اگر m=4 kg و a=3 m/s² باشد، مقدار F در رابطه F=ma چند است؟","12","16","9","7","A","طبق F=ma، حاصل 4×3=12 نیوتن است.","ترنم همدلی","original","1405"
"یازدهم","ریاضی","فیزیک","فیزیک","حرکت و نیرو","قانون دوم نیوتن","محاسبات","متوسط","جرم جسمی 5 کیلوگرم و شتاب آن 4 متر بر مجذور ثانیه است. نیروی خالص چند نیوتن است؟","20","25","16","9","A","طبق F=ma، حاصل 5×4=20 نیوتن است.","ترنم همدلی","original","1405"
"یازدهم","ریاضی","فیزیک","فیزیک","حرکت و نیرو","قانون دوم نیوتن","محاسبات","آسان","جسمی با جرم 6 کیلوگرم تحت نیروی خالصی قرار دارد و شتاب آن 5 است. مقدار نیرو چند نیوتن است؟","30","36","25","11","A","طبق F=ma، حاصل 6×5=30 نیوتن است.","ترنم همدلی","original","1405"
"یازدهم","ریاضی","فیزیک","فیزیک","حرکت و نیرو","قانون دوم نیوتن","محاسبات","متوسط","اگر m=7 kg و a=6 m/s² باشد، مقدار F در رابطه F=ma چند است؟","42","49","36","13","A","طبق F=ma، حاصل 7×6=42 نیوتن است.","ترنم همدلی","original","1405"
"یازدهم","ریاضی","فیزیک","فیزیک","حرکت و نیرو","قانون دوم نیوتن","محاسبات","متوسط","جرم جسمی 8 کیلوگرم و شتاب آن 7 متر بر مجذور ثانیه است. نیروی خالص چند نیوتن است؟","56","64","49","15","A","طبق F=ma، حاصل 8×7=56 نیوتن است.","ترنم همدلی","original","1405"
"یازدهم","ریاضی","فیزیک","فیزیک","حرکت و نیرو","قانون دوم نیوتن","محاسبات","متوسط","جسمی با جرم 9 کیلوگرم تحت نیروی خالصی قرار دارد و شتاب آن 8 است. مقدار نیرو چند نیوتن است؟","72","81","64","17","A","طبق F=ma، حاصل 9×8=72 نیوتن است.","ترنم همدلی","original","1405"
"یازدهم","ریاضی","فیزیک","فیزیک","حرکت و نیرو","قانون دوم نیوتن","محاسبات","متوسط","اگر m=10 kg و a=9 m/s² باشد، مقدار F در رابطه F=ma چند است؟","90","100","81","19","A","طبق F=ma، حاصل 10×9=90 نیوتن است.","ترنم همدلی","original","1405"
"یازدهم","ریاضی","فیزیک","فیزیک","حرکت و نیرو","قانون دوم نیوتن","محاسبات","آسان","جرم جسمی 11 کیلوگرم و شتاب آن 10 متر بر مجذور ثانیه است. نیروی خالص چند نیوتن است؟","110","121","100","21","A","طبق F=ma، حاصل 11×10=110 نیوتن است.","ترنم همدلی","original","1405"
"یازدهم","ریاضی","فیزیک","فیزیک","حرکت و نیرو","قانون دوم نیوتن","محاسبات","متوسط","جسمی با جرم 12 کیلوگرم تحت نیروی خالصی قرار دارد و شتاب آن 11 است. مقدار نیرو چند نیوتن است؟","132","144","121","23","A","طبق F=ma، حاصل 12×11=132 نیوتن است.","ترنم همدلی","original","1405"
"یازدهم","ریاضی","فیزیک","فیزیک","حرکت و نیرو","قانون دوم نیوتن","محاسبات","متوسط","اگر m=13 kg و a=12 m/s² باشد، مقدار F در رابطه F=ma چند است؟","156","169","144","25","A","طبق F=ma، حاصل 13×12=156 نیوتن است.","ترنم همدلی","original","1405"
"یازدهم","ریاضی","فیزیک","فیزیک","حرکت و نیرو","قانون دوم نیوتن","محاسبات","متوسط","جرم جسمی 14 کیلوگرم و شتاب آن 1 متر بر مجذور ثانیه است. نیروی خالص چند نیوتن است؟","14","28","13","15","A","طبق F=ma، حاصل 14×1=14 نیوتن است.","ترنم همدلی","original","1405"
"یازدهم","ریاضی","فیزیک","فیزیک","حرکت و نیرو","قانون دوم نیوتن","محاسبات","متوسط","جسمی با جرم 15 کیلوگرم تحت نیروی خالصی قرار دارد و شتاب آن 2 است. مقدار نیرو چند نیوتن است؟","30","45","28","17","A","طبق F=ma، حاصل 15×2=30 نیوتن است.","ترنم همدلی","original","1405"
"یازدهم","ریاضی","فیزیک","فیزیک","حرکت و نیرو","قانون دوم نیوتن","محاسبات","آسان","اگر m=16 kg و a=3 m/s² باشد، مقدار F در رابطه F=ma چند است؟","48","64","45","19","A","طبق F=ma، حاصل 16×3=48 نیوتن است.","ترنم همدلی","original","1405"
"یازدهم","ریاضی","فیزیک","فیزیک","حرکت و نیرو","قانون دوم نیوتن","محاسبات","متوسط","جرم جسمی 17 کیلوگرم و شتاب آن 4 متر بر مجذور ثانیه است. نیروی خالص چند نیوتن است؟","68","85","64","21","A","طبق F=ma، حاصل 17×4=68 نیوتن است.","ترنم همدلی","original","1405"
"یازدهم","ریاضی","فیزیک","فیزیک","حرکت و نیرو","قانون دوم نیوتن","محاسبات","متوسط","جسمی با جرم 18 کیلوگرم تحت نیروی خالصی قرار دارد و شتاب آن 5 است. مقدار نیرو چند نیوتن است؟","90","108","85","23","A","طبق F=ma، حاصل 18×5=90 نیوتن است.","ترنم همدلی","original","1405"
"یازدهم","ریاضی","فیزیک","فیزیک","حرکت و نیرو","قانون دوم نیوتن","محاسبات","متوسط","اگر m=19 kg و a=6 m/s² باشد، مقدار F در رابطه F=ma چند است؟","114","133","108","25","A","طبق F=ma، حاصل 19×6=114 نیوتن است.","ترنم همدلی","original","1405"
"یازدهم","ریاضی","فیزیک","فیزیک","حرکت و نیرو","قانون دوم نیوتن","محاسبات","متوسط","جرم جسمی 2 کیلوگرم و شتاب آن 7 متر بر مجذور ثانیه است. نیروی خالص چند نیوتن است؟","14","16","7","9","A","طبق F=ma، حاصل 2×7=14 نیوتن است.","ترنم همدلی","original","1405"
"یازدهم","ریاضی","فیزیک","فیزیک","حرکت و نیرو","قانون دوم نیوتن","محاسبات","آسان","جسمی با جرم 3 کیلوگرم تحت نیروی خالصی قرار دارد و شتاب آن 8 است. مقدار نیرو چند نیوتن است؟","24","27","16","11","A","طبق F=ma، حاصل 3×8=24 نیوتن است.","ترنم همدلی","original","1405"
"یازدهم","ریاضی","فیزیک","فیزیک","حرکت و نیرو","قانون دوم نیوتن","محاسبات","متوسط","اگر m=4 kg و a=9 m/s² باشد، مقدار F در رابطه F=ma چند است؟","36","40","27","13","A","طبق F=ma، حاصل 4×9=36 نیوتن است.","ترنم همدلی","original","1405"
"یازدهم","ریاضی","فیزیک","فیزیک","حرکت و نیرو","قانون دوم نیوتن","محاسبات","متوسط","جرم جسمی 5 کیلوگرم و شتاب آن 10 متر بر مجذور ثانیه است. نیروی خالص چند نیوتن است؟","50","55","40","15","A","طبق F=ma، حاصل 5×10=50 نیوتن است.","ترنم همدلی","original","1405"
"یازدهم","ریاضی","فیزیک","فیزیک","حرکت و نیرو","قانون دوم نیوتن","محاسبات","متوسط","جسمی با جرم 6 کیلوگرم تحت نیروی خالصی قرار دارد و شتاب آن 11 است. مقدار نیرو چند نیوتن است؟","66","72","55","17","A","طبق F=ma، حاصل 6×11=66 نیوتن است.","ترنم همدلی","original","1405"
"یازدهم","ریاضی","فیزیک","فیزیک","حرکت و نیرو","قانون دوم نیوتن","محاسبات","متوسط","اگر m=7 kg و a=12 m/s² باشد، مقدار F در رابطه F=ma چند است؟","84","91","72","19","A","طبق F=ma، حاصل 7×12=84 نیوتن است.","ترنم همدلی","original","1405"
"یازدهم","ریاضی","فیزیک","فیزیک","حرکت و نیرو","قانون دوم نیوتن","محاسبات","آسان","جرم جسمی 8 کیلوگرم و شتاب آن 1 متر بر مجذور ثانیه است. نیروی خالص چند نیوتن است؟","8","16","7","9","A","طبق F=ma، حاصل 8×1=8 نیوتن است.","ترنم همدلی","original","1405"
"یازدهم","ریاضی","فیزیک","فیزیک","حرکت و نیرو","قانون دوم نیوتن","محاسبات","متوسط","جسمی با جرم 9 کیلوگرم تحت نیروی خالصی قرار دارد و شتاب آن 2 است. مقدار نیرو چند نیوتن است؟","18","27","16","11","A","طبق F=ma، حاصل 9×2=18 نیوتن است.","ترنم همدلی","original","1405"
"یازدهم","ریاضی","فیزیک","فیزیک","حرکت و نیرو","قانون دوم نیوتن","محاسبات","متوسط","اگر m=10 kg و a=3 m/s² باشد، مقدار F در رابطه F=ma چند است؟","30","40","27","13","A","طبق F=ma، حاصل 10×3=30 نیوتن است.","ترنم همدلی","original","1405"
"یازدهم","ریاضی","فیزیک","فیزیک","حرکت و نیرو","قانون دوم نیوتن","محاسبات","متوسط","جرم جسمی 11 کیلوگرم و شتاب آن 4 متر بر مجذور ثانیه است. نیروی خالص چند نیوتن است؟","44","55","40","15","A","طبق F=ma، حاصل 11×4=44 نیوتن است.","ترنم همدلی","original","1405"
"یازدهم","ریاضی","فیزیک","فیزیک","حرکت و نیرو","قانون دوم نیوتن","محاسبات","متوسط","جسمی با جرم 12 کیلوگرم تحت نیروی خالصی قرار دارد و شتاب آن 5 است. مقدار نیرو چند نیوتن است؟","60","72","55","17","A","طبق F=ma، حاصل 12×5=60 نیوتن است.","ترنم همدلی","original","1405"
"یازدهم","ریاضی","فیزیک","فیزیک","حرکت و نیرو","قانون دوم نیوتن","محاسبات","آسان","اگر m=13 kg و a=6 m/s² باشد، مقدار F در رابطه F=ma چند است؟","78","91","72","19","A","طبق F=ma، حاصل 13×6=78 نیوتن است.","ترنم همدلی","original","1405"
"یازدهم","ریاضی","فیزیک","فیزیک","حرکت و نیرو","قانون دوم نیوتن","محاسبات","متوسط","جرم جسمی 14 کیلوگرم و شتاب آن 7 متر بر مجذور ثانیه است. نیروی خالص چند نیوتن است؟","98","112","91","21","A","طبق F=ma، حاصل 14×7=98 نیوتن است.","ترنم همدلی","original","1405"
"یازدهم","ریاضی","فیزیک","فیزیک","حرکت و نیرو","قانون دوم نیوتن","محاسبات","متوسط","جسمی با جرم 15 کیلوگرم تحت نیروی خالصی قرار دارد و شتاب آن 8 است. مقدار نیرو چند نیوتن است؟","120","135","112","23","A","طبق F=ma، حاصل 15×8=120 نیوتن است.","ترنم همدلی","original","1405"
"یازدهم","ریاضی","فیزیک","فیزیک","حرکت و نیرو","قانون دوم نیوتن","محاسبات","متوسط","اگر m=16 kg و a=9 m/s² باشد، مقدار F در رابطه F=ma چند است؟","144","160","135","25","A","طبق F=ma، حاصل 16×9=144 نیوتن است.","ترنم همدلی","original","1405"
"یازدهم","ریاضی","فیزیک","فیزیک","حرکت و نیرو","قانون دوم نیوتن","محاسبات","متوسط","جرم جسمی 17 کیلوگرم و شتاب آن 10 متر بر مجذور ثانیه است. نیروی خالص چند نیوتن است؟","170","187","160","27","A","طبق F=ma، حاصل 17×10=170 نیوتن است.","ترنم همدلی","original","1405"
"یازدهم","ریاضی","فیزیک","فیزیک","حرکت و نیرو","قانون دوم نیوتن","محاسبات","آسان","جسمی با جرم 18 کیلوگرم تحت نیروی خالصی قرار دارد و شتاب آن 11 است. مقدار نیرو چند نیوتن است؟","198","216","187","29","A","طبق F=ma، حاصل 18×11=198 نیوتن است.","ترنم همدلی","original","1405"
"یازدهم","ریاضی","فیزیک","فیزیک","حرکت و نیرو","قانون دوم نیوتن","محاسبات","متوسط","اگر m=19 kg و a=12 m/s² باشد، مقدار F در رابطه F=ma چند است؟","228","247","216","31","A","طبق F=ma، حاصل 19×12=228 نیوتن است.","ترنم همدلی","original","1405"
"یازدهم","ریاضی","فیزیک","فیزیک","حرکت و نیرو","قانون دوم نیوتن","محاسبات","متوسط","جرم جسمی 2 کیلوگرم و شتاب آن 1 متر بر مجذور ثانیه است. نیروی خالص چند نیوتن است؟","2","4","1","3","A","طبق F=ma، حاصل 2×1=2 نیوتن است.","ترنم همدلی","original","1405"
"یازدهم","ریاضی","فیزیک","فیزیک","حرکت و نیرو","قانون دوم نیوتن","محاسبات","متوسط","جسمی با جرم 3 کیلوگرم تحت نیروی خالصی قرار دارد و شتاب آن 2 است. مقدار نیرو چند نیوتن است؟","6","9","4","5","A","طبق F=ma، حاصل 3×2=6 نیوتن است.","ترنم همدلی","original","1405"
"یازدهم","ریاضی","فیزیک","فیزیک","حرکت و نیرو","قانون دوم نیوتن","محاسبات","متوسط","اگر m=4 kg و a=3 m/s² باشد، مقدار F در رابطه F=ma چند است؟","12","16","9","7","A","طبق F=ma، حاصل 4×3=12 نیوتن است.","ترنم همدلی","original","1405"
"یازدهم","ریاضی","فیزیک","فیزیک","حرکت و نیرو","قانون دوم نیوتن","محاسبات","آسان","جرم جسمی 5 کیلوگرم و شتاب آن 4 متر بر مجذور ثانیه است. نیروی خالص چند نیوتن است؟","20","25","16","9","A","طبق F=ma، حاصل 5×4=20 نیوتن است.","ترنم همدلی","original","1405"
"یازدهم","ریاضی","فیزیک","فیزیک","حرکت و نیرو","قانون دوم نیوتن","محاسبات","متوسط","جسمی با جرم 6 کیلوگرم تحت نیروی خالصی قرار دارد و شتاب آن 5 است. مقدار نیرو چند نیوتن است؟","30","36","25","11","A","طبق F=ma، حاصل 6×5=30 نیوتن است.","ترنم همدلی","original","1405"
"یازدهم","ریاضی","فیزیک","فیزیک","حرکت و نیرو","قانون دوم نیوتن","محاسبات","متوسط","اگر m=7 kg و a=6 m/s² باشد، مقدار F در رابطه F=ma چند است؟","42","49","36","13","A","طبق F=ma، حاصل 7×6=42 نیوتن است.","ترنم همدلی","original","1405"
"یازدهم","ریاضی","فیزیک","فیزیک","حرکت و نیرو","قانون دوم نیوتن","محاسبات","متوسط","جرم جسمی 8 کیلوگرم و شتاب آن 7 متر بر مجذور ثانیه است. نیروی خالص چند نیوتن است؟","56","64","49","15","A","طبق F=ma، حاصل 8×7=56 نیوتن است.","ترنم همدلی","original","1405"
"یازدهم","ریاضی","فیزیک","فیزیک","حرکت و نیرو","قانون دوم نیوتن","محاسبات","متوسط","جسمی با جرم 9 کیلوگرم تحت نیروی خالصی قرار دارد و شتاب آن 8 است. مقدار نیرو چند نیوتن است؟","72","81","64","17","A","طبق F=ma، حاصل 9×8=72 نیوتن است.","ترنم همدلی","original","1405"
"یازدهم","ریاضی","فیزیک","فیزیک","حرکت و نیرو","قانون دوم نیوتن","محاسبات","آسان","اگر m=10 kg و a=9 m/s² باشد، مقدار F در رابطه F=ma چند است؟","90","100","81","19","A","طبق F=ma، حاصل 10×9=90 نیوتن است.","ترنم همدلی","original","1405"
"یازدهم","ریاضی","فیزیک","فیزیک","حرکت و نیرو","قانون دوم نیوتن","محاسبات","متوسط","جرم جسمی 11 کیلوگرم و شتاب آن 10 متر بر مجذور ثانیه است. نیروی خالص چند نیوتن است؟","110","121","100","21","A","طبق F=ma، حاصل 11×10=110 نیوتن است.","ترنم همدلی","original","1405"
"یازدهم","ریاضی","فیزیک","فیزیک","حرکت و نیرو","قانون دوم نیوتن","محاسبات","متوسط","جسمی با جرم 12 کیلوگرم تحت نیروی خالصی قرار دارد و شتاب آن 11 است. مقدار نیرو چند نیوتن است؟","132","144","121","23","A","طبق F=ma، حاصل 12×11=132 نیوتن است.","ترنم همدلی","original","1405"
"یازدهم","ریاضی","فیزیک","فیزیک","حرکت و نیرو","قانون دوم نیوتن","محاسبات","متوسط","اگر m=13 kg و a=12 m/s² باشد، مقدار F در رابطه F=ma چند است؟","156","169","144","25","A","طبق F=ma، حاصل 13×12=156 نیوتن است.","ترنم همدلی","original","1405"
"یازدهم","ریاضی","فیزیک","فیزیک","حرکت و نیرو","قانون دوم نیوتن","محاسبات","متوسط","جرم جسمی 14 کیلوگرم و شتاب آن 1 متر بر مجذور ثانیه است. نیروی خالص چند نیوتن است؟","14","28","13","15","A","طبق F=ma، حاصل 14×1=14 نیوتن است.","ترنم همدلی","original","1405"
"یازدهم","ریاضی","فیزیک","فیزیک","حرکت و نیرو","قانون دوم نیوتن","محاسبات","آسان","جسمی با جرم 15 کیلوگرم تحت نیروی خالصی قرار دارد و شتاب آن 2 است. مقدار نیرو چند نیوتن است؟","30","45","28","17","A","طبق F=ma، حاصل 15×2=30 نیوتن است.","ترنم همدلی","original","1405"
"یازدهم","ریاضی","فیزیک","فیزیک","حرکت و نیرو","قانون دوم نیوتن","محاسبات","متوسط","اگر m=16 kg و a=3 m/s² باشد، مقدار F در رابطه F=ma چند است؟","48","64","45","19","A","طبق F=ma، حاصل 16×3=48 نیوتن است.","ترنم همدلی","original","1405"
"یازدهم","ریاضی","فیزیک","فیزیک","حرکت و نیرو","قانون دوم نیوتن","محاسبات","متوسط","جرم جسمی 17 کیلوگرم و شتاب آن 4 متر بر مجذور ثانیه است. نیروی خالص چند نیوتن است؟","68","85","64","21","A","طبق F=ma، حاصل 17×4=68 نیوتن است.","ترنم همدلی","original","1405"
"یازدهم","ریاضی","فیزیک","فیزیک","حرکت و نیرو","قانون دوم نیوتن","محاسبات","متوسط","جسمی با جرم 18 کیلوگرم تحت نیروی خالصی قرار دارد و شتاب آن 5 است. مقدار نیرو چند نیوتن است؟","90","108","85","23","A","طبق F=ma، حاصل 18×5=90 نیوتن است.","ترنم همدلی","original","1405"
"یازدهم","ریاضی","فیزیک","فیزیک","حرکت و نیرو","قانون دوم نیوتن","محاسبات","متوسط","اگر m=19 kg و a=6 m/s² باشد، مقدار F در رابطه F=ma چند است؟","114","133","108","25","A","طبق F=ma، حاصل 19×6=114 نیوتن است.","ترنم همدلی","original","1405"
"یازدهم","ریاضی","فیزیک","فیزیک","حرکت و نیرو","قانون دوم نیوتن","محاسبات","آسان","جرم جسمی 2 کیلوگرم و شتاب آن 7 متر بر مجذور ثانیه است. نیروی خالص چند نیوتن است؟","14","16","7","9","A","طبق F=ma، حاصل 2×7=14 نیوتن است.","ترنم همدلی","original","1405"
"یازدهم","ریاضی","فیزیک","فیزیک","حرکت و نیرو","قانون دوم نیوتن","محاسبات","متوسط","جسمی با جرم 3 کیلوگرم تحت نیروی خالصی قرار دارد و شتاب آن 8 است. مقدار نیرو چند نیوتن است؟","24","27","16","11","A","طبق F=ma، حاصل 3×8=24 نیوتن است.","ترنم همدلی","original","1405"
"یازدهم","ریاضی","فیزیک","فیزیک","حرکت و نیرو","قانون دوم نیوتن","محاسبات","متوسط","اگر m=4 kg و a=9 m/s² باشد، مقدار F در رابطه F=ma چند است؟","36","40","27","13","A","طبق F=ma، حاصل 4×9=36 نیوتن است.","ترنم همدلی","original","1405"
"یازدهم","ریاضی","فیزیک","فیزیک","حرکت و نیرو","قانون دوم نیوتن","محاسبات","متوسط","جرم جسمی 5 کیلوگرم و شتاب آن 10 متر بر مجذور ثانیه است. نیروی خالص چند نیوتن است؟","50","55","40","15","A","طبق F=ma، حاصل 5×10=50 نیوتن است.","ترنم همدلی","original","1405"
"یازدهم","ریاضی","فیزیک","فیزیک","حرکت و نیرو","قانون دوم نیوتن","محاسبات","متوسط","جسمی با جرم 6 کیلوگرم تحت نیروی خالصی قرار دارد و شتاب آن 11 است. مقدار نیرو چند نیوتن است؟","66","72","55","17","A","طبق F=ma، حاصل 6×11=66 نیوتن است.","ترنم همدلی","original","1405"
"یازدهم","ریاضی","فیزیک","فیزیک","حرکت و نیرو","قانون دوم نیوتن","محاسبات","آسان","اگر m=7 kg و a=12 m/s² باشد، مقدار F در رابطه F=ma چند است؟","84","91","72","19","A","طبق F=ma، حاصل 7×12=84 نیوتن است.","ترنم همدلی","original","1405"
"یازدهم","ریاضی","فیزیک","فیزیک","حرکت و نیرو","قانون دوم نیوتن","محاسبات","متوسط","جرم جسمی 8 کیلوگرم و شتاب آن 1 متر بر مجذور ثانیه است. نیروی خالص چند نیوتن است؟","8","16","7","9","A","طبق F=ma، حاصل 8×1=8 نیوتن است.","ترنم همدلی","original","1405"
"یازدهم","ریاضی","فیزیک","فیزیک","حرکت و نیرو","قانون دوم نیوتن","محاسبات","متوسط","جسمی با جرم 9 کیلوگرم تحت نیروی خالصی قرار دارد و شتاب آن 2 است. مقدار نیرو چند نیوتن است؟","18","27","16","11","A","طبق F=ma، حاصل 9×2=18 نیوتن است.","ترنم همدلی","original","1405"
"یازدهم","ریاضی","فیزیک","فیزیک","حرکت و نیرو","قانون دوم نیوتن","محاسبات","متوسط","اگر m=10 kg و a=3 m/s² باشد، مقدار F در رابطه F=ma چند است؟","30","40","27","13","A","طبق F=ma، حاصل 10×3=30 نیوتن است.","ترنم همدلی","original","1405"
"یازدهم","ریاضی","فیزیک","فیزیک","حرکت و نیرو","قانون دوم نیوتن","محاسبات","متوسط","جرم جسمی 11 کیلوگرم و شتاب آن 4 متر بر مجذور ثانیه است. نیروی خالص چند نیوتن است؟","44","55","40","15","A","طبق F=ma، حاصل 11×4=44 نیوتن است.","ترنم همدلی","original","1405"
"یازدهم","ریاضی","فیزیک","فیزیک","حرکت و نیرو","قانون دوم نیوتن","محاسبات","آسان","جسمی با جرم 12 کیلوگرم تحت نیروی خالصی قرار دارد و شتاب آن 5 است. مقدار نیرو چند نیوتن است؟","60","72","55","17","A","طبق F=ma، حاصل 12×5=60 نیوتن است.","ترنم همدلی","original","1405"
"یازدهم","ریاضی","فیزیک","فیزیک","حرکت و نیرو","قانون دوم نیوتن","محاسبات","متوسط","اگر m=13 kg و a=6 m/s² باشد، مقدار F در رابطه F=ma چند است؟","78","91","72","19","A","طبق F=ma، حاصل 13×6=78 نیوتن است.","ترنم همدلی","original","1405"
"یازدهم","ریاضی","فیزیک","فیزیک","حرکت و نیرو","قانون دوم نیوتن","محاسبات","متوسط","جرم جسمی 14 کیلوگرم و شتاب آن 7 متر بر مجذور ثانیه است. نیروی خالص چند نیوتن است؟","98","112","91","21","A","طبق F=ma، حاصل 14×7=98 نیوتن است.","ترنم همدلی","original","1405"
"یازدهم","ریاضی","فیزیک","فیزیک","حرکت و نیرو","قانون دوم نیوتن","محاسبات","متوسط","جسمی با جرم 15 کیلوگرم تحت نیروی خالصی قرار دارد و شتاب آن 8 است. مقدار نیرو چند نیوتن است؟","120","135","112","23","A","طبق F=ma، حاصل 15×8=120 نیوتن است.","ترنم همدلی","original","1405"
"یازدهم","ریاضی","فیزیک","فیزیک","حرکت و نیرو","قانون دوم نیوتن","محاسبات","متوسط","اگر m=16 kg و a=9 m/s² باشد، مقدار F در رابطه F=ma چند است؟","144","160","135","25","A","طبق F=ma، حاصل 16×9=144 نیوتن است.","ترنم همدلی","original","1405"
"یازدهم","ریاضی","فیزیک","فیزیک","حرکت و نیرو","قانون دوم نیوتن","محاسبات","آسان","جرم جسمی 17 کیلوگرم و شتاب آن 10 متر بر مجذور ثانیه است. نیروی خالص چند نیوتن است؟","170","187","160","27","A","طبق F=ma، حاصل 17×10=170 نیوتن است.","ترنم همدلی","original","1405"
"یازدهم","ریاضی","فیزیک","فیزیک","حرکت و نیرو","قانون دوم نیوتن","محاسبات","متوسط","جسمی با جرم 18 کیلوگرم تحت نیروی خالصی قرار دارد و شتاب آن 11 است. مقدار نیرو چند نیوتن است؟","198","216","187","29","A","طبق F=ma، حاصل 18×11=198 نیوتن است.","ترنم همدلی","original","1405"
"یازدهم","ریاضی","فیزیک","فیزیک","حرکت و نیرو","قانون دوم نیوتن","محاسبات","متوسط","اگر m=19 kg و a=12 m/s² باشد، مقدار F در رابطه F=ma چند است؟","228","247","216","31","A","طبق F=ma، حاصل 19×12=228 نیوتن است.","ترنم همدلی","original","1405"
"یازدهم","ریاضی","فیزیک","فیزیک","حرکت و نیرو","قانون دوم نیوتن","محاسبات","متوسط","جرم جسمی 2 کیلوگرم و شتاب آن 1 متر بر مجذور ثانیه است. نیروی خالص چند نیوتن است؟","2","4","1","3","A","طبق F=ma، حاصل 2×1=2 نیوتن است.","ترنم همدلی","original","1405"
"یازدهم","ریاضی","فیزیک","فیزیک","حرکت و نیرو","قانون دوم نیوتن","محاسبات","متوسط","جسمی با جرم 3 کیلوگرم تحت نیروی خالصی قرار دارد و شتاب آن 2 است. مقدار نیرو چند نیوتن است؟","6","9","4","5","A","طبق F=ma، حاصل 3×2=6 نیوتن است.","ترنم همدلی","original","1405"
"یازدهم","ریاضی","فیزیک","فیزیک","حرکت و نیرو","قانون دوم نیوتن","محاسبات","آسان","اگر m=4 kg و a=3 m/s² باشد، مقدار F در رابطه F=ma چند است؟","12","16","9","7","A","طبق F=ma، حاصل 4×3=12 نیوتن است.","ترنم همدلی","original","1405"
"یازدهم","ریاضی","فیزیک","فیزیک","حرکت و نیرو","قانون دوم نیوتن","محاسبات","متوسط","جرم جسمی 5 کیلوگرم و شتاب آن 4 متر بر مجذور ثانیه است. نیروی خالص چند نیوتن است؟","20","25","16","9","A","طبق F=ma، حاصل 5×4=20 نیوتن است.","ترنم همدلی","original","1405"
"یازدهم","ریاضی","فیزیک","فیزیک","حرکت و نیرو","قانون دوم نیوتن","محاسبات","متوسط","جسمی با جرم 6 کیلوگرم تحت نیروی خالصی قرار دارد و شتاب آن 5 است. مقدار نیرو چند نیوتن است؟","30","36","25","11","A","طبق F=ma، حاصل 6×5=30 نیوتن است.","ترنم همدلی","original","1405"
"یازدهم","ریاضی","فیزیک","فیزیک","حرکت و نیرو","قانون دوم نیوتن","محاسبات","متوسط","اگر m=7 kg و a=6 m/s² باشد، مقدار F در رابطه F=ma چند است؟","42","49","36","13","A","طبق F=ma، حاصل 7×6=42 نیوتن است.","ترنم همدلی","original","1405"
"یازدهم","ریاضی","فیزیک","فیزیک","حرکت و نیرو","قانون دوم نیوتن","محاسبات","متوسط","جرم جسمی 8 کیلوگرم و شتاب آن 7 متر بر مجذور ثانیه است. نیروی خالص چند نیوتن است؟","56","64","49","15","A","طبق F=ma، حاصل 8×7=56 نیوتن است.","ترنم همدلی","original","1405"
"یازدهم","ریاضی","فیزیک","فیزیک","حرکت و نیرو","قانون دوم نیوتن","محاسبات","آسان","جسمی با جرم 9 کیلوگرم تحت نیروی خالصی قرار دارد و شتاب آن 8 است. مقدار نیرو چند نیوتن است؟","72","81","64","17","A","طبق F=ma، حاصل 9×8=72 نیوتن است.","ترنم همدلی","original","1405"
"یازدهم","ریاضی","فیزیک","فیزیک","حرکت و نیرو","قانون دوم نیوتن","محاسبات","متوسط","اگر m=10 kg و a=9 m/s² باشد، مقدار F در رابطه F=ma چند است؟","90","100","81","19","A","طبق F=ma، حاصل 10×9=90 نیوتن است.","ترنم همدلی","original","1405"
"یازدهم","ریاضی","فیزیک","فیزیک","حرکت و نیرو","قانون دوم نیوتن","محاسبات","متوسط","جرم جسمی 11 کیلوگرم و شتاب آن 10 متر بر مجذور ثانیه است. نیروی خالص چند نیوتن است؟","110","121","100","21","A","طبق F=ma، حاصل 11×10=110 نیوتن است.","ترنم همدلی","original","1405"
"یازدهم","ریاضی","فیزیک","فیزیک","حرکت و نیرو","قانون دوم نیوتن","محاسبات","متوسط","جسمی با جرم 12 کیلوگرم تحت نیروی خالصی قرار دارد و شتاب آن 11 است. مقدار نیرو چند نیوتن است؟","132","144","121","23","A","طبق F=ma، حاصل 12×11=132 نیوتن است.","ترنم همدلی","original","1405"
"یازدهم","ریاضی","فیزیک","فیزیک","حرکت و نیرو","قانون دوم نیوتن","محاسبات","متوسط","اگر m=13 kg و a=12 m/s² باشد، مقدار F در رابطه F=ma چند است؟","156","169","144","25","A","طبق F=ma، حاصل 13×12=156 نیوتن است.","ترنم همدلی","original","1405"
"یازدهم","ریاضی","فیزیک","فیزیک","حرکت و نیرو","قانون دوم نیوتن","محاسبات","آسان","جرم جسمی 14 کیلوگرم و شتاب آن 1 متر بر مجذور ثانیه است. نیروی خالص چند نیوتن است؟","14","28","13","15","A","طبق F=ma، حاصل 14×1=14 نیوتن است.","ترنم همدلی","original","1405"
"یازدهم","ریاضی","فیزیک","فیزیک","حرکت و نیرو","قانون دوم نیوتن","محاسبات","متوسط","جسمی با جرم 15 کیلوگرم تحت نیروی خالصی قرار دارد و شتاب آن 2 است. مقدار نیرو چند نیوتن است؟","30","45","28","17","A","طبق F=ma، حاصل 15×2=30 نیوتن است.","ترنم همدلی","original","1405"
"یازدهم","ریاضی","فیزیک","فیزیک","حرکت و نیرو","قانون دوم نیوتن","محاسبات","متوسط","اگر m=16 kg و a=3 m/s² باشد، مقدار F در رابطه F=ma چند است؟","48","64","45","19","A","طبق F=ma، حاصل 16×3=48 نیوتن است.","ترنم همدلی","original","1405"
"یازدهم","ریاضی","فیزیک","فیزیک","حرکت و نیرو","قانون دوم نیوتن","محاسبات","متوسط","جرم جسمی 17 کیلوگرم و شتاب آن 4 متر بر مجذور ثانیه است. نیروی خالص چند نیوتن است؟","68","85","64","21","A","طبق F=ma، حاصل 17×4=68 نیوتن است.","ترنم همدلی","original","1405"
"یازدهم","ریاضی","فیزیک","فیزیک","حرکت و نیرو","قانون دوم نیوتن","محاسبات","متوسط","جسمی با جرم 18 کیلوگرم تحت نیروی خالصی قرار دارد و شتاب آن 5 است. مقدار نیرو چند نیوتن است؟","90","108","85","23","A","طبق F=ma، حاصل 18×5=90 نیوتن است.","ترنم همدلی","original","1405"
"یازدهم","ریاضی","فیزیک","فیزیک","حرکت و نیرو","قانون دوم نیوتن","محاسبات","آسان","اگر m=19 kg و a=6 m/s² باشد، مقدار F در رابطه F=ma چند است؟","114","133","108","25","A","طبق F=ma، حاصل 19×6=114 نیوتن است.","ترنم همدلی","original","1405"
"یازدهم","ریاضی","فیزیک","فیزیک","حرکت و نیرو","قانون دوم نیوتن","محاسبات","متوسط","جرم جسمی 2 کیلوگرم و شتاب آن 7 متر بر مجذور ثانیه است. نیروی خالص چند نیوتن است؟","14","16","7","9","A","طبق F=ma، حاصل 2×7=14 نیوتن است.","ترنم همدلی","original","1405"
"یازدهم","ریاضی","فیزیک","فیزیک","حرکت و نیرو","قانون دوم نیوتن","محاسبات","متوسط","جسمی با جرم 3 کیلوگرم تحت نیروی خالصی قرار دارد و شتاب آن 8 است. مقدار نیرو چند نیوتن است؟","24","27","16","11","A","طبق F=ma، حاصل 3×8=24 نیوتن است.","ترنم همدلی","original","1405"
"یازدهم","ریاضی","فیزیک","فیزیک","حرکت و نیرو","قانون دوم نیوتن","محاسبات","متوسط","اگر m=4 kg و a=9 m/s² باشد، مقدار F در رابطه F=ma چند است؟","36","40","27","13","A","طبق F=ma، حاصل 4×9=36 نیوتن است.","ترنم همدلی","original","1405"
"یازدهم","ریاضی","فیزیک","فیزیک","حرکت و نیرو","قانون دوم نیوتن","محاسبات","متوسط","جرم جسمی 5 کیلوگرم و شتاب آن 10 متر بر مجذور ثانیه است. نیروی خالص چند نیوتن است؟","50","55","40","15","A","طبق F=ma، حاصل 5×10=50 نیوتن است.","ترنم همدلی","original","1405"
"یازدهم","ریاضی","فیزیک","فیزیک","حرکت و نیرو","قانون دوم نیوتن","محاسبات","آسان","جسمی با جرم 6 کیلوگرم تحت نیروی خالصی قرار دارد و شتاب آن 11 است. مقدار نیرو چند نیوتن است؟","66","72","55","17","A","طبق F=ma، حاصل 6×11=66 نیوتن است.","ترنم همدلی","original","1405"
"یازدهم","ریاضی","فیزیک","فیزیک","حرکت و نیرو","قانون دوم نیوتن","محاسبات","متوسط","اگر m=7 kg و a=12 m/s² باشد، مقدار F در رابطه F=ma چند است؟","84","91","72","19","A","طبق F=ma، حاصل 7×12=84 نیوتن است.","ترنم همدلی","original","1405"
"یازدهم","ریاضی","فیزیک","فیزیک","حرکت و نیرو","قانون دوم نیوتن","محاسبات","متوسط","جرم جسمی 8 کیلوگرم و شتاب آن 1 متر بر مجذور ثانیه است. نیروی خالص چند نیوتن است؟","8","16","7","9","A","طبق F=ma، حاصل 8×1=8 نیوتن است.","ترنم همدلی","original","1405"
"یازدهم","ریاضی","فیزیک","فیزیک","حرکت و نیرو","قانون دوم نیوتن","محاسبات","متوسط","جسمی با جرم 9 کیلوگرم تحت نیروی خالصی قرار دارد و شتاب آن 2 است. مقدار نیرو چند نیوتن است؟","18","27","16","11","A","طبق F=ma، حاصل 9×2=18 نیوتن است.","ترنم همدلی","original","1405"
"یازدهم","ریاضی","فیزیک","فیزیک","حرکت و نیرو","قانون دوم نیوتن","محاسبات","متوسط","اگر m=10 kg و a=3 m/s² باشد، مقدار F در رابطه F=ma چند است؟","30","40","27","13","A","طبق F=ma، حاصل 10×3=30 نیوتن است.","ترنم همدلی","original","1405"
"یازدهم","ریاضی","فیزیک","فیزیک","حرکت و نیرو","قانون دوم نیوتن","محاسبات","آسان","جرم جسمی 11 کیلوگرم و شتاب آن 4 متر بر مجذور ثانیه است. نیروی خالص چند نیوتن است؟","44","55","40","15","A","طبق F=ma، حاصل 11×4=44 نیوتن است.","ترنم همدلی","original","1405"
"یازدهم","ریاضی","فیزیک","فیزیک","حرکت و نیرو","قانون دوم نیوتن","محاسبات","متوسط","جسمی با جرم 12 کیلوگرم تحت نیروی خالصی قرار دارد و شتاب آن 5 است. مقدار نیرو چند نیوتن است؟","60","72","55","17","A","طبق F=ma، حاصل 12×5=60 نیوتن است.","ترنم همدلی","original","1405"
"یازدهم","ریاضی","فیزیک","فیزیک","حرکت و نیرو","قانون دوم نیوتن","محاسبات","متوسط","اگر m=13 kg و a=6 m/s² باشد، مقدار F در رابطه F=ma چند است؟","78","91","72","19","A","طبق F=ma، حاصل 13×6=78 نیوتن است.","ترنم همدلی","original","1405"
"یازدهم","ریاضی","فیزیک","فیزیک","حرکت و نیرو","قانون دوم نیوتن","محاسبات","متوسط","جرم جسمی 14 کیلوگرم و شتاب آن 7 متر بر مجذور ثانیه است. نیروی خالص چند نیوتن است؟","98","112","91","21","A","طبق F=ma، حاصل 14×7=98 نیوتن است.","ترنم همدلی","original","1405"
"یازدهم","ریاضی","فیزیک","فیزیک","حرکت و نیرو","قانون دوم نیوتن","محاسبات","متوسط","جسمی با جرم 15 کیلوگرم تحت نیروی خالصی قرار دارد و شتاب آن 8 است. مقدار نیرو چند نیوتن است؟","120","135","112","23","A","طبق F=ma، حاصل 15×8=120 نیوتن است.","ترنم همدلی","original","1405"
"یازدهم","ریاضی","فیزیک","فیزیک","حرکت و نیرو","قانون دوم نیوتن","محاسبات","آسان","اگر m=16 kg و a=9 m/s² باشد، مقدار F در رابطه F=ma چند است؟","144","160","135","25","A","طبق F=ma، حاصل 16×9=144 نیوتن است.","ترنم همدلی","original","1405"
"یازدهم","ریاضی","فیزیک","فیزیک","حرکت و نیرو","قانون دوم نیوتن","محاسبات","متوسط","جرم جسمی 17 کیلوگرم و شتاب آن 10 متر بر مجذور ثانیه است. نیروی خالص چند نیوتن است؟","170","187","160","27","A","طبق F=ma، حاصل 17×10=170 نیوتن است.","ترنم همدلی","original","1405"
"یازدهم","ریاضی","فیزیک","فیزیک","حرکت و نیرو","قانون دوم نیوتن","محاسبات","متوسط","جسمی با جرم 18 کیلوگرم تحت نیروی خالصی قرار دارد و شتاب آن 11 است. مقدار نیرو چند نیوتن است؟","198","216","187","29","A","طبق F=ma، حاصل 18×11=198 نیوتن است.","ترنم همدلی","original","1405"
"یازدهم","ریاضی","فیزیک","فیزیک","حرکت و نیرو","قانون دوم نیوتن","محاسبات","متوسط","اگر m=19 kg و a=12 m/s² باشد، مقدار F در رابطه F=ma چند است؟","228","247","216","31","A","طبق F=ma، حاصل 19×12=228 نیوتن است.","ترنم همدلی","original","1405"
"یازدهم","ریاضی","فیزیک","فیزیک","حرکت و نیرو","قانون دوم نیوتن","محاسبات","متوسط","جرم جسمی 2 کیلوگرم و شتاب آن 1 متر بر مجذور ثانیه است. نیروی خالص چند نیوتن است؟","2","4","1","3","A","طبق F=ma، حاصل 2×1=2 نیوتن است.","ترنم همدلی","original","1405"
"یازدهم","ریاضی","فیزیک","فیزیک","حرکت و نیرو","قانون دوم نیوتن","محاسبات","آسان","جسمی با جرم 3 کیلوگرم تحت نیروی خالصی قرار دارد و شتاب آن 2 است. مقدار نیرو چند نیوتن است؟","6","9","4","5","A","طبق F=ma، حاصل 3×2=6 نیوتن است.","ترنم همدلی","original","1405"
"یازدهم","ریاضی","فیزیک","فیزیک","حرکت و نیرو","قانون دوم نیوتن","محاسبات","متوسط","اگر m=4 kg و a=3 m/s² باشد، مقدار F در رابطه F=ma چند است؟","12","16","9","7","A","طبق F=ma، حاصل 4×3=12 نیوتن است.","ترنم همدلی","original","1405"
"یازدهم","ریاضی","فیزیک","فیزیک","حرکت و نیرو","قانون دوم نیوتن","محاسبات","متوسط","جرم جسمی 5 کیلوگرم و شتاب آن 4 متر بر مجذور ثانیه است. نیروی خالص چند نیوتن است؟","20","25","16","9","A","طبق F=ma، حاصل 5×4=20 نیوتن است.","ترنم همدلی","original","1405"
"یازدهم","ریاضی","فیزیک","فیزیک","حرکت و نیرو","قانون دوم نیوتن","محاسبات","متوسط","جسمی با جرم 6 کیلوگرم تحت نیروی خالصی قرار دارد و شتاب آن 5 است. مقدار نیرو چند نیوتن است؟","30","36","25","11","A","طبق F=ma، حاصل 6×5=30 نیوتن است.","ترنم همدلی","original","1405"
"یازدهم","ریاضی","فیزیک","فیزیک","حرکت و نیرو","قانون دوم نیوتن","محاسبات","متوسط","اگر m=7 kg و a=6 m/s² باشد، مقدار F در رابطه F=ma چند است؟","42","49","36","13","A","طبق F=ma، حاصل 7×6=42 نیوتن است.","ترنم همدلی","original","1405"
"یازدهم","ریاضی","فیزیک","فیزیک","حرکت و نیرو","قانون دوم نیوتن","محاسبات","آسان","جرم جسمی 8 کیلوگرم و شتاب آن 7 متر بر مجذور ثانیه است. نیروی خالص چند نیوتن است؟","56","64","49","15","A","طبق F=ma، حاصل 8×7=56 نیوتن است.","ترنم همدلی","original","1405"
"یازدهم","ریاضی","فیزیک","فیزیک","حرکت و نیرو","قانون دوم نیوتن","محاسبات","متوسط","جسمی با جرم 9 کیلوگرم تحت نیروی خالصی قرار دارد و شتاب آن 8 است. مقدار نیرو چند نیوتن است؟","72","81","64","17","A","طبق F=ma، حاصل 9×8=72 نیوتن است.","ترنم همدلی","original","1405"
"یازدهم","ریاضی","فیزیک","فیزیک","حرکت و نیرو","قانون دوم نیوتن","محاسبات","متوسط","اگر m=10 kg و a=9 m/s² باشد، مقدار F در رابطه F=ma چند است؟","90","100","81","19","A","طبق F=ma، حاصل 10×9=90 نیوتن است.","ترنم همدلی","original","1405"
"یازدهم","ریاضی","فیزیک","فیزیک","حرکت و نیرو","قانون دوم نیوتن","محاسبات","متوسط","جرم جسمی 11 کیلوگرم و شتاب آن 10 متر بر مجذور ثانیه است. نیروی خالص چند نیوتن است؟","110","121","100","21","A","طبق F=ma، حاصل 11×10=110 نیوتن است.","ترنم همدلی","original","1405"
"یازدهم","ریاضی","فیزیک","فیزیک","حرکت و نیرو","قانون دوم نیوتن","محاسبات","متوسط","جسمی با جرم 12 کیلوگرم تحت نیروی خالصی قرار دارد و شتاب آن 11 است. مقدار نیرو چند نیوتن است؟","132","144","121","23","A","طبق F=ma، حاصل 12×11=132 نیوتن است.","ترنم همدلی","original","1405"
"یازدهم","ریاضی","فیزیک","فیزیک","حرکت و نیرو","قانون دوم نیوتن","محاسبات","آسان","اگر m=13 kg و a=12 m/s² باشد، مقدار F در رابطه F=ma چند است؟","156","169","144","25","A","طبق F=ma، حاصل 13×12=156 نیوتن است.","ترنم همدلی","original","1405"
"یازدهم","ریاضی","فیزیک","فیزیک","حرکت و نیرو","قانون دوم نیوتن","محاسبات","متوسط","جرم جسمی 14 کیلوگرم و شتاب آن 1 متر بر مجذور ثانیه است. نیروی خالص چند نیوتن است؟","14","28","13","15","A","طبق F=ma، حاصل 14×1=14 نیوتن است.","ترنم همدلی","original","1405"
"یازدهم","ریاضی","فیزیک","فیزیک","حرکت و نیرو","قانون دوم نیوتن","محاسبات","متوسط","جسمی با جرم 15 کیلوگرم تحت نیروی خالصی قرار دارد و شتاب آن 2 است. مقدار نیرو چند نیوتن است؟","30","45","28","17","A","طبق F=ma، حاصل 15×2=30 نیوتن است.","ترنم همدلی","original","1405"
"یازدهم","ریاضی","فیزیک","فیزیک","حرکت و نیرو","قانون دوم نیوتن","محاسبات","متوسط","اگر m=16 kg و a=3 m/s² باشد، مقدار F در رابطه F=ma چند است؟","48","64","45","19","A","طبق F=ma، حاصل 16×3=48 نیوتن است.","ترنم همدلی","original","1405"
"یازدهم","ریاضی","فیزیک","فیزیک","حرکت و نیرو","قانون دوم نیوتن","محاسبات","متوسط","جرم جسمی 17 کیلوگرم و شتاب آن 4 متر بر مجذور ثانیه است. نیروی خالص چند نیوتن است؟","68","85","64","21","A","طبق F=ma، حاصل 17×4=68 نیوتن است.","ترنم همدلی","original","1405"
"یازدهم","ریاضی","فیزیک","فیزیک","حرکت و نیرو","قانون دوم نیوتن","محاسبات","آسان","جسمی با جرم 18 کیلوگرم تحت نیروی خالصی قرار دارد و شتاب آن 5 است. مقدار نیرو چند نیوتن است؟","90","108","85","23","A","طبق F=ma، حاصل 18×5=90 نیوتن است.","ترنم همدلی","original","1405"
"یازدهم","ریاضی","فیزیک","فیزیک","حرکت و نیرو","قانون دوم نیوتن","محاسبات","متوسط","اگر m=19 kg و a=6 m/s² باشد، مقدار F در رابطه F=ma چند است؟","114","133","108","25","A","طبق F=ma، حاصل 19×6=114 نیوتن است.","ترنم همدلی","original","1405"
"یازدهم","ریاضی","فیزیک","فیزیک","حرکت و نیرو","قانون دوم نیوتن","محاسبات","متوسط","جرم جسمی 2 کیلوگرم و شتاب آن 7 متر بر مجذور ثانیه است. نیروی خالص چند نیوتن است؟","14","16","7","9","A","طبق F=ma، حاصل 2×7=14 نیوتن است.","ترنم همدلی","original","1405"
"یازدهم","ریاضی","فیزیک","فیزیک","حرکت و نیرو","قانون دوم نیوتن","محاسبات","متوسط","جسمی با جرم 3 کیلوگرم تحت نیروی خالصی قرار دارد و شتاب آن 8 است. مقدار نیرو چند نیوتن است؟","24","27","16","11","A","طبق F=ma، حاصل 3×8=24 نیوتن است.","ترنم همدلی","original","1405"
"یازدهم","ریاضی","فیزیک","فیزیک","حرکت و نیرو","قانون دوم نیوتن","محاسبات","متوسط","اگر m=4 kg و a=9 m/s² باشد، مقدار F در رابطه F=ma چند است؟","36","40","27","13","A","طبق F=ma، حاصل 4×9=36 نیوتن است.","ترنم همدلی","original","1405"
"یازدهم","ریاضی","فیزیک","فیزیک","حرکت و نیرو","قانون دوم نیوتن","محاسبات","آسان","جرم جسمی 5 کیلوگرم و شتاب آن 10 متر بر مجذور ثانیه است. نیروی خالص چند نیوتن است؟","50","55","40","15","A","طبق F=ma، حاصل 5×10=50 نیوتن است.","ترنم همدلی","original","1405"
"یازدهم","ریاضی","فیزیک","فیزیک","حرکت و نیرو","قانون دوم نیوتن","محاسبات","متوسط","جسمی با جرم 6 کیلوگرم تحت نیروی خالصی قرار دارد و شتاب آن 11 است. مقدار نیرو چند نیوتن است؟","66","72","55","17","A","طبق F=ma، حاصل 6×11=66 نیوتن است.","ترنم همدلی","original","1405"
"یازدهم","ریاضی","فیزیک","فیزیک","حرکت و نیرو","قانون دوم نیوتن","محاسبات","متوسط","اگر m=7 kg و a=12 m/s² باشد، مقدار F در رابطه F=ma چند است؟","84","91","72","19","A","طبق F=ma، حاصل 7×12=84 نیوتن است.","ترنم همدلی","original","1405"
"یازدهم","ریاضی","فیزیک","فیزیک","حرکت و نیرو","قانون دوم نیوتن","محاسبات","متوسط","جرم جسمی 8 کیلوگرم و شتاب آن 1 متر بر مجذور ثانیه است. نیروی خالص چند نیوتن است؟","8","16","7","9","A","طبق F=ma، حاصل 8×1=8 نیوتن است.","ترنم همدلی","original","1405"
"یازدهم","ریاضی","فیزیک","فیزیک","حرکت و نیرو","قانون دوم نیوتن","محاسبات","متوسط","جسمی با جرم 9 کیلوگرم تحت نیروی خالصی قرار دارد و شتاب آن 2 است. مقدار نیرو چند نیوتن است؟","18","27","16","11","A","طبق F=ma، حاصل 9×2=18 نیوتن است.","ترنم همدلی","original","1405"
"یازدهم","ریاضی","فیزیک","فیزیک","حرکت و نیرو","قانون دوم نیوتن","محاسبات","آسان","اگر m=10 kg و a=3 m/s² باشد، مقدار F در رابطه F=ma چند است؟","30","40","27","13","A","طبق F=ma، حاصل 10×3=30 نیوتن است.","ترنم همدلی","original","1405"
"یازدهم","ریاضی","فیزیک","فیزیک","حرکت و نیرو","قانون دوم نیوتن","محاسبات","متوسط","جرم جسمی 11 کیلوگرم و شتاب آن 4 متر بر مجذور ثانیه است. نیروی خالص چند نیوتن است؟","44","55","40","15","A","طبق F=ma، حاصل 11×4=44 نیوتن است.","ترنم همدلی","original","1405"
"یازدهم","ریاضی","فیزیک","فیزیک","حرکت و نیرو","قانون دوم نیوتن","محاسبات","متوسط","جسمی با جرم 12 کیلوگرم تحت نیروی خالصی قرار دارد و شتاب آن 5 است. مقدار نیرو چند نیوتن است؟","60","72","55","17","A","طبق F=ma، حاصل 12×5=60 نیوتن است.","ترنم همدلی","original","1405"
"یازدهم","ریاضی","فیزیک","فیزیک","حرکت و نیرو","قانون دوم نیوتن","محاسبات","متوسط","اگر m=13 kg و a=6 m/s² باشد، مقدار F در رابطه F=ma چند است؟","78","91","72","19","A","طبق F=ma، حاصل 13×6=78 نیوتن است.","ترنم همدلی","original","1405"
"یازدهم","ریاضی","فیزیک","فیزیک","حرکت و نیرو","قانون دوم نیوتن","محاسبات","متوسط","جرم جسمی 14 کیلوگرم و شتاب آن 7 متر بر مجذور ثانیه است. نیروی خالص چند نیوتن است؟","98","112","91","21","A","طبق F=ma، حاصل 14×7=98 نیوتن است.","ترنم همدلی","original","1405"
"یازدهم","ریاضی","فیزیک","فیزیک","حرکت و نیرو","قانون دوم نیوتن","محاسبات","آسان","جسمی با جرم 15 کیلوگرم تحت نیروی خالصی قرار دارد و شتاب آن 8 است. مقدار نیرو چند نیوتن است؟","120","135","112","23","A","طبق F=ma، حاصل 15×8=120 نیوتن است.","ترنم همدلی","original","1405"
"یازدهم","ریاضی","فیزیک","فیزیک","حرکت و نیرو","قانون دوم نیوتن","محاسبات","متوسط","اگر m=16 kg و a=9 m/s² باشد، مقدار F در رابطه F=ma چند است؟","144","160","135","25","A","طبق F=ma، حاصل 16×9=144 نیوتن است.","ترنم همدلی","original","1405"
"یازدهم","ریاضی","فیزیک","فیزیک","حرکت و نیرو","قانون دوم نیوتن","محاسبات","متوسط","جرم جسمی 17 کیلوگرم و شتاب آن 10 متر بر مجذور ثانیه است. نیروی خالص چند نیوتن است؟","170","187","160","27","A","طبق F=ma، حاصل 17×10=170 نیوتن است.","ترنم همدلی","original","1405"
"یازدهم","ریاضی","فیزیک","فیزیک","حرکت و نیرو","قانون دوم نیوتن","محاسبات","متوسط","جسمی با جرم 18 کیلوگرم تحت نیروی خالصی قرار دارد و شتاب آن 11 است. مقدار نیرو چند نیوتن است؟","198","216","187","29","A","طبق F=ma، حاصل 18×11=198 نیوتن است.","ترنم همدلی","original","1405"
"یازدهم","ریاضی","فیزیک","فیزیک","حرکت و نیرو","قانون دوم نیوتن","محاسبات","متوسط","اگر m=19 kg و a=12 m/s² باشد، مقدار F در رابطه F=ma چند است؟","228","247","216","31","A","طبق F=ma، حاصل 19×12=228 نیوتن است.","ترنم همدلی","original","1405"
"دوازدهم","ریاضی","فیزیک","فیزیک","حرکت و نیرو","قانون دوم نیوتن","محاسبات","آسان","جرم جسمی 2 کیلوگرم و شتاب آن 1 متر بر مجذور ثانیه است. نیروی خالص چند نیوتن است؟","2","4","1","3","A","طبق F=ma، حاصل 2×1=2 نیوتن است.","ترنم همدلی","original","1405"
"دوازدهم","ریاضی","فیزیک","فیزیک","حرکت و نیرو","قانون دوم نیوتن","محاسبات","متوسط","جسمی با جرم 3 کیلوگرم تحت نیروی خالصی قرار دارد و شتاب آن 2 است. مقدار نیرو چند نیوتن است؟","6","9","4","5","A","طبق F=ma، حاصل 3×2=6 نیوتن است.","ترنم همدلی","original","1405"
"دوازدهم","ریاضی","فیزیک","فیزیک","حرکت و نیرو","قانون دوم نیوتن","محاسبات","متوسط","اگر m=4 kg و a=3 m/s² باشد، مقدار F در رابطه F=ma چند است؟","12","16","9","7","A","طبق F=ma، حاصل 4×3=12 نیوتن است.","ترنم همدلی","original","1405"
"دوازدهم","ریاضی","فیزیک","فیزیک","حرکت و نیرو","قانون دوم نیوتن","محاسبات","متوسط","جرم جسمی 5 کیلوگرم و شتاب آن 4 متر بر مجذور ثانیه است. نیروی خالص چند نیوتن است؟","20","25","16","9","A","طبق F=ma، حاصل 5×4=20 نیوتن است.","ترنم همدلی","original","1405"
"دوازدهم","ریاضی","فیزیک","فیزیک","حرکت و نیرو","قانون دوم نیوتن","محاسبات","متوسط","جسمی با جرم 6 کیلوگرم تحت نیروی خالصی قرار دارد و شتاب آن 5 است. مقدار نیرو چند نیوتن است؟","30","36","25","11","A","طبق F=ma، حاصل 6×5=30 نیوتن است.","ترنم همدلی","original","1405"
"دوازدهم","ریاضی","فیزیک","فیزیک","حرکت و نیرو","قانون دوم نیوتن","محاسبات","آسان","اگر m=7 kg و a=6 m/s² باشد، مقدار F در رابطه F=ma چند است؟","42","49","36","13","A","طبق F=ma، حاصل 7×6=42 نیوتن است.","ترنم همدلی","original","1405"
"دوازدهم","ریاضی","فیزیک","فیزیک","حرکت و نیرو","قانون دوم نیوتن","محاسبات","متوسط","جرم جسمی 8 کیلوگرم و شتاب آن 7 متر بر مجذور ثانیه است. نیروی خالص چند نیوتن است؟","56","64","49","15","A","طبق F=ma، حاصل 8×7=56 نیوتن است.","ترنم همدلی","original","1405"
"دوازدهم","ریاضی","فیزیک","فیزیک","حرکت و نیرو","قانون دوم نیوتن","محاسبات","متوسط","جسمی با جرم 9 کیلوگرم تحت نیروی خالصی قرار دارد و شتاب آن 8 است. مقدار نیرو چند نیوتن است؟","72","81","64","17","A","طبق F=ma، حاصل 9×8=72 نیوتن است.","ترنم همدلی","original","1405"
"دوازدهم","ریاضی","فیزیک","فیزیک","حرکت و نیرو","قانون دوم نیوتن","محاسبات","متوسط","اگر m=10 kg و a=9 m/s² باشد، مقدار F در رابطه F=ma چند است؟","90","100","81","19","A","طبق F=ma، حاصل 10×9=90 نیوتن است.","ترنم همدلی","original","1405"
"دوازدهم","ریاضی","فیزیک","فیزیک","حرکت و نیرو","قانون دوم نیوتن","محاسبات","متوسط","جرم جسمی 11 کیلوگرم و شتاب آن 10 متر بر مجذور ثانیه است. نیروی خالص چند نیوتن است؟","110","121","100","21","A","طبق F=ma، حاصل 11×10=110 نیوتن است.","ترنم همدلی","original","1405"
"دوازدهم","ریاضی","فیزیک","فیزیک","حرکت و نیرو","قانون دوم نیوتن","محاسبات","آسان","جسمی با جرم 12 کیلوگرم تحت نیروی خالصی قرار دارد و شتاب آن 11 است. مقدار نیرو چند نیوتن است؟","132","144","121","23","A","طبق F=ma، حاصل 12×11=132 نیوتن است.","ترنم همدلی","original","1405"
"دوازدهم","ریاضی","فیزیک","فیزیک","حرکت و نیرو","قانون دوم نیوتن","محاسبات","متوسط","اگر m=13 kg و a=12 m/s² باشد، مقدار F در رابطه F=ma چند است؟","156","169","144","25","A","طبق F=ma، حاصل 13×12=156 نیوتن است.","ترنم همدلی","original","1405"
"دوازدهم","ریاضی","فیزیک","فیزیک","حرکت و نیرو","قانون دوم نیوتن","محاسبات","متوسط","جرم جسمی 14 کیلوگرم و شتاب آن 1 متر بر مجذور ثانیه است. نیروی خالص چند نیوتن است؟","14","28","13","15","A","طبق F=ma، حاصل 14×1=14 نیوتن است.","ترنم همدلی","original","1405"
"دوازدهم","ریاضی","فیزیک","فیزیک","حرکت و نیرو","قانون دوم نیوتن","محاسبات","متوسط","جسمی با جرم 15 کیلوگرم تحت نیروی خالصی قرار دارد و شتاب آن 2 است. مقدار نیرو چند نیوتن است؟","30","45","28","17","A","طبق F=ma، حاصل 15×2=30 نیوتن است.","ترنم همدلی","original","1405"
"دوازدهم","ریاضی","فیزیک","فیزیک","حرکت و نیرو","قانون دوم نیوتن","محاسبات","متوسط","اگر m=16 kg و a=3 m/s² باشد، مقدار F در رابطه F=ma چند است؟","48","64","45","19","A","طبق F=ma، حاصل 16×3=48 نیوتن است.","ترنم همدلی","original","1405"
"دوازدهم","ریاضی","فیزیک","فیزیک","حرکت و نیرو","قانون دوم نیوتن","محاسبات","آسان","جرم جسمی 17 کیلوگرم و شتاب آن 4 متر بر مجذور ثانیه است. نیروی خالص چند نیوتن است؟","68","85","64","21","A","طبق F=ma، حاصل 17×4=68 نیوتن است.","ترنم همدلی","original","1405"
"دوازدهم","ریاضی","فیزیک","فیزیک","حرکت و نیرو","قانون دوم نیوتن","محاسبات","متوسط","جسمی با جرم 18 کیلوگرم تحت نیروی خالصی قرار دارد و شتاب آن 5 است. مقدار نیرو چند نیوتن است؟","90","108","85","23","A","طبق F=ma، حاصل 18×5=90 نیوتن است.","ترنم همدلی","original","1405"
"دوازدهم","ریاضی","فیزیک","فیزیک","حرکت و نیرو","قانون دوم نیوتن","محاسبات","متوسط","اگر m=19 kg و a=6 m/s² باشد، مقدار F در رابطه F=ma چند است؟","114","133","108","25","A","طبق F=ma، حاصل 19×6=114 نیوتن است.","ترنم همدلی","original","1405"
"دوازدهم","ریاضی","فیزیک","فیزیک","حرکت و نیرو","قانون دوم نیوتن","محاسبات","متوسط","جرم جسمی 2 کیلوگرم و شتاب آن 7 متر بر مجذور ثانیه است. نیروی خالص چند نیوتن است؟","14","16","7","9","A","طبق F=ma، حاصل 2×7=14 نیوتن است.","ترنم همدلی","original","1405"
"دوازدهم","ریاضی","فیزیک","فیزیک","حرکت و نیرو","قانون دوم نیوتن","محاسبات","متوسط","جسمی با جرم 3 کیلوگرم تحت نیروی خالصی قرار دارد و شتاب آن 8 است. مقدار نیرو چند نیوتن است؟","24","27","16","11","A","طبق F=ma، حاصل 3×8=24 نیوتن است.","ترنم همدلی","original","1405"
"دوازدهم","ریاضی","فیزیک","فیزیک","حرکت و نیرو","قانون دوم نیوتن","محاسبات","آسان","اگر m=4 kg و a=9 m/s² باشد، مقدار F در رابطه F=ma چند است؟","36","40","27","13","A","طبق F=ma، حاصل 4×9=36 نیوتن است.","ترنم همدلی","original","1405"
"دوازدهم","ریاضی","فیزیک","فیزیک","حرکت و نیرو","قانون دوم نیوتن","محاسبات","متوسط","جرم جسمی 5 کیلوگرم و شتاب آن 10 متر بر مجذور ثانیه است. نیروی خالص چند نیوتن است؟","50","55","40","15","A","طبق F=ma، حاصل 5×10=50 نیوتن است.","ترنم همدلی","original","1405"
"دوازدهم","ریاضی","فیزیک","فیزیک","حرکت و نیرو","قانون دوم نیوتن","محاسبات","متوسط","جسمی با جرم 6 کیلوگرم تحت نیروی خالصی قرار دارد و شتاب آن 11 است. مقدار نیرو چند نیوتن است؟","66","72","55","17","A","طبق F=ma، حاصل 6×11=66 نیوتن است.","ترنم همدلی","original","1405"
"دوازدهم","ریاضی","فیزیک","فیزیک","حرکت و نیرو","قانون دوم نیوتن","محاسبات","متوسط","اگر m=7 kg و a=12 m/s² باشد، مقدار F در رابطه F=ma چند است؟","84","91","72","19","A","طبق F=ma، حاصل 7×12=84 نیوتن است.","ترنم همدلی","original","1405"
"دوازدهم","ریاضی","فیزیک","فیزیک","حرکت و نیرو","قانون دوم نیوتن","محاسبات","متوسط","جرم جسمی 8 کیلوگرم و شتاب آن 1 متر بر مجذور ثانیه است. نیروی خالص چند نیوتن است؟","8","16","7","9","A","طبق F=ma، حاصل 8×1=8 نیوتن است.","ترنم همدلی","original","1405"
"دوازدهم","ریاضی","فیزیک","فیزیک","حرکت و نیرو","قانون دوم نیوتن","محاسبات","آسان","جسمی با جرم 9 کیلوگرم تحت نیروی خالصی قرار دارد و شتاب آن 2 است. مقدار نیرو چند نیوتن است؟","18","27","16","11","A","طبق F=ma، حاصل 9×2=18 نیوتن است.","ترنم همدلی","original","1405"
"دوازدهم","ریاضی","فیزیک","فیزیک","حرکت و نیرو","قانون دوم نیوتن","محاسبات","متوسط","اگر m=10 kg و a=3 m/s² باشد، مقدار F در رابطه F=ma چند است؟","30","40","27","13","A","طبق F=ma، حاصل 10×3=30 نیوتن است.","ترنم همدلی","original","1405"
"دوازدهم","ریاضی","فیزیک","فیزیک","حرکت و نیرو","قانون دوم نیوتن","محاسبات","متوسط","جرم جسمی 11 کیلوگرم و شتاب آن 4 متر بر مجذور ثانیه است. نیروی خالص چند نیوتن است؟","44","55","40","15","A","طبق F=ma، حاصل 11×4=44 نیوتن است.","ترنم همدلی","original","1405"
"دوازدهم","ریاضی","فیزیک","فیزیک","حرکت و نیرو","قانون دوم نیوتن","محاسبات","متوسط","جسمی با جرم 12 کیلوگرم تحت نیروی خالصی قرار دارد و شتاب آن 5 است. مقدار نیرو چند نیوتن است؟","60","72","55","17","A","طبق F=ma، حاصل 12×5=60 نیوتن است.","ترنم همدلی","original","1405"
"دوازدهم","ریاضی","فیزیک","فیزیک","حرکت و نیرو","قانون دوم نیوتن","محاسبات","متوسط","اگر m=13 kg و a=6 m/s² باشد، مقدار F در رابطه F=ma چند است؟","78","91","72","19","A","طبق F=ma، حاصل 13×6=78 نیوتن است.","ترنم همدلی","original","1405"
"دوازدهم","ریاضی","فیزیک","فیزیک","حرکت و نیرو","قانون دوم نیوتن","محاسبات","آسان","جرم جسمی 14 کیلوگرم و شتاب آن 7 متر بر مجذور ثانیه است. نیروی خالص چند نیوتن است؟","98","112","91","21","A","طبق F=ma، حاصل 14×7=98 نیوتن است.","ترنم همدلی","original","1405"
"دوازدهم","ریاضی","فیزیک","فیزیک","حرکت و نیرو","قانون دوم نیوتن","محاسبات","متوسط","جسمی با جرم 15 کیلوگرم تحت نیروی خالصی قرار دارد و شتاب آن 8 است. مقدار نیرو چند نیوتن است؟","120","135","112","23","A","طبق F=ma، حاصل 15×8=120 نیوتن است.","ترنم همدلی","original","1405"
"دوازدهم","ریاضی","فیزیک","فیزیک","حرکت و نیرو","قانون دوم نیوتن","محاسبات","متوسط","اگر m=16 kg و a=9 m/s² باشد، مقدار F در رابطه F=ma چند است؟","144","160","135","25","A","طبق F=ma، حاصل 16×9=144 نیوتن است.","ترنم همدلی","original","1405"
"دوازدهم","ریاضی","فیزیک","فیزیک","حرکت و نیرو","قانون دوم نیوتن","محاسبات","متوسط","جرم جسمی 17 کیلوگرم و شتاب آن 10 متر بر مجذور ثانیه است. نیروی خالص چند نیوتن است؟","170","187","160","27","A","طبق F=ma، حاصل 17×10=170 نیوتن است.","ترنم همدلی","original","1405"
"دوازدهم","ریاضی","فیزیک","فیزیک","حرکت و نیرو","قانون دوم نیوتن","محاسبات","متوسط","جسمی با جرم 18 کیلوگرم تحت نیروی خالصی قرار دارد و شتاب آن 11 است. مقدار نیرو چند نیوتن است؟","198","216","187","29","A","طبق F=ma، حاصل 18×11=198 نیوتن است.","ترنم همدلی","original","1405"
"دوازدهم","ریاضی","فیزیک","فیزیک","حرکت و نیرو","قانون دوم نیوتن","محاسبات","آسان","اگر m=19 kg و a=12 m/s² باشد، مقدار F در رابطه F=ma چند است؟","228","247","216","31","A","طبق F=ma، حاصل 19×12=228 نیوتن است.","ترنم همدلی","original","1405"
"دوازدهم","ریاضی","فیزیک","فیزیک","حرکت و نیرو","قانون دوم نیوتن","محاسبات","متوسط","جرم جسمی 2 کیلوگرم و شتاب آن 1 متر بر مجذور ثانیه است. نیروی خالص چند نیوتن است؟","2","4","1","3","A","طبق F=ma، حاصل 2×1=2 نیوتن است.","ترنم همدلی","original","1405"
"دوازدهم","ریاضی","فیزیک","فیزیک","حرکت و نیرو","قانون دوم نیوتن","محاسبات","متوسط","جسمی با جرم 3 کیلوگرم تحت نیروی خالصی قرار دارد و شتاب آن 2 است. مقدار نیرو چند نیوتن است؟","6","9","4","5","A","طبق F=ma، حاصل 3×2=6 نیوتن است.","ترنم همدلی","original","1405"
"دوازدهم","ریاضی","فیزیک","فیزیک","حرکت و نیرو","قانون دوم نیوتن","محاسبات","متوسط","اگر m=4 kg و a=3 m/s² باشد، مقدار F در رابطه F=ma چند است؟","12","16","9","7","A","طبق F=ma، حاصل 4×3=12 نیوتن است.","ترنم همدلی","original","1405"
"دوازدهم","ریاضی","فیزیک","فیزیک","حرکت و نیرو","قانون دوم نیوتن","محاسبات","متوسط","جرم جسمی 5 کیلوگرم و شتاب آن 4 متر بر مجذور ثانیه است. نیروی خالص چند نیوتن است؟","20","25","16","9","A","طبق F=ma، حاصل 5×4=20 نیوتن است.","ترنم همدلی","original","1405"
"دوازدهم","ریاضی","فیزیک","فیزیک","حرکت و نیرو","قانون دوم نیوتن","محاسبات","آسان","جسمی با جرم 6 کیلوگرم تحت نیروی خالصی قرار دارد و شتاب آن 5 است. مقدار نیرو چند نیوتن است؟","30","36","25","11","A","طبق F=ma، حاصل 6×5=30 نیوتن است.","ترنم همدلی","original","1405"
"دوازدهم","ریاضی","فیزیک","فیزیک","حرکت و نیرو","قانون دوم نیوتن","محاسبات","متوسط","اگر m=7 kg و a=6 m/s² باشد، مقدار F در رابطه F=ma چند است؟","42","49","36","13","A","طبق F=ma، حاصل 7×6=42 نیوتن است.","ترنم همدلی","original","1405"
"دوازدهم","ریاضی","فیزیک","فیزیک","حرکت و نیرو","قانون دوم نیوتن","محاسبات","متوسط","جرم جسمی 8 کیلوگرم و شتاب آن 7 متر بر مجذور ثانیه است. نیروی خالص چند نیوتن است؟","56","64","49","15","A","طبق F=ma، حاصل 8×7=56 نیوتن است.","ترنم همدلی","original","1405"
"دوازدهم","ریاضی","فیزیک","فیزیک","حرکت و نیرو","قانون دوم نیوتن","محاسبات","متوسط","جسمی با جرم 9 کیلوگرم تحت نیروی خالصی قرار دارد و شتاب آن 8 است. مقدار نیرو چند نیوتن است؟","72","81","64","17","A","طبق F=ma، حاصل 9×8=72 نیوتن است.","ترنم همدلی","original","1405"
"دوازدهم","ریاضی","فیزیک","فیزیک","حرکت و نیرو","قانون دوم نیوتن","محاسبات","متوسط","اگر m=10 kg و a=9 m/s² باشد، مقدار F در رابطه F=ma چند است؟","90","100","81","19","A","طبق F=ma، حاصل 10×9=90 نیوتن است.","ترنم همدلی","original","1405"
"دوازدهم","ریاضی","فیزیک","فیزیک","حرکت و نیرو","قانون دوم نیوتن","محاسبات","آسان","جرم جسمی 11 کیلوگرم و شتاب آن 10 متر بر مجذور ثانیه است. نیروی خالص چند نیوتن است؟","110","121","100","21","A","طبق F=ma، حاصل 11×10=110 نیوتن است.","ترنم همدلی","original","1405"
"دوازدهم","ریاضی","فیزیک","فیزیک","حرکت و نیرو","قانون دوم نیوتن","محاسبات","متوسط","جسمی با جرم 12 کیلوگرم تحت نیروی خالصی قرار دارد و شتاب آن 11 است. مقدار نیرو چند نیوتن است؟","132","144","121","23","A","طبق F=ma، حاصل 12×11=132 نیوتن است.","ترنم همدلی","original","1405"
"دوازدهم","ریاضی","فیزیک","فیزیک","حرکت و نیرو","قانون دوم نیوتن","محاسبات","متوسط","اگر m=13 kg و a=12 m/s² باشد، مقدار F در رابطه F=ma چند است؟","156","169","144","25","A","طبق F=ma، حاصل 13×12=156 نیوتن است.","ترنم همدلی","original","1405"
"دوازدهم","ریاضی","فیزیک","فیزیک","حرکت و نیرو","قانون دوم نیوتن","محاسبات","متوسط","جرم جسمی 14 کیلوگرم و شتاب آن 1 متر بر مجذور ثانیه است. نیروی خالص چند نیوتن است؟","14","28","13","15","A","طبق F=ma، حاصل 14×1=14 نیوتن است.","ترنم همدلی","original","1405"
"دوازدهم","ریاضی","فیزیک","فیزیک","حرکت و نیرو","قانون دوم نیوتن","محاسبات","متوسط","جسمی با جرم 15 کیلوگرم تحت نیروی خالصی قرار دارد و شتاب آن 2 است. مقدار نیرو چند نیوتن است؟","30","45","28","17","A","طبق F=ma، حاصل 15×2=30 نیوتن است.","ترنم همدلی","original","1405"
"دوازدهم","ریاضی","فیزیک","فیزیک","حرکت و نیرو","قانون دوم نیوتن","محاسبات","آسان","اگر m=16 kg و a=3 m/s² باشد، مقدار F در رابطه F=ma چند است؟","48","64","45","19","A","طبق F=ma، حاصل 16×3=48 نیوتن است.","ترنم همدلی","original","1405"
"دوازدهم","ریاضی","فیزیک","فیزیک","حرکت و نیرو","قانون دوم نیوتن","محاسبات","متوسط","جرم جسمی 17 کیلوگرم و شتاب آن 4 متر بر مجذور ثانیه است. نیروی خالص چند نیوتن است؟","68","85","64","21","A","طبق F=ma، حاصل 17×4=68 نیوتن است.","ترنم همدلی","original","1405"
"دوازدهم","ریاضی","فیزیک","فیزیک","حرکت و نیرو","قانون دوم نیوتن","محاسبات","متوسط","جسمی با جرم 18 کیلوگرم تحت نیروی خالصی قرار دارد و شتاب آن 5 است. مقدار نیرو چند نیوتن است؟","90","108","85","23","A","طبق F=ma، حاصل 18×5=90 نیوتن است.","ترنم همدلی","original","1405"
"دوازدهم","ریاضی","فیزیک","فیزیک","حرکت و نیرو","قانون دوم نیوتن","محاسبات","متوسط","اگر m=19 kg و a=6 m/s² باشد، مقدار F در رابطه F=ma چند است؟","114","133","108","25","A","طبق F=ma، حاصل 19×6=114 نیوتن است.","ترنم همدلی","original","1405"
"دوازدهم","ریاضی","فیزیک","فیزیک","حرکت و نیرو","قانون دوم نیوتن","محاسبات","متوسط","جرم جسمی 2 کیلوگرم و شتاب آن 7 متر بر مجذور ثانیه است. نیروی خالص چند نیوتن است؟","14","16","7","9","A","طبق F=ma، حاصل 2×7=14 نیوتن است.","ترنم همدلی","original","1405"
"دوازدهم","ریاضی","فیزیک","فیزیک","حرکت و نیرو","قانون دوم نیوتن","محاسبات","آسان","جسمی با جرم 3 کیلوگرم تحت نیروی خالصی قرار دارد و شتاب آن 8 است. مقدار نیرو چند نیوتن است؟","24","27","16","11","A","طبق F=ma، حاصل 3×8=24 نیوتن است.","ترنم همدلی","original","1405"
"دوازدهم","ریاضی","فیزیک","فیزیک","حرکت و نیرو","قانون دوم نیوتن","محاسبات","متوسط","اگر m=4 kg و a=9 m/s² باشد، مقدار F در رابطه F=ma چند است؟","36","40","27","13","A","طبق F=ma، حاصل 4×9=36 نیوتن است.","ترنم همدلی","original","1405"
"دوازدهم","ریاضی","فیزیک","فیزیک","حرکت و نیرو","قانون دوم نیوتن","محاسبات","متوسط","جرم جسمی 5 کیلوگرم و شتاب آن 10 متر بر مجذور ثانیه است. نیروی خالص چند نیوتن است؟","50","55","40","15","A","طبق F=ma، حاصل 5×10=50 نیوتن است.","ترنم همدلی","original","1405"
"دوازدهم","ریاضی","فیزیک","فیزیک","حرکت و نیرو","قانون دوم نیوتن","محاسبات","متوسط","جسمی با جرم 6 کیلوگرم تحت نیروی خالصی قرار دارد و شتاب آن 11 است. مقدار نیرو چند نیوتن است؟","66","72","55","17","A","طبق F=ma، حاصل 6×11=66 نیوتن است.","ترنم همدلی","original","1405"
"دوازدهم","ریاضی","فیزیک","فیزیک","حرکت و نیرو","قانون دوم نیوتن","محاسبات","متوسط","اگر m=7 kg و a=12 m/s² باشد، مقدار F در رابطه F=ma چند است؟","84","91","72","19","A","طبق F=ma، حاصل 7×12=84 نیوتن است.","ترنم همدلی","original","1405"
"دوازدهم","ریاضی","فیزیک","فیزیک","حرکت و نیرو","قانون دوم نیوتن","محاسبات","آسان","جرم جسمی 8 کیلوگرم و شتاب آن 1 متر بر مجذور ثانیه است. نیروی خالص چند نیوتن است؟","8","16","7","9","A","طبق F=ma، حاصل 8×1=8 نیوتن است.","ترنم همدلی","original","1405"
"دوازدهم","ریاضی","فیزیک","فیزیک","حرکت و نیرو","قانون دوم نیوتن","محاسبات","متوسط","جسمی با جرم 9 کیلوگرم تحت نیروی خالصی قرار دارد و شتاب آن 2 است. مقدار نیرو چند نیوتن است؟","18","27","16","11","A","طبق F=ma، حاصل 9×2=18 نیوتن است.","ترنم همدلی","original","1405"
"دوازدهم","ریاضی","فیزیک","فیزیک","حرکت و نیرو","قانون دوم نیوتن","محاسبات","متوسط","اگر m=10 kg و a=3 m/s² باشد، مقدار F در رابطه F=ma چند است؟","30","40","27","13","A","طبق F=ma، حاصل 10×3=30 نیوتن است.","ترنم همدلی","original","1405"
"دوازدهم","ریاضی","فیزیک","فیزیک","حرکت و نیرو","قانون دوم نیوتن","محاسبات","متوسط","جرم جسمی 11 کیلوگرم و شتاب آن 4 متر بر مجذور ثانیه است. نیروی خالص چند نیوتن است؟","44","55","40","15","A","طبق F=ma، حاصل 11×4=44 نیوتن است.","ترنم همدلی","original","1405"
"دوازدهم","ریاضی","فیزیک","فیزیک","حرکت و نیرو","قانون دوم نیوتن","محاسبات","متوسط","جسمی با جرم 12 کیلوگرم تحت نیروی خالصی قرار دارد و شتاب آن 5 است. مقدار نیرو چند نیوتن است؟","60","72","55","17","A","طبق F=ma، حاصل 12×5=60 نیوتن است.","ترنم همدلی","original","1405"
"دوازدهم","ریاضی","فیزیک","فیزیک","حرکت و نیرو","قانون دوم نیوتن","محاسبات","آسان","اگر m=13 kg و a=6 m/s² باشد، مقدار F در رابطه F=ma چند است؟","78","91","72","19","A","طبق F=ma، حاصل 13×6=78 نیوتن است.","ترنم همدلی","original","1405"
"دوازدهم","ریاضی","فیزیک","فیزیک","حرکت و نیرو","قانون دوم نیوتن","محاسبات","متوسط","جرم جسمی 14 کیلوگرم و شتاب آن 7 متر بر مجذور ثانیه است. نیروی خالص چند نیوتن است؟","98","112","91","21","A","طبق F=ma، حاصل 14×7=98 نیوتن است.","ترنم همدلی","original","1405"
"دوازدهم","ریاضی","فیزیک","فیزیک","حرکت و نیرو","قانون دوم نیوتن","محاسبات","متوسط","جسمی با جرم 15 کیلوگرم تحت نیروی خالصی قرار دارد و شتاب آن 8 است. مقدار نیرو چند نیوتن است؟","120","135","112","23","A","طبق F=ma، حاصل 15×8=120 نیوتن است.","ترنم همدلی","original","1405"
"دوازدهم","ریاضی","فیزیک","فیزیک","حرکت و نیرو","قانون دوم نیوتن","محاسبات","متوسط","اگر m=16 kg و a=9 m/s² باشد، مقدار F در رابطه F=ma چند است؟","144","160","135","25","A","طبق F=ma، حاصل 16×9=144 نیوتن است.","ترنم همدلی","original","1405"
"دوازدهم","ریاضی","فیزیک","فیزیک","حرکت و نیرو","قانون دوم نیوتن","محاسبات","متوسط","جرم جسمی 17 کیلوگرم و شتاب آن 10 متر بر مجذور ثانیه است. نیروی خالص چند نیوتن است؟","170","187","160","27","A","طبق F=ma، حاصل 17×10=170 نیوتن است.","ترنم همدلی","original","1405"
"دوازدهم","ریاضی","فیزیک","فیزیک","حرکت و نیرو","قانون دوم نیوتن","محاسبات","آسان","جسمی با جرم 18 کیلوگرم تحت نیروی خالصی قرار دارد و شتاب آن 11 است. مقدار نیرو چند نیوتن است؟","198","216","187","29","A","طبق F=ma، حاصل 18×11=198 نیوتن است.","ترنم همدلی","original","1405"
"دوازدهم","ریاضی","فیزیک","فیزیک","حرکت و نیرو","قانون دوم نیوتن","محاسبات","متوسط","اگر m=19 kg و a=12 m/s² باشد، مقدار F در رابطه F=ma چند است؟","228","247","216","31","A","طبق F=ma، حاصل 19×12=228 نیوتن است.","ترنم همدلی","original","1405"
"دوازدهم","ریاضی","فیزیک","فیزیک","حرکت و نیرو","قانون دوم نیوتن","محاسبات","متوسط","جرم جسمی 2 کیلوگرم و شتاب آن 1 متر بر مجذور ثانیه است. نیروی خالص چند نیوتن است؟","2","4","1","3","A","طبق F=ma، حاصل 2×1=2 نیوتن است.","ترنم همدلی","original","1405"
"دوازدهم","ریاضی","فیزیک","فیزیک","حرکت و نیرو","قانون دوم نیوتن","محاسبات","متوسط","جسمی با جرم 3 کیلوگرم تحت نیروی خالصی قرار دارد و شتاب آن 2 است. مقدار نیرو چند نیوتن است؟","6","9","4","5","A","طبق F=ma، حاصل 3×2=6 نیوتن است.","ترنم همدلی","original","1405"
"دوازدهم","ریاضی","فیزیک","فیزیک","حرکت و نیرو","قانون دوم نیوتن","محاسبات","متوسط","اگر m=4 kg و a=3 m/s² باشد، مقدار F در رابطه F=ma چند است؟","12","16","9","7","A","طبق F=ma، حاصل 4×3=12 نیوتن است.","ترنم همدلی","original","1405"
"دوازدهم","ریاضی","فیزیک","فیزیک","حرکت و نیرو","قانون دوم نیوتن","محاسبات","آسان","جرم جسمی 5 کیلوگرم و شتاب آن 4 متر بر مجذور ثانیه است. نیروی خالص چند نیوتن است؟","20","25","16","9","A","طبق F=ma، حاصل 5×4=20 نیوتن است.","ترنم همدلی","original","1405"
"دوازدهم","ریاضی","فیزیک","فیزیک","حرکت و نیرو","قانون دوم نیوتن","محاسبات","متوسط","جسمی با جرم 6 کیلوگرم تحت نیروی خالصی قرار دارد و شتاب آن 5 است. مقدار نیرو چند نیوتن است؟","30","36","25","11","A","طبق F=ma، حاصل 6×5=30 نیوتن است.","ترنم همدلی","original","1405"
"دوازدهم","ریاضی","فیزیک","فیزیک","حرکت و نیرو","قانون دوم نیوتن","محاسبات","متوسط","اگر m=7 kg و a=6 m/s² باشد، مقدار F در رابطه F=ma چند است؟","42","49","36","13","A","طبق F=ma، حاصل 7×6=42 نیوتن است.","ترنم همدلی","original","1405"
"دوازدهم","ریاضی","فیزیک","فیزیک","حرکت و نیرو","قانون دوم نیوتن","محاسبات","متوسط","جرم جسمی 8 کیلوگرم و شتاب آن 7 متر بر مجذور ثانیه است. نیروی خالص چند نیوتن است؟","56","64","49","15","A","طبق F=ma، حاصل 8×7=56 نیوتن است.","ترنم همدلی","original","1405"
"دوازدهم","ریاضی","فیزیک","فیزیک","حرکت و نیرو","قانون دوم نیوتن","محاسبات","متوسط","جسمی با جرم 9 کیلوگرم تحت نیروی خالصی قرار دارد و شتاب آن 8 است. مقدار نیرو چند نیوتن است؟","72","81","64","17","A","طبق F=ma، حاصل 9×8=72 نیوتن است.","ترنم همدلی","original","1405"
"دوازدهم","ریاضی","فیزیک","فیزیک","حرکت و نیرو","قانون دوم نیوتن","محاسبات","آسان","اگر m=10 kg و a=9 m/s² باشد، مقدار F در رابطه F=ma چند است؟","90","100","81","19","A","طبق F=ma، حاصل 10×9=90 نیوتن است.","ترنم همدلی","original","1405"
"دوازدهم","ریاضی","فیزیک","فیزیک","حرکت و نیرو","قانون دوم نیوتن","محاسبات","متوسط","جرم جسمی 11 کیلوگرم و شتاب آن 10 متر بر مجذور ثانیه است. نیروی خالص چند نیوتن است؟","110","121","100","21","A","طبق F=ma، حاصل 11×10=110 نیوتن است.","ترنم همدلی","original","1405"
"دوازدهم","ریاضی","فیزیک","فیزیک","حرکت و نیرو","قانون دوم نیوتن","محاسبات","متوسط","جسمی با جرم 12 کیلوگرم تحت نیروی خالصی قرار دارد و شتاب آن 11 است. مقدار نیرو چند نیوتن است؟","132","144","121","23","A","طبق F=ma، حاصل 12×11=132 نیوتن است.","ترنم همدلی","original","1405"
"دوازدهم","ریاضی","فیزیک","فیزیک","حرکت و نیرو","قانون دوم نیوتن","محاسبات","متوسط","اگر m=13 kg و a=12 m/s² باشد، مقدار F در رابطه F=ma چند است؟","156","169","144","25","A","طبق F=ma، حاصل 13×12=156 نیوتن است.","ترنم همدلی","original","1405"
"دوازدهم","ریاضی","فیزیک","فیزیک","حرکت و نیرو","قانون دوم نیوتن","محاسبات","متوسط","جرم جسمی 14 کیلوگرم و شتاب آن 1 متر بر مجذور ثانیه است. نیروی خالص چند نیوتن است؟","14","28","13","15","A","طبق F=ma، حاصل 14×1=14 نیوتن است.","ترنم همدلی","original","1405"
"دوازدهم","ریاضی","فیزیک","فیزیک","حرکت و نیرو","قانون دوم نیوتن","محاسبات","آسان","جسمی با جرم 15 کیلوگرم تحت نیروی خالصی قرار دارد و شتاب آن 2 است. مقدار نیرو چند نیوتن است؟","30","45","28","17","A","طبق F=ma، حاصل 15×2=30 نیوتن است.","ترنم همدلی","original","1405"
"دوازدهم","ریاضی","فیزیک","فیزیک","حرکت و نیرو","قانون دوم نیوتن","محاسبات","متوسط","اگر m=16 kg و a=3 m/s² باشد، مقدار F در رابطه F=ma چند است؟","48","64","45","19","A","طبق F=ma، حاصل 16×3=48 نیوتن است.","ترنم همدلی","original","1405"
"دوازدهم","ریاضی","فیزیک","فیزیک","حرکت و نیرو","قانون دوم نیوتن","محاسبات","متوسط","جرم جسمی 17 کیلوگرم و شتاب آن 4 متر بر مجذور ثانیه است. نیروی خالص چند نیوتن است؟","68","85","64","21","A","طبق F=ma، حاصل 17×4=68 نیوتن است.","ترنم همدلی","original","1405"
"دوازدهم","ریاضی","فیزیک","فیزیک","حرکت و نیرو","قانون دوم نیوتن","محاسبات","متوسط","جسمی با جرم 18 کیلوگرم تحت نیروی خالصی قرار دارد و شتاب آن 5 است. مقدار نیرو چند نیوتن است؟","90","108","85","23","A","طبق F=ma، حاصل 18×5=90 نیوتن است.","ترنم همدلی","original","1405"
"دوازدهم","ریاضی","فیزیک","فیزیک","حرکت و نیرو","قانون دوم نیوتن","محاسبات","متوسط","اگر m=19 kg و a=6 m/s² باشد، مقدار F در رابطه F=ma چند است؟","114","133","108","25","A","طبق F=ma، حاصل 19×6=114 نیوتن است.","ترنم همدلی","original","1405"
"دوازدهم","ریاضی","فیزیک","فیزیک","حرکت و نیرو","قانون دوم نیوتن","محاسبات","آسان","جرم جسمی 2 کیلوگرم و شتاب آن 7 متر بر مجذور ثانیه است. نیروی خالص چند نیوتن است؟","14","16","7","9","A","طبق F=ma، حاصل 2×7=14 نیوتن است.","ترنم همدلی","original","1405"
"دوازدهم","ریاضی","فیزیک","فیزیک","حرکت و نیرو","قانون دوم نیوتن","محاسبات","متوسط","جسمی با جرم 3 کیلوگرم تحت نیروی خالصی قرار دارد و شتاب آن 8 است. مقدار نیرو چند نیوتن است؟","24","27","16","11","A","طبق F=ma، حاصل 3×8=24 نیوتن است.","ترنم همدلی","original","1405"
"دوازدهم","ریاضی","فیزیک","فیزیک","حرکت و نیرو","قانون دوم نیوتن","محاسبات","متوسط","اگر m=4 kg و a=9 m/s² باشد، مقدار F در رابطه F=ma چند است؟","36","40","27","13","A","طبق F=ma، حاصل 4×9=36 نیوتن است.","ترنم همدلی","original","1405"
"دوازدهم","ریاضی","فیزیک","فیزیک","حرکت و نیرو","قانون دوم نیوتن","محاسبات","متوسط","جرم جسمی 5 کیلوگرم و شتاب آن 10 متر بر مجذور ثانیه است. نیروی خالص چند نیوتن است؟","50","55","40","15","A","طبق F=ma، حاصل 5×10=50 نیوتن است.","ترنم همدلی","original","1405"
"دوازدهم","ریاضی","فیزیک","فیزیک","حرکت و نیرو","قانون دوم نیوتن","محاسبات","متوسط","جسمی با جرم 6 کیلوگرم تحت نیروی خالصی قرار دارد و شتاب آن 11 است. مقدار نیرو چند نیوتن است؟","66","72","55","17","A","طبق F=ma، حاصل 6×11=66 نیوتن است.","ترنم همدلی","original","1405"
"دوازدهم","ریاضی","فیزیک","فیزیک","حرکت و نیرو","قانون دوم نیوتن","محاسبات","آسان","اگر m=7 kg و a=12 m/s² باشد، مقدار F در رابطه F=ma چند است؟","84","91","72","19","A","طبق F=ma، حاصل 7×12=84 نیوتن است.","ترنم همدلی","original","1405"
"دوازدهم","ریاضی","فیزیک","فیزیک","حرکت و نیرو","قانون دوم نیوتن","محاسبات","متوسط","جرم جسمی 8 کیلوگرم و شتاب آن 1 متر بر مجذور ثانیه است. نیروی خالص چند نیوتن است؟","8","16","7","9","A","طبق F=ma، حاصل 8×1=8 نیوتن است.","ترنم همدلی","original","1405"
"دوازدهم","ریاضی","فیزیک","فیزیک","حرکت و نیرو","قانون دوم نیوتن","محاسبات","متوسط","جسمی با جرم 9 کیلوگرم تحت نیروی خالصی قرار دارد و شتاب آن 2 است. مقدار نیرو چند نیوتن است؟","18","27","16","11","A","طبق F=ma، حاصل 9×2=18 نیوتن است.","ترنم همدلی","original","1405"
"دوازدهم","ریاضی","فیزیک","فیزیک","حرکت و نیرو","قانون دوم نیوتن","محاسبات","متوسط","اگر m=10 kg و a=3 m/s² باشد، مقدار F در رابطه F=ma چند است؟","30","40","27","13","A","طبق F=ma، حاصل 10×3=30 نیوتن است.","ترنم همدلی","original","1405"
"دوازدهم","ریاضی","فیزیک","فیزیک","حرکت و نیرو","قانون دوم نیوتن","محاسبات","متوسط","جرم جسمی 11 کیلوگرم و شتاب آن 4 متر بر مجذور ثانیه است. نیروی خالص چند نیوتن است؟","44","55","40","15","A","طبق F=ma، حاصل 11×4=44 نیوتن است.","ترنم همدلی","original","1405"
"دوازدهم","ریاضی","فیزیک","فیزیک","حرکت و نیرو","قانون دوم نیوتن","محاسبات","آسان","جسمی با جرم 12 کیلوگرم تحت نیروی خالصی قرار دارد و شتاب آن 5 است. مقدار نیرو چند نیوتن است؟","60","72","55","17","A","طبق F=ma، حاصل 12×5=60 نیوتن است.","ترنم همدلی","original","1405"
"دوازدهم","ریاضی","فیزیک","فیزیک","حرکت و نیرو","قانون دوم نیوتن","محاسبات","متوسط","اگر m=13 kg و a=6 m/s² باشد، مقدار F در رابطه F=ma چند است؟","78","91","72","19","A","طبق F=ma، حاصل 13×6=78 نیوتن است.","ترنم همدلی","original","1405"
"دوازدهم","ریاضی","فیزیک","فیزیک","حرکت و نیرو","قانون دوم نیوتن","محاسبات","متوسط","جرم جسمی 14 کیلوگرم و شتاب آن 7 متر بر مجذور ثانیه است. نیروی خالص چند نیوتن است؟","98","112","91","21","A","طبق F=ma، حاصل 14×7=98 نیوتن است.","ترنم همدلی","original","1405"
"دوازدهم","ریاضی","فیزیک","فیزیک","حرکت و نیرو","قانون دوم نیوتن","محاسبات","متوسط","جسمی با جرم 15 کیلوگرم تحت نیروی خالصی قرار دارد و شتاب آن 8 است. مقدار نیرو چند نیوتن است؟","120","135","112","23","A","طبق F=ma، حاصل 15×8=120 نیوتن است.","ترنم همدلی","original","1405"
"دوازدهم","ریاضی","فیزیک","فیزیک","حرکت و نیرو","قانون دوم نیوتن","محاسبات","متوسط","اگر m=16 kg و a=9 m/s² باشد، مقدار F در رابطه F=ma چند است؟","144","160","135","25","A","طبق F=ma، حاصل 16×9=144 نیوتن است.","ترنم همدلی","original","1405"
"دوازدهم","ریاضی","فیزیک","فیزیک","حرکت و نیرو","قانون دوم نیوتن","محاسبات","آسان","جرم جسمی 17 کیلوگرم و شتاب آن 10 متر بر مجذور ثانیه است. نیروی خالص چند نیوتن است؟","170","187","160","27","A","طبق F=ma، حاصل 17×10=170 نیوتن است.","ترنم همدلی","original","1405"
"دوازدهم","ریاضی","فیزیک","فیزیک","حرکت و نیرو","قانون دوم نیوتن","محاسبات","متوسط","جسمی با جرم 18 کیلوگرم تحت نیروی خالصی قرار دارد و شتاب آن 11 است. مقدار نیرو چند نیوتن است؟","198","216","187","29","A","طبق F=ma، حاصل 18×11=198 نیوتن است.","ترنم همدلی","original","1405"
"دوازدهم","ریاضی","فیزیک","فیزیک","حرکت و نیرو","قانون دوم نیوتن","محاسبات","متوسط","اگر m=19 kg و a=12 m/s² باشد، مقدار F در رابطه F=ma چند است؟","228","247","216","31","A","طبق F=ma، حاصل 19×12=228 نیوتن است.","ترنم همدلی","original","1405"
"دوازدهم","ریاضی","فیزیک","فیزیک","حرکت و نیرو","قانون دوم نیوتن","محاسبات","متوسط","جرم جسمی 2 کیلوگرم و شتاب آن 1 متر بر مجذور ثانیه است. نیروی خالص چند نیوتن است؟","2","4","1","3","A","طبق F=ma، حاصل 2×1=2 نیوتن است.","ترنم همدلی","original","1405"
"دوازدهم","ریاضی","فیزیک","فیزیک","حرکت و نیرو","قانون دوم نیوتن","محاسبات","متوسط","جسمی با جرم 3 کیلوگرم تحت نیروی خالصی قرار دارد و شتاب آن 2 است. مقدار نیرو چند نیوتن است؟","6","9","4","5","A","طبق F=ma، حاصل 3×2=6 نیوتن است.","ترنم همدلی","original","1405"
"دوازدهم","ریاضی","فیزیک","فیزیک","حرکت و نیرو","قانون دوم نیوتن","محاسبات","آسان","اگر m=4 kg و a=3 m/s² باشد، مقدار F در رابطه F=ma چند است؟","12","16","9","7","A","طبق F=ma، حاصل 4×3=12 نیوتن است.","ترنم همدلی","original","1405"
"دوازدهم","ریاضی","فیزیک","فیزیک","حرکت و نیرو","قانون دوم نیوتن","محاسبات","متوسط","جرم جسمی 5 کیلوگرم و شتاب آن 4 متر بر مجذور ثانیه است. نیروی خالص چند نیوتن است؟","20","25","16","9","A","طبق F=ma، حاصل 5×4=20 نیوتن است.","ترنم همدلی","original","1405"
"دوازدهم","ریاضی","فیزیک","فیزیک","حرکت و نیرو","قانون دوم نیوتن","محاسبات","متوسط","جسمی با جرم 6 کیلوگرم تحت نیروی خالصی قرار دارد و شتاب آن 5 است. مقدار نیرو چند نیوتن است؟","30","36","25","11","A","طبق F=ma، حاصل 6×5=30 نیوتن است.","ترنم همدلی","original","1405"
"دوازدهم","ریاضی","فیزیک","فیزیک","حرکت و نیرو","قانون دوم نیوتن","محاسبات","متوسط","اگر m=7 kg و a=6 m/s² باشد، مقدار F در رابطه F=ma چند است؟","42","49","36","13","A","طبق F=ma، حاصل 7×6=42 نیوتن است.","ترنم همدلی","original","1405"
"دوازدهم","ریاضی","فیزیک","فیزیک","حرکت و نیرو","قانون دوم نیوتن","محاسبات","متوسط","جرم جسمی 8 کیلوگرم و شتاب آن 7 متر بر مجذور ثانیه است. نیروی خالص چند نیوتن است؟","56","64","49","15","A","طبق F=ma، حاصل 8×7=56 نیوتن است.","ترنم همدلی","original","1405"
"دوازدهم","ریاضی","فیزیک","فیزیک","حرکت و نیرو","قانون دوم نیوتن","محاسبات","آسان","جسمی با جرم 9 کیلوگرم تحت نیروی خالصی قرار دارد و شتاب آن 8 است. مقدار نیرو چند نیوتن است؟","72","81","64","17","A","طبق F=ma، حاصل 9×8=72 نیوتن است.","ترنم همدلی","original","1405"
"دوازدهم","ریاضی","فیزیک","فیزیک","حرکت و نیرو","قانون دوم نیوتن","محاسبات","متوسط","اگر m=10 kg و a=9 m/s² باشد، مقدار F در رابطه F=ma چند است؟","90","100","81","19","A","طبق F=ma، حاصل 10×9=90 نیوتن است.","ترنم همدلی","original","1405"
"دوازدهم","ریاضی","فیزیک","فیزیک","حرکت و نیرو","قانون دوم نیوتن","محاسبات","متوسط","جرم جسمی 11 کیلوگرم و شتاب آن 10 متر بر مجذور ثانیه است. نیروی خالص چند نیوتن است؟","110","121","100","21","A","طبق F=ma، حاصل 11×10=110 نیوتن است.","ترنم همدلی","original","1405"
"دوازدهم","ریاضی","فیزیک","فیزیک","حرکت و نیرو","قانون دوم نیوتن","محاسبات","متوسط","جسمی با جرم 12 کیلوگرم تحت نیروی خالصی قرار دارد و شتاب آن 11 است. مقدار نیرو چند نیوتن است؟","132","144","121","23","A","طبق F=ma، حاصل 12×11=132 نیوتن است.","ترنم همدلی","original","1405"
"دوازدهم","ریاضی","فیزیک","فیزیک","حرکت و نیرو","قانون دوم نیوتن","محاسبات","متوسط","اگر m=13 kg و a=12 m/s² باشد، مقدار F در رابطه F=ma چند است؟","156","169","144","25","A","طبق F=ma، حاصل 13×12=156 نیوتن است.","ترنم همدلی","original","1405"
"دوازدهم","ریاضی","فیزیک","فیزیک","حرکت و نیرو","قانون دوم نیوتن","محاسبات","آسان","جرم جسمی 14 کیلوگرم و شتاب آن 1 متر بر مجذور ثانیه است. نیروی خالص چند نیوتن است؟","14","28","13","15","A","طبق F=ma، حاصل 14×1=14 نیوتن است.","ترنم همدلی","original","1405"
"دوازدهم","ریاضی","فیزیک","فیزیک","حرکت و نیرو","قانون دوم نیوتن","محاسبات","متوسط","جسمی با جرم 15 کیلوگرم تحت نیروی خالصی قرار دارد و شتاب آن 2 است. مقدار نیرو چند نیوتن است؟","30","45","28","17","A","طبق F=ma، حاصل 15×2=30 نیوتن است.","ترنم همدلی","original","1405"
"دوازدهم","ریاضی","فیزیک","فیزیک","حرکت و نیرو","قانون دوم نیوتن","محاسبات","متوسط","اگر m=16 kg و a=3 m/s² باشد، مقدار F در رابطه F=ma چند است؟","48","64","45","19","A","طبق F=ma، حاصل 16×3=48 نیوتن است.","ترنم همدلی","original","1405"
"دوازدهم","ریاضی","فیزیک","فیزیک","حرکت و نیرو","قانون دوم نیوتن","محاسبات","متوسط","جرم جسمی 17 کیلوگرم و شتاب آن 4 متر بر مجذور ثانیه است. نیروی خالص چند نیوتن است؟","68","85","64","21","A","طبق F=ma، حاصل 17×4=68 نیوتن است.","ترنم همدلی","original","1405"
"دوازدهم","ریاضی","فیزیک","فیزیک","حرکت و نیرو","قانون دوم نیوتن","محاسبات","متوسط","جسمی با جرم 18 کیلوگرم تحت نیروی خالصی قرار دارد و شتاب آن 5 است. مقدار نیرو چند نیوتن است؟","90","108","85","23","A","طبق F=ma، حاصل 18×5=90 نیوتن است.","ترنم همدلی","original","1405"
"دوازدهم","ریاضی","فیزیک","فیزیک","حرکت و نیرو","قانون دوم نیوتن","محاسبات","آسان","اگر m=19 kg و a=6 m/s² باشد، مقدار F در رابطه F=ma چند است؟","114","133","108","25","A","طبق F=ma، حاصل 19×6=114 نیوتن است.","ترنم همدلی","original","1405"
"دوازدهم","ریاضی","فیزیک","فیزیک","حرکت و نیرو","قانون دوم نیوتن","محاسبات","متوسط","جرم جسمی 2 کیلوگرم و شتاب آن 7 متر بر مجذور ثانیه است. نیروی خالص چند نیوتن است؟","14","16","7","9","A","طبق F=ma، حاصل 2×7=14 نیوتن است.","ترنم همدلی","original","1405"
"دوازدهم","ریاضی","فیزیک","فیزیک","حرکت و نیرو","قانون دوم نیوتن","محاسبات","متوسط","جسمی با جرم 3 کیلوگرم تحت نیروی خالصی قرار دارد و شتاب آن 8 است. مقدار نیرو چند نیوتن است؟","24","27","16","11","A","طبق F=ma، حاصل 3×8=24 نیوتن است.","ترنم همدلی","original","1405"
"دوازدهم","ریاضی","فیزیک","فیزیک","حرکت و نیرو","قانون دوم نیوتن","محاسبات","متوسط","اگر m=4 kg و a=9 m/s² باشد، مقدار F در رابطه F=ma چند است؟","36","40","27","13","A","طبق F=ma، حاصل 4×9=36 نیوتن است.","ترنم همدلی","original","1405"
"دوازدهم","ریاضی","فیزیک","فیزیک","حرکت و نیرو","قانون دوم نیوتن","محاسبات","متوسط","جرم جسمی 5 کیلوگرم و شتاب آن 10 متر بر مجذور ثانیه است. نیروی خالص چند نیوتن است؟","50","55","40","15","A","طبق F=ma، حاصل 5×10=50 نیوتن است.","ترنم همدلی","original","1405"
"دوازدهم","ریاضی","فیزیک","فیزیک","حرکت و نیرو","قانون دوم نیوتن","محاسبات","آسان","جسمی با جرم 6 کیلوگرم تحت نیروی خالصی قرار دارد و شتاب آن 11 است. مقدار نیرو چند نیوتن است؟","66","72","55","17","A","طبق F=ma، حاصل 6×11=66 نیوتن است.","ترنم همدلی","original","1405"
"دوازدهم","ریاضی","فیزیک","فیزیک","حرکت و نیرو","قانون دوم نیوتن","محاسبات","متوسط","اگر m=7 kg و a=12 m/s² باشد، مقدار F در رابطه F=ma چند است؟","84","91","72","19","A","طبق F=ma، حاصل 7×12=84 نیوتن است.","ترنم همدلی","original","1405"
"دوازدهم","ریاضی","فیزیک","فیزیک","حرکت و نیرو","قانون دوم نیوتن","محاسبات","متوسط","جرم جسمی 8 کیلوگرم و شتاب آن 1 متر بر مجذور ثانیه است. نیروی خالص چند نیوتن است؟","8","16","7","9","A","طبق F=ma، حاصل 8×1=8 نیوتن است.","ترنم همدلی","original","1405"
"دوازدهم","ریاضی","فیزیک","فیزیک","حرکت و نیرو","قانون دوم نیوتن","محاسبات","متوسط","جسمی با جرم 9 کیلوگرم تحت نیروی خالصی قرار دارد و شتاب آن 2 است. مقدار نیرو چند نیوتن است؟","18","27","16","11","A","طبق F=ma، حاصل 9×2=18 نیوتن است.","ترنم همدلی","original","1405"
"دوازدهم","ریاضی","فیزیک","فیزیک","حرکت و نیرو","قانون دوم نیوتن","محاسبات","متوسط","اگر m=10 kg و a=3 m/s² باشد، مقدار F در رابطه F=ma چند است؟","30","40","27","13","A","طبق F=ma، حاصل 10×3=30 نیوتن است.","ترنم همدلی","original","1405"
"دوازدهم","ریاضی","فیزیک","فیزیک","حرکت و نیرو","قانون دوم نیوتن","محاسبات","آسان","جرم جسمی 11 کیلوگرم و شتاب آن 4 متر بر مجذور ثانیه است. نیروی خالص چند نیوتن است؟","44","55","40","15","A","طبق F=ma، حاصل 11×4=44 نیوتن است.","ترنم همدلی","original","1405"
"دوازدهم","ریاضی","فیزیک","فیزیک","حرکت و نیرو","قانون دوم نیوتن","محاسبات","متوسط","جسمی با جرم 12 کیلوگرم تحت نیروی خالصی قرار دارد و شتاب آن 5 است. مقدار نیرو چند نیوتن است؟","60","72","55","17","A","طبق F=ma، حاصل 12×5=60 نیوتن است.","ترنم همدلی","original","1405"
"دوازدهم","ریاضی","فیزیک","فیزیک","حرکت و نیرو","قانون دوم نیوتن","محاسبات","متوسط","اگر m=13 kg و a=6 m/s² باشد، مقدار F در رابطه F=ma چند است؟","78","91","72","19","A","طبق F=ma، حاصل 13×6=78 نیوتن است.","ترنم همدلی","original","1405"
"دوازدهم","ریاضی","فیزیک","فیزیک","حرکت و نیرو","قانون دوم نیوتن","محاسبات","متوسط","جرم جسمی 14 کیلوگرم و شتاب آن 7 متر بر مجذور ثانیه است. نیروی خالص چند نیوتن است؟","98","112","91","21","A","طبق F=ma، حاصل 14×7=98 نیوتن است.","ترنم همدلی","original","1405"
"دوازدهم","ریاضی","فیزیک","فیزیک","حرکت و نیرو","قانون دوم نیوتن","محاسبات","متوسط","جسمی با جرم 15 کیلوگرم تحت نیروی خالصی قرار دارد و شتاب آن 8 است. مقدار نیرو چند نیوتن است؟","120","135","112","23","A","طبق F=ma، حاصل 15×8=120 نیوتن است.","ترنم همدلی","original","1405"
"دوازدهم","ریاضی","فیزیک","فیزیک","حرکت و نیرو","قانون دوم نیوتن","محاسبات","آسان","اگر m=16 kg و a=9 m/s² باشد، مقدار F در رابطه F=ma چند است؟","144","160","135","25","A","طبق F=ma، حاصل 16×9=144 نیوتن است.","ترنم همدلی","original","1405"
"دوازدهم","ریاضی","فیزیک","فیزیک","حرکت و نیرو","قانون دوم نیوتن","محاسبات","متوسط","جرم جسمی 17 کیلوگرم و شتاب آن 10 متر بر مجذور ثانیه است. نیروی خالص چند نیوتن است؟","170","187","160","27","A","طبق F=ma، حاصل 17×10=170 نیوتن است.","ترنم همدلی","original","1405"
"دوازدهم","ریاضی","فیزیک","فیزیک","حرکت و نیرو","قانون دوم نیوتن","محاسبات","متوسط","جسمی با جرم 18 کیلوگرم تحت نیروی خالصی قرار دارد و شتاب آن 11 است. مقدار نیرو چند نیوتن است؟","198","216","187","29","A","طبق F=ma، حاصل 18×11=198 نیوتن است.","ترنم همدلی","original","1405"
"دوازدهم","ریاضی","فیزیک","فیزیک","حرکت و نیرو","قانون دوم نیوتن","محاسبات","متوسط","اگر m=19 kg و a=12 m/s² باشد، مقدار F در رابطه F=ma چند است؟","228","247","216","31","A","طبق F=ma، حاصل 19×12=228 نیوتن است.","ترنم همدلی","original","1405"
"دوازدهم","ریاضی","فیزیک","فیزیک","حرکت و نیرو","قانون دوم نیوتن","محاسبات","متوسط","جرم جسمی 2 کیلوگرم و شتاب آن 1 متر بر مجذور ثانیه است. نیروی خالص چند نیوتن است؟","2","4","1","3","A","طبق F=ma، حاصل 2×1=2 نیوتن است.","ترنم همدلی","original","1405"
"دوازدهم","ریاضی","فیزیک","فیزیک","حرکت و نیرو","قانون دوم نیوتن","محاسبات","آسان","جسمی با جرم 3 کیلوگرم تحت نیروی خالصی قرار دارد و شتاب آن 2 است. مقدار نیرو چند نیوتن است؟","6","9","4","5","A","طبق F=ma، حاصل 3×2=6 نیوتن است.","ترنم همدلی","original","1405"
"دوازدهم","ریاضی","فیزیک","فیزیک","حرکت و نیرو","قانون دوم نیوتن","محاسبات","متوسط","اگر m=4 kg و a=3 m/s² باشد، مقدار F در رابطه F=ma چند است؟","12","16","9","7","A","طبق F=ma، حاصل 4×3=12 نیوتن است.","ترنم همدلی","original","1405"
"دوازدهم","ریاضی","فیزیک","فیزیک","حرکت و نیرو","قانون دوم نیوتن","محاسبات","متوسط","جرم جسمی 5 کیلوگرم و شتاب آن 4 متر بر مجذور ثانیه است. نیروی خالص چند نیوتن است؟","20","25","16","9","A","طبق F=ma، حاصل 5×4=20 نیوتن است.","ترنم همدلی","original","1405"
"دوازدهم","ریاضی","فیزیک","فیزیک","حرکت و نیرو","قانون دوم نیوتن","محاسبات","متوسط","جسمی با جرم 6 کیلوگرم تحت نیروی خالصی قرار دارد و شتاب آن 5 است. مقدار نیرو چند نیوتن است؟","30","36","25","11","A","طبق F=ma، حاصل 6×5=30 نیوتن است.","ترنم همدلی","original","1405"
"دوازدهم","ریاضی","فیزیک","فیزیک","حرکت و نیرو","قانون دوم نیوتن","محاسبات","متوسط","اگر m=7 kg و a=6 m/s² باشد، مقدار F در رابطه F=ma چند است؟","42","49","36","13","A","طبق F=ma، حاصل 7×6=42 نیوتن است.","ترنم همدلی","original","1405"
"دوازدهم","ریاضی","فیزیک","فیزیک","حرکت و نیرو","قانون دوم نیوتن","محاسبات","آسان","جرم جسمی 8 کیلوگرم و شتاب آن 7 متر بر مجذور ثانیه است. نیروی خالص چند نیوتن است؟","56","64","49","15","A","طبق F=ma، حاصل 8×7=56 نیوتن است.","ترنم همدلی","original","1405"
"دوازدهم","ریاضی","فیزیک","فیزیک","حرکت و نیرو","قانون دوم نیوتن","محاسبات","متوسط","جسمی با جرم 9 کیلوگرم تحت نیروی خالصی قرار دارد و شتاب آن 8 است. مقدار نیرو چند نیوتن است؟","72","81","64","17","A","طبق F=ma، حاصل 9×8=72 نیوتن است.","ترنم همدلی","original","1405"
"دوازدهم","ریاضی","فیزیک","فیزیک","حرکت و نیرو","قانون دوم نیوتن","محاسبات","متوسط","اگر m=10 kg و a=9 m/s² باشد، مقدار F در رابطه F=ma چند است؟","90","100","81","19","A","طبق F=ma، حاصل 10×9=90 نیوتن است.","ترنم همدلی","original","1405"
"دوازدهم","ریاضی","فیزیک","فیزیک","حرکت و نیرو","قانون دوم نیوتن","محاسبات","متوسط","جرم جسمی 11 کیلوگرم و شتاب آن 10 متر بر مجذور ثانیه است. نیروی خالص چند نیوتن است؟","110","121","100","21","A","طبق F=ma، حاصل 11×10=110 نیوتن است.","ترنم همدلی","original","1405"
"دوازدهم","ریاضی","فیزیک","فیزیک","حرکت و نیرو","قانون دوم نیوتن","محاسبات","متوسط","جسمی با جرم 12 کیلوگرم تحت نیروی خالصی قرار دارد و شتاب آن 11 است. مقدار نیرو چند نیوتن است؟","132","144","121","23","A","طبق F=ma، حاصل 12×11=132 نیوتن است.","ترنم همدلی","original","1405"
"دوازدهم","ریاضی","فیزیک","فیزیک","حرکت و نیرو","قانون دوم نیوتن","محاسبات","آسان","اگر m=13 kg و a=12 m/s² باشد، مقدار F در رابطه F=ma چند است؟","156","169","144","25","A","طبق F=ma، حاصل 13×12=156 نیوتن است.","ترنم همدلی","original","1405"
"دوازدهم","ریاضی","فیزیک","فیزیک","حرکت و نیرو","قانون دوم نیوتن","محاسبات","متوسط","جرم جسمی 14 کیلوگرم و شتاب آن 1 متر بر مجذور ثانیه است. نیروی خالص چند نیوتن است؟","14","28","13","15","A","طبق F=ma، حاصل 14×1=14 نیوتن است.","ترنم همدلی","original","1405"
"دوازدهم","ریاضی","فیزیک","فیزیک","حرکت و نیرو","قانون دوم نیوتن","محاسبات","متوسط","جسمی با جرم 15 کیلوگرم تحت نیروی خالصی قرار دارد و شتاب آن 2 است. مقدار نیرو چند نیوتن است؟","30","45","28","17","A","طبق F=ma، حاصل 15×2=30 نیوتن است.","ترنم همدلی","original","1405"
"دوازدهم","ریاضی","فیزیک","فیزیک","حرکت و نیرو","قانون دوم نیوتن","محاسبات","متوسط","اگر m=16 kg و a=3 m/s² باشد، مقدار F در رابطه F=ma چند است؟","48","64","45","19","A","طبق F=ma، حاصل 16×3=48 نیوتن است.","ترنم همدلی","original","1405"
"دوازدهم","ریاضی","فیزیک","فیزیک","حرکت و نیرو","قانون دوم نیوتن","محاسبات","متوسط","جرم جسمی 17 کیلوگرم و شتاب آن 4 متر بر مجذور ثانیه است. نیروی خالص چند نیوتن است؟","68","85","64","21","A","طبق F=ma، حاصل 17×4=68 نیوتن است.","ترنم همدلی","original","1405"
"دوازدهم","ریاضی","فیزیک","فیزیک","حرکت و نیرو","قانون دوم نیوتن","محاسبات","آسان","جسمی با جرم 18 کیلوگرم تحت نیروی خالصی قرار دارد و شتاب آن 5 است. مقدار نیرو چند نیوتن است؟","90","108","85","23","A","طبق F=ma، حاصل 18×5=90 نیوتن است.","ترنم همدلی","original","1405"
"دوازدهم","ریاضی","فیزیک","فیزیک","حرکت و نیرو","قانون دوم نیوتن","محاسبات","متوسط","اگر m=19 kg و a=6 m/s² باشد، مقدار F در رابطه F=ma چند است؟","114","133","108","25","A","طبق F=ma، حاصل 19×6=114 نیوتن است.","ترنم همدلی","original","1405"
"دوازدهم","ریاضی","فیزیک","فیزیک","حرکت و نیرو","قانون دوم نیوتن","محاسبات","متوسط","جرم جسمی 2 کیلوگرم و شتاب آن 7 متر بر مجذور ثانیه است. نیروی خالص چند نیوتن است؟","14","16","7","9","A","طبق F=ma، حاصل 2×7=14 نیوتن است.","ترنم همدلی","original","1405"
"دوازدهم","ریاضی","فیزیک","فیزیک","حرکت و نیرو","قانون دوم نیوتن","محاسبات","متوسط","جسمی با جرم 3 کیلوگرم تحت نیروی خالصی قرار دارد و شتاب آن 8 است. مقدار نیرو چند نیوتن است؟","24","27","16","11","A","طبق F=ma، حاصل 3×8=24 نیوتن است.","ترنم همدلی","original","1405"
"دوازدهم","ریاضی","فیزیک","فیزیک","حرکت و نیرو","قانون دوم نیوتن","محاسبات","متوسط","اگر m=4 kg و a=9 m/s² باشد، مقدار F در رابطه F=ma چند است؟","36","40","27","13","A","طبق F=ma، حاصل 4×9=36 نیوتن است.","ترنم همدلی","original","1405"
"دوازدهم","ریاضی","فیزیک","فیزیک","حرکت و نیرو","قانون دوم نیوتن","محاسبات","آسان","جرم جسمی 5 کیلوگرم و شتاب آن 10 متر بر مجذور ثانیه است. نیروی خالص چند نیوتن است؟","50","55","40","15","A","طبق F=ma، حاصل 5×10=50 نیوتن است.","ترنم همدلی","original","1405"
"دوازدهم","ریاضی","فیزیک","فیزیک","حرکت و نیرو","قانون دوم نیوتن","محاسبات","متوسط","جسمی با جرم 6 کیلوگرم تحت نیروی خالصی قرار دارد و شتاب آن 11 است. مقدار نیرو چند نیوتن است؟","66","72","55","17","A","طبق F=ma، حاصل 6×11=66 نیوتن است.","ترنم همدلی","original","1405"
"دوازدهم","ریاضی","فیزیک","فیزیک","حرکت و نیرو","قانون دوم نیوتن","محاسبات","متوسط","اگر m=7 kg و a=12 m/s² باشد، مقدار F در رابطه F=ma چند است؟","84","91","72","19","A","طبق F=ma، حاصل 7×12=84 نیوتن است.","ترنم همدلی","original","1405"
"دوازدهم","ریاضی","فیزیک","فیزیک","حرکت و نیرو","قانون دوم نیوتن","محاسبات","متوسط","جرم جسمی 8 کیلوگرم و شتاب آن 1 متر بر مجذور ثانیه است. نیروی خالص چند نیوتن است؟","8","16","7","9","A","طبق F=ma، حاصل 8×1=8 نیوتن است.","ترنم همدلی","original","1405"
"دوازدهم","ریاضی","فیزیک","فیزیک","حرکت و نیرو","قانون دوم نیوتن","محاسبات","متوسط","جسمی با جرم 9 کیلوگرم تحت نیروی خالصی قرار دارد و شتاب آن 2 است. مقدار نیرو چند نیوتن است؟","18","27","16","11","A","طبق F=ma، حاصل 9×2=18 نیوتن است.","ترنم همدلی","original","1405"
"دوازدهم","ریاضی","فیزیک","فیزیک","حرکت و نیرو","قانون دوم نیوتن","محاسبات","آسان","اگر m=10 kg و a=3 m/s² باشد، مقدار F در رابطه F=ma چند است؟","30","40","27","13","A","طبق F=ma، حاصل 10×3=30 نیوتن است.","ترنم همدلی","original","1405"
"دوازدهم","ریاضی","فیزیک","فیزیک","حرکت و نیرو","قانون دوم نیوتن","محاسبات","متوسط","جرم جسمی 11 کیلوگرم و شتاب آن 4 متر بر مجذور ثانیه است. نیروی خالص چند نیوتن است؟","44","55","40","15","A","طبق F=ma، حاصل 11×4=44 نیوتن است.","ترنم همدلی","original","1405"
"دوازدهم","ریاضی","فیزیک","فیزیک","حرکت و نیرو","قانون دوم نیوتن","محاسبات","متوسط","جسمی با جرم 12 کیلوگرم تحت نیروی خالصی قرار دارد و شتاب آن 5 است. مقدار نیرو چند نیوتن است؟","60","72","55","17","A","طبق F=ma، حاصل 12×5=60 نیوتن است.","ترنم همدلی","original","1405"
"دوازدهم","ریاضی","فیزیک","فیزیک","حرکت و نیرو","قانون دوم نیوتن","محاسبات","متوسط","اگر m=13 kg و a=6 m/s² باشد، مقدار F در رابطه F=ma چند است؟","78","91","72","19","A","طبق F=ma، حاصل 13×6=78 نیوتن است.","ترنم همدلی","original","1405"
"دوازدهم","ریاضی","فیزیک","فیزیک","حرکت و نیرو","قانون دوم نیوتن","محاسبات","متوسط","جرم جسمی 14 کیلوگرم و شتاب آن 7 متر بر مجذور ثانیه است. نیروی خالص چند نیوتن است؟","98","112","91","21","A","طبق F=ma، حاصل 14×7=98 نیوتن است.","ترنم همدلی","original","1405"
"دوازدهم","ریاضی","فیزیک","فیزیک","حرکت و نیرو","قانون دوم نیوتن","محاسبات","آسان","جسمی با جرم 15 کیلوگرم تحت نیروی خالصی قرار دارد و شتاب آن 8 است. مقدار نیرو چند نیوتن است؟","120","135","112","23","A","طبق F=ma، حاصل 15×8=120 نیوتن است.","ترنم همدلی","original","1405"
"دوازدهم","ریاضی","فیزیک","فیزیک","حرکت و نیرو","قانون دوم نیوتن","محاسبات","متوسط","اگر m=16 kg و a=9 m/s² باشد، مقدار F در رابطه F=ma چند است؟","144","160","135","25","A","طبق F=ma، حاصل 16×9=144 نیوتن است.","ترنم همدلی","original","1405"
"دوازدهم","ریاضی","فیزیک","فیزیک","حرکت و نیرو","قانون دوم نیوتن","محاسبات","متوسط","جرم جسمی 17 کیلوگرم و شتاب آن 10 متر بر مجذور ثانیه است. نیروی خالص چند نیوتن است؟","170","187","160","27","A","طبق F=ma، حاصل 17×10=170 نیوتن است.","ترنم همدلی","original","1405"
"دوازدهم","ریاضی","فیزیک","فیزیک","حرکت و نیرو","قانون دوم نیوتن","محاسبات","متوسط","جسمی با جرم 18 کیلوگرم تحت نیروی خالصی قرار دارد و شتاب آن 11 است. مقدار نیرو چند نیوتن است؟","198","216","187","29","A","طبق F=ma، حاصل 18×11=198 نیوتن است.","ترنم همدلی","original","1405"
"دوازدهم","ریاضی","فیزیک","فیزیک","حرکت و نیرو","قانون دوم نیوتن","محاسبات","متوسط","اگر m=19 kg و a=12 m/s² باشد، مقدار F در رابطه F=ma چند است؟","228","247","216","31","A","طبق F=ma، حاصل 19×12=228 نیوتن است.","ترنم همدلی","original","1405"
"دهم","تجربی","شیمی","شیمی","ساختار اتم","عدد اتمی و عدد جرمی","ذرات اتم","آسان","اتمی خنثی عدد اتمی 3 و 2 نوترون دارد. عدد جرمی آن کدام است؟","5","6","4","6","A","عدد جرمی از مجموع 3 پروتون و 2 نوترون به دست می‌آید.","ترنم همدلی","original","1405"
"دهم","تجربی","شیمی","شیمی","ساختار اتم","عدد اتمی و عدد جرمی","ذرات اتم","متوسط","هسته اتمی 4 پروتون و 3 نوترون دارد. عدد جرمی هسته چند است؟","7","8","6","8","A","عدد جرمی از مجموع 4 پروتون و 3 نوترون به دست می‌آید.","ترنم همدلی","original","1405"
"دهم","تجربی","شیمی","شیمی","ساختار اتم","عدد اتمی و عدد جرمی","ذرات اتم","متوسط","اگر تعداد پروتون‌ها 5 و تعداد نوترون‌ها 4 باشد، عدد جرمی چه مقداری است؟","9","10","8","10","A","عدد جرمی از مجموع 5 پروتون و 4 نوترون به دست می‌آید.","ترنم همدلی","original","1405"
"دهم","تجربی","شیمی","شیمی","ساختار اتم","عدد اتمی و عدد جرمی","ذرات اتم","متوسط","اتمی خنثی عدد اتمی 6 و 5 نوترون دارد. عدد جرمی آن کدام است؟","11","12","10","12","A","عدد جرمی از مجموع 6 پروتون و 5 نوترون به دست می‌آید.","ترنم همدلی","original","1405"
"دهم","تجربی","شیمی","شیمی","ساختار اتم","عدد اتمی و عدد جرمی","ذرات اتم","متوسط","هسته اتمی 7 پروتون و 6 نوترون دارد. عدد جرمی هسته چند است؟","13","14","12","14","A","عدد جرمی از مجموع 7 پروتون و 6 نوترون به دست می‌آید.","ترنم همدلی","original","1405"
"دهم","تجربی","شیمی","شیمی","ساختار اتم","عدد اتمی و عدد جرمی","ذرات اتم","آسان","اگر تعداد پروتون‌ها 8 و تعداد نوترون‌ها 7 باشد، عدد جرمی چه مقداری است؟","15","16","14","16","A","عدد جرمی از مجموع 8 پروتون و 7 نوترون به دست می‌آید.","ترنم همدلی","original","1405"
"دهم","تجربی","شیمی","شیمی","ساختار اتم","عدد اتمی و عدد جرمی","ذرات اتم","متوسط","اتمی خنثی عدد اتمی 9 و 8 نوترون دارد. عدد جرمی آن کدام است؟","17","18","16","18","A","عدد جرمی از مجموع 9 پروتون و 8 نوترون به دست می‌آید.","ترنم همدلی","original","1405"
"دهم","تجربی","شیمی","شیمی","ساختار اتم","عدد اتمی و عدد جرمی","ذرات اتم","متوسط","هسته اتمی 10 پروتون و 9 نوترون دارد. عدد جرمی هسته چند است؟","19","20","18","20","A","عدد جرمی از مجموع 10 پروتون و 9 نوترون به دست می‌آید.","ترنم همدلی","original","1405"
"دهم","تجربی","شیمی","شیمی","ساختار اتم","عدد اتمی و عدد جرمی","ذرات اتم","متوسط","اگر تعداد پروتون‌ها 11 و تعداد نوترون‌ها 10 باشد، عدد جرمی چه مقداری است؟","21","22","20","22","A","عدد جرمی از مجموع 11 پروتون و 10 نوترون به دست می‌آید.","ترنم همدلی","original","1405"
"دهم","تجربی","شیمی","شیمی","ساختار اتم","عدد اتمی و عدد جرمی","ذرات اتم","متوسط","اتمی خنثی عدد اتمی 12 و 11 نوترون دارد. عدد جرمی آن کدام است؟","23","24","22","24","A","عدد جرمی از مجموع 12 پروتون و 11 نوترون به دست می‌آید.","ترنم همدلی","original","1405"
"دهم","تجربی","شیمی","شیمی","ساختار اتم","عدد اتمی و عدد جرمی","ذرات اتم","آسان","هسته اتمی 13 پروتون و 12 نوترون دارد. عدد جرمی هسته چند است؟","25","26","24","26","A","عدد جرمی از مجموع 13 پروتون و 12 نوترون به دست می‌آید.","ترنم همدلی","original","1405"
"دهم","تجربی","شیمی","شیمی","ساختار اتم","عدد اتمی و عدد جرمی","ذرات اتم","متوسط","اگر تعداد پروتون‌ها 14 و تعداد نوترون‌ها 13 باشد، عدد جرمی چه مقداری است؟","27","28","26","28","A","عدد جرمی از مجموع 14 پروتون و 13 نوترون به دست می‌آید.","ترنم همدلی","original","1405"
"دهم","تجربی","شیمی","شیمی","ساختار اتم","عدد اتمی و عدد جرمی","ذرات اتم","متوسط","اتمی خنثی عدد اتمی 15 و 14 نوترون دارد. عدد جرمی آن کدام است؟","29","30","28","30","A","عدد جرمی از مجموع 15 پروتون و 14 نوترون به دست می‌آید.","ترنم همدلی","original","1405"
"دهم","تجربی","شیمی","شیمی","ساختار اتم","عدد اتمی و عدد جرمی","ذرات اتم","متوسط","هسته اتمی 16 پروتون و 15 نوترون دارد. عدد جرمی هسته چند است؟","31","32","30","32","A","عدد جرمی از مجموع 16 پروتون و 15 نوترون به دست می‌آید.","ترنم همدلی","original","1405"
"دهم","تجربی","شیمی","شیمی","ساختار اتم","عدد اتمی و عدد جرمی","ذرات اتم","متوسط","اگر تعداد پروتون‌ها 17 و تعداد نوترون‌ها 16 باشد، عدد جرمی چه مقداری است؟","33","34","32","34","A","عدد جرمی از مجموع 17 پروتون و 16 نوترون به دست می‌آید.","ترنم همدلی","original","1405"
"دهم","تجربی","شیمی","شیمی","ساختار اتم","عدد اتمی و عدد جرمی","ذرات اتم","آسان","اتمی خنثی عدد اتمی 18 و 2 نوترون دارد. عدد جرمی آن کدام است؟","20","21","19","36","A","عدد جرمی از مجموع 18 پروتون و 2 نوترون به دست می‌آید.","ترنم همدلی","original","1405"
"دهم","تجربی","شیمی","شیمی","ساختار اتم","عدد اتمی و عدد جرمی","ذرات اتم","متوسط","هسته اتمی 19 پروتون و 3 نوترون دارد. عدد جرمی هسته چند است؟","22","23","21","38","A","عدد جرمی از مجموع 19 پروتون و 3 نوترون به دست می‌آید.","ترنم همدلی","original","1405"
"دهم","تجربی","شیمی","شیمی","ساختار اتم","عدد اتمی و عدد جرمی","ذرات اتم","متوسط","اگر تعداد پروتون‌ها 20 و تعداد نوترون‌ها 4 باشد، عدد جرمی چه مقداری است؟","24","25","23","40","A","عدد جرمی از مجموع 20 پروتون و 4 نوترون به دست می‌آید.","ترنم همدلی","original","1405"
"دهم","تجربی","شیمی","شیمی","ساختار اتم","عدد اتمی و عدد جرمی","ذرات اتم","متوسط","اتمی خنثی عدد اتمی 21 و 5 نوترون دارد. عدد جرمی آن کدام است؟","26","27","25","42","A","عدد جرمی از مجموع 21 پروتون و 5 نوترون به دست می‌آید.","ترنم همدلی","original","1405"
"دهم","تجربی","شیمی","شیمی","ساختار اتم","عدد اتمی و عدد جرمی","ذرات اتم","متوسط","هسته اتمی 22 پروتون و 6 نوترون دارد. عدد جرمی هسته چند است؟","28","29","27","44","A","عدد جرمی از مجموع 22 پروتون و 6 نوترون به دست می‌آید.","ترنم همدلی","original","1405"
"دهم","تجربی","شیمی","شیمی","ساختار اتم","عدد اتمی و عدد جرمی","ذرات اتم","آسان","اگر تعداد پروتون‌ها 23 و تعداد نوترون‌ها 7 باشد، عدد جرمی چه مقداری است؟","30","31","29","46","A","عدد جرمی از مجموع 23 پروتون و 7 نوترون به دست می‌آید.","ترنم همدلی","original","1405"
"دهم","تجربی","شیمی","شیمی","ساختار اتم","عدد اتمی و عدد جرمی","ذرات اتم","متوسط","اتمی خنثی عدد اتمی 24 و 8 نوترون دارد. عدد جرمی آن کدام است؟","32","33","31","48","A","عدد جرمی از مجموع 24 پروتون و 8 نوترون به دست می‌آید.","ترنم همدلی","original","1405"
"دهم","تجربی","شیمی","شیمی","ساختار اتم","عدد اتمی و عدد جرمی","ذرات اتم","متوسط","هسته اتمی 25 پروتون و 9 نوترون دارد. عدد جرمی هسته چند است؟","34","35","33","50","A","عدد جرمی از مجموع 25 پروتون و 9 نوترون به دست می‌آید.","ترنم همدلی","original","1405"
"دهم","تجربی","شیمی","شیمی","ساختار اتم","عدد اتمی و عدد جرمی","ذرات اتم","متوسط","اگر تعداد پروتون‌ها 26 و تعداد نوترون‌ها 10 باشد، عدد جرمی چه مقداری است؟","36","37","35","52","A","عدد جرمی از مجموع 26 پروتون و 10 نوترون به دست می‌آید.","ترنم همدلی","original","1405"
"دهم","تجربی","شیمی","شیمی","ساختار اتم","عدد اتمی و عدد جرمی","ذرات اتم","متوسط","اتمی خنثی عدد اتمی 27 و 11 نوترون دارد. عدد جرمی آن کدام است؟","38","39","37","54","A","عدد جرمی از مجموع 27 پروتون و 11 نوترون به دست می‌آید.","ترنم همدلی","original","1405"
"دهم","تجربی","شیمی","شیمی","ساختار اتم","عدد اتمی و عدد جرمی","ذرات اتم","آسان","هسته اتمی 28 پروتون و 12 نوترون دارد. عدد جرمی هسته چند است؟","40","41","39","56","A","عدد جرمی از مجموع 28 پروتون و 12 نوترون به دست می‌آید.","ترنم همدلی","original","1405"
"دهم","تجربی","شیمی","شیمی","ساختار اتم","عدد اتمی و عدد جرمی","ذرات اتم","متوسط","اگر تعداد پروتون‌ها 29 و تعداد نوترون‌ها 13 باشد، عدد جرمی چه مقداری است؟","42","43","41","58","A","عدد جرمی از مجموع 29 پروتون و 13 نوترون به دست می‌آید.","ترنم همدلی","original","1405"
"دهم","تجربی","شیمی","شیمی","ساختار اتم","عدد اتمی و عدد جرمی","ذرات اتم","متوسط","اتمی خنثی عدد اتمی 30 و 14 نوترون دارد. عدد جرمی آن کدام است؟","44","45","43","60","A","عدد جرمی از مجموع 30 پروتون و 14 نوترون به دست می‌آید.","ترنم همدلی","original","1405"
"دهم","تجربی","شیمی","شیمی","ساختار اتم","عدد اتمی و عدد جرمی","ذرات اتم","متوسط","هسته اتمی 31 پروتون و 15 نوترون دارد. عدد جرمی هسته چند است؟","46","47","45","62","A","عدد جرمی از مجموع 31 پروتون و 15 نوترون به دست می‌آید.","ترنم همدلی","original","1405"
"دهم","تجربی","شیمی","شیمی","ساختار اتم","عدد اتمی و عدد جرمی","ذرات اتم","متوسط","اگر تعداد پروتون‌ها 32 و تعداد نوترون‌ها 16 باشد، عدد جرمی چه مقداری است؟","48","49","47","64","A","عدد جرمی از مجموع 32 پروتون و 16 نوترون به دست می‌آید.","ترنم همدلی","original","1405"
"دهم","تجربی","شیمی","شیمی","ساختار اتم","عدد اتمی و عدد جرمی","ذرات اتم","آسان","اتمی خنثی عدد اتمی 3 و 2 نوترون دارد. عدد جرمی آن کدام است؟","5","6","4","6","A","عدد جرمی از مجموع 3 پروتون و 2 نوترون به دست می‌آید.","ترنم همدلی","original","1405"
"دهم","تجربی","شیمی","شیمی","ساختار اتم","عدد اتمی و عدد جرمی","ذرات اتم","متوسط","هسته اتمی 4 پروتون و 3 نوترون دارد. عدد جرمی هسته چند است؟","7","8","6","8","A","عدد جرمی از مجموع 4 پروتون و 3 نوترون به دست می‌آید.","ترنم همدلی","original","1405"
"دهم","تجربی","شیمی","شیمی","ساختار اتم","عدد اتمی و عدد جرمی","ذرات اتم","متوسط","اگر تعداد پروتون‌ها 5 و تعداد نوترون‌ها 4 باشد، عدد جرمی چه مقداری است؟","9","10","8","10","A","عدد جرمی از مجموع 5 پروتون و 4 نوترون به دست می‌آید.","ترنم همدلی","original","1405"
"دهم","تجربی","شیمی","شیمی","ساختار اتم","عدد اتمی و عدد جرمی","ذرات اتم","متوسط","اتمی خنثی عدد اتمی 6 و 5 نوترون دارد. عدد جرمی آن کدام است؟","11","12","10","12","A","عدد جرمی از مجموع 6 پروتون و 5 نوترون به دست می‌آید.","ترنم همدلی","original","1405"
"دهم","تجربی","شیمی","شیمی","ساختار اتم","عدد اتمی و عدد جرمی","ذرات اتم","متوسط","هسته اتمی 7 پروتون و 6 نوترون دارد. عدد جرمی هسته چند است؟","13","14","12","14","A","عدد جرمی از مجموع 7 پروتون و 6 نوترون به دست می‌آید.","ترنم همدلی","original","1405"
"دهم","تجربی","شیمی","شیمی","ساختار اتم","عدد اتمی و عدد جرمی","ذرات اتم","آسان","اگر تعداد پروتون‌ها 8 و تعداد نوترون‌ها 7 باشد، عدد جرمی چه مقداری است؟","15","16","14","16","A","عدد جرمی از مجموع 8 پروتون و 7 نوترون به دست می‌آید.","ترنم همدلی","original","1405"
"دهم","تجربی","شیمی","شیمی","ساختار اتم","عدد اتمی و عدد جرمی","ذرات اتم","متوسط","اتمی خنثی عدد اتمی 9 و 8 نوترون دارد. عدد جرمی آن کدام است؟","17","18","16","18","A","عدد جرمی از مجموع 9 پروتون و 8 نوترون به دست می‌آید.","ترنم همدلی","original","1405"
"دهم","تجربی","شیمی","شیمی","ساختار اتم","عدد اتمی و عدد جرمی","ذرات اتم","متوسط","هسته اتمی 10 پروتون و 9 نوترون دارد. عدد جرمی هسته چند است؟","19","20","18","20","A","عدد جرمی از مجموع 10 پروتون و 9 نوترون به دست می‌آید.","ترنم همدلی","original","1405"
"دهم","تجربی","شیمی","شیمی","ساختار اتم","عدد اتمی و عدد جرمی","ذرات اتم","متوسط","اگر تعداد پروتون‌ها 11 و تعداد نوترون‌ها 10 باشد، عدد جرمی چه مقداری است؟","21","22","20","22","A","عدد جرمی از مجموع 11 پروتون و 10 نوترون به دست می‌آید.","ترنم همدلی","original","1405"
"دهم","تجربی","شیمی","شیمی","ساختار اتم","عدد اتمی و عدد جرمی","ذرات اتم","متوسط","اتمی خنثی عدد اتمی 12 و 11 نوترون دارد. عدد جرمی آن کدام است؟","23","24","22","24","A","عدد جرمی از مجموع 12 پروتون و 11 نوترون به دست می‌آید.","ترنم همدلی","original","1405"
"دهم","تجربی","شیمی","شیمی","ساختار اتم","عدد اتمی و عدد جرمی","ذرات اتم","آسان","هسته اتمی 13 پروتون و 12 نوترون دارد. عدد جرمی هسته چند است؟","25","26","24","26","A","عدد جرمی از مجموع 13 پروتون و 12 نوترون به دست می‌آید.","ترنم همدلی","original","1405"
"دهم","تجربی","شیمی","شیمی","ساختار اتم","عدد اتمی و عدد جرمی","ذرات اتم","متوسط","اگر تعداد پروتون‌ها 14 و تعداد نوترون‌ها 13 باشد، عدد جرمی چه مقداری است؟","27","28","26","28","A","عدد جرمی از مجموع 14 پروتون و 13 نوترون به دست می‌آید.","ترنم همدلی","original","1405"
"دهم","تجربی","شیمی","شیمی","ساختار اتم","عدد اتمی و عدد جرمی","ذرات اتم","متوسط","اتمی خنثی عدد اتمی 15 و 14 نوترون دارد. عدد جرمی آن کدام است؟","29","30","28","30","A","عدد جرمی از مجموع 15 پروتون و 14 نوترون به دست می‌آید.","ترنم همدلی","original","1405"
"دهم","تجربی","شیمی","شیمی","ساختار اتم","عدد اتمی و عدد جرمی","ذرات اتم","متوسط","هسته اتمی 16 پروتون و 15 نوترون دارد. عدد جرمی هسته چند است؟","31","32","30","32","A","عدد جرمی از مجموع 16 پروتون و 15 نوترون به دست می‌آید.","ترنم همدلی","original","1405"
"دهم","تجربی","شیمی","شیمی","ساختار اتم","عدد اتمی و عدد جرمی","ذرات اتم","متوسط","اگر تعداد پروتون‌ها 17 و تعداد نوترون‌ها 16 باشد، عدد جرمی چه مقداری است؟","33","34","32","34","A","عدد جرمی از مجموع 17 پروتون و 16 نوترون به دست می‌آید.","ترنم همدلی","original","1405"
"دهم","تجربی","شیمی","شیمی","ساختار اتم","عدد اتمی و عدد جرمی","ذرات اتم","آسان","اتمی خنثی عدد اتمی 18 و 2 نوترون دارد. عدد جرمی آن کدام است؟","20","21","19","36","A","عدد جرمی از مجموع 18 پروتون و 2 نوترون به دست می‌آید.","ترنم همدلی","original","1405"
"دهم","تجربی","شیمی","شیمی","ساختار اتم","عدد اتمی و عدد جرمی","ذرات اتم","متوسط","هسته اتمی 19 پروتون و 3 نوترون دارد. عدد جرمی هسته چند است؟","22","23","21","38","A","عدد جرمی از مجموع 19 پروتون و 3 نوترون به دست می‌آید.","ترنم همدلی","original","1405"
"دهم","تجربی","شیمی","شیمی","ساختار اتم","عدد اتمی و عدد جرمی","ذرات اتم","متوسط","اگر تعداد پروتون‌ها 20 و تعداد نوترون‌ها 4 باشد، عدد جرمی چه مقداری است؟","24","25","23","40","A","عدد جرمی از مجموع 20 پروتون و 4 نوترون به دست می‌آید.","ترنم همدلی","original","1405"
"دهم","تجربی","شیمی","شیمی","ساختار اتم","عدد اتمی و عدد جرمی","ذرات اتم","متوسط","اتمی خنثی عدد اتمی 21 و 5 نوترون دارد. عدد جرمی آن کدام است؟","26","27","25","42","A","عدد جرمی از مجموع 21 پروتون و 5 نوترون به دست می‌آید.","ترنم همدلی","original","1405"
"دهم","تجربی","شیمی","شیمی","ساختار اتم","عدد اتمی و عدد جرمی","ذرات اتم","متوسط","هسته اتمی 22 پروتون و 6 نوترون دارد. عدد جرمی هسته چند است؟","28","29","27","44","A","عدد جرمی از مجموع 22 پروتون و 6 نوترون به دست می‌آید.","ترنم همدلی","original","1405"
"دهم","تجربی","شیمی","شیمی","ساختار اتم","عدد اتمی و عدد جرمی","ذرات اتم","آسان","اگر تعداد پروتون‌ها 23 و تعداد نوترون‌ها 7 باشد، عدد جرمی چه مقداری است؟","30","31","29","46","A","عدد جرمی از مجموع 23 پروتون و 7 نوترون به دست می‌آید.","ترنم همدلی","original","1405"
"دهم","تجربی","شیمی","شیمی","ساختار اتم","عدد اتمی و عدد جرمی","ذرات اتم","متوسط","اتمی خنثی عدد اتمی 24 و 8 نوترون دارد. عدد جرمی آن کدام است؟","32","33","31","48","A","عدد جرمی از مجموع 24 پروتون و 8 نوترون به دست می‌آید.","ترنم همدلی","original","1405"
"دهم","تجربی","شیمی","شیمی","ساختار اتم","عدد اتمی و عدد جرمی","ذرات اتم","متوسط","هسته اتمی 25 پروتون و 9 نوترون دارد. عدد جرمی هسته چند است؟","34","35","33","50","A","عدد جرمی از مجموع 25 پروتون و 9 نوترون به دست می‌آید.","ترنم همدلی","original","1405"
"دهم","تجربی","شیمی","شیمی","ساختار اتم","عدد اتمی و عدد جرمی","ذرات اتم","متوسط","اگر تعداد پروتون‌ها 26 و تعداد نوترون‌ها 10 باشد، عدد جرمی چه مقداری است؟","36","37","35","52","A","عدد جرمی از مجموع 26 پروتون و 10 نوترون به دست می‌آید.","ترنم همدلی","original","1405"
"دهم","تجربی","شیمی","شیمی","ساختار اتم","عدد اتمی و عدد جرمی","ذرات اتم","متوسط","اتمی خنثی عدد اتمی 27 و 11 نوترون دارد. عدد جرمی آن کدام است؟","38","39","37","54","A","عدد جرمی از مجموع 27 پروتون و 11 نوترون به دست می‌آید.","ترنم همدلی","original","1405"
"دهم","تجربی","شیمی","شیمی","ساختار اتم","عدد اتمی و عدد جرمی","ذرات اتم","آسان","هسته اتمی 28 پروتون و 12 نوترون دارد. عدد جرمی هسته چند است؟","40","41","39","56","A","عدد جرمی از مجموع 28 پروتون و 12 نوترون به دست می‌آید.","ترنم همدلی","original","1405"
"دهم","تجربی","شیمی","شیمی","ساختار اتم","عدد اتمی و عدد جرمی","ذرات اتم","متوسط","اگر تعداد پروتون‌ها 29 و تعداد نوترون‌ها 13 باشد، عدد جرمی چه مقداری است؟","42","43","41","58","A","عدد جرمی از مجموع 29 پروتون و 13 نوترون به دست می‌آید.","ترنم همدلی","original","1405"
"دهم","تجربی","شیمی","شیمی","ساختار اتم","عدد اتمی و عدد جرمی","ذرات اتم","متوسط","اتمی خنثی عدد اتمی 30 و 14 نوترون دارد. عدد جرمی آن کدام است؟","44","45","43","60","A","عدد جرمی از مجموع 30 پروتون و 14 نوترون به دست می‌آید.","ترنم همدلی","original","1405"
"دهم","تجربی","شیمی","شیمی","ساختار اتم","عدد اتمی و عدد جرمی","ذرات اتم","متوسط","هسته اتمی 31 پروتون و 15 نوترون دارد. عدد جرمی هسته چند است؟","46","47","45","62","A","عدد جرمی از مجموع 31 پروتون و 15 نوترون به دست می‌آید.","ترنم همدلی","original","1405"
"دهم","تجربی","شیمی","شیمی","ساختار اتم","عدد اتمی و عدد جرمی","ذرات اتم","متوسط","اگر تعداد پروتون‌ها 32 و تعداد نوترون‌ها 16 باشد، عدد جرمی چه مقداری است؟","48","49","47","64","A","عدد جرمی از مجموع 32 پروتون و 16 نوترون به دست می‌آید.","ترنم همدلی","original","1405"
"دهم","تجربی","شیمی","شیمی","ساختار اتم","عدد اتمی و عدد جرمی","ذرات اتم","آسان","اتمی خنثی عدد اتمی 3 و 2 نوترون دارد. عدد جرمی آن کدام است؟","5","6","4","6","A","عدد جرمی از مجموع 3 پروتون و 2 نوترون به دست می‌آید.","ترنم همدلی","original","1405"
"دهم","تجربی","شیمی","شیمی","ساختار اتم","عدد اتمی و عدد جرمی","ذرات اتم","متوسط","هسته اتمی 4 پروتون و 3 نوترون دارد. عدد جرمی هسته چند است؟","7","8","6","8","A","عدد جرمی از مجموع 4 پروتون و 3 نوترون به دست می‌آید.","ترنم همدلی","original","1405"
"دهم","تجربی","شیمی","شیمی","ساختار اتم","عدد اتمی و عدد جرمی","ذرات اتم","متوسط","اگر تعداد پروتون‌ها 5 و تعداد نوترون‌ها 4 باشد، عدد جرمی چه مقداری است؟","9","10","8","10","A","عدد جرمی از مجموع 5 پروتون و 4 نوترون به دست می‌آید.","ترنم همدلی","original","1405"
"دهم","تجربی","شیمی","شیمی","ساختار اتم","عدد اتمی و عدد جرمی","ذرات اتم","متوسط","اتمی خنثی عدد اتمی 6 و 5 نوترون دارد. عدد جرمی آن کدام است؟","11","12","10","12","A","عدد جرمی از مجموع 6 پروتون و 5 نوترون به دست می‌آید.","ترنم همدلی","original","1405"
"دهم","تجربی","شیمی","شیمی","ساختار اتم","عدد اتمی و عدد جرمی","ذرات اتم","متوسط","هسته اتمی 7 پروتون و 6 نوترون دارد. عدد جرمی هسته چند است؟","13","14","12","14","A","عدد جرمی از مجموع 7 پروتون و 6 نوترون به دست می‌آید.","ترنم همدلی","original","1405"
"دهم","تجربی","شیمی","شیمی","ساختار اتم","عدد اتمی و عدد جرمی","ذرات اتم","آسان","اگر تعداد پروتون‌ها 8 و تعداد نوترون‌ها 7 باشد، عدد جرمی چه مقداری است؟","15","16","14","16","A","عدد جرمی از مجموع 8 پروتون و 7 نوترون به دست می‌آید.","ترنم همدلی","original","1405"
"دهم","تجربی","شیمی","شیمی","ساختار اتم","عدد اتمی و عدد جرمی","ذرات اتم","متوسط","اتمی خنثی عدد اتمی 9 و 8 نوترون دارد. عدد جرمی آن کدام است؟","17","18","16","18","A","عدد جرمی از مجموع 9 پروتون و 8 نوترون به دست می‌آید.","ترنم همدلی","original","1405"
"دهم","تجربی","شیمی","شیمی","ساختار اتم","عدد اتمی و عدد جرمی","ذرات اتم","متوسط","هسته اتمی 10 پروتون و 9 نوترون دارد. عدد جرمی هسته چند است؟","19","20","18","20","A","عدد جرمی از مجموع 10 پروتون و 9 نوترون به دست می‌آید.","ترنم همدلی","original","1405"
"دهم","تجربی","شیمی","شیمی","ساختار اتم","عدد اتمی و عدد جرمی","ذرات اتم","متوسط","اگر تعداد پروتون‌ها 11 و تعداد نوترون‌ها 10 باشد، عدد جرمی چه مقداری است؟","21","22","20","22","A","عدد جرمی از مجموع 11 پروتون و 10 نوترون به دست می‌آید.","ترنم همدلی","original","1405"
"دهم","تجربی","شیمی","شیمی","ساختار اتم","عدد اتمی و عدد جرمی","ذرات اتم","متوسط","اتمی خنثی عدد اتمی 12 و 11 نوترون دارد. عدد جرمی آن کدام است؟","23","24","22","24","A","عدد جرمی از مجموع 12 پروتون و 11 نوترون به دست می‌آید.","ترنم همدلی","original","1405"
"دهم","تجربی","شیمی","شیمی","ساختار اتم","عدد اتمی و عدد جرمی","ذرات اتم","آسان","هسته اتمی 13 پروتون و 12 نوترون دارد. عدد جرمی هسته چند است؟","25","26","24","26","A","عدد جرمی از مجموع 13 پروتون و 12 نوترون به دست می‌آید.","ترنم همدلی","original","1405"
"دهم","تجربی","شیمی","شیمی","ساختار اتم","عدد اتمی و عدد جرمی","ذرات اتم","متوسط","اگر تعداد پروتون‌ها 14 و تعداد نوترون‌ها 13 باشد، عدد جرمی چه مقداری است؟","27","28","26","28","A","عدد جرمی از مجموع 14 پروتون و 13 نوترون به دست می‌آید.","ترنم همدلی","original","1405"
"دهم","تجربی","شیمی","شیمی","ساختار اتم","عدد اتمی و عدد جرمی","ذرات اتم","متوسط","اتمی خنثی عدد اتمی 15 و 14 نوترون دارد. عدد جرمی آن کدام است؟","29","30","28","30","A","عدد جرمی از مجموع 15 پروتون و 14 نوترون به دست می‌آید.","ترنم همدلی","original","1405"
"دهم","تجربی","شیمی","شیمی","ساختار اتم","عدد اتمی و عدد جرمی","ذرات اتم","متوسط","هسته اتمی 16 پروتون و 15 نوترون دارد. عدد جرمی هسته چند است؟","31","32","30","32","A","عدد جرمی از مجموع 16 پروتون و 15 نوترون به دست می‌آید.","ترنم همدلی","original","1405"
"دهم","تجربی","شیمی","شیمی","ساختار اتم","عدد اتمی و عدد جرمی","ذرات اتم","متوسط","اگر تعداد پروتون‌ها 17 و تعداد نوترون‌ها 16 باشد، عدد جرمی چه مقداری است؟","33","34","32","34","A","عدد جرمی از مجموع 17 پروتون و 16 نوترون به دست می‌آید.","ترنم همدلی","original","1405"
"دهم","تجربی","شیمی","شیمی","ساختار اتم","عدد اتمی و عدد جرمی","ذرات اتم","آسان","اتمی خنثی عدد اتمی 18 و 2 نوترون دارد. عدد جرمی آن کدام است؟","20","21","19","36","A","عدد جرمی از مجموع 18 پروتون و 2 نوترون به دست می‌آید.","ترنم همدلی","original","1405"
"دهم","تجربی","شیمی","شیمی","ساختار اتم","عدد اتمی و عدد جرمی","ذرات اتم","متوسط","هسته اتمی 19 پروتون و 3 نوترون دارد. عدد جرمی هسته چند است؟","22","23","21","38","A","عدد جرمی از مجموع 19 پروتون و 3 نوترون به دست می‌آید.","ترنم همدلی","original","1405"
"دهم","تجربی","شیمی","شیمی","ساختار اتم","عدد اتمی و عدد جرمی","ذرات اتم","متوسط","اگر تعداد پروتون‌ها 20 و تعداد نوترون‌ها 4 باشد، عدد جرمی چه مقداری است؟","24","25","23","40","A","عدد جرمی از مجموع 20 پروتون و 4 نوترون به دست می‌آید.","ترنم همدلی","original","1405"
"دهم","تجربی","شیمی","شیمی","ساختار اتم","عدد اتمی و عدد جرمی","ذرات اتم","متوسط","اتمی خنثی عدد اتمی 21 و 5 نوترون دارد. عدد جرمی آن کدام است؟","26","27","25","42","A","عدد جرمی از مجموع 21 پروتون و 5 نوترون به دست می‌آید.","ترنم همدلی","original","1405"
"دهم","تجربی","شیمی","شیمی","ساختار اتم","عدد اتمی و عدد جرمی","ذرات اتم","متوسط","هسته اتمی 22 پروتون و 6 نوترون دارد. عدد جرمی هسته چند است؟","28","29","27","44","A","عدد جرمی از مجموع 22 پروتون و 6 نوترون به دست می‌آید.","ترنم همدلی","original","1405"
"دهم","تجربی","شیمی","شیمی","ساختار اتم","عدد اتمی و عدد جرمی","ذرات اتم","آسان","اگر تعداد پروتون‌ها 23 و تعداد نوترون‌ها 7 باشد، عدد جرمی چه مقداری است؟","30","31","29","46","A","عدد جرمی از مجموع 23 پروتون و 7 نوترون به دست می‌آید.","ترنم همدلی","original","1405"
"دهم","تجربی","شیمی","شیمی","ساختار اتم","عدد اتمی و عدد جرمی","ذرات اتم","متوسط","اتمی خنثی عدد اتمی 24 و 8 نوترون دارد. عدد جرمی آن کدام است؟","32","33","31","48","A","عدد جرمی از مجموع 24 پروتون و 8 نوترون به دست می‌آید.","ترنم همدلی","original","1405"
"دهم","تجربی","شیمی","شیمی","ساختار اتم","عدد اتمی و عدد جرمی","ذرات اتم","متوسط","هسته اتمی 25 پروتون و 9 نوترون دارد. عدد جرمی هسته چند است؟","34","35","33","50","A","عدد جرمی از مجموع 25 پروتون و 9 نوترون به دست می‌آید.","ترنم همدلی","original","1405"
"دهم","تجربی","شیمی","شیمی","ساختار اتم","عدد اتمی و عدد جرمی","ذرات اتم","متوسط","اگر تعداد پروتون‌ها 26 و تعداد نوترون‌ها 10 باشد، عدد جرمی چه مقداری است؟","36","37","35","52","A","عدد جرمی از مجموع 26 پروتون و 10 نوترون به دست می‌آید.","ترنم همدلی","original","1405"
"دهم","تجربی","شیمی","شیمی","ساختار اتم","عدد اتمی و عدد جرمی","ذرات اتم","متوسط","اتمی خنثی عدد اتمی 27 و 11 نوترون دارد. عدد جرمی آن کدام است؟","38","39","37","54","A","عدد جرمی از مجموع 27 پروتون و 11 نوترون به دست می‌آید.","ترنم همدلی","original","1405"
"دهم","تجربی","شیمی","شیمی","ساختار اتم","عدد اتمی و عدد جرمی","ذرات اتم","آسان","هسته اتمی 28 پروتون و 12 نوترون دارد. عدد جرمی هسته چند است؟","40","41","39","56","A","عدد جرمی از مجموع 28 پروتون و 12 نوترون به دست می‌آید.","ترنم همدلی","original","1405"
"دهم","تجربی","شیمی","شیمی","ساختار اتم","عدد اتمی و عدد جرمی","ذرات اتم","متوسط","اگر تعداد پروتون‌ها 29 و تعداد نوترون‌ها 13 باشد، عدد جرمی چه مقداری است؟","42","43","41","58","A","عدد جرمی از مجموع 29 پروتون و 13 نوترون به دست می‌آید.","ترنم همدلی","original","1405"
"دهم","تجربی","شیمی","شیمی","ساختار اتم","عدد اتمی و عدد جرمی","ذرات اتم","متوسط","اتمی خنثی عدد اتمی 30 و 14 نوترون دارد. عدد جرمی آن کدام است؟","44","45","43","60","A","عدد جرمی از مجموع 30 پروتون و 14 نوترون به دست می‌آید.","ترنم همدلی","original","1405"
"دهم","تجربی","شیمی","شیمی","ساختار اتم","عدد اتمی و عدد جرمی","ذرات اتم","متوسط","هسته اتمی 31 پروتون و 15 نوترون دارد. عدد جرمی هسته چند است؟","46","47","45","62","A","عدد جرمی از مجموع 31 پروتون و 15 نوترون به دست می‌آید.","ترنم همدلی","original","1405"
"دهم","تجربی","شیمی","شیمی","ساختار اتم","عدد اتمی و عدد جرمی","ذرات اتم","متوسط","اگر تعداد پروتون‌ها 32 و تعداد نوترون‌ها 16 باشد، عدد جرمی چه مقداری است؟","48","49","47","64","A","عدد جرمی از مجموع 32 پروتون و 16 نوترون به دست می‌آید.","ترنم همدلی","original","1405"
"دهم","تجربی","شیمی","شیمی","ساختار اتم","عدد اتمی و عدد جرمی","ذرات اتم","آسان","اتمی خنثی عدد اتمی 3 و 2 نوترون دارد. عدد جرمی آن کدام است؟","5","6","4","6","A","عدد جرمی از مجموع 3 پروتون و 2 نوترون به دست می‌آید.","ترنم همدلی","original","1405"
"دهم","تجربی","شیمی","شیمی","ساختار اتم","عدد اتمی و عدد جرمی","ذرات اتم","متوسط","هسته اتمی 4 پروتون و 3 نوترون دارد. عدد جرمی هسته چند است؟","7","8","6","8","A","عدد جرمی از مجموع 4 پروتون و 3 نوترون به دست می‌آید.","ترنم همدلی","original","1405"
"دهم","تجربی","شیمی","شیمی","ساختار اتم","عدد اتمی و عدد جرمی","ذرات اتم","متوسط","اگر تعداد پروتون‌ها 5 و تعداد نوترون‌ها 4 باشد، عدد جرمی چه مقداری است؟","9","10","8","10","A","عدد جرمی از مجموع 5 پروتون و 4 نوترون به دست می‌آید.","ترنم همدلی","original","1405"
"دهم","تجربی","شیمی","شیمی","ساختار اتم","عدد اتمی و عدد جرمی","ذرات اتم","متوسط","اتمی خنثی عدد اتمی 6 و 5 نوترون دارد. عدد جرمی آن کدام است؟","11","12","10","12","A","عدد جرمی از مجموع 6 پروتون و 5 نوترون به دست می‌آید.","ترنم همدلی","original","1405"
"دهم","تجربی","شیمی","شیمی","ساختار اتم","عدد اتمی و عدد جرمی","ذرات اتم","متوسط","هسته اتمی 7 پروتون و 6 نوترون دارد. عدد جرمی هسته چند است؟","13","14","12","14","A","عدد جرمی از مجموع 7 پروتون و 6 نوترون به دست می‌آید.","ترنم همدلی","original","1405"
"دهم","تجربی","شیمی","شیمی","ساختار اتم","عدد اتمی و عدد جرمی","ذرات اتم","آسان","اگر تعداد پروتون‌ها 8 و تعداد نوترون‌ها 7 باشد، عدد جرمی چه مقداری است؟","15","16","14","16","A","عدد جرمی از مجموع 8 پروتون و 7 نوترون به دست می‌آید.","ترنم همدلی","original","1405"
"دهم","تجربی","شیمی","شیمی","ساختار اتم","عدد اتمی و عدد جرمی","ذرات اتم","متوسط","اتمی خنثی عدد اتمی 9 و 8 نوترون دارد. عدد جرمی آن کدام است؟","17","18","16","18","A","عدد جرمی از مجموع 9 پروتون و 8 نوترون به دست می‌آید.","ترنم همدلی","original","1405"
"دهم","تجربی","شیمی","شیمی","ساختار اتم","عدد اتمی و عدد جرمی","ذرات اتم","متوسط","هسته اتمی 10 پروتون و 9 نوترون دارد. عدد جرمی هسته چند است؟","19","20","18","20","A","عدد جرمی از مجموع 10 پروتون و 9 نوترون به دست می‌آید.","ترنم همدلی","original","1405"
"دهم","تجربی","شیمی","شیمی","ساختار اتم","عدد اتمی و عدد جرمی","ذرات اتم","متوسط","اگر تعداد پروتون‌ها 11 و تعداد نوترون‌ها 10 باشد، عدد جرمی چه مقداری است؟","21","22","20","22","A","عدد جرمی از مجموع 11 پروتون و 10 نوترون به دست می‌آید.","ترنم همدلی","original","1405"
"دهم","تجربی","شیمی","شیمی","ساختار اتم","عدد اتمی و عدد جرمی","ذرات اتم","متوسط","اتمی خنثی عدد اتمی 12 و 11 نوترون دارد. عدد جرمی آن کدام است؟","23","24","22","24","A","عدد جرمی از مجموع 12 پروتون و 11 نوترون به دست می‌آید.","ترنم همدلی","original","1405"
"دهم","تجربی","شیمی","شیمی","ساختار اتم","عدد اتمی و عدد جرمی","ذرات اتم","آسان","هسته اتمی 13 پروتون و 12 نوترون دارد. عدد جرمی هسته چند است؟","25","26","24","26","A","عدد جرمی از مجموع 13 پروتون و 12 نوترون به دست می‌آید.","ترنم همدلی","original","1405"
"دهم","تجربی","شیمی","شیمی","ساختار اتم","عدد اتمی و عدد جرمی","ذرات اتم","متوسط","اگر تعداد پروتون‌ها 14 و تعداد نوترون‌ها 13 باشد، عدد جرمی چه مقداری است؟","27","28","26","28","A","عدد جرمی از مجموع 14 پروتون و 13 نوترون به دست می‌آید.","ترنم همدلی","original","1405"
"دهم","تجربی","شیمی","شیمی","ساختار اتم","عدد اتمی و عدد جرمی","ذرات اتم","متوسط","اتمی خنثی عدد اتمی 15 و 14 نوترون دارد. عدد جرمی آن کدام است؟","29","30","28","30","A","عدد جرمی از مجموع 15 پروتون و 14 نوترون به دست می‌آید.","ترنم همدلی","original","1405"
"دهم","تجربی","شیمی","شیمی","ساختار اتم","عدد اتمی و عدد جرمی","ذرات اتم","متوسط","هسته اتمی 16 پروتون و 15 نوترون دارد. عدد جرمی هسته چند است؟","31","32","30","32","A","عدد جرمی از مجموع 16 پروتون و 15 نوترون به دست می‌آید.","ترنم همدلی","original","1405"
"دهم","تجربی","شیمی","شیمی","ساختار اتم","عدد اتمی و عدد جرمی","ذرات اتم","متوسط","اگر تعداد پروتون‌ها 17 و تعداد نوترون‌ها 16 باشد، عدد جرمی چه مقداری است؟","33","34","32","34","A","عدد جرمی از مجموع 17 پروتون و 16 نوترون به دست می‌آید.","ترنم همدلی","original","1405"
"دهم","تجربی","شیمی","شیمی","ساختار اتم","عدد اتمی و عدد جرمی","ذرات اتم","آسان","اتمی خنثی عدد اتمی 18 و 2 نوترون دارد. عدد جرمی آن کدام است؟","20","21","19","36","A","عدد جرمی از مجموع 18 پروتون و 2 نوترون به دست می‌آید.","ترنم همدلی","original","1405"
"دهم","تجربی","شیمی","شیمی","ساختار اتم","عدد اتمی و عدد جرمی","ذرات اتم","متوسط","هسته اتمی 19 پروتون و 3 نوترون دارد. عدد جرمی هسته چند است؟","22","23","21","38","A","عدد جرمی از مجموع 19 پروتون و 3 نوترون به دست می‌آید.","ترنم همدلی","original","1405"
"دهم","تجربی","شیمی","شیمی","ساختار اتم","عدد اتمی و عدد جرمی","ذرات اتم","متوسط","اگر تعداد پروتون‌ها 20 و تعداد نوترون‌ها 4 باشد، عدد جرمی چه مقداری است؟","24","25","23","40","A","عدد جرمی از مجموع 20 پروتون و 4 نوترون به دست می‌آید.","ترنم همدلی","original","1405"
"دهم","تجربی","شیمی","شیمی","ساختار اتم","عدد اتمی و عدد جرمی","ذرات اتم","متوسط","اتمی خنثی عدد اتمی 21 و 5 نوترون دارد. عدد جرمی آن کدام است؟","26","27","25","42","A","عدد جرمی از مجموع 21 پروتون و 5 نوترون به دست می‌آید.","ترنم همدلی","original","1405"
"دهم","تجربی","شیمی","شیمی","ساختار اتم","عدد اتمی و عدد جرمی","ذرات اتم","متوسط","هسته اتمی 22 پروتون و 6 نوترون دارد. عدد جرمی هسته چند است؟","28","29","27","44","A","عدد جرمی از مجموع 22 پروتون و 6 نوترون به دست می‌آید.","ترنم همدلی","original","1405"
"دهم","تجربی","شیمی","شیمی","ساختار اتم","عدد اتمی و عدد جرمی","ذرات اتم","آسان","اگر تعداد پروتون‌ها 23 و تعداد نوترون‌ها 7 باشد، عدد جرمی چه مقداری است؟","30","31","29","46","A","عدد جرمی از مجموع 23 پروتون و 7 نوترون به دست می‌آید.","ترنم همدلی","original","1405"
"دهم","تجربی","شیمی","شیمی","ساختار اتم","عدد اتمی و عدد جرمی","ذرات اتم","متوسط","اتمی خنثی عدد اتمی 24 و 8 نوترون دارد. عدد جرمی آن کدام است؟","32","33","31","48","A","عدد جرمی از مجموع 24 پروتون و 8 نوترون به دست می‌آید.","ترنم همدلی","original","1405"
"دهم","تجربی","شیمی","شیمی","ساختار اتم","عدد اتمی و عدد جرمی","ذرات اتم","متوسط","هسته اتمی 25 پروتون و 9 نوترون دارد. عدد جرمی هسته چند است؟","34","35","33","50","A","عدد جرمی از مجموع 25 پروتون و 9 نوترون به دست می‌آید.","ترنم همدلی","original","1405"
"دهم","تجربی","شیمی","شیمی","ساختار اتم","عدد اتمی و عدد جرمی","ذرات اتم","متوسط","اگر تعداد پروتون‌ها 26 و تعداد نوترون‌ها 10 باشد، عدد جرمی چه مقداری است؟","36","37","35","52","A","عدد جرمی از مجموع 26 پروتون و 10 نوترون به دست می‌آید.","ترنم همدلی","original","1405"
"دهم","تجربی","شیمی","شیمی","ساختار اتم","عدد اتمی و عدد جرمی","ذرات اتم","متوسط","اتمی خنثی عدد اتمی 27 و 11 نوترون دارد. عدد جرمی آن کدام است؟","38","39","37","54","A","عدد جرمی از مجموع 27 پروتون و 11 نوترون به دست می‌آید.","ترنم همدلی","original","1405"
"دهم","تجربی","شیمی","شیمی","ساختار اتم","عدد اتمی و عدد جرمی","ذرات اتم","آسان","هسته اتمی 28 پروتون و 12 نوترون دارد. عدد جرمی هسته چند است؟","40","41","39","56","A","عدد جرمی از مجموع 28 پروتون و 12 نوترون به دست می‌آید.","ترنم همدلی","original","1405"
"دهم","تجربی","شیمی","شیمی","ساختار اتم","عدد اتمی و عدد جرمی","ذرات اتم","متوسط","اگر تعداد پروتون‌ها 29 و تعداد نوترون‌ها 13 باشد، عدد جرمی چه مقداری است؟","42","43","41","58","A","عدد جرمی از مجموع 29 پروتون و 13 نوترون به دست می‌آید.","ترنم همدلی","original","1405"
"دهم","تجربی","شیمی","شیمی","ساختار اتم","عدد اتمی و عدد جرمی","ذرات اتم","متوسط","اتمی خنثی عدد اتمی 30 و 14 نوترون دارد. عدد جرمی آن کدام است؟","44","45","43","60","A","عدد جرمی از مجموع 30 پروتون و 14 نوترون به دست می‌آید.","ترنم همدلی","original","1405"
"دهم","تجربی","شیمی","شیمی","ساختار اتم","عدد اتمی و عدد جرمی","ذرات اتم","متوسط","هسته اتمی 31 پروتون و 15 نوترون دارد. عدد جرمی هسته چند است؟","46","47","45","62","A","عدد جرمی از مجموع 31 پروتون و 15 نوترون به دست می‌آید.","ترنم همدلی","original","1405"
"دهم","تجربی","شیمی","شیمی","ساختار اتم","عدد اتمی و عدد جرمی","ذرات اتم","متوسط","اگر تعداد پروتون‌ها 32 و تعداد نوترون‌ها 16 باشد، عدد جرمی چه مقداری است؟","48","49","47","64","A","عدد جرمی از مجموع 32 پروتون و 16 نوترون به دست می‌آید.","ترنم همدلی","original","1405"
"دهم","تجربی","شیمی","شیمی","ساختار اتم","عدد اتمی و عدد جرمی","ذرات اتم","آسان","اتمی خنثی عدد اتمی 3 و 2 نوترون دارد. عدد جرمی آن کدام است؟","5","6","4","6","A","عدد جرمی از مجموع 3 پروتون و 2 نوترون به دست می‌آید.","ترنم همدلی","original","1405"
"دهم","تجربی","شیمی","شیمی","ساختار اتم","عدد اتمی و عدد جرمی","ذرات اتم","متوسط","هسته اتمی 4 پروتون و 3 نوترون دارد. عدد جرمی هسته چند است؟","7","8","6","8","A","عدد جرمی از مجموع 4 پروتون و 3 نوترون به دست می‌آید.","ترنم همدلی","original","1405"
"دهم","تجربی","شیمی","شیمی","ساختار اتم","عدد اتمی و عدد جرمی","ذرات اتم","متوسط","اگر تعداد پروتون‌ها 5 و تعداد نوترون‌ها 4 باشد، عدد جرمی چه مقداری است؟","9","10","8","10","A","عدد جرمی از مجموع 5 پروتون و 4 نوترون به دست می‌آید.","ترنم همدلی","original","1405"
"دهم","تجربی","شیمی","شیمی","ساختار اتم","عدد اتمی و عدد جرمی","ذرات اتم","متوسط","اتمی خنثی عدد اتمی 6 و 5 نوترون دارد. عدد جرمی آن کدام است؟","11","12","10","12","A","عدد جرمی از مجموع 6 پروتون و 5 نوترون به دست می‌آید.","ترنم همدلی","original","1405"
"دهم","تجربی","شیمی","شیمی","ساختار اتم","عدد اتمی و عدد جرمی","ذرات اتم","متوسط","هسته اتمی 7 پروتون و 6 نوترون دارد. عدد جرمی هسته چند است؟","13","14","12","14","A","عدد جرمی از مجموع 7 پروتون و 6 نوترون به دست می‌آید.","ترنم همدلی","original","1405"
"دهم","تجربی","شیمی","شیمی","ساختار اتم","عدد اتمی و عدد جرمی","ذرات اتم","آسان","اگر تعداد پروتون‌ها 8 و تعداد نوترون‌ها 7 باشد، عدد جرمی چه مقداری است؟","15","16","14","16","A","عدد جرمی از مجموع 8 پروتون و 7 نوترون به دست می‌آید.","ترنم همدلی","original","1405"
"دهم","تجربی","شیمی","شیمی","ساختار اتم","عدد اتمی و عدد جرمی","ذرات اتم","متوسط","اتمی خنثی عدد اتمی 9 و 8 نوترون دارد. عدد جرمی آن کدام است؟","17","18","16","18","A","عدد جرمی از مجموع 9 پروتون و 8 نوترون به دست می‌آید.","ترنم همدلی","original","1405"
"دهم","تجربی","شیمی","شیمی","ساختار اتم","عدد اتمی و عدد جرمی","ذرات اتم","متوسط","هسته اتمی 10 پروتون و 9 نوترون دارد. عدد جرمی هسته چند است؟","19","20","18","20","A","عدد جرمی از مجموع 10 پروتون و 9 نوترون به دست می‌آید.","ترنم همدلی","original","1405"
"دهم","تجربی","شیمی","شیمی","ساختار اتم","عدد اتمی و عدد جرمی","ذرات اتم","متوسط","اگر تعداد پروتون‌ها 11 و تعداد نوترون‌ها 10 باشد، عدد جرمی چه مقداری است؟","21","22","20","22","A","عدد جرمی از مجموع 11 پروتون و 10 نوترون به دست می‌آید.","ترنم همدلی","original","1405"
"دهم","تجربی","شیمی","شیمی","ساختار اتم","عدد اتمی و عدد جرمی","ذرات اتم","متوسط","اتمی خنثی عدد اتمی 12 و 11 نوترون دارد. عدد جرمی آن کدام است؟","23","24","22","24","A","عدد جرمی از مجموع 12 پروتون و 11 نوترون به دست می‌آید.","ترنم همدلی","original","1405"
"دهم","تجربی","شیمی","شیمی","ساختار اتم","عدد اتمی و عدد جرمی","ذرات اتم","آسان","هسته اتمی 13 پروتون و 12 نوترون دارد. عدد جرمی هسته چند است؟","25","26","24","26","A","عدد جرمی از مجموع 13 پروتون و 12 نوترون به دست می‌آید.","ترنم همدلی","original","1405"
"دهم","تجربی","شیمی","شیمی","ساختار اتم","عدد اتمی و عدد جرمی","ذرات اتم","متوسط","اگر تعداد پروتون‌ها 14 و تعداد نوترون‌ها 13 باشد، عدد جرمی چه مقداری است؟","27","28","26","28","A","عدد جرمی از مجموع 14 پروتون و 13 نوترون به دست می‌آید.","ترنم همدلی","original","1405"
"دهم","تجربی","شیمی","شیمی","ساختار اتم","عدد اتمی و عدد جرمی","ذرات اتم","متوسط","اتمی خنثی عدد اتمی 15 و 14 نوترون دارد. عدد جرمی آن کدام است؟","29","30","28","30","A","عدد جرمی از مجموع 15 پروتون و 14 نوترون به دست می‌آید.","ترنم همدلی","original","1405"
"دهم","تجربی","شیمی","شیمی","ساختار اتم","عدد اتمی و عدد جرمی","ذرات اتم","متوسط","هسته اتمی 16 پروتون و 15 نوترون دارد. عدد جرمی هسته چند است؟","31","32","30","32","A","عدد جرمی از مجموع 16 پروتون و 15 نوترون به دست می‌آید.","ترنم همدلی","original","1405"
"دهم","تجربی","شیمی","شیمی","ساختار اتم","عدد اتمی و عدد جرمی","ذرات اتم","متوسط","اگر تعداد پروتون‌ها 17 و تعداد نوترون‌ها 16 باشد، عدد جرمی چه مقداری است؟","33","34","32","34","A","عدد جرمی از مجموع 17 پروتون و 16 نوترون به دست می‌آید.","ترنم همدلی","original","1405"
"دهم","تجربی","شیمی","شیمی","ساختار اتم","عدد اتمی و عدد جرمی","ذرات اتم","آسان","اتمی خنثی عدد اتمی 18 و 2 نوترون دارد. عدد جرمی آن کدام است؟","20","21","19","36","A","عدد جرمی از مجموع 18 پروتون و 2 نوترون به دست می‌آید.","ترنم همدلی","original","1405"
"دهم","تجربی","شیمی","شیمی","ساختار اتم","عدد اتمی و عدد جرمی","ذرات اتم","متوسط","هسته اتمی 19 پروتون و 3 نوترون دارد. عدد جرمی هسته چند است؟","22","23","21","38","A","عدد جرمی از مجموع 19 پروتون و 3 نوترون به دست می‌آید.","ترنم همدلی","original","1405"
"دهم","تجربی","شیمی","شیمی","ساختار اتم","عدد اتمی و عدد جرمی","ذرات اتم","متوسط","اگر تعداد پروتون‌ها 20 و تعداد نوترون‌ها 4 باشد، عدد جرمی چه مقداری است؟","24","25","23","40","A","عدد جرمی از مجموع 20 پروتون و 4 نوترون به دست می‌آید.","ترنم همدلی","original","1405"
"دهم","تجربی","شیمی","شیمی","ساختار اتم","عدد اتمی و عدد جرمی","ذرات اتم","متوسط","اتمی خنثی عدد اتمی 21 و 5 نوترون دارد. عدد جرمی آن کدام است؟","26","27","25","42","A","عدد جرمی از مجموع 21 پروتون و 5 نوترون به دست می‌آید.","ترنم همدلی","original","1405"
"دهم","تجربی","شیمی","شیمی","ساختار اتم","عدد اتمی و عدد جرمی","ذرات اتم","متوسط","هسته اتمی 22 پروتون و 6 نوترون دارد. عدد جرمی هسته چند است؟","28","29","27","44","A","عدد جرمی از مجموع 22 پروتون و 6 نوترون به دست می‌آید.","ترنم همدلی","original","1405"
"دهم","تجربی","شیمی","شیمی","ساختار اتم","عدد اتمی و عدد جرمی","ذرات اتم","آسان","اگر تعداد پروتون‌ها 23 و تعداد نوترون‌ها 7 باشد، عدد جرمی چه مقداری است؟","30","31","29","46","A","عدد جرمی از مجموع 23 پروتون و 7 نوترون به دست می‌آید.","ترنم همدلی","original","1405"
"دهم","تجربی","شیمی","شیمی","ساختار اتم","عدد اتمی و عدد جرمی","ذرات اتم","متوسط","اتمی خنثی عدد اتمی 24 و 8 نوترون دارد. عدد جرمی آن کدام است؟","32","33","31","48","A","عدد جرمی از مجموع 24 پروتون و 8 نوترون به دست می‌آید.","ترنم همدلی","original","1405"
"دهم","تجربی","شیمی","شیمی","ساختار اتم","عدد اتمی و عدد جرمی","ذرات اتم","متوسط","هسته اتمی 25 پروتون و 9 نوترون دارد. عدد جرمی هسته چند است؟","34","35","33","50","A","عدد جرمی از مجموع 25 پروتون و 9 نوترون به دست می‌آید.","ترنم همدلی","original","1405"
"دهم","تجربی","شیمی","شیمی","ساختار اتم","عدد اتمی و عدد جرمی","ذرات اتم","متوسط","اگر تعداد پروتون‌ها 26 و تعداد نوترون‌ها 10 باشد، عدد جرمی چه مقداری است؟","36","37","35","52","A","عدد جرمی از مجموع 26 پروتون و 10 نوترون به دست می‌آید.","ترنم همدلی","original","1405"
"دهم","تجربی","شیمی","شیمی","ساختار اتم","عدد اتمی و عدد جرمی","ذرات اتم","متوسط","اتمی خنثی عدد اتمی 27 و 11 نوترون دارد. عدد جرمی آن کدام است؟","38","39","37","54","A","عدد جرمی از مجموع 27 پروتون و 11 نوترون به دست می‌آید.","ترنم همدلی","original","1405"
"دهم","تجربی","شیمی","شیمی","ساختار اتم","عدد اتمی و عدد جرمی","ذرات اتم","آسان","هسته اتمی 28 پروتون و 12 نوترون دارد. عدد جرمی هسته چند است؟","40","41","39","56","A","عدد جرمی از مجموع 28 پروتون و 12 نوترون به دست می‌آید.","ترنم همدلی","original","1405"
"دهم","تجربی","شیمی","شیمی","ساختار اتم","عدد اتمی و عدد جرمی","ذرات اتم","متوسط","اگر تعداد پروتون‌ها 29 و تعداد نوترون‌ها 13 باشد، عدد جرمی چه مقداری است؟","42","43","41","58","A","عدد جرمی از مجموع 29 پروتون و 13 نوترون به دست می‌آید.","ترنم همدلی","original","1405"
"دهم","تجربی","شیمی","شیمی","ساختار اتم","عدد اتمی و عدد جرمی","ذرات اتم","متوسط","اتمی خنثی عدد اتمی 30 و 14 نوترون دارد. عدد جرمی آن کدام است؟","44","45","43","60","A","عدد جرمی از مجموع 30 پروتون و 14 نوترون به دست می‌آید.","ترنم همدلی","original","1405"
"دهم","تجربی","شیمی","شیمی","ساختار اتم","عدد اتمی و عدد جرمی","ذرات اتم","متوسط","هسته اتمی 31 پروتون و 15 نوترون دارد. عدد جرمی هسته چند است؟","46","47","45","62","A","عدد جرمی از مجموع 31 پروتون و 15 نوترون به دست می‌آید.","ترنم همدلی","original","1405"
"دهم","تجربی","شیمی","شیمی","ساختار اتم","عدد اتمی و عدد جرمی","ذرات اتم","متوسط","اگر تعداد پروتون‌ها 32 و تعداد نوترون‌ها 16 باشد، عدد جرمی چه مقداری است؟","48","49","47","64","A","عدد جرمی از مجموع 32 پروتون و 16 نوترون به دست می‌آید.","ترنم همدلی","original","1405"
"دهم","تجربی","شیمی","شیمی","ساختار اتم","عدد اتمی و عدد جرمی","ذرات اتم","آسان","اتمی خنثی عدد اتمی 3 و 2 نوترون دارد. عدد جرمی آن کدام است؟","5","6","4","6","A","عدد جرمی از مجموع 3 پروتون و 2 نوترون به دست می‌آید.","ترنم همدلی","original","1405"
"دهم","تجربی","شیمی","شیمی","ساختار اتم","عدد اتمی و عدد جرمی","ذرات اتم","متوسط","هسته اتمی 4 پروتون و 3 نوترون دارد. عدد جرمی هسته چند است؟","7","8","6","8","A","عدد جرمی از مجموع 4 پروتون و 3 نوترون به دست می‌آید.","ترنم همدلی","original","1405"
"دهم","تجربی","شیمی","شیمی","ساختار اتم","عدد اتمی و عدد جرمی","ذرات اتم","متوسط","اگر تعداد پروتون‌ها 5 و تعداد نوترون‌ها 4 باشد، عدد جرمی چه مقداری است؟","9","10","8","10","A","عدد جرمی از مجموع 5 پروتون و 4 نوترون به دست می‌آید.","ترنم همدلی","original","1405"
"دهم","تجربی","شیمی","شیمی","ساختار اتم","عدد اتمی و عدد جرمی","ذرات اتم","متوسط","اتمی خنثی عدد اتمی 6 و 5 نوترون دارد. عدد جرمی آن کدام است؟","11","12","10","12","A","عدد جرمی از مجموع 6 پروتون و 5 نوترون به دست می‌آید.","ترنم همدلی","original","1405"
"دهم","تجربی","شیمی","شیمی","ساختار اتم","عدد اتمی و عدد جرمی","ذرات اتم","متوسط","هسته اتمی 7 پروتون و 6 نوترون دارد. عدد جرمی هسته چند است؟","13","14","12","14","A","عدد جرمی از مجموع 7 پروتون و 6 نوترون به دست می‌آید.","ترنم همدلی","original","1405"
"دهم","تجربی","شیمی","شیمی","ساختار اتم","عدد اتمی و عدد جرمی","ذرات اتم","آسان","اگر تعداد پروتون‌ها 8 و تعداد نوترون‌ها 7 باشد، عدد جرمی چه مقداری است؟","15","16","14","16","A","عدد جرمی از مجموع 8 پروتون و 7 نوترون به دست می‌آید.","ترنم همدلی","original","1405"
"دهم","تجربی","شیمی","شیمی","ساختار اتم","عدد اتمی و عدد جرمی","ذرات اتم","متوسط","اتمی خنثی عدد اتمی 9 و 8 نوترون دارد. عدد جرمی آن کدام است؟","17","18","16","18","A","عدد جرمی از مجموع 9 پروتون و 8 نوترون به دست می‌آید.","ترنم همدلی","original","1405"
"دهم","تجربی","شیمی","شیمی","ساختار اتم","عدد اتمی و عدد جرمی","ذرات اتم","متوسط","هسته اتمی 10 پروتون و 9 نوترون دارد. عدد جرمی هسته چند است؟","19","20","18","20","A","عدد جرمی از مجموع 10 پروتون و 9 نوترون به دست می‌آید.","ترنم همدلی","original","1405"
"دهم","تجربی","شیمی","شیمی","ساختار اتم","عدد اتمی و عدد جرمی","ذرات اتم","متوسط","اگر تعداد پروتون‌ها 11 و تعداد نوترون‌ها 10 باشد، عدد جرمی چه مقداری است؟","21","22","20","22","A","عدد جرمی از مجموع 11 پروتون و 10 نوترون به دست می‌آید.","ترنم همدلی","original","1405"
"دهم","تجربی","شیمی","شیمی","ساختار اتم","عدد اتمی و عدد جرمی","ذرات اتم","متوسط","اتمی خنثی عدد اتمی 12 و 11 نوترون دارد. عدد جرمی آن کدام است؟","23","24","22","24","A","عدد جرمی از مجموع 12 پروتون و 11 نوترون به دست می‌آید.","ترنم همدلی","original","1405"
"دهم","تجربی","شیمی","شیمی","ساختار اتم","عدد اتمی و عدد جرمی","ذرات اتم","آسان","هسته اتمی 13 پروتون و 12 نوترون دارد. عدد جرمی هسته چند است؟","25","26","24","26","A","عدد جرمی از مجموع 13 پروتون و 12 نوترون به دست می‌آید.","ترنم همدلی","original","1405"
"دهم","تجربی","شیمی","شیمی","ساختار اتم","عدد اتمی و عدد جرمی","ذرات اتم","متوسط","اگر تعداد پروتون‌ها 14 و تعداد نوترون‌ها 13 باشد، عدد جرمی چه مقداری است؟","27","28","26","28","A","عدد جرمی از مجموع 14 پروتون و 13 نوترون به دست می‌آید.","ترنم همدلی","original","1405"
"دهم","تجربی","شیمی","شیمی","ساختار اتم","عدد اتمی و عدد جرمی","ذرات اتم","متوسط","اتمی خنثی عدد اتمی 15 و 14 نوترون دارد. عدد جرمی آن کدام است؟","29","30","28","30","A","عدد جرمی از مجموع 15 پروتون و 14 نوترون به دست می‌آید.","ترنم همدلی","original","1405"
"دهم","تجربی","شیمی","شیمی","ساختار اتم","عدد اتمی و عدد جرمی","ذرات اتم","متوسط","هسته اتمی 16 پروتون و 15 نوترون دارد. عدد جرمی هسته چند است؟","31","32","30","32","A","عدد جرمی از مجموع 16 پروتون و 15 نوترون به دست می‌آید.","ترنم همدلی","original","1405"
"دهم","تجربی","شیمی","شیمی","ساختار اتم","عدد اتمی و عدد جرمی","ذرات اتم","متوسط","اگر تعداد پروتون‌ها 17 و تعداد نوترون‌ها 16 باشد، عدد جرمی چه مقداری است؟","33","34","32","34","A","عدد جرمی از مجموع 17 پروتون و 16 نوترون به دست می‌آید.","ترنم همدلی","original","1405"
"دهم","تجربی","شیمی","شیمی","ساختار اتم","عدد اتمی و عدد جرمی","ذرات اتم","آسان","اتمی خنثی عدد اتمی 18 و 2 نوترون دارد. عدد جرمی آن کدام است؟","20","21","19","36","A","عدد جرمی از مجموع 18 پروتون و 2 نوترون به دست می‌آید.","ترنم همدلی","original","1405"
"دهم","تجربی","شیمی","شیمی","ساختار اتم","عدد اتمی و عدد جرمی","ذرات اتم","متوسط","هسته اتمی 19 پروتون و 3 نوترون دارد. عدد جرمی هسته چند است؟","22","23","21","38","A","عدد جرمی از مجموع 19 پروتون و 3 نوترون به دست می‌آید.","ترنم همدلی","original","1405"
"دهم","تجربی","شیمی","شیمی","ساختار اتم","عدد اتمی و عدد جرمی","ذرات اتم","متوسط","اگر تعداد پروتون‌ها 20 و تعداد نوترون‌ها 4 باشد، عدد جرمی چه مقداری است؟","24","25","23","40","A","عدد جرمی از مجموع 20 پروتون و 4 نوترون به دست می‌آید.","ترنم همدلی","original","1405"
"دهم","تجربی","شیمی","شیمی","ساختار اتم","عدد اتمی و عدد جرمی","ذرات اتم","متوسط","اتمی خنثی عدد اتمی 21 و 5 نوترون دارد. عدد جرمی آن کدام است؟","26","27","25","42","A","عدد جرمی از مجموع 21 پروتون و 5 نوترون به دست می‌آید.","ترنم همدلی","original","1405"
"دهم","تجربی","شیمی","شیمی","ساختار اتم","عدد اتمی و عدد جرمی","ذرات اتم","متوسط","هسته اتمی 22 پروتون و 6 نوترون دارد. عدد جرمی هسته چند است؟","28","29","27","44","A","عدد جرمی از مجموع 22 پروتون و 6 نوترون به دست می‌آید.","ترنم همدلی","original","1405"
"دهم","تجربی","شیمی","شیمی","ساختار اتم","عدد اتمی و عدد جرمی","ذرات اتم","آسان","اگر تعداد پروتون‌ها 23 و تعداد نوترون‌ها 7 باشد، عدد جرمی چه مقداری است؟","30","31","29","46","A","عدد جرمی از مجموع 23 پروتون و 7 نوترون به دست می‌آید.","ترنم همدلی","original","1405"
"دهم","تجربی","شیمی","شیمی","ساختار اتم","عدد اتمی و عدد جرمی","ذرات اتم","متوسط","اتمی خنثی عدد اتمی 24 و 8 نوترون دارد. عدد جرمی آن کدام است؟","32","33","31","48","A","عدد جرمی از مجموع 24 پروتون و 8 نوترون به دست می‌آید.","ترنم همدلی","original","1405"
"دهم","تجربی","شیمی","شیمی","ساختار اتم","عدد اتمی و عدد جرمی","ذرات اتم","متوسط","هسته اتمی 25 پروتون و 9 نوترون دارد. عدد جرمی هسته چند است؟","34","35","33","50","A","عدد جرمی از مجموع 25 پروتون و 9 نوترون به دست می‌آید.","ترنم همدلی","original","1405"
"دهم","تجربی","شیمی","شیمی","ساختار اتم","عدد اتمی و عدد جرمی","ذرات اتم","متوسط","اگر تعداد پروتون‌ها 26 و تعداد نوترون‌ها 10 باشد، عدد جرمی چه مقداری است؟","36","37","35","52","A","عدد جرمی از مجموع 26 پروتون و 10 نوترون به دست می‌آید.","ترنم همدلی","original","1405"
"دهم","تجربی","شیمی","شیمی","ساختار اتم","عدد اتمی و عدد جرمی","ذرات اتم","متوسط","اتمی خنثی عدد اتمی 27 و 11 نوترون دارد. عدد جرمی آن کدام است؟","38","39","37","54","A","عدد جرمی از مجموع 27 پروتون و 11 نوترون به دست می‌آید.","ترنم همدلی","original","1405"
"دهم","تجربی","شیمی","شیمی","ساختار اتم","عدد اتمی و عدد جرمی","ذرات اتم","آسان","هسته اتمی 28 پروتون و 12 نوترون دارد. عدد جرمی هسته چند است؟","40","41","39","56","A","عدد جرمی از مجموع 28 پروتون و 12 نوترون به دست می‌آید.","ترنم همدلی","original","1405"
"دهم","تجربی","شیمی","شیمی","ساختار اتم","عدد اتمی و عدد جرمی","ذرات اتم","متوسط","اگر تعداد پروتون‌ها 29 و تعداد نوترون‌ها 13 باشد، عدد جرمی چه مقداری است؟","42","43","41","58","A","عدد جرمی از مجموع 29 پروتون و 13 نوترون به دست می‌آید.","ترنم همدلی","original","1405"
"دهم","تجربی","شیمی","شیمی","ساختار اتم","عدد اتمی و عدد جرمی","ذرات اتم","متوسط","اتمی خنثی عدد اتمی 30 و 14 نوترون دارد. عدد جرمی آن کدام است؟","44","45","43","60","A","عدد جرمی از مجموع 30 پروتون و 14 نوترون به دست می‌آید.","ترنم همدلی","original","1405"
"دهم","تجربی","شیمی","شیمی","ساختار اتم","عدد اتمی و عدد جرمی","ذرات اتم","متوسط","هسته اتمی 31 پروتون و 15 نوترون دارد. عدد جرمی هسته چند است؟","46","47","45","62","A","عدد جرمی از مجموع 31 پروتون و 15 نوترون به دست می‌آید.","ترنم همدلی","original","1405"
"دهم","تجربی","شیمی","شیمی","ساختار اتم","عدد اتمی و عدد جرمی","ذرات اتم","متوسط","اگر تعداد پروتون‌ها 32 و تعداد نوترون‌ها 16 باشد، عدد جرمی چه مقداری است؟","48","49","47","64","A","عدد جرمی از مجموع 32 پروتون و 16 نوترون به دست می‌آید.","ترنم همدلی","original","1405"
"یازدهم","تجربی","شیمی","شیمی","ساختار اتم","عدد اتمی و عدد جرمی","ذرات اتم","آسان","اتمی خنثی عدد اتمی 3 و 2 نوترون دارد. عدد جرمی آن کدام است؟","5","6","4","6","A","عدد جرمی از مجموع 3 پروتون و 2 نوترون به دست می‌آید.","ترنم همدلی","original","1405"
"یازدهم","تجربی","شیمی","شیمی","ساختار اتم","عدد اتمی و عدد جرمی","ذرات اتم","متوسط","هسته اتمی 4 پروتون و 3 نوترون دارد. عدد جرمی هسته چند است؟","7","8","6","8","A","عدد جرمی از مجموع 4 پروتون و 3 نوترون به دست می‌آید.","ترنم همدلی","original","1405"
"یازدهم","تجربی","شیمی","شیمی","ساختار اتم","عدد اتمی و عدد جرمی","ذرات اتم","متوسط","اگر تعداد پروتون‌ها 5 و تعداد نوترون‌ها 4 باشد، عدد جرمی چه مقداری است؟","9","10","8","10","A","عدد جرمی از مجموع 5 پروتون و 4 نوترون به دست می‌آید.","ترنم همدلی","original","1405"
"یازدهم","تجربی","شیمی","شیمی","ساختار اتم","عدد اتمی و عدد جرمی","ذرات اتم","متوسط","اتمی خنثی عدد اتمی 6 و 5 نوترون دارد. عدد جرمی آن کدام است؟","11","12","10","12","A","عدد جرمی از مجموع 6 پروتون و 5 نوترون به دست می‌آید.","ترنم همدلی","original","1405"
"یازدهم","تجربی","شیمی","شیمی","ساختار اتم","عدد اتمی و عدد جرمی","ذرات اتم","متوسط","هسته اتمی 7 پروتون و 6 نوترون دارد. عدد جرمی هسته چند است؟","13","14","12","14","A","عدد جرمی از مجموع 7 پروتون و 6 نوترون به دست می‌آید.","ترنم همدلی","original","1405"
"یازدهم","تجربی","شیمی","شیمی","ساختار اتم","عدد اتمی و عدد جرمی","ذرات اتم","آسان","اگر تعداد پروتون‌ها 8 و تعداد نوترون‌ها 7 باشد، عدد جرمی چه مقداری است؟","15","16","14","16","A","عدد جرمی از مجموع 8 پروتون و 7 نوترون به دست می‌آید.","ترنم همدلی","original","1405"
"یازدهم","تجربی","شیمی","شیمی","ساختار اتم","عدد اتمی و عدد جرمی","ذرات اتم","متوسط","اتمی خنثی عدد اتمی 9 و 8 نوترون دارد. عدد جرمی آن کدام است؟","17","18","16","18","A","عدد جرمی از مجموع 9 پروتون و 8 نوترون به دست می‌آید.","ترنم همدلی","original","1405"
"یازدهم","تجربی","شیمی","شیمی","ساختار اتم","عدد اتمی و عدد جرمی","ذرات اتم","متوسط","هسته اتمی 10 پروتون و 9 نوترون دارد. عدد جرمی هسته چند است؟","19","20","18","20","A","عدد جرمی از مجموع 10 پروتون و 9 نوترون به دست می‌آید.","ترنم همدلی","original","1405"
"یازدهم","تجربی","شیمی","شیمی","ساختار اتم","عدد اتمی و عدد جرمی","ذرات اتم","متوسط","اگر تعداد پروتون‌ها 11 و تعداد نوترون‌ها 10 باشد، عدد جرمی چه مقداری است؟","21","22","20","22","A","عدد جرمی از مجموع 11 پروتون و 10 نوترون به دست می‌آید.","ترنم همدلی","original","1405"
"یازدهم","تجربی","شیمی","شیمی","ساختار اتم","عدد اتمی و عدد جرمی","ذرات اتم","متوسط","اتمی خنثی عدد اتمی 12 و 11 نوترون دارد. عدد جرمی آن کدام است؟","23","24","22","24","A","عدد جرمی از مجموع 12 پروتون و 11 نوترون به دست می‌آید.","ترنم همدلی","original","1405"
"یازدهم","تجربی","شیمی","شیمی","ساختار اتم","عدد اتمی و عدد جرمی","ذرات اتم","آسان","هسته اتمی 13 پروتون و 12 نوترون دارد. عدد جرمی هسته چند است؟","25","26","24","26","A","عدد جرمی از مجموع 13 پروتون و 12 نوترون به دست می‌آید.","ترنم همدلی","original","1405"
"یازدهم","تجربی","شیمی","شیمی","ساختار اتم","عدد اتمی و عدد جرمی","ذرات اتم","متوسط","اگر تعداد پروتون‌ها 14 و تعداد نوترون‌ها 13 باشد، عدد جرمی چه مقداری است؟","27","28","26","28","A","عدد جرمی از مجموع 14 پروتون و 13 نوترون به دست می‌آید.","ترنم همدلی","original","1405"
"یازدهم","تجربی","شیمی","شیمی","ساختار اتم","عدد اتمی و عدد جرمی","ذرات اتم","متوسط","اتمی خنثی عدد اتمی 15 و 14 نوترون دارد. عدد جرمی آن کدام است؟","29","30","28","30","A","عدد جرمی از مجموع 15 پروتون و 14 نوترون به دست می‌آید.","ترنم همدلی","original","1405"
"یازدهم","تجربی","شیمی","شیمی","ساختار اتم","عدد اتمی و عدد جرمی","ذرات اتم","متوسط","هسته اتمی 16 پروتون و 15 نوترون دارد. عدد جرمی هسته چند است؟","31","32","30","32","A","عدد جرمی از مجموع 16 پروتون و 15 نوترون به دست می‌آید.","ترنم همدلی","original","1405"
"یازدهم","تجربی","شیمی","شیمی","ساختار اتم","عدد اتمی و عدد جرمی","ذرات اتم","متوسط","اگر تعداد پروتون‌ها 17 و تعداد نوترون‌ها 16 باشد، عدد جرمی چه مقداری است؟","33","34","32","34","A","عدد جرمی از مجموع 17 پروتون و 16 نوترون به دست می‌آید.","ترنم همدلی","original","1405"
"یازدهم","تجربی","شیمی","شیمی","ساختار اتم","عدد اتمی و عدد جرمی","ذرات اتم","آسان","اتمی خنثی عدد اتمی 18 و 2 نوترون دارد. عدد جرمی آن کدام است؟","20","21","19","36","A","عدد جرمی از مجموع 18 پروتون و 2 نوترون به دست می‌آید.","ترنم همدلی","original","1405"
"یازدهم","تجربی","شیمی","شیمی","ساختار اتم","عدد اتمی و عدد جرمی","ذرات اتم","متوسط","هسته اتمی 19 پروتون و 3 نوترون دارد. عدد جرمی هسته چند است؟","22","23","21","38","A","عدد جرمی از مجموع 19 پروتون و 3 نوترون به دست می‌آید.","ترنم همدلی","original","1405"
"یازدهم","تجربی","شیمی","شیمی","ساختار اتم","عدد اتمی و عدد جرمی","ذرات اتم","متوسط","اگر تعداد پروتون‌ها 20 و تعداد نوترون‌ها 4 باشد، عدد جرمی چه مقداری است؟","24","25","23","40","A","عدد جرمی از مجموع 20 پروتون و 4 نوترون به دست می‌آید.","ترنم همدلی","original","1405"
"یازدهم","تجربی","شیمی","شیمی","ساختار اتم","عدد اتمی و عدد جرمی","ذرات اتم","متوسط","اتمی خنثی عدد اتمی 21 و 5 نوترون دارد. عدد جرمی آن کدام است؟","26","27","25","42","A","عدد جرمی از مجموع 21 پروتون و 5 نوترون به دست می‌آید.","ترنم همدلی","original","1405"
"یازدهم","تجربی","شیمی","شیمی","ساختار اتم","عدد اتمی و عدد جرمی","ذرات اتم","متوسط","هسته اتمی 22 پروتون و 6 نوترون دارد. عدد جرمی هسته چند است؟","28","29","27","44","A","عدد جرمی از مجموع 22 پروتون و 6 نوترون به دست می‌آید.","ترنم همدلی","original","1405"
"یازدهم","تجربی","شیمی","شیمی","ساختار اتم","عدد اتمی و عدد جرمی","ذرات اتم","آسان","اگر تعداد پروتون‌ها 23 و تعداد نوترون‌ها 7 باشد، عدد جرمی چه مقداری است؟","30","31","29","46","A","عدد جرمی از مجموع 23 پروتون و 7 نوترون به دست می‌آید.","ترنم همدلی","original","1405"
"یازدهم","تجربی","شیمی","شیمی","ساختار اتم","عدد اتمی و عدد جرمی","ذرات اتم","متوسط","اتمی خنثی عدد اتمی 24 و 8 نوترون دارد. عدد جرمی آن کدام است؟","32","33","31","48","A","عدد جرمی از مجموع 24 پروتون و 8 نوترون به دست می‌آید.","ترنم همدلی","original","1405"
"یازدهم","تجربی","شیمی","شیمی","ساختار اتم","عدد اتمی و عدد جرمی","ذرات اتم","متوسط","هسته اتمی 25 پروتون و 9 نوترون دارد. عدد جرمی هسته چند است؟","34","35","33","50","A","عدد جرمی از مجموع 25 پروتون و 9 نوترون به دست می‌آید.","ترنم همدلی","original","1405"
"یازدهم","تجربی","شیمی","شیمی","ساختار اتم","عدد اتمی و عدد جرمی","ذرات اتم","متوسط","اگر تعداد پروتون‌ها 26 و تعداد نوترون‌ها 10 باشد، عدد جرمی چه مقداری است؟","36","37","35","52","A","عدد جرمی از مجموع 26 پروتون و 10 نوترون به دست می‌آید.","ترنم همدلی","original","1405"
"یازدهم","تجربی","شیمی","شیمی","ساختار اتم","عدد اتمی و عدد جرمی","ذرات اتم","متوسط","اتمی خنثی عدد اتمی 27 و 11 نوترون دارد. عدد جرمی آن کدام است؟","38","39","37","54","A","عدد جرمی از مجموع 27 پروتون و 11 نوترون به دست می‌آید.","ترنم همدلی","original","1405"
"یازدهم","تجربی","شیمی","شیمی","ساختار اتم","عدد اتمی و عدد جرمی","ذرات اتم","آسان","هسته اتمی 28 پروتون و 12 نوترون دارد. عدد جرمی هسته چند است؟","40","41","39","56","A","عدد جرمی از مجموع 28 پروتون و 12 نوترون به دست می‌آید.","ترنم همدلی","original","1405"
"یازدهم","تجربی","شیمی","شیمی","ساختار اتم","عدد اتمی و عدد جرمی","ذرات اتم","متوسط","اگر تعداد پروتون‌ها 29 و تعداد نوترون‌ها 13 باشد، عدد جرمی چه مقداری است؟","42","43","41","58","A","عدد جرمی از مجموع 29 پروتون و 13 نوترون به دست می‌آید.","ترنم همدلی","original","1405"
"یازدهم","تجربی","شیمی","شیمی","ساختار اتم","عدد اتمی و عدد جرمی","ذرات اتم","متوسط","اتمی خنثی عدد اتمی 30 و 14 نوترون دارد. عدد جرمی آن کدام است؟","44","45","43","60","A","عدد جرمی از مجموع 30 پروتون و 14 نوترون به دست می‌آید.","ترنم همدلی","original","1405"
"یازدهم","تجربی","شیمی","شیمی","ساختار اتم","عدد اتمی و عدد جرمی","ذرات اتم","متوسط","هسته اتمی 31 پروتون و 15 نوترون دارد. عدد جرمی هسته چند است؟","46","47","45","62","A","عدد جرمی از مجموع 31 پروتون و 15 نوترون به دست می‌آید.","ترنم همدلی","original","1405"
"یازدهم","تجربی","شیمی","شیمی","ساختار اتم","عدد اتمی و عدد جرمی","ذرات اتم","متوسط","اگر تعداد پروتون‌ها 32 و تعداد نوترون‌ها 16 باشد، عدد جرمی چه مقداری است؟","48","49","47","64","A","عدد جرمی از مجموع 32 پروتون و 16 نوترون به دست می‌آید.","ترنم همدلی","original","1405"
"یازدهم","تجربی","شیمی","شیمی","ساختار اتم","عدد اتمی و عدد جرمی","ذرات اتم","آسان","اتمی خنثی عدد اتمی 3 و 2 نوترون دارد. عدد جرمی آن کدام است؟","5","6","4","6","A","عدد جرمی از مجموع 3 پروتون و 2 نوترون به دست می‌آید.","ترنم همدلی","original","1405"
"یازدهم","تجربی","شیمی","شیمی","ساختار اتم","عدد اتمی و عدد جرمی","ذرات اتم","متوسط","هسته اتمی 4 پروتون و 3 نوترون دارد. عدد جرمی هسته چند است؟","7","8","6","8","A","عدد جرمی از مجموع 4 پروتون و 3 نوترون به دست می‌آید.","ترنم همدلی","original","1405"
"یازدهم","تجربی","شیمی","شیمی","ساختار اتم","عدد اتمی و عدد جرمی","ذرات اتم","متوسط","اگر تعداد پروتون‌ها 5 و تعداد نوترون‌ها 4 باشد، عدد جرمی چه مقداری است؟","9","10","8","10","A","عدد جرمی از مجموع 5 پروتون و 4 نوترون به دست می‌آید.","ترنم همدلی","original","1405"
"یازدهم","تجربی","شیمی","شیمی","ساختار اتم","عدد اتمی و عدد جرمی","ذرات اتم","متوسط","اتمی خنثی عدد اتمی 6 و 5 نوترون دارد. عدد جرمی آن کدام است؟","11","12","10","12","A","عدد جرمی از مجموع 6 پروتون و 5 نوترون به دست می‌آید.","ترنم همدلی","original","1405"
"یازدهم","تجربی","شیمی","شیمی","ساختار اتم","عدد اتمی و عدد جرمی","ذرات اتم","متوسط","هسته اتمی 7 پروتون و 6 نوترون دارد. عدد جرمی هسته چند است؟","13","14","12","14","A","عدد جرمی از مجموع 7 پروتون و 6 نوترون به دست می‌آید.","ترنم همدلی","original","1405"
"یازدهم","تجربی","شیمی","شیمی","ساختار اتم","عدد اتمی و عدد جرمی","ذرات اتم","آسان","اگر تعداد پروتون‌ها 8 و تعداد نوترون‌ها 7 باشد، عدد جرمی چه مقداری است؟","15","16","14","16","A","عدد جرمی از مجموع 8 پروتون و 7 نوترون به دست می‌آید.","ترنم همدلی","original","1405"
"یازدهم","تجربی","شیمی","شیمی","ساختار اتم","عدد اتمی و عدد جرمی","ذرات اتم","متوسط","اتمی خنثی عدد اتمی 9 و 8 نوترون دارد. عدد جرمی آن کدام است؟","17","18","16","18","A","عدد جرمی از مجموع 9 پروتون و 8 نوترون به دست می‌آید.","ترنم همدلی","original","1405"
"یازدهم","تجربی","شیمی","شیمی","ساختار اتم","عدد اتمی و عدد جرمی","ذرات اتم","متوسط","هسته اتمی 10 پروتون و 9 نوترون دارد. عدد جرمی هسته چند است؟","19","20","18","20","A","عدد جرمی از مجموع 10 پروتون و 9 نوترون به دست می‌آید.","ترنم همدلی","original","1405"
"یازدهم","تجربی","شیمی","شیمی","ساختار اتم","عدد اتمی و عدد جرمی","ذرات اتم","متوسط","اگر تعداد پروتون‌ها 11 و تعداد نوترون‌ها 10 باشد، عدد جرمی چه مقداری است؟","21","22","20","22","A","عدد جرمی از مجموع 11 پروتون و 10 نوترون به دست می‌آید.","ترنم همدلی","original","1405"
"یازدهم","تجربی","شیمی","شیمی","ساختار اتم","عدد اتمی و عدد جرمی","ذرات اتم","متوسط","اتمی خنثی عدد اتمی 12 و 11 نوترون دارد. عدد جرمی آن کدام است؟","23","24","22","24","A","عدد جرمی از مجموع 12 پروتون و 11 نوترون به دست می‌آید.","ترنم همدلی","original","1405"
"یازدهم","تجربی","شیمی","شیمی","ساختار اتم","عدد اتمی و عدد جرمی","ذرات اتم","آسان","هسته اتمی 13 پروتون و 12 نوترون دارد. عدد جرمی هسته چند است؟","25","26","24","26","A","عدد جرمی از مجموع 13 پروتون و 12 نوترون به دست می‌آید.","ترنم همدلی","original","1405"
"یازدهم","تجربی","شیمی","شیمی","ساختار اتم","عدد اتمی و عدد جرمی","ذرات اتم","متوسط","اگر تعداد پروتون‌ها 14 و تعداد نوترون‌ها 13 باشد، عدد جرمی چه مقداری است؟","27","28","26","28","A","عدد جرمی از مجموع 14 پروتون و 13 نوترون به دست می‌آید.","ترنم همدلی","original","1405"
"یازدهم","تجربی","شیمی","شیمی","ساختار اتم","عدد اتمی و عدد جرمی","ذرات اتم","متوسط","اتمی خنثی عدد اتمی 15 و 14 نوترون دارد. عدد جرمی آن کدام است؟","29","30","28","30","A","عدد جرمی از مجموع 15 پروتون و 14 نوترون به دست می‌آید.","ترنم همدلی","original","1405"
"یازدهم","تجربی","شیمی","شیمی","ساختار اتم","عدد اتمی و عدد جرمی","ذرات اتم","متوسط","هسته اتمی 16 پروتون و 15 نوترون دارد. عدد جرمی هسته چند است؟","31","32","30","32","A","عدد جرمی از مجموع 16 پروتون و 15 نوترون به دست می‌آید.","ترنم همدلی","original","1405"
"یازدهم","تجربی","شیمی","شیمی","ساختار اتم","عدد اتمی و عدد جرمی","ذرات اتم","متوسط","اگر تعداد پروتون‌ها 17 و تعداد نوترون‌ها 16 باشد، عدد جرمی چه مقداری است؟","33","34","32","34","A","عدد جرمی از مجموع 17 پروتون و 16 نوترون به دست می‌آید.","ترنم همدلی","original","1405"
"یازدهم","تجربی","شیمی","شیمی","ساختار اتم","عدد اتمی و عدد جرمی","ذرات اتم","آسان","اتمی خنثی عدد اتمی 18 و 2 نوترون دارد. عدد جرمی آن کدام است؟","20","21","19","36","A","عدد جرمی از مجموع 18 پروتون و 2 نوترون به دست می‌آید.","ترنم همدلی","original","1405"
"یازدهم","تجربی","شیمی","شیمی","ساختار اتم","عدد اتمی و عدد جرمی","ذرات اتم","متوسط","هسته اتمی 19 پروتون و 3 نوترون دارد. عدد جرمی هسته چند است؟","22","23","21","38","A","عدد جرمی از مجموع 19 پروتون و 3 نوترون به دست می‌آید.","ترنم همدلی","original","1405"
"یازدهم","تجربی","شیمی","شیمی","ساختار اتم","عدد اتمی و عدد جرمی","ذرات اتم","متوسط","اگر تعداد پروتون‌ها 20 و تعداد نوترون‌ها 4 باشد، عدد جرمی چه مقداری است؟","24","25","23","40","A","عدد جرمی از مجموع 20 پروتون و 4 نوترون به دست می‌آید.","ترنم همدلی","original","1405"
"یازدهم","تجربی","شیمی","شیمی","ساختار اتم","عدد اتمی و عدد جرمی","ذرات اتم","متوسط","اتمی خنثی عدد اتمی 21 و 5 نوترون دارد. عدد جرمی آن کدام است؟","26","27","25","42","A","عدد جرمی از مجموع 21 پروتون و 5 نوترون به دست می‌آید.","ترنم همدلی","original","1405"
"یازدهم","تجربی","شیمی","شیمی","ساختار اتم","عدد اتمی و عدد جرمی","ذرات اتم","متوسط","هسته اتمی 22 پروتون و 6 نوترون دارد. عدد جرمی هسته چند است؟","28","29","27","44","A","عدد جرمی از مجموع 22 پروتون و 6 نوترون به دست می‌آید.","ترنم همدلی","original","1405"
"یازدهم","تجربی","شیمی","شیمی","ساختار اتم","عدد اتمی و عدد جرمی","ذرات اتم","آسان","اگر تعداد پروتون‌ها 23 و تعداد نوترون‌ها 7 باشد، عدد جرمی چه مقداری است؟","30","31","29","46","A","عدد جرمی از مجموع 23 پروتون و 7 نوترون به دست می‌آید.","ترنم همدلی","original","1405"
"یازدهم","تجربی","شیمی","شیمی","ساختار اتم","عدد اتمی و عدد جرمی","ذرات اتم","متوسط","اتمی خنثی عدد اتمی 24 و 8 نوترون دارد. عدد جرمی آن کدام است؟","32","33","31","48","A","عدد جرمی از مجموع 24 پروتون و 8 نوترون به دست می‌آید.","ترنم همدلی","original","1405"
"یازدهم","تجربی","شیمی","شیمی","ساختار اتم","عدد اتمی و عدد جرمی","ذرات اتم","متوسط","هسته اتمی 25 پروتون و 9 نوترون دارد. عدد جرمی هسته چند است؟","34","35","33","50","A","عدد جرمی از مجموع 25 پروتون و 9 نوترون به دست می‌آید.","ترنم همدلی","original","1405"
"یازدهم","تجربی","شیمی","شیمی","ساختار اتم","عدد اتمی و عدد جرمی","ذرات اتم","متوسط","اگر تعداد پروتون‌ها 26 و تعداد نوترون‌ها 10 باشد، عدد جرمی چه مقداری است؟","36","37","35","52","A","عدد جرمی از مجموع 26 پروتون و 10 نوترون به دست می‌آید.","ترنم همدلی","original","1405"
"یازدهم","تجربی","شیمی","شیمی","ساختار اتم","عدد اتمی و عدد جرمی","ذرات اتم","متوسط","اتمی خنثی عدد اتمی 27 و 11 نوترون دارد. عدد جرمی آن کدام است؟","38","39","37","54","A","عدد جرمی از مجموع 27 پروتون و 11 نوترون به دست می‌آید.","ترنم همدلی","original","1405"
"یازدهم","تجربی","شیمی","شیمی","ساختار اتم","عدد اتمی و عدد جرمی","ذرات اتم","آسان","هسته اتمی 28 پروتون و 12 نوترون دارد. عدد جرمی هسته چند است؟","40","41","39","56","A","عدد جرمی از مجموع 28 پروتون و 12 نوترون به دست می‌آید.","ترنم همدلی","original","1405"
"یازدهم","تجربی","شیمی","شیمی","ساختار اتم","عدد اتمی و عدد جرمی","ذرات اتم","متوسط","اگر تعداد پروتون‌ها 29 و تعداد نوترون‌ها 13 باشد، عدد جرمی چه مقداری است؟","42","43","41","58","A","عدد جرمی از مجموع 29 پروتون و 13 نوترون به دست می‌آید.","ترنم همدلی","original","1405"
"یازدهم","تجربی","شیمی","شیمی","ساختار اتم","عدد اتمی و عدد جرمی","ذرات اتم","متوسط","اتمی خنثی عدد اتمی 30 و 14 نوترون دارد. عدد جرمی آن کدام است؟","44","45","43","60","A","عدد جرمی از مجموع 30 پروتون و 14 نوترون به دست می‌آید.","ترنم همدلی","original","1405"
"یازدهم","تجربی","شیمی","شیمی","ساختار اتم","عدد اتمی و عدد جرمی","ذرات اتم","متوسط","هسته اتمی 31 پروتون و 15 نوترون دارد. عدد جرمی هسته چند است؟","46","47","45","62","A","عدد جرمی از مجموع 31 پروتون و 15 نوترون به دست می‌آید.","ترنم همدلی","original","1405"
"یازدهم","تجربی","شیمی","شیمی","ساختار اتم","عدد اتمی و عدد جرمی","ذرات اتم","متوسط","اگر تعداد پروتون‌ها 32 و تعداد نوترون‌ها 16 باشد، عدد جرمی چه مقداری است؟","48","49","47","64","A","عدد جرمی از مجموع 32 پروتون و 16 نوترون به دست می‌آید.","ترنم همدلی","original","1405"
"یازدهم","تجربی","شیمی","شیمی","ساختار اتم","عدد اتمی و عدد جرمی","ذرات اتم","آسان","اتمی خنثی عدد اتمی 3 و 2 نوترون دارد. عدد جرمی آن کدام است؟","5","6","4","6","A","عدد جرمی از مجموع 3 پروتون و 2 نوترون به دست می‌آید.","ترنم همدلی","original","1405"
"یازدهم","تجربی","شیمی","شیمی","ساختار اتم","عدد اتمی و عدد جرمی","ذرات اتم","متوسط","هسته اتمی 4 پروتون و 3 نوترون دارد. عدد جرمی هسته چند است؟","7","8","6","8","A","عدد جرمی از مجموع 4 پروتون و 3 نوترون به دست می‌آید.","ترنم همدلی","original","1405"
"یازدهم","تجربی","شیمی","شیمی","ساختار اتم","عدد اتمی و عدد جرمی","ذرات اتم","متوسط","اگر تعداد پروتون‌ها 5 و تعداد نوترون‌ها 4 باشد، عدد جرمی چه مقداری است؟","9","10","8","10","A","عدد جرمی از مجموع 5 پروتون و 4 نوترون به دست می‌آید.","ترنم همدلی","original","1405"
"یازدهم","تجربی","شیمی","شیمی","ساختار اتم","عدد اتمی و عدد جرمی","ذرات اتم","متوسط","اتمی خنثی عدد اتمی 6 و 5 نوترون دارد. عدد جرمی آن کدام است؟","11","12","10","12","A","عدد جرمی از مجموع 6 پروتون و 5 نوترون به دست می‌آید.","ترنم همدلی","original","1405"
"یازدهم","تجربی","شیمی","شیمی","ساختار اتم","عدد اتمی و عدد جرمی","ذرات اتم","متوسط","هسته اتمی 7 پروتون و 6 نوترون دارد. عدد جرمی هسته چند است؟","13","14","12","14","A","عدد جرمی از مجموع 7 پروتون و 6 نوترون به دست می‌آید.","ترنم همدلی","original","1405"
"یازدهم","تجربی","شیمی","شیمی","ساختار اتم","عدد اتمی و عدد جرمی","ذرات اتم","آسان","اگر تعداد پروتون‌ها 8 و تعداد نوترون‌ها 7 باشد، عدد جرمی چه مقداری است؟","15","16","14","16","A","عدد جرمی از مجموع 8 پروتون و 7 نوترون به دست می‌آید.","ترنم همدلی","original","1405"
"یازدهم","تجربی","شیمی","شیمی","ساختار اتم","عدد اتمی و عدد جرمی","ذرات اتم","متوسط","اتمی خنثی عدد اتمی 9 و 8 نوترون دارد. عدد جرمی آن کدام است؟","17","18","16","18","A","عدد جرمی از مجموع 9 پروتون و 8 نوترون به دست می‌آید.","ترنم همدلی","original","1405"
"یازدهم","تجربی","شیمی","شیمی","ساختار اتم","عدد اتمی و عدد جرمی","ذرات اتم","متوسط","هسته اتمی 10 پروتون و 9 نوترون دارد. عدد جرمی هسته چند است؟","19","20","18","20","A","عدد جرمی از مجموع 10 پروتون و 9 نوترون به دست می‌آید.","ترنم همدلی","original","1405"
"یازدهم","تجربی","شیمی","شیمی","ساختار اتم","عدد اتمی و عدد جرمی","ذرات اتم","متوسط","اگر تعداد پروتون‌ها 11 و تعداد نوترون‌ها 10 باشد، عدد جرمی چه مقداری است؟","21","22","20","22","A","عدد جرمی از مجموع 11 پروتون و 10 نوترون به دست می‌آید.","ترنم همدلی","original","1405"
"یازدهم","تجربی","شیمی","شیمی","ساختار اتم","عدد اتمی و عدد جرمی","ذرات اتم","متوسط","اتمی خنثی عدد اتمی 12 و 11 نوترون دارد. عدد جرمی آن کدام است؟","23","24","22","24","A","عدد جرمی از مجموع 12 پروتون و 11 نوترون به دست می‌آید.","ترنم همدلی","original","1405"
"یازدهم","تجربی","شیمی","شیمی","ساختار اتم","عدد اتمی و عدد جرمی","ذرات اتم","آسان","هسته اتمی 13 پروتون و 12 نوترون دارد. عدد جرمی هسته چند است؟","25","26","24","26","A","عدد جرمی از مجموع 13 پروتون و 12 نوترون به دست می‌آید.","ترنم همدلی","original","1405"
"یازدهم","تجربی","شیمی","شیمی","ساختار اتم","عدد اتمی و عدد جرمی","ذرات اتم","متوسط","اگر تعداد پروتون‌ها 14 و تعداد نوترون‌ها 13 باشد، عدد جرمی چه مقداری است؟","27","28","26","28","A","عدد جرمی از مجموع 14 پروتون و 13 نوترون به دست می‌آید.","ترنم همدلی","original","1405"
"یازدهم","تجربی","شیمی","شیمی","ساختار اتم","عدد اتمی و عدد جرمی","ذرات اتم","متوسط","اتمی خنثی عدد اتمی 15 و 14 نوترون دارد. عدد جرمی آن کدام است؟","29","30","28","30","A","عدد جرمی از مجموع 15 پروتون و 14 نوترون به دست می‌آید.","ترنم همدلی","original","1405"
"یازدهم","تجربی","شیمی","شیمی","ساختار اتم","عدد اتمی و عدد جرمی","ذرات اتم","متوسط","هسته اتمی 16 پروتون و 15 نوترون دارد. عدد جرمی هسته چند است؟","31","32","30","32","A","عدد جرمی از مجموع 16 پروتون و 15 نوترون به دست می‌آید.","ترنم همدلی","original","1405"
"یازدهم","تجربی","شیمی","شیمی","ساختار اتم","عدد اتمی و عدد جرمی","ذرات اتم","متوسط","اگر تعداد پروتون‌ها 17 و تعداد نوترون‌ها 16 باشد، عدد جرمی چه مقداری است؟","33","34","32","34","A","عدد جرمی از مجموع 17 پروتون و 16 نوترون به دست می‌آید.","ترنم همدلی","original","1405"
"یازدهم","تجربی","شیمی","شیمی","ساختار اتم","عدد اتمی و عدد جرمی","ذرات اتم","آسان","اتمی خنثی عدد اتمی 18 و 2 نوترون دارد. عدد جرمی آن کدام است؟","20","21","19","36","A","عدد جرمی از مجموع 18 پروتون و 2 نوترون به دست می‌آید.","ترنم همدلی","original","1405"
"یازدهم","تجربی","شیمی","شیمی","ساختار اتم","عدد اتمی و عدد جرمی","ذرات اتم","متوسط","هسته اتمی 19 پروتون و 3 نوترون دارد. عدد جرمی هسته چند است؟","22","23","21","38","A","عدد جرمی از مجموع 19 پروتون و 3 نوترون به دست می‌آید.","ترنم همدلی","original","1405"
"یازدهم","تجربی","شیمی","شیمی","ساختار اتم","عدد اتمی و عدد جرمی","ذرات اتم","متوسط","اگر تعداد پروتون‌ها 20 و تعداد نوترون‌ها 4 باشد، عدد جرمی چه مقداری است؟","24","25","23","40","A","عدد جرمی از مجموع 20 پروتون و 4 نوترون به دست می‌آید.","ترنم همدلی","original","1405"
"یازدهم","تجربی","شیمی","شیمی","ساختار اتم","عدد اتمی و عدد جرمی","ذرات اتم","متوسط","اتمی خنثی عدد اتمی 21 و 5 نوترون دارد. عدد جرمی آن کدام است؟","26","27","25","42","A","عدد جرمی از مجموع 21 پروتون و 5 نوترون به دست می‌آید.","ترنم همدلی","original","1405"
"یازدهم","تجربی","شیمی","شیمی","ساختار اتم","عدد اتمی و عدد جرمی","ذرات اتم","متوسط","هسته اتمی 22 پروتون و 6 نوترون دارد. عدد جرمی هسته چند است؟","28","29","27","44","A","عدد جرمی از مجموع 22 پروتون و 6 نوترون به دست می‌آید.","ترنم همدلی","original","1405"
"یازدهم","تجربی","شیمی","شیمی","ساختار اتم","عدد اتمی و عدد جرمی","ذرات اتم","آسان","اگر تعداد پروتون‌ها 23 و تعداد نوترون‌ها 7 باشد، عدد جرمی چه مقداری است؟","30","31","29","46","A","عدد جرمی از مجموع 23 پروتون و 7 نوترون به دست می‌آید.","ترنم همدلی","original","1405"
"یازدهم","تجربی","شیمی","شیمی","ساختار اتم","عدد اتمی و عدد جرمی","ذرات اتم","متوسط","اتمی خنثی عدد اتمی 24 و 8 نوترون دارد. عدد جرمی آن کدام است؟","32","33","31","48","A","عدد جرمی از مجموع 24 پروتون و 8 نوترون به دست می‌آید.","ترنم همدلی","original","1405"
"یازدهم","تجربی","شیمی","شیمی","ساختار اتم","عدد اتمی و عدد جرمی","ذرات اتم","متوسط","هسته اتمی 25 پروتون و 9 نوترون دارد. عدد جرمی هسته چند است؟","34","35","33","50","A","عدد جرمی از مجموع 25 پروتون و 9 نوترون به دست می‌آید.","ترنم همدلی","original","1405"
"یازدهم","تجربی","شیمی","شیمی","ساختار اتم","عدد اتمی و عدد جرمی","ذرات اتم","متوسط","اگر تعداد پروتون‌ها 26 و تعداد نوترون‌ها 10 باشد، عدد جرمی چه مقداری است؟","36","37","35","52","A","عدد جرمی از مجموع 26 پروتون و 10 نوترون به دست می‌آید.","ترنم همدلی","original","1405"
"یازدهم","تجربی","شیمی","شیمی","ساختار اتم","عدد اتمی و عدد جرمی","ذرات اتم","متوسط","اتمی خنثی عدد اتمی 27 و 11 نوترون دارد. عدد جرمی آن کدام است؟","38","39","37","54","A","عدد جرمی از مجموع 27 پروتون و 11 نوترون به دست می‌آید.","ترنم همدلی","original","1405"
"یازدهم","تجربی","شیمی","شیمی","ساختار اتم","عدد اتمی و عدد جرمی","ذرات اتم","آسان","هسته اتمی 28 پروتون و 12 نوترون دارد. عدد جرمی هسته چند است؟","40","41","39","56","A","عدد جرمی از مجموع 28 پروتون و 12 نوترون به دست می‌آید.","ترنم همدلی","original","1405"
"یازدهم","تجربی","شیمی","شیمی","ساختار اتم","عدد اتمی و عدد جرمی","ذرات اتم","متوسط","اگر تعداد پروتون‌ها 29 و تعداد نوترون‌ها 13 باشد، عدد جرمی چه مقداری است؟","42","43","41","58","A","عدد جرمی از مجموع 29 پروتون و 13 نوترون به دست می‌آید.","ترنم همدلی","original","1405"
"یازدهم","تجربی","شیمی","شیمی","ساختار اتم","عدد اتمی و عدد جرمی","ذرات اتم","متوسط","اتمی خنثی عدد اتمی 30 و 14 نوترون دارد. عدد جرمی آن کدام است؟","44","45","43","60","A","عدد جرمی از مجموع 30 پروتون و 14 نوترون به دست می‌آید.","ترنم همدلی","original","1405"
"یازدهم","تجربی","شیمی","شیمی","ساختار اتم","عدد اتمی و عدد جرمی","ذرات اتم","متوسط","هسته اتمی 31 پروتون و 15 نوترون دارد. عدد جرمی هسته چند است؟","46","47","45","62","A","عدد جرمی از مجموع 31 پروتون و 15 نوترون به دست می‌آید.","ترنم همدلی","original","1405"
"یازدهم","تجربی","شیمی","شیمی","ساختار اتم","عدد اتمی و عدد جرمی","ذرات اتم","متوسط","اگر تعداد پروتون‌ها 32 و تعداد نوترون‌ها 16 باشد، عدد جرمی چه مقداری است؟","48","49","47","64","A","عدد جرمی از مجموع 32 پروتون و 16 نوترون به دست می‌آید.","ترنم همدلی","original","1405"
"یازدهم","تجربی","شیمی","شیمی","ساختار اتم","عدد اتمی و عدد جرمی","ذرات اتم","آسان","اتمی خنثی عدد اتمی 3 و 2 نوترون دارد. عدد جرمی آن کدام است؟","5","6","4","6","A","عدد جرمی از مجموع 3 پروتون و 2 نوترون به دست می‌آید.","ترنم همدلی","original","1405"
"یازدهم","تجربی","شیمی","شیمی","ساختار اتم","عدد اتمی و عدد جرمی","ذرات اتم","متوسط","هسته اتمی 4 پروتون و 3 نوترون دارد. عدد جرمی هسته چند است؟","7","8","6","8","A","عدد جرمی از مجموع 4 پروتون و 3 نوترون به دست می‌آید.","ترنم همدلی","original","1405"
"یازدهم","تجربی","شیمی","شیمی","ساختار اتم","عدد اتمی و عدد جرمی","ذرات اتم","متوسط","اگر تعداد پروتون‌ها 5 و تعداد نوترون‌ها 4 باشد، عدد جرمی چه مقداری است؟","9","10","8","10","A","عدد جرمی از مجموع 5 پروتون و 4 نوترون به دست می‌آید.","ترنم همدلی","original","1405"
"یازدهم","تجربی","شیمی","شیمی","ساختار اتم","عدد اتمی و عدد جرمی","ذرات اتم","متوسط","اتمی خنثی عدد اتمی 6 و 5 نوترون دارد. عدد جرمی آن کدام است؟","11","12","10","12","A","عدد جرمی از مجموع 6 پروتون و 5 نوترون به دست می‌آید.","ترنم همدلی","original","1405"
"یازدهم","تجربی","شیمی","شیمی","ساختار اتم","عدد اتمی و عدد جرمی","ذرات اتم","متوسط","هسته اتمی 7 پروتون و 6 نوترون دارد. عدد جرمی هسته چند است؟","13","14","12","14","A","عدد جرمی از مجموع 7 پروتون و 6 نوترون به دست می‌آید.","ترنم همدلی","original","1405"
"یازدهم","تجربی","شیمی","شیمی","ساختار اتم","عدد اتمی و عدد جرمی","ذرات اتم","آسان","اگر تعداد پروتون‌ها 8 و تعداد نوترون‌ها 7 باشد، عدد جرمی چه مقداری است؟","15","16","14","16","A","عدد جرمی از مجموع 8 پروتون و 7 نوترون به دست می‌آید.","ترنم همدلی","original","1405"
"یازدهم","تجربی","شیمی","شیمی","ساختار اتم","عدد اتمی و عدد جرمی","ذرات اتم","متوسط","اتمی خنثی عدد اتمی 9 و 8 نوترون دارد. عدد جرمی آن کدام است؟","17","18","16","18","A","عدد جرمی از مجموع 9 پروتون و 8 نوترون به دست می‌آید.","ترنم همدلی","original","1405"
"یازدهم","تجربی","شیمی","شیمی","ساختار اتم","عدد اتمی و عدد جرمی","ذرات اتم","متوسط","هسته اتمی 10 پروتون و 9 نوترون دارد. عدد جرمی هسته چند است؟","19","20","18","20","A","عدد جرمی از مجموع 10 پروتون و 9 نوترون به دست می‌آید.","ترنم همدلی","original","1405"
"یازدهم","تجربی","شیمی","شیمی","ساختار اتم","عدد اتمی و عدد جرمی","ذرات اتم","متوسط","اگر تعداد پروتون‌ها 11 و تعداد نوترون‌ها 10 باشد، عدد جرمی چه مقداری است؟","21","22","20","22","A","عدد جرمی از مجموع 11 پروتون و 10 نوترون به دست می‌آید.","ترنم همدلی","original","1405"
"یازدهم","تجربی","شیمی","شیمی","ساختار اتم","عدد اتمی و عدد جرمی","ذرات اتم","متوسط","اتمی خنثی عدد اتمی 12 و 11 نوترون دارد. عدد جرمی آن کدام است؟","23","24","22","24","A","عدد جرمی از مجموع 12 پروتون و 11 نوترون به دست می‌آید.","ترنم همدلی","original","1405"
"یازدهم","تجربی","شیمی","شیمی","ساختار اتم","عدد اتمی و عدد جرمی","ذرات اتم","آسان","هسته اتمی 13 پروتون و 12 نوترون دارد. عدد جرمی هسته چند است؟","25","26","24","26","A","عدد جرمی از مجموع 13 پروتون و 12 نوترون به دست می‌آید.","ترنم همدلی","original","1405"
"یازدهم","تجربی","شیمی","شیمی","ساختار اتم","عدد اتمی و عدد جرمی","ذرات اتم","متوسط","اگر تعداد پروتون‌ها 14 و تعداد نوترون‌ها 13 باشد، عدد جرمی چه مقداری است؟","27","28","26","28","A","عدد جرمی از مجموع 14 پروتون و 13 نوترون به دست می‌آید.","ترنم همدلی","original","1405"
"یازدهم","تجربی","شیمی","شیمی","ساختار اتم","عدد اتمی و عدد جرمی","ذرات اتم","متوسط","اتمی خنثی عدد اتمی 15 و 14 نوترون دارد. عدد جرمی آن کدام است؟","29","30","28","30","A","عدد جرمی از مجموع 15 پروتون و 14 نوترون به دست می‌آید.","ترنم همدلی","original","1405"
"یازدهم","تجربی","شیمی","شیمی","ساختار اتم","عدد اتمی و عدد جرمی","ذرات اتم","متوسط","هسته اتمی 16 پروتون و 15 نوترون دارد. عدد جرمی هسته چند است؟","31","32","30","32","A","عدد جرمی از مجموع 16 پروتون و 15 نوترون به دست می‌آید.","ترنم همدلی","original","1405"
"یازدهم","تجربی","شیمی","شیمی","ساختار اتم","عدد اتمی و عدد جرمی","ذرات اتم","متوسط","اگر تعداد پروتون‌ها 17 و تعداد نوترون‌ها 16 باشد، عدد جرمی چه مقداری است؟","33","34","32","34","A","عدد جرمی از مجموع 17 پروتون و 16 نوترون به دست می‌آید.","ترنم همدلی","original","1405"
"یازدهم","تجربی","شیمی","شیمی","ساختار اتم","عدد اتمی و عدد جرمی","ذرات اتم","آسان","اتمی خنثی عدد اتمی 18 و 2 نوترون دارد. عدد جرمی آن کدام است؟","20","21","19","36","A","عدد جرمی از مجموع 18 پروتون و 2 نوترون به دست می‌آید.","ترنم همدلی","original","1405"
"یازدهم","تجربی","شیمی","شیمی","ساختار اتم","عدد اتمی و عدد جرمی","ذرات اتم","متوسط","هسته اتمی 19 پروتون و 3 نوترون دارد. عدد جرمی هسته چند است؟","22","23","21","38","A","عدد جرمی از مجموع 19 پروتون و 3 نوترون به دست می‌آید.","ترنم همدلی","original","1405"
"یازدهم","تجربی","شیمی","شیمی","ساختار اتم","عدد اتمی و عدد جرمی","ذرات اتم","متوسط","اگر تعداد پروتون‌ها 20 و تعداد نوترون‌ها 4 باشد، عدد جرمی چه مقداری است؟","24","25","23","40","A","عدد جرمی از مجموع 20 پروتون و 4 نوترون به دست می‌آید.","ترنم همدلی","original","1405"
"یازدهم","تجربی","شیمی","شیمی","ساختار اتم","عدد اتمی و عدد جرمی","ذرات اتم","متوسط","اتمی خنثی عدد اتمی 21 و 5 نوترون دارد. عدد جرمی آن کدام است؟","26","27","25","42","A","عدد جرمی از مجموع 21 پروتون و 5 نوترون به دست می‌آید.","ترنم همدلی","original","1405"
"یازدهم","تجربی","شیمی","شیمی","ساختار اتم","عدد اتمی و عدد جرمی","ذرات اتم","متوسط","هسته اتمی 22 پروتون و 6 نوترون دارد. عدد جرمی هسته چند است؟","28","29","27","44","A","عدد جرمی از مجموع 22 پروتون و 6 نوترون به دست می‌آید.","ترنم همدلی","original","1405"
"یازدهم","تجربی","شیمی","شیمی","ساختار اتم","عدد اتمی و عدد جرمی","ذرات اتم","آسان","اگر تعداد پروتون‌ها 23 و تعداد نوترون‌ها 7 باشد، عدد جرمی چه مقداری است؟","30","31","29","46","A","عدد جرمی از مجموع 23 پروتون و 7 نوترون به دست می‌آید.","ترنم همدلی","original","1405"
"یازدهم","تجربی","شیمی","شیمی","ساختار اتم","عدد اتمی و عدد جرمی","ذرات اتم","متوسط","اتمی خنثی عدد اتمی 24 و 8 نوترون دارد. عدد جرمی آن کدام است؟","32","33","31","48","A","عدد جرمی از مجموع 24 پروتون و 8 نوترون به دست می‌آید.","ترنم همدلی","original","1405"
"یازدهم","تجربی","شیمی","شیمی","ساختار اتم","عدد اتمی و عدد جرمی","ذرات اتم","متوسط","هسته اتمی 25 پروتون و 9 نوترون دارد. عدد جرمی هسته چند است؟","34","35","33","50","A","عدد جرمی از مجموع 25 پروتون و 9 نوترون به دست می‌آید.","ترنم همدلی","original","1405"
"یازدهم","تجربی","شیمی","شیمی","ساختار اتم","عدد اتمی و عدد جرمی","ذرات اتم","متوسط","اگر تعداد پروتون‌ها 26 و تعداد نوترون‌ها 10 باشد، عدد جرمی چه مقداری است؟","36","37","35","52","A","عدد جرمی از مجموع 26 پروتون و 10 نوترون به دست می‌آید.","ترنم همدلی","original","1405"
"یازدهم","تجربی","شیمی","شیمی","ساختار اتم","عدد اتمی و عدد جرمی","ذرات اتم","متوسط","اتمی خنثی عدد اتمی 27 و 11 نوترون دارد. عدد جرمی آن کدام است؟","38","39","37","54","A","عدد جرمی از مجموع 27 پروتون و 11 نوترون به دست می‌آید.","ترنم همدلی","original","1405"
"یازدهم","تجربی","شیمی","شیمی","ساختار اتم","عدد اتمی و عدد جرمی","ذرات اتم","آسان","هسته اتمی 28 پروتون و 12 نوترون دارد. عدد جرمی هسته چند است؟","40","41","39","56","A","عدد جرمی از مجموع 28 پروتون و 12 نوترون به دست می‌آید.","ترنم همدلی","original","1405"
"یازدهم","تجربی","شیمی","شیمی","ساختار اتم","عدد اتمی و عدد جرمی","ذرات اتم","متوسط","اگر تعداد پروتون‌ها 29 و تعداد نوترون‌ها 13 باشد، عدد جرمی چه مقداری است؟","42","43","41","58","A","عدد جرمی از مجموع 29 پروتون و 13 نوترون به دست می‌آید.","ترنم همدلی","original","1405"
"یازدهم","تجربی","شیمی","شیمی","ساختار اتم","عدد اتمی و عدد جرمی","ذرات اتم","متوسط","اتمی خنثی عدد اتمی 30 و 14 نوترون دارد. عدد جرمی آن کدام است؟","44","45","43","60","A","عدد جرمی از مجموع 30 پروتون و 14 نوترون به دست می‌آید.","ترنم همدلی","original","1405"
"یازدهم","تجربی","شیمی","شیمی","ساختار اتم","عدد اتمی و عدد جرمی","ذرات اتم","متوسط","هسته اتمی 31 پروتون و 15 نوترون دارد. عدد جرمی هسته چند است؟","46","47","45","62","A","عدد جرمی از مجموع 31 پروتون و 15 نوترون به دست می‌آید.","ترنم همدلی","original","1405"
"یازدهم","تجربی","شیمی","شیمی","ساختار اتم","عدد اتمی و عدد جرمی","ذرات اتم","متوسط","اگر تعداد پروتون‌ها 32 و تعداد نوترون‌ها 16 باشد، عدد جرمی چه مقداری است؟","48","49","47","64","A","عدد جرمی از مجموع 32 پروتون و 16 نوترون به دست می‌آید.","ترنم همدلی","original","1405"
"یازدهم","تجربی","شیمی","شیمی","ساختار اتم","عدد اتمی و عدد جرمی","ذرات اتم","آسان","اتمی خنثی عدد اتمی 3 و 2 نوترون دارد. عدد جرمی آن کدام است؟","5","6","4","6","A","عدد جرمی از مجموع 3 پروتون و 2 نوترون به دست می‌آید.","ترنم همدلی","original","1405"
"یازدهم","تجربی","شیمی","شیمی","ساختار اتم","عدد اتمی و عدد جرمی","ذرات اتم","متوسط","هسته اتمی 4 پروتون و 3 نوترون دارد. عدد جرمی هسته چند است؟","7","8","6","8","A","عدد جرمی از مجموع 4 پروتون و 3 نوترون به دست می‌آید.","ترنم همدلی","original","1405"
"یازدهم","تجربی","شیمی","شیمی","ساختار اتم","عدد اتمی و عدد جرمی","ذرات اتم","متوسط","اگر تعداد پروتون‌ها 5 و تعداد نوترون‌ها 4 باشد، عدد جرمی چه مقداری است؟","9","10","8","10","A","عدد جرمی از مجموع 5 پروتون و 4 نوترون به دست می‌آید.","ترنم همدلی","original","1405"
"یازدهم","تجربی","شیمی","شیمی","ساختار اتم","عدد اتمی و عدد جرمی","ذرات اتم","متوسط","اتمی خنثی عدد اتمی 6 و 5 نوترون دارد. عدد جرمی آن کدام است؟","11","12","10","12","A","عدد جرمی از مجموع 6 پروتون و 5 نوترون به دست می‌آید.","ترنم همدلی","original","1405"
"یازدهم","تجربی","شیمی","شیمی","ساختار اتم","عدد اتمی و عدد جرمی","ذرات اتم","متوسط","هسته اتمی 7 پروتون و 6 نوترون دارد. عدد جرمی هسته چند است؟","13","14","12","14","A","عدد جرمی از مجموع 7 پروتون و 6 نوترون به دست می‌آید.","ترنم همدلی","original","1405"
"یازدهم","تجربی","شیمی","شیمی","ساختار اتم","عدد اتمی و عدد جرمی","ذرات اتم","آسان","اگر تعداد پروتون‌ها 8 و تعداد نوترون‌ها 7 باشد، عدد جرمی چه مقداری است؟","15","16","14","16","A","عدد جرمی از مجموع 8 پروتون و 7 نوترون به دست می‌آید.","ترنم همدلی","original","1405"
"یازدهم","تجربی","شیمی","شیمی","ساختار اتم","عدد اتمی و عدد جرمی","ذرات اتم","متوسط","اتمی خنثی عدد اتمی 9 و 8 نوترون دارد. عدد جرمی آن کدام است؟","17","18","16","18","A","عدد جرمی از مجموع 9 پروتون و 8 نوترون به دست می‌آید.","ترنم همدلی","original","1405"
"یازدهم","تجربی","شیمی","شیمی","ساختار اتم","عدد اتمی و عدد جرمی","ذرات اتم","متوسط","هسته اتمی 10 پروتون و 9 نوترون دارد. عدد جرمی هسته چند است؟","19","20","18","20","A","عدد جرمی از مجموع 10 پروتون و 9 نوترون به دست می‌آید.","ترنم همدلی","original","1405"
"یازدهم","تجربی","شیمی","شیمی","ساختار اتم","عدد اتمی و عدد جرمی","ذرات اتم","متوسط","اگر تعداد پروتون‌ها 11 و تعداد نوترون‌ها 10 باشد، عدد جرمی چه مقداری است؟","21","22","20","22","A","عدد جرمی از مجموع 11 پروتون و 10 نوترون به دست می‌آید.","ترنم همدلی","original","1405"
"یازدهم","تجربی","شیمی","شیمی","ساختار اتم","عدد اتمی و عدد جرمی","ذرات اتم","متوسط","اتمی خنثی عدد اتمی 12 و 11 نوترون دارد. عدد جرمی آن کدام است؟","23","24","22","24","A","عدد جرمی از مجموع 12 پروتون و 11 نوترون به دست می‌آید.","ترنم همدلی","original","1405"
"یازدهم","تجربی","شیمی","شیمی","ساختار اتم","عدد اتمی و عدد جرمی","ذرات اتم","آسان","هسته اتمی 13 پروتون و 12 نوترون دارد. عدد جرمی هسته چند است؟","25","26","24","26","A","عدد جرمی از مجموع 13 پروتون و 12 نوترون به دست می‌آید.","ترنم همدلی","original","1405"
"یازدهم","تجربی","شیمی","شیمی","ساختار اتم","عدد اتمی و عدد جرمی","ذرات اتم","متوسط","اگر تعداد پروتون‌ها 14 و تعداد نوترون‌ها 13 باشد، عدد جرمی چه مقداری است؟","27","28","26","28","A","عدد جرمی از مجموع 14 پروتون و 13 نوترون به دست می‌آید.","ترنم همدلی","original","1405"
"یازدهم","تجربی","شیمی","شیمی","ساختار اتم","عدد اتمی و عدد جرمی","ذرات اتم","متوسط","اتمی خنثی عدد اتمی 15 و 14 نوترون دارد. عدد جرمی آن کدام است؟","29","30","28","30","A","عدد جرمی از مجموع 15 پروتون و 14 نوترون به دست می‌آید.","ترنم همدلی","original","1405"
"یازدهم","تجربی","شیمی","شیمی","ساختار اتم","عدد اتمی و عدد جرمی","ذرات اتم","متوسط","هسته اتمی 16 پروتون و 15 نوترون دارد. عدد جرمی هسته چند است؟","31","32","30","32","A","عدد جرمی از مجموع 16 پروتون و 15 نوترون به دست می‌آید.","ترنم همدلی","original","1405"
"یازدهم","تجربی","شیمی","شیمی","ساختار اتم","عدد اتمی و عدد جرمی","ذرات اتم","متوسط","اگر تعداد پروتون‌ها 17 و تعداد نوترون‌ها 16 باشد، عدد جرمی چه مقداری است؟","33","34","32","34","A","عدد جرمی از مجموع 17 پروتون و 16 نوترون به دست می‌آید.","ترنم همدلی","original","1405"
"یازدهم","تجربی","شیمی","شیمی","ساختار اتم","عدد اتمی و عدد جرمی","ذرات اتم","آسان","اتمی خنثی عدد اتمی 18 و 2 نوترون دارد. عدد جرمی آن کدام است؟","20","21","19","36","A","عدد جرمی از مجموع 18 پروتون و 2 نوترون به دست می‌آید.","ترنم همدلی","original","1405"
"یازدهم","تجربی","شیمی","شیمی","ساختار اتم","عدد اتمی و عدد جرمی","ذرات اتم","متوسط","هسته اتمی 19 پروتون و 3 نوترون دارد. عدد جرمی هسته چند است؟","22","23","21","38","A","عدد جرمی از مجموع 19 پروتون و 3 نوترون به دست می‌آید.","ترنم همدلی","original","1405"
"یازدهم","تجربی","شیمی","شیمی","ساختار اتم","عدد اتمی و عدد جرمی","ذرات اتم","متوسط","اگر تعداد پروتون‌ها 20 و تعداد نوترون‌ها 4 باشد، عدد جرمی چه مقداری است؟","24","25","23","40","A","عدد جرمی از مجموع 20 پروتون و 4 نوترون به دست می‌آید.","ترنم همدلی","original","1405"
"یازدهم","تجربی","شیمی","شیمی","ساختار اتم","عدد اتمی و عدد جرمی","ذرات اتم","متوسط","اتمی خنثی عدد اتمی 21 و 5 نوترون دارد. عدد جرمی آن کدام است؟","26","27","25","42","A","عدد جرمی از مجموع 21 پروتون و 5 نوترون به دست می‌آید.","ترنم همدلی","original","1405"
"یازدهم","تجربی","شیمی","شیمی","ساختار اتم","عدد اتمی و عدد جرمی","ذرات اتم","متوسط","هسته اتمی 22 پروتون و 6 نوترون دارد. عدد جرمی هسته چند است؟","28","29","27","44","A","عدد جرمی از مجموع 22 پروتون و 6 نوترون به دست می‌آید.","ترنم همدلی","original","1405"
"یازدهم","تجربی","شیمی","شیمی","ساختار اتم","عدد اتمی و عدد جرمی","ذرات اتم","آسان","اگر تعداد پروتون‌ها 23 و تعداد نوترون‌ها 7 باشد، عدد جرمی چه مقداری است؟","30","31","29","46","A","عدد جرمی از مجموع 23 پروتون و 7 نوترون به دست می‌آید.","ترنم همدلی","original","1405"
"یازدهم","تجربی","شیمی","شیمی","ساختار اتم","عدد اتمی و عدد جرمی","ذرات اتم","متوسط","اتمی خنثی عدد اتمی 24 و 8 نوترون دارد. عدد جرمی آن کدام است؟","32","33","31","48","A","عدد جرمی از مجموع 24 پروتون و 8 نوترون به دست می‌آید.","ترنم همدلی","original","1405"
"یازدهم","تجربی","شیمی","شیمی","ساختار اتم","عدد اتمی و عدد جرمی","ذرات اتم","متوسط","هسته اتمی 25 پروتون و 9 نوترون دارد. عدد جرمی هسته چند است؟","34","35","33","50","A","عدد جرمی از مجموع 25 پروتون و 9 نوترون به دست می‌آید.","ترنم همدلی","original","1405"
"یازدهم","تجربی","شیمی","شیمی","ساختار اتم","عدد اتمی و عدد جرمی","ذرات اتم","متوسط","اگر تعداد پروتون‌ها 26 و تعداد نوترون‌ها 10 باشد، عدد جرمی چه مقداری است؟","36","37","35","52","A","عدد جرمی از مجموع 26 پروتون و 10 نوترون به دست می‌آید.","ترنم همدلی","original","1405"
"یازدهم","تجربی","شیمی","شیمی","ساختار اتم","عدد اتمی و عدد جرمی","ذرات اتم","متوسط","اتمی خنثی عدد اتمی 27 و 11 نوترون دارد. عدد جرمی آن کدام است؟","38","39","37","54","A","عدد جرمی از مجموع 27 پروتون و 11 نوترون به دست می‌آید.","ترنم همدلی","original","1405"
"یازدهم","تجربی","شیمی","شیمی","ساختار اتم","عدد اتمی و عدد جرمی","ذرات اتم","آسان","هسته اتمی 28 پروتون و 12 نوترون دارد. عدد جرمی هسته چند است؟","40","41","39","56","A","عدد جرمی از مجموع 28 پروتون و 12 نوترون به دست می‌آید.","ترنم همدلی","original","1405"
"یازدهم","تجربی","شیمی","شیمی","ساختار اتم","عدد اتمی و عدد جرمی","ذرات اتم","متوسط","اگر تعداد پروتون‌ها 29 و تعداد نوترون‌ها 13 باشد، عدد جرمی چه مقداری است؟","42","43","41","58","A","عدد جرمی از مجموع 29 پروتون و 13 نوترون به دست می‌آید.","ترنم همدلی","original","1405"
"یازدهم","تجربی","شیمی","شیمی","ساختار اتم","عدد اتمی و عدد جرمی","ذرات اتم","متوسط","اتمی خنثی عدد اتمی 30 و 14 نوترون دارد. عدد جرمی آن کدام است؟","44","45","43","60","A","عدد جرمی از مجموع 30 پروتون و 14 نوترون به دست می‌آید.","ترنم همدلی","original","1405"
"یازدهم","تجربی","شیمی","شیمی","ساختار اتم","عدد اتمی و عدد جرمی","ذرات اتم","متوسط","هسته اتمی 31 پروتون و 15 نوترون دارد. عدد جرمی هسته چند است؟","46","47","45","62","A","عدد جرمی از مجموع 31 پروتون و 15 نوترون به دست می‌آید.","ترنم همدلی","original","1405"
"یازدهم","تجربی","شیمی","شیمی","ساختار اتم","عدد اتمی و عدد جرمی","ذرات اتم","متوسط","اگر تعداد پروتون‌ها 32 و تعداد نوترون‌ها 16 باشد، عدد جرمی چه مقداری است؟","48","49","47","64","A","عدد جرمی از مجموع 32 پروتون و 16 نوترون به دست می‌آید.","ترنم همدلی","original","1405"
"یازدهم","تجربی","شیمی","شیمی","ساختار اتم","عدد اتمی و عدد جرمی","ذرات اتم","آسان","اتمی خنثی عدد اتمی 3 و 2 نوترون دارد. عدد جرمی آن کدام است؟","5","6","4","6","A","عدد جرمی از مجموع 3 پروتون و 2 نوترون به دست می‌آید.","ترنم همدلی","original","1405"
"یازدهم","تجربی","شیمی","شیمی","ساختار اتم","عدد اتمی و عدد جرمی","ذرات اتم","متوسط","هسته اتمی 4 پروتون و 3 نوترون دارد. عدد جرمی هسته چند است؟","7","8","6","8","A","عدد جرمی از مجموع 4 پروتون و 3 نوترون به دست می‌آید.","ترنم همدلی","original","1405"
"یازدهم","تجربی","شیمی","شیمی","ساختار اتم","عدد اتمی و عدد جرمی","ذرات اتم","متوسط","اگر تعداد پروتون‌ها 5 و تعداد نوترون‌ها 4 باشد، عدد جرمی چه مقداری است؟","9","10","8","10","A","عدد جرمی از مجموع 5 پروتون و 4 نوترون به دست می‌آید.","ترنم همدلی","original","1405"
"یازدهم","تجربی","شیمی","شیمی","ساختار اتم","عدد اتمی و عدد جرمی","ذرات اتم","متوسط","اتمی خنثی عدد اتمی 6 و 5 نوترون دارد. عدد جرمی آن کدام است؟","11","12","10","12","A","عدد جرمی از مجموع 6 پروتون و 5 نوترون به دست می‌آید.","ترنم همدلی","original","1405"
"یازدهم","تجربی","شیمی","شیمی","ساختار اتم","عدد اتمی و عدد جرمی","ذرات اتم","متوسط","هسته اتمی 7 پروتون و 6 نوترون دارد. عدد جرمی هسته چند است؟","13","14","12","14","A","عدد جرمی از مجموع 7 پروتون و 6 نوترون به دست می‌آید.","ترنم همدلی","original","1405"
"یازدهم","تجربی","شیمی","شیمی","ساختار اتم","عدد اتمی و عدد جرمی","ذرات اتم","آسان","اگر تعداد پروتون‌ها 8 و تعداد نوترون‌ها 7 باشد، عدد جرمی چه مقداری است؟","15","16","14","16","A","عدد جرمی از مجموع 8 پروتون و 7 نوترون به دست می‌آید.","ترنم همدلی","original","1405"
"یازدهم","تجربی","شیمی","شیمی","ساختار اتم","عدد اتمی و عدد جرمی","ذرات اتم","متوسط","اتمی خنثی عدد اتمی 9 و 8 نوترون دارد. عدد جرمی آن کدام است؟","17","18","16","18","A","عدد جرمی از مجموع 9 پروتون و 8 نوترون به دست می‌آید.","ترنم همدلی","original","1405"
"یازدهم","تجربی","شیمی","شیمی","ساختار اتم","عدد اتمی و عدد جرمی","ذرات اتم","متوسط","هسته اتمی 10 پروتون و 9 نوترون دارد. عدد جرمی هسته چند است؟","19","20","18","20","A","عدد جرمی از مجموع 10 پروتون و 9 نوترون به دست می‌آید.","ترنم همدلی","original","1405"
"یازدهم","تجربی","شیمی","شیمی","ساختار اتم","عدد اتمی و عدد جرمی","ذرات اتم","متوسط","اگر تعداد پروتون‌ها 11 و تعداد نوترون‌ها 10 باشد، عدد جرمی چه مقداری است؟","21","22","20","22","A","عدد جرمی از مجموع 11 پروتون و 10 نوترون به دست می‌آید.","ترنم همدلی","original","1405"
"یازدهم","تجربی","شیمی","شیمی","ساختار اتم","عدد اتمی و عدد جرمی","ذرات اتم","متوسط","اتمی خنثی عدد اتمی 12 و 11 نوترون دارد. عدد جرمی آن کدام است؟","23","24","22","24","A","عدد جرمی از مجموع 12 پروتون و 11 نوترون به دست می‌آید.","ترنم همدلی","original","1405"
"یازدهم","تجربی","شیمی","شیمی","ساختار اتم","عدد اتمی و عدد جرمی","ذرات اتم","آسان","هسته اتمی 13 پروتون و 12 نوترون دارد. عدد جرمی هسته چند است؟","25","26","24","26","A","عدد جرمی از مجموع 13 پروتون و 12 نوترون به دست می‌آید.","ترنم همدلی","original","1405"
"یازدهم","تجربی","شیمی","شیمی","ساختار اتم","عدد اتمی و عدد جرمی","ذرات اتم","متوسط","اگر تعداد پروتون‌ها 14 و تعداد نوترون‌ها 13 باشد، عدد جرمی چه مقداری است؟","27","28","26","28","A","عدد جرمی از مجموع 14 پروتون و 13 نوترون به دست می‌آید.","ترنم همدلی","original","1405"
"یازدهم","تجربی","شیمی","شیمی","ساختار اتم","عدد اتمی و عدد جرمی","ذرات اتم","متوسط","اتمی خنثی عدد اتمی 15 و 14 نوترون دارد. عدد جرمی آن کدام است؟","29","30","28","30","A","عدد جرمی از مجموع 15 پروتون و 14 نوترون به دست می‌آید.","ترنم همدلی","original","1405"
"یازدهم","تجربی","شیمی","شیمی","ساختار اتم","عدد اتمی و عدد جرمی","ذرات اتم","متوسط","هسته اتمی 16 پروتون و 15 نوترون دارد. عدد جرمی هسته چند است؟","31","32","30","32","A","عدد جرمی از مجموع 16 پروتون و 15 نوترون به دست می‌آید.","ترنم همدلی","original","1405"
"یازدهم","تجربی","شیمی","شیمی","ساختار اتم","عدد اتمی و عدد جرمی","ذرات اتم","متوسط","اگر تعداد پروتون‌ها 17 و تعداد نوترون‌ها 16 باشد، عدد جرمی چه مقداری است؟","33","34","32","34","A","عدد جرمی از مجموع 17 پروتون و 16 نوترون به دست می‌آید.","ترنم همدلی","original","1405"
"یازدهم","تجربی","شیمی","شیمی","ساختار اتم","عدد اتمی و عدد جرمی","ذرات اتم","آسان","اتمی خنثی عدد اتمی 18 و 2 نوترون دارد. عدد جرمی آن کدام است؟","20","21","19","36","A","عدد جرمی از مجموع 18 پروتون و 2 نوترون به دست می‌آید.","ترنم همدلی","original","1405"
"یازدهم","تجربی","شیمی","شیمی","ساختار اتم","عدد اتمی و عدد جرمی","ذرات اتم","متوسط","هسته اتمی 19 پروتون و 3 نوترون دارد. عدد جرمی هسته چند است؟","22","23","21","38","A","عدد جرمی از مجموع 19 پروتون و 3 نوترون به دست می‌آید.","ترنم همدلی","original","1405"
"یازدهم","تجربی","شیمی","شیمی","ساختار اتم","عدد اتمی و عدد جرمی","ذرات اتم","متوسط","اگر تعداد پروتون‌ها 20 و تعداد نوترون‌ها 4 باشد، عدد جرمی چه مقداری است؟","24","25","23","40","A","عدد جرمی از مجموع 20 پروتون و 4 نوترون به دست می‌آید.","ترنم همدلی","original","1405"
"یازدهم","تجربی","شیمی","شیمی","ساختار اتم","عدد اتمی و عدد جرمی","ذرات اتم","متوسط","اتمی خنثی عدد اتمی 21 و 5 نوترون دارد. عدد جرمی آن کدام است؟","26","27","25","42","A","عدد جرمی از مجموع 21 پروتون و 5 نوترون به دست می‌آید.","ترنم همدلی","original","1405"
"یازدهم","تجربی","شیمی","شیمی","ساختار اتم","عدد اتمی و عدد جرمی","ذرات اتم","متوسط","هسته اتمی 22 پروتون و 6 نوترون دارد. عدد جرمی هسته چند است؟","28","29","27","44","A","عدد جرمی از مجموع 22 پروتون و 6 نوترون به دست می‌آید.","ترنم همدلی","original","1405"
"یازدهم","تجربی","شیمی","شیمی","ساختار اتم","عدد اتمی و عدد جرمی","ذرات اتم","آسان","اگر تعداد پروتون‌ها 23 و تعداد نوترون‌ها 7 باشد، عدد جرمی چه مقداری است؟","30","31","29","46","A","عدد جرمی از مجموع 23 پروتون و 7 نوترون به دست می‌آید.","ترنم همدلی","original","1405"
"یازدهم","تجربی","شیمی","شیمی","ساختار اتم","عدد اتمی و عدد جرمی","ذرات اتم","متوسط","اتمی خنثی عدد اتمی 24 و 8 نوترون دارد. عدد جرمی آن کدام است؟","32","33","31","48","A","عدد جرمی از مجموع 24 پروتون و 8 نوترون به دست می‌آید.","ترنم همدلی","original","1405"
"یازدهم","تجربی","شیمی","شیمی","ساختار اتم","عدد اتمی و عدد جرمی","ذرات اتم","متوسط","هسته اتمی 25 پروتون و 9 نوترون دارد. عدد جرمی هسته چند است؟","34","35","33","50","A","عدد جرمی از مجموع 25 پروتون و 9 نوترون به دست می‌آید.","ترنم همدلی","original","1405"
"یازدهم","تجربی","شیمی","شیمی","ساختار اتم","عدد اتمی و عدد جرمی","ذرات اتم","متوسط","اگر تعداد پروتون‌ها 26 و تعداد نوترون‌ها 10 باشد، عدد جرمی چه مقداری است؟","36","37","35","52","A","عدد جرمی از مجموع 26 پروتون و 10 نوترون به دست می‌آید.","ترنم همدلی","original","1405"
"یازدهم","تجربی","شیمی","شیمی","ساختار اتم","عدد اتمی و عدد جرمی","ذرات اتم","متوسط","اتمی خنثی عدد اتمی 27 و 11 نوترون دارد. عدد جرمی آن کدام است؟","38","39","37","54","A","عدد جرمی از مجموع 27 پروتون و 11 نوترون به دست می‌آید.","ترنم همدلی","original","1405"
"یازدهم","تجربی","شیمی","شیمی","ساختار اتم","عدد اتمی و عدد جرمی","ذرات اتم","آسان","هسته اتمی 28 پروتون و 12 نوترون دارد. عدد جرمی هسته چند است؟","40","41","39","56","A","عدد جرمی از مجموع 28 پروتون و 12 نوترون به دست می‌آید.","ترنم همدلی","original","1405"
"یازدهم","تجربی","شیمی","شیمی","ساختار اتم","عدد اتمی و عدد جرمی","ذرات اتم","متوسط","اگر تعداد پروتون‌ها 29 و تعداد نوترون‌ها 13 باشد، عدد جرمی چه مقداری است؟","42","43","41","58","A","عدد جرمی از مجموع 29 پروتون و 13 نوترون به دست می‌آید.","ترنم همدلی","original","1405"
"یازدهم","تجربی","شیمی","شیمی","ساختار اتم","عدد اتمی و عدد جرمی","ذرات اتم","متوسط","اتمی خنثی عدد اتمی 30 و 14 نوترون دارد. عدد جرمی آن کدام است؟","44","45","43","60","A","عدد جرمی از مجموع 30 پروتون و 14 نوترون به دست می‌آید.","ترنم همدلی","original","1405"
"یازدهم","تجربی","شیمی","شیمی","ساختار اتم","عدد اتمی و عدد جرمی","ذرات اتم","متوسط","هسته اتمی 31 پروتون و 15 نوترون دارد. عدد جرمی هسته چند است؟","46","47","45","62","A","عدد جرمی از مجموع 31 پروتون و 15 نوترون به دست می‌آید.","ترنم همدلی","original","1405"
"یازدهم","تجربی","شیمی","شیمی","ساختار اتم","عدد اتمی و عدد جرمی","ذرات اتم","متوسط","اگر تعداد پروتون‌ها 32 و تعداد نوترون‌ها 16 باشد، عدد جرمی چه مقداری است؟","48","49","47","64","A","عدد جرمی از مجموع 32 پروتون و 16 نوترون به دست می‌آید.","ترنم همدلی","original","1405"
"دوازدهم","تجربی","شیمی","شیمی","ساختار اتم","عدد اتمی و عدد جرمی","ذرات اتم","آسان","اتمی خنثی عدد اتمی 3 و 2 نوترون دارد. عدد جرمی آن کدام است؟","5","6","4","6","A","عدد جرمی از مجموع 3 پروتون و 2 نوترون به دست می‌آید.","ترنم همدلی","original","1405"
"دوازدهم","تجربی","شیمی","شیمی","ساختار اتم","عدد اتمی و عدد جرمی","ذرات اتم","متوسط","هسته اتمی 4 پروتون و 3 نوترون دارد. عدد جرمی هسته چند است؟","7","8","6","8","A","عدد جرمی از مجموع 4 پروتون و 3 نوترون به دست می‌آید.","ترنم همدلی","original","1405"
"دوازدهم","تجربی","شیمی","شیمی","ساختار اتم","عدد اتمی و عدد جرمی","ذرات اتم","متوسط","اگر تعداد پروتون‌ها 5 و تعداد نوترون‌ها 4 باشد، عدد جرمی چه مقداری است؟","9","10","8","10","A","عدد جرمی از مجموع 5 پروتون و 4 نوترون به دست می‌آید.","ترنم همدلی","original","1405"
"دوازدهم","تجربی","شیمی","شیمی","ساختار اتم","عدد اتمی و عدد جرمی","ذرات اتم","متوسط","اتمی خنثی عدد اتمی 6 و 5 نوترون دارد. عدد جرمی آن کدام است؟","11","12","10","12","A","عدد جرمی از مجموع 6 پروتون و 5 نوترون به دست می‌آید.","ترنم همدلی","original","1405"
"دوازدهم","تجربی","شیمی","شیمی","ساختار اتم","عدد اتمی و عدد جرمی","ذرات اتم","متوسط","هسته اتمی 7 پروتون و 6 نوترون دارد. عدد جرمی هسته چند است؟","13","14","12","14","A","عدد جرمی از مجموع 7 پروتون و 6 نوترون به دست می‌آید.","ترنم همدلی","original","1405"
"دوازدهم","تجربی","شیمی","شیمی","ساختار اتم","عدد اتمی و عدد جرمی","ذرات اتم","آسان","اگر تعداد پروتون‌ها 8 و تعداد نوترون‌ها 7 باشد، عدد جرمی چه مقداری است؟","15","16","14","16","A","عدد جرمی از مجموع 8 پروتون و 7 نوترون به دست می‌آید.","ترنم همدلی","original","1405"
"دوازدهم","تجربی","شیمی","شیمی","ساختار اتم","عدد اتمی و عدد جرمی","ذرات اتم","متوسط","اتمی خنثی عدد اتمی 9 و 8 نوترون دارد. عدد جرمی آن کدام است؟","17","18","16","18","A","عدد جرمی از مجموع 9 پروتون و 8 نوترون به دست می‌آید.","ترنم همدلی","original","1405"
"دوازدهم","تجربی","شیمی","شیمی","ساختار اتم","عدد اتمی و عدد جرمی","ذرات اتم","متوسط","هسته اتمی 10 پروتون و 9 نوترون دارد. عدد جرمی هسته چند است؟","19","20","18","20","A","عدد جرمی از مجموع 10 پروتون و 9 نوترون به دست می‌آید.","ترنم همدلی","original","1405"
"دوازدهم","تجربی","شیمی","شیمی","ساختار اتم","عدد اتمی و عدد جرمی","ذرات اتم","متوسط","اگر تعداد پروتون‌ها 11 و تعداد نوترون‌ها 10 باشد، عدد جرمی چه مقداری است؟","21","22","20","22","A","عدد جرمی از مجموع 11 پروتون و 10 نوترون به دست می‌آید.","ترنم همدلی","original","1405"
"دوازدهم","تجربی","شیمی","شیمی","ساختار اتم","عدد اتمی و عدد جرمی","ذرات اتم","متوسط","اتمی خنثی عدد اتمی 12 و 11 نوترون دارد. عدد جرمی آن کدام است؟","23","24","22","24","A","عدد جرمی از مجموع 12 پروتون و 11 نوترون به دست می‌آید.","ترنم همدلی","original","1405"
"دوازدهم","تجربی","شیمی","شیمی","ساختار اتم","عدد اتمی و عدد جرمی","ذرات اتم","آسان","هسته اتمی 13 پروتون و 12 نوترون دارد. عدد جرمی هسته چند است؟","25","26","24","26","A","عدد جرمی از مجموع 13 پروتون و 12 نوترون به دست می‌آید.","ترنم همدلی","original","1405"
"دوازدهم","تجربی","شیمی","شیمی","ساختار اتم","عدد اتمی و عدد جرمی","ذرات اتم","متوسط","اگر تعداد پروتون‌ها 14 و تعداد نوترون‌ها 13 باشد، عدد جرمی چه مقداری است؟","27","28","26","28","A","عدد جرمی از مجموع 14 پروتون و 13 نوترون به دست می‌آید.","ترنم همدلی","original","1405"
"دوازدهم","تجربی","شیمی","شیمی","ساختار اتم","عدد اتمی و عدد جرمی","ذرات اتم","متوسط","اتمی خنثی عدد اتمی 15 و 14 نوترون دارد. عدد جرمی آن کدام است؟","29","30","28","30","A","عدد جرمی از مجموع 15 پروتون و 14 نوترون به دست می‌آید.","ترنم همدلی","original","1405"
"دوازدهم","تجربی","شیمی","شیمی","ساختار اتم","عدد اتمی و عدد جرمی","ذرات اتم","متوسط","هسته اتمی 16 پروتون و 15 نوترون دارد. عدد جرمی هسته چند است؟","31","32","30","32","A","عدد جرمی از مجموع 16 پروتون و 15 نوترون به دست می‌آید.","ترنم همدلی","original","1405"
"دوازدهم","تجربی","شیمی","شیمی","ساختار اتم","عدد اتمی و عدد جرمی","ذرات اتم","متوسط","اگر تعداد پروتون‌ها 17 و تعداد نوترون‌ها 16 باشد، عدد جرمی چه مقداری است؟","33","34","32","34","A","عدد جرمی از مجموع 17 پروتون و 16 نوترون به دست می‌آید.","ترنم همدلی","original","1405"
"دوازدهم","تجربی","شیمی","شیمی","ساختار اتم","عدد اتمی و عدد جرمی","ذرات اتم","آسان","اتمی خنثی عدد اتمی 18 و 2 نوترون دارد. عدد جرمی آن کدام است؟","20","21","19","36","A","عدد جرمی از مجموع 18 پروتون و 2 نوترون به دست می‌آید.","ترنم همدلی","original","1405"
"دوازدهم","تجربی","شیمی","شیمی","ساختار اتم","عدد اتمی و عدد جرمی","ذرات اتم","متوسط","هسته اتمی 19 پروتون و 3 نوترون دارد. عدد جرمی هسته چند است؟","22","23","21","38","A","عدد جرمی از مجموع 19 پروتون و 3 نوترون به دست می‌آید.","ترنم همدلی","original","1405"
"دوازدهم","تجربی","شیمی","شیمی","ساختار اتم","عدد اتمی و عدد جرمی","ذرات اتم","متوسط","اگر تعداد پروتون‌ها 20 و تعداد نوترون‌ها 4 باشد، عدد جرمی چه مقداری است؟","24","25","23","40","A","عدد جرمی از مجموع 20 پروتون و 4 نوترون به دست می‌آید.","ترنم همدلی","original","1405"
"دوازدهم","تجربی","شیمی","شیمی","ساختار اتم","عدد اتمی و عدد جرمی","ذرات اتم","متوسط","اتمی خنثی عدد اتمی 21 و 5 نوترون دارد. عدد جرمی آن کدام است؟","26","27","25","42","A","عدد جرمی از مجموع 21 پروتون و 5 نوترون به دست می‌آید.","ترنم همدلی","original","1405"
"دوازدهم","تجربی","شیمی","شیمی","ساختار اتم","عدد اتمی و عدد جرمی","ذرات اتم","متوسط","هسته اتمی 22 پروتون و 6 نوترون دارد. عدد جرمی هسته چند است؟","28","29","27","44","A","عدد جرمی از مجموع 22 پروتون و 6 نوترون به دست می‌آید.","ترنم همدلی","original","1405"
"دوازدهم","تجربی","شیمی","شیمی","ساختار اتم","عدد اتمی و عدد جرمی","ذرات اتم","آسان","اگر تعداد پروتون‌ها 23 و تعداد نوترون‌ها 7 باشد، عدد جرمی چه مقداری است؟","30","31","29","46","A","عدد جرمی از مجموع 23 پروتون و 7 نوترون به دست می‌آید.","ترنم همدلی","original","1405"
"دوازدهم","تجربی","شیمی","شیمی","ساختار اتم","عدد اتمی و عدد جرمی","ذرات اتم","متوسط","اتمی خنثی عدد اتمی 24 و 8 نوترون دارد. عدد جرمی آن کدام است؟","32","33","31","48","A","عدد جرمی از مجموع 24 پروتون و 8 نوترون به دست می‌آید.","ترنم همدلی","original","1405"
"دوازدهم","تجربی","شیمی","شیمی","ساختار اتم","عدد اتمی و عدد جرمی","ذرات اتم","متوسط","هسته اتمی 25 پروتون و 9 نوترون دارد. عدد جرمی هسته چند است؟","34","35","33","50","A","عدد جرمی از مجموع 25 پروتون و 9 نوترون به دست می‌آید.","ترنم همدلی","original","1405"
"دوازدهم","تجربی","شیمی","شیمی","ساختار اتم","عدد اتمی و عدد جرمی","ذرات اتم","متوسط","اگر تعداد پروتون‌ها 26 و تعداد نوترون‌ها 10 باشد، عدد جرمی چه مقداری است؟","36","37","35","52","A","عدد جرمی از مجموع 26 پروتون و 10 نوترون به دست می‌آید.","ترنم همدلی","original","1405"
"دوازدهم","تجربی","شیمی","شیمی","ساختار اتم","عدد اتمی و عدد جرمی","ذرات اتم","متوسط","اتمی خنثی عدد اتمی 27 و 11 نوترون دارد. عدد جرمی آن کدام است؟","38","39","37","54","A","عدد جرمی از مجموع 27 پروتون و 11 نوترون به دست می‌آید.","ترنم همدلی","original","1405"
"دوازدهم","تجربی","شیمی","شیمی","ساختار اتم","عدد اتمی و عدد جرمی","ذرات اتم","آسان","هسته اتمی 28 پروتون و 12 نوترون دارد. عدد جرمی هسته چند است؟","40","41","39","56","A","عدد جرمی از مجموع 28 پروتون و 12 نوترون به دست می‌آید.","ترنم همدلی","original","1405"
"دوازدهم","تجربی","شیمی","شیمی","ساختار اتم","عدد اتمی و عدد جرمی","ذرات اتم","متوسط","اگر تعداد پروتون‌ها 29 و تعداد نوترون‌ها 13 باشد، عدد جرمی چه مقداری است؟","42","43","41","58","A","عدد جرمی از مجموع 29 پروتون و 13 نوترون به دست می‌آید.","ترنم همدلی","original","1405"
"دوازدهم","تجربی","شیمی","شیمی","ساختار اتم","عدد اتمی و عدد جرمی","ذرات اتم","متوسط","اتمی خنثی عدد اتمی 30 و 14 نوترون دارد. عدد جرمی آن کدام است؟","44","45","43","60","A","عدد جرمی از مجموع 30 پروتون و 14 نوترون به دست می‌آید.","ترنم همدلی","original","1405"
"دوازدهم","تجربی","شیمی","شیمی","ساختار اتم","عدد اتمی و عدد جرمی","ذرات اتم","متوسط","هسته اتمی 31 پروتون و 15 نوترون دارد. عدد جرمی هسته چند است؟","46","47","45","62","A","عدد جرمی از مجموع 31 پروتون و 15 نوترون به دست می‌آید.","ترنم همدلی","original","1405"
"دوازدهم","تجربی","شیمی","شیمی","ساختار اتم","عدد اتمی و عدد جرمی","ذرات اتم","متوسط","اگر تعداد پروتون‌ها 32 و تعداد نوترون‌ها 16 باشد، عدد جرمی چه مقداری است؟","48","49","47","64","A","عدد جرمی از مجموع 32 پروتون و 16 نوترون به دست می‌آید.","ترنم همدلی","original","1405"
"دوازدهم","تجربی","شیمی","شیمی","ساختار اتم","عدد اتمی و عدد جرمی","ذرات اتم","آسان","اتمی خنثی عدد اتمی 3 و 2 نوترون دارد. عدد جرمی آن کدام است؟","5","6","4","6","A","عدد جرمی از مجموع 3 پروتون و 2 نوترون به دست می‌آید.","ترنم همدلی","original","1405"
"دوازدهم","تجربی","شیمی","شیمی","ساختار اتم","عدد اتمی و عدد جرمی","ذرات اتم","متوسط","هسته اتمی 4 پروتون و 3 نوترون دارد. عدد جرمی هسته چند است؟","7","8","6","8","A","عدد جرمی از مجموع 4 پروتون و 3 نوترون به دست می‌آید.","ترنم همدلی","original","1405"
"دوازدهم","تجربی","شیمی","شیمی","ساختار اتم","عدد اتمی و عدد جرمی","ذرات اتم","متوسط","اگر تعداد پروتون‌ها 5 و تعداد نوترون‌ها 4 باشد، عدد جرمی چه مقداری است؟","9","10","8","10","A","عدد جرمی از مجموع 5 پروتون و 4 نوترون به دست می‌آید.","ترنم همدلی","original","1405"
"دوازدهم","تجربی","شیمی","شیمی","ساختار اتم","عدد اتمی و عدد جرمی","ذرات اتم","متوسط","اتمی خنثی عدد اتمی 6 و 5 نوترون دارد. عدد جرمی آن کدام است؟","11","12","10","12","A","عدد جرمی از مجموع 6 پروتون و 5 نوترون به دست می‌آید.","ترنم همدلی","original","1405"
"دوازدهم","تجربی","شیمی","شیمی","ساختار اتم","عدد اتمی و عدد جرمی","ذرات اتم","متوسط","هسته اتمی 7 پروتون و 6 نوترون دارد. عدد جرمی هسته چند است؟","13","14","12","14","A","عدد جرمی از مجموع 7 پروتون و 6 نوترون به دست می‌آید.","ترنم همدلی","original","1405"
"دوازدهم","تجربی","شیمی","شیمی","ساختار اتم","عدد اتمی و عدد جرمی","ذرات اتم","آسان","اگر تعداد پروتون‌ها 8 و تعداد نوترون‌ها 7 باشد، عدد جرمی چه مقداری است؟","15","16","14","16","A","عدد جرمی از مجموع 8 پروتون و 7 نوترون به دست می‌آید.","ترنم همدلی","original","1405"
"دوازدهم","تجربی","شیمی","شیمی","ساختار اتم","عدد اتمی و عدد جرمی","ذرات اتم","متوسط","اتمی خنثی عدد اتمی 9 و 8 نوترون دارد. عدد جرمی آن کدام است؟","17","18","16","18","A","عدد جرمی از مجموع 9 پروتون و 8 نوترون به دست می‌آید.","ترنم همدلی","original","1405"
"دوازدهم","تجربی","شیمی","شیمی","ساختار اتم","عدد اتمی و عدد جرمی","ذرات اتم","متوسط","هسته اتمی 10 پروتون و 9 نوترون دارد. عدد جرمی هسته چند است؟","19","20","18","20","A","عدد جرمی از مجموع 10 پروتون و 9 نوترون به دست می‌آید.","ترنم همدلی","original","1405"
"دوازدهم","تجربی","شیمی","شیمی","ساختار اتم","عدد اتمی و عدد جرمی","ذرات اتم","متوسط","اگر تعداد پروتون‌ها 11 و تعداد نوترون‌ها 10 باشد، عدد جرمی چه مقداری است؟","21","22","20","22","A","عدد جرمی از مجموع 11 پروتون و 10 نوترون به دست می‌آید.","ترنم همدلی","original","1405"
"دوازدهم","تجربی","شیمی","شیمی","ساختار اتم","عدد اتمی و عدد جرمی","ذرات اتم","متوسط","اتمی خنثی عدد اتمی 12 و 11 نوترون دارد. عدد جرمی آن کدام است؟","23","24","22","24","A","عدد جرمی از مجموع 12 پروتون و 11 نوترون به دست می‌آید.","ترنم همدلی","original","1405"
"دوازدهم","تجربی","شیمی","شیمی","ساختار اتم","عدد اتمی و عدد جرمی","ذرات اتم","آسان","هسته اتمی 13 پروتون و 12 نوترون دارد. عدد جرمی هسته چند است؟","25","26","24","26","A","عدد جرمی از مجموع 13 پروتون و 12 نوترون به دست می‌آید.","ترنم همدلی","original","1405"
"دوازدهم","تجربی","شیمی","شیمی","ساختار اتم","عدد اتمی و عدد جرمی","ذرات اتم","متوسط","اگر تعداد پروتون‌ها 14 و تعداد نوترون‌ها 13 باشد، عدد جرمی چه مقداری است؟","27","28","26","28","A","عدد جرمی از مجموع 14 پروتون و 13 نوترون به دست می‌آید.","ترنم همدلی","original","1405"
"دوازدهم","تجربی","شیمی","شیمی","ساختار اتم","عدد اتمی و عدد جرمی","ذرات اتم","متوسط","اتمی خنثی عدد اتمی 15 و 14 نوترون دارد. عدد جرمی آن کدام است؟","29","30","28","30","A","عدد جرمی از مجموع 15 پروتون و 14 نوترون به دست می‌آید.","ترنم همدلی","original","1405"
"دوازدهم","تجربی","شیمی","شیمی","ساختار اتم","عدد اتمی و عدد جرمی","ذرات اتم","متوسط","هسته اتمی 16 پروتون و 15 نوترون دارد. عدد جرمی هسته چند است؟","31","32","30","32","A","عدد جرمی از مجموع 16 پروتون و 15 نوترون به دست می‌آید.","ترنم همدلی","original","1405"
"دوازدهم","تجربی","شیمی","شیمی","ساختار اتم","عدد اتمی و عدد جرمی","ذرات اتم","متوسط","اگر تعداد پروتون‌ها 17 و تعداد نوترون‌ها 16 باشد، عدد جرمی چه مقداری است؟","33","34","32","34","A","عدد جرمی از مجموع 17 پروتون و 16 نوترون به دست می‌آید.","ترنم همدلی","original","1405"
"دوازدهم","تجربی","شیمی","شیمی","ساختار اتم","عدد اتمی و عدد جرمی","ذرات اتم","آسان","اتمی خنثی عدد اتمی 18 و 2 نوترون دارد. عدد جرمی آن کدام است؟","20","21","19","36","A","عدد جرمی از مجموع 18 پروتون و 2 نوترون به دست می‌آید.","ترنم همدلی","original","1405"
"دوازدهم","تجربی","شیمی","شیمی","ساختار اتم","عدد اتمی و عدد جرمی","ذرات اتم","متوسط","هسته اتمی 19 پروتون و 3 نوترون دارد. عدد جرمی هسته چند است؟","22","23","21","38","A","عدد جرمی از مجموع 19 پروتون و 3 نوترون به دست می‌آید.","ترنم همدلی","original","1405"
"دوازدهم","تجربی","شیمی","شیمی","ساختار اتم","عدد اتمی و عدد جرمی","ذرات اتم","متوسط","اگر تعداد پروتون‌ها 20 و تعداد نوترون‌ها 4 باشد، عدد جرمی چه مقداری است؟","24","25","23","40","A","عدد جرمی از مجموع 20 پروتون و 4 نوترون به دست می‌آید.","ترنم همدلی","original","1405"
"دوازدهم","تجربی","شیمی","شیمی","ساختار اتم","عدد اتمی و عدد جرمی","ذرات اتم","متوسط","اتمی خنثی عدد اتمی 21 و 5 نوترون دارد. عدد جرمی آن کدام است؟","26","27","25","42","A","عدد جرمی از مجموع 21 پروتون و 5 نوترون به دست می‌آید.","ترنم همدلی","original","1405"
"دوازدهم","تجربی","شیمی","شیمی","ساختار اتم","عدد اتمی و عدد جرمی","ذرات اتم","متوسط","هسته اتمی 22 پروتون و 6 نوترون دارد. عدد جرمی هسته چند است؟","28","29","27","44","A","عدد جرمی از مجموع 22 پروتون و 6 نوترون به دست می‌آید.","ترنم همدلی","original","1405"
"دوازدهم","تجربی","شیمی","شیمی","ساختار اتم","عدد اتمی و عدد جرمی","ذرات اتم","آسان","اگر تعداد پروتون‌ها 23 و تعداد نوترون‌ها 7 باشد، عدد جرمی چه مقداری است؟","30","31","29","46","A","عدد جرمی از مجموع 23 پروتون و 7 نوترون به دست می‌آید.","ترنم همدلی","original","1405"
"دوازدهم","تجربی","شیمی","شیمی","ساختار اتم","عدد اتمی و عدد جرمی","ذرات اتم","متوسط","اتمی خنثی عدد اتمی 24 و 8 نوترون دارد. عدد جرمی آن کدام است؟","32","33","31","48","A","عدد جرمی از مجموع 24 پروتون و 8 نوترون به دست می‌آید.","ترنم همدلی","original","1405"
"دوازدهم","تجربی","شیمی","شیمی","ساختار اتم","عدد اتمی و عدد جرمی","ذرات اتم","متوسط","هسته اتمی 25 پروتون و 9 نوترون دارد. عدد جرمی هسته چند است؟","34","35","33","50","A","عدد جرمی از مجموع 25 پروتون و 9 نوترون به دست می‌آید.","ترنم همدلی","original","1405"
"دوازدهم","تجربی","شیمی","شیمی","ساختار اتم","عدد اتمی و عدد جرمی","ذرات اتم","متوسط","اگر تعداد پروتون‌ها 26 و تعداد نوترون‌ها 10 باشد، عدد جرمی چه مقداری است؟","36","37","35","52","A","عدد جرمی از مجموع 26 پروتون و 10 نوترون به دست می‌آید.","ترنم همدلی","original","1405"
"دوازدهم","تجربی","شیمی","شیمی","ساختار اتم","عدد اتمی و عدد جرمی","ذرات اتم","متوسط","اتمی خنثی عدد اتمی 27 و 11 نوترون دارد. عدد جرمی آن کدام است؟","38","39","37","54","A","عدد جرمی از مجموع 27 پروتون و 11 نوترون به دست می‌آید.","ترنم همدلی","original","1405"
"دوازدهم","تجربی","شیمی","شیمی","ساختار اتم","عدد اتمی و عدد جرمی","ذرات اتم","آسان","هسته اتمی 28 پروتون و 12 نوترون دارد. عدد جرمی هسته چند است؟","40","41","39","56","A","عدد جرمی از مجموع 28 پروتون و 12 نوترون به دست می‌آید.","ترنم همدلی","original","1405"
"دوازدهم","تجربی","شیمی","شیمی","ساختار اتم","عدد اتمی و عدد جرمی","ذرات اتم","متوسط","اگر تعداد پروتون‌ها 29 و تعداد نوترون‌ها 13 باشد، عدد جرمی چه مقداری است؟","42","43","41","58","A","عدد جرمی از مجموع 29 پروتون و 13 نوترون به دست می‌آید.","ترنم همدلی","original","1405"
"دوازدهم","تجربی","شیمی","شیمی","ساختار اتم","عدد اتمی و عدد جرمی","ذرات اتم","متوسط","اتمی خنثی عدد اتمی 30 و 14 نوترون دارد. عدد جرمی آن کدام است؟","44","45","43","60","A","عدد جرمی از مجموع 30 پروتون و 14 نوترون به دست می‌آید.","ترنم همدلی","original","1405"
"دوازدهم","تجربی","شیمی","شیمی","ساختار اتم","عدد اتمی و عدد جرمی","ذرات اتم","متوسط","هسته اتمی 31 پروتون و 15 نوترون دارد. عدد جرمی هسته چند است؟","46","47","45","62","A","عدد جرمی از مجموع 31 پروتون و 15 نوترون به دست می‌آید.","ترنم همدلی","original","1405"
"دوازدهم","تجربی","شیمی","شیمی","ساختار اتم","عدد اتمی و عدد جرمی","ذرات اتم","متوسط","اگر تعداد پروتون‌ها 32 و تعداد نوترون‌ها 16 باشد، عدد جرمی چه مقداری است؟","48","49","47","64","A","عدد جرمی از مجموع 32 پروتون و 16 نوترون به دست می‌آید.","ترنم همدلی","original","1405"
"دوازدهم","تجربی","شیمی","شیمی","ساختار اتم","عدد اتمی و عدد جرمی","ذرات اتم","آسان","اتمی خنثی عدد اتمی 3 و 2 نوترون دارد. عدد جرمی آن کدام است؟","5","6","4","6","A","عدد جرمی از مجموع 3 پروتون و 2 نوترون به دست می‌آید.","ترنم همدلی","original","1405"
"دوازدهم","تجربی","شیمی","شیمی","ساختار اتم","عدد اتمی و عدد جرمی","ذرات اتم","متوسط","هسته اتمی 4 پروتون و 3 نوترون دارد. عدد جرمی هسته چند است؟","7","8","6","8","A","عدد جرمی از مجموع 4 پروتون و 3 نوترون به دست می‌آید.","ترنم همدلی","original","1405"
"دوازدهم","تجربی","شیمی","شیمی","ساختار اتم","عدد اتمی و عدد جرمی","ذرات اتم","متوسط","اگر تعداد پروتون‌ها 5 و تعداد نوترون‌ها 4 باشد، عدد جرمی چه مقداری است؟","9","10","8","10","A","عدد جرمی از مجموع 5 پروتون و 4 نوترون به دست می‌آید.","ترنم همدلی","original","1405"
"دوازدهم","تجربی","شیمی","شیمی","ساختار اتم","عدد اتمی و عدد جرمی","ذرات اتم","متوسط","اتمی خنثی عدد اتمی 6 و 5 نوترون دارد. عدد جرمی آن کدام است؟","11","12","10","12","A","عدد جرمی از مجموع 6 پروتون و 5 نوترون به دست می‌آید.","ترنم همدلی","original","1405"
"دوازدهم","تجربی","شیمی","شیمی","ساختار اتم","عدد اتمی و عدد جرمی","ذرات اتم","متوسط","هسته اتمی 7 پروتون و 6 نوترون دارد. عدد جرمی هسته چند است؟","13","14","12","14","A","عدد جرمی از مجموع 7 پروتون و 6 نوترون به دست می‌آید.","ترنم همدلی","original","1405"
"دوازدهم","تجربی","شیمی","شیمی","ساختار اتم","عدد اتمی و عدد جرمی","ذرات اتم","آسان","اگر تعداد پروتون‌ها 8 و تعداد نوترون‌ها 7 باشد، عدد جرمی چه مقداری است؟","15","16","14","16","A","عدد جرمی از مجموع 8 پروتون و 7 نوترون به دست می‌آید.","ترنم همدلی","original","1405"
"دوازدهم","تجربی","شیمی","شیمی","ساختار اتم","عدد اتمی و عدد جرمی","ذرات اتم","متوسط","اتمی خنثی عدد اتمی 9 و 8 نوترون دارد. عدد جرمی آن کدام است؟","17","18","16","18","A","عدد جرمی از مجموع 9 پروتون و 8 نوترون به دست می‌آید.","ترنم همدلی","original","1405"
"دوازدهم","تجربی","شیمی","شیمی","ساختار اتم","عدد اتمی و عدد جرمی","ذرات اتم","متوسط","هسته اتمی 10 پروتون و 9 نوترون دارد. عدد جرمی هسته چند است؟","19","20","18","20","A","عدد جرمی از مجموع 10 پروتون و 9 نوترون به دست می‌آید.","ترنم همدلی","original","1405"
"دوازدهم","تجربی","شیمی","شیمی","ساختار اتم","عدد اتمی و عدد جرمی","ذرات اتم","متوسط","اگر تعداد پروتون‌ها 11 و تعداد نوترون‌ها 10 باشد، عدد جرمی چه مقداری است؟","21","22","20","22","A","عدد جرمی از مجموع 11 پروتون و 10 نوترون به دست می‌آید.","ترنم همدلی","original","1405"
"دوازدهم","تجربی","شیمی","شیمی","ساختار اتم","عدد اتمی و عدد جرمی","ذرات اتم","متوسط","اتمی خنثی عدد اتمی 12 و 11 نوترون دارد. عدد جرمی آن کدام است؟","23","24","22","24","A","عدد جرمی از مجموع 12 پروتون و 11 نوترون به دست می‌آید.","ترنم همدلی","original","1405"
"دوازدهم","تجربی","شیمی","شیمی","ساختار اتم","عدد اتمی و عدد جرمی","ذرات اتم","آسان","هسته اتمی 13 پروتون و 12 نوترون دارد. عدد جرمی هسته چند است؟","25","26","24","26","A","عدد جرمی از مجموع 13 پروتون و 12 نوترون به دست می‌آید.","ترنم همدلی","original","1405"
"دوازدهم","تجربی","شیمی","شیمی","ساختار اتم","عدد اتمی و عدد جرمی","ذرات اتم","متوسط","اگر تعداد پروتون‌ها 14 و تعداد نوترون‌ها 13 باشد، عدد جرمی چه مقداری است؟","27","28","26","28","A","عدد جرمی از مجموع 14 پروتون و 13 نوترون به دست می‌آید.","ترنم همدلی","original","1405"
"دوازدهم","تجربی","شیمی","شیمی","ساختار اتم","عدد اتمی و عدد جرمی","ذرات اتم","متوسط","اتمی خنثی عدد اتمی 15 و 14 نوترون دارد. عدد جرمی آن کدام است؟","29","30","28","30","A","عدد جرمی از مجموع 15 پروتون و 14 نوترون به دست می‌آید.","ترنم همدلی","original","1405"
"دوازدهم","تجربی","شیمی","شیمی","ساختار اتم","عدد اتمی و عدد جرمی","ذرات اتم","متوسط","هسته اتمی 16 پروتون و 15 نوترون دارد. عدد جرمی هسته چند است؟","31","32","30","32","A","عدد جرمی از مجموع 16 پروتون و 15 نوترون به دست می‌آید.","ترنم همدلی","original","1405"
"دوازدهم","تجربی","شیمی","شیمی","ساختار اتم","عدد اتمی و عدد جرمی","ذرات اتم","متوسط","اگر تعداد پروتون‌ها 17 و تعداد نوترون‌ها 16 باشد، عدد جرمی چه مقداری است؟","33","34","32","34","A","عدد جرمی از مجموع 17 پروتون و 16 نوترون به دست می‌آید.","ترنم همدلی","original","1405"
"دوازدهم","تجربی","شیمی","شیمی","ساختار اتم","عدد اتمی و عدد جرمی","ذرات اتم","آسان","اتمی خنثی عدد اتمی 18 و 2 نوترون دارد. عدد جرمی آن کدام است؟","20","21","19","36","A","عدد جرمی از مجموع 18 پروتون و 2 نوترون به دست می‌آید.","ترنم همدلی","original","1405"
"دوازدهم","تجربی","شیمی","شیمی","ساختار اتم","عدد اتمی و عدد جرمی","ذرات اتم","متوسط","هسته اتمی 19 پروتون و 3 نوترون دارد. عدد جرمی هسته چند است؟","22","23","21","38","A","عدد جرمی از مجموع 19 پروتون و 3 نوترون به دست می‌آید.","ترنم همدلی","original","1405"
"دوازدهم","تجربی","شیمی","شیمی","ساختار اتم","عدد اتمی و عدد جرمی","ذرات اتم","متوسط","اگر تعداد پروتون‌ها 20 و تعداد نوترون‌ها 4 باشد، عدد جرمی چه مقداری است؟","24","25","23","40","A","عدد جرمی از مجموع 20 پروتون و 4 نوترون به دست می‌آید.","ترنم همدلی","original","1405"
"دوازدهم","تجربی","شیمی","شیمی","ساختار اتم","عدد اتمی و عدد جرمی","ذرات اتم","متوسط","اتمی خنثی عدد اتمی 21 و 5 نوترون دارد. عدد جرمی آن کدام است؟","26","27","25","42","A","عدد جرمی از مجموع 21 پروتون و 5 نوترون به دست می‌آید.","ترنم همدلی","original","1405"
"دوازدهم","تجربی","شیمی","شیمی","ساختار اتم","عدد اتمی و عدد جرمی","ذرات اتم","متوسط","هسته اتمی 22 پروتون و 6 نوترون دارد. عدد جرمی هسته چند است؟","28","29","27","44","A","عدد جرمی از مجموع 22 پروتون و 6 نوترون به دست می‌آید.","ترنم همدلی","original","1405"
"دوازدهم","تجربی","شیمی","شیمی","ساختار اتم","عدد اتمی و عدد جرمی","ذرات اتم","آسان","اگر تعداد پروتون‌ها 23 و تعداد نوترون‌ها 7 باشد، عدد جرمی چه مقداری است؟","30","31","29","46","A","عدد جرمی از مجموع 23 پروتون و 7 نوترون به دست می‌آید.","ترنم همدلی","original","1405"
"دوازدهم","تجربی","شیمی","شیمی","ساختار اتم","عدد اتمی و عدد جرمی","ذرات اتم","متوسط","اتمی خنثی عدد اتمی 24 و 8 نوترون دارد. عدد جرمی آن کدام است؟","32","33","31","48","A","عدد جرمی از مجموع 24 پروتون و 8 نوترون به دست می‌آید.","ترنم همدلی","original","1405"
"دوازدهم","تجربی","شیمی","شیمی","ساختار اتم","عدد اتمی و عدد جرمی","ذرات اتم","متوسط","هسته اتمی 25 پروتون و 9 نوترون دارد. عدد جرمی هسته چند است؟","34","35","33","50","A","عدد جرمی از مجموع 25 پروتون و 9 نوترون به دست می‌آید.","ترنم همدلی","original","1405"
"دوازدهم","تجربی","شیمی","شیمی","ساختار اتم","عدد اتمی و عدد جرمی","ذرات اتم","متوسط","اگر تعداد پروتون‌ها 26 و تعداد نوترون‌ها 10 باشد، عدد جرمی چه مقداری است؟","36","37","35","52","A","عدد جرمی از مجموع 26 پروتون و 10 نوترون به دست می‌آید.","ترنم همدلی","original","1405"
"دوازدهم","تجربی","شیمی","شیمی","ساختار اتم","عدد اتمی و عدد جرمی","ذرات اتم","متوسط","اتمی خنثی عدد اتمی 27 و 11 نوترون دارد. عدد جرمی آن کدام است؟","38","39","37","54","A","عدد جرمی از مجموع 27 پروتون و 11 نوترون به دست می‌آید.","ترنم همدلی","original","1405"
"دوازدهم","تجربی","شیمی","شیمی","ساختار اتم","عدد اتمی و عدد جرمی","ذرات اتم","آسان","هسته اتمی 28 پروتون و 12 نوترون دارد. عدد جرمی هسته چند است؟","40","41","39","56","A","عدد جرمی از مجموع 28 پروتون و 12 نوترون به دست می‌آید.","ترنم همدلی","original","1405"
"دوازدهم","تجربی","شیمی","شیمی","ساختار اتم","عدد اتمی و عدد جرمی","ذرات اتم","متوسط","اگر تعداد پروتون‌ها 29 و تعداد نوترون‌ها 13 باشد، عدد جرمی چه مقداری است؟","42","43","41","58","A","عدد جرمی از مجموع 29 پروتون و 13 نوترون به دست می‌آید.","ترنم همدلی","original","1405"
"دوازدهم","تجربی","شیمی","شیمی","ساختار اتم","عدد اتمی و عدد جرمی","ذرات اتم","متوسط","اتمی خنثی عدد اتمی 30 و 14 نوترون دارد. عدد جرمی آن کدام است؟","44","45","43","60","A","عدد جرمی از مجموع 30 پروتون و 14 نوترون به دست می‌آید.","ترنم همدلی","original","1405"
"دوازدهم","تجربی","شیمی","شیمی","ساختار اتم","عدد اتمی و عدد جرمی","ذرات اتم","متوسط","هسته اتمی 31 پروتون و 15 نوترون دارد. عدد جرمی هسته چند است؟","46","47","45","62","A","عدد جرمی از مجموع 31 پروتون و 15 نوترون به دست می‌آید.","ترنم همدلی","original","1405"
"دوازدهم","تجربی","شیمی","شیمی","ساختار اتم","عدد اتمی و عدد جرمی","ذرات اتم","متوسط","اگر تعداد پروتون‌ها 32 و تعداد نوترون‌ها 16 باشد، عدد جرمی چه مقداری است؟","48","49","47","64","A","عدد جرمی از مجموع 32 پروتون و 16 نوترون به دست می‌آید.","ترنم همدلی","original","1405"
"دوازدهم","تجربی","شیمی","شیمی","ساختار اتم","عدد اتمی و عدد جرمی","ذرات اتم","آسان","اتمی خنثی عدد اتمی 3 و 2 نوترون دارد. عدد جرمی آن کدام است؟","5","6","4","6","A","عدد جرمی از مجموع 3 پروتون و 2 نوترون به دست می‌آید.","ترنم همدلی","original","1405"
"دوازدهم","تجربی","شیمی","شیمی","ساختار اتم","عدد اتمی و عدد جرمی","ذرات اتم","متوسط","هسته اتمی 4 پروتون و 3 نوترون دارد. عدد جرمی هسته چند است؟","7","8","6","8","A","عدد جرمی از مجموع 4 پروتون و 3 نوترون به دست می‌آید.","ترنم همدلی","original","1405"
"دوازدهم","تجربی","شیمی","شیمی","ساختار اتم","عدد اتمی و عدد جرمی","ذرات اتم","متوسط","اگر تعداد پروتون‌ها 5 و تعداد نوترون‌ها 4 باشد، عدد جرمی چه مقداری است؟","9","10","8","10","A","عدد جرمی از مجموع 5 پروتون و 4 نوترون به دست می‌آید.","ترنم همدلی","original","1405"
"دوازدهم","تجربی","شیمی","شیمی","ساختار اتم","عدد اتمی و عدد جرمی","ذرات اتم","متوسط","اتمی خنثی عدد اتمی 6 و 5 نوترون دارد. عدد جرمی آن کدام است؟","11","12","10","12","A","عدد جرمی از مجموع 6 پروتون و 5 نوترون به دست می‌آید.","ترنم همدلی","original","1405"
"دوازدهم","تجربی","شیمی","شیمی","ساختار اتم","عدد اتمی و عدد جرمی","ذرات اتم","متوسط","هسته اتمی 7 پروتون و 6 نوترون دارد. عدد جرمی هسته چند است؟","13","14","12","14","A","عدد جرمی از مجموع 7 پروتون و 6 نوترون به دست می‌آید.","ترنم همدلی","original","1405"
"دوازدهم","تجربی","شیمی","شیمی","ساختار اتم","عدد اتمی و عدد جرمی","ذرات اتم","آسان","اگر تعداد پروتون‌ها 8 و تعداد نوترون‌ها 7 باشد، عدد جرمی چه مقداری است؟","15","16","14","16","A","عدد جرمی از مجموع 8 پروتون و 7 نوترون به دست می‌آید.","ترنم همدلی","original","1405"
"دوازدهم","تجربی","شیمی","شیمی","ساختار اتم","عدد اتمی و عدد جرمی","ذرات اتم","متوسط","اتمی خنثی عدد اتمی 9 و 8 نوترون دارد. عدد جرمی آن کدام است؟","17","18","16","18","A","عدد جرمی از مجموع 9 پروتون و 8 نوترون به دست می‌آید.","ترنم همدلی","original","1405"
"دوازدهم","تجربی","شیمی","شیمی","ساختار اتم","عدد اتمی و عدد جرمی","ذرات اتم","متوسط","هسته اتمی 10 پروتون و 9 نوترون دارد. عدد جرمی هسته چند است؟","19","20","18","20","A","عدد جرمی از مجموع 10 پروتون و 9 نوترون به دست می‌آید.","ترنم همدلی","original","1405"
"دوازدهم","تجربی","شیمی","شیمی","ساختار اتم","عدد اتمی و عدد جرمی","ذرات اتم","متوسط","اگر تعداد پروتون‌ها 11 و تعداد نوترون‌ها 10 باشد، عدد جرمی چه مقداری است؟","21","22","20","22","A","عدد جرمی از مجموع 11 پروتون و 10 نوترون به دست می‌آید.","ترنم همدلی","original","1405"
"دوازدهم","تجربی","شیمی","شیمی","ساختار اتم","عدد اتمی و عدد جرمی","ذرات اتم","متوسط","اتمی خنثی عدد اتمی 12 و 11 نوترون دارد. عدد جرمی آن کدام است؟","23","24","22","24","A","عدد جرمی از مجموع 12 پروتون و 11 نوترون به دست می‌آید.","ترنم همدلی","original","1405"
"دوازدهم","تجربی","شیمی","شیمی","ساختار اتم","عدد اتمی و عدد جرمی","ذرات اتم","آسان","هسته اتمی 13 پروتون و 12 نوترون دارد. عدد جرمی هسته چند است؟","25","26","24","26","A","عدد جرمی از مجموع 13 پروتون و 12 نوترون به دست می‌آید.","ترنم همدلی","original","1405"
"دوازدهم","تجربی","شیمی","شیمی","ساختار اتم","عدد اتمی و عدد جرمی","ذرات اتم","متوسط","اگر تعداد پروتون‌ها 14 و تعداد نوترون‌ها 13 باشد، عدد جرمی چه مقداری است؟","27","28","26","28","A","عدد جرمی از مجموع 14 پروتون و 13 نوترون به دست می‌آید.","ترنم همدلی","original","1405"
"دوازدهم","تجربی","شیمی","شیمی","ساختار اتم","عدد اتمی و عدد جرمی","ذرات اتم","متوسط","اتمی خنثی عدد اتمی 15 و 14 نوترون دارد. عدد جرمی آن کدام است؟","29","30","28","30","A","عدد جرمی از مجموع 15 پروتون و 14 نوترون به دست می‌آید.","ترنم همدلی","original","1405"
"دوازدهم","تجربی","شیمی","شیمی","ساختار اتم","عدد اتمی و عدد جرمی","ذرات اتم","متوسط","هسته اتمی 16 پروتون و 15 نوترون دارد. عدد جرمی هسته چند است؟","31","32","30","32","A","عدد جرمی از مجموع 16 پروتون و 15 نوترون به دست می‌آید.","ترنم همدلی","original","1405"
"دوازدهم","تجربی","شیمی","شیمی","ساختار اتم","عدد اتمی و عدد جرمی","ذرات اتم","متوسط","اگر تعداد پروتون‌ها 17 و تعداد نوترون‌ها 16 باشد، عدد جرمی چه مقداری است؟","33","34","32","34","A","عدد جرمی از مجموع 17 پروتون و 16 نوترون به دست می‌آید.","ترنم همدلی","original","1405"
"دوازدهم","تجربی","شیمی","شیمی","ساختار اتم","عدد اتمی و عدد جرمی","ذرات اتم","آسان","اتمی خنثی عدد اتمی 18 و 2 نوترون دارد. عدد جرمی آن کدام است؟","20","21","19","36","A","عدد جرمی از مجموع 18 پروتون و 2 نوترون به دست می‌آید.","ترنم همدلی","original","1405"
"دوازدهم","تجربی","شیمی","شیمی","ساختار اتم","عدد اتمی و عدد جرمی","ذرات اتم","متوسط","هسته اتمی 19 پروتون و 3 نوترون دارد. عدد جرمی هسته چند است؟","22","23","21","38","A","عدد جرمی از مجموع 19 پروتون و 3 نوترون به دست می‌آید.","ترنم همدلی","original","1405"
"دوازدهم","تجربی","شیمی","شیمی","ساختار اتم","عدد اتمی و عدد جرمی","ذرات اتم","متوسط","اگر تعداد پروتون‌ها 20 و تعداد نوترون‌ها 4 باشد، عدد جرمی چه مقداری است؟","24","25","23","40","A","عدد جرمی از مجموع 20 پروتون و 4 نوترون به دست می‌آید.","ترنم همدلی","original","1405"
"دوازدهم","تجربی","شیمی","شیمی","ساختار اتم","عدد اتمی و عدد جرمی","ذرات اتم","متوسط","اتمی خنثی عدد اتمی 21 و 5 نوترون دارد. عدد جرمی آن کدام است؟","26","27","25","42","A","عدد جرمی از مجموع 21 پروتون و 5 نوترون به دست می‌آید.","ترنم همدلی","original","1405"
"دوازدهم","تجربی","شیمی","شیمی","ساختار اتم","عدد اتمی و عدد جرمی","ذرات اتم","متوسط","هسته اتمی 22 پروتون و 6 نوترون دارد. عدد جرمی هسته چند است؟","28","29","27","44","A","عدد جرمی از مجموع 22 پروتون و 6 نوترون به دست می‌آید.","ترنم همدلی","original","1405"
"دوازدهم","تجربی","شیمی","شیمی","ساختار اتم","عدد اتمی و عدد جرمی","ذرات اتم","آسان","اگر تعداد پروتون‌ها 23 و تعداد نوترون‌ها 7 باشد، عدد جرمی چه مقداری است؟","30","31","29","46","A","عدد جرمی از مجموع 23 پروتون و 7 نوترون به دست می‌آید.","ترنم همدلی","original","1405"
"دوازدهم","تجربی","شیمی","شیمی","ساختار اتم","عدد اتمی و عدد جرمی","ذرات اتم","متوسط","اتمی خنثی عدد اتمی 24 و 8 نوترون دارد. عدد جرمی آن کدام است؟","32","33","31","48","A","عدد جرمی از مجموع 24 پروتون و 8 نوترون به دست می‌آید.","ترنم همدلی","original","1405"
"دوازدهم","تجربی","شیمی","شیمی","ساختار اتم","عدد اتمی و عدد جرمی","ذرات اتم","متوسط","هسته اتمی 25 پروتون و 9 نوترون دارد. عدد جرمی هسته چند است؟","34","35","33","50","A","عدد جرمی از مجموع 25 پروتون و 9 نوترون به دست می‌آید.","ترنم همدلی","original","1405"
"دوازدهم","تجربی","شیمی","شیمی","ساختار اتم","عدد اتمی و عدد جرمی","ذرات اتم","متوسط","اگر تعداد پروتون‌ها 26 و تعداد نوترون‌ها 10 باشد، عدد جرمی چه مقداری است؟","36","37","35","52","A","عدد جرمی از مجموع 26 پروتون و 10 نوترون به دست می‌آید.","ترنم همدلی","original","1405"
"دوازدهم","تجربی","شیمی","شیمی","ساختار اتم","عدد اتمی و عدد جرمی","ذرات اتم","متوسط","اتمی خنثی عدد اتمی 27 و 11 نوترون دارد. عدد جرمی آن کدام است؟","38","39","37","54","A","عدد جرمی از مجموع 27 پروتون و 11 نوترون به دست می‌آید.","ترنم همدلی","original","1405"
"دوازدهم","تجربی","شیمی","شیمی","ساختار اتم","عدد اتمی و عدد جرمی","ذرات اتم","آسان","هسته اتمی 28 پروتون و 12 نوترون دارد. عدد جرمی هسته چند است؟","40","41","39","56","A","عدد جرمی از مجموع 28 پروتون و 12 نوترون به دست می‌آید.","ترنم همدلی","original","1405"
"دوازدهم","تجربی","شیمی","شیمی","ساختار اتم","عدد اتمی و عدد جرمی","ذرات اتم","متوسط","اگر تعداد پروتون‌ها 29 و تعداد نوترون‌ها 13 باشد، عدد جرمی چه مقداری است؟","42","43","41","58","A","عدد جرمی از مجموع 29 پروتون و 13 نوترون به دست می‌آید.","ترنم همدلی","original","1405"
"دوازدهم","تجربی","شیمی","شیمی","ساختار اتم","عدد اتمی و عدد جرمی","ذرات اتم","متوسط","اتمی خنثی عدد اتمی 30 و 14 نوترون دارد. عدد جرمی آن کدام است؟","44","45","43","60","A","عدد جرمی از مجموع 30 پروتون و 14 نوترون به دست می‌آید.","ترنم همدلی","original","1405"
"دوازدهم","تجربی","شیمی","شیمی","ساختار اتم","عدد اتمی و عدد جرمی","ذرات اتم","متوسط","هسته اتمی 31 پروتون و 15 نوترون دارد. عدد جرمی هسته چند است؟","46","47","45","62","A","عدد جرمی از مجموع 31 پروتون و 15 نوترون به دست می‌آید.","ترنم همدلی","original","1405"
"دوازدهم","تجربی","شیمی","شیمی","ساختار اتم","عدد اتمی و عدد جرمی","ذرات اتم","متوسط","اگر تعداد پروتون‌ها 32 و تعداد نوترون‌ها 16 باشد، عدد جرمی چه مقداری است؟","48","49","47","64","A","عدد جرمی از مجموع 32 پروتون و 16 نوترون به دست می‌آید.","ترنم همدلی","original","1405"
"دوازدهم","تجربی","شیمی","شیمی","ساختار اتم","عدد اتمی و عدد جرمی","ذرات اتم","آسان","اتمی خنثی عدد اتمی 3 و 2 نوترون دارد. عدد جرمی آن کدام است؟","5","6","4","6","A","عدد جرمی از مجموع 3 پروتون و 2 نوترون به دست می‌آید.","ترنم همدلی","original","1405"
"دوازدهم","تجربی","شیمی","شیمی","ساختار اتم","عدد اتمی و عدد جرمی","ذرات اتم","متوسط","هسته اتمی 4 پروتون و 3 نوترون دارد. عدد جرمی هسته چند است؟","7","8","6","8","A","عدد جرمی از مجموع 4 پروتون و 3 نوترون به دست می‌آید.","ترنم همدلی","original","1405"
"دوازدهم","تجربی","شیمی","شیمی","ساختار اتم","عدد اتمی و عدد جرمی","ذرات اتم","متوسط","اگر تعداد پروتون‌ها 5 و تعداد نوترون‌ها 4 باشد، عدد جرمی چه مقداری است؟","9","10","8","10","A","عدد جرمی از مجموع 5 پروتون و 4 نوترون به دست می‌آید.","ترنم همدلی","original","1405"
"دوازدهم","تجربی","شیمی","شیمی","ساختار اتم","عدد اتمی و عدد جرمی","ذرات اتم","متوسط","اتمی خنثی عدد اتمی 6 و 5 نوترون دارد. عدد جرمی آن کدام است؟","11","12","10","12","A","عدد جرمی از مجموع 6 پروتون و 5 نوترون به دست می‌آید.","ترنم همدلی","original","1405"
"دوازدهم","تجربی","شیمی","شیمی","ساختار اتم","عدد اتمی و عدد جرمی","ذرات اتم","متوسط","هسته اتمی 7 پروتون و 6 نوترون دارد. عدد جرمی هسته چند است؟","13","14","12","14","A","عدد جرمی از مجموع 7 پروتون و 6 نوترون به دست می‌آید.","ترنم همدلی","original","1405"
"دوازدهم","تجربی","شیمی","شیمی","ساختار اتم","عدد اتمی و عدد جرمی","ذرات اتم","آسان","اگر تعداد پروتون‌ها 8 و تعداد نوترون‌ها 7 باشد، عدد جرمی چه مقداری است؟","15","16","14","16","A","عدد جرمی از مجموع 8 پروتون و 7 نوترون به دست می‌آید.","ترنم همدلی","original","1405"
"دوازدهم","تجربی","شیمی","شیمی","ساختار اتم","عدد اتمی و عدد جرمی","ذرات اتم","متوسط","اتمی خنثی عدد اتمی 9 و 8 نوترون دارد. عدد جرمی آن کدام است؟","17","18","16","18","A","عدد جرمی از مجموع 9 پروتون و 8 نوترون به دست می‌آید.","ترنم همدلی","original","1405"
"دوازدهم","تجربی","شیمی","شیمی","ساختار اتم","عدد اتمی و عدد جرمی","ذرات اتم","متوسط","هسته اتمی 10 پروتون و 9 نوترون دارد. عدد جرمی هسته چند است؟","19","20","18","20","A","عدد جرمی از مجموع 10 پروتون و 9 نوترون به دست می‌آید.","ترنم همدلی","original","1405"
"دوازدهم","تجربی","شیمی","شیمی","ساختار اتم","عدد اتمی و عدد جرمی","ذرات اتم","متوسط","اگر تعداد پروتون‌ها 11 و تعداد نوترون‌ها 10 باشد، عدد جرمی چه مقداری است؟","21","22","20","22","A","عدد جرمی از مجموع 11 پروتون و 10 نوترون به دست می‌آید.","ترنم همدلی","original","1405"
"دوازدهم","تجربی","شیمی","شیمی","ساختار اتم","عدد اتمی و عدد جرمی","ذرات اتم","متوسط","اتمی خنثی عدد اتمی 12 و 11 نوترون دارد. عدد جرمی آن کدام است؟","23","24","22","24","A","عدد جرمی از مجموع 12 پروتون و 11 نوترون به دست می‌آید.","ترنم همدلی","original","1405"
"دوازدهم","تجربی","شیمی","شیمی","ساختار اتم","عدد اتمی و عدد جرمی","ذرات اتم","آسان","هسته اتمی 13 پروتون و 12 نوترون دارد. عدد جرمی هسته چند است؟","25","26","24","26","A","عدد جرمی از مجموع 13 پروتون و 12 نوترون به دست می‌آید.","ترنم همدلی","original","1405"
"دوازدهم","تجربی","شیمی","شیمی","ساختار اتم","عدد اتمی و عدد جرمی","ذرات اتم","متوسط","اگر تعداد پروتون‌ها 14 و تعداد نوترون‌ها 13 باشد، عدد جرمی چه مقداری است؟","27","28","26","28","A","عدد جرمی از مجموع 14 پروتون و 13 نوترون به دست می‌آید.","ترنم همدلی","original","1405"
"دوازدهم","تجربی","شیمی","شیمی","ساختار اتم","عدد اتمی و عدد جرمی","ذرات اتم","متوسط","اتمی خنثی عدد اتمی 15 و 14 نوترون دارد. عدد جرمی آن کدام است؟","29","30","28","30","A","عدد جرمی از مجموع 15 پروتون و 14 نوترون به دست می‌آید.","ترنم همدلی","original","1405"
"دوازدهم","تجربی","شیمی","شیمی","ساختار اتم","عدد اتمی و عدد جرمی","ذرات اتم","متوسط","هسته اتمی 16 پروتون و 15 نوترون دارد. عدد جرمی هسته چند است؟","31","32","30","32","A","عدد جرمی از مجموع 16 پروتون و 15 نوترون به دست می‌آید.","ترنم همدلی","original","1405"
"دوازدهم","تجربی","شیمی","شیمی","ساختار اتم","عدد اتمی و عدد جرمی","ذرات اتم","متوسط","اگر تعداد پروتون‌ها 17 و تعداد نوترون‌ها 16 باشد، عدد جرمی چه مقداری است؟","33","34","32","34","A","عدد جرمی از مجموع 17 پروتون و 16 نوترون به دست می‌آید.","ترنم همدلی","original","1405"
"دوازدهم","تجربی","شیمی","شیمی","ساختار اتم","عدد اتمی و عدد جرمی","ذرات اتم","آسان","اتمی خنثی عدد اتمی 18 و 2 نوترون دارد. عدد جرمی آن کدام است؟","20","21","19","36","A","عدد جرمی از مجموع 18 پروتون و 2 نوترون به دست می‌آید.","ترنم همدلی","original","1405"
"دوازدهم","تجربی","شیمی","شیمی","ساختار اتم","عدد اتمی و عدد جرمی","ذرات اتم","متوسط","هسته اتمی 19 پروتون و 3 نوترون دارد. عدد جرمی هسته چند است؟","22","23","21","38","A","عدد جرمی از مجموع 19 پروتون و 3 نوترون به دست می‌آید.","ترنم همدلی","original","1405"
"دوازدهم","تجربی","شیمی","شیمی","ساختار اتم","عدد اتمی و عدد جرمی","ذرات اتم","متوسط","اگر تعداد پروتون‌ها 20 و تعداد نوترون‌ها 4 باشد، عدد جرمی چه مقداری است؟","24","25","23","40","A","عدد جرمی از مجموع 20 پروتون و 4 نوترون به دست می‌آید.","ترنم همدلی","original","1405"
"دوازدهم","تجربی","شیمی","شیمی","ساختار اتم","عدد اتمی و عدد جرمی","ذرات اتم","متوسط","اتمی خنثی عدد اتمی 21 و 5 نوترون دارد. عدد جرمی آن کدام است؟","26","27","25","42","A","عدد جرمی از مجموع 21 پروتون و 5 نوترون به دست می‌آید.","ترنم همدلی","original","1405"
"دوازدهم","تجربی","شیمی","شیمی","ساختار اتم","عدد اتمی و عدد جرمی","ذرات اتم","متوسط","هسته اتمی 22 پروتون و 6 نوترون دارد. عدد جرمی هسته چند است؟","28","29","27","44","A","عدد جرمی از مجموع 22 پروتون و 6 نوترون به دست می‌آید.","ترنم همدلی","original","1405"
"دوازدهم","تجربی","شیمی","شیمی","ساختار اتم","عدد اتمی و عدد جرمی","ذرات اتم","آسان","اگر تعداد پروتون‌ها 23 و تعداد نوترون‌ها 7 باشد، عدد جرمی چه مقداری است؟","30","31","29","46","A","عدد جرمی از مجموع 23 پروتون و 7 نوترون به دست می‌آید.","ترنم همدلی","original","1405"
"دوازدهم","تجربی","شیمی","شیمی","ساختار اتم","عدد اتمی و عدد جرمی","ذرات اتم","متوسط","اتمی خنثی عدد اتمی 24 و 8 نوترون دارد. عدد جرمی آن کدام است؟","32","33","31","48","A","عدد جرمی از مجموع 24 پروتون و 8 نوترون به دست می‌آید.","ترنم همدلی","original","1405"
"دوازدهم","تجربی","شیمی","شیمی","ساختار اتم","عدد اتمی و عدد جرمی","ذرات اتم","متوسط","هسته اتمی 25 پروتون و 9 نوترون دارد. عدد جرمی هسته چند است؟","34","35","33","50","A","عدد جرمی از مجموع 25 پروتون و 9 نوترون به دست می‌آید.","ترنم همدلی","original","1405"
"دوازدهم","تجربی","شیمی","شیمی","ساختار اتم","عدد اتمی و عدد جرمی","ذرات اتم","متوسط","اگر تعداد پروتون‌ها 26 و تعداد نوترون‌ها 10 باشد، عدد جرمی چه مقداری است؟","36","37","35","52","A","عدد جرمی از مجموع 26 پروتون و 10 نوترون به دست می‌آید.","ترنم همدلی","original","1405"
"دوازدهم","تجربی","شیمی","شیمی","ساختار اتم","عدد اتمی و عدد جرمی","ذرات اتم","متوسط","اتمی خنثی عدد اتمی 27 و 11 نوترون دارد. عدد جرمی آن کدام است؟","38","39","37","54","A","عدد جرمی از مجموع 27 پروتون و 11 نوترون به دست می‌آید.","ترنم همدلی","original","1405"
"دوازدهم","تجربی","شیمی","شیمی","ساختار اتم","عدد اتمی و عدد جرمی","ذرات اتم","آسان","هسته اتمی 28 پروتون و 12 نوترون دارد. عدد جرمی هسته چند است؟","40","41","39","56","A","عدد جرمی از مجموع 28 پروتون و 12 نوترون به دست می‌آید.","ترنم همدلی","original","1405"
"دوازدهم","تجربی","شیمی","شیمی","ساختار اتم","عدد اتمی و عدد جرمی","ذرات اتم","متوسط","اگر تعداد پروتون‌ها 29 و تعداد نوترون‌ها 13 باشد، عدد جرمی چه مقداری است؟","42","43","41","58","A","عدد جرمی از مجموع 29 پروتون و 13 نوترون به دست می‌آید.","ترنم همدلی","original","1405"
"دوازدهم","تجربی","شیمی","شیمی","ساختار اتم","عدد اتمی و عدد جرمی","ذرات اتم","متوسط","اتمی خنثی عدد اتمی 30 و 14 نوترون دارد. عدد جرمی آن کدام است؟","44","45","43","60","A","عدد جرمی از مجموع 30 پروتون و 14 نوترون به دست می‌آید.","ترنم همدلی","original","1405"
"دوازدهم","تجربی","شیمی","شیمی","ساختار اتم","عدد اتمی و عدد جرمی","ذرات اتم","متوسط","هسته اتمی 31 پروتون و 15 نوترون دارد. عدد جرمی هسته چند است؟","46","47","45","62","A","عدد جرمی از مجموع 31 پروتون و 15 نوترون به دست می‌آید.","ترنم همدلی","original","1405"
"دوازدهم","تجربی","شیمی","شیمی","ساختار اتم","عدد اتمی و عدد جرمی","ذرات اتم","متوسط","اگر تعداد پروتون‌ها 32 و تعداد نوترون‌ها 16 باشد، عدد جرمی چه مقداری است؟","48","49","47","64","A","عدد جرمی از مجموع 32 پروتون و 16 نوترون به دست می‌آید.","ترنم همدلی","original","1405"
"دوازدهم","تجربی","شیمی","شیمی","ساختار اتم","عدد اتمی و عدد جرمی","ذرات اتم","آسان","اتمی خنثی عدد اتمی 3 و 2 نوترون دارد. عدد جرمی آن کدام است؟","5","6","4","6","A","عدد جرمی از مجموع 3 پروتون و 2 نوترون به دست می‌آید.","ترنم همدلی","original","1405"
"دوازدهم","تجربی","شیمی","شیمی","ساختار اتم","عدد اتمی و عدد جرمی","ذرات اتم","متوسط","هسته اتمی 4 پروتون و 3 نوترون دارد. عدد جرمی هسته چند است؟","7","8","6","8","A","عدد جرمی از مجموع 4 پروتون و 3 نوترون به دست می‌آید.","ترنم همدلی","original","1405"
"دوازدهم","تجربی","شیمی","شیمی","ساختار اتم","عدد اتمی و عدد جرمی","ذرات اتم","متوسط","اگر تعداد پروتون‌ها 5 و تعداد نوترون‌ها 4 باشد، عدد جرمی چه مقداری است؟","9","10","8","10","A","عدد جرمی از مجموع 5 پروتون و 4 نوترون به دست می‌آید.","ترنم همدلی","original","1405"
"دوازدهم","تجربی","شیمی","شیمی","ساختار اتم","عدد اتمی و عدد جرمی","ذرات اتم","متوسط","اتمی خنثی عدد اتمی 6 و 5 نوترون دارد. عدد جرمی آن کدام است؟","11","12","10","12","A","عدد جرمی از مجموع 6 پروتون و 5 نوترون به دست می‌آید.","ترنم همدلی","original","1405"
"دوازدهم","تجربی","شیمی","شیمی","ساختار اتم","عدد اتمی و عدد جرمی","ذرات اتم","متوسط","هسته اتمی 7 پروتون و 6 نوترون دارد. عدد جرمی هسته چند است؟","13","14","12","14","A","عدد جرمی از مجموع 7 پروتون و 6 نوترون به دست می‌آید.","ترنم همدلی","original","1405"
"دوازدهم","تجربی","شیمی","شیمی","ساختار اتم","عدد اتمی و عدد جرمی","ذرات اتم","آسان","اگر تعداد پروتون‌ها 8 و تعداد نوترون‌ها 7 باشد، عدد جرمی چه مقداری است؟","15","16","14","16","A","عدد جرمی از مجموع 8 پروتون و 7 نوترون به دست می‌آید.","ترنم همدلی","original","1405"
"دوازدهم","تجربی","شیمی","شیمی","ساختار اتم","عدد اتمی و عدد جرمی","ذرات اتم","متوسط","اتمی خنثی عدد اتمی 9 و 8 نوترون دارد. عدد جرمی آن کدام است؟","17","18","16","18","A","عدد جرمی از مجموع 9 پروتون و 8 نوترون به دست می‌آید.","ترنم همدلی","original","1405"
"دوازدهم","تجربی","شیمی","شیمی","ساختار اتم","عدد اتمی و عدد جرمی","ذرات اتم","متوسط","هسته اتمی 10 پروتون و 9 نوترون دارد. عدد جرمی هسته چند است؟","19","20","18","20","A","عدد جرمی از مجموع 10 پروتون و 9 نوترون به دست می‌آید.","ترنم همدلی","original","1405"
"دوازدهم","تجربی","شیمی","شیمی","ساختار اتم","عدد اتمی و عدد جرمی","ذرات اتم","متوسط","اگر تعداد پروتون‌ها 11 و تعداد نوترون‌ها 10 باشد، عدد جرمی چه مقداری است؟","21","22","20","22","A","عدد جرمی از مجموع 11 پروتون و 10 نوترون به دست می‌آید.","ترنم همدلی","original","1405"
"دوازدهم","تجربی","شیمی","شیمی","ساختار اتم","عدد اتمی و عدد جرمی","ذرات اتم","متوسط","اتمی خنثی عدد اتمی 12 و 11 نوترون دارد. عدد جرمی آن کدام است؟","23","24","22","24","A","عدد جرمی از مجموع 12 پروتون و 11 نوترون به دست می‌آید.","ترنم همدلی","original","1405"
"دوازدهم","تجربی","شیمی","شیمی","ساختار اتم","عدد اتمی و عدد جرمی","ذرات اتم","آسان","هسته اتمی 13 پروتون و 12 نوترون دارد. عدد جرمی هسته چند است؟","25","26","24","26","A","عدد جرمی از مجموع 13 پروتون و 12 نوترون به دست می‌آید.","ترنم همدلی","original","1405"
"دوازدهم","تجربی","شیمی","شیمی","ساختار اتم","عدد اتمی و عدد جرمی","ذرات اتم","متوسط","اگر تعداد پروتون‌ها 14 و تعداد نوترون‌ها 13 باشد، عدد جرمی چه مقداری است؟","27","28","26","28","A","عدد جرمی از مجموع 14 پروتون و 13 نوترون به دست می‌آید.","ترنم همدلی","original","1405"
"دوازدهم","تجربی","شیمی","شیمی","ساختار اتم","عدد اتمی و عدد جرمی","ذرات اتم","متوسط","اتمی خنثی عدد اتمی 15 و 14 نوترون دارد. عدد جرمی آن کدام است؟","29","30","28","30","A","عدد جرمی از مجموع 15 پروتون و 14 نوترون به دست می‌آید.","ترنم همدلی","original","1405"
"دوازدهم","تجربی","شیمی","شیمی","ساختار اتم","عدد اتمی و عدد جرمی","ذرات اتم","متوسط","هسته اتمی 16 پروتون و 15 نوترون دارد. عدد جرمی هسته چند است؟","31","32","30","32","A","عدد جرمی از مجموع 16 پروتون و 15 نوترون به دست می‌آید.","ترنم همدلی","original","1405"
"دوازدهم","تجربی","شیمی","شیمی","ساختار اتم","عدد اتمی و عدد جرمی","ذرات اتم","متوسط","اگر تعداد پروتون‌ها 17 و تعداد نوترون‌ها 16 باشد، عدد جرمی چه مقداری است؟","33","34","32","34","A","عدد جرمی از مجموع 17 پروتون و 16 نوترون به دست می‌آید.","ترنم همدلی","original","1405"
"دوازدهم","تجربی","شیمی","شیمی","ساختار اتم","عدد اتمی و عدد جرمی","ذرات اتم","آسان","اتمی خنثی عدد اتمی 18 و 2 نوترون دارد. عدد جرمی آن کدام است؟","20","21","19","36","A","عدد جرمی از مجموع 18 پروتون و 2 نوترون به دست می‌آید.","ترنم همدلی","original","1405"
"دوازدهم","تجربی","شیمی","شیمی","ساختار اتم","عدد اتمی و عدد جرمی","ذرات اتم","متوسط","هسته اتمی 19 پروتون و 3 نوترون دارد. عدد جرمی هسته چند است؟","22","23","21","38","A","عدد جرمی از مجموع 19 پروتون و 3 نوترون به دست می‌آید.","ترنم همدلی","original","1405"
"دوازدهم","تجربی","شیمی","شیمی","ساختار اتم","عدد اتمی و عدد جرمی","ذرات اتم","متوسط","اگر تعداد پروتون‌ها 20 و تعداد نوترون‌ها 4 باشد، عدد جرمی چه مقداری است؟","24","25","23","40","A","عدد جرمی از مجموع 20 پروتون و 4 نوترون به دست می‌آید.","ترنم همدلی","original","1405"
"دوازدهم","تجربی","شیمی","شیمی","ساختار اتم","عدد اتمی و عدد جرمی","ذرات اتم","متوسط","اتمی خنثی عدد اتمی 21 و 5 نوترون دارد. عدد جرمی آن کدام است؟","26","27","25","42","A","عدد جرمی از مجموع 21 پروتون و 5 نوترون به دست می‌آید.","ترنم همدلی","original","1405"
"دوازدهم","تجربی","شیمی","شیمی","ساختار اتم","عدد اتمی و عدد جرمی","ذرات اتم","متوسط","هسته اتمی 22 پروتون و 6 نوترون دارد. عدد جرمی هسته چند است؟","28","29","27","44","A","عدد جرمی از مجموع 22 پروتون و 6 نوترون به دست می‌آید.","ترنم همدلی","original","1405"
"دوازدهم","تجربی","شیمی","شیمی","ساختار اتم","عدد اتمی و عدد جرمی","ذرات اتم","آسان","اگر تعداد پروتون‌ها 23 و تعداد نوترون‌ها 7 باشد، عدد جرمی چه مقداری است؟","30","31","29","46","A","عدد جرمی از مجموع 23 پروتون و 7 نوترون به دست می‌آید.","ترنم همدلی","original","1405"
"دوازدهم","تجربی","شیمی","شیمی","ساختار اتم","عدد اتمی و عدد جرمی","ذرات اتم","متوسط","اتمی خنثی عدد اتمی 24 و 8 نوترون دارد. عدد جرمی آن کدام است؟","32","33","31","48","A","عدد جرمی از مجموع 24 پروتون و 8 نوترون به دست می‌آید.","ترنم همدلی","original","1405"
"دوازدهم","تجربی","شیمی","شیمی","ساختار اتم","عدد اتمی و عدد جرمی","ذرات اتم","متوسط","هسته اتمی 25 پروتون و 9 نوترون دارد. عدد جرمی هسته چند است؟","34","35","33","50","A","عدد جرمی از مجموع 25 پروتون و 9 نوترون به دست می‌آید.","ترنم همدلی","original","1405"
"دوازدهم","تجربی","شیمی","شیمی","ساختار اتم","عدد اتمی و عدد جرمی","ذرات اتم","متوسط","اگر تعداد پروتون‌ها 26 و تعداد نوترون‌ها 10 باشد، عدد جرمی چه مقداری است؟","36","37","35","52","A","عدد جرمی از مجموع 26 پروتون و 10 نوترون به دست می‌آید.","ترنم همدلی","original","1405"
"دوازدهم","تجربی","شیمی","شیمی","ساختار اتم","عدد اتمی و عدد جرمی","ذرات اتم","متوسط","اتمی خنثی عدد اتمی 27 و 11 نوترون دارد. عدد جرمی آن کدام است؟","38","39","37","54","A","عدد جرمی از مجموع 27 پروتون و 11 نوترون به دست می‌آید.","ترنم همدلی","original","1405"
"دوازدهم","تجربی","شیمی","شیمی","ساختار اتم","عدد اتمی و عدد جرمی","ذرات اتم","آسان","هسته اتمی 28 پروتون و 12 نوترون دارد. عدد جرمی هسته چند است؟","40","41","39","56","A","عدد جرمی از مجموع 28 پروتون و 12 نوترون به دست می‌آید.","ترنم همدلی","original","1405"
"دوازدهم","تجربی","شیمی","شیمی","ساختار اتم","عدد اتمی و عدد جرمی","ذرات اتم","متوسط","اگر تعداد پروتون‌ها 29 و تعداد نوترون‌ها 13 باشد، عدد جرمی چه مقداری است؟","42","43","41","58","A","عدد جرمی از مجموع 29 پروتون و 13 نوترون به دست می‌آید.","ترنم همدلی","original","1405"
"دوازدهم","تجربی","شیمی","شیمی","ساختار اتم","عدد اتمی و عدد جرمی","ذرات اتم","متوسط","اتمی خنثی عدد اتمی 30 و 14 نوترون دارد. عدد جرمی آن کدام است؟","44","45","43","60","A","عدد جرمی از مجموع 30 پروتون و 14 نوترون به دست می‌آید.","ترنم همدلی","original","1405"
"دوازدهم","تجربی","شیمی","شیمی","ساختار اتم","عدد اتمی و عدد جرمی","ذرات اتم","متوسط","هسته اتمی 31 پروتون و 15 نوترون دارد. عدد جرمی هسته چند است؟","46","47","45","62","A","عدد جرمی از مجموع 31 پروتون و 15 نوترون به دست می‌آید.","ترنم همدلی","original","1405"
"دوازدهم","تجربی","شیمی","شیمی","ساختار اتم","عدد اتمی و عدد جرمی","ذرات اتم","متوسط","اگر تعداد پروتون‌ها 32 و تعداد نوترون‌ها 16 باشد، عدد جرمی چه مقداری است؟","48","49","47","64","A","عدد جرمی از مجموع 32 پروتون و 16 نوترون به دست می‌آید.","ترنم همدلی","original","1405"
"دهم","انسانی","تاریخ","تاریخ","روش پژوهش تاریخی","منابع تاریخی","تحلیل منبع","آسان","کدام گزینه نمونه‌ای از منبع مکتوب است؟","نامه‌ای که در زمان رویداد نوشته شده است","یک داستان تخیلی","یک محاسبه ریاضی","پیش‌بینی هوا","A","این گزینه با تعریف و کاربرد منبع تاریخی سازگار است.","ترنم همدلی","original","1405"
"دهم","انسانی","تاریخ","تاریخ","روش پژوهش تاریخی","منابع تاریخی","تحلیل منبع","متوسط","کدام گزینه نمونه‌ای از منبع مکتوب است؟","خاطرات فردی که در دوره مورد مطالعه زندگی کرده است","یک داستان تخیلی","یک محاسبه ریاضی","پیش‌بینی هوا","A","این گزینه با تعریف و کاربرد منبع تاریخی سازگار است.","ترنم همدلی","original","1405"
"دهم","انسانی","تاریخ","تاریخ","روش پژوهش تاریخی","منابع تاریخی","تحلیل منبع","متوسط","کدام گزینه نمونه‌ای از منبع تصویری است؟","عکسی ثبت‌شده در زمان یک رویداد","یک داستان تخیلی","یک محاسبه ریاضی","پیش‌بینی هوا","A","این گزینه با تعریف و کاربرد منبع تاریخی سازگار است.","ترنم همدلی","original","1405"
"دهم","انسانی","تاریخ","تاریخ","روش پژوهش تاریخی","منابع تاریخی","تحلیل منبع","متوسط","کدام گزینه نمونه‌ای از منبع مادی/نوشتاری است؟","نوشته‌ای باقی‌مانده از دوره تاریخی","یک داستان تخیلی","یک محاسبه ریاضی","پیش‌بینی هوا","A","این گزینه با تعریف و کاربرد منبع تاریخی سازگار است.","ترنم همدلی","original","1405"
"دهم","انسانی","تاریخ","تاریخ","روش پژوهش تاریخی","منابع تاریخی","تحلیل منبع","آسان","کدام گزینه نمونه‌ای از منبع مادی است؟","سکه‌ای متعلق به دوره مورد مطالعه","یک داستان تخیلی","یک محاسبه ریاضی","پیش‌بینی هوا","A","این گزینه با تعریف و کاربرد منبع تاریخی سازگار است.","ترنم همدلی","original","1405"
"دهم","انسانی","تاریخ","تاریخ","روش پژوهش تاریخی","منابع تاریخی","تحلیل منبع","متوسط","کدام گزینه نمونه‌ای از منبع مکتوب است؟","سندی که در همان دوره برای یک کار اداری تهیه شده است","یک داستان تخیلی","یک محاسبه ریاضی","پیش‌بینی هوا","A","این گزینه با تعریف و کاربرد منبع تاریخی سازگار است.","ترنم همدلی","original","1405"
"دهم","انسانی","تاریخ","تاریخ","روش پژوهش تاریخی","منابع تاریخی","تحلیل منبع","متوسط","برای بررسی یک رویداد تاریخی، کدام مورد می‌تواند نامه باشد؟","نامه‌ای که در زمان رویداد نوشته شده است","فرمول فیزیک","جدول ضرب","نقشه آب‌وهوا","A","این گزینه با تعریف و کاربرد منبع تاریخی سازگار است.","ترنم همدلی","original","1405"
"دهم","انسانی","تاریخ","تاریخ","روش پژوهش تاریخی","منابع تاریخی","تحلیل منبع","متوسط","برای بررسی یک رویداد تاریخی، کدام مورد می‌تواند خاطرات باشد؟","خاطرات فردی که در دوره مورد مطالعه زندگی کرده است","فرمول فیزیک","جدول ضرب","نقشه آب‌وهوا","A","این گزینه با تعریف و کاربرد منبع تاریخی سازگار است.","ترنم همدلی","original","1405"
"دهم","انسانی","تاریخ","تاریخ","روش پژوهش تاریخی","منابع تاریخی","تحلیل منبع","آسان","برای بررسی یک رویداد تاریخی، کدام مورد می‌تواند عکس تاریخی باشد؟","عکسی ثبت‌شده در زمان یک رویداد","فرمول فیزیک","جدول ضرب","نقشه آب‌وهوا","A","این گزینه با تعریف و کاربرد منبع تاریخی سازگار است.","ترنم همدلی","original","1405"
"دهم","انسانی","تاریخ","تاریخ","روش پژوهش تاریخی","منابع تاریخی","تحلیل منبع","متوسط","برای بررسی یک رویداد تاریخی، کدام مورد می‌تواند سنگ‌نوشته باشد؟","نوشته‌ای باقی‌مانده از دوره تاریخی","فرمول فیزیک","جدول ضرب","نقشه آب‌وهوا","A","این گزینه با تعریف و کاربرد منبع تاریخی سازگار است.","ترنم همدلی","original","1405"
"دهم","انسانی","تاریخ","تاریخ","روش پژوهش تاریخی","منابع تاریخی","تحلیل منبع","متوسط","برای بررسی یک رویداد تاریخی، کدام مورد می‌تواند سکه باشد؟","سکه‌ای متعلق به دوره مورد مطالعه","فرمول فیزیک","جدول ضرب","نقشه آب‌وهوا","A","این گزینه با تعریف و کاربرد منبع تاریخی سازگار است.","ترنم همدلی","original","1405"
"دهم","انسانی","تاریخ","تاریخ","روش پژوهش تاریخی","منابع تاریخی","تحلیل منبع","متوسط","برای بررسی یک رویداد تاریخی، کدام مورد می‌تواند سند اداری باشد؟","سندی که در همان دوره برای یک کار اداری تهیه شده است","فرمول فیزیک","جدول ضرب","نقشه آب‌وهوا","A","این گزینه با تعریف و کاربرد منبع تاریخی سازگار است.","ترنم همدلی","original","1405"
"دهم","انسانی","تاریخ","تاریخ","روش پژوهش تاریخی","منابع تاریخی","تحلیل منبع","آسان","ویژگی اصلی نامه در پژوهش تاریخی چیست؟","ارتباط آن با شواهد دوره مورد مطالعه","بی‌ارتباطی با زمان رویداد","تخیلی بودن","نداشتن هیچ اطلاعاتی","A","این گزینه با تعریف و کاربرد منبع تاریخی سازگار است.","ترنم همدلی","original","1405"
"دهم","انسانی","تاریخ","تاریخ","روش پژوهش تاریخی","منابع تاریخی","تحلیل منبع","متوسط","ویژگی اصلی خاطرات در پژوهش تاریخی چیست؟","ارتباط آن با شواهد دوره مورد مطالعه","بی‌ارتباطی با زمان رویداد","تخیلی بودن","نداشتن هیچ اطلاعاتی","A","این گزینه با تعریف و کاربرد منبع تاریخی سازگار است.","ترنم همدلی","original","1405"
"دهم","انسانی","تاریخ","تاریخ","روش پژوهش تاریخی","منابع تاریخی","تحلیل منبع","متوسط","ویژگی اصلی عکس تاریخی در پژوهش تاریخی چیست؟","ارتباط آن با شواهد دوره مورد مطالعه","بی‌ارتباطی با زمان رویداد","تخیلی بودن","نداشتن هیچ اطلاعاتی","A","این گزینه با تعریف و کاربرد منبع تاریخی سازگار است.","ترنم همدلی","original","1405"
"دهم","انسانی","تاریخ","تاریخ","روش پژوهش تاریخی","منابع تاریخی","تحلیل منبع","متوسط","ویژگی اصلی سنگ‌نوشته در پژوهش تاریخی چیست؟","ارتباط آن با شواهد دوره مورد مطالعه","بی‌ارتباطی با زمان رویداد","تخیلی بودن","نداشتن هیچ اطلاعاتی","A","این گزینه با تعریف و کاربرد منبع تاریخی سازگار است.","ترنم همدلی","original","1405"
"دهم","انسانی","تاریخ","تاریخ","روش پژوهش تاریخی","منابع تاریخی","تحلیل منبع","آسان","ویژگی اصلی سکه در پژوهش تاریخی چیست؟","ارتباط آن با شواهد دوره مورد مطالعه","بی‌ارتباطی با زمان رویداد","تخیلی بودن","نداشتن هیچ اطلاعاتی","A","این گزینه با تعریف و کاربرد منبع تاریخی سازگار است.","ترنم همدلی","original","1405"
"دهم","انسانی","تاریخ","تاریخ","روش پژوهش تاریخی","منابع تاریخی","تحلیل منبع","متوسط","ویژگی اصلی سند اداری در پژوهش تاریخی چیست؟","ارتباط آن با شواهد دوره مورد مطالعه","بی‌ارتباطی با زمان رویداد","تخیلی بودن","نداشتن هیچ اطلاعاتی","A","این گزینه با تعریف و کاربرد منبع تاریخی سازگار است.","ترنم همدلی","original","1405"
"دهم","انسانی","تاریخ","تاریخ","روش پژوهش تاریخی","منابع تاریخی","تحلیل منبع","متوسط","کدام گزینه به نامه نزدیک‌تر است؟","نامه‌ای که در زمان رویداد نوشته شده است","یک متن کاملاً خیالی","یک مسئله هندسه","یک واکنش شیمیایی","A","این گزینه با تعریف و کاربرد منبع تاریخی سازگار است.","ترنم همدلی","original","1405"
"دهم","انسانی","تاریخ","تاریخ","روش پژوهش تاریخی","منابع تاریخی","تحلیل منبع","متوسط","کدام گزینه به خاطرات نزدیک‌تر است؟","خاطرات فردی که در دوره مورد مطالعه زندگی کرده است","یک متن کاملاً خیالی","یک مسئله هندسه","یک واکنش شیمیایی","A","این گزینه با تعریف و کاربرد منبع تاریخی سازگار است.","ترنم همدلی","original","1405"
"دهم","انسانی","تاریخ","تاریخ","روش پژوهش تاریخی","منابع تاریخی","تحلیل منبع","آسان","کدام گزینه به عکس تاریخی نزدیک‌تر است؟","عکسی ثبت‌شده در زمان یک رویداد","یک متن کاملاً خیالی","یک مسئله هندسه","یک واکنش شیمیایی","A","این گزینه با تعریف و کاربرد منبع تاریخی سازگار است.","ترنم همدلی","original","1405"
"دهم","انسانی","تاریخ","تاریخ","روش پژوهش تاریخی","منابع تاریخی","تحلیل منبع","متوسط","کدام گزینه به سنگ‌نوشته نزدیک‌تر است؟","نوشته‌ای باقی‌مانده از دوره تاریخی","یک متن کاملاً خیالی","یک مسئله هندسه","یک واکنش شیمیایی","A","این گزینه با تعریف و کاربرد منبع تاریخی سازگار است.","ترنم همدلی","original","1405"
"دهم","انسانی","تاریخ","تاریخ","روش پژوهش تاریخی","منابع تاریخی","تحلیل منبع","متوسط","کدام گزینه به سکه نزدیک‌تر است؟","سکه‌ای متعلق به دوره مورد مطالعه","یک متن کاملاً خیالی","یک مسئله هندسه","یک واکنش شیمیایی","A","این گزینه با تعریف و کاربرد منبع تاریخی سازگار است.","ترنم همدلی","original","1405"
"دهم","انسانی","تاریخ","تاریخ","روش پژوهش تاریخی","منابع تاریخی","تحلیل منبع","متوسط","کدام گزینه به سند اداری نزدیک‌تر است؟","سندی که در همان دوره برای یک کار اداری تهیه شده است","یک متن کاملاً خیالی","یک مسئله هندسه","یک واکنش شیمیایی","A","این گزینه با تعریف و کاربرد منبع تاریخی سازگار است.","ترنم همدلی","original","1405"
"دهم","انسانی","تاریخ","تاریخ","روش پژوهش تاریخی","منابع تاریخی","تحلیل منبع","آسان","پژوهشگر برای تحلیل نامه بیشتر به چه چیزی توجه می‌کند؟","شواهد و زمینه تاریخی","رنگ مورد استفاده","فرمول ریاضی","دمای اتاق","A","این گزینه با تعریف و کاربرد منبع تاریخی سازگار است.","ترنم همدلی","original","1405"
"دهم","انسانی","تاریخ","تاریخ","روش پژوهش تاریخی","منابع تاریخی","تحلیل منبع","متوسط","پژوهشگر برای تحلیل خاطرات بیشتر به چه چیزی توجه می‌کند؟","شواهد و زمینه تاریخی","رنگ مورد استفاده","فرمول ریاضی","دمای اتاق","A","این گزینه با تعریف و کاربرد منبع تاریخی سازگار است.","ترنم همدلی","original","1405"
"دهم","انسانی","تاریخ","تاریخ","روش پژوهش تاریخی","منابع تاریخی","تحلیل منبع","متوسط","پژوهشگر برای تحلیل عکس تاریخی بیشتر به چه چیزی توجه می‌کند؟","شواهد و زمینه تاریخی","رنگ مورد استفاده","فرمول ریاضی","دمای اتاق","A","این گزینه با تعریف و کاربرد منبع تاریخی سازگار است.","ترنم همدلی","original","1405"
"دهم","انسانی","تاریخ","تاریخ","روش پژوهش تاریخی","منابع تاریخی","تحلیل منبع","متوسط","پژوهشگر برای تحلیل سنگ‌نوشته بیشتر به چه چیزی توجه می‌کند؟","شواهد و زمینه تاریخی","رنگ مورد استفاده","فرمول ریاضی","دمای اتاق","A","این گزینه با تعریف و کاربرد منبع تاریخی سازگار است.","ترنم همدلی","original","1405"
"دهم","انسانی","تاریخ","تاریخ","روش پژوهش تاریخی","منابع تاریخی","تحلیل منبع","آسان","پژوهشگر برای تحلیل سکه بیشتر به چه چیزی توجه می‌کند؟","شواهد و زمینه تاریخی","رنگ مورد استفاده","فرمول ریاضی","دمای اتاق","A","این گزینه با تعریف و کاربرد منبع تاریخی سازگار است.","ترنم همدلی","original","1405"
"دهم","انسانی","تاریخ","تاریخ","روش پژوهش تاریخی","منابع تاریخی","تحلیل منبع","متوسط","پژوهشگر برای تحلیل سند اداری بیشتر به چه چیزی توجه می‌کند؟","شواهد و زمینه تاریخی","رنگ مورد استفاده","فرمول ریاضی","دمای اتاق","A","این گزینه با تعریف و کاربرد منبع تاریخی سازگار است.","ترنم همدلی","original","1405"
"دهم","انسانی","تاریخ","تاریخ","روش پژوهش تاریخی","منابع تاریخی","تحلیل منبع","متوسط","کدام گزینه درباره نامه درست‌تر است؟","می‌تواند برای شناخت گذشته به کار رود","فقط برای محاسبه سرعت است","موضوعی زیستی است","واحد اندازه‌گیری نیروست","A","این گزینه با تعریف و کاربرد منبع تاریخی سازگار است.","ترنم همدلی","original","1405"
"دهم","انسانی","تاریخ","تاریخ","روش پژوهش تاریخی","منابع تاریخی","تحلیل منبع","متوسط","کدام گزینه درباره خاطرات درست‌تر است؟","می‌تواند برای شناخت گذشته به کار رود","فقط برای محاسبه سرعت است","موضوعی زیستی است","واحد اندازه‌گیری نیروست","A","این گزینه با تعریف و کاربرد منبع تاریخی سازگار است.","ترنم همدلی","original","1405"
"دهم","انسانی","تاریخ","تاریخ","روش پژوهش تاریخی","منابع تاریخی","تحلیل منبع","آسان","کدام گزینه درباره عکس تاریخی درست‌تر است؟","می‌تواند برای شناخت گذشته به کار رود","فقط برای محاسبه سرعت است","موضوعی زیستی است","واحد اندازه‌گیری نیروست","A","این گزینه با تعریف و کاربرد منبع تاریخی سازگار است.","ترنم همدلی","original","1405"
"دهم","انسانی","تاریخ","تاریخ","روش پژوهش تاریخی","منابع تاریخی","تحلیل منبع","متوسط","کدام گزینه درباره سنگ‌نوشته درست‌تر است؟","می‌تواند برای شناخت گذشته به کار رود","فقط برای محاسبه سرعت است","موضوعی زیستی است","واحد اندازه‌گیری نیروست","A","این گزینه با تعریف و کاربرد منبع تاریخی سازگار است.","ترنم همدلی","original","1405"
"دهم","انسانی","تاریخ","تاریخ","روش پژوهش تاریخی","منابع تاریخی","تحلیل منبع","متوسط","کدام گزینه درباره سکه درست‌تر است؟","می‌تواند برای شناخت گذشته به کار رود","فقط برای محاسبه سرعت است","موضوعی زیستی است","واحد اندازه‌گیری نیروست","A","این گزینه با تعریف و کاربرد منبع تاریخی سازگار است.","ترنم همدلی","original","1405"
"دهم","انسانی","تاریخ","تاریخ","روش پژوهش تاریخی","منابع تاریخی","تحلیل منبع","متوسط","کدام گزینه درباره سند اداری درست‌تر است؟","می‌تواند برای شناخت گذشته به کار رود","فقط برای محاسبه سرعت است","موضوعی زیستی است","واحد اندازه‌گیری نیروست","A","این گزینه با تعریف و کاربرد منبع تاریخی سازگار است.","ترنم همدلی","original","1405"
"یازدهم","انسانی","تاریخ","تاریخ","روش پژوهش تاریخی","منابع تاریخی","تحلیل منبع","آسان","کدام گزینه نمونه‌ای از منبع مکتوب است؟","نامه‌ای که در زمان رویداد نوشته شده است","یک داستان تخیلی","یک محاسبه ریاضی","پیش‌بینی هوا","A","این گزینه با تعریف و کاربرد منبع تاریخی سازگار است.","ترنم همدلی","original","1405"
"یازدهم","انسانی","تاریخ","تاریخ","روش پژوهش تاریخی","منابع تاریخی","تحلیل منبع","متوسط","کدام گزینه نمونه‌ای از منبع مکتوب است؟","خاطرات فردی که در دوره مورد مطالعه زندگی کرده است","یک داستان تخیلی","یک محاسبه ریاضی","پیش‌بینی هوا","A","این گزینه با تعریف و کاربرد منبع تاریخی سازگار است.","ترنم همدلی","original","1405"
"یازدهم","انسانی","تاریخ","تاریخ","روش پژوهش تاریخی","منابع تاریخی","تحلیل منبع","متوسط","کدام گزینه نمونه‌ای از منبع تصویری است؟","عکسی ثبت‌شده در زمان یک رویداد","یک داستان تخیلی","یک محاسبه ریاضی","پیش‌بینی هوا","A","این گزینه با تعریف و کاربرد منبع تاریخی سازگار است.","ترنم همدلی","original","1405"
"یازدهم","انسانی","تاریخ","تاریخ","روش پژوهش تاریخی","منابع تاریخی","تحلیل منبع","متوسط","کدام گزینه نمونه‌ای از منبع مادی/نوشتاری است؟","نوشته‌ای باقی‌مانده از دوره تاریخی","یک داستان تخیلی","یک محاسبه ریاضی","پیش‌بینی هوا","A","این گزینه با تعریف و کاربرد منبع تاریخی سازگار است.","ترنم همدلی","original","1405"
"یازدهم","انسانی","تاریخ","تاریخ","روش پژوهش تاریخی","منابع تاریخی","تحلیل منبع","آسان","کدام گزینه نمونه‌ای از منبع مادی است؟","سکه‌ای متعلق به دوره مورد مطالعه","یک داستان تخیلی","یک محاسبه ریاضی","پیش‌بینی هوا","A","این گزینه با تعریف و کاربرد منبع تاریخی سازگار است.","ترنم همدلی","original","1405"
"یازدهم","انسانی","تاریخ","تاریخ","روش پژوهش تاریخی","منابع تاریخی","تحلیل منبع","متوسط","کدام گزینه نمونه‌ای از منبع مکتوب است؟","سندی که در همان دوره برای یک کار اداری تهیه شده است","یک داستان تخیلی","یک محاسبه ریاضی","پیش‌بینی هوا","A","این گزینه با تعریف و کاربرد منبع تاریخی سازگار است.","ترنم همدلی","original","1405"
"یازدهم","انسانی","تاریخ","تاریخ","روش پژوهش تاریخی","منابع تاریخی","تحلیل منبع","متوسط","برای بررسی یک رویداد تاریخی، کدام مورد می‌تواند نامه باشد؟","نامه‌ای که در زمان رویداد نوشته شده است","فرمول فیزیک","جدول ضرب","نقشه آب‌وهوا","A","این گزینه با تعریف و کاربرد منبع تاریخی سازگار است.","ترنم همدلی","original","1405"
"یازدهم","انسانی","تاریخ","تاریخ","روش پژوهش تاریخی","منابع تاریخی","تحلیل منبع","متوسط","برای بررسی یک رویداد تاریخی، کدام مورد می‌تواند خاطرات باشد؟","خاطرات فردی که در دوره مورد مطالعه زندگی کرده است","فرمول فیزیک","جدول ضرب","نقشه آب‌وهوا","A","این گزینه با تعریف و کاربرد منبع تاریخی سازگار است.","ترنم همدلی","original","1405"
"یازدهم","انسانی","تاریخ","تاریخ","روش پژوهش تاریخی","منابع تاریخی","تحلیل منبع","آسان","برای بررسی یک رویداد تاریخی، کدام مورد می‌تواند عکس تاریخی باشد؟","عکسی ثبت‌شده در زمان یک رویداد","فرمول فیزیک","جدول ضرب","نقشه آب‌وهوا","A","این گزینه با تعریف و کاربرد منبع تاریخی سازگار است.","ترنم همدلی","original","1405"
"یازدهم","انسانی","تاریخ","تاریخ","روش پژوهش تاریخی","منابع تاریخی","تحلیل منبع","متوسط","برای بررسی یک رویداد تاریخی، کدام مورد می‌تواند سنگ‌نوشته باشد؟","نوشته‌ای باقی‌مانده از دوره تاریخی","فرمول فیزیک","جدول ضرب","نقشه آب‌وهوا","A","این گزینه با تعریف و کاربرد منبع تاریخی سازگار است.","ترنم همدلی","original","1405"
"یازدهم","انسانی","تاریخ","تاریخ","روش پژوهش تاریخی","منابع تاریخی","تحلیل منبع","متوسط","برای بررسی یک رویداد تاریخی، کدام مورد می‌تواند سکه باشد؟","سکه‌ای متعلق به دوره مورد مطالعه","فرمول فیزیک","جدول ضرب","نقشه آب‌وهوا","A","این گزینه با تعریف و کاربرد منبع تاریخی سازگار است.","ترنم همدلی","original","1405"
"یازدهم","انسانی","تاریخ","تاریخ","روش پژوهش تاریخی","منابع تاریخی","تحلیل منبع","متوسط","برای بررسی یک رویداد تاریخی، کدام مورد می‌تواند سند اداری باشد؟","سندی که در همان دوره برای یک کار اداری تهیه شده است","فرمول فیزیک","جدول ضرب","نقشه آب‌وهوا","A","این گزینه با تعریف و کاربرد منبع تاریخی سازگار است.","ترنم همدلی","original","1405"
"یازدهم","انسانی","تاریخ","تاریخ","روش پژوهش تاریخی","منابع تاریخی","تحلیل منبع","آسان","ویژگی اصلی نامه در پژوهش تاریخی چیست؟","ارتباط آن با شواهد دوره مورد مطالعه","بی‌ارتباطی با زمان رویداد","تخیلی بودن","نداشتن هیچ اطلاعاتی","A","این گزینه با تعریف و کاربرد منبع تاریخی سازگار است.","ترنم همدلی","original","1405"
"یازدهم","انسانی","تاریخ","تاریخ","روش پژوهش تاریخی","منابع تاریخی","تحلیل منبع","متوسط","ویژگی اصلی خاطرات در پژوهش تاریخی چیست؟","ارتباط آن با شواهد دوره مورد مطالعه","بی‌ارتباطی با زمان رویداد","تخیلی بودن","نداشتن هیچ اطلاعاتی","A","این گزینه با تعریف و کاربرد منبع تاریخی سازگار است.","ترنم همدلی","original","1405"
"یازدهم","انسانی","تاریخ","تاریخ","روش پژوهش تاریخی","منابع تاریخی","تحلیل منبع","متوسط","ویژگی اصلی عکس تاریخی در پژوهش تاریخی چیست؟","ارتباط آن با شواهد دوره مورد مطالعه","بی‌ارتباطی با زمان رویداد","تخیلی بودن","نداشتن هیچ اطلاعاتی","A","این گزینه با تعریف و کاربرد منبع تاریخی سازگار است.","ترنم همدلی","original","1405"
"یازدهم","انسانی","تاریخ","تاریخ","روش پژوهش تاریخی","منابع تاریخی","تحلیل منبع","متوسط","ویژگی اصلی سنگ‌نوشته در پژوهش تاریخی چیست؟","ارتباط آن با شواهد دوره مورد مطالعه","بی‌ارتباطی با زمان رویداد","تخیلی بودن","نداشتن هیچ اطلاعاتی","A","این گزینه با تعریف و کاربرد منبع تاریخی سازگار است.","ترنم همدلی","original","1405"
"یازدهم","انسانی","تاریخ","تاریخ","روش پژوهش تاریخی","منابع تاریخی","تحلیل منبع","آسان","ویژگی اصلی سکه در پژوهش تاریخی چیست؟","ارتباط آن با شواهد دوره مورد مطالعه","بی‌ارتباطی با زمان رویداد","تخیلی بودن","نداشتن هیچ اطلاعاتی","A","این گزینه با تعریف و کاربرد منبع تاریخی سازگار است.","ترنم همدلی","original","1405"
"یازدهم","انسانی","تاریخ","تاریخ","روش پژوهش تاریخی","منابع تاریخی","تحلیل منبع","متوسط","ویژگی اصلی سند اداری در پژوهش تاریخی چیست؟","ارتباط آن با شواهد دوره مورد مطالعه","بی‌ارتباطی با زمان رویداد","تخیلی بودن","نداشتن هیچ اطلاعاتی","A","این گزینه با تعریف و کاربرد منبع تاریخی سازگار است.","ترنم همدلی","original","1405"
"یازدهم","انسانی","تاریخ","تاریخ","روش پژوهش تاریخی","منابع تاریخی","تحلیل منبع","متوسط","کدام گزینه به نامه نزدیک‌تر است؟","نامه‌ای که در زمان رویداد نوشته شده است","یک متن کاملاً خیالی","یک مسئله هندسه","یک واکنش شیمیایی","A","این گزینه با تعریف و کاربرد منبع تاریخی سازگار است.","ترنم همدلی","original","1405"
"یازدهم","انسانی","تاریخ","تاریخ","روش پژوهش تاریخی","منابع تاریخی","تحلیل منبع","متوسط","کدام گزینه به خاطرات نزدیک‌تر است؟","خاطرات فردی که در دوره مورد مطالعه زندگی کرده است","یک متن کاملاً خیالی","یک مسئله هندسه","یک واکنش شیمیایی","A","این گزینه با تعریف و کاربرد منبع تاریخی سازگار است.","ترنم همدلی","original","1405"
"یازدهم","انسانی","تاریخ","تاریخ","روش پژوهش تاریخی","منابع تاریخی","تحلیل منبع","آسان","کدام گزینه به عکس تاریخی نزدیک‌تر است؟","عکسی ثبت‌شده در زمان یک رویداد","یک متن کاملاً خیالی","یک مسئله هندسه","یک واکنش شیمیایی","A","این گزینه با تعریف و کاربرد منبع تاریخی سازگار است.","ترنم همدلی","original","1405"
"یازدهم","انسانی","تاریخ","تاریخ","روش پژوهش تاریخی","منابع تاریخی","تحلیل منبع","متوسط","کدام گزینه به سنگ‌نوشته نزدیک‌تر است؟","نوشته‌ای باقی‌مانده از دوره تاریخی","یک متن کاملاً خیالی","یک مسئله هندسه","یک واکنش شیمیایی","A","این گزینه با تعریف و کاربرد منبع تاریخی سازگار است.","ترنم همدلی","original","1405"
"یازدهم","انسانی","تاریخ","تاریخ","روش پژوهش تاریخی","منابع تاریخی","تحلیل منبع","متوسط","کدام گزینه به سکه نزدیک‌تر است؟","سکه‌ای متعلق به دوره مورد مطالعه","یک متن کاملاً خیالی","یک مسئله هندسه","یک واکنش شیمیایی","A","این گزینه با تعریف و کاربرد منبع تاریخی سازگار است.","ترنم همدلی","original","1405"
"یازدهم","انسانی","تاریخ","تاریخ","روش پژوهش تاریخی","منابع تاریخی","تحلیل منبع","متوسط","کدام گزینه به سند اداری نزدیک‌تر است؟","سندی که در همان دوره برای یک کار اداری تهیه شده است","یک متن کاملاً خیالی","یک مسئله هندسه","یک واکنش شیمیایی","A","این گزینه با تعریف و کاربرد منبع تاریخی سازگار است.","ترنم همدلی","original","1405"
"یازدهم","انسانی","تاریخ","تاریخ","روش پژوهش تاریخی","منابع تاریخی","تحلیل منبع","آسان","پژوهشگر برای تحلیل نامه بیشتر به چه چیزی توجه می‌کند؟","شواهد و زمینه تاریخی","رنگ مورد استفاده","فرمول ریاضی","دمای اتاق","A","این گزینه با تعریف و کاربرد منبع تاریخی سازگار است.","ترنم همدلی","original","1405"
"یازدهم","انسانی","تاریخ","تاریخ","روش پژوهش تاریخی","منابع تاریخی","تحلیل منبع","متوسط","پژوهشگر برای تحلیل خاطرات بیشتر به چه چیزی توجه می‌کند؟","شواهد و زمینه تاریخی","رنگ مورد استفاده","فرمول ریاضی","دمای اتاق","A","این گزینه با تعریف و کاربرد منبع تاریخی سازگار است.","ترنم همدلی","original","1405"
"یازدهم","انسانی","تاریخ","تاریخ","روش پژوهش تاریخی","منابع تاریخی","تحلیل منبع","متوسط","پژوهشگر برای تحلیل عکس تاریخی بیشتر به چه چیزی توجه می‌کند؟","شواهد و زمینه تاریخی","رنگ مورد استفاده","فرمول ریاضی","دمای اتاق","A","این گزینه با تعریف و کاربرد منبع تاریخی سازگار است.","ترنم همدلی","original","1405"
"یازدهم","انسانی","تاریخ","تاریخ","روش پژوهش تاریخی","منابع تاریخی","تحلیل منبع","متوسط","پژوهشگر برای تحلیل سنگ‌نوشته بیشتر به چه چیزی توجه می‌کند؟","شواهد و زمینه تاریخی","رنگ مورد استفاده","فرمول ریاضی","دمای اتاق","A","این گزینه با تعریف و کاربرد منبع تاریخی سازگار است.","ترنم همدلی","original","1405"
"یازدهم","انسانی","تاریخ","تاریخ","روش پژوهش تاریخی","منابع تاریخی","تحلیل منبع","آسان","پژوهشگر برای تحلیل سکه بیشتر به چه چیزی توجه می‌کند؟","شواهد و زمینه تاریخی","رنگ مورد استفاده","فرمول ریاضی","دمای اتاق","A","این گزینه با تعریف و کاربرد منبع تاریخی سازگار است.","ترنم همدلی","original","1405"
"یازدهم","انسانی","تاریخ","تاریخ","روش پژوهش تاریخی","منابع تاریخی","تحلیل منبع","متوسط","پژوهشگر برای تحلیل سند اداری بیشتر به چه چیزی توجه می‌کند؟","شواهد و زمینه تاریخی","رنگ مورد استفاده","فرمول ریاضی","دمای اتاق","A","این گزینه با تعریف و کاربرد منبع تاریخی سازگار است.","ترنم همدلی","original","1405"
"یازدهم","انسانی","تاریخ","تاریخ","روش پژوهش تاریخی","منابع تاریخی","تحلیل منبع","متوسط","کدام گزینه درباره نامه درست‌تر است؟","می‌تواند برای شناخت گذشته به کار رود","فقط برای محاسبه سرعت است","موضوعی زیستی است","واحد اندازه‌گیری نیروست","A","این گزینه با تعریف و کاربرد منبع تاریخی سازگار است.","ترنم همدلی","original","1405"
"یازدهم","انسانی","تاریخ","تاریخ","روش پژوهش تاریخی","منابع تاریخی","تحلیل منبع","متوسط","کدام گزینه درباره خاطرات درست‌تر است؟","می‌تواند برای شناخت گذشته به کار رود","فقط برای محاسبه سرعت است","موضوعی زیستی است","واحد اندازه‌گیری نیروست","A","این گزینه با تعریف و کاربرد منبع تاریخی سازگار است.","ترنم همدلی","original","1405"
"یازدهم","انسانی","تاریخ","تاریخ","روش پژوهش تاریخی","منابع تاریخی","تحلیل منبع","آسان","کدام گزینه درباره عکس تاریخی درست‌تر است؟","می‌تواند برای شناخت گذشته به کار رود","فقط برای محاسبه سرعت است","موضوعی زیستی است","واحد اندازه‌گیری نیروست","A","این گزینه با تعریف و کاربرد منبع تاریخی سازگار است.","ترنم همدلی","original","1405"
"یازدهم","انسانی","تاریخ","تاریخ","روش پژوهش تاریخی","منابع تاریخی","تحلیل منبع","متوسط","کدام گزینه درباره سنگ‌نوشته درست‌تر است؟","می‌تواند برای شناخت گذشته به کار رود","فقط برای محاسبه سرعت است","موضوعی زیستی است","واحد اندازه‌گیری نیروست","A","این گزینه با تعریف و کاربرد منبع تاریخی سازگار است.","ترنم همدلی","original","1405"
"یازدهم","انسانی","تاریخ","تاریخ","روش پژوهش تاریخی","منابع تاریخی","تحلیل منبع","متوسط","کدام گزینه درباره سکه درست‌تر است؟","می‌تواند برای شناخت گذشته به کار رود","فقط برای محاسبه سرعت است","موضوعی زیستی است","واحد اندازه‌گیری نیروست","A","این گزینه با تعریف و کاربرد منبع تاریخی سازگار است.","ترنم همدلی","original","1405"
"یازدهم","انسانی","تاریخ","تاریخ","روش پژوهش تاریخی","منابع تاریخی","تحلیل منبع","متوسط","کدام گزینه درباره سند اداری درست‌تر است؟","می‌تواند برای شناخت گذشته به کار رود","فقط برای محاسبه سرعت است","موضوعی زیستی است","واحد اندازه‌گیری نیروست","A","این گزینه با تعریف و کاربرد منبع تاریخی سازگار است.","ترنم همدلی","original","1405"
"دوازدهم","انسانی","تاریخ","تاریخ","روش پژوهش تاریخی","منابع تاریخی","تحلیل منبع","آسان","کدام گزینه نمونه‌ای از منبع مکتوب است؟","نامه‌ای که در زمان رویداد نوشته شده است","یک داستان تخیلی","یک محاسبه ریاضی","پیش‌بینی هوا","A","این گزینه با تعریف و کاربرد منبع تاریخی سازگار است.","ترنم همدلی","original","1405"
"دوازدهم","انسانی","تاریخ","تاریخ","روش پژوهش تاریخی","منابع تاریخی","تحلیل منبع","متوسط","کدام گزینه نمونه‌ای از منبع مکتوب است؟","خاطرات فردی که در دوره مورد مطالعه زندگی کرده است","یک داستان تخیلی","یک محاسبه ریاضی","پیش‌بینی هوا","A","این گزینه با تعریف و کاربرد منبع تاریخی سازگار است.","ترنم همدلی","original","1405"
"دوازدهم","انسانی","تاریخ","تاریخ","روش پژوهش تاریخی","منابع تاریخی","تحلیل منبع","متوسط","کدام گزینه نمونه‌ای از منبع تصویری است؟","عکسی ثبت‌شده در زمان یک رویداد","یک داستان تخیلی","یک محاسبه ریاضی","پیش‌بینی هوا","A","این گزینه با تعریف و کاربرد منبع تاریخی سازگار است.","ترنم همدلی","original","1405"
"دوازدهم","انسانی","تاریخ","تاریخ","روش پژوهش تاریخی","منابع تاریخی","تحلیل منبع","متوسط","کدام گزینه نمونه‌ای از منبع مادی/نوشتاری است؟","نوشته‌ای باقی‌مانده از دوره تاریخی","یک داستان تخیلی","یک محاسبه ریاضی","پیش‌بینی هوا","A","این گزینه با تعریف و کاربرد منبع تاریخی سازگار است.","ترنم همدلی","original","1405"
"دوازدهم","انسانی","تاریخ","تاریخ","روش پژوهش تاریخی","منابع تاریخی","تحلیل منبع","آسان","کدام گزینه نمونه‌ای از منبع مادی است؟","سکه‌ای متعلق به دوره مورد مطالعه","یک داستان تخیلی","یک محاسبه ریاضی","پیش‌بینی هوا","A","این گزینه با تعریف و کاربرد منبع تاریخی سازگار است.","ترنم همدلی","original","1405"
"دوازدهم","انسانی","تاریخ","تاریخ","روش پژوهش تاریخی","منابع تاریخی","تحلیل منبع","متوسط","کدام گزینه نمونه‌ای از منبع مکتوب است؟","سندی که در همان دوره برای یک کار اداری تهیه شده است","یک داستان تخیلی","یک محاسبه ریاضی","پیش‌بینی هوا","A","این گزینه با تعریف و کاربرد منبع تاریخی سازگار است.","ترنم همدلی","original","1405"
"دوازدهم","انسانی","تاریخ","تاریخ","روش پژوهش تاریخی","منابع تاریخی","تحلیل منبع","متوسط","برای بررسی یک رویداد تاریخی، کدام مورد می‌تواند نامه باشد؟","نامه‌ای که در زمان رویداد نوشته شده است","فرمول فیزیک","جدول ضرب","نقشه آب‌وهوا","A","این گزینه با تعریف و کاربرد منبع تاریخی سازگار است.","ترنم همدلی","original","1405"
"دوازدهم","انسانی","تاریخ","تاریخ","روش پژوهش تاریخی","منابع تاریخی","تحلیل منبع","متوسط","برای بررسی یک رویداد تاریخی، کدام مورد می‌تواند خاطرات باشد؟","خاطرات فردی که در دوره مورد مطالعه زندگی کرده است","فرمول فیزیک","جدول ضرب","نقشه آب‌وهوا","A","این گزینه با تعریف و کاربرد منبع تاریخی سازگار است.","ترنم همدلی","original","1405"
"دوازدهم","انسانی","تاریخ","تاریخ","روش پژوهش تاریخی","منابع تاریخی","تحلیل منبع","آسان","برای بررسی یک رویداد تاریخی، کدام مورد می‌تواند عکس تاریخی باشد؟","عکسی ثبت‌شده در زمان یک رویداد","فرمول فیزیک","جدول ضرب","نقشه آب‌وهوا","A","این گزینه با تعریف و کاربرد منبع تاریخی سازگار است.","ترنم همدلی","original","1405"
"دوازدهم","انسانی","تاریخ","تاریخ","روش پژوهش تاریخی","منابع تاریخی","تحلیل منبع","متوسط","برای بررسی یک رویداد تاریخی، کدام مورد می‌تواند سنگ‌نوشته باشد؟","نوشته‌ای باقی‌مانده از دوره تاریخی","فرمول فیزیک","جدول ضرب","نقشه آب‌وهوا","A","این گزینه با تعریف و کاربرد منبع تاریخی سازگار است.","ترنم همدلی","original","1405"
"دوازدهم","انسانی","تاریخ","تاریخ","روش پژوهش تاریخی","منابع تاریخی","تحلیل منبع","متوسط","برای بررسی یک رویداد تاریخی، کدام مورد می‌تواند سکه باشد؟","سکه‌ای متعلق به دوره مورد مطالعه","فرمول فیزیک","جدول ضرب","نقشه آب‌وهوا","A","این گزینه با تعریف و کاربرد منبع تاریخی سازگار است.","ترنم همدلی","original","1405"
"دوازدهم","انسانی","تاریخ","تاریخ","روش پژوهش تاریخی","منابع تاریخی","تحلیل منبع","متوسط","برای بررسی یک رویداد تاریخی، کدام مورد می‌تواند سند اداری باشد؟","سندی که در همان دوره برای یک کار اداری تهیه شده است","فرمول فیزیک","جدول ضرب","نقشه آب‌وهوا","A","این گزینه با تعریف و کاربرد منبع تاریخی سازگار است.","ترنم همدلی","original","1405"
"دوازدهم","انسانی","تاریخ","تاریخ","روش پژوهش تاریخی","منابع تاریخی","تحلیل منبع","آسان","ویژگی اصلی نامه در پژوهش تاریخی چیست؟","ارتباط آن با شواهد دوره مورد مطالعه","بی‌ارتباطی با زمان رویداد","تخیلی بودن","نداشتن هیچ اطلاعاتی","A","این گزینه با تعریف و کاربرد منبع تاریخی سازگار است.","ترنم همدلی","original","1405"
"دوازدهم","انسانی","تاریخ","تاریخ","روش پژوهش تاریخی","منابع تاریخی","تحلیل منبع","متوسط","ویژگی اصلی خاطرات در پژوهش تاریخی چیست؟","ارتباط آن با شواهد دوره مورد مطالعه","بی‌ارتباطی با زمان رویداد","تخیلی بودن","نداشتن هیچ اطلاعاتی","A","این گزینه با تعریف و کاربرد منبع تاریخی سازگار است.","ترنم همدلی","original","1405"
"دوازدهم","انسانی","تاریخ","تاریخ","روش پژوهش تاریخی","منابع تاریخی","تحلیل منبع","متوسط","ویژگی اصلی عکس تاریخی در پژوهش تاریخی چیست؟","ارتباط آن با شواهد دوره مورد مطالعه","بی‌ارتباطی با زمان رویداد","تخیلی بودن","نداشتن هیچ اطلاعاتی","A","این گزینه با تعریف و کاربرد منبع تاریخی سازگار است.","ترنم همدلی","original","1405"
"دوازدهم","انسانی","تاریخ","تاریخ","روش پژوهش تاریخی","منابع تاریخی","تحلیل منبع","متوسط","ویژگی اصلی سنگ‌نوشته در پژوهش تاریخی چیست؟","ارتباط آن با شواهد دوره مورد مطالعه","بی‌ارتباطی با زمان رویداد","تخیلی بودن","نداشتن هیچ اطلاعاتی","A","این گزینه با تعریف و کاربرد منبع تاریخی سازگار است.","ترنم همدلی","original","1405"
"دوازدهم","انسانی","تاریخ","تاریخ","روش پژوهش تاریخی","منابع تاریخی","تحلیل منبع","آسان","ویژگی اصلی سکه در پژوهش تاریخی چیست؟","ارتباط آن با شواهد دوره مورد مطالعه","بی‌ارتباطی با زمان رویداد","تخیلی بودن","نداشتن هیچ اطلاعاتی","A","این گزینه با تعریف و کاربرد منبع تاریخی سازگار است.","ترنم همدلی","original","1405"
"دوازدهم","انسانی","تاریخ","تاریخ","روش پژوهش تاریخی","منابع تاریخی","تحلیل منبع","متوسط","ویژگی اصلی سند اداری در پژوهش تاریخی چیست؟","ارتباط آن با شواهد دوره مورد مطالعه","بی‌ارتباطی با زمان رویداد","تخیلی بودن","نداشتن هیچ اطلاعاتی","A","این گزینه با تعریف و کاربرد منبع تاریخی سازگار است.","ترنم همدلی","original","1405"
"دوازدهم","انسانی","تاریخ","تاریخ","روش پژوهش تاریخی","منابع تاریخی","تحلیل منبع","متوسط","کدام گزینه به نامه نزدیک‌تر است؟","نامه‌ای که در زمان رویداد نوشته شده است","یک متن کاملاً خیالی","یک مسئله هندسه","یک واکنش شیمیایی","A","این گزینه با تعریف و کاربرد منبع تاریخی سازگار است.","ترنم همدلی","original","1405"
"دوازدهم","انسانی","تاریخ","تاریخ","روش پژوهش تاریخی","منابع تاریخی","تحلیل منبع","متوسط","کدام گزینه به خاطرات نزدیک‌تر است؟","خاطرات فردی که در دوره مورد مطالعه زندگی کرده است","یک متن کاملاً خیالی","یک مسئله هندسه","یک واکنش شیمیایی","A","این گزینه با تعریف و کاربرد منبع تاریخی سازگار است.","ترنم همدلی","original","1405"
"دوازدهم","انسانی","تاریخ","تاریخ","روش پژوهش تاریخی","منابع تاریخی","تحلیل منبع","آسان","کدام گزینه به عکس تاریخی نزدیک‌تر است؟","عکسی ثبت‌شده در زمان یک رویداد","یک متن کاملاً خیالی","یک مسئله هندسه","یک واکنش شیمیایی","A","این گزینه با تعریف و کاربرد منبع تاریخی سازگار است.","ترنم همدلی","original","1405"
"دوازدهم","انسانی","تاریخ","تاریخ","روش پژوهش تاریخی","منابع تاریخی","تحلیل منبع","متوسط","کدام گزینه به سنگ‌نوشته نزدیک‌تر است؟","نوشته‌ای باقی‌مانده از دوره تاریخی","یک متن کاملاً خیالی","یک مسئله هندسه","یک واکنش شیمیایی","A","این گزینه با تعریف و کاربرد منبع تاریخی سازگار است.","ترنم همدلی","original","1405"
"دوازدهم","انسانی","تاریخ","تاریخ","روش پژوهش تاریخی","منابع تاریخی","تحلیل منبع","متوسط","کدام گزینه به سکه نزدیک‌تر است؟","سکه‌ای متعلق به دوره مورد مطالعه","یک متن کاملاً خیالی","یک مسئله هندسه","یک واکنش شیمیایی","A","این گزینه با تعریف و کاربرد منبع تاریخی سازگار است.","ترنم همدلی","original","1405"
"دوازدهم","انسانی","تاریخ","تاریخ","روش پژوهش تاریخی","منابع تاریخی","تحلیل منبع","متوسط","کدام گزینه به سند اداری نزدیک‌تر است؟","سندی که در همان دوره برای یک کار اداری تهیه شده است","یک متن کاملاً خیالی","یک مسئله هندسه","یک واکنش شیمیایی","A","این گزینه با تعریف و کاربرد منبع تاریخی سازگار است.","ترنم همدلی","original","1405"
"دوازدهم","انسانی","تاریخ","تاریخ","روش پژوهش تاریخی","منابع تاریخی","تحلیل منبع","آسان","پژوهشگر برای تحلیل نامه بیشتر به چه چیزی توجه می‌کند؟","شواهد و زمینه تاریخی","رنگ مورد استفاده","فرمول ریاضی","دمای اتاق","A","این گزینه با تعریف و کاربرد منبع تاریخی سازگار است.","ترنم همدلی","original","1405"
"دوازدهم","انسانی","تاریخ","تاریخ","روش پژوهش تاریخی","منابع تاریخی","تحلیل منبع","متوسط","پژوهشگر برای تحلیل خاطرات بیشتر به چه چیزی توجه می‌کند؟","شواهد و زمینه تاریخی","رنگ مورد استفاده","فرمول ریاضی","دمای اتاق","A","این گزینه با تعریف و کاربرد منبع تاریخی سازگار است.","ترنم همدلی","original","1405"
"دوازدهم","انسانی","تاریخ","تاریخ","روش پژوهش تاریخی","منابع تاریخی","تحلیل منبع","متوسط","پژوهشگر برای تحلیل عکس تاریخی بیشتر به چه چیزی توجه می‌کند؟","شواهد و زمینه تاریخی","رنگ مورد استفاده","فرمول ریاضی","دمای اتاق","A","این گزینه با تعریف و کاربرد منبع تاریخی سازگار است.","ترنم همدلی","original","1405"
"دوازدهم","انسانی","تاریخ","تاریخ","روش پژوهش تاریخی","منابع تاریخی","تحلیل منبع","متوسط","پژوهشگر برای تحلیل سنگ‌نوشته بیشتر به چه چیزی توجه می‌کند؟","شواهد و زمینه تاریخی","رنگ مورد استفاده","فرمول ریاضی","دمای اتاق","A","این گزینه با تعریف و کاربرد منبع تاریخی سازگار است.","ترنم همدلی","original","1405"
"دوازدهم","انسانی","تاریخ","تاریخ","روش پژوهش تاریخی","منابع تاریخی","تحلیل منبع","آسان","پژوهشگر برای تحلیل سکه بیشتر به چه چیزی توجه می‌کند؟","شواهد و زمینه تاریخی","رنگ مورد استفاده","فرمول ریاضی","دمای اتاق","A","این گزینه با تعریف و کاربرد منبع تاریخی سازگار است.","ترنم همدلی","original","1405"
"دوازدهم","انسانی","تاریخ","تاریخ","روش پژوهش تاریخی","منابع تاریخی","تحلیل منبع","متوسط","پژوهشگر برای تحلیل سند اداری بیشتر به چه چیزی توجه می‌کند؟","شواهد و زمینه تاریخی","رنگ مورد استفاده","فرمول ریاضی","دمای اتاق","A","این گزینه با تعریف و کاربرد منبع تاریخی سازگار است.","ترنم همدلی","original","1405"
"دوازدهم","انسانی","تاریخ","تاریخ","روش پژوهش تاریخی","منابع تاریخی","تحلیل منبع","متوسط","کدام گزینه درباره نامه درست‌تر است؟","می‌تواند برای شناخت گذشته به کار رود","فقط برای محاسبه سرعت است","موضوعی زیستی است","واحد اندازه‌گیری نیروست","A","این گزینه با تعریف و کاربرد منبع تاریخی سازگار است.","ترنم همدلی","original","1405"
"دوازدهم","انسانی","تاریخ","تاریخ","روش پژوهش تاریخی","منابع تاریخی","تحلیل منبع","متوسط","کدام گزینه درباره خاطرات درست‌تر است؟","می‌تواند برای شناخت گذشته به کار رود","فقط برای محاسبه سرعت است","موضوعی زیستی است","واحد اندازه‌گیری نیروست","A","این گزینه با تعریف و کاربرد منبع تاریخی سازگار است.","ترنم همدلی","original","1405"
"دوازدهم","انسانی","تاریخ","تاریخ","روش پژوهش تاریخی","منابع تاریخی","تحلیل منبع","آسان","کدام گزینه درباره عکس تاریخی درست‌تر است؟","می‌تواند برای شناخت گذشته به کار رود","فقط برای محاسبه سرعت است","موضوعی زیستی است","واحد اندازه‌گیری نیروست","A","این گزینه با تعریف و کاربرد منبع تاریخی سازگار است.","ترنم همدلی","original","1405"
"دوازدهم","انسانی","تاریخ","تاریخ","روش پژوهش تاریخی","منابع تاریخی","تحلیل منبع","متوسط","کدام گزینه درباره سنگ‌نوشته درست‌تر است؟","می‌تواند برای شناخت گذشته به کار رود","فقط برای محاسبه سرعت است","موضوعی زیستی است","واحد اندازه‌گیری نیروست","A","این گزینه با تعریف و کاربرد منبع تاریخی سازگار است.","ترنم همدلی","original","1405"
"دوازدهم","انسانی","تاریخ","تاریخ","روش پژوهش تاریخی","منابع تاریخی","تحلیل منبع","متوسط","کدام گزینه درباره سکه درست‌تر است؟","می‌تواند برای شناخت گذشته به کار رود","فقط برای محاسبه سرعت است","موضوعی زیستی است","واحد اندازه‌گیری نیروست","A","این گزینه با تعریف و کاربرد منبع تاریخی سازگار است.","ترنم همدلی","original","1405"
"دوازدهم","انسانی","تاریخ","تاریخ","روش پژوهش تاریخی","منابع تاریخی","تحلیل منبع","متوسط","کدام گزینه درباره سند اداری درست‌تر است؟","می‌تواند برای شناخت گذشته به کار رود","فقط برای محاسبه سرعت است","موضوعی زیستی است","واحد اندازه‌گیری نیروست","A","این گزینه با تعریف و کاربرد منبع تاریخی سازگار است.","ترنم همدلی","original","1405"
"دهم","انسانی","جغرافیا","جغرافیا","نقشه و مقیاس","مقیاس","محاسبات","آسان","اگر هر ۱ سانتی‌متر روی نقشه معادل ۵ کیلومتر باشد، فاصله 2 سانتی‌متری چند کیلومتر است؟","10","15","5","20","A","فاصله واقعی برابر 2×۵ یعنی 10 کیلومتر است.","ترنم همدلی","original","1405"
"دهم","انسانی","جغرافیا","جغرافیا","نقشه و مقیاس","مقیاس","محاسبات","متوسط","در نقشه‌ای با مقیاس ۱ سانتی‌متر برابر ۵ کیلومتر، 3 سانتی‌متر چه فاصله واقعی را نشان می‌دهد؟","15","20","10","30","A","فاصله واقعی برابر 3×۵ یعنی 15 کیلومتر است.","ترنم همدلی","original","1405"
"دهم","انسانی","جغرافیا","جغرافیا","نقشه و مقیاس","مقیاس","محاسبات","متوسط","فاصله 4 سانتی‌متری روی نقشه‌ای که هر سانتی‌متر آن ۵ کیلومتر است، چند کیلومتر خواهد بود؟","20","25","15","40","A","فاصله واقعی برابر 4×۵ یعنی 20 کیلومتر است.","ترنم همدلی","original","1405"
"دهم","انسانی","جغرافیا","جغرافیا","نقشه و مقیاس","مقیاس","محاسبات","متوسط","اگر هر ۱ سانتی‌متر روی نقشه معادل ۵ کیلومتر باشد، فاصله 5 سانتی‌متری چند کیلومتر است؟","25","30","20","50","A","فاصله واقعی برابر 5×۵ یعنی 25 کیلومتر است.","ترنم همدلی","original","1405"
"دهم","انسانی","جغرافیا","جغرافیا","نقشه و مقیاس","مقیاس","محاسبات","آسان","در نقشه‌ای با مقیاس ۱ سانتی‌متر برابر ۵ کیلومتر، 6 سانتی‌متر چه فاصله واقعی را نشان می‌دهد؟","30","35","25","60","A","فاصله واقعی برابر 6×۵ یعنی 30 کیلومتر است.","ترنم همدلی","original","1405"
"دهم","انسانی","جغرافیا","جغرافیا","نقشه و مقیاس","مقیاس","محاسبات","متوسط","فاصله 7 سانتی‌متری روی نقشه‌ای که هر سانتی‌متر آن ۵ کیلومتر است، چند کیلومتر خواهد بود؟","35","40","30","70","A","فاصله واقعی برابر 7×۵ یعنی 35 کیلومتر است.","ترنم همدلی","original","1405"
"دهم","انسانی","جغرافیا","جغرافیا","نقشه و مقیاس","مقیاس","محاسبات","متوسط","اگر هر ۱ سانتی‌متر روی نقشه معادل ۵ کیلومتر باشد، فاصله 8 سانتی‌متری چند کیلومتر است؟","40","45","35","80","A","فاصله واقعی برابر 8×۵ یعنی 40 کیلومتر است.","ترنم همدلی","original","1405"
"دهم","انسانی","جغرافیا","جغرافیا","نقشه و مقیاس","مقیاس","محاسبات","متوسط","در نقشه‌ای با مقیاس ۱ سانتی‌متر برابر ۵ کیلومتر، 9 سانتی‌متر چه فاصله واقعی را نشان می‌دهد؟","45","50","40","90","A","فاصله واقعی برابر 9×۵ یعنی 45 کیلومتر است.","ترنم همدلی","original","1405"
"دهم","انسانی","جغرافیا","جغرافیا","نقشه و مقیاس","مقیاس","محاسبات","آسان","فاصله 10 سانتی‌متری روی نقشه‌ای که هر سانتی‌متر آن ۵ کیلومتر است، چند کیلومتر خواهد بود؟","50","55","45","100","A","فاصله واقعی برابر 10×۵ یعنی 50 کیلومتر است.","ترنم همدلی","original","1405"
"دهم","انسانی","جغرافیا","جغرافیا","نقشه و مقیاس","مقیاس","محاسبات","متوسط","اگر هر ۱ سانتی‌متر روی نقشه معادل ۵ کیلومتر باشد، فاصله 11 سانتی‌متری چند کیلومتر است؟","55","60","50","110","A","فاصله واقعی برابر 11×۵ یعنی 55 کیلومتر است.","ترنم همدلی","original","1405"
"دهم","انسانی","جغرافیا","جغرافیا","نقشه و مقیاس","مقیاس","محاسبات","متوسط","در نقشه‌ای با مقیاس ۱ سانتی‌متر برابر ۵ کیلومتر، 12 سانتی‌متر چه فاصله واقعی را نشان می‌دهد؟","60","65","55","120","A","فاصله واقعی برابر 12×۵ یعنی 60 کیلومتر است.","ترنم همدلی","original","1405"
"دهم","انسانی","جغرافیا","جغرافیا","نقشه و مقیاس","مقیاس","محاسبات","متوسط","فاصله 13 سانتی‌متری روی نقشه‌ای که هر سانتی‌متر آن ۵ کیلومتر است، چند کیلومتر خواهد بود؟","65","70","60","130","A","فاصله واقعی برابر 13×۵ یعنی 65 کیلومتر است.","ترنم همدلی","original","1405"
"دهم","انسانی","جغرافیا","جغرافیا","نقشه و مقیاس","مقیاس","محاسبات","آسان","اگر هر ۱ سانتی‌متر روی نقشه معادل ۵ کیلومتر باشد، فاصله 14 سانتی‌متری چند کیلومتر است؟","70","75","65","140","A","فاصله واقعی برابر 14×۵ یعنی 70 کیلومتر است.","ترنم همدلی","original","1405"
"دهم","انسانی","جغرافیا","جغرافیا","نقشه و مقیاس","مقیاس","محاسبات","متوسط","در نقشه‌ای با مقیاس ۱ سانتی‌متر برابر ۵ کیلومتر، 15 سانتی‌متر چه فاصله واقعی را نشان می‌دهد؟","75","80","70","150","A","فاصله واقعی برابر 15×۵ یعنی 75 کیلومتر است.","ترنم همدلی","original","1405"
"دهم","انسانی","جغرافیا","جغرافیا","نقشه و مقیاس","مقیاس","محاسبات","متوسط","فاصله 16 سانتی‌متری روی نقشه‌ای که هر سانتی‌متر آن ۵ کیلومتر است، چند کیلومتر خواهد بود؟","80","85","75","160","A","فاصله واقعی برابر 16×۵ یعنی 80 کیلومتر است.","ترنم همدلی","original","1405"
"دهم","انسانی","جغرافیا","جغرافیا","نقشه و مقیاس","مقیاس","محاسبات","متوسط","اگر هر ۱ سانتی‌متر روی نقشه معادل ۵ کیلومتر باشد، فاصله 17 سانتی‌متری چند کیلومتر است؟","85","90","80","170","A","فاصله واقعی برابر 17×۵ یعنی 85 کیلومتر است.","ترنم همدلی","original","1405"
"دهم","انسانی","جغرافیا","جغرافیا","نقشه و مقیاس","مقیاس","محاسبات","آسان","در نقشه‌ای با مقیاس ۱ سانتی‌متر برابر ۵ کیلومتر، 18 سانتی‌متر چه فاصله واقعی را نشان می‌دهد؟","90","95","85","180","A","فاصله واقعی برابر 18×۵ یعنی 90 کیلومتر است.","ترنم همدلی","original","1405"
"دهم","انسانی","جغرافیا","جغرافیا","نقشه و مقیاس","مقیاس","محاسبات","متوسط","فاصله 19 سانتی‌متری روی نقشه‌ای که هر سانتی‌متر آن ۵ کیلومتر است، چند کیلومتر خواهد بود؟","95","100","90","190","A","فاصله واقعی برابر 19×۵ یعنی 95 کیلومتر است.","ترنم همدلی","original","1405"
"دهم","انسانی","جغرافیا","جغرافیا","نقشه و مقیاس","مقیاس","محاسبات","متوسط","اگر هر ۱ سانتی‌متر روی نقشه معادل ۵ کیلومتر باشد، فاصله 20 سانتی‌متری چند کیلومتر است؟","100","105","95","200","A","فاصله واقعی برابر 20×۵ یعنی 100 کیلومتر است.","ترنم همدلی","original","1405"
"دهم","انسانی","جغرافیا","جغرافیا","نقشه و مقیاس","مقیاس","محاسبات","متوسط","در نقشه‌ای با مقیاس ۱ سانتی‌متر برابر ۵ کیلومتر، 21 سانتی‌متر چه فاصله واقعی را نشان می‌دهد؟","105","110","100","210","A","فاصله واقعی برابر 21×۵ یعنی 105 کیلومتر است.","ترنم همدلی","original","1405"
"دهم","انسانی","جغرافیا","جغرافیا","نقشه و مقیاس","مقیاس","محاسبات","آسان","فاصله 22 سانتی‌متری روی نقشه‌ای که هر سانتی‌متر آن ۵ کیلومتر است، چند کیلومتر خواهد بود؟","110","115","105","220","A","فاصله واقعی برابر 22×۵ یعنی 110 کیلومتر است.","ترنم همدلی","original","1405"
"دهم","انسانی","جغرافیا","جغرافیا","نقشه و مقیاس","مقیاس","محاسبات","متوسط","اگر هر ۱ سانتی‌متر روی نقشه معادل ۵ کیلومتر باشد، فاصله 23 سانتی‌متری چند کیلومتر است؟","115","120","110","230","A","فاصله واقعی برابر 23×۵ یعنی 115 کیلومتر است.","ترنم همدلی","original","1405"
"دهم","انسانی","جغرافیا","جغرافیا","نقشه و مقیاس","مقیاس","محاسبات","متوسط","در نقشه‌ای با مقیاس ۱ سانتی‌متر برابر ۵ کیلومتر، 24 سانتی‌متر چه فاصله واقعی را نشان می‌دهد؟","120","125","115","240","A","فاصله واقعی برابر 24×۵ یعنی 120 کیلومتر است.","ترنم همدلی","original","1405"
"دهم","انسانی","جغرافیا","جغرافیا","نقشه و مقیاس","مقیاس","محاسبات","متوسط","فاصله 25 سانتی‌متری روی نقشه‌ای که هر سانتی‌متر آن ۵ کیلومتر است، چند کیلومتر خواهد بود؟","125","130","120","250","A","فاصله واقعی برابر 25×۵ یعنی 125 کیلومتر است.","ترنم همدلی","original","1405"
"دهم","انسانی","جغرافیا","جغرافیا","نقشه و مقیاس","مقیاس","محاسبات","آسان","اگر هر ۱ سانتی‌متر روی نقشه معادل ۵ کیلومتر باشد، فاصله 26 سانتی‌متری چند کیلومتر است؟","130","135","125","260","A","فاصله واقعی برابر 26×۵ یعنی 130 کیلومتر است.","ترنم همدلی","original","1405"
"دهم","انسانی","جغرافیا","جغرافیا","نقشه و مقیاس","مقیاس","محاسبات","متوسط","در نقشه‌ای با مقیاس ۱ سانتی‌متر برابر ۵ کیلومتر، 27 سانتی‌متر چه فاصله واقعی را نشان می‌دهد؟","135","140","130","270","A","فاصله واقعی برابر 27×۵ یعنی 135 کیلومتر است.","ترنم همدلی","original","1405"
"دهم","انسانی","جغرافیا","جغرافیا","نقشه و مقیاس","مقیاس","محاسبات","متوسط","فاصله 28 سانتی‌متری روی نقشه‌ای که هر سانتی‌متر آن ۵ کیلومتر است، چند کیلومتر خواهد بود؟","140","145","135","280","A","فاصله واقعی برابر 28×۵ یعنی 140 کیلومتر است.","ترنم همدلی","original","1405"
"دهم","انسانی","جغرافیا","جغرافیا","نقشه و مقیاس","مقیاس","محاسبات","متوسط","اگر هر ۱ سانتی‌متر روی نقشه معادل ۵ کیلومتر باشد، فاصله 29 سانتی‌متری چند کیلومتر است؟","145","150","140","290","A","فاصله واقعی برابر 29×۵ یعنی 145 کیلومتر است.","ترنم همدلی","original","1405"
"دهم","انسانی","جغرافیا","جغرافیا","نقشه و مقیاس","مقیاس","محاسبات","آسان","در نقشه‌ای با مقیاس ۱ سانتی‌متر برابر ۵ کیلومتر، 30 سانتی‌متر چه فاصله واقعی را نشان می‌دهد؟","150","155","145","300","A","فاصله واقعی برابر 30×۵ یعنی 150 کیلومتر است.","ترنم همدلی","original","1405"
"دهم","انسانی","جغرافیا","جغرافیا","نقشه و مقیاس","مقیاس","محاسبات","متوسط","فاصله 31 سانتی‌متری روی نقشه‌ای که هر سانتی‌متر آن ۵ کیلومتر است، چند کیلومتر خواهد بود؟","155","160","150","310","A","فاصله واقعی برابر 31×۵ یعنی 155 کیلومتر است.","ترنم همدلی","original","1405"
"دهم","انسانی","جغرافیا","جغرافیا","نقشه و مقیاس","مقیاس","محاسبات","متوسط","اگر هر ۱ سانتی‌متر روی نقشه معادل ۵ کیلومتر باشد، فاصله 2 سانتی‌متری چند کیلومتر است؟","10","15","5","20","A","فاصله واقعی برابر 2×۵ یعنی 10 کیلومتر است.","ترنم همدلی","original","1405"
"دهم","انسانی","جغرافیا","جغرافیا","نقشه و مقیاس","مقیاس","محاسبات","متوسط","در نقشه‌ای با مقیاس ۱ سانتی‌متر برابر ۵ کیلومتر، 3 سانتی‌متر چه فاصله واقعی را نشان می‌دهد؟","15","20","10","30","A","فاصله واقعی برابر 3×۵ یعنی 15 کیلومتر است.","ترنم همدلی","original","1405"
"دهم","انسانی","جغرافیا","جغرافیا","نقشه و مقیاس","مقیاس","محاسبات","آسان","فاصله 4 سانتی‌متری روی نقشه‌ای که هر سانتی‌متر آن ۵ کیلومتر است، چند کیلومتر خواهد بود؟","20","25","15","40","A","فاصله واقعی برابر 4×۵ یعنی 20 کیلومتر است.","ترنم همدلی","original","1405"
"دهم","انسانی","جغرافیا","جغرافیا","نقشه و مقیاس","مقیاس","محاسبات","متوسط","اگر هر ۱ سانتی‌متر روی نقشه معادل ۵ کیلومتر باشد، فاصله 5 سانتی‌متری چند کیلومتر است؟","25","30","20","50","A","فاصله واقعی برابر 5×۵ یعنی 25 کیلومتر است.","ترنم همدلی","original","1405"
"دهم","انسانی","جغرافیا","جغرافیا","نقشه و مقیاس","مقیاس","محاسبات","متوسط","در نقشه‌ای با مقیاس ۱ سانتی‌متر برابر ۵ کیلومتر، 6 سانتی‌متر چه فاصله واقعی را نشان می‌دهد؟","30","35","25","60","A","فاصله واقعی برابر 6×۵ یعنی 30 کیلومتر است.","ترنم همدلی","original","1405"
"دهم","انسانی","جغرافیا","جغرافیا","نقشه و مقیاس","مقیاس","محاسبات","متوسط","فاصله 7 سانتی‌متری روی نقشه‌ای که هر سانتی‌متر آن ۵ کیلومتر است، چند کیلومتر خواهد بود؟","35","40","30","70","A","فاصله واقعی برابر 7×۵ یعنی 35 کیلومتر است.","ترنم همدلی","original","1405"
"دهم","انسانی","جغرافیا","جغرافیا","نقشه و مقیاس","مقیاس","محاسبات","آسان","اگر هر ۱ سانتی‌متر روی نقشه معادل ۵ کیلومتر باشد، فاصله 8 سانتی‌متری چند کیلومتر است؟","40","45","35","80","A","فاصله واقعی برابر 8×۵ یعنی 40 کیلومتر است.","ترنم همدلی","original","1405"
"دهم","انسانی","جغرافیا","جغرافیا","نقشه و مقیاس","مقیاس","محاسبات","متوسط","در نقشه‌ای با مقیاس ۱ سانتی‌متر برابر ۵ کیلومتر، 9 سانتی‌متر چه فاصله واقعی را نشان می‌دهد؟","45","50","40","90","A","فاصله واقعی برابر 9×۵ یعنی 45 کیلومتر است.","ترنم همدلی","original","1405"
"دهم","انسانی","جغرافیا","جغرافیا","نقشه و مقیاس","مقیاس","محاسبات","متوسط","فاصله 10 سانتی‌متری روی نقشه‌ای که هر سانتی‌متر آن ۵ کیلومتر است، چند کیلومتر خواهد بود؟","50","55","45","100","A","فاصله واقعی برابر 10×۵ یعنی 50 کیلومتر است.","ترنم همدلی","original","1405"
"دهم","انسانی","جغرافیا","جغرافیا","نقشه و مقیاس","مقیاس","محاسبات","متوسط","اگر هر ۱ سانتی‌متر روی نقشه معادل ۵ کیلومتر باشد، فاصله 11 سانتی‌متری چند کیلومتر است؟","55","60","50","110","A","فاصله واقعی برابر 11×۵ یعنی 55 کیلومتر است.","ترنم همدلی","original","1405"
"دهم","انسانی","جغرافیا","جغرافیا","نقشه و مقیاس","مقیاس","محاسبات","آسان","در نقشه‌ای با مقیاس ۱ سانتی‌متر برابر ۵ کیلومتر، 12 سانتی‌متر چه فاصله واقعی را نشان می‌دهد؟","60","65","55","120","A","فاصله واقعی برابر 12×۵ یعنی 60 کیلومتر است.","ترنم همدلی","original","1405"
"دهم","انسانی","جغرافیا","جغرافیا","نقشه و مقیاس","مقیاس","محاسبات","متوسط","فاصله 13 سانتی‌متری روی نقشه‌ای که هر سانتی‌متر آن ۵ کیلومتر است، چند کیلومتر خواهد بود؟","65","70","60","130","A","فاصله واقعی برابر 13×۵ یعنی 65 کیلومتر است.","ترنم همدلی","original","1405"
"دهم","انسانی","جغرافیا","جغرافیا","نقشه و مقیاس","مقیاس","محاسبات","متوسط","اگر هر ۱ سانتی‌متر روی نقشه معادل ۵ کیلومتر باشد، فاصله 14 سانتی‌متری چند کیلومتر است؟","70","75","65","140","A","فاصله واقعی برابر 14×۵ یعنی 70 کیلومتر است.","ترنم همدلی","original","1405"
"دهم","انسانی","جغرافیا","جغرافیا","نقشه و مقیاس","مقیاس","محاسبات","متوسط","در نقشه‌ای با مقیاس ۱ سانتی‌متر برابر ۵ کیلومتر، 15 سانتی‌متر چه فاصله واقعی را نشان می‌دهد؟","75","80","70","150","A","فاصله واقعی برابر 15×۵ یعنی 75 کیلومتر است.","ترنم همدلی","original","1405"
"دهم","انسانی","جغرافیا","جغرافیا","نقشه و مقیاس","مقیاس","محاسبات","آسان","فاصله 16 سانتی‌متری روی نقشه‌ای که هر سانتی‌متر آن ۵ کیلومتر است، چند کیلومتر خواهد بود؟","80","85","75","160","A","فاصله واقعی برابر 16×۵ یعنی 80 کیلومتر است.","ترنم همدلی","original","1405"
"دهم","انسانی","جغرافیا","جغرافیا","نقشه و مقیاس","مقیاس","محاسبات","متوسط","اگر هر ۱ سانتی‌متر روی نقشه معادل ۵ کیلومتر باشد، فاصله 17 سانتی‌متری چند کیلومتر است؟","85","90","80","170","A","فاصله واقعی برابر 17×۵ یعنی 85 کیلومتر است.","ترنم همدلی","original","1405"
"دهم","انسانی","جغرافیا","جغرافیا","نقشه و مقیاس","مقیاس","محاسبات","متوسط","در نقشه‌ای با مقیاس ۱ سانتی‌متر برابر ۵ کیلومتر، 18 سانتی‌متر چه فاصله واقعی را نشان می‌دهد؟","90","95","85","180","A","فاصله واقعی برابر 18×۵ یعنی 90 کیلومتر است.","ترنم همدلی","original","1405"
"دهم","انسانی","جغرافیا","جغرافیا","نقشه و مقیاس","مقیاس","محاسبات","متوسط","فاصله 19 سانتی‌متری روی نقشه‌ای که هر سانتی‌متر آن ۵ کیلومتر است، چند کیلومتر خواهد بود؟","95","100","90","190","A","فاصله واقعی برابر 19×۵ یعنی 95 کیلومتر است.","ترنم همدلی","original","1405"
"دهم","انسانی","جغرافیا","جغرافیا","نقشه و مقیاس","مقیاس","محاسبات","آسان","اگر هر ۱ سانتی‌متر روی نقشه معادل ۵ کیلومتر باشد، فاصله 20 سانتی‌متری چند کیلومتر است؟","100","105","95","200","A","فاصله واقعی برابر 20×۵ یعنی 100 کیلومتر است.","ترنم همدلی","original","1405"
"دهم","انسانی","جغرافیا","جغرافیا","نقشه و مقیاس","مقیاس","محاسبات","متوسط","در نقشه‌ای با مقیاس ۱ سانتی‌متر برابر ۵ کیلومتر، 21 سانتی‌متر چه فاصله واقعی را نشان می‌دهد؟","105","110","100","210","A","فاصله واقعی برابر 21×۵ یعنی 105 کیلومتر است.","ترنم همدلی","original","1405"
"دهم","انسانی","جغرافیا","جغرافیا","نقشه و مقیاس","مقیاس","محاسبات","متوسط","فاصله 22 سانتی‌متری روی نقشه‌ای که هر سانتی‌متر آن ۵ کیلومتر است، چند کیلومتر خواهد بود؟","110","115","105","220","A","فاصله واقعی برابر 22×۵ یعنی 110 کیلومتر است.","ترنم همدلی","original","1405"
"دهم","انسانی","جغرافیا","جغرافیا","نقشه و مقیاس","مقیاس","محاسبات","متوسط","اگر هر ۱ سانتی‌متر روی نقشه معادل ۵ کیلومتر باشد، فاصله 23 سانتی‌متری چند کیلومتر است؟","115","120","110","230","A","فاصله واقعی برابر 23×۵ یعنی 115 کیلومتر است.","ترنم همدلی","original","1405"
"دهم","انسانی","جغرافیا","جغرافیا","نقشه و مقیاس","مقیاس","محاسبات","آسان","در نقشه‌ای با مقیاس ۱ سانتی‌متر برابر ۵ کیلومتر، 24 سانتی‌متر چه فاصله واقعی را نشان می‌دهد؟","120","125","115","240","A","فاصله واقعی برابر 24×۵ یعنی 120 کیلومتر است.","ترنم همدلی","original","1405"
"دهم","انسانی","جغرافیا","جغرافیا","نقشه و مقیاس","مقیاس","محاسبات","متوسط","فاصله 25 سانتی‌متری روی نقشه‌ای که هر سانتی‌متر آن ۵ کیلومتر است، چند کیلومتر خواهد بود؟","125","130","120","250","A","فاصله واقعی برابر 25×۵ یعنی 125 کیلومتر است.","ترنم همدلی","original","1405"
"دهم","انسانی","جغرافیا","جغرافیا","نقشه و مقیاس","مقیاس","محاسبات","متوسط","اگر هر ۱ سانتی‌متر روی نقشه معادل ۵ کیلومتر باشد، فاصله 26 سانتی‌متری چند کیلومتر است؟","130","135","125","260","A","فاصله واقعی برابر 26×۵ یعنی 130 کیلومتر است.","ترنم همدلی","original","1405"
"دهم","انسانی","جغرافیا","جغرافیا","نقشه و مقیاس","مقیاس","محاسبات","متوسط","در نقشه‌ای با مقیاس ۱ سانتی‌متر برابر ۵ کیلومتر، 27 سانتی‌متر چه فاصله واقعی را نشان می‌دهد؟","135","140","130","270","A","فاصله واقعی برابر 27×۵ یعنی 135 کیلومتر است.","ترنم همدلی","original","1405"
"دهم","انسانی","جغرافیا","جغرافیا","نقشه و مقیاس","مقیاس","محاسبات","آسان","فاصله 28 سانتی‌متری روی نقشه‌ای که هر سانتی‌متر آن ۵ کیلومتر است، چند کیلومتر خواهد بود؟","140","145","135","280","A","فاصله واقعی برابر 28×۵ یعنی 140 کیلومتر است.","ترنم همدلی","original","1405"
"دهم","انسانی","جغرافیا","جغرافیا","نقشه و مقیاس","مقیاس","محاسبات","متوسط","اگر هر ۱ سانتی‌متر روی نقشه معادل ۵ کیلومتر باشد، فاصله 29 سانتی‌متری چند کیلومتر است؟","145","150","140","290","A","فاصله واقعی برابر 29×۵ یعنی 145 کیلومتر است.","ترنم همدلی","original","1405"
"دهم","انسانی","جغرافیا","جغرافیا","نقشه و مقیاس","مقیاس","محاسبات","متوسط","در نقشه‌ای با مقیاس ۱ سانتی‌متر برابر ۵ کیلومتر، 30 سانتی‌متر چه فاصله واقعی را نشان می‌دهد؟","150","155","145","300","A","فاصله واقعی برابر 30×۵ یعنی 150 کیلومتر است.","ترنم همدلی","original","1405"
"دهم","انسانی","جغرافیا","جغرافیا","نقشه و مقیاس","مقیاس","محاسبات","متوسط","فاصله 31 سانتی‌متری روی نقشه‌ای که هر سانتی‌متر آن ۵ کیلومتر است، چند کیلومتر خواهد بود؟","155","160","150","310","A","فاصله واقعی برابر 31×۵ یعنی 155 کیلومتر است.","ترنم همدلی","original","1405"
"دهم","انسانی","جغرافیا","جغرافیا","نقشه و مقیاس","مقیاس","محاسبات","آسان","اگر هر ۱ سانتی‌متر روی نقشه معادل ۵ کیلومتر باشد، فاصله 2 سانتی‌متری چند کیلومتر است؟","10","15","5","20","A","فاصله واقعی برابر 2×۵ یعنی 10 کیلومتر است.","ترنم همدلی","original","1405"
"دهم","انسانی","جغرافیا","جغرافیا","نقشه و مقیاس","مقیاس","محاسبات","متوسط","در نقشه‌ای با مقیاس ۱ سانتی‌متر برابر ۵ کیلومتر، 3 سانتی‌متر چه فاصله واقعی را نشان می‌دهد؟","15","20","10","30","A","فاصله واقعی برابر 3×۵ یعنی 15 کیلومتر است.","ترنم همدلی","original","1405"
"دهم","انسانی","جغرافیا","جغرافیا","نقشه و مقیاس","مقیاس","محاسبات","متوسط","فاصله 4 سانتی‌متری روی نقشه‌ای که هر سانتی‌متر آن ۵ کیلومتر است، چند کیلومتر خواهد بود؟","20","25","15","40","A","فاصله واقعی برابر 4×۵ یعنی 20 کیلومتر است.","ترنم همدلی","original","1405"
"دهم","انسانی","جغرافیا","جغرافیا","نقشه و مقیاس","مقیاس","محاسبات","متوسط","اگر هر ۱ سانتی‌متر روی نقشه معادل ۵ کیلومتر باشد، فاصله 5 سانتی‌متری چند کیلومتر است؟","25","30","20","50","A","فاصله واقعی برابر 5×۵ یعنی 25 کیلومتر است.","ترنم همدلی","original","1405"
"دهم","انسانی","جغرافیا","جغرافیا","نقشه و مقیاس","مقیاس","محاسبات","آسان","در نقشه‌ای با مقیاس ۱ سانتی‌متر برابر ۵ کیلومتر، 6 سانتی‌متر چه فاصله واقعی را نشان می‌دهد؟","30","35","25","60","A","فاصله واقعی برابر 6×۵ یعنی 30 کیلومتر است.","ترنم همدلی","original","1405"
"دهم","انسانی","جغرافیا","جغرافیا","نقشه و مقیاس","مقیاس","محاسبات","متوسط","فاصله 7 سانتی‌متری روی نقشه‌ای که هر سانتی‌متر آن ۵ کیلومتر است، چند کیلومتر خواهد بود؟","35","40","30","70","A","فاصله واقعی برابر 7×۵ یعنی 35 کیلومتر است.","ترنم همدلی","original","1405"
"دهم","انسانی","جغرافیا","جغرافیا","نقشه و مقیاس","مقیاس","محاسبات","متوسط","اگر هر ۱ سانتی‌متر روی نقشه معادل ۵ کیلومتر باشد، فاصله 8 سانتی‌متری چند کیلومتر است؟","40","45","35","80","A","فاصله واقعی برابر 8×۵ یعنی 40 کیلومتر است.","ترنم همدلی","original","1405"
"دهم","انسانی","جغرافیا","جغرافیا","نقشه و مقیاس","مقیاس","محاسبات","متوسط","در نقشه‌ای با مقیاس ۱ سانتی‌متر برابر ۵ کیلومتر، 9 سانتی‌متر چه فاصله واقعی را نشان می‌دهد؟","45","50","40","90","A","فاصله واقعی برابر 9×۵ یعنی 45 کیلومتر است.","ترنم همدلی","original","1405"
"دهم","انسانی","جغرافیا","جغرافیا","نقشه و مقیاس","مقیاس","محاسبات","آسان","فاصله 10 سانتی‌متری روی نقشه‌ای که هر سانتی‌متر آن ۵ کیلومتر است، چند کیلومتر خواهد بود؟","50","55","45","100","A","فاصله واقعی برابر 10×۵ یعنی 50 کیلومتر است.","ترنم همدلی","original","1405"
"دهم","انسانی","جغرافیا","جغرافیا","نقشه و مقیاس","مقیاس","محاسبات","متوسط","اگر هر ۱ سانتی‌متر روی نقشه معادل ۵ کیلومتر باشد، فاصله 11 سانتی‌متری چند کیلومتر است؟","55","60","50","110","A","فاصله واقعی برابر 11×۵ یعنی 55 کیلومتر است.","ترنم همدلی","original","1405"
"دهم","انسانی","جغرافیا","جغرافیا","نقشه و مقیاس","مقیاس","محاسبات","متوسط","در نقشه‌ای با مقیاس ۱ سانتی‌متر برابر ۵ کیلومتر، 12 سانتی‌متر چه فاصله واقعی را نشان می‌دهد؟","60","65","55","120","A","فاصله واقعی برابر 12×۵ یعنی 60 کیلومتر است.","ترنم همدلی","original","1405"
"دهم","انسانی","جغرافیا","جغرافیا","نقشه و مقیاس","مقیاس","محاسبات","متوسط","فاصله 13 سانتی‌متری روی نقشه‌ای که هر سانتی‌متر آن ۵ کیلومتر است، چند کیلومتر خواهد بود؟","65","70","60","130","A","فاصله واقعی برابر 13×۵ یعنی 65 کیلومتر است.","ترنم همدلی","original","1405"
"دهم","انسانی","جغرافیا","جغرافیا","نقشه و مقیاس","مقیاس","محاسبات","آسان","اگر هر ۱ سانتی‌متر روی نقشه معادل ۵ کیلومتر باشد، فاصله 14 سانتی‌متری چند کیلومتر است؟","70","75","65","140","A","فاصله واقعی برابر 14×۵ یعنی 70 کیلومتر است.","ترنم همدلی","original","1405"
"دهم","انسانی","جغرافیا","جغرافیا","نقشه و مقیاس","مقیاس","محاسبات","متوسط","در نقشه‌ای با مقیاس ۱ سانتی‌متر برابر ۵ کیلومتر، 15 سانتی‌متر چه فاصله واقعی را نشان می‌دهد؟","75","80","70","150","A","فاصله واقعی برابر 15×۵ یعنی 75 کیلومتر است.","ترنم همدلی","original","1405"
"دهم","انسانی","جغرافیا","جغرافیا","نقشه و مقیاس","مقیاس","محاسبات","متوسط","فاصله 16 سانتی‌متری روی نقشه‌ای که هر سانتی‌متر آن ۵ کیلومتر است، چند کیلومتر خواهد بود؟","80","85","75","160","A","فاصله واقعی برابر 16×۵ یعنی 80 کیلومتر است.","ترنم همدلی","original","1405"
"دهم","انسانی","جغرافیا","جغرافیا","نقشه و مقیاس","مقیاس","محاسبات","متوسط","اگر هر ۱ سانتی‌متر روی نقشه معادل ۵ کیلومتر باشد، فاصله 17 سانتی‌متری چند کیلومتر است؟","85","90","80","170","A","فاصله واقعی برابر 17×۵ یعنی 85 کیلومتر است.","ترنم همدلی","original","1405"
"دهم","انسانی","جغرافیا","جغرافیا","نقشه و مقیاس","مقیاس","محاسبات","آسان","در نقشه‌ای با مقیاس ۱ سانتی‌متر برابر ۵ کیلومتر، 18 سانتی‌متر چه فاصله واقعی را نشان می‌دهد؟","90","95","85","180","A","فاصله واقعی برابر 18×۵ یعنی 90 کیلومتر است.","ترنم همدلی","original","1405"
"دهم","انسانی","جغرافیا","جغرافیا","نقشه و مقیاس","مقیاس","محاسبات","متوسط","فاصله 19 سانتی‌متری روی نقشه‌ای که هر سانتی‌متر آن ۵ کیلومتر است، چند کیلومتر خواهد بود؟","95","100","90","190","A","فاصله واقعی برابر 19×۵ یعنی 95 کیلومتر است.","ترنم همدلی","original","1405"
"دهم","انسانی","جغرافیا","جغرافیا","نقشه و مقیاس","مقیاس","محاسبات","متوسط","اگر هر ۱ سانتی‌متر روی نقشه معادل ۵ کیلومتر باشد، فاصله 20 سانتی‌متری چند کیلومتر است؟","100","105","95","200","A","فاصله واقعی برابر 20×۵ یعنی 100 کیلومتر است.","ترنم همدلی","original","1405"
"دهم","انسانی","جغرافیا","جغرافیا","نقشه و مقیاس","مقیاس","محاسبات","متوسط","در نقشه‌ای با مقیاس ۱ سانتی‌متر برابر ۵ کیلومتر، 21 سانتی‌متر چه فاصله واقعی را نشان می‌دهد؟","105","110","100","210","A","فاصله واقعی برابر 21×۵ یعنی 105 کیلومتر است.","ترنم همدلی","original","1405"
"دهم","انسانی","جغرافیا","جغرافیا","نقشه و مقیاس","مقیاس","محاسبات","آسان","فاصله 22 سانتی‌متری روی نقشه‌ای که هر سانتی‌متر آن ۵ کیلومتر است، چند کیلومتر خواهد بود؟","110","115","105","220","A","فاصله واقعی برابر 22×۵ یعنی 110 کیلومتر است.","ترنم همدلی","original","1405"
"دهم","انسانی","جغرافیا","جغرافیا","نقشه و مقیاس","مقیاس","محاسبات","متوسط","اگر هر ۱ سانتی‌متر روی نقشه معادل ۵ کیلومتر باشد، فاصله 23 سانتی‌متری چند کیلومتر است؟","115","120","110","230","A","فاصله واقعی برابر 23×۵ یعنی 115 کیلومتر است.","ترنم همدلی","original","1405"
"دهم","انسانی","جغرافیا","جغرافیا","نقشه و مقیاس","مقیاس","محاسبات","متوسط","در نقشه‌ای با مقیاس ۱ سانتی‌متر برابر ۵ کیلومتر، 24 سانتی‌متر چه فاصله واقعی را نشان می‌دهد؟","120","125","115","240","A","فاصله واقعی برابر 24×۵ یعنی 120 کیلومتر است.","ترنم همدلی","original","1405"
"دهم","انسانی","جغرافیا","جغرافیا","نقشه و مقیاس","مقیاس","محاسبات","متوسط","فاصله 25 سانتی‌متری روی نقشه‌ای که هر سانتی‌متر آن ۵ کیلومتر است، چند کیلومتر خواهد بود؟","125","130","120","250","A","فاصله واقعی برابر 25×۵ یعنی 125 کیلومتر است.","ترنم همدلی","original","1405"
"دهم","انسانی","جغرافیا","جغرافیا","نقشه و مقیاس","مقیاس","محاسبات","آسان","اگر هر ۱ سانتی‌متر روی نقشه معادل ۵ کیلومتر باشد، فاصله 26 سانتی‌متری چند کیلومتر است؟","130","135","125","260","A","فاصله واقعی برابر 26×۵ یعنی 130 کیلومتر است.","ترنم همدلی","original","1405"
"دهم","انسانی","جغرافیا","جغرافیا","نقشه و مقیاس","مقیاس","محاسبات","متوسط","در نقشه‌ای با مقیاس ۱ سانتی‌متر برابر ۵ کیلومتر، 27 سانتی‌متر چه فاصله واقعی را نشان می‌دهد؟","135","140","130","270","A","فاصله واقعی برابر 27×۵ یعنی 135 کیلومتر است.","ترنم همدلی","original","1405"
"دهم","انسانی","جغرافیا","جغرافیا","نقشه و مقیاس","مقیاس","محاسبات","متوسط","فاصله 28 سانتی‌متری روی نقشه‌ای که هر سانتی‌متر آن ۵ کیلومتر است، چند کیلومتر خواهد بود؟","140","145","135","280","A","فاصله واقعی برابر 28×۵ یعنی 140 کیلومتر است.","ترنم همدلی","original","1405"
"دهم","انسانی","جغرافیا","جغرافیا","نقشه و مقیاس","مقیاس","محاسبات","متوسط","اگر هر ۱ سانتی‌متر روی نقشه معادل ۵ کیلومتر باشد، فاصله 29 سانتی‌متری چند کیلومتر است؟","145","150","140","290","A","فاصله واقعی برابر 29×۵ یعنی 145 کیلومتر است.","ترنم همدلی","original","1405"
"دهم","انسانی","جغرافیا","جغرافیا","نقشه و مقیاس","مقیاس","محاسبات","آسان","در نقشه‌ای با مقیاس ۱ سانتی‌متر برابر ۵ کیلومتر، 30 سانتی‌متر چه فاصله واقعی را نشان می‌دهد؟","150","155","145","300","A","فاصله واقعی برابر 30×۵ یعنی 150 کیلومتر است.","ترنم همدلی","original","1405"
"دهم","انسانی","جغرافیا","جغرافیا","نقشه و مقیاس","مقیاس","محاسبات","متوسط","فاصله 31 سانتی‌متری روی نقشه‌ای که هر سانتی‌متر آن ۵ کیلومتر است، چند کیلومتر خواهد بود؟","155","160","150","310","A","فاصله واقعی برابر 31×۵ یعنی 155 کیلومتر است.","ترنم همدلی","original","1405"
"دهم","انسانی","جغرافیا","جغرافیا","نقشه و مقیاس","مقیاس","محاسبات","متوسط","اگر هر ۱ سانتی‌متر روی نقشه معادل ۵ کیلومتر باشد، فاصله 2 سانتی‌متری چند کیلومتر است؟","10","15","5","20","A","فاصله واقعی برابر 2×۵ یعنی 10 کیلومتر است.","ترنم همدلی","original","1405"
"دهم","انسانی","جغرافیا","جغرافیا","نقشه و مقیاس","مقیاس","محاسبات","متوسط","در نقشه‌ای با مقیاس ۱ سانتی‌متر برابر ۵ کیلومتر، 3 سانتی‌متر چه فاصله واقعی را نشان می‌دهد؟","15","20","10","30","A","فاصله واقعی برابر 3×۵ یعنی 15 کیلومتر است.","ترنم همدلی","original","1405"
"دهم","انسانی","جغرافیا","جغرافیا","نقشه و مقیاس","مقیاس","محاسبات","آسان","فاصله 4 سانتی‌متری روی نقشه‌ای که هر سانتی‌متر آن ۵ کیلومتر است، چند کیلومتر خواهد بود؟","20","25","15","40","A","فاصله واقعی برابر 4×۵ یعنی 20 کیلومتر است.","ترنم همدلی","original","1405"
"دهم","انسانی","جغرافیا","جغرافیا","نقشه و مقیاس","مقیاس","محاسبات","متوسط","اگر هر ۱ سانتی‌متر روی نقشه معادل ۵ کیلومتر باشد، فاصله 5 سانتی‌متری چند کیلومتر است؟","25","30","20","50","A","فاصله واقعی برابر 5×۵ یعنی 25 کیلومتر است.","ترنم همدلی","original","1405"
"دهم","انسانی","جغرافیا","جغرافیا","نقشه و مقیاس","مقیاس","محاسبات","متوسط","در نقشه‌ای با مقیاس ۱ سانتی‌متر برابر ۵ کیلومتر، 6 سانتی‌متر چه فاصله واقعی را نشان می‌دهد؟","30","35","25","60","A","فاصله واقعی برابر 6×۵ یعنی 30 کیلومتر است.","ترنم همدلی","original","1405"
"دهم","انسانی","جغرافیا","جغرافیا","نقشه و مقیاس","مقیاس","محاسبات","متوسط","فاصله 7 سانتی‌متری روی نقشه‌ای که هر سانتی‌متر آن ۵ کیلومتر است، چند کیلومتر خواهد بود؟","35","40","30","70","A","فاصله واقعی برابر 7×۵ یعنی 35 کیلومتر است.","ترنم همدلی","original","1405"
"دهم","انسانی","جغرافیا","جغرافیا","نقشه و مقیاس","مقیاس","محاسبات","آسان","اگر هر ۱ سانتی‌متر روی نقشه معادل ۵ کیلومتر باشد، فاصله 8 سانتی‌متری چند کیلومتر است؟","40","45","35","80","A","فاصله واقعی برابر 8×۵ یعنی 40 کیلومتر است.","ترنم همدلی","original","1405"
"دهم","انسانی","جغرافیا","جغرافیا","نقشه و مقیاس","مقیاس","محاسبات","متوسط","در نقشه‌ای با مقیاس ۱ سانتی‌متر برابر ۵ کیلومتر، 9 سانتی‌متر چه فاصله واقعی را نشان می‌دهد؟","45","50","40","90","A","فاصله واقعی برابر 9×۵ یعنی 45 کیلومتر است.","ترنم همدلی","original","1405"
"دهم","انسانی","جغرافیا","جغرافیا","نقشه و مقیاس","مقیاس","محاسبات","متوسط","فاصله 10 سانتی‌متری روی نقشه‌ای که هر سانتی‌متر آن ۵ کیلومتر است، چند کیلومتر خواهد بود؟","50","55","45","100","A","فاصله واقعی برابر 10×۵ یعنی 50 کیلومتر است.","ترنم همدلی","original","1405"
"دهم","انسانی","جغرافیا","جغرافیا","نقشه و مقیاس","مقیاس","محاسبات","متوسط","اگر هر ۱ سانتی‌متر روی نقشه معادل ۵ کیلومتر باشد، فاصله 11 سانتی‌متری چند کیلومتر است؟","55","60","50","110","A","فاصله واقعی برابر 11×۵ یعنی 55 کیلومتر است.","ترنم همدلی","original","1405"
"دهم","انسانی","جغرافیا","جغرافیا","نقشه و مقیاس","مقیاس","محاسبات","آسان","در نقشه‌ای با مقیاس ۱ سانتی‌متر برابر ۵ کیلومتر، 12 سانتی‌متر چه فاصله واقعی را نشان می‌دهد؟","60","65","55","120","A","فاصله واقعی برابر 12×۵ یعنی 60 کیلومتر است.","ترنم همدلی","original","1405"
"دهم","انسانی","جغرافیا","جغرافیا","نقشه و مقیاس","مقیاس","محاسبات","متوسط","فاصله 13 سانتی‌متری روی نقشه‌ای که هر سانتی‌متر آن ۵ کیلومتر است، چند کیلومتر خواهد بود؟","65","70","60","130","A","فاصله واقعی برابر 13×۵ یعنی 65 کیلومتر است.","ترنم همدلی","original","1405"
"دهم","انسانی","جغرافیا","جغرافیا","نقشه و مقیاس","مقیاس","محاسبات","متوسط","اگر هر ۱ سانتی‌متر روی نقشه معادل ۵ کیلومتر باشد، فاصله 14 سانتی‌متری چند کیلومتر است؟","70","75","65","140","A","فاصله واقعی برابر 14×۵ یعنی 70 کیلومتر است.","ترنم همدلی","original","1405"
"دهم","انسانی","جغرافیا","جغرافیا","نقشه و مقیاس","مقیاس","محاسبات","متوسط","در نقشه‌ای با مقیاس ۱ سانتی‌متر برابر ۵ کیلومتر، 15 سانتی‌متر چه فاصله واقعی را نشان می‌دهد؟","75","80","70","150","A","فاصله واقعی برابر 15×۵ یعنی 75 کیلومتر است.","ترنم همدلی","original","1405"
"دهم","انسانی","جغرافیا","جغرافیا","نقشه و مقیاس","مقیاس","محاسبات","آسان","فاصله 16 سانتی‌متری روی نقشه‌ای که هر سانتی‌متر آن ۵ کیلومتر است، چند کیلومتر خواهد بود؟","80","85","75","160","A","فاصله واقعی برابر 16×۵ یعنی 80 کیلومتر است.","ترنم همدلی","original","1405"
"دهم","انسانی","جغرافیا","جغرافیا","نقشه و مقیاس","مقیاس","محاسبات","متوسط","اگر هر ۱ سانتی‌متر روی نقشه معادل ۵ کیلومتر باشد، فاصله 17 سانتی‌متری چند کیلومتر است؟","85","90","80","170","A","فاصله واقعی برابر 17×۵ یعنی 85 کیلومتر است.","ترنم همدلی","original","1405"
"دهم","انسانی","جغرافیا","جغرافیا","نقشه و مقیاس","مقیاس","محاسبات","متوسط","در نقشه‌ای با مقیاس ۱ سانتی‌متر برابر ۵ کیلومتر، 18 سانتی‌متر چه فاصله واقعی را نشان می‌دهد؟","90","95","85","180","A","فاصله واقعی برابر 18×۵ یعنی 90 کیلومتر است.","ترنم همدلی","original","1405"
"دهم","انسانی","جغرافیا","جغرافیا","نقشه و مقیاس","مقیاس","محاسبات","متوسط","فاصله 19 سانتی‌متری روی نقشه‌ای که هر سانتی‌متر آن ۵ کیلومتر است، چند کیلومتر خواهد بود؟","95","100","90","190","A","فاصله واقعی برابر 19×۵ یعنی 95 کیلومتر است.","ترنم همدلی","original","1405"
"دهم","انسانی","جغرافیا","جغرافیا","نقشه و مقیاس","مقیاس","محاسبات","آسان","اگر هر ۱ سانتی‌متر روی نقشه معادل ۵ کیلومتر باشد، فاصله 20 سانتی‌متری چند کیلومتر است؟","100","105","95","200","A","فاصله واقعی برابر 20×۵ یعنی 100 کیلومتر است.","ترنم همدلی","original","1405"
"دهم","انسانی","جغرافیا","جغرافیا","نقشه و مقیاس","مقیاس","محاسبات","متوسط","در نقشه‌ای با مقیاس ۱ سانتی‌متر برابر ۵ کیلومتر، 21 سانتی‌متر چه فاصله واقعی را نشان می‌دهد؟","105","110","100","210","A","فاصله واقعی برابر 21×۵ یعنی 105 کیلومتر است.","ترنم همدلی","original","1405"
"دهم","انسانی","جغرافیا","جغرافیا","نقشه و مقیاس","مقیاس","محاسبات","متوسط","فاصله 22 سانتی‌متری روی نقشه‌ای که هر سانتی‌متر آن ۵ کیلومتر است، چند کیلومتر خواهد بود؟","110","115","105","220","A","فاصله واقعی برابر 22×۵ یعنی 110 کیلومتر است.","ترنم همدلی","original","1405"
"دهم","انسانی","جغرافیا","جغرافیا","نقشه و مقیاس","مقیاس","محاسبات","متوسط","اگر هر ۱ سانتی‌متر روی نقشه معادل ۵ کیلومتر باشد، فاصله 23 سانتی‌متری چند کیلومتر است؟","115","120","110","230","A","فاصله واقعی برابر 23×۵ یعنی 115 کیلومتر است.","ترنم همدلی","original","1405"
"دهم","انسانی","جغرافیا","جغرافیا","نقشه و مقیاس","مقیاس","محاسبات","آسان","در نقشه‌ای با مقیاس ۱ سانتی‌متر برابر ۵ کیلومتر، 24 سانتی‌متر چه فاصله واقعی را نشان می‌دهد؟","120","125","115","240","A","فاصله واقعی برابر 24×۵ یعنی 120 کیلومتر است.","ترنم همدلی","original","1405"
"دهم","انسانی","جغرافیا","جغرافیا","نقشه و مقیاس","مقیاس","محاسبات","متوسط","فاصله 25 سانتی‌متری روی نقشه‌ای که هر سانتی‌متر آن ۵ کیلومتر است، چند کیلومتر خواهد بود؟","125","130","120","250","A","فاصله واقعی برابر 25×۵ یعنی 125 کیلومتر است.","ترنم همدلی","original","1405"
"دهم","انسانی","جغرافیا","جغرافیا","نقشه و مقیاس","مقیاس","محاسبات","متوسط","اگر هر ۱ سانتی‌متر روی نقشه معادل ۵ کیلومتر باشد، فاصله 26 سانتی‌متری چند کیلومتر است؟","130","135","125","260","A","فاصله واقعی برابر 26×۵ یعنی 130 کیلومتر است.","ترنم همدلی","original","1405"
"دهم","انسانی","جغرافیا","جغرافیا","نقشه و مقیاس","مقیاس","محاسبات","متوسط","در نقشه‌ای با مقیاس ۱ سانتی‌متر برابر ۵ کیلومتر، 27 سانتی‌متر چه فاصله واقعی را نشان می‌دهد؟","135","140","130","270","A","فاصله واقعی برابر 27×۵ یعنی 135 کیلومتر است.","ترنم همدلی","original","1405"
"دهم","انسانی","جغرافیا","جغرافیا","نقشه و مقیاس","مقیاس","محاسبات","آسان","فاصله 28 سانتی‌متری روی نقشه‌ای که هر سانتی‌متر آن ۵ کیلومتر است، چند کیلومتر خواهد بود؟","140","145","135","280","A","فاصله واقعی برابر 28×۵ یعنی 140 کیلومتر است.","ترنم همدلی","original","1405"
"دهم","انسانی","جغرافیا","جغرافیا","نقشه و مقیاس","مقیاس","محاسبات","متوسط","اگر هر ۱ سانتی‌متر روی نقشه معادل ۵ کیلومتر باشد، فاصله 29 سانتی‌متری چند کیلومتر است؟","145","150","140","290","A","فاصله واقعی برابر 29×۵ یعنی 145 کیلومتر است.","ترنم همدلی","original","1405"
"دهم","انسانی","جغرافیا","جغرافیا","نقشه و مقیاس","مقیاس","محاسبات","متوسط","در نقشه‌ای با مقیاس ۱ سانتی‌متر برابر ۵ کیلومتر، 30 سانتی‌متر چه فاصله واقعی را نشان می‌دهد؟","150","155","145","300","A","فاصله واقعی برابر 30×۵ یعنی 150 کیلومتر است.","ترنم همدلی","original","1405"
"دهم","انسانی","جغرافیا","جغرافیا","نقشه و مقیاس","مقیاس","محاسبات","متوسط","فاصله 31 سانتی‌متری روی نقشه‌ای که هر سانتی‌متر آن ۵ کیلومتر است، چند کیلومتر خواهد بود؟","155","160","150","310","A","فاصله واقعی برابر 31×۵ یعنی 155 کیلومتر است.","ترنم همدلی","original","1405"
"دهم","انسانی","جغرافیا","جغرافیا","نقشه و مقیاس","مقیاس","محاسبات","آسان","اگر هر ۱ سانتی‌متر روی نقشه معادل ۵ کیلومتر باشد، فاصله 2 سانتی‌متری چند کیلومتر است؟","10","15","5","20","A","فاصله واقعی برابر 2×۵ یعنی 10 کیلومتر است.","ترنم همدلی","original","1405"
"دهم","انسانی","جغرافیا","جغرافیا","نقشه و مقیاس","مقیاس","محاسبات","متوسط","در نقشه‌ای با مقیاس ۱ سانتی‌متر برابر ۵ کیلومتر، 3 سانتی‌متر چه فاصله واقعی را نشان می‌دهد؟","15","20","10","30","A","فاصله واقعی برابر 3×۵ یعنی 15 کیلومتر است.","ترنم همدلی","original","1405"
"دهم","انسانی","جغرافیا","جغرافیا","نقشه و مقیاس","مقیاس","محاسبات","متوسط","فاصله 4 سانتی‌متری روی نقشه‌ای که هر سانتی‌متر آن ۵ کیلومتر است، چند کیلومتر خواهد بود؟","20","25","15","40","A","فاصله واقعی برابر 4×۵ یعنی 20 کیلومتر است.","ترنم همدلی","original","1405"
"دهم","انسانی","جغرافیا","جغرافیا","نقشه و مقیاس","مقیاس","محاسبات","متوسط","اگر هر ۱ سانتی‌متر روی نقشه معادل ۵ کیلومتر باشد، فاصله 5 سانتی‌متری چند کیلومتر است؟","25","30","20","50","A","فاصله واقعی برابر 5×۵ یعنی 25 کیلومتر است.","ترنم همدلی","original","1405"
"دهم","انسانی","جغرافیا","جغرافیا","نقشه و مقیاس","مقیاس","محاسبات","آسان","در نقشه‌ای با مقیاس ۱ سانتی‌متر برابر ۵ کیلومتر، 6 سانتی‌متر چه فاصله واقعی را نشان می‌دهد؟","30","35","25","60","A","فاصله واقعی برابر 6×۵ یعنی 30 کیلومتر است.","ترنم همدلی","original","1405"
"دهم","انسانی","جغرافیا","جغرافیا","نقشه و مقیاس","مقیاس","محاسبات","متوسط","فاصله 7 سانتی‌متری روی نقشه‌ای که هر سانتی‌متر آن ۵ کیلومتر است، چند کیلومتر خواهد بود؟","35","40","30","70","A","فاصله واقعی برابر 7×۵ یعنی 35 کیلومتر است.","ترنم همدلی","original","1405"
"دهم","انسانی","جغرافیا","جغرافیا","نقشه و مقیاس","مقیاس","محاسبات","متوسط","اگر هر ۱ سانتی‌متر روی نقشه معادل ۵ کیلومتر باشد، فاصله 8 سانتی‌متری چند کیلومتر است؟","40","45","35","80","A","فاصله واقعی برابر 8×۵ یعنی 40 کیلومتر است.","ترنم همدلی","original","1405"
"دهم","انسانی","جغرافیا","جغرافیا","نقشه و مقیاس","مقیاس","محاسبات","متوسط","در نقشه‌ای با مقیاس ۱ سانتی‌متر برابر ۵ کیلومتر، 9 سانتی‌متر چه فاصله واقعی را نشان می‌دهد؟","45","50","40","90","A","فاصله واقعی برابر 9×۵ یعنی 45 کیلومتر است.","ترنم همدلی","original","1405"
"دهم","انسانی","جغرافیا","جغرافیا","نقشه و مقیاس","مقیاس","محاسبات","آسان","فاصله 10 سانتی‌متری روی نقشه‌ای که هر سانتی‌متر آن ۵ کیلومتر است، چند کیلومتر خواهد بود؟","50","55","45","100","A","فاصله واقعی برابر 10×۵ یعنی 50 کیلومتر است.","ترنم همدلی","original","1405"
"دهم","انسانی","جغرافیا","جغرافیا","نقشه و مقیاس","مقیاس","محاسبات","متوسط","اگر هر ۱ سانتی‌متر روی نقشه معادل ۵ کیلومتر باشد، فاصله 11 سانتی‌متری چند کیلومتر است؟","55","60","50","110","A","فاصله واقعی برابر 11×۵ یعنی 55 کیلومتر است.","ترنم همدلی","original","1405"
"دهم","انسانی","جغرافیا","جغرافیا","نقشه و مقیاس","مقیاس","محاسبات","متوسط","در نقشه‌ای با مقیاس ۱ سانتی‌متر برابر ۵ کیلومتر، 12 سانتی‌متر چه فاصله واقعی را نشان می‌دهد؟","60","65","55","120","A","فاصله واقعی برابر 12×۵ یعنی 60 کیلومتر است.","ترنم همدلی","original","1405"
"دهم","انسانی","جغرافیا","جغرافیا","نقشه و مقیاس","مقیاس","محاسبات","متوسط","فاصله 13 سانتی‌متری روی نقشه‌ای که هر سانتی‌متر آن ۵ کیلومتر است، چند کیلومتر خواهد بود؟","65","70","60","130","A","فاصله واقعی برابر 13×۵ یعنی 65 کیلومتر است.","ترنم همدلی","original","1405"
"دهم","انسانی","جغرافیا","جغرافیا","نقشه و مقیاس","مقیاس","محاسبات","آسان","اگر هر ۱ سانتی‌متر روی نقشه معادل ۵ کیلومتر باشد، فاصله 14 سانتی‌متری چند کیلومتر است؟","70","75","65","140","A","فاصله واقعی برابر 14×۵ یعنی 70 کیلومتر است.","ترنم همدلی","original","1405"
"دهم","انسانی","جغرافیا","جغرافیا","نقشه و مقیاس","مقیاس","محاسبات","متوسط","در نقشه‌ای با مقیاس ۱ سانتی‌متر برابر ۵ کیلومتر، 15 سانتی‌متر چه فاصله واقعی را نشان می‌دهد؟","75","80","70","150","A","فاصله واقعی برابر 15×۵ یعنی 75 کیلومتر است.","ترنم همدلی","original","1405"
"دهم","انسانی","جغرافیا","جغرافیا","نقشه و مقیاس","مقیاس","محاسبات","متوسط","فاصله 16 سانتی‌متری روی نقشه‌ای که هر سانتی‌متر آن ۵ کیلومتر است، چند کیلومتر خواهد بود؟","80","85","75","160","A","فاصله واقعی برابر 16×۵ یعنی 80 کیلومتر است.","ترنم همدلی","original","1405"
"دهم","انسانی","جغرافیا","جغرافیا","نقشه و مقیاس","مقیاس","محاسبات","متوسط","اگر هر ۱ سانتی‌متر روی نقشه معادل ۵ کیلومتر باشد، فاصله 17 سانتی‌متری چند کیلومتر است؟","85","90","80","170","A","فاصله واقعی برابر 17×۵ یعنی 85 کیلومتر است.","ترنم همدلی","original","1405"
"دهم","انسانی","جغرافیا","جغرافیا","نقشه و مقیاس","مقیاس","محاسبات","آسان","در نقشه‌ای با مقیاس ۱ سانتی‌متر برابر ۵ کیلومتر، 18 سانتی‌متر چه فاصله واقعی را نشان می‌دهد؟","90","95","85","180","A","فاصله واقعی برابر 18×۵ یعنی 90 کیلومتر است.","ترنم همدلی","original","1405"
"دهم","انسانی","جغرافیا","جغرافیا","نقشه و مقیاس","مقیاس","محاسبات","متوسط","فاصله 19 سانتی‌متری روی نقشه‌ای که هر سانتی‌متر آن ۵ کیلومتر است، چند کیلومتر خواهد بود؟","95","100","90","190","A","فاصله واقعی برابر 19×۵ یعنی 95 کیلومتر است.","ترنم همدلی","original","1405"
"دهم","انسانی","جغرافیا","جغرافیا","نقشه و مقیاس","مقیاس","محاسبات","متوسط","اگر هر ۱ سانتی‌متر روی نقشه معادل ۵ کیلومتر باشد، فاصله 20 سانتی‌متری چند کیلومتر است؟","100","105","95","200","A","فاصله واقعی برابر 20×۵ یعنی 100 کیلومتر است.","ترنم همدلی","original","1405"
"دهم","انسانی","جغرافیا","جغرافیا","نقشه و مقیاس","مقیاس","محاسبات","متوسط","در نقشه‌ای با مقیاس ۱ سانتی‌متر برابر ۵ کیلومتر، 21 سانتی‌متر چه فاصله واقعی را نشان می‌دهد؟","105","110","100","210","A","فاصله واقعی برابر 21×۵ یعنی 105 کیلومتر است.","ترنم همدلی","original","1405"
"دهم","انسانی","جغرافیا","جغرافیا","نقشه و مقیاس","مقیاس","محاسبات","آسان","فاصله 22 سانتی‌متری روی نقشه‌ای که هر سانتی‌متر آن ۵ کیلومتر است، چند کیلومتر خواهد بود؟","110","115","105","220","A","فاصله واقعی برابر 22×۵ یعنی 110 کیلومتر است.","ترنم همدلی","original","1405"
"دهم","انسانی","جغرافیا","جغرافیا","نقشه و مقیاس","مقیاس","محاسبات","متوسط","اگر هر ۱ سانتی‌متر روی نقشه معادل ۵ کیلومتر باشد، فاصله 23 سانتی‌متری چند کیلومتر است؟","115","120","110","230","A","فاصله واقعی برابر 23×۵ یعنی 115 کیلومتر است.","ترنم همدلی","original","1405"
"دهم","انسانی","جغرافیا","جغرافیا","نقشه و مقیاس","مقیاس","محاسبات","متوسط","در نقشه‌ای با مقیاس ۱ سانتی‌متر برابر ۵ کیلومتر، 24 سانتی‌متر چه فاصله واقعی را نشان می‌دهد؟","120","125","115","240","A","فاصله واقعی برابر 24×۵ یعنی 120 کیلومتر است.","ترنم همدلی","original","1405"
"دهم","انسانی","جغرافیا","جغرافیا","نقشه و مقیاس","مقیاس","محاسبات","متوسط","فاصله 25 سانتی‌متری روی نقشه‌ای که هر سانتی‌متر آن ۵ کیلومتر است، چند کیلومتر خواهد بود؟","125","130","120","250","A","فاصله واقعی برابر 25×۵ یعنی 125 کیلومتر است.","ترنم همدلی","original","1405"
"دهم","انسانی","جغرافیا","جغرافیا","نقشه و مقیاس","مقیاس","محاسبات","آسان","اگر هر ۱ سانتی‌متر روی نقشه معادل ۵ کیلومتر باشد، فاصله 26 سانتی‌متری چند کیلومتر است؟","130","135","125","260","A","فاصله واقعی برابر 26×۵ یعنی 130 کیلومتر است.","ترنم همدلی","original","1405"
"دهم","انسانی","جغرافیا","جغرافیا","نقشه و مقیاس","مقیاس","محاسبات","متوسط","در نقشه‌ای با مقیاس ۱ سانتی‌متر برابر ۵ کیلومتر، 27 سانتی‌متر چه فاصله واقعی را نشان می‌دهد؟","135","140","130","270","A","فاصله واقعی برابر 27×۵ یعنی 135 کیلومتر است.","ترنم همدلی","original","1405"
"دهم","انسانی","جغرافیا","جغرافیا","نقشه و مقیاس","مقیاس","محاسبات","متوسط","فاصله 28 سانتی‌متری روی نقشه‌ای که هر سانتی‌متر آن ۵ کیلومتر است، چند کیلومتر خواهد بود؟","140","145","135","280","A","فاصله واقعی برابر 28×۵ یعنی 140 کیلومتر است.","ترنم همدلی","original","1405"
"دهم","انسانی","جغرافیا","جغرافیا","نقشه و مقیاس","مقیاس","محاسبات","متوسط","اگر هر ۱ سانتی‌متر روی نقشه معادل ۵ کیلومتر باشد، فاصله 29 سانتی‌متری چند کیلومتر است؟","145","150","140","290","A","فاصله واقعی برابر 29×۵ یعنی 145 کیلومتر است.","ترنم همدلی","original","1405"
"دهم","انسانی","جغرافیا","جغرافیا","نقشه و مقیاس","مقیاس","محاسبات","آسان","در نقشه‌ای با مقیاس ۱ سانتی‌متر برابر ۵ کیلومتر، 30 سانتی‌متر چه فاصله واقعی را نشان می‌دهد؟","150","155","145","300","A","فاصله واقعی برابر 30×۵ یعنی 150 کیلومتر است.","ترنم همدلی","original","1405"
"دهم","انسانی","جغرافیا","جغرافیا","نقشه و مقیاس","مقیاس","محاسبات","متوسط","فاصله 31 سانتی‌متری روی نقشه‌ای که هر سانتی‌متر آن ۵ کیلومتر است، چند کیلومتر خواهد بود؟","155","160","150","310","A","فاصله واقعی برابر 31×۵ یعنی 155 کیلومتر است.","ترنم همدلی","original","1405"
"دهم","انسانی","جغرافیا","جغرافیا","نقشه و مقیاس","مقیاس","محاسبات","متوسط","اگر هر ۱ سانتی‌متر روی نقشه معادل ۵ کیلومتر باشد، فاصله 2 سانتی‌متری چند کیلومتر است؟","10","15","5","20","A","فاصله واقعی برابر 2×۵ یعنی 10 کیلومتر است.","ترنم همدلی","original","1405"
"دهم","انسانی","جغرافیا","جغرافیا","نقشه و مقیاس","مقیاس","محاسبات","متوسط","در نقشه‌ای با مقیاس ۱ سانتی‌متر برابر ۵ کیلومتر، 3 سانتی‌متر چه فاصله واقعی را نشان می‌دهد؟","15","20","10","30","A","فاصله واقعی برابر 3×۵ یعنی 15 کیلومتر است.","ترنم همدلی","original","1405"
"دهم","انسانی","جغرافیا","جغرافیا","نقشه و مقیاس","مقیاس","محاسبات","آسان","فاصله 4 سانتی‌متری روی نقشه‌ای که هر سانتی‌متر آن ۵ کیلومتر است، چند کیلومتر خواهد بود؟","20","25","15","40","A","فاصله واقعی برابر 4×۵ یعنی 20 کیلومتر است.","ترنم همدلی","original","1405"
"دهم","انسانی","جغرافیا","جغرافیا","نقشه و مقیاس","مقیاس","محاسبات","متوسط","اگر هر ۱ سانتی‌متر روی نقشه معادل ۵ کیلومتر باشد، فاصله 5 سانتی‌متری چند کیلومتر است؟","25","30","20","50","A","فاصله واقعی برابر 5×۵ یعنی 25 کیلومتر است.","ترنم همدلی","original","1405"
"دهم","انسانی","جغرافیا","جغرافیا","نقشه و مقیاس","مقیاس","محاسبات","متوسط","در نقشه‌ای با مقیاس ۱ سانتی‌متر برابر ۵ کیلومتر، 6 سانتی‌متر چه فاصله واقعی را نشان می‌دهد؟","30","35","25","60","A","فاصله واقعی برابر 6×۵ یعنی 30 کیلومتر است.","ترنم همدلی","original","1405"
"دهم","انسانی","جغرافیا","جغرافیا","نقشه و مقیاس","مقیاس","محاسبات","متوسط","فاصله 7 سانتی‌متری روی نقشه‌ای که هر سانتی‌متر آن ۵ کیلومتر است، چند کیلومتر خواهد بود؟","35","40","30","70","A","فاصله واقعی برابر 7×۵ یعنی 35 کیلومتر است.","ترنم همدلی","original","1405"
"دهم","انسانی","جغرافیا","جغرافیا","نقشه و مقیاس","مقیاس","محاسبات","آسان","اگر هر ۱ سانتی‌متر روی نقشه معادل ۵ کیلومتر باشد، فاصله 8 سانتی‌متری چند کیلومتر است؟","40","45","35","80","A","فاصله واقعی برابر 8×۵ یعنی 40 کیلومتر است.","ترنم همدلی","original","1405"
"دهم","انسانی","جغرافیا","جغرافیا","نقشه و مقیاس","مقیاس","محاسبات","متوسط","در نقشه‌ای با مقیاس ۱ سانتی‌متر برابر ۵ کیلومتر، 9 سانتی‌متر چه فاصله واقعی را نشان می‌دهد؟","45","50","40","90","A","فاصله واقعی برابر 9×۵ یعنی 45 کیلومتر است.","ترنم همدلی","original","1405"
"دهم","انسانی","جغرافیا","جغرافیا","نقشه و مقیاس","مقیاس","محاسبات","متوسط","فاصله 10 سانتی‌متری روی نقشه‌ای که هر سانتی‌متر آن ۵ کیلومتر است، چند کیلومتر خواهد بود؟","50","55","45","100","A","فاصله واقعی برابر 10×۵ یعنی 50 کیلومتر است.","ترنم همدلی","original","1405"
"دهم","انسانی","جغرافیا","جغرافیا","نقشه و مقیاس","مقیاس","محاسبات","متوسط","اگر هر ۱ سانتی‌متر روی نقشه معادل ۵ کیلومتر باشد، فاصله 11 سانتی‌متری چند کیلومتر است؟","55","60","50","110","A","فاصله واقعی برابر 11×۵ یعنی 55 کیلومتر است.","ترنم همدلی","original","1405"
"دهم","انسانی","جغرافیا","جغرافیا","نقشه و مقیاس","مقیاس","محاسبات","آسان","در نقشه‌ای با مقیاس ۱ سانتی‌متر برابر ۵ کیلومتر، 12 سانتی‌متر چه فاصله واقعی را نشان می‌دهد؟","60","65","55","120","A","فاصله واقعی برابر 12×۵ یعنی 60 کیلومتر است.","ترنم همدلی","original","1405"
"دهم","انسانی","جغرافیا","جغرافیا","نقشه و مقیاس","مقیاس","محاسبات","متوسط","فاصله 13 سانتی‌متری روی نقشه‌ای که هر سانتی‌متر آن ۵ کیلومتر است، چند کیلومتر خواهد بود؟","65","70","60","130","A","فاصله واقعی برابر 13×۵ یعنی 65 کیلومتر است.","ترنم همدلی","original","1405"
"دهم","انسانی","جغرافیا","جغرافیا","نقشه و مقیاس","مقیاس","محاسبات","متوسط","اگر هر ۱ سانتی‌متر روی نقشه معادل ۵ کیلومتر باشد، فاصله 14 سانتی‌متری چند کیلومتر است؟","70","75","65","140","A","فاصله واقعی برابر 14×۵ یعنی 70 کیلومتر است.","ترنم همدلی","original","1405"
"دهم","انسانی","جغرافیا","جغرافیا","نقشه و مقیاس","مقیاس","محاسبات","متوسط","در نقشه‌ای با مقیاس ۱ سانتی‌متر برابر ۵ کیلومتر، 15 سانتی‌متر چه فاصله واقعی را نشان می‌دهد؟","75","80","70","150","A","فاصله واقعی برابر 15×۵ یعنی 75 کیلومتر است.","ترنم همدلی","original","1405"
"دهم","انسانی","جغرافیا","جغرافیا","نقشه و مقیاس","مقیاس","محاسبات","آسان","فاصله 16 سانتی‌متری روی نقشه‌ای که هر سانتی‌متر آن ۵ کیلومتر است، چند کیلومتر خواهد بود؟","80","85","75","160","A","فاصله واقعی برابر 16×۵ یعنی 80 کیلومتر است.","ترنم همدلی","original","1405"
"دهم","انسانی","جغرافیا","جغرافیا","نقشه و مقیاس","مقیاس","محاسبات","متوسط","اگر هر ۱ سانتی‌متر روی نقشه معادل ۵ کیلومتر باشد، فاصله 17 سانتی‌متری چند کیلومتر است؟","85","90","80","170","A","فاصله واقعی برابر 17×۵ یعنی 85 کیلومتر است.","ترنم همدلی","original","1405"
"دهم","انسانی","جغرافیا","جغرافیا","نقشه و مقیاس","مقیاس","محاسبات","متوسط","در نقشه‌ای با مقیاس ۱ سانتی‌متر برابر ۵ کیلومتر، 18 سانتی‌متر چه فاصله واقعی را نشان می‌دهد؟","90","95","85","180","A","فاصله واقعی برابر 18×۵ یعنی 90 کیلومتر است.","ترنم همدلی","original","1405"
"دهم","انسانی","جغرافیا","جغرافیا","نقشه و مقیاس","مقیاس","محاسبات","متوسط","فاصله 19 سانتی‌متری روی نقشه‌ای که هر سانتی‌متر آن ۵ کیلومتر است، چند کیلومتر خواهد بود؟","95","100","90","190","A","فاصله واقعی برابر 19×۵ یعنی 95 کیلومتر است.","ترنم همدلی","original","1405"
"دهم","انسانی","جغرافیا","جغرافیا","نقشه و مقیاس","مقیاس","محاسبات","آسان","اگر هر ۱ سانتی‌متر روی نقشه معادل ۵ کیلومتر باشد، فاصله 20 سانتی‌متری چند کیلومتر است؟","100","105","95","200","A","فاصله واقعی برابر 20×۵ یعنی 100 کیلومتر است.","ترنم همدلی","original","1405"
"دهم","انسانی","جغرافیا","جغرافیا","نقشه و مقیاس","مقیاس","محاسبات","متوسط","در نقشه‌ای با مقیاس ۱ سانتی‌متر برابر ۵ کیلومتر، 21 سانتی‌متر چه فاصله واقعی را نشان می‌دهد؟","105","110","100","210","A","فاصله واقعی برابر 21×۵ یعنی 105 کیلومتر است.","ترنم همدلی","original","1405"
"دهم","انسانی","جغرافیا","جغرافیا","نقشه و مقیاس","مقیاس","محاسبات","متوسط","فاصله 22 سانتی‌متری روی نقشه‌ای که هر سانتی‌متر آن ۵ کیلومتر است، چند کیلومتر خواهد بود؟","110","115","105","220","A","فاصله واقعی برابر 22×۵ یعنی 110 کیلومتر است.","ترنم همدلی","original","1405"
"دهم","انسانی","جغرافیا","جغرافیا","نقشه و مقیاس","مقیاس","محاسبات","متوسط","اگر هر ۱ سانتی‌متر روی نقشه معادل ۵ کیلومتر باشد، فاصله 23 سانتی‌متری چند کیلومتر است؟","115","120","110","230","A","فاصله واقعی برابر 23×۵ یعنی 115 کیلومتر است.","ترنم همدلی","original","1405"
"دهم","انسانی","جغرافیا","جغرافیا","نقشه و مقیاس","مقیاس","محاسبات","آسان","در نقشه‌ای با مقیاس ۱ سانتی‌متر برابر ۵ کیلومتر، 24 سانتی‌متر چه فاصله واقعی را نشان می‌دهد؟","120","125","115","240","A","فاصله واقعی برابر 24×۵ یعنی 120 کیلومتر است.","ترنم همدلی","original","1405"
"دهم","انسانی","جغرافیا","جغرافیا","نقشه و مقیاس","مقیاس","محاسبات","متوسط","فاصله 25 سانتی‌متری روی نقشه‌ای که هر سانتی‌متر آن ۵ کیلومتر است، چند کیلومتر خواهد بود؟","125","130","120","250","A","فاصله واقعی برابر 25×۵ یعنی 125 کیلومتر است.","ترنم همدلی","original","1405"
"دهم","انسانی","جغرافیا","جغرافیا","نقشه و مقیاس","مقیاس","محاسبات","متوسط","اگر هر ۱ سانتی‌متر روی نقشه معادل ۵ کیلومتر باشد، فاصله 26 سانتی‌متری چند کیلومتر است؟","130","135","125","260","A","فاصله واقعی برابر 26×۵ یعنی 130 کیلومتر است.","ترنم همدلی","original","1405"
"دهم","انسانی","جغرافیا","جغرافیا","نقشه و مقیاس","مقیاس","محاسبات","متوسط","در نقشه‌ای با مقیاس ۱ سانتی‌متر برابر ۵ کیلومتر، 27 سانتی‌متر چه فاصله واقعی را نشان می‌دهد؟","135","140","130","270","A","فاصله واقعی برابر 27×۵ یعنی 135 کیلومتر است.","ترنم همدلی","original","1405"
"دهم","انسانی","جغرافیا","جغرافیا","نقشه و مقیاس","مقیاس","محاسبات","آسان","فاصله 28 سانتی‌متری روی نقشه‌ای که هر سانتی‌متر آن ۵ کیلومتر است، چند کیلومتر خواهد بود؟","140","145","135","280","A","فاصله واقعی برابر 28×۵ یعنی 140 کیلومتر است.","ترنم همدلی","original","1405"
"دهم","انسانی","جغرافیا","جغرافیا","نقشه و مقیاس","مقیاس","محاسبات","متوسط","اگر هر ۱ سانتی‌متر روی نقشه معادل ۵ کیلومتر باشد، فاصله 29 سانتی‌متری چند کیلومتر است؟","145","150","140","290","A","فاصله واقعی برابر 29×۵ یعنی 145 کیلومتر است.","ترنم همدلی","original","1405"
"دهم","انسانی","جغرافیا","جغرافیا","نقشه و مقیاس","مقیاس","محاسبات","متوسط","در نقشه‌ای با مقیاس ۱ سانتی‌متر برابر ۵ کیلومتر، 30 سانتی‌متر چه فاصله واقعی را نشان می‌دهد؟","150","155","145","300","A","فاصله واقعی برابر 30×۵ یعنی 150 کیلومتر است.","ترنم همدلی","original","1405"
"دهم","انسانی","جغرافیا","جغرافیا","نقشه و مقیاس","مقیاس","محاسبات","متوسط","فاصله 31 سانتی‌متری روی نقشه‌ای که هر سانتی‌متر آن ۵ کیلومتر است، چند کیلومتر خواهد بود؟","155","160","150","310","A","فاصله واقعی برابر 31×۵ یعنی 155 کیلومتر است.","ترنم همدلی","original","1405"
"یازدهم","انسانی","جغرافیا","جغرافیا","نقشه و مقیاس","مقیاس","محاسبات","آسان","اگر هر ۱ سانتی‌متر روی نقشه معادل ۵ کیلومتر باشد، فاصله 2 سانتی‌متری چند کیلومتر است؟","10","15","5","20","A","فاصله واقعی برابر 2×۵ یعنی 10 کیلومتر است.","ترنم همدلی","original","1405"
"یازدهم","انسانی","جغرافیا","جغرافیا","نقشه و مقیاس","مقیاس","محاسبات","متوسط","در نقشه‌ای با مقیاس ۱ سانتی‌متر برابر ۵ کیلومتر، 3 سانتی‌متر چه فاصله واقعی را نشان می‌دهد؟","15","20","10","30","A","فاصله واقعی برابر 3×۵ یعنی 15 کیلومتر است.","ترنم همدلی","original","1405"
"یازدهم","انسانی","جغرافیا","جغرافیا","نقشه و مقیاس","مقیاس","محاسبات","متوسط","فاصله 4 سانتی‌متری روی نقشه‌ای که هر سانتی‌متر آن ۵ کیلومتر است، چند کیلومتر خواهد بود؟","20","25","15","40","A","فاصله واقعی برابر 4×۵ یعنی 20 کیلومتر است.","ترنم همدلی","original","1405"
"یازدهم","انسانی","جغرافیا","جغرافیا","نقشه و مقیاس","مقیاس","محاسبات","متوسط","اگر هر ۱ سانتی‌متر روی نقشه معادل ۵ کیلومتر باشد، فاصله 5 سانتی‌متری چند کیلومتر است؟","25","30","20","50","A","فاصله واقعی برابر 5×۵ یعنی 25 کیلومتر است.","ترنم همدلی","original","1405"
"یازدهم","انسانی","جغرافیا","جغرافیا","نقشه و مقیاس","مقیاس","محاسبات","آسان","در نقشه‌ای با مقیاس ۱ سانتی‌متر برابر ۵ کیلومتر، 6 سانتی‌متر چه فاصله واقعی را نشان می‌دهد؟","30","35","25","60","A","فاصله واقعی برابر 6×۵ یعنی 30 کیلومتر است.","ترنم همدلی","original","1405"
"یازدهم","انسانی","جغرافیا","جغرافیا","نقشه و مقیاس","مقیاس","محاسبات","متوسط","فاصله 7 سانتی‌متری روی نقشه‌ای که هر سانتی‌متر آن ۵ کیلومتر است، چند کیلومتر خواهد بود؟","35","40","30","70","A","فاصله واقعی برابر 7×۵ یعنی 35 کیلومتر است.","ترنم همدلی","original","1405"
"یازدهم","انسانی","جغرافیا","جغرافیا","نقشه و مقیاس","مقیاس","محاسبات","متوسط","اگر هر ۱ سانتی‌متر روی نقشه معادل ۵ کیلومتر باشد، فاصله 8 سانتی‌متری چند کیلومتر است؟","40","45","35","80","A","فاصله واقعی برابر 8×۵ یعنی 40 کیلومتر است.","ترنم همدلی","original","1405"
"یازدهم","انسانی","جغرافیا","جغرافیا","نقشه و مقیاس","مقیاس","محاسبات","متوسط","در نقشه‌ای با مقیاس ۱ سانتی‌متر برابر ۵ کیلومتر، 9 سانتی‌متر چه فاصله واقعی را نشان می‌دهد؟","45","50","40","90","A","فاصله واقعی برابر 9×۵ یعنی 45 کیلومتر است.","ترنم همدلی","original","1405"
"یازدهم","انسانی","جغرافیا","جغرافیا","نقشه و مقیاس","مقیاس","محاسبات","آسان","فاصله 10 سانتی‌متری روی نقشه‌ای که هر سانتی‌متر آن ۵ کیلومتر است، چند کیلومتر خواهد بود؟","50","55","45","100","A","فاصله واقعی برابر 10×۵ یعنی 50 کیلومتر است.","ترنم همدلی","original","1405"
"یازدهم","انسانی","جغرافیا","جغرافیا","نقشه و مقیاس","مقیاس","محاسبات","متوسط","اگر هر ۱ سانتی‌متر روی نقشه معادل ۵ کیلومتر باشد، فاصله 11 سانتی‌متری چند کیلومتر است؟","55","60","50","110","A","فاصله واقعی برابر 11×۵ یعنی 55 کیلومتر است.","ترنم همدلی","original","1405"
"یازدهم","انسانی","جغرافیا","جغرافیا","نقشه و مقیاس","مقیاس","محاسبات","متوسط","در نقشه‌ای با مقیاس ۱ سانتی‌متر برابر ۵ کیلومتر، 12 سانتی‌متر چه فاصله واقعی را نشان می‌دهد؟","60","65","55","120","A","فاصله واقعی برابر 12×۵ یعنی 60 کیلومتر است.","ترنم همدلی","original","1405"
"یازدهم","انسانی","جغرافیا","جغرافیا","نقشه و مقیاس","مقیاس","محاسبات","متوسط","فاصله 13 سانتی‌متری روی نقشه‌ای که هر سانتی‌متر آن ۵ کیلومتر است، چند کیلومتر خواهد بود؟","65","70","60","130","A","فاصله واقعی برابر 13×۵ یعنی 65 کیلومتر است.","ترنم همدلی","original","1405"
"یازدهم","انسانی","جغرافیا","جغرافیا","نقشه و مقیاس","مقیاس","محاسبات","آسان","اگر هر ۱ سانتی‌متر روی نقشه معادل ۵ کیلومتر باشد، فاصله 14 سانتی‌متری چند کیلومتر است؟","70","75","65","140","A","فاصله واقعی برابر 14×۵ یعنی 70 کیلومتر است.","ترنم همدلی","original","1405"
"یازدهم","انسانی","جغرافیا","جغرافیا","نقشه و مقیاس","مقیاس","محاسبات","متوسط","در نقشه‌ای با مقیاس ۱ سانتی‌متر برابر ۵ کیلومتر، 15 سانتی‌متر چه فاصله واقعی را نشان می‌دهد؟","75","80","70","150","A","فاصله واقعی برابر 15×۵ یعنی 75 کیلومتر است.","ترنم همدلی","original","1405"
"یازدهم","انسانی","جغرافیا","جغرافیا","نقشه و مقیاس","مقیاس","محاسبات","متوسط","فاصله 16 سانتی‌متری روی نقشه‌ای که هر سانتی‌متر آن ۵ کیلومتر است، چند کیلومتر خواهد بود؟","80","85","75","160","A","فاصله واقعی برابر 16×۵ یعنی 80 کیلومتر است.","ترنم همدلی","original","1405"
"یازدهم","انسانی","جغرافیا","جغرافیا","نقشه و مقیاس","مقیاس","محاسبات","متوسط","اگر هر ۱ سانتی‌متر روی نقشه معادل ۵ کیلومتر باشد، فاصله 17 سانتی‌متری چند کیلومتر است؟","85","90","80","170","A","فاصله واقعی برابر 17×۵ یعنی 85 کیلومتر است.","ترنم همدلی","original","1405"
"یازدهم","انسانی","جغرافیا","جغرافیا","نقشه و مقیاس","مقیاس","محاسبات","آسان","در نقشه‌ای با مقیاس ۱ سانتی‌متر برابر ۵ کیلومتر، 18 سانتی‌متر چه فاصله واقعی را نشان می‌دهد؟","90","95","85","180","A","فاصله واقعی برابر 18×۵ یعنی 90 کیلومتر است.","ترنم همدلی","original","1405"
"یازدهم","انسانی","جغرافیا","جغرافیا","نقشه و مقیاس","مقیاس","محاسبات","متوسط","فاصله 19 سانتی‌متری روی نقشه‌ای که هر سانتی‌متر آن ۵ کیلومتر است، چند کیلومتر خواهد بود؟","95","100","90","190","A","فاصله واقعی برابر 19×۵ یعنی 95 کیلومتر است.","ترنم همدلی","original","1405"
"یازدهم","انسانی","جغرافیا","جغرافیا","نقشه و مقیاس","مقیاس","محاسبات","متوسط","اگر هر ۱ سانتی‌متر روی نقشه معادل ۵ کیلومتر باشد، فاصله 20 سانتی‌متری چند کیلومتر است؟","100","105","95","200","A","فاصله واقعی برابر 20×۵ یعنی 100 کیلومتر است.","ترنم همدلی","original","1405"
"یازدهم","انسانی","جغرافیا","جغرافیا","نقشه و مقیاس","مقیاس","محاسبات","متوسط","در نقشه‌ای با مقیاس ۱ سانتی‌متر برابر ۵ کیلومتر، 21 سانتی‌متر چه فاصله واقعی را نشان می‌دهد؟","105","110","100","210","A","فاصله واقعی برابر 21×۵ یعنی 105 کیلومتر است.","ترنم همدلی","original","1405"
"یازدهم","انسانی","جغرافیا","جغرافیا","نقشه و مقیاس","مقیاس","محاسبات","آسان","فاصله 22 سانتی‌متری روی نقشه‌ای که هر سانتی‌متر آن ۵ کیلومتر است، چند کیلومتر خواهد بود؟","110","115","105","220","A","فاصله واقعی برابر 22×۵ یعنی 110 کیلومتر است.","ترنم همدلی","original","1405"
"یازدهم","انسانی","جغرافیا","جغرافیا","نقشه و مقیاس","مقیاس","محاسبات","متوسط","اگر هر ۱ سانتی‌متر روی نقشه معادل ۵ کیلومتر باشد، فاصله 23 سانتی‌متری چند کیلومتر است؟","115","120","110","230","A","فاصله واقعی برابر 23×۵ یعنی 115 کیلومتر است.","ترنم همدلی","original","1405"
"یازدهم","انسانی","جغرافیا","جغرافیا","نقشه و مقیاس","مقیاس","محاسبات","متوسط","در نقشه‌ای با مقیاس ۱ سانتی‌متر برابر ۵ کیلومتر، 24 سانتی‌متر چه فاصله واقعی را نشان می‌دهد؟","120","125","115","240","A","فاصله واقعی برابر 24×۵ یعنی 120 کیلومتر است.","ترنم همدلی","original","1405"
"یازدهم","انسانی","جغرافیا","جغرافیا","نقشه و مقیاس","مقیاس","محاسبات","متوسط","فاصله 25 سانتی‌متری روی نقشه‌ای که هر سانتی‌متر آن ۵ کیلومتر است، چند کیلومتر خواهد بود؟","125","130","120","250","A","فاصله واقعی برابر 25×۵ یعنی 125 کیلومتر است.","ترنم همدلی","original","1405"
"یازدهم","انسانی","جغرافیا","جغرافیا","نقشه و مقیاس","مقیاس","محاسبات","آسان","اگر هر ۱ سانتی‌متر روی نقشه معادل ۵ کیلومتر باشد، فاصله 26 سانتی‌متری چند کیلومتر است؟","130","135","125","260","A","فاصله واقعی برابر 26×۵ یعنی 130 کیلومتر است.","ترنم همدلی","original","1405"
"یازدهم","انسانی","جغرافیا","جغرافیا","نقشه و مقیاس","مقیاس","محاسبات","متوسط","در نقشه‌ای با مقیاس ۱ سانتی‌متر برابر ۵ کیلومتر، 27 سانتی‌متر چه فاصله واقعی را نشان می‌دهد؟","135","140","130","270","A","فاصله واقعی برابر 27×۵ یعنی 135 کیلومتر است.","ترنم همدلی","original","1405"
"یازدهم","انسانی","جغرافیا","جغرافیا","نقشه و مقیاس","مقیاس","محاسبات","متوسط","فاصله 28 سانتی‌متری روی نقشه‌ای که هر سانتی‌متر آن ۵ کیلومتر است، چند کیلومتر خواهد بود؟","140","145","135","280","A","فاصله واقعی برابر 28×۵ یعنی 140 کیلومتر است.","ترنم همدلی","original","1405"
"یازدهم","انسانی","جغرافیا","جغرافیا","نقشه و مقیاس","مقیاس","محاسبات","متوسط","اگر هر ۱ سانتی‌متر روی نقشه معادل ۵ کیلومتر باشد، فاصله 29 سانتی‌متری چند کیلومتر است؟","145","150","140","290","A","فاصله واقعی برابر 29×۵ یعنی 145 کیلومتر است.","ترنم همدلی","original","1405"
"یازدهم","انسانی","جغرافیا","جغرافیا","نقشه و مقیاس","مقیاس","محاسبات","آسان","در نقشه‌ای با مقیاس ۱ سانتی‌متر برابر ۵ کیلومتر، 30 سانتی‌متر چه فاصله واقعی را نشان می‌دهد؟","150","155","145","300","A","فاصله واقعی برابر 30×۵ یعنی 150 کیلومتر است.","ترنم همدلی","original","1405"
"یازدهم","انسانی","جغرافیا","جغرافیا","نقشه و مقیاس","مقیاس","محاسبات","متوسط","فاصله 31 سانتی‌متری روی نقشه‌ای که هر سانتی‌متر آن ۵ کیلومتر است، چند کیلومتر خواهد بود؟","155","160","150","310","A","فاصله واقعی برابر 31×۵ یعنی 155 کیلومتر است.","ترنم همدلی","original","1405"
"یازدهم","انسانی","جغرافیا","جغرافیا","نقشه و مقیاس","مقیاس","محاسبات","متوسط","اگر هر ۱ سانتی‌متر روی نقشه معادل ۵ کیلومتر باشد، فاصله 2 سانتی‌متری چند کیلومتر است؟","10","15","5","20","A","فاصله واقعی برابر 2×۵ یعنی 10 کیلومتر است.","ترنم همدلی","original","1405"
"یازدهم","انسانی","جغرافیا","جغرافیا","نقشه و مقیاس","مقیاس","محاسبات","متوسط","در نقشه‌ای با مقیاس ۱ سانتی‌متر برابر ۵ کیلومتر، 3 سانتی‌متر چه فاصله واقعی را نشان می‌دهد؟","15","20","10","30","A","فاصله واقعی برابر 3×۵ یعنی 15 کیلومتر است.","ترنم همدلی","original","1405"
"یازدهم","انسانی","جغرافیا","جغرافیا","نقشه و مقیاس","مقیاس","محاسبات","آسان","فاصله 4 سانتی‌متری روی نقشه‌ای که هر سانتی‌متر آن ۵ کیلومتر است، چند کیلومتر خواهد بود؟","20","25","15","40","A","فاصله واقعی برابر 4×۵ یعنی 20 کیلومتر است.","ترنم همدلی","original","1405"
"یازدهم","انسانی","جغرافیا","جغرافیا","نقشه و مقیاس","مقیاس","محاسبات","متوسط","اگر هر ۱ سانتی‌متر روی نقشه معادل ۵ کیلومتر باشد، فاصله 5 سانتی‌متری چند کیلومتر است؟","25","30","20","50","A","فاصله واقعی برابر 5×۵ یعنی 25 کیلومتر است.","ترنم همدلی","original","1405"
"یازدهم","انسانی","جغرافیا","جغرافیا","نقشه و مقیاس","مقیاس","محاسبات","متوسط","در نقشه‌ای با مقیاس ۱ سانتی‌متر برابر ۵ کیلومتر، 6 سانتی‌متر چه فاصله واقعی را نشان می‌دهد؟","30","35","25","60","A","فاصله واقعی برابر 6×۵ یعنی 30 کیلومتر است.","ترنم همدلی","original","1405"
"یازدهم","انسانی","جغرافیا","جغرافیا","نقشه و مقیاس","مقیاس","محاسبات","متوسط","فاصله 7 سانتی‌متری روی نقشه‌ای که هر سانتی‌متر آن ۵ کیلومتر است، چند کیلومتر خواهد بود؟","35","40","30","70","A","فاصله واقعی برابر 7×۵ یعنی 35 کیلومتر است.","ترنم همدلی","original","1405"
"یازدهم","انسانی","جغرافیا","جغرافیا","نقشه و مقیاس","مقیاس","محاسبات","آسان","اگر هر ۱ سانتی‌متر روی نقشه معادل ۵ کیلومتر باشد، فاصله 8 سانتی‌متری چند کیلومتر است؟","40","45","35","80","A","فاصله واقعی برابر 8×۵ یعنی 40 کیلومتر است.","ترنم همدلی","original","1405"
"یازدهم","انسانی","جغرافیا","جغرافیا","نقشه و مقیاس","مقیاس","محاسبات","متوسط","در نقشه‌ای با مقیاس ۱ سانتی‌متر برابر ۵ کیلومتر، 9 سانتی‌متر چه فاصله واقعی را نشان می‌دهد؟","45","50","40","90","A","فاصله واقعی برابر 9×۵ یعنی 45 کیلومتر است.","ترنم همدلی","original","1405"
"یازدهم","انسانی","جغرافیا","جغرافیا","نقشه و مقیاس","مقیاس","محاسبات","متوسط","فاصله 10 سانتی‌متری روی نقشه‌ای که هر سانتی‌متر آن ۵ کیلومتر است، چند کیلومتر خواهد بود؟","50","55","45","100","A","فاصله واقعی برابر 10×۵ یعنی 50 کیلومتر است.","ترنم همدلی","original","1405"
"یازدهم","انسانی","جغرافیا","جغرافیا","نقشه و مقیاس","مقیاس","محاسبات","متوسط","اگر هر ۱ سانتی‌متر روی نقشه معادل ۵ کیلومتر باشد، فاصله 11 سانتی‌متری چند کیلومتر است؟","55","60","50","110","A","فاصله واقعی برابر 11×۵ یعنی 55 کیلومتر است.","ترنم همدلی","original","1405"
"یازدهم","انسانی","جغرافیا","جغرافیا","نقشه و مقیاس","مقیاس","محاسبات","آسان","در نقشه‌ای با مقیاس ۱ سانتی‌متر برابر ۵ کیلومتر، 12 سانتی‌متر چه فاصله واقعی را نشان می‌دهد؟","60","65","55","120","A","فاصله واقعی برابر 12×۵ یعنی 60 کیلومتر است.","ترنم همدلی","original","1405"
"یازدهم","انسانی","جغرافیا","جغرافیا","نقشه و مقیاس","مقیاس","محاسبات","متوسط","فاصله 13 سانتی‌متری روی نقشه‌ای که هر سانتی‌متر آن ۵ کیلومتر است، چند کیلومتر خواهد بود؟","65","70","60","130","A","فاصله واقعی برابر 13×۵ یعنی 65 کیلومتر است.","ترنم همدلی","original","1405"
"یازدهم","انسانی","جغرافیا","جغرافیا","نقشه و مقیاس","مقیاس","محاسبات","متوسط","اگر هر ۱ سانتی‌متر روی نقشه معادل ۵ کیلومتر باشد، فاصله 14 سانتی‌متری چند کیلومتر است؟","70","75","65","140","A","فاصله واقعی برابر 14×۵ یعنی 70 کیلومتر است.","ترنم همدلی","original","1405"
"یازدهم","انسانی","جغرافیا","جغرافیا","نقشه و مقیاس","مقیاس","محاسبات","متوسط","در نقشه‌ای با مقیاس ۱ سانتی‌متر برابر ۵ کیلومتر، 15 سانتی‌متر چه فاصله واقعی را نشان می‌دهد؟","75","80","70","150","A","فاصله واقعی برابر 15×۵ یعنی 75 کیلومتر است.","ترنم همدلی","original","1405"
"یازدهم","انسانی","جغرافیا","جغرافیا","نقشه و مقیاس","مقیاس","محاسبات","آسان","فاصله 16 سانتی‌متری روی نقشه‌ای که هر سانتی‌متر آن ۵ کیلومتر است، چند کیلومتر خواهد بود؟","80","85","75","160","A","فاصله واقعی برابر 16×۵ یعنی 80 کیلومتر است.","ترنم همدلی","original","1405"
"یازدهم","انسانی","جغرافیا","جغرافیا","نقشه و مقیاس","مقیاس","محاسبات","متوسط","اگر هر ۱ سانتی‌متر روی نقشه معادل ۵ کیلومتر باشد، فاصله 17 سانتی‌متری چند کیلومتر است؟","85","90","80","170","A","فاصله واقعی برابر 17×۵ یعنی 85 کیلومتر است.","ترنم همدلی","original","1405"
"یازدهم","انسانی","جغرافیا","جغرافیا","نقشه و مقیاس","مقیاس","محاسبات","متوسط","در نقشه‌ای با مقیاس ۱ سانتی‌متر برابر ۵ کیلومتر، 18 سانتی‌متر چه فاصله واقعی را نشان می‌دهد؟","90","95","85","180","A","فاصله واقعی برابر 18×۵ یعنی 90 کیلومتر است.","ترنم همدلی","original","1405"
"یازدهم","انسانی","جغرافیا","جغرافیا","نقشه و مقیاس","مقیاس","محاسبات","متوسط","فاصله 19 سانتی‌متری روی نقشه‌ای که هر سانتی‌متر آن ۵ کیلومتر است، چند کیلومتر خواهد بود؟","95","100","90","190","A","فاصله واقعی برابر 19×۵ یعنی 95 کیلومتر است.","ترنم همدلی","original","1405"
"یازدهم","انسانی","جغرافیا","جغرافیا","نقشه و مقیاس","مقیاس","محاسبات","آسان","اگر هر ۱ سانتی‌متر روی نقشه معادل ۵ کیلومتر باشد، فاصله 20 سانتی‌متری چند کیلومتر است؟","100","105","95","200","A","فاصله واقعی برابر 20×۵ یعنی 100 کیلومتر است.","ترنم همدلی","original","1405"
"یازدهم","انسانی","جغرافیا","جغرافیا","نقشه و مقیاس","مقیاس","محاسبات","متوسط","در نقشه‌ای با مقیاس ۱ سانتی‌متر برابر ۵ کیلومتر، 21 سانتی‌متر چه فاصله واقعی را نشان می‌دهد؟","105","110","100","210","A","فاصله واقعی برابر 21×۵ یعنی 105 کیلومتر است.","ترنم همدلی","original","1405"
"یازدهم","انسانی","جغرافیا","جغرافیا","نقشه و مقیاس","مقیاس","محاسبات","متوسط","فاصله 22 سانتی‌متری روی نقشه‌ای که هر سانتی‌متر آن ۵ کیلومتر است، چند کیلومتر خواهد بود؟","110","115","105","220","A","فاصله واقعی برابر 22×۵ یعنی 110 کیلومتر است.","ترنم همدلی","original","1405"
"یازدهم","انسانی","جغرافیا","جغرافیا","نقشه و مقیاس","مقیاس","محاسبات","متوسط","اگر هر ۱ سانتی‌متر روی نقشه معادل ۵ کیلومتر باشد، فاصله 23 سانتی‌متری چند کیلومتر است؟","115","120","110","230","A","فاصله واقعی برابر 23×۵ یعنی 115 کیلومتر است.","ترنم همدلی","original","1405"
"یازدهم","انسانی","جغرافیا","جغرافیا","نقشه و مقیاس","مقیاس","محاسبات","آسان","در نقشه‌ای با مقیاس ۱ سانتی‌متر برابر ۵ کیلومتر، 24 سانتی‌متر چه فاصله واقعی را نشان می‌دهد؟","120","125","115","240","A","فاصله واقعی برابر 24×۵ یعنی 120 کیلومتر است.","ترنم همدلی","original","1405"
"یازدهم","انسانی","جغرافیا","جغرافیا","نقشه و مقیاس","مقیاس","محاسبات","متوسط","فاصله 25 سانتی‌متری روی نقشه‌ای که هر سانتی‌متر آن ۵ کیلومتر است، چند کیلومتر خواهد بود؟","125","130","120","250","A","فاصله واقعی برابر 25×۵ یعنی 125 کیلومتر است.","ترنم همدلی","original","1405"
"یازدهم","انسانی","جغرافیا","جغرافیا","نقشه و مقیاس","مقیاس","محاسبات","متوسط","اگر هر ۱ سانتی‌متر روی نقشه معادل ۵ کیلومتر باشد، فاصله 26 سانتی‌متری چند کیلومتر است؟","130","135","125","260","A","فاصله واقعی برابر 26×۵ یعنی 130 کیلومتر است.","ترنم همدلی","original","1405"
"یازدهم","انسانی","جغرافیا","جغرافیا","نقشه و مقیاس","مقیاس","محاسبات","متوسط","در نقشه‌ای با مقیاس ۱ سانتی‌متر برابر ۵ کیلومتر، 27 سانتی‌متر چه فاصله واقعی را نشان می‌دهد؟","135","140","130","270","A","فاصله واقعی برابر 27×۵ یعنی 135 کیلومتر است.","ترنم همدلی","original","1405"
"یازدهم","انسانی","جغرافیا","جغرافیا","نقشه و مقیاس","مقیاس","محاسبات","آسان","فاصله 28 سانتی‌متری روی نقشه‌ای که هر سانتی‌متر آن ۵ کیلومتر است، چند کیلومتر خواهد بود؟","140","145","135","280","A","فاصله واقعی برابر 28×۵ یعنی 140 کیلومتر است.","ترنم همدلی","original","1405"
"یازدهم","انسانی","جغرافیا","جغرافیا","نقشه و مقیاس","مقیاس","محاسبات","متوسط","اگر هر ۱ سانتی‌متر روی نقشه معادل ۵ کیلومتر باشد، فاصله 29 سانتی‌متری چند کیلومتر است؟","145","150","140","290","A","فاصله واقعی برابر 29×۵ یعنی 145 کیلومتر است.","ترنم همدلی","original","1405"
"یازدهم","انسانی","جغرافیا","جغرافیا","نقشه و مقیاس","مقیاس","محاسبات","متوسط","در نقشه‌ای با مقیاس ۱ سانتی‌متر برابر ۵ کیلومتر، 30 سانتی‌متر چه فاصله واقعی را نشان می‌دهد؟","150","155","145","300","A","فاصله واقعی برابر 30×۵ یعنی 150 کیلومتر است.","ترنم همدلی","original","1405"
"یازدهم","انسانی","جغرافیا","جغرافیا","نقشه و مقیاس","مقیاس","محاسبات","متوسط","فاصله 31 سانتی‌متری روی نقشه‌ای که هر سانتی‌متر آن ۵ کیلومتر است، چند کیلومتر خواهد بود؟","155","160","150","310","A","فاصله واقعی برابر 31×۵ یعنی 155 کیلومتر است.","ترنم همدلی","original","1405"
"یازدهم","انسانی","جغرافیا","جغرافیا","نقشه و مقیاس","مقیاس","محاسبات","آسان","اگر هر ۱ سانتی‌متر روی نقشه معادل ۵ کیلومتر باشد، فاصله 2 سانتی‌متری چند کیلومتر است؟","10","15","5","20","A","فاصله واقعی برابر 2×۵ یعنی 10 کیلومتر است.","ترنم همدلی","original","1405"
"یازدهم","انسانی","جغرافیا","جغرافیا","نقشه و مقیاس","مقیاس","محاسبات","متوسط","در نقشه‌ای با مقیاس ۱ سانتی‌متر برابر ۵ کیلومتر، 3 سانتی‌متر چه فاصله واقعی را نشان می‌دهد؟","15","20","10","30","A","فاصله واقعی برابر 3×۵ یعنی 15 کیلومتر است.","ترنم همدلی","original","1405"
"یازدهم","انسانی","جغرافیا","جغرافیا","نقشه و مقیاس","مقیاس","محاسبات","متوسط","فاصله 4 سانتی‌متری روی نقشه‌ای که هر سانتی‌متر آن ۵ کیلومتر است، چند کیلومتر خواهد بود؟","20","25","15","40","A","فاصله واقعی برابر 4×۵ یعنی 20 کیلومتر است.","ترنم همدلی","original","1405"
"یازدهم","انسانی","جغرافیا","جغرافیا","نقشه و مقیاس","مقیاس","محاسبات","متوسط","اگر هر ۱ سانتی‌متر روی نقشه معادل ۵ کیلومتر باشد، فاصله 5 سانتی‌متری چند کیلومتر است؟","25","30","20","50","A","فاصله واقعی برابر 5×۵ یعنی 25 کیلومتر است.","ترنم همدلی","original","1405"
"یازدهم","انسانی","جغرافیا","جغرافیا","نقشه و مقیاس","مقیاس","محاسبات","آسان","در نقشه‌ای با مقیاس ۱ سانتی‌متر برابر ۵ کیلومتر، 6 سانتی‌متر چه فاصله واقعی را نشان می‌دهد؟","30","35","25","60","A","فاصله واقعی برابر 6×۵ یعنی 30 کیلومتر است.","ترنم همدلی","original","1405"
"یازدهم","انسانی","جغرافیا","جغرافیا","نقشه و مقیاس","مقیاس","محاسبات","متوسط","فاصله 7 سانتی‌متری روی نقشه‌ای که هر سانتی‌متر آن ۵ کیلومتر است، چند کیلومتر خواهد بود؟","35","40","30","70","A","فاصله واقعی برابر 7×۵ یعنی 35 کیلومتر است.","ترنم همدلی","original","1405"
"یازدهم","انسانی","جغرافیا","جغرافیا","نقشه و مقیاس","مقیاس","محاسبات","متوسط","اگر هر ۱ سانتی‌متر روی نقشه معادل ۵ کیلومتر باشد، فاصله 8 سانتی‌متری چند کیلومتر است؟","40","45","35","80","A","فاصله واقعی برابر 8×۵ یعنی 40 کیلومتر است.","ترنم همدلی","original","1405"
"یازدهم","انسانی","جغرافیا","جغرافیا","نقشه و مقیاس","مقیاس","محاسبات","متوسط","در نقشه‌ای با مقیاس ۱ سانتی‌متر برابر ۵ کیلومتر، 9 سانتی‌متر چه فاصله واقعی را نشان می‌دهد؟","45","50","40","90","A","فاصله واقعی برابر 9×۵ یعنی 45 کیلومتر است.","ترنم همدلی","original","1405"
"یازدهم","انسانی","جغرافیا","جغرافیا","نقشه و مقیاس","مقیاس","محاسبات","آسان","فاصله 10 سانتی‌متری روی نقشه‌ای که هر سانتی‌متر آن ۵ کیلومتر است، چند کیلومتر خواهد بود؟","50","55","45","100","A","فاصله واقعی برابر 10×۵ یعنی 50 کیلومتر است.","ترنم همدلی","original","1405"
"یازدهم","انسانی","جغرافیا","جغرافیا","نقشه و مقیاس","مقیاس","محاسبات","متوسط","اگر هر ۱ سانتی‌متر روی نقشه معادل ۵ کیلومتر باشد، فاصله 11 سانتی‌متری چند کیلومتر است؟","55","60","50","110","A","فاصله واقعی برابر 11×۵ یعنی 55 کیلومتر است.","ترنم همدلی","original","1405"
"یازدهم","انسانی","جغرافیا","جغرافیا","نقشه و مقیاس","مقیاس","محاسبات","متوسط","در نقشه‌ای با مقیاس ۱ سانتی‌متر برابر ۵ کیلومتر، 12 سانتی‌متر چه فاصله واقعی را نشان می‌دهد؟","60","65","55","120","A","فاصله واقعی برابر 12×۵ یعنی 60 کیلومتر است.","ترنم همدلی","original","1405"
"یازدهم","انسانی","جغرافیا","جغرافیا","نقشه و مقیاس","مقیاس","محاسبات","متوسط","فاصله 13 سانتی‌متری روی نقشه‌ای که هر سانتی‌متر آن ۵ کیلومتر است، چند کیلومتر خواهد بود؟","65","70","60","130","A","فاصله واقعی برابر 13×۵ یعنی 65 کیلومتر است.","ترنم همدلی","original","1405"
"یازدهم","انسانی","جغرافیا","جغرافیا","نقشه و مقیاس","مقیاس","محاسبات","آسان","اگر هر ۱ سانتی‌متر روی نقشه معادل ۵ کیلومتر باشد، فاصله 14 سانتی‌متری چند کیلومتر است؟","70","75","65","140","A","فاصله واقعی برابر 14×۵ یعنی 70 کیلومتر است.","ترنم همدلی","original","1405"
"یازدهم","انسانی","جغرافیا","جغرافیا","نقشه و مقیاس","مقیاس","محاسبات","متوسط","در نقشه‌ای با مقیاس ۱ سانتی‌متر برابر ۵ کیلومتر، 15 سانتی‌متر چه فاصله واقعی را نشان می‌دهد؟","75","80","70","150","A","فاصله واقعی برابر 15×۵ یعنی 75 کیلومتر است.","ترنم همدلی","original","1405"
"یازدهم","انسانی","جغرافیا","جغرافیا","نقشه و مقیاس","مقیاس","محاسبات","متوسط","فاصله 16 سانتی‌متری روی نقشه‌ای که هر سانتی‌متر آن ۵ کیلومتر است، چند کیلومتر خواهد بود؟","80","85","75","160","A","فاصله واقعی برابر 16×۵ یعنی 80 کیلومتر است.","ترنم همدلی","original","1405"
"یازدهم","انسانی","جغرافیا","جغرافیا","نقشه و مقیاس","مقیاس","محاسبات","متوسط","اگر هر ۱ سانتی‌متر روی نقشه معادل ۵ کیلومتر باشد، فاصله 17 سانتی‌متری چند کیلومتر است؟","85","90","80","170","A","فاصله واقعی برابر 17×۵ یعنی 85 کیلومتر است.","ترنم همدلی","original","1405"
"یازدهم","انسانی","جغرافیا","جغرافیا","نقشه و مقیاس","مقیاس","محاسبات","آسان","در نقشه‌ای با مقیاس ۱ سانتی‌متر برابر ۵ کیلومتر، 18 سانتی‌متر چه فاصله واقعی را نشان می‌دهد؟","90","95","85","180","A","فاصله واقعی برابر 18×۵ یعنی 90 کیلومتر است.","ترنم همدلی","original","1405"
"یازدهم","انسانی","جغرافیا","جغرافیا","نقشه و مقیاس","مقیاس","محاسبات","متوسط","فاصله 19 سانتی‌متری روی نقشه‌ای که هر سانتی‌متر آن ۵ کیلومتر است، چند کیلومتر خواهد بود؟","95","100","90","190","A","فاصله واقعی برابر 19×۵ یعنی 95 کیلومتر است.","ترنم همدلی","original","1405"
"یازدهم","انسانی","جغرافیا","جغرافیا","نقشه و مقیاس","مقیاس","محاسبات","متوسط","اگر هر ۱ سانتی‌متر روی نقشه معادل ۵ کیلومتر باشد، فاصله 20 سانتی‌متری چند کیلومتر است؟","100","105","95","200","A","فاصله واقعی برابر 20×۵ یعنی 100 کیلومتر است.","ترنم همدلی","original","1405"
"یازدهم","انسانی","جغرافیا","جغرافیا","نقشه و مقیاس","مقیاس","محاسبات","متوسط","در نقشه‌ای با مقیاس ۱ سانتی‌متر برابر ۵ کیلومتر، 21 سانتی‌متر چه فاصله واقعی را نشان می‌دهد؟","105","110","100","210","A","فاصله واقعی برابر 21×۵ یعنی 105 کیلومتر است.","ترنم همدلی","original","1405"
"یازدهم","انسانی","جغرافیا","جغرافیا","نقشه و مقیاس","مقیاس","محاسبات","آسان","فاصله 22 سانتی‌متری روی نقشه‌ای که هر سانتی‌متر آن ۵ کیلومتر است، چند کیلومتر خواهد بود؟","110","115","105","220","A","فاصله واقعی برابر 22×۵ یعنی 110 کیلومتر است.","ترنم همدلی","original","1405"
"یازدهم","انسانی","جغرافیا","جغرافیا","نقشه و مقیاس","مقیاس","محاسبات","متوسط","اگر هر ۱ سانتی‌متر روی نقشه معادل ۵ کیلومتر باشد، فاصله 23 سانتی‌متری چند کیلومتر است؟","115","120","110","230","A","فاصله واقعی برابر 23×۵ یعنی 115 کیلومتر است.","ترنم همدلی","original","1405"
"یازدهم","انسانی","جغرافیا","جغرافیا","نقشه و مقیاس","مقیاس","محاسبات","متوسط","در نقشه‌ای با مقیاس ۱ سانتی‌متر برابر ۵ کیلومتر، 24 سانتی‌متر چه فاصله واقعی را نشان می‌دهد؟","120","125","115","240","A","فاصله واقعی برابر 24×۵ یعنی 120 کیلومتر است.","ترنم همدلی","original","1405"
"یازدهم","انسانی","جغرافیا","جغرافیا","نقشه و مقیاس","مقیاس","محاسبات","متوسط","فاصله 25 سانتی‌متری روی نقشه‌ای که هر سانتی‌متر آن ۵ کیلومتر است، چند کیلومتر خواهد بود؟","125","130","120","250","A","فاصله واقعی برابر 25×۵ یعنی 125 کیلومتر است.","ترنم همدلی","original","1405"
"یازدهم","انسانی","جغرافیا","جغرافیا","نقشه و مقیاس","مقیاس","محاسبات","آسان","اگر هر ۱ سانتی‌متر روی نقشه معادل ۵ کیلومتر باشد، فاصله 26 سانتی‌متری چند کیلومتر است؟","130","135","125","260","A","فاصله واقعی برابر 26×۵ یعنی 130 کیلومتر است.","ترنم همدلی","original","1405"
"یازدهم","انسانی","جغرافیا","جغرافیا","نقشه و مقیاس","مقیاس","محاسبات","متوسط","در نقشه‌ای با مقیاس ۱ سانتی‌متر برابر ۵ کیلومتر، 27 سانتی‌متر چه فاصله واقعی را نشان می‌دهد؟","135","140","130","270","A","فاصله واقعی برابر 27×۵ یعنی 135 کیلومتر است.","ترنم همدلی","original","1405"
"یازدهم","انسانی","جغرافیا","جغرافیا","نقشه و مقیاس","مقیاس","محاسبات","متوسط","فاصله 28 سانتی‌متری روی نقشه‌ای که هر سانتی‌متر آن ۵ کیلومتر است، چند کیلومتر خواهد بود؟","140","145","135","280","A","فاصله واقعی برابر 28×۵ یعنی 140 کیلومتر است.","ترنم همدلی","original","1405"
"یازدهم","انسانی","جغرافیا","جغرافیا","نقشه و مقیاس","مقیاس","محاسبات","متوسط","اگر هر ۱ سانتی‌متر روی نقشه معادل ۵ کیلومتر باشد، فاصله 29 سانتی‌متری چند کیلومتر است؟","145","150","140","290","A","فاصله واقعی برابر 29×۵ یعنی 145 کیلومتر است.","ترنم همدلی","original","1405"
"یازدهم","انسانی","جغرافیا","جغرافیا","نقشه و مقیاس","مقیاس","محاسبات","آسان","در نقشه‌ای با مقیاس ۱ سانتی‌متر برابر ۵ کیلومتر، 30 سانتی‌متر چه فاصله واقعی را نشان می‌دهد؟","150","155","145","300","A","فاصله واقعی برابر 30×۵ یعنی 150 کیلومتر است.","ترنم همدلی","original","1405"
"یازدهم","انسانی","جغرافیا","جغرافیا","نقشه و مقیاس","مقیاس","محاسبات","متوسط","فاصله 31 سانتی‌متری روی نقشه‌ای که هر سانتی‌متر آن ۵ کیلومتر است، چند کیلومتر خواهد بود؟","155","160","150","310","A","فاصله واقعی برابر 31×۵ یعنی 155 کیلومتر است.","ترنم همدلی","original","1405"
"یازدهم","انسانی","جغرافیا","جغرافیا","نقشه و مقیاس","مقیاس","محاسبات","متوسط","اگر هر ۱ سانتی‌متر روی نقشه معادل ۵ کیلومتر باشد، فاصله 2 سانتی‌متری چند کیلومتر است؟","10","15","5","20","A","فاصله واقعی برابر 2×۵ یعنی 10 کیلومتر است.","ترنم همدلی","original","1405"
"یازدهم","انسانی","جغرافیا","جغرافیا","نقشه و مقیاس","مقیاس","محاسبات","متوسط","در نقشه‌ای با مقیاس ۱ سانتی‌متر برابر ۵ کیلومتر، 3 سانتی‌متر چه فاصله واقعی را نشان می‌دهد؟","15","20","10","30","A","فاصله واقعی برابر 3×۵ یعنی 15 کیلومتر است.","ترنم همدلی","original","1405"
"یازدهم","انسانی","جغرافیا","جغرافیا","نقشه و مقیاس","مقیاس","محاسبات","آسان","فاصله 4 سانتی‌متری روی نقشه‌ای که هر سانتی‌متر آن ۵ کیلومتر است، چند کیلومتر خواهد بود؟","20","25","15","40","A","فاصله واقعی برابر 4×۵ یعنی 20 کیلومتر است.","ترنم همدلی","original","1405"
"یازدهم","انسانی","جغرافیا","جغرافیا","نقشه و مقیاس","مقیاس","محاسبات","متوسط","اگر هر ۱ سانتی‌متر روی نقشه معادل ۵ کیلومتر باشد، فاصله 5 سانتی‌متری چند کیلومتر است؟","25","30","20","50","A","فاصله واقعی برابر 5×۵ یعنی 25 کیلومتر است.","ترنم همدلی","original","1405"
"یازدهم","انسانی","جغرافیا","جغرافیا","نقشه و مقیاس","مقیاس","محاسبات","متوسط","در نقشه‌ای با مقیاس ۱ سانتی‌متر برابر ۵ کیلومتر، 6 سانتی‌متر چه فاصله واقعی را نشان می‌دهد؟","30","35","25","60","A","فاصله واقعی برابر 6×۵ یعنی 30 کیلومتر است.","ترنم همدلی","original","1405"
"یازدهم","انسانی","جغرافیا","جغرافیا","نقشه و مقیاس","مقیاس","محاسبات","متوسط","فاصله 7 سانتی‌متری روی نقشه‌ای که هر سانتی‌متر آن ۵ کیلومتر است، چند کیلومتر خواهد بود؟","35","40","30","70","A","فاصله واقعی برابر 7×۵ یعنی 35 کیلومتر است.","ترنم همدلی","original","1405"
"یازدهم","انسانی","جغرافیا","جغرافیا","نقشه و مقیاس","مقیاس","محاسبات","آسان","اگر هر ۱ سانتی‌متر روی نقشه معادل ۵ کیلومتر باشد، فاصله 8 سانتی‌متری چند کیلومتر است؟","40","45","35","80","A","فاصله واقعی برابر 8×۵ یعنی 40 کیلومتر است.","ترنم همدلی","original","1405"
"یازدهم","انسانی","جغرافیا","جغرافیا","نقشه و مقیاس","مقیاس","محاسبات","متوسط","در نقشه‌ای با مقیاس ۱ سانتی‌متر برابر ۵ کیلومتر، 9 سانتی‌متر چه فاصله واقعی را نشان می‌دهد؟","45","50","40","90","A","فاصله واقعی برابر 9×۵ یعنی 45 کیلومتر است.","ترنم همدلی","original","1405"
"یازدهم","انسانی","جغرافیا","جغرافیا","نقشه و مقیاس","مقیاس","محاسبات","متوسط","فاصله 10 سانتی‌متری روی نقشه‌ای که هر سانتی‌متر آن ۵ کیلومتر است، چند کیلومتر خواهد بود؟","50","55","45","100","A","فاصله واقعی برابر 10×۵ یعنی 50 کیلومتر است.","ترنم همدلی","original","1405"
"یازدهم","انسانی","جغرافیا","جغرافیا","نقشه و مقیاس","مقیاس","محاسبات","متوسط","اگر هر ۱ سانتی‌متر روی نقشه معادل ۵ کیلومتر باشد، فاصله 11 سانتی‌متری چند کیلومتر است؟","55","60","50","110","A","فاصله واقعی برابر 11×۵ یعنی 55 کیلومتر است.","ترنم همدلی","original","1405"
"یازدهم","انسانی","جغرافیا","جغرافیا","نقشه و مقیاس","مقیاس","محاسبات","آسان","در نقشه‌ای با مقیاس ۱ سانتی‌متر برابر ۵ کیلومتر، 12 سانتی‌متر چه فاصله واقعی را نشان می‌دهد؟","60","65","55","120","A","فاصله واقعی برابر 12×۵ یعنی 60 کیلومتر است.","ترنم همدلی","original","1405"
"یازدهم","انسانی","جغرافیا","جغرافیا","نقشه و مقیاس","مقیاس","محاسبات","متوسط","فاصله 13 سانتی‌متری روی نقشه‌ای که هر سانتی‌متر آن ۵ کیلومتر است، چند کیلومتر خواهد بود؟","65","70","60","130","A","فاصله واقعی برابر 13×۵ یعنی 65 کیلومتر است.","ترنم همدلی","original","1405"
"یازدهم","انسانی","جغرافیا","جغرافیا","نقشه و مقیاس","مقیاس","محاسبات","متوسط","اگر هر ۱ سانتی‌متر روی نقشه معادل ۵ کیلومتر باشد، فاصله 14 سانتی‌متری چند کیلومتر است؟","70","75","65","140","A","فاصله واقعی برابر 14×۵ یعنی 70 کیلومتر است.","ترنم همدلی","original","1405"
"یازدهم","انسانی","جغرافیا","جغرافیا","نقشه و مقیاس","مقیاس","محاسبات","متوسط","در نقشه‌ای با مقیاس ۱ سانتی‌متر برابر ۵ کیلومتر، 15 سانتی‌متر چه فاصله واقعی را نشان می‌دهد؟","75","80","70","150","A","فاصله واقعی برابر 15×۵ یعنی 75 کیلومتر است.","ترنم همدلی","original","1405"
"یازدهم","انسانی","جغرافیا","جغرافیا","نقشه و مقیاس","مقیاس","محاسبات","آسان","فاصله 16 سانتی‌متری روی نقشه‌ای که هر سانتی‌متر آن ۵ کیلومتر است، چند کیلومتر خواهد بود؟","80","85","75","160","A","فاصله واقعی برابر 16×۵ یعنی 80 کیلومتر است.","ترنم همدلی","original","1405"
"یازدهم","انسانی","جغرافیا","جغرافیا","نقشه و مقیاس","مقیاس","محاسبات","متوسط","اگر هر ۱ سانتی‌متر روی نقشه معادل ۵ کیلومتر باشد، فاصله 17 سانتی‌متری چند کیلومتر است؟","85","90","80","170","A","فاصله واقعی برابر 17×۵ یعنی 85 کیلومتر است.","ترنم همدلی","original","1405"
"یازدهم","انسانی","جغرافیا","جغرافیا","نقشه و مقیاس","مقیاس","محاسبات","متوسط","در نقشه‌ای با مقیاس ۱ سانتی‌متر برابر ۵ کیلومتر، 18 سانتی‌متر چه فاصله واقعی را نشان می‌دهد؟","90","95","85","180","A","فاصله واقعی برابر 18×۵ یعنی 90 کیلومتر است.","ترنم همدلی","original","1405"
"یازدهم","انسانی","جغرافیا","جغرافیا","نقشه و مقیاس","مقیاس","محاسبات","متوسط","فاصله 19 سانتی‌متری روی نقشه‌ای که هر سانتی‌متر آن ۵ کیلومتر است، چند کیلومتر خواهد بود؟","95","100","90","190","A","فاصله واقعی برابر 19×۵ یعنی 95 کیلومتر است.","ترنم همدلی","original","1405"
"یازدهم","انسانی","جغرافیا","جغرافیا","نقشه و مقیاس","مقیاس","محاسبات","آسان","اگر هر ۱ سانتی‌متر روی نقشه معادل ۵ کیلومتر باشد، فاصله 20 سانتی‌متری چند کیلومتر است؟","100","105","95","200","A","فاصله واقعی برابر 20×۵ یعنی 100 کیلومتر است.","ترنم همدلی","original","1405"
"یازدهم","انسانی","جغرافیا","جغرافیا","نقشه و مقیاس","مقیاس","محاسبات","متوسط","در نقشه‌ای با مقیاس ۱ سانتی‌متر برابر ۵ کیلومتر، 21 سانتی‌متر چه فاصله واقعی را نشان می‌دهد؟","105","110","100","210","A","فاصله واقعی برابر 21×۵ یعنی 105 کیلومتر است.","ترنم همدلی","original","1405"
"یازدهم","انسانی","جغرافیا","جغرافیا","نقشه و مقیاس","مقیاس","محاسبات","متوسط","فاصله 22 سانتی‌متری روی نقشه‌ای که هر سانتی‌متر آن ۵ کیلومتر است، چند کیلومتر خواهد بود؟","110","115","105","220","A","فاصله واقعی برابر 22×۵ یعنی 110 کیلومتر است.","ترنم همدلی","original","1405"
"یازدهم","انسانی","جغرافیا","جغرافیا","نقشه و مقیاس","مقیاس","محاسبات","متوسط","اگر هر ۱ سانتی‌متر روی نقشه معادل ۵ کیلومتر باشد، فاصله 23 سانتی‌متری چند کیلومتر است؟","115","120","110","230","A","فاصله واقعی برابر 23×۵ یعنی 115 کیلومتر است.","ترنم همدلی","original","1405"
"یازدهم","انسانی","جغرافیا","جغرافیا","نقشه و مقیاس","مقیاس","محاسبات","آسان","در نقشه‌ای با مقیاس ۱ سانتی‌متر برابر ۵ کیلومتر، 24 سانتی‌متر چه فاصله واقعی را نشان می‌دهد؟","120","125","115","240","A","فاصله واقعی برابر 24×۵ یعنی 120 کیلومتر است.","ترنم همدلی","original","1405"
"یازدهم","انسانی","جغرافیا","جغرافیا","نقشه و مقیاس","مقیاس","محاسبات","متوسط","فاصله 25 سانتی‌متری روی نقشه‌ای که هر سانتی‌متر آن ۵ کیلومتر است، چند کیلومتر خواهد بود؟","125","130","120","250","A","فاصله واقعی برابر 25×۵ یعنی 125 کیلومتر است.","ترنم همدلی","original","1405"
"یازدهم","انسانی","جغرافیا","جغرافیا","نقشه و مقیاس","مقیاس","محاسبات","متوسط","اگر هر ۱ سانتی‌متر روی نقشه معادل ۵ کیلومتر باشد، فاصله 26 سانتی‌متری چند کیلومتر است؟","130","135","125","260","A","فاصله واقعی برابر 26×۵ یعنی 130 کیلومتر است.","ترنم همدلی","original","1405"
"یازدهم","انسانی","جغرافیا","جغرافیا","نقشه و مقیاس","مقیاس","محاسبات","متوسط","در نقشه‌ای با مقیاس ۱ سانتی‌متر برابر ۵ کیلومتر، 27 سانتی‌متر چه فاصله واقعی را نشان می‌دهد؟","135","140","130","270","A","فاصله واقعی برابر 27×۵ یعنی 135 کیلومتر است.","ترنم همدلی","original","1405"
"یازدهم","انسانی","جغرافیا","جغرافیا","نقشه و مقیاس","مقیاس","محاسبات","آسان","فاصله 28 سانتی‌متری روی نقشه‌ای که هر سانتی‌متر آن ۵ کیلومتر است، چند کیلومتر خواهد بود؟","140","145","135","280","A","فاصله واقعی برابر 28×۵ یعنی 140 کیلومتر است.","ترنم همدلی","original","1405"
"یازدهم","انسانی","جغرافیا","جغرافیا","نقشه و مقیاس","مقیاس","محاسبات","متوسط","اگر هر ۱ سانتی‌متر روی نقشه معادل ۵ کیلومتر باشد، فاصله 29 سانتی‌متری چند کیلومتر است؟","145","150","140","290","A","فاصله واقعی برابر 29×۵ یعنی 145 کیلومتر است.","ترنم همدلی","original","1405"
"یازدهم","انسانی","جغرافیا","جغرافیا","نقشه و مقیاس","مقیاس","محاسبات","متوسط","در نقشه‌ای با مقیاس ۱ سانتی‌متر برابر ۵ کیلومتر، 30 سانتی‌متر چه فاصله واقعی را نشان می‌دهد؟","150","155","145","300","A","فاصله واقعی برابر 30×۵ یعنی 150 کیلومتر است.","ترنم همدلی","original","1405"
"یازدهم","انسانی","جغرافیا","جغرافیا","نقشه و مقیاس","مقیاس","محاسبات","متوسط","فاصله 31 سانتی‌متری روی نقشه‌ای که هر سانتی‌متر آن ۵ کیلومتر است، چند کیلومتر خواهد بود؟","155","160","150","310","A","فاصله واقعی برابر 31×۵ یعنی 155 کیلومتر است.","ترنم همدلی","original","1405"
"یازدهم","انسانی","جغرافیا","جغرافیا","نقشه و مقیاس","مقیاس","محاسبات","آسان","اگر هر ۱ سانتی‌متر روی نقشه معادل ۵ کیلومتر باشد، فاصله 2 سانتی‌متری چند کیلومتر است؟","10","15","5","20","A","فاصله واقعی برابر 2×۵ یعنی 10 کیلومتر است.","ترنم همدلی","original","1405"
"یازدهم","انسانی","جغرافیا","جغرافیا","نقشه و مقیاس","مقیاس","محاسبات","متوسط","در نقشه‌ای با مقیاس ۱ سانتی‌متر برابر ۵ کیلومتر، 3 سانتی‌متر چه فاصله واقعی را نشان می‌دهد؟","15","20","10","30","A","فاصله واقعی برابر 3×۵ یعنی 15 کیلومتر است.","ترنم همدلی","original","1405"
"یازدهم","انسانی","جغرافیا","جغرافیا","نقشه و مقیاس","مقیاس","محاسبات","متوسط","فاصله 4 سانتی‌متری روی نقشه‌ای که هر سانتی‌متر آن ۵ کیلومتر است، چند کیلومتر خواهد بود؟","20","25","15","40","A","فاصله واقعی برابر 4×۵ یعنی 20 کیلومتر است.","ترنم همدلی","original","1405"
"یازدهم","انسانی","جغرافیا","جغرافیا","نقشه و مقیاس","مقیاس","محاسبات","متوسط","اگر هر ۱ سانتی‌متر روی نقشه معادل ۵ کیلومتر باشد، فاصله 5 سانتی‌متری چند کیلومتر است؟","25","30","20","50","A","فاصله واقعی برابر 5×۵ یعنی 25 کیلومتر است.","ترنم همدلی","original","1405"
"یازدهم","انسانی","جغرافیا","جغرافیا","نقشه و مقیاس","مقیاس","محاسبات","آسان","در نقشه‌ای با مقیاس ۱ سانتی‌متر برابر ۵ کیلومتر، 6 سانتی‌متر چه فاصله واقعی را نشان می‌دهد؟","30","35","25","60","A","فاصله واقعی برابر 6×۵ یعنی 30 کیلومتر است.","ترنم همدلی","original","1405"
"یازدهم","انسانی","جغرافیا","جغرافیا","نقشه و مقیاس","مقیاس","محاسبات","متوسط","فاصله 7 سانتی‌متری روی نقشه‌ای که هر سانتی‌متر آن ۵ کیلومتر است، چند کیلومتر خواهد بود؟","35","40","30","70","A","فاصله واقعی برابر 7×۵ یعنی 35 کیلومتر است.","ترنم همدلی","original","1405"
"یازدهم","انسانی","جغرافیا","جغرافیا","نقشه و مقیاس","مقیاس","محاسبات","متوسط","اگر هر ۱ سانتی‌متر روی نقشه معادل ۵ کیلومتر باشد، فاصله 8 سانتی‌متری چند کیلومتر است؟","40","45","35","80","A","فاصله واقعی برابر 8×۵ یعنی 40 کیلومتر است.","ترنم همدلی","original","1405"
"یازدهم","انسانی","جغرافیا","جغرافیا","نقشه و مقیاس","مقیاس","محاسبات","متوسط","در نقشه‌ای با مقیاس ۱ سانتی‌متر برابر ۵ کیلومتر، 9 سانتی‌متر چه فاصله واقعی را نشان می‌دهد؟","45","50","40","90","A","فاصله واقعی برابر 9×۵ یعنی 45 کیلومتر است.","ترنم همدلی","original","1405"
"یازدهم","انسانی","جغرافیا","جغرافیا","نقشه و مقیاس","مقیاس","محاسبات","آسان","فاصله 10 سانتی‌متری روی نقشه‌ای که هر سانتی‌متر آن ۵ کیلومتر است، چند کیلومتر خواهد بود؟","50","55","45","100","A","فاصله واقعی برابر 10×۵ یعنی 50 کیلومتر است.","ترنم همدلی","original","1405"
"یازدهم","انسانی","جغرافیا","جغرافیا","نقشه و مقیاس","مقیاس","محاسبات","متوسط","اگر هر ۱ سانتی‌متر روی نقشه معادل ۵ کیلومتر باشد، فاصله 11 سانتی‌متری چند کیلومتر است؟","55","60","50","110","A","فاصله واقعی برابر 11×۵ یعنی 55 کیلومتر است.","ترنم همدلی","original","1405"
"یازدهم","انسانی","جغرافیا","جغرافیا","نقشه و مقیاس","مقیاس","محاسبات","متوسط","در نقشه‌ای با مقیاس ۱ سانتی‌متر برابر ۵ کیلومتر، 12 سانتی‌متر چه فاصله واقعی را نشان می‌دهد؟","60","65","55","120","A","فاصله واقعی برابر 12×۵ یعنی 60 کیلومتر است.","ترنم همدلی","original","1405"
"یازدهم","انسانی","جغرافیا","جغرافیا","نقشه و مقیاس","مقیاس","محاسبات","متوسط","فاصله 13 سانتی‌متری روی نقشه‌ای که هر سانتی‌متر آن ۵ کیلومتر است، چند کیلومتر خواهد بود؟","65","70","60","130","A","فاصله واقعی برابر 13×۵ یعنی 65 کیلومتر است.","ترنم همدلی","original","1405"
"یازدهم","انسانی","جغرافیا","جغرافیا","نقشه و مقیاس","مقیاس","محاسبات","آسان","اگر هر ۱ سانتی‌متر روی نقشه معادل ۵ کیلومتر باشد، فاصله 14 سانتی‌متری چند کیلومتر است؟","70","75","65","140","A","فاصله واقعی برابر 14×۵ یعنی 70 کیلومتر است.","ترنم همدلی","original","1405"
"یازدهم","انسانی","جغرافیا","جغرافیا","نقشه و مقیاس","مقیاس","محاسبات","متوسط","در نقشه‌ای با مقیاس ۱ سانتی‌متر برابر ۵ کیلومتر، 15 سانتی‌متر چه فاصله واقعی را نشان می‌دهد؟","75","80","70","150","A","فاصله واقعی برابر 15×۵ یعنی 75 کیلومتر است.","ترنم همدلی","original","1405"
"یازدهم","انسانی","جغرافیا","جغرافیا","نقشه و مقیاس","مقیاس","محاسبات","متوسط","فاصله 16 سانتی‌متری روی نقشه‌ای که هر سانتی‌متر آن ۵ کیلومتر است، چند کیلومتر خواهد بود؟","80","85","75","160","A","فاصله واقعی برابر 16×۵ یعنی 80 کیلومتر است.","ترنم همدلی","original","1405"
"یازدهم","انسانی","جغرافیا","جغرافیا","نقشه و مقیاس","مقیاس","محاسبات","متوسط","اگر هر ۱ سانتی‌متر روی نقشه معادل ۵ کیلومتر باشد، فاصله 17 سانتی‌متری چند کیلومتر است؟","85","90","80","170","A","فاصله واقعی برابر 17×۵ یعنی 85 کیلومتر است.","ترنم همدلی","original","1405"
"یازدهم","انسانی","جغرافیا","جغرافیا","نقشه و مقیاس","مقیاس","محاسبات","آسان","در نقشه‌ای با مقیاس ۱ سانتی‌متر برابر ۵ کیلومتر، 18 سانتی‌متر چه فاصله واقعی را نشان می‌دهد؟","90","95","85","180","A","فاصله واقعی برابر 18×۵ یعنی 90 کیلومتر است.","ترنم همدلی","original","1405"
"یازدهم","انسانی","جغرافیا","جغرافیا","نقشه و مقیاس","مقیاس","محاسبات","متوسط","فاصله 19 سانتی‌متری روی نقشه‌ای که هر سانتی‌متر آن ۵ کیلومتر است، چند کیلومتر خواهد بود؟","95","100","90","190","A","فاصله واقعی برابر 19×۵ یعنی 95 کیلومتر است.","ترنم همدلی","original","1405"
"یازدهم","انسانی","جغرافیا","جغرافیا","نقشه و مقیاس","مقیاس","محاسبات","متوسط","اگر هر ۱ سانتی‌متر روی نقشه معادل ۵ کیلومتر باشد، فاصله 20 سانتی‌متری چند کیلومتر است؟","100","105","95","200","A","فاصله واقعی برابر 20×۵ یعنی 100 کیلومتر است.","ترنم همدلی","original","1405"
"یازدهم","انسانی","جغرافیا","جغرافیا","نقشه و مقیاس","مقیاس","محاسبات","متوسط","در نقشه‌ای با مقیاس ۱ سانتی‌متر برابر ۵ کیلومتر، 21 سانتی‌متر چه فاصله واقعی را نشان می‌دهد؟","105","110","100","210","A","فاصله واقعی برابر 21×۵ یعنی 105 کیلومتر است.","ترنم همدلی","original","1405"
"یازدهم","انسانی","جغرافیا","جغرافیا","نقشه و مقیاس","مقیاس","محاسبات","آسان","فاصله 22 سانتی‌متری روی نقشه‌ای که هر سانتی‌متر آن ۵ کیلومتر است، چند کیلومتر خواهد بود؟","110","115","105","220","A","فاصله واقعی برابر 22×۵ یعنی 110 کیلومتر است.","ترنم همدلی","original","1405"
"یازدهم","انسانی","جغرافیا","جغرافیا","نقشه و مقیاس","مقیاس","محاسبات","متوسط","اگر هر ۱ سانتی‌متر روی نقشه معادل ۵ کیلومتر باشد، فاصله 23 سانتی‌متری چند کیلومتر است؟","115","120","110","230","A","فاصله واقعی برابر 23×۵ یعنی 115 کیلومتر است.","ترنم همدلی","original","1405"
"یازدهم","انسانی","جغرافیا","جغرافیا","نقشه و مقیاس","مقیاس","محاسبات","متوسط","در نقشه‌ای با مقیاس ۱ سانتی‌متر برابر ۵ کیلومتر، 24 سانتی‌متر چه فاصله واقعی را نشان می‌دهد؟","120","125","115","240","A","فاصله واقعی برابر 24×۵ یعنی 120 کیلومتر است.","ترنم همدلی","original","1405"
"یازدهم","انسانی","جغرافیا","جغرافیا","نقشه و مقیاس","مقیاس","محاسبات","متوسط","فاصله 25 سانتی‌متری روی نقشه‌ای که هر سانتی‌متر آن ۵ کیلومتر است، چند کیلومتر خواهد بود؟","125","130","120","250","A","فاصله واقعی برابر 25×۵ یعنی 125 کیلومتر است.","ترنم همدلی","original","1405"
"یازدهم","انسانی","جغرافیا","جغرافیا","نقشه و مقیاس","مقیاس","محاسبات","آسان","اگر هر ۱ سانتی‌متر روی نقشه معادل ۵ کیلومتر باشد، فاصله 26 سانتی‌متری چند کیلومتر است؟","130","135","125","260","A","فاصله واقعی برابر 26×۵ یعنی 130 کیلومتر است.","ترنم همدلی","original","1405"
"یازدهم","انسانی","جغرافیا","جغرافیا","نقشه و مقیاس","مقیاس","محاسبات","متوسط","در نقشه‌ای با مقیاس ۱ سانتی‌متر برابر ۵ کیلومتر، 27 سانتی‌متر چه فاصله واقعی را نشان می‌دهد؟","135","140","130","270","A","فاصله واقعی برابر 27×۵ یعنی 135 کیلومتر است.","ترنم همدلی","original","1405"
"یازدهم","انسانی","جغرافیا","جغرافیا","نقشه و مقیاس","مقیاس","محاسبات","متوسط","فاصله 28 سانتی‌متری روی نقشه‌ای که هر سانتی‌متر آن ۵ کیلومتر است، چند کیلومتر خواهد بود؟","140","145","135","280","A","فاصله واقعی برابر 28×۵ یعنی 140 کیلومتر است.","ترنم همدلی","original","1405"
"یازدهم","انسانی","جغرافیا","جغرافیا","نقشه و مقیاس","مقیاس","محاسبات","متوسط","اگر هر ۱ سانتی‌متر روی نقشه معادل ۵ کیلومتر باشد، فاصله 29 سانتی‌متری چند کیلومتر است؟","145","150","140","290","A","فاصله واقعی برابر 29×۵ یعنی 145 کیلومتر است.","ترنم همدلی","original","1405"
"یازدهم","انسانی","جغرافیا","جغرافیا","نقشه و مقیاس","مقیاس","محاسبات","آسان","در نقشه‌ای با مقیاس ۱ سانتی‌متر برابر ۵ کیلومتر، 30 سانتی‌متر چه فاصله واقعی را نشان می‌دهد؟","150","155","145","300","A","فاصله واقعی برابر 30×۵ یعنی 150 کیلومتر است.","ترنم همدلی","original","1405"
"یازدهم","انسانی","جغرافیا","جغرافیا","نقشه و مقیاس","مقیاس","محاسبات","متوسط","فاصله 31 سانتی‌متری روی نقشه‌ای که هر سانتی‌متر آن ۵ کیلومتر است، چند کیلومتر خواهد بود؟","155","160","150","310","A","فاصله واقعی برابر 31×۵ یعنی 155 کیلومتر است.","ترنم همدلی","original","1405"
"یازدهم","انسانی","جغرافیا","جغرافیا","نقشه و مقیاس","مقیاس","محاسبات","متوسط","اگر هر ۱ سانتی‌متر روی نقشه معادل ۵ کیلومتر باشد، فاصله 2 سانتی‌متری چند کیلومتر است؟","10","15","5","20","A","فاصله واقعی برابر 2×۵ یعنی 10 کیلومتر است.","ترنم همدلی","original","1405"
"یازدهم","انسانی","جغرافیا","جغرافیا","نقشه و مقیاس","مقیاس","محاسبات","متوسط","در نقشه‌ای با مقیاس ۱ سانتی‌متر برابر ۵ کیلومتر، 3 سانتی‌متر چه فاصله واقعی را نشان می‌دهد؟","15","20","10","30","A","فاصله واقعی برابر 3×۵ یعنی 15 کیلومتر است.","ترنم همدلی","original","1405"
"یازدهم","انسانی","جغرافیا","جغرافیا","نقشه و مقیاس","مقیاس","محاسبات","آسان","فاصله 4 سانتی‌متری روی نقشه‌ای که هر سانتی‌متر آن ۵ کیلومتر است، چند کیلومتر خواهد بود؟","20","25","15","40","A","فاصله واقعی برابر 4×۵ یعنی 20 کیلومتر است.","ترنم همدلی","original","1405"
"یازدهم","انسانی","جغرافیا","جغرافیا","نقشه و مقیاس","مقیاس","محاسبات","متوسط","اگر هر ۱ سانتی‌متر روی نقشه معادل ۵ کیلومتر باشد، فاصله 5 سانتی‌متری چند کیلومتر است؟","25","30","20","50","A","فاصله واقعی برابر 5×۵ یعنی 25 کیلومتر است.","ترنم همدلی","original","1405"
"یازدهم","انسانی","جغرافیا","جغرافیا","نقشه و مقیاس","مقیاس","محاسبات","متوسط","در نقشه‌ای با مقیاس ۱ سانتی‌متر برابر ۵ کیلومتر، 6 سانتی‌متر چه فاصله واقعی را نشان می‌دهد؟","30","35","25","60","A","فاصله واقعی برابر 6×۵ یعنی 30 کیلومتر است.","ترنم همدلی","original","1405"
"یازدهم","انسانی","جغرافیا","جغرافیا","نقشه و مقیاس","مقیاس","محاسبات","متوسط","فاصله 7 سانتی‌متری روی نقشه‌ای که هر سانتی‌متر آن ۵ کیلومتر است، چند کیلومتر خواهد بود؟","35","40","30","70","A","فاصله واقعی برابر 7×۵ یعنی 35 کیلومتر است.","ترنم همدلی","original","1405"
"یازدهم","انسانی","جغرافیا","جغرافیا","نقشه و مقیاس","مقیاس","محاسبات","آسان","اگر هر ۱ سانتی‌متر روی نقشه معادل ۵ کیلومتر باشد، فاصله 8 سانتی‌متری چند کیلومتر است؟","40","45","35","80","A","فاصله واقعی برابر 8×۵ یعنی 40 کیلومتر است.","ترنم همدلی","original","1405"
"یازدهم","انسانی","جغرافیا","جغرافیا","نقشه و مقیاس","مقیاس","محاسبات","متوسط","در نقشه‌ای با مقیاس ۱ سانتی‌متر برابر ۵ کیلومتر، 9 سانتی‌متر چه فاصله واقعی را نشان می‌دهد؟","45","50","40","90","A","فاصله واقعی برابر 9×۵ یعنی 45 کیلومتر است.","ترنم همدلی","original","1405"
"یازدهم","انسانی","جغرافیا","جغرافیا","نقشه و مقیاس","مقیاس","محاسبات","متوسط","فاصله 10 سانتی‌متری روی نقشه‌ای که هر سانتی‌متر آن ۵ کیلومتر است، چند کیلومتر خواهد بود؟","50","55","45","100","A","فاصله واقعی برابر 10×۵ یعنی 50 کیلومتر است.","ترنم همدلی","original","1405"
"یازدهم","انسانی","جغرافیا","جغرافیا","نقشه و مقیاس","مقیاس","محاسبات","متوسط","اگر هر ۱ سانتی‌متر روی نقشه معادل ۵ کیلومتر باشد، فاصله 11 سانتی‌متری چند کیلومتر است؟","55","60","50","110","A","فاصله واقعی برابر 11×۵ یعنی 55 کیلومتر است.","ترنم همدلی","original","1405"
"یازدهم","انسانی","جغرافیا","جغرافیا","نقشه و مقیاس","مقیاس","محاسبات","آسان","در نقشه‌ای با مقیاس ۱ سانتی‌متر برابر ۵ کیلومتر، 12 سانتی‌متر چه فاصله واقعی را نشان می‌دهد؟","60","65","55","120","A","فاصله واقعی برابر 12×۵ یعنی 60 کیلومتر است.","ترنم همدلی","original","1405"
"یازدهم","انسانی","جغرافیا","جغرافیا","نقشه و مقیاس","مقیاس","محاسبات","متوسط","فاصله 13 سانتی‌متری روی نقشه‌ای که هر سانتی‌متر آن ۵ کیلومتر است، چند کیلومتر خواهد بود؟","65","70","60","130","A","فاصله واقعی برابر 13×۵ یعنی 65 کیلومتر است.","ترنم همدلی","original","1405"
"یازدهم","انسانی","جغرافیا","جغرافیا","نقشه و مقیاس","مقیاس","محاسبات","متوسط","اگر هر ۱ سانتی‌متر روی نقشه معادل ۵ کیلومتر باشد، فاصله 14 سانتی‌متری چند کیلومتر است؟","70","75","65","140","A","فاصله واقعی برابر 14×۵ یعنی 70 کیلومتر است.","ترنم همدلی","original","1405"
"یازدهم","انسانی","جغرافیا","جغرافیا","نقشه و مقیاس","مقیاس","محاسبات","متوسط","در نقشه‌ای با مقیاس ۱ سانتی‌متر برابر ۵ کیلومتر، 15 سانتی‌متر چه فاصله واقعی را نشان می‌دهد؟","75","80","70","150","A","فاصله واقعی برابر 15×۵ یعنی 75 کیلومتر است.","ترنم همدلی","original","1405"
"یازدهم","انسانی","جغرافیا","جغرافیا","نقشه و مقیاس","مقیاس","محاسبات","آسان","فاصله 16 سانتی‌متری روی نقشه‌ای که هر سانتی‌متر آن ۵ کیلومتر است، چند کیلومتر خواهد بود؟","80","85","75","160","A","فاصله واقعی برابر 16×۵ یعنی 80 کیلومتر است.","ترنم همدلی","original","1405"
"یازدهم","انسانی","جغرافیا","جغرافیا","نقشه و مقیاس","مقیاس","محاسبات","متوسط","اگر هر ۱ سانتی‌متر روی نقشه معادل ۵ کیلومتر باشد، فاصله 17 سانتی‌متری چند کیلومتر است؟","85","90","80","170","A","فاصله واقعی برابر 17×۵ یعنی 85 کیلومتر است.","ترنم همدلی","original","1405"
"یازدهم","انسانی","جغرافیا","جغرافیا","نقشه و مقیاس","مقیاس","محاسبات","متوسط","در نقشه‌ای با مقیاس ۱ سانتی‌متر برابر ۵ کیلومتر، 18 سانتی‌متر چه فاصله واقعی را نشان می‌دهد؟","90","95","85","180","A","فاصله واقعی برابر 18×۵ یعنی 90 کیلومتر است.","ترنم همدلی","original","1405"
"یازدهم","انسانی","جغرافیا","جغرافیا","نقشه و مقیاس","مقیاس","محاسبات","متوسط","فاصله 19 سانتی‌متری روی نقشه‌ای که هر سانتی‌متر آن ۵ کیلومتر است، چند کیلومتر خواهد بود؟","95","100","90","190","A","فاصله واقعی برابر 19×۵ یعنی 95 کیلومتر است.","ترنم همدلی","original","1405"
"یازدهم","انسانی","جغرافیا","جغرافیا","نقشه و مقیاس","مقیاس","محاسبات","آسان","اگر هر ۱ سانتی‌متر روی نقشه معادل ۵ کیلومتر باشد، فاصله 20 سانتی‌متری چند کیلومتر است؟","100","105","95","200","A","فاصله واقعی برابر 20×۵ یعنی 100 کیلومتر است.","ترنم همدلی","original","1405"
"یازدهم","انسانی","جغرافیا","جغرافیا","نقشه و مقیاس","مقیاس","محاسبات","متوسط","در نقشه‌ای با مقیاس ۱ سانتی‌متر برابر ۵ کیلومتر، 21 سانتی‌متر چه فاصله واقعی را نشان می‌دهد؟","105","110","100","210","A","فاصله واقعی برابر 21×۵ یعنی 105 کیلومتر است.","ترنم همدلی","original","1405"
"یازدهم","انسانی","جغرافیا","جغرافیا","نقشه و مقیاس","مقیاس","محاسبات","متوسط","فاصله 22 سانتی‌متری روی نقشه‌ای که هر سانتی‌متر آن ۵ کیلومتر است، چند کیلومتر خواهد بود؟","110","115","105","220","A","فاصله واقعی برابر 22×۵ یعنی 110 کیلومتر است.","ترنم همدلی","original","1405"
"یازدهم","انسانی","جغرافیا","جغرافیا","نقشه و مقیاس","مقیاس","محاسبات","متوسط","اگر هر ۱ سانتی‌متر روی نقشه معادل ۵ کیلومتر باشد، فاصله 23 سانتی‌متری چند کیلومتر است؟","115","120","110","230","A","فاصله واقعی برابر 23×۵ یعنی 115 کیلومتر است.","ترنم همدلی","original","1405"
"یازدهم","انسانی","جغرافیا","جغرافیا","نقشه و مقیاس","مقیاس","محاسبات","آسان","در نقشه‌ای با مقیاس ۱ سانتی‌متر برابر ۵ کیلومتر، 24 سانتی‌متر چه فاصله واقعی را نشان می‌دهد؟","120","125","115","240","A","فاصله واقعی برابر 24×۵ یعنی 120 کیلومتر است.","ترنم همدلی","original","1405"
"یازدهم","انسانی","جغرافیا","جغرافیا","نقشه و مقیاس","مقیاس","محاسبات","متوسط","فاصله 25 سانتی‌متری روی نقشه‌ای که هر سانتی‌متر آن ۵ کیلومتر است، چند کیلومتر خواهد بود؟","125","130","120","250","A","فاصله واقعی برابر 25×۵ یعنی 125 کیلومتر است.","ترنم همدلی","original","1405"
"یازدهم","انسانی","جغرافیا","جغرافیا","نقشه و مقیاس","مقیاس","محاسبات","متوسط","اگر هر ۱ سانتی‌متر روی نقشه معادل ۵ کیلومتر باشد، فاصله 26 سانتی‌متری چند کیلومتر است؟","130","135","125","260","A","فاصله واقعی برابر 26×۵ یعنی 130 کیلومتر است.","ترنم همدلی","original","1405"
"یازدهم","انسانی","جغرافیا","جغرافیا","نقشه و مقیاس","مقیاس","محاسبات","متوسط","در نقشه‌ای با مقیاس ۱ سانتی‌متر برابر ۵ کیلومتر، 27 سانتی‌متر چه فاصله واقعی را نشان می‌دهد؟","135","140","130","270","A","فاصله واقعی برابر 27×۵ یعنی 135 کیلومتر است.","ترنم همدلی","original","1405"
"یازدهم","انسانی","جغرافیا","جغرافیا","نقشه و مقیاس","مقیاس","محاسبات","آسان","فاصله 28 سانتی‌متری روی نقشه‌ای که هر سانتی‌متر آن ۵ کیلومتر است، چند کیلومتر خواهد بود؟","140","145","135","280","A","فاصله واقعی برابر 28×۵ یعنی 140 کیلومتر است.","ترنم همدلی","original","1405"
"یازدهم","انسانی","جغرافیا","جغرافیا","نقشه و مقیاس","مقیاس","محاسبات","متوسط","اگر هر ۱ سانتی‌متر روی نقشه معادل ۵ کیلومتر باشد، فاصله 29 سانتی‌متری چند کیلومتر است؟","145","150","140","290","A","فاصله واقعی برابر 29×۵ یعنی 145 کیلومتر است.","ترنم همدلی","original","1405"
"یازدهم","انسانی","جغرافیا","جغرافیا","نقشه و مقیاس","مقیاس","محاسبات","متوسط","در نقشه‌ای با مقیاس ۱ سانتی‌متر برابر ۵ کیلومتر، 30 سانتی‌متر چه فاصله واقعی را نشان می‌دهد؟","150","155","145","300","A","فاصله واقعی برابر 30×۵ یعنی 150 کیلومتر است.","ترنم همدلی","original","1405"
"یازدهم","انسانی","جغرافیا","جغرافیا","نقشه و مقیاس","مقیاس","محاسبات","متوسط","فاصله 31 سانتی‌متری روی نقشه‌ای که هر سانتی‌متر آن ۵ کیلومتر است، چند کیلومتر خواهد بود؟","155","160","150","310","A","فاصله واقعی برابر 31×۵ یعنی 155 کیلومتر است.","ترنم همدلی","original","1405"
"دوازدهم","انسانی","جغرافیا","جغرافیا","نقشه و مقیاس","مقیاس","محاسبات","آسان","اگر هر ۱ سانتی‌متر روی نقشه معادل ۵ کیلومتر باشد، فاصله 2 سانتی‌متری چند کیلومتر است؟","10","15","5","20","A","فاصله واقعی برابر 2×۵ یعنی 10 کیلومتر است.","ترنم همدلی","original","1405"
"دوازدهم","انسانی","جغرافیا","جغرافیا","نقشه و مقیاس","مقیاس","محاسبات","متوسط","در نقشه‌ای با مقیاس ۱ سانتی‌متر برابر ۵ کیلومتر، 3 سانتی‌متر چه فاصله واقعی را نشان می‌دهد؟","15","20","10","30","A","فاصله واقعی برابر 3×۵ یعنی 15 کیلومتر است.","ترنم همدلی","original","1405"
"دوازدهم","انسانی","جغرافیا","جغرافیا","نقشه و مقیاس","مقیاس","محاسبات","متوسط","فاصله 4 سانتی‌متری روی نقشه‌ای که هر سانتی‌متر آن ۵ کیلومتر است، چند کیلومتر خواهد بود؟","20","25","15","40","A","فاصله واقعی برابر 4×۵ یعنی 20 کیلومتر است.","ترنم همدلی","original","1405"
"دوازدهم","انسانی","جغرافیا","جغرافیا","نقشه و مقیاس","مقیاس","محاسبات","متوسط","اگر هر ۱ سانتی‌متر روی نقشه معادل ۵ کیلومتر باشد، فاصله 5 سانتی‌متری چند کیلومتر است؟","25","30","20","50","A","فاصله واقعی برابر 5×۵ یعنی 25 کیلومتر است.","ترنم همدلی","original","1405"
"دوازدهم","انسانی","جغرافیا","جغرافیا","نقشه و مقیاس","مقیاس","محاسبات","آسان","در نقشه‌ای با مقیاس ۱ سانتی‌متر برابر ۵ کیلومتر، 6 سانتی‌متر چه فاصله واقعی را نشان می‌دهد؟","30","35","25","60","A","فاصله واقعی برابر 6×۵ یعنی 30 کیلومتر است.","ترنم همدلی","original","1405"
"دوازدهم","انسانی","جغرافیا","جغرافیا","نقشه و مقیاس","مقیاس","محاسبات","متوسط","فاصله 7 سانتی‌متری روی نقشه‌ای که هر سانتی‌متر آن ۵ کیلومتر است، چند کیلومتر خواهد بود؟","35","40","30","70","A","فاصله واقعی برابر 7×۵ یعنی 35 کیلومتر است.","ترنم همدلی","original","1405"
"دوازدهم","انسانی","جغرافیا","جغرافیا","نقشه و مقیاس","مقیاس","محاسبات","متوسط","اگر هر ۱ سانتی‌متر روی نقشه معادل ۵ کیلومتر باشد، فاصله 8 سانتی‌متری چند کیلومتر است؟","40","45","35","80","A","فاصله واقعی برابر 8×۵ یعنی 40 کیلومتر است.","ترنم همدلی","original","1405"
"دوازدهم","انسانی","جغرافیا","جغرافیا","نقشه و مقیاس","مقیاس","محاسبات","متوسط","در نقشه‌ای با مقیاس ۱ سانتی‌متر برابر ۵ کیلومتر، 9 سانتی‌متر چه فاصله واقعی را نشان می‌دهد؟","45","50","40","90","A","فاصله واقعی برابر 9×۵ یعنی 45 کیلومتر است.","ترنم همدلی","original","1405"
"دوازدهم","انسانی","جغرافیا","جغرافیا","نقشه و مقیاس","مقیاس","محاسبات","آسان","فاصله 10 سانتی‌متری روی نقشه‌ای که هر سانتی‌متر آن ۵ کیلومتر است، چند کیلومتر خواهد بود؟","50","55","45","100","A","فاصله واقعی برابر 10×۵ یعنی 50 کیلومتر است.","ترنم همدلی","original","1405"
"دوازدهم","انسانی","جغرافیا","جغرافیا","نقشه و مقیاس","مقیاس","محاسبات","متوسط","اگر هر ۱ سانتی‌متر روی نقشه معادل ۵ کیلومتر باشد، فاصله 11 سانتی‌متری چند کیلومتر است؟","55","60","50","110","A","فاصله واقعی برابر 11×۵ یعنی 55 کیلومتر است.","ترنم همدلی","original","1405"
"دوازدهم","انسانی","جغرافیا","جغرافیا","نقشه و مقیاس","مقیاس","محاسبات","متوسط","در نقشه‌ای با مقیاس ۱ سانتی‌متر برابر ۵ کیلومتر، 12 سانتی‌متر چه فاصله واقعی را نشان می‌دهد؟","60","65","55","120","A","فاصله واقعی برابر 12×۵ یعنی 60 کیلومتر است.","ترنم همدلی","original","1405"
"دوازدهم","انسانی","جغرافیا","جغرافیا","نقشه و مقیاس","مقیاس","محاسبات","متوسط","فاصله 13 سانتی‌متری روی نقشه‌ای که هر سانتی‌متر آن ۵ کیلومتر است، چند کیلومتر خواهد بود؟","65","70","60","130","A","فاصله واقعی برابر 13×۵ یعنی 65 کیلومتر است.","ترنم همدلی","original","1405"
"دوازدهم","انسانی","جغرافیا","جغرافیا","نقشه و مقیاس","مقیاس","محاسبات","آسان","اگر هر ۱ سانتی‌متر روی نقشه معادل ۵ کیلومتر باشد، فاصله 14 سانتی‌متری چند کیلومتر است؟","70","75","65","140","A","فاصله واقعی برابر 14×۵ یعنی 70 کیلومتر است.","ترنم همدلی","original","1405"
"دوازدهم","انسانی","جغرافیا","جغرافیا","نقشه و مقیاس","مقیاس","محاسبات","متوسط","در نقشه‌ای با مقیاس ۱ سانتی‌متر برابر ۵ کیلومتر، 15 سانتی‌متر چه فاصله واقعی را نشان می‌دهد؟","75","80","70","150","A","فاصله واقعی برابر 15×۵ یعنی 75 کیلومتر است.","ترنم همدلی","original","1405"
"دوازدهم","انسانی","جغرافیا","جغرافیا","نقشه و مقیاس","مقیاس","محاسبات","متوسط","فاصله 16 سانتی‌متری روی نقشه‌ای که هر سانتی‌متر آن ۵ کیلومتر است، چند کیلومتر خواهد بود؟","80","85","75","160","A","فاصله واقعی برابر 16×۵ یعنی 80 کیلومتر است.","ترنم همدلی","original","1405"
"دوازدهم","انسانی","جغرافیا","جغرافیا","نقشه و مقیاس","مقیاس","محاسبات","متوسط","اگر هر ۱ سانتی‌متر روی نقشه معادل ۵ کیلومتر باشد، فاصله 17 سانتی‌متری چند کیلومتر است؟","85","90","80","170","A","فاصله واقعی برابر 17×۵ یعنی 85 کیلومتر است.","ترنم همدلی","original","1405"
"دوازدهم","انسانی","جغرافیا","جغرافیا","نقشه و مقیاس","مقیاس","محاسبات","آسان","در نقشه‌ای با مقیاس ۱ سانتی‌متر برابر ۵ کیلومتر، 18 سانتی‌متر چه فاصله واقعی را نشان می‌دهد؟","90","95","85","180","A","فاصله واقعی برابر 18×۵ یعنی 90 کیلومتر است.","ترنم همدلی","original","1405"
"دوازدهم","انسانی","جغرافیا","جغرافیا","نقشه و مقیاس","مقیاس","محاسبات","متوسط","فاصله 19 سانتی‌متری روی نقشه‌ای که هر سانتی‌متر آن ۵ کیلومتر است، چند کیلومتر خواهد بود؟","95","100","90","190","A","فاصله واقعی برابر 19×۵ یعنی 95 کیلومتر است.","ترنم همدلی","original","1405"
"دوازدهم","انسانی","جغرافیا","جغرافیا","نقشه و مقیاس","مقیاس","محاسبات","متوسط","اگر هر ۱ سانتی‌متر روی نقشه معادل ۵ کیلومتر باشد، فاصله 20 سانتی‌متری چند کیلومتر است؟","100","105","95","200","A","فاصله واقعی برابر 20×۵ یعنی 100 کیلومتر است.","ترنم همدلی","original","1405"
"دوازدهم","انسانی","جغرافیا","جغرافیا","نقشه و مقیاس","مقیاس","محاسبات","متوسط","در نقشه‌ای با مقیاس ۱ سانتی‌متر برابر ۵ کیلومتر، 21 سانتی‌متر چه فاصله واقعی را نشان می‌دهد؟","105","110","100","210","A","فاصله واقعی برابر 21×۵ یعنی 105 کیلومتر است.","ترنم همدلی","original","1405"
"دوازدهم","انسانی","جغرافیا","جغرافیا","نقشه و مقیاس","مقیاس","محاسبات","آسان","فاصله 22 سانتی‌متری روی نقشه‌ای که هر سانتی‌متر آن ۵ کیلومتر است، چند کیلومتر خواهد بود؟","110","115","105","220","A","فاصله واقعی برابر 22×۵ یعنی 110 کیلومتر است.","ترنم همدلی","original","1405"
"دوازدهم","انسانی","جغرافیا","جغرافیا","نقشه و مقیاس","مقیاس","محاسبات","متوسط","اگر هر ۱ سانتی‌متر روی نقشه معادل ۵ کیلومتر باشد، فاصله 23 سانتی‌متری چند کیلومتر است؟","115","120","110","230","A","فاصله واقعی برابر 23×۵ یعنی 115 کیلومتر است.","ترنم همدلی","original","1405"
"دوازدهم","انسانی","جغرافیا","جغرافیا","نقشه و مقیاس","مقیاس","محاسبات","متوسط","در نقشه‌ای با مقیاس ۱ سانتی‌متر برابر ۵ کیلومتر، 24 سانتی‌متر چه فاصله واقعی را نشان می‌دهد؟","120","125","115","240","A","فاصله واقعی برابر 24×۵ یعنی 120 کیلومتر است.","ترنم همدلی","original","1405"
"دوازدهم","انسانی","جغرافیا","جغرافیا","نقشه و مقیاس","مقیاس","محاسبات","متوسط","فاصله 25 سانتی‌متری روی نقشه‌ای که هر سانتی‌متر آن ۵ کیلومتر است، چند کیلومتر خواهد بود؟","125","130","120","250","A","فاصله واقعی برابر 25×۵ یعنی 125 کیلومتر است.","ترنم همدلی","original","1405"
"دوازدهم","انسانی","جغرافیا","جغرافیا","نقشه و مقیاس","مقیاس","محاسبات","آسان","اگر هر ۱ سانتی‌متر روی نقشه معادل ۵ کیلومتر باشد، فاصله 26 سانتی‌متری چند کیلومتر است؟","130","135","125","260","A","فاصله واقعی برابر 26×۵ یعنی 130 کیلومتر است.","ترنم همدلی","original","1405"
"دوازدهم","انسانی","جغرافیا","جغرافیا","نقشه و مقیاس","مقیاس","محاسبات","متوسط","در نقشه‌ای با مقیاس ۱ سانتی‌متر برابر ۵ کیلومتر، 27 سانتی‌متر چه فاصله واقعی را نشان می‌دهد؟","135","140","130","270","A","فاصله واقعی برابر 27×۵ یعنی 135 کیلومتر است.","ترنم همدلی","original","1405"
"دوازدهم","انسانی","جغرافیا","جغرافیا","نقشه و مقیاس","مقیاس","محاسبات","متوسط","فاصله 28 سانتی‌متری روی نقشه‌ای که هر سانتی‌متر آن ۵ کیلومتر است، چند کیلومتر خواهد بود؟","140","145","135","280","A","فاصله واقعی برابر 28×۵ یعنی 140 کیلومتر است.","ترنم همدلی","original","1405"
"دوازدهم","انسانی","جغرافیا","جغرافیا","نقشه و مقیاس","مقیاس","محاسبات","متوسط","اگر هر ۱ سانتی‌متر روی نقشه معادل ۵ کیلومتر باشد، فاصله 29 سانتی‌متری چند کیلومتر است؟","145","150","140","290","A","فاصله واقعی برابر 29×۵ یعنی 145 کیلومتر است.","ترنم همدلی","original","1405"
"دوازدهم","انسانی","جغرافیا","جغرافیا","نقشه و مقیاس","مقیاس","محاسبات","آسان","در نقشه‌ای با مقیاس ۱ سانتی‌متر برابر ۵ کیلومتر، 30 سانتی‌متر چه فاصله واقعی را نشان می‌دهد؟","150","155","145","300","A","فاصله واقعی برابر 30×۵ یعنی 150 کیلومتر است.","ترنم همدلی","original","1405"
"دوازدهم","انسانی","جغرافیا","جغرافیا","نقشه و مقیاس","مقیاس","محاسبات","متوسط","فاصله 31 سانتی‌متری روی نقشه‌ای که هر سانتی‌متر آن ۵ کیلومتر است، چند کیلومتر خواهد بود؟","155","160","150","310","A","فاصله واقعی برابر 31×۵ یعنی 155 کیلومتر است.","ترنم همدلی","original","1405"
"دوازدهم","انسانی","جغرافیا","جغرافیا","نقشه و مقیاس","مقیاس","محاسبات","متوسط","اگر هر ۱ سانتی‌متر روی نقشه معادل ۵ کیلومتر باشد، فاصله 2 سانتی‌متری چند کیلومتر است؟","10","15","5","20","A","فاصله واقعی برابر 2×۵ یعنی 10 کیلومتر است.","ترنم همدلی","original","1405"
"دوازدهم","انسانی","جغرافیا","جغرافیا","نقشه و مقیاس","مقیاس","محاسبات","متوسط","در نقشه‌ای با مقیاس ۱ سانتی‌متر برابر ۵ کیلومتر، 3 سانتی‌متر چه فاصله واقعی را نشان می‌دهد؟","15","20","10","30","A","فاصله واقعی برابر 3×۵ یعنی 15 کیلومتر است.","ترنم همدلی","original","1405"
"دوازدهم","انسانی","جغرافیا","جغرافیا","نقشه و مقیاس","مقیاس","محاسبات","آسان","فاصله 4 سانتی‌متری روی نقشه‌ای که هر سانتی‌متر آن ۵ کیلومتر است، چند کیلومتر خواهد بود؟","20","25","15","40","A","فاصله واقعی برابر 4×۵ یعنی 20 کیلومتر است.","ترنم همدلی","original","1405"
"دوازدهم","انسانی","جغرافیا","جغرافیا","نقشه و مقیاس","مقیاس","محاسبات","متوسط","اگر هر ۱ سانتی‌متر روی نقشه معادل ۵ کیلومتر باشد، فاصله 5 سانتی‌متری چند کیلومتر است؟","25","30","20","50","A","فاصله واقعی برابر 5×۵ یعنی 25 کیلومتر است.","ترنم همدلی","original","1405"
"دوازدهم","انسانی","جغرافیا","جغرافیا","نقشه و مقیاس","مقیاس","محاسبات","متوسط","در نقشه‌ای با مقیاس ۱ سانتی‌متر برابر ۵ کیلومتر، 6 سانتی‌متر چه فاصله واقعی را نشان می‌دهد؟","30","35","25","60","A","فاصله واقعی برابر 6×۵ یعنی 30 کیلومتر است.","ترنم همدلی","original","1405"
"دوازدهم","انسانی","جغرافیا","جغرافیا","نقشه و مقیاس","مقیاس","محاسبات","متوسط","فاصله 7 سانتی‌متری روی نقشه‌ای که هر سانتی‌متر آن ۵ کیلومتر است، چند کیلومتر خواهد بود؟","35","40","30","70","A","فاصله واقعی برابر 7×۵ یعنی 35 کیلومتر است.","ترنم همدلی","original","1405"
"دوازدهم","انسانی","جغرافیا","جغرافیا","نقشه و مقیاس","مقیاس","محاسبات","آسان","اگر هر ۱ سانتی‌متر روی نقشه معادل ۵ کیلومتر باشد، فاصله 8 سانتی‌متری چند کیلومتر است؟","40","45","35","80","A","فاصله واقعی برابر 8×۵ یعنی 40 کیلومتر است.","ترنم همدلی","original","1405"
"دوازدهم","انسانی","جغرافیا","جغرافیا","نقشه و مقیاس","مقیاس","محاسبات","متوسط","در نقشه‌ای با مقیاس ۱ سانتی‌متر برابر ۵ کیلومتر، 9 سانتی‌متر چه فاصله واقعی را نشان می‌دهد؟","45","50","40","90","A","فاصله واقعی برابر 9×۵ یعنی 45 کیلومتر است.","ترنم همدلی","original","1405"
"دوازدهم","انسانی","جغرافیا","جغرافیا","نقشه و مقیاس","مقیاس","محاسبات","متوسط","فاصله 10 سانتی‌متری روی نقشه‌ای که هر سانتی‌متر آن ۵ کیلومتر است، چند کیلومتر خواهد بود؟","50","55","45","100","A","فاصله واقعی برابر 10×۵ یعنی 50 کیلومتر است.","ترنم همدلی","original","1405"
"دوازدهم","انسانی","جغرافیا","جغرافیا","نقشه و مقیاس","مقیاس","محاسبات","متوسط","اگر هر ۱ سانتی‌متر روی نقشه معادل ۵ کیلومتر باشد، فاصله 11 سانتی‌متری چند کیلومتر است؟","55","60","50","110","A","فاصله واقعی برابر 11×۵ یعنی 55 کیلومتر است.","ترنم همدلی","original","1405"
"دوازدهم","انسانی","جغرافیا","جغرافیا","نقشه و مقیاس","مقیاس","محاسبات","آسان","در نقشه‌ای با مقیاس ۱ سانتی‌متر برابر ۵ کیلومتر، 12 سانتی‌متر چه فاصله واقعی را نشان می‌دهد؟","60","65","55","120","A","فاصله واقعی برابر 12×۵ یعنی 60 کیلومتر است.","ترنم همدلی","original","1405"
"دوازدهم","انسانی","جغرافیا","جغرافیا","نقشه و مقیاس","مقیاس","محاسبات","متوسط","فاصله 13 سانتی‌متری روی نقشه‌ای که هر سانتی‌متر آن ۵ کیلومتر است، چند کیلومتر خواهد بود؟","65","70","60","130","A","فاصله واقعی برابر 13×۵ یعنی 65 کیلومتر است.","ترنم همدلی","original","1405"
"دوازدهم","انسانی","جغرافیا","جغرافیا","نقشه و مقیاس","مقیاس","محاسبات","متوسط","اگر هر ۱ سانتی‌متر روی نقشه معادل ۵ کیلومتر باشد، فاصله 14 سانتی‌متری چند کیلومتر است؟","70","75","65","140","A","فاصله واقعی برابر 14×۵ یعنی 70 کیلومتر است.","ترنم همدلی","original","1405"
"دوازدهم","انسانی","جغرافیا","جغرافیا","نقشه و مقیاس","مقیاس","محاسبات","متوسط","در نقشه‌ای با مقیاس ۱ سانتی‌متر برابر ۵ کیلومتر، 15 سانتی‌متر چه فاصله واقعی را نشان می‌دهد؟","75","80","70","150","A","فاصله واقعی برابر 15×۵ یعنی 75 کیلومتر است.","ترنم همدلی","original","1405"
"دوازدهم","انسانی","جغرافیا","جغرافیا","نقشه و مقیاس","مقیاس","محاسبات","آسان","فاصله 16 سانتی‌متری روی نقشه‌ای که هر سانتی‌متر آن ۵ کیلومتر است، چند کیلومتر خواهد بود؟","80","85","75","160","A","فاصله واقعی برابر 16×۵ یعنی 80 کیلومتر است.","ترنم همدلی","original","1405"
"دوازدهم","انسانی","جغرافیا","جغرافیا","نقشه و مقیاس","مقیاس","محاسبات","متوسط","اگر هر ۱ سانتی‌متر روی نقشه معادل ۵ کیلومتر باشد، فاصله 17 سانتی‌متری چند کیلومتر است؟","85","90","80","170","A","فاصله واقعی برابر 17×۵ یعنی 85 کیلومتر است.","ترنم همدلی","original","1405"
"دوازدهم","انسانی","جغرافیا","جغرافیا","نقشه و مقیاس","مقیاس","محاسبات","متوسط","در نقشه‌ای با مقیاس ۱ سانتی‌متر برابر ۵ کیلومتر، 18 سانتی‌متر چه فاصله واقعی را نشان می‌دهد؟","90","95","85","180","A","فاصله واقعی برابر 18×۵ یعنی 90 کیلومتر است.","ترنم همدلی","original","1405"
"دوازدهم","انسانی","جغرافیا","جغرافیا","نقشه و مقیاس","مقیاس","محاسبات","متوسط","فاصله 19 سانتی‌متری روی نقشه‌ای که هر سانتی‌متر آن ۵ کیلومتر است، چند کیلومتر خواهد بود؟","95","100","90","190","A","فاصله واقعی برابر 19×۵ یعنی 95 کیلومتر است.","ترنم همدلی","original","1405"
"دوازدهم","انسانی","جغرافیا","جغرافیا","نقشه و مقیاس","مقیاس","محاسبات","آسان","اگر هر ۱ سانتی‌متر روی نقشه معادل ۵ کیلومتر باشد، فاصله 20 سانتی‌متری چند کیلومتر است؟","100","105","95","200","A","فاصله واقعی برابر 20×۵ یعنی 100 کیلومتر است.","ترنم همدلی","original","1405"
"دوازدهم","انسانی","جغرافیا","جغرافیا","نقشه و مقیاس","مقیاس","محاسبات","متوسط","در نقشه‌ای با مقیاس ۱ سانتی‌متر برابر ۵ کیلومتر، 21 سانتی‌متر چه فاصله واقعی را نشان می‌دهد؟","105","110","100","210","A","فاصله واقعی برابر 21×۵ یعنی 105 کیلومتر است.","ترنم همدلی","original","1405"
"دوازدهم","انسانی","جغرافیا","جغرافیا","نقشه و مقیاس","مقیاس","محاسبات","متوسط","فاصله 22 سانتی‌متری روی نقشه‌ای که هر سانتی‌متر آن ۵ کیلومتر است، چند کیلومتر خواهد بود؟","110","115","105","220","A","فاصله واقعی برابر 22×۵ یعنی 110 کیلومتر است.","ترنم همدلی","original","1405"
"دوازدهم","انسانی","جغرافیا","جغرافیا","نقشه و مقیاس","مقیاس","محاسبات","متوسط","اگر هر ۱ سانتی‌متر روی نقشه معادل ۵ کیلومتر باشد، فاصله 23 سانتی‌متری چند کیلومتر است؟","115","120","110","230","A","فاصله واقعی برابر 23×۵ یعنی 115 کیلومتر است.","ترنم همدلی","original","1405"
"دوازدهم","انسانی","جغرافیا","جغرافیا","نقشه و مقیاس","مقیاس","محاسبات","آسان","در نقشه‌ای با مقیاس ۱ سانتی‌متر برابر ۵ کیلومتر، 24 سانتی‌متر چه فاصله واقعی را نشان می‌دهد؟","120","125","115","240","A","فاصله واقعی برابر 24×۵ یعنی 120 کیلومتر است.","ترنم همدلی","original","1405"
"دوازدهم","انسانی","جغرافیا","جغرافیا","نقشه و مقیاس","مقیاس","محاسبات","متوسط","فاصله 25 سانتی‌متری روی نقشه‌ای که هر سانتی‌متر آن ۵ کیلومتر است، چند کیلومتر خواهد بود؟","125","130","120","250","A","فاصله واقعی برابر 25×۵ یعنی 125 کیلومتر است.","ترنم همدلی","original","1405"
"دوازدهم","انسانی","جغرافیا","جغرافیا","نقشه و مقیاس","مقیاس","محاسبات","متوسط","اگر هر ۱ سانتی‌متر روی نقشه معادل ۵ کیلومتر باشد، فاصله 26 سانتی‌متری چند کیلومتر است؟","130","135","125","260","A","فاصله واقعی برابر 26×۵ یعنی 130 کیلومتر است.","ترنم همدلی","original","1405"
"دوازدهم","انسانی","جغرافیا","جغرافیا","نقشه و مقیاس","مقیاس","محاسبات","متوسط","در نقشه‌ای با مقیاس ۱ سانتی‌متر برابر ۵ کیلومتر، 27 سانتی‌متر چه فاصله واقعی را نشان می‌دهد؟","135","140","130","270","A","فاصله واقعی برابر 27×۵ یعنی 135 کیلومتر است.","ترنم همدلی","original","1405"
"دوازدهم","انسانی","جغرافیا","جغرافیا","نقشه و مقیاس","مقیاس","محاسبات","آسان","فاصله 28 سانتی‌متری روی نقشه‌ای که هر سانتی‌متر آن ۵ کیلومتر است، چند کیلومتر خواهد بود؟","140","145","135","280","A","فاصله واقعی برابر 28×۵ یعنی 140 کیلومتر است.","ترنم همدلی","original","1405"
"دوازدهم","انسانی","جغرافیا","جغرافیا","نقشه و مقیاس","مقیاس","محاسبات","متوسط","اگر هر ۱ سانتی‌متر روی نقشه معادل ۵ کیلومتر باشد، فاصله 29 سانتی‌متری چند کیلومتر است؟","145","150","140","290","A","فاصله واقعی برابر 29×۵ یعنی 145 کیلومتر است.","ترنم همدلی","original","1405"
"دوازدهم","انسانی","جغرافیا","جغرافیا","نقشه و مقیاس","مقیاس","محاسبات","متوسط","در نقشه‌ای با مقیاس ۱ سانتی‌متر برابر ۵ کیلومتر، 30 سانتی‌متر چه فاصله واقعی را نشان می‌دهد؟","150","155","145","300","A","فاصله واقعی برابر 30×۵ یعنی 150 کیلومتر است.","ترنم همدلی","original","1405"
"دوازدهم","انسانی","جغرافیا","جغرافیا","نقشه و مقیاس","مقیاس","محاسبات","متوسط","فاصله 31 سانتی‌متری روی نقشه‌ای که هر سانتی‌متر آن ۵ کیلومتر است، چند کیلومتر خواهد بود؟","155","160","150","310","A","فاصله واقعی برابر 31×۵ یعنی 155 کیلومتر است.","ترنم همدلی","original","1405"
"دوازدهم","انسانی","جغرافیا","جغرافیا","نقشه و مقیاس","مقیاس","محاسبات","آسان","اگر هر ۱ سانتی‌متر روی نقشه معادل ۵ کیلومتر باشد، فاصله 2 سانتی‌متری چند کیلومتر است؟","10","15","5","20","A","فاصله واقعی برابر 2×۵ یعنی 10 کیلومتر است.","ترنم همدلی","original","1405"
"دوازدهم","انسانی","جغرافیا","جغرافیا","نقشه و مقیاس","مقیاس","محاسبات","متوسط","در نقشه‌ای با مقیاس ۱ سانتی‌متر برابر ۵ کیلومتر، 3 سانتی‌متر چه فاصله واقعی را نشان می‌دهد؟","15","20","10","30","A","فاصله واقعی برابر 3×۵ یعنی 15 کیلومتر است.","ترنم همدلی","original","1405"
"دوازدهم","انسانی","جغرافیا","جغرافیا","نقشه و مقیاس","مقیاس","محاسبات","متوسط","فاصله 4 سانتی‌متری روی نقشه‌ای که هر سانتی‌متر آن ۵ کیلومتر است، چند کیلومتر خواهد بود؟","20","25","15","40","A","فاصله واقعی برابر 4×۵ یعنی 20 کیلومتر است.","ترنم همدلی","original","1405"
"دوازدهم","انسانی","جغرافیا","جغرافیا","نقشه و مقیاس","مقیاس","محاسبات","متوسط","اگر هر ۱ سانتی‌متر روی نقشه معادل ۵ کیلومتر باشد، فاصله 5 سانتی‌متری چند کیلومتر است؟","25","30","20","50","A","فاصله واقعی برابر 5×۵ یعنی 25 کیلومتر است.","ترنم همدلی","original","1405"
"دوازدهم","انسانی","جغرافیا","جغرافیا","نقشه و مقیاس","مقیاس","محاسبات","آسان","در نقشه‌ای با مقیاس ۱ سانتی‌متر برابر ۵ کیلومتر، 6 سانتی‌متر چه فاصله واقعی را نشان می‌دهد؟","30","35","25","60","A","فاصله واقعی برابر 6×۵ یعنی 30 کیلومتر است.","ترنم همدلی","original","1405"
"دوازدهم","انسانی","جغرافیا","جغرافیا","نقشه و مقیاس","مقیاس","محاسبات","متوسط","فاصله 7 سانتی‌متری روی نقشه‌ای که هر سانتی‌متر آن ۵ کیلومتر است، چند کیلومتر خواهد بود؟","35","40","30","70","A","فاصله واقعی برابر 7×۵ یعنی 35 کیلومتر است.","ترنم همدلی","original","1405"
"دوازدهم","انسانی","جغرافیا","جغرافیا","نقشه و مقیاس","مقیاس","محاسبات","متوسط","اگر هر ۱ سانتی‌متر روی نقشه معادل ۵ کیلومتر باشد، فاصله 8 سانتی‌متری چند کیلومتر است؟","40","45","35","80","A","فاصله واقعی برابر 8×۵ یعنی 40 کیلومتر است.","ترنم همدلی","original","1405"
"دوازدهم","انسانی","جغرافیا","جغرافیا","نقشه و مقیاس","مقیاس","محاسبات","متوسط","در نقشه‌ای با مقیاس ۱ سانتی‌متر برابر ۵ کیلومتر، 9 سانتی‌متر چه فاصله واقعی را نشان می‌دهد؟","45","50","40","90","A","فاصله واقعی برابر 9×۵ یعنی 45 کیلومتر است.","ترنم همدلی","original","1405"
"دوازدهم","انسانی","جغرافیا","جغرافیا","نقشه و مقیاس","مقیاس","محاسبات","آسان","فاصله 10 سانتی‌متری روی نقشه‌ای که هر سانتی‌متر آن ۵ کیلومتر است، چند کیلومتر خواهد بود؟","50","55","45","100","A","فاصله واقعی برابر 10×۵ یعنی 50 کیلومتر است.","ترنم همدلی","original","1405"
"دوازدهم","انسانی","جغرافیا","جغرافیا","نقشه و مقیاس","مقیاس","محاسبات","متوسط","اگر هر ۱ سانتی‌متر روی نقشه معادل ۵ کیلومتر باشد، فاصله 11 سانتی‌متری چند کیلومتر است؟","55","60","50","110","A","فاصله واقعی برابر 11×۵ یعنی 55 کیلومتر است.","ترنم همدلی","original","1405"
"دوازدهم","انسانی","جغرافیا","جغرافیا","نقشه و مقیاس","مقیاس","محاسبات","متوسط","در نقشه‌ای با مقیاس ۱ سانتی‌متر برابر ۵ کیلومتر، 12 سانتی‌متر چه فاصله واقعی را نشان می‌دهد؟","60","65","55","120","A","فاصله واقعی برابر 12×۵ یعنی 60 کیلومتر است.","ترنم همدلی","original","1405"
"دوازدهم","انسانی","جغرافیا","جغرافیا","نقشه و مقیاس","مقیاس","محاسبات","متوسط","فاصله 13 سانتی‌متری روی نقشه‌ای که هر سانتی‌متر آن ۵ کیلومتر است، چند کیلومتر خواهد بود؟","65","70","60","130","A","فاصله واقعی برابر 13×۵ یعنی 65 کیلومتر است.","ترنم همدلی","original","1405"
"دوازدهم","انسانی","جغرافیا","جغرافیا","نقشه و مقیاس","مقیاس","محاسبات","آسان","اگر هر ۱ سانتی‌متر روی نقشه معادل ۵ کیلومتر باشد، فاصله 14 سانتی‌متری چند کیلومتر است؟","70","75","65","140","A","فاصله واقعی برابر 14×۵ یعنی 70 کیلومتر است.","ترنم همدلی","original","1405"
"دوازدهم","انسانی","جغرافیا","جغرافیا","نقشه و مقیاس","مقیاس","محاسبات","متوسط","در نقشه‌ای با مقیاس ۱ سانتی‌متر برابر ۵ کیلومتر، 15 سانتی‌متر چه فاصله واقعی را نشان می‌دهد؟","75","80","70","150","A","فاصله واقعی برابر 15×۵ یعنی 75 کیلومتر است.","ترنم همدلی","original","1405"
"دوازدهم","انسانی","جغرافیا","جغرافیا","نقشه و مقیاس","مقیاس","محاسبات","متوسط","فاصله 16 سانتی‌متری روی نقشه‌ای که هر سانتی‌متر آن ۵ کیلومتر است، چند کیلومتر خواهد بود؟","80","85","75","160","A","فاصله واقعی برابر 16×۵ یعنی 80 کیلومتر است.","ترنم همدلی","original","1405"
"دوازدهم","انسانی","جغرافیا","جغرافیا","نقشه و مقیاس","مقیاس","محاسبات","متوسط","اگر هر ۱ سانتی‌متر روی نقشه معادل ۵ کیلومتر باشد، فاصله 17 سانتی‌متری چند کیلومتر است؟","85","90","80","170","A","فاصله واقعی برابر 17×۵ یعنی 85 کیلومتر است.","ترنم همدلی","original","1405"
"دوازدهم","انسانی","جغرافیا","جغرافیا","نقشه و مقیاس","مقیاس","محاسبات","آسان","در نقشه‌ای با مقیاس ۱ سانتی‌متر برابر ۵ کیلومتر، 18 سانتی‌متر چه فاصله واقعی را نشان می‌دهد؟","90","95","85","180","A","فاصله واقعی برابر 18×۵ یعنی 90 کیلومتر است.","ترنم همدلی","original","1405"
"دوازدهم","انسانی","جغرافیا","جغرافیا","نقشه و مقیاس","مقیاس","محاسبات","متوسط","فاصله 19 سانتی‌متری روی نقشه‌ای که هر سانتی‌متر آن ۵ کیلومتر است، چند کیلومتر خواهد بود؟","95","100","90","190","A","فاصله واقعی برابر 19×۵ یعنی 95 کیلومتر است.","ترنم همدلی","original","1405"
"دوازدهم","انسانی","جغرافیا","جغرافیا","نقشه و مقیاس","مقیاس","محاسبات","متوسط","اگر هر ۱ سانتی‌متر روی نقشه معادل ۵ کیلومتر باشد، فاصله 20 سانتی‌متری چند کیلومتر است؟","100","105","95","200","A","فاصله واقعی برابر 20×۵ یعنی 100 کیلومتر است.","ترنم همدلی","original","1405"
"دوازدهم","انسانی","جغرافیا","جغرافیا","نقشه و مقیاس","مقیاس","محاسبات","متوسط","در نقشه‌ای با مقیاس ۱ سانتی‌متر برابر ۵ کیلومتر، 21 سانتی‌متر چه فاصله واقعی را نشان می‌دهد؟","105","110","100","210","A","فاصله واقعی برابر 21×۵ یعنی 105 کیلومتر است.","ترنم همدلی","original","1405"
"دوازدهم","انسانی","جغرافیا","جغرافیا","نقشه و مقیاس","مقیاس","محاسبات","آسان","فاصله 22 سانتی‌متری روی نقشه‌ای که هر سانتی‌متر آن ۵ کیلومتر است، چند کیلومتر خواهد بود؟","110","115","105","220","A","فاصله واقعی برابر 22×۵ یعنی 110 کیلومتر است.","ترنم همدلی","original","1405"
"دوازدهم","انسانی","جغرافیا","جغرافیا","نقشه و مقیاس","مقیاس","محاسبات","متوسط","اگر هر ۱ سانتی‌متر روی نقشه معادل ۵ کیلومتر باشد، فاصله 23 سانتی‌متری چند کیلومتر است؟","115","120","110","230","A","فاصله واقعی برابر 23×۵ یعنی 115 کیلومتر است.","ترنم همدلی","original","1405"
"دوازدهم","انسانی","جغرافیا","جغرافیا","نقشه و مقیاس","مقیاس","محاسبات","متوسط","در نقشه‌ای با مقیاس ۱ سانتی‌متر برابر ۵ کیلومتر، 24 سانتی‌متر چه فاصله واقعی را نشان می‌دهد؟","120","125","115","240","A","فاصله واقعی برابر 24×۵ یعنی 120 کیلومتر است.","ترنم همدلی","original","1405"
"دوازدهم","انسانی","جغرافیا","جغرافیا","نقشه و مقیاس","مقیاس","محاسبات","متوسط","فاصله 25 سانتی‌متری روی نقشه‌ای که هر سانتی‌متر آن ۵ کیلومتر است، چند کیلومتر خواهد بود؟","125","130","120","250","A","فاصله واقعی برابر 25×۵ یعنی 125 کیلومتر است.","ترنم همدلی","original","1405"
"دوازدهم","انسانی","جغرافیا","جغرافیا","نقشه و مقیاس","مقیاس","محاسبات","آسان","اگر هر ۱ سانتی‌متر روی نقشه معادل ۵ کیلومتر باشد، فاصله 26 سانتی‌متری چند کیلومتر است؟","130","135","125","260","A","فاصله واقعی برابر 26×۵ یعنی 130 کیلومتر است.","ترنم همدلی","original","1405"
"دوازدهم","انسانی","جغرافیا","جغرافیا","نقشه و مقیاس","مقیاس","محاسبات","متوسط","در نقشه‌ای با مقیاس ۱ سانتی‌متر برابر ۵ کیلومتر، 27 سانتی‌متر چه فاصله واقعی را نشان می‌دهد؟","135","140","130","270","A","فاصله واقعی برابر 27×۵ یعنی 135 کیلومتر است.","ترنم همدلی","original","1405"
"دوازدهم","انسانی","جغرافیا","جغرافیا","نقشه و مقیاس","مقیاس","محاسبات","متوسط","فاصله 28 سانتی‌متری روی نقشه‌ای که هر سانتی‌متر آن ۵ کیلومتر است، چند کیلومتر خواهد بود؟","140","145","135","280","A","فاصله واقعی برابر 28×۵ یعنی 140 کیلومتر است.","ترنم همدلی","original","1405"
"دوازدهم","انسانی","جغرافیا","جغرافیا","نقشه و مقیاس","مقیاس","محاسبات","متوسط","اگر هر ۱ سانتی‌متر روی نقشه معادل ۵ کیلومتر باشد، فاصله 29 سانتی‌متری چند کیلومتر است؟","145","150","140","290","A","فاصله واقعی برابر 29×۵ یعنی 145 کیلومتر است.","ترنم همدلی","original","1405"
"دوازدهم","انسانی","جغرافیا","جغرافیا","نقشه و مقیاس","مقیاس","محاسبات","آسان","در نقشه‌ای با مقیاس ۱ سانتی‌متر برابر ۵ کیلومتر، 30 سانتی‌متر چه فاصله واقعی را نشان می‌دهد؟","150","155","145","300","A","فاصله واقعی برابر 30×۵ یعنی 150 کیلومتر است.","ترنم همدلی","original","1405"
"دوازدهم","انسانی","جغرافیا","جغرافیا","نقشه و مقیاس","مقیاس","محاسبات","متوسط","فاصله 31 سانتی‌متری روی نقشه‌ای که هر سانتی‌متر آن ۵ کیلومتر است، چند کیلومتر خواهد بود؟","155","160","150","310","A","فاصله واقعی برابر 31×۵ یعنی 155 کیلومتر است.","ترنم همدلی","original","1405"
"دوازدهم","انسانی","جغرافیا","جغرافیا","نقشه و مقیاس","مقیاس","محاسبات","متوسط","اگر هر ۱ سانتی‌متر روی نقشه معادل ۵ کیلومتر باشد، فاصله 2 سانتی‌متری چند کیلومتر است؟","10","15","5","20","A","فاصله واقعی برابر 2×۵ یعنی 10 کیلومتر است.","ترنم همدلی","original","1405"
"دوازدهم","انسانی","جغرافیا","جغرافیا","نقشه و مقیاس","مقیاس","محاسبات","متوسط","در نقشه‌ای با مقیاس ۱ سانتی‌متر برابر ۵ کیلومتر، 3 سانتی‌متر چه فاصله واقعی را نشان می‌دهد؟","15","20","10","30","A","فاصله واقعی برابر 3×۵ یعنی 15 کیلومتر است.","ترنم همدلی","original","1405"
"دوازدهم","انسانی","جغرافیا","جغرافیا","نقشه و مقیاس","مقیاس","محاسبات","آسان","فاصله 4 سانتی‌متری روی نقشه‌ای که هر سانتی‌متر آن ۵ کیلومتر است، چند کیلومتر خواهد بود؟","20","25","15","40","A","فاصله واقعی برابر 4×۵ یعنی 20 کیلومتر است.","ترنم همدلی","original","1405"
"دوازدهم","انسانی","جغرافیا","جغرافیا","نقشه و مقیاس","مقیاس","محاسبات","متوسط","اگر هر ۱ سانتی‌متر روی نقشه معادل ۵ کیلومتر باشد، فاصله 5 سانتی‌متری چند کیلومتر است؟","25","30","20","50","A","فاصله واقعی برابر 5×۵ یعنی 25 کیلومتر است.","ترنم همدلی","original","1405"
"دوازدهم","انسانی","جغرافیا","جغرافیا","نقشه و مقیاس","مقیاس","محاسبات","متوسط","در نقشه‌ای با مقیاس ۱ سانتی‌متر برابر ۵ کیلومتر، 6 سانتی‌متر چه فاصله واقعی را نشان می‌دهد؟","30","35","25","60","A","فاصله واقعی برابر 6×۵ یعنی 30 کیلومتر است.","ترنم همدلی","original","1405"
"دوازدهم","انسانی","جغرافیا","جغرافیا","نقشه و مقیاس","مقیاس","محاسبات","متوسط","فاصله 7 سانتی‌متری روی نقشه‌ای که هر سانتی‌متر آن ۵ کیلومتر است، چند کیلومتر خواهد بود؟","35","40","30","70","A","فاصله واقعی برابر 7×۵ یعنی 35 کیلومتر است.","ترنم همدلی","original","1405"
"دوازدهم","انسانی","جغرافیا","جغرافیا","نقشه و مقیاس","مقیاس","محاسبات","آسان","اگر هر ۱ سانتی‌متر روی نقشه معادل ۵ کیلومتر باشد، فاصله 8 سانتی‌متری چند کیلومتر است؟","40","45","35","80","A","فاصله واقعی برابر 8×۵ یعنی 40 کیلومتر است.","ترنم همدلی","original","1405"
"دوازدهم","انسانی","جغرافیا","جغرافیا","نقشه و مقیاس","مقیاس","محاسبات","متوسط","در نقشه‌ای با مقیاس ۱ سانتی‌متر برابر ۵ کیلومتر، 9 سانتی‌متر چه فاصله واقعی را نشان می‌دهد؟","45","50","40","90","A","فاصله واقعی برابر 9×۵ یعنی 45 کیلومتر است.","ترنم همدلی","original","1405"
"دوازدهم","انسانی","جغرافیا","جغرافیا","نقشه و مقیاس","مقیاس","محاسبات","متوسط","فاصله 10 سانتی‌متری روی نقشه‌ای که هر سانتی‌متر آن ۵ کیلومتر است، چند کیلومتر خواهد بود؟","50","55","45","100","A","فاصله واقعی برابر 10×۵ یعنی 50 کیلومتر است.","ترنم همدلی","original","1405"
"دوازدهم","انسانی","جغرافیا","جغرافیا","نقشه و مقیاس","مقیاس","محاسبات","متوسط","اگر هر ۱ سانتی‌متر روی نقشه معادل ۵ کیلومتر باشد، فاصله 11 سانتی‌متری چند کیلومتر است؟","55","60","50","110","A","فاصله واقعی برابر 11×۵ یعنی 55 کیلومتر است.","ترنم همدلی","original","1405"
"دوازدهم","انسانی","جغرافیا","جغرافیا","نقشه و مقیاس","مقیاس","محاسبات","آسان","در نقشه‌ای با مقیاس ۱ سانتی‌متر برابر ۵ کیلومتر، 12 سانتی‌متر چه فاصله واقعی را نشان می‌دهد؟","60","65","55","120","A","فاصله واقعی برابر 12×۵ یعنی 60 کیلومتر است.","ترنم همدلی","original","1405"
"دوازدهم","انسانی","جغرافیا","جغرافیا","نقشه و مقیاس","مقیاس","محاسبات","متوسط","فاصله 13 سانتی‌متری روی نقشه‌ای که هر سانتی‌متر آن ۵ کیلومتر است، چند کیلومتر خواهد بود؟","65","70","60","130","A","فاصله واقعی برابر 13×۵ یعنی 65 کیلومتر است.","ترنم همدلی","original","1405"
"دوازدهم","انسانی","جغرافیا","جغرافیا","نقشه و مقیاس","مقیاس","محاسبات","متوسط","اگر هر ۱ سانتی‌متر روی نقشه معادل ۵ کیلومتر باشد، فاصله 14 سانتی‌متری چند کیلومتر است؟","70","75","65","140","A","فاصله واقعی برابر 14×۵ یعنی 70 کیلومتر است.","ترنم همدلی","original","1405"
"دوازدهم","انسانی","جغرافیا","جغرافیا","نقشه و مقیاس","مقیاس","محاسبات","متوسط","در نقشه‌ای با مقیاس ۱ سانتی‌متر برابر ۵ کیلومتر، 15 سانتی‌متر چه فاصله واقعی را نشان می‌دهد؟","75","80","70","150","A","فاصله واقعی برابر 15×۵ یعنی 75 کیلومتر است.","ترنم همدلی","original","1405"
"دوازدهم","انسانی","جغرافیا","جغرافیا","نقشه و مقیاس","مقیاس","محاسبات","آسان","فاصله 16 سانتی‌متری روی نقشه‌ای که هر سانتی‌متر آن ۵ کیلومتر است، چند کیلومتر خواهد بود؟","80","85","75","160","A","فاصله واقعی برابر 16×۵ یعنی 80 کیلومتر است.","ترنم همدلی","original","1405"
"دوازدهم","انسانی","جغرافیا","جغرافیا","نقشه و مقیاس","مقیاس","محاسبات","متوسط","اگر هر ۱ سانتی‌متر روی نقشه معادل ۵ کیلومتر باشد، فاصله 17 سانتی‌متری چند کیلومتر است؟","85","90","80","170","A","فاصله واقعی برابر 17×۵ یعنی 85 کیلومتر است.","ترنم همدلی","original","1405"
"دوازدهم","انسانی","جغرافیا","جغرافیا","نقشه و مقیاس","مقیاس","محاسبات","متوسط","در نقشه‌ای با مقیاس ۱ سانتی‌متر برابر ۵ کیلومتر، 18 سانتی‌متر چه فاصله واقعی را نشان می‌دهد؟","90","95","85","180","A","فاصله واقعی برابر 18×۵ یعنی 90 کیلومتر است.","ترنم همدلی","original","1405"
"دوازدهم","انسانی","جغرافیا","جغرافیا","نقشه و مقیاس","مقیاس","محاسبات","متوسط","فاصله 19 سانتی‌متری روی نقشه‌ای که هر سانتی‌متر آن ۵ کیلومتر است، چند کیلومتر خواهد بود؟","95","100","90","190","A","فاصله واقعی برابر 19×۵ یعنی 95 کیلومتر است.","ترنم همدلی","original","1405"
"دوازدهم","انسانی","جغرافیا","جغرافیا","نقشه و مقیاس","مقیاس","محاسبات","آسان","اگر هر ۱ سانتی‌متر روی نقشه معادل ۵ کیلومتر باشد، فاصله 20 سانتی‌متری چند کیلومتر است؟","100","105","95","200","A","فاصله واقعی برابر 20×۵ یعنی 100 کیلومتر است.","ترنم همدلی","original","1405"
"دوازدهم","انسانی","جغرافیا","جغرافیا","نقشه و مقیاس","مقیاس","محاسبات","متوسط","در نقشه‌ای با مقیاس ۱ سانتی‌متر برابر ۵ کیلومتر، 21 سانتی‌متر چه فاصله واقعی را نشان می‌دهد؟","105","110","100","210","A","فاصله واقعی برابر 21×۵ یعنی 105 کیلومتر است.","ترنم همدلی","original","1405"
"دوازدهم","انسانی","جغرافیا","جغرافیا","نقشه و مقیاس","مقیاس","محاسبات","متوسط","فاصله 22 سانتی‌متری روی نقشه‌ای که هر سانتی‌متر آن ۵ کیلومتر است، چند کیلومتر خواهد بود؟","110","115","105","220","A","فاصله واقعی برابر 22×۵ یعنی 110 کیلومتر است.","ترنم همدلی","original","1405"
"دوازدهم","انسانی","جغرافیا","جغرافیا","نقشه و مقیاس","مقیاس","محاسبات","متوسط","اگر هر ۱ سانتی‌متر روی نقشه معادل ۵ کیلومتر باشد، فاصله 23 سانتی‌متری چند کیلومتر است؟","115","120","110","230","A","فاصله واقعی برابر 23×۵ یعنی 115 کیلومتر است.","ترنم همدلی","original","1405"
"دوازدهم","انسانی","جغرافیا","جغرافیا","نقشه و مقیاس","مقیاس","محاسبات","آسان","در نقشه‌ای با مقیاس ۱ سانتی‌متر برابر ۵ کیلومتر، 24 سانتی‌متر چه فاصله واقعی را نشان می‌دهد؟","120","125","115","240","A","فاصله واقعی برابر 24×۵ یعنی 120 کیلومتر است.","ترنم همدلی","original","1405"
"دوازدهم","انسانی","جغرافیا","جغرافیا","نقشه و مقیاس","مقیاس","محاسبات","متوسط","فاصله 25 سانتی‌متری روی نقشه‌ای که هر سانتی‌متر آن ۵ کیلومتر است، چند کیلومتر خواهد بود؟","125","130","120","250","A","فاصله واقعی برابر 25×۵ یعنی 125 کیلومتر است.","ترنم همدلی","original","1405"
"دوازدهم","انسانی","جغرافیا","جغرافیا","نقشه و مقیاس","مقیاس","محاسبات","متوسط","اگر هر ۱ سانتی‌متر روی نقشه معادل ۵ کیلومتر باشد، فاصله 26 سانتی‌متری چند کیلومتر است؟","130","135","125","260","A","فاصله واقعی برابر 26×۵ یعنی 130 کیلومتر است.","ترنم همدلی","original","1405"
"دوازدهم","انسانی","جغرافیا","جغرافیا","نقشه و مقیاس","مقیاس","محاسبات","متوسط","در نقشه‌ای با مقیاس ۱ سانتی‌متر برابر ۵ کیلومتر، 27 سانتی‌متر چه فاصله واقعی را نشان می‌دهد؟","135","140","130","270","A","فاصله واقعی برابر 27×۵ یعنی 135 کیلومتر است.","ترنم همدلی","original","1405"
"دوازدهم","انسانی","جغرافیا","جغرافیا","نقشه و مقیاس","مقیاس","محاسبات","آسان","فاصله 28 سانتی‌متری روی نقشه‌ای که هر سانتی‌متر آن ۵ کیلومتر است، چند کیلومتر خواهد بود؟","140","145","135","280","A","فاصله واقعی برابر 28×۵ یعنی 140 کیلومتر است.","ترنم همدلی","original","1405"
"دوازدهم","انسانی","جغرافیا","جغرافیا","نقشه و مقیاس","مقیاس","محاسبات","متوسط","اگر هر ۱ سانتی‌متر روی نقشه معادل ۵ کیلومتر باشد، فاصله 29 سانتی‌متری چند کیلومتر است؟","145","150","140","290","A","فاصله واقعی برابر 29×۵ یعنی 145 کیلومتر است.","ترنم همدلی","original","1405"
"دوازدهم","انسانی","جغرافیا","جغرافیا","نقشه و مقیاس","مقیاس","محاسبات","متوسط","در نقشه‌ای با مقیاس ۱ سانتی‌متر برابر ۵ کیلومتر، 30 سانتی‌متر چه فاصله واقعی را نشان می‌دهد؟","150","155","145","300","A","فاصله واقعی برابر 30×۵ یعنی 150 کیلومتر است.","ترنم همدلی","original","1405"
"دوازدهم","انسانی","جغرافیا","جغرافیا","نقشه و مقیاس","مقیاس","محاسبات","متوسط","فاصله 31 سانتی‌متری روی نقشه‌ای که هر سانتی‌متر آن ۵ کیلومتر است، چند کیلومتر خواهد بود؟","155","160","150","310","A","فاصله واقعی برابر 31×۵ یعنی 155 کیلومتر است.","ترنم همدلی","original","1405"
"دوازدهم","انسانی","جغرافیا","جغرافیا","نقشه و مقیاس","مقیاس","محاسبات","آسان","اگر هر ۱ سانتی‌متر روی نقشه معادل ۵ کیلومتر باشد، فاصله 2 سانتی‌متری چند کیلومتر است؟","10","15","5","20","A","فاصله واقعی برابر 2×۵ یعنی 10 کیلومتر است.","ترنم همدلی","original","1405"
"دوازدهم","انسانی","جغرافیا","جغرافیا","نقشه و مقیاس","مقیاس","محاسبات","متوسط","در نقشه‌ای با مقیاس ۱ سانتی‌متر برابر ۵ کیلومتر، 3 سانتی‌متر چه فاصله واقعی را نشان می‌دهد؟","15","20","10","30","A","فاصله واقعی برابر 3×۵ یعنی 15 کیلومتر است.","ترنم همدلی","original","1405"
"دوازدهم","انسانی","جغرافیا","جغرافیا","نقشه و مقیاس","مقیاس","محاسبات","متوسط","فاصله 4 سانتی‌متری روی نقشه‌ای که هر سانتی‌متر آن ۵ کیلومتر است، چند کیلومتر خواهد بود؟","20","25","15","40","A","فاصله واقعی برابر 4×۵ یعنی 20 کیلومتر است.","ترنم همدلی","original","1405"
"دوازدهم","انسانی","جغرافیا","جغرافیا","نقشه و مقیاس","مقیاس","محاسبات","متوسط","اگر هر ۱ سانتی‌متر روی نقشه معادل ۵ کیلومتر باشد، فاصله 5 سانتی‌متری چند کیلومتر است؟","25","30","20","50","A","فاصله واقعی برابر 5×۵ یعنی 25 کیلومتر است.","ترنم همدلی","original","1405"
"دوازدهم","انسانی","جغرافیا","جغرافیا","نقشه و مقیاس","مقیاس","محاسبات","آسان","در نقشه‌ای با مقیاس ۱ سانتی‌متر برابر ۵ کیلومتر، 6 سانتی‌متر چه فاصله واقعی را نشان می‌دهد؟","30","35","25","60","A","فاصله واقعی برابر 6×۵ یعنی 30 کیلومتر است.","ترنم همدلی","original","1405"
"دوازدهم","انسانی","جغرافیا","جغرافیا","نقشه و مقیاس","مقیاس","محاسبات","متوسط","فاصله 7 سانتی‌متری روی نقشه‌ای که هر سانتی‌متر آن ۵ کیلومتر است، چند کیلومتر خواهد بود؟","35","40","30","70","A","فاصله واقعی برابر 7×۵ یعنی 35 کیلومتر است.","ترنم همدلی","original","1405"
"دوازدهم","انسانی","جغرافیا","جغرافیا","نقشه و مقیاس","مقیاس","محاسبات","متوسط","اگر هر ۱ سانتی‌متر روی نقشه معادل ۵ کیلومتر باشد، فاصله 8 سانتی‌متری چند کیلومتر است؟","40","45","35","80","A","فاصله واقعی برابر 8×۵ یعنی 40 کیلومتر است.","ترنم همدلی","original","1405"
"دوازدهم","انسانی","جغرافیا","جغرافیا","نقشه و مقیاس","مقیاس","محاسبات","متوسط","در نقشه‌ای با مقیاس ۱ سانتی‌متر برابر ۵ کیلومتر، 9 سانتی‌متر چه فاصله واقعی را نشان می‌دهد؟","45","50","40","90","A","فاصله واقعی برابر 9×۵ یعنی 45 کیلومتر است.","ترنم همدلی","original","1405"
"دوازدهم","انسانی","جغرافیا","جغرافیا","نقشه و مقیاس","مقیاس","محاسبات","آسان","فاصله 10 سانتی‌متری روی نقشه‌ای که هر سانتی‌متر آن ۵ کیلومتر است، چند کیلومتر خواهد بود؟","50","55","45","100","A","فاصله واقعی برابر 10×۵ یعنی 50 کیلومتر است.","ترنم همدلی","original","1405"
"دوازدهم","انسانی","جغرافیا","جغرافیا","نقشه و مقیاس","مقیاس","محاسبات","متوسط","اگر هر ۱ سانتی‌متر روی نقشه معادل ۵ کیلومتر باشد، فاصله 11 سانتی‌متری چند کیلومتر است؟","55","60","50","110","A","فاصله واقعی برابر 11×۵ یعنی 55 کیلومتر است.","ترنم همدلی","original","1405"
"دوازدهم","انسانی","جغرافیا","جغرافیا","نقشه و مقیاس","مقیاس","محاسبات","متوسط","در نقشه‌ای با مقیاس ۱ سانتی‌متر برابر ۵ کیلومتر، 12 سانتی‌متر چه فاصله واقعی را نشان می‌دهد؟","60","65","55","120","A","فاصله واقعی برابر 12×۵ یعنی 60 کیلومتر است.","ترنم همدلی","original","1405"
"دوازدهم","انسانی","جغرافیا","جغرافیا","نقشه و مقیاس","مقیاس","محاسبات","متوسط","فاصله 13 سانتی‌متری روی نقشه‌ای که هر سانتی‌متر آن ۵ کیلومتر است، چند کیلومتر خواهد بود؟","65","70","60","130","A","فاصله واقعی برابر 13×۵ یعنی 65 کیلومتر است.","ترنم همدلی","original","1405"
"دوازدهم","انسانی","جغرافیا","جغرافیا","نقشه و مقیاس","مقیاس","محاسبات","آسان","اگر هر ۱ سانتی‌متر روی نقشه معادل ۵ کیلومتر باشد، فاصله 14 سانتی‌متری چند کیلومتر است؟","70","75","65","140","A","فاصله واقعی برابر 14×۵ یعنی 70 کیلومتر است.","ترنم همدلی","original","1405"
"دوازدهم","انسانی","جغرافیا","جغرافیا","نقشه و مقیاس","مقیاس","محاسبات","متوسط","در نقشه‌ای با مقیاس ۱ سانتی‌متر برابر ۵ کیلومتر، 15 سانتی‌متر چه فاصله واقعی را نشان می‌دهد؟","75","80","70","150","A","فاصله واقعی برابر 15×۵ یعنی 75 کیلومتر است.","ترنم همدلی","original","1405"
"دوازدهم","انسانی","جغرافیا","جغرافیا","نقشه و مقیاس","مقیاس","محاسبات","متوسط","فاصله 16 سانتی‌متری روی نقشه‌ای که هر سانتی‌متر آن ۵ کیلومتر است، چند کیلومتر خواهد بود؟","80","85","75","160","A","فاصله واقعی برابر 16×۵ یعنی 80 کیلومتر است.","ترنم همدلی","original","1405"
"دوازدهم","انسانی","جغرافیا","جغرافیا","نقشه و مقیاس","مقیاس","محاسبات","متوسط","اگر هر ۱ سانتی‌متر روی نقشه معادل ۵ کیلومتر باشد، فاصله 17 سانتی‌متری چند کیلومتر است؟","85","90","80","170","A","فاصله واقعی برابر 17×۵ یعنی 85 کیلومتر است.","ترنم همدلی","original","1405"
"دوازدهم","انسانی","جغرافیا","جغرافیا","نقشه و مقیاس","مقیاس","محاسبات","آسان","در نقشه‌ای با مقیاس ۱ سانتی‌متر برابر ۵ کیلومتر، 18 سانتی‌متر چه فاصله واقعی را نشان می‌دهد؟","90","95","85","180","A","فاصله واقعی برابر 18×۵ یعنی 90 کیلومتر است.","ترنم همدلی","original","1405"
"دوازدهم","انسانی","جغرافیا","جغرافیا","نقشه و مقیاس","مقیاس","محاسبات","متوسط","فاصله 19 سانتی‌متری روی نقشه‌ای که هر سانتی‌متر آن ۵ کیلومتر است، چند کیلومتر خواهد بود؟","95","100","90","190","A","فاصله واقعی برابر 19×۵ یعنی 95 کیلومتر است.","ترنم همدلی","original","1405"
"دوازدهم","انسانی","جغرافیا","جغرافیا","نقشه و مقیاس","مقیاس","محاسبات","متوسط","اگر هر ۱ سانتی‌متر روی نقشه معادل ۵ کیلومتر باشد، فاصله 20 سانتی‌متری چند کیلومتر است؟","100","105","95","200","A","فاصله واقعی برابر 20×۵ یعنی 100 کیلومتر است.","ترنم همدلی","original","1405"
"دوازدهم","انسانی","جغرافیا","جغرافیا","نقشه و مقیاس","مقیاس","محاسبات","متوسط","در نقشه‌ای با مقیاس ۱ سانتی‌متر برابر ۵ کیلومتر، 21 سانتی‌متر چه فاصله واقعی را نشان می‌دهد؟","105","110","100","210","A","فاصله واقعی برابر 21×۵ یعنی 105 کیلومتر است.","ترنم همدلی","original","1405"
"دوازدهم","انسانی","جغرافیا","جغرافیا","نقشه و مقیاس","مقیاس","محاسبات","آسان","فاصله 22 سانتی‌متری روی نقشه‌ای که هر سانتی‌متر آن ۵ کیلومتر است، چند کیلومتر خواهد بود؟","110","115","105","220","A","فاصله واقعی برابر 22×۵ یعنی 110 کیلومتر است.","ترنم همدلی","original","1405"
"دوازدهم","انسانی","جغرافیا","جغرافیا","نقشه و مقیاس","مقیاس","محاسبات","متوسط","اگر هر ۱ سانتی‌متر روی نقشه معادل ۵ کیلومتر باشد، فاصله 23 سانتی‌متری چند کیلومتر است؟","115","120","110","230","A","فاصله واقعی برابر 23×۵ یعنی 115 کیلومتر است.","ترنم همدلی","original","1405"
"دوازدهم","انسانی","جغرافیا","جغرافیا","نقشه و مقیاس","مقیاس","محاسبات","متوسط","در نقشه‌ای با مقیاس ۱ سانتی‌متر برابر ۵ کیلومتر، 24 سانتی‌متر چه فاصله واقعی را نشان می‌دهد؟","120","125","115","240","A","فاصله واقعی برابر 24×۵ یعنی 120 کیلومتر است.","ترنم همدلی","original","1405"
"دوازدهم","انسانی","جغرافیا","جغرافیا","نقشه و مقیاس","مقیاس","محاسبات","متوسط","فاصله 25 سانتی‌متری روی نقشه‌ای که هر سانتی‌متر آن ۵ کیلومتر است، چند کیلومتر خواهد بود؟","125","130","120","250","A","فاصله واقعی برابر 25×۵ یعنی 125 کیلومتر است.","ترنم همدلی","original","1405"
"دوازدهم","انسانی","جغرافیا","جغرافیا","نقشه و مقیاس","مقیاس","محاسبات","آسان","اگر هر ۱ سانتی‌متر روی نقشه معادل ۵ کیلومتر باشد، فاصله 26 سانتی‌متری چند کیلومتر است؟","130","135","125","260","A","فاصله واقعی برابر 26×۵ یعنی 130 کیلومتر است.","ترنم همدلی","original","1405"
"دوازدهم","انسانی","جغرافیا","جغرافیا","نقشه و مقیاس","مقیاس","محاسبات","متوسط","در نقشه‌ای با مقیاس ۱ سانتی‌متر برابر ۵ کیلومتر، 27 سانتی‌متر چه فاصله واقعی را نشان می‌دهد؟","135","140","130","270","A","فاصله واقعی برابر 27×۵ یعنی 135 کیلومتر است.","ترنم همدلی","original","1405"
"دوازدهم","انسانی","جغرافیا","جغرافیا","نقشه و مقیاس","مقیاس","محاسبات","متوسط","فاصله 28 سانتی‌متری روی نقشه‌ای که هر سانتی‌متر آن ۵ کیلومتر است، چند کیلومتر خواهد بود؟","140","145","135","280","A","فاصله واقعی برابر 28×۵ یعنی 140 کیلومتر است.","ترنم همدلی","original","1405"
"دوازدهم","انسانی","جغرافیا","جغرافیا","نقشه و مقیاس","مقیاس","محاسبات","متوسط","اگر هر ۱ سانتی‌متر روی نقشه معادل ۵ کیلومتر باشد، فاصله 29 سانتی‌متری چند کیلومتر است؟","145","150","140","290","A","فاصله واقعی برابر 29×۵ یعنی 145 کیلومتر است.","ترنم همدلی","original","1405"
"دوازدهم","انسانی","جغرافیا","جغرافیا","نقشه و مقیاس","مقیاس","محاسبات","آسان","در نقشه‌ای با مقیاس ۱ سانتی‌متر برابر ۵ کیلومتر، 30 سانتی‌متر چه فاصله واقعی را نشان می‌دهد؟","150","155","145","300","A","فاصله واقعی برابر 30×۵ یعنی 150 کیلومتر است.","ترنم همدلی","original","1405"
"دوازدهم","انسانی","جغرافیا","جغرافیا","نقشه و مقیاس","مقیاس","محاسبات","متوسط","فاصله 31 سانتی‌متری روی نقشه‌ای که هر سانتی‌متر آن ۵ کیلومتر است، چند کیلومتر خواهد بود؟","155","160","150","310","A","فاصله واقعی برابر 31×۵ یعنی 155 کیلومتر است.","ترنم همدلی","original","1405"
"دوازدهم","انسانی","جغرافیا","جغرافیا","نقشه و مقیاس","مقیاس","محاسبات","متوسط","اگر هر ۱ سانتی‌متر روی نقشه معادل ۵ کیلومتر باشد، فاصله 2 سانتی‌متری چند کیلومتر است؟","10","15","5","20","A","فاصله واقعی برابر 2×۵ یعنی 10 کیلومتر است.","ترنم همدلی","original","1405"
"دوازدهم","انسانی","جغرافیا","جغرافیا","نقشه و مقیاس","مقیاس","محاسبات","متوسط","در نقشه‌ای با مقیاس ۱ سانتی‌متر برابر ۵ کیلومتر، 3 سانتی‌متر چه فاصله واقعی را نشان می‌دهد؟","15","20","10","30","A","فاصله واقعی برابر 3×۵ یعنی 15 کیلومتر است.","ترنم همدلی","original","1405"
"دوازدهم","انسانی","جغرافیا","جغرافیا","نقشه و مقیاس","مقیاس","محاسبات","آسان","فاصله 4 سانتی‌متری روی نقشه‌ای که هر سانتی‌متر آن ۵ کیلومتر است، چند کیلومتر خواهد بود؟","20","25","15","40","A","فاصله واقعی برابر 4×۵ یعنی 20 کیلومتر است.","ترنم همدلی","original","1405"
"دوازدهم","انسانی","جغرافیا","جغرافیا","نقشه و مقیاس","مقیاس","محاسبات","متوسط","اگر هر ۱ سانتی‌متر روی نقشه معادل ۵ کیلومتر باشد، فاصله 5 سانتی‌متری چند کیلومتر است؟","25","30","20","50","A","فاصله واقعی برابر 5×۵ یعنی 25 کیلومتر است.","ترنم همدلی","original","1405"
"دوازدهم","انسانی","جغرافیا","جغرافیا","نقشه و مقیاس","مقیاس","محاسبات","متوسط","در نقشه‌ای با مقیاس ۱ سانتی‌متر برابر ۵ کیلومتر، 6 سانتی‌متر چه فاصله واقعی را نشان می‌دهد؟","30","35","25","60","A","فاصله واقعی برابر 6×۵ یعنی 30 کیلومتر است.","ترنم همدلی","original","1405"
"دوازدهم","انسانی","جغرافیا","جغرافیا","نقشه و مقیاس","مقیاس","محاسبات","متوسط","فاصله 7 سانتی‌متری روی نقشه‌ای که هر سانتی‌متر آن ۵ کیلومتر است، چند کیلومتر خواهد بود؟","35","40","30","70","A","فاصله واقعی برابر 7×۵ یعنی 35 کیلومتر است.","ترنم همدلی","original","1405"
"دوازدهم","انسانی","جغرافیا","جغرافیا","نقشه و مقیاس","مقیاس","محاسبات","آسان","اگر هر ۱ سانتی‌متر روی نقشه معادل ۵ کیلومتر باشد، فاصله 8 سانتی‌متری چند کیلومتر است؟","40","45","35","80","A","فاصله واقعی برابر 8×۵ یعنی 40 کیلومتر است.","ترنم همدلی","original","1405"
"دوازدهم","انسانی","جغرافیا","جغرافیا","نقشه و مقیاس","مقیاس","محاسبات","متوسط","در نقشه‌ای با مقیاس ۱ سانتی‌متر برابر ۵ کیلومتر، 9 سانتی‌متر چه فاصله واقعی را نشان می‌دهد؟","45","50","40","90","A","فاصله واقعی برابر 9×۵ یعنی 45 کیلومتر است.","ترنم همدلی","original","1405"
"دوازدهم","انسانی","جغرافیا","جغرافیا","نقشه و مقیاس","مقیاس","محاسبات","متوسط","فاصله 10 سانتی‌متری روی نقشه‌ای که هر سانتی‌متر آن ۵ کیلومتر است، چند کیلومتر خواهد بود؟","50","55","45","100","A","فاصله واقعی برابر 10×۵ یعنی 50 کیلومتر است.","ترنم همدلی","original","1405"
"دوازدهم","انسانی","جغرافیا","جغرافیا","نقشه و مقیاس","مقیاس","محاسبات","متوسط","اگر هر ۱ سانتی‌متر روی نقشه معادل ۵ کیلومتر باشد، فاصله 11 سانتی‌متری چند کیلومتر است؟","55","60","50","110","A","فاصله واقعی برابر 11×۵ یعنی 55 کیلومتر است.","ترنم همدلی","original","1405"
"دوازدهم","انسانی","جغرافیا","جغرافیا","نقشه و مقیاس","مقیاس","محاسبات","آسان","در نقشه‌ای با مقیاس ۱ سانتی‌متر برابر ۵ کیلومتر، 12 سانتی‌متر چه فاصله واقعی را نشان می‌دهد؟","60","65","55","120","A","فاصله واقعی برابر 12×۵ یعنی 60 کیلومتر است.","ترنم همدلی","original","1405"
"دوازدهم","انسانی","جغرافیا","جغرافیا","نقشه و مقیاس","مقیاس","محاسبات","متوسط","فاصله 13 سانتی‌متری روی نقشه‌ای که هر سانتی‌متر آن ۵ کیلومتر است، چند کیلومتر خواهد بود؟","65","70","60","130","A","فاصله واقعی برابر 13×۵ یعنی 65 کیلومتر است.","ترنم همدلی","original","1405"
"دوازدهم","انسانی","جغرافیا","جغرافیا","نقشه و مقیاس","مقیاس","محاسبات","متوسط","اگر هر ۱ سانتی‌متر روی نقشه معادل ۵ کیلومتر باشد، فاصله 14 سانتی‌متری چند کیلومتر است؟","70","75","65","140","A","فاصله واقعی برابر 14×۵ یعنی 70 کیلومتر است.","ترنم همدلی","original","1405"
"دوازدهم","انسانی","جغرافیا","جغرافیا","نقشه و مقیاس","مقیاس","محاسبات","متوسط","در نقشه‌ای با مقیاس ۱ سانتی‌متر برابر ۵ کیلومتر، 15 سانتی‌متر چه فاصله واقعی را نشان می‌دهد؟","75","80","70","150","A","فاصله واقعی برابر 15×۵ یعنی 75 کیلومتر است.","ترنم همدلی","original","1405"
"دوازدهم","انسانی","جغرافیا","جغرافیا","نقشه و مقیاس","مقیاس","محاسبات","آسان","فاصله 16 سانتی‌متری روی نقشه‌ای که هر سانتی‌متر آن ۵ کیلومتر است، چند کیلومتر خواهد بود؟","80","85","75","160","A","فاصله واقعی برابر 16×۵ یعنی 80 کیلومتر است.","ترنم همدلی","original","1405"
"دوازدهم","انسانی","جغرافیا","جغرافیا","نقشه و مقیاس","مقیاس","محاسبات","متوسط","اگر هر ۱ سانتی‌متر روی نقشه معادل ۵ کیلومتر باشد، فاصله 17 سانتی‌متری چند کیلومتر است؟","85","90","80","170","A","فاصله واقعی برابر 17×۵ یعنی 85 کیلومتر است.","ترنم همدلی","original","1405"
"دوازدهم","انسانی","جغرافیا","جغرافیا","نقشه و مقیاس","مقیاس","محاسبات","متوسط","در نقشه‌ای با مقیاس ۱ سانتی‌متر برابر ۵ کیلومتر، 18 سانتی‌متر چه فاصله واقعی را نشان می‌دهد؟","90","95","85","180","A","فاصله واقعی برابر 18×۵ یعنی 90 کیلومتر است.","ترنم همدلی","original","1405"
"دوازدهم","انسانی","جغرافیا","جغرافیا","نقشه و مقیاس","مقیاس","محاسبات","متوسط","فاصله 19 سانتی‌متری روی نقشه‌ای که هر سانتی‌متر آن ۵ کیلومتر است، چند کیلومتر خواهد بود؟","95","100","90","190","A","فاصله واقعی برابر 19×۵ یعنی 95 کیلومتر است.","ترنم همدلی","original","1405"
"دوازدهم","انسانی","جغرافیا","جغرافیا","نقشه و مقیاس","مقیاس","محاسبات","آسان","اگر هر ۱ سانتی‌متر روی نقشه معادل ۵ کیلومتر باشد، فاصله 20 سانتی‌متری چند کیلومتر است؟","100","105","95","200","A","فاصله واقعی برابر 20×۵ یعنی 100 کیلومتر است.","ترنم همدلی","original","1405"
"دوازدهم","انسانی","جغرافیا","جغرافیا","نقشه و مقیاس","مقیاس","محاسبات","متوسط","در نقشه‌ای با مقیاس ۱ سانتی‌متر برابر ۵ کیلومتر، 21 سانتی‌متر چه فاصله واقعی را نشان می‌دهد؟","105","110","100","210","A","فاصله واقعی برابر 21×۵ یعنی 105 کیلومتر است.","ترنم همدلی","original","1405"
"دوازدهم","انسانی","جغرافیا","جغرافیا","نقشه و مقیاس","مقیاس","محاسبات","متوسط","فاصله 22 سانتی‌متری روی نقشه‌ای که هر سانتی‌متر آن ۵ کیلومتر است، چند کیلومتر خواهد بود؟","110","115","105","220","A","فاصله واقعی برابر 22×۵ یعنی 110 کیلومتر است.","ترنم همدلی","original","1405"
"دوازدهم","انسانی","جغرافیا","جغرافیا","نقشه و مقیاس","مقیاس","محاسبات","متوسط","اگر هر ۱ سانتی‌متر روی نقشه معادل ۵ کیلومتر باشد، فاصله 23 سانتی‌متری چند کیلومتر است؟","115","120","110","230","A","فاصله واقعی برابر 23×۵ یعنی 115 کیلومتر است.","ترنم همدلی","original","1405"
"دوازدهم","انسانی","جغرافیا","جغرافیا","نقشه و مقیاس","مقیاس","محاسبات","آسان","در نقشه‌ای با مقیاس ۱ سانتی‌متر برابر ۵ کیلومتر، 24 سانتی‌متر چه فاصله واقعی را نشان می‌دهد؟","120","125","115","240","A","فاصله واقعی برابر 24×۵ یعنی 120 کیلومتر است.","ترنم همدلی","original","1405"
"دوازدهم","انسانی","جغرافیا","جغرافیا","نقشه و مقیاس","مقیاس","محاسبات","متوسط","فاصله 25 سانتی‌متری روی نقشه‌ای که هر سانتی‌متر آن ۵ کیلومتر است، چند کیلومتر خواهد بود؟","125","130","120","250","A","فاصله واقعی برابر 25×۵ یعنی 125 کیلومتر است.","ترنم همدلی","original","1405"
"دوازدهم","انسانی","جغرافیا","جغرافیا","نقشه و مقیاس","مقیاس","محاسبات","متوسط","اگر هر ۱ سانتی‌متر روی نقشه معادل ۵ کیلومتر باشد، فاصله 26 سانتی‌متری چند کیلومتر است؟","130","135","125","260","A","فاصله واقعی برابر 26×۵ یعنی 130 کیلومتر است.","ترنم همدلی","original","1405"
"دوازدهم","انسانی","جغرافیا","جغرافیا","نقشه و مقیاس","مقیاس","محاسبات","متوسط","در نقشه‌ای با مقیاس ۱ سانتی‌متر برابر ۵ کیلومتر، 27 سانتی‌متر چه فاصله واقعی را نشان می‌دهد؟","135","140","130","270","A","فاصله واقعی برابر 27×۵ یعنی 135 کیلومتر است.","ترنم همدلی","original","1405"
"دوازدهم","انسانی","جغرافیا","جغرافیا","نقشه و مقیاس","مقیاس","محاسبات","آسان","فاصله 28 سانتی‌متری روی نقشه‌ای که هر سانتی‌متر آن ۵ کیلومتر است، چند کیلومتر خواهد بود؟","140","145","135","280","A","فاصله واقعی برابر 28×۵ یعنی 140 کیلومتر است.","ترنم همدلی","original","1405"
"دوازدهم","انسانی","جغرافیا","جغرافیا","نقشه و مقیاس","مقیاس","محاسبات","متوسط","اگر هر ۱ سانتی‌متر روی نقشه معادل ۵ کیلومتر باشد، فاصله 29 سانتی‌متری چند کیلومتر است؟","145","150","140","290","A","فاصله واقعی برابر 29×۵ یعنی 145 کیلومتر است.","ترنم همدلی","original","1405"
"دوازدهم","انسانی","جغرافیا","جغرافیا","نقشه و مقیاس","مقیاس","محاسبات","متوسط","در نقشه‌ای با مقیاس ۱ سانتی‌متر برابر ۵ کیلومتر، 30 سانتی‌متر چه فاصله واقعی را نشان می‌دهد؟","150","155","145","300","A","فاصله واقعی برابر 30×۵ یعنی 150 کیلومتر است.","ترنم همدلی","original","1405"
"دوازدهم","انسانی","جغرافیا","جغرافیا","نقشه و مقیاس","مقیاس","محاسبات","متوسط","فاصله 31 سانتی‌متری روی نقشه‌ای که هر سانتی‌متر آن ۵ کیلومتر است، چند کیلومتر خواهد بود؟","155","160","150","310","A","فاصله واقعی برابر 31×۵ یعنی 155 کیلومتر است.","ترنم همدلی","original","1405"
"دهم","انسانی","جامعه‌شناسی","جامعه‌شناسی","مفاهیم پایه","مفاهیم اجتماعی","تعریف مفاهیم","آسان","کدام گزینه تعریف مناسب‌تری برای «هنجار» است؟","قاعده یا انتظار پذیرفته‌شده برای رفتار","قانون جاذبه","ساختار اتم","یک عدد تصادفی","A","گزینه اول تعریف آموزشی مناسب‌تری برای هنجار ارائه می‌کند.","ترنم همدلی","original","1405"
"دهم","انسانی","جامعه‌شناسی","جامعه‌شناسی","مفاهیم پایه","مفاهیم اجتماعی","تعریف مفاهیم","متوسط","کدام گزینه تعریف مناسب‌تری برای «ارزش» است؟","باور یا معیار مهم و مطلوب در یک جامعه","واحد نیرو","نوع سنگ","یک عدد تصادفی","A","گزینه اول تعریف آموزشی مناسب‌تری برای ارزش ارائه می‌کند.","ترنم همدلی","original","1405"
"دهم","انسانی","جامعه‌شناسی","جامعه‌شناسی","مفاهیم پایه","مفاهیم اجتماعی","تعریف مفاهیم","متوسط","کدام گزینه تعریف مناسب‌تری برای «نقش اجتماعی» است؟","الگوی رفتاری مورد انتظار از فرد در یک موقعیت اجتماعی","فرمول هندسی","واکنش شیمیایی","یک عدد تصادفی","A","گزینه اول تعریف آموزشی مناسب‌تری برای نقش اجتماعی ارائه می‌کند.","ترنم همدلی","original","1405"
"دهم","انسانی","جامعه‌شناسی","جامعه‌شناسی","مفاهیم پایه","مفاهیم اجتماعی","تعریف مفاهیم","متوسط","کدام گزینه تعریف مناسب‌تری برای «گروه اجتماعی» است؟","مجموعه‌ای از افراد دارای تعامل و پیوند اجتماعی","یک سلول","یک ماده معدنی","یک عدد تصادفی","A","گزینه اول تعریف آموزشی مناسب‌تری برای گروه اجتماعی ارائه می‌کند.","ترنم همدلی","original","1405"
"دهم","انسانی","جامعه‌شناسی","جامعه‌شناسی","مفاهیم پایه","مفاهیم اجتماعی","تعریف مفاهیم","آسان","کدام گزینه تعریف مناسب‌تری برای «فرهنگ» است؟","مجموعه‌ای از معانی، باورها و الگوهای مشترک","سرعت جسم","جرم اتمی","یک عدد تصادفی","A","گزینه اول تعریف آموزشی مناسب‌تری برای فرهنگ ارائه می‌کند.","ترنم همدلی","original","1405"
"دهم","انسانی","جامعه‌شناسی","جامعه‌شناسی","مفاهیم پایه","مفاهیم اجتماعی","تعریف مفاهیم","متوسط","اگر بخواهیم «هنجار» را توضیح دهیم، کدام عبارت مناسب‌تر است؟","قاعده یا انتظار پذیرفته‌شده برای رفتار","قانون جاذبه","ساختار اتم","یک فرمول فیزیکی","A","گزینه اول تعریف آموزشی مناسب‌تری برای هنجار ارائه می‌کند.","ترنم همدلی","original","1405"
"دهم","انسانی","جامعه‌شناسی","جامعه‌شناسی","مفاهیم پایه","مفاهیم اجتماعی","تعریف مفاهیم","متوسط","اگر بخواهیم «ارزش» را توضیح دهیم، کدام عبارت مناسب‌تر است؟","باور یا معیار مهم و مطلوب در یک جامعه","واحد نیرو","نوع سنگ","یک فرمول فیزیکی","A","گزینه اول تعریف آموزشی مناسب‌تری برای ارزش ارائه می‌کند.","ترنم همدلی","original","1405"
"دهم","انسانی","جامعه‌شناسی","جامعه‌شناسی","مفاهیم پایه","مفاهیم اجتماعی","تعریف مفاهیم","متوسط","اگر بخواهیم «نقش اجتماعی» را توضیح دهیم، کدام عبارت مناسب‌تر است؟","الگوی رفتاری مورد انتظار از فرد در یک موقعیت اجتماعی","فرمول هندسی","واکنش شیمیایی","یک فرمول فیزیکی","A","گزینه اول تعریف آموزشی مناسب‌تری برای نقش اجتماعی ارائه می‌کند.","ترنم همدلی","original","1405"
"دهم","انسانی","جامعه‌شناسی","جامعه‌شناسی","مفاهیم پایه","مفاهیم اجتماعی","تعریف مفاهیم","آسان","اگر بخواهیم «گروه اجتماعی» را توضیح دهیم، کدام عبارت مناسب‌تر است؟","مجموعه‌ای از افراد دارای تعامل و پیوند اجتماعی","یک سلول","یک ماده معدنی","یک فرمول فیزیکی","A","گزینه اول تعریف آموزشی مناسب‌تری برای گروه اجتماعی ارائه می‌کند.","ترنم همدلی","original","1405"
"دهم","انسانی","جامعه‌شناسی","جامعه‌شناسی","مفاهیم پایه","مفاهیم اجتماعی","تعریف مفاهیم","متوسط","اگر بخواهیم «فرهنگ» را توضیح دهیم، کدام عبارت مناسب‌تر است؟","مجموعه‌ای از معانی، باورها و الگوهای مشترک","سرعت جسم","جرم اتمی","یک فرمول فیزیکی","A","گزینه اول تعریف آموزشی مناسب‌تری برای فرهنگ ارائه می‌کند.","ترنم همدلی","original","1405"
"دهم","انسانی","جامعه‌شناسی","جامعه‌شناسی","مفاهیم پایه","مفاهیم اجتماعی","تعریف مفاهیم","متوسط","کدام مورد به مفهوم «هنجار» مربوط است؟","قاعده یا انتظار پذیرفته‌شده برای رفتار","قانون جاذبه","ساختار اتم","یک واکنش شیمیایی","A","گزینه اول تعریف آموزشی مناسب‌تری برای هنجار ارائه می‌کند.","ترنم همدلی","original","1405"
"دهم","انسانی","جامعه‌شناسی","جامعه‌شناسی","مفاهیم پایه","مفاهیم اجتماعی","تعریف مفاهیم","متوسط","کدام مورد به مفهوم «ارزش» مربوط است؟","باور یا معیار مهم و مطلوب در یک جامعه","واحد نیرو","نوع سنگ","یک واکنش شیمیایی","A","گزینه اول تعریف آموزشی مناسب‌تری برای ارزش ارائه می‌کند.","ترنم همدلی","original","1405"
"دهم","انسانی","جامعه‌شناسی","جامعه‌شناسی","مفاهیم پایه","مفاهیم اجتماعی","تعریف مفاهیم","آسان","کدام مورد به مفهوم «نقش اجتماعی» مربوط است؟","الگوی رفتاری مورد انتظار از فرد در یک موقعیت اجتماعی","فرمول هندسی","واکنش شیمیایی","یک واکنش شیمیایی","A","گزینه اول تعریف آموزشی مناسب‌تری برای نقش اجتماعی ارائه می‌کند.","ترنم همدلی","original","1405"
"دهم","انسانی","جامعه‌شناسی","جامعه‌شناسی","مفاهیم پایه","مفاهیم اجتماعی","تعریف مفاهیم","متوسط","کدام مورد به مفهوم «گروه اجتماعی» مربوط است؟","مجموعه‌ای از افراد دارای تعامل و پیوند اجتماعی","یک سلول","یک ماده معدنی","یک واکنش شیمیایی","A","گزینه اول تعریف آموزشی مناسب‌تری برای گروه اجتماعی ارائه می‌کند.","ترنم همدلی","original","1405"
"دهم","انسانی","جامعه‌شناسی","جامعه‌شناسی","مفاهیم پایه","مفاهیم اجتماعی","تعریف مفاهیم","متوسط","کدام مورد به مفهوم «فرهنگ» مربوط است؟","مجموعه‌ای از معانی، باورها و الگوهای مشترک","سرعت جسم","جرم اتمی","یک واکنش شیمیایی","A","گزینه اول تعریف آموزشی مناسب‌تری برای فرهنگ ارائه می‌کند.","ترنم همدلی","original","1405"
"دهم","انسانی","جامعه‌شناسی","جامعه‌شناسی","مفاهیم پایه","مفاهیم اجتماعی","تعریف مفاهیم","متوسط","کدام گزینه درباره «هنجار» درست‌تر است؟","قاعده یا انتظار پذیرفته‌شده برای رفتار","قانون جاذبه","ساختار اتم","یک واحد اندازه‌گیری","A","گزینه اول تعریف آموزشی مناسب‌تری برای هنجار ارائه می‌کند.","ترنم همدلی","original","1405"
"دهم","انسانی","جامعه‌شناسی","جامعه‌شناسی","مفاهیم پایه","مفاهیم اجتماعی","تعریف مفاهیم","آسان","کدام گزینه درباره «ارزش» درست‌تر است؟","باور یا معیار مهم و مطلوب در یک جامعه","واحد نیرو","نوع سنگ","یک واحد اندازه‌گیری","A","گزینه اول تعریف آموزشی مناسب‌تری برای ارزش ارائه می‌کند.","ترنم همدلی","original","1405"
"دهم","انسانی","جامعه‌شناسی","جامعه‌شناسی","مفاهیم پایه","مفاهیم اجتماعی","تعریف مفاهیم","متوسط","کدام گزینه درباره «نقش اجتماعی» درست‌تر است؟","الگوی رفتاری مورد انتظار از فرد در یک موقعیت اجتماعی","فرمول هندسی","واکنش شیمیایی","یک واحد اندازه‌گیری","A","گزینه اول تعریف آموزشی مناسب‌تری برای نقش اجتماعی ارائه می‌کند.","ترنم همدلی","original","1405"
"دهم","انسانی","جامعه‌شناسی","جامعه‌شناسی","مفاهیم پایه","مفاهیم اجتماعی","تعریف مفاهیم","متوسط","کدام گزینه درباره «گروه اجتماعی» درست‌تر است؟","مجموعه‌ای از افراد دارای تعامل و پیوند اجتماعی","یک سلول","یک ماده معدنی","یک واحد اندازه‌گیری","A","گزینه اول تعریف آموزشی مناسب‌تری برای گروه اجتماعی ارائه می‌کند.","ترنم همدلی","original","1405"
"دهم","انسانی","جامعه‌شناسی","جامعه‌شناسی","مفاهیم پایه","مفاهیم اجتماعی","تعریف مفاهیم","متوسط","کدام گزینه درباره «فرهنگ» درست‌تر است؟","مجموعه‌ای از معانی، باورها و الگوهای مشترک","سرعت جسم","جرم اتمی","یک واحد اندازه‌گیری","A","گزینه اول تعریف آموزشی مناسب‌تری برای فرهنگ ارائه می‌کند.","ترنم همدلی","original","1405"
"دهم","انسانی","جامعه‌شناسی","جامعه‌شناسی","مفاهیم پایه","مفاهیم اجتماعی","تعریف مفاهیم","آسان","در علوم اجتماعی، «هنجار» به چه چیزی اشاره دارد؟","قاعده یا انتظار پذیرفته‌شده برای رفتار","قانون جاذبه","ساختار اتم","ساختار مولکول","A","گزینه اول تعریف آموزشی مناسب‌تری برای هنجار ارائه می‌کند.","ترنم همدلی","original","1405"
"دهم","انسانی","جامعه‌شناسی","جامعه‌شناسی","مفاهیم پایه","مفاهیم اجتماعی","تعریف مفاهیم","متوسط","در علوم اجتماعی، «ارزش» به چه چیزی اشاره دارد؟","باور یا معیار مهم و مطلوب در یک جامعه","واحد نیرو","نوع سنگ","ساختار مولکول","A","گزینه اول تعریف آموزشی مناسب‌تری برای ارزش ارائه می‌کند.","ترنم همدلی","original","1405"
"دهم","انسانی","جامعه‌شناسی","جامعه‌شناسی","مفاهیم پایه","مفاهیم اجتماعی","تعریف مفاهیم","متوسط","در علوم اجتماعی، «نقش اجتماعی» به چه چیزی اشاره دارد؟","الگوی رفتاری مورد انتظار از فرد در یک موقعیت اجتماعی","فرمول هندسی","واکنش شیمیایی","ساختار مولکول","A","گزینه اول تعریف آموزشی مناسب‌تری برای نقش اجتماعی ارائه می‌کند.","ترنم همدلی","original","1405"
"دهم","انسانی","جامعه‌شناسی","جامعه‌شناسی","مفاهیم پایه","مفاهیم اجتماعی","تعریف مفاهیم","متوسط","در علوم اجتماعی، «گروه اجتماعی» به چه چیزی اشاره دارد؟","مجموعه‌ای از افراد دارای تعامل و پیوند اجتماعی","یک سلول","یک ماده معدنی","ساختار مولکول","A","گزینه اول تعریف آموزشی مناسب‌تری برای گروه اجتماعی ارائه می‌کند.","ترنم همدلی","original","1405"
"دهم","انسانی","جامعه‌شناسی","جامعه‌شناسی","مفاهیم پایه","مفاهیم اجتماعی","تعریف مفاهیم","آسان","در علوم اجتماعی، «فرهنگ» به چه چیزی اشاره دارد؟","مجموعه‌ای از معانی، باورها و الگوهای مشترک","سرعت جسم","جرم اتمی","ساختار مولکول","A","گزینه اول تعریف آموزشی مناسب‌تری برای فرهنگ ارائه می‌کند.","ترنم همدلی","original","1405"
"یازدهم","انسانی","جامعه‌شناسی","جامعه‌شناسی","مفاهیم پایه","مفاهیم اجتماعی","تعریف مفاهیم","آسان","کدام گزینه تعریف مناسب‌تری برای «هنجار» است؟","قاعده یا انتظار پذیرفته‌شده برای رفتار","قانون جاذبه","ساختار اتم","یک عدد تصادفی","A","گزینه اول تعریف آموزشی مناسب‌تری برای هنجار ارائه می‌کند.","ترنم همدلی","original","1405"
"یازدهم","انسانی","جامعه‌شناسی","جامعه‌شناسی","مفاهیم پایه","مفاهیم اجتماعی","تعریف مفاهیم","متوسط","کدام گزینه تعریف مناسب‌تری برای «ارزش» است؟","باور یا معیار مهم و مطلوب در یک جامعه","واحد نیرو","نوع سنگ","یک عدد تصادفی","A","گزینه اول تعریف آموزشی مناسب‌تری برای ارزش ارائه می‌کند.","ترنم همدلی","original","1405"
"یازدهم","انسانی","جامعه‌شناسی","جامعه‌شناسی","مفاهیم پایه","مفاهیم اجتماعی","تعریف مفاهیم","متوسط","کدام گزینه تعریف مناسب‌تری برای «نقش اجتماعی» است؟","الگوی رفتاری مورد انتظار از فرد در یک موقعیت اجتماعی","فرمول هندسی","واکنش شیمیایی","یک عدد تصادفی","A","گزینه اول تعریف آموزشی مناسب‌تری برای نقش اجتماعی ارائه می‌کند.","ترنم همدلی","original","1405"
"یازدهم","انسانی","جامعه‌شناسی","جامعه‌شناسی","مفاهیم پایه","مفاهیم اجتماعی","تعریف مفاهیم","متوسط","کدام گزینه تعریف مناسب‌تری برای «گروه اجتماعی» است؟","مجموعه‌ای از افراد دارای تعامل و پیوند اجتماعی","یک سلول","یک ماده معدنی","یک عدد تصادفی","A","گزینه اول تعریف آموزشی مناسب‌تری برای گروه اجتماعی ارائه می‌کند.","ترنم همدلی","original","1405"
"یازدهم","انسانی","جامعه‌شناسی","جامعه‌شناسی","مفاهیم پایه","مفاهیم اجتماعی","تعریف مفاهیم","آسان","کدام گزینه تعریف مناسب‌تری برای «فرهنگ» است؟","مجموعه‌ای از معانی، باورها و الگوهای مشترک","سرعت جسم","جرم اتمی","یک عدد تصادفی","A","گزینه اول تعریف آموزشی مناسب‌تری برای فرهنگ ارائه می‌کند.","ترنم همدلی","original","1405"
"یازدهم","انسانی","جامعه‌شناسی","جامعه‌شناسی","مفاهیم پایه","مفاهیم اجتماعی","تعریف مفاهیم","متوسط","اگر بخواهیم «هنجار» را توضیح دهیم، کدام عبارت مناسب‌تر است؟","قاعده یا انتظار پذیرفته‌شده برای رفتار","قانون جاذبه","ساختار اتم","یک فرمول فیزیکی","A","گزینه اول تعریف آموزشی مناسب‌تری برای هنجار ارائه می‌کند.","ترنم همدلی","original","1405"
"یازدهم","انسانی","جامعه‌شناسی","جامعه‌شناسی","مفاهیم پایه","مفاهیم اجتماعی","تعریف مفاهیم","متوسط","اگر بخواهیم «ارزش» را توضیح دهیم، کدام عبارت مناسب‌تر است؟","باور یا معیار مهم و مطلوب در یک جامعه","واحد نیرو","نوع سنگ","یک فرمول فیزیکی","A","گزینه اول تعریف آموزشی مناسب‌تری برای ارزش ارائه می‌کند.","ترنم همدلی","original","1405"
"یازدهم","انسانی","جامعه‌شناسی","جامعه‌شناسی","مفاهیم پایه","مفاهیم اجتماعی","تعریف مفاهیم","متوسط","اگر بخواهیم «نقش اجتماعی» را توضیح دهیم، کدام عبارت مناسب‌تر است؟","الگوی رفتاری مورد انتظار از فرد در یک موقعیت اجتماعی","فرمول هندسی","واکنش شیمیایی","یک فرمول فیزیکی","A","گزینه اول تعریف آموزشی مناسب‌تری برای نقش اجتماعی ارائه می‌کند.","ترنم همدلی","original","1405"
"یازدهم","انسانی","جامعه‌شناسی","جامعه‌شناسی","مفاهیم پایه","مفاهیم اجتماعی","تعریف مفاهیم","آسان","اگر بخواهیم «گروه اجتماعی» را توضیح دهیم، کدام عبارت مناسب‌تر است؟","مجموعه‌ای از افراد دارای تعامل و پیوند اجتماعی","یک سلول","یک ماده معدنی","یک فرمول فیزیکی","A","گزینه اول تعریف آموزشی مناسب‌تری برای گروه اجتماعی ارائه می‌کند.","ترنم همدلی","original","1405"
"یازدهم","انسانی","جامعه‌شناسی","جامعه‌شناسی","مفاهیم پایه","مفاهیم اجتماعی","تعریف مفاهیم","متوسط","اگر بخواهیم «فرهنگ» را توضیح دهیم، کدام عبارت مناسب‌تر است؟","مجموعه‌ای از معانی، باورها و الگوهای مشترک","سرعت جسم","جرم اتمی","یک فرمول فیزیکی","A","گزینه اول تعریف آموزشی مناسب‌تری برای فرهنگ ارائه می‌کند.","ترنم همدلی","original","1405"
"یازدهم","انسانی","جامعه‌شناسی","جامعه‌شناسی","مفاهیم پایه","مفاهیم اجتماعی","تعریف مفاهیم","متوسط","کدام مورد به مفهوم «هنجار» مربوط است؟","قاعده یا انتظار پذیرفته‌شده برای رفتار","قانون جاذبه","ساختار اتم","یک واکنش شیمیایی","A","گزینه اول تعریف آموزشی مناسب‌تری برای هنجار ارائه می‌کند.","ترنم همدلی","original","1405"
"یازدهم","انسانی","جامعه‌شناسی","جامعه‌شناسی","مفاهیم پایه","مفاهیم اجتماعی","تعریف مفاهیم","متوسط","کدام مورد به مفهوم «ارزش» مربوط است؟","باور یا معیار مهم و مطلوب در یک جامعه","واحد نیرو","نوع سنگ","یک واکنش شیمیایی","A","گزینه اول تعریف آموزشی مناسب‌تری برای ارزش ارائه می‌کند.","ترنم همدلی","original","1405"
"یازدهم","انسانی","جامعه‌شناسی","جامعه‌شناسی","مفاهیم پایه","مفاهیم اجتماعی","تعریف مفاهیم","آسان","کدام مورد به مفهوم «نقش اجتماعی» مربوط است؟","الگوی رفتاری مورد انتظار از فرد در یک موقعیت اجتماعی","فرمول هندسی","واکنش شیمیایی","یک واکنش شیمیایی","A","گزینه اول تعریف آموزشی مناسب‌تری برای نقش اجتماعی ارائه می‌کند.","ترنم همدلی","original","1405"
"یازدهم","انسانی","جامعه‌شناسی","جامعه‌شناسی","مفاهیم پایه","مفاهیم اجتماعی","تعریف مفاهیم","متوسط","کدام مورد به مفهوم «گروه اجتماعی» مربوط است؟","مجموعه‌ای از افراد دارای تعامل و پیوند اجتماعی","یک سلول","یک ماده معدنی","یک واکنش شیمیایی","A","گزینه اول تعریف آموزشی مناسب‌تری برای گروه اجتماعی ارائه می‌کند.","ترنم همدلی","original","1405"
"یازدهم","انسانی","جامعه‌شناسی","جامعه‌شناسی","مفاهیم پایه","مفاهیم اجتماعی","تعریف مفاهیم","متوسط","کدام مورد به مفهوم «فرهنگ» مربوط است؟","مجموعه‌ای از معانی، باورها و الگوهای مشترک","سرعت جسم","جرم اتمی","یک واکنش شیمیایی","A","گزینه اول تعریف آموزشی مناسب‌تری برای فرهنگ ارائه می‌کند.","ترنم همدلی","original","1405"
"یازدهم","انسانی","جامعه‌شناسی","جامعه‌شناسی","مفاهیم پایه","مفاهیم اجتماعی","تعریف مفاهیم","متوسط","کدام گزینه درباره «هنجار» درست‌تر است؟","قاعده یا انتظار پذیرفته‌شده برای رفتار","قانون جاذبه","ساختار اتم","یک واحد اندازه‌گیری","A","گزینه اول تعریف آموزشی مناسب‌تری برای هنجار ارائه می‌کند.","ترنم همدلی","original","1405"
"یازدهم","انسانی","جامعه‌شناسی","جامعه‌شناسی","مفاهیم پایه","مفاهیم اجتماعی","تعریف مفاهیم","آسان","کدام گزینه درباره «ارزش» درست‌تر است؟","باور یا معیار مهم و مطلوب در یک جامعه","واحد نیرو","نوع سنگ","یک واحد اندازه‌گیری","A","گزینه اول تعریف آموزشی مناسب‌تری برای ارزش ارائه می‌کند.","ترنم همدلی","original","1405"
"یازدهم","انسانی","جامعه‌شناسی","جامعه‌شناسی","مفاهیم پایه","مفاهیم اجتماعی","تعریف مفاهیم","متوسط","کدام گزینه درباره «نقش اجتماعی» درست‌تر است؟","الگوی رفتاری مورد انتظار از فرد در یک موقعیت اجتماعی","فرمول هندسی","واکنش شیمیایی","یک واحد اندازه‌گیری","A","گزینه اول تعریف آموزشی مناسب‌تری برای نقش اجتماعی ارائه می‌کند.","ترنم همدلی","original","1405"
"یازدهم","انسانی","جامعه‌شناسی","جامعه‌شناسی","مفاهیم پایه","مفاهیم اجتماعی","تعریف مفاهیم","متوسط","کدام گزینه درباره «گروه اجتماعی» درست‌تر است؟","مجموعه‌ای از افراد دارای تعامل و پیوند اجتماعی","یک سلول","یک ماده معدنی","یک واحد اندازه‌گیری","A","گزینه اول تعریف آموزشی مناسب‌تری برای گروه اجتماعی ارائه می‌کند.","ترنم همدلی","original","1405"
"یازدهم","انسانی","جامعه‌شناسی","جامعه‌شناسی","مفاهیم پایه","مفاهیم اجتماعی","تعریف مفاهیم","متوسط","کدام گزینه درباره «فرهنگ» درست‌تر است؟","مجموعه‌ای از معانی، باورها و الگوهای مشترک","سرعت جسم","جرم اتمی","یک واحد اندازه‌گیری","A","گزینه اول تعریف آموزشی مناسب‌تری برای فرهنگ ارائه می‌کند.","ترنم همدلی","original","1405"
"یازدهم","انسانی","جامعه‌شناسی","جامعه‌شناسی","مفاهیم پایه","مفاهیم اجتماعی","تعریف مفاهیم","آسان","در علوم اجتماعی، «هنجار» به چه چیزی اشاره دارد؟","قاعده یا انتظار پذیرفته‌شده برای رفتار","قانون جاذبه","ساختار اتم","ساختار مولکول","A","گزینه اول تعریف آموزشی مناسب‌تری برای هنجار ارائه می‌کند.","ترنم همدلی","original","1405"
"یازدهم","انسانی","جامعه‌شناسی","جامعه‌شناسی","مفاهیم پایه","مفاهیم اجتماعی","تعریف مفاهیم","متوسط","در علوم اجتماعی، «ارزش» به چه چیزی اشاره دارد؟","باور یا معیار مهم و مطلوب در یک جامعه","واحد نیرو","نوع سنگ","ساختار مولکول","A","گزینه اول تعریف آموزشی مناسب‌تری برای ارزش ارائه می‌کند.","ترنم همدلی","original","1405"
"یازدهم","انسانی","جامعه‌شناسی","جامعه‌شناسی","مفاهیم پایه","مفاهیم اجتماعی","تعریف مفاهیم","متوسط","در علوم اجتماعی، «نقش اجتماعی» به چه چیزی اشاره دارد؟","الگوی رفتاری مورد انتظار از فرد در یک موقعیت اجتماعی","فرمول هندسی","واکنش شیمیایی","ساختار مولکول","A","گزینه اول تعریف آموزشی مناسب‌تری برای نقش اجتماعی ارائه می‌کند.","ترنم همدلی","original","1405"
"یازدهم","انسانی","جامعه‌شناسی","جامعه‌شناسی","مفاهیم پایه","مفاهیم اجتماعی","تعریف مفاهیم","متوسط","در علوم اجتماعی، «گروه اجتماعی» به چه چیزی اشاره دارد؟","مجموعه‌ای از افراد دارای تعامل و پیوند اجتماعی","یک سلول","یک ماده معدنی","ساختار مولکول","A","گزینه اول تعریف آموزشی مناسب‌تری برای گروه اجتماعی ارائه می‌کند.","ترنم همدلی","original","1405"
"یازدهم","انسانی","جامعه‌شناسی","جامعه‌شناسی","مفاهیم پایه","مفاهیم اجتماعی","تعریف مفاهیم","آسان","در علوم اجتماعی، «فرهنگ» به چه چیزی اشاره دارد؟","مجموعه‌ای از معانی، باورها و الگوهای مشترک","سرعت جسم","جرم اتمی","ساختار مولکول","A","گزینه اول تعریف آموزشی مناسب‌تری برای فرهنگ ارائه می‌کند.","ترنم همدلی","original","1405"
"دوازدهم","انسانی","جامعه‌شناسی","جامعه‌شناسی","مفاهیم پایه","مفاهیم اجتماعی","تعریف مفاهیم","آسان","کدام گزینه تعریف مناسب‌تری برای «هنجار» است؟","قاعده یا انتظار پذیرفته‌شده برای رفتار","قانون جاذبه","ساختار اتم","یک عدد تصادفی","A","گزینه اول تعریف آموزشی مناسب‌تری برای هنجار ارائه می‌کند.","ترنم همدلی","original","1405"
"دوازدهم","انسانی","جامعه‌شناسی","جامعه‌شناسی","مفاهیم پایه","مفاهیم اجتماعی","تعریف مفاهیم","متوسط","کدام گزینه تعریف مناسب‌تری برای «ارزش» است؟","باور یا معیار مهم و مطلوب در یک جامعه","واحد نیرو","نوع سنگ","یک عدد تصادفی","A","گزینه اول تعریف آموزشی مناسب‌تری برای ارزش ارائه می‌کند.","ترنم همدلی","original","1405"
"دوازدهم","انسانی","جامعه‌شناسی","جامعه‌شناسی","مفاهیم پایه","مفاهیم اجتماعی","تعریف مفاهیم","متوسط","کدام گزینه تعریف مناسب‌تری برای «نقش اجتماعی» است؟","الگوی رفتاری مورد انتظار از فرد در یک موقعیت اجتماعی","فرمول هندسی","واکنش شیمیایی","یک عدد تصادفی","A","گزینه اول تعریف آموزشی مناسب‌تری برای نقش اجتماعی ارائه می‌کند.","ترنم همدلی","original","1405"
"دوازدهم","انسانی","جامعه‌شناسی","جامعه‌شناسی","مفاهیم پایه","مفاهیم اجتماعی","تعریف مفاهیم","متوسط","کدام گزینه تعریف مناسب‌تری برای «گروه اجتماعی» است؟","مجموعه‌ای از افراد دارای تعامل و پیوند اجتماعی","یک سلول","یک ماده معدنی","یک عدد تصادفی","A","گزینه اول تعریف آموزشی مناسب‌تری برای گروه اجتماعی ارائه می‌کند.","ترنم همدلی","original","1405"
"دوازدهم","انسانی","جامعه‌شناسی","جامعه‌شناسی","مفاهیم پایه","مفاهیم اجتماعی","تعریف مفاهیم","آسان","کدام گزینه تعریف مناسب‌تری برای «فرهنگ» است؟","مجموعه‌ای از معانی، باورها و الگوهای مشترک","سرعت جسم","جرم اتمی","یک عدد تصادفی","A","گزینه اول تعریف آموزشی مناسب‌تری برای فرهنگ ارائه می‌کند.","ترنم همدلی","original","1405"
"دوازدهم","انسانی","جامعه‌شناسی","جامعه‌شناسی","مفاهیم پایه","مفاهیم اجتماعی","تعریف مفاهیم","متوسط","اگر بخواهیم «هنجار» را توضیح دهیم، کدام عبارت مناسب‌تر است؟","قاعده یا انتظار پذیرفته‌شده برای رفتار","قانون جاذبه","ساختار اتم","یک فرمول فیزیکی","A","گزینه اول تعریف آموزشی مناسب‌تری برای هنجار ارائه می‌کند.","ترنم همدلی","original","1405"
"دوازدهم","انسانی","جامعه‌شناسی","جامعه‌شناسی","مفاهیم پایه","مفاهیم اجتماعی","تعریف مفاهیم","متوسط","اگر بخواهیم «ارزش» را توضیح دهیم، کدام عبارت مناسب‌تر است؟","باور یا معیار مهم و مطلوب در یک جامعه","واحد نیرو","نوع سنگ","یک فرمول فیزیکی","A","گزینه اول تعریف آموزشی مناسب‌تری برای ارزش ارائه می‌کند.","ترنم همدلی","original","1405"
"دوازدهم","انسانی","جامعه‌شناسی","جامعه‌شناسی","مفاهیم پایه","مفاهیم اجتماعی","تعریف مفاهیم","متوسط","اگر بخواهیم «نقش اجتماعی» را توضیح دهیم، کدام عبارت مناسب‌تر است؟","الگوی رفتاری مورد انتظار از فرد در یک موقعیت اجتماعی","فرمول هندسی","واکنش شیمیایی","یک فرمول فیزیکی","A","گزینه اول تعریف آموزشی مناسب‌تری برای نقش اجتماعی ارائه می‌کند.","ترنم همدلی","original","1405"
"دوازدهم","انسانی","جامعه‌شناسی","جامعه‌شناسی","مفاهیم پایه","مفاهیم اجتماعی","تعریف مفاهیم","آسان","اگر بخواهیم «گروه اجتماعی» را توضیح دهیم، کدام عبارت مناسب‌تر است؟","مجموعه‌ای از افراد دارای تعامل و پیوند اجتماعی","یک سلول","یک ماده معدنی","یک فرمول فیزیکی","A","گزینه اول تعریف آموزشی مناسب‌تری برای گروه اجتماعی ارائه می‌کند.","ترنم همدلی","original","1405"
"دوازدهم","انسانی","جامعه‌شناسی","جامعه‌شناسی","مفاهیم پایه","مفاهیم اجتماعی","تعریف مفاهیم","متوسط","اگر بخواهیم «فرهنگ» را توضیح دهیم، کدام عبارت مناسب‌تر است؟","مجموعه‌ای از معانی، باورها و الگوهای مشترک","سرعت جسم","جرم اتمی","یک فرمول فیزیکی","A","گزینه اول تعریف آموزشی مناسب‌تری برای فرهنگ ارائه می‌کند.","ترنم همدلی","original","1405"
"دوازدهم","انسانی","جامعه‌شناسی","جامعه‌شناسی","مفاهیم پایه","مفاهیم اجتماعی","تعریف مفاهیم","متوسط","کدام مورد به مفهوم «هنجار» مربوط است؟","قاعده یا انتظار پذیرفته‌شده برای رفتار","قانون جاذبه","ساختار اتم","یک واکنش شیمیایی","A","گزینه اول تعریف آموزشی مناسب‌تری برای هنجار ارائه می‌کند.","ترنم همدلی","original","1405"
"دوازدهم","انسانی","جامعه‌شناسی","جامعه‌شناسی","مفاهیم پایه","مفاهیم اجتماعی","تعریف مفاهیم","متوسط","کدام مورد به مفهوم «ارزش» مربوط است؟","باور یا معیار مهم و مطلوب در یک جامعه","واحد نیرو","نوع سنگ","یک واکنش شیمیایی","A","گزینه اول تعریف آموزشی مناسب‌تری برای ارزش ارائه می‌کند.","ترنم همدلی","original","1405"
"دوازدهم","انسانی","جامعه‌شناسی","جامعه‌شناسی","مفاهیم پایه","مفاهیم اجتماعی","تعریف مفاهیم","آسان","کدام مورد به مفهوم «نقش اجتماعی» مربوط است؟","الگوی رفتاری مورد انتظار از فرد در یک موقعیت اجتماعی","فرمول هندسی","واکنش شیمیایی","یک واکنش شیمیایی","A","گزینه اول تعریف آموزشی مناسب‌تری برای نقش اجتماعی ارائه می‌کند.","ترنم همدلی","original","1405"
"دوازدهم","انسانی","جامعه‌شناسی","جامعه‌شناسی","مفاهیم پایه","مفاهیم اجتماعی","تعریف مفاهیم","متوسط","کدام مورد به مفهوم «گروه اجتماعی» مربوط است؟","مجموعه‌ای از افراد دارای تعامل و پیوند اجتماعی","یک سلول","یک ماده معدنی","یک واکنش شیمیایی","A","گزینه اول تعریف آموزشی مناسب‌تری برای گروه اجتماعی ارائه می‌کند.","ترنم همدلی","original","1405"
"دوازدهم","انسانی","جامعه‌شناسی","جامعه‌شناسی","مفاهیم پایه","مفاهیم اجتماعی","تعریف مفاهیم","متوسط","کدام مورد به مفهوم «فرهنگ» مربوط است؟","مجموعه‌ای از معانی، باورها و الگوهای مشترک","سرعت جسم","جرم اتمی","یک واکنش شیمیایی","A","گزینه اول تعریف آموزشی مناسب‌تری برای فرهنگ ارائه می‌کند.","ترنم همدلی","original","1405"
"دوازدهم","انسانی","جامعه‌شناسی","جامعه‌شناسی","مفاهیم پایه","مفاهیم اجتماعی","تعریف مفاهیم","متوسط","کدام گزینه درباره «هنجار» درست‌تر است؟","قاعده یا انتظار پذیرفته‌شده برای رفتار","قانون جاذبه","ساختار اتم","یک واحد اندازه‌گیری","A","گزینه اول تعریف آموزشی مناسب‌تری برای هنجار ارائه می‌کند.","ترنم همدلی","original","1405"
"دوازدهم","انسانی","جامعه‌شناسی","جامعه‌شناسی","مفاهیم پایه","مفاهیم اجتماعی","تعریف مفاهیم","آسان","کدام گزینه درباره «ارزش» درست‌تر است؟","باور یا معیار مهم و مطلوب در یک جامعه","واحد نیرو","نوع سنگ","یک واحد اندازه‌گیری","A","گزینه اول تعریف آموزشی مناسب‌تری برای ارزش ارائه می‌کند.","ترنم همدلی","original","1405"
"دوازدهم","انسانی","جامعه‌شناسی","جامعه‌شناسی","مفاهیم پایه","مفاهیم اجتماعی","تعریف مفاهیم","متوسط","کدام گزینه درباره «نقش اجتماعی» درست‌تر است؟","الگوی رفتاری مورد انتظار از فرد در یک موقعیت اجتماعی","فرمول هندسی","واکنش شیمیایی","یک واحد اندازه‌گیری","A","گزینه اول تعریف آموزشی مناسب‌تری برای نقش اجتماعی ارائه می‌کند.","ترنم همدلی","original","1405"
"دوازدهم","انسانی","جامعه‌شناسی","جامعه‌شناسی","مفاهیم پایه","مفاهیم اجتماعی","تعریف مفاهیم","متوسط","کدام گزینه درباره «گروه اجتماعی» درست‌تر است؟","مجموعه‌ای از افراد دارای تعامل و پیوند اجتماعی","یک سلول","یک ماده معدنی","یک واحد اندازه‌گیری","A","گزینه اول تعریف آموزشی مناسب‌تری برای گروه اجتماعی ارائه می‌کند.","ترنم همدلی","original","1405"
"دوازدهم","انسانی","جامعه‌شناسی","جامعه‌شناسی","مفاهیم پایه","مفاهیم اجتماعی","تعریف مفاهیم","متوسط","کدام گزینه درباره «فرهنگ» درست‌تر است؟","مجموعه‌ای از معانی، باورها و الگوهای مشترک","سرعت جسم","جرم اتمی","یک واحد اندازه‌گیری","A","گزینه اول تعریف آموزشی مناسب‌تری برای فرهنگ ارائه می‌کند.","ترنم همدلی","original","1405"
"دوازدهم","انسانی","جامعه‌شناسی","جامعه‌شناسی","مفاهیم پایه","مفاهیم اجتماعی","تعریف مفاهیم","آسان","در علوم اجتماعی، «هنجار» به چه چیزی اشاره دارد؟","قاعده یا انتظار پذیرفته‌شده برای رفتار","قانون جاذبه","ساختار اتم","ساختار مولکول","A","گزینه اول تعریف آموزشی مناسب‌تری برای هنجار ارائه می‌کند.","ترنم همدلی","original","1405"
"دوازدهم","انسانی","جامعه‌شناسی","جامعه‌شناسی","مفاهیم پایه","مفاهیم اجتماعی","تعریف مفاهیم","متوسط","در علوم اجتماعی، «ارزش» به چه چیزی اشاره دارد؟","باور یا معیار مهم و مطلوب در یک جامعه","واحد نیرو","نوع سنگ","ساختار مولکول","A","گزینه اول تعریف آموزشی مناسب‌تری برای ارزش ارائه می‌کند.","ترنم همدلی","original","1405"
"دوازدهم","انسانی","جامعه‌شناسی","جامعه‌شناسی","مفاهیم پایه","مفاهیم اجتماعی","تعریف مفاهیم","متوسط","در علوم اجتماعی، «نقش اجتماعی» به چه چیزی اشاره دارد؟","الگوی رفتاری مورد انتظار از فرد در یک موقعیت اجتماعی","فرمول هندسی","واکنش شیمیایی","ساختار مولکول","A","گزینه اول تعریف آموزشی مناسب‌تری برای نقش اجتماعی ارائه می‌کند.","ترنم همدلی","original","1405"
"دوازدهم","انسانی","جامعه‌شناسی","جامعه‌شناسی","مفاهیم پایه","مفاهیم اجتماعی","تعریف مفاهیم","متوسط","در علوم اجتماعی، «گروه اجتماعی» به چه چیزی اشاره دارد؟","مجموعه‌ای از افراد دارای تعامل و پیوند اجتماعی","یک سلول","یک ماده معدنی","ساختار مولکول","A","گزینه اول تعریف آموزشی مناسب‌تری برای گروه اجتماعی ارائه می‌کند.","ترنم همدلی","original","1405"
"دوازدهم","انسانی","جامعه‌شناسی","جامعه‌شناسی","مفاهیم پایه","مفاهیم اجتماعی","تعریف مفاهیم","آسان","در علوم اجتماعی، «فرهنگ» به چه چیزی اشاره دارد؟","مجموعه‌ای از معانی، باورها و الگوهای مشترک","سرعت جسم","جرم اتمی","ساختار مولکول","A","گزینه اول تعریف آموزشی مناسب‌تری برای فرهنگ ارائه می‌کند.","ترنم همدلی","original","1405"
"هفتم","عمومی","عربی","عربی","واژگان","واژه‌های پرکاربرد","معنا","آسان","معنای «کتاب» در عربی کدام است؟","کِتاب","مدرسه","معلم","خانه","A","گزینه اول معادل عربی مناسب واژه «کتاب» است.","ترنم همدلی","original","1405"
"هفتم","عمومی","عربی","عربی","واژگان","واژه‌های پرکاربرد","معنا","متوسط","معنای «مدرسه» در عربی کدام است؟","مَدرَسَة","کتاب","دانش‌آموز","قلم","A","گزینه اول معادل عربی مناسب واژه «مدرسه» است.","ترنم همدلی","original","1405"
"هفتم","عمومی","عربی","عربی","واژگان","واژه‌های پرکاربرد","معنا","متوسط","معنای «معلم» در عربی کدام است؟","مُعَلِّم","کتاب","مدرسه","خانه","A","گزینه اول معادل عربی مناسب واژه «معلم» است.","ترنم همدلی","original","1405"
"هفتم","عمومی","عربی","عربی","واژگان","واژه‌های پرکاربرد","معنا","متوسط","معنای «خانه» در عربی کدام است؟","بَیت","مدرسه","کتاب","معلم","A","گزینه اول معادل عربی مناسب واژه «خانه» است.","ترنم همدلی","original","1405"
"هفتم","عمومی","عربی","عربی","واژگان","واژه‌های پرکاربرد","معنا","آسان","معنای «قلم» در عربی کدام است؟","قَلَم","کتاب","مدرسه","خانه","A","گزینه اول معادل عربی مناسب واژه «قلم» است.","ترنم همدلی","original","1405"
"هفتم","عمومی","عربی","عربی","واژگان","واژه‌های پرکاربرد","معنا","متوسط","معنای «دانش‌آموز» در عربی کدام است؟","طالِب","معلم","کتاب","خانه","A","گزینه اول معادل عربی مناسب واژه «دانش‌آموز» است.","ترنم همدلی","original","1405"
"هفتم","عمومی","عربی","عربی","واژگان","واژه‌های پرکاربرد","معنا","متوسط","معنای «صبح» در عربی کدام است؟","صَباح","شب","روز","ماه","A","گزینه اول معادل عربی مناسب واژه «صبح» است.","ترنم همدلی","original","1405"
"هفتم","عمومی","عربی","عربی","واژگان","واژه‌های پرکاربرد","معنا","متوسط","معنای «شب» در عربی کدام است؟","لَیل","صبح","سال","هفته","A","گزینه اول معادل عربی مناسب واژه «شب» است.","ترنم همدلی","original","1405"
"هفتم","عمومی","عربی","عربی","واژگان","واژه‌های پرکاربرد","معنا","آسان","معنای «آب» در عربی کدام است؟","ماء","نان","خانه","کتاب","A","گزینه اول معادل عربی مناسب واژه «آب» است.","ترنم همدلی","original","1405"
"هفتم","عمومی","عربی","عربی","واژگان","واژه‌های پرکاربرد","معنا","متوسط","معنای «نان» در عربی کدام است؟","خُبز","آب","مدرسه","قلم","A","گزینه اول معادل عربی مناسب واژه «نان» است.","ترنم همدلی","original","1405"
"هفتم","عمومی","عربی","عربی","واژگان","واژه‌های پرکاربرد","معنا","متوسط","کدام گزینه معادل عربی «کتاب» است؟","کِتاب","مدرسه","معلم","خانه","A","گزینه اول معادل عربی مناسب واژه «کتاب» است.","ترنم همدلی","original","1405"
"هفتم","عمومی","عربی","عربی","واژگان","واژه‌های پرکاربرد","معنا","متوسط","کدام گزینه معادل عربی «مدرسه» است؟","مَدرَسَة","کتاب","دانش‌آموز","قلم","A","گزینه اول معادل عربی مناسب واژه «مدرسه» است.","ترنم همدلی","original","1405"
"هفتم","عمومی","عربی","عربی","واژگان","واژه‌های پرکاربرد","معنا","آسان","کدام گزینه معادل عربی «معلم» است؟","مُعَلِّم","کتاب","مدرسه","خانه","A","گزینه اول معادل عربی مناسب واژه «معلم» است.","ترنم همدلی","original","1405"
"هفتم","عمومی","عربی","عربی","واژگان","واژه‌های پرکاربرد","معنا","متوسط","کدام گزینه معادل عربی «خانه» است؟","بَیت","مدرسه","کتاب","معلم","A","گزینه اول معادل عربی مناسب واژه «خانه» است.","ترنم همدلی","original","1405"
"هفتم","عمومی","عربی","عربی","واژگان","واژه‌های پرکاربرد","معنا","متوسط","کدام گزینه معادل عربی «قلم» است؟","قَلَم","کتاب","مدرسه","خانه","A","گزینه اول معادل عربی مناسب واژه «قلم» است.","ترنم همدلی","original","1405"
"هفتم","عمومی","عربی","عربی","واژگان","واژه‌های پرکاربرد","معنا","متوسط","کدام گزینه معادل عربی «دانش‌آموز» است؟","طالِب","معلم","کتاب","خانه","A","گزینه اول معادل عربی مناسب واژه «دانش‌آموز» است.","ترنم همدلی","original","1405"
"هفتم","عمومی","عربی","عربی","واژگان","واژه‌های پرکاربرد","معنا","آسان","کدام گزینه معادل عربی «صبح» است؟","صَباح","شب","روز","ماه","A","گزینه اول معادل عربی مناسب واژه «صبح» است.","ترنم همدلی","original","1405"
"هفتم","عمومی","عربی","عربی","واژگان","واژه‌های پرکاربرد","معنا","متوسط","کدام گزینه معادل عربی «شب» است؟","لَیل","صبح","سال","هفته","A","گزینه اول معادل عربی مناسب واژه «شب» است.","ترنم همدلی","original","1405"
"هفتم","عمومی","عربی","عربی","واژگان","واژه‌های پرکاربرد","معنا","متوسط","کدام گزینه معادل عربی «آب» است؟","ماء","نان","خانه","کتاب","A","گزینه اول معادل عربی مناسب واژه «آب» است.","ترنم همدلی","original","1405"
"هفتم","عمومی","عربی","عربی","واژگان","واژه‌های پرکاربرد","معنا","متوسط","کدام گزینه معادل عربی «نان» است؟","خُبز","آب","مدرسه","قلم","A","گزینه اول معادل عربی مناسب واژه «نان» است.","ترنم همدلی","original","1405"
"هفتم","عمومی","عربی","عربی","واژگان","واژه‌های پرکاربرد","معنا","آسان","اگر واژه فارسی «کتاب» را ببینیم، معادل عربی مناسب کدام است؟","کِتاب","مدرسه","معلم","خانه","A","گزینه اول معادل عربی مناسب واژه «کتاب» است.","ترنم همدلی","original","1405"
"هفتم","عمومی","عربی","عربی","واژگان","واژه‌های پرکاربرد","معنا","متوسط","اگر واژه فارسی «مدرسه» را ببینیم، معادل عربی مناسب کدام است؟","مَدرَسَة","کتاب","دانش‌آموز","قلم","A","گزینه اول معادل عربی مناسب واژه «مدرسه» است.","ترنم همدلی","original","1405"
"هفتم","عمومی","عربی","عربی","واژگان","واژه‌های پرکاربرد","معنا","متوسط","اگر واژه فارسی «معلم» را ببینیم، معادل عربی مناسب کدام است؟","مُعَلِّم","کتاب","مدرسه","خانه","A","گزینه اول معادل عربی مناسب واژه «معلم» است.","ترنم همدلی","original","1405"
"هفتم","عمومی","عربی","عربی","واژگان","واژه‌های پرکاربرد","معنا","متوسط","اگر واژه فارسی «خانه» را ببینیم، معادل عربی مناسب کدام است؟","بَیت","مدرسه","کتاب","معلم","A","گزینه اول معادل عربی مناسب واژه «خانه» است.","ترنم همدلی","original","1405"
"هفتم","عمومی","عربی","عربی","واژگان","واژه‌های پرکاربرد","معنا","آسان","اگر واژه فارسی «قلم» را ببینیم، معادل عربی مناسب کدام است؟","قَلَم","کتاب","مدرسه","خانه","A","گزینه اول معادل عربی مناسب واژه «قلم» است.","ترنم همدلی","original","1405"
"هفتم","عمومی","عربی","عربی","واژگان","واژه‌های پرکاربرد","معنا","متوسط","اگر واژه فارسی «دانش‌آموز» را ببینیم، معادل عربی مناسب کدام است؟","طالِب","معلم","کتاب","خانه","A","گزینه اول معادل عربی مناسب واژه «دانش‌آموز» است.","ترنم همدلی","original","1405"
"هفتم","عمومی","عربی","عربی","واژگان","واژه‌های پرکاربرد","معنا","متوسط","اگر واژه فارسی «صبح» را ببینیم، معادل عربی مناسب کدام است؟","صَباح","شب","روز","ماه","A","گزینه اول معادل عربی مناسب واژه «صبح» است.","ترنم همدلی","original","1405"
"هفتم","عمومی","عربی","عربی","واژگان","واژه‌های پرکاربرد","معنا","متوسط","اگر واژه فارسی «شب» را ببینیم، معادل عربی مناسب کدام است؟","لَیل","صبح","سال","هفته","A","گزینه اول معادل عربی مناسب واژه «شب» است.","ترنم همدلی","original","1405"
"هفتم","عمومی","عربی","عربی","واژگان","واژه‌های پرکاربرد","معنا","آسان","اگر واژه فارسی «آب» را ببینیم، معادل عربی مناسب کدام است؟","ماء","نان","خانه","کتاب","A","گزینه اول معادل عربی مناسب واژه «آب» است.","ترنم همدلی","original","1405"
"هفتم","عمومی","عربی","عربی","واژگان","واژه‌های پرکاربرد","معنا","متوسط","اگر واژه فارسی «نان» را ببینیم، معادل عربی مناسب کدام است؟","خُبز","آب","مدرسه","قلم","A","گزینه اول معادل عربی مناسب واژه «نان» است.","ترنم همدلی","original","1405"
"هفتم","عمومی","زبان انگلیسی","زبان انگلیسی","Vocabulary","واژگان پرکاربرد","معنا","آسان","معنی واژه ""book"" کدام است؟","کتاب","مدرسه","معلم","خانه","A","گزینه اول معنی فارسی مناسب ""book"" است.","ترنم همدلی","original","1405"
"هفتم","عمومی","زبان انگلیسی","زبان انگلیسی","Vocabulary","واژگان پرکاربرد","معنا","متوسط","معنی واژه ""school"" کدام است؟","مدرسه","کتاب","خانه","معلم","A","گزینه اول معنی فارسی مناسب ""school"" است.","ترنم همدلی","original","1405"
"هفتم","عمومی","زبان انگلیسی","زبان انگلیسی","Vocabulary","واژگان پرکاربرد","معنا","متوسط","معنی واژه ""teacher"" کدام است؟","معلم","دانش‌آموز","کتاب","مدرسه","A","گزینه اول معنی فارسی مناسب ""teacher"" است.","ترنم همدلی","original","1405"
"هفتم","عمومی","زبان انگلیسی","زبان انگلیسی","Vocabulary","واژگان پرکاربرد","معنا","متوسط","معنی واژه ""house"" کدام است؟","خانه","مدرسه","کتاب","معلم","A","گزینه اول معنی فارسی مناسب ""house"" است.","ترنم همدلی","original","1405"
"هفتم","عمومی","زبان انگلیسی","زبان انگلیسی","Vocabulary","واژگان پرکاربرد","معنا","آسان","معنی واژه ""student"" کدام است؟","دانش‌آموز","معلم","مدرسه","کتاب","A","گزینه اول معنی فارسی مناسب ""student"" است.","ترنم همدلی","original","1405"
"هفتم","عمومی","زبان انگلیسی","زبان انگلیسی","Vocabulary","واژگان پرکاربرد","معنا","متوسط","معنی واژه ""water"" کدام است؟","آب","نان","خانه","کتاب","A","گزینه اول معنی فارسی مناسب ""water"" است.","ترنم همدلی","original","1405"
"هفتم","عمومی","زبان انگلیسی","زبان انگلیسی","Vocabulary","واژگان پرکاربرد","معنا","متوسط","معنی واژه ""morning"" کدام است؟","صبح","شب","روز","ماه","A","گزینه اول معنی فارسی مناسب ""morning"" است.","ترنم همدلی","original","1405"
"هفتم","عمومی","زبان انگلیسی","زبان انگلیسی","Vocabulary","واژگان پرکاربرد","معنا","متوسط","معنی واژه ""night"" کدام است؟","شب","صبح","سال","هفته","A","گزینه اول معنی فارسی مناسب ""night"" است.","ترنم همدلی","original","1405"
"هفتم","عمومی","زبان انگلیسی","زبان انگلیسی","Vocabulary","واژگان پرکاربرد","معنا","آسان","معنی واژه ""bread"" کدام است؟","نان","آب","کتاب","مدرسه","A","گزینه اول معنی فارسی مناسب ""bread"" است.","ترنم همدلی","original","1405"
"هفتم","عمومی","زبان انگلیسی","زبان انگلیسی","Vocabulary","واژگان پرکاربرد","معنا","متوسط","معنی واژه ""pen"" کدام است؟","قلم","کتاب","خانه","معلم","A","گزینه اول معنی فارسی مناسب ""pen"" است.","ترنم همدلی","original","1405"
"هفتم","عمومی","زبان انگلیسی","زبان انگلیسی","Vocabulary","واژگان پرکاربرد","معنا","متوسط","کدام گزینه ترجمه مناسب ""book"" است؟","کتاب","مدرسه","معلم","خانه","A","گزینه اول معنی فارسی مناسب ""book"" است.","ترنم همدلی","original","1405"
"هفتم","عمومی","زبان انگلیسی","زبان انگلیسی","Vocabulary","واژگان پرکاربرد","معنا","متوسط","کدام گزینه ترجمه مناسب ""school"" است؟","مدرسه","کتاب","خانه","معلم","A","گزینه اول معنی فارسی مناسب ""school"" است.","ترنم همدلی","original","1405"
"هفتم","عمومی","زبان انگلیسی","زبان انگلیسی","Vocabulary","واژگان پرکاربرد","معنا","آسان","کدام گزینه ترجمه مناسب ""teacher"" است؟","معلم","دانش‌آموز","کتاب","مدرسه","A","گزینه اول معنی فارسی مناسب ""teacher"" است.","ترنم همدلی","original","1405"
"هفتم","عمومی","زبان انگلیسی","زبان انگلیسی","Vocabulary","واژگان پرکاربرد","معنا","متوسط","کدام گزینه ترجمه مناسب ""house"" است؟","خانه","مدرسه","کتاب","معلم","A","گزینه اول معنی فارسی مناسب ""house"" است.","ترنم همدلی","original","1405"
"هفتم","عمومی","زبان انگلیسی","زبان انگلیسی","Vocabulary","واژگان پرکاربرد","معنا","متوسط","کدام گزینه ترجمه مناسب ""student"" است؟","دانش‌آموز","معلم","مدرسه","کتاب","A","گزینه اول معنی فارسی مناسب ""student"" است.","ترنم همدلی","original","1405"
"هفتم","عمومی","زبان انگلیسی","زبان انگلیسی","Vocabulary","واژگان پرکاربرد","معنا","متوسط","کدام گزینه ترجمه مناسب ""water"" است؟","آب","نان","خانه","کتاب","A","گزینه اول معنی فارسی مناسب ""water"" است.","ترنم همدلی","original","1405"
"هفتم","عمومی","زبان انگلیسی","زبان انگلیسی","Vocabulary","واژگان پرکاربرد","معنا","آسان","کدام گزینه ترجمه مناسب ""morning"" است؟","صبح","شب","روز","ماه","A","گزینه اول معنی فارسی مناسب ""morning"" است.","ترنم همدلی","original","1405"
"هفتم","عمومی","زبان انگلیسی","زبان انگلیسی","Vocabulary","واژگان پرکاربرد","معنا","متوسط","کدام گزینه ترجمه مناسب ""night"" است؟","شب","صبح","سال","هفته","A","گزینه اول معنی فارسی مناسب ""night"" است.","ترنم همدلی","original","1405"
"هفتم","عمومی","زبان انگلیسی","زبان انگلیسی","Vocabulary","واژگان پرکاربرد","معنا","متوسط","کدام گزینه ترجمه مناسب ""bread"" است؟","نان","آب","کتاب","مدرسه","A","گزینه اول معنی فارسی مناسب ""bread"" است.","ترنم همدلی","original","1405"
"هفتم","عمومی","زبان انگلیسی","زبان انگلیسی","Vocabulary","واژگان پرکاربرد","معنا","متوسط","کدام گزینه ترجمه مناسب ""pen"" است؟","قلم","کتاب","خانه","معلم","A","گزینه اول معنی فارسی مناسب ""pen"" است.","ترنم همدلی","original","1405"
"هفتم","عمومی","زبان انگلیسی","زبان انگلیسی","Vocabulary","واژگان پرکاربرد","معنا","آسان","اگر واژه ""book"" را در متن ببینیم، معنی آن چیست؟","کتاب","مدرسه","معلم","خانه","A","گزینه اول معنی فارسی مناسب ""book"" است.","ترنم همدلی","original","1405"
"هفتم","عمومی","زبان انگلیسی","زبان انگلیسی","Vocabulary","واژگان پرکاربرد","معنا","متوسط","اگر واژه ""school"" را در متن ببینیم، معنی آن چیست؟","مدرسه","کتاب","خانه","معلم","A","گزینه اول معنی فارسی مناسب ""school"" است.","ترنم همدلی","original","1405"
"هفتم","عمومی","زبان انگلیسی","زبان انگلیسی","Vocabulary","واژگان پرکاربرد","معنا","متوسط","اگر واژه ""teacher"" را در متن ببینیم، معنی آن چیست؟","معلم","دانش‌آموز","کتاب","مدرسه","A","گزینه اول معنی فارسی مناسب ""teacher"" است.","ترنم همدلی","original","1405"
"هفتم","عمومی","زبان انگلیسی","زبان انگلیسی","Vocabulary","واژگان پرکاربرد","معنا","متوسط","اگر واژه ""house"" را در متن ببینیم، معنی آن چیست؟","خانه","مدرسه","کتاب","معلم","A","گزینه اول معنی فارسی مناسب ""house"" است.","ترنم همدلی","original","1405"
"هفتم","عمومی","زبان انگلیسی","زبان انگلیسی","Vocabulary","واژگان پرکاربرد","معنا","آسان","اگر واژه ""student"" را در متن ببینیم، معنی آن چیست؟","دانش‌آموز","معلم","مدرسه","کتاب","A","گزینه اول معنی فارسی مناسب ""student"" است.","ترنم همدلی","original","1405"
"هفتم","عمومی","زبان انگلیسی","زبان انگلیسی","Vocabulary","واژگان پرکاربرد","معنا","متوسط","اگر واژه ""water"" را در متن ببینیم، معنی آن چیست؟","آب","نان","خانه","کتاب","A","گزینه اول معنی فارسی مناسب ""water"" است.","ترنم همدلی","original","1405"
"هفتم","عمومی","زبان انگلیسی","زبان انگلیسی","Vocabulary","واژگان پرکاربرد","معنا","متوسط","اگر واژه ""morning"" را در متن ببینیم، معنی آن چیست؟","صبح","شب","روز","ماه","A","گزینه اول معنی فارسی مناسب ""morning"" است.","ترنم همدلی","original","1405"
"هفتم","عمومی","زبان انگلیسی","زبان انگلیسی","Vocabulary","واژگان پرکاربرد","معنا","متوسط","اگر واژه ""night"" را در متن ببینیم، معنی آن چیست؟","شب","صبح","سال","هفته","A","گزینه اول معنی فارسی مناسب ""night"" است.","ترنم همدلی","original","1405"
"هفتم","عمومی","زبان انگلیسی","زبان انگلیسی","Vocabulary","واژگان پرکاربرد","معنا","آسان","اگر واژه ""bread"" را در متن ببینیم، معنی آن چیست؟","نان","آب","کتاب","مدرسه","A","گزینه اول معنی فارسی مناسب ""bread"" است.","ترنم همدلی","original","1405"
"هفتم","عمومی","زبان انگلیسی","زبان انگلیسی","Vocabulary","واژگان پرکاربرد","معنا","متوسط","اگر واژه ""pen"" را در متن ببینیم، معنی آن چیست؟","قلم","کتاب","خانه","معلم","A","گزینه اول معنی فارسی مناسب ""pen"" است.","ترنم همدلی","original","1405"
"هشتم","عمومی","عربی","عربی","واژگان","واژه‌های پرکاربرد","معنا","آسان","معنای «کتاب» در عربی کدام است؟","کِتاب","مدرسه","معلم","خانه","A","گزینه اول معادل عربی مناسب واژه «کتاب» است.","ترنم همدلی","original","1405"
"هشتم","عمومی","عربی","عربی","واژگان","واژه‌های پرکاربرد","معنا","متوسط","معنای «مدرسه» در عربی کدام است؟","مَدرَسَة","کتاب","دانش‌آموز","قلم","A","گزینه اول معادل عربی مناسب واژه «مدرسه» است.","ترنم همدلی","original","1405"
"هشتم","عمومی","عربی","عربی","واژگان","واژه‌های پرکاربرد","معنا","متوسط","معنای «معلم» در عربی کدام است؟","مُعَلِّم","کتاب","مدرسه","خانه","A","گزینه اول معادل عربی مناسب واژه «معلم» است.","ترنم همدلی","original","1405"
"هشتم","عمومی","عربی","عربی","واژگان","واژه‌های پرکاربرد","معنا","متوسط","معنای «خانه» در عربی کدام است؟","بَیت","مدرسه","کتاب","معلم","A","گزینه اول معادل عربی مناسب واژه «خانه» است.","ترنم همدلی","original","1405"
"هشتم","عمومی","عربی","عربی","واژگان","واژه‌های پرکاربرد","معنا","آسان","معنای «قلم» در عربی کدام است؟","قَلَم","کتاب","مدرسه","خانه","A","گزینه اول معادل عربی مناسب واژه «قلم» است.","ترنم همدلی","original","1405"
"هشتم","عمومی","عربی","عربی","واژگان","واژه‌های پرکاربرد","معنا","متوسط","معنای «دانش‌آموز» در عربی کدام است؟","طالِب","معلم","کتاب","خانه","A","گزینه اول معادل عربی مناسب واژه «دانش‌آموز» است.","ترنم همدلی","original","1405"
"هشتم","عمومی","عربی","عربی","واژگان","واژه‌های پرکاربرد","معنا","متوسط","معنای «صبح» در عربی کدام است؟","صَباح","شب","روز","ماه","A","گزینه اول معادل عربی مناسب واژه «صبح» است.","ترنم همدلی","original","1405"
"هشتم","عمومی","عربی","عربی","واژگان","واژه‌های پرکاربرد","معنا","متوسط","معنای «شب» در عربی کدام است؟","لَیل","صبح","سال","هفته","A","گزینه اول معادل عربی مناسب واژه «شب» است.","ترنم همدلی","original","1405"
"هشتم","عمومی","عربی","عربی","واژگان","واژه‌های پرکاربرد","معنا","آسان","معنای «آب» در عربی کدام است؟","ماء","نان","خانه","کتاب","A","گزینه اول معادل عربی مناسب واژه «آب» است.","ترنم همدلی","original","1405"
"هشتم","عمومی","عربی","عربی","واژگان","واژه‌های پرکاربرد","معنا","متوسط","معنای «نان» در عربی کدام است؟","خُبز","آب","مدرسه","قلم","A","گزینه اول معادل عربی مناسب واژه «نان» است.","ترنم همدلی","original","1405"
"هشتم","عمومی","عربی","عربی","واژگان","واژه‌های پرکاربرد","معنا","متوسط","کدام گزینه معادل عربی «کتاب» است؟","کِتاب","مدرسه","معلم","خانه","A","گزینه اول معادل عربی مناسب واژه «کتاب» است.","ترنم همدلی","original","1405"
"هشتم","عمومی","عربی","عربی","واژگان","واژه‌های پرکاربرد","معنا","متوسط","کدام گزینه معادل عربی «مدرسه» است؟","مَدرَسَة","کتاب","دانش‌آموز","قلم","A","گزینه اول معادل عربی مناسب واژه «مدرسه» است.","ترنم همدلی","original","1405"
"هشتم","عمومی","عربی","عربی","واژگان","واژه‌های پرکاربرد","معنا","آسان","کدام گزینه معادل عربی «معلم» است؟","مُعَلِّم","کتاب","مدرسه","خانه","A","گزینه اول معادل عربی مناسب واژه «معلم» است.","ترنم همدلی","original","1405"
"هشتم","عمومی","عربی","عربی","واژگان","واژه‌های پرکاربرد","معنا","متوسط","کدام گزینه معادل عربی «خانه» است؟","بَیت","مدرسه","کتاب","معلم","A","گزینه اول معادل عربی مناسب واژه «خانه» است.","ترنم همدلی","original","1405"
"هشتم","عمومی","عربی","عربی","واژگان","واژه‌های پرکاربرد","معنا","متوسط","کدام گزینه معادل عربی «قلم» است؟","قَلَم","کتاب","مدرسه","خانه","A","گزینه اول معادل عربی مناسب واژه «قلم» است.","ترنم همدلی","original","1405"
"هشتم","عمومی","عربی","عربی","واژگان","واژه‌های پرکاربرد","معنا","متوسط","کدام گزینه معادل عربی «دانش‌آموز» است؟","طالِب","معلم","کتاب","خانه","A","گزینه اول معادل عربی مناسب واژه «دانش‌آموز» است.","ترنم همدلی","original","1405"
"هشتم","عمومی","عربی","عربی","واژگان","واژه‌های پرکاربرد","معنا","آسان","کدام گزینه معادل عربی «صبح» است؟","صَباح","شب","روز","ماه","A","گزینه اول معادل عربی مناسب واژه «صبح» است.","ترنم همدلی","original","1405"
"هشتم","عمومی","عربی","عربی","واژگان","واژه‌های پرکاربرد","معنا","متوسط","کدام گزینه معادل عربی «شب» است؟","لَیل","صبح","سال","هفته","A","گزینه اول معادل عربی مناسب واژه «شب» است.","ترنم همدلی","original","1405"
"هشتم","عمومی","عربی","عربی","واژگان","واژه‌های پرکاربرد","معنا","متوسط","کدام گزینه معادل عربی «آب» است؟","ماء","نان","خانه","کتاب","A","گزینه اول معادل عربی مناسب واژه «آب» است.","ترنم همدلی","original","1405"
"هشتم","عمومی","عربی","عربی","واژگان","واژه‌های پرکاربرد","معنا","متوسط","کدام گزینه معادل عربی «نان» است؟","خُبز","آب","مدرسه","قلم","A","گزینه اول معادل عربی مناسب واژه «نان» است.","ترنم همدلی","original","1405"
"هشتم","عمومی","عربی","عربی","واژگان","واژه‌های پرکاربرد","معنا","آسان","اگر واژه فارسی «کتاب» را ببینیم، معادل عربی مناسب کدام است؟","کِتاب","مدرسه","معلم","خانه","A","گزینه اول معادل عربی مناسب واژه «کتاب» است.","ترنم همدلی","original","1405"
"هشتم","عمومی","عربی","عربی","واژگان","واژه‌های پرکاربرد","معنا","متوسط","اگر واژه فارسی «مدرسه» را ببینیم، معادل عربی مناسب کدام است؟","مَدرَسَة","کتاب","دانش‌آموز","قلم","A","گزینه اول معادل عربی مناسب واژه «مدرسه» است.","ترنم همدلی","original","1405"
"هشتم","عمومی","عربی","عربی","واژگان","واژه‌های پرکاربرد","معنا","متوسط","اگر واژه فارسی «معلم» را ببینیم، معادل عربی مناسب کدام است؟","مُعَلِّم","کتاب","مدرسه","خانه","A","گزینه اول معادل عربی مناسب واژه «معلم» است.","ترنم همدلی","original","1405"
"هشتم","عمومی","عربی","عربی","واژگان","واژه‌های پرکاربرد","معنا","متوسط","اگر واژه فارسی «خانه» را ببینیم، معادل عربی مناسب کدام است؟","بَیت","مدرسه","کتاب","معلم","A","گزینه اول معادل عربی مناسب واژه «خانه» است.","ترنم همدلی","original","1405"
"هشتم","عمومی","عربی","عربی","واژگان","واژه‌های پرکاربرد","معنا","آسان","اگر واژه فارسی «قلم» را ببینیم، معادل عربی مناسب کدام است؟","قَلَم","کتاب","مدرسه","خانه","A","گزینه اول معادل عربی مناسب واژه «قلم» است.","ترنم همدلی","original","1405"
"هشتم","عمومی","عربی","عربی","واژگان","واژه‌های پرکاربرد","معنا","متوسط","اگر واژه فارسی «دانش‌آموز» را ببینیم، معادل عربی مناسب کدام است؟","طالِب","معلم","کتاب","خانه","A","گزینه اول معادل عربی مناسب واژه «دانش‌آموز» است.","ترنم همدلی","original","1405"
"هشتم","عمومی","عربی","عربی","واژگان","واژه‌های پرکاربرد","معنا","متوسط","اگر واژه فارسی «صبح» را ببینیم، معادل عربی مناسب کدام است؟","صَباح","شب","روز","ماه","A","گزینه اول معادل عربی مناسب واژه «صبح» است.","ترنم همدلی","original","1405"
"هشتم","عمومی","عربی","عربی","واژگان","واژه‌های پرکاربرد","معنا","متوسط","اگر واژه فارسی «شب» را ببینیم، معادل عربی مناسب کدام است؟","لَیل","صبح","سال","هفته","A","گزینه اول معادل عربی مناسب واژه «شب» است.","ترنم همدلی","original","1405"
"هشتم","عمومی","عربی","عربی","واژگان","واژه‌های پرکاربرد","معنا","آسان","اگر واژه فارسی «آب» را ببینیم، معادل عربی مناسب کدام است؟","ماء","نان","خانه","کتاب","A","گزینه اول معادل عربی مناسب واژه «آب» است.","ترنم همدلی","original","1405"
"هشتم","عمومی","عربی","عربی","واژگان","واژه‌های پرکاربرد","معنا","متوسط","اگر واژه فارسی «نان» را ببینیم، معادل عربی مناسب کدام است؟","خُبز","آب","مدرسه","قلم","A","گزینه اول معادل عربی مناسب واژه «نان» است.","ترنم همدلی","original","1405"
"هشتم","عمومی","زبان انگلیسی","زبان انگلیسی","Vocabulary","واژگان پرکاربرد","معنا","آسان","معنی واژه ""book"" کدام است؟","کتاب","مدرسه","معلم","خانه","A","گزینه اول معنی فارسی مناسب ""book"" است.","ترنم همدلی","original","1405"
"هشتم","عمومی","زبان انگلیسی","زبان انگلیسی","Vocabulary","واژگان پرکاربرد","معنا","متوسط","معنی واژه ""school"" کدام است؟","مدرسه","کتاب","خانه","معلم","A","گزینه اول معنی فارسی مناسب ""school"" است.","ترنم همدلی","original","1405"
"هشتم","عمومی","زبان انگلیسی","زبان انگلیسی","Vocabulary","واژگان پرکاربرد","معنا","متوسط","معنی واژه ""teacher"" کدام است؟","معلم","دانش‌آموز","کتاب","مدرسه","A","گزینه اول معنی فارسی مناسب ""teacher"" است.","ترنم همدلی","original","1405"
"هشتم","عمومی","زبان انگلیسی","زبان انگلیسی","Vocabulary","واژگان پرکاربرد","معنا","متوسط","معنی واژه ""house"" کدام است؟","خانه","مدرسه","کتاب","معلم","A","گزینه اول معنی فارسی مناسب ""house"" است.","ترنم همدلی","original","1405"
"هشتم","عمومی","زبان انگلیسی","زبان انگلیسی","Vocabulary","واژگان پرکاربرد","معنا","آسان","معنی واژه ""student"" کدام است؟","دانش‌آموز","معلم","مدرسه","کتاب","A","گزینه اول معنی فارسی مناسب ""student"" است.","ترنم همدلی","original","1405"
"هشتم","عمومی","زبان انگلیسی","زبان انگلیسی","Vocabulary","واژگان پرکاربرد","معنا","متوسط","معنی واژه ""water"" کدام است؟","آب","نان","خانه","کتاب","A","گزینه اول معنی فارسی مناسب ""water"" است.","ترنم همدلی","original","1405"
"هشتم","عمومی","زبان انگلیسی","زبان انگلیسی","Vocabulary","واژگان پرکاربرد","معنا","متوسط","معنی واژه ""morning"" کدام است؟","صبح","شب","روز","ماه","A","گزینه اول معنی فارسی مناسب ""morning"" است.","ترنم همدلی","original","1405"
"هشتم","عمومی","زبان انگلیسی","زبان انگلیسی","Vocabulary","واژگان پرکاربرد","معنا","متوسط","معنی واژه ""night"" کدام است؟","شب","صبح","سال","هفته","A","گزینه اول معنی فارسی مناسب ""night"" است.","ترنم همدلی","original","1405"
"هشتم","عمومی","زبان انگلیسی","زبان انگلیسی","Vocabulary","واژگان پرکاربرد","معنا","آسان","معنی واژه ""bread"" کدام است؟","نان","آب","کتاب","مدرسه","A","گزینه اول معنی فارسی مناسب ""bread"" است.","ترنم همدلی","original","1405"
"هشتم","عمومی","زبان انگلیسی","زبان انگلیسی","Vocabulary","واژگان پرکاربرد","معنا","متوسط","معنی واژه ""pen"" کدام است؟","قلم","کتاب","خانه","معلم","A","گزینه اول معنی فارسی مناسب ""pen"" است.","ترنم همدلی","original","1405"
"هشتم","عمومی","زبان انگلیسی","زبان انگلیسی","Vocabulary","واژگان پرکاربرد","معنا","متوسط","کدام گزینه ترجمه مناسب ""book"" است؟","کتاب","مدرسه","معلم","خانه","A","گزینه اول معنی فارسی مناسب ""book"" است.","ترنم همدلی","original","1405"
"هشتم","عمومی","زبان انگلیسی","زبان انگلیسی","Vocabulary","واژگان پرکاربرد","معنا","متوسط","کدام گزینه ترجمه مناسب ""school"" است؟","مدرسه","کتاب","خانه","معلم","A","گزینه اول معنی فارسی مناسب ""school"" است.","ترنم همدلی","original","1405"
"هشتم","عمومی","زبان انگلیسی","زبان انگلیسی","Vocabulary","واژگان پرکاربرد","معنا","آسان","کدام گزینه ترجمه مناسب ""teacher"" است؟","معلم","دانش‌آموز","کتاب","مدرسه","A","گزینه اول معنی فارسی مناسب ""teacher"" است.","ترنم همدلی","original","1405"
"هشتم","عمومی","زبان انگلیسی","زبان انگلیسی","Vocabulary","واژگان پرکاربرد","معنا","متوسط","کدام گزینه ترجمه مناسب ""house"" است؟","خانه","مدرسه","کتاب","معلم","A","گزینه اول معنی فارسی مناسب ""house"" است.","ترنم همدلی","original","1405"
"هشتم","عمومی","زبان انگلیسی","زبان انگلیسی","Vocabulary","واژگان پرکاربرد","معنا","متوسط","کدام گزینه ترجمه مناسب ""student"" است؟","دانش‌آموز","معلم","مدرسه","کتاب","A","گزینه اول معنی فارسی مناسب ""student"" است.","ترنم همدلی","original","1405"
"هشتم","عمومی","زبان انگلیسی","زبان انگلیسی","Vocabulary","واژگان پرکاربرد","معنا","متوسط","کدام گزینه ترجمه مناسب ""water"" است؟","آب","نان","خانه","کتاب","A","گزینه اول معنی فارسی مناسب ""water"" است.","ترنم همدلی","original","1405"
"هشتم","عمومی","زبان انگلیسی","زبان انگلیسی","Vocabulary","واژگان پرکاربرد","معنا","آسان","کدام گزینه ترجمه مناسب ""morning"" است؟","صبح","شب","روز","ماه","A","گزینه اول معنی فارسی مناسب ""morning"" است.","ترنم همدلی","original","1405"
"هشتم","عمومی","زبان انگلیسی","زبان انگلیسی","Vocabulary","واژگان پرکاربرد","معنا","متوسط","کدام گزینه ترجمه مناسب ""night"" است؟","شب","صبح","سال","هفته","A","گزینه اول معنی فارسی مناسب ""night"" است.","ترنم همدلی","original","1405"
"هشتم","عمومی","زبان انگلیسی","زبان انگلیسی","Vocabulary","واژگان پرکاربرد","معنا","متوسط","کدام گزینه ترجمه مناسب ""bread"" است؟","نان","آب","کتاب","مدرسه","A","گزینه اول معنی فارسی مناسب ""bread"" است.","ترنم همدلی","original","1405"
"هشتم","عمومی","زبان انگلیسی","زبان انگلیسی","Vocabulary","واژگان پرکاربرد","معنا","متوسط","کدام گزینه ترجمه مناسب ""pen"" است؟","قلم","کتاب","خانه","معلم","A","گزینه اول معنی فارسی مناسب ""pen"" است.","ترنم همدلی","original","1405"
"هشتم","عمومی","زبان انگلیسی","زبان انگلیسی","Vocabulary","واژگان پرکاربرد","معنا","آسان","اگر واژه ""book"" را در متن ببینیم، معنی آن چیست؟","کتاب","مدرسه","معلم","خانه","A","گزینه اول معنی فارسی مناسب ""book"" است.","ترنم همدلی","original","1405"
"هشتم","عمومی","زبان انگلیسی","زبان انگلیسی","Vocabulary","واژگان پرکاربرد","معنا","متوسط","اگر واژه ""school"" را در متن ببینیم، معنی آن چیست؟","مدرسه","کتاب","خانه","معلم","A","گزینه اول معنی فارسی مناسب ""school"" است.","ترنم همدلی","original","1405"
"هشتم","عمومی","زبان انگلیسی","زبان انگلیسی","Vocabulary","واژگان پرکاربرد","معنا","متوسط","اگر واژه ""teacher"" را در متن ببینیم، معنی آن چیست؟","معلم","دانش‌آموز","کتاب","مدرسه","A","گزینه اول معنی فارسی مناسب ""teacher"" است.","ترنم همدلی","original","1405"
"هشتم","عمومی","زبان انگلیسی","زبان انگلیسی","Vocabulary","واژگان پرکاربرد","معنا","متوسط","اگر واژه ""house"" را در متن ببینیم، معنی آن چیست؟","خانه","مدرسه","کتاب","معلم","A","گزینه اول معنی فارسی مناسب ""house"" است.","ترنم همدلی","original","1405"
"هشتم","عمومی","زبان انگلیسی","زبان انگلیسی","Vocabulary","واژگان پرکاربرد","معنا","آسان","اگر واژه ""student"" را در متن ببینیم، معنی آن چیست؟","دانش‌آموز","معلم","مدرسه","کتاب","A","گزینه اول معنی فارسی مناسب ""student"" است.","ترنم همدلی","original","1405"
"هشتم","عمومی","زبان انگلیسی","زبان انگلیسی","Vocabulary","واژگان پرکاربرد","معنا","متوسط","اگر واژه ""water"" را در متن ببینیم، معنی آن چیست؟","آب","نان","خانه","کتاب","A","گزینه اول معنی فارسی مناسب ""water"" است.","ترنم همدلی","original","1405"
"هشتم","عمومی","زبان انگلیسی","زبان انگلیسی","Vocabulary","واژگان پرکاربرد","معنا","متوسط","اگر واژه ""morning"" را در متن ببینیم، معنی آن چیست؟","صبح","شب","روز","ماه","A","گزینه اول معنی فارسی مناسب ""morning"" است.","ترنم همدلی","original","1405"
"هشتم","عمومی","زبان انگلیسی","زبان انگلیسی","Vocabulary","واژگان پرکاربرد","معنا","متوسط","اگر واژه ""night"" را در متن ببینیم، معنی آن چیست؟","شب","صبح","سال","هفته","A","گزینه اول معنی فارسی مناسب ""night"" است.","ترنم همدلی","original","1405"
"هشتم","عمومی","زبان انگلیسی","زبان انگلیسی","Vocabulary","واژگان پرکاربرد","معنا","آسان","اگر واژه ""bread"" را در متن ببینیم، معنی آن چیست؟","نان","آب","کتاب","مدرسه","A","گزینه اول معنی فارسی مناسب ""bread"" است.","ترنم همدلی","original","1405"
"هشتم","عمومی","زبان انگلیسی","زبان انگلیسی","Vocabulary","واژگان پرکاربرد","معنا","متوسط","اگر واژه ""pen"" را در متن ببینیم، معنی آن چیست؟","قلم","کتاب","خانه","معلم","A","گزینه اول معنی فارسی مناسب ""pen"" است.","ترنم همدلی","original","1405"
"نهم","عمومی","عربی","عربی","واژگان","واژه‌های پرکاربرد","معنا","آسان","معنای «کتاب» در عربی کدام است؟","کِتاب","مدرسه","معلم","خانه","A","گزینه اول معادل عربی مناسب واژه «کتاب» است.","ترنم همدلی","original","1405"
"نهم","عمومی","عربی","عربی","واژگان","واژه‌های پرکاربرد","معنا","متوسط","معنای «مدرسه» در عربی کدام است؟","مَدرَسَة","کتاب","دانش‌آموز","قلم","A","گزینه اول معادل عربی مناسب واژه «مدرسه» است.","ترنم همدلی","original","1405"
"نهم","عمومی","عربی","عربی","واژگان","واژه‌های پرکاربرد","معنا","متوسط","معنای «معلم» در عربی کدام است؟","مُعَلِّم","کتاب","مدرسه","خانه","A","گزینه اول معادل عربی مناسب واژه «معلم» است.","ترنم همدلی","original","1405"
"نهم","عمومی","عربی","عربی","واژگان","واژه‌های پرکاربرد","معنا","متوسط","معنای «خانه» در عربی کدام است؟","بَیت","مدرسه","کتاب","معلم","A","گزینه اول معادل عربی مناسب واژه «خانه» است.","ترنم همدلی","original","1405"
"نهم","عمومی","عربی","عربی","واژگان","واژه‌های پرکاربرد","معنا","آسان","معنای «قلم» در عربی کدام است؟","قَلَم","کتاب","مدرسه","خانه","A","گزینه اول معادل عربی مناسب واژه «قلم» است.","ترنم همدلی","original","1405"
"نهم","عمومی","عربی","عربی","واژگان","واژه‌های پرکاربرد","معنا","متوسط","معنای «دانش‌آموز» در عربی کدام است؟","طالِب","معلم","کتاب","خانه","A","گزینه اول معادل عربی مناسب واژه «دانش‌آموز» است.","ترنم همدلی","original","1405"
"نهم","عمومی","عربی","عربی","واژگان","واژه‌های پرکاربرد","معنا","متوسط","معنای «صبح» در عربی کدام است؟","صَباح","شب","روز","ماه","A","گزینه اول معادل عربی مناسب واژه «صبح» است.","ترنم همدلی","original","1405"
"نهم","عمومی","عربی","عربی","واژگان","واژه‌های پرکاربرد","معنا","متوسط","معنای «شب» در عربی کدام است؟","لَیل","صبح","سال","هفته","A","گزینه اول معادل عربی مناسب واژه «شب» است.","ترنم همدلی","original","1405"
"نهم","عمومی","عربی","عربی","واژگان","واژه‌های پرکاربرد","معنا","آسان","معنای «آب» در عربی کدام است؟","ماء","نان","خانه","کتاب","A","گزینه اول معادل عربی مناسب واژه «آب» است.","ترنم همدلی","original","1405"
"نهم","عمومی","عربی","عربی","واژگان","واژه‌های پرکاربرد","معنا","متوسط","معنای «نان» در عربی کدام است؟","خُبز","آب","مدرسه","قلم","A","گزینه اول معادل عربی مناسب واژه «نان» است.","ترنم همدلی","original","1405"
"نهم","عمومی","عربی","عربی","واژگان","واژه‌های پرکاربرد","معنا","متوسط","کدام گزینه معادل عربی «کتاب» است؟","کِتاب","مدرسه","معلم","خانه","A","گزینه اول معادل عربی مناسب واژه «کتاب» است.","ترنم همدلی","original","1405"
"نهم","عمومی","عربی","عربی","واژگان","واژه‌های پرکاربرد","معنا","متوسط","کدام گزینه معادل عربی «مدرسه» است؟","مَدرَسَة","کتاب","دانش‌آموز","قلم","A","گزینه اول معادل عربی مناسب واژه «مدرسه» است.","ترنم همدلی","original","1405"
"نهم","عمومی","عربی","عربی","واژگان","واژه‌های پرکاربرد","معنا","آسان","کدام گزینه معادل عربی «معلم» است؟","مُعَلِّم","کتاب","مدرسه","خانه","A","گزینه اول معادل عربی مناسب واژه «معلم» است.","ترنم همدلی","original","1405"
"نهم","عمومی","عربی","عربی","واژگان","واژه‌های پرکاربرد","معنا","متوسط","کدام گزینه معادل عربی «خانه» است؟","بَیت","مدرسه","کتاب","معلم","A","گزینه اول معادل عربی مناسب واژه «خانه» است.","ترنم همدلی","original","1405"
"نهم","عمومی","عربی","عربی","واژگان","واژه‌های پرکاربرد","معنا","متوسط","کدام گزینه معادل عربی «قلم» است؟","قَلَم","کتاب","مدرسه","خانه","A","گزینه اول معادل عربی مناسب واژه «قلم» است.","ترنم همدلی","original","1405"
"نهم","عمومی","عربی","عربی","واژگان","واژه‌های پرکاربرد","معنا","متوسط","کدام گزینه معادل عربی «دانش‌آموز» است؟","طالِب","معلم","کتاب","خانه","A","گزینه اول معادل عربی مناسب واژه «دانش‌آموز» است.","ترنم همدلی","original","1405"
"نهم","عمومی","عربی","عربی","واژگان","واژه‌های پرکاربرد","معنا","آسان","کدام گزینه معادل عربی «صبح» است؟","صَباح","شب","روز","ماه","A","گزینه اول معادل عربی مناسب واژه «صبح» است.","ترنم همدلی","original","1405"
"نهم","عمومی","عربی","عربی","واژگان","واژه‌های پرکاربرد","معنا","متوسط","کدام گزینه معادل عربی «شب» است؟","لَیل","صبح","سال","هفته","A","گزینه اول معادل عربی مناسب واژه «شب» است.","ترنم همدلی","original","1405"
"نهم","عمومی","عربی","عربی","واژگان","واژه‌های پرکاربرد","معنا","متوسط","کدام گزینه معادل عربی «آب» است؟","ماء","نان","خانه","کتاب","A","گزینه اول معادل عربی مناسب واژه «آب» است.","ترنم همدلی","original","1405"
"نهم","عمومی","عربی","عربی","واژگان","واژه‌های پرکاربرد","معنا","متوسط","کدام گزینه معادل عربی «نان» است؟","خُبز","آب","مدرسه","قلم","A","گزینه اول معادل عربی مناسب واژه «نان» است.","ترنم همدلی","original","1405"
"نهم","عمومی","عربی","عربی","واژگان","واژه‌های پرکاربرد","معنا","آسان","اگر واژه فارسی «کتاب» را ببینیم، معادل عربی مناسب کدام است؟","کِتاب","مدرسه","معلم","خانه","A","گزینه اول معادل عربی مناسب واژه «کتاب» است.","ترنم همدلی","original","1405"
"نهم","عمومی","عربی","عربی","واژگان","واژه‌های پرکاربرد","معنا","متوسط","اگر واژه فارسی «مدرسه» را ببینیم، معادل عربی مناسب کدام است؟","مَدرَسَة","کتاب","دانش‌آموز","قلم","A","گزینه اول معادل عربی مناسب واژه «مدرسه» است.","ترنم همدلی","original","1405"
"نهم","عمومی","عربی","عربی","واژگان","واژه‌های پرکاربرد","معنا","متوسط","اگر واژه فارسی «معلم» را ببینیم، معادل عربی مناسب کدام است؟","مُعَلِّم","کتاب","مدرسه","خانه","A","گزینه اول معادل عربی مناسب واژه «معلم» است.","ترنم همدلی","original","1405"
"نهم","عمومی","عربی","عربی","واژگان","واژه‌های پرکاربرد","معنا","متوسط","اگر واژه فارسی «خانه» را ببینیم، معادل عربی مناسب کدام است؟","بَیت","مدرسه","کتاب","معلم","A","گزینه اول معادل عربی مناسب واژه «خانه» است.","ترنم همدلی","original","1405"
"نهم","عمومی","عربی","عربی","واژگان","واژه‌های پرکاربرد","معنا","آسان","اگر واژه فارسی «قلم» را ببینیم، معادل عربی مناسب کدام است؟","قَلَم","کتاب","مدرسه","خانه","A","گزینه اول معادل عربی مناسب واژه «قلم» است.","ترنم همدلی","original","1405"
"نهم","عمومی","عربی","عربی","واژگان","واژه‌های پرکاربرد","معنا","متوسط","اگر واژه فارسی «دانش‌آموز» را ببینیم، معادل عربی مناسب کدام است؟","طالِب","معلم","کتاب","خانه","A","گزینه اول معادل عربی مناسب واژه «دانش‌آموز» است.","ترنم همدلی","original","1405"
"نهم","عمومی","عربی","عربی","واژگان","واژه‌های پرکاربرد","معنا","متوسط","اگر واژه فارسی «صبح» را ببینیم، معادل عربی مناسب کدام است؟","صَباح","شب","روز","ماه","A","گزینه اول معادل عربی مناسب واژه «صبح» است.","ترنم همدلی","original","1405"
"نهم","عمومی","عربی","عربی","واژگان","واژه‌های پرکاربرد","معنا","متوسط","اگر واژه فارسی «شب» را ببینیم، معادل عربی مناسب کدام است؟","لَیل","صبح","سال","هفته","A","گزینه اول معادل عربی مناسب واژه «شب» است.","ترنم همدلی","original","1405"
"نهم","عمومی","عربی","عربی","واژگان","واژه‌های پرکاربرد","معنا","آسان","اگر واژه فارسی «آب» را ببینیم، معادل عربی مناسب کدام است؟","ماء","نان","خانه","کتاب","A","گزینه اول معادل عربی مناسب واژه «آب» است.","ترنم همدلی","original","1405"
"نهم","عمومی","عربی","عربی","واژگان","واژه‌های پرکاربرد","معنا","متوسط","اگر واژه فارسی «نان» را ببینیم، معادل عربی مناسب کدام است؟","خُبز","آب","مدرسه","قلم","A","گزینه اول معادل عربی مناسب واژه «نان» است.","ترنم همدلی","original","1405"
"نهم","عمومی","زبان انگلیسی","زبان انگلیسی","Vocabulary","واژگان پرکاربرد","معنا","آسان","معنی واژه ""book"" کدام است؟","کتاب","مدرسه","معلم","خانه","A","گزینه اول معنی فارسی مناسب ""book"" است.","ترنم همدلی","original","1405"
"نهم","عمومی","زبان انگلیسی","زبان انگلیسی","Vocabulary","واژگان پرکاربرد","معنا","متوسط","معنی واژه ""school"" کدام است؟","مدرسه","کتاب","خانه","معلم","A","گزینه اول معنی فارسی مناسب ""school"" است.","ترنم همدلی","original","1405"
"نهم","عمومی","زبان انگلیسی","زبان انگلیسی","Vocabulary","واژگان پرکاربرد","معنا","متوسط","معنی واژه ""teacher"" کدام است؟","معلم","دانش‌آموز","کتاب","مدرسه","A","گزینه اول معنی فارسی مناسب ""teacher"" است.","ترنم همدلی","original","1405"
"نهم","عمومی","زبان انگلیسی","زبان انگلیسی","Vocabulary","واژگان پرکاربرد","معنا","متوسط","معنی واژه ""house"" کدام است؟","خانه","مدرسه","کتاب","معلم","A","گزینه اول معنی فارسی مناسب ""house"" است.","ترنم همدلی","original","1405"
"نهم","عمومی","زبان انگلیسی","زبان انگلیسی","Vocabulary","واژگان پرکاربرد","معنا","آسان","معنی واژه ""student"" کدام است؟","دانش‌آموز","معلم","مدرسه","کتاب","A","گزینه اول معنی فارسی مناسب ""student"" است.","ترنم همدلی","original","1405"
"نهم","عمومی","زبان انگلیسی","زبان انگلیسی","Vocabulary","واژگان پرکاربرد","معنا","متوسط","معنی واژه ""water"" کدام است؟","آب","نان","خانه","کتاب","A","گزینه اول معنی فارسی مناسب ""water"" است.","ترنم همدلی","original","1405"
"نهم","عمومی","زبان انگلیسی","زبان انگلیسی","Vocabulary","واژگان پرکاربرد","معنا","متوسط","معنی واژه ""morning"" کدام است؟","صبح","شب","روز","ماه","A","گزینه اول معنی فارسی مناسب ""morning"" است.","ترنم همدلی","original","1405"
"نهم","عمومی","زبان انگلیسی","زبان انگلیسی","Vocabulary","واژگان پرکاربرد","معنا","متوسط","معنی واژه ""night"" کدام است؟","شب","صبح","سال","هفته","A","گزینه اول معنی فارسی مناسب ""night"" است.","ترنم همدلی","original","1405"
"نهم","عمومی","زبان انگلیسی","زبان انگلیسی","Vocabulary","واژگان پرکاربرد","معنا","آسان","معنی واژه ""bread"" کدام است؟","نان","آب","کتاب","مدرسه","A","گزینه اول معنی فارسی مناسب ""bread"" است.","ترنم همدلی","original","1405"
"نهم","عمومی","زبان انگلیسی","زبان انگلیسی","Vocabulary","واژگان پرکاربرد","معنا","متوسط","معنی واژه ""pen"" کدام است؟","قلم","کتاب","خانه","معلم","A","گزینه اول معنی فارسی مناسب ""pen"" است.","ترنم همدلی","original","1405"
"نهم","عمومی","زبان انگلیسی","زبان انگلیسی","Vocabulary","واژگان پرکاربرد","معنا","متوسط","کدام گزینه ترجمه مناسب ""book"" است؟","کتاب","مدرسه","معلم","خانه","A","گزینه اول معنی فارسی مناسب ""book"" است.","ترنم همدلی","original","1405"
"نهم","عمومی","زبان انگلیسی","زبان انگلیسی","Vocabulary","واژگان پرکاربرد","معنا","متوسط","کدام گزینه ترجمه مناسب ""school"" است؟","مدرسه","کتاب","خانه","معلم","A","گزینه اول معنی فارسی مناسب ""school"" است.","ترنم همدلی","original","1405"
"نهم","عمومی","زبان انگلیسی","زبان انگلیسی","Vocabulary","واژگان پرکاربرد","معنا","آسان","کدام گزینه ترجمه مناسب ""teacher"" است؟","معلم","دانش‌آموز","کتاب","مدرسه","A","گزینه اول معنی فارسی مناسب ""teacher"" است.","ترنم همدلی","original","1405"
"نهم","عمومی","زبان انگلیسی","زبان انگلیسی","Vocabulary","واژگان پرکاربرد","معنا","متوسط","کدام گزینه ترجمه مناسب ""house"" است؟","خانه","مدرسه","کتاب","معلم","A","گزینه اول معنی فارسی مناسب ""house"" است.","ترنم همدلی","original","1405"
"نهم","عمومی","زبان انگلیسی","زبان انگلیسی","Vocabulary","واژگان پرکاربرد","معنا","متوسط","کدام گزینه ترجمه مناسب ""student"" است؟","دانش‌آموز","معلم","مدرسه","کتاب","A","گزینه اول معنی فارسی مناسب ""student"" است.","ترنم همدلی","original","1405"
"نهم","عمومی","زبان انگلیسی","زبان انگلیسی","Vocabulary","واژگان پرکاربرد","معنا","متوسط","کدام گزینه ترجمه مناسب ""water"" است؟","آب","نان","خانه","کتاب","A","گزینه اول معنی فارسی مناسب ""water"" است.","ترنم همدلی","original","1405"
"نهم","عمومی","زبان انگلیسی","زبان انگلیسی","Vocabulary","واژگان پرکاربرد","معنا","آسان","کدام گزینه ترجمه مناسب ""morning"" است؟","صبح","شب","روز","ماه","A","گزینه اول معنی فارسی مناسب ""morning"" است.","ترنم همدلی","original","1405"
"نهم","عمومی","زبان انگلیسی","زبان انگلیسی","Vocabulary","واژگان پرکاربرد","معنا","متوسط","کدام گزینه ترجمه مناسب ""night"" است؟","شب","صبح","سال","هفته","A","گزینه اول معنی فارسی مناسب ""night"" است.","ترنم همدلی","original","1405"
"نهم","عمومی","زبان انگلیسی","زبان انگلیسی","Vocabulary","واژگان پرکاربرد","معنا","متوسط","کدام گزینه ترجمه مناسب ""bread"" است؟","نان","آب","کتاب","مدرسه","A","گزینه اول معنی فارسی مناسب ""bread"" است.","ترنم همدلی","original","1405"
"نهم","عمومی","زبان انگلیسی","زبان انگلیسی","Vocabulary","واژگان پرکاربرد","معنا","متوسط","کدام گزینه ترجمه مناسب ""pen"" است؟","قلم","کتاب","خانه","معلم","A","گزینه اول معنی فارسی مناسب ""pen"" است.","ترنم همدلی","original","1405"
"نهم","عمومی","زبان انگلیسی","زبان انگلیسی","Vocabulary","واژگان پرکاربرد","معنا","آسان","اگر واژه ""book"" را در متن ببینیم، معنی آن چیست؟","کتاب","مدرسه","معلم","خانه","A","گزینه اول معنی فارسی مناسب ""book"" است.","ترنم همدلی","original","1405"
"نهم","عمومی","زبان انگلیسی","زبان انگلیسی","Vocabulary","واژگان پرکاربرد","معنا","متوسط","اگر واژه ""school"" را در متن ببینیم، معنی آن چیست؟","مدرسه","کتاب","خانه","معلم","A","گزینه اول معنی فارسی مناسب ""school"" است.","ترنم همدلی","original","1405"
"نهم","عمومی","زبان انگلیسی","زبان انگلیسی","Vocabulary","واژگان پرکاربرد","معنا","متوسط","اگر واژه ""teacher"" را در متن ببینیم، معنی آن چیست؟","معلم","دانش‌آموز","کتاب","مدرسه","A","گزینه اول معنی فارسی مناسب ""teacher"" است.","ترنم همدلی","original","1405"
"نهم","عمومی","زبان انگلیسی","زبان انگلیسی","Vocabulary","واژگان پرکاربرد","معنا","متوسط","اگر واژه ""house"" را در متن ببینیم، معنی آن چیست؟","خانه","مدرسه","کتاب","معلم","A","گزینه اول معنی فارسی مناسب ""house"" است.","ترنم همدلی","original","1405"
"نهم","عمومی","زبان انگلیسی","زبان انگلیسی","Vocabulary","واژگان پرکاربرد","معنا","آسان","اگر واژه ""student"" را در متن ببینیم، معنی آن چیست؟","دانش‌آموز","معلم","مدرسه","کتاب","A","گزینه اول معنی فارسی مناسب ""student"" است.","ترنم همدلی","original","1405"
"نهم","عمومی","زبان انگلیسی","زبان انگلیسی","Vocabulary","واژگان پرکاربرد","معنا","متوسط","اگر واژه ""water"" را در متن ببینیم، معنی آن چیست؟","آب","نان","خانه","کتاب","A","گزینه اول معنی فارسی مناسب ""water"" است.","ترنم همدلی","original","1405"
"نهم","عمومی","زبان انگلیسی","زبان انگلیسی","Vocabulary","واژگان پرکاربرد","معنا","متوسط","اگر واژه ""morning"" را در متن ببینیم، معنی آن چیست؟","صبح","شب","روز","ماه","A","گزینه اول معنی فارسی مناسب ""morning"" است.","ترنم همدلی","original","1405"
"نهم","عمومی","زبان انگلیسی","زبان انگلیسی","Vocabulary","واژگان پرکاربرد","معنا","متوسط","اگر واژه ""night"" را در متن ببینیم، معنی آن چیست؟","شب","صبح","سال","هفته","A","گزینه اول معنی فارسی مناسب ""night"" است.","ترنم همدلی","original","1405"
"نهم","عمومی","زبان انگلیسی","زبان انگلیسی","Vocabulary","واژگان پرکاربرد","معنا","آسان","اگر واژه ""bread"" را در متن ببینیم، معنی آن چیست؟","نان","آب","کتاب","مدرسه","A","گزینه اول معنی فارسی مناسب ""bread"" است.","ترنم همدلی","original","1405"
"نهم","عمومی","زبان انگلیسی","زبان انگلیسی","Vocabulary","واژگان پرکاربرد","معنا","متوسط","اگر واژه ""pen"" را در متن ببینیم، معنی آن چیست؟","قلم","کتاب","خانه","معلم","A","گزینه اول معنی فارسی مناسب ""pen"" است.","ترنم همدلی","original","1405"
"دهم","عمومی","عربی","عربی","واژگان","واژه‌های پرکاربرد","معنا","آسان","معنای «کتاب» در عربی کدام است؟","کِتاب","مدرسه","معلم","خانه","A","گزینه اول معادل عربی مناسب واژه «کتاب» است.","ترنم همدلی","original","1405"
"دهم","عمومی","عربی","عربی","واژگان","واژه‌های پرکاربرد","معنا","متوسط","معنای «مدرسه» در عربی کدام است؟","مَدرَسَة","کتاب","دانش‌آموز","قلم","A","گزینه اول معادل عربی مناسب واژه «مدرسه» است.","ترنم همدلی","original","1405"
"دهم","عمومی","عربی","عربی","واژگان","واژه‌های پرکاربرد","معنا","متوسط","معنای «معلم» در عربی کدام است؟","مُعَلِّم","کتاب","مدرسه","خانه","A","گزینه اول معادل عربی مناسب واژه «معلم» است.","ترنم همدلی","original","1405"
"دهم","عمومی","عربی","عربی","واژگان","واژه‌های پرکاربرد","معنا","متوسط","معنای «خانه» در عربی کدام است؟","بَیت","مدرسه","کتاب","معلم","A","گزینه اول معادل عربی مناسب واژه «خانه» است.","ترنم همدلی","original","1405"
"دهم","عمومی","عربی","عربی","واژگان","واژه‌های پرکاربرد","معنا","آسان","معنای «قلم» در عربی کدام است؟","قَلَم","کتاب","مدرسه","خانه","A","گزینه اول معادل عربی مناسب واژه «قلم» است.","ترنم همدلی","original","1405"
"دهم","عمومی","عربی","عربی","واژگان","واژه‌های پرکاربرد","معنا","متوسط","معنای «دانش‌آموز» در عربی کدام است؟","طالِب","معلم","کتاب","خانه","A","گزینه اول معادل عربی مناسب واژه «دانش‌آموز» است.","ترنم همدلی","original","1405"
"دهم","عمومی","عربی","عربی","واژگان","واژه‌های پرکاربرد","معنا","متوسط","معنای «صبح» در عربی کدام است؟","صَباح","شب","روز","ماه","A","گزینه اول معادل عربی مناسب واژه «صبح» است.","ترنم همدلی","original","1405"
"دهم","عمومی","عربی","عربی","واژگان","واژه‌های پرکاربرد","معنا","متوسط","معنای «شب» در عربی کدام است؟","لَیل","صبح","سال","هفته","A","گزینه اول معادل عربی مناسب واژه «شب» است.","ترنم همدلی","original","1405"
"دهم","عمومی","عربی","عربی","واژگان","واژه‌های پرکاربرد","معنا","آسان","معنای «آب» در عربی کدام است؟","ماء","نان","خانه","کتاب","A","گزینه اول معادل عربی مناسب واژه «آب» است.","ترنم همدلی","original","1405"
"دهم","عمومی","عربی","عربی","واژگان","واژه‌های پرکاربرد","معنا","متوسط","معنای «نان» در عربی کدام است؟","خُبز","آب","مدرسه","قلم","A","گزینه اول معادل عربی مناسب واژه «نان» است.","ترنم همدلی","original","1405"
"دهم","عمومی","عربی","عربی","واژگان","واژه‌های پرکاربرد","معنا","متوسط","کدام گزینه معادل عربی «کتاب» است؟","کِتاب","مدرسه","معلم","خانه","A","گزینه اول معادل عربی مناسب واژه «کتاب» است.","ترنم همدلی","original","1405"
"دهم","عمومی","عربی","عربی","واژگان","واژه‌های پرکاربرد","معنا","متوسط","کدام گزینه معادل عربی «مدرسه» است؟","مَدرَسَة","کتاب","دانش‌آموز","قلم","A","گزینه اول معادل عربی مناسب واژه «مدرسه» است.","ترنم همدلی","original","1405"
"دهم","عمومی","عربی","عربی","واژگان","واژه‌های پرکاربرد","معنا","آسان","کدام گزینه معادل عربی «معلم» است؟","مُعَلِّم","کتاب","مدرسه","خانه","A","گزینه اول معادل عربی مناسب واژه «معلم» است.","ترنم همدلی","original","1405"
"دهم","عمومی","عربی","عربی","واژگان","واژه‌های پرکاربرد","معنا","متوسط","کدام گزینه معادل عربی «خانه» است؟","بَیت","مدرسه","کتاب","معلم","A","گزینه اول معادل عربی مناسب واژه «خانه» است.","ترنم همدلی","original","1405"
"دهم","عمومی","عربی","عربی","واژگان","واژه‌های پرکاربرد","معنا","متوسط","کدام گزینه معادل عربی «قلم» است؟","قَلَم","کتاب","مدرسه","خانه","A","گزینه اول معادل عربی مناسب واژه «قلم» است.","ترنم همدلی","original","1405"
"دهم","عمومی","عربی","عربی","واژگان","واژه‌های پرکاربرد","معنا","متوسط","کدام گزینه معادل عربی «دانش‌آموز» است؟","طالِب","معلم","کتاب","خانه","A","گزینه اول معادل عربی مناسب واژه «دانش‌آموز» است.","ترنم همدلی","original","1405"
"دهم","عمومی","عربی","عربی","واژگان","واژه‌های پرکاربرد","معنا","آسان","کدام گزینه معادل عربی «صبح» است؟","صَباح","شب","روز","ماه","A","گزینه اول معادل عربی مناسب واژه «صبح» است.","ترنم همدلی","original","1405"
"دهم","عمومی","عربی","عربی","واژگان","واژه‌های پرکاربرد","معنا","متوسط","کدام گزینه معادل عربی «شب» است؟","لَیل","صبح","سال","هفته","A","گزینه اول معادل عربی مناسب واژه «شب» است.","ترنم همدلی","original","1405"
"دهم","عمومی","عربی","عربی","واژگان","واژه‌های پرکاربرد","معنا","متوسط","کدام گزینه معادل عربی «آب» است؟","ماء","نان","خانه","کتاب","A","گزینه اول معادل عربی مناسب واژه «آب» است.","ترنم همدلی","original","1405"
"دهم","عمومی","عربی","عربی","واژگان","واژه‌های پرکاربرد","معنا","متوسط","کدام گزینه معادل عربی «نان» است؟","خُبز","آب","مدرسه","قلم","A","گزینه اول معادل عربی مناسب واژه «نان» است.","ترنم همدلی","original","1405"
"دهم","عمومی","عربی","عربی","واژگان","واژه‌های پرکاربرد","معنا","آسان","اگر واژه فارسی «کتاب» را ببینیم، معادل عربی مناسب کدام است؟","کِتاب","مدرسه","معلم","خانه","A","گزینه اول معادل عربی مناسب واژه «کتاب» است.","ترنم همدلی","original","1405"
"دهم","عمومی","عربی","عربی","واژگان","واژه‌های پرکاربرد","معنا","متوسط","اگر واژه فارسی «مدرسه» را ببینیم، معادل عربی مناسب کدام است؟","مَدرَسَة","کتاب","دانش‌آموز","قلم","A","گزینه اول معادل عربی مناسب واژه «مدرسه» است.","ترنم همدلی","original","1405"
"دهم","عمومی","عربی","عربی","واژگان","واژه‌های پرکاربرد","معنا","متوسط","اگر واژه فارسی «معلم» را ببینیم، معادل عربی مناسب کدام است؟","مُعَلِّم","کتاب","مدرسه","خانه","A","گزینه اول معادل عربی مناسب واژه «معلم» است.","ترنم همدلی","original","1405"
"دهم","عمومی","عربی","عربی","واژگان","واژه‌های پرکاربرد","معنا","متوسط","اگر واژه فارسی «خانه» را ببینیم، معادل عربی مناسب کدام است؟","بَیت","مدرسه","کتاب","معلم","A","گزینه اول معادل عربی مناسب واژه «خانه» است.","ترنم همدلی","original","1405"
"دهم","عمومی","عربی","عربی","واژگان","واژه‌های پرکاربرد","معنا","آسان","اگر واژه فارسی «قلم» را ببینیم، معادل عربی مناسب کدام است؟","قَلَم","کتاب","مدرسه","خانه","A","گزینه اول معادل عربی مناسب واژه «قلم» است.","ترنم همدلی","original","1405"
"دهم","عمومی","عربی","عربی","واژگان","واژه‌های پرکاربرد","معنا","متوسط","اگر واژه فارسی «دانش‌آموز» را ببینیم، معادل عربی مناسب کدام است؟","طالِب","معلم","کتاب","خانه","A","گزینه اول معادل عربی مناسب واژه «دانش‌آموز» است.","ترنم همدلی","original","1405"
"دهم","عمومی","عربی","عربی","واژگان","واژه‌های پرکاربرد","معنا","متوسط","اگر واژه فارسی «صبح» را ببینیم، معادل عربی مناسب کدام است؟","صَباح","شب","روز","ماه","A","گزینه اول معادل عربی مناسب واژه «صبح» است.","ترنم همدلی","original","1405"
"دهم","عمومی","عربی","عربی","واژگان","واژه‌های پرکاربرد","معنا","متوسط","اگر واژه فارسی «شب» را ببینیم، معادل عربی مناسب کدام است؟","لَیل","صبح","سال","هفته","A","گزینه اول معادل عربی مناسب واژه «شب» است.","ترنم همدلی","original","1405"
"دهم","عمومی","عربی","عربی","واژگان","واژه‌های پرکاربرد","معنا","آسان","اگر واژه فارسی «آب» را ببینیم، معادل عربی مناسب کدام است؟","ماء","نان","خانه","کتاب","A","گزینه اول معادل عربی مناسب واژه «آب» است.","ترنم همدلی","original","1405"
"دهم","عمومی","عربی","عربی","واژگان","واژه‌های پرکاربرد","معنا","متوسط","اگر واژه فارسی «نان» را ببینیم، معادل عربی مناسب کدام است؟","خُبز","آب","مدرسه","قلم","A","گزینه اول معادل عربی مناسب واژه «نان» است.","ترنم همدلی","original","1405"
"دهم","عمومی","زبان انگلیسی","زبان انگلیسی","Vocabulary","واژگان پرکاربرد","معنا","آسان","معنی واژه ""book"" کدام است؟","کتاب","مدرسه","معلم","خانه","A","گزینه اول معنی فارسی مناسب ""book"" است.","ترنم همدلی","original","1405"
"دهم","عمومی","زبان انگلیسی","زبان انگلیسی","Vocabulary","واژگان پرکاربرد","معنا","متوسط","معنی واژه ""school"" کدام است؟","مدرسه","کتاب","خانه","معلم","A","گزینه اول معنی فارسی مناسب ""school"" است.","ترنم همدلی","original","1405"
"دهم","عمومی","زبان انگلیسی","زبان انگلیسی","Vocabulary","واژگان پرکاربرد","معنا","متوسط","معنی واژه ""teacher"" کدام است؟","معلم","دانش‌آموز","کتاب","مدرسه","A","گزینه اول معنی فارسی مناسب ""teacher"" است.","ترنم همدلی","original","1405"
"دهم","عمومی","زبان انگلیسی","زبان انگلیسی","Vocabulary","واژگان پرکاربرد","معنا","متوسط","معنی واژه ""house"" کدام است؟","خانه","مدرسه","کتاب","معلم","A","گزینه اول معنی فارسی مناسب ""house"" است.","ترنم همدلی","original","1405"
"دهم","عمومی","زبان انگلیسی","زبان انگلیسی","Vocabulary","واژگان پرکاربرد","معنا","آسان","معنی واژه ""student"" کدام است؟","دانش‌آموز","معلم","مدرسه","کتاب","A","گزینه اول معنی فارسی مناسب ""student"" است.","ترنم همدلی","original","1405"
"دهم","عمومی","زبان انگلیسی","زبان انگلیسی","Vocabulary","واژگان پرکاربرد","معنا","متوسط","معنی واژه ""water"" کدام است؟","آب","نان","خانه","کتاب","A","گزینه اول معنی فارسی مناسب ""water"" است.","ترنم همدلی","original","1405"
"دهم","عمومی","زبان انگلیسی","زبان انگلیسی","Vocabulary","واژگان پرکاربرد","معنا","متوسط","معنی واژه ""morning"" کدام است؟","صبح","شب","روز","ماه","A","گزینه اول معنی فارسی مناسب ""morning"" است.","ترنم همدلی","original","1405"
"دهم","عمومی","زبان انگلیسی","زبان انگلیسی","Vocabulary","واژگان پرکاربرد","معنا","متوسط","معنی واژه ""night"" کدام است؟","شب","صبح","سال","هفته","A","گزینه اول معنی فارسی مناسب ""night"" است.","ترنم همدلی","original","1405"
"دهم","عمومی","زبان انگلیسی","زبان انگلیسی","Vocabulary","واژگان پرکاربرد","معنا","آسان","معنی واژه ""bread"" کدام است؟","نان","آب","کتاب","مدرسه","A","گزینه اول معنی فارسی مناسب ""bread"" است.","ترنم همدلی","original","1405"
"دهم","عمومی","زبان انگلیسی","زبان انگلیسی","Vocabulary","واژگان پرکاربرد","معنا","متوسط","معنی واژه ""pen"" کدام است؟","قلم","کتاب","خانه","معلم","A","گزینه اول معنی فارسی مناسب ""pen"" است.","ترنم همدلی","original","1405"
"دهم","عمومی","زبان انگلیسی","زبان انگلیسی","Vocabulary","واژگان پرکاربرد","معنا","متوسط","کدام گزینه ترجمه مناسب ""book"" است؟","کتاب","مدرسه","معلم","خانه","A","گزینه اول معنی فارسی مناسب ""book"" است.","ترنم همدلی","original","1405"
"دهم","عمومی","زبان انگلیسی","زبان انگلیسی","Vocabulary","واژگان پرکاربرد","معنا","متوسط","کدام گزینه ترجمه مناسب ""school"" است؟","مدرسه","کتاب","خانه","معلم","A","گزینه اول معنی فارسی مناسب ""school"" است.","ترنم همدلی","original","1405"
"دهم","عمومی","زبان انگلیسی","زبان انگلیسی","Vocabulary","واژگان پرکاربرد","معنا","آسان","کدام گزینه ترجمه مناسب ""teacher"" است؟","معلم","دانش‌آموز","کتاب","مدرسه","A","گزینه اول معنی فارسی مناسب ""teacher"" است.","ترنم همدلی","original","1405"
"دهم","عمومی","زبان انگلیسی","زبان انگلیسی","Vocabulary","واژگان پرکاربرد","معنا","متوسط","کدام گزینه ترجمه مناسب ""house"" است؟","خانه","مدرسه","کتاب","معلم","A","گزینه اول معنی فارسی مناسب ""house"" است.","ترنم همدلی","original","1405"
"دهم","عمومی","زبان انگلیسی","زبان انگلیسی","Vocabulary","واژگان پرکاربرد","معنا","متوسط","کدام گزینه ترجمه مناسب ""student"" است؟","دانش‌آموز","معلم","مدرسه","کتاب","A","گزینه اول معنی فارسی مناسب ""student"" است.","ترنم همدلی","original","1405"
"دهم","عمومی","زبان انگلیسی","زبان انگلیسی","Vocabulary","واژگان پرکاربرد","معنا","متوسط","کدام گزینه ترجمه مناسب ""water"" است؟","آب","نان","خانه","کتاب","A","گزینه اول معنی فارسی مناسب ""water"" است.","ترنم همدلی","original","1405"
"دهم","عمومی","زبان انگلیسی","زبان انگلیسی","Vocabulary","واژگان پرکاربرد","معنا","آسان","کدام گزینه ترجمه مناسب ""morning"" است؟","صبح","شب","روز","ماه","A","گزینه اول معنی فارسی مناسب ""morning"" است.","ترنم همدلی","original","1405"
"دهم","عمومی","زبان انگلیسی","زبان انگلیسی","Vocabulary","واژگان پرکاربرد","معنا","متوسط","کدام گزینه ترجمه مناسب ""night"" است؟","شب","صبح","سال","هفته","A","گزینه اول معنی فارسی مناسب ""night"" است.","ترنم همدلی","original","1405"
"دهم","عمومی","زبان انگلیسی","زبان انگلیسی","Vocabulary","واژگان پرکاربرد","معنا","متوسط","کدام گزینه ترجمه مناسب ""bread"" است؟","نان","آب","کتاب","مدرسه","A","گزینه اول معنی فارسی مناسب ""bread"" است.","ترنم همدلی","original","1405"
"دهم","عمومی","زبان انگلیسی","زبان انگلیسی","Vocabulary","واژگان پرکاربرد","معنا","متوسط","کدام گزینه ترجمه مناسب ""pen"" است؟","قلم","کتاب","خانه","معلم","A","گزینه اول معنی فارسی مناسب ""pen"" است.","ترنم همدلی","original","1405"
"دهم","عمومی","زبان انگلیسی","زبان انگلیسی","Vocabulary","واژگان پرکاربرد","معنا","آسان","اگر واژه ""book"" را در متن ببینیم، معنی آن چیست؟","کتاب","مدرسه","معلم","خانه","A","گزینه اول معنی فارسی مناسب ""book"" است.","ترنم همدلی","original","1405"
"دهم","عمومی","زبان انگلیسی","زبان انگلیسی","Vocabulary","واژگان پرکاربرد","معنا","متوسط","اگر واژه ""school"" را در متن ببینیم، معنی آن چیست؟","مدرسه","کتاب","خانه","معلم","A","گزینه اول معنی فارسی مناسب ""school"" است.","ترنم همدلی","original","1405"
"دهم","عمومی","زبان انگلیسی","زبان انگلیسی","Vocabulary","واژگان پرکاربرد","معنا","متوسط","اگر واژه ""teacher"" را در متن ببینیم، معنی آن چیست؟","معلم","دانش‌آموز","کتاب","مدرسه","A","گزینه اول معنی فارسی مناسب ""teacher"" است.","ترنم همدلی","original","1405"
"دهم","عمومی","زبان انگلیسی","زبان انگلیسی","Vocabulary","واژگان پرکاربرد","معنا","متوسط","اگر واژه ""house"" را در متن ببینیم، معنی آن چیست؟","خانه","مدرسه","کتاب","معلم","A","گزینه اول معنی فارسی مناسب ""house"" است.","ترنم همدلی","original","1405"
"دهم","عمومی","زبان انگلیسی","زبان انگلیسی","Vocabulary","واژگان پرکاربرد","معنا","آسان","اگر واژه ""student"" را در متن ببینیم، معنی آن چیست؟","دانش‌آموز","معلم","مدرسه","کتاب","A","گزینه اول معنی فارسی مناسب ""student"" است.","ترنم همدلی","original","1405"
"دهم","عمومی","زبان انگلیسی","زبان انگلیسی","Vocabulary","واژگان پرکاربرد","معنا","متوسط","اگر واژه ""water"" را در متن ببینیم، معنی آن چیست؟","آب","نان","خانه","کتاب","A","گزینه اول معنی فارسی مناسب ""water"" است.","ترنم همدلی","original","1405"
"دهم","عمومی","زبان انگلیسی","زبان انگلیسی","Vocabulary","واژگان پرکاربرد","معنا","متوسط","اگر واژه ""morning"" را در متن ببینیم، معنی آن چیست؟","صبح","شب","روز","ماه","A","گزینه اول معنی فارسی مناسب ""morning"" است.","ترنم همدلی","original","1405"
"دهم","عمومی","زبان انگلیسی","زبان انگلیسی","Vocabulary","واژگان پرکاربرد","معنا","متوسط","اگر واژه ""night"" را در متن ببینیم، معنی آن چیست؟","شب","صبح","سال","هفته","A","گزینه اول معنی فارسی مناسب ""night"" است.","ترنم همدلی","original","1405"
"دهم","عمومی","زبان انگلیسی","زبان انگلیسی","Vocabulary","واژگان پرکاربرد","معنا","آسان","اگر واژه ""bread"" را در متن ببینیم، معنی آن چیست؟","نان","آب","کتاب","مدرسه","A","گزینه اول معنی فارسی مناسب ""bread"" است.","ترنم همدلی","original","1405"
"دهم","عمومی","زبان انگلیسی","زبان انگلیسی","Vocabulary","واژگان پرکاربرد","معنا","متوسط","اگر واژه ""pen"" را در متن ببینیم، معنی آن چیست؟","قلم","کتاب","خانه","معلم","A","گزینه اول معنی فارسی مناسب ""pen"" است.","ترنم همدلی","original","1405"
"یازدهم","عمومی","عربی","عربی","واژگان","واژه‌های پرکاربرد","معنا","آسان","معنای «کتاب» در عربی کدام است؟","کِتاب","مدرسه","معلم","خانه","A","گزینه اول معادل عربی مناسب واژه «کتاب» است.","ترنم همدلی","original","1405"
"یازدهم","عمومی","عربی","عربی","واژگان","واژه‌های پرکاربرد","معنا","متوسط","معنای «مدرسه» در عربی کدام است؟","مَدرَسَة","کتاب","دانش‌آموز","قلم","A","گزینه اول معادل عربی مناسب واژه «مدرسه» است.","ترنم همدلی","original","1405"
"یازدهم","عمومی","عربی","عربی","واژگان","واژه‌های پرکاربرد","معنا","متوسط","معنای «معلم» در عربی کدام است؟","مُعَلِّم","کتاب","مدرسه","خانه","A","گزینه اول معادل عربی مناسب واژه «معلم» است.","ترنم همدلی","original","1405"
"یازدهم","عمومی","عربی","عربی","واژگان","واژه‌های پرکاربرد","معنا","متوسط","معنای «خانه» در عربی کدام است؟","بَیت","مدرسه","کتاب","معلم","A","گزینه اول معادل عربی مناسب واژه «خانه» است.","ترنم همدلی","original","1405"
"یازدهم","عمومی","عربی","عربی","واژگان","واژه‌های پرکاربرد","معنا","آسان","معنای «قلم» در عربی کدام است؟","قَلَم","کتاب","مدرسه","خانه","A","گزینه اول معادل عربی مناسب واژه «قلم» است.","ترنم همدلی","original","1405"
"یازدهم","عمومی","عربی","عربی","واژگان","واژه‌های پرکاربرد","معنا","متوسط","معنای «دانش‌آموز» در عربی کدام است؟","طالِب","معلم","کتاب","خانه","A","گزینه اول معادل عربی مناسب واژه «دانش‌آموز» است.","ترنم همدلی","original","1405"
"یازدهم","عمومی","عربی","عربی","واژگان","واژه‌های پرکاربرد","معنا","متوسط","معنای «صبح» در عربی کدام است؟","صَباح","شب","روز","ماه","A","گزینه اول معادل عربی مناسب واژه «صبح» است.","ترنم همدلی","original","1405"
"یازدهم","عمومی","عربی","عربی","واژگان","واژه‌های پرکاربرد","معنا","متوسط","معنای «شب» در عربی کدام است؟","لَیل","صبح","سال","هفته","A","گزینه اول معادل عربی مناسب واژه «شب» است.","ترنم همدلی","original","1405"
"یازدهم","عمومی","عربی","عربی","واژگان","واژه‌های پرکاربرد","معنا","آسان","معنای «آب» در عربی کدام است؟","ماء","نان","خانه","کتاب","A","گزینه اول معادل عربی مناسب واژه «آب» است.","ترنم همدلی","original","1405"
"یازدهم","عمومی","عربی","عربی","واژگان","واژه‌های پرکاربرد","معنا","متوسط","معنای «نان» در عربی کدام است؟","خُبز","آب","مدرسه","قلم","A","گزینه اول معادل عربی مناسب واژه «نان» است.","ترنم همدلی","original","1405"
"یازدهم","عمومی","عربی","عربی","واژگان","واژه‌های پرکاربرد","معنا","متوسط","کدام گزینه معادل عربی «کتاب» است؟","کِتاب","مدرسه","معلم","خانه","A","گزینه اول معادل عربی مناسب واژه «کتاب» است.","ترنم همدلی","original","1405"
"یازدهم","عمومی","عربی","عربی","واژگان","واژه‌های پرکاربرد","معنا","متوسط","کدام گزینه معادل عربی «مدرسه» است؟","مَدرَسَة","کتاب","دانش‌آموز","قلم","A","گزینه اول معادل عربی مناسب واژه «مدرسه» است.","ترنم همدلی","original","1405"
"یازدهم","عمومی","عربی","عربی","واژگان","واژه‌های پرکاربرد","معنا","آسان","کدام گزینه معادل عربی «معلم» است؟","مُعَلِّم","کتاب","مدرسه","خانه","A","گزینه اول معادل عربی مناسب واژه «معلم» است.","ترنم همدلی","original","1405"
"یازدهم","عمومی","عربی","عربی","واژگان","واژه‌های پرکاربرد","معنا","متوسط","کدام گزینه معادل عربی «خانه» است؟","بَیت","مدرسه","کتاب","معلم","A","گزینه اول معادل عربی مناسب واژه «خانه» است.","ترنم همدلی","original","1405"
"یازدهم","عمومی","عربی","عربی","واژگان","واژه‌های پرکاربرد","معنا","متوسط","کدام گزینه معادل عربی «قلم» است؟","قَلَم","کتاب","مدرسه","خانه","A","گزینه اول معادل عربی مناسب واژه «قلم» است.","ترنم همدلی","original","1405"
"یازدهم","عمومی","عربی","عربی","واژگان","واژه‌های پرکاربرد","معنا","متوسط","کدام گزینه معادل عربی «دانش‌آموز» است؟","طالِب","معلم","کتاب","خانه","A","گزینه اول معادل عربی مناسب واژه «دانش‌آموز» است.","ترنم همدلی","original","1405"
"یازدهم","عمومی","عربی","عربی","واژگان","واژه‌های پرکاربرد","معنا","آسان","کدام گزینه معادل عربی «صبح» است؟","صَباح","شب","روز","ماه","A","گزینه اول معادل عربی مناسب واژه «صبح» است.","ترنم همدلی","original","1405"
"یازدهم","عمومی","عربی","عربی","واژگان","واژه‌های پرکاربرد","معنا","متوسط","کدام گزینه معادل عربی «شب» است؟","لَیل","صبح","سال","هفته","A","گزینه اول معادل عربی مناسب واژه «شب» است.","ترنم همدلی","original","1405"
"یازدهم","عمومی","عربی","عربی","واژگان","واژه‌های پرکاربرد","معنا","متوسط","کدام گزینه معادل عربی «آب» است؟","ماء","نان","خانه","کتاب","A","گزینه اول معادل عربی مناسب واژه «آب» است.","ترنم همدلی","original","1405"
"یازدهم","عمومی","عربی","عربی","واژگان","واژه‌های پرکاربرد","معنا","متوسط","کدام گزینه معادل عربی «نان» است؟","خُبز","آب","مدرسه","قلم","A","گزینه اول معادل عربی مناسب واژه «نان» است.","ترنم همدلی","original","1405"
"یازدهم","عمومی","عربی","عربی","واژگان","واژه‌های پرکاربرد","معنا","آسان","اگر واژه فارسی «کتاب» را ببینیم، معادل عربی مناسب کدام است؟","کِتاب","مدرسه","معلم","خانه","A","گزینه اول معادل عربی مناسب واژه «کتاب» است.","ترنم همدلی","original","1405"
"یازدهم","عمومی","عربی","عربی","واژگان","واژه‌های پرکاربرد","معنا","متوسط","اگر واژه فارسی «مدرسه» را ببینیم، معادل عربی مناسب کدام است؟","مَدرَسَة","کتاب","دانش‌آموز","قلم","A","گزینه اول معادل عربی مناسب واژه «مدرسه» است.","ترنم همدلی","original","1405"
"یازدهم","عمومی","عربی","عربی","واژگان","واژه‌های پرکاربرد","معنا","متوسط","اگر واژه فارسی «معلم» را ببینیم، معادل عربی مناسب کدام است؟","مُعَلِّم","کتاب","مدرسه","خانه","A","گزینه اول معادل عربی مناسب واژه «معلم» است.","ترنم همدلی","original","1405"
"یازدهم","عمومی","عربی","عربی","واژگان","واژه‌های پرکاربرد","معنا","متوسط","اگر واژه فارسی «خانه» را ببینیم، معادل عربی مناسب کدام است؟","بَیت","مدرسه","کتاب","معلم","A","گزینه اول معادل عربی مناسب واژه «خانه» است.","ترنم همدلی","original","1405"
"یازدهم","عمومی","عربی","عربی","واژگان","واژه‌های پرکاربرد","معنا","آسان","اگر واژه فارسی «قلم» را ببینیم، معادل عربی مناسب کدام است؟","قَلَم","کتاب","مدرسه","خانه","A","گزینه اول معادل عربی مناسب واژه «قلم» است.","ترنم همدلی","original","1405"
"یازدهم","عمومی","عربی","عربی","واژگان","واژه‌های پرکاربرد","معنا","متوسط","اگر واژه فارسی «دانش‌آموز» را ببینیم، معادل عربی مناسب کدام است؟","طالِب","معلم","کتاب","خانه","A","گزینه اول معادل عربی مناسب واژه «دانش‌آموز» است.","ترنم همدلی","original","1405"
"یازدهم","عمومی","عربی","عربی","واژگان","واژه‌های پرکاربرد","معنا","متوسط","اگر واژه فارسی «صبح» را ببینیم، معادل عربی مناسب کدام است؟","صَباح","شب","روز","ماه","A","گزینه اول معادل عربی مناسب واژه «صبح» است.","ترنم همدلی","original","1405"
"یازدهم","عمومی","عربی","عربی","واژگان","واژه‌های پرکاربرد","معنا","متوسط","اگر واژه فارسی «شب» را ببینیم، معادل عربی مناسب کدام است؟","لَیل","صبح","سال","هفته","A","گزینه اول معادل عربی مناسب واژه «شب» است.","ترنم همدلی","original","1405"
"یازدهم","عمومی","عربی","عربی","واژگان","واژه‌های پرکاربرد","معنا","آسان","اگر واژه فارسی «آب» را ببینیم، معادل عربی مناسب کدام است؟","ماء","نان","خانه","کتاب","A","گزینه اول معادل عربی مناسب واژه «آب» است.","ترنم همدلی","original","1405"
"یازدهم","عمومی","عربی","عربی","واژگان","واژه‌های پرکاربرد","معنا","متوسط","اگر واژه فارسی «نان» را ببینیم، معادل عربی مناسب کدام است؟","خُبز","آب","مدرسه","قلم","A","گزینه اول معادل عربی مناسب واژه «نان» است.","ترنم همدلی","original","1405"
"یازدهم","عمومی","زبان انگلیسی","زبان انگلیسی","Vocabulary","واژگان پرکاربرد","معنا","آسان","معنی واژه ""book"" کدام است؟","کتاب","مدرسه","معلم","خانه","A","گزینه اول معنی فارسی مناسب ""book"" است.","ترنم همدلی","original","1405"
"یازدهم","عمومی","زبان انگلیسی","زبان انگلیسی","Vocabulary","واژگان پرکاربرد","معنا","متوسط","معنی واژه ""school"" کدام است؟","مدرسه","کتاب","خانه","معلم","A","گزینه اول معنی فارسی مناسب ""school"" است.","ترنم همدلی","original","1405"
"یازدهم","عمومی","زبان انگلیسی","زبان انگلیسی","Vocabulary","واژگان پرکاربرد","معنا","متوسط","معنی واژه ""teacher"" کدام است؟","معلم","دانش‌آموز","کتاب","مدرسه","A","گزینه اول معنی فارسی مناسب ""teacher"" است.","ترنم همدلی","original","1405"
"یازدهم","عمومی","زبان انگلیسی","زبان انگلیسی","Vocabulary","واژگان پرکاربرد","معنا","متوسط","معنی واژه ""house"" کدام است؟","خانه","مدرسه","کتاب","معلم","A","گزینه اول معنی فارسی مناسب ""house"" است.","ترنم همدلی","original","1405"
"یازدهم","عمومی","زبان انگلیسی","زبان انگلیسی","Vocabulary","واژگان پرکاربرد","معنا","آسان","معنی واژه ""student"" کدام است؟","دانش‌آموز","معلم","مدرسه","کتاب","A","گزینه اول معنی فارسی مناسب ""student"" است.","ترنم همدلی","original","1405"
"یازدهم","عمومی","زبان انگلیسی","زبان انگلیسی","Vocabulary","واژگان پرکاربرد","معنا","متوسط","معنی واژه ""water"" کدام است؟","آب","نان","خانه","کتاب","A","گزینه اول معنی فارسی مناسب ""water"" است.","ترنم همدلی","original","1405"
"یازدهم","عمومی","زبان انگلیسی","زبان انگلیسی","Vocabulary","واژگان پرکاربرد","معنا","متوسط","معنی واژه ""morning"" کدام است؟","صبح","شب","روز","ماه","A","گزینه اول معنی فارسی مناسب ""morning"" است.","ترنم همدلی","original","1405"
"یازدهم","عمومی","زبان انگلیسی","زبان انگلیسی","Vocabulary","واژگان پرکاربرد","معنا","متوسط","معنی واژه ""night"" کدام است؟","شب","صبح","سال","هفته","A","گزینه اول معنی فارسی مناسب ""night"" است.","ترنم همدلی","original","1405"
"یازدهم","عمومی","زبان انگلیسی","زبان انگلیسی","Vocabulary","واژگان پرکاربرد","معنا","آسان","معنی واژه ""bread"" کدام است؟","نان","آب","کتاب","مدرسه","A","گزینه اول معنی فارسی مناسب ""bread"" است.","ترنم همدلی","original","1405"
"یازدهم","عمومی","زبان انگلیسی","زبان انگلیسی","Vocabulary","واژگان پرکاربرد","معنا","متوسط","معنی واژه ""pen"" کدام است؟","قلم","کتاب","خانه","معلم","A","گزینه اول معنی فارسی مناسب ""pen"" است.","ترنم همدلی","original","1405"
"یازدهم","عمومی","زبان انگلیسی","زبان انگلیسی","Vocabulary","واژگان پرکاربرد","معنا","متوسط","کدام گزینه ترجمه مناسب ""book"" است؟","کتاب","مدرسه","معلم","خانه","A","گزینه اول معنی فارسی مناسب ""book"" است.","ترنم همدلی","original","1405"
"یازدهم","عمومی","زبان انگلیسی","زبان انگلیسی","Vocabulary","واژگان پرکاربرد","معنا","متوسط","کدام گزینه ترجمه مناسب ""school"" است؟","مدرسه","کتاب","خانه","معلم","A","گزینه اول معنی فارسی مناسب ""school"" است.","ترنم همدلی","original","1405"
"یازدهم","عمومی","زبان انگلیسی","زبان انگلیسی","Vocabulary","واژگان پرکاربرد","معنا","آسان","کدام گزینه ترجمه مناسب ""teacher"" است؟","معلم","دانش‌آموز","کتاب","مدرسه","A","گزینه اول معنی فارسی مناسب ""teacher"" است.","ترنم همدلی","original","1405"
"یازدهم","عمومی","زبان انگلیسی","زبان انگلیسی","Vocabulary","واژگان پرکاربرد","معنا","متوسط","کدام گزینه ترجمه مناسب ""house"" است؟","خانه","مدرسه","کتاب","معلم","A","گزینه اول معنی فارسی مناسب ""house"" است.","ترنم همدلی","original","1405"
"یازدهم","عمومی","زبان انگلیسی","زبان انگلیسی","Vocabulary","واژگان پرکاربرد","معنا","متوسط","کدام گزینه ترجمه مناسب ""student"" است؟","دانش‌آموز","معلم","مدرسه","کتاب","A","گزینه اول معنی فارسی مناسب ""student"" است.","ترنم همدلی","original","1405"
"یازدهم","عمومی","زبان انگلیسی","زبان انگلیسی","Vocabulary","واژگان پرکاربرد","معنا","متوسط","کدام گزینه ترجمه مناسب ""water"" است؟","آب","نان","خانه","کتاب","A","گزینه اول معنی فارسی مناسب ""water"" است.","ترنم همدلی","original","1405"
"یازدهم","عمومی","زبان انگلیسی","زبان انگلیسی","Vocabulary","واژگان پرکاربرد","معنا","آسان","کدام گزینه ترجمه مناسب ""morning"" است؟","صبح","شب","روز","ماه","A","گزینه اول معنی فارسی مناسب ""morning"" است.","ترنم همدلی","original","1405"
"یازدهم","عمومی","زبان انگلیسی","زبان انگلیسی","Vocabulary","واژگان پرکاربرد","معنا","متوسط","کدام گزینه ترجمه مناسب ""night"" است؟","شب","صبح","سال","هفته","A","گزینه اول معنی فارسی مناسب ""night"" است.","ترنم همدلی","original","1405"
"یازدهم","عمومی","زبان انگلیسی","زبان انگلیسی","Vocabulary","واژگان پرکاربرد","معنا","متوسط","کدام گزینه ترجمه مناسب ""bread"" است؟","نان","آب","کتاب","مدرسه","A","گزینه اول معنی فارسی مناسب ""bread"" است.","ترنم همدلی","original","1405"
"یازدهم","عمومی","زبان انگلیسی","زبان انگلیسی","Vocabulary","واژگان پرکاربرد","معنا","متوسط","کدام گزینه ترجمه مناسب ""pen"" است؟","قلم","کتاب","خانه","معلم","A","گزینه اول معنی فارسی مناسب ""pen"" است.","ترنم همدلی","original","1405"
"یازدهم","عمومی","زبان انگلیسی","زبان انگلیسی","Vocabulary","واژگان پرکاربرد","معنا","آسان","اگر واژه ""book"" را در متن ببینیم، معنی آن چیست؟","کتاب","مدرسه","معلم","خانه","A","گزینه اول معنی فارسی مناسب ""book"" است.","ترنم همدلی","original","1405"
"یازدهم","عمومی","زبان انگلیسی","زبان انگلیسی","Vocabulary","واژگان پرکاربرد","معنا","متوسط","اگر واژه ""school"" را در متن ببینیم، معنی آن چیست؟","مدرسه","کتاب","خانه","معلم","A","گزینه اول معنی فارسی مناسب ""school"" است.","ترنم همدلی","original","1405"
"یازدهم","عمومی","زبان انگلیسی","زبان انگلیسی","Vocabulary","واژگان پرکاربرد","معنا","متوسط","اگر واژه ""teacher"" را در متن ببینیم، معنی آن چیست؟","معلم","دانش‌آموز","کتاب","مدرسه","A","گزینه اول معنی فارسی مناسب ""teacher"" است.","ترنم همدلی","original","1405"
"یازدهم","عمومی","زبان انگلیسی","زبان انگلیسی","Vocabulary","واژگان پرکاربرد","معنا","متوسط","اگر واژه ""house"" را در متن ببینیم، معنی آن چیست؟","خانه","مدرسه","کتاب","معلم","A","گزینه اول معنی فارسی مناسب ""house"" است.","ترنم همدلی","original","1405"
"یازدهم","عمومی","زبان انگلیسی","زبان انگلیسی","Vocabulary","واژگان پرکاربرد","معنا","آسان","اگر واژه ""student"" را در متن ببینیم، معنی آن چیست؟","دانش‌آموز","معلم","مدرسه","کتاب","A","گزینه اول معنی فارسی مناسب ""student"" است.","ترنم همدلی","original","1405"
"یازدهم","عمومی","زبان انگلیسی","زبان انگلیسی","Vocabulary","واژگان پرکاربرد","معنا","متوسط","اگر واژه ""water"" را در متن ببینیم، معنی آن چیست؟","آب","نان","خانه","کتاب","A","گزینه اول معنی فارسی مناسب ""water"" است.","ترنم همدلی","original","1405"
"یازدهم","عمومی","زبان انگلیسی","زبان انگلیسی","Vocabulary","واژگان پرکاربرد","معنا","متوسط","اگر واژه ""morning"" را در متن ببینیم، معنی آن چیست؟","صبح","شب","روز","ماه","A","گزینه اول معنی فارسی مناسب ""morning"" است.","ترنم همدلی","original","1405"
"یازدهم","عمومی","زبان انگلیسی","زبان انگلیسی","Vocabulary","واژگان پرکاربرد","معنا","متوسط","اگر واژه ""night"" را در متن ببینیم، معنی آن چیست؟","شب","صبح","سال","هفته","A","گزینه اول معنی فارسی مناسب ""night"" است.","ترنم همدلی","original","1405"
"یازدهم","عمومی","زبان انگلیسی","زبان انگلیسی","Vocabulary","واژگان پرکاربرد","معنا","آسان","اگر واژه ""bread"" را در متن ببینیم، معنی آن چیست؟","نان","آب","کتاب","مدرسه","A","گزینه اول معنی فارسی مناسب ""bread"" است.","ترنم همدلی","original","1405"
"یازدهم","عمومی","زبان انگلیسی","زبان انگلیسی","Vocabulary","واژگان پرکاربرد","معنا","متوسط","اگر واژه ""pen"" را در متن ببینیم، معنی آن چیست؟","قلم","کتاب","خانه","معلم","A","گزینه اول معنی فارسی مناسب ""pen"" است.","ترنم همدلی","original","1405"
"دوازدهم","عمومی","عربی","عربی","واژگان","واژه‌های پرکاربرد","معنا","آسان","معنای «کتاب» در عربی کدام است؟","کِتاب","مدرسه","معلم","خانه","A","گزینه اول معادل عربی مناسب واژه «کتاب» است.","ترنم همدلی","original","1405"
"دوازدهم","عمومی","عربی","عربی","واژگان","واژه‌های پرکاربرد","معنا","متوسط","معنای «مدرسه» در عربی کدام است؟","مَدرَسَة","کتاب","دانش‌آموز","قلم","A","گزینه اول معادل عربی مناسب واژه «مدرسه» است.","ترنم همدلی","original","1405"
"دوازدهم","عمومی","عربی","عربی","واژگان","واژه‌های پرکاربرد","معنا","متوسط","معنای «معلم» در عربی کدام است؟","مُعَلِّم","کتاب","مدرسه","خانه","A","گزینه اول معادل عربی مناسب واژه «معلم» است.","ترنم همدلی","original","1405"
"دوازدهم","عمومی","عربی","عربی","واژگان","واژه‌های پرکاربرد","معنا","متوسط","معنای «خانه» در عربی کدام است؟","بَیت","مدرسه","کتاب","معلم","A","گزینه اول معادل عربی مناسب واژه «خانه» است.","ترنم همدلی","original","1405"
"دوازدهم","عمومی","عربی","عربی","واژگان","واژه‌های پرکاربرد","معنا","آسان","معنای «قلم» در عربی کدام است؟","قَلَم","کتاب","مدرسه","خانه","A","گزینه اول معادل عربی مناسب واژه «قلم» است.","ترنم همدلی","original","1405"
"دوازدهم","عمومی","عربی","عربی","واژگان","واژه‌های پرکاربرد","معنا","متوسط","معنای «دانش‌آموز» در عربی کدام است؟","طالِب","معلم","کتاب","خانه","A","گزینه اول معادل عربی مناسب واژه «دانش‌آموز» است.","ترنم همدلی","original","1405"
"دوازدهم","عمومی","عربی","عربی","واژگان","واژه‌های پرکاربرد","معنا","متوسط","معنای «صبح» در عربی کدام است؟","صَباح","شب","روز","ماه","A","گزینه اول معادل عربی مناسب واژه «صبح» است.","ترنم همدلی","original","1405"
"دوازدهم","عمومی","عربی","عربی","واژگان","واژه‌های پرکاربرد","معنا","متوسط","معنای «شب» در عربی کدام است؟","لَیل","صبح","سال","هفته","A","گزینه اول معادل عربی مناسب واژه «شب» است.","ترنم همدلی","original","1405"
"دوازدهم","عمومی","عربی","عربی","واژگان","واژه‌های پرکاربرد","معنا","آسان","معنای «آب» در عربی کدام است؟","ماء","نان","خانه","کتاب","A","گزینه اول معادل عربی مناسب واژه «آب» است.","ترنم همدلی","original","1405"
"دوازدهم","عمومی","عربی","عربی","واژگان","واژه‌های پرکاربرد","معنا","متوسط","معنای «نان» در عربی کدام است؟","خُبز","آب","مدرسه","قلم","A","گزینه اول معادل عربی مناسب واژه «نان» است.","ترنم همدلی","original","1405"
"دوازدهم","عمومی","عربی","عربی","واژگان","واژه‌های پرکاربرد","معنا","متوسط","کدام گزینه معادل عربی «کتاب» است؟","کِتاب","مدرسه","معلم","خانه","A","گزینه اول معادل عربی مناسب واژه «کتاب» است.","ترنم همدلی","original","1405"
"دوازدهم","عمومی","عربی","عربی","واژگان","واژه‌های پرکاربرد","معنا","متوسط","کدام گزینه معادل عربی «مدرسه» است؟","مَدرَسَة","کتاب","دانش‌آموز","قلم","A","گزینه اول معادل عربی مناسب واژه «مدرسه» است.","ترنم همدلی","original","1405"
"دوازدهم","عمومی","عربی","عربی","واژگان","واژه‌های پرکاربرد","معنا","آسان","کدام گزینه معادل عربی «معلم» است؟","مُعَلِّم","کتاب","مدرسه","خانه","A","گزینه اول معادل عربی مناسب واژه «معلم» است.","ترنم همدلی","original","1405"
"دوازدهم","عمومی","عربی","عربی","واژگان","واژه‌های پرکاربرد","معنا","متوسط","کدام گزینه معادل عربی «خانه» است؟","بَیت","مدرسه","کتاب","معلم","A","گزینه اول معادل عربی مناسب واژه «خانه» است.","ترنم همدلی","original","1405"
"دوازدهم","عمومی","عربی","عربی","واژگان","واژه‌های پرکاربرد","معنا","متوسط","کدام گزینه معادل عربی «قلم» است؟","قَلَم","کتاب","مدرسه","خانه","A","گزینه اول معادل عربی مناسب واژه «قلم» است.","ترنم همدلی","original","1405"
"دوازدهم","عمومی","عربی","عربی","واژگان","واژه‌های پرکاربرد","معنا","متوسط","کدام گزینه معادل عربی «دانش‌آموز» است؟","طالِب","معلم","کتاب","خانه","A","گزینه اول معادل عربی مناسب واژه «دانش‌آموز» است.","ترنم همدلی","original","1405"
"دوازدهم","عمومی","عربی","عربی","واژگان","واژه‌های پرکاربرد","معنا","آسان","کدام گزینه معادل عربی «صبح» است؟","صَباح","شب","روز","ماه","A","گزینه اول معادل عربی مناسب واژه «صبح» است.","ترنم همدلی","original","1405"
"دوازدهم","عمومی","عربی","عربی","واژگان","واژه‌های پرکاربرد","معنا","متوسط","کدام گزینه معادل عربی «شب» است؟","لَیل","صبح","سال","هفته","A","گزینه اول معادل عربی مناسب واژه «شب» است.","ترنم همدلی","original","1405"
"دوازدهم","عمومی","عربی","عربی","واژگان","واژه‌های پرکاربرد","معنا","متوسط","کدام گزینه معادل عربی «آب» است؟","ماء","نان","خانه","کتاب","A","گزینه اول معادل عربی مناسب واژه «آب» است.","ترنم همدلی","original","1405"
"دوازدهم","عمومی","عربی","عربی","واژگان","واژه‌های پرکاربرد","معنا","متوسط","کدام گزینه معادل عربی «نان» است؟","خُبز","آب","مدرسه","قلم","A","گزینه اول معادل عربی مناسب واژه «نان» است.","ترنم همدلی","original","1405"
"دوازدهم","عمومی","عربی","عربی","واژگان","واژه‌های پرکاربرد","معنا","آسان","اگر واژه فارسی «کتاب» را ببینیم، معادل عربی مناسب کدام است؟","کِتاب","مدرسه","معلم","خانه","A","گزینه اول معادل عربی مناسب واژه «کتاب» است.","ترنم همدلی","original","1405"
"دوازدهم","عمومی","عربی","عربی","واژگان","واژه‌های پرکاربرد","معنا","متوسط","اگر واژه فارسی «مدرسه» را ببینیم، معادل عربی مناسب کدام است؟","مَدرَسَة","کتاب","دانش‌آموز","قلم","A","گزینه اول معادل عربی مناسب واژه «مدرسه» است.","ترنم همدلی","original","1405"
"دوازدهم","عمومی","عربی","عربی","واژگان","واژه‌های پرکاربرد","معنا","متوسط","اگر واژه فارسی «معلم» را ببینیم، معادل عربی مناسب کدام است؟","مُعَلِّم","کتاب","مدرسه","خانه","A","گزینه اول معادل عربی مناسب واژه «معلم» است.","ترنم همدلی","original","1405"
"دوازدهم","عمومی","عربی","عربی","واژگان","واژه‌های پرکاربرد","معنا","متوسط","اگر واژه فارسی «خانه» را ببینیم، معادل عربی مناسب کدام است؟","بَیت","مدرسه","کتاب","معلم","A","گزینه اول معادل عربی مناسب واژه «خانه» است.","ترنم همدلی","original","1405"
"دوازدهم","عمومی","عربی","عربی","واژگان","واژه‌های پرکاربرد","معنا","آسان","اگر واژه فارسی «قلم» را ببینیم، معادل عربی مناسب کدام است؟","قَلَم","کتاب","مدرسه","خانه","A","گزینه اول معادل عربی مناسب واژه «قلم» است.","ترنم همدلی","original","1405"
"دوازدهم","عمومی","عربی","عربی","واژگان","واژه‌های پرکاربرد","معنا","متوسط","اگر واژه فارسی «دانش‌آموز» را ببینیم، معادل عربی مناسب کدام است؟","طالِب","معلم","کتاب","خانه","A","گزینه اول معادل عربی مناسب واژه «دانش‌آموز» است.","ترنم همدلی","original","1405"
"دوازدهم","عمومی","عربی","عربی","واژگان","واژه‌های پرکاربرد","معنا","متوسط","اگر واژه فارسی «صبح» را ببینیم، معادل عربی مناسب کدام است؟","صَباح","شب","روز","ماه","A","گزینه اول معادل عربی مناسب واژه «صبح» است.","ترنم همدلی","original","1405"
"دوازدهم","عمومی","عربی","عربی","واژگان","واژه‌های پرکاربرد","معنا","متوسط","اگر واژه فارسی «شب» را ببینیم، معادل عربی مناسب کدام است؟","لَیل","صبح","سال","هفته","A","گزینه اول معادل عربی مناسب واژه «شب» است.","ترنم همدلی","original","1405"
"دوازدهم","عمومی","عربی","عربی","واژگان","واژه‌های پرکاربرد","معنا","آسان","اگر واژه فارسی «آب» را ببینیم، معادل عربی مناسب کدام است؟","ماء","نان","خانه","کتاب","A","گزینه اول معادل عربی مناسب واژه «آب» است.","ترنم همدلی","original","1405"
"دوازدهم","عمومی","عربی","عربی","واژگان","واژه‌های پرکاربرد","معنا","متوسط","اگر واژه فارسی «نان» را ببینیم، معادل عربی مناسب کدام است؟","خُبز","آب","مدرسه","قلم","A","گزینه اول معادل عربی مناسب واژه «نان» است.","ترنم همدلی","original","1405"
"دوازدهم","عمومی","زبان انگلیسی","زبان انگلیسی","Vocabulary","واژگان پرکاربرد","معنا","آسان","معنی واژه ""book"" کدام است؟","کتاب","مدرسه","معلم","خانه","A","گزینه اول معنی فارسی مناسب ""book"" است.","ترنم همدلی","original","1405"
"دوازدهم","عمومی","زبان انگلیسی","زبان انگلیسی","Vocabulary","واژگان پرکاربرد","معنا","متوسط","معنی واژه ""school"" کدام است؟","مدرسه","کتاب","خانه","معلم","A","گزینه اول معنی فارسی مناسب ""school"" است.","ترنم همدلی","original","1405"
"دوازدهم","عمومی","زبان انگلیسی","زبان انگلیسی","Vocabulary","واژگان پرکاربرد","معنا","متوسط","معنی واژه ""teacher"" کدام است؟","معلم","دانش‌آموز","کتاب","مدرسه","A","گزینه اول معنی فارسی مناسب ""teacher"" است.","ترنم همدلی","original","1405"
"دوازدهم","عمومی","زبان انگلیسی","زبان انگلیسی","Vocabulary","واژگان پرکاربرد","معنا","متوسط","معنی واژه ""house"" کدام است؟","خانه","مدرسه","کتاب","معلم","A","گزینه اول معنی فارسی مناسب ""house"" است.","ترنم همدلی","original","1405"
"دوازدهم","عمومی","زبان انگلیسی","زبان انگلیسی","Vocabulary","واژگان پرکاربرد","معنا","آسان","معنی واژه ""student"" کدام است؟","دانش‌آموز","معلم","مدرسه","کتاب","A","گزینه اول معنی فارسی مناسب ""student"" است.","ترنم همدلی","original","1405"
"دوازدهم","عمومی","زبان انگلیسی","زبان انگلیسی","Vocabulary","واژگان پرکاربرد","معنا","متوسط","معنی واژه ""water"" کدام است؟","آب","نان","خانه","کتاب","A","گزینه اول معنی فارسی مناسب ""water"" است.","ترنم همدلی","original","1405"
"دوازدهم","عمومی","زبان انگلیسی","زبان انگلیسی","Vocabulary","واژگان پرکاربرد","معنا","متوسط","معنی واژه ""morning"" کدام است؟","صبح","شب","روز","ماه","A","گزینه اول معنی فارسی مناسب ""morning"" است.","ترنم همدلی","original","1405"
"دوازدهم","عمومی","زبان انگلیسی","زبان انگلیسی","Vocabulary","واژگان پرکاربرد","معنا","متوسط","معنی واژه ""night"" کدام است؟","شب","صبح","سال","هفته","A","گزینه اول معنی فارسی مناسب ""night"" است.","ترنم همدلی","original","1405"
"دوازدهم","عمومی","زبان انگلیسی","زبان انگلیسی","Vocabulary","واژگان پرکاربرد","معنا","آسان","معنی واژه ""bread"" کدام است؟","نان","آب","کتاب","مدرسه","A","گزینه اول معنی فارسی مناسب ""bread"" است.","ترنم همدلی","original","1405"
"دوازدهم","عمومی","زبان انگلیسی","زبان انگلیسی","Vocabulary","واژگان پرکاربرد","معنا","متوسط","معنی واژه ""pen"" کدام است؟","قلم","کتاب","خانه","معلم","A","گزینه اول معنی فارسی مناسب ""pen"" است.","ترنم همدلی","original","1405"
"دوازدهم","عمومی","زبان انگلیسی","زبان انگلیسی","Vocabulary","واژگان پرکاربرد","معنا","متوسط","کدام گزینه ترجمه مناسب ""book"" است؟","کتاب","مدرسه","معلم","خانه","A","گزینه اول معنی فارسی مناسب ""book"" است.","ترنم همدلی","original","1405"
"دوازدهم","عمومی","زبان انگلیسی","زبان انگلیسی","Vocabulary","واژگان پرکاربرد","معنا","متوسط","کدام گزینه ترجمه مناسب ""school"" است؟","مدرسه","کتاب","خانه","معلم","A","گزینه اول معنی فارسی مناسب ""school"" است.","ترنم همدلی","original","1405"
"دوازدهم","عمومی","زبان انگلیسی","زبان انگلیسی","Vocabulary","واژگان پرکاربرد","معنا","آسان","کدام گزینه ترجمه مناسب ""teacher"" است؟","معلم","دانش‌آموز","کتاب","مدرسه","A","گزینه اول معنی فارسی مناسب ""teacher"" است.","ترنم همدلی","original","1405"
"دوازدهم","عمومی","زبان انگلیسی","زبان انگلیسی","Vocabulary","واژگان پرکاربرد","معنا","متوسط","کدام گزینه ترجمه مناسب ""house"" است؟","خانه","مدرسه","کتاب","معلم","A","گزینه اول معنی فارسی مناسب ""house"" است.","ترنم همدلی","original","1405"
"دوازدهم","عمومی","زبان انگلیسی","زبان انگلیسی","Vocabulary","واژگان پرکاربرد","معنا","متوسط","کدام گزینه ترجمه مناسب ""student"" است؟","دانش‌آموز","معلم","مدرسه","کتاب","A","گزینه اول معنی فارسی مناسب ""student"" است.","ترنم همدلی","original","1405"
"دوازدهم","عمومی","زبان انگلیسی","زبان انگلیسی","Vocabulary","واژگان پرکاربرد","معنا","متوسط","کدام گزینه ترجمه مناسب ""water"" است؟","آب","نان","خانه","کتاب","A","گزینه اول معنی فارسی مناسب ""water"" است.","ترنم همدلی","original","1405"
"دوازدهم","عمومی","زبان انگلیسی","زبان انگلیسی","Vocabulary","واژگان پرکاربرد","معنا","آسان","کدام گزینه ترجمه مناسب ""morning"" است؟","صبح","شب","روز","ماه","A","گزینه اول معنی فارسی مناسب ""morning"" است.","ترنم همدلی","original","1405"
"دوازدهم","عمومی","زبان انگلیسی","زبان انگلیسی","Vocabulary","واژگان پرکاربرد","معنا","متوسط","کدام گزینه ترجمه مناسب ""night"" است؟","شب","صبح","سال","هفته","A","گزینه اول معنی فارسی مناسب ""night"" است.","ترنم همدلی","original","1405"
"دوازدهم","عمومی","زبان انگلیسی","زبان انگلیسی","Vocabulary","واژگان پرکاربرد","معنا","متوسط","کدام گزینه ترجمه مناسب ""bread"" است؟","نان","آب","کتاب","مدرسه","A","گزینه اول معنی فارسی مناسب ""bread"" است.","ترنم همدلی","original","1405"
"دوازدهم","عمومی","زبان انگلیسی","زبان انگلیسی","Vocabulary","واژگان پرکاربرد","معنا","متوسط","کدام گزینه ترجمه مناسب ""pen"" است؟","قلم","کتاب","خانه","معلم","A","گزینه اول معنی فارسی مناسب ""pen"" است.","ترنم همدلی","original","1405"
"دوازدهم","عمومی","زبان انگلیسی","زبان انگلیسی","Vocabulary","واژگان پرکاربرد","معنا","آسان","اگر واژه ""book"" را در متن ببینیم، معنی آن چیست؟","کتاب","مدرسه","معلم","خانه","A","گزینه اول معنی فارسی مناسب ""book"" است.","ترنم همدلی","original","1405"
"دوازدهم","عمومی","زبان انگلیسی","زبان انگلیسی","Vocabulary","واژگان پرکاربرد","معنا","متوسط","اگر واژه ""school"" را در متن ببینیم، معنی آن چیست؟","مدرسه","کتاب","خانه","معلم","A","گزینه اول معنی فارسی مناسب ""school"" است.","ترنم همدلی","original","1405"
"دوازدهم","عمومی","زبان انگلیسی","زبان انگلیسی","Vocabulary","واژگان پرکاربرد","معنا","متوسط","اگر واژه ""teacher"" را در متن ببینیم، معنی آن چیست؟","معلم","دانش‌آموز","کتاب","مدرسه","A","گزینه اول معنی فارسی مناسب ""teacher"" است.","ترنم همدلی","original","1405"
"دوازدهم","عمومی","زبان انگلیسی","زبان انگلیسی","Vocabulary","واژگان پرکاربرد","معنا","متوسط","اگر واژه ""house"" را در متن ببینیم، معنی آن چیست؟","خانه","مدرسه","کتاب","معلم","A","گزینه اول معنی فارسی مناسب ""house"" است.","ترنم همدلی","original","1405"
"دوازدهم","عمومی","زبان انگلیسی","زبان انگلیسی","Vocabulary","واژگان پرکاربرد","معنا","آسان","اگر واژه ""student"" را در متن ببینیم، معنی آن چیست؟","دانش‌آموز","معلم","مدرسه","کتاب","A","گزینه اول معنی فارسی مناسب ""student"" است.","ترنم همدلی","original","1405"
"دوازدهم","عمومی","زبان انگلیسی","زبان انگلیسی","Vocabulary","واژگان پرکاربرد","معنا","متوسط","اگر واژه ""water"" را در متن ببینیم، معنی آن چیست؟","آب","نان","خانه","کتاب","A","گزینه اول معنی فارسی مناسب ""water"" است.","ترنم همدلی","original","1405"
"دوازدهم","عمومی","زبان انگلیسی","زبان انگلیسی","Vocabulary","واژگان پرکاربرد","معنا","متوسط","اگر واژه ""morning"" را در متن ببینیم، معنی آن چیست؟","صبح","شب","روز","ماه","A","گزینه اول معنی فارسی مناسب ""morning"" است.","ترنم همدلی","original","1405"
"دوازدهم","عمومی","زبان انگلیسی","زبان انگلیسی","Vocabulary","واژگان پرکاربرد","معنا","متوسط","اگر واژه ""night"" را در متن ببینیم، معنی آن چیست؟","شب","صبح","سال","هفته","A","گزینه اول معنی فارسی مناسب ""night"" است.","ترنم همدلی","original","1405"
"دوازدهم","عمومی","زبان انگلیسی","زبان انگلیسی","Vocabulary","واژگان پرکاربرد","معنا","آسان","اگر واژه ""bread"" را در متن ببینیم، معنی آن چیست؟","نان","آب","کتاب","مدرسه","A","گزینه اول معنی فارسی مناسب ""bread"" است.","ترنم همدلی","original","1405"
"دوازدهم","عمومی","زبان انگلیسی","زبان انگلیسی","Vocabulary","واژگان پرکاربرد","معنا","متوسط","اگر واژه ""pen"" را در متن ببینیم، معنی آن چیست؟","قلم","کتاب","خانه","معلم","A","گزینه اول معنی فارسی مناسب ""pen"" است.","ترنم همدلی","original","1405"
