grade,track,subject,book,chapter,topic,subtopic,difficulty,question,option_a,option_b,option_c,option_d,correct_option,explanation,source,source_type,source_year
یازدهم,تجربی,فارسی,فارسی,بخش 1,واژگان,,متوسط,"در سؤال زیر، گزینه درست را انتخاب کنید:
واژه «فرهیخته» به کدام معنا نزدیک‌تر است؟",دانشمند,بی‌تجربه,کم‌حوصله,بی‌تفاوت,A,فرهیخته به فرد دانش‌آموخته و اهل فرهنگ گفته می‌شود. سؤال بازطراحی‌شده برای تنوع بیشتر آزمون.,ترنم همدلی,original,1405
یازدهم,تجربی,فارسی,فارسی,بخش 1,واژگان,,متوسط,"کدام گزینه پاسخ صحیح این پرسش است؟
واژه «فرهیخته» به کدام معنا نزدیک‌تر است؟",بی‌تجربه,کم‌حوصله,بی‌تفاوت,دانشمند,D,فرهیخته به فرد دانش‌آموخته و اهل فرهنگ گفته می‌شود. سؤال بازطراحی‌شده برای تنوع بیشتر آزمون.,ترنم همدلی,original,1405
یازدهم,تجربی,فارسی,فارسی,بخش 1,واژگان,,متوسط,"با دقت به پرسش زیر، گزینه درست را مشخص کنید:
واژه «فرهیخته» به کدام معنا نزدیک‌تر است؟",کم‌حوصله,بی‌تفاوت,دانشمند,بی‌تجربه,C,فرهیخته به فرد دانش‌آموخته و اهل فرهنگ گفته می‌شود. سؤال بازطراحی‌شده برای تنوع بیشتر آزمون.,ترنم همدلی,original,1405
یازدهم,تجربی,فارسی,فارسی,بخش 1,واژگان,,متوسط,"کدام گزینه با صورت سؤال زیر سازگار است؟
واژه «فرهیخته» به کدام معنا نزدیک‌تر است؟",بی‌تفاوت,دانشمند,بی‌تجربه,کم‌حوصله,B,فرهیخته به فرد دانش‌آموخته و اهل فرهنگ گفته می‌شود. سؤال بازطراحی‌شده برای تنوع بیشتر آزمون.,ترنم همدلی,original,1405
یازدهم,تجربی,فارسی,فارسی,بخش 1,واژگان,,متوسط,"پاسخ صحیح پرسش زیر کدام است؟
واژه «فرهیخته» به کدام معنا نزدیک‌تر است؟",دانشمند,بی‌تجربه,کم‌حوصله,بی‌تفاوت,A,فرهیخته به فرد دانش‌آموخته و اهل فرهنگ گفته می‌شود. سؤال بازطراحی‌شده برای تنوع بیشتر آزمون.,ترنم همدلی,original,1405
یازدهم,تجربی,فارسی,فارسی,بخش 1,واژگان,,متوسط,"در میان گزینه‌های زیر، پاسخ درست را پیدا کنید:
واژه «فرهیخته» به کدام معنا نزدیک‌تر است؟",بی‌تجربه,کم‌حوصله,بی‌تفاوت,دانشمند,D,فرهیخته به فرد دانش‌آموخته و اهل فرهنگ گفته می‌شود. سؤال بازطراحی‌شده برای تنوع بیشتر آزمون.,ترنم همدلی,original,1405
یازدهم,تجربی,فارسی,فارسی,بخش 1,واژگان,,متوسط,"کدام گزینه با محتوای سؤال زیر هماهنگ است؟
واژه «فرهیخته» به کدام معنا نزدیک‌تر است؟",کم‌حوصله,بی‌تفاوت,دانشمند,بی‌تجربه,C,فرهیخته به فرد دانش‌آموخته و اهل فرهنگ گفته می‌شود. سؤال بازطراحی‌شده برای تنوع بیشتر آزمون.,ترنم همدلی,original,1405
یازدهم,تجربی,فارسی,فارسی,بخش 1,واژگان,,متوسط,"با توجه به پرسش زیر، گزینه صحیح را انتخاب کنید:
واژه «فرهیخته» به کدام معنا نزدیک‌تر است؟",بی‌تفاوت,دانشمند,بی‌تجربه,کم‌حوصله,B,فرهیخته به فرد دانش‌آموخته و اهل فرهنگ گفته می‌شود. سؤال بازطراحی‌شده برای تنوع بیشتر آزمون.,ترنم همدلی,original,1405
یازدهم,تجربی,فارسی,فارسی,بخش 1,واژگان,,متوسط,"کدام گزینه از نظر محتوایی درست است؟
واژه «فرهیخته» به کدام معنا نزدیک‌تر است؟",دانشمند,بی‌تجربه,کم‌حوصله,بی‌تفاوت,A,فرهیخته به فرد دانش‌آموخته و اهل فرهنگ گفته می‌شود. سؤال بازطراحی‌شده برای تنوع بیشتر آزمون.,ترنم همدلی,original,1405
یازدهم,تجربی,فارسی,فارسی,بخش 1,واژگان,,متوسط,"گزینه درست برای پرسش زیر را مشخص کنید:
واژه «فرهیخته» به کدام معنا نزدیک‌تر است؟",بی‌تجربه,کم‌حوصله,بی‌تفاوت,دانشمند,D,فرهیخته به فرد دانش‌آموخته و اهل فرهنگ گفته می‌شود. سؤال بازطراحی‌شده برای تنوع بیشتر آزمون.,ترنم همدلی,original,1405
یازدهم,تجربی,فارسی,فارسی,بخش 2,آرایه,,متوسط,"در سؤال زیر، گزینه درست را انتخاب کنید:
در «قد سرو» کدام آرایه دیده می‌شود؟",تشبیه,تضاد,جناس,سجع,A,قد به سرو مانند شده است. سؤال بازطراحی‌شده برای تنوع بیشتر آزمون.,ترنم همدلی,original,1405
یازدهم,تجربی,فارسی,فارسی,بخش 2,آرایه,,متوسط,"کدام گزینه پاسخ صحیح این پرسش است؟
در «قد سرو» کدام آرایه دیده می‌شود؟",تضاد,جناس,سجع,تشبیه,D,قد به سرو مانند شده است. سؤال بازطراحی‌شده برای تنوع بیشتر آزمون.,ترنم همدلی,original,1405
یازدهم,تجربی,فارسی,فارسی,بخش 2,آرایه,,متوسط,"با دقت به پرسش زیر، گزینه درست را مشخص کنید:
در «قد سرو» کدام آرایه دیده می‌شود؟",جناس,سجع,تشبیه,تضاد,C,قد به سرو مانند شده است. سؤال بازطراحی‌شده برای تنوع بیشتر آزمون.,ترنم همدلی,original,1405
یازدهم,تجربی,فارسی,فارسی,بخش 2,آرایه,,متوسط,"کدام گزینه با صورت سؤال زیر سازگار است؟
در «قد سرو» کدام آرایه دیده می‌شود؟",سجع,تشبیه,تضاد,جناس,B,قد به سرو مانند شده است. سؤال بازطراحی‌شده برای تنوع بیشتر آزمون.,ترنم همدلی,original,1405
یازدهم,تجربی,فارسی,فارسی,بخش 2,آرایه,,متوسط,"پاسخ صحیح پرسش زیر کدام است؟
در «قد سرو» کدام آرایه دیده می‌شود؟",تشبیه,تضاد,جناس,سجع,A,قد به سرو مانند شده است. سؤال بازطراحی‌شده برای تنوع بیشتر آزمون.,ترنم همدلی,original,1405
یازدهم,تجربی,فارسی,فارسی,بخش 2,آرایه,,متوسط,"در میان گزینه‌های زیر، پاسخ درست را پیدا کنید:
در «قد سرو» کدام آرایه دیده می‌شود؟",تضاد,جناس,سجع,تشبیه,D,قد به سرو مانند شده است. سؤال بازطراحی‌شده برای تنوع بیشتر آزمون.,ترنم همدلی,original,1405
یازدهم,تجربی,فارسی,فارسی,بخش 2,آرایه,,متوسط,"کدام گزینه با محتوای سؤال زیر هماهنگ است؟
در «قد سرو» کدام آرایه دیده می‌شود؟",جناس,سجع,تشبیه,تضاد,C,قد به سرو مانند شده است. سؤال بازطراحی‌شده برای تنوع بیشتر آزمون.,ترنم همدلی,original,1405
یازدهم,تجربی,فارسی,فارسی,بخش 2,آرایه,,متوسط,"با توجه به پرسش زیر، گزینه صحیح را انتخاب کنید:
در «قد سرو» کدام آرایه دیده می‌شود؟",سجع,تشبیه,تضاد,جناس,B,قد به سرو مانند شده است. سؤال بازطراحی‌شده برای تنوع بیشتر آزمون.,ترنم همدلی,original,1405
یازدهم,تجربی,فارسی,فارسی,بخش 2,آرایه,,متوسط,"کدام گزینه از نظر محتوایی درست است؟
در «قد سرو» کدام آرایه دیده می‌شود؟",تشبیه,تضاد,جناس,سجع,A,قد به سرو مانند شده است. سؤال بازطراحی‌شده برای تنوع بیشتر آزمون.,ترنم همدلی,original,1405
یازدهم,تجربی,فارسی,فارسی,بخش 2,آرایه,,متوسط,"گزینه درست برای پرسش زیر را مشخص کنید:
در «قد سرو» کدام آرایه دیده می‌شود؟",تضاد,جناس,سجع,تشبیه,D,قد به سرو مانند شده است. سؤال بازطراحی‌شده برای تنوع بیشتر آزمون.,ترنم همدلی,original,1405
یازدهم,تجربی,فارسی,فارسی,بخش 3,دستور,,متوسط,"در سؤال زیر، گزینه درست را انتخاب کنید:
در «دانش‌آموزان درس را خواندند» نهاد کدام است؟",درس,دانش‌آموزان,را,خواندند,B,انجام‌دهنده فعل نهاد است. سؤال بازطراحی‌شده برای تنوع بیشتر آزمون.,ترنم همدلی,original,1405
یازدهم,تجربی,فارسی,فارسی,بخش 3,دستور,,متوسط,"کدام گزینه پاسخ صحیح این پرسش است؟
در «دانش‌آموزان درس را خواندند» نهاد کدام است؟",دانش‌آموزان,را,خواندند,درس,A,انجام‌دهنده فعل نهاد است. سؤال بازطراحی‌شده برای تنوع بیشتر آزمون.,ترنم همدلی,original,1405
یازدهم,تجربی,فارسی,فارسی,بخش 3,دستور,,متوسط,"با دقت به پرسش زیر، گزینه درست را مشخص کنید:
در «دانش‌آموزان درس را خواندند» نهاد کدام است؟",را,خواندند,درس,دانش‌آموزان,D,انجام‌دهنده فعل نهاد است. سؤال بازطراحی‌شده برای تنوع بیشتر آزمون.,ترنم همدلی,original,1405
یازدهم,تجربی,فارسی,فارسی,بخش 3,دستور,,متوسط,"کدام گزینه با صورت سؤال زیر سازگار است؟
در «دانش‌آموزان درس را خواندند» نهاد کدام است؟",خواندند,درس,دانش‌آموزان,را,C,انجام‌دهنده فعل نهاد است. سؤال بازطراحی‌شده برای تنوع بیشتر آزمون.,ترنم همدلی,original,1405
یازدهم,تجربی,فارسی,فارسی,بخش 3,دستور,,متوسط,"پاسخ صحیح پرسش زیر کدام است؟
در «دانش‌آموزان درس را خواندند» نهاد کدام است؟",درس,دانش‌آموزان,را,خواندند,B,انجام‌دهنده فعل نهاد است. سؤال بازطراحی‌شده برای تنوع بیشتر آزمون.,ترنم همدلی,original,1405
یازدهم,تجربی,فارسی,فارسی,بخش 3,دستور,,متوسط,"در میان گزینه‌های زیر، پاسخ درست را پیدا کنید:
در «دانش‌آموزان درس را خواندند» نهاد کدام است؟",دانش‌آموزان,را,خواندند,درس,A,انجام‌دهنده فعل نهاد است. سؤال بازطراحی‌شده برای تنوع بیشتر آزمون.,ترنم همدلی,original,1405
یازدهم,تجربی,فارسی,فارسی,بخش 3,دستور,,متوسط,"کدام گزینه با محتوای سؤال زیر هماهنگ است؟
در «دانش‌آموزان درس را خواندند» نهاد کدام است؟",را,خواندند,درس,دانش‌آموزان,D,انجام‌دهنده فعل نهاد است. سؤال بازطراحی‌شده برای تنوع بیشتر آزمون.,ترنم همدلی,original,1405
یازدهم,تجربی,فارسی,فارسی,بخش 3,دستور,,متوسط,"با توجه به پرسش زیر، گزینه صحیح را انتخاب کنید:
در «دانش‌آموزان درس را خواندند» نهاد کدام است؟",خواندند,درس,دانش‌آموزان,را,C,انجام‌دهنده فعل نهاد است. سؤال بازطراحی‌شده برای تنوع بیشتر آزمون.,ترنم همدلی,original,1405
یازدهم,تجربی,فارسی,فارسی,بخش 3,دستور,,متوسط,"کدام گزینه از نظر محتوایی درست است؟
در «دانش‌آموزان درس را خواندند» نهاد کدام است؟",درس,دانش‌آموزان,را,خواندند,B,انجام‌دهنده فعل نهاد است. سؤال بازطراحی‌شده برای تنوع بیشتر آزمون.,ترنم همدلی,original,1405
یازدهم,تجربی,فارسی,فارسی,بخش 3,دستور,,متوسط,"گزینه درست برای پرسش زیر را مشخص کنید:
در «دانش‌آموزان درس را خواندند» نهاد کدام است؟",دانش‌آموزان,را,خواندند,درس,A,انجام‌دهنده فعل نهاد است. سؤال بازطراحی‌شده برای تنوع بیشتر آزمون.,ترنم همدلی,original,1405
یازدهم,تجربی,فارسی,فارسی,بخش 4,املاء,,متوسط,"در سؤال زیر، گزینه درست را انتخاب کنید:
کدام واژه درست است؟",تأثیر,تاثیر,تأثیرر,تاثیر,A,املای معیار «تأثیر» است. سؤال بازطراحی‌شده برای تنوع بیشتر آزمون.,ترنم همدلی,original,1405
یازدهم,تجربی,فارسی,فارسی,بخش 4,املاء,,متوسط,"کدام گزینه پاسخ صحیح این پرسش است؟
کدام واژه درست است؟",تاثیر,تأثیرر,تاثیر,تأثیر,D,املای معیار «تأثیر» است. سؤال بازطراحی‌شده برای تنوع بیشتر آزمون.,ترنم همدلی,original,1405
یازدهم,تجربی,فارسی,فارسی,بخش 4,املاء,,متوسط,"با دقت به پرسش زیر، گزینه درست را مشخص کنید:
کدام واژه درست است؟",تأثیرر,تاثیر,تأثیر,تاثیر,C,املای معیار «تأثیر» است. سؤال بازطراحی‌شده برای تنوع بیشتر آزمون.,ترنم همدلی,original,1405
یازدهم,تجربی,فارسی,فارسی,بخش 4,املاء,,متوسط,"کدام گزینه با صورت سؤال زیر سازگار است؟
کدام واژه درست است؟",تاثیر,تأثیر,تاثیر,تأثیرر,B,املای معیار «تأثیر» است. سؤال بازطراحی‌شده برای تنوع بیشتر آزمون.,ترنم همدلی,original,1405
یازدهم,تجربی,فارسی,فارسی,بخش 4,املاء,,متوسط,"پاسخ صحیح پرسش زیر کدام است؟
کدام واژه درست است؟",تأثیر,تاثیر,تأثیرر,تاثیر,A,املای معیار «تأثیر» است. سؤال بازطراحی‌شده برای تنوع بیشتر آزمون.,ترنم همدلی,original,1405
یازدهم,تجربی,فارسی,فارسی,بخش 4,املاء,,متوسط,"در میان گزینه‌های زیر، پاسخ درست را پیدا کنید:
کدام واژه درست است؟",تاثیر,تأثیرر,تاثیر,تأثیر,D,املای معیار «تأثیر» است. سؤال بازطراحی‌شده برای تنوع بیشتر آزمون.,ترنم همدلی,original,1405
یازدهم,تجربی,فارسی,فارسی,بخش 4,املاء,,متوسط,"کدام گزینه با محتوای سؤال زیر هماهنگ است؟
کدام واژه درست است؟",تأثیرر,تاثیر,تأثیر,تاثیر,C,املای معیار «تأثیر» است. سؤال بازطراحی‌شده برای تنوع بیشتر آزمون.,ترنم همدلی,original,1405
یازدهم,تجربی,فارسی,فارسی,بخش 4,املاء,,متوسط,"با توجه به پرسش زیر، گزینه صحیح را انتخاب کنید:
کدام واژه درست است؟",تاثیر,تأثیر,تاثیر,تأثیرر,B,املای معیار «تأثیر» است. سؤال بازطراحی‌شده برای تنوع بیشتر آزمون.,ترنم همدلی,original,1405
یازدهم,تجربی,فارسی,فارسی,بخش 4,املاء,,متوسط,"کدام گزینه از نظر محتوایی درست است؟
کدام واژه درست است؟",تأثیر,تاثیر,تأثیرر,تاثیر,A,املای معیار «تأثیر» است. سؤال بازطراحی‌شده برای تنوع بیشتر آزمون.,ترنم همدلی,original,1405
یازدهم,تجربی,فارسی,فارسی,بخش 4,املاء,,متوسط,"گزینه درست برای پرسش زیر را مشخص کنید:
کدام واژه درست است؟",تاثیر,تأثیرر,تاثیر,تأثیر,D,املای معیار «تأثیر» است. سؤال بازطراحی‌شده برای تنوع بیشتر آزمون.,ترنم همدلی,original,1405
یازدهم,تجربی,فارسی,فارسی,بخش 5,قرابت,,متوسط,"در سؤال زیر، گزینه درست را انتخاب کنید:
کدام مفهوم به ارزش دانش نزدیک‌تر است؟",دانایی عامل رشد است,ثروت همیشه کافی است,تلاش بی‌فایده است,یادگیری بی‌ارزش است,A,مفهوم بر اهمیت دانش تأکید دارد. سؤال بازطراحی‌شده برای تنوع بیشتر آزمون.,ترنم همدلی,original,1405
یازدهم,تجربی,فارسی,فارسی,بخش 5,قرابت,,متوسط,"کدام گزینه پاسخ صحیح این پرسش است؟
کدام مفهوم به ارزش دانش نزدیک‌تر است؟",ثروت همیشه کافی است,تلاش بی‌فایده است,یادگیری بی‌ارزش است,دانایی عامل رشد است,D,مفهوم بر اهمیت دانش تأکید دارد. سؤال بازطراحی‌شده برای تنوع بیشتر آزمون.,ترنم همدلی,original,1405
یازدهم,تجربی,فارسی,فارسی,بخش 5,قرابت,,متوسط,"با دقت به پرسش زیر، گزینه درست را مشخص کنید:
کدام مفهوم به ارزش دانش نزدیک‌تر است؟",تلاش بی‌فایده است,یادگیری بی‌ارزش است,دانایی عامل رشد است,ثروت همیشه کافی است,C,مفهوم بر اهمیت دانش تأکید دارد. سؤال بازطراحی‌شده برای تنوع بیشتر آزمون.,ترنم همدلی,original,1405
یازدهم,تجربی,فارسی,فارسی,بخش 5,قرابت,,متوسط,"کدام گزینه با صورت سؤال زیر سازگار است؟
کدام مفهوم به ارزش دانش نزدیک‌تر است؟",یادگیری بی‌ارزش است,دانایی عامل رشد است,ثروت همیشه کافی است,تلاش بی‌فایده است,B,مفهوم بر اهمیت دانش تأکید دارد. سؤال بازطراحی‌شده برای تنوع بیشتر آزمون.,ترنم همدلی,original,1405
یازدهم,تجربی,فارسی,فارسی,بخش 5,قرابت,,متوسط,"پاسخ صحیح پرسش زیر کدام است؟
کدام مفهوم به ارزش دانش نزدیک‌تر است؟",دانایی عامل رشد است,ثروت همیشه کافی است,تلاش بی‌فایده است,یادگیری بی‌ارزش است,A,مفهوم بر اهمیت دانش تأکید دارد. سؤال بازطراحی‌شده برای تنوع بیشتر آزمون.,ترنم همدلی,original,1405
یازدهم,تجربی,فارسی,فارسی,بخش 5,قرابت,,متوسط,"در میان گزینه‌های زیر، پاسخ درست را پیدا کنید:
کدام مفهوم به ارزش دانش نزدیک‌تر است؟",ثروت همیشه کافی است,تلاش بی‌فایده است,یادگیری بی‌ارزش است,دانایی عامل رشد است,D,مفهوم بر اهمیت دانش تأکید دارد. سؤال بازطراحی‌شده برای تنوع بیشتر آزمون.,ترنم همدلی,original,1405
یازدهم,تجربی,فارسی,فارسی,بخش 5,قرابت,,متوسط,"کدام گزینه با محتوای سؤال زیر هماهنگ است؟
کدام مفهوم به ارزش دانش نزدیک‌تر است؟",تلاش بی‌فایده است,یادگیری بی‌ارزش است,دانایی عامل رشد است,ثروت همیشه کافی است,C,مفهوم بر اهمیت دانش تأکید دارد. سؤال بازطراحی‌شده برای تنوع بیشتر آزمون.,ترنم همدلی,original,1405
یازدهم,تجربی,فارسی,فارسی,بخش 5,قرابت,,متوسط,"با توجه به پرسش زیر، گزینه صحیح را انتخاب کنید:
کدام مفهوم به ارزش دانش نزدیک‌تر است؟",یادگیری بی‌ارزش است,دانایی عامل رشد است,ثروت همیشه کافی است,تلاش بی‌فایده است,B,مفهوم بر اهمیت دانش تأکید دارد. سؤال بازطراحی‌شده برای تنوع بیشتر آزمون.,ترنم همدلی,original,1405
یازدهم,تجربی,فارسی,فارسی,بخش 5,قرابت,,متوسط,"کدام گزینه از نظر محتوایی درست است؟
کدام مفهوم به ارزش دانش نزدیک‌تر است؟",دانایی عامل رشد است,ثروت همیشه کافی است,تلاش بی‌فایده است,یادگیری بی‌ارزش است,A,مفهوم بر اهمیت دانش تأکید دارد. سؤال بازطراحی‌شده برای تنوع بیشتر آزمون.,ترنم همدلی,original,1405
یازدهم,تجربی,فارسی,فارسی,بخش 5,قرابت,,متوسط,"گزینه درست برای پرسش زیر را مشخص کنید:
کدام مفهوم به ارزش دانش نزدیک‌تر است؟",ثروت همیشه کافی است,تلاش بی‌فایده است,یادگیری بی‌ارزش است,دانایی عامل رشد است,D,مفهوم بر اهمیت دانش تأکید دارد. سؤال بازطراحی‌شده برای تنوع بیشتر آزمون.,ترنم همدلی,original,1405
یازدهم,تجربی,فارسی,فارسی,بخش 6,نگارش,,متوسط,"در سؤال زیر، گزینه درست را انتخاب کنید:
مقدمه خوب چه ویژگی دارد؟",ارتباط با موضوع,بی‌ربطی,تکرار نتیجه,حذف موضوع,A,مقدمه باید زمینه موضوع را فراهم کند. سؤال بازطراحی‌شده برای تنوع بیشتر آزمون.,ترنم همدلی,original,1405
یازدهم,تجربی,فارسی,فارسی,بخش 6,نگارش,,متوسط,"کدام گزینه پاسخ صحیح این پرسش است؟
مقدمه خوب چه ویژگی دارد؟",بی‌ربطی,تکرار نتیجه,حذف موضوع,ارتباط با موضوع,D,مقدمه باید زمینه موضوع را فراهم کند. سؤال بازطراحی‌شده برای تنوع بیشتر آزمون.,ترنم همدلی,original,1405
یازدهم,تجربی,فارسی,فارسی,بخش 6,نگارش,,متوسط,"با دقت به پرسش زیر، گزینه درست را مشخص کنید:
مقدمه خوب چه ویژگی دارد؟",تکرار نتیجه,حذف موضوع,ارتباط با موضوع,بی‌ربطی,C,مقدمه باید زمینه موضوع را فراهم کند. سؤال بازطراحی‌شده برای تنوع بیشتر آزمون.,ترنم همدلی,original,1405
یازدهم,تجربی,فارسی,فارسی,بخش 6,نگارش,,متوسط,"کدام گزینه با صورت سؤال زیر سازگار است؟
مقدمه خوب چه ویژگی دارد؟",حذف موضوع,ارتباط با موضوع,بی‌ربطی,تکرار نتیجه,B,مقدمه باید زمینه موضوع را فراهم کند. سؤال بازطراحی‌شده برای تنوع بیشتر آزمون.,ترنم همدلی,original,1405
یازدهم,تجربی,فارسی,فارسی,بخش 6,نگارش,,متوسط,"پاسخ صحیح پرسش زیر کدام است؟
مقدمه خوب چه ویژگی دارد؟",ارتباط با موضوع,بی‌ربطی,تکرار نتیجه,حذف موضوع,A,مقدمه باید زمینه موضوع را فراهم کند. سؤال بازطراحی‌شده برای تنوع بیشتر آزمون.,ترنم همدلی,original,1405
یازدهم,تجربی,فارسی,فارسی,بخش 6,نگارش,,متوسط,"در میان گزینه‌های زیر، پاسخ درست را پیدا کنید:
مقدمه خوب چه ویژگی دارد؟",بی‌ربطی,تکرار نتیجه,حذف موضوع,ارتباط با موضوع,D,مقدمه باید زمینه موضوع را فراهم کند. سؤال بازطراحی‌شده برای تنوع بیشتر آزمون.,ترنم همدلی,original,1405
یازدهم,تجربی,فارسی,فارسی,بخش 6,نگارش,,متوسط,"کدام گزینه با محتوای سؤال زیر هماهنگ است؟
مقدمه خوب چه ویژگی دارد؟",تکرار نتیجه,حذف موضوع,ارتباط با موضوع,بی‌ربطی,C,مقدمه باید زمینه موضوع را فراهم کند. سؤال بازطراحی‌شده برای تنوع بیشتر آزمون.,ترنم همدلی,original,1405
یازدهم,تجربی,فارسی,فارسی,بخش 6,نگارش,,متوسط,"با توجه به پرسش زیر، گزینه صحیح را انتخاب کنید:
مقدمه خوب چه ویژگی دارد؟",حذف موضوع,ارتباط با موضوع,بی‌ربطی,تکرار نتیجه,B,مقدمه باید زمینه موضوع را فراهم کند. سؤال بازطراحی‌شده برای تنوع بیشتر آزمون.,ترنم همدلی,original,1405
یازدهم,تجربی,فارسی,فارسی,بخش 6,نگارش,,متوسط,"کدام گزینه از نظر محتوایی درست است؟
مقدمه خوب چه ویژگی دارد؟",ارتباط با موضوع,بی‌ربطی,تکرار نتیجه,حذف موضوع,A,مقدمه باید زمینه موضوع را فراهم کند. سؤال بازطراحی‌شده برای تنوع بیشتر آزمون.,ترنم همدلی,original,1405
یازدهم,تجربی,فارسی,فارسی,بخش 6,نگارش,,متوسط,"گزینه درست برای پرسش زیر را مشخص کنید:
مقدمه خوب چه ویژگی دارد؟",بی‌ربطی,تکرار نتیجه,حذف موضوع,ارتباط با موضوع,D,مقدمه باید زمینه موضوع را فراهم کند. سؤال بازطراحی‌شده برای تنوع بیشتر آزمون.,ترنم همدلی,original,1405
یازدهم,تجربی,عربی,عربی,بخش 1,ترجمه,,متوسط,"در سؤال زیر، گزینه درست را انتخاب کنید:
معنی «الطلابُ مجتهدون» چیست؟",دانش‌آموزان کوشا هستند,دانش‌آموز کوشاست,معلمان کوشا هستند,دانش‌آموزان غایب‌اند,A,ترجمه جمله همین است. سؤال بازطراحی‌شده برای تنوع بیشتر آزمون.,ترنم همدلی,original,1405
یازدهم,تجربی,عربی,عربی,بخش 1,ترجمه,,متوسط,"کدام گزینه پاسخ صحیح این پرسش است؟
معنی «الطلابُ مجتهدون» چیست؟",دانش‌آموز کوشاست,معلمان کوشا هستند,دانش‌آموزان غایب‌اند,دانش‌آموزان کوشا هستند,D,ترجمه جمله همین است. سؤال بازطراحی‌شده برای تنوع بیشتر آزمون.,ترنم همدلی,original,1405
یازدهم,تجربی,عربی,عربی,بخش 1,ترجمه,,متوسط,"با دقت به پرسش زیر، گزینه درست را مشخص کنید:
معنی «الطلابُ مجتهدون» چیست؟",معلمان کوشا هستند,دانش‌آموزان غایب‌اند,دانش‌آموزان کوشا هستند,دانش‌آموز کوشاست,C,ترجمه جمله همین است. سؤال بازطراحی‌شده برای تنوع بیشتر آزمون.,ترنم همدلی,original,1405
یازدهم,تجربی,عربی,عربی,بخش 1,ترجمه,,متوسط,"کدام گزینه با صورت سؤال زیر سازگار است؟
معنی «الطلابُ مجتهدون» چیست؟",دانش‌آموزان غایب‌اند,دانش‌آموزان کوشا هستند,دانش‌آموز کوشاست,معلمان کوشا هستند,B,ترجمه جمله همین است. سؤال بازطراحی‌شده برای تنوع بیشتر آزمون.,ترنم همدلی,original,1405
یازدهم,تجربی,عربی,عربی,بخش 1,ترجمه,,متوسط,"پاسخ صحیح پرسش زیر کدام است؟
معنی «الطلابُ مجتهدون» چیست؟",دانش‌آموزان کوشا هستند,دانش‌آموز کوشاست,معلمان کوشا هستند,دانش‌آموزان غایب‌اند,A,ترجمه جمله همین است. سؤال بازطراحی‌شده برای تنوع بیشتر آزمون.,ترنم همدلی,original,1405
یازدهم,تجربی,عربی,عربی,بخش 1,ترجمه,,متوسط,"در میان گزینه‌های زیر، پاسخ درست را پیدا کنید:
معنی «الطلابُ مجتهدون» چیست؟",دانش‌آموز کوشاست,معلمان کوشا هستند,دانش‌آموزان غایب‌اند,دانش‌آموزان کوشا هستند,D,ترجمه جمله همین است. سؤال بازطراحی‌شده برای تنوع بیشتر آزمون.,ترنم همدلی,original,1405
یازدهم,تجربی,عربی,عربی,بخش 1,ترجمه,,متوسط,"کدام گزینه با محتوای سؤال زیر هماهنگ است؟
معنی «الطلابُ مجتهدون» چیست؟",معلمان کوشا هستند,دانش‌آموزان غایب‌اند,دانش‌آموزان کوشا هستند,دانش‌آموز کوشاست,C,ترجمه جمله همین است. سؤال بازطراحی‌شده برای تنوع بیشتر آزمون.,ترنم همدلی,original,1405
یازدهم,تجربی,عربی,عربی,بخش 1,ترجمه,,متوسط,"با توجه به پرسش زیر، گزینه صحیح را انتخاب کنید:
معنی «الطلابُ مجتهدون» چیست؟",دانش‌آموزان غایب‌اند,دانش‌آموزان کوشا هستند,دانش‌آموز کوشاست,معلمان کوشا هستند,B,ترجمه جمله همین است. سؤال بازطراحی‌شده برای تنوع بیشتر آزمون.,ترنم همدلی,original,1405
یازدهم,تجربی,عربی,عربی,بخش 1,ترجمه,,متوسط,"کدام گزینه از نظر محتوایی درست است؟
معنی «الطلابُ مجتهدون» چیست؟",دانش‌آموزان کوشا هستند,دانش‌آموز کوشاست,معلمان کوشا هستند,دانش‌آموزان غایب‌اند,A,ترجمه جمله همین است. سؤال بازطراحی‌شده برای تنوع بیشتر آزمون.,ترنم همدلی,original,1405
یازدهم,تجربی,عربی,عربی,بخش 1,ترجمه,,متوسط,"گزینه درست برای پرسش زیر را مشخص کنید:
معنی «الطلابُ مجتهدون» چیست؟",دانش‌آموز کوشاست,معلمان کوشا هستند,دانش‌آموزان غایب‌اند,دانش‌آموزان کوشا هستند,D,ترجمه جمله همین است. سؤال بازطراحی‌شده برای تنوع بیشتر آزمون.,ترنم همدلی,original,1405
یازدهم,تجربی,عربی,عربی,بخش 2,اسم فاعل,,متوسط,"در سؤال زیر، گزینه درست را انتخاب کنید:
اسم فاعل «کاتب» به چه معناست؟",نویسنده/نویسنده‌کننده,نوشته‌شده,کتاب,خوانده‌شده,A,کاتب اسم فاعل از کتب است. سؤال بازطراحی‌شده برای تنوع بیشتر آزمون.,ترنم همدلی,original,1405
یازدهم,تجربی,عربی,عربی,بخش 2,اسم فاعل,,متوسط,"کدام گزینه پاسخ صحیح این پرسش است؟
اسم فاعل «کاتب» به چه معناست؟",نوشته‌شده,کتاب,خوانده‌شده,نویسنده/نویسنده‌کننده,D,کاتب اسم فاعل از کتب است. سؤال بازطراحی‌شده برای تنوع بیشتر آزمون.,ترنم همدلی,original,1405
یازدهم,تجربی,عربی,عربی,بخش 2,اسم فاعل,,متوسط,"با دقت به پرسش زیر، گزینه درست را مشخص کنید:
اسم فاعل «کاتب» به چه معناست؟",کتاب,خوانده‌شده,نویسنده/نویسنده‌کننده,نوشته‌شده,C,کاتب اسم فاعل از کتب است. سؤال بازطراحی‌شده برای تنوع بیشتر آزمون.,ترنم همدلی,original,1405
یازدهم,تجربی,عربی,عربی,بخش 2,اسم فاعل,,متوسط,"کدام گزینه با صورت سؤال زیر سازگار است؟
اسم فاعل «کاتب» به چه معناست؟",خوانده‌شده,نویسنده/نویسنده‌کننده,نوشته‌شده,کتاب,B,کاتب اسم فاعل از کتب است. سؤال بازطراحی‌شده برای تنوع بیشتر آزمون.,ترنم همدلی,original,1405
یازدهم,تجربی,عربی,عربی,بخش 2,اسم فاعل,,متوسط,"پاسخ صحیح پرسش زیر کدام است؟
اسم فاعل «کاتب» به چه معناست؟",نویسنده/نویسنده‌کننده,نوشته‌شده,کتاب,خوانده‌شده,A,کاتب اسم فاعل از کتب است. سؤال بازطراحی‌شده برای تنوع بیشتر آزمون.,ترنم همدلی,original,1405
یازدهم,تجربی,عربی,عربی,بخش 2,اسم فاعل,,متوسط,"در میان گزینه‌های زیر، پاسخ درست را پیدا کنید:
اسم فاعل «کاتب» به چه معناست؟",نوشته‌شده,کتاب,خوانده‌شده,نویسنده/نویسنده‌کننده,D,کاتب اسم فاعل از کتب است. سؤال بازطراحی‌شده برای تنوع بیشتر آزمون.,ترنم همدلی,original,1405
یازدهم,تجربی,عربی,عربی,بخش 2,اسم فاعل,,متوسط,"کدام گزینه با محتوای سؤال زیر هماهنگ است؟
اسم فاعل «کاتب» به چه معناست؟",کتاب,خوانده‌شده,نویسنده/نویسنده‌کننده,نوشته‌شده,C,کاتب اسم فاعل از کتب است. سؤال بازطراحی‌شده برای تنوع بیشتر آزمون.,ترنم همدلی,original,1405
یازدهم,تجربی,عربی,عربی,بخش 2,اسم فاعل,,متوسط,"با توجه به پرسش زیر، گزینه صحیح را انتخاب کنید:
اسم فاعل «کاتب» به چه معناست؟",خوانده‌شده,نویسنده/نویسنده‌کننده,نوشته‌شده,کتاب,B,کاتب اسم فاعل از کتب است. سؤال بازطراحی‌شده برای تنوع بیشتر آزمون.,ترنم همدلی,original,1405
یازدهم,تجربی,عربی,عربی,بخش 2,اسم فاعل,,متوسط,"کدام گزینه از نظر محتوایی درست است؟
اسم فاعل «کاتب» به چه معناست؟",نویسنده/نویسنده‌کننده,نوشته‌شده,کتاب,خوانده‌شده,A,کاتب اسم فاعل از کتب است. سؤال بازطراحی‌شده برای تنوع بیشتر آزمون.,ترنم همدلی,original,1405
یازدهم,تجربی,عربی,عربی,بخش 2,اسم فاعل,,متوسط,"گزینه درست برای پرسش زیر را مشخص کنید:
اسم فاعل «کاتب» به چه معناست؟",نوشته‌شده,کتاب,خوانده‌شده,نویسنده/نویسنده‌کننده,D,کاتب اسم فاعل از کتب است. سؤال بازطراحی‌شده برای تنوع بیشتر آزمون.,ترنم همدلی,original,1405
یازدهم,تجربی,عربی,عربی,بخش 3,فعل مضارع,,متوسط,"در سؤال زیر، گزینه درست را انتخاب کنید:
«یذهب» چه زمانی را نشان می‌دهد؟",مضارع,ماضی,امر,نهی,A,یذهب فعل مضارع است. سؤال بازطراحی‌شده برای تنوع بیشتر آزمون.,ترنم همدلی,original,1405
یازدهم,تجربی,عربی,عربی,بخش 3,فعل مضارع,,متوسط,"کدام گزینه پاسخ صحیح این پرسش است؟
«یذهب» چه زمانی را نشان می‌دهد؟",ماضی,امر,نهی,مضارع,D,یذهب فعل مضارع است. سؤال بازطراحی‌شده برای تنوع بیشتر آزمون.,ترنم همدلی,original,1405
یازدهم,تجربی,عربی,عربی,بخش 3,فعل مضارع,,متوسط,"با دقت به پرسش زیر، گزینه درست را مشخص کنید:
«یذهب» چه زمانی را نشان می‌دهد؟",امر,نهی,مضارع,ماضی,C,یذهب فعل مضارع است. سؤال بازطراحی‌شده برای تنوع بیشتر آزمون.,ترنم همدلی,original,1405
یازدهم,تجربی,عربی,عربی,بخش 3,فعل مضارع,,متوسط,"کدام گزینه با صورت سؤال زیر سازگار است؟
«یذهب» چه زمانی را نشان می‌دهد؟",نهی,مضارع,ماضی,امر,B,یذهب فعل مضارع است. سؤال بازطراحی‌شده برای تنوع بیشتر آزمون.,ترنم همدلی,original,1405
یازدهم,تجربی,عربی,عربی,بخش 3,فعل مضارع,,متوسط,"پاسخ صحیح پرسش زیر کدام است؟
«یذهب» چه زمانی را نشان می‌دهد؟",مضارع,ماضی,امر,نهی,A,یذهب فعل مضارع است. سؤال بازطراحی‌شده برای تنوع بیشتر آزمون.,ترنم همدلی,original,1405
یازدهم,تجربی,عربی,عربی,بخش 3,فعل مضارع,,متوسط,"در میان گزینه‌های زیر، پاسخ درست را پیدا کنید:
«یذهب» چه زمانی را نشان می‌دهد؟",ماضی,امر,نهی,مضارع,D,یذهب فعل مضارع است. سؤال بازطراحی‌شده برای تنوع بیشتر آزمون.,ترنم همدلی,original,1405
یازدهم,تجربی,عربی,عربی,بخش 3,فعل مضارع,,متوسط,"کدام گزینه با محتوای سؤال زیر هماهنگ است؟
«یذهب» چه زمانی را نشان می‌دهد؟",امر,نهی,مضارع,ماضی,C,یذهب فعل مضارع است. سؤال بازطراحی‌شده برای تنوع بیشتر آزمون.,ترنم همدلی,original,1405
یازدهم,تجربی,عربی,عربی,بخش 3,فعل مضارع,,متوسط,"با توجه به پرسش زیر، گزینه صحیح را انتخاب کنید:
«یذهب» چه زمانی را نشان می‌دهد؟",نهی,مضارع,ماضی,امر,B,یذهب فعل مضارع است. سؤال بازطراحی‌شده برای تنوع بیشتر آزمون.,ترنم همدلی,original,1405
یازدهم,تجربی,عربی,عربی,بخش 3,فعل مضارع,,متوسط,"کدام گزینه از نظر محتوایی درست است؟
«یذهب» چه زمانی را نشان می‌دهد؟",مضارع,ماضی,امر,نهی,A,یذهب فعل مضارع است. سؤال بازطراحی‌شده برای تنوع بیشتر آزمون.,ترنم همدلی,original,1405
یازدهم,تجربی,عربی,عربی,بخش 3,فعل مضارع,,متوسط,"گزینه درست برای پرسش زیر را مشخص کنید:
«یذهب» چه زمانی را نشان می‌دهد؟",ماضی,امر,نهی,مضارع,D,یذهب فعل مضارع است. سؤال بازطراحی‌شده برای تنوع بیشتر آزمون.,ترنم همدلی,original,1405
یازدهم,تجربی,عربی,عربی,بخش 4,عدد,,متوسط,"در سؤال زیر، گزینه درست را انتخاب کنید:
«ثلاثة» چه عددی است؟",دو,سه,چهار,پنج,B,ثلاثة یعنی سه. سؤال بازطراحی‌شده برای تنوع بیشتر آزمون.,ترنم همدلی,original,1405
یازدهم,تجربی,عربی,عربی,بخش 4,عدد,,متوسط,"کدام گزینه پاسخ صحیح این پرسش است؟
«ثلاثة» چه عددی است؟",سه,چهار,پنج,دو,A,ثلاثة یعنی سه. سؤال بازطراحی‌شده برای تنوع بیشتر آزمون.,ترنم همدلی,original,1405
یازدهم,تجربی,عربی,عربی,بخش 4,عدد,,متوسط,"با دقت به پرسش زیر، گزینه درست را مشخص کنید:
«ثلاثة» چه عددی است؟",چهار,پنج,دو,سه,D,ثلاثة یعنی سه. سؤال بازطراحی‌شده برای تنوع بیشتر آزمون.,ترنم همدلی,original,1405
یازدهم,تجربی,عربی,عربی,بخش 4,عدد,,متوسط,"کدام گزینه با صورت سؤال زیر سازگار است؟
«ثلاثة» چه عددی است؟",پنج,دو,سه,چهار,C,ثلاثة یعنی سه. سؤال بازطراحی‌شده برای تنوع بیشتر آزمون.,ترنم همدلی,original,1405
یازدهم,تجربی,عربی,عربی,بخش 4,عدد,,متوسط,"پاسخ صحیح پرسش زیر کدام است؟
«ثلاثة» چه عددی است؟",دو,سه,چهار,پنج,B,ثلاثة یعنی سه. سؤال بازطراحی‌شده برای تنوع بیشتر آزمون.,ترنم همدلی,original,1405
یازدهم,تجربی,عربی,عربی,بخش 4,عدد,,متوسط,"در میان گزینه‌های زیر، پاسخ درست را پیدا کنید:
«ثلاثة» چه عددی است؟",سه,چهار,پنج,دو,A,ثلاثة یعنی سه. سؤال بازطراحی‌شده برای تنوع بیشتر آزمون.,ترنم همدلی,original,1405
یازدهم,تجربی,عربی,عربی,بخش 4,عدد,,متوسط,"کدام گزینه با محتوای سؤال زیر هماهنگ است؟
«ثلاثة» چه عددی است؟",چهار,پنج,دو,سه,D,ثلاثة یعنی سه. سؤال بازطراحی‌شده برای تنوع بیشتر آزمون.,ترنم همدلی,original,1405
یازدهم,تجربی,عربی,عربی,بخش 4,عدد,,متوسط,"با توجه به پرسش زیر، گزینه صحیح را انتخاب کنید:
«ثلاثة» چه عددی است؟",پنج,دو,سه,چهار,C,ثلاثة یعنی سه. سؤال بازطراحی‌شده برای تنوع بیشتر آزمون.,ترنم همدلی,original,1405
یازدهم,تجربی,عربی,عربی,بخش 4,عدد,,متوسط,"کدام گزینه از نظر محتوایی درست است؟
«ثلاثة» چه عددی است؟",دو,سه,چهار,پنج,B,ثلاثة یعنی سه. سؤال بازطراحی‌شده برای تنوع بیشتر آزمون.,ترنم همدلی,original,1405
یازدهم,تجربی,عربی,عربی,بخش 4,عدد,,متوسط,"گزینه درست برای پرسش زیر را مشخص کنید:
«ثلاثة» چه عددی است؟",سه,چهار,پنج,دو,A,ثلاثة یعنی سه. سؤال بازطراحی‌شده برای تنوع بیشتر آزمون.,ترنم همدلی,original,1405
یازدهم,تجربی,عربی,عربی,بخش 5,جمع,,متوسط,"در سؤال زیر، گزینه درست را انتخاب کنید:
جمع «معلم» کدام است؟",معلمان,معلمون,تعلیم,معلومة,B,در حالت رفع جمع مذکر سالم «معلمون» است. سؤال بازطراحی‌شده برای تنوع بیشتر آزمون.,ترنم همدلی,original,1405
یازدهم,تجربی,عربی,عربی,بخش 5,جمع,,متوسط,"کدام گزینه پاسخ صحیح این پرسش است؟
جمع «معلم» کدام است؟",معلمون,تعلیم,معلومة,معلمان,A,در حالت رفع جمع مذکر سالم «معلمون» است. سؤال بازطراحی‌شده برای تنوع بیشتر آزمون.,ترنم همدلی,original,1405
یازدهم,تجربی,عربی,عربی,بخش 5,جمع,,متوسط,"با دقت به پرسش زیر، گزینه درست را مشخص کنید:
جمع «معلم» کدام است؟",تعلیم,معلومة,معلمان,معلمون,D,در حالت رفع جمع مذکر سالم «معلمون» است. سؤال بازطراحی‌شده برای تنوع بیشتر آزمون.,ترنم همدلی,original,1405
یازدهم,تجربی,عربی,عربی,بخش 5,جمع,,متوسط,"کدام گزینه با صورت سؤال زیر سازگار است؟
جمع «معلم» کدام است؟",معلومة,معلمان,معلمون,تعلیم,C,در حالت رفع جمع مذکر سالم «معلمون» است. سؤال بازطراحی‌شده برای تنوع بیشتر آزمون.,ترنم همدلی,original,1405
یازدهم,تجربی,عربی,عربی,بخش 5,جمع,,متوسط,"پاسخ صحیح پرسش زیر کدام است؟
جمع «معلم» کدام است؟",معلمان,معلمون,تعلیم,معلومة,B,در حالت رفع جمع مذکر سالم «معلمون» است. سؤال بازطراحی‌شده برای تنوع بیشتر آزمون.,ترنم همدلی,original,1405
یازدهم,تجربی,عربی,عربی,بخش 5,جمع,,متوسط,"در میان گزینه‌های زیر، پاسخ درست را پیدا کنید:
جمع «معلم» کدام است؟",معلمون,تعلیم,معلومة,معلمان,A,در حالت رفع جمع مذکر سالم «معلمون» است. سؤال بازطراحی‌شده برای تنوع بیشتر آزمون.,ترنم همدلی,original,1405
یازدهم,تجربی,عربی,عربی,بخش 5,جمع,,متوسط,"کدام گزینه با محتوای سؤال زیر هماهنگ است؟
جمع «معلم» کدام است؟",تعلیم,معلومة,معلمان,معلمون,D,در حالت رفع جمع مذکر سالم «معلمون» است. سؤال بازطراحی‌شده برای تنوع بیشتر آزمون.,ترنم همدلی,original,1405
یازدهم,تجربی,عربی,عربی,بخش 5,جمع,,متوسط,"با توجه به پرسش زیر، گزینه صحیح را انتخاب کنید:
جمع «معلم» کدام است؟",معلومة,معلمان,معلمون,تعلیم,C,در حالت رفع جمع مذکر سالم «معلمون» است. سؤال بازطراحی‌شده برای تنوع بیشتر آزمون.,ترنم همدلی,original,1405
یازدهم,تجربی,عربی,عربی,بخش 5,جمع,,متوسط,"کدام گزینه از نظر محتوایی درست است؟
جمع «معلم» کدام است؟",معلمان,معلمون,تعلیم,معلومة,B,در حالت رفع جمع مذکر سالم «معلمون» است. سؤال بازطراحی‌شده برای تنوع بیشتر آزمون.,ترنم همدلی,original,1405
یازدهم,تجربی,عربی,عربی,بخش 5,جمع,,متوسط,"گزینه درست برای پرسش زیر را مشخص کنید:
جمع «معلم» کدام است؟",معلمون,تعلیم,معلومة,معلمان,A,در حالت رفع جمع مذکر سالم «معلمون» است. سؤال بازطراحی‌شده برای تنوع بیشتر آزمون.,ترنم همدلی,original,1405
یازدهم,تجربی,عربی,عربی,بخش 6,مفعول,,متوسط,"در سؤال زیر، گزینه درست را انتخاب کنید:
در «قرأ الطالبُ الکتابَ» مفعول چیست؟",الطالب,قرأ,الکتاب,هیچ‌کدام,C,الکتاب مفعول فعل قرأ است. سؤال بازطراحی‌شده برای تنوع بیشتر آزمون.,ترنم همدلی,original,1405
یازدهم,تجربی,عربی,عربی,بخش 6,مفعول,,متوسط,"کدام گزینه پاسخ صحیح این پرسش است؟
در «قرأ الطالبُ الکتابَ» مفعول چیست؟",قرأ,الکتاب,هیچ‌کدام,الطالب,B,الکتاب مفعول فعل قرأ است. سؤال بازطراحی‌شده برای تنوع بیشتر آزمون.,ترنم همدلی,original,1405
یازدهم,تجربی,عربی,عربی,بخش 6,مفعول,,متوسط,"با دقت به پرسش زیر، گزینه درست را مشخص کنید:
در «قرأ الطالبُ الکتابَ» مفعول چیست؟",الکتاب,هیچ‌کدام,الطالب,قرأ,A,الکتاب مفعول فعل قرأ است. سؤال بازطراحی‌شده برای تنوع بیشتر آزمون.,ترنم همدلی,original,1405
یازدهم,تجربی,عربی,عربی,بخش 6,مفعول,,متوسط,"کدام گزینه با صورت سؤال زیر سازگار است؟
در «قرأ الطالبُ الکتابَ» مفعول چیست؟",هیچ‌کدام,الطالب,قرأ,الکتاب,D,الکتاب مفعول فعل قرأ است. سؤال بازطراحی‌شده برای تنوع بیشتر آزمون.,ترنم همدلی,original,1405
یازدهم,تجربی,عربی,عربی,بخش 6,مفعول,,متوسط,"پاسخ صحیح پرسش زیر کدام است؟
در «قرأ الطالبُ الکتابَ» مفعول چیست؟",الطالب,قرأ,الکتاب,هیچ‌کدام,C,الکتاب مفعول فعل قرأ است. سؤال بازطراحی‌شده برای تنوع بیشتر آزمون.,ترنم همدلی,original,1405
یازدهم,تجربی,عربی,عربی,بخش 6,مفعول,,متوسط,"در میان گزینه‌های زیر، پاسخ درست را پیدا کنید:
در «قرأ الطالبُ الکتابَ» مفعول چیست؟",قرأ,الکتاب,هیچ‌کدام,الطالب,B,الکتاب مفعول فعل قرأ است. سؤال بازطراحی‌شده برای تنوع بیشتر آزمون.,ترنم همدلی,original,1405
یازدهم,تجربی,عربی,عربی,بخش 6,مفعول,,متوسط,"کدام گزینه با محتوای سؤال زیر هماهنگ است؟
در «قرأ الطالبُ الکتابَ» مفعول چیست؟",الکتاب,هیچ‌کدام,الطالب,قرأ,A,الکتاب مفعول فعل قرأ است. سؤال بازطراحی‌شده برای تنوع بیشتر آزمون.,ترنم همدلی,original,1405
یازدهم,تجربی,عربی,عربی,بخش 6,مفعول,,متوسط,"با توجه به پرسش زیر، گزینه صحیح را انتخاب کنید:
در «قرأ الطالبُ الکتابَ» مفعول چیست؟",هیچ‌کدام,الطالب,قرأ,الکتاب,D,الکتاب مفعول فعل قرأ است. سؤال بازطراحی‌شده برای تنوع بیشتر آزمون.,ترنم همدلی,original,1405
یازدهم,تجربی,عربی,عربی,بخش 6,مفعول,,متوسط,"کدام گزینه از نظر محتوایی درست است؟
در «قرأ الطالبُ الکتابَ» مفعول چیست؟",الطالب,قرأ,الکتاب,هیچ‌کدام,C,الکتاب مفعول فعل قرأ است. سؤال بازطراحی‌شده برای تنوع بیشتر آزمون.,ترنم همدلی,original,1405
یازدهم,تجربی,عربی,عربی,بخش 6,مفعول,,متوسط,"گزینه درست برای پرسش زیر را مشخص کنید:
در «قرأ الطالبُ الکتابَ» مفعول چیست؟",قرأ,الکتاب,هیچ‌کدام,الطالب,B,الکتاب مفعول فعل قرأ است. سؤال بازطراحی‌شده برای تنوع بیشتر آزمون.,ترنم همدلی,original,1405
یازدهم,تجربی,دین و زندگی,دین و زندگی,بخش 1,توحید,,متوسط,"در سؤال زیر، گزینه درست را انتخاب کنید:
توحید در ربوبیت به چه معناست؟",خداوند مدبر جهان است,انکار خدا,چندخدایی,بی‌نیازی از هدایت,A,ربوبیت به تدبیر و پروردگاری خداوند اشاره دارد. سؤال بازطراحی‌شده برای تنوع بیشتر آزمون.,ترنم همدلی,original,1405
یازدهم,تجربی,دین و زندگی,دین و زندگی,بخش 1,توحید,,متوسط,"کدام گزینه پاسخ صحیح این پرسش است؟
توحید در ربوبیت به چه معناست؟",انکار خدا,چندخدایی,بی‌نیازی از هدایت,خداوند مدبر جهان است,D,ربوبیت به تدبیر و پروردگاری خداوند اشاره دارد. سؤال بازطراحی‌شده برای تنوع بیشتر آزمون.,ترنم همدلی,original,1405
یازدهم,تجربی,دین و زندگی,دین و زندگی,بخش 1,توحید,,متوسط,"با دقت به پرسش زیر، گزینه درست را مشخص کنید:
توحید در ربوبیت به چه معناست؟",چندخدایی,بی‌نیازی از هدایت,خداوند مدبر جهان است,انکار خدا,C,ربوبیت به تدبیر و پروردگاری خداوند اشاره دارد. سؤال بازطراحی‌شده برای تنوع بیشتر آزمون.,ترنم همدلی,original,1405
یازدهم,تجربی,دین و زندگی,دین و زندگی,بخش 1,توحید,,متوسط,"کدام گزینه با صورت سؤال زیر سازگار است؟
توحید در ربوبیت به چه معناست؟",بی‌نیازی از هدایت,خداوند مدبر جهان است,انکار خدا,چندخدایی,B,ربوبیت به تدبیر و پروردگاری خداوند اشاره دارد. سؤال بازطراحی‌شده برای تنوع بیشتر آزمون.,ترنم همدلی,original,1405
یازدهم,تجربی,دین و زندگی,دین و زندگی,بخش 1,توحید,,متوسط,"پاسخ صحیح پرسش زیر کدام است؟
توحید در ربوبیت به چه معناست؟",خداوند مدبر جهان است,انکار خدا,چندخدایی,بی‌نیازی از هدایت,A,ربوبیت به تدبیر و پروردگاری خداوند اشاره دارد. سؤال بازطراحی‌شده برای تنوع بیشتر آزمون.,ترنم همدلی,original,1405
یازدهم,تجربی,دین و زندگی,دین و زندگی,بخش 1,توحید,,متوسط,"در میان گزینه‌های زیر، پاسخ درست را پیدا کنید:
توحید در ربوبیت به چه معناست؟",انکار خدا,چندخدایی,بی‌نیازی از هدایت,خداوند مدبر جهان است,D,ربوبیت به تدبیر و پروردگاری خداوند اشاره دارد. سؤال بازطراحی‌شده برای تنوع بیشتر آزمون.,ترنم همدلی,original,1405
یازدهم,تجربی,دین و زندگی,دین و زندگی,بخش 1,توحید,,متوسط,"کدام گزینه با محتوای سؤال زیر هماهنگ است؟
توحید در ربوبیت به چه معناست؟",چندخدایی,بی‌نیازی از هدایت,خداوند مدبر جهان است,انکار خدا,C,ربوبیت به تدبیر و پروردگاری خداوند اشاره دارد. سؤال بازطراحی‌شده برای تنوع بیشتر آزمون.,ترنم همدلی,original,1405
یازدهم,تجربی,دین و زندگی,دین و زندگی,بخش 1,توحید,,متوسط,"با توجه به پرسش زیر، گزینه صحیح را انتخاب کنید:
توحید در ربوبیت به چه معناست؟",بی‌نیازی از هدایت,خداوند مدبر جهان است,انکار خدا,چندخدایی,B,ربوبیت به تدبیر و پروردگاری خداوند اشاره دارد. سؤال بازطراحی‌شده برای تنوع بیشتر آزمون.,ترنم همدلی,original,1405
یازدهم,تجربی,دین و زندگی,دین و زندگی,بخش 1,توحید,,متوسط,"کدام گزینه از نظر محتوایی درست است؟
توحید در ربوبیت به چه معناست؟",خداوند مدبر جهان است,انکار خدا,چندخدایی,بی‌نیازی از هدایت,A,ربوبیت به تدبیر و پروردگاری خداوند اشاره دارد. سؤال بازطراحی‌شده برای تنوع بیشتر آزمون.,ترنم همدلی,original,1405
یازدهم,تجربی,دین و زندگی,دین و زندگی,بخش 1,توحید,,متوسط,"گزینه درست برای پرسش زیر را مشخص کنید:
توحید در ربوبیت به چه معناست؟",انکار خدا,چندخدایی,بی‌نیازی از هدایت,خداوند مدبر جهان است,D,ربوبیت به تدبیر و پروردگاری خداوند اشاره دارد. سؤال بازطراحی‌شده برای تنوع بیشتر آزمون.,ترنم همدلی,original,1405
یازدهم,تجربی,دین و زندگی,دین و زندگی,بخش 2,نبوت,,متوسط,"در سؤال زیر، گزینه درست را انتخاب کنید:
یکی از نیازهای انسان به پیامبران چیست؟",هدایت الهی,افزایش ثروت,حل همه مسائل علمی,حذف اختیار,A,پیامبران راه هدایت الهی را ارائه می‌کنند. سؤال بازطراحی‌شده برای تنوع بیشتر آزمون.,ترنم همدلی,original,1405
یازدهم,تجربی,دین و زندگی,دین و زندگی,بخش 2,نبوت,,متوسط,"کدام گزینه پاسخ صحیح این پرسش است؟
یکی از نیازهای انسان به پیامبران چیست؟",افزایش ثروت,حل همه مسائل علمی,حذف اختیار,هدایت الهی,D,پیامبران راه هدایت الهی را ارائه می‌کنند. سؤال بازطراحی‌شده برای تنوع بیشتر آزمون.,ترنم همدلی,original,1405
یازدهم,تجربی,دین و زندگی,دین و زندگی,بخش 2,نبوت,,متوسط,"با دقت به پرسش زیر، گزینه درست را مشخص کنید:
یکی از نیازهای انسان به پیامبران چیست؟",حل همه مسائل علمی,حذف اختیار,هدایت الهی,افزایش ثروت,C,پیامبران راه هدایت الهی را ارائه می‌کنند. سؤال بازطراحی‌شده برای تنوع بیشتر آزمون.,ترنم همدلی,original,1405
یازدهم,تجربی,دین و زندگی,دین و زندگی,بخش 2,نبوت,,متوسط,"کدام گزینه با صورت سؤال زیر سازگار است؟
یکی از نیازهای انسان به پیامبران چیست؟",حذف اختیار,هدایت الهی,افزایش ثروت,حل همه مسائل علمی,B,پیامبران راه هدایت الهی را ارائه می‌کنند. سؤال بازطراحی‌شده برای تنوع بیشتر آزمون.,ترنم همدلی,original,1405
یازدهم,تجربی,دین و زندگی,دین و زندگی,بخش 2,نبوت,,متوسط,"پاسخ صحیح پرسش زیر کدام است؟
یکی از نیازهای انسان به پیامبران چیست؟",هدایت الهی,افزایش ثروت,حل همه مسائل علمی,حذف اختیار,A,پیامبران راه هدایت الهی را ارائه می‌کنند. سؤال بازطراحی‌شده برای تنوع بیشتر آزمون.,ترنم همدلی,original,1405
یازدهم,تجربی,دین و زندگی,دین و زندگی,بخش 2,نبوت,,متوسط,"در میان گزینه‌های زیر، پاسخ درست را پیدا کنید:
یکی از نیازهای انسان به پیامبران چیست؟",افزایش ثروت,حل همه مسائل علمی,حذف اختیار,هدایت الهی,D,پیامبران راه هدایت الهی را ارائه می‌کنند. سؤال بازطراحی‌شده برای تنوع بیشتر آزمون.,ترنم همدلی,original,1405
یازدهم,تجربی,دین و زندگی,دین و زندگی,بخش 2,نبوت,,متوسط,"کدام گزینه با محتوای سؤال زیر هماهنگ است؟
یکی از نیازهای انسان به پیامبران چیست؟",حل همه مسائل علمی,حذف اختیار,هدایت الهی,افزایش ثروت,C,پیامبران راه هدایت الهی را ارائه می‌کنند. سؤال بازطراحی‌شده برای تنوع بیشتر آزمون.,ترنم همدلی,original,1405
یازدهم,تجربی,دین و زندگی,دین و زندگی,بخش 2,نبوت,,متوسط,"با توجه به پرسش زیر، گزینه صحیح را انتخاب کنید:
یکی از نیازهای انسان به پیامبران چیست؟",حذف اختیار,هدایت الهی,افزایش ثروت,حل همه مسائل علمی,B,پیامبران راه هدایت الهی را ارائه می‌کنند. سؤال بازطراحی‌شده برای تنوع بیشتر آزمون.,ترنم همدلی,original,1405
یازدهم,تجربی,دین و زندگی,دین و زندگی,بخش 2,نبوت,,متوسط,"کدام گزینه از نظر محتوایی درست است؟
یکی از نیازهای انسان به پیامبران چیست؟",هدایت الهی,افزایش ثروت,حل همه مسائل علمی,حذف اختیار,A,پیامبران راه هدایت الهی را ارائه می‌کنند. سؤال بازطراحی‌شده برای تنوع بیشتر آزمون.,ترنم همدلی,original,1405
یازدهم,تجربی,دین و زندگی,دین و زندگی,بخش 2,نبوت,,متوسط,"گزینه درست برای پرسش زیر را مشخص کنید:
یکی از نیازهای انسان به پیامبران چیست؟",افزایش ثروت,حل همه مسائل علمی,حذف اختیار,هدایت الهی,D,پیامبران راه هدایت الهی را ارائه می‌کنند. سؤال بازطراحی‌شده برای تنوع بیشتر آزمون.,ترنم همدلی,original,1405
یازدهم,تجربی,دین و زندگی,دین و زندگی,بخش 3,معاد,,متوسط,"در سؤال زیر، گزینه درست را انتخاب کنید:
باور به معاد چه اثری می‌تواند داشته باشد؟",مسئولیت‌پذیری,بی‌تفاوتی,بی‌قانونی,ناامیدی,A,باور به حسابرسی می‌تواند مسئولیت‌پذیری را تقویت کند. سؤال بازطراحی‌شده برای تنوع بیشتر آزمون.,ترنم همدلی,original,1405
یازدهم,تجربی,دین و زندگی,دین و زندگی,بخش 3,معاد,,متوسط,"کدام گزینه پاسخ صحیح این پرسش است؟
باور به معاد چه اثری می‌تواند داشته باشد؟",بی‌تفاوتی,بی‌قانونی,ناامیدی,مسئولیت‌پذیری,D,باور به حسابرسی می‌تواند مسئولیت‌پذیری را تقویت کند. سؤال بازطراحی‌شده برای تنوع بیشتر آزمون.,ترنم همدلی,original,1405
یازدهم,تجربی,دین و زندگی,دین و زندگی,بخش 3,معاد,,متوسط,"با دقت به پرسش زیر، گزینه درست را مشخص کنید:
باور به معاد چه اثری می‌تواند داشته باشد؟",بی‌قانونی,ناامیدی,مسئولیت‌پذیری,بی‌تفاوتی,C,باور به حسابرسی می‌تواند مسئولیت‌پذیری را تقویت کند. سؤال بازطراحی‌شده برای تنوع بیشتر آزمون.,ترنم همدلی,original,1405
یازدهم,تجربی,دین و زندگی,دین و زندگی,بخش 3,معاد,,متوسط,"کدام گزینه با صورت سؤال زیر سازگار است؟
باور به معاد چه اثری می‌تواند داشته باشد؟",ناامیدی,مسئولیت‌پذیری,بی‌تفاوتی,بی‌قانونی,B,باور به حسابرسی می‌تواند مسئولیت‌پذیری را تقویت کند. سؤال بازطراحی‌شده برای تنوع بیشتر آزمون.,ترنم همدلی,original,1405
یازدهم,تجربی,دین و زندگی,دین و زندگی,بخش 3,معاد,,متوسط,"پاسخ صحیح پرسش زیر کدام است؟
باور به معاد چه اثری می‌تواند داشته باشد؟",مسئولیت‌پذیری,بی‌تفاوتی,بی‌قانونی,ناامیدی,A,باور به حسابرسی می‌تواند مسئولیت‌پذیری را تقویت کند. سؤال بازطراحی‌شده برای تنوع بیشتر آزمون.,ترنم همدلی,original,1405
یازدهم,تجربی,دین و زندگی,دین و زندگی,بخش 3,معاد,,متوسط,"در میان گزینه‌های زیر، پاسخ درست را پیدا کنید:
باور به معاد چه اثری می‌تواند داشته باشد؟",بی‌تفاوتی,بی‌قانونی,ناامیدی,مسئولیت‌پذیری,D,باور به حسابرسی می‌تواند مسئولیت‌پذیری را تقویت کند. سؤال بازطراحی‌شده برای تنوع بیشتر آزمون.,ترنم همدلی,original,1405
یازدهم,تجربی,دین و زندگی,دین و زندگی,بخش 3,معاد,,متوسط,"کدام گزینه با محتوای سؤال زیر هماهنگ است؟
باور به معاد چه اثری می‌تواند داشته باشد؟",بی‌قانونی,ناامیدی,مسئولیت‌پذیری,بی‌تفاوتی,C,باور به حسابرسی می‌تواند مسئولیت‌پذیری را تقویت کند. سؤال بازطراحی‌شده برای تنوع بیشتر آزمون.,ترنم همدلی,original,1405
یازدهم,تجربی,دین و زندگی,دین و زندگی,بخش 3,معاد,,متوسط,"با توجه به پرسش زیر، گزینه صحیح را انتخاب کنید:
باور به معاد چه اثری می‌تواند داشته باشد؟",ناامیدی,مسئولیت‌پذیری,بی‌تفاوتی,بی‌قانونی,B,باور به حسابرسی می‌تواند مسئولیت‌پذیری را تقویت کند. سؤال بازطراحی‌شده برای تنوع بیشتر آزمون.,ترنم همدلی,original,1405
یازدهم,تجربی,دین و زندگی,دین و زندگی,بخش 3,معاد,,متوسط,"کدام گزینه از نظر محتوایی درست است؟
باور به معاد چه اثری می‌تواند داشته باشد؟",مسئولیت‌پذیری,بی‌تفاوتی,بی‌قانونی,ناامیدی,A,باور به حسابرسی می‌تواند مسئولیت‌پذیری را تقویت کند. سؤال بازطراحی‌شده برای تنوع بیشتر آزمون.,ترنم همدلی,original,1405
یازدهم,تجربی,دین و زندگی,دین و زندگی,بخش 3,معاد,,متوسط,"گزینه درست برای پرسش زیر را مشخص کنید:
باور به معاد چه اثری می‌تواند داشته باشد؟",بی‌تفاوتی,بی‌قانونی,ناامیدی,مسئولیت‌پذیری,D,باور به حسابرسی می‌تواند مسئولیت‌پذیری را تقویت کند. سؤال بازطراحی‌شده برای تنوع بیشتر آزمون.,ترنم همدلی,original,1405
یازدهم,تجربی,دین و زندگی,دین و زندگی,بخش 4,اخلاق,,متوسط,"در سؤال زیر، گزینه درست را انتخاب کنید:
اخلاص یعنی چه؟",انجام عمل برای رضای خدا,انجام کار برای شهرت,ترس از مردم,خودنمایی,A,اخلاص به نیت الهی در عمل اشاره دارد. سؤال بازطراحی‌شده برای تنوع بیشتر آزمون.,ترنم همدلی,original,1405
یازدهم,تجربی,دین و زندگی,دین و زندگی,بخش 4,اخلاق,,متوسط,"کدام گزینه پاسخ صحیح این پرسش است؟
اخلاص یعنی چه؟",انجام کار برای شهرت,ترس از مردم,خودنمایی,انجام عمل برای رضای خدا,D,اخلاص به نیت الهی در عمل اشاره دارد. سؤال بازطراحی‌شده برای تنوع بیشتر آزمون.,ترنم همدلی,original,1405
یازدهم,تجربی,دین و زندگی,دین و زندگی,بخش 4,اخلاق,,متوسط,"با دقت به پرسش زیر، گزینه درست را مشخص کنید:
اخلاص یعنی چه؟",ترس از مردم,خودنمایی,انجام عمل برای رضای خدا,انجام کار برای شهرت,C,اخلاص به نیت الهی در عمل اشاره دارد. سؤال بازطراحی‌شده برای تنوع بیشتر آزمون.,ترنم همدلی,original,1405
یازدهم,تجربی,دین و زندگی,دین و زندگی,بخش 4,اخلاق,,متوسط,"کدام گزینه با صورت سؤال زیر سازگار است؟
اخلاص یعنی چه؟",خودنمایی,انجام عمل برای رضای خدا,انجام کار برای شهرت,ترس از مردم,B,اخلاص به نیت الهی در عمل اشاره دارد. سؤال بازطراحی‌شده برای تنوع بیشتر آزمون.,ترنم همدلی,original,1405
یازدهم,تجربی,دین و زندگی,دین و زندگی,بخش 4,اخلاق,,متوسط,"پاسخ صحیح پرسش زیر کدام است؟
اخلاص یعنی چه؟",انجام عمل برای رضای خدا,انجام کار برای شهرت,ترس از مردم,خودنمایی,A,اخلاص به نیت الهی در عمل اشاره دارد. سؤال بازطراحی‌شده برای تنوع بیشتر آزمون.,ترنم همدلی,original,1405
یازدهم,تجربی,دین و زندگی,دین و زندگی,بخش 4,اخلاق,,متوسط,"در میان گزینه‌های زیر، پاسخ درست را پیدا کنید:
اخلاص یعنی چه؟",انجام کار برای شهرت,ترس از مردم,خودنمایی,انجام عمل برای رضای خدا,D,اخلاص به نیت الهی در عمل اشاره دارد. سؤال بازطراحی‌شده برای تنوع بیشتر آزمون.,ترنم همدلی,original,1405
یازدهم,تجربی,دین و زندگی,دین و زندگی,بخش 4,اخلاق,,متوسط,"کدام گزینه با محتوای سؤال زیر هماهنگ است؟
اخلاص یعنی چه؟",ترس از مردم,خودنمایی,انجام عمل برای رضای خدا,انجام کار برای شهرت,C,اخلاص به نیت الهی در عمل اشاره دارد. سؤال بازطراحی‌شده برای تنوع بیشتر آزمون.,ترنم همدلی,original,1405
یازدهم,تجربی,دین و زندگی,دین و زندگی,بخش 4,اخلاق,,متوسط,"با توجه به پرسش زیر، گزینه صحیح را انتخاب کنید:
اخلاص یعنی چه؟",خودنمایی,انجام عمل برای رضای خدا,انجام کار برای شهرت,ترس از مردم,B,اخلاص به نیت الهی در عمل اشاره دارد. سؤال بازطراحی‌شده برای تنوع بیشتر آزمون.,ترنم همدلی,original,1405
یازدهم,تجربی,دین و زندگی,دین و زندگی,بخش 4,اخلاق,,متوسط,"کدام گزینه از نظر محتوایی درست است؟
اخلاص یعنی چه؟",انجام عمل برای رضای خدا,انجام کار برای شهرت,ترس از مردم,خودنمایی,A,اخلاص به نیت الهی در عمل اشاره دارد. سؤال بازطراحی‌شده برای تنوع بیشتر آزمون.,ترنم همدلی,original,1405
یازدهم,تجربی,دین و زندگی,دین و زندگی,بخش 4,اخلاق,,متوسط,"گزینه درست برای پرسش زیر را مشخص کنید:
اخلاص یعنی چه؟",انجام کار برای شهرت,ترس از مردم,خودنمایی,انجام عمل برای رضای خدا,D,اخلاص به نیت الهی در عمل اشاره دارد. سؤال بازطراحی‌شده برای تنوع بیشتر آزمون.,ترنم همدلی,original,1405
یازدهم,تجربی,دین و زندگی,دین و زندگی,بخش 5,اختیار,,متوسط,"در سؤال زیر، گزینه درست را انتخاب کنید:
اختیار انسان با مسئولیت چه ارتباطی دارد؟",انتخاب زمینه مسئولیت است,هیچ ارتباطی ندارد,اختیار مسئولیت را حذف می‌کند,مسئولیت را ناممکن می‌کند,A,مسئولیت اخلاقی بر انتخاب آگاهانه استوار است. سؤال بازطراحی‌شده برای تنوع بیشتر آزمون.,ترنم همدلی,original,1405
یازدهم,تجربی,دین و زندگی,دین و زندگی,بخش 5,اختیار,,متوسط,"کدام گزینه پاسخ صحیح این پرسش است؟
اختیار انسان با مسئولیت چه ارتباطی دارد؟",هیچ ارتباطی ندارد,اختیار مسئولیت را حذف می‌کند,مسئولیت را ناممکن می‌کند,انتخاب زمینه مسئولیت است,D,مسئولیت اخلاقی بر انتخاب آگاهانه استوار است. سؤال بازطراحی‌شده برای تنوع بیشتر آزمون.,ترنم همدلی,original,1405
یازدهم,تجربی,دین و زندگی,دین و زندگی,بخش 5,اختیار,,متوسط,"با دقت به پرسش زیر، گزینه درست را مشخص کنید:
اختیار انسان با مسئولیت چه ارتباطی دارد؟",اختیار مسئولیت را حذف می‌کند,مسئولیت را ناممکن می‌کند,انتخاب زمینه مسئولیت است,هیچ ارتباطی ندارد,C,مسئولیت اخلاقی بر انتخاب آگاهانه استوار است. سؤال بازطراحی‌شده برای تنوع بیشتر آزمون.,ترنم همدلی,original,1405
یازدهم,تجربی,دین و زندگی,دین و زندگی,بخش 5,اختیار,,متوسط,"کدام گزینه با صورت سؤال زیر سازگار است؟
اختیار انسان با مسئولیت چه ارتباطی دارد؟",مسئولیت را ناممکن می‌کند,انتخاب زمینه مسئولیت است,هیچ ارتباطی ندارد,اختیار مسئولیت را حذف می‌کند,B,مسئولیت اخلاقی بر انتخاب آگاهانه استوار است. سؤال بازطراحی‌شده برای تنوع بیشتر آزمون.,ترنم همدلی,original,1405
یازدهم,تجربی,دین و زندگی,دین و زندگی,بخش 5,اختیار,,متوسط,"پاسخ صحیح پرسش زیر کدام است؟
اختیار انسان با مسئولیت چه ارتباطی دارد؟",انتخاب زمینه مسئولیت است,هیچ ارتباطی ندارد,اختیار مسئولیت را حذف می‌کند,مسئولیت را ناممکن می‌کند,A,مسئولیت اخلاقی بر انتخاب آگاهانه استوار است. سؤال بازطراحی‌شده برای تنوع بیشتر آزمون.,ترنم همدلی,original,1405
یازدهم,تجربی,دین و زندگی,دین و زندگی,بخش 5,اختیار,,متوسط,"در میان گزینه‌های زیر، پاسخ درست را پیدا کنید:
اختیار انسان با مسئولیت چه ارتباطی دارد؟",هیچ ارتباطی ندارد,اختیار مسئولیت را حذف می‌کند,مسئولیت را ناممکن می‌کند,انتخاب زمینه مسئولیت است,D,مسئولیت اخلاقی بر انتخاب آگاهانه استوار است. سؤال بازطراحی‌شده برای تنوع بیشتر آزمون.,ترنم همدلی,original,1405
یازدهم,تجربی,دین و زندگی,دین و زندگی,بخش 5,اختیار,,متوسط,"کدام گزینه با محتوای سؤال زیر هماهنگ است؟
اختیار انسان با مسئولیت چه ارتباطی دارد؟",اختیار مسئولیت را حذف می‌کند,مسئولیت را ناممکن می‌کند,انتخاب زمینه مسئولیت است,هیچ ارتباطی ندارد,C,مسئولیت اخلاقی بر انتخاب آگاهانه استوار است. سؤال بازطراحی‌شده برای تنوع بیشتر آزمون.,ترنم همدلی,original,1405
یازدهم,تجربی,دین و زندگی,دین و زندگی,بخش 5,اختیار,,متوسط,"با توجه به پرسش زیر، گزینه صحیح را انتخاب کنید:
اختیار انسان با مسئولیت چه ارتباطی دارد؟",مسئولیت را ناممکن می‌کند,انتخاب زمینه مسئولیت است,هیچ ارتباطی ندارد,اختیار مسئولیت را حذف می‌کند,B,مسئولیت اخلاقی بر انتخاب آگاهانه استوار است. سؤال بازطراحی‌شده برای تنوع بیشتر آزمون.,ترنم همدلی,original,1405
یازدهم,تجربی,دین و زندگی,دین و زندگی,بخش 5,اختیار,,متوسط,"کدام گزینه از نظر محتوایی درست است؟
اختیار انسان با مسئولیت چه ارتباطی دارد؟",انتخاب زمینه مسئولیت است,هیچ ارتباطی ندارد,اختیار مسئولیت را حذف می‌کند,مسئولیت را ناممکن می‌کند,A,مسئولیت اخلاقی بر انتخاب آگاهانه استوار است. سؤال بازطراحی‌شده برای تنوع بیشتر آزمون.,ترنم همدلی,original,1405
یازدهم,تجربی,دین و زندگی,دین و زندگی,بخش 5,اختیار,,متوسط,"گزینه درست برای پرسش زیر را مشخص کنید:
اختیار انسان با مسئولیت چه ارتباطی دارد؟",هیچ ارتباطی ندارد,اختیار مسئولیت را حذف می‌کند,مسئولیت را ناممکن می‌کند,انتخاب زمینه مسئولیت است,D,مسئولیت اخلاقی بر انتخاب آگاهانه استوار است. سؤال بازطراحی‌شده برای تنوع بیشتر آزمون.,ترنم همدلی,original,1405
یازدهم,تجربی,دین و زندگی,دین و زندگی,بخش 6,هدایت,,متوسط,"در سؤال زیر، گزینه درست را انتخاب کنید:
عقل و وحی چه نقشی در هدایت دارند؟",راهنمایی انسان,ایجاد سردرگمی,حذف انتخاب,افزایش جهل,A,هر دو در چارچوب آموزه دینی ابزار هدایت‌اند. سؤال بازطراحی‌شده برای تنوع بیشتر آزمون.,ترنم همدلی,original,1405
یازدهم,تجربی,دین و زندگی,دین و زندگی,بخش 6,هدایت,,متوسط,"کدام گزینه پاسخ صحیح این پرسش است؟
عقل و وحی چه نقشی در هدایت دارند؟",ایجاد سردرگمی,حذف انتخاب,افزایش جهل,راهنمایی انسان,D,هر دو در چارچوب آموزه دینی ابزار هدایت‌اند. سؤال بازطراحی‌شده برای تنوع بیشتر آزمون.,ترنم همدلی,original,1405
یازدهم,تجربی,دین و زندگی,دین و زندگی,بخش 6,هدایت,,متوسط,"با دقت به پرسش زیر، گزینه درست را مشخص کنید:
عقل و وحی چه نقشی در هدایت دارند؟",حذف انتخاب,افزایش جهل,راهنمایی انسان,ایجاد سردرگمی,C,هر دو در چارچوب آموزه دینی ابزار هدایت‌اند. سؤال بازطراحی‌شده برای تنوع بیشتر آزمون.,ترنم همدلی,original,1405
یازدهم,تجربی,دین و زندگی,دین و زندگی,بخش 6,هدایت,,متوسط,"کدام گزینه با صورت سؤال زیر سازگار است؟
عقل و وحی چه نقشی در هدایت دارند؟",افزایش جهل,راهنمایی انسان,ایجاد سردرگمی,حذف انتخاب,B,هر دو در چارچوب آموزه دینی ابزار هدایت‌اند. سؤال بازطراحی‌شده برای تنوع بیشتر آزمون.,ترنم همدلی,original,1405
یازدهم,تجربی,دین و زندگی,دین و زندگی,بخش 6,هدایت,,متوسط,"پاسخ صحیح پرسش زیر کدام است؟
عقل و وحی چه نقشی در هدایت دارند؟",راهنمایی انسان,ایجاد سردرگمی,حذف انتخاب,افزایش جهل,A,هر دو در چارچوب آموزه دینی ابزار هدایت‌اند. سؤال بازطراحی‌شده برای تنوع بیشتر آزمون.,ترنم همدلی,original,1405
یازدهم,تجربی,دین و زندگی,دین و زندگی,بخش 6,هدایت,,متوسط,"در میان گزینه‌های زیر، پاسخ درست را پیدا کنید:
عقل و وحی چه نقشی در هدایت دارند؟",ایجاد سردرگمی,حذف انتخاب,افزایش جهل,راهنمایی انسان,D,هر دو در چارچوب آموزه دینی ابزار هدایت‌اند. سؤال بازطراحی‌شده برای تنوع بیشتر آزمون.,ترنم همدلی,original,1405
یازدهم,تجربی,دین و زندگی,دین و زندگی,بخش 6,هدایت,,متوسط,"کدام گزینه با محتوای سؤال زیر هماهنگ است؟
عقل و وحی چه نقشی در هدایت دارند؟",حذف انتخاب,افزایش جهل,راهنمایی انسان,ایجاد سردرگمی,C,هر دو در چارچوب آموزه دینی ابزار هدایت‌اند. سؤال بازطراحی‌شده برای تنوع بیشتر آزمون.,ترنم همدلی,original,1405
یازدهم,تجربی,دین و زندگی,دین و زندگی,بخش 6,هدایت,,متوسط,"با توجه به پرسش زیر، گزینه صحیح را انتخاب کنید:
عقل و وحی چه نقشی در هدایت دارند؟",افزایش جهل,راهنمایی انسان,ایجاد سردرگمی,حذف انتخاب,B,هر دو در چارچوب آموزه دینی ابزار هدایت‌اند. سؤال بازطراحی‌شده برای تنوع بیشتر آزمون.,ترنم همدلی,original,1405
یازدهم,تجربی,دین و زندگی,دین و زندگی,بخش 6,هدایت,,متوسط,"کدام گزینه از نظر محتوایی درست است؟
عقل و وحی چه نقشی در هدایت دارند؟",راهنمایی انسان,ایجاد سردرگمی,حذف انتخاب,افزایش جهل,A,هر دو در چارچوب آموزه دینی ابزار هدایت‌اند. سؤال بازطراحی‌شده برای تنوع بیشتر آزمون.,ترنم همدلی,original,1405
یازدهم,تجربی,دین و زندگی,دین و زندگی,بخش 6,هدایت,,متوسط,"گزینه درست برای پرسش زیر را مشخص کنید:
عقل و وحی چه نقشی در هدایت دارند؟",ایجاد سردرگمی,حذف انتخاب,افزایش جهل,راهنمایی انسان,D,هر دو در چارچوب آموزه دینی ابزار هدایت‌اند. سؤال بازطراحی‌شده برای تنوع بیشتر آزمون.,ترنم همدلی,original,1405
یازدهم,تجربی,زبان انگلیسی,زبان انگلیسی,بخش 1,واژگان,,متوسط,"در سؤال زیر، گزینه درست را انتخاب کنید:
meaning of ""benefit"" چیست؟",فایده,خطر,هزینه,شکست,A,benefit یعنی فایده. سؤال بازطراحی‌شده برای تنوع بیشتر آزمون.,ترنم همدلی,original,1405
یازدهم,تجربی,زبان انگلیسی,زبان انگلیسی,بخش 1,واژگان,,متوسط,"کدام گزینه پاسخ صحیح این پرسش است؟
meaning of ""benefit"" چیست؟",خطر,هزینه,شکست,فایده,D,benefit یعنی فایده. سؤال بازطراحی‌شده برای تنوع بیشتر آزمون.,ترنم همدلی,original,1405
یازدهم,تجربی,زبان انگلیسی,زبان انگلیسی,بخش 1,واژگان,,متوسط,"با دقت به پرسش زیر، گزینه درست را مشخص کنید:
meaning of ""benefit"" چیست؟",هزینه,شکست,فایده,خطر,C,benefit یعنی فایده. سؤال بازطراحی‌شده برای تنوع بیشتر آزمون.,ترنم همدلی,original,1405
یازدهم,تجربی,زبان انگلیسی,زبان انگلیسی,بخش 1,واژگان,,متوسط,"کدام گزینه با صورت سؤال زیر سازگار است؟
meaning of ""benefit"" چیست؟",شکست,فایده,خطر,هزینه,B,benefit یعنی فایده. سؤال بازطراحی‌شده برای تنوع بیشتر آزمون.,ترنم همدلی,original,1405
یازدهم,تجربی,زبان انگلیسی,زبان انگلیسی,بخش 1,واژگان,,متوسط,"پاسخ صحیح پرسش زیر کدام است؟
meaning of ""benefit"" چیست؟",فایده,خطر,هزینه,شکست,A,benefit یعنی فایده. سؤال بازطراحی‌شده برای تنوع بیشتر آزمون.,ترنم همدلی,original,1405
یازدهم,تجربی,زبان انگلیسی,زبان انگلیسی,بخش 1,واژگان,,متوسط,"در میان گزینه‌های زیر، پاسخ درست را پیدا کنید:
meaning of ""benefit"" چیست؟",خطر,هزینه,شکست,فایده,D,benefit یعنی فایده. سؤال بازطراحی‌شده برای تنوع بیشتر آزمون.,ترنم همدلی,original,1405
یازدهم,تجربی,زبان انگلیسی,زبان انگلیسی,بخش 1,واژگان,,متوسط,"کدام گزینه با محتوای سؤال زیر هماهنگ است؟
meaning of ""benefit"" چیست؟",هزینه,شکست,فایده,خطر,C,benefit یعنی فایده. سؤال بازطراحی‌شده برای تنوع بیشتر آزمون.,ترنم همدلی,original,1405
یازدهم,تجربی,زبان انگلیسی,زبان انگلیسی,بخش 1,واژگان,,متوسط,"با توجه به پرسش زیر، گزینه صحیح را انتخاب کنید:
meaning of ""benefit"" چیست؟",شکست,فایده,خطر,هزینه,B,benefit یعنی فایده. سؤال بازطراحی‌شده برای تنوع بیشتر آزمون.,ترنم همدلی,original,1405
یازدهم,تجربی,زبان انگلیسی,زبان انگلیسی,بخش 1,واژگان,,متوسط,"کدام گزینه از نظر محتوایی درست است؟
meaning of ""benefit"" چیست؟",فایده,خطر,هزینه,شکست,A,benefit یعنی فایده. سؤال بازطراحی‌شده برای تنوع بیشتر آزمون.,ترنم همدلی,original,1405
یازدهم,تجربی,زبان انگلیسی,زبان انگلیسی,بخش 1,واژگان,,متوسط,"گزینه درست برای پرسش زیر را مشخص کنید:
meaning of ""benefit"" چیست؟",خطر,هزینه,شکست,فایده,D,benefit یعنی فایده. سؤال بازطراحی‌شده برای تنوع بیشتر آزمون.,ترنم همدلی,original,1405
یازدهم,تجربی,زبان انگلیسی,زبان انگلیسی,بخش 2,گرامر,,متوسط,"در سؤال زیر، گزینه درست را انتخاب کنید:
کدام جمله درست است؟",She has finished her work.,She have finished.,She finish has.,She finishing has.,A,ساختار حال کامل برای she با has است. سؤال بازطراحی‌شده برای تنوع بیشتر آزمون.,ترنم همدلی,original,1405
یازدهم,تجربی,زبان انگلیسی,زبان انگلیسی,بخش 2,گرامر,,متوسط,"کدام گزینه پاسخ صحیح این پرسش است؟
کدام جمله درست است؟",She have finished.,She finish has.,She finishing has.,She has finished her work.,D,ساختار حال کامل برای she با has است. سؤال بازطراحی‌شده برای تنوع بیشتر آزمون.,ترنم همدلی,original,1405
یازدهم,تجربی,زبان انگلیسی,زبان انگلیسی,بخش 2,گرامر,,متوسط,"با دقت به پرسش زیر، گزینه درست را مشخص کنید:
کدام جمله درست است؟",She finish has.,She finishing has.,She has finished her work.,She have finished.,C,ساختار حال کامل برای she با has است. سؤال بازطراحی‌شده برای تنوع بیشتر آزمون.,ترنم همدلی,original,1405
یازدهم,تجربی,زبان انگلیسی,زبان انگلیسی,بخش 2,گرامر,,متوسط,"کدام گزینه با صورت سؤال زیر سازگار است؟
کدام جمله درست است؟",She finishing has.,She has finished her work.,She have finished.,She finish has.,B,ساختار حال کامل برای she با has است. سؤال بازطراحی‌شده برای تنوع بیشتر آزمون.,ترنم همدلی,original,1405
یازدهم,تجربی,زبان انگلیسی,زبان انگلیسی,بخش 2,گرامر,,متوسط,"پاسخ صحیح پرسش زیر کدام است؟
کدام جمله درست است؟",She has finished her work.,She have finished.,She finish has.,She finishing has.,A,ساختار حال کامل برای she با has است. سؤال بازطراحی‌شده برای تنوع بیشتر آزمون.,ترنم همدلی,original,1405
یازدهم,تجربی,زبان انگلیسی,زبان انگلیسی,بخش 2,گرامر,,متوسط,"در میان گزینه‌های زیر، پاسخ درست را پیدا کنید:
کدام جمله درست است؟",She have finished.,She finish has.,She finishing has.,She has finished her work.,D,ساختار حال کامل برای she با has است. سؤال بازطراحی‌شده برای تنوع بیشتر آزمون.,ترنم همدلی,original,1405
یازدهم,تجربی,زبان انگلیسی,زبان انگلیسی,بخش 2,گرامر,,متوسط,"کدام گزینه با محتوای سؤال زیر هماهنگ است؟
کدام جمله درست است؟",She finish has.,She finishing has.,She has finished her work.,She have finished.,C,ساختار حال کامل برای she با has است. سؤال بازطراحی‌شده برای تنوع بیشتر آزمون.,ترنم همدلی,original,1405
یازدهم,تجربی,زبان انگلیسی,زبان انگلیسی,بخش 2,گرامر,,متوسط,"با توجه به پرسش زیر، گزینه صحیح را انتخاب کنید:
کدام جمله درست است؟",She finishing has.,She has finished her work.,She have finished.,She finish has.,B,ساختار حال کامل برای she با has است. سؤال بازطراحی‌شده برای تنوع بیشتر آزمون.,ترنم همدلی,original,1405
یازدهم,تجربی,زبان انگلیسی,زبان انگلیسی,بخش 2,گرامر,,متوسط,"کدام گزینه از نظر محتوایی درست است؟
کدام جمله درست است؟",She has finished her work.,She have finished.,She finish has.,She finishing has.,A,ساختار حال کامل برای she با has است. سؤال بازطراحی‌شده برای تنوع بیشتر آزمون.,ترنم همدلی,original,1405
یازدهم,تجربی,زبان انگلیسی,زبان انگلیسی,بخش 2,گرامر,,متوسط,"گزینه درست برای پرسش زیر را مشخص کنید:
کدام جمله درست است؟",She have finished.,She finish has.,She finishing has.,She has finished her work.,D,ساختار حال کامل برای she با has است. سؤال بازطراحی‌شده برای تنوع بیشتر آزمون.,ترنم همدلی,original,1405
یازدهم,تجربی,زبان انگلیسی,زبان انگلیسی,بخش 3,مجهول,,متوسط,"در سؤال زیر، گزینه درست را انتخاب کنید:
کدام جمله مجهول است؟",Ali wrote the letter.,The letter was written by Ali.,Ali writes letters.,Ali is writing.,B,در جمله دوم فاعل گیرنده عمل است. سؤال بازطراحی‌شده برای تنوع بیشتر آزمون.,ترنم همدلی,original,1405
یازدهم,تجربی,زبان انگلیسی,زبان انگلیسی,بخش 3,مجهول,,متوسط,"کدام گزینه پاسخ صحیح این پرسش است؟
کدام جمله مجهول است؟",The letter was written by Ali.,Ali writes letters.,Ali is writing.,Ali wrote the letter.,A,در جمله دوم فاعل گیرنده عمل است. سؤال بازطراحی‌شده برای تنوع بیشتر آزمون.,ترنم همدلی,original,1405
یازدهم,تجربی,زبان انگلیسی,زبان انگلیسی,بخش 3,مجهول,,متوسط,"با دقت به پرسش زیر، گزینه درست را مشخص کنید:
کدام جمله مجهول است؟",Ali writes letters.,Ali is writing.,Ali wrote the letter.,The letter was written by Ali.,D,در جمله دوم فاعل گیرنده عمل است. سؤال بازطراحی‌شده برای تنوع بیشتر آزمون.,ترنم همدلی,original,1405
یازدهم,تجربی,زبان انگلیسی,زبان انگلیسی,بخش 3,مجهول,,متوسط,"کدام گزینه با صورت سؤال زیر سازگار است؟
کدام جمله مجهول است؟",Ali is writing.,Ali wrote the letter.,The letter was written by Ali.,Ali writes letters.,C,در جمله دوم فاعل گیرنده عمل است. سؤال بازطراحی‌شده برای تنوع بیشتر آزمون.,ترنم همدلی,original,1405
یازدهم,تجربی,زبان انگلیسی,زبان انگلیسی,بخش 3,مجهول,,متوسط,"پاسخ صحیح پرسش زیر کدام است؟
کدام جمله مجهول است؟",Ali wrote the letter.,The letter was written by Ali.,Ali writes letters.,Ali is writing.,B,در جمله دوم فاعل گیرنده عمل است. سؤال بازطراحی‌شده برای تنوع بیشتر آزمون.,ترنم همدلی,original,1405
یازدهم,تجربی,زبان انگلیسی,زبان انگلیسی,بخش 3,مجهول,,متوسط,"در میان گزینه‌های زیر، پاسخ درست را پیدا کنید:
کدام جمله مجهول است؟",The letter was written by Ali.,Ali writes letters.,Ali is writing.,Ali wrote the letter.,A,در جمله دوم فاعل گیرنده عمل است. سؤال بازطراحی‌شده برای تنوع بیشتر آزمون.,ترنم همدلی,original,1405
یازدهم,تجربی,زبان انگلیسی,زبان انگلیسی,بخش 3,مجهول,,متوسط,"کدام گزینه با محتوای سؤال زیر هماهنگ است؟
کدام جمله مجهول است؟",Ali writes letters.,Ali is writing.,Ali wrote the letter.,The letter was written by Ali.,D,در جمله دوم فاعل گیرنده عمل است. سؤال بازطراحی‌شده برای تنوع بیشتر آزمون.,ترنم همدلی,original,1405
یازدهم,تجربی,زبان انگلیسی,زبان انگلیسی,بخش 3,مجهول,,متوسط,"با توجه به پرسش زیر، گزینه صحیح را انتخاب کنید:
کدام جمله مجهول است؟",Ali is writing.,Ali wrote the letter.,The letter was written by Ali.,Ali writes letters.,C,در جمله دوم فاعل گیرنده عمل است. سؤال بازطراحی‌شده برای تنوع بیشتر آزمون.,ترنم همدلی,original,1405
یازدهم,تجربی,زبان انگلیسی,زبان انگلیسی,بخش 3,مجهول,,متوسط,"کدام گزینه از نظر محتوایی درست است؟
کدام جمله مجهول است؟",Ali wrote the letter.,The letter was written by Ali.,Ali writes letters.,Ali is writing.,B,در جمله دوم فاعل گیرنده عمل است. سؤال بازطراحی‌شده برای تنوع بیشتر آزمون.,ترنم همدلی,original,1405
یازدهم,تجربی,زبان انگلیسی,زبان انگلیسی,بخش 3,مجهول,,متوسط,"گزینه درست برای پرسش زیر را مشخص کنید:
کدام جمله مجهول است؟",The letter was written by Ali.,Ali writes letters.,Ali is writing.,Ali wrote the letter.,A,در جمله دوم فاعل گیرنده عمل است. سؤال بازطراحی‌شده برای تنوع بیشتر آزمون.,ترنم همدلی,original,1405
یازدهم,تجربی,زبان انگلیسی,زبان انگلیسی,بخش 4,شرطی,,متوسط,"در سؤال زیر، گزینه درست را انتخاب کنید:
کدام جمله شرطی نوع اول است؟","If it rains, we will stay home.","If it rained, we would stay.","If it had rained, we would have stayed.",It rains yesterday.,A,شرطی نوع اول معمولاً if+حال و will دارد. سؤال بازطراحی‌شده برای تنوع بیشتر آزمون.,ترنم همدلی,original,1405
یازدهم,تجربی,زبان انگلیسی,زبان انگلیسی,بخش 4,شرطی,,متوسط,"کدام گزینه پاسخ صحیح این پرسش است؟
کدام جمله شرطی نوع اول است؟","If it rained, we would stay.","If it had rained, we would have stayed.",It rains yesterday.,"If it rains, we will stay home.",D,شرطی نوع اول معمولاً if+حال و will دارد. سؤال بازطراحی‌شده برای تنوع بیشتر آزمون.,ترنم همدلی,original,1405
یازدهم,تجربی,زبان انگلیسی,زبان انگلیسی,بخش 4,شرطی,,متوسط,"با دقت به پرسش زیر، گزینه درست را مشخص کنید:
کدام جمله شرطی نوع اول است؟","If it had rained, we would have stayed.",It rains yesterday.,"If it rains, we will stay home.","If it rained, we would stay.",C,شرطی نوع اول معمولاً if+حال و will دارد. سؤال بازطراحی‌شده برای تنوع بیشتر آزمون.,ترنم همدلی,original,1405
یازدهم,تجربی,زبان انگلیسی,زبان انگلیسی,بخش 4,شرطی,,متوسط,"کدام گزینه با صورت سؤال زیر سازگار است؟
کدام جمله شرطی نوع اول است؟",It rains yesterday.,"If it rains, we will stay home.","If it rained, we would stay.","If it had rained, we would have stayed.",B,شرطی نوع اول معمولاً if+حال و will دارد. سؤال بازطراحی‌شده برای تنوع بیشتر آزمون.,ترنم همدلی,original,1405
یازدهم,تجربی,زبان انگلیسی,زبان انگلیسی,بخش 4,شرطی,,متوسط,"پاسخ صحیح پرسش زیر کدام است؟
کدام جمله شرطی نوع اول است؟","If it rains, we will stay home.","If it rained, we would stay.","If it had rained, we would have stayed.",It rains yesterday.,A,شرطی نوع اول معمولاً if+حال و will دارد. سؤال بازطراحی‌شده برای تنوع بیشتر آزمون.,ترنم همدلی,original,1405
یازدهم,تجربی,زبان انگلیسی,زبان انگلیسی,بخش 4,شرطی,,متوسط,"در میان گزینه‌های زیر، پاسخ درست را پیدا کنید:
کدام جمله شرطی نوع اول است؟","If it rained, we would stay.","If it had rained, we would have stayed.",It rains yesterday.,"If it rains, we will stay home.",D,شرطی نوع اول معمولاً if+حال و will دارد. سؤال بازطراحی‌شده برای تنوع بیشتر آزمون.,ترنم همدلی,original,1405
یازدهم,تجربی,زبان انگلیسی,زبان انگلیسی,بخش 4,شرطی,,متوسط,"کدام گزینه با محتوای سؤال زیر هماهنگ است؟
کدام جمله شرطی نوع اول است؟","If it had rained, we would have stayed.",It rains yesterday.,"If it rains, we will stay home.","If it rained, we would stay.",C,شرطی نوع اول معمولاً if+حال و will دارد. سؤال بازطراحی‌شده برای تنوع بیشتر آزمون.,ترنم همدلی,original,1405
یازدهم,تجربی,زبان انگلیسی,زبان انگلیسی,بخش 4,شرطی,,متوسط,"با توجه به پرسش زیر، گزینه صحیح را انتخاب کنید:
کدام جمله شرطی نوع اول است؟",It rains yesterday.,"If it rains, we will stay home.","If it rained, we would stay.","If it had rained, we would have stayed.",B,شرطی نوع اول معمولاً if+حال و will دارد. سؤال بازطراحی‌شده برای تنوع بیشتر آزمون.,ترنم همدلی,original,1405
یازدهم,تجربی,زبان انگلیسی,زبان انگلیسی,بخش 4,شرطی,,متوسط,"کدام گزینه از نظر محتوایی درست است؟
کدام جمله شرطی نوع اول است؟","If it rains, we will stay home.","If it rained, we would stay.","If it had rained, we would have stayed.",It rains yesterday.,A,شرطی نوع اول معمولاً if+حال و will دارد. سؤال بازطراحی‌شده برای تنوع بیشتر آزمون.,ترنم همدلی,original,1405
یازدهم,تجربی,زبان انگلیسی,زبان انگلیسی,بخش 4,شرطی,,متوسط,"گزینه درست برای پرسش زیر را مشخص کنید:
کدام جمله شرطی نوع اول است؟","If it rained, we would stay.","If it had rained, we would have stayed.",It rains yesterday.,"If it rains, we will stay home.",D,شرطی نوع اول معمولاً if+حال و will دارد. سؤال بازطراحی‌شده برای تنوع بیشتر آزمون.,ترنم همدلی,original,1405
یازدهم,تجربی,زبان انگلیسی,زبان انگلیسی,بخش 5,درک مطلب,,متوسط,"در سؤال زیر، گزینه درست را انتخاب کنید:
برای فهم ایده اصلی متن چه چیزی مهم است؟",تمرکز بر پیام کلی,حفظ همه کلمات,نادیده گرفتن عنوان,فقط ترجمه یک جمله,A,ایده اصلی پیام کلی متن است. سؤال بازطراحی‌شده برای تنوع بیشتر آزمون.,ترنم همدلی,original,1405
یازدهم,تجربی,زبان انگلیسی,زبان انگلیسی,بخش 5,درک مطلب,,متوسط,"کدام گزینه پاسخ صحیح این پرسش است؟
برای فهم ایده اصلی متن چه چیزی مهم است؟",حفظ همه کلمات,نادیده گرفتن عنوان,فقط ترجمه یک جمله,تمرکز بر پیام کلی,D,ایده اصلی پیام کلی متن است. سؤال بازطراحی‌شده برای تنوع بیشتر آزمون.,ترنم همدلی,original,1405
یازدهم,تجربی,زبان انگلیسی,زبان انگلیسی,بخش 5,درک مطلب,,متوسط,"با دقت به پرسش زیر، گزینه درست را مشخص کنید:
برای فهم ایده اصلی متن چه چیزی مهم است؟",نادیده گرفتن عنوان,فقط ترجمه یک جمله,تمرکز بر پیام کلی,حفظ همه کلمات,C,ایده اصلی پیام کلی متن است. سؤال بازطراحی‌شده برای تنوع بیشتر آزمون.,ترنم همدلی,original,1405
یازدهم,تجربی,زبان انگلیسی,زبان انگلیسی,بخش 5,درک مطلب,,متوسط,"کدام گزینه با صورت سؤال زیر سازگار است؟
برای فهم ایده اصلی متن چه چیزی مهم است؟",فقط ترجمه یک جمله,تمرکز بر پیام کلی,حفظ همه کلمات,نادیده گرفتن عنوان,B,ایده اصلی پیام کلی متن است. سؤال بازطراحی‌شده برای تنوع بیشتر آزمون.,ترنم همدلی,original,1405
یازدهم,تجربی,زبان انگلیسی,زبان انگلیسی,بخش 5,درک مطلب,,متوسط,"پاسخ صحیح پرسش زیر کدام است؟
برای فهم ایده اصلی متن چه چیزی مهم است؟",تمرکز بر پیام کلی,حفظ همه کلمات,نادیده گرفتن عنوان,فقط ترجمه یک جمله,A,ایده اصلی پیام کلی متن است. سؤال بازطراحی‌شده برای تنوع بیشتر آزمون.,ترنم همدلی,original,1405
یازدهم,تجربی,زبان انگلیسی,زبان انگلیسی,بخش 5,درک مطلب,,متوسط,"در میان گزینه‌های زیر، پاسخ درست را پیدا کنید:
برای فهم ایده اصلی متن چه چیزی مهم است؟",حفظ همه کلمات,نادیده گرفتن عنوان,فقط ترجمه یک جمله,تمرکز بر پیام کلی,D,ایده اصلی پیام کلی متن است. سؤال بازطراحی‌شده برای تنوع بیشتر آزمون.,ترنم همدلی,original,1405
یازدهم,تجربی,زبان انگلیسی,زبان انگلیسی,بخش 5,درک مطلب,,متوسط,"کدام گزینه با محتوای سؤال زیر هماهنگ است؟
برای فهم ایده اصلی متن چه چیزی مهم است؟",نادیده گرفتن عنوان,فقط ترجمه یک جمله,تمرکز بر پیام کلی,حفظ همه کلمات,C,ایده اصلی پیام کلی متن است. سؤال بازطراحی‌شده برای تنوع بیشتر آزمون.,ترنم همدلی,original,1405
یازدهم,تجربی,زبان انگلیسی,زبان انگلیسی,بخش 5,درک مطلب,,متوسط,"با توجه به پرسش زیر، گزینه صحیح را انتخاب کنید:
برای فهم ایده اصلی متن چه چیزی مهم است؟",فقط ترجمه یک جمله,تمرکز بر پیام کلی,حفظ همه کلمات,نادیده گرفتن عنوان,B,ایده اصلی پیام کلی متن است. سؤال بازطراحی‌شده برای تنوع بیشتر آزمون.,ترنم همدلی,original,1405
یازدهم,تجربی,زبان انگلیسی,زبان انگلیسی,بخش 5,درک مطلب,,متوسط,"کدام گزینه از نظر محتوایی درست است؟
برای فهم ایده اصلی متن چه چیزی مهم است؟",تمرکز بر پیام کلی,حفظ همه کلمات,نادیده گرفتن عنوان,فقط ترجمه یک جمله,A,ایده اصلی پیام کلی متن است. سؤال بازطراحی‌شده برای تنوع بیشتر آزمون.,ترنم همدلی,original,1405
یازدهم,تجربی,زبان انگلیسی,زبان انگلیسی,بخش 5,درک مطلب,,متوسط,"گزینه درست برای پرسش زیر را مشخص کنید:
برای فهم ایده اصلی متن چه چیزی مهم است؟",حفظ همه کلمات,نادیده گرفتن عنوان,فقط ترجمه یک جمله,تمرکز بر پیام کلی,D,ایده اصلی پیام کلی متن است. سؤال بازطراحی‌شده برای تنوع بیشتر آزمون.,ترنم همدلی,original,1405
یازدهم,تجربی,زبان انگلیسی,زبان انگلیسی,بخش 6,واژگان,,متوسط,"در سؤال زیر، گزینه درست را انتخاب کنید:
opposite of ""increase"" چیست؟",decrease,improve,expand,raise,A,decrease متضاد increase است. سؤال بازطراحی‌شده برای تنوع بیشتر آزمون.,ترنم همدلی,original,1405
یازدهم,تجربی,زبان انگلیسی,زبان انگلیسی,بخش 6,واژگان,,متوسط,"کدام گزینه پاسخ صحیح این پرسش است؟
opposite of ""increase"" چیست؟",improve,expand,raise,decrease,D,decrease متضاد increase است. سؤال بازطراحی‌شده برای تنوع بیشتر آزمون.,ترنم همدلی,original,1405
یازدهم,تجربی,زبان انگلیسی,زبان انگلیسی,بخش 6,واژگان,,متوسط,"با دقت به پرسش زیر، گزینه درست را مشخص کنید:
opposite of ""increase"" چیست؟",expand,raise,decrease,improve,C,decrease متضاد increase است. سؤال بازطراحی‌شده برای تنوع بیشتر آزمون.,ترنم همدلی,original,1405
یازدهم,تجربی,زبان انگلیسی,زبان انگلیسی,بخش 6,واژگان,,متوسط,"کدام گزینه با صورت سؤال زیر سازگار است؟
opposite of ""increase"" چیست؟",raise,decrease,improve,expand,B,decrease متضاد increase است. سؤال بازطراحی‌شده برای تنوع بیشتر آزمون.,ترنم همدلی,original,1405
یازدهم,تجربی,زبان انگلیسی,زبان انگلیسی,بخش 6,واژگان,,متوسط,"پاسخ صحیح پرسش زیر کدام است؟
opposite of ""increase"" چیست؟",decrease,improve,expand,raise,A,decrease متضاد increase است. سؤال بازطراحی‌شده برای تنوع بیشتر آزمون.,ترنم همدلی,original,1405
یازدهم,تجربی,زبان انگلیسی,زبان انگلیسی,بخش 6,واژگان,,متوسط,"در میان گزینه‌های زیر، پاسخ درست را پیدا کنید:
opposite of ""increase"" چیست؟",improve,expand,raise,decrease,D,decrease متضاد increase است. سؤال بازطراحی‌شده برای تنوع بیشتر آزمون.,ترنم همدلی,original,1405
یازدهم,تجربی,زبان انگلیسی,زبان انگلیسی,بخش 6,واژگان,,متوسط,"کدام گزینه با محتوای سؤال زیر هماهنگ است؟
opposite of ""increase"" چیست؟",expand,raise,decrease,improve,C,decrease متضاد increase است. سؤال بازطراحی‌شده برای تنوع بیشتر آزمون.,ترنم همدلی,original,1405
یازدهم,تجربی,زبان انگلیسی,زبان انگلیسی,بخش 6,واژگان,,متوسط,"با توجه به پرسش زیر، گزینه صحیح را انتخاب کنید:
opposite of ""increase"" چیست؟",raise,decrease,improve,expand,B,decrease متضاد increase است. سؤال بازطراحی‌شده برای تنوع بیشتر آزمون.,ترنم همدلی,original,1405
یازدهم,تجربی,زبان انگلیسی,زبان انگلیسی,بخش 6,واژگان,,متوسط,"کدام گزینه از نظر محتوایی درست است؟
opposite of ""increase"" چیست؟",decrease,improve,expand,raise,A,decrease متضاد increase است. سؤال بازطراحی‌شده برای تنوع بیشتر آزمون.,ترنم همدلی,original,1405
یازدهم,تجربی,زبان انگلیسی,زبان انگلیسی,بخش 6,واژگان,,متوسط,"گزینه درست برای پرسش زیر را مشخص کنید:
opposite of ""increase"" چیست؟",improve,expand,raise,decrease,D,decrease متضاد increase است. سؤال بازطراحی‌شده برای تنوع بیشتر آزمون.,ترنم همدلی,original,1405
یازدهم,تجربی,زیست‌شناسی,زیست‌شناسی یازدهم,بخش 1,یاخته,,متوسط,"در سؤال زیر، گزینه درست را انتخاب کنید:
میتوکندری چه نقشی دارد؟",تولید ATP,ساخت دیواره,ذخیره DNA در همه سلول‌ها,ساخت کلروفیل,A,میتوکندری محل اصلی تولید ATP در تنفس یاخته‌ای است. سؤال بازطراحی‌شده برای تنوع بیشتر آزمون.,ترنم همدلی,original,1405
یازدهم,تجربی,زیست‌شناسی,زیست‌شناسی یازدهم,بخش 1,یاخته,,متوسط,"کدام گزینه پاسخ صحیح این پرسش است؟
میتوکندری چه نقشی دارد؟",ساخت دیواره,ذخیره DNA در همه سلول‌ها,ساخت کلروفیل,تولید ATP,D,میتوکندری محل اصلی تولید ATP در تنفس یاخته‌ای است. سؤال بازطراحی‌شده برای تنوع بیشتر آزمون.,ترنم همدلی,original,1405
یازدهم,تجربی,زیست‌شناسی,زیست‌شناسی یازدهم,بخش 1,یاخته,,متوسط,"با دقت به پرسش زیر، گزینه درست را مشخص کنید:
میتوکندری چه نقشی دارد؟",ذخیره DNA در همه سلول‌ها,ساخت کلروفیل,تولید ATP,ساخت دیواره,C,میتوکندری محل اصلی تولید ATP در تنفس یاخته‌ای است. سؤال بازطراحی‌شده برای تنوع بیشتر آزمون.,ترنم همدلی,original,1405
یازدهم,تجربی,زیست‌شناسی,زیست‌شناسی یازدهم,بخش 1,یاخته,,متوسط,"کدام گزینه با صورت سؤال زیر سازگار است؟
میتوکندری چه نقشی دارد؟",ساخت کلروفیل,تولید ATP,ساخت دیواره,ذخیره DNA در همه سلول‌ها,B,میتوکندری محل اصلی تولید ATP در تنفس یاخته‌ای است. سؤال بازطراحی‌شده برای تنوع بیشتر آزمون.,ترنم همدلی,original,1405
یازدهم,تجربی,زیست‌شناسی,زیست‌شناسی یازدهم,بخش 1,یاخته,,متوسط,"پاسخ صحیح پرسش زیر کدام است؟
میتوکندری چه نقشی دارد؟",تولید ATP,ساخت دیواره,ذخیره DNA در همه سلول‌ها,ساخت کلروفیل,A,میتوکندری محل اصلی تولید ATP در تنفس یاخته‌ای است. سؤال بازطراحی‌شده برای تنوع بیشتر آزمون.,ترنم همدلی,original,1405
یازدهم,تجربی,زیست‌شناسی,زیست‌شناسی یازدهم,بخش 1,یاخته,,متوسط,"در میان گزینه‌های زیر، پاسخ درست را پیدا کنید:
میتوکندری چه نقشی دارد؟",ساخت دیواره,ذخیره DNA در همه سلول‌ها,ساخت کلروفیل,تولید ATP,D,میتوکندری محل اصلی تولید ATP در تنفس یاخته‌ای است. سؤال بازطراحی‌شده برای تنوع بیشتر آزمون.,ترنم همدلی,original,1405
یازدهم,تجربی,زیست‌شناسی,زیست‌شناسی یازدهم,بخش 1,یاخته,,متوسط,"کدام گزینه با محتوای سؤال زیر هماهنگ است؟
میتوکندری چه نقشی دارد؟",ذخیره DNA در همه سلول‌ها,ساخت کلروفیل,تولید ATP,ساخت دیواره,C,میتوکندری محل اصلی تولید ATP در تنفس یاخته‌ای است. سؤال بازطراحی‌شده برای تنوع بیشتر آزمون.,ترنم همدلی,original,1405
یازدهم,تجربی,زیست‌شناسی,زیست‌شناسی یازدهم,بخش 1,یاخته,,متوسط,"با توجه به پرسش زیر، گزینه صحیح را انتخاب کنید:
میتوکندری چه نقشی دارد؟",ساخت کلروفیل,تولید ATP,ساخت دیواره,ذخیره DNA در همه سلول‌ها,B,میتوکندری محل اصلی تولید ATP در تنفس یاخته‌ای است. سؤال بازطراحی‌شده برای تنوع بیشتر آزمون.,ترنم همدلی,original,1405
یازدهم,تجربی,زیست‌شناسی,زیست‌شناسی یازدهم,بخش 1,یاخته,,متوسط,"کدام گزینه از نظر محتوایی درست است؟
میتوکندری چه نقشی دارد؟",تولید ATP,ساخت دیواره,ذخیره DNA در همه سلول‌ها,ساخت کلروفیل,A,میتوکندری محل اصلی تولید ATP در تنفس یاخته‌ای است. سؤال بازطراحی‌شده برای تنوع بیشتر آزمون.,ترنم همدلی,original,1405
یازدهم,تجربی,زیست‌شناسی,زیست‌شناسی یازدهم,بخش 1,یاخته,,متوسط,"گزینه درست برای پرسش زیر را مشخص کنید:
میتوکندری چه نقشی دارد؟",ساخت دیواره,ذخیره DNA در همه سلول‌ها,ساخت کلروفیل,تولید ATP,D,میتوکندری محل اصلی تولید ATP در تنفس یاخته‌ای است. سؤال بازطراحی‌شده برای تنوع بیشتر آزمون.,ترنم همدلی,original,1405
یازدهم,تجربی,زیست‌شناسی,زیست‌شناسی یازدهم,بخش 2,بافت,,متوسط,"در سؤال زیر، گزینه درست را انتخاب کنید:
وظیفه اصلی بافت پوششی چیست؟",پوشش و حفاظت,انقباض,انتقال پیام عصبی,تولید گلبول قرمز,A,بافت پوششی سطوح را می‌پوشاند و حفاظت می‌کند. سؤال بازطراحی‌شده برای تنوع بیشتر آزمون.,ترنم همدلی,original,1405
یازدهم,تجربی,زیست‌شناسی,زیست‌شناسی یازدهم,بخش 2,بافت,,متوسط,"کدام گزینه پاسخ صحیح این پرسش است؟
وظیفه اصلی بافت پوششی چیست؟",انقباض,انتقال پیام عصبی,تولید گلبول قرمز,پوشش و حفاظت,D,بافت پوششی سطوح را می‌پوشاند و حفاظت می‌کند. سؤال بازطراحی‌شده برای تنوع بیشتر آزمون.,ترنم همدلی,original,1405
یازدهم,تجربی,زیست‌شناسی,زیست‌شناسی یازدهم,بخش 2,بافت,,متوسط,"با دقت به پرسش زیر، گزینه درست را مشخص کنید:
وظیفه اصلی بافت پوششی چیست؟",انتقال پیام عصبی,تولید گلبول قرمز,پوشش و حفاظت,انقباض,C,بافت پوششی سطوح را می‌پوشاند و حفاظت می‌کند. سؤال بازطراحی‌شده برای تنوع بیشتر آزمون.,ترنم همدلی,original,1405
یازدهم,تجربی,زیست‌شناسی,زیست‌شناسی یازدهم,بخش 2,بافت,,متوسط,"کدام گزینه با صورت سؤال زیر سازگار است؟
وظیفه اصلی بافت پوششی چیست؟",تولید گلبول قرمز,پوشش و حفاظت,انقباض,انتقال پیام عصبی,B,بافت پوششی سطوح را می‌پوشاند و حفاظت می‌کند. سؤال بازطراحی‌شده برای تنوع بیشتر آزمون.,ترنم همدلی,original,1405
یازدهم,تجربی,زیست‌شناسی,زیست‌شناسی یازدهم,بخش 2,بافت,,متوسط,"پاسخ صحیح پرسش زیر کدام است؟
وظیفه اصلی بافت پوششی چیست؟",پوشش و حفاظت,انقباض,انتقال پیام عصبی,تولید گلبول قرمز,A,بافت پوششی سطوح را می‌پوشاند و حفاظت می‌کند. سؤال بازطراحی‌شده برای تنوع بیشتر آزمون.,ترنم همدلی,original,1405
یازدهم,تجربی,زیست‌شناسی,زیست‌شناسی یازدهم,بخش 2,بافت,,متوسط,"در میان گزینه‌های زیر، پاسخ درست را پیدا کنید:
وظیفه اصلی بافت پوششی چیست؟",انقباض,انتقال پیام عصبی,تولید گلبول قرمز,پوشش و حفاظت,D,بافت پوششی سطوح را می‌پوشاند و حفاظت می‌کند. سؤال بازطراحی‌شده برای تنوع بیشتر آزمون.,ترنم همدلی,original,1405
یازدهم,تجربی,زیست‌شناسی,زیست‌شناسی یازدهم,بخش 2,بافت,,متوسط,"کدام گزینه با محتوای سؤال زیر هماهنگ است؟
وظیفه اصلی بافت پوششی چیست؟",انتقال پیام عصبی,تولید گلبول قرمز,پوشش و حفاظت,انقباض,C,بافت پوششی سطوح را می‌پوشاند و حفاظت می‌کند. سؤال بازطراحی‌شده برای تنوع بیشتر آزمون.,ترنم همدلی,original,1405
یازدهم,تجربی,زیست‌شناسی,زیست‌شناسی یازدهم,بخش 2,بافت,,متوسط,"با توجه به پرسش زیر، گزینه صحیح را انتخاب کنید:
وظیفه اصلی بافت پوششی چیست؟",تولید گلبول قرمز,پوشش و حفاظت,انقباض,انتقال پیام عصبی,B,بافت پوششی سطوح را می‌پوشاند و حفاظت می‌کند. سؤال بازطراحی‌شده برای تنوع بیشتر آزمون.,ترنم همدلی,original,1405
یازدهم,تجربی,زیست‌شناسی,زیست‌شناسی یازدهم,بخش 2,بافت,,متوسط,"کدام گزینه از نظر محتوایی درست است؟
وظیفه اصلی بافت پوششی چیست؟",پوشش و حفاظت,انقباض,انتقال پیام عصبی,تولید گلبول قرمز,A,بافت پوششی سطوح را می‌پوشاند و حفاظت می‌کند. سؤال بازطراحی‌شده برای تنوع بیشتر آزمون.,ترنم همدلی,original,1405
یازدهم,تجربی,زیست‌شناسی,زیست‌شناسی یازدهم,بخش 2,بافت,,متوسط,"گزینه درست برای پرسش زیر را مشخص کنید:
وظیفه اصلی بافت پوششی چیست؟",انقباض,انتقال پیام عصبی,تولید گلبول قرمز,پوشش و حفاظت,D,بافت پوششی سطوح را می‌پوشاند و حفاظت می‌کند. سؤال بازطراحی‌شده برای تنوع بیشتر آزمون.,ترنم همدلی,original,1405
یازدهم,تجربی,زیست‌شناسی,زیست‌شناسی یازدهم,بخش 3,گوارش,,متوسط,"در سؤال زیر، گزینه درست را انتخاب کنید:
بیشترین جذب مواد غذایی در کجاست؟",معده,روده باریک,روده بزرگ,مری,B,روده باریک محل اصلی جذب است. سؤال بازطراحی‌شده برای تنوع بیشتر آزمون.,ترنم همدلی,original,1405
یازدهم,تجربی,زیست‌شناسی,زیست‌شناسی یازدهم,بخش 3,گوارش,,متوسط,"کدام گزینه پاسخ صحیح این پرسش است؟
بیشترین جذب مواد غذایی در کجاست؟",روده باریک,روده بزرگ,مری,معده,A,روده باریک محل اصلی جذب است. سؤال بازطراحی‌شده برای تنوع بیشتر آزمون.,ترنم همدلی,original,1405
یازدهم,تجربی,زیست‌شناسی,زیست‌شناسی یازدهم,بخش 3,گوارش,,متوسط,"با دقت به پرسش زیر، گزینه درست را مشخص کنید:
بیشترین جذب مواد غذایی در کجاست؟",روده بزرگ,مری,معده,روده باریک,D,روده باریک محل اصلی جذب است. سؤال بازطراحی‌شده برای تنوع بیشتر آزمون.,ترنم همدلی,original,1405
یازدهم,تجربی,زیست‌شناسی,زیست‌شناسی یازدهم,بخش 3,گوارش,,متوسط,"کدام گزینه با صورت سؤال زیر سازگار است؟
بیشترین جذب مواد غذایی در کجاست؟",مری,معده,روده باریک,روده بزرگ,C,روده باریک محل اصلی جذب است. سؤال بازطراحی‌شده برای تنوع بیشتر آزمون.,ترنم همدلی,original,1405
یازدهم,تجربی,زیست‌شناسی,زیست‌شناسی یازدهم,بخش 3,گوارش,,متوسط,"پاسخ صحیح پرسش زیر کدام است؟
بیشترین جذب مواد غذایی در کجاست؟",معده,روده باریک,روده بزرگ,مری,B,روده باریک محل اصلی جذب است. سؤال بازطراحی‌شده برای تنوع بیشتر آزمون.,ترنم همدلی,original,1405
یازدهم,تجربی,زیست‌شناسی,زیست‌شناسی یازدهم,بخش 3,گوارش,,متوسط,"در میان گزینه‌های زیر، پاسخ درست را پیدا کنید:
بیشترین جذب مواد غذایی در کجاست؟",روده باریک,روده بزرگ,مری,معده,A,روده باریک محل اصلی جذب است. سؤال بازطراحی‌شده برای تنوع بیشتر آزمون.,ترنم همدلی,original,1405
یازدهم,تجربی,زیست‌شناسی,زیست‌شناسی یازدهم,بخش 3,گوارش,,متوسط,"کدام گزینه با محتوای سؤال زیر هماهنگ است؟
بیشترین جذب مواد غذایی در کجاست؟",روده بزرگ,مری,معده,روده باریک,D,روده باریک محل اصلی جذب است. سؤال بازطراحی‌شده برای تنوع بیشتر آزمون.,ترنم همدلی,original,1405
یازدهم,تجربی,زیست‌شناسی,زیست‌شناسی یازدهم,بخش 3,گوارش,,متوسط,"با توجه به پرسش زیر، گزینه صحیح را انتخاب کنید:
بیشترین جذب مواد غذایی در کجاست؟",مری,معده,روده باریک,روده بزرگ,C,روده باریک محل اصلی جذب است. سؤال بازطراحی‌شده برای تنوع بیشتر آزمون.,ترنم همدلی,original,1405
یازدهم,تجربی,زیست‌شناسی,زیست‌شناسی یازدهم,بخش 3,گوارش,,متوسط,"کدام گزینه از نظر محتوایی درست است؟
بیشترین جذب مواد غذایی در کجاست؟",معده,روده باریک,روده بزرگ,مری,B,روده باریک محل اصلی جذب است. سؤال بازطراحی‌شده برای تنوع بیشتر آزمون.,ترنم همدلی,original,1405
یازدهم,تجربی,زیست‌شناسی,زیست‌شناسی یازدهم,بخش 3,گوارش,,متوسط,"گزینه درست برای پرسش زیر را مشخص کنید:
بیشترین جذب مواد غذایی در کجاست؟",روده باریک,روده بزرگ,مری,معده,A,روده باریک محل اصلی جذب است. سؤال بازطراحی‌شده برای تنوع بیشتر آزمون.,ترنم همدلی,original,1405
یازدهم,تجربی,زیست‌شناسی,زیست‌شناسی یازدهم,بخش 4,گردش خون,,متوسط,"در سؤال زیر، گزینه درست را انتخاب کنید:
کدام رگ خون را از قلب دور می‌کند؟",سیاهرگ,سرخرگ,مویرگ,لنف,B,سرخرگ‌ها خون را از قلب دور می‌کنند. سؤال بازطراحی‌شده برای تنوع بیشتر آزمون.,ترنم همدلی,original,1405
یازدهم,تجربی,زیست‌شناسی,زیست‌شناسی یازدهم,بخش 4,گردش خون,,متوسط,"کدام گزینه پاسخ صحیح این پرسش است؟
کدام رگ خون را از قلب دور می‌کند؟",سرخرگ,مویرگ,لنف,سیاهرگ,A,سرخرگ‌ها خون را از قلب دور می‌کنند. سؤال بازطراحی‌شده برای تنوع بیشتر آزمون.,ترنم همدلی,original,1405
یازدهم,تجربی,زیست‌شناسی,زیست‌شناسی یازدهم,بخش 4,گردش خون,,متوسط,"با دقت به پرسش زیر، گزینه درست را مشخص کنید:
کدام رگ خون را از قلب دور می‌کند؟",مویرگ,لنف,سیاهرگ,سرخرگ,D,سرخرگ‌ها خون را از قلب دور می‌کنند. سؤال بازطراحی‌شده برای تنوع بیشتر آزمون.,ترنم همدلی,original,1405
یازدهم,تجربی,زیست‌شناسی,زیست‌شناسی یازدهم,بخش 4,گردش خون,,متوسط,"کدام گزینه با صورت سؤال زیر سازگار است؟
کدام رگ خون را از قلب دور می‌کند؟",لنف,سیاهرگ,سرخرگ,مویرگ,C,سرخرگ‌ها خون را از قلب دور می‌کنند. سؤال بازطراحی‌شده برای تنوع بیشتر آزمون.,ترنم همدلی,original,1405
یازدهم,تجربی,زیست‌شناسی,زیست‌شناسی یازدهم,بخش 4,گردش خون,,متوسط,"پاسخ صحیح پرسش زیر کدام است؟
کدام رگ خون را از قلب دور می‌کند؟",سیاهرگ,سرخرگ,مویرگ,لنف,B,سرخرگ‌ها خون را از قلب دور می‌کنند. سؤال بازطراحی‌شده برای تنوع بیشتر آزمون.,ترنم همدلی,original,1405
یازدهم,تجربی,زیست‌شناسی,زیست‌شناسی یازدهم,بخش 4,گردش خون,,متوسط,"در میان گزینه‌های زیر، پاسخ درست را پیدا کنید:
کدام رگ خون را از قلب دور می‌کند؟",سرخرگ,مویرگ,لنف,سیاهرگ,A,سرخرگ‌ها خون را از قلب دور می‌کنند. سؤال بازطراحی‌شده برای تنوع بیشتر آزمون.,ترنم همدلی,original,1405
یازدهم,تجربی,زیست‌شناسی,زیست‌شناسی یازدهم,بخش 4,گردش خون,,متوسط,"کدام گزینه با محتوای سؤال زیر هماهنگ است؟
کدام رگ خون را از قلب دور می‌کند؟",مویرگ,لنف,سیاهرگ,سرخرگ,D,سرخرگ‌ها خون را از قلب دور می‌کنند. سؤال بازطراحی‌شده برای تنوع بیشتر آزمون.,ترنم همدلی,original,1405
یازدهم,تجربی,زیست‌شناسی,زیست‌شناسی یازدهم,بخش 4,گردش خون,,متوسط,"با توجه به پرسش زیر، گزینه صحیح را انتخاب کنید:
کدام رگ خون را از قلب دور می‌کند؟",لنف,سیاهرگ,سرخرگ,مویرگ,C,سرخرگ‌ها خون را از قلب دور می‌کنند. سؤال بازطراحی‌شده برای تنوع بیشتر آزمون.,ترنم همدلی,original,1405
یازدهم,تجربی,زیست‌شناسی,زیست‌شناسی یازدهم,بخش 4,گردش خون,,متوسط,"کدام گزینه از نظر محتوایی درست است؟
کدام رگ خون را از قلب دور می‌کند؟",سیاهرگ,سرخرگ,مویرگ,لنف,B,سرخرگ‌ها خون را از قلب دور می‌کنند. سؤال بازطراحی‌شده برای تنوع بیشتر آزمون.,ترنم همدلی,original,1405
یازدهم,تجربی,زیست‌شناسی,زیست‌شناسی یازدهم,بخش 4,گردش خون,,متوسط,"گزینه درست برای پرسش زیر را مشخص کنید:
کدام رگ خون را از قلب دور می‌کند؟",سرخرگ,مویرگ,لنف,سیاهرگ,A,سرخرگ‌ها خون را از قلب دور می‌کنند. سؤال بازطراحی‌شده برای تنوع بیشتر آزمون.,ترنم همدلی,original,1405
یازدهم,تجربی,زیست‌شناسی,زیست‌شناسی یازدهم,بخش 5,تنفس,,متوسط,"در سؤال زیر، گزینه درست را انتخاب کنید:
محل اصلی تبادل گازها در شش چیست؟",نای,حبابک‌ها,حنجره,دیافراگم,B,تبادل گازها در حبابک‌ها انجام می‌شود. سؤال بازطراحی‌شده برای تنوع بیشتر آزمون.,ترنم همدلی,original,1405
یازدهم,تجربی,زیست‌شناسی,زیست‌شناسی یازدهم,بخش 5,تنفس,,متوسط,"کدام گزینه پاسخ صحیح این پرسش است؟
محل اصلی تبادل گازها در شش چیست؟",حبابک‌ها,حنجره,دیافراگم,نای,A,تبادل گازها در حبابک‌ها انجام می‌شود. سؤال بازطراحی‌شده برای تنوع بیشتر آزمون.,ترنم همدلی,original,1405
یازدهم,تجربی,زیست‌شناسی,زیست‌شناسی یازدهم,بخش 5,تنفس,,متوسط,"با دقت به پرسش زیر، گزینه درست را مشخص کنید:
محل اصلی تبادل گازها در شش چیست؟",حنجره,دیافراگم,نای,حبابک‌ها,D,تبادل گازها در حبابک‌ها انجام می‌شود. سؤال بازطراحی‌شده برای تنوع بیشتر آزمون.,ترنم همدلی,original,1405
یازدهم,تجربی,زیست‌شناسی,زیست‌شناسی یازدهم,بخش 5,تنفس,,متوسط,"کدام گزینه با صورت سؤال زیر سازگار است؟
محل اصلی تبادل گازها در شش چیست؟",دیافراگم,نای,حبابک‌ها,حنجره,C,تبادل گازها در حبابک‌ها انجام می‌شود. سؤال بازطراحی‌شده برای تنوع بیشتر آزمون.,ترنم همدلی,original,1405
یازدهم,تجربی,زیست‌شناسی,زیست‌شناسی یازدهم,بخش 5,تنفس,,متوسط,"پاسخ صحیح پرسش زیر کدام است؟
محل اصلی تبادل گازها در شش چیست؟",نای,حبابک‌ها,حنجره,دیافراگم,B,تبادل گازها در حبابک‌ها انجام می‌شود. سؤال بازطراحی‌شده برای تنوع بیشتر آزمون.,ترنم همدلی,original,1405
یازدهم,تجربی,زیست‌شناسی,زیست‌شناسی یازدهم,بخش 5,تنفس,,متوسط,"در میان گزینه‌های زیر، پاسخ درست را پیدا کنید:
محل اصلی تبادل گازها در شش چیست؟",حبابک‌ها,حنجره,دیافراگم,نای,A,تبادل گازها در حبابک‌ها انجام می‌شود. سؤال بازطراحی‌شده برای تنوع بیشتر آزمون.,ترنم همدلی,original,1405
یازدهم,تجربی,زیست‌شناسی,زیست‌شناسی یازدهم,بخش 5,تنفس,,متوسط,"کدام گزینه با محتوای سؤال زیر هماهنگ است؟
محل اصلی تبادل گازها در شش چیست؟",حنجره,دیافراگم,نای,حبابک‌ها,D,تبادل گازها در حبابک‌ها انجام می‌شود. سؤال بازطراحی‌شده برای تنوع بیشتر آزمون.,ترنم همدلی,original,1405
یازدهم,تجربی,زیست‌شناسی,زیست‌شناسی یازدهم,بخش 5,تنفس,,متوسط,"با توجه به پرسش زیر، گزینه صحیح را انتخاب کنید:
محل اصلی تبادل گازها در شش چیست؟",دیافراگم,نای,حبابک‌ها,حنجره,C,تبادل گازها در حبابک‌ها انجام می‌شود. سؤال بازطراحی‌شده برای تنوع بیشتر آزمون.,ترنم همدلی,original,1405
یازدهم,تجربی,زیست‌شناسی,زیست‌شناسی یازدهم,بخش 5,تنفس,,متوسط,"کدام گزینه از نظر محتوایی درست است؟
محل اصلی تبادل گازها در شش چیست؟",نای,حبابک‌ها,حنجره,دیافراگم,B,تبادل گازها در حبابک‌ها انجام می‌شود. سؤال بازطراحی‌شده برای تنوع بیشتر آزمون.,ترنم همدلی,original,1405
یازدهم,تجربی,زیست‌شناسی,زیست‌شناسی یازدهم,بخش 5,تنفس,,متوسط,"گزینه درست برای پرسش زیر را مشخص کنید:
محل اصلی تبادل گازها در شش چیست؟",حبابک‌ها,حنجره,دیافراگم,نای,A,تبادل گازها در حبابک‌ها انجام می‌شود. سؤال بازطراحی‌شده برای تنوع بیشتر آزمون.,ترنم همدلی,original,1405
یازدهم,تجربی,زیست‌شناسی,زیست‌شناسی یازدهم,بخش 6,ژنتیک,,متوسط,"در سؤال زیر، گزینه درست را انتخاب کنید:
ژن چیست؟",بخشی از DNA با اطلاعات وراثتی,نوعی سلول,بافت,هورمون,A,ژن واحدی از اطلاعات وراثتی در DNA است. سؤال بازطراحی‌شده برای تنوع بیشتر آزمون.,ترنم همدلی,original,1405
یازدهم,تجربی,زیست‌شناسی,زیست‌شناسی یازدهم,بخش 6,ژنتیک,,متوسط,"کدام گزینه پاسخ صحیح این پرسش است؟
ژن چیست؟",نوعی سلول,بافت,هورمون,بخشی از DNA با اطلاعات وراثتی,D,ژن واحدی از اطلاعات وراثتی در DNA است. سؤال بازطراحی‌شده برای تنوع بیشتر آزمون.,ترنم همدلی,original,1405
یازدهم,تجربی,زیست‌شناسی,زیست‌شناسی یازدهم,بخش 6,ژنتیک,,متوسط,"با دقت به پرسش زیر، گزینه درست را مشخص کنید:
ژن چیست؟",بافت,هورمون,بخشی از DNA با اطلاعات وراثتی,نوعی سلول,C,ژن واحدی از اطلاعات وراثتی در DNA است. سؤال بازطراحی‌شده برای تنوع بیشتر آزمون.,ترنم همدلی,original,1405
یازدهم,تجربی,زیست‌شناسی,زیست‌شناسی یازدهم,بخش 6,ژنتیک,,متوسط,"کدام گزینه با صورت سؤال زیر سازگار است؟
ژن چیست؟",هورمون,بخشی از DNA با اطلاعات وراثتی,نوعی سلول,بافت,B,ژن واحدی از اطلاعات وراثتی در DNA است. سؤال بازطراحی‌شده برای تنوع بیشتر آزمون.,ترنم همدلی,original,1405
یازدهم,تجربی,زیست‌شناسی,زیست‌شناسی یازدهم,بخش 6,ژنتیک,,متوسط,"پاسخ صحیح پرسش زیر کدام است؟
ژن چیست؟",بخشی از DNA با اطلاعات وراثتی,نوعی سلول,بافت,هورمون,A,ژن واحدی از اطلاعات وراثتی در DNA است. سؤال بازطراحی‌شده برای تنوع بیشتر آزمون.,ترنم همدلی,original,1405
یازدهم,تجربی,زیست‌شناسی,زیست‌شناسی یازدهم,بخش 6,ژنتیک,,متوسط,"در میان گزینه‌های زیر، پاسخ درست را پیدا کنید:
ژن چیست؟",نوعی سلول,بافت,هورمون,بخشی از DNA با اطلاعات وراثتی,D,ژن واحدی از اطلاعات وراثتی در DNA است. سؤال بازطراحی‌شده برای تنوع بیشتر آزمون.,ترنم همدلی,original,1405
یازدهم,تجربی,زیست‌شناسی,زیست‌شناسی یازدهم,بخش 6,ژنتیک,,متوسط,"کدام گزینه با محتوای سؤال زیر هماهنگ است؟
ژن چیست؟",بافت,هورمون,بخشی از DNA با اطلاعات وراثتی,نوعی سلول,C,ژن واحدی از اطلاعات وراثتی در DNA است. سؤال بازطراحی‌شده برای تنوع بیشتر آزمون.,ترنم همدلی,original,1405
یازدهم,تجربی,زیست‌شناسی,زیست‌شناسی یازدهم,بخش 6,ژنتیک,,متوسط,"با توجه به پرسش زیر، گزینه صحیح را انتخاب کنید:
ژن چیست؟",هورمون,بخشی از DNA با اطلاعات وراثتی,نوعی سلول,بافت,B,ژن واحدی از اطلاعات وراثتی در DNA است. سؤال بازطراحی‌شده برای تنوع بیشتر آزمون.,ترنم همدلی,original,1405
یازدهم,تجربی,زیست‌شناسی,زیست‌شناسی یازدهم,بخش 6,ژنتیک,,متوسط,"کدام گزینه از نظر محتوایی درست است؟
ژن چیست؟",بخشی از DNA با اطلاعات وراثتی,نوعی سلول,بافت,هورمون,A,ژن واحدی از اطلاعات وراثتی در DNA است. سؤال بازطراحی‌شده برای تنوع بیشتر آزمون.,ترنم همدلی,original,1405
یازدهم,تجربی,زیست‌شناسی,زیست‌شناسی یازدهم,بخش 6,ژنتیک,,متوسط,"گزینه درست برای پرسش زیر را مشخص کنید:
ژن چیست؟",نوعی سلول,بافت,هورمون,بخشی از DNA با اطلاعات وراثتی,D,ژن واحدی از اطلاعات وراثتی در DNA است. سؤال بازطراحی‌شده برای تنوع بیشتر آزمون.,ترنم همدلی,original,1405
یازدهم,تجربی,شیمی,شیمی یازدهم,بخش 1,ساختار اتم,,متوسط,"در سؤال زیر، گزینه درست را انتخاب کنید:
عدد اتمی چه چیزی را نشان می‌دهد؟",تعداد پروتون‌ها,تعداد نوترون‌ها,جرم اتم,تعداد لایه‌ها,A,عدد اتمی برابر تعداد پروتون‌هاست. سؤال بازطراحی‌شده برای تنوع بیشتر آزمون.,ترنم همدلی,original,1405
یازدهم,تجربی,شیمی,شیمی یازدهم,بخش 1,ساختار اتم,,متوسط,"کدام گزینه پاسخ صحیح این پرسش است؟
عدد اتمی چه چیزی را نشان می‌دهد؟",تعداد نوترون‌ها,جرم اتم,تعداد لایه‌ها,تعداد پروتون‌ها,D,عدد اتمی برابر تعداد پروتون‌هاست. سؤال بازطراحی‌شده برای تنوع بیشتر آزمون.,ترنم همدلی,original,1405
یازدهم,تجربی,شیمی,شیمی یازدهم,بخش 1,ساختار اتم,,متوسط,"با دقت به پرسش زیر، گزینه درست را مشخص کنید:
عدد اتمی چه چیزی را نشان می‌دهد؟",جرم اتم,تعداد لایه‌ها,تعداد پروتون‌ها,تعداد نوترون‌ها,C,عدد اتمی برابر تعداد پروتون‌هاست. سؤال بازطراحی‌شده برای تنوع بیشتر آزمون.,ترنم همدلی,original,1405
یازدهم,تجربی,شیمی,شیمی یازدهم,بخش 1,ساختار اتم,,متوسط,"کدام گزینه با صورت سؤال زیر سازگار است؟
عدد اتمی چه چیزی را نشان می‌دهد؟",تعداد لایه‌ها,تعداد پروتون‌ها,تعداد نوترون‌ها,جرم اتم,B,عدد اتمی برابر تعداد پروتون‌هاست. سؤال بازطراحی‌شده برای تنوع بیشتر آزمون.,ترنم همدلی,original,1405
یازدهم,تجربی,شیمی,شیمی یازدهم,بخش 1,ساختار اتم,,متوسط,"پاسخ صحیح پرسش زیر کدام است؟
عدد اتمی چه چیزی را نشان می‌دهد؟",تعداد پروتون‌ها,تعداد نوترون‌ها,جرم اتم,تعداد لایه‌ها,A,عدد اتمی برابر تعداد پروتون‌هاست. سؤال بازطراحی‌شده برای تنوع بیشتر آزمون.,ترنم همدلی,original,1405
یازدهم,تجربی,شیمی,شیمی یازدهم,بخش 1,ساختار اتم,,متوسط,"در میان گزینه‌های زیر، پاسخ درست را پیدا کنید:
عدد اتمی چه چیزی را نشان می‌دهد؟",تعداد نوترون‌ها,جرم اتم,تعداد لایه‌ها,تعداد پروتون‌ها,D,عدد اتمی برابر تعداد پروتون‌هاست. سؤال بازطراحی‌شده برای تنوع بیشتر آزمون.,ترنم همدلی,original,1405
یازدهم,تجربی,شیمی,شیمی یازدهم,بخش 1,ساختار اتم,,متوسط,"کدام گزینه با محتوای سؤال زیر هماهنگ است؟
عدد اتمی چه چیزی را نشان می‌دهد؟",جرم اتم,تعداد لایه‌ها,تعداد پروتون‌ها,تعداد نوترون‌ها,C,عدد اتمی برابر تعداد پروتون‌هاست. سؤال بازطراحی‌شده برای تنوع بیشتر آزمون.,ترنم همدلی,original,1405
یازدهم,تجربی,شیمی,شیمی یازدهم,بخش 1,ساختار اتم,,متوسط,"با توجه به پرسش زیر، گزینه صحیح را انتخاب کنید:
عدد اتمی چه چیزی را نشان می‌دهد؟",تعداد لایه‌ها,تعداد پروتون‌ها,تعداد نوترون‌ها,جرم اتم,B,عدد اتمی برابر تعداد پروتون‌هاست. سؤال بازطراحی‌شده برای تنوع بیشتر آزمون.,ترنم همدلی,original,1405
یازدهم,تجربی,شیمی,شیمی یازدهم,بخش 1,ساختار اتم,,متوسط,"کدام گزینه از نظر محتوایی درست است؟
عدد اتمی چه چیزی را نشان می‌دهد؟",تعداد پروتون‌ها,تعداد نوترون‌ها,جرم اتم,تعداد لایه‌ها,A,عدد اتمی برابر تعداد پروتون‌هاست. سؤال بازطراحی‌شده برای تنوع بیشتر آزمون.,ترنم همدلی,original,1405
یازدهم,تجربی,شیمی,شیمی یازدهم,بخش 1,ساختار اتم,,متوسط,"گزینه درست برای پرسش زیر را مشخص کنید:
عدد اتمی چه چیزی را نشان می‌دهد؟",تعداد نوترون‌ها,جرم اتم,تعداد لایه‌ها,تعداد پروتون‌ها,D,عدد اتمی برابر تعداد پروتون‌هاست. سؤال بازطراحی‌شده برای تنوع بیشتر آزمون.,ترنم همدلی,original,1405
یازدهم,تجربی,شیمی,شیمی یازدهم,بخش 2,پیوند,,متوسط,"در سؤال زیر، گزینه درست را انتخاب کنید:
پیوند یونی معمولاً از چه راهی شکل می‌گیرد؟",انتقال الکترون,اشتراک کامل هسته,انتقال نوترون,تغییر پروتون,A,در پیوند یونی انتقال الکترون رخ می‌دهد. سؤال بازطراحی‌شده برای تنوع بیشتر آزمون.,ترنم همدلی,original,1405
یازدهم,تجربی,شیمی,شیمی یازدهم,بخش 2,پیوند,,متوسط,"کدام گزینه پاسخ صحیح این پرسش است؟
پیوند یونی معمولاً از چه راهی شکل می‌گیرد؟",اشتراک کامل هسته,انتقال نوترون,تغییر پروتون,انتقال الکترون,D,در پیوند یونی انتقال الکترون رخ می‌دهد. سؤال بازطراحی‌شده برای تنوع بیشتر آزمون.,ترنم همدلی,original,1405
یازدهم,تجربی,شیمی,شیمی یازدهم,بخش 2,پیوند,,متوسط,"با دقت به پرسش زیر، گزینه درست را مشخص کنید:
پیوند یونی معمولاً از چه راهی شکل می‌گیرد؟",انتقال نوترون,تغییر پروتون,انتقال الکترون,اشتراک کامل هسته,C,در پیوند یونی انتقال الکترون رخ می‌دهد. سؤال بازطراحی‌شده برای تنوع بیشتر آزمون.,ترنم همدلی,original,1405
یازدهم,تجربی,شیمی,شیمی یازدهم,بخش 2,پیوند,,متوسط,"کدام گزینه با صورت سؤال زیر سازگار است؟
پیوند یونی معمولاً از چه راهی شکل می‌گیرد؟",تغییر پروتون,انتقال الکترون,اشتراک کامل هسته,انتقال نوترون,B,در پیوند یونی انتقال الکترون رخ می‌دهد. سؤال بازطراحی‌شده برای تنوع بیشتر آزمون.,ترنم همدلی,original,1405
یازدهم,تجربی,شیمی,شیمی یازدهم,بخش 2,پیوند,,متوسط,"پاسخ صحیح پرسش زیر کدام است؟
پیوند یونی معمولاً از چه راهی شکل می‌گیرد؟",انتقال الکترون,اشتراک کامل هسته,انتقال نوترون,تغییر پروتون,A,در پیوند یونی انتقال الکترون رخ می‌دهد. سؤال بازطراحی‌شده برای تنوع بیشتر آزمون.,ترنم همدلی,original,1405
یازدهم,تجربی,شیمی,شیمی یازدهم,بخش 2,پیوند,,متوسط,"در میان گزینه‌های زیر، پاسخ درست را پیدا کنید:
پیوند یونی معمولاً از چه راهی شکل می‌گیرد؟",اشتراک کامل هسته,انتقال نوترون,تغییر پروتون,انتقال الکترون,D,در پیوند یونی انتقال الکترون رخ می‌دهد. سؤال بازطراحی‌شده برای تنوع بیشتر آزمون.,ترنم همدلی,original,1405
یازدهم,تجربی,شیمی,شیمی یازدهم,بخش 2,پیوند,,متوسط,"کدام گزینه با محتوای سؤال زیر هماهنگ است؟
پیوند یونی معمولاً از چه راهی شکل می‌گیرد؟",انتقال نوترون,تغییر پروتون,انتقال الکترون,اشتراک کامل هسته,C,در پیوند یونی انتقال الکترون رخ می‌دهد. سؤال بازطراحی‌شده برای تنوع بیشتر آزمون.,ترنم همدلی,original,1405
یازدهم,تجربی,شیمی,شیمی یازدهم,بخش 2,پیوند,,متوسط,"با توجه به پرسش زیر، گزینه صحیح را انتخاب کنید:
پیوند یونی معمولاً از چه راهی شکل می‌گیرد؟",تغییر پروتون,انتقال الکترون,اشتراک کامل هسته,انتقال نوترون,B,در پیوند یونی انتقال الکترون رخ می‌دهد. سؤال بازطراحی‌شده برای تنوع بیشتر آزمون.,ترنم همدلی,original,1405
یازدهم,تجربی,شیمی,شیمی یازدهم,بخش 2,پیوند,,متوسط,"کدام گزینه از نظر محتوایی درست است؟
پیوند یونی معمولاً از چه راهی شکل می‌گیرد؟",انتقال الکترون,اشتراک کامل هسته,انتقال نوترون,تغییر پروتون,A,در پیوند یونی انتقال الکترون رخ می‌دهد. سؤال بازطراحی‌شده برای تنوع بیشتر آزمون.,ترنم همدلی,original,1405
یازدهم,تجربی,شیمی,شیمی یازدهم,بخش 2,پیوند,,متوسط,"گزینه درست برای پرسش زیر را مشخص کنید:
پیوند یونی معمولاً از چه راهی شکل می‌گیرد؟",اشتراک کامل هسته,انتقال نوترون,تغییر پروتون,انتقال الکترون,D,در پیوند یونی انتقال الکترون رخ می‌دهد. سؤال بازطراحی‌شده برای تنوع بیشتر آزمون.,ترنم همدلی,original,1405
یازدهم,تجربی,شیمی,شیمی یازدهم,بخش 3,محلول,,متوسط,"در سؤال زیر، گزینه درست را انتخاب کنید:
pH کمتر از 7 معمولاً نشان‌دهنده چیست؟",اسیدی بودن,بازی بودن,خنثی بودن,فلزی بودن,A,محلول‌های اسیدی pH کمتر از 7 دارند. سؤال بازطراحی‌شده برای تنوع بیشتر آزمون.,ترنم همدلی,original,1405
یازدهم,تجربی,شیمی,شیمی یازدهم,بخش 3,محلول,,متوسط,"کدام گزینه پاسخ صحیح این پرسش است؟
pH کمتر از 7 معمولاً نشان‌دهنده چیست؟",بازی بودن,خنثی بودن,فلزی بودن,اسیدی بودن,D,محلول‌های اسیدی pH کمتر از 7 دارند. سؤال بازطراحی‌شده برای تنوع بیشتر آزمون.,ترنم همدلی,original,1405
یازدهم,تجربی,شیمی,شیمی یازدهم,بخش 3,محلول,,متوسط,"با دقت به پرسش زیر، گزینه درست را مشخص کنید:
pH کمتر از 7 معمولاً نشان‌دهنده چیست؟",خنثی بودن,فلزی بودن,اسیدی بودن,بازی بودن,C,محلول‌های اسیدی pH کمتر از 7 دارند. سؤال بازطراحی‌شده برای تنوع بیشتر آزمون.,ترنم همدلی,original,1405
یازدهم,تجربی,شیمی,شیمی یازدهم,بخش 3,محلول,,متوسط,"کدام گزینه با صورت سؤال زیر سازگار است؟
pH کمتر از 7 معمولاً نشان‌دهنده چیست؟",فلزی بودن,اسیدی بودن,بازی بودن,خنثی بودن,B,محلول‌های اسیدی pH کمتر از 7 دارند. سؤال بازطراحی‌شده برای تنوع بیشتر آزمون.,ترنم همدلی,original,1405
یازدهم,تجربی,شیمی,شیمی یازدهم,بخش 3,محلول,,متوسط,"پاسخ صحیح پرسش زیر کدام است؟
pH کمتر از 7 معمولاً نشان‌دهنده چیست؟",اسیدی بودن,بازی بودن,خنثی بودن,فلزی بودن,A,محلول‌های اسیدی pH کمتر از 7 دارند. سؤال بازطراحی‌شده برای تنوع بیشتر آزمون.,ترنم همدلی,original,1405
یازدهم,تجربی,شیمی,شیمی یازدهم,بخش 3,محلول,,متوسط,"در میان گزینه‌های زیر، پاسخ درست را پیدا کنید:
pH کمتر از 7 معمولاً نشان‌دهنده چیست؟",بازی بودن,خنثی بودن,فلزی بودن,اسیدی بودن,D,محلول‌های اسیدی pH کمتر از 7 دارند. سؤال بازطراحی‌شده برای تنوع بیشتر آزمون.,ترنم همدلی,original,1405
یازدهم,تجربی,شیمی,شیمی یازدهم,بخش 3,محلول,,متوسط,"کدام گزینه با محتوای سؤال زیر هماهنگ است؟
pH کمتر از 7 معمولاً نشان‌دهنده چیست؟",خنثی بودن,فلزی بودن,اسیدی بودن,بازی بودن,C,محلول‌های اسیدی pH کمتر از 7 دارند. سؤال بازطراحی‌شده برای تنوع بیشتر آزمون.,ترنم همدلی,original,1405
یازدهم,تجربی,شیمی,شیمی یازدهم,بخش 3,محلول,,متوسط,"با توجه به پرسش زیر، گزینه صحیح را انتخاب کنید:
pH کمتر از 7 معمولاً نشان‌دهنده چیست؟",فلزی بودن,اسیدی بودن,بازی بودن,خنثی بودن,B,محلول‌های اسیدی pH کمتر از 7 دارند. سؤال بازطراحی‌شده برای تنوع بیشتر آزمون.,ترنم همدلی,original,1405
یازدهم,تجربی,شیمی,شیمی یازدهم,بخش 3,محلول,,متوسط,"کدام گزینه از نظر محتوایی درست است؟
pH کمتر از 7 معمولاً نشان‌دهنده چیست؟",اسیدی بودن,بازی بودن,خنثی بودن,فلزی بودن,A,محلول‌های اسیدی pH کمتر از 7 دارند. سؤال بازطراحی‌شده برای تنوع بیشتر آزمون.,ترنم همدلی,original,1405
یازدهم,تجربی,شیمی,شیمی یازدهم,بخش 3,محلول,,متوسط,"گزینه درست برای پرسش زیر را مشخص کنید:
pH کمتر از 7 معمولاً نشان‌دهنده چیست؟",بازی بودن,خنثی بودن,فلزی بودن,اسیدی بودن,D,محلول‌های اسیدی pH کمتر از 7 دارند. سؤال بازطراحی‌شده برای تنوع بیشتر آزمون.,ترنم همدلی,original,1405
یازدهم,تجربی,شیمی,شیمی یازدهم,بخش 4,استوکیومتری,,متوسط,"در سؤال زیر، گزینه درست را انتخاب کنید:
جرم مولی آب تقریباً چقدر است؟",10,18,20,36,B,2×1+16=18 g/mol. سؤال بازطراحی‌شده برای تنوع بیشتر آزمون.,ترنم همدلی,original,1405
یازدهم,تجربی,شیمی,شیمی یازدهم,بخش 4,استوکیومتری,,متوسط,"کدام گزینه پاسخ صحیح این پرسش است؟
جرم مولی آب تقریباً چقدر است؟",18,20,36,10,A,2×1+16=18 g/mol. سؤال بازطراحی‌شده برای تنوع بیشتر آزمون.,ترنم همدلی,original,1405
یازدهم,تجربی,شیمی,شیمی یازدهم,بخش 4,استوکیومتری,,متوسط,"با دقت به پرسش زیر، گزینه درست را مشخص کنید:
جرم مولی آب تقریباً چقدر است؟",20,36,10,18,D,2×1+16=18 g/mol. سؤال بازطراحی‌شده برای تنوع بیشتر آزمون.,ترنم همدلی,original,1405
یازدهم,تجربی,شیمی,شیمی یازدهم,بخش 4,استوکیومتری,,متوسط,"کدام گزینه با صورت سؤال زیر سازگار است؟
جرم مولی آب تقریباً چقدر است؟",36,10,18,20,C,2×1+16=18 g/mol. سؤال بازطراحی‌شده برای تنوع بیشتر آزمون.,ترنم همدلی,original,1405
یازدهم,تجربی,شیمی,شیمی یازدهم,بخش 4,استوکیومتری,,متوسط,"پاسخ صحیح پرسش زیر کدام است؟
جرم مولی آب تقریباً چقدر است؟",10,18,20,36,B,2×1+16=18 g/mol. سؤال بازطراحی‌شده برای تنوع بیشتر آزمون.,ترنم همدلی,original,1405
یازدهم,تجربی,شیمی,شیمی یازدهم,بخش 4,استوکیومتری,,متوسط,"در میان گزینه‌های زیر، پاسخ درست را پیدا کنید:
جرم مولی آب تقریباً چقدر است؟",18,20,36,10,A,2×1+16=18 g/mol. سؤال بازطراحی‌شده برای تنوع بیشتر آزمون.,ترنم همدلی,original,1405
یازدهم,تجربی,شیمی,شیمی یازدهم,بخش 4,استوکیومتری,,متوسط,"کدام گزینه با محتوای سؤال زیر هماهنگ است؟
جرم مولی آب تقریباً چقدر است؟",20,36,10,18,D,2×1+16=18 g/mol. سؤال بازطراحی‌شده برای تنوع بیشتر آزمون.,ترنم همدلی,original,1405
یازدهم,تجربی,شیمی,شیمی یازدهم,بخش 4,استوکیومتری,,متوسط,"با توجه به پرسش زیر، گزینه صحیح را انتخاب کنید:
جرم مولی آب تقریباً چقدر است؟",36,10,18,20,C,2×1+16=18 g/mol. سؤال بازطراحی‌شده برای تنوع بیشتر آزمون.,ترنم همدلی,original,1405
یازدهم,تجربی,شیمی,شیمی یازدهم,بخش 4,استوکیومتری,,متوسط,"کدام گزینه از نظر محتوایی درست است؟
جرم مولی آب تقریباً چقدر است؟",10,18,20,36,B,2×1+16=18 g/mol. سؤال بازطراحی‌شده برای تنوع بیشتر آزمون.,ترنم همدلی,original,1405
یازدهم,تجربی,شیمی,شیمی یازدهم,بخش 4,استوکیومتری,,متوسط,"گزینه درست برای پرسش زیر را مشخص کنید:
جرم مولی آب تقریباً چقدر است؟",18,20,36,10,A,2×1+16=18 g/mol. سؤال بازطراحی‌شده برای تنوع بیشتر آزمون.,ترنم همدلی,original,1405
یازدهم,تجربی,شیمی,شیمی یازدهم,بخش 5,اکسایش و کاهش,,متوسط,"در سؤال زیر، گزینه درست را انتخاب کنید:
اکسایش در تعریف ساده به چه معناست؟",از دست دادن الکترون,گرفتن پروتون,از دست دادن نوترون,گرفتن هسته,A,اکسایش با از دست دادن الکترون همراه است. سؤال بازطراحی‌شده برای تنوع بیشتر آزمون.,ترنم همدلی,original,1405
یازدهم,تجربی,شیمی,شیمی یازدهم,بخش 5,اکسایش و کاهش,,متوسط,"کدام گزینه پاسخ صحیح این پرسش است؟
اکسایش در تعریف ساده به چه معناست؟",گرفتن پروتون,از دست دادن نوترون,گرفتن هسته,از دست دادن الکترون,D,اکسایش با از دست دادن الکترون همراه است. سؤال بازطراحی‌شده برای تنوع بیشتر آزمون.,ترنم همدلی,original,1405
یازدهم,تجربی,شیمی,شیمی یازدهم,بخش 5,اکسایش و کاهش,,متوسط,"با دقت به پرسش زیر، گزینه درست را مشخص کنید:
اکسایش در تعریف ساده به چه معناست؟",از دست دادن نوترون,گرفتن هسته,از دست دادن الکترون,گرفتن پروتون,C,اکسایش با از دست دادن الکترون همراه است. سؤال بازطراحی‌شده برای تنوع بیشتر آزمون.,ترنم همدلی,original,1405
یازدهم,تجربی,شیمی,شیمی یازدهم,بخش 5,اکسایش و کاهش,,متوسط,"کدام گزینه با صورت سؤال زیر سازگار است؟
اکسایش در تعریف ساده به چه معناست؟",گرفتن هسته,از دست دادن الکترون,گرفتن پروتون,از دست دادن نوترون,B,اکسایش با از دست دادن الکترون همراه است. سؤال بازطراحی‌شده برای تنوع بیشتر آزمون.,ترنم همدلی,original,1405
یازدهم,تجربی,شیمی,شیمی یازدهم,بخش 5,اکسایش و کاهش,,متوسط,"پاسخ صحیح پرسش زیر کدام است؟
اکسایش در تعریف ساده به چه معناست؟",از دست دادن الکترون,گرفتن پروتون,از دست دادن نوترون,گرفتن هسته,A,اکسایش با از دست دادن الکترون همراه است. سؤال بازطراحی‌شده برای تنوع بیشتر آزمون.,ترنم همدلی,original,1405
یازدهم,تجربی,شیمی,شیمی یازدهم,بخش 5,اکسایش و کاهش,,متوسط,"در میان گزینه‌های زیر، پاسخ درست را پیدا کنید:
اکسایش در تعریف ساده به چه معناست؟",گرفتن پروتون,از دست دادن نوترون,گرفتن هسته,از دست دادن الکترون,D,اکسایش با از دست دادن الکترون همراه است. سؤال بازطراحی‌شده برای تنوع بیشتر آزمون.,ترنم همدلی,original,1405
یازدهم,تجربی,شیمی,شیمی یازدهم,بخش 5,اکسایش و کاهش,,متوسط,"کدام گزینه با محتوای سؤال زیر هماهنگ است؟
اکسایش در تعریف ساده به چه معناست؟",از دست دادن نوترون,گرفتن هسته,از دست دادن الکترون,گرفتن پروتون,C,اکسایش با از دست دادن الکترون همراه است. سؤال بازطراحی‌شده برای تنوع بیشتر آزمون.,ترنم همدلی,original,1405
یازدهم,تجربی,شیمی,شیمی یازدهم,بخش 5,اکسایش و کاهش,,متوسط,"با توجه به پرسش زیر، گزینه صحیح را انتخاب کنید:
اکسایش در تعریف ساده به چه معناست؟",گرفتن هسته,از دست دادن الکترون,گرفتن پروتون,از دست دادن نوترون,B,اکسایش با از دست دادن الکترون همراه است. سؤال بازطراحی‌شده برای تنوع بیشتر آزمون.,ترنم همدلی,original,1405
یازدهم,تجربی,شیمی,شیمی یازدهم,بخش 5,اکسایش و کاهش,,متوسط,"کدام گزینه از نظر محتوایی درست است؟
اکسایش در تعریف ساده به چه معناست؟",از دست دادن الکترون,گرفتن پروتون,از دست دادن نوترون,گرفتن هسته,A,اکسایش با از دست دادن الکترون همراه است. سؤال بازطراحی‌شده برای تنوع بیشتر آزمون.,ترنم همدلی,original,1405
یازدهم,تجربی,شیمی,شیمی یازدهم,بخش 5,اکسایش و کاهش,,متوسط,"گزینه درست برای پرسش زیر را مشخص کنید:
اکسایش در تعریف ساده به چه معناست؟",گرفتن پروتون,از دست دادن نوترون,گرفتن هسته,از دست دادن الکترون,D,اکسایش با از دست دادن الکترون همراه است. سؤال بازطراحی‌شده برای تنوع بیشتر آزمون.,ترنم همدلی,original,1405
یازدهم,تجربی,شیمی,شیمی یازدهم,بخش 6,شیمی آلی,,متوسط,"در سؤال زیر، گزینه درست را انتخاب کنید:
متان چند اتم کربن دارد؟",1,2,4,8,A,فرمول متان CH4 است. سؤال بازطراحی‌شده برای تنوع بیشتر آزمون.,ترنم همدلی,original,1405
یازدهم,تجربی,شیمی,شیمی یازدهم,بخش 6,شیمی آلی,,متوسط,"کدام گزینه پاسخ صحیح این پرسش است؟
متان چند اتم کربن دارد؟",2,4,8,1,D,فرمول متان CH4 است. سؤال بازطراحی‌شده برای تنوع بیشتر آزمون.,ترنم همدلی,original,1405
یازدهم,تجربی,شیمی,شیمی یازدهم,بخش 6,شیمی آلی,,متوسط,"با دقت به پرسش زیر، گزینه درست را مشخص کنید:
متان چند اتم کربن دارد؟",4,8,1,2,C,فرمول متان CH4 است. سؤال بازطراحی‌شده برای تنوع بیشتر آزمون.,ترنم همدلی,original,1405
یازدهم,تجربی,شیمی,شیمی یازدهم,بخش 6,شیمی آلی,,متوسط,"کدام گزینه با صورت سؤال زیر سازگار است؟
متان چند اتم کربن دارد؟",8,1,2,4,B,فرمول متان CH4 است. سؤال بازطراحی‌شده برای تنوع بیشتر آزمون.,ترنم همدلی,original,1405
یازدهم,تجربی,شیمی,شیمی یازدهم,بخش 6,شیمی آلی,,متوسط,"پاسخ صحیح پرسش زیر کدام است؟
متان چند اتم کربن دارد؟",1,2,4,8,A,فرمول متان CH4 است. سؤال بازطراحی‌شده برای تنوع بیشتر آزمون.,ترنم همدلی,original,1405
یازدهم,تجربی,شیمی,شیمی یازدهم,بخش 6,شیمی آلی,,متوسط,"در میان گزینه‌های زیر، پاسخ درست را پیدا کنید:
متان چند اتم کربن دارد؟",2,4,8,1,D,فرمول متان CH4 است. سؤال بازطراحی‌شده برای تنوع بیشتر آزمون.,ترنم همدلی,original,1405
یازدهم,تجربی,شیمی,شیمی یازدهم,بخش 6,شیمی آلی,,متوسط,"کدام گزینه با محتوای سؤال زیر هماهنگ است؟
متان چند اتم کربن دارد؟",4,8,1,2,C,فرمول متان CH4 است. سؤال بازطراحی‌شده برای تنوع بیشتر آزمون.,ترنم همدلی,original,1405
یازدهم,تجربی,شیمی,شیمی یازدهم,بخش 6,شیمی آلی,,متوسط,"با توجه به پرسش زیر، گزینه صحیح را انتخاب کنید:
متان چند اتم کربن دارد؟",8,1,2,4,B,فرمول متان CH4 است. سؤال بازطراحی‌شده برای تنوع بیشتر آزمون.,ترنم همدلی,original,1405
یازدهم,تجربی,شیمی,شیمی یازدهم,بخش 6,شیمی آلی,,متوسط,"کدام گزینه از نظر محتوایی درست است؟
متان چند اتم کربن دارد؟",1,2,4,8,A,فرمول متان CH4 است. سؤال بازطراحی‌شده برای تنوع بیشتر آزمون.,ترنم همدلی,original,1405
یازدهم,تجربی,شیمی,شیمی یازدهم,بخش 6,شیمی آلی,,متوسط,"گزینه درست برای پرسش زیر را مشخص کنید:
متان چند اتم کربن دارد؟",2,4,8,1,D,فرمول متان CH4 است. سؤال بازطراحی‌شده برای تنوع بیشتر آزمون.,ترنم همدلی,original,1405
یازدهم,تجربی,فیزیک,فیزیک یازدهم,بخش 1,حرکت,,متوسط,"در سؤال زیر، گزینه درست را انتخاب کنید:
سرعت متوسط چگونه به‌دست می‌آید؟",مسافت تقسیم بر زمان,زمان تقسیم بر مسافت,جرم تقسیم بر نیرو,نیرو تقسیم بر جرم,A,v=Δx/Δt. سؤال بازطراحی‌شده برای تنوع بیشتر آزمون.,ترنم همدلی,original,1405
یازدهم,تجربی,فیزیک,فیزیک یازدهم,بخش 1,حرکت,,متوسط,"کدام گزینه پاسخ صحیح این پرسش است؟
سرعت متوسط چگونه به‌دست می‌آید؟",زمان تقسیم بر مسافت,جرم تقسیم بر نیرو,نیرو تقسیم بر جرم,مسافت تقسیم بر زمان,D,v=Δx/Δt. سؤال بازطراحی‌شده برای تنوع بیشتر آزمون.,ترنم همدلی,original,1405
یازدهم,تجربی,فیزیک,فیزیک یازدهم,بخش 1,حرکت,,متوسط,"با دقت به پرسش زیر، گزینه درست را مشخص کنید:
سرعت متوسط چگونه به‌دست می‌آید؟",جرم تقسیم بر نیرو,نیرو تقسیم بر جرم,مسافت تقسیم بر زمان,زمان تقسیم بر مسافت,C,v=Δx/Δt. سؤال بازطراحی‌شده برای تنوع بیشتر آزمون.,ترنم همدلی,original,1405
یازدهم,تجربی,فیزیک,فیزیک یازدهم,بخش 1,حرکت,,متوسط,"کدام گزینه با صورت سؤال زیر سازگار است؟
سرعت متوسط چگونه به‌دست می‌آید؟",نیرو تقسیم بر جرم,مسافت تقسیم بر زمان,زمان تقسیم بر مسافت,جرم تقسیم بر نیرو,B,v=Δx/Δt. سؤال بازطراحی‌شده برای تنوع بیشتر آزمون.,ترنم همدلی,original,1405
یازدهم,تجربی,فیزیک,فیزیک یازدهم,بخش 1,حرکت,,متوسط,"پاسخ صحیح پرسش زیر کدام است؟
سرعت متوسط چگونه به‌دست می‌آید؟",مسافت تقسیم بر زمان,زمان تقسیم بر مسافت,جرم تقسیم بر نیرو,نیرو تقسیم بر جرم,A,v=Δx/Δt. سؤال بازطراحی‌شده برای تنوع بیشتر آزمون.,ترنم همدلی,original,1405
یازدهم,تجربی,فیزیک,فیزیک یازدهم,بخش 1,حرکت,,متوسط,"در میان گزینه‌های زیر، پاسخ درست را پیدا کنید:
سرعت متوسط چگونه به‌دست می‌آید؟",زمان تقسیم بر مسافت,جرم تقسیم بر نیرو,نیرو تقسیم بر جرم,مسافت تقسیم بر زمان,D,v=Δx/Δt. سؤال بازطراحی‌شده برای تنوع بیشتر آزمون.,ترنم همدلی,original,1405
یازدهم,تجربی,فیزیک,فیزیک یازدهم,بخش 1,حرکت,,متوسط,"کدام گزینه با محتوای سؤال زیر هماهنگ است؟
سرعت متوسط چگونه به‌دست می‌آید؟",جرم تقسیم بر نیرو,نیرو تقسیم بر جرم,مسافت تقسیم بر زمان,زمان تقسیم بر مسافت,C,v=Δx/Δt. سؤال بازطراحی‌شده برای تنوع بیشتر آزمون.,ترنم همدلی,original,1405
یازدهم,تجربی,فیزیک,فیزیک یازدهم,بخش 1,حرکت,,متوسط,"با توجه به پرسش زیر، گزینه صحیح را انتخاب کنید:
سرعت متوسط چگونه به‌دست می‌آید؟",نیرو تقسیم بر جرم,مسافت تقسیم بر زمان,زمان تقسیم بر مسافت,جرم تقسیم بر نیرو,B,v=Δx/Δt. سؤال بازطراحی‌شده برای تنوع بیشتر آزمون.,ترنم همدلی,original,1405
یازدهم,تجربی,فیزیک,فیزیک یازدهم,بخش 1,حرکت,,متوسط,"کدام گزینه از نظر محتوایی درست است؟
سرعت متوسط چگونه به‌دست می‌آید؟",مسافت تقسیم بر زمان,زمان تقسیم بر مسافت,جرم تقسیم بر نیرو,نیرو تقسیم بر جرم,A,v=Δx/Δt. سؤال بازطراحی‌شده برای تنوع بیشتر آزمون.,ترنم همدلی,original,1405
یازدهم,تجربی,فیزیک,فیزیک یازدهم,بخش 1,حرکت,,متوسط,"گزینه درست برای پرسش زیر را مشخص کنید:
سرعت متوسط چگونه به‌دست می‌آید؟",زمان تقسیم بر مسافت,جرم تقسیم بر نیرو,نیرو تقسیم بر جرم,مسافت تقسیم بر زمان,D,v=Δx/Δt. سؤال بازطراحی‌شده برای تنوع بیشتر آزمون.,ترنم همدلی,original,1405
یازدهم,تجربی,فیزیک,فیزیک یازدهم,بخش 2,نیرو,,متوسط,"در سؤال زیر، گزینه درست را انتخاب کنید:
قانون دوم نیوتن کدام است؟",F=ma,F=m/a,F=a/m,F=m+a,A,قانون دوم نیوتن F=ma است. سؤال بازطراحی‌شده برای تنوع بیشتر آزمون.,ترنم همدلی,original,1405
یازدهم,تجربی,فیزیک,فیزیک یازدهم,بخش 2,نیرو,,متوسط,"کدام گزینه پاسخ صحیح این پرسش است؟
قانون دوم نیوتن کدام است؟",F=m/a,F=a/m,F=m+a,F=ma,D,قانون دوم نیوتن F=ma است. سؤال بازطراحی‌شده برای تنوع بیشتر آزمون.,ترنم همدلی,original,1405
یازدهم,تجربی,فیزیک,فیزیک یازدهم,بخش 2,نیرو,,متوسط,"با دقت به پرسش زیر، گزینه درست را مشخص کنید:
قانون دوم نیوتن کدام است؟",F=a/m,F=m+a,F=ma,F=m/a,C,قانون دوم نیوتن F=ma است. سؤال بازطراحی‌شده برای تنوع بیشتر آزمون.,ترنم همدلی,original,1405
یازدهم,تجربی,فیزیک,فیزیک یازدهم,بخش 2,نیرو,,متوسط,"کدام گزینه با صورت سؤال زیر سازگار است؟
قانون دوم نیوتن کدام است؟",F=m+a,F=ma,F=m/a,F=a/m,B,قانون دوم نیوتن F=ma است. سؤال بازطراحی‌شده برای تنوع بیشتر آزمون.,ترنم همدلی,original,1405
یازدهم,تجربی,فیزیک,فیزیک یازدهم,بخش 2,نیرو,,متوسط,"پاسخ صحیح پرسش زیر کدام است؟
قانون دوم نیوتن کدام است؟",F=ma,F=m/a,F=a/m,F=m+a,A,قانون دوم نیوتن F=ma است. سؤال بازطراحی‌شده برای تنوع بیشتر آزمون.,ترنم همدلی,original,1405
یازدهم,تجربی,فیزیک,فیزیک یازدهم,بخش 2,نیرو,,متوسط,"در میان گزینه‌های زیر، پاسخ درست را پیدا کنید:
قانون دوم نیوتن کدام است؟",F=m/a,F=a/m,F=m+a,F=ma,D,قانون دوم نیوتن F=ma است. سؤال بازطراحی‌شده برای تنوع بیشتر آزمون.,ترنم همدلی,original,1405
یازدهم,تجربی,فیزیک,فیزیک یازدهم,بخش 2,نیرو,,متوسط,"کدام گزینه با محتوای سؤال زیر هماهنگ است؟
قانون دوم نیوتن کدام است؟",F=a/m,F=m+a,F=ma,F=m/a,C,قانون دوم نیوتن F=ma است. سؤال بازطراحی‌شده برای تنوع بیشتر آزمون.,ترنم همدلی,original,1405
یازدهم,تجربی,فیزیک,فیزیک یازدهم,بخش 2,نیرو,,متوسط,"با توجه به پرسش زیر، گزینه صحیح را انتخاب کنید:
قانون دوم نیوتن کدام است؟",F=m+a,F=ma,F=m/a,F=a/m,B,قانون دوم نیوتن F=ma است. سؤال بازطراحی‌شده برای تنوع بیشتر آزمون.,ترنم همدلی,original,1405
یازدهم,تجربی,فیزیک,فیزیک یازدهم,بخش 2,نیرو,,متوسط,"کدام گزینه از نظر محتوایی درست است؟
قانون دوم نیوتن کدام است؟",F=ma,F=m/a,F=a/m,F=m+a,A,قانون دوم نیوتن F=ma است. سؤال بازطراحی‌شده برای تنوع بیشتر آزمون.,ترنم همدلی,original,1405
یازدهم,تجربی,فیزیک,فیزیک یازدهم,بخش 2,نیرو,,متوسط,"گزینه درست برای پرسش زیر را مشخص کنید:
قانون دوم نیوتن کدام است؟",F=m/a,F=a/m,F=m+a,F=ma,D,قانون دوم نیوتن F=ma است. سؤال بازطراحی‌شده برای تنوع بیشتر آزمون.,ترنم همدلی,original,1405
یازدهم,تجربی,فیزیک,فیزیک یازدهم,بخش 3,کار,,متوسط,"در سؤال زیر، گزینه درست را انتخاب کنید:
اگر نیرو و جابه‌جایی هم‌جهت باشند، کار چگونه محاسبه می‌شود؟",W=Fd,W=F/d,W=d/F,W=F+d,A,در حالت هم‌جهت W=Fd. سؤال بازطراحی‌شده برای تنوع بیشتر آزمون.,ترنم همدلی,original,1405
یازدهم,تجربی,فیزیک,فیزیک یازدهم,بخش 3,کار,,متوسط,"کدام گزینه پاسخ صحیح این پرسش است؟
اگر نیرو و جابه‌جایی هم‌جهت باشند، کار چگونه محاسبه می‌شود؟",W=F/d,W=d/F,W=F+d,W=Fd,D,در حالت هم‌جهت W=Fd. سؤال بازطراحی‌شده برای تنوع بیشتر آزمون.,ترنم همدلی,original,1405
یازدهم,تجربی,فیزیک,فیزیک یازدهم,بخش 3,کار,,متوسط,"با دقت به پرسش زیر، گزینه درست را مشخص کنید:
اگر نیرو و جابه‌جایی هم‌جهت باشند، کار چگونه محاسبه می‌شود؟",W=d/F,W=F+d,W=Fd,W=F/d,C,در حالت هم‌جهت W=Fd. سؤال بازطراحی‌شده برای تنوع بیشتر آزمون.,ترنم همدلی,original,1405
یازدهم,تجربی,فیزیک,فیزیک یازدهم,بخش 3,کار,,متوسط,"کدام گزینه با صورت سؤال زیر سازگار است؟
اگر نیرو و جابه‌جایی هم‌جهت باشند، کار چگونه محاسبه می‌شود؟",W=F+d,W=Fd,W=F/d,W=d/F,B,در حالت هم‌جهت W=Fd. سؤال بازطراحی‌شده برای تنوع بیشتر آزمون.,ترنم همدلی,original,1405
یازدهم,تجربی,فیزیک,فیزیک یازدهم,بخش 3,کار,,متوسط,"پاسخ صحیح پرسش زیر کدام است؟
اگر نیرو و جابه‌جایی هم‌جهت باشند، کار چگونه محاسبه می‌شود؟",W=Fd,W=F/d,W=d/F,W=F+d,A,در حالت هم‌جهت W=Fd. سؤال بازطراحی‌شده برای تنوع بیشتر آزمون.,ترنم همدلی,original,1405
یازدهم,تجربی,فیزیک,فیزیک یازدهم,بخش 3,کار,,متوسط,"در میان گزینه‌های زیر، پاسخ درست را پیدا کنید:
اگر نیرو و جابه‌جایی هم‌جهت باشند، کار چگونه محاسبه می‌شود؟",W=F/d,W=d/F,W=F+d,W=Fd,D,در حالت هم‌جهت W=Fd. سؤال بازطراحی‌شده برای تنوع بیشتر آزمون.,ترنم همدلی,original,1405
یازدهم,تجربی,فیزیک,فیزیک یازدهم,بخش 3,کار,,متوسط,"کدام گزینه با محتوای سؤال زیر هماهنگ است؟
اگر نیرو و جابه‌جایی هم‌جهت باشند، کار چگونه محاسبه می‌شود؟",W=d/F,W=F+d,W=Fd,W=F/d,C,در حالت هم‌جهت W=Fd. سؤال بازطراحی‌شده برای تنوع بیشتر آزمون.,ترنم همدلی,original,1405
یازدهم,تجربی,فیزیک,فیزیک یازدهم,بخش 3,کار,,متوسط,"با توجه به پرسش زیر، گزینه صحیح را انتخاب کنید:
اگر نیرو و جابه‌جایی هم‌جهت باشند، کار چگونه محاسبه می‌شود؟",W=F+d,W=Fd,W=F/d,W=d/F,B,در حالت هم‌جهت W=Fd. سؤال بازطراحی‌شده برای تنوع بیشتر آزمون.,ترنم همدلی,original,1405
یازدهم,تجربی,فیزیک,فیزیک یازدهم,بخش 3,کار,,متوسط,"کدام گزینه از نظر محتوایی درست است؟
اگر نیرو و جابه‌جایی هم‌جهت باشند، کار چگونه محاسبه می‌شود؟",W=Fd,W=F/d,W=d/F,W=F+d,A,در حالت هم‌جهت W=Fd. سؤال بازطراحی‌شده برای تنوع بیشتر آزمون.,ترنم همدلی,original,1405
یازدهم,تجربی,فیزیک,فیزیک یازدهم,بخش 3,کار,,متوسط,"گزینه درست برای پرسش زیر را مشخص کنید:
اگر نیرو و جابه‌جایی هم‌جهت باشند، کار چگونه محاسبه می‌شود؟",W=F/d,W=d/F,W=F+d,W=Fd,D,در حالت هم‌جهت W=Fd. سؤال بازطراحی‌شده برای تنوع بیشتر آزمون.,ترنم همدلی,original,1405
یازدهم,تجربی,فیزیک,فیزیک یازدهم,بخش 4,الکتریسیته,,متوسط,"در سؤال زیر، گزینه درست را انتخاب کنید:
واحد مقاومت الکتریکی چیست؟",ولت,آمپر,اهم,وات,C,واحد مقاومت اهم است. سؤال بازطراحی‌شده برای تنوع بیشتر آزمون.,ترنم همدلی,original,1405
یازدهم,تجربی,فیزیک,فیزیک یازدهم,بخش 4,الکتریسیته,,متوسط,"کدام گزینه پاسخ صحیح این پرسش است؟
واحد مقاومت الکتریکی چیست؟",آمپر,اهم,وات,ولت,B,واحد مقاومت اهم است. سؤال بازطراحی‌شده برای تنوع بیشتر آزمون.,ترنم همدلی,original,1405
یازدهم,تجربی,فیزیک,فیزیک یازدهم,بخش 4,الکتریسیته,,متوسط,"با دقت به پرسش زیر، گزینه درست را مشخص کنید:
واحد مقاومت الکتریکی چیست؟",اهم,وات,ولت,آمپر,A,واحد مقاومت اهم است. سؤال بازطراحی‌شده برای تنوع بیشتر آزمون.,ترنم همدلی,original,1405
یازدهم,تجربی,فیزیک,فیزیک یازدهم,بخش 4,الکتریسیته,,متوسط,"کدام گزینه با صورت سؤال زیر سازگار است؟
واحد مقاومت الکتریکی چیست؟",وات,ولت,آمپر,اهم,D,واحد مقاومت اهم است. سؤال بازطراحی‌شده برای تنوع بیشتر آزمون.,ترنم همدلی,original,1405
یازدهم,تجربی,فیزیک,فیزیک یازدهم,بخش 4,الکتریسیته,,متوسط,"پاسخ صحیح پرسش زیر کدام است؟
واحد مقاومت الکتریکی چیست؟",ولت,آمپر,اهم,وات,C,واحد مقاومت اهم است. سؤال بازطراحی‌شده برای تنوع بیشتر آزمون.,ترنم همدلی,original,1405
یازدهم,تجربی,فیزیک,فیزیک یازدهم,بخش 4,الکتریسیته,,متوسط,"در میان گزینه‌های زیر، پاسخ درست را پیدا کنید:
واحد مقاومت الکتریکی چیست؟",آمپر,اهم,وات,ولت,B,واحد مقاومت اهم است. سؤال بازطراحی‌شده برای تنوع بیشتر آزمون.,ترنم همدلی,original,1405
یازدهم,تجربی,فیزیک,فیزیک یازدهم,بخش 4,الکتریسیته,,متوسط,"کدام گزینه با محتوای سؤال زیر هماهنگ است؟
واحد مقاومت الکتریکی چیست؟",اهم,وات,ولت,آمپر,A,واحد مقاومت اهم است. سؤال بازطراحی‌شده برای تنوع بیشتر آزمون.,ترنم همدلی,original,1405
یازدهم,تجربی,فیزیک,فیزیک یازدهم,بخش 4,الکتریسیته,,متوسط,"با توجه به پرسش زیر، گزینه صحیح را انتخاب کنید:
واحد مقاومت الکتریکی چیست؟",وات,ولت,آمپر,اهم,D,واحد مقاومت اهم است. سؤال بازطراحی‌شده برای تنوع بیشتر آزمون.,ترنم همدلی,original,1405
یازدهم,تجربی,فیزیک,فیزیک یازدهم,بخش 4,الکتریسیته,,متوسط,"کدام گزینه از نظر محتوایی درست است؟
واحد مقاومت الکتریکی چیست؟",ولت,آمپر,اهم,وات,C,واحد مقاومت اهم است. سؤال بازطراحی‌شده برای تنوع بیشتر آزمون.,ترنم همدلی,original,1405
یازدهم,تجربی,فیزیک,فیزیک یازدهم,بخش 4,الکتریسیته,,متوسط,"گزینه درست برای پرسش زیر را مشخص کنید:
واحد مقاومت الکتریکی چیست؟",آمپر,اهم,وات,ولت,B,واحد مقاومت اهم است. سؤال بازطراحی‌شده برای تنوع بیشتر آزمون.,ترنم همدلی,original,1405
یازدهم,تجربی,فیزیک,فیزیک یازدهم,بخش 5,موج,,متوسط,"در سؤال زیر، گزینه درست را انتخاب کنید:
فرکانس چیست؟",تعداد نوسان در واحد زمان,زمان یک نوسان,طول مسیر,دامنه,A,فرکانس تعداد نوسان در واحد زمان است. سؤال بازطراحی‌شده برای تنوع بیشتر آزمون.,ترنم همدلی,original,1405
یازدهم,تجربی,فیزیک,فیزیک یازدهم,بخش 5,موج,,متوسط,"کدام گزینه پاسخ صحیح این پرسش است؟
فرکانس چیست؟",زمان یک نوسان,طول مسیر,دامنه,تعداد نوسان در واحد زمان,D,فرکانس تعداد نوسان در واحد زمان است. سؤال بازطراحی‌شده برای تنوع بیشتر آزمون.,ترنم همدلی,original,1405
یازدهم,تجربی,فیزیک,فیزیک یازدهم,بخش 5,موج,,متوسط,"با دقت به پرسش زیر، گزینه درست را مشخص کنید:
فرکانس چیست؟",طول مسیر,دامنه,تعداد نوسان در واحد زمان,زمان یک نوسان,C,فرکانس تعداد نوسان در واحد زمان است. سؤال بازطراحی‌شده برای تنوع بیشتر آزمون.,ترنم همدلی,original,1405
یازدهم,تجربی,فیزیک,فیزیک یازدهم,بخش 5,موج,,متوسط,"کدام گزینه با صورت سؤال زیر سازگار است؟
فرکانس چیست؟",دامنه,تعداد نوسان در واحد زمان,زمان یک نوسان,طول مسیر,B,فرکانس تعداد نوسان در واحد زمان است. سؤال بازطراحی‌شده برای تنوع بیشتر آزمون.,ترنم همدلی,original,1405
یازدهم,تجربی,فیزیک,فیزیک یازدهم,بخش 5,موج,,متوسط,"پاسخ صحیح پرسش زیر کدام است؟
فرکانس چیست؟",تعداد نوسان در واحد زمان,زمان یک نوسان,طول مسیر,دامنه,A,فرکانس تعداد نوسان در واحد زمان است. سؤال بازطراحی‌شده برای تنوع بیشتر آزمون.,ترنم همدلی,original,1405
یازدهم,تجربی,فیزیک,فیزیک یازدهم,بخش 5,موج,,متوسط,"در میان گزینه‌های زیر، پاسخ درست را پیدا کنید:
فرکانس چیست؟",زمان یک نوسان,طول مسیر,دامنه,تعداد نوسان در واحد زمان,D,فرکانس تعداد نوسان در واحد زمان است. سؤال بازطراحی‌شده برای تنوع بیشتر آزمون.,ترنم همدلی,original,1405
یازدهم,تجربی,فیزیک,فیزیک یازدهم,بخش 5,موج,,متوسط,"کدام گزینه با محتوای سؤال زیر هماهنگ است؟
فرکانس چیست؟",طول مسیر,دامنه,تعداد نوسان در واحد زمان,زمان یک نوسان,C,فرکانس تعداد نوسان در واحد زمان است. سؤال بازطراحی‌شده برای تنوع بیشتر آزمون.,ترنم همدلی,original,1405
یازدهم,تجربی,فیزیک,فیزیک یازدهم,بخش 5,موج,,متوسط,"با توجه به پرسش زیر، گزینه صحیح را انتخاب کنید:
فرکانس چیست؟",دامنه,تعداد نوسان در واحد زمان,زمان یک نوسان,طول مسیر,B,فرکانس تعداد نوسان در واحد زمان است. سؤال بازطراحی‌شده برای تنوع بیشتر آزمون.,ترنم همدلی,original,1405
یازدهم,تجربی,فیزیک,فیزیک یازدهم,بخش 5,موج,,متوسط,"کدام گزینه از نظر محتوایی درست است؟
فرکانس چیست؟",تعداد نوسان در واحد زمان,زمان یک نوسان,طول مسیر,دامنه,A,فرکانس تعداد نوسان در واحد زمان است. سؤال بازطراحی‌شده برای تنوع بیشتر آزمون.,ترنم همدلی,original,1405
یازدهم,تجربی,فیزیک,فیزیک یازدهم,بخش 5,موج,,متوسط,"گزینه درست برای پرسش زیر را مشخص کنید:
فرکانس چیست؟",زمان یک نوسان,طول مسیر,دامنه,تعداد نوسان در واحد زمان,D,فرکانس تعداد نوسان در واحد زمان است. سؤال بازطراحی‌شده برای تنوع بیشتر آزمون.,ترنم همدلی,original,1405
یازدهم,تجربی,فیزیک,فیزیک یازدهم,بخش 6,انرژی,,متوسط,"در سؤال زیر، گزینه درست را انتخاب کنید:
انرژی جنبشی به چه عواملی وابسته است؟",جرم و سرعت,فقط جرم,فقط ارتفاع,فقط زمان,A,K=1/2 mv². سؤال بازطراحی‌شده برای تنوع بیشتر آزمون.,ترنم همدلی,original,1405
یازدهم,تجربی,فیزیک,فیزیک یازدهم,بخش 6,انرژی,,متوسط,"کدام گزینه پاسخ صحیح این پرسش است؟
انرژی جنبشی به چه عواملی وابسته است؟",فقط جرم,فقط ارتفاع,فقط زمان,جرم و سرعت,D,K=1/2 mv². سؤال بازطراحی‌شده برای تنوع بیشتر آزمون.,ترنم همدلی,original,1405
یازدهم,تجربی,فیزیک,فیزیک یازدهم,بخش 6,انرژی,,متوسط,"با دقت به پرسش زیر، گزینه درست را مشخص کنید:
انرژی جنبشی به چه عواملی وابسته است؟",فقط ارتفاع,فقط زمان,جرم و سرعت,فقط جرم,C,K=1/2 mv². سؤال بازطراحی‌شده برای تنوع بیشتر آزمون.,ترنم همدلی,original,1405
یازدهم,تجربی,فیزیک,فیزیک یازدهم,بخش 6,انرژی,,متوسط,"کدام گزینه با صورت سؤال زیر سازگار است؟
انرژی جنبشی به چه عواملی وابسته است؟",فقط زمان,جرم و سرعت,فقط جرم,فقط ارتفاع,B,K=1/2 mv². سؤال بازطراحی‌شده برای تنوع بیشتر آزمون.,ترنم همدلی,original,1405
یازدهم,تجربی,فیزیک,فیزیک یازدهم,بخش 6,انرژی,,متوسط,"پاسخ صحیح پرسش زیر کدام است؟
انرژی جنبشی به چه عواملی وابسته است؟",جرم و سرعت,فقط جرم,فقط ارتفاع,فقط زمان,A,K=1/2 mv². سؤال بازطراحی‌شده برای تنوع بیشتر آزمون.,ترنم همدلی,original,1405
یازدهم,تجربی,فیزیک,فیزیک یازدهم,بخش 6,انرژی,,متوسط,"در میان گزینه‌های زیر، پاسخ درست را پیدا کنید:
انرژی جنبشی به چه عواملی وابسته است؟",فقط جرم,فقط ارتفاع,فقط زمان,جرم و سرعت,D,K=1/2 mv². سؤال بازطراحی‌شده برای تنوع بیشتر آزمون.,ترنم همدلی,original,1405
یازدهم,تجربی,فیزیک,فیزیک یازدهم,بخش 6,انرژی,,متوسط,"کدام گزینه با محتوای سؤال زیر هماهنگ است؟
انرژی جنبشی به چه عواملی وابسته است؟",فقط ارتفاع,فقط زمان,جرم و سرعت,فقط جرم,C,K=1/2 mv². سؤال بازطراحی‌شده برای تنوع بیشتر آزمون.,ترنم همدلی,original,1405
یازدهم,تجربی,فیزیک,فیزیک یازدهم,بخش 6,انرژی,,متوسط,"با توجه به پرسش زیر، گزینه صحیح را انتخاب کنید:
انرژی جنبشی به چه عواملی وابسته است؟",فقط زمان,جرم و سرعت,فقط جرم,فقط ارتفاع,B,K=1/2 mv². سؤال بازطراحی‌شده برای تنوع بیشتر آزمون.,ترنم همدلی,original,1405
یازدهم,تجربی,فیزیک,فیزیک یازدهم,بخش 6,انرژی,,متوسط,"کدام گزینه از نظر محتوایی درست است؟
انرژی جنبشی به چه عواملی وابسته است؟",جرم و سرعت,فقط جرم,فقط ارتفاع,فقط زمان,A,K=1/2 mv². سؤال بازطراحی‌شده برای تنوع بیشتر آزمون.,ترنم همدلی,original,1405
یازدهم,تجربی,فیزیک,فیزیک یازدهم,بخش 6,انرژی,,متوسط,"گزینه درست برای پرسش زیر را مشخص کنید:
انرژی جنبشی به چه عواملی وابسته است؟",فقط جرم,فقط ارتفاع,فقط زمان,جرم و سرعت,D,K=1/2 mv². سؤال بازطراحی‌شده برای تنوع بیشتر آزمون.,ترنم همدلی,original,1405
یازدهم,تجربی,ریاضی,ریاضی یازدهم,بخش 1,تابع,,متوسط,"در سؤال زیر، گزینه درست را انتخاب کنید:
اگر f(x)=2x+1 باشد f(3) چند است؟",5,6,7,8,C,2×3+1=7. سؤال بازطراحی‌شده برای تنوع بیشتر آزمون.,ترنم همدلی,original,1405
یازدهم,تجربی,ریاضی,ریاضی یازدهم,بخش 1,تابع,,متوسط,"کدام گزینه پاسخ صحیح این پرسش است؟
اگر f(x)=2x+1 باشد f(3) چند است؟",6,7,8,5,B,2×3+1=7. سؤال بازطراحی‌شده برای تنوع بیشتر آزمون.,ترنم همدلی,original,1405
یازدهم,تجربی,ریاضی,ریاضی یازدهم,بخش 1,تابع,,متوسط,"با دقت به پرسش زیر، گزینه درست را مشخص کنید:
اگر f(x)=2x+1 باشد f(3) چند است؟",7,8,5,6,A,2×3+1=7. سؤال بازطراحی‌شده برای تنوع بیشتر آزمون.,ترنم همدلی,original,1405
یازدهم,تجربی,ریاضی,ریاضی یازدهم,بخش 1,تابع,,متوسط,"کدام گزینه با صورت سؤال زیر سازگار است؟
اگر f(x)=2x+1 باشد f(3) چند است؟",8,5,6,7,D,2×3+1=7. سؤال بازطراحی‌شده برای تنوع بیشتر آزمون.,ترنم همدلی,original,1405
یازدهم,تجربی,ریاضی,ریاضی یازدهم,بخش 1,تابع,,متوسط,"پاسخ صحیح پرسش زیر کدام است؟
اگر f(x)=2x+1 باشد f(3) چند است؟",5,6,7,8,C,2×3+1=7. سؤال بازطراحی‌شده برای تنوع بیشتر آزمون.,ترنم همدلی,original,1405
یازدهم,تجربی,ریاضی,ریاضی یازدهم,بخش 1,تابع,,متوسط,"در میان گزینه‌های زیر، پاسخ درست را پیدا کنید:
اگر f(x)=2x+1 باشد f(3) چند است؟",6,7,8,5,B,2×3+1=7. سؤال بازطراحی‌شده برای تنوع بیشتر آزمون.,ترنم همدلی,original,1405
یازدهم,تجربی,ریاضی,ریاضی یازدهم,بخش 1,تابع,,متوسط,"کدام گزینه با محتوای سؤال زیر هماهنگ است؟
اگر f(x)=2x+1 باشد f(3) چند است؟",7,8,5,6,A,2×3+1=7. سؤال بازطراحی‌شده برای تنوع بیشتر آزمون.,ترنم همدلی,original,1405
یازدهم,تجربی,ریاضی,ریاضی یازدهم,بخش 1,تابع,,متوسط,"با توجه به پرسش زیر، گزینه صحیح را انتخاب کنید:
اگر f(x)=2x+1 باشد f(3) چند است؟",8,5,6,7,D,2×3+1=7. سؤال بازطراحی‌شده برای تنوع بیشتر آزمون.,ترنم همدلی,original,1405
یازدهم,تجربی,ریاضی,ریاضی یازدهم,بخش 1,تابع,,متوسط,"کدام گزینه از نظر محتوایی درست است؟
اگر f(x)=2x+1 باشد f(3) چند است؟",5,6,7,8,C,2×3+1=7. سؤال بازطراحی‌شده برای تنوع بیشتر آزمون.,ترنم همدلی,original,1405
یازدهم,تجربی,ریاضی,ریاضی یازدهم,بخش 1,تابع,,متوسط,"گزینه درست برای پرسش زیر را مشخص کنید:
اگر f(x)=2x+1 باشد f(3) چند است؟",6,7,8,5,B,2×3+1=7. سؤال بازطراحی‌شده برای تنوع بیشتر آزمون.,ترنم همدلی,original,1405
یازدهم,تجربی,ریاضی,ریاضی یازدهم,بخش 2,معادله,,متوسط,"در سؤال زیر، گزینه درست را انتخاب کنید:
حل 2x+6=14 چیست؟",2,3,4,5,C,2x=8 پس x=4. سؤال بازطراحی‌شده برای تنوع بیشتر آزمون.,ترنم همدلی,original,1405
یازدهم,تجربی,ریاضی,ریاضی یازدهم,بخش 2,معادله,,متوسط,"کدام گزینه پاسخ صحیح این پرسش است؟
حل 2x+6=14 چیست؟",3,4,5,2,B,2x=8 پس x=4. سؤال بازطراحی‌شده برای تنوع بیشتر آزمون.,ترنم همدلی,original,1405
یازدهم,تجربی,ریاضی,ریاضی یازدهم,بخش 2,معادله,,متوسط,"با دقت به پرسش زیر، گزینه درست را مشخص کنید:
حل 2x+6=14 چیست؟",4,5,2,3,A,2x=8 پس x=4. سؤال بازطراحی‌شده برای تنوع بیشتر آزمون.,ترنم همدلی,original,1405
یازدهم,تجربی,ریاضی,ریاضی یازدهم,بخش 2,معادله,,متوسط,"کدام گزینه با صورت سؤال زیر سازگار است؟
حل 2x+6=14 چیست؟",5,2,3,4,D,2x=8 پس x=4. سؤال بازطراحی‌شده برای تنوع بیشتر آزمون.,ترنم همدلی,original,1405
یازدهم,تجربی,ریاضی,ریاضی یازدهم,بخش 2,معادله,,متوسط,"پاسخ صحیح پرسش زیر کدام است؟
حل 2x+6=14 چیست؟",2,3,4,5,C,2x=8 پس x=4. سؤال بازطراحی‌شده برای تنوع بیشتر آزمون.,ترنم همدلی,original,1405
یازدهم,تجربی,ریاضی,ریاضی یازدهم,بخش 2,معادله,,متوسط,"در میان گزینه‌های زیر، پاسخ درست را پیدا کنید:
حل 2x+6=14 چیست؟",3,4,5,2,B,2x=8 پس x=4. سؤال بازطراحی‌شده برای تنوع بیشتر آزمون.,ترنم همدلی,original,1405
یازدهم,تجربی,ریاضی,ریاضی یازدهم,بخش 2,معادله,,متوسط,"کدام گزینه با محتوای سؤال زیر هماهنگ است؟
حل 2x+6=14 چیست؟",4,5,2,3,A,2x=8 پس x=4. سؤال بازطراحی‌شده برای تنوع بیشتر آزمون.,ترنم همدلی,original,1405
یازدهم,تجربی,ریاضی,ریاضی یازدهم,بخش 2,معادله,,متوسط,"با توجه به پرسش زیر، گزینه صحیح را انتخاب کنید:
حل 2x+6=14 چیست؟",5,2,3,4,D,2x=8 پس x=4. سؤال بازطراحی‌شده برای تنوع بیشتر آزمون.,ترنم همدلی,original,1405
یازدهم,تجربی,ریاضی,ریاضی یازدهم,بخش 2,معادله,,متوسط,"کدام گزینه از نظر محتوایی درست است؟
حل 2x+6=14 چیست؟",2,3,4,5,C,2x=8 پس x=4. سؤال بازطراحی‌شده برای تنوع بیشتر آزمون.,ترنم همدلی,original,1405
یازدهم,تجربی,ریاضی,ریاضی یازدهم,بخش 2,معادله,,متوسط,"گزینه درست برای پرسش زیر را مشخص کنید:
حل 2x+6=14 چیست؟",3,4,5,2,B,2x=8 پس x=4. سؤال بازطراحی‌شده برای تنوع بیشتر آزمون.,ترنم همدلی,original,1405
یازدهم,تجربی,ریاضی,ریاضی یازدهم,بخش 3,حد,,متوسط,"در سؤال زیر، گزینه درست را انتخاب کنید:
حد بیانگر چه مفهومی است؟",رفتار تابع نزدیک یک نقطه,فقط مقدار تابع در نقطه,مشتق همیشه,مساحت,A,حد رفتار تابع هنگام نزدیک شدن ورودی به نقطه را توصیف می‌کند. سؤال بازطراحی‌شده برای تنوع بیشتر آزمون.,ترنم همدلی,original,1405
یازدهم,تجربی,ریاضی,ریاضی یازدهم,بخش 3,حد,,متوسط,"کدام گزینه پاسخ صحیح این پرسش است؟
حد بیانگر چه مفهومی است؟",فقط مقدار تابع در نقطه,مشتق همیشه,مساحت,رفتار تابع نزدیک یک نقطه,D,حد رفتار تابع هنگام نزدیک شدن ورودی به نقطه را توصیف می‌کند. سؤال بازطراحی‌شده برای تنوع بیشتر آزمون.,ترنم همدلی,original,1405
یازدهم,تجربی,ریاضی,ریاضی یازدهم,بخش 3,حد,,متوسط,"با دقت به پرسش زیر، گزینه درست را مشخص کنید:
حد بیانگر چه مفهومی است؟",مشتق همیشه,مساحت,رفتار تابع نزدیک یک نقطه,فقط مقدار تابع در نقطه,C,حد رفتار تابع هنگام نزدیک شدن ورودی به نقطه را توصیف می‌کند. سؤال بازطراحی‌شده برای تنوع بیشتر آزمون.,ترنم همدلی,original,1405
یازدهم,تجربی,ریاضی,ریاضی یازدهم,بخش 3,حد,,متوسط,"کدام گزینه با صورت سؤال زیر سازگار است؟
حد بیانگر چه مفهومی است؟",مساحت,رفتار تابع نزدیک یک نقطه,فقط مقدار تابع در نقطه,مشتق همیشه,B,حد رفتار تابع هنگام نزدیک شدن ورودی به نقطه را توصیف می‌کند. سؤال بازطراحی‌شده برای تنوع بیشتر آزمون.,ترنم همدلی,original,1405
یازدهم,تجربی,ریاضی,ریاضی یازدهم,بخش 3,حد,,متوسط,"پاسخ صحیح پرسش زیر کدام است؟
حد بیانگر چه مفهومی است؟",رفتار تابع نزدیک یک نقطه,فقط مقدار تابع در نقطه,مشتق همیشه,مساحت,A,حد رفتار تابع هنگام نزدیک شدن ورودی به نقطه را توصیف می‌کند. سؤال بازطراحی‌شده برای تنوع بیشتر آزمون.,ترنم همدلی,original,1405
یازدهم,تجربی,ریاضی,ریاضی یازدهم,بخش 3,حد,,متوسط,"در میان گزینه‌های زیر، پاسخ درست را پیدا کنید:
حد بیانگر چه مفهومی است؟",فقط مقدار تابع در نقطه,مشتق همیشه,مساحت,رفتار تابع نزدیک یک نقطه,D,حد رفتار تابع هنگام نزدیک شدن ورودی به نقطه را توصیف می‌کند. سؤال بازطراحی‌شده برای تنوع بیشتر آزمون.,ترنم همدلی,original,1405
یازدهم,تجربی,ریاضی,ریاضی یازدهم,بخش 3,حد,,متوسط,"کدام گزینه با محتوای سؤال زیر هماهنگ است؟
حد بیانگر چه مفهومی است؟",مشتق همیشه,مساحت,رفتار تابع نزدیک یک نقطه,فقط مقدار تابع در نقطه,C,حد رفتار تابع هنگام نزدیک شدن ورودی به نقطه را توصیف می‌کند. سؤال بازطراحی‌شده برای تنوع بیشتر آزمون.,ترنم همدلی,original,1405
یازدهم,تجربی,ریاضی,ریاضی یازدهم,بخش 3,حد,,متوسط,"با توجه به پرسش زیر، گزینه صحیح را انتخاب کنید:
حد بیانگر چه مفهومی است؟",مساحت,رفتار تابع نزدیک یک نقطه,فقط مقدار تابع در نقطه,مشتق همیشه,B,حد رفتار تابع هنگام نزدیک شدن ورودی به نقطه را توصیف می‌کند. سؤال بازطراحی‌شده برای تنوع بیشتر آزمون.,ترنم همدلی,original,1405
یازدهم,تجربی,ریاضی,ریاضی یازدهم,بخش 3,حد,,متوسط,"کدام گزینه از نظر محتوایی درست است؟
حد بیانگر چه مفهومی است؟",رفتار تابع نزدیک یک نقطه,فقط مقدار تابع در نقطه,مشتق همیشه,مساحت,A,حد رفتار تابع هنگام نزدیک شدن ورودی به نقطه را توصیف می‌کند. سؤال بازطراحی‌شده برای تنوع بیشتر آزمون.,ترنم همدلی,original,1405
یازدهم,تجربی,ریاضی,ریاضی یازدهم,بخش 3,حد,,متوسط,"گزینه درست برای پرسش زیر را مشخص کنید:
حد بیانگر چه مفهومی است؟",فقط مقدار تابع در نقطه,مشتق همیشه,مساحت,رفتار تابع نزدیک یک نقطه,D,حد رفتار تابع هنگام نزدیک شدن ورودی به نقطه را توصیف می‌کند. سؤال بازطراحی‌شده برای تنوع بیشتر آزمون.,ترنم همدلی,original,1405
یازدهم,تجربی,ریاضی,ریاضی یازدهم,بخش 4,مشتق,,متوسط,"در سؤال زیر، گزینه درست را انتخاب کنید:
مشتق x² چیست؟",x,2x,x²,2,B,مشتق x² برابر 2x است. سؤال بازطراحی‌شده برای تنوع بیشتر آزمون.,ترنم همدلی,original,1405
یازدهم,تجربی,ریاضی,ریاضی یازدهم,بخش 4,مشتق,,متوسط,"کدام گزینه پاسخ صحیح این پرسش است؟
مشتق x² چیست؟",2x,x²,2,x,A,مشتق x² برابر 2x است. سؤال بازطراحی‌شده برای تنوع بیشتر آزمون.,ترنم همدلی,original,1405
یازدهم,تجربی,ریاضی,ریاضی یازدهم,بخش 4,مشتق,,متوسط,"با دقت به پرسش زیر، گزینه درست را مشخص کنید:
مشتق x² چیست؟",x²,2,x,2x,D,مشتق x² برابر 2x است. سؤال بازطراحی‌شده برای تنوع بیشتر آزمون.,ترنم همدلی,original,1405
یازدهم,تجربی,ریاضی,ریاضی یازدهم,بخش 4,مشتق,,متوسط,"کدام گزینه با صورت سؤال زیر سازگار است؟
مشتق x² چیست؟",2,x,2x,x²,C,مشتق x² برابر 2x است. سؤال بازطراحی‌شده برای تنوع بیشتر آزمون.,ترنم همدلی,original,1405
یازدهم,تجربی,ریاضی,ریاضی یازدهم,بخش 4,مشتق,,متوسط,"پاسخ صحیح پرسش زیر کدام است؟
مشتق x² چیست؟",x,2x,x²,2,B,مشتق x² برابر 2x است. سؤال بازطراحی‌شده برای تنوع بیشتر آزمون.,ترنم همدلی,original,1405
یازدهم,تجربی,ریاضی,ریاضی یازدهم,بخش 4,مشتق,,متوسط,"در میان گزینه‌های زیر، پاسخ درست را پیدا کنید:
مشتق x² چیست؟",2x,x²,2,x,A,مشتق x² برابر 2x است. سؤال بازطراحی‌شده برای تنوع بیشتر آزمون.,ترنم همدلی,original,1405
یازدهم,تجربی,ریاضی,ریاضی یازدهم,بخش 4,مشتق,,متوسط,"کدام گزینه با محتوای سؤال زیر هماهنگ است؟
مشتق x² چیست؟",x²,2,x,2x,D,مشتق x² برابر 2x است. سؤال بازطراحی‌شده برای تنوع بیشتر آزمون.,ترنم همدلی,original,1405
یازدهم,تجربی,ریاضی,ریاضی یازدهم,بخش 4,مشتق,,متوسط,"با توجه به پرسش زیر، گزینه صحیح را انتخاب کنید:
مشتق x² چیست؟",2,x,2x,x²,C,مشتق x² برابر 2x است. سؤال بازطراحی‌شده برای تنوع بیشتر آزمون.,ترنم همدلی,original,1405
یازدهم,تجربی,ریاضی,ریاضی یازدهم,بخش 4,مشتق,,متوسط,"کدام گزینه از نظر محتوایی درست است؟
مشتق x² چیست؟",x,2x,x²,2,B,مشتق x² برابر 2x است. سؤال بازطراحی‌شده برای تنوع بیشتر آزمون.,ترنم همدلی,original,1405
یازدهم,تجربی,ریاضی,ریاضی یازدهم,بخش 4,مشتق,,متوسط,"گزینه درست برای پرسش زیر را مشخص کنید:
مشتق x² چیست؟",2x,x²,2,x,A,مشتق x² برابر 2x است. سؤال بازطراحی‌شده برای تنوع بیشتر آزمون.,ترنم همدلی,original,1405
یازدهم,تجربی,ریاضی,ریاضی یازدهم,بخش 5,احتمال,,متوسط,"در سؤال زیر، گزینه درست را انتخاب کنید:
احتمال رخداد قطعی چیست؟",0,1,1/2,2,B,رخداد قطعی احتمال 1 دارد. سؤال بازطراحی‌شده برای تنوع بیشتر آزمون.,ترنم همدلی,original,1405
یازدهم,تجربی,ریاضی,ریاضی یازدهم,بخش 5,احتمال,,متوسط,"کدام گزینه پاسخ صحیح این پرسش است؟
احتمال رخداد قطعی چیست؟",1,1/2,2,0,A,رخداد قطعی احتمال 1 دارد. سؤال بازطراحی‌شده برای تنوع بیشتر آزمون.,ترنم همدلی,original,1405
یازدهم,تجربی,ریاضی,ریاضی یازدهم,بخش 5,احتمال,,متوسط,"با دقت به پرسش زیر، گزینه درست را مشخص کنید:
احتمال رخداد قطعی چیست؟",1/2,2,0,1,D,رخداد قطعی احتمال 1 دارد. سؤال بازطراحی‌شده برای تنوع بیشتر آزمون.,ترنم همدلی,original,1405
یازدهم,تجربی,ریاضی,ریاضی یازدهم,بخش 5,احتمال,,متوسط,"کدام گزینه با صورت سؤال زیر سازگار است؟
احتمال رخداد قطعی چیست؟",2,0,1,1/2,C,رخداد قطعی احتمال 1 دارد. سؤال بازطراحی‌شده برای تنوع بیشتر آزمون.,ترنم همدلی,original,1405
یازدهم,تجربی,ریاضی,ریاضی یازدهم,بخش 5,احتمال,,متوسط,"پاسخ صحیح پرسش زیر کدام است؟
احتمال رخداد قطعی چیست؟",0,1,1/2,2,B,رخداد قطعی احتمال 1 دارد. سؤال بازطراحی‌شده برای تنوع بیشتر آزمون.,ترنم همدلی,original,1405
یازدهم,تجربی,ریاضی,ریاضی یازدهم,بخش 5,احتمال,,متوسط,"در میان گزینه‌های زیر، پاسخ درست را پیدا کنید:
احتمال رخداد قطعی چیست؟",1,1/2,2,0,A,رخداد قطعی احتمال 1 دارد. سؤال بازطراحی‌شده برای تنوع بیشتر آزمون.,ترنم همدلی,original,1405
یازدهم,تجربی,ریاضی,ریاضی یازدهم,بخش 5,احتمال,,متوسط,"کدام گزینه با محتوای سؤال زیر هماهنگ است؟
احتمال رخداد قطعی چیست؟",1/2,2,0,1,D,رخداد قطعی احتمال 1 دارد. سؤال بازطراحی‌شده برای تنوع بیشتر آزمون.,ترنم همدلی,original,1405
یازدهم,تجربی,ریاضی,ریاضی یازدهم,بخش 5,احتمال,,متوسط,"با توجه به پرسش زیر، گزینه صحیح را انتخاب کنید:
احتمال رخداد قطعی چیست؟",2,0,1,1/2,C,رخداد قطعی احتمال 1 دارد. سؤال بازطراحی‌شده برای تنوع بیشتر آزمون.,ترنم همدلی,original,1405
یازدهم,تجربی,ریاضی,ریاضی یازدهم,بخش 5,احتمال,,متوسط,"کدام گزینه از نظر محتوایی درست است؟
احتمال رخداد قطعی چیست؟",0,1,1/2,2,B,رخداد قطعی احتمال 1 دارد. سؤال بازطراحی‌شده برای تنوع بیشتر آزمون.,ترنم همدلی,original,1405
یازدهم,تجربی,ریاضی,ریاضی یازدهم,بخش 5,احتمال,,متوسط,"گزینه درست برای پرسش زیر را مشخص کنید:
احتمال رخداد قطعی چیست؟",1,1/2,2,0,A,رخداد قطعی احتمال 1 دارد. سؤال بازطراحی‌شده برای تنوع بیشتر آزمون.,ترنم همدلی,original,1405
یازدهم,تجربی,ریاضی,ریاضی یازدهم,بخش 6,هندسه,,متوسط,"در سؤال زیر، گزینه درست را انتخاب کنید:
شیب خط افقی چیست؟",1,-1,0,تعریف‌نشده,C,خط افقی شیب صفر دارد. سؤال بازطراحی‌شده برای تنوع بیشتر آزمون.,ترنم همدلی,original,1405
یازدهم,تجربی,ریاضی,ریاضی یازدهم,بخش 6,هندسه,,متوسط,"کدام گزینه پاسخ صحیح این پرسش است؟
شیب خط افقی چیست؟",-1,0,تعریف‌نشده,1,B,خط افقی شیب صفر دارد. سؤال بازطراحی‌شده برای تنوع بیشتر آزمون.,ترنم همدلی,original,1405
یازدهم,تجربی,ریاضی,ریاضی یازدهم,بخش 6,هندسه,,متوسط,"با دقت به پرسش زیر، گزینه درست را مشخص کنید:
شیب خط افقی چیست؟",0,تعریف‌نشده,1,-1,A,خط افقی شیب صفر دارد. سؤال بازطراحی‌شده برای تنوع بیشتر آزمون.,ترنم همدلی,original,1405
یازدهم,تجربی,ریاضی,ریاضی یازدهم,بخش 6,هندسه,,متوسط,"کدام گزینه با صورت سؤال زیر سازگار است؟
شیب خط افقی چیست؟",تعریف‌نشده,1,-1,0,D,خط افقی شیب صفر دارد. سؤال بازطراحی‌شده برای تنوع بیشتر آزمون.,ترنم همدلی,original,1405
یازدهم,تجربی,ریاضی,ریاضی یازدهم,بخش 6,هندسه,,متوسط,"پاسخ صحیح پرسش زیر کدام است؟
شیب خط افقی چیست؟",1,-1,0,تعریف‌نشده,C,خط افقی شیب صفر دارد. سؤال بازطراحی‌شده برای تنوع بیشتر آزمون.,ترنم همدلی,original,1405
یازدهم,تجربی,ریاضی,ریاضی یازدهم,بخش 6,هندسه,,متوسط,"در میان گزینه‌های زیر، پاسخ درست را پیدا کنید:
شیب خط افقی چیست؟",-1,0,تعریف‌نشده,1,B,خط افقی شیب صفر دارد. سؤال بازطراحی‌شده برای تنوع بیشتر آزمون.,ترنم همدلی,original,1405
یازدهم,تجربی,ریاضی,ریاضی یازدهم,بخش 6,هندسه,,متوسط,"کدام گزینه با محتوای سؤال زیر هماهنگ است؟
شیب خط افقی چیست؟",0,تعریف‌نشده,1,-1,A,خط افقی شیب صفر دارد. سؤال بازطراحی‌شده برای تنوع بیشتر آزمون.,ترنم همدلی,original,1405
یازدهم,تجربی,ریاضی,ریاضی یازدهم,بخش 6,هندسه,,متوسط,"با توجه به پرسش زیر، گزینه صحیح را انتخاب کنید:
شیب خط افقی چیست؟",تعریف‌نشده,1,-1,0,D,خط افقی شیب صفر دارد. سؤال بازطراحی‌شده برای تنوع بیشتر آزمون.,ترنم همدلی,original,1405
یازدهم,تجربی,ریاضی,ریاضی یازدهم,بخش 6,هندسه,,متوسط,"کدام گزینه از نظر محتوایی درست است؟
شیب خط افقی چیست؟",1,-1,0,تعریف‌نشده,C,خط افقی شیب صفر دارد. سؤال بازطراحی‌شده برای تنوع بیشتر آزمون.,ترنم همدلی,original,1405
یازدهم,تجربی,ریاضی,ریاضی یازدهم,بخش 6,هندسه,,متوسط,"گزینه درست برای پرسش زیر را مشخص کنید:
شیب خط افقی چیست؟",-1,0,تعریف‌نشده,1,B,خط افقی شیب صفر دارد. سؤال بازطراحی‌شده برای تنوع بیشتر آزمون.,ترنم همدلی,original,1405
یازدهم,ریاضی,فارسی,فارسی,بخش 1,واژگان,,متوسط,"در سؤال زیر، گزینه درست را انتخاب کنید:
واژه «فرهیخته» به کدام معنا نزدیک‌تر است؟",دانشمند,بی‌تجربه,کم‌حوصله,بی‌تفاوت,A,فرهیخته به فرد دانش‌آموخته و اهل فرهنگ گفته می‌شود. سؤال بازطراحی‌شده برای تنوع بیشتر آزمون.,ترنم همدلی,original,1405
یازدهم,ریاضی,فارسی,فارسی,بخش 1,واژگان,,متوسط,"کدام گزینه پاسخ صحیح این پرسش است؟
واژه «فرهیخته» به کدام معنا نزدیک‌تر است؟",بی‌تجربه,کم‌حوصله,بی‌تفاوت,دانشمند,D,فرهیخته به فرد دانش‌آموخته و اهل فرهنگ گفته می‌شود. سؤال بازطراحی‌شده برای تنوع بیشتر آزمون.,ترنم همدلی,original,1405
یازدهم,ریاضی,فارسی,فارسی,بخش 1,واژگان,,متوسط,"با دقت به پرسش زیر، گزینه درست را مشخص کنید:
واژه «فرهیخته» به کدام معنا نزدیک‌تر است؟",کم‌حوصله,بی‌تفاوت,دانشمند,بی‌تجربه,C,فرهیخته به فرد دانش‌آموخته و اهل فرهنگ گفته می‌شود. سؤال بازطراحی‌شده برای تنوع بیشتر آزمون.,ترنم همدلی,original,1405
یازدهم,ریاضی,فارسی,فارسی,بخش 1,واژگان,,متوسط,"کدام گزینه با صورت سؤال زیر سازگار است؟
واژه «فرهیخته» به کدام معنا نزدیک‌تر است؟",بی‌تفاوت,دانشمند,بی‌تجربه,کم‌حوصله,B,فرهیخته به فرد دانش‌آموخته و اهل فرهنگ گفته می‌شود. سؤال بازطراحی‌شده برای تنوع بیشتر آزمون.,ترنم همدلی,original,1405
یازدهم,ریاضی,فارسی,فارسی,بخش 1,واژگان,,متوسط,"پاسخ صحیح پرسش زیر کدام است؟
واژه «فرهیخته» به کدام معنا نزدیک‌تر است؟",دانشمند,بی‌تجربه,کم‌حوصله,بی‌تفاوت,A,فرهیخته به فرد دانش‌آموخته و اهل فرهنگ گفته می‌شود. سؤال بازطراحی‌شده برای تنوع بیشتر آزمون.,ترنم همدلی,original,1405
یازدهم,ریاضی,فارسی,فارسی,بخش 1,واژگان,,متوسط,"در میان گزینه‌های زیر، پاسخ درست را پیدا کنید:
واژه «فرهیخته» به کدام معنا نزدیک‌تر است؟",بی‌تجربه,کم‌حوصله,بی‌تفاوت,دانشمند,D,فرهیخته به فرد دانش‌آموخته و اهل فرهنگ گفته می‌شود. سؤال بازطراحی‌شده برای تنوع بیشتر آزمون.,ترنم همدلی,original,1405
یازدهم,ریاضی,فارسی,فارسی,بخش 1,واژگان,,متوسط,"کدام گزینه با محتوای سؤال زیر هماهنگ است؟
واژه «فرهیخته» به کدام معنا نزدیک‌تر است؟",کم‌حوصله,بی‌تفاوت,دانشمند,بی‌تجربه,C,فرهیخته به فرد دانش‌آموخته و اهل فرهنگ گفته می‌شود. سؤال بازطراحی‌شده برای تنوع بیشتر آزمون.,ترنم همدلی,original,1405
یازدهم,ریاضی,فارسی,فارسی,بخش 1,واژگان,,متوسط,"با توجه به پرسش زیر، گزینه صحیح را انتخاب کنید:
واژه «فرهیخته» به کدام معنا نزدیک‌تر است؟",بی‌تفاوت,دانشمند,بی‌تجربه,کم‌حوصله,B,فرهیخته به فرد دانش‌آموخته و اهل فرهنگ گفته می‌شود. سؤال بازطراحی‌شده برای تنوع بیشتر آزمون.,ترنم همدلی,original,1405
یازدهم,ریاضی,فارسی,فارسی,بخش 1,واژگان,,متوسط,"کدام گزینه از نظر محتوایی درست است؟
واژه «فرهیخته» به کدام معنا نزدیک‌تر است؟",دانشمند,بی‌تجربه,کم‌حوصله,بی‌تفاوت,A,فرهیخته به فرد دانش‌آموخته و اهل فرهنگ گفته می‌شود. سؤال بازطراحی‌شده برای تنوع بیشتر آزمون.,ترنم همدلی,original,1405
یازدهم,ریاضی,فارسی,فارسی,بخش 1,واژگان,,متوسط,"گزینه درست برای پرسش زیر را مشخص کنید:
واژه «فرهیخته» به کدام معنا نزدیک‌تر است؟",بی‌تجربه,کم‌حوصله,بی‌تفاوت,دانشمند,D,فرهیخته به فرد دانش‌آموخته و اهل فرهنگ گفته می‌شود. سؤال بازطراحی‌شده برای تنوع بیشتر آزمون.,ترنم همدلی,original,1405
یازدهم,ریاضی,فارسی,فارسی,بخش 2,آرایه,,متوسط,"در سؤال زیر، گزینه درست را انتخاب کنید:
در «قد سرو» کدام آرایه دیده می‌شود؟",تشبیه,تضاد,جناس,سجع,A,قد به سرو مانند شده است. سؤال بازطراحی‌شده برای تنوع بیشتر آزمون.,ترنم همدلی,original,1405
یازدهم,ریاضی,فارسی,فارسی,بخش 2,آرایه,,متوسط,"کدام گزینه پاسخ صحیح این پرسش است؟
در «قد سرو» کدام آرایه دیده می‌شود؟",تضاد,جناس,سجع,تشبیه,D,قد به سرو مانند شده است. سؤال بازطراحی‌شده برای تنوع بیشتر آزمون.,ترنم همدلی,original,1405
یازدهم,ریاضی,فارسی,فارسی,بخش 2,آرایه,,متوسط,"با دقت به پرسش زیر، گزینه درست را مشخص کنید:
در «قد سرو» کدام آرایه دیده می‌شود؟",جناس,سجع,تشبیه,تضاد,C,قد به سرو مانند شده است. سؤال بازطراحی‌شده برای تنوع بیشتر آزمون.,ترنم همدلی,original,1405
یازدهم,ریاضی,فارسی,فارسی,بخش 2,آرایه,,متوسط,"کدام گزینه با صورت سؤال زیر سازگار است؟
در «قد سرو» کدام آرایه دیده می‌شود؟",سجع,تشبیه,تضاد,جناس,B,قد به سرو مانند شده است. سؤال بازطراحی‌شده برای تنوع بیشتر آزمون.,ترنم همدلی,original,1405
یازدهم,ریاضی,فارسی,فارسی,بخش 2,آرایه,,متوسط,"پاسخ صحیح پرسش زیر کدام است؟
در «قد سرو» کدام آرایه دیده می‌شود؟",تشبیه,تضاد,جناس,سجع,A,قد به سرو مانند شده است. سؤال بازطراحی‌شده برای تنوع بیشتر آزمون.,ترنم همدلی,original,1405
یازدهم,ریاضی,فارسی,فارسی,بخش 2,آرایه,,متوسط,"در میان گزینه‌های زیر، پاسخ درست را پیدا کنید:
در «قد سرو» کدام آرایه دیده می‌شود؟",تضاد,جناس,سجع,تشبیه,D,قد به سرو مانند شده است. سؤال بازطراحی‌شده برای تنوع بیشتر آزمون.,ترنم همدلی,original,1405
یازدهم,ریاضی,فارسی,فارسی,بخش 2,آرایه,,متوسط,"کدام گزینه با محتوای سؤال زیر هماهنگ است؟
در «قد سرو» کدام آرایه دیده می‌شود؟",جناس,سجع,تشبیه,تضاد,C,قد به سرو مانند شده است. سؤال بازطراحی‌شده برای تنوع بیشتر آزمون.,ترنم همدلی,original,1405
یازدهم,ریاضی,فارسی,فارسی,بخش 2,آرایه,,متوسط,"با توجه به پرسش زیر، گزینه صحیح را انتخاب کنید:
در «قد سرو» کدام آرایه دیده می‌شود؟",سجع,تشبیه,تضاد,جناس,B,قد به سرو مانند شده است. سؤال بازطراحی‌شده برای تنوع بیشتر آزمون.,ترنم همدلی,original,1405
یازدهم,ریاضی,فارسی,فارسی,بخش 2,آرایه,,متوسط,"کدام گزینه از نظر محتوایی درست است؟
در «قد سرو» کدام آرایه دیده می‌شود؟",تشبیه,تضاد,جناس,سجع,A,قد به سرو مانند شده است. سؤال بازطراحی‌شده برای تنوع بیشتر آزمون.,ترنم همدلی,original,1405
یازدهم,ریاضی,فارسی,فارسی,بخش 2,آرایه,,متوسط,"گزینه درست برای پرسش زیر را مشخص کنید:
در «قد سرو» کدام آرایه دیده می‌شود؟",تضاد,جناس,سجع,تشبیه,D,قد به سرو مانند شده است. سؤال بازطراحی‌شده برای تنوع بیشتر آزمون.,ترنم همدلی,original,1405
یازدهم,ریاضی,فارسی,فارسی,بخش 3,دستور,,متوسط,"در سؤال زیر، گزینه درست را انتخاب کنید:
در «دانش‌آموزان درس را خواندند» نهاد کدام است؟",درس,دانش‌آموزان,را,خواندند,B,انجام‌دهنده فعل نهاد است. سؤال بازطراحی‌شده برای تنوع بیشتر آزمون.,ترنم همدلی,original,1405
یازدهم,ریاضی,فارسی,فارسی,بخش 3,دستور,,متوسط,"کدام گزینه پاسخ صحیح این پرسش است؟
در «دانش‌آموزان درس را خواندند» نهاد کدام است؟",دانش‌آموزان,را,خواندند,درس,A,انجام‌دهنده فعل نهاد است. سؤال بازطراحی‌شده برای تنوع بیشتر آزمون.,ترنم همدلی,original,1405
یازدهم,ریاضی,فارسی,فارسی,بخش 3,دستور,,متوسط,"با دقت به پرسش زیر، گزینه درست را مشخص کنید:
در «دانش‌آموزان درس را خواندند» نهاد کدام است؟",را,خواندند,درس,دانش‌آموزان,D,انجام‌دهنده فعل نهاد است. سؤال بازطراحی‌شده برای تنوع بیشتر آزمون.,ترنم همدلی,original,1405
یازدهم,ریاضی,فارسی,فارسی,بخش 3,دستور,,متوسط,"کدام گزینه با صورت سؤال زیر سازگار است؟
در «دانش‌آموزان درس را خواندند» نهاد کدام است؟",خواندند,درس,دانش‌آموزان,را,C,انجام‌دهنده فعل نهاد است. سؤال بازطراحی‌شده برای تنوع بیشتر آزمون.,ترنم همدلی,original,1405
یازدهم,ریاضی,فارسی,فارسی,بخش 3,دستور,,متوسط,"پاسخ صحیح پرسش زیر کدام است؟
در «دانش‌آموزان درس را خواندند» نهاد کدام است؟",درس,دانش‌آموزان,را,خواندند,B,انجام‌دهنده فعل نهاد است. سؤال بازطراحی‌شده برای تنوع بیشتر آزمون.,ترنم همدلی,original,1405
یازدهم,ریاضی,فارسی,فارسی,بخش 3,دستور,,متوسط,"در میان گزینه‌های زیر، پاسخ درست را پیدا کنید:
در «دانش‌آموزان درس را خواندند» نهاد کدام است؟",دانش‌آموزان,را,خواندند,درس,A,انجام‌دهنده فعل نهاد است. سؤال بازطراحی‌شده برای تنوع بیشتر آزمون.,ترنم همدلی,original,1405
یازدهم,ریاضی,فارسی,فارسی,بخش 3,دستور,,متوسط,"کدام گزینه با محتوای سؤال زیر هماهنگ است؟
در «دانش‌آموزان درس را خواندند» نهاد کدام است؟",را,خواندند,درس,دانش‌آموزان,D,انجام‌دهنده فعل نهاد است. سؤال بازطراحی‌شده برای تنوع بیشتر آزمون.,ترنم همدلی,original,1405
یازدهم,ریاضی,فارسی,فارسی,بخش 3,دستور,,متوسط,"با توجه به پرسش زیر، گزینه صحیح را انتخاب کنید:
در «دانش‌آموزان درس را خواندند» نهاد کدام است؟",خواندند,درس,دانش‌آموزان,را,C,انجام‌دهنده فعل نهاد است. سؤال بازطراحی‌شده برای تنوع بیشتر آزمون.,ترنم همدلی,original,1405
یازدهم,ریاضی,فارسی,فارسی,بخش 3,دستور,,متوسط,"کدام گزینه از نظر محتوایی درست است؟
در «دانش‌آموزان درس را خواندند» نهاد کدام است؟",درس,دانش‌آموزان,را,خواندند,B,انجام‌دهنده فعل نهاد است. سؤال بازطراحی‌شده برای تنوع بیشتر آزمون.,ترنم همدلی,original,1405
یازدهم,ریاضی,فارسی,فارسی,بخش 3,دستور,,متوسط,"گزینه درست برای پرسش زیر را مشخص کنید:
در «دانش‌آموزان درس را خواندند» نهاد کدام است؟",دانش‌آموزان,را,خواندند,درس,A,انجام‌دهنده فعل نهاد است. سؤال بازطراحی‌شده برای تنوع بیشتر آزمون.,ترنم همدلی,original,1405
یازدهم,ریاضی,فارسی,فارسی,بخش 4,املاء,,متوسط,"در سؤال زیر، گزینه درست را انتخاب کنید:
کدام واژه درست است؟",تأثیر,تاثیر,تأثیرر,تاثیر,A,املای معیار «تأثیر» است. سؤال بازطراحی‌شده برای تنوع بیشتر آزمون.,ترنم همدلی,original,1405
یازدهم,ریاضی,فارسی,فارسی,بخش 4,املاء,,متوسط,"کدام گزینه پاسخ صحیح این پرسش است؟
کدام واژه درست است؟",تاثیر,تأثیرر,تاثیر,تأثیر,D,املای معیار «تأثیر» است. سؤال بازطراحی‌شده برای تنوع بیشتر آزمون.,ترنم همدلی,original,1405
یازدهم,ریاضی,فارسی,فارسی,بخش 4,املاء,,متوسط,"با دقت به پرسش زیر، گزینه درست را مشخص کنید:
کدام واژه درست است؟",تأثیرر,تاثیر,تأثیر,تاثیر,C,املای معیار «تأثیر» است. سؤال بازطراحی‌شده برای تنوع بیشتر آزمون.,ترنم همدلی,original,1405
یازدهم,ریاضی,فارسی,فارسی,بخش 4,املاء,,متوسط,"کدام گزینه با صورت سؤال زیر سازگار است؟
کدام واژه درست است؟",تاثیر,تأثیر,تاثیر,تأثیرر,B,املای معیار «تأثیر» است. سؤال بازطراحی‌شده برای تنوع بیشتر آزمون.,ترنم همدلی,original,1405
یازدهم,ریاضی,فارسی,فارسی,بخش 4,املاء,,متوسط,"پاسخ صحیح پرسش زیر کدام است؟
کدام واژه درست است؟",تأثیر,تاثیر,تأثیرر,تاثیر,A,املای معیار «تأثیر» است. سؤال بازطراحی‌شده برای تنوع بیشتر آزمون.,ترنم همدلی,original,1405
یازدهم,ریاضی,فارسی,فارسی,بخش 4,املاء,,متوسط,"در میان گزینه‌های زیر، پاسخ درست را پیدا کنید:
کدام واژه درست است؟",تاثیر,تأثیرر,تاثیر,تأثیر,D,املای معیار «تأثیر» است. سؤال بازطراحی‌شده برای تنوع بیشتر آزمون.,ترنم همدلی,original,1405
یازدهم,ریاضی,فارسی,فارسی,بخش 4,املاء,,متوسط,"کدام گزینه با محتوای سؤال زیر هماهنگ است؟
کدام واژه درست است؟",تأثیرر,تاثیر,تأثیر,تاثیر,C,املای معیار «تأثیر» است. سؤال بازطراحی‌شده برای تنوع بیشتر آزمون.,ترنم همدلی,original,1405
یازدهم,ریاضی,فارسی,فارسی,بخش 4,املاء,,متوسط,"با توجه به پرسش زیر، گزینه صحیح را انتخاب کنید:
کدام واژه درست است؟",تاثیر,تأثیر,تاثیر,تأثیرر,B,املای معیار «تأثیر» است. سؤال بازطراحی‌شده برای تنوع بیشتر آزمون.,ترنم همدلی,original,1405
یازدهم,ریاضی,فارسی,فارسی,بخش 4,املاء,,متوسط,"کدام گزینه از نظر محتوایی درست است؟
کدام واژه درست است؟",تأثیر,تاثیر,تأثیرر,تاثیر,A,املای معیار «تأثیر» است. سؤال بازطراحی‌شده برای تنوع بیشتر آزمون.,ترنم همدلی,original,1405
یازدهم,ریاضی,فارسی,فارسی,بخش 4,املاء,,متوسط,"گزینه درست برای پرسش زیر را مشخص کنید:
کدام واژه درست است؟",تاثیر,تأثیرر,تاثیر,تأثیر,D,املای معیار «تأثیر» است. سؤال بازطراحی‌شده برای تنوع بیشتر آزمون.,ترنم همدلی,original,1405
یازدهم,ریاضی,فارسی,فارسی,بخش 5,قرابت,,متوسط,"در سؤال زیر، گزینه درست را انتخاب کنید:
کدام مفهوم به ارزش دانش نزدیک‌تر است؟",دانایی عامل رشد است,ثروت همیشه کافی است,تلاش بی‌فایده است,یادگیری بی‌ارزش است,A,مفهوم بر اهمیت دانش تأکید دارد. سؤال بازطراحی‌شده برای تنوع بیشتر آزمون.,ترنم همدلی,original,1405
یازدهم,ریاضی,فارسی,فارسی,بخش 5,قرابت,,متوسط,"کدام گزینه پاسخ صحیح این پرسش است؟
کدام مفهوم به ارزش دانش نزدیک‌تر است؟",ثروت همیشه کافی است,تلاش بی‌فایده است,یادگیری بی‌ارزش است,دانایی عامل رشد است,D,مفهوم بر اهمیت دانش تأکید دارد. سؤال بازطراحی‌شده برای تنوع بیشتر آزمون.,ترنم همدلی,original,1405
یازدهم,ریاضی,فارسی,فارسی,بخش 5,قرابت,,متوسط,"با دقت به پرسش زیر، گزینه درست را مشخص کنید:
کدام مفهوم به ارزش دانش نزدیک‌تر است؟",تلاش بی‌فایده است,یادگیری بی‌ارزش است,دانایی عامل رشد است,ثروت همیشه کافی است,C,مفهوم بر اهمیت دانش تأکید دارد. سؤال بازطراحی‌شده برای تنوع بیشتر آزمون.,ترنم همدلی,original,1405
یازدهم,ریاضی,فارسی,فارسی,بخش 5,قرابت,,متوسط,"کدام گزینه با صورت سؤال زیر سازگار است؟
کدام مفهوم به ارزش دانش نزدیک‌تر است؟",یادگیری بی‌ارزش است,دانایی عامل رشد است,ثروت همیشه کافی است,تلاش بی‌فایده است,B,مفهوم بر اهمیت دانش تأکید دارد. سؤال بازطراحی‌شده برای تنوع بیشتر آزمون.,ترنم همدلی,original,1405
یازدهم,ریاضی,فارسی,فارسی,بخش 5,قرابت,,متوسط,"پاسخ صحیح پرسش زیر کدام است؟
کدام مفهوم به ارزش دانش نزدیک‌تر است؟",دانایی عامل رشد است,ثروت همیشه کافی است,تلاش بی‌فایده است,یادگیری بی‌ارزش است,A,مفهوم بر اهمیت دانش تأکید دارد. سؤال بازطراحی‌شده برای تنوع بیشتر آزمون.,ترنم همدلی,original,1405
یازدهم,ریاضی,فارسی,فارسی,بخش 5,قرابت,,متوسط,"در میان گزینه‌های زیر، پاسخ درست را پیدا کنید:
کدام مفهوم به ارزش دانش نزدیک‌تر است؟",ثروت همیشه کافی است,تلاش بی‌فایده است,یادگیری بی‌ارزش است,دانایی عامل رشد است,D,مفهوم بر اهمیت دانش تأکید دارد. سؤال بازطراحی‌شده برای تنوع بیشتر آزمون.,ترنم همدلی,original,1405
یازدهم,ریاضی,فارسی,فارسی,بخش 5,قرابت,,متوسط,"کدام گزینه با محتوای سؤال زیر هماهنگ است؟
کدام مفهوم به ارزش دانش نزدیک‌تر است؟",تلاش بی‌فایده است,یادگیری بی‌ارزش است,دانایی عامل رشد است,ثروت همیشه کافی است,C,مفهوم بر اهمیت دانش تأکید دارد. سؤال بازطراحی‌شده برای تنوع بیشتر آزمون.,ترنم همدلی,original,1405
یازدهم,ریاضی,فارسی,فارسی,بخش 5,قرابت,,متوسط,"با توجه به پرسش زیر، گزینه صحیح را انتخاب کنید:
کدام مفهوم به ارزش دانش نزدیک‌تر است؟",یادگیری بی‌ارزش است,دانایی عامل رشد است,ثروت همیشه کافی است,تلاش بی‌فایده است,B,مفهوم بر اهمیت دانش تأکید دارد. سؤال بازطراحی‌شده برای تنوع بیشتر آزمون.,ترنم همدلی,original,1405
یازدهم,ریاضی,فارسی,فارسی,بخش 5,قرابت,,متوسط,"کدام گزینه از نظر محتوایی درست است؟
کدام مفهوم به ارزش دانش نزدیک‌تر است؟",دانایی عامل رشد است,ثروت همیشه کافی است,تلاش بی‌فایده است,یادگیری بی‌ارزش است,A,مفهوم بر اهمیت دانش تأکید دارد. سؤال بازطراحی‌شده برای تنوع بیشتر آزمون.,ترنم همدلی,original,1405
یازدهم,ریاضی,فارسی,فارسی,بخش 5,قرابت,,متوسط,"گزینه درست برای پرسش زیر را مشخص کنید:
کدام مفهوم به ارزش دانش نزدیک‌تر است؟",ثروت همیشه کافی است,تلاش بی‌فایده است,یادگیری بی‌ارزش است,دانایی عامل رشد است,D,مفهوم بر اهمیت دانش تأکید دارد. سؤال بازطراحی‌شده برای تنوع بیشتر آزمون.,ترنم همدلی,original,1405
یازدهم,ریاضی,فارسی,فارسی,بخش 6,نگارش,,متوسط,"در سؤال زیر، گزینه درست را انتخاب کنید:
مقدمه خوب چه ویژگی دارد؟",ارتباط با موضوع,بی‌ربطی,تکرار نتیجه,حذف موضوع,A,مقدمه باید زمینه موضوع را فراهم کند. سؤال بازطراحی‌شده برای تنوع بیشتر آزمون.,ترنم همدلی,original,1405
یازدهم,ریاضی,فارسی,فارسی,بخش 6,نگارش,,متوسط,"کدام گزینه پاسخ صحیح این پرسش است؟
مقدمه خوب چه ویژگی دارد؟",بی‌ربطی,تکرار نتیجه,حذف موضوع,ارتباط با موضوع,D,مقدمه باید زمینه موضوع را فراهم کند. سؤال بازطراحی‌شده برای تنوع بیشتر آزمون.,ترنم همدلی,original,1405
یازدهم,ریاضی,فارسی,فارسی,بخش 6,نگارش,,متوسط,"با دقت به پرسش زیر، گزینه درست را مشخص کنید:
مقدمه خوب چه ویژگی دارد؟",تکرار نتیجه,حذف موضوع,ارتباط با موضوع,بی‌ربطی,C,مقدمه باید زمینه موضوع را فراهم کند. سؤال بازطراحی‌شده برای تنوع بیشتر آزمون.,ترنم همدلی,original,1405
یازدهم,ریاضی,فارسی,فارسی,بخش 6,نگارش,,متوسط,"کدام گزینه با صورت سؤال زیر سازگار است؟
مقدمه خوب چه ویژگی دارد؟",حذف موضوع,ارتباط با موضوع,بی‌ربطی,تکرار نتیجه,B,مقدمه باید زمینه موضوع را فراهم کند. سؤال بازطراحی‌شده برای تنوع بیشتر آزمون.,ترنم همدلی,original,1405
یازدهم,ریاضی,فارسی,فارسی,بخش 6,نگارش,,متوسط,"پاسخ صحیح پرسش زیر کدام است؟
مقدمه خوب چه ویژگی دارد؟",ارتباط با موضوع,بی‌ربطی,تکرار نتیجه,حذف موضوع,A,مقدمه باید زمینه موضوع را فراهم کند. سؤال بازطراحی‌شده برای تنوع بیشتر آزمون.,ترنم همدلی,original,1405
یازدهم,ریاضی,فارسی,فارسی,بخش 6,نگارش,,متوسط,"در میان گزینه‌های زیر، پاسخ درست را پیدا کنید:
مقدمه خوب چه ویژگی دارد؟",بی‌ربطی,تکرار نتیجه,حذف موضوع,ارتباط با موضوع,D,مقدمه باید زمینه موضوع را فراهم کند. سؤال بازطراحی‌شده برای تنوع بیشتر آزمون.,ترنم همدلی,original,1405
یازدهم,ریاضی,فارسی,فارسی,بخش 6,نگارش,,متوسط,"کدام گزینه با محتوای سؤال زیر هماهنگ است؟
مقدمه خوب چه ویژگی دارد؟",تکرار نتیجه,حذف موضوع,ارتباط با موضوع,بی‌ربطی,C,مقدمه باید زمینه موضوع را فراهم کند. سؤال بازطراحی‌شده برای تنوع بیشتر آزمون.,ترنم همدلی,original,1405
یازدهم,ریاضی,فارسی,فارسی,بخش 6,نگارش,,متوسط,"با توجه به پرسش زیر، گزینه صحیح را انتخاب کنید:
مقدمه خوب چه ویژگی دارد؟",حذف موضوع,ارتباط با موضوع,بی‌ربطی,تکرار نتیجه,B,مقدمه باید زمینه موضوع را فراهم کند. سؤال بازطراحی‌شده برای تنوع بیشتر آزمون.,ترنم همدلی,original,1405
یازدهم,ریاضی,فارسی,فارسی,بخش 6,نگارش,,متوسط,"کدام گزینه از نظر محتوایی درست است؟
مقدمه خوب چه ویژگی دارد؟",ارتباط با موضوع,بی‌ربطی,تکرار نتیجه,حذف موضوع,A,مقدمه باید زمینه موضوع را فراهم کند. سؤال بازطراحی‌شده برای تنوع بیشتر آزمون.,ترنم همدلی,original,1405
یازدهم,ریاضی,فارسی,فارسی,بخش 6,نگارش,,متوسط,"گزینه درست برای پرسش زیر را مشخص کنید:
مقدمه خوب چه ویژگی دارد؟",بی‌ربطی,تکرار نتیجه,حذف موضوع,ارتباط با موضوع,D,مقدمه باید زمینه موضوع را فراهم کند. سؤال بازطراحی‌شده برای تنوع بیشتر آزمون.,ترنم همدلی,original,1405
یازدهم,ریاضی,عربی,عربی,بخش 1,ترجمه,,متوسط,"در سؤال زیر، گزینه درست را انتخاب کنید:
معنی «الطلابُ مجتهدون» چیست؟",دانش‌آموزان کوشا هستند,دانش‌آموز کوشاست,معلمان کوشا هستند,دانش‌آموزان غایب‌اند,A,ترجمه جمله همین است. سؤال بازطراحی‌شده برای تنوع بیشتر آزمون.,ترنم همدلی,original,1405
یازدهم,ریاضی,عربی,عربی,بخش 1,ترجمه,,متوسط,"کدام گزینه پاسخ صحیح این پرسش است؟
معنی «الطلابُ مجتهدون» چیست؟",دانش‌آموز کوشاست,معلمان کوشا هستند,دانش‌آموزان غایب‌اند,دانش‌آموزان کوشا هستند,D,ترجمه جمله همین است. سؤال بازطراحی‌شده برای تنوع بیشتر آزمون.,ترنم همدلی,original,1405
یازدهم,ریاضی,عربی,عربی,بخش 1,ترجمه,,متوسط,"با دقت به پرسش زیر، گزینه درست را مشخص کنید:
معنی «الطلابُ مجتهدون» چیست؟",معلمان کوشا هستند,دانش‌آموزان غایب‌اند,دانش‌آموزان کوشا هستند,دانش‌آموز کوشاست,C,ترجمه جمله همین است. سؤال بازطراحی‌شده برای تنوع بیشتر آزمون.,ترنم همدلی,original,1405
یازدهم,ریاضی,عربی,عربی,بخش 1,ترجمه,,متوسط,"کدام گزینه با صورت سؤال زیر سازگار است؟
معنی «الطلابُ مجتهدون» چیست؟",دانش‌آموزان غایب‌اند,دانش‌آموزان کوشا هستند,دانش‌آموز کوشاست,معلمان کوشا هستند,B,ترجمه جمله همین است. سؤال بازطراحی‌شده برای تنوع بیشتر آزمون.,ترنم همدلی,original,1405
یازدهم,ریاضی,عربی,عربی,بخش 1,ترجمه,,متوسط,"پاسخ صحیح پرسش زیر کدام است؟
معنی «الطلابُ مجتهدون» چیست؟",دانش‌آموزان کوشا هستند,دانش‌آموز کوشاست,معلمان کوشا هستند,دانش‌آموزان غایب‌اند,A,ترجمه جمله همین است. سؤال بازطراحی‌شده برای تنوع بیشتر آزمون.,ترنم همدلی,original,1405
یازدهم,ریاضی,عربی,عربی,بخش 1,ترجمه,,متوسط,"در میان گزینه‌های زیر، پاسخ درست را پیدا کنید:
معنی «الطلابُ مجتهدون» چیست؟",دانش‌آموز کوشاست,معلمان کوشا هستند,دانش‌آموزان غایب‌اند,دانش‌آموزان کوشا هستند,D,ترجمه جمله همین است. سؤال بازطراحی‌شده برای تنوع بیشتر آزمون.,ترنم همدلی,original,1405
یازدهم,ریاضی,عربی,عربی,بخش 1,ترجمه,,متوسط,"کدام گزینه با محتوای سؤال زیر هماهنگ است؟
معنی «الطلابُ مجتهدون» چیست؟",معلمان کوشا هستند,دانش‌آموزان غایب‌اند,دانش‌آموزان کوشا هستند,دانش‌آموز کوشاست,C,ترجمه جمله همین است. سؤال بازطراحی‌شده برای تنوع بیشتر آزمون.,ترنم همدلی,original,1405
یازدهم,ریاضی,عربی,عربی,بخش 1,ترجمه,,متوسط,"با توجه به پرسش زیر، گزینه صحیح را انتخاب کنید:
معنی «الطلابُ مجتهدون» چیست؟",دانش‌آموزان غایب‌اند,دانش‌آموزان کوشا هستند,دانش‌آموز کوشاست,معلمان کوشا هستند,B,ترجمه جمله همین است. سؤال بازطراحی‌شده برای تنوع بیشتر آزمون.,ترنم همدلی,original,1405
یازدهم,ریاضی,عربی,عربی,بخش 1,ترجمه,,متوسط,"کدام گزینه از نظر محتوایی درست است؟
معنی «الطلابُ مجتهدون» چیست؟",دانش‌آموزان کوشا هستند,دانش‌آموز کوشاست,معلمان کوشا هستند,دانش‌آموزان غایب‌اند,A,ترجمه جمله همین است. سؤال بازطراحی‌شده برای تنوع بیشتر آزمون.,ترنم همدلی,original,1405
یازدهم,ریاضی,عربی,عربی,بخش 1,ترجمه,,متوسط,"گزینه درست برای پرسش زیر را مشخص کنید:
معنی «الطلابُ مجتهدون» چیست؟",دانش‌آموز کوشاست,معلمان کوشا هستند,دانش‌آموزان غایب‌اند,دانش‌آموزان کوشا هستند,D,ترجمه جمله همین است. سؤال بازطراحی‌شده برای تنوع بیشتر آزمون.,ترنم همدلی,original,1405
یازدهم,ریاضی,عربی,عربی,بخش 2,اسم فاعل,,متوسط,"در سؤال زیر، گزینه درست را انتخاب کنید:
اسم فاعل «کاتب» به چه معناست؟",نویسنده/نویسنده‌کننده,نوشته‌شده,کتاب,خوانده‌شده,A,کاتب اسم فاعل از کتب است. سؤال بازطراحی‌شده برای تنوع بیشتر آزمون.,ترنم همدلی,original,1405
یازدهم,ریاضی,عربی,عربی,بخش 2,اسم فاعل,,متوسط,"کدام گزینه پاسخ صحیح این پرسش است؟
اسم فاعل «کاتب» به چه معناست؟",نوشته‌شده,کتاب,خوانده‌شده,نویسنده/نویسنده‌کننده,D,کاتب اسم فاعل از کتب است. سؤال بازطراحی‌شده برای تنوع بیشتر آزمون.,ترنم همدلی,original,1405
یازدهم,ریاضی,عربی,عربی,بخش 2,اسم فاعل,,متوسط,"با دقت به پرسش زیر، گزینه درست را مشخص کنید:
اسم فاعل «کاتب» به چه معناست؟",کتاب,خوانده‌شده,نویسنده/نویسنده‌کننده,نوشته‌شده,C,کاتب اسم فاعل از کتب است. سؤال بازطراحی‌شده برای تنوع بیشتر آزمون.,ترنم همدلی,original,1405
یازدهم,ریاضی,عربی,عربی,بخش 2,اسم فاعل,,متوسط,"کدام گزینه با صورت سؤال زیر سازگار است؟
اسم فاعل «کاتب» به چه معناست؟",خوانده‌شده,نویسنده/نویسنده‌کننده,نوشته‌شده,کتاب,B,کاتب اسم فاعل از کتب است. سؤال بازطراحی‌شده برای تنوع بیشتر آزمون.,ترنم همدلی,original,1405
یازدهم,ریاضی,عربی,عربی,بخش 2,اسم فاعل,,متوسط,"پاسخ صحیح پرسش زیر کدام است؟
اسم فاعل «کاتب» به چه معناست؟",نویسنده/نویسنده‌کننده,نوشته‌شده,کتاب,خوانده‌شده,A,کاتب اسم فاعل از کتب است. سؤال بازطراحی‌شده برای تنوع بیشتر آزمون.,ترنم همدلی,original,1405
یازدهم,ریاضی,عربی,عربی,بخش 2,اسم فاعل,,متوسط,"در میان گزینه‌های زیر، پاسخ درست را پیدا کنید:
اسم فاعل «کاتب» به چه معناست؟",نوشته‌شده,کتاب,خوانده‌شده,نویسنده/نویسنده‌کننده,D,کاتب اسم فاعل از کتب است. سؤال بازطراحی‌شده برای تنوع بیشتر آزمون.,ترنم همدلی,original,1405
یازدهم,ریاضی,عربی,عربی,بخش 2,اسم فاعل,,متوسط,"کدام گزینه با محتوای سؤال زیر هماهنگ است؟
اسم فاعل «کاتب» به چه معناست؟",کتاب,خوانده‌شده,نویسنده/نویسنده‌کننده,نوشته‌شده,C,کاتب اسم فاعل از کتب است. سؤال بازطراحی‌شده برای تنوع بیشتر آزمون.,ترنم همدلی,original,1405
یازدهم,ریاضی,عربی,عربی,بخش 2,اسم فاعل,,متوسط,"با توجه به پرسش زیر، گزینه صحیح را انتخاب کنید:
اسم فاعل «کاتب» به چه معناست؟",خوانده‌شده,نویسنده/نویسنده‌کننده,نوشته‌شده,کتاب,B,کاتب اسم فاعل از کتب است. سؤال بازطراحی‌شده برای تنوع بیشتر آزمون.,ترنم همدلی,original,1405
یازدهم,ریاضی,عربی,عربی,بخش 2,اسم فاعل,,متوسط,"کدام گزینه از نظر محتوایی درست است؟
اسم فاعل «کاتب» به چه معناست؟",نویسنده/نویسنده‌کننده,نوشته‌شده,کتاب,خوانده‌شده,A,کاتب اسم فاعل از کتب است. سؤال بازطراحی‌شده برای تنوع بیشتر آزمون.,ترنم همدلی,original,1405
یازدهم,ریاضی,عربی,عربی,بخش 2,اسم فاعل,,متوسط,"گزینه درست برای پرسش زیر را مشخص کنید:
اسم فاعل «کاتب» به چه معناست؟",نوشته‌شده,کتاب,خوانده‌شده,نویسنده/نویسنده‌کننده,D,کاتب اسم فاعل از کتب است. سؤال بازطراحی‌شده برای تنوع بیشتر آزمون.,ترنم همدلی,original,1405
یازدهم,ریاضی,عربی,عربی,بخش 3,فعل مضارع,,متوسط,"در سؤال زیر، گزینه درست را انتخاب کنید:
«یذهب» چه زمانی را نشان می‌دهد؟",مضارع,ماضی,امر,نهی,A,یذهب فعل مضارع است. سؤال بازطراحی‌شده برای تنوع بیشتر آزمون.,ترنم همدلی,original,1405
یازدهم,ریاضی,عربی,عربی,بخش 3,فعل مضارع,,متوسط,"کدام گزینه پاسخ صحیح این پرسش است؟
«یذهب» چه زمانی را نشان می‌دهد؟",ماضی,امر,نهی,مضارع,D,یذهب فعل مضارع است. سؤال بازطراحی‌شده برای تنوع بیشتر آزمون.,ترنم همدلی,original,1405
یازدهم,ریاضی,عربی,عربی,بخش 3,فعل مضارع,,متوسط,"با دقت به پرسش زیر، گزینه درست را مشخص کنید:
«یذهب» چه زمانی را نشان می‌دهد؟",امر,نهی,مضارع,ماضی,C,یذهب فعل مضارع است. سؤال بازطراحی‌شده برای تنوع بیشتر آزمون.,ترنم همدلی,original,1405
یازدهم,ریاضی,عربی,عربی,بخش 3,فعل مضارع,,متوسط,"کدام گزینه با صورت سؤال زیر سازگار است؟
«یذهب» چه زمانی را نشان می‌دهد؟",نهی,مضارع,ماضی,امر,B,یذهب فعل مضارع است. سؤال بازطراحی‌شده برای تنوع بیشتر آزمون.,ترنم همدلی,original,1405
یازدهم,ریاضی,عربی,عربی,بخش 3,فعل مضارع,,متوسط,"پاسخ صحیح پرسش زیر کدام است؟
«یذهب» چه زمانی را نشان می‌دهد؟",مضارع,ماضی,امر,نهی,A,یذهب فعل مضارع است. سؤال بازطراحی‌شده برای تنوع بیشتر آزمون.,ترنم همدلی,original,1405
یازدهم,ریاضی,عربی,عربی,بخش 3,فعل مضارع,,متوسط,"در میان گزینه‌های زیر، پاسخ درست را پیدا کنید:
«یذهب» چه زمانی را نشان می‌دهد؟",ماضی,امر,نهی,مضارع,D,یذهب فعل مضارع است. سؤال بازطراحی‌شده برای تنوع بیشتر آزمون.,ترنم همدلی,original,1405
یازدهم,ریاضی,عربی,عربی,بخش 3,فعل مضارع,,متوسط,"کدام گزینه با محتوای سؤال زیر هماهنگ است؟
«یذهب» چه زمانی را نشان می‌دهد؟",امر,نهی,مضارع,ماضی,C,یذهب فعل مضارع است. سؤال بازطراحی‌شده برای تنوع بیشتر آزمون.,ترنم همدلی,original,1405
یازدهم,ریاضی,عربی,عربی,بخش 3,فعل مضارع,,متوسط,"با توجه به پرسش زیر، گزینه صحیح را انتخاب کنید:
«یذهب» چه زمانی را نشان می‌دهد؟",نهی,مضارع,ماضی,امر,B,یذهب فعل مضارع است. سؤال بازطراحی‌شده برای تنوع بیشتر آزمون.,ترنم همدلی,original,1405
یازدهم,ریاضی,عربی,عربی,بخش 3,فعل مضارع,,متوسط,"کدام گزینه از نظر محتوایی درست است؟
«یذهب» چه زمانی را نشان می‌دهد؟",مضارع,ماضی,امر,نهی,A,یذهب فعل مضارع است. سؤال بازطراحی‌شده برای تنوع بیشتر آزمون.,ترنم همدلی,original,1405
یازدهم,ریاضی,عربی,عربی,بخش 3,فعل مضارع,,متوسط,"گزینه درست برای پرسش زیر را مشخص کنید:
«یذهب» چه زمانی را نشان می‌دهد؟",ماضی,امر,نهی,مضارع,D,یذهب فعل مضارع است. سؤال بازطراحی‌شده برای تنوع بیشتر آزمون.,ترنم همدلی,original,1405
یازدهم,ریاضی,عربی,عربی,بخش 4,عدد,,متوسط,"در سؤال زیر، گزینه درست را انتخاب کنید:
«ثلاثة» چه عددی است؟",دو,سه,چهار,پنج,B,ثلاثة یعنی سه. سؤال بازطراحی‌شده برای تنوع بیشتر آزمون.,ترنم همدلی,original,1405
یازدهم,ریاضی,عربی,عربی,بخش 4,عدد,,متوسط,"کدام گزینه پاسخ صحیح این پرسش است؟
«ثلاثة» چه عددی است؟",سه,چهار,پنج,دو,A,ثلاثة یعنی سه. سؤال بازطراحی‌شده برای تنوع بیشتر آزمون.,ترنم همدلی,original,1405
یازدهم,ریاضی,عربی,عربی,بخش 4,عدد,,متوسط,"با دقت به پرسش زیر، گزینه درست را مشخص کنید:
«ثلاثة» چه عددی است؟",چهار,پنج,دو,سه,D,ثلاثة یعنی سه. سؤال بازطراحی‌شده برای تنوع بیشتر آزمون.,ترنم همدلی,original,1405
یازدهم,ریاضی,عربی,عربی,بخش 4,عدد,,متوسط,"کدام گزینه با صورت سؤال زیر سازگار است؟
«ثلاثة» چه عددی است؟",پنج,دو,سه,چهار,C,ثلاثة یعنی سه. سؤال بازطراحی‌شده برای تنوع بیشتر آزمون.,ترنم همدلی,original,1405
یازدهم,ریاضی,عربی,عربی,بخش 4,عدد,,متوسط,"پاسخ صحیح پرسش زیر کدام است؟
«ثلاثة» چه عددی است؟",دو,سه,چهار,پنج,B,ثلاثة یعنی سه. سؤال بازطراحی‌شده برای تنوع بیشتر آزمون.,ترنم همدلی,original,1405
یازدهم,ریاضی,عربی,عربی,بخش 4,عدد,,متوسط,"در میان گزینه‌های زیر، پاسخ درست را پیدا کنید:
«ثلاثة» چه عددی است؟",سه,چهار,پنج,دو,A,ثلاثة یعنی سه. سؤال بازطراحی‌شده برای تنوع بیشتر آزمون.,ترنم همدلی,original,1405
یازدهم,ریاضی,عربی,عربی,بخش 4,عدد,,متوسط,"کدام گزینه با محتوای سؤال زیر هماهنگ است؟
«ثلاثة» چه عددی است؟",چهار,پنج,دو,سه,D,ثلاثة یعنی سه. سؤال بازطراحی‌شده برای تنوع بیشتر آزمون.,ترنم همدلی,original,1405
یازدهم,ریاضی,عربی,عربی,بخش 4,عدد,,متوسط,"با توجه به پرسش زیر، گزینه صحیح را انتخاب کنید:
«ثلاثة» چه عددی است؟",پنج,دو,سه,چهار,C,ثلاثة یعنی سه. سؤال بازطراحی‌شده برای تنوع بیشتر آزمون.,ترنم همدلی,original,1405
یازدهم,ریاضی,عربی,عربی,بخش 4,عدد,,متوسط,"کدام گزینه از نظر محتوایی درست است؟
«ثلاثة» چه عددی است؟",دو,سه,چهار,پنج,B,ثلاثة یعنی سه. سؤال بازطراحی‌شده برای تنوع بیشتر آزمون.,ترنم همدلی,original,1405
یازدهم,ریاضی,عربی,عربی,بخش 4,عدد,,متوسط,"گزینه درست برای پرسش زیر را مشخص کنید:
«ثلاثة» چه عددی است؟",سه,چهار,پنج,دو,A,ثلاثة یعنی سه. سؤال بازطراحی‌شده برای تنوع بیشتر آزمون.,ترنم همدلی,original,1405
یازدهم,ریاضی,عربی,عربی,بخش 5,جمع,,متوسط,"در سؤال زیر، گزینه درست را انتخاب کنید:
جمع «معلم» کدام است؟",معلمان,معلمون,تعلیم,معلومة,B,در حالت رفع جمع مذکر سالم «معلمون» است. سؤال بازطراحی‌شده برای تنوع بیشتر آزمون.,ترنم همدلی,original,1405
یازدهم,ریاضی,عربی,عربی,بخش 5,جمع,,متوسط,"کدام گزینه پاسخ صحیح این پرسش است؟
جمع «معلم» کدام است؟",معلمون,تعلیم,معلومة,معلمان,A,در حالت رفع جمع مذکر سالم «معلمون» است. سؤال بازطراحی‌شده برای تنوع بیشتر آزمون.,ترنم همدلی,original,1405
یازدهم,ریاضی,عربی,عربی,بخش 5,جمع,,متوسط,"با دقت به پرسش زیر، گزینه درست را مشخص کنید:
جمع «معلم» کدام است؟",تعلیم,معلومة,معلمان,معلمون,D,در حالت رفع جمع مذکر سالم «معلمون» است. سؤال بازطراحی‌شده برای تنوع بیشتر آزمون.,ترنم همدلی,original,1405
یازدهم,ریاضی,عربی,عربی,بخش 5,جمع,,متوسط,"کدام گزینه با صورت سؤال زیر سازگار است؟
جمع «معلم» کدام است؟",معلومة,معلمان,معلمون,تعلیم,C,در حالت رفع جمع مذکر سالم «معلمون» است. سؤال بازطراحی‌شده برای تنوع بیشتر آزمون.,ترنم همدلی,original,1405
یازدهم,ریاضی,عربی,عربی,بخش 5,جمع,,متوسط,"پاسخ صحیح پرسش زیر کدام است؟
جمع «معلم» کدام است؟",معلمان,معلمون,تعلیم,معلومة,B,در حالت رفع جمع مذکر سالم «معلمون» است. سؤال بازطراحی‌شده برای تنوع بیشتر آزمون.,ترنم همدلی,original,1405
یازدهم,ریاضی,عربی,عربی,بخش 5,جمع,,متوسط,"در میان گزینه‌های زیر، پاسخ درست را پیدا کنید:
جمع «معلم» کدام است؟",معلمون,تعلیم,معلومة,معلمان,A,در حالت رفع جمع مذکر سالم «معلمون» است. سؤال بازطراحی‌شده برای تنوع بیشتر آزمون.,ترنم همدلی,original,1405
یازدهم,ریاضی,عربی,عربی,بخش 5,جمع,,متوسط,"کدام گزینه با محتوای سؤال زیر هماهنگ است؟
جمع «معلم» کدام است؟",تعلیم,معلومة,معلمان,معلمون,D,در حالت رفع جمع مذکر سالم «معلمون» است. سؤال بازطراحی‌شده برای تنوع بیشتر آزمون.,ترنم همدلی,original,1405
یازدهم,ریاضی,عربی,عربی,بخش 5,جمع,,متوسط,"با توجه به پرسش زیر، گزینه صحیح را انتخاب کنید:
جمع «معلم» کدام است؟",معلومة,معلمان,معلمون,تعلیم,C,در حالت رفع جمع مذکر سالم «معلمون» است. سؤال بازطراحی‌شده برای تنوع بیشتر آزمون.,ترنم همدلی,original,1405
یازدهم,ریاضی,عربی,عربی,بخش 5,جمع,,متوسط,"کدام گزینه از نظر محتوایی درست است؟
جمع «معلم» کدام است؟",معلمان,معلمون,تعلیم,معلومة,B,در حالت رفع جمع مذکر سالم «معلمون» است. سؤال بازطراحی‌شده برای تنوع بیشتر آزمون.,ترنم همدلی,original,1405
یازدهم,ریاضی,عربی,عربی,بخش 5,جمع,,متوسط,"گزینه درست برای پرسش زیر را مشخص کنید:
جمع «معلم» کدام است؟",معلمون,تعلیم,معلومة,معلمان,A,در حالت رفع جمع مذکر سالم «معلمون» است. سؤال بازطراحی‌شده برای تنوع بیشتر آزمون.,ترنم همدلی,original,1405
یازدهم,ریاضی,عربی,عربی,بخش 6,مفعول,,متوسط,"در سؤال زیر، گزینه درست را انتخاب کنید:
در «قرأ الطالبُ الکتابَ» مفعول چیست؟",الطالب,قرأ,الکتاب,هیچ‌کدام,C,الکتاب مفعول فعل قرأ است. سؤال بازطراحی‌شده برای تنوع بیشتر آزمون.,ترنم همدلی,original,1405
یازدهم,ریاضی,عربی,عربی,بخش 6,مفعول,,متوسط,"کدام گزینه پاسخ صحیح این پرسش است؟
در «قرأ الطالبُ الکتابَ» مفعول چیست؟",قرأ,الکتاب,هیچ‌کدام,الطالب,B,الکتاب مفعول فعل قرأ است. سؤال بازطراحی‌شده برای تنوع بیشتر آزمون.,ترنم همدلی,original,1405
یازدهم,ریاضی,عربی,عربی,بخش 6,مفعول,,متوسط,"با دقت به پرسش زیر، گزینه درست را مشخص کنید:
در «قرأ الطالبُ الکتابَ» مفعول چیست؟",الکتاب,هیچ‌کدام,الطالب,قرأ,A,الکتاب مفعول فعل قرأ است. سؤال بازطراحی‌شده برای تنوع بیشتر آزمون.,ترنم همدلی,original,1405
یازدهم,ریاضی,عربی,عربی,بخش 6,مفعول,,متوسط,"کدام گزینه با صورت سؤال زیر سازگار است؟
در «قرأ الطالبُ الکتابَ» مفعول چیست؟",هیچ‌کدام,الطالب,قرأ,الکتاب,D,الکتاب مفعول فعل قرأ است. سؤال بازطراحی‌شده برای تنوع بیشتر آزمون.,ترنم همدلی,original,1405
یازدهم,ریاضی,عربی,عربی,بخش 6,مفعول,,متوسط,"پاسخ صحیح پرسش زیر کدام است؟
در «قرأ الطالبُ الکتابَ» مفعول چیست؟",الطالب,قرأ,الکتاب,هیچ‌کدام,C,الکتاب مفعول فعل قرأ است. سؤال بازطراحی‌شده برای تنوع بیشتر آزمون.,ترنم همدلی,original,1405
یازدهم,ریاضی,عربی,عربی,بخش 6,مفعول,,متوسط,"در میان گزینه‌های زیر، پاسخ درست را پیدا کنید:
در «قرأ الطالبُ الکتابَ» مفعول چیست؟",قرأ,الکتاب,هیچ‌کدام,الطالب,B,الکتاب مفعول فعل قرأ است. سؤال بازطراحی‌شده برای تنوع بیشتر آزمون.,ترنم همدلی,original,1405
یازدهم,ریاضی,عربی,عربی,بخش 6,مفعول,,متوسط,"کدام گزینه با محتوای سؤال زیر هماهنگ است؟
در «قرأ الطالبُ الکتابَ» مفعول چیست؟",الکتاب,هیچ‌کدام,الطالب,قرأ,A,الکتاب مفعول فعل قرأ است. سؤال بازطراحی‌شده برای تنوع بیشتر آزمون.,ترنم همدلی,original,1405
یازدهم,ریاضی,عربی,عربی,بخش 6,مفعول,,متوسط,"با توجه به پرسش زیر، گزینه صحیح را انتخاب کنید:
در «قرأ الطالبُ الکتابَ» مفعول چیست؟",هیچ‌کدام,الطالب,قرأ,الکتاب,D,الکتاب مفعول فعل قرأ است. سؤال بازطراحی‌شده برای تنوع بیشتر آزمون.,ترنم همدلی,original,1405
یازدهم,ریاضی,عربی,عربی,بخش 6,مفعول,,متوسط,"کدام گزینه از نظر محتوایی درست است؟
در «قرأ الطالبُ الکتابَ» مفعول چیست؟",الطالب,قرأ,الکتاب,هیچ‌کدام,C,الکتاب مفعول فعل قرأ است. سؤال بازطراحی‌شده برای تنوع بیشتر آزمون.,ترنم همدلی,original,1405
یازدهم,ریاضی,عربی,عربی,بخش 6,مفعول,,متوسط,"گزینه درست برای پرسش زیر را مشخص کنید:
در «قرأ الطالبُ الکتابَ» مفعول چیست؟",قرأ,الکتاب,هیچ‌کدام,الطالب,B,الکتاب مفعول فعل قرأ است. سؤال بازطراحی‌شده برای تنوع بیشتر آزمون.,ترنم همدلی,original,1405
یازدهم,ریاضی,دین و زندگی,دین و زندگی,بخش 1,توحید,,متوسط,"در سؤال زیر، گزینه درست را انتخاب کنید:
توحید در ربوبیت به چه معناست؟",خداوند مدبر جهان است,انکار خدا,چندخدایی,بی‌نیازی از هدایت,A,ربوبیت به تدبیر و پروردگاری خداوند اشاره دارد. سؤال بازطراحی‌شده برای تنوع بیشتر آزمون.,ترنم همدلی,original,1405
یازدهم,ریاضی,دین و زندگی,دین و زندگی,بخش 1,توحید,,متوسط,"کدام گزینه پاسخ صحیح این پرسش است؟
توحید در ربوبیت به چه معناست؟",انکار خدا,چندخدایی,بی‌نیازی از هدایت,خداوند مدبر جهان است,D,ربوبیت به تدبیر و پروردگاری خداوند اشاره دارد. سؤال بازطراحی‌شده برای تنوع بیشتر آزمون.,ترنم همدلی,original,1405
یازدهم,ریاضی,دین و زندگی,دین و زندگی,بخش 1,توحید,,متوسط,"با دقت به پرسش زیر، گزینه درست را مشخص کنید:
توحید در ربوبیت به چه معناست؟",چندخدایی,بی‌نیازی از هدایت,خداوند مدبر جهان است,انکار خدا,C,ربوبیت به تدبیر و پروردگاری خداوند اشاره دارد. سؤال بازطراحی‌شده برای تنوع بیشتر آزمون.,ترنم همدلی,original,1405
یازدهم,ریاضی,دین و زندگی,دین و زندگی,بخش 1,توحید,,متوسط,"کدام گزینه با صورت سؤال زیر سازگار است؟
توحید در ربوبیت به چه معناست؟",بی‌نیازی از هدایت,خداوند مدبر جهان است,انکار خدا,چندخدایی,B,ربوبیت به تدبیر و پروردگاری خداوند اشاره دارد. سؤال بازطراحی‌شده برای تنوع بیشتر آزمون.,ترنم همدلی,original,1405
یازدهم,ریاضی,دین و زندگی,دین و زندگی,بخش 1,توحید,,متوسط,"پاسخ صحیح پرسش زیر کدام است؟
توحید در ربوبیت به چه معناست؟",خداوند مدبر جهان است,انکار خدا,چندخدایی,بی‌نیازی از هدایت,A,ربوبیت به تدبیر و پروردگاری خداوند اشاره دارد. سؤال بازطراحی‌شده برای تنوع بیشتر آزمون.,ترنم همدلی,original,1405
یازدهم,ریاضی,دین و زندگی,دین و زندگی,بخش 1,توحید,,متوسط,"در میان گزینه‌های زیر، پاسخ درست را پیدا کنید:
توحید در ربوبیت به چه معناست؟",انکار خدا,چندخدایی,بی‌نیازی از هدایت,خداوند مدبر جهان است,D,ربوبیت به تدبیر و پروردگاری خداوند اشاره دارد. سؤال بازطراحی‌شده برای تنوع بیشتر آزمون.,ترنم همدلی,original,1405
یازدهم,ریاضی,دین و زندگی,دین و زندگی,بخش 1,توحید,,متوسط,"کدام گزینه با محتوای سؤال زیر هماهنگ است؟
توحید در ربوبیت به چه معناست؟",چندخدایی,بی‌نیازی از هدایت,خداوند مدبر جهان است,انکار خدا,C,ربوبیت به تدبیر و پروردگاری خداوند اشاره دارد. سؤال بازطراحی‌شده برای تنوع بیشتر آزمون.,ترنم همدلی,original,1405
یازدهم,ریاضی,دین و زندگی,دین و زندگی,بخش 1,توحید,,متوسط,"با توجه به پرسش زیر، گزینه صحیح را انتخاب کنید:
توحید در ربوبیت به چه معناست؟",بی‌نیازی از هدایت,خداوند مدبر جهان است,انکار خدا,چندخدایی,B,ربوبیت به تدبیر و پروردگاری خداوند اشاره دارد. سؤال بازطراحی‌شده برای تنوع بیشتر آزمون.,ترنم همدلی,original,1405
یازدهم,ریاضی,دین و زندگی,دین و زندگی,بخش 1,توحید,,متوسط,"کدام گزینه از نظر محتوایی درست است؟
توحید در ربوبیت به چه معناست؟",خداوند مدبر جهان است,انکار خدا,چندخدایی,بی‌نیازی از هدایت,A,ربوبیت به تدبیر و پروردگاری خداوند اشاره دارد. سؤال بازطراحی‌شده برای تنوع بیشتر آزمون.,ترنم همدلی,original,1405
یازدهم,ریاضی,دین و زندگی,دین و زندگی,بخش 1,توحید,,متوسط,"گزینه درست برای پرسش زیر را مشخص کنید:
توحید در ربوبیت به چه معناست؟",انکار خدا,چندخدایی,بی‌نیازی از هدایت,خداوند مدبر جهان است,D,ربوبیت به تدبیر و پروردگاری خداوند اشاره دارد. سؤال بازطراحی‌شده برای تنوع بیشتر آزمون.,ترنم همدلی,original,1405
یازدهم,ریاضی,دین و زندگی,دین و زندگی,بخش 2,نبوت,,متوسط,"در سؤال زیر، گزینه درست را انتخاب کنید:
یکی از نیازهای انسان به پیامبران چیست؟",هدایت الهی,افزایش ثروت,حل همه مسائل علمی,حذف اختیار,A,پیامبران راه هدایت الهی را ارائه می‌کنند. سؤال بازطراحی‌شده برای تنوع بیشتر آزمون.,ترنم همدلی,original,1405
یازدهم,ریاضی,دین و زندگی,دین و زندگی,بخش 2,نبوت,,متوسط,"کدام گزینه پاسخ صحیح این پرسش است؟
یکی از نیازهای انسان به پیامبران چیست؟",افزایش ثروت,حل همه مسائل علمی,حذف اختیار,هدایت الهی,D,پیامبران راه هدایت الهی را ارائه می‌کنند. سؤال بازطراحی‌شده برای تنوع بیشتر آزمون.,ترنم همدلی,original,1405
یازدهم,ریاضی,دین و زندگی,دین و زندگی,بخش 2,نبوت,,متوسط,"با دقت به پرسش زیر، گزینه درست را مشخص کنید:
یکی از نیازهای انسان به پیامبران چیست؟",حل همه مسائل علمی,حذف اختیار,هدایت الهی,افزایش ثروت,C,پیامبران راه هدایت الهی را ارائه می‌کنند. سؤال بازطراحی‌شده برای تنوع بیشتر آزمون.,ترنم همدلی,original,1405
یازدهم,ریاضی,دین و زندگی,دین و زندگی,بخش 2,نبوت,,متوسط,"کدام گزینه با صورت سؤال زیر سازگار است؟
یکی از نیازهای انسان به پیامبران چیست؟",حذف اختیار,هدایت الهی,افزایش ثروت,حل همه مسائل علمی,B,پیامبران راه هدایت الهی را ارائه می‌کنند. سؤال بازطراحی‌شده برای تنوع بیشتر آزمون.,ترنم همدلی,original,1405
یازدهم,ریاضی,دین و زندگی,دین و زندگی,بخش 2,نبوت,,متوسط,"پاسخ صحیح پرسش زیر کدام است؟
یکی از نیازهای انسان به پیامبران چیست؟",هدایت الهی,افزایش ثروت,حل همه مسائل علمی,حذف اختیار,A,پیامبران راه هدایت الهی را ارائه می‌کنند. سؤال بازطراحی‌شده برای تنوع بیشتر آزمون.,ترنم همدلی,original,1405
یازدهم,ریاضی,دین و زندگی,دین و زندگی,بخش 2,نبوت,,متوسط,"در میان گزینه‌های زیر، پاسخ درست را پیدا کنید:
یکی از نیازهای انسان به پیامبران چیست؟",افزایش ثروت,حل همه مسائل علمی,حذف اختیار,هدایت الهی,D,پیامبران راه هدایت الهی را ارائه می‌کنند. سؤال بازطراحی‌شده برای تنوع بیشتر آزمون.,ترنم همدلی,original,1405
یازدهم,ریاضی,دین و زندگی,دین و زندگی,بخش 2,نبوت,,متوسط,"کدام گزینه با محتوای سؤال زیر هماهنگ است؟
یکی از نیازهای انسان به پیامبران چیست؟",حل همه مسائل علمی,حذف اختیار,هدایت الهی,افزایش ثروت,C,پیامبران راه هدایت الهی را ارائه می‌کنند. سؤال بازطراحی‌شده برای تنوع بیشتر آزمون.,ترنم همدلی,original,1405
یازدهم,ریاضی,دین و زندگی,دین و زندگی,بخش 2,نبوت,,متوسط,"با توجه به پرسش زیر، گزینه صحیح را انتخاب کنید:
یکی از نیازهای انسان به پیامبران چیست؟",حذف اختیار,هدایت الهی,افزایش ثروت,حل همه مسائل علمی,B,پیامبران راه هدایت الهی را ارائه می‌کنند. سؤال بازطراحی‌شده برای تنوع بیشتر آزمون.,ترنم همدلی,original,1405
یازدهم,ریاضی,دین و زندگی,دین و زندگی,بخش 2,نبوت,,متوسط,"کدام گزینه از نظر محتوایی درست است؟
یکی از نیازهای انسان به پیامبران چیست؟",هدایت الهی,افزایش ثروت,حل همه مسائل علمی,حذف اختیار,A,پیامبران راه هدایت الهی را ارائه می‌کنند. سؤال بازطراحی‌شده برای تنوع بیشتر آزمون.,ترنم همدلی,original,1405
یازدهم,ریاضی,دین و زندگی,دین و زندگی,بخش 2,نبوت,,متوسط,"گزینه درست برای پرسش زیر را مشخص کنید:
یکی از نیازهای انسان به پیامبران چیست؟",افزایش ثروت,حل همه مسائل علمی,حذف اختیار,هدایت الهی,D,پیامبران راه هدایت الهی را ارائه می‌کنند. سؤال بازطراحی‌شده برای تنوع بیشتر آزمون.,ترنم همدلی,original,1405
یازدهم,ریاضی,دین و زندگی,دین و زندگی,بخش 3,معاد,,متوسط,"در سؤال زیر، گزینه درست را انتخاب کنید:
باور به معاد چه اثری می‌تواند داشته باشد؟",مسئولیت‌پذیری,بی‌تفاوتی,بی‌قانونی,ناامیدی,A,باور به حسابرسی می‌تواند مسئولیت‌پذیری را تقویت کند. سؤال بازطراحی‌شده برای تنوع بیشتر آزمون.,ترنم همدلی,original,1405
یازدهم,ریاضی,دین و زندگی,دین و زندگی,بخش 3,معاد,,متوسط,"کدام گزینه پاسخ صحیح این پرسش است؟
باور به معاد چه اثری می‌تواند داشته باشد؟",بی‌تفاوتی,بی‌قانونی,ناامیدی,مسئولیت‌پذیری,D,باور به حسابرسی می‌تواند مسئولیت‌پذیری را تقویت کند. سؤال بازطراحی‌شده برای تنوع بیشتر آزمون.,ترنم همدلی,original,1405
یازدهم,ریاضی,دین و زندگی,دین و زندگی,بخش 3,معاد,,متوسط,"با دقت به پرسش زیر، گزینه درست را مشخص کنید:
باور به معاد چه اثری می‌تواند داشته باشد؟",بی‌قانونی,ناامیدی,مسئولیت‌پذیری,بی‌تفاوتی,C,باور به حسابرسی می‌تواند مسئولیت‌پذیری را تقویت کند. سؤال بازطراحی‌شده برای تنوع بیشتر آزمون.,ترنم همدلی,original,1405
یازدهم,ریاضی,دین و زندگی,دین و زندگی,بخش 3,معاد,,متوسط,"کدام گزینه با صورت سؤال زیر سازگار است؟
باور به معاد چه اثری می‌تواند داشته باشد؟",ناامیدی,مسئولیت‌پذیری,بی‌تفاوتی,بی‌قانونی,B,باور به حسابرسی می‌تواند مسئولیت‌پذیری را تقویت کند. سؤال بازطراحی‌شده برای تنوع بیشتر آزمون.,ترنم همدلی,original,1405
یازدهم,ریاضی,دین و زندگی,دین و زندگی,بخش 3,معاد,,متوسط,"پاسخ صحیح پرسش زیر کدام است؟
باور به معاد چه اثری می‌تواند داشته باشد؟",مسئولیت‌پذیری,بی‌تفاوتی,بی‌قانونی,ناامیدی,A,باور به حسابرسی می‌تواند مسئولیت‌پذیری را تقویت کند. سؤال بازطراحی‌شده برای تنوع بیشتر آزمون.,ترنم همدلی,original,1405
یازدهم,ریاضی,دین و زندگی,دین و زندگی,بخش 3,معاد,,متوسط,"در میان گزینه‌های زیر، پاسخ درست را پیدا کنید:
باور به معاد چه اثری می‌تواند داشته باشد؟",بی‌تفاوتی,بی‌قانونی,ناامیدی,مسئولیت‌پذیری,D,باور به حسابرسی می‌تواند مسئولیت‌پذیری را تقویت کند. سؤال بازطراحی‌شده برای تنوع بیشتر آزمون.,ترنم همدلی,original,1405
یازدهم,ریاضی,دین و زندگی,دین و زندگی,بخش 3,معاد,,متوسط,"کدام گزینه با محتوای سؤال زیر هماهنگ است؟
باور به معاد چه اثری می‌تواند داشته باشد؟",بی‌قانونی,ناامیدی,مسئولیت‌پذیری,بی‌تفاوتی,C,باور به حسابرسی می‌تواند مسئولیت‌پذیری را تقویت کند. سؤال بازطراحی‌شده برای تنوع بیشتر آزمون.,ترنم همدلی,original,1405
یازدهم,ریاضی,دین و زندگی,دین و زندگی,بخش 3,معاد,,متوسط,"با توجه به پرسش زیر، گزینه صحیح را انتخاب کنید:
باور به معاد چه اثری می‌تواند داشته باشد؟",ناامیدی,مسئولیت‌پذیری,بی‌تفاوتی,بی‌قانونی,B,باور به حسابرسی می‌تواند مسئولیت‌پذیری را تقویت کند. سؤال بازطراحی‌شده برای تنوع بیشتر آزمون.,ترنم همدلی,original,1405
یازدهم,ریاضی,دین و زندگی,دین و زندگی,بخش 3,معاد,,متوسط,"کدام گزینه از نظر محتوایی درست است؟
باور به معاد چه اثری می‌تواند داشته باشد؟",مسئولیت‌پذیری,بی‌تفاوتی,بی‌قانونی,ناامیدی,A,باور به حسابرسی می‌تواند مسئولیت‌پذیری را تقویت کند. سؤال بازطراحی‌شده برای تنوع بیشتر آزمون.,ترنم همدلی,original,1405
یازدهم,ریاضی,دین و زندگی,دین و زندگی,بخش 3,معاد,,متوسط,"گزینه درست برای پرسش زیر را مشخص کنید:
باور به معاد چه اثری می‌تواند داشته باشد؟",بی‌تفاوتی,بی‌قانونی,ناامیدی,مسئولیت‌پذیری,D,باور به حسابرسی می‌تواند مسئولیت‌پذیری را تقویت کند. سؤال بازطراحی‌شده برای تنوع بیشتر آزمون.,ترنم همدلی,original,1405
یازدهم,ریاضی,دین و زندگی,دین و زندگی,بخش 4,اخلاق,,متوسط,"در سؤال زیر، گزینه درست را انتخاب کنید:
اخلاص یعنی چه؟",انجام عمل برای رضای خدا,انجام کار برای شهرت,ترس از مردم,خودنمایی,A,اخلاص به نیت الهی در عمل اشاره دارد. سؤال بازطراحی‌شده برای تنوع بیشتر آزمون.,ترنم همدلی,original,1405
یازدهم,ریاضی,دین و زندگی,دین و زندگی,بخش 4,اخلاق,,متوسط,"کدام گزینه پاسخ صحیح این پرسش است؟
اخلاص یعنی چه؟",انجام کار برای شهرت,ترس از مردم,خودنمایی,انجام عمل برای رضای خدا,D,اخلاص به نیت الهی در عمل اشاره دارد. سؤال بازطراحی‌شده برای تنوع بیشتر آزمون.,ترنم همدلی,original,1405
یازدهم,ریاضی,دین و زندگی,دین و زندگی,بخش 4,اخلاق,,متوسط,"با دقت به پرسش زیر، گزینه درست را مشخص کنید:
اخلاص یعنی چه؟",ترس از مردم,خودنمایی,انجام عمل برای رضای خدا,انجام کار برای شهرت,C,اخلاص به نیت الهی در عمل اشاره دارد. سؤال بازطراحی‌شده برای تنوع بیشتر آزمون.,ترنم همدلی,original,1405
یازدهم,ریاضی,دین و زندگی,دین و زندگی,بخش 4,اخلاق,,متوسط,"کدام گزینه با صورت سؤال زیر سازگار است؟
اخلاص یعنی چه؟",خودنمایی,انجام عمل برای رضای خدا,انجام کار برای شهرت,ترس از مردم,B,اخلاص به نیت الهی در عمل اشاره دارد. سؤال بازطراحی‌شده برای تنوع بیشتر آزمون.,ترنم همدلی,original,1405
یازدهم,ریاضی,دین و زندگی,دین و زندگی,بخش 4,اخلاق,,متوسط,"پاسخ صحیح پرسش زیر کدام است؟
اخلاص یعنی چه؟",انجام عمل برای رضای خدا,انجام کار برای شهرت,ترس از مردم,خودنمایی,A,اخلاص به نیت الهی در عمل اشاره دارد. سؤال بازطراحی‌شده برای تنوع بیشتر آزمون.,ترنم همدلی,original,1405
یازدهم,ریاضی,دین و زندگی,دین و زندگی,بخش 4,اخلاق,,متوسط,"در میان گزینه‌های زیر، پاسخ درست را پیدا کنید:
اخلاص یعنی چه؟",انجام کار برای شهرت,ترس از مردم,خودنمایی,انجام عمل برای رضای خدا,D,اخلاص به نیت الهی در عمل اشاره دارد. سؤال بازطراحی‌شده برای تنوع بیشتر آزمون.,ترنم همدلی,original,1405
یازدهم,ریاضی,دین و زندگی,دین و زندگی,بخش 4,اخلاق,,متوسط,"کدام گزینه با محتوای سؤال زیر هماهنگ است؟
اخلاص یعنی چه؟",ترس از مردم,خودنمایی,انجام عمل برای رضای خدا,انجام کار برای شهرت,C,اخلاص به نیت الهی در عمل اشاره دارد. سؤال بازطراحی‌شده برای تنوع بیشتر آزمون.,ترنم همدلی,original,1405
یازدهم,ریاضی,دین و زندگی,دین و زندگی,بخش 4,اخلاق,,متوسط,"با توجه به پرسش زیر، گزینه صحیح را انتخاب کنید:
اخلاص یعنی چه؟",خودنمایی,انجام عمل برای رضای خدا,انجام کار برای شهرت,ترس از مردم,B,اخلاص به نیت الهی در عمل اشاره دارد. سؤال بازطراحی‌شده برای تنوع بیشتر آزمون.,ترنم همدلی,original,1405
یازدهم,ریاضی,دین و زندگی,دین و زندگی,بخش 4,اخلاق,,متوسط,"کدام گزینه از نظر محتوایی درست است؟
اخلاص یعنی چه؟",انجام عمل برای رضای خدا,انجام کار برای شهرت,ترس از مردم,خودنمایی,A,اخلاص به نیت الهی در عمل اشاره دارد. سؤال بازطراحی‌شده برای تنوع بیشتر آزمون.,ترنم همدلی,original,1405
یازدهم,ریاضی,دین و زندگی,دین و زندگی,بخش 4,اخلاق,,متوسط,"گزینه درست برای پرسش زیر را مشخص کنید:
اخلاص یعنی چه؟",انجام کار برای شهرت,ترس از مردم,خودنمایی,انجام عمل برای رضای خدا,D,اخلاص به نیت الهی در عمل اشاره دارد. سؤال بازطراحی‌شده برای تنوع بیشتر آزمون.,ترنم همدلی,original,1405
یازدهم,ریاضی,دین و زندگی,دین و زندگی,بخش 5,اختیار,,متوسط,"در سؤال زیر، گزینه درست را انتخاب کنید:
اختیار انسان با مسئولیت چه ارتباطی دارد؟",انتخاب زمینه مسئولیت است,هیچ ارتباطی ندارد,اختیار مسئولیت را حذف می‌کند,مسئولیت را ناممکن می‌کند,A,مسئولیت اخلاقی بر انتخاب آگاهانه استوار است. سؤال بازطراحی‌شده برای تنوع بیشتر آزمون.,ترنم همدلی,original,1405
یازدهم,ریاضی,دین و زندگی,دین و زندگی,بخش 5,اختیار,,متوسط,"کدام گزینه پاسخ صحیح این پرسش است؟
اختیار انسان با مسئولیت چه ارتباطی دارد؟",هیچ ارتباطی ندارد,اختیار مسئولیت را حذف می‌کند,مسئولیت را ناممکن می‌کند,انتخاب زمینه مسئولیت است,D,مسئولیت اخلاقی بر انتخاب آگاهانه استوار است. سؤال بازطراحی‌شده برای تنوع بیشتر آزمون.,ترنم همدلی,original,1405
یازدهم,ریاضی,دین و زندگی,دین و زندگی,بخش 5,اختیار,,متوسط,"با دقت به پرسش زیر، گزینه درست را مشخص کنید:
اختیار انسان با مسئولیت چه ارتباطی دارد؟",اختیار مسئولیت را حذف می‌کند,مسئولیت را ناممکن می‌کند,انتخاب زمینه مسئولیت است,هیچ ارتباطی ندارد,C,مسئولیت اخلاقی بر انتخاب آگاهانه استوار است. سؤال بازطراحی‌شده برای تنوع بیشتر آزمون.,ترنم همدلی,original,1405
یازدهم,ریاضی,دین و زندگی,دین و زندگی,بخش 5,اختیار,,متوسط,"کدام گزینه با صورت سؤال زیر سازگار است؟
اختیار انسان با مسئولیت چه ارتباطی دارد؟",مسئولیت را ناممکن می‌کند,انتخاب زمینه مسئولیت است,هیچ ارتباطی ندارد,اختیار مسئولیت را حذف می‌کند,B,مسئولیت اخلاقی بر انتخاب آگاهانه استوار است. سؤال بازطراحی‌شده برای تنوع بیشتر آزمون.,ترنم همدلی,original,1405
یازدهم,ریاضی,دین و زندگی,دین و زندگی,بخش 5,اختیار,,متوسط,"پاسخ صحیح پرسش زیر کدام است؟
اختیار انسان با مسئولیت چه ارتباطی دارد؟",انتخاب زمینه مسئولیت است,هیچ ارتباطی ندارد,اختیار مسئولیت را حذف می‌کند,مسئولیت را ناممکن می‌کند,A,مسئولیت اخلاقی بر انتخاب آگاهانه استوار است. سؤال بازطراحی‌شده برای تنوع بیشتر آزمون.,ترنم همدلی,original,1405
یازدهم,ریاضی,دین و زندگی,دین و زندگی,بخش 5,اختیار,,متوسط,"در میان گزینه‌های زیر، پاسخ درست را پیدا کنید:
اختیار انسان با مسئولیت چه ارتباطی دارد؟",هیچ ارتباطی ندارد,اختیار مسئولیت را حذف می‌کند,مسئولیت را ناممکن می‌کند,انتخاب زمینه مسئولیت است,D,مسئولیت اخلاقی بر انتخاب آگاهانه استوار است. سؤال بازطراحی‌شده برای تنوع بیشتر آزمون.,ترنم همدلی,original,1405
یازدهم,ریاضی,دین و زندگی,دین و زندگی,بخش 5,اختیار,,متوسط,"کدام گزینه با محتوای سؤال زیر هماهنگ است؟
اختیار انسان با مسئولیت چه ارتباطی دارد؟",اختیار مسئولیت را حذف می‌کند,مسئولیت را ناممکن می‌کند,انتخاب زمینه مسئولیت است,هیچ ارتباطی ندارد,C,مسئولیت اخلاقی بر انتخاب آگاهانه استوار است. سؤال بازطراحی‌شده برای تنوع بیشتر آزمون.,ترنم همدلی,original,1405
یازدهم,ریاضی,دین و زندگی,دین و زندگی,بخش 5,اختیار,,متوسط,"با توجه به پرسش زیر، گزینه صحیح را انتخاب کنید:
اختیار انسان با مسئولیت چه ارتباطی دارد؟",مسئولیت را ناممکن می‌کند,انتخاب زمینه مسئولیت است,هیچ ارتباطی ندارد,اختیار مسئولیت را حذف می‌کند,B,مسئولیت اخلاقی بر انتخاب آگاهانه استوار است. سؤال بازطراحی‌شده برای تنوع بیشتر آزمون.,ترنم همدلی,original,1405
یازدهم,ریاضی,دین و زندگی,دین و زندگی,بخش 5,اختیار,,متوسط,"کدام گزینه از نظر محتوایی درست است؟
اختیار انسان با مسئولیت چه ارتباطی دارد؟",انتخاب زمینه مسئولیت است,هیچ ارتباطی ندارد,اختیار مسئولیت را حذف می‌کند,مسئولیت را ناممکن می‌کند,A,مسئولیت اخلاقی بر انتخاب آگاهانه استوار است. سؤال بازطراحی‌شده برای تنوع بیشتر آزمون.,ترنم همدلی,original,1405
یازدهم,ریاضی,دین و زندگی,دین و زندگی,بخش 5,اختیار,,متوسط,"گزینه درست برای پرسش زیر را مشخص کنید:
اختیار انسان با مسئولیت چه ارتباطی دارد؟",هیچ ارتباطی ندارد,اختیار مسئولیت را حذف می‌کند,مسئولیت را ناممکن می‌کند,انتخاب زمینه مسئولیت است,D,مسئولیت اخلاقی بر انتخاب آگاهانه استوار است. سؤال بازطراحی‌شده برای تنوع بیشتر آزمون.,ترنم همدلی,original,1405
یازدهم,ریاضی,دین و زندگی,دین و زندگی,بخش 6,هدایت,,متوسط,"در سؤال زیر، گزینه درست را انتخاب کنید:
عقل و وحی چه نقشی در هدایت دارند؟",راهنمایی انسان,ایجاد سردرگمی,حذف انتخاب,افزایش جهل,A,هر دو در چارچوب آموزه دینی ابزار هدایت‌اند. سؤال بازطراحی‌شده برای تنوع بیشتر آزمون.,ترنم همدلی,original,1405
یازدهم,ریاضی,دین و زندگی,دین و زندگی,بخش 6,هدایت,,متوسط,"کدام گزینه پاسخ صحیح این پرسش است؟
عقل و وحی چه نقشی در هدایت دارند؟",ایجاد سردرگمی,حذف انتخاب,افزایش جهل,راهنمایی انسان,D,هر دو در چارچوب آموزه دینی ابزار هدایت‌اند. سؤال بازطراحی‌شده برای تنوع بیشتر آزمون.,ترنم همدلی,original,1405
یازدهم,ریاضی,دین و زندگی,دین و زندگی,بخش 6,هدایت,,متوسط,"با دقت به پرسش زیر، گزینه درست را مشخص کنید:
عقل و وحی چه نقشی در هدایت دارند؟",حذف انتخاب,افزایش جهل,راهنمایی انسان,ایجاد سردرگمی,C,هر دو در چارچوب آموزه دینی ابزار هدایت‌اند. سؤال بازطراحی‌شده برای تنوع بیشتر آزمون.,ترنم همدلی,original,1405
یازدهم,ریاضی,دین و زندگی,دین و زندگی,بخش 6,هدایت,,متوسط,"کدام گزینه با صورت سؤال زیر سازگار است؟
عقل و وحی چه نقشی در هدایت دارند؟",افزایش جهل,راهنمایی انسان,ایجاد سردرگمی,حذف انتخاب,B,هر دو در چارچوب آموزه دینی ابزار هدایت‌اند. سؤال بازطراحی‌شده برای تنوع بیشتر آزمون.,ترنم همدلی,original,1405
یازدهم,ریاضی,دین و زندگی,دین و زندگی,بخش 6,هدایت,,متوسط,"پاسخ صحیح پرسش زیر کدام است؟
عقل و وحی چه نقشی در هدایت دارند؟",راهنمایی انسان,ایجاد سردرگمی,حذف انتخاب,افزایش جهل,A,هر دو در چارچوب آموزه دینی ابزار هدایت‌اند. سؤال بازطراحی‌شده برای تنوع بیشتر آزمون.,ترنم همدلی,original,1405
یازدهم,ریاضی,دین و زندگی,دین و زندگی,بخش 6,هدایت,,متوسط,"در میان گزینه‌های زیر، پاسخ درست را پیدا کنید:
عقل و وحی چه نقشی در هدایت دارند؟",ایجاد سردرگمی,حذف انتخاب,افزایش جهل,راهنمایی انسان,D,هر دو در چارچوب آموزه دینی ابزار هدایت‌اند. سؤال بازطراحی‌شده برای تنوع بیشتر آزمون.,ترنم همدلی,original,1405
یازدهم,ریاضی,دین و زندگی,دین و زندگی,بخش 6,هدایت,,متوسط,"کدام گزینه با محتوای سؤال زیر هماهنگ است؟
عقل و وحی چه نقشی در هدایت دارند؟",حذف انتخاب,افزایش جهل,راهنمایی انسان,ایجاد سردرگمی,C,هر دو در چارچوب آموزه دینی ابزار هدایت‌اند. سؤال بازطراحی‌شده برای تنوع بیشتر آزمون.,ترنم همدلی,original,1405
یازدهم,ریاضی,دین و زندگی,دین و زندگی,بخش 6,هدایت,,متوسط,"با توجه به پرسش زیر، گزینه صحیح را انتخاب کنید:
عقل و وحی چه نقشی در هدایت دارند؟",افزایش جهل,راهنمایی انسان,ایجاد سردرگمی,حذف انتخاب,B,هر دو در چارچوب آموزه دینی ابزار هدایت‌اند. سؤال بازطراحی‌شده برای تنوع بیشتر آزمون.,ترنم همدلی,original,1405
یازدهم,ریاضی,دین و زندگی,دین و زندگی,بخش 6,هدایت,,متوسط,"کدام گزینه از نظر محتوایی درست است؟
عقل و وحی چه نقشی در هدایت دارند؟",راهنمایی انسان,ایجاد سردرگمی,حذف انتخاب,افزایش جهل,A,هر دو در چارچوب آموزه دینی ابزار هدایت‌اند. سؤال بازطراحی‌شده برای تنوع بیشتر آزمون.,ترنم همدلی,original,1405
یازدهم,ریاضی,دین و زندگی,دین و زندگی,بخش 6,هدایت,,متوسط,"گزینه درست برای پرسش زیر را مشخص کنید:
عقل و وحی چه نقشی در هدایت دارند؟",ایجاد سردرگمی,حذف انتخاب,افزایش جهل,راهنمایی انسان,D,هر دو در چارچوب آموزه دینی ابزار هدایت‌اند. سؤال بازطراحی‌شده برای تنوع بیشتر آزمون.,ترنم همدلی,original,1405
یازدهم,ریاضی,زبان انگلیسی,زبان انگلیسی,بخش 1,واژگان,,متوسط,"در سؤال زیر، گزینه درست را انتخاب کنید:
meaning of ""benefit"" چیست؟",فایده,خطر,هزینه,شکست,A,benefit یعنی فایده. سؤال بازطراحی‌شده برای تنوع بیشتر آزمون.,ترنم همدلی,original,1405
یازدهم,ریاضی,زبان انگلیسی,زبان انگلیسی,بخش 1,واژگان,,متوسط,"کدام گزینه پاسخ صحیح این پرسش است؟
meaning of ""benefit"" چیست؟",خطر,هزینه,شکست,فایده,D,benefit یعنی فایده. سؤال بازطراحی‌شده برای تنوع بیشتر آزمون.,ترنم همدلی,original,1405
یازدهم,ریاضی,زبان انگلیسی,زبان انگلیسی,بخش 1,واژگان,,متوسط,"با دقت به پرسش زیر، گزینه درست را مشخص کنید:
meaning of ""benefit"" چیست؟",هزینه,شکست,فایده,خطر,C,benefit یعنی فایده. سؤال بازطراحی‌شده برای تنوع بیشتر آزمون.,ترنم همدلی,original,1405
یازدهم,ریاضی,زبان انگلیسی,زبان انگلیسی,بخش 1,واژگان,,متوسط,"کدام گزینه با صورت سؤال زیر سازگار است؟
meaning of ""benefit"" چیست؟",شکست,فایده,خطر,هزینه,B,benefit یعنی فایده. سؤال بازطراحی‌شده برای تنوع بیشتر آزمون.,ترنم همدلی,original,1405
یازدهم,ریاضی,زبان انگلیسی,زبان انگلیسی,بخش 1,واژگان,,متوسط,"پاسخ صحیح پرسش زیر کدام است؟
meaning of ""benefit"" چیست؟",فایده,خطر,هزینه,شکست,A,benefit یعنی فایده. سؤال بازطراحی‌شده برای تنوع بیشتر آزمون.,ترنم همدلی,original,1405
یازدهم,ریاضی,زبان انگلیسی,زبان انگلیسی,بخش 1,واژگان,,متوسط,"در میان گزینه‌های زیر، پاسخ درست را پیدا کنید:
meaning of ""benefit"" چیست؟",خطر,هزینه,شکست,فایده,D,benefit یعنی فایده. سؤال بازطراحی‌شده برای تنوع بیشتر آزمون.,ترنم همدلی,original,1405
یازدهم,ریاضی,زبان انگلیسی,زبان انگلیسی,بخش 1,واژگان,,متوسط,"کدام گزینه با محتوای سؤال زیر هماهنگ است؟
meaning of ""benefit"" چیست؟",هزینه,شکست,فایده,خطر,C,benefit یعنی فایده. سؤال بازطراحی‌شده برای تنوع بیشتر آزمون.,ترنم همدلی,original,1405
یازدهم,ریاضی,زبان انگلیسی,زبان انگلیسی,بخش 1,واژگان,,متوسط,"با توجه به پرسش زیر، گزینه صحیح را انتخاب کنید:
meaning of ""benefit"" چیست؟",شکست,فایده,خطر,هزینه,B,benefit یعنی فایده. سؤال بازطراحی‌شده برای تنوع بیشتر آزمون.,ترنم همدلی,original,1405
یازدهم,ریاضی,زبان انگلیسی,زبان انگلیسی,بخش 1,واژگان,,متوسط,"کدام گزینه از نظر محتوایی درست است؟
meaning of ""benefit"" چیست؟",فایده,خطر,هزینه,شکست,A,benefit یعنی فایده. سؤال بازطراحی‌شده برای تنوع بیشتر آزمون.,ترنم همدلی,original,1405
یازدهم,ریاضی,زبان انگلیسی,زبان انگلیسی,بخش 1,واژگان,,متوسط,"گزینه درست برای پرسش زیر را مشخص کنید:
meaning of ""benefit"" چیست؟",خطر,هزینه,شکست,فایده,D,benefit یعنی فایده. سؤال بازطراحی‌شده برای تنوع بیشتر آزمون.,ترنم همدلی,original,1405
یازدهم,ریاضی,زبان انگلیسی,زبان انگلیسی,بخش 2,گرامر,,متوسط,"در سؤال زیر، گزینه درست را انتخاب کنید:
کدام جمله درست است؟",She has finished her work.,She have finished.,She finish has.,She finishing has.,A,ساختار حال کامل برای she با has است. سؤال بازطراحی‌شده برای تنوع بیشتر آزمون.,ترنم همدلی,original,1405
یازدهم,ریاضی,زبان انگلیسی,زبان انگلیسی,بخش 2,گرامر,,متوسط,"کدام گزینه پاسخ صحیح این پرسش است؟
کدام جمله درست است؟",She have finished.,She finish has.,She finishing has.,She has finished her work.,D,ساختار حال کامل برای she با has است. سؤال بازطراحی‌شده برای تنوع بیشتر آزمون.,ترنم همدلی,original,1405
یازدهم,ریاضی,زبان انگلیسی,زبان انگلیسی,بخش 2,گرامر,,متوسط,"با دقت به پرسش زیر، گزینه درست را مشخص کنید:
کدام جمله درست است؟",She finish has.,She finishing has.,She has finished her work.,She have finished.,C,ساختار حال کامل برای she با has است. سؤال بازطراحی‌شده برای تنوع بیشتر آزمون.,ترنم همدلی,original,1405
یازدهم,ریاضی,زبان انگلیسی,زبان انگلیسی,بخش 2,گرامر,,متوسط,"کدام گزینه با صورت سؤال زیر سازگار است؟
کدام جمله درست است؟",She finishing has.,She has finished her work.,She have finished.,She finish has.,B,ساختار حال کامل برای she با has است. سؤال بازطراحی‌شده برای تنوع بیشتر آزمون.,ترنم همدلی,original,1405
یازدهم,ریاضی,زبان انگلیسی,زبان انگلیسی,بخش 2,گرامر,,متوسط,"پاسخ صحیح پرسش زیر کدام است؟
کدام جمله درست است؟",She has finished her work.,She have finished.,She finish has.,She finishing has.,A,ساختار حال کامل برای she با has است. سؤال بازطراحی‌شده برای تنوع بیشتر آزمون.,ترنم همدلی,original,1405
یازدهم,ریاضی,زبان انگلیسی,زبان انگلیسی,بخش 2,گرامر,,متوسط,"در میان گزینه‌های زیر، پاسخ درست را پیدا کنید:
کدام جمله درست است؟",She have finished.,She finish has.,She finishing has.,She has finished her work.,D,ساختار حال کامل برای she با has است. سؤال بازطراحی‌شده برای تنوع بیشتر آزمون.,ترنم همدلی,original,1405
یازدهم,ریاضی,زبان انگلیسی,زبان انگلیسی,بخش 2,گرامر,,متوسط,"کدام گزینه با محتوای سؤال زیر هماهنگ است؟
کدام جمله درست است؟",She finish has.,She finishing has.,She has finished her work.,She have finished.,C,ساختار حال کامل برای she با has است. سؤال بازطراحی‌شده برای تنوع بیشتر آزمون.,ترنم همدلی,original,1405
یازدهم,ریاضی,زبان انگلیسی,زبان انگلیسی,بخش 2,گرامر,,متوسط,"با توجه به پرسش زیر، گزینه صحیح را انتخاب کنید:
کدام جمله درست است؟",She finishing has.,She has finished her work.,She have finished.,She finish has.,B,ساختار حال کامل برای she با has است. سؤال بازطراحی‌شده برای تنوع بیشتر آزمون.,ترنم همدلی,original,1405
یازدهم,ریاضی,زبان انگلیسی,زبان انگلیسی,بخش 2,گرامر,,متوسط,"کدام گزینه از نظر محتوایی درست است؟
کدام جمله درست است؟",She has finished her work.,She have finished.,She finish has.,She finishing has.,A,ساختار حال کامل برای she با has است. سؤال بازطراحی‌شده برای تنوع بیشتر آزمون.,ترنم همدلی,original,1405
یازدهم,ریاضی,زبان انگلیسی,زبان انگلیسی,بخش 2,گرامر,,متوسط,"گزینه درست برای پرسش زیر را مشخص کنید:
کدام جمله درست است؟",She have finished.,She finish has.,She finishing has.,She has finished her work.,D,ساختار حال کامل برای she با has است. سؤال بازطراحی‌شده برای تنوع بیشتر آزمون.,ترنم همدلی,original,1405
یازدهم,ریاضی,زبان انگلیسی,زبان انگلیسی,بخش 3,مجهول,,متوسط,"در سؤال زیر، گزینه درست را انتخاب کنید:
کدام جمله مجهول است؟",Ali wrote the letter.,The letter was written by Ali.,Ali writes letters.,Ali is writing.,B,در جمله دوم فاعل گیرنده عمل است. سؤال بازطراحی‌شده برای تنوع بیشتر آزمون.,ترنم همدلی,original,1405
یازدهم,ریاضی,زبان انگلیسی,زبان انگلیسی,بخش 3,مجهول,,متوسط,"کدام گزینه پاسخ صحیح این پرسش است؟
کدام جمله مجهول است؟",The letter was written by Ali.,Ali writes letters.,Ali is writing.,Ali wrote the letter.,A,در جمله دوم فاعل گیرنده عمل است. سؤال بازطراحی‌شده برای تنوع بیشتر آزمون.,ترنم همدلی,original,1405
یازدهم,ریاضی,زبان انگلیسی,زبان انگلیسی,بخش 3,مجهول,,متوسط,"با دقت به پرسش زیر، گزینه درست را مشخص کنید:
کدام جمله مجهول است؟",Ali writes letters.,Ali is writing.,Ali wrote the letter.,The letter was written by Ali.,D,در جمله دوم فاعل گیرنده عمل است. سؤال بازطراحی‌شده برای تنوع بیشتر آزمون.,ترنم همدلی,original,1405
یازدهم,ریاضی,زبان انگلیسی,زبان انگلیسی,بخش 3,مجهول,,متوسط,"کدام گزینه با صورت سؤال زیر سازگار است؟
کدام جمله مجهول است؟",Ali is writing.,Ali wrote the letter.,The letter was written by Ali.,Ali writes letters.,C,در جمله دوم فاعل گیرنده عمل است. سؤال بازطراحی‌شده برای تنوع بیشتر آزمون.,ترنم همدلی,original,1405
یازدهم,ریاضی,زبان انگلیسی,زبان انگلیسی,بخش 3,مجهول,,متوسط,"پاسخ صحیح پرسش زیر کدام است؟
کدام جمله مجهول است؟",Ali wrote the letter.,The letter was written by Ali.,Ali writes letters.,Ali is writing.,B,در جمله دوم فاعل گیرنده عمل است. سؤال بازطراحی‌شده برای تنوع بیشتر آزمون.,ترنم همدلی,original,1405
یازدهم,ریاضی,زبان انگلیسی,زبان انگلیسی,بخش 3,مجهول,,متوسط,"در میان گزینه‌های زیر، پاسخ درست را پیدا کنید:
کدام جمله مجهول است؟",The letter was written by Ali.,Ali writes letters.,Ali is writing.,Ali wrote the letter.,A,در جمله دوم فاعل گیرنده عمل است. سؤال بازطراحی‌شده برای تنوع بیشتر آزمون.,ترنم همدلی,original,1405
یازدهم,ریاضی,زبان انگلیسی,زبان انگلیسی,بخش 3,مجهول,,متوسط,"کدام گزینه با محتوای سؤال زیر هماهنگ است؟
کدام جمله مجهول است؟",Ali writes letters.,Ali is writing.,Ali wrote the letter.,The letter was written by Ali.,D,در جمله دوم فاعل گیرنده عمل است. سؤال بازطراحی‌شده برای تنوع بیشتر آزمون.,ترنم همدلی,original,1405
یازدهم,ریاضی,زبان انگلیسی,زبان انگلیسی,بخش 3,مجهول,,متوسط,"با توجه به پرسش زیر، گزینه صحیح را انتخاب کنید:
کدام جمله مجهول است؟",Ali is writing.,Ali wrote the letter.,The letter was written by Ali.,Ali writes letters.,C,در جمله دوم فاعل گیرنده عمل است. سؤال بازطراحی‌شده برای تنوع بیشتر آزمون.,ترنم همدلی,original,1405
یازدهم,ریاضی,زبان انگلیسی,زبان انگلیسی,بخش 3,مجهول,,متوسط,"کدام گزینه از نظر محتوایی درست است؟
کدام جمله مجهول است؟",Ali wrote the letter.,The letter was written by Ali.,Ali writes letters.,Ali is writing.,B,در جمله دوم فاعل گیرنده عمل است. سؤال بازطراحی‌شده برای تنوع بیشتر آزمون.,ترنم همدلی,original,1405
یازدهم,ریاضی,زبان انگلیسی,زبان انگلیسی,بخش 3,مجهول,,متوسط,"گزینه درست برای پرسش زیر را مشخص کنید:
کدام جمله مجهول است؟",The letter was written by Ali.,Ali writes letters.,Ali is writing.,Ali wrote the letter.,A,در جمله دوم فاعل گیرنده عمل است. سؤال بازطراحی‌شده برای تنوع بیشتر آزمون.,ترنم همدلی,original,1405
یازدهم,ریاضی,زبان انگلیسی,زبان انگلیسی,بخش 4,شرطی,,متوسط,"در سؤال زیر، گزینه درست را انتخاب کنید:
کدام جمله شرطی نوع اول است؟","If it rains, we will stay home.","If it rained, we would stay.","If it had rained, we would have stayed.",It rains yesterday.,A,شرطی نوع اول معمولاً if+حال و will دارد. سؤال بازطراحی‌شده برای تنوع بیشتر آزمون.,ترنم همدلی,original,1405
یازدهم,ریاضی,زبان انگلیسی,زبان انگلیسی,بخش 4,شرطی,,متوسط,"کدام گزینه پاسخ صحیح این پرسش است؟
کدام جمله شرطی نوع اول است؟","If it rained, we would stay.","If it had rained, we would have stayed.",It rains yesterday.,"If it rains, we will stay home.",D,شرطی نوع اول معمولاً if+حال و will دارد. سؤال بازطراحی‌شده برای تنوع بیشتر آزمون.,ترنم همدلی,original,1405
یازدهم,ریاضی,زبان انگلیسی,زبان انگلیسی,بخش 4,شرطی,,متوسط,"با دقت به پرسش زیر، گزینه درست را مشخص کنید:
کدام جمله شرطی نوع اول است؟","If it had rained, we would have stayed.",It rains yesterday.,"If it rains, we will stay home.","If it rained, we would stay.",C,شرطی نوع اول معمولاً if+حال و will دارد. سؤال بازطراحی‌شده برای تنوع بیشتر آزمون.,ترنم همدلی,original,1405
یازدهم,ریاضی,زبان انگلیسی,زبان انگلیسی,بخش 4,شرطی,,متوسط,"کدام گزینه با صورت سؤال زیر سازگار است؟
کدام جمله شرطی نوع اول است؟",It rains yesterday.,"If it rains, we will stay home.","If it rained, we would stay.","If it had rained, we would have stayed.",B,شرطی نوع اول معمولاً if+حال و will دارد. سؤال بازطراحی‌شده برای تنوع بیشتر آزمون.,ترنم همدلی,original,1405
یازدهم,ریاضی,زبان انگلیسی,زبان انگلیسی,بخش 4,شرطی,,متوسط,"پاسخ صحیح پرسش زیر کدام است؟
کدام جمله شرطی نوع اول است؟","If it rains, we will stay home.","If it rained, we would stay.","If it had rained, we would have stayed.",It rains yesterday.,A,شرطی نوع اول معمولاً if+حال و will دارد. سؤال بازطراحی‌شده برای تنوع بیشتر آزمون.,ترنم همدلی,original,1405
یازدهم,ریاضی,زبان انگلیسی,زبان انگلیسی,بخش 4,شرطی,,متوسط,"در میان گزینه‌های زیر، پاسخ درست را پیدا کنید:
کدام جمله شرطی نوع اول است؟","If it rained, we would stay.","If it had rained, we would have stayed.",It rains yesterday.,"If it rains, we will stay home.",D,شرطی نوع اول معمولاً if+حال و will دارد. سؤال بازطراحی‌شده برای تنوع بیشتر آزمون.,ترنم همدلی,original,1405
یازدهم,ریاضی,زبان انگلیسی,زبان انگلیسی,بخش 4,شرطی,,متوسط,"کدام گزینه با محتوای سؤال زیر هماهنگ است؟
کدام جمله شرطی نوع اول است؟","If it had rained, we would have stayed.",It rains yesterday.,"If it rains, we will stay home.","If it rained, we would stay.",C,شرطی نوع اول معمولاً if+حال و will دارد. سؤال بازطراحی‌شده برای تنوع بیشتر آزمون.,ترنم همدلی,original,1405
یازدهم,ریاضی,زبان انگلیسی,زبان انگلیسی,بخش 4,شرطی,,متوسط,"با توجه به پرسش زیر، گزینه صحیح را انتخاب کنید:
کدام جمله شرطی نوع اول است؟",It rains yesterday.,"If it rains, we will stay home.","If it rained, we would stay.","If it had rained, we would have stayed.",B,شرطی نوع اول معمولاً if+حال و will دارد. سؤال بازطراحی‌شده برای تنوع بیشتر آزمون.,ترنم همدلی,original,1405
یازدهم,ریاضی,زبان انگلیسی,زبان انگلیسی,بخش 4,شرطی,,متوسط,"کدام گزینه از نظر محتوایی درست است؟
کدام جمله شرطی نوع اول است؟","If it rains, we will stay home.","If it rained, we would stay.","If it had rained, we would have stayed.",It rains yesterday.,A,شرطی نوع اول معمولاً if+حال و will دارد. سؤال بازطراحی‌شده برای تنوع بیشتر آزمون.,ترنم همدلی,original,1405
یازدهم,ریاضی,زبان انگلیسی,زبان انگلیسی,بخش 4,شرطی,,متوسط,"گزینه درست برای پرسش زیر را مشخص کنید:
کدام جمله شرطی نوع اول است؟","If it rained, we would stay.","If it had rained, we would have stayed.",It rains yesterday.,"If it rains, we will stay home.",D,شرطی نوع اول معمولاً if+حال و will دارد. سؤال بازطراحی‌شده برای تنوع بیشتر آزمون.,ترنم همدلی,original,1405
یازدهم,ریاضی,زبان انگلیسی,زبان انگلیسی,بخش 5,درک مطلب,,متوسط,"در سؤال زیر، گزینه درست را انتخاب کنید:
برای فهم ایده اصلی متن چه چیزی مهم است؟",تمرکز بر پیام کلی,حفظ همه کلمات,نادیده گرفتن عنوان,فقط ترجمه یک جمله,A,ایده اصلی پیام کلی متن است. سؤال بازطراحی‌شده برای تنوع بیشتر آزمون.,ترنم همدلی,original,1405
یازدهم,ریاضی,زبان انگلیسی,زبان انگلیسی,بخش 5,درک مطلب,,متوسط,"کدام گزینه پاسخ صحیح این پرسش است؟
برای فهم ایده اصلی متن چه چیزی مهم است؟",حفظ همه کلمات,نادیده گرفتن عنوان,فقط ترجمه یک جمله,تمرکز بر پیام کلی,D,ایده اصلی پیام کلی متن است. سؤال بازطراحی‌شده برای تنوع بیشتر آزمون.,ترنم همدلی,original,1405
یازدهم,ریاضی,زبان انگلیسی,زبان انگلیسی,بخش 5,درک مطلب,,متوسط,"با دقت به پرسش زیر، گزینه درست را مشخص کنید:
برای فهم ایده اصلی متن چه چیزی مهم است؟",نادیده گرفتن عنوان,فقط ترجمه یک جمله,تمرکز بر پیام کلی,حفظ همه کلمات,C,ایده اصلی پیام کلی متن است. سؤال بازطراحی‌شده برای تنوع بیشتر آزمون.,ترنم همدلی,original,1405
یازدهم,ریاضی,زبان انگلیسی,زبان انگلیسی,بخش 5,درک مطلب,,متوسط,"کدام گزینه با صورت سؤال زیر سازگار است؟
برای فهم ایده اصلی متن چه چیزی مهم است؟",فقط ترجمه یک جمله,تمرکز بر پیام کلی,حفظ همه کلمات,نادیده گرفتن عنوان,B,ایده اصلی پیام کلی متن است. سؤال بازطراحی‌شده برای تنوع بیشتر آزمون.,ترنم همدلی,original,1405
یازدهم,ریاضی,زبان انگلیسی,زبان انگلیسی,بخش 5,درک مطلب,,متوسط,"پاسخ صحیح پرسش زیر کدام است؟
برای فهم ایده اصلی متن چه چیزی مهم است؟",تمرکز بر پیام کلی,حفظ همه کلمات,نادیده گرفتن عنوان,فقط ترجمه یک جمله,A,ایده اصلی پیام کلی متن است. سؤال بازطراحی‌شده برای تنوع بیشتر آزمون.,ترنم همدلی,original,1405
یازدهم,ریاضی,زبان انگلیسی,زبان انگلیسی,بخش 5,درک مطلب,,متوسط,"در میان گزینه‌های زیر، پاسخ درست را پیدا کنید:
برای فهم ایده اصلی متن چه چیزی مهم است؟",حفظ همه کلمات,نادیده گرفتن عنوان,فقط ترجمه یک جمله,تمرکز بر پیام کلی,D,ایده اصلی پیام کلی متن است. سؤال بازطراحی‌شده برای تنوع بیشتر آزمون.,ترنم همدلی,original,1405
یازدهم,ریاضی,زبان انگلیسی,زبان انگلیسی,بخش 5,درک مطلب,,متوسط,"کدام گزینه با محتوای سؤال زیر هماهنگ است؟
برای فهم ایده اصلی متن چه چیزی مهم است؟",نادیده گرفتن عنوان,فقط ترجمه یک جمله,تمرکز بر پیام کلی,حفظ همه کلمات,C,ایده اصلی پیام کلی متن است. سؤال بازطراحی‌شده برای تنوع بیشتر آزمون.,ترنم همدلی,original,1405
یازدهم,ریاضی,زبان انگلیسی,زبان انگلیسی,بخش 5,درک مطلب,,متوسط,"با توجه به پرسش زیر، گزینه صحیح را انتخاب کنید:
برای فهم ایده اصلی متن چه چیزی مهم است؟",فقط ترجمه یک جمله,تمرکز بر پیام کلی,حفظ همه کلمات,نادیده گرفتن عنوان,B,ایده اصلی پیام کلی متن است. سؤال بازطراحی‌شده برای تنوع بیشتر آزمون.,ترنم همدلی,original,1405
یازدهم,ریاضی,زبان انگلیسی,زبان انگلیسی,بخش 5,درک مطلب,,متوسط,"کدام گزینه از نظر محتوایی درست است؟
برای فهم ایده اصلی متن چه چیزی مهم است؟",تمرکز بر پیام کلی,حفظ همه کلمات,نادیده گرفتن عنوان,فقط ترجمه یک جمله,A,ایده اصلی پیام کلی متن است. سؤال بازطراحی‌شده برای تنوع بیشتر آزمون.,ترنم همدلی,original,1405
یازدهم,ریاضی,زبان انگلیسی,زبان انگلیسی,بخش 5,درک مطلب,,متوسط,"گزینه درست برای پرسش زیر را مشخص کنید:
برای فهم ایده اصلی متن چه چیزی مهم است؟",حفظ همه کلمات,نادیده گرفتن عنوان,فقط ترجمه یک جمله,تمرکز بر پیام کلی,D,ایده اصلی پیام کلی متن است. سؤال بازطراحی‌شده برای تنوع بیشتر آزمون.,ترنم همدلی,original,1405
یازدهم,ریاضی,زبان انگلیسی,زبان انگلیسی,بخش 6,واژگان,,متوسط,"در سؤال زیر، گزینه درست را انتخاب کنید:
opposite of ""increase"" چیست؟",decrease,improve,expand,raise,A,decrease متضاد increase است. سؤال بازطراحی‌شده برای تنوع بیشتر آزمون.,ترنم همدلی,original,1405
یازدهم,ریاضی,زبان انگلیسی,زبان انگلیسی,بخش 6,واژگان,,متوسط,"کدام گزینه پاسخ صحیح این پرسش است؟
opposite of ""increase"" چیست؟",improve,expand,raise,decrease,D,decrease متضاد increase است. سؤال بازطراحی‌شده برای تنوع بیشتر آزمون.,ترنم همدلی,original,1405
یازدهم,ریاضی,زبان انگلیسی,زبان انگلیسی,بخش 6,واژگان,,متوسط,"با دقت به پرسش زیر، گزینه درست را مشخص کنید:
opposite of ""increase"" چیست؟",expand,raise,decrease,improve,C,decrease متضاد increase است. سؤال بازطراحی‌شده برای تنوع بیشتر آزمون.,ترنم همدلی,original,1405
یازدهم,ریاضی,زبان انگلیسی,زبان انگلیسی,بخش 6,واژگان,,متوسط,"کدام گزینه با صورت سؤال زیر سازگار است؟
opposite of ""increase"" چیست؟",raise,decrease,improve,expand,B,decrease متضاد increase است. سؤال بازطراحی‌شده برای تنوع بیشتر آزمون.,ترنم همدلی,original,1405
یازدهم,ریاضی,زبان انگلیسی,زبان انگلیسی,بخش 6,واژگان,,متوسط,"پاسخ صحیح پرسش زیر کدام است؟
opposite of ""increase"" چیست؟",decrease,improve,expand,raise,A,decrease متضاد increase است. سؤال بازطراحی‌شده برای تنوع بیشتر آزمون.,ترنم همدلی,original,1405
یازدهم,ریاضی,زبان انگلیسی,زبان انگلیسی,بخش 6,واژگان,,متوسط,"در میان گزینه‌های زیر، پاسخ درست را پیدا کنید:
opposite of ""increase"" چیست؟",improve,expand,raise,decrease,D,decrease متضاد increase است. سؤال بازطراحی‌شده برای تنوع بیشتر آزمون.,ترنم همدلی,original,1405
یازدهم,ریاضی,زبان انگلیسی,زبان انگلیسی,بخش 6,واژگان,,متوسط,"کدام گزینه با محتوای سؤال زیر هماهنگ است؟
opposite of ""increase"" چیست؟",expand,raise,decrease,improve,C,decrease متضاد increase است. سؤال بازطراحی‌شده برای تنوع بیشتر آزمون.,ترنم همدلی,original,1405
یازدهم,ریاضی,زبان انگلیسی,زبان انگلیسی,بخش 6,واژگان,,متوسط,"با توجه به پرسش زیر، گزینه صحیح را انتخاب کنید:
opposite of ""increase"" چیست؟",raise,decrease,improve,expand,B,decrease متضاد increase است. سؤال بازطراحی‌شده برای تنوع بیشتر آزمون.,ترنم همدلی,original,1405
یازدهم,ریاضی,زبان انگلیسی,زبان انگلیسی,بخش 6,واژگان,,متوسط,"کدام گزینه از نظر محتوایی درست است؟
opposite of ""increase"" چیست؟",decrease,improve,expand,raise,A,decrease متضاد increase است. سؤال بازطراحی‌شده برای تنوع بیشتر آزمون.,ترنم همدلی,original,1405
یازدهم,ریاضی,زبان انگلیسی,زبان انگلیسی,بخش 6,واژگان,,متوسط,"گزینه درست برای پرسش زیر را مشخص کنید:
opposite of ""increase"" چیست؟",improve,expand,raise,decrease,D,decrease متضاد increase است. سؤال بازطراحی‌شده برای تنوع بیشتر آزمون.,ترنم همدلی,original,1405
یازدهم,ریاضی,ریاضی,ریاضی یازدهم,بخش 1,تابع,,متوسط,"در سؤال زیر، گزینه درست را انتخاب کنید:
اگر f(x)=x² باشد f(-2) چند است؟",-4,-2,2,4,D,(-2)²=4. سؤال بازطراحی‌شده برای تنوع بیشتر آزمون.,ترنم همدلی,original,1405
یازدهم,ریاضی,ریاضی,ریاضی یازدهم,بخش 1,تابع,,متوسط,"کدام گزینه پاسخ صحیح این پرسش است؟
اگر f(x)=x² باشد f(-2) چند است؟",-2,2,4,-4,C,(-2)²=4. سؤال بازطراحی‌شده برای تنوع بیشتر آزمون.,ترنم همدلی,original,1405
یازدهم,ریاضی,ریاضی,ریاضی یازدهم,بخش 1,تابع,,متوسط,"با دقت به پرسش زیر، گزینه درست را مشخص کنید:
اگر f(x)=x² باشد f(-2) چند است؟",2,4,-4,-2,B,(-2)²=4. سؤال بازطراحی‌شده برای تنوع بیشتر آزمون.,ترنم همدلی,original,1405
یازدهم,ریاضی,ریاضی,ریاضی یازدهم,بخش 1,تابع,,متوسط,"کدام گزینه با صورت سؤال زیر سازگار است؟
اگر f(x)=x² باشد f(-2) چند است؟",4,-4,-2,2,A,(-2)²=4. سؤال بازطراحی‌شده برای تنوع بیشتر آزمون.,ترنم همدلی,original,1405
یازدهم,ریاضی,ریاضی,ریاضی یازدهم,بخش 1,تابع,,متوسط,"پاسخ صحیح پرسش زیر کدام است؟
اگر f(x)=x² باشد f(-2) چند است؟",-4,-2,2,4,D,(-2)²=4. سؤال بازطراحی‌شده برای تنوع بیشتر آزمون.,ترنم همدلی,original,1405
یازدهم,ریاضی,ریاضی,ریاضی یازدهم,بخش 1,تابع,,متوسط,"در میان گزینه‌های زیر، پاسخ درست را پیدا کنید:
اگر f(x)=x² باشد f(-2) چند است؟",-2,2,4,-4,C,(-2)²=4. سؤال بازطراحی‌شده برای تنوع بیشتر آزمون.,ترنم همدلی,original,1405
یازدهم,ریاضی,ریاضی,ریاضی یازدهم,بخش 1,تابع,,متوسط,"کدام گزینه با محتوای سؤال زیر هماهنگ است؟
اگر f(x)=x² باشد f(-2) چند است؟",2,4,-4,-2,B,(-2)²=4. سؤال بازطراحی‌شده برای تنوع بیشتر آزمون.,ترنم همدلی,original,1405
یازدهم,ریاضی,ریاضی,ریاضی یازدهم,بخش 1,تابع,,متوسط,"با توجه به پرسش زیر، گزینه صحیح را انتخاب کنید:
اگر f(x)=x² باشد f(-2) چند است؟",4,-4,-2,2,A,(-2)²=4. سؤال بازطراحی‌شده برای تنوع بیشتر آزمون.,ترنم همدلی,original,1405
یازدهم,ریاضی,ریاضی,ریاضی یازدهم,بخش 1,تابع,,متوسط,"کدام گزینه از نظر محتوایی درست است؟
اگر f(x)=x² باشد f(-2) چند است؟",-4,-2,2,4,D,(-2)²=4. سؤال بازطراحی‌شده برای تنوع بیشتر آزمون.,ترنم همدلی,original,1405
یازدهم,ریاضی,ریاضی,ریاضی یازدهم,بخش 1,تابع,,متوسط,"گزینه درست برای پرسش زیر را مشخص کنید:
اگر f(x)=x² باشد f(-2) چند است؟",-2,2,4,-4,C,(-2)²=4. سؤال بازطراحی‌شده برای تنوع بیشتر آزمون.,ترنم همدلی,original,1405
یازدهم,ریاضی,ریاضی,ریاضی یازدهم,بخش 2,معادله,,متوسط,"در سؤال زیر، گزینه درست را انتخاب کنید:
حل x²=9 کدام است؟",3,-3,3 و -3,9,C,ریشه‌های معادله 3 و -3 هستند. سؤال بازطراحی‌شده برای تنوع بیشتر آزمون.,ترنم همدلی,original,1405
یازدهم,ریاضی,ریاضی,ریاضی یازدهم,بخش 2,معادله,,متوسط,"کدام گزینه پاسخ صحیح این پرسش است؟
حل x²=9 کدام است؟",-3,3 و -3,9,3,B,ریشه‌های معادله 3 و -3 هستند. سؤال بازطراحی‌شده برای تنوع بیشتر آزمون.,ترنم همدلی,original,1405
یازدهم,ریاضی,ریاضی,ریاضی یازدهم,بخش 2,معادله,,متوسط,"با دقت به پرسش زیر، گزینه درست را مشخص کنید:
حل x²=9 کدام است؟",3 و -3,9,3,-3,A,ریشه‌های معادله 3 و -3 هستند. سؤال بازطراحی‌شده برای تنوع بیشتر آزمون.,ترنم همدلی,original,1405
یازدهم,ریاضی,ریاضی,ریاضی یازدهم,بخش 2,معادله,,متوسط,"کدام گزینه با صورت سؤال زیر سازگار است؟
حل x²=9 کدام است؟",9,3,-3,3 و -3,D,ریشه‌های معادله 3 و -3 هستند. سؤال بازطراحی‌شده برای تنوع بیشتر آزمون.,ترنم همدلی,original,1405
یازدهم,ریاضی,ریاضی,ریاضی یازدهم,بخش 2,معادله,,متوسط,"پاسخ صحیح پرسش زیر کدام است؟
حل x²=9 کدام است؟",3,-3,3 و -3,9,C,ریشه‌های معادله 3 و -3 هستند. سؤال بازطراحی‌شده برای تنوع بیشتر آزمون.,ترنم همدلی,original,1405
یازدهم,ریاضی,ریاضی,ریاضی یازدهم,بخش 2,معادله,,متوسط,"در میان گزینه‌های زیر، پاسخ درست را پیدا کنید:
حل x²=9 کدام است؟",-3,3 و -3,9,3,B,ریشه‌های معادله 3 و -3 هستند. سؤال بازطراحی‌شده برای تنوع بیشتر آزمون.,ترنم همدلی,original,1405
یازدهم,ریاضی,ریاضی,ریاضی یازدهم,بخش 2,معادله,,متوسط,"کدام گزینه با محتوای سؤال زیر هماهنگ است؟
حل x²=9 کدام است؟",3 و -3,9,3,-3,A,ریشه‌های معادله 3 و -3 هستند. سؤال بازطراحی‌شده برای تنوع بیشتر آزمون.,ترنم همدلی,original,1405
یازدهم,ریاضی,ریاضی,ریاضی یازدهم,بخش 2,معادله,,متوسط,"با توجه به پرسش زیر، گزینه صحیح را انتخاب کنید:
حل x²=9 کدام است؟",9,3,-3,3 و -3,D,ریشه‌های معادله 3 و -3 هستند. سؤال بازطراحی‌شده برای تنوع بیشتر آزمون.,ترنم همدلی,original,1405
یازدهم,ریاضی,ریاضی,ریاضی یازدهم,بخش 2,معادله,,متوسط,"کدام گزینه از نظر محتوایی درست است؟
حل x²=9 کدام است؟",3,-3,3 و -3,9,C,ریشه‌های معادله 3 و -3 هستند. سؤال بازطراحی‌شده برای تنوع بیشتر آزمون.,ترنم همدلی,original,1405
یازدهم,ریاضی,ریاضی,ریاضی یازدهم,بخش 2,معادله,,متوسط,"گزینه درست برای پرسش زیر را مشخص کنید:
حل x²=9 کدام است؟",-3,3 و -3,9,3,B,ریشه‌های معادله 3 و -3 هستند. سؤال بازطراحی‌شده برای تنوع بیشتر آزمون.,ترنم همدلی,original,1405
یازدهم,ریاضی,ریاضی,ریاضی یازدهم,بخش 3,مشتق,,متوسط,"در سؤال زیر، گزینه درست را انتخاب کنید:
مشتق 3x² چیست؟",3x,6x,x²,6,B,مشتق 3x² برابر 6x است. سؤال بازطراحی‌شده برای تنوع بیشتر آزمون.,ترنم همدلی,original,1405
یازدهم,ریاضی,ریاضی,ریاضی یازدهم,بخش 3,مشتق,,متوسط,"کدام گزینه پاسخ صحیح این پرسش است؟
مشتق 3x² چیست؟",6x,x²,6,3x,A,مشتق 3x² برابر 6x است. سؤال بازطراحی‌شده برای تنوع بیشتر آزمون.,ترنم همدلی,original,1405
یازدهم,ریاضی,ریاضی,ریاضی یازدهم,بخش 3,مشتق,,متوسط,"با دقت به پرسش زیر، گزینه درست را مشخص کنید:
مشتق 3x² چیست؟",x²,6,3x,6x,D,مشتق 3x² برابر 6x است. سؤال بازطراحی‌شده برای تنوع بیشتر آزمون.,ترنم همدلی,original,1405
یازدهم,ریاضی,ریاضی,ریاضی یازدهم,بخش 3,مشتق,,متوسط,"کدام گزینه با صورت سؤال زیر سازگار است؟
مشتق 3x² چیست؟",6,3x,6x,x²,C,مشتق 3x² برابر 6x است. سؤال بازطراحی‌شده برای تنوع بیشتر آزمون.,ترنم همدلی,original,1405
یازدهم,ریاضی,ریاضی,ریاضی یازدهم,بخش 3,مشتق,,متوسط,"پاسخ صحیح پرسش زیر کدام است؟
مشتق 3x² چیست؟",3x,6x,x²,6,B,مشتق 3x² برابر 6x است. سؤال بازطراحی‌شده برای تنوع بیشتر آزمون.,ترنم همدلی,original,1405
یازدهم,ریاضی,ریاضی,ریاضی یازدهم,بخش 3,مشتق,,متوسط,"در میان گزینه‌های زیر، پاسخ درست را پیدا کنید:
مشتق 3x² چیست؟",6x,x²,6,3x,A,مشتق 3x² برابر 6x است. سؤال بازطراحی‌شده برای تنوع بیشتر آزمون.,ترنم همدلی,original,1405
یازدهم,ریاضی,ریاضی,ریاضی یازدهم,بخش 3,مشتق,,متوسط,"کدام گزینه با محتوای سؤال زیر هماهنگ است؟
مشتق 3x² چیست؟",x²,6,3x,6x,D,مشتق 3x² برابر 6x است. سؤال بازطراحی‌شده برای تنوع بیشتر آزمون.,ترنم همدلی,original,1405
یازدهم,ریاضی,ریاضی,ریاضی یازدهم,بخش 3,مشتق,,متوسط,"با توجه به پرسش زیر، گزینه صحیح را انتخاب کنید:
مشتق 3x² چیست؟",6,3x,6x,x²,C,مشتق 3x² برابر 6x است. سؤال بازطراحی‌شده برای تنوع بیشتر آزمون.,ترنم همدلی,original,1405
یازدهم,ریاضی,ریاضی,ریاضی یازدهم,بخش 3,مشتق,,متوسط,"کدام گزینه از نظر محتوایی درست است؟
مشتق 3x² چیست؟",3x,6x,x²,6,B,مشتق 3x² برابر 6x است. سؤال بازطراحی‌شده برای تنوع بیشتر آزمون.,ترنم همدلی,original,1405
یازدهم,ریاضی,ریاضی,ریاضی یازدهم,بخش 3,مشتق,,متوسط,"گزینه درست برای پرسش زیر را مشخص کنید:
مشتق 3x² چیست؟",6x,x²,6,3x,A,مشتق 3x² برابر 6x است. سؤال بازطراحی‌شده برای تنوع بیشتر آزمون.,ترنم همدلی,original,1405
یازدهم,ریاضی,ریاضی,ریاضی یازدهم,بخش 4,احتمال,,متوسط,"در سؤال زیر، گزینه درست را انتخاب کنید:
در پرتاب یک تاس سالم احتمال آمدن عدد زوج چیست؟",1/6,1/3,1/2,2/3,C,سه حالت از شش حالت زوج‌اند. سؤال بازطراحی‌شده برای تنوع بیشتر آزمون.,ترنم همدلی,original,1405
یازدهم,ریاضی,ریاضی,ریاضی یازدهم,بخش 4,احتمال,,متوسط,"کدام گزینه پاسخ صحیح این پرسش است؟
در پرتاب یک تاس سالم احتمال آمدن عدد زوج چیست؟",1/3,1/2,2/3,1/6,B,سه حالت از شش حالت زوج‌اند. سؤال بازطراحی‌شده برای تنوع بیشتر آزمون.,ترنم همدلی,original,1405
یازدهم,ریاضی,ریاضی,ریاضی یازدهم,بخش 4,احتمال,,متوسط,"با دقت به پرسش زیر، گزینه درست را مشخص کنید:
در پرتاب یک تاس سالم احتمال آمدن عدد زوج چیست؟",1/2,2/3,1/6,1/3,A,سه حالت از شش حالت زوج‌اند. سؤال بازطراحی‌شده برای تنوع بیشتر آزمون.,ترنم همدلی,original,1405
یازدهم,ریاضی,ریاضی,ریاضی یازدهم,بخش 4,احتمال,,متوسط,"کدام گزینه با صورت سؤال زیر سازگار است؟
در پرتاب یک تاس سالم احتمال آمدن عدد زوج چیست؟",2/3,1/6,1/3,1/2,D,سه حالت از شش حالت زوج‌اند. سؤال بازطراحی‌شده برای تنوع بیشتر آزمون.,ترنم همدلی,original,1405
یازدهم,ریاضی,ریاضی,ریاضی یازدهم,بخش 4,احتمال,,متوسط,"پاسخ صحیح پرسش زیر کدام است؟
در پرتاب یک تاس سالم احتمال آمدن عدد زوج چیست؟",1/6,1/3,1/2,2/3,C,سه حالت از شش حالت زوج‌اند. سؤال بازطراحی‌شده برای تنوع بیشتر آزمون.,ترنم همدلی,original,1405
یازدهم,ریاضی,ریاضی,ریاضی یازدهم,بخش 4,احتمال,,متوسط,"در میان گزینه‌های زیر، پاسخ درست را پیدا کنید:
در پرتاب یک تاس سالم احتمال آمدن عدد زوج چیست؟",1/3,1/2,2/3,1/6,B,سه حالت از شش حالت زوج‌اند. سؤال بازطراحی‌شده برای تنوع بیشتر آزمون.,ترنم همدلی,original,1405
یازدهم,ریاضی,ریاضی,ریاضی یازدهم,بخش 4,احتمال,,متوسط,"کدام گزینه با محتوای سؤال زیر هماهنگ است؟
در پرتاب یک تاس سالم احتمال آمدن عدد زوج چیست؟",1/2,2/3,1/6,1/3,A,سه حالت از شش حالت زوج‌اند. سؤال بازطراحی‌شده برای تنوع بیشتر آزمون.,ترنم همدلی,original,1405
یازدهم,ریاضی,ریاضی,ریاضی یازدهم,بخش 4,احتمال,,متوسط,"با توجه به پرسش زیر، گزینه صحیح را انتخاب کنید:
در پرتاب یک تاس سالم احتمال آمدن عدد زوج چیست؟",2/3,1/6,1/3,1/2,D,سه حالت از شش حالت زوج‌اند. سؤال بازطراحی‌شده برای تنوع بیشتر آزمون.,ترنم همدلی,original,1405
یازدهم,ریاضی,ریاضی,ریاضی یازدهم,بخش 4,احتمال,,متوسط,"کدام گزینه از نظر محتوایی درست است؟
در پرتاب یک تاس سالم احتمال آمدن عدد زوج چیست؟",1/6,1/3,1/2,2/3,C,سه حالت از شش حالت زوج‌اند. سؤال بازطراحی‌شده برای تنوع بیشتر آزمون.,ترنم همدلی,original,1405
یازدهم,ریاضی,ریاضی,ریاضی یازدهم,بخش 4,احتمال,,متوسط,"گزینه درست برای پرسش زیر را مشخص کنید:
در پرتاب یک تاس سالم احتمال آمدن عدد زوج چیست؟",1/3,1/2,2/3,1/6,B,سه حالت از شش حالت زوج‌اند. سؤال بازطراحی‌شده برای تنوع بیشتر آزمون.,ترنم همدلی,original,1405
یازدهم,ریاضی,ریاضی,ریاضی یازدهم,بخش 5,بردار,,متوسط,"در سؤال زیر، گزینه درست را انتخاب کنید:
بردار چه کمیتی است؟",فقط اسکالر,دارای اندازه و جهت,فقط جهت,بدون اندازه,B,بردار هم اندازه و هم جهت دارد. سؤال بازطراحی‌شده برای تنوع بیشتر آزمون.,ترنم همدلی,original,1405
یازدهم,ریاضی,ریاضی,ریاضی یازدهم,بخش 5,بردار,,متوسط,"کدام گزینه پاسخ صحیح این پرسش است؟
بردار چه کمیتی است؟",دارای اندازه و جهت,فقط جهت,بدون اندازه,فقط اسکالر,A,بردار هم اندازه و هم جهت دارد. سؤال بازطراحی‌شده برای تنوع بیشتر آزمون.,ترنم همدلی,original,1405
یازدهم,ریاضی,ریاضی,ریاضی یازدهم,بخش 5,بردار,,متوسط,"با دقت به پرسش زیر، گزینه درست را مشخص کنید:
بردار چه کمیتی است؟",فقط جهت,بدون اندازه,فقط اسکالر,دارای اندازه و جهت,D,بردار هم اندازه و هم جهت دارد. سؤال بازطراحی‌شده برای تنوع بیشتر آزمون.,ترنم همدلی,original,1405
یازدهم,ریاضی,ریاضی,ریاضی یازدهم,بخش 5,بردار,,متوسط,"کدام گزینه با صورت سؤال زیر سازگار است؟
بردار چه کمیتی است؟",بدون اندازه,فقط اسکالر,دارای اندازه و جهت,فقط جهت,C,بردار هم اندازه و هم جهت دارد. سؤال بازطراحی‌شده برای تنوع بیشتر آزمون.,ترنم همدلی,original,1405
یازدهم,ریاضی,ریاضی,ریاضی یازدهم,بخش 5,بردار,,متوسط,"پاسخ صحیح پرسش زیر کدام است؟
بردار چه کمیتی است؟",فقط اسکالر,دارای اندازه و جهت,فقط جهت,بدون اندازه,B,بردار هم اندازه و هم جهت دارد. سؤال بازطراحی‌شده برای تنوع بیشتر آزمون.,ترنم همدلی,original,1405
یازدهم,ریاضی,ریاضی,ریاضی یازدهم,بخش 5,بردار,,متوسط,"در میان گزینه‌های زیر، پاسخ درست را پیدا کنید:
بردار چه کمیتی است؟",دارای اندازه و جهت,فقط جهت,بدون اندازه,فقط اسکالر,A,بردار هم اندازه و هم جهت دارد. سؤال بازطراحی‌شده برای تنوع بیشتر آزمون.,ترنم همدلی,original,1405
یازدهم,ریاضی,ریاضی,ریاضی یازدهم,بخش 5,بردار,,متوسط,"کدام گزینه با محتوای سؤال زیر هماهنگ است؟
بردار چه کمیتی است؟",فقط جهت,بدون اندازه,فقط اسکالر,دارای اندازه و جهت,D,بردار هم اندازه و هم جهت دارد. سؤال بازطراحی‌شده برای تنوع بیشتر آزمون.,ترنم همدلی,original,1405
یازدهم,ریاضی,ریاضی,ریاضی یازدهم,بخش 5,بردار,,متوسط,"با توجه به پرسش زیر، گزینه صحیح را انتخاب کنید:
بردار چه کمیتی است؟",بدون اندازه,فقط اسکالر,دارای اندازه و جهت,فقط جهت,C,بردار هم اندازه و هم جهت دارد. سؤال بازطراحی‌شده برای تنوع بیشتر آزمون.,ترنم همدلی,original,1405
یازدهم,ریاضی,ریاضی,ریاضی یازدهم,بخش 5,بردار,,متوسط,"کدام گزینه از نظر محتوایی درست است؟
بردار چه کمیتی است؟",فقط اسکالر,دارای اندازه و جهت,فقط جهت,بدون اندازه,B,بردار هم اندازه و هم جهت دارد. سؤال بازطراحی‌شده برای تنوع بیشتر آزمون.,ترنم همدلی,original,1405
یازدهم,ریاضی,ریاضی,ریاضی یازدهم,بخش 5,بردار,,متوسط,"گزینه درست برای پرسش زیر را مشخص کنید:
بردار چه کمیتی است؟",دارای اندازه و جهت,فقط جهت,بدون اندازه,فقط اسکالر,A,بردار هم اندازه و هم جهت دارد. سؤال بازطراحی‌شده برای تنوع بیشتر آزمون.,ترنم همدلی,original,1405
یازدهم,ریاضی,ریاضی,ریاضی یازدهم,بخش 6,آمار,,متوسط,"در سؤال زیر، گزینه درست را انتخاب کنید:
میانگین 2،4،6 و 8 چند است؟",4,5,6,20,B,جمع 20 و تقسیم بر 4 برابر 5 است. سؤال بازطراحی‌شده برای تنوع بیشتر آزمون.,ترنم همدلی,original,1405
یازدهم,ریاضی,ریاضی,ریاضی یازدهم,بخش 6,آمار,,متوسط,"کدام گزینه پاسخ صحیح این پرسش است؟
میانگین 2،4،6 و 8 چند است؟",5,6,20,4,A,جمع 20 و تقسیم بر 4 برابر 5 است. سؤال بازطراحی‌شده برای تنوع بیشتر آزمون.,ترنم همدلی,original,1405
یازدهم,ریاضی,ریاضی,ریاضی یازدهم,بخش 6,آمار,,متوسط,"با دقت به پرسش زیر، گزینه درست را مشخص کنید:
میانگین 2،4،6 و 8 چند است؟",6,20,4,5,D,جمع 20 و تقسیم بر 4 برابر 5 است. سؤال بازطراحی‌شده برای تنوع بیشتر آزمون.,ترنم همدلی,original,1405
یازدهم,ریاضی,ریاضی,ریاضی یازدهم,بخش 6,آمار,,متوسط,"کدام گزینه با صورت سؤال زیر سازگار است؟
میانگین 2،4،6 و 8 چند است؟",20,4,5,6,C,جمع 20 و تقسیم بر 4 برابر 5 است. سؤال بازطراحی‌شده برای تنوع بیشتر آزمون.,ترنم همدلی,original,1405
یازدهم,ریاضی,ریاضی,ریاضی یازدهم,بخش 6,آمار,,متوسط,"پاسخ صحیح پرسش زیر کدام است؟
میانگین 2،4،6 و 8 چند است؟",4,5,6,20,B,جمع 20 و تقسیم بر 4 برابر 5 است. سؤال بازطراحی‌شده برای تنوع بیشتر آزمون.,ترنم همدلی,original,1405
یازدهم,ریاضی,ریاضی,ریاضی یازدهم,بخش 6,آمار,,متوسط,"در میان گزینه‌های زیر، پاسخ درست را پیدا کنید:
میانگین 2،4،6 و 8 چند است؟",5,6,20,4,A,جمع 20 و تقسیم بر 4 برابر 5 است. سؤال بازطراحی‌شده برای تنوع بیشتر آزمون.,ترنم همدلی,original,1405
یازدهم,ریاضی,ریاضی,ریاضی یازدهم,بخش 6,آمار,,متوسط,"کدام گزینه با محتوای سؤال زیر هماهنگ است؟
میانگین 2،4،6 و 8 چند است؟",6,20,4,5,D,جمع 20 و تقسیم بر 4 برابر 5 است. سؤال بازطراحی‌شده برای تنوع بیشتر آزمون.,ترنم همدلی,original,1405
یازدهم,ریاضی,ریاضی,ریاضی یازدهم,بخش 6,آمار,,متوسط,"با توجه به پرسش زیر، گزینه صحیح را انتخاب کنید:
میانگین 2،4،6 و 8 چند است؟",20,4,5,6,C,جمع 20 و تقسیم بر 4 برابر 5 است. سؤال بازطراحی‌شده برای تنوع بیشتر آزمون.,ترنم همدلی,original,1405
یازدهم,ریاضی,ریاضی,ریاضی یازدهم,بخش 6,آمار,,متوسط,"کدام گزینه از نظر محتوایی درست است؟
میانگین 2،4،6 و 8 چند است؟",4,5,6,20,B,جمع 20 و تقسیم بر 4 برابر 5 است. سؤال بازطراحی‌شده برای تنوع بیشتر آزمون.,ترنم همدلی,original,1405
یازدهم,ریاضی,ریاضی,ریاضی یازدهم,بخش 6,آمار,,متوسط,"گزینه درست برای پرسش زیر را مشخص کنید:
میانگین 2،4،6 و 8 چند است؟",5,6,20,4,A,جمع 20 و تقسیم بر 4 برابر 5 است. سؤال بازطراحی‌شده برای تنوع بیشتر آزمون.,ترنم همدلی,original,1405
یازدهم,ریاضی,فیزیک,فیزیک یازدهم,بخش 1,حرکت,,متوسط,"در سؤال زیر، گزینه درست را انتخاب کنید:
شتاب متوسط چیست؟",تغییر سرعت تقسیم بر زمان,مسافت تقسیم بر زمان,نیرو تقسیم بر جرم,جرم تقسیم بر زمان,A,a=Δv/Δt. سؤال بازطراحی‌شده برای تنوع بیشتر آزمون.,ترنم همدلی,original,1405
یازدهم,ریاضی,فیزیک,فیزیک یازدهم,بخش 1,حرکت,,متوسط,"کدام گزینه پاسخ صحیح این پرسش است؟
شتاب متوسط چیست؟",مسافت تقسیم بر زمان,نیرو تقسیم بر جرم,جرم تقسیم بر زمان,تغییر سرعت تقسیم بر زمان,D,a=Δv/Δt. سؤال بازطراحی‌شده برای تنوع بیشتر آزمون.,ترنم همدلی,original,1405
یازدهم,ریاضی,فیزیک,فیزیک یازدهم,بخش 1,حرکت,,متوسط,"با دقت به پرسش زیر، گزینه درست را مشخص کنید:
شتاب متوسط چیست؟",نیرو تقسیم بر جرم,جرم تقسیم بر زمان,تغییر سرعت تقسیم بر زمان,مسافت تقسیم بر زمان,C,a=Δv/Δt. سؤال بازطراحی‌شده برای تنوع بیشتر آزمون.,ترنم همدلی,original,1405
یازدهم,ریاضی,فیزیک,فیزیک یازدهم,بخش 1,حرکت,,متوسط,"کدام گزینه با صورت سؤال زیر سازگار است؟
شتاب متوسط چیست؟",جرم تقسیم بر زمان,تغییر سرعت تقسیم بر زمان,مسافت تقسیم بر زمان,نیرو تقسیم بر جرم,B,a=Δv/Δt. سؤال بازطراحی‌شده برای تنوع بیشتر آزمون.,ترنم همدلی,original,1405
یازدهم,ریاضی,فیزیک,فیزیک یازدهم,بخش 1,حرکت,,متوسط,"پاسخ صحیح پرسش زیر کدام است؟
شتاب متوسط چیست؟",تغییر سرعت تقسیم بر زمان,مسافت تقسیم بر زمان,نیرو تقسیم بر جرم,جرم تقسیم بر زمان,A,a=Δv/Δt. سؤال بازطراحی‌شده برای تنوع بیشتر آزمون.,ترنم همدلی,original,1405
یازدهم,ریاضی,فیزیک,فیزیک یازدهم,بخش 1,حرکت,,متوسط,"در میان گزینه‌های زیر، پاسخ درست را پیدا کنید:
شتاب متوسط چیست؟",مسافت تقسیم بر زمان,نیرو تقسیم بر جرم,جرم تقسیم بر زمان,تغییر سرعت تقسیم بر زمان,D,a=Δv/Δt. سؤال بازطراحی‌شده برای تنوع بیشتر آزمون.,ترنم همدلی,original,1405
یازدهم,ریاضی,فیزیک,فیزیک یازدهم,بخش 1,حرکت,,متوسط,"کدام گزینه با محتوای سؤال زیر هماهنگ است؟
شتاب متوسط چیست؟",نیرو تقسیم بر جرم,جرم تقسیم بر زمان,تغییر سرعت تقسیم بر زمان,مسافت تقسیم بر زمان,C,a=Δv/Δt. سؤال بازطراحی‌شده برای تنوع بیشتر آزمون.,ترنم همدلی,original,1405
یازدهم,ریاضی,فیزیک,فیزیک یازدهم,بخش 1,حرکت,,متوسط,"با توجه به پرسش زیر، گزینه صحیح را انتخاب کنید:
شتاب متوسط چیست؟",جرم تقسیم بر زمان,تغییر سرعت تقسیم بر زمان,مسافت تقسیم بر زمان,نیرو تقسیم بر جرم,B,a=Δv/Δt. سؤال بازطراحی‌شده برای تنوع بیشتر آزمون.,ترنم همدلی,original,1405
یازدهم,ریاضی,فیزیک,فیزیک یازدهم,بخش 1,حرکت,,متوسط,"کدام گزینه از نظر محتوایی درست است؟
شتاب متوسط چیست؟",تغییر سرعت تقسیم بر زمان,مسافت تقسیم بر زمان,نیرو تقسیم بر جرم,جرم تقسیم بر زمان,A,a=Δv/Δt. سؤال بازطراحی‌شده برای تنوع بیشتر آزمون.,ترنم همدلی,original,1405
یازدهم,ریاضی,فیزیک,فیزیک یازدهم,بخش 1,حرکت,,متوسط,"گزینه درست برای پرسش زیر را مشخص کنید:
شتاب متوسط چیست؟",مسافت تقسیم بر زمان,نیرو تقسیم بر جرم,جرم تقسیم بر زمان,تغییر سرعت تقسیم بر زمان,D,a=Δv/Δt. سؤال بازطراحی‌شده برای تنوع بیشتر آزمون.,ترنم همدلی,original,1405
یازدهم,ریاضی,فیزیک,فیزیک یازدهم,بخش 2,دینامیک,,متوسط,"در سؤال زیر، گزینه درست را انتخاب کنید:
قانون سوم نیوتن بر چه اصلی استوار است؟",کنش و واکنش,پایستگی جرم,قانون اهم,اصل برنولی,A,نیروهای کنش و واکنش برابر و خلاف جهت‌اند. سؤال بازطراحی‌شده برای تنوع بیشتر آزمون.,ترنم همدلی,original,1405
یازدهم,ریاضی,فیزیک,فیزیک یازدهم,بخش 2,دینامیک,,متوسط,"کدام گزینه پاسخ صحیح این پرسش است؟
قانون سوم نیوتن بر چه اصلی استوار است؟",پایستگی جرم,قانون اهم,اصل برنولی,کنش و واکنش,D,نیروهای کنش و واکنش برابر و خلاف جهت‌اند. سؤال بازطراحی‌شده برای تنوع بیشتر آزمون.,ترنم همدلی,original,1405
یازدهم,ریاضی,فیزیک,فیزیک یازدهم,بخش 2,دینامیک,,متوسط,"با دقت به پرسش زیر، گزینه درست را مشخص کنید:
قانون سوم نیوتن بر چه اصلی استوار است؟",قانون اهم,اصل برنولی,کنش و واکنش,پایستگی جرم,C,نیروهای کنش و واکنش برابر و خلاف جهت‌اند. سؤال بازطراحی‌شده برای تنوع بیشتر آزمون.,ترنم همدلی,original,1405
یازدهم,ریاضی,فیزیک,فیزیک یازدهم,بخش 2,دینامیک,,متوسط,"کدام گزینه با صورت سؤال زیر سازگار است؟
قانون سوم نیوتن بر چه اصلی استوار است؟",اصل برنولی,کنش و واکنش,پایستگی جرم,قانون اهم,B,نیروهای کنش و واکنش برابر و خلاف جهت‌اند. سؤال بازطراحی‌شده برای تنوع بیشتر آزمون.,ترنم همدلی,original,1405
یازدهم,ریاضی,فیزیک,فیزیک یازدهم,بخش 2,دینامیک,,متوسط,"پاسخ صحیح پرسش زیر کدام است؟
قانون سوم نیوتن بر چه اصلی استوار است؟",کنش و واکنش,پایستگی جرم,قانون اهم,اصل برنولی,A,نیروهای کنش و واکنش برابر و خلاف جهت‌اند. سؤال بازطراحی‌شده برای تنوع بیشتر آزمون.,ترنم همدلی,original,1405
یازدهم,ریاضی,فیزیک,فیزیک یازدهم,بخش 2,دینامیک,,متوسط,"در میان گزینه‌های زیر، پاسخ درست را پیدا کنید:
قانون سوم نیوتن بر چه اصلی استوار است؟",پایستگی جرم,قانون اهم,اصل برنولی,کنش و واکنش,D,نیروهای کنش و واکنش برابر و خلاف جهت‌اند. سؤال بازطراحی‌شده برای تنوع بیشتر آزمون.,ترنم همدلی,original,1405
یازدهم,ریاضی,فیزیک,فیزیک یازدهم,بخش 2,دینامیک,,متوسط,"کدام گزینه با محتوای سؤال زیر هماهنگ است؟
قانون سوم نیوتن بر چه اصلی استوار است؟",قانون اهم,اصل برنولی,کنش و واکنش,پایستگی جرم,C,نیروهای کنش و واکنش برابر و خلاف جهت‌اند. سؤال بازطراحی‌شده برای تنوع بیشتر آزمون.,ترنم همدلی,original,1405
یازدهم,ریاضی,فیزیک,فیزیک یازدهم,بخش 2,دینامیک,,متوسط,"با توجه به پرسش زیر، گزینه صحیح را انتخاب کنید:
قانون سوم نیوتن بر چه اصلی استوار است؟",اصل برنولی,کنش و واکنش,پایستگی جرم,قانون اهم,B,نیروهای کنش و واکنش برابر و خلاف جهت‌اند. سؤال بازطراحی‌شده برای تنوع بیشتر آزمون.,ترنم همدلی,original,1405
یازدهم,ریاضی,فیزیک,فیزیک یازدهم,بخش 2,دینامیک,,متوسط,"کدام گزینه از نظر محتوایی درست است؟
قانون سوم نیوتن بر چه اصلی استوار است؟",کنش و واکنش,پایستگی جرم,قانون اهم,اصل برنولی,A,نیروهای کنش و واکنش برابر و خلاف جهت‌اند. سؤال بازطراحی‌شده برای تنوع بیشتر آزمون.,ترنم همدلی,original,1405
یازدهم,ریاضی,فیزیک,فیزیک یازدهم,بخش 2,دینامیک,,متوسط,"گزینه درست برای پرسش زیر را مشخص کنید:
قانون سوم نیوتن بر چه اصلی استوار است؟",پایستگی جرم,قانون اهم,اصل برنولی,کنش و واکنش,D,نیروهای کنش و واکنش برابر و خلاف جهت‌اند. سؤال بازطراحی‌شده برای تنوع بیشتر آزمون.,ترنم همدلی,original,1405
یازدهم,ریاضی,فیزیک,فیزیک یازدهم,بخش 3,الکتریسیته,,متوسط,"در سؤال زیر، گزینه درست را انتخاب کنید:
قانون اهم چیست؟",V=IR,V=I/R,I=VR,R=VI,A,قانون اهم V=IR است. سؤال بازطراحی‌شده برای تنوع بیشتر آزمون.,ترنم همدلی,original,1405
یازدهم,ریاضی,فیزیک,فیزیک یازدهم,بخش 3,الکتریسیته,,متوسط,"کدام گزینه پاسخ صحیح این پرسش است؟
قانون اهم چیست؟",V=I/R,I=VR,R=VI,V=IR,D,قانون اهم V=IR است. سؤال بازطراحی‌شده برای تنوع بیشتر آزمون.,ترنم همدلی,original,1405
یازدهم,ریاضی,فیزیک,فیزیک یازدهم,بخش 3,الکتریسیته,,متوسط,"با دقت به پرسش زیر، گزینه درست را مشخص کنید:
قانون اهم چیست؟",I=VR,R=VI,V=IR,V=I/R,C,قانون اهم V=IR است. سؤال بازطراحی‌شده برای تنوع بیشتر آزمون.,ترنم همدلی,original,1405
یازدهم,ریاضی,فیزیک,فیزیک یازدهم,بخش 3,الکتریسیته,,متوسط,"کدام گزینه با صورت سؤال زیر سازگار است؟
قانون اهم چیست؟",R=VI,V=IR,V=I/R,I=VR,B,قانون اهم V=IR است. سؤال بازطراحی‌شده برای تنوع بیشتر آزمون.,ترنم همدلی,original,1405
یازدهم,ریاضی,فیزیک,فیزیک یازدهم,بخش 3,الکتریسیته,,متوسط,"پاسخ صحیح پرسش زیر کدام است؟
قانون اهم چیست؟",V=IR,V=I/R,I=VR,R=VI,A,قانون اهم V=IR است. سؤال بازطراحی‌شده برای تنوع بیشتر آزمون.,ترنم همدلی,original,1405
یازدهم,ریاضی,فیزیک,فیزیک یازدهم,بخش 3,الکتریسیته,,متوسط,"در میان گزینه‌های زیر، پاسخ درست را پیدا کنید:
قانون اهم چیست؟",V=I/R,I=VR,R=VI,V=IR,D,قانون اهم V=IR است. سؤال بازطراحی‌شده برای تنوع بیشتر آزمون.,ترنم همدلی,original,1405
یازدهم,ریاضی,فیزیک,فیزیک یازدهم,بخش 3,الکتریسیته,,متوسط,"کدام گزینه با محتوای سؤال زیر هماهنگ است؟
قانون اهم چیست؟",I=VR,R=VI,V=IR,V=I/R,C,قانون اهم V=IR است. سؤال بازطراحی‌شده برای تنوع بیشتر آزمون.,ترنم همدلی,original,1405
یازدهم,ریاضی,فیزیک,فیزیک یازدهم,بخش 3,الکتریسیته,,متوسط,"با توجه به پرسش زیر، گزینه صحیح را انتخاب کنید:
قانون اهم چیست؟",R=VI,V=IR,V=I/R,I=VR,B,قانون اهم V=IR است. سؤال بازطراحی‌شده برای تنوع بیشتر آزمون.,ترنم همدلی,original,1405
یازدهم,ریاضی,فیزیک,فیزیک یازدهم,بخش 3,الکتریسیته,,متوسط,"کدام گزینه از نظر محتوایی درست است؟
قانون اهم چیست؟",V=IR,V=I/R,I=VR,R=VI,A,قانون اهم V=IR است. سؤال بازطراحی‌شده برای تنوع بیشتر آزمون.,ترنم همدلی,original,1405
یازدهم,ریاضی,فیزیک,فیزیک یازدهم,بخش 3,الکتریسیته,,متوسط,"گزینه درست برای پرسش زیر را مشخص کنید:
قانون اهم چیست؟",V=I/R,I=VR,R=VI,V=IR,D,قانون اهم V=IR است. سؤال بازطراحی‌شده برای تنوع بیشتر آزمون.,ترنم همدلی,original,1405
یازدهم,ریاضی,فیزیک,فیزیک یازدهم,بخش 4,مغناطیس,,متوسط,"در سؤال زیر، گزینه درست را انتخاب کنید:
میدان مغناطیسی اطراف جریان الکتریکی چگونه ایجاد می‌شود؟",جریان الکتریکی,سکون کامل بار,خلأ,فشار,A,جریان الکتریکی میدان مغناطیسی ایجاد می‌کند. سؤال بازطراحی‌شده برای تنوع بیشتر آزمون.,ترنم همدلی,original,1405
یازدهم,ریاضی,فیزیک,فیزیک یازدهم,بخش 4,مغناطیس,,متوسط,"کدام گزینه پاسخ صحیح این پرسش است؟
میدان مغناطیسی اطراف جریان الکتریکی چگونه ایجاد می‌شود؟",سکون کامل بار,خلأ,فشار,جریان الکتریکی,D,جریان الکتریکی میدان مغناطیسی ایجاد می‌کند. سؤال بازطراحی‌شده برای تنوع بیشتر آزمون.,ترنم همدلی,original,1405
یازدهم,ریاضی,فیزیک,فیزیک یازدهم,بخش 4,مغناطیس,,متوسط,"با دقت به پرسش زیر، گزینه درست را مشخص کنید:
میدان مغناطیسی اطراف جریان الکتریکی چگونه ایجاد می‌شود؟",خلأ,فشار,جریان الکتریکی,سکون کامل بار,C,جریان الکتریکی میدان مغناطیسی ایجاد می‌کند. سؤال بازطراحی‌شده برای تنوع بیشتر آزمون.,ترنم همدلی,original,1405
یازدهم,ریاضی,فیزیک,فیزیک یازدهم,بخش 4,مغناطیس,,متوسط,"کدام گزینه با صورت سؤال زیر سازگار است؟
میدان مغناطیسی اطراف جریان الکتریکی چگونه ایجاد می‌شود؟",فشار,جریان الکتریکی,سکون کامل بار,خلأ,B,جریان الکتریکی میدان مغناطیسی ایجاد می‌کند. سؤال بازطراحی‌شده برای تنوع بیشتر آزمون.,ترنم همدلی,original,1405
یازدهم,ریاضی,فیزیک,فیزیک یازدهم,بخش 4,مغناطیس,,متوسط,"پاسخ صحیح پرسش زیر کدام است؟
میدان مغناطیسی اطراف جریان الکتریکی چگونه ایجاد می‌شود؟",جریان الکتریکی,سکون کامل بار,خلأ,فشار,A,جریان الکتریکی میدان مغناطیسی ایجاد می‌کند. سؤال بازطراحی‌شده برای تنوع بیشتر آزمون.,ترنم همدلی,original,1405
یازدهم,ریاضی,فیزیک,فیزیک یازدهم,بخش 4,مغناطیس,,متوسط,"در میان گزینه‌های زیر، پاسخ درست را پیدا کنید:
میدان مغناطیسی اطراف جریان الکتریکی چگونه ایجاد می‌شود؟",سکون کامل بار,خلأ,فشار,جریان الکتریکی,D,جریان الکتریکی میدان مغناطیسی ایجاد می‌کند. سؤال بازطراحی‌شده برای تنوع بیشتر آزمون.,ترنم همدلی,original,1405
یازدهم,ریاضی,فیزیک,فیزیک یازدهم,بخش 4,مغناطیس,,متوسط,"کدام گزینه با محتوای سؤال زیر هماهنگ است؟
میدان مغناطیسی اطراف جریان الکتریکی چگونه ایجاد می‌شود؟",خلأ,فشار,جریان الکتریکی,سکون کامل بار,C,جریان الکتریکی میدان مغناطیسی ایجاد می‌کند. سؤال بازطراحی‌شده برای تنوع بیشتر آزمون.,ترنم همدلی,original,1405
یازدهم,ریاضی,فیزیک,فیزیک یازدهم,بخش 4,مغناطیس,,متوسط,"با توجه به پرسش زیر، گزینه صحیح را انتخاب کنید:
میدان مغناطیسی اطراف جریان الکتریکی چگونه ایجاد می‌شود؟",فشار,جریان الکتریکی,سکون کامل بار,خلأ,B,جریان الکتریکی میدان مغناطیسی ایجاد می‌کند. سؤال بازطراحی‌شده برای تنوع بیشتر آزمون.,ترنم همدلی,original,1405
یازدهم,ریاضی,فیزیک,فیزیک یازدهم,بخش 4,مغناطیس,,متوسط,"کدام گزینه از نظر محتوایی درست است؟
میدان مغناطیسی اطراف جریان الکتریکی چگونه ایجاد می‌شود؟",جریان الکتریکی,سکون کامل بار,خلأ,فشار,A,جریان الکتریکی میدان مغناطیسی ایجاد می‌کند. سؤال بازطراحی‌شده برای تنوع بیشتر آزمون.,ترنم همدلی,original,1405
یازدهم,ریاضی,فیزیک,فیزیک یازدهم,بخش 4,مغناطیس,,متوسط,"گزینه درست برای پرسش زیر را مشخص کنید:
میدان مغناطیسی اطراف جریان الکتریکی چگونه ایجاد می‌شود؟",سکون کامل بار,خلأ,فشار,جریان الکتریکی,D,جریان الکتریکی میدان مغناطیسی ایجاد می‌کند. سؤال بازطراحی‌شده برای تنوع بیشتر آزمون.,ترنم همدلی,original,1405
یازدهم,ریاضی,فیزیک,فیزیک یازدهم,بخش 5,نوسان,,متوسط,"در سؤال زیر، گزینه درست را انتخاب کنید:
دوره تناوب چیست؟",زمان یک نوسان کامل,تعداد نوسان در ثانیه,دامنه,طول موج,A,دوره زمان یک نوسان کامل است. سؤال بازطراحی‌شده برای تنوع بیشتر آزمون.,ترنم همدلی,original,1405
یازدهم,ریاضی,فیزیک,فیزیک یازدهم,بخش 5,نوسان,,متوسط,"کدام گزینه پاسخ صحیح این پرسش است؟
دوره تناوب چیست؟",تعداد نوسان در ثانیه,دامنه,طول موج,زمان یک نوسان کامل,D,دوره زمان یک نوسان کامل است. سؤال بازطراحی‌شده برای تنوع بیشتر آزمون.,ترنم همدلی,original,1405
یازدهم,ریاضی,فیزیک,فیزیک یازدهم,بخش 5,نوسان,,متوسط,"با دقت به پرسش زیر، گزینه درست را مشخص کنید:
دوره تناوب چیست؟",دامنه,طول موج,زمان یک نوسان کامل,تعداد نوسان در ثانیه,C,دوره زمان یک نوسان کامل است. سؤال بازطراحی‌شده برای تنوع بیشتر آزمون.,ترنم همدلی,original,1405
یازدهم,ریاضی,فیزیک,فیزیک یازدهم,بخش 5,نوسان,,متوسط,"کدام گزینه با صورت سؤال زیر سازگار است؟
دوره تناوب چیست؟",طول موج,زمان یک نوسان کامل,تعداد نوسان در ثانیه,دامنه,B,دوره زمان یک نوسان کامل است. سؤال بازطراحی‌شده برای تنوع بیشتر آزمون.,ترنم همدلی,original,1405
یازدهم,ریاضی,فیزیک,فیزیک یازدهم,بخش 5,نوسان,,متوسط,"پاسخ صحیح پرسش زیر کدام است؟
دوره تناوب چیست؟",زمان یک نوسان کامل,تعداد نوسان در ثانیه,دامنه,طول موج,A,دوره زمان یک نوسان کامل است. سؤال بازطراحی‌شده برای تنوع بیشتر آزمون.,ترنم همدلی,original,1405
یازدهم,ریاضی,فیزیک,فیزیک یازدهم,بخش 5,نوسان,,متوسط,"در میان گزینه‌های زیر، پاسخ درست را پیدا کنید:
دوره تناوب چیست؟",تعداد نوسان در ثانیه,دامنه,طول موج,زمان یک نوسان کامل,D,دوره زمان یک نوسان کامل است. سؤال بازطراحی‌شده برای تنوع بیشتر آزمون.,ترنم همدلی,original,1405
یازدهم,ریاضی,فیزیک,فیزیک یازدهم,بخش 5,نوسان,,متوسط,"کدام گزینه با محتوای سؤال زیر هماهنگ است؟
دوره تناوب چیست؟",دامنه,طول موج,زمان یک نوسان کامل,تعداد نوسان در ثانیه,C,دوره زمان یک نوسان کامل است. سؤال بازطراحی‌شده برای تنوع بیشتر آزمون.,ترنم همدلی,original,1405
یازدهم,ریاضی,فیزیک,فیزیک یازدهم,بخش 5,نوسان,,متوسط,"با توجه به پرسش زیر، گزینه صحیح را انتخاب کنید:
دوره تناوب چیست؟",طول موج,زمان یک نوسان کامل,تعداد نوسان در ثانیه,دامنه,B,دوره زمان یک نوسان کامل است. سؤال بازطراحی‌شده برای تنوع بیشتر آزمون.,ترنم همدلی,original,1405
یازدهم,ریاضی,فیزیک,فیزیک یازدهم,بخش 5,نوسان,,متوسط,"کدام گزینه از نظر محتوایی درست است؟
دوره تناوب چیست؟",زمان یک نوسان کامل,تعداد نوسان در ثانیه,دامنه,طول موج,A,دوره زمان یک نوسان کامل است. سؤال بازطراحی‌شده برای تنوع بیشتر آزمون.,ترنم همدلی,original,1405
یازدهم,ریاضی,فیزیک,فیزیک یازدهم,بخش 5,نوسان,,متوسط,"گزینه درست برای پرسش زیر را مشخص کنید:
دوره تناوب چیست؟",تعداد نوسان در ثانیه,دامنه,طول موج,زمان یک نوسان کامل,D,دوره زمان یک نوسان کامل است. سؤال بازطراحی‌شده برای تنوع بیشتر آزمون.,ترنم همدلی,original,1405
یازدهم,ریاضی,فیزیک,فیزیک یازدهم,بخش 6,انرژی,,متوسط,"در سؤال زیر، گزینه درست را انتخاب کنید:
انرژی پتانسیل گرانشی به چه عواملی وابسته است؟",جرم و ارتفاع,فقط سرعت,فقط زمان,مقاومت,A,U=mgh. سؤال بازطراحی‌شده برای تنوع بیشتر آزمون.,ترنم همدلی,original,1405
یازدهم,ریاضی,فیزیک,فیزیک یازدهم,بخش 6,انرژی,,متوسط,"کدام گزینه پاسخ صحیح این پرسش است؟
انرژی پتانسیل گرانشی به چه عواملی وابسته است؟",فقط سرعت,فقط زمان,مقاومت,جرم و ارتفاع,D,U=mgh. سؤال بازطراحی‌شده برای تنوع بیشتر آزمون.,ترنم همدلی,original,1405
یازدهم,ریاضی,فیزیک,فیزیک یازدهم,بخش 6,انرژی,,متوسط,"با دقت به پرسش زیر، گزینه درست را مشخص کنید:
انرژی پتانسیل گرانشی به چه عواملی وابسته است؟",فقط زمان,مقاومت,جرم و ارتفاع,فقط سرعت,C,U=mgh. سؤال بازطراحی‌شده برای تنوع بیشتر آزمون.,ترنم همدلی,original,1405
یازدهم,ریاضی,فیزیک,فیزیک یازدهم,بخش 6,انرژی,,متوسط,"کدام گزینه با صورت سؤال زیر سازگار است؟
انرژی پتانسیل گرانشی به چه عواملی وابسته است؟",مقاومت,جرم و ارتفاع,فقط سرعت,فقط زمان,B,U=mgh. سؤال بازطراحی‌شده برای تنوع بیشتر آزمون.,ترنم همدلی,original,1405
یازدهم,ریاضی,فیزیک,فیزیک یازدهم,بخش 6,انرژی,,متوسط,"پاسخ صحیح پرسش زیر کدام است؟
انرژی پتانسیل گرانشی به چه عواملی وابسته است؟",جرم و ارتفاع,فقط سرعت,فقط زمان,مقاومت,A,U=mgh. سؤال بازطراحی‌شده برای تنوع بیشتر آزمون.,ترنم همدلی,original,1405
یازدهم,ریاضی,فیزیک,فیزیک یازدهم,بخش 6,انرژی,,متوسط,"در میان گزینه‌های زیر، پاسخ درست را پیدا کنید:
انرژی پتانسیل گرانشی به چه عواملی وابسته است؟",فقط سرعت,فقط زمان,مقاومت,جرم و ارتفاع,D,U=mgh. سؤال بازطراحی‌شده برای تنوع بیشتر آزمون.,ترنم همدلی,original,1405
یازدهم,ریاضی,فیزیک,فیزیک یازدهم,بخش 6,انرژی,,متوسط,"کدام گزینه با محتوای سؤال زیر هماهنگ است؟
انرژی پتانسیل گرانشی به چه عواملی وابسته است؟",فقط زمان,مقاومت,جرم و ارتفاع,فقط سرعت,C,U=mgh. سؤال بازطراحی‌شده برای تنوع بیشتر آزمون.,ترنم همدلی,original,1405
یازدهم,ریاضی,فیزیک,فیزیک یازدهم,بخش 6,انرژی,,متوسط,"با توجه به پرسش زیر، گزینه صحیح را انتخاب کنید:
انرژی پتانسیل گرانشی به چه عواملی وابسته است؟",مقاومت,جرم و ارتفاع,فقط سرعت,فقط زمان,B,U=mgh. سؤال بازطراحی‌شده برای تنوع بیشتر آزمون.,ترنم همدلی,original,1405
یازدهم,ریاضی,فیزیک,فیزیک یازدهم,بخش 6,انرژی,,متوسط,"کدام گزینه از نظر محتوایی درست است؟
انرژی پتانسیل گرانشی به چه عواملی وابسته است؟",جرم و ارتفاع,فقط سرعت,فقط زمان,مقاومت,A,U=mgh. سؤال بازطراحی‌شده برای تنوع بیشتر آزمون.,ترنم همدلی,original,1405
یازدهم,ریاضی,فیزیک,فیزیک یازدهم,بخش 6,انرژی,,متوسط,"گزینه درست برای پرسش زیر را مشخص کنید:
انرژی پتانسیل گرانشی به چه عواملی وابسته است؟",فقط سرعت,فقط زمان,مقاومت,جرم و ارتفاع,D,U=mgh. سؤال بازطراحی‌شده برای تنوع بیشتر آزمون.,ترنم همدلی,original,1405
یازدهم,ریاضی,شیمی,شیمی یازدهم,بخش 1,اتم,,متوسط,"در سؤال زیر، گزینه درست را انتخاب کنید:
ایزوتوپ‌های یک عنصر در چه چیزی متفاوت‌اند؟",تعداد نوترون,تعداد پروتون,نام عنصر,عدد اتمی,A,ایزوتوپ‌ها پروتون یکسان و نوترون متفاوت دارند. سؤال بازطراحی‌شده برای تنوع بیشتر آزمون.,ترنم همدلی,original,1405
یازدهم,ریاضی,شیمی,شیمی یازدهم,بخش 1,اتم,,متوسط,"کدام گزینه پاسخ صحیح این پرسش است؟
ایزوتوپ‌های یک عنصر در چه چیزی متفاوت‌اند؟",تعداد پروتون,نام عنصر,عدد اتمی,تعداد نوترون,D,ایزوتوپ‌ها پروتون یکسان و نوترون متفاوت دارند. سؤال بازطراحی‌شده برای تنوع بیشتر آزمون.,ترنم همدلی,original,1405
یازدهم,ریاضی,شیمی,شیمی یازدهم,بخش 1,اتم,,متوسط,"با دقت به پرسش زیر، گزینه درست را مشخص کنید:
ایزوتوپ‌های یک عنصر در چه چیزی متفاوت‌اند؟",نام عنصر,عدد اتمی,تعداد نوترون,تعداد پروتون,C,ایزوتوپ‌ها پروتون یکسان و نوترون متفاوت دارند. سؤال بازطراحی‌شده برای تنوع بیشتر آزمون.,ترنم همدلی,original,1405
یازدهم,ریاضی,شیمی,شیمی یازدهم,بخش 1,اتم,,متوسط,"کدام گزینه با صورت سؤال زیر سازگار است؟
ایزوتوپ‌های یک عنصر در چه چیزی متفاوت‌اند؟",عدد اتمی,تعداد نوترون,تعداد پروتون,نام عنصر,B,ایزوتوپ‌ها پروتون یکسان و نوترون متفاوت دارند. سؤال بازطراحی‌شده برای تنوع بیشتر آزمون.,ترنم همدلی,original,1405
یازدهم,ریاضی,شیمی,شیمی یازدهم,بخش 1,اتم,,متوسط,"پاسخ صحیح پرسش زیر کدام است؟
ایزوتوپ‌های یک عنصر در چه چیزی متفاوت‌اند؟",تعداد نوترون,تعداد پروتون,نام عنصر,عدد اتمی,A,ایزوتوپ‌ها پروتون یکسان و نوترون متفاوت دارند. سؤال بازطراحی‌شده برای تنوع بیشتر آزمون.,ترنم همدلی,original,1405
یازدهم,ریاضی,شیمی,شیمی یازدهم,بخش 1,اتم,,متوسط,"در میان گزینه‌های زیر، پاسخ درست را پیدا کنید:
ایزوتوپ‌های یک عنصر در چه چیزی متفاوت‌اند؟",تعداد پروتون,نام عنصر,عدد اتمی,تعداد نوترون,D,ایزوتوپ‌ها پروتون یکسان و نوترون متفاوت دارند. سؤال بازطراحی‌شده برای تنوع بیشتر آزمون.,ترنم همدلی,original,1405
یازدهم,ریاضی,شیمی,شیمی یازدهم,بخش 1,اتم,,متوسط,"کدام گزینه با محتوای سؤال زیر هماهنگ است؟
ایزوتوپ‌های یک عنصر در چه چیزی متفاوت‌اند؟",نام عنصر,عدد اتمی,تعداد نوترون,تعداد پروتون,C,ایزوتوپ‌ها پروتون یکسان و نوترون متفاوت دارند. سؤال بازطراحی‌شده برای تنوع بیشتر آزمون.,ترنم همدلی,original,1405
یازدهم,ریاضی,شیمی,شیمی یازدهم,بخش 1,اتم,,متوسط,"با توجه به پرسش زیر، گزینه صحیح را انتخاب کنید:
ایزوتوپ‌های یک عنصر در چه چیزی متفاوت‌اند؟",عدد اتمی,تعداد نوترون,تعداد پروتون,نام عنصر,B,ایزوتوپ‌ها پروتون یکسان و نوترون متفاوت دارند. سؤال بازطراحی‌شده برای تنوع بیشتر آزمون.,ترنم همدلی,original,1405
یازدهم,ریاضی,شیمی,شیمی یازدهم,بخش 1,اتم,,متوسط,"کدام گزینه از نظر محتوایی درست است؟
ایزوتوپ‌های یک عنصر در چه چیزی متفاوت‌اند؟",تعداد نوترون,تعداد پروتون,نام عنصر,عدد اتمی,A,ایزوتوپ‌ها پروتون یکسان و نوترون متفاوت دارند. سؤال بازطراحی‌شده برای تنوع بیشتر آزمون.,ترنم همدلی,original,1405
یازدهم,ریاضی,شیمی,شیمی یازدهم,بخش 1,اتم,,متوسط,"گزینه درست برای پرسش زیر را مشخص کنید:
ایزوتوپ‌های یک عنصر در چه چیزی متفاوت‌اند؟",تعداد پروتون,نام عنصر,عدد اتمی,تعداد نوترون,D,ایزوتوپ‌ها پروتون یکسان و نوترون متفاوت دارند. سؤال بازطراحی‌شده برای تنوع بیشتر آزمون.,ترنم همدلی,original,1405
یازدهم,ریاضی,شیمی,شیمی یازدهم,بخش 2,استوکیومتری,,متوسط,"در سؤال زیر، گزینه درست را انتخاب کنید:
یک مول تقریباً چند ذره دارد؟",6.02×10^23,6.02×10^3,10^23,6.02,A,عدد آووگادرو حدود 6.02×10^23 است. سؤال بازطراحی‌شده برای تنوع بیشتر آزمون.,ترنم همدلی,original,1405
یازدهم,ریاضی,شیمی,شیمی یازدهم,بخش 2,استوکیومتری,,متوسط,"کدام گزینه پاسخ صحیح این پرسش است؟
یک مول تقریباً چند ذره دارد؟",6.02×10^3,10^23,6.02,6.02×10^23,D,عدد آووگادرو حدود 6.02×10^23 است. سؤال بازطراحی‌شده برای تنوع بیشتر آزمون.,ترنم همدلی,original,1405
یازدهم,ریاضی,شیمی,شیمی یازدهم,بخش 2,استوکیومتری,,متوسط,"با دقت به پرسش زیر، گزینه درست را مشخص کنید:
یک مول تقریباً چند ذره دارد؟",10^23,6.02,6.02×10^23,6.02×10^3,C,عدد آووگادرو حدود 6.02×10^23 است. سؤال بازطراحی‌شده برای تنوع بیشتر آزمون.,ترنم همدلی,original,1405
یازدهم,ریاضی,شیمی,شیمی یازدهم,بخش 2,استوکیومتری,,متوسط,"کدام گزینه با صورت سؤال زیر سازگار است؟
یک مول تقریباً چند ذره دارد؟",6.02,6.02×10^23,6.02×10^3,10^23,B,عدد آووگادرو حدود 6.02×10^23 است. سؤال بازطراحی‌شده برای تنوع بیشتر آزمون.,ترنم همدلی,original,1405
یازدهم,ریاضی,شیمی,شیمی یازدهم,بخش 2,استوکیومتری,,متوسط,"پاسخ صحیح پرسش زیر کدام است؟
یک مول تقریباً چند ذره دارد؟",6.02×10^23,6.02×10^3,10^23,6.02,A,عدد آووگادرو حدود 6.02×10^23 است. سؤال بازطراحی‌شده برای تنوع بیشتر آزمون.,ترنم همدلی,original,1405
یازدهم,ریاضی,شیمی,شیمی یازدهم,بخش 2,استوکیومتری,,متوسط,"در میان گزینه‌های زیر، پاسخ درست را پیدا کنید:
یک مول تقریباً چند ذره دارد؟",6.02×10^3,10^23,6.02,6.02×10^23,D,عدد آووگادرو حدود 6.02×10^23 است. سؤال بازطراحی‌شده برای تنوع بیشتر آزمون.,ترنم همدلی,original,1405
یازدهم,ریاضی,شیمی,شیمی یازدهم,بخش 2,استوکیومتری,,متوسط,"کدام گزینه با محتوای سؤال زیر هماهنگ است؟
یک مول تقریباً چند ذره دارد؟",10^23,6.02,6.02×10^23,6.02×10^3,C,عدد آووگادرو حدود 6.02×10^23 است. سؤال بازطراحی‌شده برای تنوع بیشتر آزمون.,ترنم همدلی,original,1405
یازدهم,ریاضی,شیمی,شیمی یازدهم,بخش 2,استوکیومتری,,متوسط,"با توجه به پرسش زیر، گزینه صحیح را انتخاب کنید:
یک مول تقریباً چند ذره دارد؟",6.02,6.02×10^23,6.02×10^3,10^23,B,عدد آووگادرو حدود 6.02×10^23 است. سؤال بازطراحی‌شده برای تنوع بیشتر آزمون.,ترنم همدلی,original,1405
یازدهم,ریاضی,شیمی,شیمی یازدهم,بخش 2,استوکیومتری,,متوسط,"کدام گزینه از نظر محتوایی درست است؟
یک مول تقریباً چند ذره دارد؟",6.02×10^23,6.02×10^3,10^23,6.02,A,عدد آووگادرو حدود 6.02×10^23 است. سؤال بازطراحی‌شده برای تنوع بیشتر آزمون.,ترنم همدلی,original,1405
یازدهم,ریاضی,شیمی,شیمی یازدهم,بخش 2,استوکیومتری,,متوسط,"گزینه درست برای پرسش زیر را مشخص کنید:
یک مول تقریباً چند ذره دارد؟",6.02×10^3,10^23,6.02,6.02×10^23,D,عدد آووگادرو حدود 6.02×10^23 است. سؤال بازطراحی‌شده برای تنوع بیشتر آزمون.,ترنم همدلی,original,1405
یازدهم,ریاضی,شیمی,شیمی یازدهم,بخش 3,محلول,,متوسط,"در سؤال زیر، گزینه درست را انتخاب کنید:
غلظت مولار یعنی چه؟",مول حل‌شونده در لیتر محلول,جرم در گرم,لیتر در مول,فشار در حجم,A,مولاریته mol/L است. سؤال بازطراحی‌شده برای تنوع بیشتر آزمون.,ترنم همدلی,original,1405
یازدهم,ریاضی,شیمی,شیمی یازدهم,بخش 3,محلول,,متوسط,"کدام گزینه پاسخ صحیح این پرسش است؟
غلظت مولار یعنی چه؟",جرم در گرم,لیتر در مول,فشار در حجم,مول حل‌شونده در لیتر محلول,D,مولاریته mol/L است. سؤال بازطراحی‌شده برای تنوع بیشتر آزمون.,ترنم همدلی,original,1405
یازدهم,ریاضی,شیمی,شیمی یازدهم,بخش 3,محلول,,متوسط,"با دقت به پرسش زیر، گزینه درست را مشخص کنید:
غلظت مولار یعنی چه؟",لیتر در مول,فشار در حجم,مول حل‌شونده در لیتر محلول,جرم در گرم,C,مولاریته mol/L است. سؤال بازطراحی‌شده برای تنوع بیشتر آزمون.,ترنم همدلی,original,1405
یازدهم,ریاضی,شیمی,شیمی یازدهم,بخش 3,محلول,,متوسط,"کدام گزینه با صورت سؤال زیر سازگار است؟
غلظت مولار یعنی چه؟",فشار در حجم,مول حل‌شونده در لیتر محلول,جرم در گرم,لیتر در مول,B,مولاریته mol/L است. سؤال بازطراحی‌شده برای تنوع بیشتر آزمون.,ترنم همدلی,original,1405
یازدهم,ریاضی,شیمی,شیمی یازدهم,بخش 3,محلول,,متوسط,"پاسخ صحیح پرسش زیر کدام است؟
غلظت مولار یعنی چه؟",مول حل‌شونده در لیتر محلول,جرم در گرم,لیتر در مول,فشار در حجم,A,مولاریته mol/L است. سؤال بازطراحی‌شده برای تنوع بیشتر آزمون.,ترنم همدلی,original,1405
یازدهم,ریاضی,شیمی,شیمی یازدهم,بخش 3,محلول,,متوسط,"در میان گزینه‌های زیر، پاسخ درست را پیدا کنید:
غلظت مولار یعنی چه؟",جرم در گرم,لیتر در مول,فشار در حجم,مول حل‌شونده در لیتر محلول,D,مولاریته mol/L است. سؤال بازطراحی‌شده برای تنوع بیشتر آزمون.,ترنم همدلی,original,1405
یازدهم,ریاضی,شیمی,شیمی یازدهم,بخش 3,محلول,,متوسط,"کدام گزینه با محتوای سؤال زیر هماهنگ است؟
غلظت مولار یعنی چه؟",لیتر در مول,فشار در حجم,مول حل‌شونده در لیتر محلول,جرم در گرم,C,مولاریته mol/L است. سؤال بازطراحی‌شده برای تنوع بیشتر آزمون.,ترنم همدلی,original,1405
یازدهم,ریاضی,شیمی,شیمی یازدهم,بخش 3,محلول,,متوسط,"با توجه به پرسش زیر، گزینه صحیح را انتخاب کنید:
غلظت مولار یعنی چه؟",فشار در حجم,مول حل‌شونده در لیتر محلول,جرم در گرم,لیتر در مول,B,مولاریته mol/L است. سؤال بازطراحی‌شده برای تنوع بیشتر آزمون.,ترنم همدلی,original,1405
یازدهم,ریاضی,شیمی,شیمی یازدهم,بخش 3,محلول,,متوسط,"کدام گزینه از نظر محتوایی درست است؟
غلظت مولار یعنی چه؟",مول حل‌شونده در لیتر محلول,جرم در گرم,لیتر در مول,فشار در حجم,A,مولاریته mol/L است. سؤال بازطراحی‌شده برای تنوع بیشتر آزمون.,ترنم همدلی,original,1405
یازدهم,ریاضی,شیمی,شیمی یازدهم,بخش 3,محلول,,متوسط,"گزینه درست برای پرسش زیر را مشخص کنید:
غلظت مولار یعنی چه؟",جرم در گرم,لیتر در مول,فشار در حجم,مول حل‌شونده در لیتر محلول,D,مولاریته mol/L است. سؤال بازطراحی‌شده برای تنوع بیشتر آزمون.,ترنم همدلی,original,1405
یازدهم,ریاضی,شیمی,شیمی یازدهم,بخش 4,تعادل,,متوسط,"در سؤال زیر، گزینه درست را انتخاب کنید:
در تعادل شیمیایی چه چیزی برابر می‌شود؟",سرعت واکنش رفت و برگشت,غلظت همه مواد,جرم همه مواد,دما و فشار,A,در تعادل سرعت رفت و برگشت برابر است. سؤال بازطراحی‌شده برای تنوع بیشتر آزمون.,ترنم همدلی,original,1405
یازدهم,ریاضی,شیمی,شیمی یازدهم,بخش 4,تعادل,,متوسط,"کدام گزینه پاسخ صحیح این پرسش است؟
در تعادل شیمیایی چه چیزی برابر می‌شود؟",غلظت همه مواد,جرم همه مواد,دما و فشار,سرعت واکنش رفت و برگشت,D,در تعادل سرعت رفت و برگشت برابر است. سؤال بازطراحی‌شده برای تنوع بیشتر آزمون.,ترنم همدلی,original,1405
یازدهم,ریاضی,شیمی,شیمی یازدهم,بخش 4,تعادل,,متوسط,"با دقت به پرسش زیر، گزینه درست را مشخص کنید:
در تعادل شیمیایی چه چیزی برابر می‌شود؟",جرم همه مواد,دما و فشار,سرعت واکنش رفت و برگشت,غلظت همه مواد,C,در تعادل سرعت رفت و برگشت برابر است. سؤال بازطراحی‌شده برای تنوع بیشتر آزمون.,ترنم همدلی,original,1405
یازدهم,ریاضی,شیمی,شیمی یازدهم,بخش 4,تعادل,,متوسط,"کدام گزینه با صورت سؤال زیر سازگار است؟
در تعادل شیمیایی چه چیزی برابر می‌شود؟",دما و فشار,سرعت واکنش رفت و برگشت,غلظت همه مواد,جرم همه مواد,B,در تعادل سرعت رفت و برگشت برابر است. سؤال بازطراحی‌شده برای تنوع بیشتر آزمون.,ترنم همدلی,original,1405
یازدهم,ریاضی,شیمی,شیمی یازدهم,بخش 4,تعادل,,متوسط,"پاسخ صحیح پرسش زیر کدام است؟
در تعادل شیمیایی چه چیزی برابر می‌شود؟",سرعت واکنش رفت و برگشت,غلظت همه مواد,جرم همه مواد,دما و فشار,A,در تعادل سرعت رفت و برگشت برابر است. سؤال بازطراحی‌شده برای تنوع بیشتر آزمون.,ترنم همدلی,original,1405
یازدهم,ریاضی,شیمی,شیمی یازدهم,بخش 4,تعادل,,متوسط,"در میان گزینه‌های زیر، پاسخ درست را پیدا کنید:
در تعادل شیمیایی چه چیزی برابر می‌شود؟",غلظت همه مواد,جرم همه مواد,دما و فشار,سرعت واکنش رفت و برگشت,D,در تعادل سرعت رفت و برگشت برابر است. سؤال بازطراحی‌شده برای تنوع بیشتر آزمون.,ترنم همدلی,original,1405
یازدهم,ریاضی,شیمی,شیمی یازدهم,بخش 4,تعادل,,متوسط,"کدام گزینه با محتوای سؤال زیر هماهنگ است؟
در تعادل شیمیایی چه چیزی برابر می‌شود؟",جرم همه مواد,دما و فشار,سرعت واکنش رفت و برگشت,غلظت همه مواد,C,در تعادل سرعت رفت و برگشت برابر است. سؤال بازطراحی‌شده برای تنوع بیشتر آزمون.,ترنم همدلی,original,1405
یازدهم,ریاضی,شیمی,شیمی یازدهم,بخش 4,تعادل,,متوسط,"با توجه به پرسش زیر، گزینه صحیح را انتخاب کنید:
در تعادل شیمیایی چه چیزی برابر می‌شود؟",دما و فشار,سرعت واکنش رفت و برگشت,غلظت همه مواد,جرم همه مواد,B,در تعادل سرعت رفت و برگشت برابر است. سؤال بازطراحی‌شده برای تنوع بیشتر آزمون.,ترنم همدلی,original,1405
یازدهم,ریاضی,شیمی,شیمی یازدهم,بخش 4,تعادل,,متوسط,"کدام گزینه از نظر محتوایی درست است؟
در تعادل شیمیایی چه چیزی برابر می‌شود؟",سرعت واکنش رفت و برگشت,غلظت همه مواد,جرم همه مواد,دما و فشار,A,در تعادل سرعت رفت و برگشت برابر است. سؤال بازطراحی‌شده برای تنوع بیشتر آزمون.,ترنم همدلی,original,1405
یازدهم,ریاضی,شیمی,شیمی یازدهم,بخش 4,تعادل,,متوسط,"گزینه درست برای پرسش زیر را مشخص کنید:
در تعادل شیمیایی چه چیزی برابر می‌شود؟",غلظت همه مواد,جرم همه مواد,دما و فشار,سرعت واکنش رفت و برگشت,D,در تعادل سرعت رفت و برگشت برابر است. سؤال بازطراحی‌شده برای تنوع بیشتر آزمون.,ترنم همدلی,original,1405
یازدهم,ریاضی,شیمی,شیمی یازدهم,بخش 5,اسید و باز,,متوسط,"در سؤال زیر، گزینه درست را انتخاب کنید:
کدام ماده در آب یون H+ بیشتری ایجاد می‌کند؟",اسید,باز,نمک خنثی,فلز,A,اسیدها دهنده H+ هستند. سؤال بازطراحی‌شده برای تنوع بیشتر آزمون.,ترنم همدلی,original,1405
یازدهم,ریاضی,شیمی,شیمی یازدهم,بخش 5,اسید و باز,,متوسط,"کدام گزینه پاسخ صحیح این پرسش است؟
کدام ماده در آب یون H+ بیشتری ایجاد می‌کند؟",باز,نمک خنثی,فلز,اسید,D,اسیدها دهنده H+ هستند. سؤال بازطراحی‌شده برای تنوع بیشتر آزمون.,ترنم همدلی,original,1405
یازدهم,ریاضی,شیمی,شیمی یازدهم,بخش 5,اسید و باز,,متوسط,"با دقت به پرسش زیر، گزینه درست را مشخص کنید:
کدام ماده در آب یون H+ بیشتری ایجاد می‌کند؟",نمک خنثی,فلز,اسید,باز,C,اسیدها دهنده H+ هستند. سؤال بازطراحی‌شده برای تنوع بیشتر آزمون.,ترنم همدلی,original,1405
یازدهم,ریاضی,شیمی,شیمی یازدهم,بخش 5,اسید و باز,,متوسط,"کدام گزینه با صورت سؤال زیر سازگار است؟
کدام ماده در آب یون H+ بیشتری ایجاد می‌کند؟",فلز,اسید,باز,نمک خنثی,B,اسیدها دهنده H+ هستند. سؤال بازطراحی‌شده برای تنوع بیشتر آزمون.,ترنم همدلی,original,1405
یازدهم,ریاضی,شیمی,شیمی یازدهم,بخش 5,اسید و باز,,متوسط,"پاسخ صحیح پرسش زیر کدام است؟
کدام ماده در آب یون H+ بیشتری ایجاد می‌کند؟",اسید,باز,نمک خنثی,فلز,A,اسیدها دهنده H+ هستند. سؤال بازطراحی‌شده برای تنوع بیشتر آزمون.,ترنم همدلی,original,1405
یازدهم,ریاضی,شیمی,شیمی یازدهم,بخش 5,اسید و باز,,متوسط,"در میان گزینه‌های زیر، پاسخ درست را پیدا کنید:
کدام ماده در آب یون H+ بیشتری ایجاد می‌کند؟",باز,نمک خنثی,فلز,اسید,D,اسیدها دهنده H+ هستند. سؤال بازطراحی‌شده برای تنوع بیشتر آزمون.,ترنم همدلی,original,1405
یازدهم,ریاضی,شیمی,شیمی یازدهم,بخش 5,اسید و باز,,متوسط,"کدام گزینه با محتوای سؤال زیر هماهنگ است؟
کدام ماده در آب یون H+ بیشتری ایجاد می‌کند؟",نمک خنثی,فلز,اسید,باز,C,اسیدها دهنده H+ هستند. سؤال بازطراحی‌شده برای تنوع بیشتر آزمون.,ترنم همدلی,original,1405
یازدهم,ریاضی,شیمی,شیمی یازدهم,بخش 5,اسید و باز,,متوسط,"با توجه به پرسش زیر، گزینه صحیح را انتخاب کنید:
کدام ماده در آب یون H+ بیشتری ایجاد می‌کند؟",فلز,اسید,باز,نمک خنثی,B,اسیدها دهنده H+ هستند. سؤال بازطراحی‌شده برای تنوع بیشتر آزمون.,ترنم همدلی,original,1405
یازدهم,ریاضی,شیمی,شیمی یازدهم,بخش 5,اسید و باز,,متوسط,"کدام گزینه از نظر محتوایی درست است؟
کدام ماده در آب یون H+ بیشتری ایجاد می‌کند؟",اسید,باز,نمک خنثی,فلز,A,اسیدها دهنده H+ هستند. سؤال بازطراحی‌شده برای تنوع بیشتر آزمون.,ترنم همدلی,original,1405
یازدهم,ریاضی,شیمی,شیمی یازدهم,بخش 5,اسید و باز,,متوسط,"گزینه درست برای پرسش زیر را مشخص کنید:
کدام ماده در آب یون H+ بیشتری ایجاد می‌کند؟",باز,نمک خنثی,فلز,اسید,D,اسیدها دهنده H+ هستند. سؤال بازطراحی‌شده برای تنوع بیشتر آزمون.,ترنم همدلی,original,1405
یازدهم,ریاضی,شیمی,شیمی یازدهم,بخش 6,آلی,,متوسط,"در سؤال زیر، گزینه درست را انتخاب کنید:
گروه عاملی الکل چیست؟",OH-,COOH,NH2,CHO,A,الکل‌ها گروه هیدروکسیل OH دارند. سؤال بازطراحی‌شده برای تنوع بیشتر آزمون.,ترنم همدلی,original,1405
یازدهم,ریاضی,شیمی,شیمی یازدهم,بخش 6,آلی,,متوسط,"کدام گزینه پاسخ صحیح این پرسش است؟
گروه عاملی الکل چیست؟",COOH,NH2,CHO,OH-,D,الکل‌ها گروه هیدروکسیل OH دارند. سؤال بازطراحی‌شده برای تنوع بیشتر آزمون.,ترنم همدلی,original,1405
یازدهم,ریاضی,شیمی,شیمی یازدهم,بخش 6,آلی,,متوسط,"با دقت به پرسش زیر، گزینه درست را مشخص کنید:
گروه عاملی الکل چیست؟",NH2,CHO,OH-,COOH,C,الکل‌ها گروه هیدروکسیل OH دارند. سؤال بازطراحی‌شده برای تنوع بیشتر آزمون.,ترنم همدلی,original,1405
یازدهم,ریاضی,شیمی,شیمی یازدهم,بخش 6,آلی,,متوسط,"کدام گزینه با صورت سؤال زیر سازگار است؟
گروه عاملی الکل چیست؟",CHO,OH-,COOH,NH2,B,الکل‌ها گروه هیدروکسیل OH دارند. سؤال بازطراحی‌شده برای تنوع بیشتر آزمون.,ترنم همدلی,original,1405
یازدهم,ریاضی,شیمی,شیمی یازدهم,بخش 6,آلی,,متوسط,"پاسخ صحیح پرسش زیر کدام است؟
گروه عاملی الکل چیست؟",OH-,COOH,NH2,CHO,A,الکل‌ها گروه هیدروکسیل OH دارند. سؤال بازطراحی‌شده برای تنوع بیشتر آزمون.,ترنم همدلی,original,1405
یازدهم,ریاضی,شیمی,شیمی یازدهم,بخش 6,آلی,,متوسط,"در میان گزینه‌های زیر، پاسخ درست را پیدا کنید:
گروه عاملی الکل چیست؟",COOH,NH2,CHO,OH-,D,الکل‌ها گروه هیدروکسیل OH دارند. سؤال بازطراحی‌شده برای تنوع بیشتر آزمون.,ترنم همدلی,original,1405
یازدهم,ریاضی,شیمی,شیمی یازدهم,بخش 6,آلی,,متوسط,"کدام گزینه با محتوای سؤال زیر هماهنگ است؟
گروه عاملی الکل چیست؟",NH2,CHO,OH-,COOH,C,الکل‌ها گروه هیدروکسیل OH دارند. سؤال بازطراحی‌شده برای تنوع بیشتر آزمون.,ترنم همدلی,original,1405
یازدهم,ریاضی,شیمی,شیمی یازدهم,بخش 6,آلی,,متوسط,"با توجه به پرسش زیر، گزینه صحیح را انتخاب کنید:
گروه عاملی الکل چیست؟",CHO,OH-,COOH,NH2,B,الکل‌ها گروه هیدروکسیل OH دارند. سؤال بازطراحی‌شده برای تنوع بیشتر آزمون.,ترنم همدلی,original,1405
یازدهم,ریاضی,شیمی,شیمی یازدهم,بخش 6,آلی,,متوسط,"کدام گزینه از نظر محتوایی درست است؟
گروه عاملی الکل چیست؟",OH-,COOH,NH2,CHO,A,الکل‌ها گروه هیدروکسیل OH دارند. سؤال بازطراحی‌شده برای تنوع بیشتر آزمون.,ترنم همدلی,original,1405
یازدهم,ریاضی,شیمی,شیمی یازدهم,بخش 6,آلی,,متوسط,"گزینه درست برای پرسش زیر را مشخص کنید:
گروه عاملی الکل چیست؟",COOH,NH2,CHO,OH-,D,الکل‌ها گروه هیدروکسیل OH دارند. سؤال بازطراحی‌شده برای تنوع بیشتر آزمون.,ترنم همدلی,original,1405
یازدهم,انسانی,فارسی,فارسی,بخش 1,واژگان,,متوسط,"در سؤال زیر، گزینه درست را انتخاب کنید:
واژه «فرهیخته» به کدام معنا نزدیک‌تر است؟",دانشمند,بی‌تجربه,کم‌حوصله,بی‌تفاوت,A,فرهیخته به فرد دانش‌آموخته و اهل فرهنگ گفته می‌شود. سؤال بازطراحی‌شده برای تنوع بیشتر آزمون.,ترنم همدلی,original,1405
یازدهم,انسانی,فارسی,فارسی,بخش 1,واژگان,,متوسط,"کدام گزینه پاسخ صحیح این پرسش است؟
واژه «فرهیخته» به کدام معنا نزدیک‌تر است؟",بی‌تجربه,کم‌حوصله,بی‌تفاوت,دانشمند,D,فرهیخته به فرد دانش‌آموخته و اهل فرهنگ گفته می‌شود. سؤال بازطراحی‌شده برای تنوع بیشتر آزمون.,ترنم همدلی,original,1405
یازدهم,انسانی,فارسی,فارسی,بخش 1,واژگان,,متوسط,"با دقت به پرسش زیر، گزینه درست را مشخص کنید:
واژه «فرهیخته» به کدام معنا نزدیک‌تر است؟",کم‌حوصله,بی‌تفاوت,دانشمند,بی‌تجربه,C,فرهیخته به فرد دانش‌آموخته و اهل فرهنگ گفته می‌شود. سؤال بازطراحی‌شده برای تنوع بیشتر آزمون.,ترنم همدلی,original,1405
یازدهم,انسانی,فارسی,فارسی,بخش 1,واژگان,,متوسط,"کدام گزینه با صورت سؤال زیر سازگار است؟
واژه «فرهیخته» به کدام معنا نزدیک‌تر است؟",بی‌تفاوت,دانشمند,بی‌تجربه,کم‌حوصله,B,فرهیخته به فرد دانش‌آموخته و اهل فرهنگ گفته می‌شود. سؤال بازطراحی‌شده برای تنوع بیشتر آزمون.,ترنم همدلی,original,1405
یازدهم,انسانی,فارسی,فارسی,بخش 1,واژگان,,متوسط,"پاسخ صحیح پرسش زیر کدام است؟
واژه «فرهیخته» به کدام معنا نزدیک‌تر است؟",دانشمند,بی‌تجربه,کم‌حوصله,بی‌تفاوت,A,فرهیخته به فرد دانش‌آموخته و اهل فرهنگ گفته می‌شود. سؤال بازطراحی‌شده برای تنوع بیشتر آزمون.,ترنم همدلی,original,1405
یازدهم,انسانی,فارسی,فارسی,بخش 1,واژگان,,متوسط,"در میان گزینه‌های زیر، پاسخ درست را پیدا کنید:
واژه «فرهیخته» به کدام معنا نزدیک‌تر است؟",بی‌تجربه,کم‌حوصله,بی‌تفاوت,دانشمند,D,فرهیخته به فرد دانش‌آموخته و اهل فرهنگ گفته می‌شود. سؤال بازطراحی‌شده برای تنوع بیشتر آزمون.,ترنم همدلی,original,1405
یازدهم,انسانی,فارسی,فارسی,بخش 1,واژگان,,متوسط,"کدام گزینه با محتوای سؤال زیر هماهنگ است؟
واژه «فرهیخته» به کدام معنا نزدیک‌تر است؟",کم‌حوصله,بی‌تفاوت,دانشمند,بی‌تجربه,C,فرهیخته به فرد دانش‌آموخته و اهل فرهنگ گفته می‌شود. سؤال بازطراحی‌شده برای تنوع بیشتر آزمون.,ترنم همدلی,original,1405
یازدهم,انسانی,فارسی,فارسی,بخش 1,واژگان,,متوسط,"با توجه به پرسش زیر، گزینه صحیح را انتخاب کنید:
واژه «فرهیخته» به کدام معنا نزدیک‌تر است؟",بی‌تفاوت,دانشمند,بی‌تجربه,کم‌حوصله,B,فرهیخته به فرد دانش‌آموخته و اهل فرهنگ گفته می‌شود. سؤال بازطراحی‌شده برای تنوع بیشتر آزمون.,ترنم همدلی,original,1405
یازدهم,انسانی,فارسی,فارسی,بخش 1,واژگان,,متوسط,"کدام گزینه از نظر محتوایی درست است؟
واژه «فرهیخته» به کدام معنا نزدیک‌تر است؟",دانشمند,بی‌تجربه,کم‌حوصله,بی‌تفاوت,A,فرهیخته به فرد دانش‌آموخته و اهل فرهنگ گفته می‌شود. سؤال بازطراحی‌شده برای تنوع بیشتر آزمون.,ترنم همدلی,original,1405
یازدهم,انسانی,فارسی,فارسی,بخش 1,واژگان,,متوسط,"گزینه درست برای پرسش زیر را مشخص کنید:
واژه «فرهیخته» به کدام معنا نزدیک‌تر است؟",بی‌تجربه,کم‌حوصله,بی‌تفاوت,دانشمند,D,فرهیخته به فرد دانش‌آموخته و اهل فرهنگ گفته می‌شود. سؤال بازطراحی‌شده برای تنوع بیشتر آزمون.,ترنم همدلی,original,1405
یازدهم,انسانی,فارسی,فارسی,بخش 2,آرایه,,متوسط,"در سؤال زیر، گزینه درست را انتخاب کنید:
در «قد سرو» کدام آرایه دیده می‌شود؟",تشبیه,تضاد,جناس,سجع,A,قد به سرو مانند شده است. سؤال بازطراحی‌شده برای تنوع بیشتر آزمون.,ترنم همدلی,original,1405
یازدهم,انسانی,فارسی,فارسی,بخش 2,آرایه,,متوسط,"کدام گزینه پاسخ صحیح این پرسش است؟
در «قد سرو» کدام آرایه دیده می‌شود؟",تضاد,جناس,سجع,تشبیه,D,قد به سرو مانند شده است. سؤال بازطراحی‌شده برای تنوع بیشتر آزمون.,ترنم همدلی,original,1405
یازدهم,انسانی,فارسی,فارسی,بخش 2,آرایه,,متوسط,"با دقت به پرسش زیر، گزینه درست را مشخص کنید:
در «قد سرو» کدام آرایه دیده می‌شود؟",جناس,سجع,تشبیه,تضاد,C,قد به سرو مانند شده است. سؤال بازطراحی‌شده برای تنوع بیشتر آزمون.,ترنم همدلی,original,1405
یازدهم,انسانی,فارسی,فارسی,بخش 2,آرایه,,متوسط,"کدام گزینه با صورت سؤال زیر سازگار است؟
در «قد سرو» کدام آرایه دیده می‌شود؟",سجع,تشبیه,تضاد,جناس,B,قد به سرو مانند شده است. سؤال بازطراحی‌شده برای تنوع بیشتر آزمون.,ترنم همدلی,original,1405
یازدهم,انسانی,فارسی,فارسی,بخش 2,آرایه,,متوسط,"پاسخ صحیح پرسش زیر کدام است؟
در «قد سرو» کدام آرایه دیده می‌شود؟",تشبیه,تضاد,جناس,سجع,A,قد به سرو مانند شده است. سؤال بازطراحی‌شده برای تنوع بیشتر آزمون.,ترنم همدلی,original,1405
یازدهم,انسانی,فارسی,فارسی,بخش 2,آرایه,,متوسط,"در میان گزینه‌های زیر، پاسخ درست را پیدا کنید:
در «قد سرو» کدام آرایه دیده می‌شود؟",تضاد,جناس,سجع,تشبیه,D,قد به سرو مانند شده است. سؤال بازطراحی‌شده برای تنوع بیشتر آزمون.,ترنم همدلی,original,1405
یازدهم,انسانی,فارسی,فارسی,بخش 2,آرایه,,متوسط,"کدام گزینه با محتوای سؤال زیر هماهنگ است؟
در «قد سرو» کدام آرایه دیده می‌شود؟",جناس,سجع,تشبیه,تضاد,C,قد به سرو مانند شده است. سؤال بازطراحی‌شده برای تنوع بیشتر آزمون.,ترنم همدلی,original,1405
یازدهم,انسانی,فارسی,فارسی,بخش 2,آرایه,,متوسط,"با توجه به پرسش زیر، گزینه صحیح را انتخاب کنید:
در «قد سرو» کدام آرایه دیده می‌شود؟",سجع,تشبیه,تضاد,جناس,B,قد به سرو مانند شده است. سؤال بازطراحی‌شده برای تنوع بیشتر آزمون.,ترنم همدلی,original,1405
یازدهم,انسانی,فارسی,فارسی,بخش 2,آرایه,,متوسط,"کدام گزینه از نظر محتوایی درست است؟
در «قد سرو» کدام آرایه دیده می‌شود؟",تشبیه,تضاد,جناس,سجع,A,قد به سرو مانند شده است. سؤال بازطراحی‌شده برای تنوع بیشتر آزمون.,ترنم همدلی,original,1405
یازدهم,انسانی,فارسی,فارسی,بخش 2,آرایه,,متوسط,"گزینه درست برای پرسش زیر را مشخص کنید:
در «قد سرو» کدام آرایه دیده می‌شود؟",تضاد,جناس,سجع,تشبیه,D,قد به سرو مانند شده است. سؤال بازطراحی‌شده برای تنوع بیشتر آزمون.,ترنم همدلی,original,1405
یازدهم,انسانی,فارسی,فارسی,بخش 3,دستور,,متوسط,"در سؤال زیر، گزینه درست را انتخاب کنید:
در «دانش‌آموزان درس را خواندند» نهاد کدام است؟",درس,دانش‌آموزان,را,خواندند,B,انجام‌دهنده فعل نهاد است. سؤال بازطراحی‌شده برای تنوع بیشتر آزمون.,ترنم همدلی,original,1405
یازدهم,انسانی,فارسی,فارسی,بخش 3,دستور,,متوسط,"کدام گزینه پاسخ صحیح این پرسش است؟
در «دانش‌آموزان درس را خواندند» نهاد کدام است؟",دانش‌آموزان,را,خواندند,درس,A,انجام‌دهنده فعل نهاد است. سؤال بازطراحی‌شده برای تنوع بیشتر آزمون.,ترنم همدلی,original,1405
یازدهم,انسانی,فارسی,فارسی,بخش 3,دستور,,متوسط,"با دقت به پرسش زیر، گزینه درست را مشخص کنید:
در «دانش‌آموزان درس را خواندند» نهاد کدام است؟",را,خواندند,درس,دانش‌آموزان,D,انجام‌دهنده فعل نهاد است. سؤال بازطراحی‌شده برای تنوع بیشتر آزمون.,ترنم همدلی,original,1405
یازدهم,انسانی,فارسی,فارسی,بخش 3,دستور,,متوسط,"کدام گزینه با صورت سؤال زیر سازگار است؟
در «دانش‌آموزان درس را خواندند» نهاد کدام است؟",خواندند,درس,دانش‌آموزان,را,C,انجام‌دهنده فعل نهاد است. سؤال بازطراحی‌شده برای تنوع بیشتر آزمون.,ترنم همدلی,original,1405
یازدهم,انسانی,فارسی,فارسی,بخش 3,دستور,,متوسط,"پاسخ صحیح پرسش زیر کدام است؟
در «دانش‌آموزان درس را خواندند» نهاد کدام است؟",درس,دانش‌آموزان,را,خواندند,B,انجام‌دهنده فعل نهاد است. سؤال بازطراحی‌شده برای تنوع بیشتر آزمون.,ترنم همدلی,original,1405
یازدهم,انسانی,فارسی,فارسی,بخش 3,دستور,,متوسط,"در میان گزینه‌های زیر، پاسخ درست را پیدا کنید:
در «دانش‌آموزان درس را خواندند» نهاد کدام است؟",دانش‌آموزان,را,خواندند,درس,A,انجام‌دهنده فعل نهاد است. سؤال بازطراحی‌شده برای تنوع بیشتر آزمون.,ترنم همدلی,original,1405
یازدهم,انسانی,فارسی,فارسی,بخش 3,دستور,,متوسط,"کدام گزینه با محتوای سؤال زیر هماهنگ است؟
در «دانش‌آموزان درس را خواندند» نهاد کدام است؟",را,خواندند,درس,دانش‌آموزان,D,انجام‌دهنده فعل نهاد است. سؤال بازطراحی‌شده برای تنوع بیشتر آزمون.,ترنم همدلی,original,1405
یازدهم,انسانی,فارسی,فارسی,بخش 3,دستور,,متوسط,"با توجه به پرسش زیر، گزینه صحیح را انتخاب کنید:
در «دانش‌آموزان درس را خواندند» نهاد کدام است؟",خواندند,درس,دانش‌آموزان,را,C,انجام‌دهنده فعل نهاد است. سؤال بازطراحی‌شده برای تنوع بیشتر آزمون.,ترنم همدلی,original,1405
یازدهم,انسانی,فارسی,فارسی,بخش 3,دستور,,متوسط,"کدام گزینه از نظر محتوایی درست است؟
در «دانش‌آموزان درس را خواندند» نهاد کدام است؟",درس,دانش‌آموزان,را,خواندند,B,انجام‌دهنده فعل نهاد است. سؤال بازطراحی‌شده برای تنوع بیشتر آزمون.,ترنم همدلی,original,1405
یازدهم,انسانی,فارسی,فارسی,بخش 3,دستور,,متوسط,"گزینه درست برای پرسش زیر را مشخص کنید:
در «دانش‌آموزان درس را خواندند» نهاد کدام است؟",دانش‌آموزان,را,خواندند,درس,A,انجام‌دهنده فعل نهاد است. سؤال بازطراحی‌شده برای تنوع بیشتر آزمون.,ترنم همدلی,original,1405
یازدهم,انسانی,فارسی,فارسی,بخش 4,املاء,,متوسط,"در سؤال زیر، گزینه درست را انتخاب کنید:
کدام واژه درست است؟",تأثیر,تاثیر,تأثیرر,تاثیر,A,املای معیار «تأثیر» است. سؤال بازطراحی‌شده برای تنوع بیشتر آزمون.,ترنم همدلی,original,1405
یازدهم,انسانی,فارسی,فارسی,بخش 4,املاء,,متوسط,"کدام گزینه پاسخ صحیح این پرسش است؟
کدام واژه درست است؟",تاثیر,تأثیرر,تاثیر,تأثیر,D,املای معیار «تأثیر» است. سؤال بازطراحی‌شده برای تنوع بیشتر آزمون.,ترنم همدلی,original,1405
یازدهم,انسانی,فارسی,فارسی,بخش 4,املاء,,متوسط,"با دقت به پرسش زیر، گزینه درست را مشخص کنید:
کدام واژه درست است؟",تأثیرر,تاثیر,تأثیر,تاثیر,C,املای معیار «تأثیر» است. سؤال بازطراحی‌شده برای تنوع بیشتر آزمون.,ترنم همدلی,original,1405
یازدهم,انسانی,فارسی,فارسی,بخش 4,املاء,,متوسط,"کدام گزینه با صورت سؤال زیر سازگار است؟
کدام واژه درست است؟",تاثیر,تأثیر,تاثیر,تأثیرر,B,املای معیار «تأثیر» است. سؤال بازطراحی‌شده برای تنوع بیشتر آزمون.,ترنم همدلی,original,1405
یازدهم,انسانی,فارسی,فارسی,بخش 4,املاء,,متوسط,"پاسخ صحیح پرسش زیر کدام است؟
کدام واژه درست است؟",تأثیر,تاثیر,تأثیرر,تاثیر,A,املای معیار «تأثیر» است. سؤال بازطراحی‌شده برای تنوع بیشتر آزمون.,ترنم همدلی,original,1405
یازدهم,انسانی,فارسی,فارسی,بخش 4,املاء,,متوسط,"در میان گزینه‌های زیر، پاسخ درست را پیدا کنید:
کدام واژه درست است؟",تاثیر,تأثیرر,تاثیر,تأثیر,D,املای معیار «تأثیر» است. سؤال بازطراحی‌شده برای تنوع بیشتر آزمون.,ترنم همدلی,original,1405
یازدهم,انسانی,فارسی,فارسی,بخش 4,املاء,,متوسط,"کدام گزینه با محتوای سؤال زیر هماهنگ است؟
کدام واژه درست است؟",تأثیرر,تاثیر,تأثیر,تاثیر,C,املای معیار «تأثیر» است. سؤال بازطراحی‌شده برای تنوع بیشتر آزمون.,ترنم همدلی,original,1405
یازدهم,انسانی,فارسی,فارسی,بخش 4,املاء,,متوسط,"با توجه به پرسش زیر، گزینه صحیح را انتخاب کنید:
کدام واژه درست است؟",تاثیر,تأثیر,تاثیر,تأثیرر,B,املای معیار «تأثیر» است. سؤال بازطراحی‌شده برای تنوع بیشتر آزمون.,ترنم همدلی,original,1405
یازدهم,انسانی,فارسی,فارسی,بخش 4,املاء,,متوسط,"کدام گزینه از نظر محتوایی درست است؟
کدام واژه درست است؟",تأثیر,تاثیر,تأثیرر,تاثیر,A,املای معیار «تأثیر» است. سؤال بازطراحی‌شده برای تنوع بیشتر آزمون.,ترنم همدلی,original,1405
یازدهم,انسانی,فارسی,فارسی,بخش 4,املاء,,متوسط,"گزینه درست برای پرسش زیر را مشخص کنید:
کدام واژه درست است؟",تاثیر,تأثیرر,تاثیر,تأثیر,D,املای معیار «تأثیر» است. سؤال بازطراحی‌شده برای تنوع بیشتر آزمون.,ترنم همدلی,original,1405
یازدهم,انسانی,فارسی,فارسی,بخش 5,قرابت,,متوسط,"در سؤال زیر، گزینه درست را انتخاب کنید:
کدام مفهوم به ارزش دانش نزدیک‌تر است؟",دانایی عامل رشد است,ثروت همیشه کافی است,تلاش بی‌فایده است,یادگیری بی‌ارزش است,A,مفهوم بر اهمیت دانش تأکید دارد. سؤال بازطراحی‌شده برای تنوع بیشتر آزمون.,ترنم همدلی,original,1405
یازدهم,انسانی,فارسی,فارسی,بخش 5,قرابت,,متوسط,"کدام گزینه پاسخ صحیح این پرسش است؟
کدام مفهوم به ارزش دانش نزدیک‌تر است؟",ثروت همیشه کافی است,تلاش بی‌فایده است,یادگیری بی‌ارزش است,دانایی عامل رشد است,D,مفهوم بر اهمیت دانش تأکید دارد. سؤال بازطراحی‌شده برای تنوع بیشتر آزمون.,ترنم همدلی,original,1405
یازدهم,انسانی,فارسی,فارسی,بخش 5,قرابت,,متوسط,"با دقت به پرسش زیر، گزینه درست را مشخص کنید:
کدام مفهوم به ارزش دانش نزدیک‌تر است؟",تلاش بی‌فایده است,یادگیری بی‌ارزش است,دانایی عامل رشد است,ثروت همیشه کافی است,C,مفهوم بر اهمیت دانش تأکید دارد. سؤال بازطراحی‌شده برای تنوع بیشتر آزمون.,ترنم همدلی,original,1405
یازدهم,انسانی,فارسی,فارسی,بخش 5,قرابت,,متوسط,"کدام گزینه با صورت سؤال زیر سازگار است؟
کدام مفهوم به ارزش دانش نزدیک‌تر است؟",یادگیری بی‌ارزش است,دانایی عامل رشد است,ثروت همیشه کافی است,تلاش بی‌فایده است,B,مفهوم بر اهمیت دانش تأکید دارد. سؤال بازطراحی‌شده برای تنوع بیشتر آزمون.,ترنم همدلی,original,1405
یازدهم,انسانی,فارسی,فارسی,بخش 5,قرابت,,متوسط,"پاسخ صحیح پرسش زیر کدام است؟
کدام مفهوم به ارزش دانش نزدیک‌تر است؟",دانایی عامل رشد است,ثروت همیشه کافی است,تلاش بی‌فایده است,یادگیری بی‌ارزش است,A,مفهوم بر اهمیت دانش تأکید دارد. سؤال بازطراحی‌شده برای تنوع بیشتر آزمون.,ترنم همدلی,original,1405
یازدهم,انسانی,فارسی,فارسی,بخش 5,قرابت,,متوسط,"در میان گزینه‌های زیر، پاسخ درست را پیدا کنید:
کدام مفهوم به ارزش دانش نزدیک‌تر است؟",ثروت همیشه کافی است,تلاش بی‌فایده است,یادگیری بی‌ارزش است,دانایی عامل رشد است,D,مفهوم بر اهمیت دانش تأکید دارد. سؤال بازطراحی‌شده برای تنوع بیشتر آزمون.,ترنم همدلی,original,1405
یازدهم,انسانی,فارسی,فارسی,بخش 5,قرابت,,متوسط,"کدام گزینه با محتوای سؤال زیر هماهنگ است؟
کدام مفهوم به ارزش دانش نزدیک‌تر است؟",تلاش بی‌فایده است,یادگیری بی‌ارزش است,دانایی عامل رشد است,ثروت همیشه کافی است,C,مفهوم بر اهمیت دانش تأکید دارد. سؤال بازطراحی‌شده برای تنوع بیشتر آزمون.,ترنم همدلی,original,1405
یازدهم,انسانی,فارسی,فارسی,بخش 5,قرابت,,متوسط,"با توجه به پرسش زیر، گزینه صحیح را انتخاب کنید:
کدام مفهوم به ارزش دانش نزدیک‌تر است؟",یادگیری بی‌ارزش است,دانایی عامل رشد است,ثروت همیشه کافی است,تلاش بی‌فایده است,B,مفهوم بر اهمیت دانش تأکید دارد. سؤال بازطراحی‌شده برای تنوع بیشتر آزمون.,ترنم همدلی,original,1405
یازدهم,انسانی,فارسی,فارسی,بخش 5,قرابت,,متوسط,"کدام گزینه از نظر محتوایی درست است؟
کدام مفهوم به ارزش دانش نزدیک‌تر است؟",دانایی عامل رشد است,ثروت همیشه کافی است,تلاش بی‌فایده است,یادگیری بی‌ارزش است,A,مفهوم بر اهمیت دانش تأکید دارد. سؤال بازطراحی‌شده برای تنوع بیشتر آزمون.,ترنم همدلی,original,1405
یازدهم,انسانی,فارسی,فارسی,بخش 5,قرابت,,متوسط,"گزینه درست برای پرسش زیر را مشخص کنید:
کدام مفهوم به ارزش دانش نزدیک‌تر است؟",ثروت همیشه کافی است,تلاش بی‌فایده است,یادگیری بی‌ارزش است,دانایی عامل رشد است,D,مفهوم بر اهمیت دانش تأکید دارد. سؤال بازطراحی‌شده برای تنوع بیشتر آزمون.,ترنم همدلی,original,1405
یازدهم,انسانی,فارسی,فارسی,بخش 6,نگارش,,متوسط,"در سؤال زیر، گزینه درست را انتخاب کنید:
مقدمه خوب چه ویژگی دارد؟",ارتباط با موضوع,بی‌ربطی,تکرار نتیجه,حذف موضوع,A,مقدمه باید زمینه موضوع را فراهم کند. سؤال بازطراحی‌شده برای تنوع بیشتر آزمون.,ترنم همدلی,original,1405
یازدهم,انسانی,فارسی,فارسی,بخش 6,نگارش,,متوسط,"کدام گزینه پاسخ صحیح این پرسش است؟
مقدمه خوب چه ویژگی دارد؟",بی‌ربطی,تکرار نتیجه,حذف موضوع,ارتباط با موضوع,D,مقدمه باید زمینه موضوع را فراهم کند. سؤال بازطراحی‌شده برای تنوع بیشتر آزمون.,ترنم همدلی,original,1405
یازدهم,انسانی,فارسی,فارسی,بخش 6,نگارش,,متوسط,"با دقت به پرسش زیر، گزینه درست را مشخص کنید:
مقدمه خوب چه ویژگی دارد؟",تکرار نتیجه,حذف موضوع,ارتباط با موضوع,بی‌ربطی,C,مقدمه باید زمینه موضوع را فراهم کند. سؤال بازطراحی‌شده برای تنوع بیشتر آزمون.,ترنم همدلی,original,1405
یازدهم,انسانی,فارسی,فارسی,بخش 6,نگارش,,متوسط,"کدام گزینه با صورت سؤال زیر سازگار است؟
مقدمه خوب چه ویژگی دارد؟",حذف موضوع,ارتباط با موضوع,بی‌ربطی,تکرار نتیجه,B,مقدمه باید زمینه موضوع را فراهم کند. سؤال بازطراحی‌شده برای تنوع بیشتر آزمون.,ترنم همدلی,original,1405
یازدهم,انسانی,فارسی,فارسی,بخش 6,نگارش,,متوسط,"پاسخ صحیح پرسش زیر کدام است؟
مقدمه خوب چه ویژگی دارد؟",ارتباط با موضوع,بی‌ربطی,تکرار نتیجه,حذف موضوع,A,مقدمه باید زمینه موضوع را فراهم کند. سؤال بازطراحی‌شده برای تنوع بیشتر آزمون.,ترنم همدلی,original,1405
یازدهم,انسانی,فارسی,فارسی,بخش 6,نگارش,,متوسط,"در میان گزینه‌های زیر، پاسخ درست را پیدا کنید:
مقدمه خوب چه ویژگی دارد؟",بی‌ربطی,تکرار نتیجه,حذف موضوع,ارتباط با موضوع,D,مقدمه باید زمینه موضوع را فراهم کند. سؤال بازطراحی‌شده برای تنوع بیشتر آزمون.,ترنم همدلی,original,1405
یازدهم,انسانی,فارسی,فارسی,بخش 6,نگارش,,متوسط,"کدام گزینه با محتوای سؤال زیر هماهنگ است؟
مقدمه خوب چه ویژگی دارد؟",تکرار نتیجه,حذف موضوع,ارتباط با موضوع,بی‌ربطی,C,مقدمه باید زمینه موضوع را فراهم کند. سؤال بازطراحی‌شده برای تنوع بیشتر آزمون.,ترنم همدلی,original,1405
یازدهم,انسانی,فارسی,فارسی,بخش 6,نگارش,,متوسط,"با توجه به پرسش زیر، گزینه صحیح را انتخاب کنید:
مقدمه خوب چه ویژگی دارد؟",حذف موضوع,ارتباط با موضوع,بی‌ربطی,تکرار نتیجه,B,مقدمه باید زمینه موضوع را فراهم کند. سؤال بازطراحی‌شده برای تنوع بیشتر آزمون.,ترنم همدلی,original,1405
یازدهم,انسانی,فارسی,فارسی,بخش 6,نگارش,,متوسط,"کدام گزینه از نظر محتوایی درست است؟
مقدمه خوب چه ویژگی دارد؟",ارتباط با موضوع,بی‌ربطی,تکرار نتیجه,حذف موضوع,A,مقدمه باید زمینه موضوع را فراهم کند. سؤال بازطراحی‌شده برای تنوع بیشتر آزمون.,ترنم همدلی,original,1405
یازدهم,انسانی,فارسی,فارسی,بخش 6,نگارش,,متوسط,"گزینه درست برای پرسش زیر را مشخص کنید:
مقدمه خوب چه ویژگی دارد؟",بی‌ربطی,تکرار نتیجه,حذف موضوع,ارتباط با موضوع,D,مقدمه باید زمینه موضوع را فراهم کند. سؤال بازطراحی‌شده برای تنوع بیشتر آزمون.,ترنم همدلی,original,1405
یازدهم,انسانی,عربی,عربی,بخش 1,ترجمه,,متوسط,"در سؤال زیر، گزینه درست را انتخاب کنید:
معنی «الطلابُ مجتهدون» چیست؟",دانش‌آموزان کوشا هستند,دانش‌آموز کوشاست,معلمان کوشا هستند,دانش‌آموزان غایب‌اند,A,ترجمه جمله همین است. سؤال بازطراحی‌شده برای تنوع بیشتر آزمون.,ترنم همدلی,original,1405
یازدهم,انسانی,عربی,عربی,بخش 1,ترجمه,,متوسط,"کدام گزینه پاسخ صحیح این پرسش است؟
معنی «الطلابُ مجتهدون» چیست؟",دانش‌آموز کوشاست,معلمان کوشا هستند,دانش‌آموزان غایب‌اند,دانش‌آموزان کوشا هستند,D,ترجمه جمله همین است. سؤال بازطراحی‌شده برای تنوع بیشتر آزمون.,ترنم همدلی,original,1405
یازدهم,انسانی,عربی,عربی,بخش 1,ترجمه,,متوسط,"با دقت به پرسش زیر، گزینه درست را مشخص کنید:
معنی «الطلابُ مجتهدون» چیست؟",معلمان کوشا هستند,دانش‌آموزان غایب‌اند,دانش‌آموزان کوشا هستند,دانش‌آموز کوشاست,C,ترجمه جمله همین است. سؤال بازطراحی‌شده برای تنوع بیشتر آزمون.,ترنم همدلی,original,1405
یازدهم,انسانی,عربی,عربی,بخش 1,ترجمه,,متوسط,"کدام گزینه با صورت سؤال زیر سازگار است؟
معنی «الطلابُ مجتهدون» چیست؟",دانش‌آموزان غایب‌اند,دانش‌آموزان کوشا هستند,دانش‌آموز کوشاست,معلمان کوشا هستند,B,ترجمه جمله همین است. سؤال بازطراحی‌شده برای تنوع بیشتر آزمون.,ترنم همدلی,original,1405
یازدهم,انسانی,عربی,عربی,بخش 1,ترجمه,,متوسط,"پاسخ صحیح پرسش زیر کدام است؟
معنی «الطلابُ مجتهدون» چیست؟",دانش‌آموزان کوشا هستند,دانش‌آموز کوشاست,معلمان کوشا هستند,دانش‌آموزان غایب‌اند,A,ترجمه جمله همین است. سؤال بازطراحی‌شده برای تنوع بیشتر آزمون.,ترنم همدلی,original,1405
یازدهم,انسانی,عربی,عربی,بخش 1,ترجمه,,متوسط,"در میان گزینه‌های زیر، پاسخ درست را پیدا کنید:
معنی «الطلابُ مجتهدون» چیست؟",دانش‌آموز کوشاست,معلمان کوشا هستند,دانش‌آموزان غایب‌اند,دانش‌آموزان کوشا هستند,D,ترجمه جمله همین است. سؤال بازطراحی‌شده برای تنوع بیشتر آزمون.,ترنم همدلی,original,1405
یازدهم,انسانی,عربی,عربی,بخش 1,ترجمه,,متوسط,"کدام گزینه با محتوای سؤال زیر هماهنگ است؟
معنی «الطلابُ مجتهدون» چیست؟",معلمان کوشا هستند,دانش‌آموزان غایب‌اند,دانش‌آموزان کوشا هستند,دانش‌آموز کوشاست,C,ترجمه جمله همین است. سؤال بازطراحی‌شده برای تنوع بیشتر آزمون.,ترنم همدلی,original,1405
یازدهم,انسانی,عربی,عربی,بخش 1,ترجمه,,متوسط,"با توجه به پرسش زیر، گزینه صحیح را انتخاب کنید:
معنی «الطلابُ مجتهدون» چیست؟",دانش‌آموزان غایب‌اند,دانش‌آموزان کوشا هستند,دانش‌آموز کوشاست,معلمان کوشا هستند,B,ترجمه جمله همین است. سؤال بازطراحی‌شده برای تنوع بیشتر آزمون.,ترنم همدلی,original,1405
یازدهم,انسانی,عربی,عربی,بخش 1,ترجمه,,متوسط,"کدام گزینه از نظر محتوایی درست است؟
معنی «الطلابُ مجتهدون» چیست؟",دانش‌آموزان کوشا هستند,دانش‌آموز کوشاست,معلمان کوشا هستند,دانش‌آموزان غایب‌اند,A,ترجمه جمله همین است. سؤال بازطراحی‌شده برای تنوع بیشتر آزمون.,ترنم همدلی,original,1405
یازدهم,انسانی,عربی,عربی,بخش 1,ترجمه,,متوسط,"گزینه درست برای پرسش زیر را مشخص کنید:
معنی «الطلابُ مجتهدون» چیست؟",دانش‌آموز کوشاست,معلمان کوشا هستند,دانش‌آموزان غایب‌اند,دانش‌آموزان کوشا هستند,D,ترجمه جمله همین است. سؤال بازطراحی‌شده برای تنوع بیشتر آزمون.,ترنم همدلی,original,1405
یازدهم,انسانی,عربی,عربی,بخش 2,اسم فاعل,,متوسط,"در سؤال زیر، گزینه درست را انتخاب کنید:
اسم فاعل «کاتب» به چه معناست؟",نویسنده/نویسنده‌کننده,نوشته‌شده,کتاب,خوانده‌شده,A,کاتب اسم فاعل از کتب است. سؤال بازطراحی‌شده برای تنوع بیشتر آزمون.,ترنم همدلی,original,1405
یازدهم,انسانی,عربی,عربی,بخش 2,اسم فاعل,,متوسط,"کدام گزینه پاسخ صحیح این پرسش است؟
اسم فاعل «کاتب» به چه معناست؟",نوشته‌شده,کتاب,خوانده‌شده,نویسنده/نویسنده‌کننده,D,کاتب اسم فاعل از کتب است. سؤال بازطراحی‌شده برای تنوع بیشتر آزمون.,ترنم همدلی,original,1405
یازدهم,انسانی,عربی,عربی,بخش 2,اسم فاعل,,متوسط,"با دقت به پرسش زیر، گزینه درست را مشخص کنید:
اسم فاعل «کاتب» به چه معناست؟",کتاب,خوانده‌شده,نویسنده/نویسنده‌کننده,نوشته‌شده,C,کاتب اسم فاعل از کتب است. سؤال بازطراحی‌شده برای تنوع بیشتر آزمون.,ترنم همدلی,original,1405
یازدهم,انسانی,عربی,عربی,بخش 2,اسم فاعل,,متوسط,"کدام گزینه با صورت سؤال زیر سازگار است؟
اسم فاعل «کاتب» به چه معناست؟",خوانده‌شده,نویسنده/نویسنده‌کننده,نوشته‌شده,کتاب,B,کاتب اسم فاعل از کتب است. سؤال بازطراحی‌شده برای تنوع بیشتر آزمون.,ترنم همدلی,original,1405
یازدهم,انسانی,عربی,عربی,بخش 2,اسم فاعل,,متوسط,"پاسخ صحیح پرسش زیر کدام است؟
اسم فاعل «کاتب» به چه معناست؟",نویسنده/نویسنده‌کننده,نوشته‌شده,کتاب,خوانده‌شده,A,کاتب اسم فاعل از کتب است. سؤال بازطراحی‌شده برای تنوع بیشتر آزمون.,ترنم همدلی,original,1405
یازدهم,انسانی,عربی,عربی,بخش 2,اسم فاعل,,متوسط,"در میان گزینه‌های زیر، پاسخ درست را پیدا کنید:
اسم فاعل «کاتب» به چه معناست؟",نوشته‌شده,کتاب,خوانده‌شده,نویسنده/نویسنده‌کننده,D,کاتب اسم فاعل از کتب است. سؤال بازطراحی‌شده برای تنوع بیشتر آزمون.,ترنم همدلی,original,1405
یازدهم,انسانی,عربی,عربی,بخش 2,اسم فاعل,,متوسط,"کدام گزینه با محتوای سؤال زیر هماهنگ است؟
اسم فاعل «کاتب» به چه معناست؟",کتاب,خوانده‌شده,نویسنده/نویسنده‌کننده,نوشته‌شده,C,کاتب اسم فاعل از کتب است. سؤال بازطراحی‌شده برای تنوع بیشتر آزمون.,ترنم همدلی,original,1405
یازدهم,انسانی,عربی,عربی,بخش 2,اسم فاعل,,متوسط,"با توجه به پرسش زیر، گزینه صحیح را انتخاب کنید:
اسم فاعل «کاتب» به چه معناست؟",خوانده‌شده,نویسنده/نویسنده‌کننده,نوشته‌شده,کتاب,B,کاتب اسم فاعل از کتب است. سؤال بازطراحی‌شده برای تنوع بیشتر آزمون.,ترنم همدلی,original,1405
یازدهم,انسانی,عربی,عربی,بخش 2,اسم فاعل,,متوسط,"کدام گزینه از نظر محتوایی درست است؟
اسم فاعل «کاتب» به چه معناست؟",نویسنده/نویسنده‌کننده,نوشته‌شده,کتاب,خوانده‌شده,A,کاتب اسم فاعل از کتب است. سؤال بازطراحی‌شده برای تنوع بیشتر آزمون.,ترنم همدلی,original,1405
یازدهم,انسانی,عربی,عربی,بخش 2,اسم فاعل,,متوسط,"گزینه درست برای پرسش زیر را مشخص کنید:
اسم فاعل «کاتب» به چه معناست؟",نوشته‌شده,کتاب,خوانده‌شده,نویسنده/نویسنده‌کننده,D,کاتب اسم فاعل از کتب است. سؤال بازطراحی‌شده برای تنوع بیشتر آزمون.,ترنم همدلی,original,1405
یازدهم,انسانی,عربی,عربی,بخش 3,فعل مضارع,,متوسط,"در سؤال زیر، گزینه درست را انتخاب کنید:
«یذهب» چه زمانی را نشان می‌دهد؟",مضارع,ماضی,امر,نهی,A,یذهب فعل مضارع است. سؤال بازطراحی‌شده برای تنوع بیشتر آزمون.,ترنم همدلی,original,1405
یازدهم,انسانی,عربی,عربی,بخش 3,فعل مضارع,,متوسط,"کدام گزینه پاسخ صحیح این پرسش است؟
«یذهب» چه زمانی را نشان می‌دهد؟",ماضی,امر,نهی,مضارع,D,یذهب فعل مضارع است. سؤال بازطراحی‌شده برای تنوع بیشتر آزمون.,ترنم همدلی,original,1405
یازدهم,انسانی,عربی,عربی,بخش 3,فعل مضارع,,متوسط,"با دقت به پرسش زیر، گزینه درست را مشخص کنید:
«یذهب» چه زمانی را نشان می‌دهد؟",امر,نهی,مضارع,ماضی,C,یذهب فعل مضارع است. سؤال بازطراحی‌شده برای تنوع بیشتر آزمون.,ترنم همدلی,original,1405
یازدهم,انسانی,عربی,عربی,بخش 3,فعل مضارع,,متوسط,"کدام گزینه با صورت سؤال زیر سازگار است؟
«یذهب» چه زمانی را نشان می‌دهد؟",نهی,مضارع,ماضی,امر,B,یذهب فعل مضارع است. سؤال بازطراحی‌شده برای تنوع بیشتر آزمون.,ترنم همدلی,original,1405
یازدهم,انسانی,عربی,عربی,بخش 3,فعل مضارع,,متوسط,"پاسخ صحیح پرسش زیر کدام است؟
«یذهب» چه زمانی را نشان می‌دهد؟",مضارع,ماضی,امر,نهی,A,یذهب فعل مضارع است. سؤال بازطراحی‌شده برای تنوع بیشتر آزمون.,ترنم همدلی,original,1405
یازدهم,انسانی,عربی,عربی,بخش 3,فعل مضارع,,متوسط,"در میان گزینه‌های زیر، پاسخ درست را پیدا کنید:
«یذهب» چه زمانی را نشان می‌دهد؟",ماضی,امر,نهی,مضارع,D,یذهب فعل مضارع است. سؤال بازطراحی‌شده برای تنوع بیشتر آزمون.,ترنم همدلی,original,1405
یازدهم,انسانی,عربی,عربی,بخش 3,فعل مضارع,,متوسط,"کدام گزینه با محتوای سؤال زیر هماهنگ است؟
«یذهب» چه زمانی را نشان می‌دهد؟",امر,نهی,مضارع,ماضی,C,یذهب فعل مضارع است. سؤال بازطراحی‌شده برای تنوع بیشتر آزمون.,ترنم همدلی,original,1405
یازدهم,انسانی,عربی,عربی,بخش 3,فعل مضارع,,متوسط,"با توجه به پرسش زیر، گزینه صحیح را انتخاب کنید:
«یذهب» چه زمانی را نشان می‌دهد؟",نهی,مضارع,ماضی,امر,B,یذهب فعل مضارع است. سؤال بازطراحی‌شده برای تنوع بیشتر آزمون.,ترنم همدلی,original,1405
یازدهم,انسانی,عربی,عربی,بخش 3,فعل مضارع,,متوسط,"کدام گزینه از نظر محتوایی درست است؟
«یذهب» چه زمانی را نشان می‌دهد؟",مضارع,ماضی,امر,نهی,A,یذهب فعل مضارع است. سؤال بازطراحی‌شده برای تنوع بیشتر آزمون.,ترنم همدلی,original,1405
یازدهم,انسانی,عربی,عربی,بخش 3,فعل مضارع,,متوسط,"گزینه درست برای پرسش زیر را مشخص کنید:
«یذهب» چه زمانی را نشان می‌دهد؟",ماضی,امر,نهی,مضارع,D,یذهب فعل مضارع است. سؤال بازطراحی‌شده برای تنوع بیشتر آزمون.,ترنم همدلی,original,1405
یازدهم,انسانی,عربی,عربی,بخش 4,عدد,,متوسط,"در سؤال زیر، گزینه درست را انتخاب کنید:
«ثلاثة» چه عددی است؟",دو,سه,چهار,پنج,B,ثلاثة یعنی سه. سؤال بازطراحی‌شده برای تنوع بیشتر آزمون.,ترنم همدلی,original,1405
یازدهم,انسانی,عربی,عربی,بخش 4,عدد,,متوسط,"کدام گزینه پاسخ صحیح این پرسش است؟
«ثلاثة» چه عددی است؟",سه,چهار,پنج,دو,A,ثلاثة یعنی سه. سؤال بازطراحی‌شده برای تنوع بیشتر آزمون.,ترنم همدلی,original,1405
یازدهم,انسانی,عربی,عربی,بخش 4,عدد,,متوسط,"با دقت به پرسش زیر، گزینه درست را مشخص کنید:
«ثلاثة» چه عددی است؟",چهار,پنج,دو,سه,D,ثلاثة یعنی سه. سؤال بازطراحی‌شده برای تنوع بیشتر آزمون.,ترنم همدلی,original,1405
یازدهم,انسانی,عربی,عربی,بخش 4,عدد,,متوسط,"کدام گزینه با صورت سؤال زیر سازگار است؟
«ثلاثة» چه عددی است؟",پنج,دو,سه,چهار,C,ثلاثة یعنی سه. سؤال بازطراحی‌شده برای تنوع بیشتر آزمون.,ترنم همدلی,original,1405
یازدهم,انسانی,عربی,عربی,بخش 4,عدد,,متوسط,"پاسخ صحیح پرسش زیر کدام است؟
«ثلاثة» چه عددی است؟",دو,سه,چهار,پنج,B,ثلاثة یعنی سه. سؤال بازطراحی‌شده برای تنوع بیشتر آزمون.,ترنم همدلی,original,1405
یازدهم,انسانی,عربی,عربی,بخش 4,عدد,,متوسط,"در میان گزینه‌های زیر، پاسخ درست را پیدا کنید:
«ثلاثة» چه عددی است؟",سه,چهار,پنج,دو,A,ثلاثة یعنی سه. سؤال بازطراحی‌شده برای تنوع بیشتر آزمون.,ترنم همدلی,original,1405
یازدهم,انسانی,عربی,عربی,بخش 4,عدد,,متوسط,"کدام گزینه با محتوای سؤال زیر هماهنگ است؟
«ثلاثة» چه عددی است؟",چهار,پنج,دو,سه,D,ثلاثة یعنی سه. سؤال بازطراحی‌شده برای تنوع بیشتر آزمون.,ترنم همدلی,original,1405
یازدهم,انسانی,عربی,عربی,بخش 4,عدد,,متوسط,"با توجه به پرسش زیر، گزینه صحیح را انتخاب کنید:
«ثلاثة» چه عددی است؟",پنج,دو,سه,چهار,C,ثلاثة یعنی سه. سؤال بازطراحی‌شده برای تنوع بیشتر آزمون.,ترنم همدلی,original,1405
یازدهم,انسانی,عربی,عربی,بخش 4,عدد,,متوسط,"کدام گزینه از نظر محتوایی درست است؟
«ثلاثة» چه عددی است؟",دو,سه,چهار,پنج,B,ثلاثة یعنی سه. سؤال بازطراحی‌شده برای تنوع بیشتر آزمون.,ترنم همدلی,original,1405
یازدهم,انسانی,عربی,عربی,بخش 4,عدد,,متوسط,"گزینه درست برای پرسش زیر را مشخص کنید:
«ثلاثة» چه عددی است؟",سه,چهار,پنج,دو,A,ثلاثة یعنی سه. سؤال بازطراحی‌شده برای تنوع بیشتر آزمون.,ترنم همدلی,original,1405
یازدهم,انسانی,عربی,عربی,بخش 5,جمع,,متوسط,"در سؤال زیر، گزینه درست را انتخاب کنید:
جمع «معلم» کدام است؟",معلمان,معلمون,تعلیم,معلومة,B,در حالت رفع جمع مذکر سالم «معلمون» است. سؤال بازطراحی‌شده برای تنوع بیشتر آزمون.,ترنم همدلی,original,1405
یازدهم,انسانی,عربی,عربی,بخش 5,جمع,,متوسط,"کدام گزینه پاسخ صحیح این پرسش است؟
جمع «معلم» کدام است؟",معلمون,تعلیم,معلومة,معلمان,A,در حالت رفع جمع مذکر سالم «معلمون» است. سؤال بازطراحی‌شده برای تنوع بیشتر آزمون.,ترنم همدلی,original,1405
یازدهم,انسانی,عربی,عربی,بخش 5,جمع,,متوسط,"با دقت به پرسش زیر، گزینه درست را مشخص کنید:
جمع «معلم» کدام است؟",تعلیم,معلومة,معلمان,معلمون,D,در حالت رفع جمع مذکر سالم «معلمون» است. سؤال بازطراحی‌شده برای تنوع بیشتر آزمون.,ترنم همدلی,original,1405
یازدهم,انسانی,عربی,عربی,بخش 5,جمع,,متوسط,"کدام گزینه با صورت سؤال زیر سازگار است؟
جمع «معلم» کدام است؟",معلومة,معلمان,معلمون,تعلیم,C,در حالت رفع جمع مذکر سالم «معلمون» است. سؤال بازطراحی‌شده برای تنوع بیشتر آزمون.,ترنم همدلی,original,1405
یازدهم,انسانی,عربی,عربی,بخش 5,جمع,,متوسط,"پاسخ صحیح پرسش زیر کدام است؟
جمع «معلم» کدام است؟",معلمان,معلمون,تعلیم,معلومة,B,در حالت رفع جمع مذکر سالم «معلمون» است. سؤال بازطراحی‌شده برای تنوع بیشتر آزمون.,ترنم همدلی,original,1405
یازدهم,انسانی,عربی,عربی,بخش 5,جمع,,متوسط,"در میان گزینه‌های زیر، پاسخ درست را پیدا کنید:
جمع «معلم» کدام است؟",معلمون,تعلیم,معلومة,معلمان,A,در حالت رفع جمع مذکر سالم «معلمون» است. سؤال بازطراحی‌شده برای تنوع بیشتر آزمون.,ترنم همدلی,original,1405
یازدهم,انسانی,عربی,عربی,بخش 5,جمع,,متوسط,"کدام گزینه با محتوای سؤال زیر هماهنگ است؟
جمع «معلم» کدام است؟",تعلیم,معلومة,معلمان,معلمون,D,در حالت رفع جمع مذکر سالم «معلمون» است. سؤال بازطراحی‌شده برای تنوع بیشتر آزمون.,ترنم همدلی,original,1405
یازدهم,انسانی,عربی,عربی,بخش 5,جمع,,متوسط,"با توجه به پرسش زیر، گزینه صحیح را انتخاب کنید:
جمع «معلم» کدام است؟",معلومة,معلمان,معلمون,تعلیم,C,در حالت رفع جمع مذکر سالم «معلمون» است. سؤال بازطراحی‌شده برای تنوع بیشتر آزمون.,ترنم همدلی,original,1405
یازدهم,انسانی,عربی,عربی,بخش 5,جمع,,متوسط,"کدام گزینه از نظر محتوایی درست است؟
جمع «معلم» کدام است؟",معلمان,معلمون,تعلیم,معلومة,B,در حالت رفع جمع مذکر سالم «معلمون» است. سؤال بازطراحی‌شده برای تنوع بیشتر آزمون.,ترنم همدلی,original,1405
یازدهم,انسانی,عربی,عربی,بخش 5,جمع,,متوسط,"گزینه درست برای پرسش زیر را مشخص کنید:
جمع «معلم» کدام است؟",معلمون,تعلیم,معلومة,معلمان,A,در حالت رفع جمع مذکر سالم «معلمون» است. سؤال بازطراحی‌شده برای تنوع بیشتر آزمون.,ترنم همدلی,original,1405
یازدهم,انسانی,عربی,عربی,بخش 6,مفعول,,متوسط,"در سؤال زیر، گزینه درست را انتخاب کنید:
در «قرأ الطالبُ الکتابَ» مفعول چیست؟",الطالب,قرأ,الکتاب,هیچ‌کدام,C,الکتاب مفعول فعل قرأ است. سؤال بازطراحی‌شده برای تنوع بیشتر آزمون.,ترنم همدلی,original,1405
یازدهم,انسانی,عربی,عربی,بخش 6,مفعول,,متوسط,"کدام گزینه پاسخ صحیح این پرسش است؟
در «قرأ الطالبُ الکتابَ» مفعول چیست؟",قرأ,الکتاب,هیچ‌کدام,الطالب,B,الکتاب مفعول فعل قرأ است. سؤال بازطراحی‌شده برای تنوع بیشتر آزمون.,ترنم همدلی,original,1405
یازدهم,انسانی,عربی,عربی,بخش 6,مفعول,,متوسط,"با دقت به پرسش زیر، گزینه درست را مشخص کنید:
در «قرأ الطالبُ الکتابَ» مفعول چیست؟",الکتاب,هیچ‌کدام,الطالب,قرأ,A,الکتاب مفعول فعل قرأ است. سؤال بازطراحی‌شده برای تنوع بیشتر آزمون.,ترنم همدلی,original,1405
یازدهم,انسانی,عربی,عربی,بخش 6,مفعول,,متوسط,"کدام گزینه با صورت سؤال زیر سازگار است؟
در «قرأ الطالبُ الکتابَ» مفعول چیست؟",هیچ‌کدام,الطالب,قرأ,الکتاب,D,الکتاب مفعول فعل قرأ است. سؤال بازطراحی‌شده برای تنوع بیشتر آزمون.,ترنم همدلی,original,1405
یازدهم,انسانی,عربی,عربی,بخش 6,مفعول,,متوسط,"پاسخ صحیح پرسش زیر کدام است؟
در «قرأ الطالبُ الکتابَ» مفعول چیست؟",الطالب,قرأ,الکتاب,هیچ‌کدام,C,الکتاب مفعول فعل قرأ است. سؤال بازطراحی‌شده برای تنوع بیشتر آزمون.,ترنم همدلی,original,1405
یازدهم,انسانی,عربی,عربی,بخش 6,مفعول,,متوسط,"در میان گزینه‌های زیر، پاسخ درست را پیدا کنید:
در «قرأ الطالبُ الکتابَ» مفعول چیست؟",قرأ,الکتاب,هیچ‌کدام,الطالب,B,الکتاب مفعول فعل قرأ است. سؤال بازطراحی‌شده برای تنوع بیشتر آزمون.,ترنم همدلی,original,1405
یازدهم,انسانی,عربی,عربی,بخش 6,مفعول,,متوسط,"کدام گزینه با محتوای سؤال زیر هماهنگ است؟
در «قرأ الطالبُ الکتابَ» مفعول چیست؟",الکتاب,هیچ‌کدام,الطالب,قرأ,A,الکتاب مفعول فعل قرأ است. سؤال بازطراحی‌شده برای تنوع بیشتر آزمون.,ترنم همدلی,original,1405
یازدهم,انسانی,عربی,عربی,بخش 6,مفعول,,متوسط,"با توجه به پرسش زیر، گزینه صحیح را انتخاب کنید:
در «قرأ الطالبُ الکتابَ» مفعول چیست؟",هیچ‌کدام,الطالب,قرأ,الکتاب,D,الکتاب مفعول فعل قرأ است. سؤال بازطراحی‌شده برای تنوع بیشتر آزمون.,ترنم همدلی,original,1405
یازدهم,انسانی,عربی,عربی,بخش 6,مفعول,,متوسط,"کدام گزینه از نظر محتوایی درست است؟
در «قرأ الطالبُ الکتابَ» مفعول چیست؟",الطالب,قرأ,الکتاب,هیچ‌کدام,C,الکتاب مفعول فعل قرأ است. سؤال بازطراحی‌شده برای تنوع بیشتر آزمون.,ترنم همدلی,original,1405
یازدهم,انسانی,عربی,عربی,بخش 6,مفعول,,متوسط,"گزینه درست برای پرسش زیر را مشخص کنید:
در «قرأ الطالبُ الکتابَ» مفعول چیست؟",قرأ,الکتاب,هیچ‌کدام,الطالب,B,الکتاب مفعول فعل قرأ است. سؤال بازطراحی‌شده برای تنوع بیشتر آزمون.,ترنم همدلی,original,1405
یازدهم,انسانی,دین و زندگی,دین و زندگی,بخش 1,توحید,,متوسط,"در سؤال زیر، گزینه درست را انتخاب کنید:
توحید در ربوبیت به چه معناست؟",خداوند مدبر جهان است,انکار خدا,چندخدایی,بی‌نیازی از هدایت,A,ربوبیت به تدبیر و پروردگاری خداوند اشاره دارد. سؤال بازطراحی‌شده برای تنوع بیشتر آزمون.,ترنم همدلی,original,1405
یازدهم,انسانی,دین و زندگی,دین و زندگی,بخش 1,توحید,,متوسط,"کدام گزینه پاسخ صحیح این پرسش است؟
توحید در ربوبیت به چه معناست؟",انکار خدا,چندخدایی,بی‌نیازی از هدایت,خداوند مدبر جهان است,D,ربوبیت به تدبیر و پروردگاری خداوند اشاره دارد. سؤال بازطراحی‌شده برای تنوع بیشتر آزمون.,ترنم همدلی,original,1405
یازدهم,انسانی,دین و زندگی,دین و زندگی,بخش 1,توحید,,متوسط,"با دقت به پرسش زیر، گزینه درست را مشخص کنید:
توحید در ربوبیت به چه معناست؟",چندخدایی,بی‌نیازی از هدایت,خداوند مدبر جهان است,انکار خدا,C,ربوبیت به تدبیر و پروردگاری خداوند اشاره دارد. سؤال بازطراحی‌شده برای تنوع بیشتر آزمون.,ترنم همدلی,original,1405
یازدهم,انسانی,دین و زندگی,دین و زندگی,بخش 1,توحید,,متوسط,"کدام گزینه با صورت سؤال زیر سازگار است؟
توحید در ربوبیت به چه معناست؟",بی‌نیازی از هدایت,خداوند مدبر جهان است,انکار خدا,چندخدایی,B,ربوبیت به تدبیر و پروردگاری خداوند اشاره دارد. سؤال بازطراحی‌شده برای تنوع بیشتر آزمون.,ترنم همدلی,original,1405
یازدهم,انسانی,دین و زندگی,دین و زندگی,بخش 1,توحید,,متوسط,"پاسخ صحیح پرسش زیر کدام است؟
توحید در ربوبیت به چه معناست؟",خداوند مدبر جهان است,انکار خدا,چندخدایی,بی‌نیازی از هدایت,A,ربوبیت به تدبیر و پروردگاری خداوند اشاره دارد. سؤال بازطراحی‌شده برای تنوع بیشتر آزمون.,ترنم همدلی,original,1405
یازدهم,انسانی,دین و زندگی,دین و زندگی,بخش 1,توحید,,متوسط,"در میان گزینه‌های زیر، پاسخ درست را پیدا کنید:
توحید در ربوبیت به چه معناست؟",انکار خدا,چندخدایی,بی‌نیازی از هدایت,خداوند مدبر جهان است,D,ربوبیت به تدبیر و پروردگاری خداوند اشاره دارد. سؤال بازطراحی‌شده برای تنوع بیشتر آزمون.,ترنم همدلی,original,1405
یازدهم,انسانی,دین و زندگی,دین و زندگی,بخش 1,توحید,,متوسط,"کدام گزینه با محتوای سؤال زیر هماهنگ است؟
توحید در ربوبیت به چه معناست؟",چندخدایی,بی‌نیازی از هدایت,خداوند مدبر جهان است,انکار خدا,C,ربوبیت به تدبیر و پروردگاری خداوند اشاره دارد. سؤال بازطراحی‌شده برای تنوع بیشتر آزمون.,ترنم همدلی,original,1405
یازدهم,انسانی,دین و زندگی,دین و زندگی,بخش 1,توحید,,متوسط,"با توجه به پرسش زیر، گزینه صحیح را انتخاب کنید:
توحید در ربوبیت به چه معناست؟",بی‌نیازی از هدایت,خداوند مدبر جهان است,انکار خدا,چندخدایی,B,ربوبیت به تدبیر و پروردگاری خداوند اشاره دارد. سؤال بازطراحی‌شده برای تنوع بیشتر آزمون.,ترنم همدلی,original,1405
یازدهم,انسانی,دین و زندگی,دین و زندگی,بخش 1,توحید,,متوسط,"کدام گزینه از نظر محتوایی درست است؟
توحید در ربوبیت به چه معناست؟",خداوند مدبر جهان است,انکار خدا,چندخدایی,بی‌نیازی از هدایت,A,ربوبیت به تدبیر و پروردگاری خداوند اشاره دارد. سؤال بازطراحی‌شده برای تنوع بیشتر آزمون.,ترنم همدلی,original,1405
یازدهم,انسانی,دین و زندگی,دین و زندگی,بخش 1,توحید,,متوسط,"گزینه درست برای پرسش زیر را مشخص کنید:
توحید در ربوبیت به چه معناست؟",انکار خدا,چندخدایی,بی‌نیازی از هدایت,خداوند مدبر جهان است,D,ربوبیت به تدبیر و پروردگاری خداوند اشاره دارد. سؤال بازطراحی‌شده برای تنوع بیشتر آزمون.,ترنم همدلی,original,1405
یازدهم,انسانی,دین و زندگی,دین و زندگی,بخش 2,نبوت,,متوسط,"در سؤال زیر، گزینه درست را انتخاب کنید:
یکی از نیازهای انسان به پیامبران چیست؟",هدایت الهی,افزایش ثروت,حل همه مسائل علمی,حذف اختیار,A,پیامبران راه هدایت الهی را ارائه می‌کنند. سؤال بازطراحی‌شده برای تنوع بیشتر آزمون.,ترنم همدلی,original,1405
یازدهم,انسانی,دین و زندگی,دین و زندگی,بخش 2,نبوت,,متوسط,"کدام گزینه پاسخ صحیح این پرسش است؟
یکی از نیازهای انسان به پیامبران چیست؟",افزایش ثروت,حل همه مسائل علمی,حذف اختیار,هدایت الهی,D,پیامبران راه هدایت الهی را ارائه می‌کنند. سؤال بازطراحی‌شده برای تنوع بیشتر آزمون.,ترنم همدلی,original,1405
یازدهم,انسانی,دین و زندگی,دین و زندگی,بخش 2,نبوت,,متوسط,"با دقت به پرسش زیر، گزینه درست را مشخص کنید:
یکی از نیازهای انسان به پیامبران چیست؟",حل همه مسائل علمی,حذف اختیار,هدایت الهی,افزایش ثروت,C,پیامبران راه هدایت الهی را ارائه می‌کنند. سؤال بازطراحی‌شده برای تنوع بیشتر آزمون.,ترنم همدلی,original,1405
یازدهم,انسانی,دین و زندگی,دین و زندگی,بخش 2,نبوت,,متوسط,"کدام گزینه با صورت سؤال زیر سازگار است؟
یکی از نیازهای انسان به پیامبران چیست؟",حذف اختیار,هدایت الهی,افزایش ثروت,حل همه مسائل علمی,B,پیامبران راه هدایت الهی را ارائه می‌کنند. سؤال بازطراحی‌شده برای تنوع بیشتر آزمون.,ترنم همدلی,original,1405
یازدهم,انسانی,دین و زندگی,دین و زندگی,بخش 2,نبوت,,متوسط,"پاسخ صحیح پرسش زیر کدام است؟
یکی از نیازهای انسان به پیامبران چیست؟",هدایت الهی,افزایش ثروت,حل همه مسائل علمی,حذف اختیار,A,پیامبران راه هدایت الهی را ارائه می‌کنند. سؤال بازطراحی‌شده برای تنوع بیشتر آزمون.,ترنم همدلی,original,1405
یازدهم,انسانی,دین و زندگی,دین و زندگی,بخش 2,نبوت,,متوسط,"در میان گزینه‌های زیر، پاسخ درست را پیدا کنید:
یکی از نیازهای انسان به پیامبران چیست؟",افزایش ثروت,حل همه مسائل علمی,حذف اختیار,هدایت الهی,D,پیامبران راه هدایت الهی را ارائه می‌کنند. سؤال بازطراحی‌شده برای تنوع بیشتر آزمون.,ترنم همدلی,original,1405
یازدهم,انسانی,دین و زندگی,دین و زندگی,بخش 2,نبوت,,متوسط,"کدام گزینه با محتوای سؤال زیر هماهنگ است؟
یکی از نیازهای انسان به پیامبران چیست؟",حل همه مسائل علمی,حذف اختیار,هدایت الهی,افزایش ثروت,C,پیامبران راه هدایت الهی را ارائه می‌کنند. سؤال بازطراحی‌شده برای تنوع بیشتر آزمون.,ترنم همدلی,original,1405
یازدهم,انسانی,دین و زندگی,دین و زندگی,بخش 2,نبوت,,متوسط,"با توجه به پرسش زیر، گزینه صحیح را انتخاب کنید:
یکی از نیازهای انسان به پیامبران چیست؟",حذف اختیار,هدایت الهی,افزایش ثروت,حل همه مسائل علمی,B,پیامبران راه هدایت الهی را ارائه می‌کنند. سؤال بازطراحی‌شده برای تنوع بیشتر آزمون.,ترنم همدلی,original,1405
یازدهم,انسانی,دین و زندگی,دین و زندگی,بخش 2,نبوت,,متوسط,"کدام گزینه از نظر محتوایی درست است؟
یکی از نیازهای انسان به پیامبران چیست؟",هدایت الهی,افزایش ثروت,حل همه مسائل علمی,حذف اختیار,A,پیامبران راه هدایت الهی را ارائه می‌کنند. سؤال بازطراحی‌شده برای تنوع بیشتر آزمون.,ترنم همدلی,original,1405
یازدهم,انسانی,دین و زندگی,دین و زندگی,بخش 2,نبوت,,متوسط,"گزینه درست برای پرسش زیر را مشخص کنید:
یکی از نیازهای انسان به پیامبران چیست؟",افزایش ثروت,حل همه مسائل علمی,حذف اختیار,هدایت الهی,D,پیامبران راه هدایت الهی را ارائه می‌کنند. سؤال بازطراحی‌شده برای تنوع بیشتر آزمون.,ترنم همدلی,original,1405
یازدهم,انسانی,دین و زندگی,دین و زندگی,بخش 3,معاد,,متوسط,"در سؤال زیر، گزینه درست را انتخاب کنید:
باور به معاد چه اثری می‌تواند داشته باشد؟",مسئولیت‌پذیری,بی‌تفاوتی,بی‌قانونی,ناامیدی,A,باور به حسابرسی می‌تواند مسئولیت‌پذیری را تقویت کند. سؤال بازطراحی‌شده برای تنوع بیشتر آزمون.,ترنم همدلی,original,1405
یازدهم,انسانی,دین و زندگی,دین و زندگی,بخش 3,معاد,,متوسط,"کدام گزینه پاسخ صحیح این پرسش است؟
باور به معاد چه اثری می‌تواند داشته باشد؟",بی‌تفاوتی,بی‌قانونی,ناامیدی,مسئولیت‌پذیری,D,باور به حسابرسی می‌تواند مسئولیت‌پذیری را تقویت کند. سؤال بازطراحی‌شده برای تنوع بیشتر آزمون.,ترنم همدلی,original,1405
یازدهم,انسانی,دین و زندگی,دین و زندگی,بخش 3,معاد,,متوسط,"با دقت به پرسش زیر، گزینه درست را مشخص کنید:
باور به معاد چه اثری می‌تواند داشته باشد؟",بی‌قانونی,ناامیدی,مسئولیت‌پذیری,بی‌تفاوتی,C,باور به حسابرسی می‌تواند مسئولیت‌پذیری را تقویت کند. سؤال بازطراحی‌شده برای تنوع بیشتر آزمون.,ترنم همدلی,original,1405
یازدهم,انسانی,دین و زندگی,دین و زندگی,بخش 3,معاد,,متوسط,"کدام گزینه با صورت سؤال زیر سازگار است؟
باور به معاد چه اثری می‌تواند داشته باشد؟",ناامیدی,مسئولیت‌پذیری,بی‌تفاوتی,بی‌قانونی,B,باور به حسابرسی می‌تواند مسئولیت‌پذیری را تقویت کند. سؤال بازطراحی‌شده برای تنوع بیشتر آزمون.,ترنم همدلی,original,1405
یازدهم,انسانی,دین و زندگی,دین و زندگی,بخش 3,معاد,,متوسط,"پاسخ صحیح پرسش زیر کدام است؟
باور به معاد چه اثری می‌تواند داشته باشد؟",مسئولیت‌پذیری,بی‌تفاوتی,بی‌قانونی,ناامیدی,A,باور به حسابرسی می‌تواند مسئولیت‌پذیری را تقویت کند. سؤال بازطراحی‌شده برای تنوع بیشتر آزمون.,ترنم همدلی,original,1405
یازدهم,انسانی,دین و زندگی,دین و زندگی,بخش 3,معاد,,متوسط,"در میان گزینه‌های زیر، پاسخ درست را پیدا کنید:
باور به معاد چه اثری می‌تواند داشته باشد؟",بی‌تفاوتی,بی‌قانونی,ناامیدی,مسئولیت‌پذیری,D,باور به حسابرسی می‌تواند مسئولیت‌پذیری را تقویت کند. سؤال بازطراحی‌شده برای تنوع بیشتر آزمون.,ترنم همدلی,original,1405
یازدهم,انسانی,دین و زندگی,دین و زندگی,بخش 3,معاد,,متوسط,"کدام گزینه با محتوای سؤال زیر هماهنگ است؟
باور به معاد چه اثری می‌تواند داشته باشد؟",بی‌قانونی,ناامیدی,مسئولیت‌پذیری,بی‌تفاوتی,C,باور به حسابرسی می‌تواند مسئولیت‌پذیری را تقویت کند. سؤال بازطراحی‌شده برای تنوع بیشتر آزمون.,ترنم همدلی,original,1405
یازدهم,انسانی,دین و زندگی,دین و زندگی,بخش 3,معاد,,متوسط,"با توجه به پرسش زیر، گزینه صحیح را انتخاب کنید:
باور به معاد چه اثری می‌تواند داشته باشد؟",ناامیدی,مسئولیت‌پذیری,بی‌تفاوتی,بی‌قانونی,B,باور به حسابرسی می‌تواند مسئولیت‌پذیری را تقویت کند. سؤال بازطراحی‌شده برای تنوع بیشتر آزمون.,ترنم همدلی,original,1405
یازدهم,انسانی,دین و زندگی,دین و زندگی,بخش 3,معاد,,متوسط,"کدام گزینه از نظر محتوایی درست است؟
باور به معاد چه اثری می‌تواند داشته باشد؟",مسئولیت‌پذیری,بی‌تفاوتی,بی‌قانونی,ناامیدی,A,باور به حسابرسی می‌تواند مسئولیت‌پذیری را تقویت کند. سؤال بازطراحی‌شده برای تنوع بیشتر آزمون.,ترنم همدلی,original,1405
یازدهم,انسانی,دین و زندگی,دین و زندگی,بخش 3,معاد,,متوسط,"گزینه درست برای پرسش زیر را مشخص کنید:
باور به معاد چه اثری می‌تواند داشته باشد؟",بی‌تفاوتی,بی‌قانونی,ناامیدی,مسئولیت‌پذیری,D,باور به حسابرسی می‌تواند مسئولیت‌پذیری را تقویت کند. سؤال بازطراحی‌شده برای تنوع بیشتر آزمون.,ترنم همدلی,original,1405
یازدهم,انسانی,دین و زندگی,دین و زندگی,بخش 4,اخلاق,,متوسط,"در سؤال زیر، گزینه درست را انتخاب کنید:
اخلاص یعنی چه؟",انجام عمل برای رضای خدا,انجام کار برای شهرت,ترس از مردم,خودنمایی,A,اخلاص به نیت الهی در عمل اشاره دارد. سؤال بازطراحی‌شده برای تنوع بیشتر آزمون.,ترنم همدلی,original,1405
یازدهم,انسانی,دین و زندگی,دین و زندگی,بخش 4,اخلاق,,متوسط,"کدام گزینه پاسخ صحیح این پرسش است؟
اخلاص یعنی چه؟",انجام کار برای شهرت,ترس از مردم,خودنمایی,انجام عمل برای رضای خدا,D,اخلاص به نیت الهی در عمل اشاره دارد. سؤال بازطراحی‌شده برای تنوع بیشتر آزمون.,ترنم همدلی,original,1405
یازدهم,انسانی,دین و زندگی,دین و زندگی,بخش 4,اخلاق,,متوسط,"با دقت به پرسش زیر، گزینه درست را مشخص کنید:
اخلاص یعنی چه؟",ترس از مردم,خودنمایی,انجام عمل برای رضای خدا,انجام کار برای شهرت,C,اخلاص به نیت الهی در عمل اشاره دارد. سؤال بازطراحی‌شده برای تنوع بیشتر آزمون.,ترنم همدلی,original,1405
یازدهم,انسانی,دین و زندگی,دین و زندگی,بخش 4,اخلاق,,متوسط,"کدام گزینه با صورت سؤال زیر سازگار است؟
اخلاص یعنی چه؟",خودنمایی,انجام عمل برای رضای خدا,انجام کار برای شهرت,ترس از مردم,B,اخلاص به نیت الهی در عمل اشاره دارد. سؤال بازطراحی‌شده برای تنوع بیشتر آزمون.,ترنم همدلی,original,1405
یازدهم,انسانی,دین و زندگی,دین و زندگی,بخش 4,اخلاق,,متوسط,"پاسخ صحیح پرسش زیر کدام است؟
اخلاص یعنی چه؟",انجام عمل برای رضای خدا,انجام کار برای شهرت,ترس از مردم,خودنمایی,A,اخلاص به نیت الهی در عمل اشاره دارد. سؤال بازطراحی‌شده برای تنوع بیشتر آزمون.,ترنم همدلی,original,1405
یازدهم,انسانی,دین و زندگی,دین و زندگی,بخش 4,اخلاق,,متوسط,"در میان گزینه‌های زیر، پاسخ درست را پیدا کنید:
اخلاص یعنی چه؟",انجام کار برای شهرت,ترس از مردم,خودنمایی,انجام عمل برای رضای خدا,D,اخلاص به نیت الهی در عمل اشاره دارد. سؤال بازطراحی‌شده برای تنوع بیشتر آزمون.,ترنم همدلی,original,1405
یازدهم,انسانی,دین و زندگی,دین و زندگی,بخش 4,اخلاق,,متوسط,"کدام گزینه با محتوای سؤال زیر هماهنگ است؟
اخلاص یعنی چه؟",ترس از مردم,خودنمایی,انجام عمل برای رضای خدا,انجام کار برای شهرت,C,اخلاص به نیت الهی در عمل اشاره دارد. سؤال بازطراحی‌شده برای تنوع بیشتر آزمون.,ترنم همدلی,original,1405
یازدهم,انسانی,دین و زندگی,دین و زندگی,بخش 4,اخلاق,,متوسط,"با توجه به پرسش زیر، گزینه صحیح را انتخاب کنید:
اخلاص یعنی چه؟",خودنمایی,انجام عمل برای رضای خدا,انجام کار برای شهرت,ترس از مردم,B,اخلاص به نیت الهی در عمل اشاره دارد. سؤال بازطراحی‌شده برای تنوع بیشتر آزمون.,ترنم همدلی,original,1405
یازدهم,انسانی,دین و زندگی,دین و زندگی,بخش 4,اخلاق,,متوسط,"کدام گزینه از نظر محتوایی درست است؟
اخلاص یعنی چه؟",انجام عمل برای رضای خدا,انجام کار برای شهرت,ترس از مردم,خودنمایی,A,اخلاص به نیت الهی در عمل اشاره دارد. سؤال بازطراحی‌شده برای تنوع بیشتر آزمون.,ترنم همدلی,original,1405
یازدهم,انسانی,دین و زندگی,دین و زندگی,بخش 4,اخلاق,,متوسط,"گزینه درست برای پرسش زیر را مشخص کنید:
اخلاص یعنی چه؟",انجام کار برای شهرت,ترس از مردم,خودنمایی,انجام عمل برای رضای خدا,D,اخلاص به نیت الهی در عمل اشاره دارد. سؤال بازطراحی‌شده برای تنوع بیشتر آزمون.,ترنم همدلی,original,1405
یازدهم,انسانی,دین و زندگی,دین و زندگی,بخش 5,اختیار,,متوسط,"در سؤال زیر، گزینه درست را انتخاب کنید:
اختیار انسان با مسئولیت چه ارتباطی دارد؟",انتخاب زمینه مسئولیت است,هیچ ارتباطی ندارد,اختیار مسئولیت را حذف می‌کند,مسئولیت را ناممکن می‌کند,A,مسئولیت اخلاقی بر انتخاب آگاهانه استوار است. سؤال بازطراحی‌شده برای تنوع بیشتر آزمون.,ترنم همدلی,original,1405
یازدهم,انسانی,دین و زندگی,دین و زندگی,بخش 5,اختیار,,متوسط,"کدام گزینه پاسخ صحیح این پرسش است؟
اختیار انسان با مسئولیت چه ارتباطی دارد؟",هیچ ارتباطی ندارد,اختیار مسئولیت را حذف می‌کند,مسئولیت را ناممکن می‌کند,انتخاب زمینه مسئولیت است,D,مسئولیت اخلاقی بر انتخاب آگاهانه استوار است. سؤال بازطراحی‌شده برای تنوع بیشتر آزمون.,ترنم همدلی,original,1405
یازدهم,انسانی,دین و زندگی,دین و زندگی,بخش 5,اختیار,,متوسط,"با دقت به پرسش زیر، گزینه درست را مشخص کنید:
اختیار انسان با مسئولیت چه ارتباطی دارد؟",اختیار مسئولیت را حذف می‌کند,مسئولیت را ناممکن می‌کند,انتخاب زمینه مسئولیت است,هیچ ارتباطی ندارد,C,مسئولیت اخلاقی بر انتخاب آگاهانه استوار است. سؤال بازطراحی‌شده برای تنوع بیشتر آزمون.,ترنم همدلی,original,1405
یازدهم,انسانی,دین و زندگی,دین و زندگی,بخش 5,اختیار,,متوسط,"کدام گزینه با صورت سؤال زیر سازگار است؟
اختیار انسان با مسئولیت چه ارتباطی دارد؟",مسئولیت را ناممکن می‌کند,انتخاب زمینه مسئولیت است,هیچ ارتباطی ندارد,اختیار مسئولیت را حذف می‌کند,B,مسئولیت اخلاقی بر انتخاب آگاهانه استوار است. سؤال بازطراحی‌شده برای تنوع بیشتر آزمون.,ترنم همدلی,original,1405
یازدهم,انسانی,دین و زندگی,دین و زندگی,بخش 5,اختیار,,متوسط,"پاسخ صحیح پرسش زیر کدام است؟
اختیار انسان با مسئولیت چه ارتباطی دارد؟",انتخاب زمینه مسئولیت است,هیچ ارتباطی ندارد,اختیار مسئولیت را حذف می‌کند,مسئولیت را ناممکن می‌کند,A,مسئولیت اخلاقی بر انتخاب آگاهانه استوار است. سؤال بازطراحی‌شده برای تنوع بیشتر آزمون.,ترنم همدلی,original,1405
یازدهم,انسانی,دین و زندگی,دین و زندگی,بخش 5,اختیار,,متوسط,"در میان گزینه‌های زیر، پاسخ درست را پیدا کنید:
اختیار انسان با مسئولیت چه ارتباطی دارد؟",هیچ ارتباطی ندارد,اختیار مسئولیت را حذف می‌کند,مسئولیت را ناممکن می‌کند,انتخاب زمینه مسئولیت است,D,مسئولیت اخلاقی بر انتخاب آگاهانه استوار است. سؤال بازطراحی‌شده برای تنوع بیشتر آزمون.,ترنم همدلی,original,1405
یازدهم,انسانی,دین و زندگی,دین و زندگی,بخش 5,اختیار,,متوسط,"کدام گزینه با محتوای سؤال زیر هماهنگ است؟
اختیار انسان با مسئولیت چه ارتباطی دارد؟",اختیار مسئولیت را حذف می‌کند,مسئولیت را ناممکن می‌کند,انتخاب زمینه مسئولیت است,هیچ ارتباطی ندارد,C,مسئولیت اخلاقی بر انتخاب آگاهانه استوار است. سؤال بازطراحی‌شده برای تنوع بیشتر آزمون.,ترنم همدلی,original,1405
یازدهم,انسانی,دین و زندگی,دین و زندگی,بخش 5,اختیار,,متوسط,"با توجه به پرسش زیر، گزینه صحیح را انتخاب کنید:
اختیار انسان با مسئولیت چه ارتباطی دارد؟",مسئولیت را ناممکن می‌کند,انتخاب زمینه مسئولیت است,هیچ ارتباطی ندارد,اختیار مسئولیت را حذف می‌کند,B,مسئولیت اخلاقی بر انتخاب آگاهانه استوار است. سؤال بازطراحی‌شده برای تنوع بیشتر آزمون.,ترنم همدلی,original,1405
یازدهم,انسانی,دین و زندگی,دین و زندگی,بخش 5,اختیار,,متوسط,"کدام گزینه از نظر محتوایی درست است؟
اختیار انسان با مسئولیت چه ارتباطی دارد؟",انتخاب زمینه مسئولیت است,هیچ ارتباطی ندارد,اختیار مسئولیت را حذف می‌کند,مسئولیت را ناممکن می‌کند,A,مسئولیت اخلاقی بر انتخاب آگاهانه استوار است. سؤال بازطراحی‌شده برای تنوع بیشتر آزمون.,ترنم همدلی,original,1405
یازدهم,انسانی,دین و زندگی,دین و زندگی,بخش 5,اختیار,,متوسط,"گزینه درست برای پرسش زیر را مشخص کنید:
اختیار انسان با مسئولیت چه ارتباطی دارد؟",هیچ ارتباطی ندارد,اختیار مسئولیت را حذف می‌کند,مسئولیت را ناممکن می‌کند,انتخاب زمینه مسئولیت است,D,مسئولیت اخلاقی بر انتخاب آگاهانه استوار است. سؤال بازطراحی‌شده برای تنوع بیشتر آزمون.,ترنم همدلی,original,1405
یازدهم,انسانی,دین و زندگی,دین و زندگی,بخش 6,هدایت,,متوسط,"در سؤال زیر، گزینه درست را انتخاب کنید:
عقل و وحی چه نقشی در هدایت دارند؟",راهنمایی انسان,ایجاد سردرگمی,حذف انتخاب,افزایش جهل,A,هر دو در چارچوب آموزه دینی ابزار هدایت‌اند. سؤال بازطراحی‌شده برای تنوع بیشتر آزمون.,ترنم همدلی,original,1405
یازدهم,انسانی,دین و زندگی,دین و زندگی,بخش 6,هدایت,,متوسط,"کدام گزینه پاسخ صحیح این پرسش است؟
عقل و وحی چه نقشی در هدایت دارند؟",ایجاد سردرگمی,حذف انتخاب,افزایش جهل,راهنمایی انسان,D,هر دو در چارچوب آموزه دینی ابزار هدایت‌اند. سؤال بازطراحی‌شده برای تنوع بیشتر آزمون.,ترنم همدلی,original,1405
یازدهم,انسانی,دین و زندگی,دین و زندگی,بخش 6,هدایت,,متوسط,"با دقت به پرسش زیر، گزینه درست را مشخص کنید:
عقل و وحی چه نقشی در هدایت دارند؟",حذف انتخاب,افزایش جهل,راهنمایی انسان,ایجاد سردرگمی,C,هر دو در چارچوب آموزه دینی ابزار هدایت‌اند. سؤال بازطراحی‌شده برای تنوع بیشتر آزمون.,ترنم همدلی,original,1405
یازدهم,انسانی,دین و زندگی,دین و زندگی,بخش 6,هدایت,,متوسط,"کدام گزینه با صورت سؤال زیر سازگار است؟
عقل و وحی چه نقشی در هدایت دارند؟",افزایش جهل,راهنمایی انسان,ایجاد سردرگمی,حذف انتخاب,B,هر دو در چارچوب آموزه دینی ابزار هدایت‌اند. سؤال بازطراحی‌شده برای تنوع بیشتر آزمون.,ترنم همدلی,original,1405
یازدهم,انسانی,دین و زندگی,دین و زندگی,بخش 6,هدایت,,متوسط,"پاسخ صحیح پرسش زیر کدام است؟
عقل و وحی چه نقشی در هدایت دارند؟",راهنمایی انسان,ایجاد سردرگمی,حذف انتخاب,افزایش جهل,A,هر دو در چارچوب آموزه دینی ابزار هدایت‌اند. سؤال بازطراحی‌شده برای تنوع بیشتر آزمون.,ترنم همدلی,original,1405
یازدهم,انسانی,دین و زندگی,دین و زندگی,بخش 6,هدایت,,متوسط,"در میان گزینه‌های زیر، پاسخ درست را پیدا کنید:
عقل و وحی چه نقشی در هدایت دارند؟",ایجاد سردرگمی,حذف انتخاب,افزایش جهل,راهنمایی انسان,D,هر دو در چارچوب آموزه دینی ابزار هدایت‌اند. سؤال بازطراحی‌شده برای تنوع بیشتر آزمون.,ترنم همدلی,original,1405
یازدهم,انسانی,دین و زندگی,دین و زندگی,بخش 6,هدایت,,متوسط,"کدام گزینه با محتوای سؤال زیر هماهنگ است؟
عقل و وحی چه نقشی در هدایت دارند؟",حذف انتخاب,افزایش جهل,راهنمایی انسان,ایجاد سردرگمی,C,هر دو در چارچوب آموزه دینی ابزار هدایت‌اند. سؤال بازطراحی‌شده برای تنوع بیشتر آزمون.,ترنم همدلی,original,1405
یازدهم,انسانی,دین و زندگی,دین و زندگی,بخش 6,هدایت,,متوسط,"با توجه به پرسش زیر، گزینه صحیح را انتخاب کنید:
عقل و وحی چه نقشی در هدایت دارند؟",افزایش جهل,راهنمایی انسان,ایجاد سردرگمی,حذف انتخاب,B,هر دو در چارچوب آموزه دینی ابزار هدایت‌اند. سؤال بازطراحی‌شده برای تنوع بیشتر آزمون.,ترنم همدلی,original,1405
یازدهم,انسانی,دین و زندگی,دین و زندگی,بخش 6,هدایت,,متوسط,"کدام گزینه از نظر محتوایی درست است؟
عقل و وحی چه نقشی در هدایت دارند؟",راهنمایی انسان,ایجاد سردرگمی,حذف انتخاب,افزایش جهل,A,هر دو در چارچوب آموزه دینی ابزار هدایت‌اند. سؤال بازطراحی‌شده برای تنوع بیشتر آزمون.,ترنم همدلی,original,1405
یازدهم,انسانی,دین و زندگی,دین و زندگی,بخش 6,هدایت,,متوسط,"گزینه درست برای پرسش زیر را مشخص کنید:
عقل و وحی چه نقشی در هدایت دارند؟",ایجاد سردرگمی,حذف انتخاب,افزایش جهل,راهنمایی انسان,D,هر دو در چارچوب آموزه دینی ابزار هدایت‌اند. سؤال بازطراحی‌شده برای تنوع بیشتر آزمون.,ترنم همدلی,original,1405
یازدهم,انسانی,زبان انگلیسی,زبان انگلیسی,بخش 1,واژگان,,متوسط,"در سؤال زیر، گزینه درست را انتخاب کنید:
meaning of ""benefit"" چیست؟",فایده,خطر,هزینه,شکست,A,benefit یعنی فایده. سؤال بازطراحی‌شده برای تنوع بیشتر آزمون.,ترنم همدلی,original,1405
یازدهم,انسانی,زبان انگلیسی,زبان انگلیسی,بخش 1,واژگان,,متوسط,"کدام گزینه پاسخ صحیح این پرسش است؟
meaning of ""benefit"" چیست؟",خطر,هزینه,شکست,فایده,D,benefit یعنی فایده. سؤال بازطراحی‌شده برای تنوع بیشتر آزمون.,ترنم همدلی,original,1405
یازدهم,انسانی,زبان انگلیسی,زبان انگلیسی,بخش 1,واژگان,,متوسط,"با دقت به پرسش زیر، گزینه درست را مشخص کنید:
meaning of ""benefit"" چیست؟",هزینه,شکست,فایده,خطر,C,benefit یعنی فایده. سؤال بازطراحی‌شده برای تنوع بیشتر آزمون.,ترنم همدلی,original,1405
یازدهم,انسانی,زبان انگلیسی,زبان انگلیسی,بخش 1,واژگان,,متوسط,"کدام گزینه با صورت سؤال زیر سازگار است؟
meaning of ""benefit"" چیست؟",شکست,فایده,خطر,هزینه,B,benefit یعنی فایده. سؤال بازطراحی‌شده برای تنوع بیشتر آزمون.,ترنم همدلی,original,1405
یازدهم,انسانی,زبان انگلیسی,زبان انگلیسی,بخش 1,واژگان,,متوسط,"پاسخ صحیح پرسش زیر کدام است؟
meaning of ""benefit"" چیست؟",فایده,خطر,هزینه,شکست,A,benefit یعنی فایده. سؤال بازطراحی‌شده برای تنوع بیشتر آزمون.,ترنم همدلی,original,1405
یازدهم,انسانی,زبان انگلیسی,زبان انگلیسی,بخش 1,واژگان,,متوسط,"در میان گزینه‌های زیر، پاسخ درست را پیدا کنید:
meaning of ""benefit"" چیست؟",خطر,هزینه,شکست,فایده,D,benefit یعنی فایده. سؤال بازطراحی‌شده برای تنوع بیشتر آزمون.,ترنم همدلی,original,1405
یازدهم,انسانی,زبان انگلیسی,زبان انگلیسی,بخش 1,واژگان,,متوسط,"کدام گزینه با محتوای سؤال زیر هماهنگ است؟
meaning of ""benefit"" چیست؟",هزینه,شکست,فایده,خطر,C,benefit یعنی فایده. سؤال بازطراحی‌شده برای تنوع بیشتر آزمون.,ترنم همدلی,original,1405
یازدهم,انسانی,زبان انگلیسی,زبان انگلیسی,بخش 1,واژگان,,متوسط,"با توجه به پرسش زیر، گزینه صحیح را انتخاب کنید:
meaning of ""benefit"" چیست؟",شکست,فایده,خطر,هزینه,B,benefit یعنی فایده. سؤال بازطراحی‌شده برای تنوع بیشتر آزمون.,ترنم همدلی,original,1405
یازدهم,انسانی,زبان انگلیسی,زبان انگلیسی,بخش 1,واژگان,,متوسط,"کدام گزینه از نظر محتوایی درست است؟
meaning of ""benefit"" چیست؟",فایده,خطر,هزینه,شکست,A,benefit یعنی فایده. سؤال بازطراحی‌شده برای تنوع بیشتر آزمون.,ترنم همدلی,original,1405
یازدهم,انسانی,زبان انگلیسی,زبان انگلیسی,بخش 1,واژگان,,متوسط,"گزینه درست برای پرسش زیر را مشخص کنید:
meaning of ""benefit"" چیست؟",خطر,هزینه,شکست,فایده,D,benefit یعنی فایده. سؤال بازطراحی‌شده برای تنوع بیشتر آزمون.,ترنم همدلی,original,1405
یازدهم,انسانی,زبان انگلیسی,زبان انگلیسی,بخش 2,گرامر,,متوسط,"در سؤال زیر، گزینه درست را انتخاب کنید:
کدام جمله درست است؟",She has finished her work.,She have finished.,She finish has.,She finishing has.,A,ساختار حال کامل برای she با has است. سؤال بازطراحی‌شده برای تنوع بیشتر آزمون.,ترنم همدلی,original,1405
یازدهم,انسانی,زبان انگلیسی,زبان انگلیسی,بخش 2,گرامر,,متوسط,"کدام گزینه پاسخ صحیح این پرسش است؟
کدام جمله درست است؟",She have finished.,She finish has.,She finishing has.,She has finished her work.,D,ساختار حال کامل برای she با has است. سؤال بازطراحی‌شده برای تنوع بیشتر آزمون.,ترنم همدلی,original,1405
یازدهم,انسانی,زبان انگلیسی,زبان انگلیسی,بخش 2,گرامر,,متوسط,"با دقت به پرسش زیر، گزینه درست را مشخص کنید:
کدام جمله درست است؟",She finish has.,She finishing has.,She has finished her work.,She have finished.,C,ساختار حال کامل برای she با has است. سؤال بازطراحی‌شده برای تنوع بیشتر آزمون.,ترنم همدلی,original,1405
یازدهم,انسانی,زبان انگلیسی,زبان انگلیسی,بخش 2,گرامر,,متوسط,"کدام گزینه با صورت سؤال زیر سازگار است؟
کدام جمله درست است؟",She finishing has.,She has finished her work.,She have finished.,She finish has.,B,ساختار حال کامل برای she با has است. سؤال بازطراحی‌شده برای تنوع بیشتر آزمون.,ترنم همدلی,original,1405
یازدهم,انسانی,زبان انگلیسی,زبان انگلیسی,بخش 2,گرامر,,متوسط,"پاسخ صحیح پرسش زیر کدام است؟
کدام جمله درست است؟",She has finished her work.,She have finished.,She finish has.,She finishing has.,A,ساختار حال کامل برای she با has است. سؤال بازطراحی‌شده برای تنوع بیشتر آزمون.,ترنم همدلی,original,1405
یازدهم,انسانی,زبان انگلیسی,زبان انگلیسی,بخش 2,گرامر,,متوسط,"در میان گزینه‌های زیر، پاسخ درست را پیدا کنید:
کدام جمله درست است؟",She have finished.,She finish has.,She finishing has.,She has finished her work.,D,ساختار حال کامل برای she با has است. سؤال بازطراحی‌شده برای تنوع بیشتر آزمون.,ترنم همدلی,original,1405
یازدهم,انسانی,زبان انگلیسی,زبان انگلیسی,بخش 2,گرامر,,متوسط,"کدام گزینه با محتوای سؤال زیر هماهنگ است؟
کدام جمله درست است؟",She finish has.,She finishing has.,She has finished her work.,She have finished.,C,ساختار حال کامل برای she با has است. سؤال بازطراحی‌شده برای تنوع بیشتر آزمون.,ترنم همدلی,original,1405
یازدهم,انسانی,زبان انگلیسی,زبان انگلیسی,بخش 2,گرامر,,متوسط,"با توجه به پرسش زیر، گزینه صحیح را انتخاب کنید:
کدام جمله درست است؟",She finishing has.,She has finished her work.,She have finished.,She finish has.,B,ساختار حال کامل برای she با has است. سؤال بازطراحی‌شده برای تنوع بیشتر آزمون.,ترنم همدلی,original,1405
یازدهم,انسانی,زبان انگلیسی,زبان انگلیسی,بخش 2,گرامر,,متوسط,"کدام گزینه از نظر محتوایی درست است؟
کدام جمله درست است؟",She has finished her work.,She have finished.,She finish has.,She finishing has.,A,ساختار حال کامل برای she با has است. سؤال بازطراحی‌شده برای تنوع بیشتر آزمون.,ترنم همدلی,original,1405
یازدهم,انسانی,زبان انگلیسی,زبان انگلیسی,بخش 2,گرامر,,متوسط,"گزینه درست برای پرسش زیر را مشخص کنید:
کدام جمله درست است؟",She have finished.,She finish has.,She finishing has.,She has finished her work.,D,ساختار حال کامل برای she با has است. سؤال بازطراحی‌شده برای تنوع بیشتر آزمون.,ترنم همدلی,original,1405
یازدهم,انسانی,زبان انگلیسی,زبان انگلیسی,بخش 3,مجهول,,متوسط,"در سؤال زیر، گزینه درست را انتخاب کنید:
کدام جمله مجهول است؟",Ali wrote the letter.,The letter was written by Ali.,Ali writes letters.,Ali is writing.,B,در جمله دوم فاعل گیرنده عمل است. سؤال بازطراحی‌شده برای تنوع بیشتر آزمون.,ترنم همدلی,original,1405
یازدهم,انسانی,زبان انگلیسی,زبان انگلیسی,بخش 3,مجهول,,متوسط,"کدام گزینه پاسخ صحیح این پرسش است؟
کدام جمله مجهول است؟",The letter was written by Ali.,Ali writes letters.,Ali is writing.,Ali wrote the letter.,A,در جمله دوم فاعل گیرنده عمل است. سؤال بازطراحی‌شده برای تنوع بیشتر آزمون.,ترنم همدلی,original,1405
یازدهم,انسانی,زبان انگلیسی,زبان انگلیسی,بخش 3,مجهول,,متوسط,"با دقت به پرسش زیر، گزینه درست را مشخص کنید:
کدام جمله مجهول است؟",Ali writes letters.,Ali is writing.,Ali wrote the letter.,The letter was written by Ali.,D,در جمله دوم فاعل گیرنده عمل است. سؤال بازطراحی‌شده برای تنوع بیشتر آزمون.,ترنم همدلی,original,1405
یازدهم,انسانی,زبان انگلیسی,زبان انگلیسی,بخش 3,مجهول,,متوسط,"کدام گزینه با صورت سؤال زیر سازگار است؟
کدام جمله مجهول است؟",Ali is writing.,Ali wrote the letter.,The letter was written by Ali.,Ali writes letters.,C,در جمله دوم فاعل گیرنده عمل است. سؤال بازطراحی‌شده برای تنوع بیشتر آزمون.,ترنم همدلی,original,1405
یازدهم,انسانی,زبان انگلیسی,زبان انگلیسی,بخش 3,مجهول,,متوسط,"پاسخ صحیح پرسش زیر کدام است؟
کدام جمله مجهول است؟",Ali wrote the letter.,The letter was written by Ali.,Ali writes letters.,Ali is writing.,B,در جمله دوم فاعل گیرنده عمل است. سؤال بازطراحی‌شده برای تنوع بیشتر آزمون.,ترنم همدلی,original,1405
یازدهم,انسانی,زبان انگلیسی,زبان انگلیسی,بخش 3,مجهول,,متوسط,"در میان گزینه‌های زیر، پاسخ درست را پیدا کنید:
کدام جمله مجهول است؟",The letter was written by Ali.,Ali writes letters.,Ali is writing.,Ali wrote the letter.,A,در جمله دوم فاعل گیرنده عمل است. سؤال بازطراحی‌شده برای تنوع بیشتر آزمون.,ترنم همدلی,original,1405
یازدهم,انسانی,زبان انگلیسی,زبان انگلیسی,بخش 3,مجهول,,متوسط,"کدام گزینه با محتوای سؤال زیر هماهنگ است؟
کدام جمله مجهول است؟",Ali writes letters.,Ali is writing.,Ali wrote the letter.,The letter was written by Ali.,D,در جمله دوم فاعل گیرنده عمل است. سؤال بازطراحی‌شده برای تنوع بیشتر آزمون.,ترنم همدلی,original,1405
یازدهم,انسانی,زبان انگلیسی,زبان انگلیسی,بخش 3,مجهول,,متوسط,"با توجه به پرسش زیر، گزینه صحیح را انتخاب کنید:
کدام جمله مجهول است؟",Ali is writing.,Ali wrote the letter.,The letter was written by Ali.,Ali writes letters.,C,در جمله دوم فاعل گیرنده عمل است. سؤال بازطراحی‌شده برای تنوع بیشتر آزمون.,ترنم همدلی,original,1405
یازدهم,انسانی,زبان انگلیسی,زبان انگلیسی,بخش 3,مجهول,,متوسط,"کدام گزینه از نظر محتوایی درست است؟
کدام جمله مجهول است؟",Ali wrote the letter.,The letter was written by Ali.,Ali writes letters.,Ali is writing.,B,در جمله دوم فاعل گیرنده عمل است. سؤال بازطراحی‌شده برای تنوع بیشتر آزمون.,ترنم همدلی,original,1405
یازدهم,انسانی,زبان انگلیسی,زبان انگلیسی,بخش 3,مجهول,,متوسط,"گزینه درست برای پرسش زیر را مشخص کنید:
کدام جمله مجهول است؟",The letter was written by Ali.,Ali writes letters.,Ali is writing.,Ali wrote the letter.,A,در جمله دوم فاعل گیرنده عمل است. سؤال بازطراحی‌شده برای تنوع بیشتر آزمون.,ترنم همدلی,original,1405
یازدهم,انسانی,زبان انگلیسی,زبان انگلیسی,بخش 4,شرطی,,متوسط,"در سؤال زیر، گزینه درست را انتخاب کنید:
کدام جمله شرطی نوع اول است؟","If it rains, we will stay home.","If it rained, we would stay.","If it had rained, we would have stayed.",It rains yesterday.,A,شرطی نوع اول معمولاً if+حال و will دارد. سؤال بازطراحی‌شده برای تنوع بیشتر آزمون.,ترنم همدلی,original,1405
یازدهم,انسانی,زبان انگلیسی,زبان انگلیسی,بخش 4,شرطی,,متوسط,"کدام گزینه پاسخ صحیح این پرسش است؟
کدام جمله شرطی نوع اول است؟","If it rained, we would stay.","If it had rained, we would have stayed.",It rains yesterday.,"If it rains, we will stay home.",D,شرطی نوع اول معمولاً if+حال و will دارد. سؤال بازطراحی‌شده برای تنوع بیشتر آزمون.,ترنم همدلی,original,1405
یازدهم,انسانی,زبان انگلیسی,زبان انگلیسی,بخش 4,شرطی,,متوسط,"با دقت به پرسش زیر، گزینه درست را مشخص کنید:
کدام جمله شرطی نوع اول است؟","If it had rained, we would have stayed.",It rains yesterday.,"If it rains, we will stay home.","If it rained, we would stay.",C,شرطی نوع اول معمولاً if+حال و will دارد. سؤال بازطراحی‌شده برای تنوع بیشتر آزمون.,ترنم همدلی,original,1405
یازدهم,انسانی,زبان انگلیسی,زبان انگلیسی,بخش 4,شرطی,,متوسط,"کدام گزینه با صورت سؤال زیر سازگار است؟
کدام جمله شرطی نوع اول است؟",It rains yesterday.,"If it rains, we will stay home.","If it rained, we would stay.","If it had rained, we would have stayed.",B,شرطی نوع اول معمولاً if+حال و will دارد. سؤال بازطراحی‌شده برای تنوع بیشتر آزمون.,ترنم همدلی,original,1405
یازدهم,انسانی,زبان انگلیسی,زبان انگلیسی,بخش 4,شرطی,,متوسط,"پاسخ صحیح پرسش زیر کدام است؟
کدام جمله شرطی نوع اول است؟","If it rains, we will stay home.","If it rained, we would stay.","If it had rained, we would have stayed.",It rains yesterday.,A,شرطی نوع اول معمولاً if+حال و will دارد. سؤال بازطراحی‌شده برای تنوع بیشتر آزمون.,ترنم همدلی,original,1405
یازدهم,انسانی,زبان انگلیسی,زبان انگلیسی,بخش 4,شرطی,,متوسط,"در میان گزینه‌های زیر، پاسخ درست را پیدا کنید:
کدام جمله شرطی نوع اول است؟","If it rained, we would stay.","If it had rained, we would have stayed.",It rains yesterday.,"If it rains, we will stay home.",D,شرطی نوع اول معمولاً if+حال و will دارد. سؤال بازطراحی‌شده برای تنوع بیشتر آزمون.,ترنم همدلی,original,1405
یازدهم,انسانی,زبان انگلیسی,زبان انگلیسی,بخش 4,شرطی,,متوسط,"کدام گزینه با محتوای سؤال زیر هماهنگ است؟
کدام جمله شرطی نوع اول است؟","If it had rained, we would have stayed.",It rains yesterday.,"If it rains, we will stay home.","If it rained, we would stay.",C,شرطی نوع اول معمولاً if+حال و will دارد. سؤال بازطراحی‌شده برای تنوع بیشتر آزمون.,ترنم همدلی,original,1405
یازدهم,انسانی,زبان انگلیسی,زبان انگلیسی,بخش 4,شرطی,,متوسط,"با توجه به پرسش زیر، گزینه صحیح را انتخاب کنید:
کدام جمله شرطی نوع اول است؟",It rains yesterday.,"If it rains, we will stay home.","If it rained, we would stay.","If it had rained, we would have stayed.",B,شرطی نوع اول معمولاً if+حال و will دارد. سؤال بازطراحی‌شده برای تنوع بیشتر آزمون.,ترنم همدلی,original,1405
یازدهم,انسانی,زبان انگلیسی,زبان انگلیسی,بخش 4,شرطی,,متوسط,"کدام گزینه از نظر محتوایی درست است؟
کدام جمله شرطی نوع اول است؟","If it rains, we will stay home.","If it rained, we would stay.","If it had rained, we would have stayed.",It rains yesterday.,A,شرطی نوع اول معمولاً if+حال و will دارد. سؤال بازطراحی‌شده برای تنوع بیشتر آزمون.,ترنم همدلی,original,1405
یازدهم,انسانی,زبان انگلیسی,زبان انگلیسی,بخش 4,شرطی,,متوسط,"گزینه درست برای پرسش زیر را مشخص کنید:
کدام جمله شرطی نوع اول است؟","If it rained, we would stay.","If it had rained, we would have stayed.",It rains yesterday.,"If it rains, we will stay home.",D,شرطی نوع اول معمولاً if+حال و will دارد. سؤال بازطراحی‌شده برای تنوع بیشتر آزمون.,ترنم همدلی,original,1405
یازدهم,انسانی,زبان انگلیسی,زبان انگلیسی,بخش 5,درک مطلب,,متوسط,"در سؤال زیر، گزینه درست را انتخاب کنید:
برای فهم ایده اصلی متن چه چیزی مهم است؟",تمرکز بر پیام کلی,حفظ همه کلمات,نادیده گرفتن عنوان,فقط ترجمه یک جمله,A,ایده اصلی پیام کلی متن است. سؤال بازطراحی‌شده برای تنوع بیشتر آزمون.,ترنم همدلی,original,1405
یازدهم,انسانی,زبان انگلیسی,زبان انگلیسی,بخش 5,درک مطلب,,متوسط,"کدام گزینه پاسخ صحیح این پرسش است؟
برای فهم ایده اصلی متن چه چیزی مهم است؟",حفظ همه کلمات,نادیده گرفتن عنوان,فقط ترجمه یک جمله,تمرکز بر پیام کلی,D,ایده اصلی پیام کلی متن است. سؤال بازطراحی‌شده برای تنوع بیشتر آزمون.,ترنم همدلی,original,1405
یازدهم,انسانی,زبان انگلیسی,زبان انگلیسی,بخش 5,درک مطلب,,متوسط,"با دقت به پرسش زیر، گزینه درست را مشخص کنید:
برای فهم ایده اصلی متن چه چیزی مهم است؟",نادیده گرفتن عنوان,فقط ترجمه یک جمله,تمرکز بر پیام کلی,حفظ همه کلمات,C,ایده اصلی پیام کلی متن است. سؤال بازطراحی‌شده برای تنوع بیشتر آزمون.,ترنم همدلی,original,1405
یازدهم,انسانی,زبان انگلیسی,زبان انگلیسی,بخش 5,درک مطلب,,متوسط,"کدام گزینه با صورت سؤال زیر سازگار است؟
برای فهم ایده اصلی متن چه چیزی مهم است؟",فقط ترجمه یک جمله,تمرکز بر پیام کلی,حفظ همه کلمات,نادیده گرفتن عنوان,B,ایده اصلی پیام کلی متن است. سؤال بازطراحی‌شده برای تنوع بیشتر آزمون.,ترنم همدلی,original,1405
یازدهم,انسانی,زبان انگلیسی,زبان انگلیسی,بخش 5,درک مطلب,,متوسط,"پاسخ صحیح پرسش زیر کدام است؟
برای فهم ایده اصلی متن چه چیزی مهم است؟",تمرکز بر پیام کلی,حفظ همه کلمات,نادیده گرفتن عنوان,فقط ترجمه یک جمله,A,ایده اصلی پیام کلی متن است. سؤال بازطراحی‌شده برای تنوع بیشتر آزمون.,ترنم همدلی,original,1405
یازدهم,انسانی,زبان انگلیسی,زبان انگلیسی,بخش 5,درک مطلب,,متوسط,"در میان گزینه‌های زیر، پاسخ درست را پیدا کنید:
برای فهم ایده اصلی متن چه چیزی مهم است؟",حفظ همه کلمات,نادیده گرفتن عنوان,فقط ترجمه یک جمله,تمرکز بر پیام کلی,D,ایده اصلی پیام کلی متن است. سؤال بازطراحی‌شده برای تنوع بیشتر آزمون.,ترنم همدلی,original,1405
یازدهم,انسانی,زبان انگلیسی,زبان انگلیسی,بخش 5,درک مطلب,,متوسط,"کدام گزینه با محتوای سؤال زیر هماهنگ است؟
برای فهم ایده اصلی متن چه چیزی مهم است؟",نادیده گرفتن عنوان,فقط ترجمه یک جمله,تمرکز بر پیام کلی,حفظ همه کلمات,C,ایده اصلی پیام کلی متن است. سؤال بازطراحی‌شده برای تنوع بیشتر آزمون.,ترنم همدلی,original,1405
یازدهم,انسانی,زبان انگلیسی,زبان انگلیسی,بخش 5,درک مطلب,,متوسط,"با توجه به پرسش زیر، گزینه صحیح را انتخاب کنید:
برای فهم ایده اصلی متن چه چیزی مهم است؟",فقط ترجمه یک جمله,تمرکز بر پیام کلی,حفظ همه کلمات,نادیده گرفتن عنوان,B,ایده اصلی پیام کلی متن است. سؤال بازطراحی‌شده برای تنوع بیشتر آزمون.,ترنم همدلی,original,1405
یازدهم,انسانی,زبان انگلیسی,زبان انگلیسی,بخش 5,درک مطلب,,متوسط,"کدام گزینه از نظر محتوایی درست است؟
برای فهم ایده اصلی متن چه چیزی مهم است؟",تمرکز بر پیام کلی,حفظ همه کلمات,نادیده گرفتن عنوان,فقط ترجمه یک جمله,A,ایده اصلی پیام کلی متن است. سؤال بازطراحی‌شده برای تنوع بیشتر آزمون.,ترنم همدلی,original,1405
یازدهم,انسانی,زبان انگلیسی,زبان انگلیسی,بخش 5,درک مطلب,,متوسط,"گزینه درست برای پرسش زیر را مشخص کنید:
برای فهم ایده اصلی متن چه چیزی مهم است؟",حفظ همه کلمات,نادیده گرفتن عنوان,فقط ترجمه یک جمله,تمرکز بر پیام کلی,D,ایده اصلی پیام کلی متن است. سؤال بازطراحی‌شده برای تنوع بیشتر آزمون.,ترنم همدلی,original,1405
یازدهم,انسانی,زبان انگلیسی,زبان انگلیسی,بخش 6,واژگان,,متوسط,"در سؤال زیر، گزینه درست را انتخاب کنید:
opposite of ""increase"" چیست؟",decrease,improve,expand,raise,A,decrease متضاد increase است. سؤال بازطراحی‌شده برای تنوع بیشتر آزمون.,ترنم همدلی,original,1405
یازدهم,انسانی,زبان انگلیسی,زبان انگلیسی,بخش 6,واژگان,,متوسط,"کدام گزینه پاسخ صحیح این پرسش است؟
opposite of ""increase"" چیست؟",improve,expand,raise,decrease,D,decrease متضاد increase است. سؤال بازطراحی‌شده برای تنوع بیشتر آزمون.,ترنم همدلی,original,1405
یازدهم,انسانی,زبان انگلیسی,زبان انگلیسی,بخش 6,واژگان,,متوسط,"با دقت به پرسش زیر، گزینه درست را مشخص کنید:
opposite of ""increase"" چیست؟",expand,raise,decrease,improve,C,decrease متضاد increase است. سؤال بازطراحی‌شده برای تنوع بیشتر آزمون.,ترنم همدلی,original,1405
یازدهم,انسانی,زبان انگلیسی,زبان انگلیسی,بخش 6,واژگان,,متوسط,"کدام گزینه با صورت سؤال زیر سازگار است؟
opposite of ""increase"" چیست؟",raise,decrease,improve,expand,B,decrease متضاد increase است. سؤال بازطراحی‌شده برای تنوع بیشتر آزمون.,ترنم همدلی,original,1405
یازدهم,انسانی,زبان انگلیسی,زبان انگلیسی,بخش 6,واژگان,,متوسط,"پاسخ صحیح پرسش زیر کدام است؟
opposite of ""increase"" چیست؟",decrease,improve,expand,raise,A,decrease متضاد increase است. سؤال بازطراحی‌شده برای تنوع بیشتر آزمون.,ترنم همدلی,original,1405
یازدهم,انسانی,زبان انگلیسی,زبان انگلیسی,بخش 6,واژگان,,متوسط,"در میان گزینه‌های زیر، پاسخ درست را پیدا کنید:
opposite of ""increase"" چیست؟",improve,expand,raise,decrease,D,decrease متضاد increase است. سؤال بازطراحی‌شده برای تنوع بیشتر آزمون.,ترنم همدلی,original,1405
یازدهم,انسانی,زبان انگلیسی,زبان انگلیسی,بخش 6,واژگان,,متوسط,"کدام گزینه با محتوای سؤال زیر هماهنگ است؟
opposite of ""increase"" چیست؟",expand,raise,decrease,improve,C,decrease متضاد increase است. سؤال بازطراحی‌شده برای تنوع بیشتر آزمون.,ترنم همدلی,original,1405
یازدهم,انسانی,زبان انگلیسی,زبان انگلیسی,بخش 6,واژگان,,متوسط,"با توجه به پرسش زیر، گزینه صحیح را انتخاب کنید:
opposite of ""increase"" چیست؟",raise,decrease,improve,expand,B,decrease متضاد increase است. سؤال بازطراحی‌شده برای تنوع بیشتر آزمون.,ترنم همدلی,original,1405
یازدهم,انسانی,زبان انگلیسی,زبان انگلیسی,بخش 6,واژگان,,متوسط,"کدام گزینه از نظر محتوایی درست است؟
opposite of ""increase"" چیست؟",decrease,improve,expand,raise,A,decrease متضاد increase است. سؤال بازطراحی‌شده برای تنوع بیشتر آزمون.,ترنم همدلی,original,1405
یازدهم,انسانی,زبان انگلیسی,زبان انگلیسی,بخش 6,واژگان,,متوسط,"گزینه درست برای پرسش زیر را مشخص کنید:
opposite of ""increase"" چیست؟",improve,expand,raise,decrease,D,decrease متضاد increase است. سؤال بازطراحی‌شده برای تنوع بیشتر آزمون.,ترنم همدلی,original,1405
یازدهم,انسانی,علوم و فنون ادبی,علوم و فنون ادبی یازدهم,بخش 1,عروض,,متوسط,"در سؤال زیر، گزینه درست را انتخاب کنید:
واحد بنیادی وزن شعر فارسی چیست؟",هجا,بند,جمله,مصراع تنها,A,وزن بر پایه هجاها بررسی می‌شود. سؤال بازطراحی‌شده برای تنوع بیشتر آزمون.,ترنم همدلی,original,1405
یازدهم,انسانی,علوم و فنون ادبی,علوم و فنون ادبی یازدهم,بخش 1,عروض,,متوسط,"کدام گزینه پاسخ صحیح این پرسش است؟
واحد بنیادی وزن شعر فارسی چیست؟",بند,جمله,مصراع تنها,هجا,D,وزن بر پایه هجاها بررسی می‌شود. سؤال بازطراحی‌شده برای تنوع بیشتر آزمون.,ترنم همدلی,original,1405
یازدهم,انسانی,علوم و فنون ادبی,علوم و فنون ادبی یازدهم,بخش 1,عروض,,متوسط,"با دقت به پرسش زیر، گزینه درست را مشخص کنید:
واحد بنیادی وزن شعر فارسی چیست؟",جمله,مصراع تنها,هجا,بند,C,وزن بر پایه هجاها بررسی می‌شود. سؤال بازطراحی‌شده برای تنوع بیشتر آزمون.,ترنم همدلی,original,1405
یازدهم,انسانی,علوم و فنون ادبی,علوم و فنون ادبی یازدهم,بخش 1,عروض,,متوسط,"کدام گزینه با صورت سؤال زیر سازگار است؟
واحد بنیادی وزن شعر فارسی چیست؟",مصراع تنها,هجا,بند,جمله,B,وزن بر پایه هجاها بررسی می‌شود. سؤال بازطراحی‌شده برای تنوع بیشتر آزمون.,ترنم همدلی,original,1405
یازدهم,انسانی,علوم و فنون ادبی,علوم و فنون ادبی یازدهم,بخش 1,عروض,,متوسط,"پاسخ صحیح پرسش زیر کدام است؟
واحد بنیادی وزن شعر فارسی چیست؟",هجا,بند,جمله,مصراع تنها,A,وزن بر پایه هجاها بررسی می‌شود. سؤال بازطراحی‌شده برای تنوع بیشتر آزمون.,ترنم همدلی,original,1405
یازدهم,انسانی,علوم و فنون ادبی,علوم و فنون ادبی یازدهم,بخش 1,عروض,,متوسط,"در میان گزینه‌های زیر، پاسخ درست را پیدا کنید:
واحد بنیادی وزن شعر فارسی چیست؟",بند,جمله,مصراع تنها,هجا,D,وزن بر پایه هجاها بررسی می‌شود. سؤال بازطراحی‌شده برای تنوع بیشتر آزمون.,ترنم همدلی,original,1405
یازدهم,انسانی,علوم و فنون ادبی,علوم و فنون ادبی یازدهم,بخش 1,عروض,,متوسط,"کدام گزینه با محتوای سؤال زیر هماهنگ است؟
واحد بنیادی وزن شعر فارسی چیست؟",جمله,مصراع تنها,هجا,بند,C,وزن بر پایه هجاها بررسی می‌شود. سؤال بازطراحی‌شده برای تنوع بیشتر آزمون.,ترنم همدلی,original,1405
یازدهم,انسانی,علوم و فنون ادبی,علوم و فنون ادبی یازدهم,بخش 1,عروض,,متوسط,"با توجه به پرسش زیر، گزینه صحیح را انتخاب کنید:
واحد بنیادی وزن شعر فارسی چیست؟",مصراع تنها,هجا,بند,جمله,B,وزن بر پایه هجاها بررسی می‌شود. سؤال بازطراحی‌شده برای تنوع بیشتر آزمون.,ترنم همدلی,original,1405
یازدهم,انسانی,علوم و فنون ادبی,علوم و فنون ادبی یازدهم,بخش 1,عروض,,متوسط,"کدام گزینه از نظر محتوایی درست است؟
واحد بنیادی وزن شعر فارسی چیست؟",هجا,بند,جمله,مصراع تنها,A,وزن بر پایه هجاها بررسی می‌شود. سؤال بازطراحی‌شده برای تنوع بیشتر آزمون.,ترنم همدلی,original,1405
یازدهم,انسانی,علوم و فنون ادبی,علوم و فنون ادبی یازدهم,بخش 1,عروض,,متوسط,"گزینه درست برای پرسش زیر را مشخص کنید:
واحد بنیادی وزن شعر فارسی چیست؟",بند,جمله,مصراع تنها,هجا,D,وزن بر پایه هجاها بررسی می‌شود. سؤال بازطراحی‌شده برای تنوع بیشتر آزمون.,ترنم همدلی,original,1405
یازدهم,انسانی,علوم و فنون ادبی,علوم و فنون ادبی یازدهم,بخش 2,آرایه,,متوسط,"در سؤال زیر، گزینه درست را انتخاب کنید:
تضاد چیست؟",جمع دو مفهوم مخالف,تکرار صدا,تشبیه,حذف فعل,A,تضاد کنار هم آمدن مفاهیم مخالف است. سؤال بازطراحی‌شده برای تنوع بیشتر آزمون.,ترنم همدلی,original,1405
یازدهم,انسانی,علوم و فنون ادبی,علوم و فنون ادبی یازدهم,بخش 2,آرایه,,متوسط,"کدام گزینه پاسخ صحیح این پرسش است؟
تضاد چیست؟",تکرار صدا,تشبیه,حذف فعل,جمع دو مفهوم مخالف,D,تضاد کنار هم آمدن مفاهیم مخالف است. سؤال بازطراحی‌شده برای تنوع بیشتر آزمون.,ترنم همدلی,original,1405
یازدهم,انسانی,علوم و فنون ادبی,علوم و فنون ادبی یازدهم,بخش 2,آرایه,,متوسط,"با دقت به پرسش زیر، گزینه درست را مشخص کنید:
تضاد چیست؟",تشبیه,حذف فعل,جمع دو مفهوم مخالف,تکرار صدا,C,تضاد کنار هم آمدن مفاهیم مخالف است. سؤال بازطراحی‌شده برای تنوع بیشتر آزمون.,ترنم همدلی,original,1405
یازدهم,انسانی,علوم و فنون ادبی,علوم و فنون ادبی یازدهم,بخش 2,آرایه,,متوسط,"کدام گزینه با صورت سؤال زیر سازگار است؟
تضاد چیست؟",حذف فعل,جمع دو مفهوم مخالف,تکرار صدا,تشبیه,B,تضاد کنار هم آمدن مفاهیم مخالف است. سؤال بازطراحی‌شده برای تنوع بیشتر آزمون.,ترنم همدلی,original,1405
یازدهم,انسانی,علوم و فنون ادبی,علوم و فنون ادبی یازدهم,بخش 2,آرایه,,متوسط,"پاسخ صحیح پرسش زیر کدام است؟
تضاد چیست؟",جمع دو مفهوم مخالف,تکرار صدا,تشبیه,حذف فعل,A,تضاد کنار هم آمدن مفاهیم مخالف است. سؤال بازطراحی‌شده برای تنوع بیشتر آزمون.,ترنم همدلی,original,1405
یازدهم,انسانی,علوم و فنون ادبی,علوم و فنون ادبی یازدهم,بخش 2,آرایه,,متوسط,"در میان گزینه‌های زیر، پاسخ درست را پیدا کنید:
تضاد چیست؟",تکرار صدا,تشبیه,حذف فعل,جمع دو مفهوم مخالف,D,تضاد کنار هم آمدن مفاهیم مخالف است. سؤال بازطراحی‌شده برای تنوع بیشتر آزمون.,ترنم همدلی,original,1405
یازدهم,انسانی,علوم و فنون ادبی,علوم و فنون ادبی یازدهم,بخش 2,آرایه,,متوسط,"کدام گزینه با محتوای سؤال زیر هماهنگ است؟
تضاد چیست؟",تشبیه,حذف فعل,جمع دو مفهوم مخالف,تکرار صدا,C,تضاد کنار هم آمدن مفاهیم مخالف است. سؤال بازطراحی‌شده برای تنوع بیشتر آزمون.,ترنم همدلی,original,1405
یازدهم,انسانی,علوم و فنون ادبی,علوم و فنون ادبی یازدهم,بخش 2,آرایه,,متوسط,"با توجه به پرسش زیر، گزینه صحیح را انتخاب کنید:
تضاد چیست؟",حذف فعل,جمع دو مفهوم مخالف,تکرار صدا,تشبیه,B,تضاد کنار هم آمدن مفاهیم مخالف است. سؤال بازطراحی‌شده برای تنوع بیشتر آزمون.,ترنم همدلی,original,1405
یازدهم,انسانی,علوم و فنون ادبی,علوم و فنون ادبی یازدهم,بخش 2,آرایه,,متوسط,"کدام گزینه از نظر محتوایی درست است؟
تضاد چیست؟",جمع دو مفهوم مخالف,تکرار صدا,تشبیه,حذف فعل,A,تضاد کنار هم آمدن مفاهیم مخالف است. سؤال بازطراحی‌شده برای تنوع بیشتر آزمون.,ترنم همدلی,original,1405
یازدهم,انسانی,علوم و فنون ادبی,علوم و فنون ادبی یازدهم,بخش 2,آرایه,,متوسط,"گزینه درست برای پرسش زیر را مشخص کنید:
تضاد چیست؟",تکرار صدا,تشبیه,حذف فعل,جمع دو مفهوم مخالف,D,تضاد کنار هم آمدن مفاهیم مخالف است. سؤال بازطراحی‌شده برای تنوع بیشتر آزمون.,ترنم همدلی,original,1405
یازدهم,انسانی,علوم و فنون ادبی,علوم و فنون ادبی یازدهم,بخش 3,قافیه,,متوسط,"در سؤال زیر، گزینه درست را انتخاب کنید:
قافیه در شعر چه نقشی دارد؟",آهنگ و هماهنگی پایانی,معنی واژه,ساخت جمله,تغییر موضوع,A,قافیه به هماهنگی پایانی شعر کمک می‌کند. سؤال بازطراحی‌شده برای تنوع بیشتر آزمون.,ترنم همدلی,original,1405
یازدهم,انسانی,علوم و فنون ادبی,علوم و فنون ادبی یازدهم,بخش 3,قافیه,,متوسط,"کدام گزینه پاسخ صحیح این پرسش است؟
قافیه در شعر چه نقشی دارد؟",معنی واژه,ساخت جمله,تغییر موضوع,آهنگ و هماهنگی پایانی,D,قافیه به هماهنگی پایانی شعر کمک می‌کند. سؤال بازطراحی‌شده برای تنوع بیشتر آزمون.,ترنم همدلی,original,1405
یازدهم,انسانی,علوم و فنون ادبی,علوم و فنون ادبی یازدهم,بخش 3,قافیه,,متوسط,"با دقت به پرسش زیر، گزینه درست را مشخص کنید:
قافیه در شعر چه نقشی دارد؟",ساخت جمله,تغییر موضوع,آهنگ و هماهنگی پایانی,معنی واژه,C,قافیه به هماهنگی پایانی شعر کمک می‌کند. سؤال بازطراحی‌شده برای تنوع بیشتر آزمون.,ترنم همدلی,original,1405
یازدهم,انسانی,علوم و فنون ادبی,علوم و فنون ادبی یازدهم,بخش 3,قافیه,,متوسط,"کدام گزینه با صورت سؤال زیر سازگار است؟
قافیه در شعر چه نقشی دارد؟",تغییر موضوع,آهنگ و هماهنگی پایانی,معنی واژه,ساخت جمله,B,قافیه به هماهنگی پایانی شعر کمک می‌کند. سؤال بازطراحی‌شده برای تنوع بیشتر آزمون.,ترنم همدلی,original,1405
یازدهم,انسانی,علوم و فنون ادبی,علوم و فنون ادبی یازدهم,بخش 3,قافیه,,متوسط,"پاسخ صحیح پرسش زیر کدام است؟
قافیه در شعر چه نقشی دارد؟",آهنگ و هماهنگی پایانی,معنی واژه,ساخت جمله,تغییر موضوع,A,قافیه به هماهنگی پایانی شعر کمک می‌کند. سؤال بازطراحی‌شده برای تنوع بیشتر آزمون.,ترنم همدلی,original,1405
یازدهم,انسانی,علوم و فنون ادبی,علوم و فنون ادبی یازدهم,بخش 3,قافیه,,متوسط,"در میان گزینه‌های زیر، پاسخ درست را پیدا کنید:
قافیه در شعر چه نقشی دارد؟",معنی واژه,ساخت جمله,تغییر موضوع,آهنگ و هماهنگی پایانی,D,قافیه به هماهنگی پایانی شعر کمک می‌کند. سؤال بازطراحی‌شده برای تنوع بیشتر آزمون.,ترنم همدلی,original,1405
یازدهم,انسانی,علوم و فنون ادبی,علوم و فنون ادبی یازدهم,بخش 3,قافیه,,متوسط,"کدام گزینه با محتوای سؤال زیر هماهنگ است؟
قافیه در شعر چه نقشی دارد؟",ساخت جمله,تغییر موضوع,آهنگ و هماهنگی پایانی,معنی واژه,C,قافیه به هماهنگی پایانی شعر کمک می‌کند. سؤال بازطراحی‌شده برای تنوع بیشتر آزمون.,ترنم همدلی,original,1405
یازدهم,انسانی,علوم و فنون ادبی,علوم و فنون ادبی یازدهم,بخش 3,قافیه,,متوسط,"با توجه به پرسش زیر، گزینه صحیح را انتخاب کنید:
قافیه در شعر چه نقشی دارد؟",تغییر موضوع,آهنگ و هماهنگی پایانی,معنی واژه,ساخت جمله,B,قافیه به هماهنگی پایانی شعر کمک می‌کند. سؤال بازطراحی‌شده برای تنوع بیشتر آزمون.,ترنم همدلی,original,1405
یازدهم,انسانی,علوم و فنون ادبی,علوم و فنون ادبی یازدهم,بخش 3,قافیه,,متوسط,"کدام گزینه از نظر محتوایی درست است؟
قافیه در شعر چه نقشی دارد؟",آهنگ و هماهنگی پایانی,معنی واژه,ساخت جمله,تغییر موضوع,A,قافیه به هماهنگی پایانی شعر کمک می‌کند. سؤال بازطراحی‌شده برای تنوع بیشتر آزمون.,ترنم همدلی,original,1405
یازدهم,انسانی,علوم و فنون ادبی,علوم و فنون ادبی یازدهم,بخش 3,قافیه,,متوسط,"گزینه درست برای پرسش زیر را مشخص کنید:
قافیه در شعر چه نقشی دارد؟",معنی واژه,ساخت جمله,تغییر موضوع,آهنگ و هماهنگی پایانی,D,قافیه به هماهنگی پایانی شعر کمک می‌کند. سؤال بازطراحی‌شده برای تنوع بیشتر آزمون.,ترنم همدلی,original,1405
یازدهم,انسانی,علوم و فنون ادبی,علوم و فنون ادبی یازدهم,بخش 4,سبک,,متوسط,"در سؤال زیر، گزینه درست را انتخاب کنید:
سبک خراسانی چه ویژگی برجسته‌ای دارد؟",زبان نسبتاً ساده و استوار,پیچیدگی کامل عرفانی,زبان کاملاً محاوره‌ای,نبود وزن,A,از ویژگی‌های شناخته‌شده سبک خراسانی زبان نسبتاً ساده و استوار است. سؤال بازطراحی‌شده برای تنوع بیشتر آزمون.,ترنم همدلی,original,1405
یازدهم,انسانی,علوم و فنون ادبی,علوم و فنون ادبی یازدهم,بخش 4,سبک,,متوسط,"کدام گزینه پاسخ صحیح این پرسش است؟
سبک خراسانی چه ویژگی برجسته‌ای دارد؟",پیچیدگی کامل عرفانی,زبان کاملاً محاوره‌ای,نبود وزن,زبان نسبتاً ساده و استوار,D,از ویژگی‌های شناخته‌شده سبک خراسانی زبان نسبتاً ساده و استوار است. سؤال بازطراحی‌شده برای تنوع بیشتر آزمون.,ترنم همدلی,original,1405
یازدهم,انسانی,علوم و فنون ادبی,علوم و فنون ادبی یازدهم,بخش 4,سبک,,متوسط,"با دقت به پرسش زیر، گزینه درست را مشخص کنید:
سبک خراسانی چه ویژگی برجسته‌ای دارد؟",زبان کاملاً محاوره‌ای,نبود وزن,زبان نسبتاً ساده و استوار,پیچیدگی کامل عرفانی,C,از ویژگی‌های شناخته‌شده سبک خراسانی زبان نسبتاً ساده و استوار است. سؤال بازطراحی‌شده برای تنوع بیشتر آزمون.,ترنم همدلی,original,1405
یازدهم,انسانی,علوم و فنون ادبی,علوم و فنون ادبی یازدهم,بخش 4,سبک,,متوسط,"کدام گزینه با صورت سؤال زیر سازگار است؟
سبک خراسانی چه ویژگی برجسته‌ای دارد؟",نبود وزن,زبان نسبتاً ساده و استوار,پیچیدگی کامل عرفانی,زبان کاملاً محاوره‌ای,B,از ویژگی‌های شناخته‌شده سبک خراسانی زبان نسبتاً ساده و استوار است. سؤال بازطراحی‌شده برای تنوع بیشتر آزمون.,ترنم همدلی,original,1405
یازدهم,انسانی,علوم و فنون ادبی,علوم و فنون ادبی یازدهم,بخش 4,سبک,,متوسط,"پاسخ صحیح پرسش زیر کدام است؟
سبک خراسانی چه ویژگی برجسته‌ای دارد؟",زبان نسبتاً ساده و استوار,پیچیدگی کامل عرفانی,زبان کاملاً محاوره‌ای,نبود وزن,A,از ویژگی‌های شناخته‌شده سبک خراسانی زبان نسبتاً ساده و استوار است. سؤال بازطراحی‌شده برای تنوع بیشتر آزمون.,ترنم همدلی,original,1405
یازدهم,انسانی,علوم و فنون ادبی,علوم و فنون ادبی یازدهم,بخش 4,سبک,,متوسط,"در میان گزینه‌های زیر، پاسخ درست را پیدا کنید:
سبک خراسانی چه ویژگی برجسته‌ای دارد؟",پیچیدگی کامل عرفانی,زبان کاملاً محاوره‌ای,نبود وزن,زبان نسبتاً ساده و استوار,D,از ویژگی‌های شناخته‌شده سبک خراسانی زبان نسبتاً ساده و استوار است. سؤال بازطراحی‌شده برای تنوع بیشتر آزمون.,ترنم همدلی,original,1405
یازدهم,انسانی,علوم و فنون ادبی,علوم و فنون ادبی یازدهم,بخش 4,سبک,,متوسط,"کدام گزینه با محتوای سؤال زیر هماهنگ است؟
سبک خراسانی چه ویژگی برجسته‌ای دارد؟",زبان کاملاً محاوره‌ای,نبود وزن,زبان نسبتاً ساده و استوار,پیچیدگی کامل عرفانی,C,از ویژگی‌های شناخته‌شده سبک خراسانی زبان نسبتاً ساده و استوار است. سؤال بازطراحی‌شده برای تنوع بیشتر آزمون.,ترنم همدلی,original,1405
یازدهم,انسانی,علوم و فنون ادبی,علوم و فنون ادبی یازدهم,بخش 4,سبک,,متوسط,"با توجه به پرسش زیر، گزینه صحیح را انتخاب کنید:
سبک خراسانی چه ویژگی برجسته‌ای دارد؟",نبود وزن,زبان نسبتاً ساده و استوار,پیچیدگی کامل عرفانی,زبان کاملاً محاوره‌ای,B,از ویژگی‌های شناخته‌شده سبک خراسانی زبان نسبتاً ساده و استوار است. سؤال بازطراحی‌شده برای تنوع بیشتر آزمون.,ترنم همدلی,original,1405
یازدهم,انسانی,علوم و فنون ادبی,علوم و فنون ادبی یازدهم,بخش 4,سبک,,متوسط,"کدام گزینه از نظر محتوایی درست است؟
سبک خراسانی چه ویژگی برجسته‌ای دارد؟",زبان نسبتاً ساده و استوار,پیچیدگی کامل عرفانی,زبان کاملاً محاوره‌ای,نبود وزن,A,از ویژگی‌های شناخته‌شده سبک خراسانی زبان نسبتاً ساده و استوار است. سؤال بازطراحی‌شده برای تنوع بیشتر آزمون.,ترنم همدلی,original,1405
یازدهم,انسانی,علوم و فنون ادبی,علوم و فنون ادبی یازدهم,بخش 4,سبک,,متوسط,"گزینه درست برای پرسش زیر را مشخص کنید:
سبک خراسانی چه ویژگی برجسته‌ای دارد؟",پیچیدگی کامل عرفانی,زبان کاملاً محاوره‌ای,نبود وزن,زبان نسبتاً ساده و استوار,D,از ویژگی‌های شناخته‌شده سبک خراسانی زبان نسبتاً ساده و استوار است. سؤال بازطراحی‌شده برای تنوع بیشتر آزمون.,ترنم همدلی,original,1405
یازدهم,انسانی,علوم و فنون ادبی,علوم و فنون ادبی یازدهم,بخش 5,واج‌آرایی,,متوسط,"در سؤال زیر، گزینه درست را انتخاب کنید:
واج‌آرایی چیست؟",تکرار یک واج,تکرار معنی,تضاد,تشبیه,A,تکرار آوای یک واج واج‌آرایی است. سؤال بازطراحی‌شده برای تنوع بیشتر آزمون.,ترنم همدلی,original,1405
یازدهم,انسانی,علوم و فنون ادبی,علوم و فنون ادبی یازدهم,بخش 5,واج‌آرایی,,متوسط,"کدام گزینه پاسخ صحیح این پرسش است؟
واج‌آرایی چیست؟",تکرار معنی,تضاد,تشبیه,تکرار یک واج,D,تکرار آوای یک واج واج‌آرایی است. سؤال بازطراحی‌شده برای تنوع بیشتر آزمون.,ترنم همدلی,original,1405
یازدهم,انسانی,علوم و فنون ادبی,علوم و فنون ادبی یازدهم,بخش 5,واج‌آرایی,,متوسط,"با دقت به پرسش زیر، گزینه درست را مشخص کنید:
واج‌آرایی چیست؟",تضاد,تشبیه,تکرار یک واج,تکرار معنی,C,تکرار آوای یک واج واج‌آرایی است. سؤال بازطراحی‌شده برای تنوع بیشتر آزمون.,ترنم همدلی,original,1405
یازدهم,انسانی,علوم و فنون ادبی,علوم و فنون ادبی یازدهم,بخش 5,واج‌آرایی,,متوسط,"کدام گزینه با صورت سؤال زیر سازگار است؟
واج‌آرایی چیست؟",تشبیه,تکرار یک واج,تکرار معنی,تضاد,B,تکرار آوای یک واج واج‌آرایی است. سؤال بازطراحی‌شده برای تنوع بیشتر آزمون.,ترنم همدلی,original,1405
یازدهم,انسانی,علوم و فنون ادبی,علوم و فنون ادبی یازدهم,بخش 5,واج‌آرایی,,متوسط,"پاسخ صحیح پرسش زیر کدام است؟
واج‌آرایی چیست؟",تکرار یک واج,تکرار معنی,تضاد,تشبیه,A,تکرار آوای یک واج واج‌آرایی است. سؤال بازطراحی‌شده برای تنوع بیشتر آزمون.,ترنم همدلی,original,1405
یازدهم,انسانی,علوم و فنون ادبی,علوم و فنون ادبی یازدهم,بخش 5,واج‌آرایی,,متوسط,"در میان گزینه‌های زیر، پاسخ درست را پیدا کنید:
واج‌آرایی چیست؟",تکرار معنی,تضاد,تشبیه,تکرار یک واج,D,تکرار آوای یک واج واج‌آرایی است. سؤال بازطراحی‌شده برای تنوع بیشتر آزمون.,ترنم همدلی,original,1405
یازدهم,انسانی,علوم و فنون ادبی,علوم و فنون ادبی یازدهم,بخش 5,واج‌آرایی,,متوسط,"کدام گزینه با محتوای سؤال زیر هماهنگ است؟
واج‌آرایی چیست؟",تضاد,تشبیه,تکرار یک واج,تکرار معنی,C,تکرار آوای یک واج واج‌آرایی است. سؤال بازطراحی‌شده برای تنوع بیشتر آزمون.,ترنم همدلی,original,1405
یازدهم,انسانی,علوم و فنون ادبی,علوم و فنون ادبی یازدهم,بخش 5,واج‌آرایی,,متوسط,"با توجه به پرسش زیر، گزینه صحیح را انتخاب کنید:
واج‌آرایی چیست؟",تشبیه,تکرار یک واج,تکرار معنی,تضاد,B,تکرار آوای یک واج واج‌آرایی است. سؤال بازطراحی‌شده برای تنوع بیشتر آزمون.,ترنم همدلی,original,1405
یازدهم,انسانی,علوم و فنون ادبی,علوم و فنون ادبی یازدهم,بخش 5,واج‌آرایی,,متوسط,"کدام گزینه از نظر محتوایی درست است؟
واج‌آرایی چیست؟",تکرار یک واج,تکرار معنی,تضاد,تشبیه,A,تکرار آوای یک واج واج‌آرایی است. سؤال بازطراحی‌شده برای تنوع بیشتر آزمون.,ترنم همدلی,original,1405
یازدهم,انسانی,علوم و فنون ادبی,علوم و فنون ادبی یازدهم,بخش 5,واج‌آرایی,,متوسط,"گزینه درست برای پرسش زیر را مشخص کنید:
واج‌آرایی چیست؟",تکرار معنی,تضاد,تشبیه,تکرار یک واج,D,تکرار آوای یک واج واج‌آرایی است. سؤال بازطراحی‌شده برای تنوع بیشتر آزمون.,ترنم همدلی,original,1405
یازدهم,انسانی,علوم و فنون ادبی,علوم و فنون ادبی یازدهم,بخش 6,معانی,,متوسط,"در سؤال زیر، گزینه درست را انتخاب کنید:
خبر در جمله چه نقشی دارد؟",انتقال اطلاعات درباره نهاد,فقط پرسش,امر,نداء,A,خبر درباره نهاد اطلاعات می‌دهد. سؤال بازطراحی‌شده برای تنوع بیشتر آزمون.,ترنم همدلی,original,1405
یازدهم,انسانی,علوم و فنون ادبی,علوم و فنون ادبی یازدهم,بخش 6,معانی,,متوسط,"کدام گزینه پاسخ صحیح این پرسش است؟
خبر در جمله چه نقشی دارد؟",فقط پرسش,امر,نداء,انتقال اطلاعات درباره نهاد,D,خبر درباره نهاد اطلاعات می‌دهد. سؤال بازطراحی‌شده برای تنوع بیشتر آزمون.,ترنم همدلی,original,1405
یازدهم,انسانی,علوم و فنون ادبی,علوم و فنون ادبی یازدهم,بخش 6,معانی,,متوسط,"با دقت به پرسش زیر، گزینه درست را مشخص کنید:
خبر در جمله چه نقشی دارد؟",امر,نداء,انتقال اطلاعات درباره نهاد,فقط پرسش,C,خبر درباره نهاد اطلاعات می‌دهد. سؤال بازطراحی‌شده برای تنوع بیشتر آزمون.,ترنم همدلی,original,1405
یازدهم,انسانی,علوم و فنون ادبی,علوم و فنون ادبی یازدهم,بخش 6,معانی,,متوسط,"کدام گزینه با صورت سؤال زیر سازگار است؟
خبر در جمله چه نقشی دارد؟",نداء,انتقال اطلاعات درباره نهاد,فقط پرسش,امر,B,خبر درباره نهاد اطلاعات می‌دهد. سؤال بازطراحی‌شده برای تنوع بیشتر آزمون.,ترنم همدلی,original,1405
یازدهم,انسانی,علوم و فنون ادبی,علوم و فنون ادبی یازدهم,بخش 6,معانی,,متوسط,"پاسخ صحیح پرسش زیر کدام است؟
خبر در جمله چه نقشی دارد؟",انتقال اطلاعات درباره نهاد,فقط پرسش,امر,نداء,A,خبر درباره نهاد اطلاعات می‌دهد. سؤال بازطراحی‌شده برای تنوع بیشتر آزمون.,ترنم همدلی,original,1405
یازدهم,انسانی,علوم و فنون ادبی,علوم و فنون ادبی یازدهم,بخش 6,معانی,,متوسط,"در میان گزینه‌های زیر، پاسخ درست را پیدا کنید:
خبر در جمله چه نقشی دارد؟",فقط پرسش,امر,نداء,انتقال اطلاعات درباره نهاد,D,خبر درباره نهاد اطلاعات می‌دهد. سؤال بازطراحی‌شده برای تنوع بیشتر آزمون.,ترنم همدلی,original,1405
یازدهم,انسانی,علوم و فنون ادبی,علوم و فنون ادبی یازدهم,بخش 6,معانی,,متوسط,"کدام گزینه با محتوای سؤال زیر هماهنگ است؟
خبر در جمله چه نقشی دارد؟",امر,نداء,انتقال اطلاعات درباره نهاد,فقط پرسش,C,خبر درباره نهاد اطلاعات می‌دهد. سؤال بازطراحی‌شده برای تنوع بیشتر آزمون.,ترنم همدلی,original,1405
یازدهم,انسانی,علوم و فنون ادبی,علوم و فنون ادبی یازدهم,بخش 6,معانی,,متوسط,"با توجه به پرسش زیر، گزینه صحیح را انتخاب کنید:
خبر در جمله چه نقشی دارد؟",نداء,انتقال اطلاعات درباره نهاد,فقط پرسش,امر,B,خبر درباره نهاد اطلاعات می‌دهد. سؤال بازطراحی‌شده برای تنوع بیشتر آزمون.,ترنم همدلی,original,1405
یازدهم,انسانی,علوم و فنون ادبی,علوم و فنون ادبی یازدهم,بخش 6,معانی,,متوسط,"کدام گزینه از نظر محتوایی درست است؟
خبر در جمله چه نقشی دارد؟",انتقال اطلاعات درباره نهاد,فقط پرسش,امر,نداء,A,خبر درباره نهاد اطلاعات می‌دهد. سؤال بازطراحی‌شده برای تنوع بیشتر آزمون.,ترنم همدلی,original,1405
یازدهم,انسانی,علوم و فنون ادبی,علوم و فنون ادبی یازدهم,بخش 6,معانی,,متوسط,"گزینه درست برای پرسش زیر را مشخص کنید:
خبر در جمله چه نقشی دارد؟",فقط پرسش,امر,نداء,انتقال اطلاعات درباره نهاد,D,خبر درباره نهاد اطلاعات می‌دهد. سؤال بازطراحی‌شده برای تنوع بیشتر آزمون.,ترنم همدلی,original,1405
یازدهم,انسانی,جامعه‌شناسی,جامعه‌شناسی یازدهم,بخش 1,کنش اجتماعی,,متوسط,"در سؤال زیر، گزینه درست را انتخاب کنید:
کنش اجتماعی چیست؟",رفتار معنادار نسبت به دیگران,حرکت فیزیکی بدون معنا,فقط تفکر,واکنش شیمیایی,A,کنش اجتماعی رفتار معنادار در ارتباط با دیگران است. سؤال بازطراحی‌شده برای تنوع بیشتر آزمون.,ترنم همدلی,original,1405
یازدهم,انسانی,جامعه‌شناسی,جامعه‌شناسی یازدهم,بخش 1,کنش اجتماعی,,متوسط,"کدام گزینه پاسخ صحیح این پرسش است؟
کنش اجتماعی چیست؟",حرکت فیزیکی بدون معنا,فقط تفکر,واکنش شیمیایی,رفتار معنادار نسبت به دیگران,D,کنش اجتماعی رفتار معنادار در ارتباط با دیگران است. سؤال بازطراحی‌شده برای تنوع بیشتر آزمون.,ترنم همدلی,original,1405
یازدهم,انسانی,جامعه‌شناسی,جامعه‌شناسی یازدهم,بخش 1,کنش اجتماعی,,متوسط,"با دقت به پرسش زیر، گزینه درست را مشخص کنید:
کنش اجتماعی چیست؟",فقط تفکر,واکنش شیمیایی,رفتار معنادار نسبت به دیگران,حرکت فیزیکی بدون معنا,C,کنش اجتماعی رفتار معنادار در ارتباط با دیگران است. سؤال بازطراحی‌شده برای تنوع بیشتر آزمون.,ترنم همدلی,original,1405
یازدهم,انسانی,جامعه‌شناسی,جامعه‌شناسی یازدهم,بخش 1,کنش اجتماعی,,متوسط,"کدام گزینه با صورت سؤال زیر سازگار است؟
کنش اجتماعی چیست؟",واکنش شیمیایی,رفتار معنادار نسبت به دیگران,حرکت فیزیکی بدون معنا,فقط تفکر,B,کنش اجتماعی رفتار معنادار در ارتباط با دیگران است. سؤال بازطراحی‌شده برای تنوع بیشتر آزمون.,ترنم همدلی,original,1405
یازدهم,انسانی,جامعه‌شناسی,جامعه‌شناسی یازدهم,بخش 1,کنش اجتماعی,,متوسط,"پاسخ صحیح پرسش زیر کدام است؟
کنش اجتماعی چیست؟",رفتار معنادار نسبت به دیگران,حرکت فیزیکی بدون معنا,فقط تفکر,واکنش شیمیایی,A,کنش اجتماعی رفتار معنادار در ارتباط با دیگران است. سؤال بازطراحی‌شده برای تنوع بیشتر آزمون.,ترنم همدلی,original,1405
یازدهم,انسانی,جامعه‌شناسی,جامعه‌شناسی یازدهم,بخش 1,کنش اجتماعی,,متوسط,"در میان گزینه‌های زیر، پاسخ درست را پیدا کنید:
کنش اجتماعی چیست؟",حرکت فیزیکی بدون معنا,فقط تفکر,واکنش شیمیایی,رفتار معنادار نسبت به دیگران,D,کنش اجتماعی رفتار معنادار در ارتباط با دیگران است. سؤال بازطراحی‌شده برای تنوع بیشتر آزمون.,ترنم همدلی,original,1405
یازدهم,انسانی,جامعه‌شناسی,جامعه‌شناسی یازدهم,بخش 1,کنش اجتماعی,,متوسط,"کدام گزینه با محتوای سؤال زیر هماهنگ است؟
کنش اجتماعی چیست؟",فقط تفکر,واکنش شیمیایی,رفتار معنادار نسبت به دیگران,حرکت فیزیکی بدون معنا,C,کنش اجتماعی رفتار معنادار در ارتباط با دیگران است. سؤال بازطراحی‌شده برای تنوع بیشتر آزمون.,ترنم همدلی,original,1405
یازدهم,انسانی,جامعه‌شناسی,جامعه‌شناسی یازدهم,بخش 1,کنش اجتماعی,,متوسط,"با توجه به پرسش زیر، گزینه صحیح را انتخاب کنید:
کنش اجتماعی چیست؟",واکنش شیمیایی,رفتار معنادار نسبت به دیگران,حرکت فیزیکی بدون معنا,فقط تفکر,B,کنش اجتماعی رفتار معنادار در ارتباط با دیگران است. سؤال بازطراحی‌شده برای تنوع بیشتر آزمون.,ترنم همدلی,original,1405
یازدهم,انسانی,جامعه‌شناسی,جامعه‌شناسی یازدهم,بخش 1,کنش اجتماعی,,متوسط,"کدام گزینه از نظر محتوایی درست است؟
کنش اجتماعی چیست؟",رفتار معنادار نسبت به دیگران,حرکت فیزیکی بدون معنا,فقط تفکر,واکنش شیمیایی,A,کنش اجتماعی رفتار معنادار در ارتباط با دیگران است. سؤال بازطراحی‌شده برای تنوع بیشتر آزمون.,ترنم همدلی,original,1405
یازدهم,انسانی,جامعه‌شناسی,جامعه‌شناسی یازدهم,بخش 1,کنش اجتماعی,,متوسط,"گزینه درست برای پرسش زیر را مشخص کنید:
کنش اجتماعی چیست؟",حرکت فیزیکی بدون معنا,فقط تفکر,واکنش شیمیایی,رفتار معنادار نسبت به دیگران,D,کنش اجتماعی رفتار معنادار در ارتباط با دیگران است. سؤال بازطراحی‌شده برای تنوع بیشتر آزمون.,ترنم همدلی,original,1405
یازدهم,انسانی,جامعه‌شناسی,جامعه‌شناسی یازدهم,بخش 2,فرهنگ,,متوسط,"در سؤال زیر، گزینه درست را انتخاب کنید:
فرهنگ شامل چه چیزهایی است؟",ارزش‌ها و هنجارها و نمادها,فقط ساختمان‌ها,فقط اقتصاد,فقط جغرافیا,A,فرهنگ مجموعه‌ای از ارزش‌ها، هنجارها، نمادها و معانی است. سؤال بازطراحی‌شده برای تنوع بیشتر آزمون.,ترنم همدلی,original,1405
یازدهم,انسانی,جامعه‌شناسی,جامعه‌شناسی یازدهم,بخش 2,فرهنگ,,متوسط,"کدام گزینه پاسخ صحیح این پرسش است؟
فرهنگ شامل چه چیزهایی است؟",فقط ساختمان‌ها,فقط اقتصاد,فقط جغرافیا,ارزش‌ها و هنجارها و نمادها,D,فرهنگ مجموعه‌ای از ارزش‌ها، هنجارها، نمادها و معانی است. سؤال بازطراحی‌شده برای تنوع بیشتر آزمون.,ترنم همدلی,original,1405
یازدهم,انسانی,جامعه‌شناسی,جامعه‌شناسی یازدهم,بخش 2,فرهنگ,,متوسط,"با دقت به پرسش زیر، گزینه درست را مشخص کنید:
فرهنگ شامل چه چیزهایی است؟",فقط اقتصاد,فقط جغرافیا,ارزش‌ها و هنجارها و نمادها,فقط ساختمان‌ها,C,فرهنگ مجموعه‌ای از ارزش‌ها، هنجارها، نمادها و معانی است. سؤال بازطراحی‌شده برای تنوع بیشتر آزمون.,ترنم همدلی,original,1405
یازدهم,انسانی,جامعه‌شناسی,جامعه‌شناسی یازدهم,بخش 2,فرهنگ,,متوسط,"کدام گزینه با صورت سؤال زیر سازگار است؟
فرهنگ شامل چه چیزهایی است؟",فقط جغرافیا,ارزش‌ها و هنجارها و نمادها,فقط ساختمان‌ها,فقط اقتصاد,B,فرهنگ مجموعه‌ای از ارزش‌ها، هنجارها، نمادها و معانی است. سؤال بازطراحی‌شده برای تنوع بیشتر آزمون.,ترنم همدلی,original,1405
یازدهم,انسانی,جامعه‌شناسی,جامعه‌شناسی یازدهم,بخش 2,فرهنگ,,متوسط,"پاسخ صحیح پرسش زیر کدام است؟
فرهنگ شامل چه چیزهایی است؟",ارزش‌ها و هنجارها و نمادها,فقط ساختمان‌ها,فقط اقتصاد,فقط جغرافیا,A,فرهنگ مجموعه‌ای از ارزش‌ها، هنجارها، نمادها و معانی است. سؤال بازطراحی‌شده برای تنوع بیشتر آزمون.,ترنم همدلی,original,1405
یازدهم,انسانی,جامعه‌شناسی,جامعه‌شناسی یازدهم,بخش 2,فرهنگ,,متوسط,"در میان گزینه‌های زیر، پاسخ درست را پیدا کنید:
فرهنگ شامل چه چیزهایی است؟",فقط ساختمان‌ها,فقط اقتصاد,فقط جغرافیا,ارزش‌ها و هنجارها و نمادها,D,فرهنگ مجموعه‌ای از ارزش‌ها، هنجارها، نمادها و معانی است. سؤال بازطراحی‌شده برای تنوع بیشتر آزمون.,ترنم همدلی,original,1405
یازدهم,انسانی,جامعه‌شناسی,جامعه‌شناسی یازدهم,بخش 2,فرهنگ,,متوسط,"کدام گزینه با محتوای سؤال زیر هماهنگ است؟
فرهنگ شامل چه چیزهایی است؟",فقط اقتصاد,فقط جغرافیا,ارزش‌ها و هنجارها و نمادها,فقط ساختمان‌ها,C,فرهنگ مجموعه‌ای از ارزش‌ها، هنجارها، نمادها و معانی است. سؤال بازطراحی‌شده برای تنوع بیشتر آزمون.,ترنم همدلی,original,1405
یازدهم,انسانی,جامعه‌شناسی,جامعه‌شناسی یازدهم,بخش 2,فرهنگ,,متوسط,"با توجه به پرسش زیر، گزینه صحیح را انتخاب کنید:
فرهنگ شامل چه چیزهایی است؟",فقط جغرافیا,ارزش‌ها و هنجارها و نمادها,فقط ساختمان‌ها,فقط اقتصاد,B,فرهنگ مجموعه‌ای از ارزش‌ها، هنجارها، نمادها و معانی است. سؤال بازطراحی‌شده برای تنوع بیشتر آزمون.,ترنم همدلی,original,1405
یازدهم,انسانی,جامعه‌شناسی,جامعه‌شناسی یازدهم,بخش 2,فرهنگ,,متوسط,"کدام گزینه از نظر محتوایی درست است؟
فرهنگ شامل چه چیزهایی است؟",ارزش‌ها و هنجارها و نمادها,فقط ساختمان‌ها,فقط اقتصاد,فقط جغرافیا,A,فرهنگ مجموعه‌ای از ارزش‌ها، هنجارها، نمادها و معانی است. سؤال بازطراحی‌شده برای تنوع بیشتر آزمون.,ترنم همدلی,original,1405
یازدهم,انسانی,جامعه‌شناسی,جامعه‌شناسی یازدهم,بخش 2,فرهنگ,,متوسط,"گزینه درست برای پرسش زیر را مشخص کنید:
فرهنگ شامل چه چیزهایی است؟",فقط ساختمان‌ها,فقط اقتصاد,فقط جغرافیا,ارزش‌ها و هنجارها و نمادها,D,فرهنگ مجموعه‌ای از ارزش‌ها، هنجارها، نمادها و معانی است. سؤال بازطراحی‌شده برای تنوع بیشتر آزمون.,ترنم همدلی,original,1405
یازدهم,انسانی,جامعه‌شناسی,جامعه‌شناسی یازدهم,بخش 3,نهاد اجتماعی,,متوسط,"در سؤال زیر، گزینه درست را انتخاب کنید:
خانواده نمونه چیست؟",نهاد اجتماعی,عنصر شیمیایی,قانون طبیعی,دستگاه فیزیکی,A,خانواده یک نهاد اجتماعی بنیادی است. سؤال بازطراحی‌شده برای تنوع بیشتر آزمون.,ترنم همدلی,original,1405
یازدهم,انسانی,جامعه‌شناسی,جامعه‌شناسی یازدهم,بخش 3,نهاد اجتماعی,,متوسط,"کدام گزینه پاسخ صحیح این پرسش است؟
خانواده نمونه چیست؟",عنصر شیمیایی,قانون طبیعی,دستگاه فیزیکی,نهاد اجتماعی,D,خانواده یک نهاد اجتماعی بنیادی است. سؤال بازطراحی‌شده برای تنوع بیشتر آزمون.,ترنم همدلی,original,1405
یازدهم,انسانی,جامعه‌شناسی,جامعه‌شناسی یازدهم,بخش 3,نهاد اجتماعی,,متوسط,"با دقت به پرسش زیر، گزینه درست را مشخص کنید:
خانواده نمونه چیست؟",قانون طبیعی,دستگاه فیزیکی,نهاد اجتماعی,عنصر شیمیایی,C,خانواده یک نهاد اجتماعی بنیادی است. سؤال بازطراحی‌شده برای تنوع بیشتر آزمون.,ترنم همدلی,original,1405
یازدهم,انسانی,جامعه‌شناسی,جامعه‌شناسی یازدهم,بخش 3,نهاد اجتماعی,,متوسط,"کدام گزینه با صورت سؤال زیر سازگار است؟
خانواده نمونه چیست؟",دستگاه فیزیکی,نهاد اجتماعی,عنصر شیمیایی,قانون طبیعی,B,خانواده یک نهاد اجتماعی بنیادی است. سؤال بازطراحی‌شده برای تنوع بیشتر آزمون.,ترنم همدلی,original,1405
یازدهم,انسانی,جامعه‌شناسی,جامعه‌شناسی یازدهم,بخش 3,نهاد اجتماعی,,متوسط,"پاسخ صحیح پرسش زیر کدام است؟
خانواده نمونه چیست؟",نهاد اجتماعی,عنصر شیمیایی,قانون طبیعی,دستگاه فیزیکی,A,خانواده یک نهاد اجتماعی بنیادی است. سؤال بازطراحی‌شده برای تنوع بیشتر آزمون.,ترنم همدلی,original,1405
یازدهم,انسانی,جامعه‌شناسی,جامعه‌شناسی یازدهم,بخش 3,نهاد اجتماعی,,متوسط,"در میان گزینه‌های زیر، پاسخ درست را پیدا کنید:
خانواده نمونه چیست؟",عنصر شیمیایی,قانون طبیعی,دستگاه فیزیکی,نهاد اجتماعی,D,خانواده یک نهاد اجتماعی بنیادی است. سؤال بازطراحی‌شده برای تنوع بیشتر آزمون.,ترنم همدلی,original,1405
یازدهم,انسانی,جامعه‌شناسی,جامعه‌شناسی یازدهم,بخش 3,نهاد اجتماعی,,متوسط,"کدام گزینه با محتوای سؤال زیر هماهنگ است؟
خانواده نمونه چیست؟",قانون طبیعی,دستگاه فیزیکی,نهاد اجتماعی,عنصر شیمیایی,C,خانواده یک نهاد اجتماعی بنیادی است. سؤال بازطراحی‌شده برای تنوع بیشتر آزمون.,ترنم همدلی,original,1405
یازدهم,انسانی,جامعه‌شناسی,جامعه‌شناسی یازدهم,بخش 3,نهاد اجتماعی,,متوسط,"با توجه به پرسش زیر، گزینه صحیح را انتخاب کنید:
خانواده نمونه چیست؟",دستگاه فیزیکی,نهاد اجتماعی,عنصر شیمیایی,قانون طبیعی,B,خانواده یک نهاد اجتماعی بنیادی است. سؤال بازطراحی‌شده برای تنوع بیشتر آزمون.,ترنم همدلی,original,1405
یازدهم,انسانی,جامعه‌شناسی,جامعه‌شناسی یازدهم,بخش 3,نهاد اجتماعی,,متوسط,"کدام گزینه از نظر محتوایی درست است؟
خانواده نمونه چیست؟",نهاد اجتماعی,عنصر شیمیایی,قانون طبیعی,دستگاه فیزیکی,A,خانواده یک نهاد اجتماعی بنیادی است. سؤال بازطراحی‌شده برای تنوع بیشتر آزمون.,ترنم همدلی,original,1405
یازدهم,انسانی,جامعه‌شناسی,جامعه‌شناسی یازدهم,بخش 3,نهاد اجتماعی,,متوسط,"گزینه درست برای پرسش زیر را مشخص کنید:
خانواده نمونه چیست؟",عنصر شیمیایی,قانون طبیعی,دستگاه فیزیکی,نهاد اجتماعی,D,خانواده یک نهاد اجتماعی بنیادی است. سؤال بازطراحی‌شده برای تنوع بیشتر آزمون.,ترنم همدلی,original,1405
یازدهم,انسانی,جامعه‌شناسی,جامعه‌شناسی یازدهم,بخش 4,هویت,,متوسط,"در سؤال زیر، گزینه درست را انتخاب کنید:
هویت اجتماعی چه چیزی را نشان می‌دهد؟",جایگاه و تعلقات فرد در جامعه,فقط قد و وزن,فقط درآمد,فقط ژنتیک,A,هویت اجتماعی با تعلقات و نقش‌های اجتماعی پیوند دارد. سؤال بازطراحی‌شده برای تنوع بیشتر آزمون.,ترنم همدلی,original,1405
یازدهم,انسانی,جامعه‌شناسی,جامعه‌شناسی یازدهم,بخش 4,هویت,,متوسط,"کدام گزینه پاسخ صحیح این پرسش است؟
هویت اجتماعی چه چیزی را نشان می‌دهد؟",فقط قد و وزن,فقط درآمد,فقط ژنتیک,جایگاه و تعلقات فرد در جامعه,D,هویت اجتماعی با تعلقات و نقش‌های اجتماعی پیوند دارد. سؤال بازطراحی‌شده برای تنوع بیشتر آزمون.,ترنم همدلی,original,1405
یازدهم,انسانی,جامعه‌شناسی,جامعه‌شناسی یازدهم,بخش 4,هویت,,متوسط,"با دقت به پرسش زیر، گزینه درست را مشخص کنید:
هویت اجتماعی چه چیزی را نشان می‌دهد؟",فقط درآمد,فقط ژنتیک,جایگاه و تعلقات فرد در جامعه,فقط قد و وزن,C,هویت اجتماعی با تعلقات و نقش‌های اجتماعی پیوند دارد. سؤال بازطراحی‌شده برای تنوع بیشتر آزمون.,ترنم همدلی,original,1405
یازدهم,انسانی,جامعه‌شناسی,جامعه‌شناسی یازدهم,بخش 4,هویت,,متوسط,"کدام گزینه با صورت سؤال زیر سازگار است؟
هویت اجتماعی چه چیزی را نشان می‌دهد؟",فقط ژنتیک,جایگاه و تعلقات فرد در جامعه,فقط قد و وزن,فقط درآمد,B,هویت اجتماعی با تعلقات و نقش‌های اجتماعی پیوند دارد. سؤال بازطراحی‌شده برای تنوع بیشتر آزمون.,ترنم همدلی,original,1405
یازدهم,انسانی,جامعه‌شناسی,جامعه‌شناسی یازدهم,بخش 4,هویت,,متوسط,"پاسخ صحیح پرسش زیر کدام است؟
هویت اجتماعی چه چیزی را نشان می‌دهد؟",جایگاه و تعلقات فرد در جامعه,فقط قد و وزن,فقط درآمد,فقط ژنتیک,A,هویت اجتماعی با تعلقات و نقش‌های اجتماعی پیوند دارد. سؤال بازطراحی‌شده برای تنوع بیشتر آزمون.,ترنم همدلی,original,1405
یازدهم,انسانی,جامعه‌شناسی,جامعه‌شناسی یازدهم,بخش 4,هویت,,متوسط,"در میان گزینه‌های زیر، پاسخ درست را پیدا کنید:
هویت اجتماعی چه چیزی را نشان می‌دهد؟",فقط قد و وزن,فقط درآمد,فقط ژنتیک,جایگاه و تعلقات فرد در جامعه,D,هویت اجتماعی با تعلقات و نقش‌های اجتماعی پیوند دارد. سؤال بازطراحی‌شده برای تنوع بیشتر آزمون.,ترنم همدلی,original,1405
یازدهم,انسانی,جامعه‌شناسی,جامعه‌شناسی یازدهم,بخش 4,هویت,,متوسط,"کدام گزینه با محتوای سؤال زیر هماهنگ است؟
هویت اجتماعی چه چیزی را نشان می‌دهد؟",فقط درآمد,فقط ژنتیک,جایگاه و تعلقات فرد در جامعه,فقط قد و وزن,C,هویت اجتماعی با تعلقات و نقش‌های اجتماعی پیوند دارد. سؤال بازطراحی‌شده برای تنوع بیشتر آزمون.,ترنم همدلی,original,1405
یازدهم,انسانی,جامعه‌شناسی,جامعه‌شناسی یازدهم,بخش 4,هویت,,متوسط,"با توجه به پرسش زیر، گزینه صحیح را انتخاب کنید:
هویت اجتماعی چه چیزی را نشان می‌دهد؟",فقط ژنتیک,جایگاه و تعلقات فرد در جامعه,فقط قد و وزن,فقط درآمد,B,هویت اجتماعی با تعلقات و نقش‌های اجتماعی پیوند دارد. سؤال بازطراحی‌شده برای تنوع بیشتر آزمون.,ترنم همدلی,original,1405
یازدهم,انسانی,جامعه‌شناسی,جامعه‌شناسی یازدهم,بخش 4,هویت,,متوسط,"کدام گزینه از نظر محتوایی درست است؟
هویت اجتماعی چه چیزی را نشان می‌دهد؟",جایگاه و تعلقات فرد در جامعه,فقط قد و وزن,فقط درآمد,فقط ژنتیک,A,هویت اجتماعی با تعلقات و نقش‌های اجتماعی پیوند دارد. سؤال بازطراحی‌شده برای تنوع بیشتر آزمون.,ترنم همدلی,original,1405
یازدهم,انسانی,جامعه‌شناسی,جامعه‌شناسی یازدهم,بخش 4,هویت,,متوسط,"گزینه درست برای پرسش زیر را مشخص کنید:
هویت اجتماعی چه چیزی را نشان می‌دهد؟",فقط قد و وزن,فقط درآمد,فقط ژنتیک,جایگاه و تعلقات فرد در جامعه,D,هویت اجتماعی با تعلقات و نقش‌های اجتماعی پیوند دارد. سؤال بازطراحی‌شده برای تنوع بیشتر آزمون.,ترنم همدلی,original,1405
یازدهم,انسانی,جامعه‌شناسی,جامعه‌شناسی یازدهم,بخش 5,تغییر اجتماعی,,متوسط,"در سؤال زیر، گزینه درست را انتخاب کنید:
کدام مورد می‌تواند عامل تغییر اجتماعی باشد؟",فناوری,سکون کامل,نبود ارتباط,حذف آموزش,A,فناوری می‌تواند الگوهای زندگی اجتماعی را تغییر دهد. سؤال بازطراحی‌شده برای تنوع بیشتر آزمون.,ترنم همدلی,original,1405
یازدهم,انسانی,جامعه‌شناسی,جامعه‌شناسی یازدهم,بخش 5,تغییر اجتماعی,,متوسط,"کدام گزینه پاسخ صحیح این پرسش است؟
کدام مورد می‌تواند عامل تغییر اجتماعی باشد؟",سکون کامل,نبود ارتباط,حذف آموزش,فناوری,D,فناوری می‌تواند الگوهای زندگی اجتماعی را تغییر دهد. سؤال بازطراحی‌شده برای تنوع بیشتر آزمون.,ترنم همدلی,original,1405
یازدهم,انسانی,جامعه‌شناسی,جامعه‌شناسی یازدهم,بخش 5,تغییر اجتماعی,,متوسط,"با دقت به پرسش زیر، گزینه درست را مشخص کنید:
کدام مورد می‌تواند عامل تغییر اجتماعی باشد؟",نبود ارتباط,حذف آموزش,فناوری,سکون کامل,C,فناوری می‌تواند الگوهای زندگی اجتماعی را تغییر دهد. سؤال بازطراحی‌شده برای تنوع بیشتر آزمون.,ترنم همدلی,original,1405
یازدهم,انسانی,جامعه‌شناسی,جامعه‌شناسی یازدهم,بخش 5,تغییر اجتماعی,,متوسط,"کدام گزینه با صورت سؤال زیر سازگار است؟
کدام مورد می‌تواند عامل تغییر اجتماعی باشد؟",حذف آموزش,فناوری,سکون کامل,نبود ارتباط,B,فناوری می‌تواند الگوهای زندگی اجتماعی را تغییر دهد. سؤال بازطراحی‌شده برای تنوع بیشتر آزمون.,ترنم همدلی,original,1405
یازدهم,انسانی,جامعه‌شناسی,جامعه‌شناسی یازدهم,بخش 5,تغییر اجتماعی,,متوسط,"پاسخ صحیح پرسش زیر کدام است؟
کدام مورد می‌تواند عامل تغییر اجتماعی باشد؟",فناوری,سکون کامل,نبود ارتباط,حذف آموزش,A,فناوری می‌تواند الگوهای زندگی اجتماعی را تغییر دهد. سؤال بازطراحی‌شده برای تنوع بیشتر آزمون.,ترنم همدلی,original,1405
یازدهم,انسانی,جامعه‌شناسی,جامعه‌شناسی یازدهم,بخش 5,تغییر اجتماعی,,متوسط,"در میان گزینه‌های زیر، پاسخ درست را پیدا کنید:
کدام مورد می‌تواند عامل تغییر اجتماعی باشد؟",سکون کامل,نبود ارتباط,حذف آموزش,فناوری,D,فناوری می‌تواند الگوهای زندگی اجتماعی را تغییر دهد. سؤال بازطراحی‌شده برای تنوع بیشتر آزمون.,ترنم همدلی,original,1405
یازدهم,انسانی,جامعه‌شناسی,جامعه‌شناسی یازدهم,بخش 5,تغییر اجتماعی,,متوسط,"کدام گزینه با محتوای سؤال زیر هماهنگ است؟
کدام مورد می‌تواند عامل تغییر اجتماعی باشد؟",نبود ارتباط,حذف آموزش,فناوری,سکون کامل,C,فناوری می‌تواند الگوهای زندگی اجتماعی را تغییر دهد. سؤال بازطراحی‌شده برای تنوع بیشتر آزمون.,ترنم همدلی,original,1405
یازدهم,انسانی,جامعه‌شناسی,جامعه‌شناسی یازدهم,بخش 5,تغییر اجتماعی,,متوسط,"با توجه به پرسش زیر، گزینه صحیح را انتخاب کنید:
کدام مورد می‌تواند عامل تغییر اجتماعی باشد؟",حذف آموزش,فناوری,سکون کامل,نبود ارتباط,B,فناوری می‌تواند الگوهای زندگی اجتماعی را تغییر دهد. سؤال بازطراحی‌شده برای تنوع بیشتر آزمون.,ترنم همدلی,original,1405
یازدهم,انسانی,جامعه‌شناسی,جامعه‌شناسی یازدهم,بخش 5,تغییر اجتماعی,,متوسط,"کدام گزینه از نظر محتوایی درست است؟
کدام مورد می‌تواند عامل تغییر اجتماعی باشد؟",فناوری,سکون کامل,نبود ارتباط,حذف آموزش,A,فناوری می‌تواند الگوهای زندگی اجتماعی را تغییر دهد. سؤال بازطراحی‌شده برای تنوع بیشتر آزمون.,ترنم همدلی,original,1405
یازدهم,انسانی,جامعه‌شناسی,جامعه‌شناسی یازدهم,بخش 5,تغییر اجتماعی,,متوسط,"گزینه درست برای پرسش زیر را مشخص کنید:
کدام مورد می‌تواند عامل تغییر اجتماعی باشد؟",سکون کامل,نبود ارتباط,حذف آموزش,فناوری,D,فناوری می‌تواند الگوهای زندگی اجتماعی را تغییر دهد. سؤال بازطراحی‌شده برای تنوع بیشتر آزمون.,ترنم همدلی,original,1405
یازدهم,انسانی,جامعه‌شناسی,جامعه‌شناسی یازدهم,بخش 6,جهانی‌شدن,,متوسط,"در سؤال زیر، گزینه درست را انتخاب کنید:
جهانی‌شدن به چه معناست؟",افزایش پیوندهای جهانی,انزوای کامل جوامع,کاهش ارتباط,حذف فناوری,A,جهانی‌شدن با افزایش ارتباط و وابستگی متقابل همراه است. سؤال بازطراحی‌شده برای تنوع بیشتر آزمون.,ترنم همدلی,original,1405
یازدهم,انسانی,جامعه‌شناسی,جامعه‌شناسی یازدهم,بخش 6,جهانی‌شدن,,متوسط,"کدام گزینه پاسخ صحیح این پرسش است؟
جهانی‌شدن به چه معناست؟",انزوای کامل جوامع,کاهش ارتباط,حذف فناوری,افزایش پیوندهای جهانی,D,جهانی‌شدن با افزایش ارتباط و وابستگی متقابل همراه است. سؤال بازطراحی‌شده برای تنوع بیشتر آزمون.,ترنم همدلی,original,1405
یازدهم,انسانی,جامعه‌شناسی,جامعه‌شناسی یازدهم,بخش 6,جهانی‌شدن,,متوسط,"با دقت به پرسش زیر، گزینه درست را مشخص کنید:
جهانی‌شدن به چه معناست؟",کاهش ارتباط,حذف فناوری,افزایش پیوندهای جهانی,انزوای کامل جوامع,C,جهانی‌شدن با افزایش ارتباط و وابستگی متقابل همراه است. سؤال بازطراحی‌شده برای تنوع بیشتر آزمون.,ترنم همدلی,original,1405
یازدهم,انسانی,جامعه‌شناسی,جامعه‌شناسی یازدهم,بخش 6,جهانی‌شدن,,متوسط,"کدام گزینه با صورت سؤال زیر سازگار است؟
جهانی‌شدن به چه معناست؟",حذف فناوری,افزایش پیوندهای جهانی,انزوای کامل جوامع,کاهش ارتباط,B,جهانی‌شدن با افزایش ارتباط و وابستگی متقابل همراه است. سؤال بازطراحی‌شده برای تنوع بیشتر آزمون.,ترنم همدلی,original,1405
یازدهم,انسانی,جامعه‌شناسی,جامعه‌شناسی یازدهم,بخش 6,جهانی‌شدن,,متوسط,"پاسخ صحیح پرسش زیر کدام است؟
جهانی‌شدن به چه معناست؟",افزایش پیوندهای جهانی,انزوای کامل جوامع,کاهش ارتباط,حذف فناوری,A,جهانی‌شدن با افزایش ارتباط و وابستگی متقابل همراه است. سؤال بازطراحی‌شده برای تنوع بیشتر آزمون.,ترنم همدلی,original,1405
یازدهم,انسانی,جامعه‌شناسی,جامعه‌شناسی یازدهم,بخش 6,جهانی‌شدن,,متوسط,"در میان گزینه‌های زیر، پاسخ درست را پیدا کنید:
جهانی‌شدن به چه معناست؟",انزوای کامل جوامع,کاهش ارتباط,حذف فناوری,افزایش پیوندهای جهانی,D,جهانی‌شدن با افزایش ارتباط و وابستگی متقابل همراه است. سؤال بازطراحی‌شده برای تنوع بیشتر آزمون.,ترنم همدلی,original,1405
یازدهم,انسانی,جامعه‌شناسی,جامعه‌شناسی یازدهم,بخش 6,جهانی‌شدن,,متوسط,"کدام گزینه با محتوای سؤال زیر هماهنگ است؟
جهانی‌شدن به چه معناست؟",کاهش ارتباط,حذف فناوری,افزایش پیوندهای جهانی,انزوای کامل جوامع,C,جهانی‌شدن با افزایش ارتباط و وابستگی متقابل همراه است. سؤال بازطراحی‌شده برای تنوع بیشتر آزمون.,ترنم همدلی,original,1405
یازدهم,انسانی,جامعه‌شناسی,جامعه‌شناسی یازدهم,بخش 6,جهانی‌شدن,,متوسط,"با توجه به پرسش زیر، گزینه صحیح را انتخاب کنید:
جهانی‌شدن به چه معناست؟",حذف فناوری,افزایش پیوندهای جهانی,انزوای کامل جوامع,کاهش ارتباط,B,جهانی‌شدن با افزایش ارتباط و وابستگی متقابل همراه است. سؤال بازطراحی‌شده برای تنوع بیشتر آزمون.,ترنم همدلی,original,1405
یازدهم,انسانی,جامعه‌شناسی,جامعه‌شناسی یازدهم,بخش 6,جهانی‌شدن,,متوسط,"کدام گزینه از نظر محتوایی درست است؟
جهانی‌شدن به چه معناست؟",افزایش پیوندهای جهانی,انزوای کامل جوامع,کاهش ارتباط,حذف فناوری,A,جهانی‌شدن با افزایش ارتباط و وابستگی متقابل همراه است. سؤال بازطراحی‌شده برای تنوع بیشتر آزمون.,ترنم همدلی,original,1405
یازدهم,انسانی,جامعه‌شناسی,جامعه‌شناسی یازدهم,بخش 6,جهانی‌شدن,,متوسط,"گزینه درست برای پرسش زیر را مشخص کنید:
جهانی‌شدن به چه معناست؟",انزوای کامل جوامع,کاهش ارتباط,حذف فناوری,افزایش پیوندهای جهانی,D,جهانی‌شدن با افزایش ارتباط و وابستگی متقابل همراه است. سؤال بازطراحی‌شده برای تنوع بیشتر آزمون.,ترنم همدلی,original,1405
یازدهم,انسانی,اقتصاد,اقتصاد یازدهم,بخش 1,نیاز و خواسته,,متوسط,"در سؤال زیر، گزینه درست را انتخاب کنید:
نیاز چه تفاوتی با خواسته دارد؟",ضروری‌تر بودن نیاز,گران‌تر بودن نیاز,همیشه یکسان بودن,نداشتن هزینه,A,نیاز برای زندگی ضروری‌تر است. سؤال بازطراحی‌شده برای تنوع بیشتر آزمون.,ترنم همدلی,original,1405
یازدهم,انسانی,اقتصاد,اقتصاد یازدهم,بخش 1,نیاز و خواسته,,متوسط,"کدام گزینه پاسخ صحیح این پرسش است؟
نیاز چه تفاوتی با خواسته دارد؟",گران‌تر بودن نیاز,همیشه یکسان بودن,نداشتن هزینه,ضروری‌تر بودن نیاز,D,نیاز برای زندگی ضروری‌تر است. سؤال بازطراحی‌شده برای تنوع بیشتر آزمون.,ترنم همدلی,original,1405
یازدهم,انسانی,اقتصاد,اقتصاد یازدهم,بخش 1,نیاز و خواسته,,متوسط,"با دقت به پرسش زیر، گزینه درست را مشخص کنید:
نیاز چه تفاوتی با خواسته دارد؟",همیشه یکسان بودن,نداشتن هزینه,ضروری‌تر بودن نیاز,گران‌تر بودن نیاز,C,نیاز برای زندگی ضروری‌تر است. سؤال بازطراحی‌شده برای تنوع بیشتر آزمون.,ترنم همدلی,original,1405
یازدهم,انسانی,اقتصاد,اقتصاد یازدهم,بخش 1,نیاز و خواسته,,متوسط,"کدام گزینه با صورت سؤال زیر سازگار است؟
نیاز چه تفاوتی با خواسته دارد؟",نداشتن هزینه,ضروری‌تر بودن نیاز,گران‌تر بودن نیاز,همیشه یکسان بودن,B,نیاز برای زندگی ضروری‌تر است. سؤال بازطراحی‌شده برای تنوع بیشتر آزمون.,ترنم همدلی,original,1405
یازدهم,انسانی,اقتصاد,اقتصاد یازدهم,بخش 1,نیاز و خواسته,,متوسط,"پاسخ صحیح پرسش زیر کدام است؟
نیاز چه تفاوتی با خواسته دارد؟",ضروری‌تر بودن نیاز,گران‌تر بودن نیاز,همیشه یکسان بودن,نداشتن هزینه,A,نیاز برای زندگی ضروری‌تر است. سؤال بازطراحی‌شده برای تنوع بیشتر آزمون.,ترنم همدلی,original,1405
یازدهم,انسانی,اقتصاد,اقتصاد یازدهم,بخش 1,نیاز و خواسته,,متوسط,"در میان گزینه‌های زیر، پاسخ درست را پیدا کنید:
نیاز چه تفاوتی با خواسته دارد؟",گران‌تر بودن نیاز,همیشه یکسان بودن,نداشتن هزینه,ضروری‌تر بودن نیاز,D,نیاز برای زندگی ضروری‌تر است. سؤال بازطراحی‌شده برای تنوع بیشتر آزمون.,ترنم همدلی,original,1405
یازدهم,انسانی,اقتصاد,اقتصاد یازدهم,بخش 1,نیاز و خواسته,,متوسط,"کدام گزینه با محتوای سؤال زیر هماهنگ است؟
نیاز چه تفاوتی با خواسته دارد؟",همیشه یکسان بودن,نداشتن هزینه,ضروری‌تر بودن نیاز,گران‌تر بودن نیاز,C,نیاز برای زندگی ضروری‌تر است. سؤال بازطراحی‌شده برای تنوع بیشتر آزمون.,ترنم همدلی,original,1405
یازدهم,انسانی,اقتصاد,اقتصاد یازدهم,بخش 1,نیاز و خواسته,,متوسط,"با توجه به پرسش زیر، گزینه صحیح را انتخاب کنید:
نیاز چه تفاوتی با خواسته دارد؟",نداشتن هزینه,ضروری‌تر بودن نیاز,گران‌تر بودن نیاز,همیشه یکسان بودن,B,نیاز برای زندگی ضروری‌تر است. سؤال بازطراحی‌شده برای تنوع بیشتر آزمون.,ترنم همدلی,original,1405
یازدهم,انسانی,اقتصاد,اقتصاد یازدهم,بخش 1,نیاز و خواسته,,متوسط,"کدام گزینه از نظر محتوایی درست است؟
نیاز چه تفاوتی با خواسته دارد؟",ضروری‌تر بودن نیاز,گران‌تر بودن نیاز,همیشه یکسان بودن,نداشتن هزینه,A,نیاز برای زندگی ضروری‌تر است. سؤال بازطراحی‌شده برای تنوع بیشتر آزمون.,ترنم همدلی,original,1405
یازدهم,انسانی,اقتصاد,اقتصاد یازدهم,بخش 1,نیاز و خواسته,,متوسط,"گزینه درست برای پرسش زیر را مشخص کنید:
نیاز چه تفاوتی با خواسته دارد؟",گران‌تر بودن نیاز,همیشه یکسان بودن,نداشتن هزینه,ضروری‌تر بودن نیاز,D,نیاز برای زندگی ضروری‌تر است. سؤال بازطراحی‌شده برای تنوع بیشتر آزمون.,ترنم همدلی,original,1405
یازدهم,انسانی,اقتصاد,اقتصاد یازدهم,بخش 2,کمیابی,,متوسط,"در سؤال زیر، گزینه درست را انتخاب کنید:
کمیابی چرا مسئله اقتصادی ایجاد می‌کند؟",منابع محدودند و نیازها گسترده,همه چیز فراوان است,تقاضا صفر است,قیمت‌ها ثابت‌اند,A,محدودیت منابع انتخاب را ضروری می‌کند. سؤال بازطراحی‌شده برای تنوع بیشتر آزمون.,ترنم همدلی,original,1405
یازدهم,انسانی,اقتصاد,اقتصاد یازدهم,بخش 2,کمیابی,,متوسط,"کدام گزینه پاسخ صحیح این پرسش است؟
کمیابی چرا مسئله اقتصادی ایجاد می‌کند؟",همه چیز فراوان است,تقاضا صفر است,قیمت‌ها ثابت‌اند,منابع محدودند و نیازها گسترده,D,محدودیت منابع انتخاب را ضروری می‌کند. سؤال بازطراحی‌شده برای تنوع بیشتر آزمون.,ترنم همدلی,original,1405
یازدهم,انسانی,اقتصاد,اقتصاد یازدهم,بخش 2,کمیابی,,متوسط,"با دقت به پرسش زیر، گزینه درست را مشخص کنید:
کمیابی چرا مسئله اقتصادی ایجاد می‌کند؟",تقاضا صفر است,قیمت‌ها ثابت‌اند,منابع محدودند و نیازها گسترده,همه چیز فراوان است,C,محدودیت منابع انتخاب را ضروری می‌کند. سؤال بازطراحی‌شده برای تنوع بیشتر آزمون.,ترنم همدلی,original,1405
یازدهم,انسانی,اقتصاد,اقتصاد یازدهم,بخش 2,کمیابی,,متوسط,"کدام گزینه با صورت سؤال زیر سازگار است؟
کمیابی چرا مسئله اقتصادی ایجاد می‌کند؟",قیمت‌ها ثابت‌اند,منابع محدودند و نیازها گسترده,همه چیز فراوان است,تقاضا صفر است,B,محدودیت منابع انتخاب را ضروری می‌کند. سؤال بازطراحی‌شده برای تنوع بیشتر آزمون.,ترنم همدلی,original,1405
یازدهم,انسانی,اقتصاد,اقتصاد یازدهم,بخش 2,کمیابی,,متوسط,"پاسخ صحیح پرسش زیر کدام است؟
کمیابی چرا مسئله اقتصادی ایجاد می‌کند؟",منابع محدودند و نیازها گسترده,همه چیز فراوان است,تقاضا صفر است,قیمت‌ها ثابت‌اند,A,محدودیت منابع انتخاب را ضروری می‌کند. سؤال بازطراحی‌شده برای تنوع بیشتر آزمون.,ترنم همدلی,original,1405
یازدهم,انسانی,اقتصاد,اقتصاد یازدهم,بخش 2,کمیابی,,متوسط,"در میان گزینه‌های زیر، پاسخ درست را پیدا کنید:
کمیابی چرا مسئله اقتصادی ایجاد می‌کند؟",همه چیز فراوان است,تقاضا صفر است,قیمت‌ها ثابت‌اند,منابع محدودند و نیازها گسترده,D,محدودیت منابع انتخاب را ضروری می‌کند. سؤال بازطراحی‌شده برای تنوع بیشتر آزمون.,ترنم همدلی,original,1405
یازدهم,انسانی,اقتصاد,اقتصاد یازدهم,بخش 2,کمیابی,,متوسط,"کدام گزینه با محتوای سؤال زیر هماهنگ است؟
کمیابی چرا مسئله اقتصادی ایجاد می‌کند؟",تقاضا صفر است,قیمت‌ها ثابت‌اند,منابع محدودند و نیازها گسترده,همه چیز فراوان است,C,محدودیت منابع انتخاب را ضروری می‌کند. سؤال بازطراحی‌شده برای تنوع بیشتر آزمون.,ترنم همدلی,original,1405
یازدهم,انسانی,اقتصاد,اقتصاد یازدهم,بخش 2,کمیابی,,متوسط,"با توجه به پرسش زیر، گزینه صحیح را انتخاب کنید:
کمیابی چرا مسئله اقتصادی ایجاد می‌کند؟",قیمت‌ها ثابت‌اند,منابع محدودند و نیازها گسترده,همه چیز فراوان است,تقاضا صفر است,B,محدودیت منابع انتخاب را ضروری می‌کند. سؤال بازطراحی‌شده برای تنوع بیشتر آزمون.,ترنم همدلی,original,1405
یازدهم,انسانی,اقتصاد,اقتصاد یازدهم,بخش 2,کمیابی,,متوسط,"کدام گزینه از نظر محتوایی درست است؟
کمیابی چرا مسئله اقتصادی ایجاد می‌کند؟",منابع محدودند و نیازها گسترده,همه چیز فراوان است,تقاضا صفر است,قیمت‌ها ثابت‌اند,A,محدودیت منابع انتخاب را ضروری می‌کند. سؤال بازطراحی‌شده برای تنوع بیشتر آزمون.,ترنم همدلی,original,1405
یازدهم,انسانی,اقتصاد,اقتصاد یازدهم,بخش 2,کمیابی,,متوسط,"گزینه درست برای پرسش زیر را مشخص کنید:
کمیابی چرا مسئله اقتصادی ایجاد می‌کند؟",همه چیز فراوان است,تقاضا صفر است,قیمت‌ها ثابت‌اند,منابع محدودند و نیازها گسترده,D,محدودیت منابع انتخاب را ضروری می‌کند. سؤال بازطراحی‌شده برای تنوع بیشتر آزمون.,ترنم همدلی,original,1405
یازدهم,انسانی,اقتصاد,اقتصاد یازدهم,بخش 3,عرضه و تقاضا,,متوسط,"در سؤال زیر، گزینه درست را انتخاب کنید:
افزایش تقاضا با ثابت بودن سایر شرایط چه اثری می‌تواند داشته باشد؟",افزایش قیمت,کاهش قطعی قیمت,حذف بازار,ثابت ماندن حتمی,A,در مدل ساده افزایش تقاضا فشار افزایشی بر قیمت دارد. سؤال بازطراحی‌شده برای تنوع بیشتر آزمون.,ترنم همدلی,original,1405
یازدهم,انسانی,اقتصاد,اقتصاد یازدهم,بخش 3,عرضه و تقاضا,,متوسط,"کدام گزینه پاسخ صحیح این پرسش است؟
افزایش تقاضا با ثابت بودن سایر شرایط چه اثری می‌تواند داشته باشد؟",کاهش قطعی قیمت,حذف بازار,ثابت ماندن حتمی,افزایش قیمت,D,در مدل ساده افزایش تقاضا فشار افزایشی بر قیمت دارد. سؤال بازطراحی‌شده برای تنوع بیشتر آزمون.,ترنم همدلی,original,1405
یازدهم,انسانی,اقتصاد,اقتصاد یازدهم,بخش 3,عرضه و تقاضا,,متوسط,"با دقت به پرسش زیر، گزینه درست را مشخص کنید:
افزایش تقاضا با ثابت بودن سایر شرایط چه اثری می‌تواند داشته باشد؟",حذف بازار,ثابت ماندن حتمی,افزایش قیمت,کاهش قطعی قیمت,C,در مدل ساده افزایش تقاضا فشار افزایشی بر قیمت دارد. سؤال بازطراحی‌شده برای تنوع بیشتر آزمون.,ترنم همدلی,original,1405
یازدهم,انسانی,اقتصاد,اقتصاد یازدهم,بخش 3,عرضه و تقاضا,,متوسط,"کدام گزینه با صورت سؤال زیر سازگار است؟
افزایش تقاضا با ثابت بودن سایر شرایط چه اثری می‌تواند داشته باشد؟",ثابت ماندن حتمی,افزایش قیمت,کاهش قطعی قیمت,حذف بازار,B,در مدل ساده افزایش تقاضا فشار افزایشی بر قیمت دارد. سؤال بازطراحی‌شده برای تنوع بیشتر آزمون.,ترنم همدلی,original,1405
یازدهم,انسانی,اقتصاد,اقتصاد یازدهم,بخش 3,عرضه و تقاضا,,متوسط,"پاسخ صحیح پرسش زیر کدام است؟
افزایش تقاضا با ثابت بودن سایر شرایط چه اثری می‌تواند داشته باشد؟",افزایش قیمت,کاهش قطعی قیمت,حذف بازار,ثابت ماندن حتمی,A,در مدل ساده افزایش تقاضا فشار افزایشی بر قیمت دارد. سؤال بازطراحی‌شده برای تنوع بیشتر آزمون.,ترنم همدلی,original,1405
یازدهم,انسانی,اقتصاد,اقتصاد یازدهم,بخش 3,عرضه و تقاضا,,متوسط,"در میان گزینه‌های زیر، پاسخ درست را پیدا کنید:
افزایش تقاضا با ثابت بودن سایر شرایط چه اثری می‌تواند داشته باشد؟",کاهش قطعی قیمت,حذف بازار,ثابت ماندن حتمی,افزایش قیمت,D,در مدل ساده افزایش تقاضا فشار افزایشی بر قیمت دارد. سؤال بازطراحی‌شده برای تنوع بیشتر آزمون.,ترنم همدلی,original,1405
یازدهم,انسانی,اقتصاد,اقتصاد یازدهم,بخش 3,عرضه و تقاضا,,متوسط,"کدام گزینه با محتوای سؤال زیر هماهنگ است؟
افزایش تقاضا با ثابت بودن سایر شرایط چه اثری می‌تواند داشته باشد؟",حذف بازار,ثابت ماندن حتمی,افزایش قیمت,کاهش قطعی قیمت,C,در مدل ساده افزایش تقاضا فشار افزایشی بر قیمت دارد. سؤال بازطراحی‌شده برای تنوع بیشتر آزمون.,ترنم همدلی,original,1405
یازدهم,انسانی,اقتصاد,اقتصاد یازدهم,بخش 3,عرضه و تقاضا,,متوسط,"با توجه به پرسش زیر، گزینه صحیح را انتخاب کنید:
افزایش تقاضا با ثابت بودن سایر شرایط چه اثری می‌تواند داشته باشد؟",ثابت ماندن حتمی,افزایش قیمت,کاهش قطعی قیمت,حذف بازار,B,در مدل ساده افزایش تقاضا فشار افزایشی بر قیمت دارد. سؤال بازطراحی‌شده برای تنوع بیشتر آزمون.,ترنم همدلی,original,1405
یازدهم,انسانی,اقتصاد,اقتصاد یازدهم,بخش 3,عرضه و تقاضا,,متوسط,"کدام گزینه از نظر محتوایی درست است؟
افزایش تقاضا با ثابت بودن سایر شرایط چه اثری می‌تواند داشته باشد؟",افزایش قیمت,کاهش قطعی قیمت,حذف بازار,ثابت ماندن حتمی,A,در مدل ساده افزایش تقاضا فشار افزایشی بر قیمت دارد. سؤال بازطراحی‌شده برای تنوع بیشتر آزمون.,ترنم همدلی,original,1405
یازدهم,انسانی,اقتصاد,اقتصاد یازدهم,بخش 3,عرضه و تقاضا,,متوسط,"گزینه درست برای پرسش زیر را مشخص کنید:
افزایش تقاضا با ثابت بودن سایر شرایط چه اثری می‌تواند داشته باشد؟",کاهش قطعی قیمت,حذف بازار,ثابت ماندن حتمی,افزایش قیمت,D,در مدل ساده افزایش تقاضا فشار افزایشی بر قیمت دارد. سؤال بازطراحی‌شده برای تنوع بیشتر آزمون.,ترنم همدلی,original,1405
یازدهم,انسانی,اقتصاد,اقتصاد یازدهم,بخش 4,تورم,,متوسط,"در سؤال زیر، گزینه درست را انتخاب کنید:
تورم چیست؟",افزایش مستمر سطح عمومی قیمت‌ها,کاهش یک قیمت,افزایش تولید یک کالا,ثبات قیمت‌ها,A,تورم افزایش عمومی و مستمر سطح قیمت‌هاست. سؤال بازطراحی‌شده برای تنوع بیشتر آزمون.,ترنم همدلی,original,1405
یازدهم,انسانی,اقتصاد,اقتصاد یازدهم,بخش 4,تورم,,متوسط,"کدام گزینه پاسخ صحیح این پرسش است؟
تورم چیست؟",کاهش یک قیمت,افزایش تولید یک کالا,ثبات قیمت‌ها,افزایش مستمر سطح عمومی قیمت‌ها,D,تورم افزایش عمومی و مستمر سطح قیمت‌هاست. سؤال بازطراحی‌شده برای تنوع بیشتر آزمون.,ترنم همدلی,original,1405
یازدهم,انسانی,اقتصاد,اقتصاد یازدهم,بخش 4,تورم,,متوسط,"با دقت به پرسش زیر، گزینه درست را مشخص کنید:
تورم چیست؟",افزایش تولید یک کالا,ثبات قیمت‌ها,افزایش مستمر سطح عمومی قیمت‌ها,کاهش یک قیمت,C,تورم افزایش عمومی و مستمر سطح قیمت‌هاست. سؤال بازطراحی‌شده برای تنوع بیشتر آزمون.,ترنم همدلی,original,1405
یازدهم,انسانی,اقتصاد,اقتصاد یازدهم,بخش 4,تورم,,متوسط,"کدام گزینه با صورت سؤال زیر سازگار است؟
تورم چیست؟",ثبات قیمت‌ها,افزایش مستمر سطح عمومی قیمت‌ها,کاهش یک قیمت,افزایش تولید یک کالا,B,تورم افزایش عمومی و مستمر سطح قیمت‌هاست. سؤال بازطراحی‌شده برای تنوع بیشتر آزمون.,ترنم همدلی,original,1405
یازدهم,انسانی,اقتصاد,اقتصاد یازدهم,بخش 4,تورم,,متوسط,"پاسخ صحیح پرسش زیر کدام است؟
تورم چیست؟",افزایش مستمر سطح عمومی قیمت‌ها,کاهش یک قیمت,افزایش تولید یک کالا,ثبات قیمت‌ها,A,تورم افزایش عمومی و مستمر سطح قیمت‌هاست. سؤال بازطراحی‌شده برای تنوع بیشتر آزمون.,ترنم همدلی,original,1405
یازدهم,انسانی,اقتصاد,اقتصاد یازدهم,بخش 4,تورم,,متوسط,"در میان گزینه‌های زیر، پاسخ درست را پیدا کنید:
تورم چیست؟",کاهش یک قیمت,افزایش تولید یک کالا,ثبات قیمت‌ها,افزایش مستمر سطح عمومی قیمت‌ها,D,تورم افزایش عمومی و مستمر سطح قیمت‌هاست. سؤال بازطراحی‌شده برای تنوع بیشتر آزمون.,ترنم همدلی,original,1405
یازدهم,انسانی,اقتصاد,اقتصاد یازدهم,بخش 4,تورم,,متوسط,"کدام گزینه با محتوای سؤال زیر هماهنگ است؟
تورم چیست؟",افزایش تولید یک کالا,ثبات قیمت‌ها,افزایش مستمر سطح عمومی قیمت‌ها,کاهش یک قیمت,C,تورم افزایش عمومی و مستمر سطح قیمت‌هاست. سؤال بازطراحی‌شده برای تنوع بیشتر آزمون.,ترنم همدلی,original,1405
یازدهم,انسانی,اقتصاد,اقتصاد یازدهم,بخش 4,تورم,,متوسط,"با توجه به پرسش زیر، گزینه صحیح را انتخاب کنید:
تورم چیست؟",ثبات قیمت‌ها,افزایش مستمر سطح عمومی قیمت‌ها,کاهش یک قیمت,افزایش تولید یک کالا,B,تورم افزایش عمومی و مستمر سطح قیمت‌هاست. سؤال بازطراحی‌شده برای تنوع بیشتر آزمون.,ترنم همدلی,original,1405
یازدهم,انسانی,اقتصاد,اقتصاد یازدهم,بخش 4,تورم,,متوسط,"کدام گزینه از نظر محتوایی درست است؟
تورم چیست؟",افزایش مستمر سطح عمومی قیمت‌ها,کاهش یک قیمت,افزایش تولید یک کالا,ثبات قیمت‌ها,A,تورم افزایش عمومی و مستمر سطح قیمت‌هاست. سؤال بازطراحی‌شده برای تنوع بیشتر آزمون.,ترنم همدلی,original,1405
یازدهم,انسانی,اقتصاد,اقتصاد یازدهم,بخش 4,تورم,,متوسط,"گزینه درست برای پرسش زیر را مشخص کنید:
تورم چیست؟",کاهش یک قیمت,افزایش تولید یک کالا,ثبات قیمت‌ها,افزایش مستمر سطح عمومی قیمت‌ها,D,تورم افزایش عمومی و مستمر سطح قیمت‌هاست. سؤال بازطراحی‌شده برای تنوع بیشتر آزمون.,ترنم همدلی,original,1405
یازدهم,انسانی,اقتصاد,اقتصاد یازدهم,بخش 5,پس‌انداز,,متوسط,"در سؤال زیر، گزینه درست را انتخاب کنید:
پس‌انداز چه نقشی دارد؟",تأمین منابع آینده,افزایش مصرف فوری,حذف سرمایه‌گذاری,کاهش درآمد,A,پس‌انداز منابع را برای آینده فراهم می‌کند. سؤال بازطراحی‌شده برای تنوع بیشتر آزمون.,ترنم همدلی,original,1405
یازدهم,انسانی,اقتصاد,اقتصاد یازدهم,بخش 5,پس‌انداز,,متوسط,"کدام گزینه پاسخ صحیح این پرسش است؟
پس‌انداز چه نقشی دارد؟",افزایش مصرف فوری,حذف سرمایه‌گذاری,کاهش درآمد,تأمین منابع آینده,D,پس‌انداز منابع را برای آینده فراهم می‌کند. سؤال بازطراحی‌شده برای تنوع بیشتر آزمون.,ترنم همدلی,original,1405
یازدهم,انسانی,اقتصاد,اقتصاد یازدهم,بخش 5,پس‌انداز,,متوسط,"با دقت به پرسش زیر، گزینه درست را مشخص کنید:
پس‌انداز چه نقشی دارد؟",حذف سرمایه‌گذاری,کاهش درآمد,تأمین منابع آینده,افزایش مصرف فوری,C,پس‌انداز منابع را برای آینده فراهم می‌کند. سؤال بازطراحی‌شده برای تنوع بیشتر آزمون.,ترنم همدلی,original,1405
یازدهم,انسانی,اقتصاد,اقتصاد یازدهم,بخش 5,پس‌انداز,,متوسط,"کدام گزینه با صورت سؤال زیر سازگار است؟
پس‌انداز چه نقشی دارد؟",کاهش درآمد,تأمین منابع آینده,افزایش مصرف فوری,حذف سرمایه‌گذاری,B,پس‌انداز منابع را برای آینده فراهم می‌کند. سؤال بازطراحی‌شده برای تنوع بیشتر آزمون.,ترنم همدلی,original,1405
یازدهم,انسانی,اقتصاد,اقتصاد یازدهم,بخش 5,پس‌انداز,,متوسط,"پاسخ صحیح پرسش زیر کدام است؟
پس‌انداز چه نقشی دارد؟",تأمین منابع آینده,افزایش مصرف فوری,حذف سرمایه‌گذاری,کاهش درآمد,A,پس‌انداز منابع را برای آینده فراهم می‌کند. سؤال بازطراحی‌شده برای تنوع بیشتر آزمون.,ترنم همدلی,original,1405
یازدهم,انسانی,اقتصاد,اقتصاد یازدهم,بخش 5,پس‌انداز,,متوسط,"در میان گزینه‌های زیر، پاسخ درست را پیدا کنید:
پس‌انداز چه نقشی دارد؟",افزایش مصرف فوری,حذف سرمایه‌گذاری,کاهش درآمد,تأمین منابع آینده,D,پس‌انداز منابع را برای آینده فراهم می‌کند. سؤال بازطراحی‌شده برای تنوع بیشتر آزمون.,ترنم همدلی,original,1405
یازدهم,انسانی,اقتصاد,اقتصاد یازدهم,بخش 5,پس‌انداز,,متوسط,"کدام گزینه با محتوای سؤال زیر هماهنگ است؟
پس‌انداز چه نقشی دارد؟",حذف سرمایه‌گذاری,کاهش درآمد,تأمین منابع آینده,افزایش مصرف فوری,C,پس‌انداز منابع را برای آینده فراهم می‌کند. سؤال بازطراحی‌شده برای تنوع بیشتر آزمون.,ترنم همدلی,original,1405
یازدهم,انسانی,اقتصاد,اقتصاد یازدهم,بخش 5,پس‌انداز,,متوسط,"با توجه به پرسش زیر، گزینه صحیح را انتخاب کنید:
پس‌انداز چه نقشی دارد؟",کاهش درآمد,تأمین منابع آینده,افزایش مصرف فوری,حذف سرمایه‌گذاری,B,پس‌انداز منابع را برای آینده فراهم می‌کند. سؤال بازطراحی‌شده برای تنوع بیشتر آزمون.,ترنم همدلی,original,1405
یازدهم,انسانی,اقتصاد,اقتصاد یازدهم,بخش 5,پس‌انداز,,متوسط,"کدام گزینه از نظر محتوایی درست است؟
پس‌انداز چه نقشی دارد؟",تأمین منابع آینده,افزایش مصرف فوری,حذف سرمایه‌گذاری,کاهش درآمد,A,پس‌انداز منابع را برای آینده فراهم می‌کند. سؤال بازطراحی‌شده برای تنوع بیشتر آزمون.,ترنم همدلی,original,1405
یازدهم,انسانی,اقتصاد,اقتصاد یازدهم,بخش 5,پس‌انداز,,متوسط,"گزینه درست برای پرسش زیر را مشخص کنید:
پس‌انداز چه نقشی دارد؟",افزایش مصرف فوری,حذف سرمایه‌گذاری,کاهش درآمد,تأمین منابع آینده,D,پس‌انداز منابع را برای آینده فراهم می‌کند. سؤال بازطراحی‌شده برای تنوع بیشتر آزمون.,ترنم همدلی,original,1405
یازدهم,انسانی,اقتصاد,اقتصاد یازدهم,بخش 6,کارآفرینی,,متوسط,"در سؤال زیر، گزینه درست را انتخاب کنید:
کارآفرین چه کاری انجام می‌دهد؟",شناسایی فرصت و پذیرش ریسک,فقط مصرف کالا,حذف نوآوری,کاهش بهره‌وری,A,کارآفرینی با فرصت، نوآوری و پذیرش ریسک همراه است. سؤال بازطراحی‌شده برای تنوع بیشتر آزمون.,ترنم همدلی,original,1405
یازدهم,انسانی,اقتصاد,اقتصاد یازدهم,بخش 6,کارآفرینی,,متوسط,"کدام گزینه پاسخ صحیح این پرسش است؟
کارآفرین چه کاری انجام می‌دهد؟",فقط مصرف کالا,حذف نوآوری,کاهش بهره‌وری,شناسایی فرصت و پذیرش ریسک,D,کارآفرینی با فرصت، نوآوری و پذیرش ریسک همراه است. سؤال بازطراحی‌شده برای تنوع بیشتر آزمون.,ترنم همدلی,original,1405
یازدهم,انسانی,اقتصاد,اقتصاد یازدهم,بخش 6,کارآفرینی,,متوسط,"با دقت به پرسش زیر، گزینه درست را مشخص کنید:
کارآفرین چه کاری انجام می‌دهد؟",حذف نوآوری,کاهش بهره‌وری,شناسایی فرصت و پذیرش ریسک,فقط مصرف کالا,C,کارآفرینی با فرصت، نوآوری و پذیرش ریسک همراه است. سؤال بازطراحی‌شده برای تنوع بیشتر آزمون.,ترنم همدلی,original,1405
یازدهم,انسانی,اقتصاد,اقتصاد یازدهم,بخش 6,کارآفرینی,,متوسط,"کدام گزینه با صورت سؤال زیر سازگار است؟
کارآفرین چه کاری انجام می‌دهد؟",کاهش بهره‌وری,شناسایی فرصت و پذیرش ریسک,فقط مصرف کالا,حذف نوآوری,B,کارآفرینی با فرصت، نوآوری و پذیرش ریسک همراه است. سؤال بازطراحی‌شده برای تنوع بیشتر آزمون.,ترنم همدلی,original,1405
یازدهم,انسانی,اقتصاد,اقتصاد یازدهم,بخش 6,کارآفرینی,,متوسط,"پاسخ صحیح پرسش زیر کدام است؟
کارآفرین چه کاری انجام می‌دهد؟",شناسایی فرصت و پذیرش ریسک,فقط مصرف کالا,حذف نوآوری,کاهش بهره‌وری,A,کارآفرینی با فرصت، نوآوری و پذیرش ریسک همراه است. سؤال بازطراحی‌شده برای تنوع بیشتر آزمون.,ترنم همدلی,original,1405
یازدهم,انسانی,اقتصاد,اقتصاد یازدهم,بخش 6,کارآفرینی,,متوسط,"در میان گزینه‌های زیر، پاسخ درست را پیدا کنید:
کارآفرین چه کاری انجام می‌دهد؟",فقط مصرف کالا,حذف نوآوری,کاهش بهره‌وری,شناسایی فرصت و پذیرش ریسک,D,کارآفرینی با فرصت، نوآوری و پذیرش ریسک همراه است. سؤال بازطراحی‌شده برای تنوع بیشتر آزمون.,ترنم همدلی,original,1405
یازدهم,انسانی,اقتصاد,اقتصاد یازدهم,بخش 6,کارآفرینی,,متوسط,"کدام گزینه با محتوای سؤال زیر هماهنگ است؟
کارآفرین چه کاری انجام می‌دهد؟",حذف نوآوری,کاهش بهره‌وری,شناسایی فرصت و پذیرش ریسک,فقط مصرف کالا,C,کارآفرینی با فرصت، نوآوری و پذیرش ریسک همراه است. سؤال بازطراحی‌شده برای تنوع بیشتر آزمون.,ترنم همدلی,original,1405
یازدهم,انسانی,اقتصاد,اقتصاد یازدهم,بخش 6,کارآفرینی,,متوسط,"با توجه به پرسش زیر، گزینه صحیح را انتخاب کنید:
کارآفرین چه کاری انجام می‌دهد؟",کاهش بهره‌وری,شناسایی فرصت و پذیرش ریسک,فقط مصرف کالا,حذف نوآوری,B,کارآفرینی با فرصت، نوآوری و پذیرش ریسک همراه است. سؤال بازطراحی‌شده برای تنوع بیشتر آزمون.,ترنم همدلی,original,1405
یازدهم,انسانی,اقتصاد,اقتصاد یازدهم,بخش 6,کارآفرینی,,متوسط,"کدام گزینه از نظر محتوایی درست است؟
کارآفرین چه کاری انجام می‌دهد؟",شناسایی فرصت و پذیرش ریسک,فقط مصرف کالا,حذف نوآوری,کاهش بهره‌وری,A,کارآفرینی با فرصت، نوآوری و پذیرش ریسک همراه است. سؤال بازطراحی‌شده برای تنوع بیشتر آزمون.,ترنم همدلی,original,1405
یازدهم,انسانی,اقتصاد,اقتصاد یازدهم,بخش 6,کارآفرینی,,متوسط,"گزینه درست برای پرسش زیر را مشخص کنید:
کارآفرین چه کاری انجام می‌دهد؟",فقط مصرف کالا,حذف نوآوری,کاهش بهره‌وری,شناسایی فرصت و پذیرش ریسک,D,کارآفرینی با فرصت، نوآوری و پذیرش ریسک همراه است. سؤال بازطراحی‌شده برای تنوع بیشتر آزمون.,ترنم همدلی,original,1405
یازدهم,انسانی,فلسفه,فلسفه یازدهم,بخش 1,تعریف فلسفه,,متوسط,"در سؤال زیر، گزینه درست را انتخاب کنید:
فلسفه بیشتر با چه نوع پرسش‌هایی سروکار دارد؟",پرسش‌های بنیادی درباره هستی و شناخت,فقط محاسبات,فقط آزمایشگاه,فقط ورزش,A,فلسفه به پرسش‌های بنیادی می‌پردازد. سؤال بازطراحی‌شده برای تنوع بیشتر آزمون.,ترنم همدلی,original,1405
یازدهم,انسانی,فلسفه,فلسفه یازدهم,بخش 1,تعریف فلسفه,,متوسط,"کدام گزینه پاسخ صحیح این پرسش است؟
فلسفه بیشتر با چه نوع پرسش‌هایی سروکار دارد؟",فقط محاسبات,فقط آزمایشگاه,فقط ورزش,پرسش‌های بنیادی درباره هستی و شناخت,D,فلسفه به پرسش‌های بنیادی می‌پردازد. سؤال بازطراحی‌شده برای تنوع بیشتر آزمون.,ترنم همدلی,original,1405
یازدهم,انسانی,فلسفه,فلسفه یازدهم,بخش 1,تعریف فلسفه,,متوسط,"با دقت به پرسش زیر، گزینه درست را مشخص کنید:
فلسفه بیشتر با چه نوع پرسش‌هایی سروکار دارد؟",فقط آزمایشگاه,فقط ورزش,پرسش‌های بنیادی درباره هستی و شناخت,فقط محاسبات,C,فلسفه به پرسش‌های بنیادی می‌پردازد. سؤال بازطراحی‌شده برای تنوع بیشتر آزمون.,ترنم همدلی,original,1405
یازدهم,انسانی,فلسفه,فلسفه یازدهم,بخش 1,تعریف فلسفه,,متوسط,"کدام گزینه با صورت سؤال زیر سازگار است؟
فلسفه بیشتر با چه نوع پرسش‌هایی سروکار دارد؟",فقط ورزش,پرسش‌های بنیادی درباره هستی و شناخت,فقط محاسبات,فقط آزمایشگاه,B,فلسفه به پرسش‌های بنیادی می‌پردازد. سؤال بازطراحی‌شده برای تنوع بیشتر آزمون.,ترنم همدلی,original,1405
یازدهم,انسانی,فلسفه,فلسفه یازدهم,بخش 1,تعریف فلسفه,,متوسط,"پاسخ صحیح پرسش زیر کدام است؟
فلسفه بیشتر با چه نوع پرسش‌هایی سروکار دارد؟",پرسش‌های بنیادی درباره هستی و شناخت,فقط محاسبات,فقط آزمایشگاه,فقط ورزش,A,فلسفه به پرسش‌های بنیادی می‌پردازد. سؤال بازطراحی‌شده برای تنوع بیشتر آزمون.,ترنم همدلی,original,1405
یازدهم,انسانی,فلسفه,فلسفه یازدهم,بخش 1,تعریف فلسفه,,متوسط,"در میان گزینه‌های زیر، پاسخ درست را پیدا کنید:
فلسفه بیشتر با چه نوع پرسش‌هایی سروکار دارد؟",فقط محاسبات,فقط آزمایشگاه,فقط ورزش,پرسش‌های بنیادی درباره هستی و شناخت,D,فلسفه به پرسش‌های بنیادی می‌پردازد. سؤال بازطراحی‌شده برای تنوع بیشتر آزمون.,ترنم همدلی,original,1405
یازدهم,انسانی,فلسفه,فلسفه یازدهم,بخش 1,تعریف فلسفه,,متوسط,"کدام گزینه با محتوای سؤال زیر هماهنگ است؟
فلسفه بیشتر با چه نوع پرسش‌هایی سروکار دارد؟",فقط آزمایشگاه,فقط ورزش,پرسش‌های بنیادی درباره هستی و شناخت,فقط محاسبات,C,فلسفه به پرسش‌های بنیادی می‌پردازد. سؤال بازطراحی‌شده برای تنوع بیشتر آزمون.,ترنم همدلی,original,1405
یازدهم,انسانی,فلسفه,فلسفه یازدهم,بخش 1,تعریف فلسفه,,متوسط,"با توجه به پرسش زیر، گزینه صحیح را انتخاب کنید:
فلسفه بیشتر با چه نوع پرسش‌هایی سروکار دارد؟",فقط ورزش,پرسش‌های بنیادی درباره هستی و شناخت,فقط محاسبات,فقط آزمایشگاه,B,فلسفه به پرسش‌های بنیادی می‌پردازد. سؤال بازطراحی‌شده برای تنوع بیشتر آزمون.,ترنم همدلی,original,1405
یازدهم,انسانی,فلسفه,فلسفه یازدهم,بخش 1,تعریف فلسفه,,متوسط,"کدام گزینه از نظر محتوایی درست است؟
فلسفه بیشتر با چه نوع پرسش‌هایی سروکار دارد؟",پرسش‌های بنیادی درباره هستی و شناخت,فقط محاسبات,فقط آزمایشگاه,فقط ورزش,A,فلسفه به پرسش‌های بنیادی می‌پردازد. سؤال بازطراحی‌شده برای تنوع بیشتر آزمون.,ترنم همدلی,original,1405
یازدهم,انسانی,فلسفه,فلسفه یازدهم,بخش 1,تعریف فلسفه,,متوسط,"گزینه درست برای پرسش زیر را مشخص کنید:
فلسفه بیشتر با چه نوع پرسش‌هایی سروکار دارد؟",فقط محاسبات,فقط آزمایشگاه,فقط ورزش,پرسش‌های بنیادی درباره هستی و شناخت,D,فلسفه به پرسش‌های بنیادی می‌پردازد. سؤال بازطراحی‌شده برای تنوع بیشتر آزمون.,ترنم همدلی,original,1405
یازدهم,انسانی,فلسفه,فلسفه یازدهم,بخش 2,معرفت,,متوسط,"در سؤال زیر، گزینه درست را انتخاب کنید:
معرفت یعنی چه؟",شناخت و آگاهی,صرفاً احساس,حرکت,تغذیه,A,معرفت به شناخت و آگاهی اشاره دارد. سؤال بازطراحی‌شده برای تنوع بیشتر آزمون.,ترنم همدلی,original,1405
یازدهم,انسانی,فلسفه,فلسفه یازدهم,بخش 2,معرفت,,متوسط,"کدام گزینه پاسخ صحیح این پرسش است؟
معرفت یعنی چه؟",صرفاً احساس,حرکت,تغذیه,شناخت و آگاهی,D,معرفت به شناخت و آگاهی اشاره دارد. سؤال بازطراحی‌شده برای تنوع بیشتر آزمون.,ترنم همدلی,original,1405
یازدهم,انسانی,فلسفه,فلسفه یازدهم,بخش 2,معرفت,,متوسط,"با دقت به پرسش زیر، گزینه درست را مشخص کنید:
معرفت یعنی چه؟",حرکت,تغذیه,شناخت و آگاهی,صرفاً احساس,C,معرفت به شناخت و آگاهی اشاره دارد. سؤال بازطراحی‌شده برای تنوع بیشتر آزمون.,ترنم همدلی,original,1405
یازدهم,انسانی,فلسفه,فلسفه یازدهم,بخش 2,معرفت,,متوسط,"کدام گزینه با صورت سؤال زیر سازگار است؟
معرفت یعنی چه؟",تغذیه,شناخت و آگاهی,صرفاً احساس,حرکت,B,معرفت به شناخت و آگاهی اشاره دارد. سؤال بازطراحی‌شده برای تنوع بیشتر آزمون.,ترنم همدلی,original,1405
یازدهم,انسانی,فلسفه,فلسفه یازدهم,بخش 2,معرفت,,متوسط,"پاسخ صحیح پرسش زیر کدام است؟
معرفت یعنی چه؟",شناخت و آگاهی,صرفاً احساس,حرکت,تغذیه,A,معرفت به شناخت و آگاهی اشاره دارد. سؤال بازطراحی‌شده برای تنوع بیشتر آزمون.,ترنم همدلی,original,1405
یازدهم,انسانی,فلسفه,فلسفه یازدهم,بخش 2,معرفت,,متوسط,"در میان گزینه‌های زیر، پاسخ درست را پیدا کنید:
معرفت یعنی چه؟",صرفاً احساس,حرکت,تغذیه,شناخت و آگاهی,D,معرفت به شناخت و آگاهی اشاره دارد. سؤال بازطراحی‌شده برای تنوع بیشتر آزمون.,ترنم همدلی,original,1405
یازدهم,انسانی,فلسفه,فلسفه یازدهم,بخش 2,معرفت,,متوسط,"کدام گزینه با محتوای سؤال زیر هماهنگ است؟
معرفت یعنی چه؟",حرکت,تغذیه,شناخت و آگاهی,صرفاً احساس,C,معرفت به شناخت و آگاهی اشاره دارد. سؤال بازطراحی‌شده برای تنوع بیشتر آزمون.,ترنم همدلی,original,1405
یازدهم,انسانی,فلسفه,فلسفه یازدهم,بخش 2,معرفت,,متوسط,"با توجه به پرسش زیر، گزینه صحیح را انتخاب کنید:
معرفت یعنی چه؟",تغذیه,شناخت و آگاهی,صرفاً احساس,حرکت,B,معرفت به شناخت و آگاهی اشاره دارد. سؤال بازطراحی‌شده برای تنوع بیشتر آزمون.,ترنم همدلی,original,1405
یازدهم,انسانی,فلسفه,فلسفه یازدهم,بخش 2,معرفت,,متوسط,"کدام گزینه از نظر محتوایی درست است؟
معرفت یعنی چه؟",شناخت و آگاهی,صرفاً احساس,حرکت,تغذیه,A,معرفت به شناخت و آگاهی اشاره دارد. سؤال بازطراحی‌شده برای تنوع بیشتر آزمون.,ترنم همدلی,original,1405
یازدهم,انسانی,فلسفه,فلسفه یازدهم,بخش 2,معرفت,,متوسط,"گزینه درست برای پرسش زیر را مشخص کنید:
معرفت یعنی چه؟",صرفاً احساس,حرکت,تغذیه,شناخت و آگاهی,D,معرفت به شناخت و آگاهی اشاره دارد. سؤال بازطراحی‌شده برای تنوع بیشتر آزمون.,ترنم همدلی,original,1405
یازدهم,انسانی,فلسفه,فلسفه یازدهم,بخش 3,استدلال,,متوسط,"در سؤال زیر، گزینه درست را انتخاب کنید:
استدلال چه هدفی دارد؟",پشتیبانی منطقی از نتیجه,حذف دلیل,افزایش ابهام,تکرار واژه,A,استدلال برای حمایت منطقی از نتیجه به کار می‌رود. سؤال بازطراحی‌شده برای تنوع بیشتر آزمون.,ترنم همدلی,original,1405
یازدهم,انسانی,فلسفه,فلسفه یازدهم,بخش 3,استدلال,,متوسط,"کدام گزینه پاسخ صحیح این پرسش است؟
استدلال چه هدفی دارد؟",حذف دلیل,افزایش ابهام,تکرار واژه,پشتیبانی منطقی از نتیجه,D,استدلال برای حمایت منطقی از نتیجه به کار می‌رود. سؤال بازطراحی‌شده برای تنوع بیشتر آزمون.,ترنم همدلی,original,1405
یازدهم,انسانی,فلسفه,فلسفه یازدهم,بخش 3,استدلال,,متوسط,"با دقت به پرسش زیر، گزینه درست را مشخص کنید:
استدلال چه هدفی دارد؟",افزایش ابهام,تکرار واژه,پشتیبانی منطقی از نتیجه,حذف دلیل,C,استدلال برای حمایت منطقی از نتیجه به کار می‌رود. سؤال بازطراحی‌شده برای تنوع بیشتر آزمون.,ترنم همدلی,original,1405
یازدهم,انسانی,فلسفه,فلسفه یازدهم,بخش 3,استدلال,,متوسط,"کدام گزینه با صورت سؤال زیر سازگار است؟
استدلال چه هدفی دارد؟",تکرار واژه,پشتیبانی منطقی از نتیجه,حذف دلیل,افزایش ابهام,B,استدلال برای حمایت منطقی از نتیجه به کار می‌رود. سؤال بازطراحی‌شده برای تنوع بیشتر آزمون.,ترنم همدلی,original,1405
یازدهم,انسانی,فلسفه,فلسفه یازدهم,بخش 3,استدلال,,متوسط,"پاسخ صحیح پرسش زیر کدام است؟
استدلال چه هدفی دارد؟",پشتیبانی منطقی از نتیجه,حذف دلیل,افزایش ابهام,تکرار واژه,A,استدلال برای حمایت منطقی از نتیجه به کار می‌رود. سؤال بازطراحی‌شده برای تنوع بیشتر آزمون.,ترنم همدلی,original,1405
یازدهم,انسانی,فلسفه,فلسفه یازدهم,بخش 3,استدلال,,متوسط,"در میان گزینه‌های زیر، پاسخ درست را پیدا کنید:
استدلال چه هدفی دارد؟",حذف دلیل,افزایش ابهام,تکرار واژه,پشتیبانی منطقی از نتیجه,D,استدلال برای حمایت منطقی از نتیجه به کار می‌رود. سؤال بازطراحی‌شده برای تنوع بیشتر آزمون.,ترنم همدلی,original,1405
یازدهم,انسانی,فلسفه,فلسفه یازدهم,بخش 3,استدلال,,متوسط,"کدام گزینه با محتوای سؤال زیر هماهنگ است؟
استدلال چه هدفی دارد؟",افزایش ابهام,تکرار واژه,پشتیبانی منطقی از نتیجه,حذف دلیل,C,استدلال برای حمایت منطقی از نتیجه به کار می‌رود. سؤال بازطراحی‌شده برای تنوع بیشتر آزمون.,ترنم همدلی,original,1405
یازدهم,انسانی,فلسفه,فلسفه یازدهم,بخش 3,استدلال,,متوسط,"با توجه به پرسش زیر، گزینه صحیح را انتخاب کنید:
استدلال چه هدفی دارد؟",تکرار واژه,پشتیبانی منطقی از نتیجه,حذف دلیل,افزایش ابهام,B,استدلال برای حمایت منطقی از نتیجه به کار می‌رود. سؤال بازطراحی‌شده برای تنوع بیشتر آزمون.,ترنم همدلی,original,1405
یازدهم,انسانی,فلسفه,فلسفه یازدهم,بخش 3,استدلال,,متوسط,"کدام گزینه از نظر محتوایی درست است؟
استدلال چه هدفی دارد؟",پشتیبانی منطقی از نتیجه,حذف دلیل,افزایش ابهام,تکرار واژه,A,استدلال برای حمایت منطقی از نتیجه به کار می‌رود. سؤال بازطراحی‌شده برای تنوع بیشتر آزمون.,ترنم همدلی,original,1405
یازدهم,انسانی,فلسفه,فلسفه یازدهم,بخش 3,استدلال,,متوسط,"گزینه درست برای پرسش زیر را مشخص کنید:
استدلال چه هدفی دارد؟",حذف دلیل,افزایش ابهام,تکرار واژه,پشتیبانی منطقی از نتیجه,D,استدلال برای حمایت منطقی از نتیجه به کار می‌رود. سؤال بازطراحی‌شده برای تنوع بیشتر آزمون.,ترنم همدلی,original,1405
یازدهم,انسانی,فلسفه,فلسفه یازدهم,بخش 4,واقعیت,,متوسط,"در سؤال زیر، گزینه درست را انتخاب کنید:
پرسش «چه چیزی واقعاً وجود دارد؟» بیشتر مربوط به چیست؟",هستی‌شناسی,اخلاق کاربردی,اقتصاد,دستور زبان,A,هستی‌شناسی درباره وجود و واقعیت بحث می‌کند. سؤال بازطراحی‌شده برای تنوع بیشتر آزمون.,ترنم همدلی,original,1405
یازدهم,انسانی,فلسفه,فلسفه یازدهم,بخش 4,واقعیت,,متوسط,"کدام گزینه پاسخ صحیح این پرسش است؟
پرسش «چه چیزی واقعاً وجود دارد؟» بیشتر مربوط به چیست؟",اخلاق کاربردی,اقتصاد,دستور زبان,هستی‌شناسی,D,هستی‌شناسی درباره وجود و واقعیت بحث می‌کند. سؤال بازطراحی‌شده برای تنوع بیشتر آزمون.,ترنم همدلی,original,1405
یازدهم,انسانی,فلسفه,فلسفه یازدهم,بخش 4,واقعیت,,متوسط,"با دقت به پرسش زیر، گزینه درست را مشخص کنید:
پرسش «چه چیزی واقعاً وجود دارد؟» بیشتر مربوط به چیست؟",اقتصاد,دستور زبان,هستی‌شناسی,اخلاق کاربردی,C,هستی‌شناسی درباره وجود و واقعیت بحث می‌کند. سؤال بازطراحی‌شده برای تنوع بیشتر آزمون.,ترنم همدلی,original,1405
یازدهم,انسانی,فلسفه,فلسفه یازدهم,بخش 4,واقعیت,,متوسط,"کدام گزینه با صورت سؤال زیر سازگار است؟
پرسش «چه چیزی واقعاً وجود دارد؟» بیشتر مربوط به چیست؟",دستور زبان,هستی‌شناسی,اخلاق کاربردی,اقتصاد,B,هستی‌شناسی درباره وجود و واقعیت بحث می‌کند. سؤال بازطراحی‌شده برای تنوع بیشتر آزمون.,ترنم همدلی,original,1405
یازدهم,انسانی,فلسفه,فلسفه یازدهم,بخش 4,واقعیت,,متوسط,"پاسخ صحیح پرسش زیر کدام است؟
پرسش «چه چیزی واقعاً وجود دارد؟» بیشتر مربوط به چیست؟",هستی‌شناسی,اخلاق کاربردی,اقتصاد,دستور زبان,A,هستی‌شناسی درباره وجود و واقعیت بحث می‌کند. سؤال بازطراحی‌شده برای تنوع بیشتر آزمون.,ترنم همدلی,original,1405
یازدهم,انسانی,فلسفه,فلسفه یازدهم,بخش 4,واقعیت,,متوسط,"در میان گزینه‌های زیر، پاسخ درست را پیدا کنید:
پرسش «چه چیزی واقعاً وجود دارد؟» بیشتر مربوط به چیست؟",اخلاق کاربردی,اقتصاد,دستور زبان,هستی‌شناسی,D,هستی‌شناسی درباره وجود و واقعیت بحث می‌کند. سؤال بازطراحی‌شده برای تنوع بیشتر آزمون.,ترنم همدلی,original,1405
یازدهم,انسانی,فلسفه,فلسفه یازدهم,بخش 4,واقعیت,,متوسط,"کدام گزینه با محتوای سؤال زیر هماهنگ است؟
پرسش «چه چیزی واقعاً وجود دارد؟» بیشتر مربوط به چیست؟",اقتصاد,دستور زبان,هستی‌شناسی,اخلاق کاربردی,C,هستی‌شناسی درباره وجود و واقعیت بحث می‌کند. سؤال بازطراحی‌شده برای تنوع بیشتر آزمون.,ترنم همدلی,original,1405
یازدهم,انسانی,فلسفه,فلسفه یازدهم,بخش 4,واقعیت,,متوسط,"با توجه به پرسش زیر، گزینه صحیح را انتخاب کنید:
پرسش «چه چیزی واقعاً وجود دارد؟» بیشتر مربوط به چیست؟",دستور زبان,هستی‌شناسی,اخلاق کاربردی,اقتصاد,B,هستی‌شناسی درباره وجود و واقعیت بحث می‌کند. سؤال بازطراحی‌شده برای تنوع بیشتر آزمون.,ترنم همدلی,original,1405
یازدهم,انسانی,فلسفه,فلسفه یازدهم,بخش 4,واقعیت,,متوسط,"کدام گزینه از نظر محتوایی درست است؟
پرسش «چه چیزی واقعاً وجود دارد؟» بیشتر مربوط به چیست؟",هستی‌شناسی,اخلاق کاربردی,اقتصاد,دستور زبان,A,هستی‌شناسی درباره وجود و واقعیت بحث می‌کند. سؤال بازطراحی‌شده برای تنوع بیشتر آزمون.,ترنم همدلی,original,1405
یازدهم,انسانی,فلسفه,فلسفه یازدهم,بخش 4,واقعیت,,متوسط,"گزینه درست برای پرسش زیر را مشخص کنید:
پرسش «چه چیزی واقعاً وجود دارد؟» بیشتر مربوط به چیست؟",اخلاق کاربردی,اقتصاد,دستور زبان,هستی‌شناسی,D,هستی‌شناسی درباره وجود و واقعیت بحث می‌کند. سؤال بازطراحی‌شده برای تنوع بیشتر آزمون.,ترنم همدلی,original,1405
یازدهم,انسانی,فلسفه,فلسفه یازدهم,بخش 5,اخلاق,,متوسط,"در سؤال زیر، گزینه درست را انتخاب کنید:
پرسش «چه کاری درست است؟» به کدام حوزه نزدیک‌تر است؟",اخلاق,هستی‌شناسی,فیزیک,جغرافیا,A,اخلاق درباره درست و نادرست عمل بحث می‌کند. سؤال بازطراحی‌شده برای تنوع بیشتر آزمون.,ترنم همدلی,original,1405
یازدهم,انسانی,فلسفه,فلسفه یازدهم,بخش 5,اخلاق,,متوسط,"کدام گزینه پاسخ صحیح این پرسش است؟
پرسش «چه کاری درست است؟» به کدام حوزه نزدیک‌تر است؟",هستی‌شناسی,فیزیک,جغرافیا,اخلاق,D,اخلاق درباره درست و نادرست عمل بحث می‌کند. سؤال بازطراحی‌شده برای تنوع بیشتر آزمون.,ترنم همدلی,original,1405
یازدهم,انسانی,فلسفه,فلسفه یازدهم,بخش 5,اخلاق,,متوسط,"با دقت به پرسش زیر، گزینه درست را مشخص کنید:
پرسش «چه کاری درست است؟» به کدام حوزه نزدیک‌تر است؟",فیزیک,جغرافیا,اخلاق,هستی‌شناسی,C,اخلاق درباره درست و نادرست عمل بحث می‌کند. سؤال بازطراحی‌شده برای تنوع بیشتر آزمون.,ترنم همدلی,original,1405
یازدهم,انسانی,فلسفه,فلسفه یازدهم,بخش 5,اخلاق,,متوسط,"کدام گزینه با صورت سؤال زیر سازگار است؟
پرسش «چه کاری درست است؟» به کدام حوزه نزدیک‌تر است؟",جغرافیا,اخلاق,هستی‌شناسی,فیزیک,B,اخلاق درباره درست و نادرست عمل بحث می‌کند. سؤال بازطراحی‌شده برای تنوع بیشتر آزمون.,ترنم همدلی,original,1405
یازدهم,انسانی,فلسفه,فلسفه یازدهم,بخش 5,اخلاق,,متوسط,"پاسخ صحیح پرسش زیر کدام است؟
پرسش «چه کاری درست است؟» به کدام حوزه نزدیک‌تر است؟",اخلاق,هستی‌شناسی,فیزیک,جغرافیا,A,اخلاق درباره درست و نادرست عمل بحث می‌کند. سؤال بازطراحی‌شده برای تنوع بیشتر آزمون.,ترنم همدلی,original,1405
یازدهم,انسانی,فلسفه,فلسفه یازدهم,بخش 5,اخلاق,,متوسط,"در میان گزینه‌های زیر، پاسخ درست را پیدا کنید:
پرسش «چه کاری درست است؟» به کدام حوزه نزدیک‌تر است؟",هستی‌شناسی,فیزیک,جغرافیا,اخلاق,D,اخلاق درباره درست و نادرست عمل بحث می‌کند. سؤال بازطراحی‌شده برای تنوع بیشتر آزمون.,ترنم همدلی,original,1405
یازدهم,انسانی,فلسفه,فلسفه یازدهم,بخش 5,اخلاق,,متوسط,"کدام گزینه با محتوای سؤال زیر هماهنگ است؟
پرسش «چه کاری درست است؟» به کدام حوزه نزدیک‌تر است؟",فیزیک,جغرافیا,اخلاق,هستی‌شناسی,C,اخلاق درباره درست و نادرست عمل بحث می‌کند. سؤال بازطراحی‌شده برای تنوع بیشتر آزمون.,ترنم همدلی,original,1405
یازدهم,انسانی,فلسفه,فلسفه یازدهم,بخش 5,اخلاق,,متوسط,"با توجه به پرسش زیر، گزینه صحیح را انتخاب کنید:
پرسش «چه کاری درست است؟» به کدام حوزه نزدیک‌تر است؟",جغرافیا,اخلاق,هستی‌شناسی,فیزیک,B,اخلاق درباره درست و نادرست عمل بحث می‌کند. سؤال بازطراحی‌شده برای تنوع بیشتر آزمون.,ترنم همدلی,original,1405
یازدهم,انسانی,فلسفه,فلسفه یازدهم,بخش 5,اخلاق,,متوسط,"کدام گزینه از نظر محتوایی درست است؟
پرسش «چه کاری درست است؟» به کدام حوزه نزدیک‌تر است؟",اخلاق,هستی‌شناسی,فیزیک,جغرافیا,A,اخلاق درباره درست و نادرست عمل بحث می‌کند. سؤال بازطراحی‌شده برای تنوع بیشتر آزمون.,ترنم همدلی,original,1405
یازدهم,انسانی,فلسفه,فلسفه یازدهم,بخش 5,اخلاق,,متوسط,"گزینه درست برای پرسش زیر را مشخص کنید:
پرسش «چه کاری درست است؟» به کدام حوزه نزدیک‌تر است؟",هستی‌شناسی,فیزیک,جغرافیا,اخلاق,D,اخلاق درباره درست و نادرست عمل بحث می‌کند. سؤال بازطراحی‌شده برای تنوع بیشتر آزمون.,ترنم همدلی,original,1405
یازدهم,انسانی,فلسفه,فلسفه یازدهم,بخش 6,شناخت,,متوسط,"در سؤال زیر، گزینه درست را انتخاب کنید:
تفاوت باور و دانش چیست؟",دانش نیازمند پشتوانه معرفتی است,هیچ تفاوتی ندارند,باور همیشه علمی است,دانش بدون دلیل است,A,دانش معمولاً به توجیه و پشتوانه معرفتی نیاز دارد. سؤال بازطراحی‌شده برای تنوع بیشتر آزمون.,ترنم همدلی,original,1405
یازدهم,انسانی,فلسفه,فلسفه یازدهم,بخش 6,شناخت,,متوسط,"کدام گزینه پاسخ صحیح این پرسش است؟
تفاوت باور و دانش چیست؟",هیچ تفاوتی ندارند,باور همیشه علمی است,دانش بدون دلیل است,دانش نیازمند پشتوانه معرفتی است,D,دانش معمولاً به توجیه و پشتوانه معرفتی نیاز دارد. سؤال بازطراحی‌شده برای تنوع بیشتر آزمون.,ترنم همدلی,original,1405
یازدهم,انسانی,فلسفه,فلسفه یازدهم,بخش 6,شناخت,,متوسط,"با دقت به پرسش زیر، گزینه درست را مشخص کنید:
تفاوت باور و دانش چیست؟",باور همیشه علمی است,دانش بدون دلیل است,دانش نیازمند پشتوانه معرفتی است,هیچ تفاوتی ندارند,C,دانش معمولاً به توجیه و پشتوانه معرفتی نیاز دارد. سؤال بازطراحی‌شده برای تنوع بیشتر آزمون.,ترنم همدلی,original,1405
یازدهم,انسانی,فلسفه,فلسفه یازدهم,بخش 6,شناخت,,متوسط,"کدام گزینه با صورت سؤال زیر سازگار است؟
تفاوت باور و دانش چیست؟",دانش بدون دلیل است,دانش نیازمند پشتوانه معرفتی است,هیچ تفاوتی ندارند,باور همیشه علمی است,B,دانش معمولاً به توجیه و پشتوانه معرفتی نیاز دارد. سؤال بازطراحی‌شده برای تنوع بیشتر آزمون.,ترنم همدلی,original,1405
یازدهم,انسانی,فلسفه,فلسفه یازدهم,بخش 6,شناخت,,متوسط,"پاسخ صحیح پرسش زیر کدام است؟
تفاوت باور و دانش چیست؟",دانش نیازمند پشتوانه معرفتی است,هیچ تفاوتی ندارند,باور همیشه علمی است,دانش بدون دلیل است,A,دانش معمولاً به توجیه و پشتوانه معرفتی نیاز دارد. سؤال بازطراحی‌شده برای تنوع بیشتر آزمون.,ترنم همدلی,original,1405
یازدهم,انسانی,فلسفه,فلسفه یازدهم,بخش 6,شناخت,,متوسط,"در میان گزینه‌های زیر، پاسخ درست را پیدا کنید:
تفاوت باور و دانش چیست؟",هیچ تفاوتی ندارند,باور همیشه علمی است,دانش بدون دلیل است,دانش نیازمند پشتوانه معرفتی است,D,دانش معمولاً به توجیه و پشتوانه معرفتی نیاز دارد. سؤال بازطراحی‌شده برای تنوع بیشتر آزمون.,ترنم همدلی,original,1405
یازدهم,انسانی,فلسفه,فلسفه یازدهم,بخش 6,شناخت,,متوسط,"کدام گزینه با محتوای سؤال زیر هماهنگ است؟
تفاوت باور و دانش چیست؟",باور همیشه علمی است,دانش بدون دلیل است,دانش نیازمند پشتوانه معرفتی است,هیچ تفاوتی ندارند,C,دانش معمولاً به توجیه و پشتوانه معرفتی نیاز دارد. سؤال بازطراحی‌شده برای تنوع بیشتر آزمون.,ترنم همدلی,original,1405
یازدهم,انسانی,فلسفه,فلسفه یازدهم,بخش 6,شناخت,,متوسط,"با توجه به پرسش زیر، گزینه صحیح را انتخاب کنید:
تفاوت باور و دانش چیست؟",دانش بدون دلیل است,دانش نیازمند پشتوانه معرفتی است,هیچ تفاوتی ندارند,باور همیشه علمی است,B,دانش معمولاً به توجیه و پشتوانه معرفتی نیاز دارد. سؤال بازطراحی‌شده برای تنوع بیشتر آزمون.,ترنم همدلی,original,1405
یازدهم,انسانی,فلسفه,فلسفه یازدهم,بخش 6,شناخت,,متوسط,"کدام گزینه از نظر محتوایی درست است؟
تفاوت باور و دانش چیست؟",دانش نیازمند پشتوانه معرفتی است,هیچ تفاوتی ندارند,باور همیشه علمی است,دانش بدون دلیل است,A,دانش معمولاً به توجیه و پشتوانه معرفتی نیاز دارد. سؤال بازطراحی‌شده برای تنوع بیشتر آزمون.,ترنم همدلی,original,1405
یازدهم,انسانی,فلسفه,فلسفه یازدهم,بخش 6,شناخت,,متوسط,"گزینه درست برای پرسش زیر را مشخص کنید:
تفاوت باور و دانش چیست؟",هیچ تفاوتی ندارند,باور همیشه علمی است,دانش بدون دلیل است,دانش نیازمند پشتوانه معرفتی است,D,دانش معمولاً به توجیه و پشتوانه معرفتی نیاز دارد. سؤال بازطراحی‌شده برای تنوع بیشتر آزمون.,ترنم همدلی,original,1405
یازدهم,انسانی,روان‌شناسی,روان‌شناسی یازدهم,بخش 1,یادگیری,,متوسط,"در سؤال زیر، گزینه درست را انتخاب کنید:
یادگیری چیست؟",تغییر نسبتاً پایدار در رفتار یا توانایی,تغییر لحظه‌ای ضربان قلب,رشد قد,خواب,A,تعریف رایج یادگیری بر تغییر نسبتاً پایدار تأکید دارد. سؤال بازطراحی‌شده برای تنوع بیشتر آزمون.,ترنم همدلی,original,1405
یازدهم,انسانی,روان‌شناسی,روان‌شناسی یازدهم,بخش 1,یادگیری,,متوسط,"کدام گزینه پاسخ صحیح این پرسش است؟
یادگیری چیست؟",تغییر لحظه‌ای ضربان قلب,رشد قد,خواب,تغییر نسبتاً پایدار در رفتار یا توانایی,D,تعریف رایج یادگیری بر تغییر نسبتاً پایدار تأکید دارد. سؤال بازطراحی‌شده برای تنوع بیشتر آزمون.,ترنم همدلی,original,1405
یازدهم,انسانی,روان‌شناسی,روان‌شناسی یازدهم,بخش 1,یادگیری,,متوسط,"با دقت به پرسش زیر، گزینه درست را مشخص کنید:
یادگیری چیست؟",رشد قد,خواب,تغییر نسبتاً پایدار در رفتار یا توانایی,تغییر لحظه‌ای ضربان قلب,C,تعریف رایج یادگیری بر تغییر نسبتاً پایدار تأکید دارد. سؤال بازطراحی‌شده برای تنوع بیشتر آزمون.,ترنم همدلی,original,1405
یازدهم,انسانی,روان‌شناسی,روان‌شناسی یازدهم,بخش 1,یادگیری,,متوسط,"کدام گزینه با صورت سؤال زیر سازگار است؟
یادگیری چیست؟",خواب,تغییر نسبتاً پایدار در رفتار یا توانایی,تغییر لحظه‌ای ضربان قلب,رشد قد,B,تعریف رایج یادگیری بر تغییر نسبتاً پایدار تأکید دارد. سؤال بازطراحی‌شده برای تنوع بیشتر آزمون.,ترنم همدلی,original,1405
یازدهم,انسانی,روان‌شناسی,روان‌شناسی یازدهم,بخش 1,یادگیری,,متوسط,"پاسخ صحیح پرسش زیر کدام است؟
یادگیری چیست؟",تغییر نسبتاً پایدار در رفتار یا توانایی,تغییر لحظه‌ای ضربان قلب,رشد قد,خواب,A,تعریف رایج یادگیری بر تغییر نسبتاً پایدار تأکید دارد. سؤال بازطراحی‌شده برای تنوع بیشتر آزمون.,ترنم همدلی,original,1405
یازدهم,انسانی,روان‌شناسی,روان‌شناسی یازدهم,بخش 1,یادگیری,,متوسط,"در میان گزینه‌های زیر، پاسخ درست را پیدا کنید:
یادگیری چیست؟",تغییر لحظه‌ای ضربان قلب,رشد قد,خواب,تغییر نسبتاً پایدار در رفتار یا توانایی,D,تعریف رایج یادگیری بر تغییر نسبتاً پایدار تأکید دارد. سؤال بازطراحی‌شده برای تنوع بیشتر آزمون.,ترنم همدلی,original,1405
یازدهم,انسانی,روان‌شناسی,روان‌شناسی یازدهم,بخش 1,یادگیری,,متوسط,"کدام گزینه با محتوای سؤال زیر هماهنگ است؟
یادگیری چیست؟",رشد قد,خواب,تغییر نسبتاً پایدار در رفتار یا توانایی,تغییر لحظه‌ای ضربان قلب,C,تعریف رایج یادگیری بر تغییر نسبتاً پایدار تأکید دارد. سؤال بازطراحی‌شده برای تنوع بیشتر آزمون.,ترنم همدلی,original,1405
یازدهم,انسانی,روان‌شناسی,روان‌شناسی یازدهم,بخش 1,یادگیری,,متوسط,"با توجه به پرسش زیر، گزینه صحیح را انتخاب کنید:
یادگیری چیست؟",خواب,تغییر نسبتاً پایدار در رفتار یا توانایی,تغییر لحظه‌ای ضربان قلب,رشد قد,B,تعریف رایج یادگیری بر تغییر نسبتاً پایدار تأکید دارد. سؤال بازطراحی‌شده برای تنوع بیشتر آزمون.,ترنم همدلی,original,1405
یازدهم,انسانی,روان‌شناسی,روان‌شناسی یازدهم,بخش 1,یادگیری,,متوسط,"کدام گزینه از نظر محتوایی درست است؟
یادگیری چیست؟",تغییر نسبتاً پایدار در رفتار یا توانایی,تغییر لحظه‌ای ضربان قلب,رشد قد,خواب,A,تعریف رایج یادگیری بر تغییر نسبتاً پایدار تأکید دارد. سؤال بازطراحی‌شده برای تنوع بیشتر آزمون.,ترنم همدلی,original,1405
یازدهم,انسانی,روان‌شناسی,روان‌شناسی یازدهم,بخش 1,یادگیری,,متوسط,"گزینه درست برای پرسش زیر را مشخص کنید:
یادگیری چیست؟",تغییر لحظه‌ای ضربان قلب,رشد قد,خواب,تغییر نسبتاً پایدار در رفتار یا توانایی,D,تعریف رایج یادگیری بر تغییر نسبتاً پایدار تأکید دارد. سؤال بازطراحی‌شده برای تنوع بیشتر آزمون.,ترنم همدلی,original,1405
یازدهم,انسانی,روان‌شناسی,روان‌شناسی یازدهم,بخش 2,حافظه,,متوسط,"در سؤال زیر، گزینه درست را انتخاب کنید:
حافظه کوتاه‌مدت چه ویژگی دارد؟",ظرفیت و دوام محدودتر,ظرفیت نامحدود,بدون فراموشی,فقط برای مهارت حرکتی,A,حافظه کوتاه‌مدت ظرفیت و دوام محدودتری دارد. سؤال بازطراحی‌شده برای تنوع بیشتر آزمون.,ترنم همدلی,original,1405
یازدهم,انسانی,روان‌شناسی,روان‌شناسی یازدهم,بخش 2,حافظه,,متوسط,"کدام گزینه پاسخ صحیح این پرسش است؟
حافظه کوتاه‌مدت چه ویژگی دارد؟",ظرفیت نامحدود,بدون فراموشی,فقط برای مهارت حرکتی,ظرفیت و دوام محدودتر,D,حافظه کوتاه‌مدت ظرفیت و دوام محدودتری دارد. سؤال بازطراحی‌شده برای تنوع بیشتر آزمون.,ترنم همدلی,original,1405
یازدهم,انسانی,روان‌شناسی,روان‌شناسی یازدهم,بخش 2,حافظه,,متوسط,"با دقت به پرسش زیر، گزینه درست را مشخص کنید:
حافظه کوتاه‌مدت چه ویژگی دارد؟",بدون فراموشی,فقط برای مهارت حرکتی,ظرفیت و دوام محدودتر,ظرفیت نامحدود,C,حافظه کوتاه‌مدت ظرفیت و دوام محدودتری دارد. سؤال بازطراحی‌شده برای تنوع بیشتر آزمون.,ترنم همدلی,original,1405
یازدهم,انسانی,روان‌شناسی,روان‌شناسی یازدهم,بخش 2,حافظه,,متوسط,"کدام گزینه با صورت سؤال زیر سازگار است؟
حافظه کوتاه‌مدت چه ویژگی دارد؟",فقط برای مهارت حرکتی,ظرفیت و دوام محدودتر,ظرفیت نامحدود,بدون فراموشی,B,حافظه کوتاه‌مدت ظرفیت و دوام محدودتری دارد. سؤال بازطراحی‌شده برای تنوع بیشتر آزمون.,ترنم همدلی,original,1405
یازدهم,انسانی,روان‌شناسی,روان‌شناسی یازدهم,بخش 2,حافظه,,متوسط,"پاسخ صحیح پرسش زیر کدام است؟
حافظه کوتاه‌مدت چه ویژگی دارد؟",ظرفیت و دوام محدودتر,ظرفیت نامحدود,بدون فراموشی,فقط برای مهارت حرکتی,A,حافظه کوتاه‌مدت ظرفیت و دوام محدودتری دارد. سؤال بازطراحی‌شده برای تنوع بیشتر آزمون.,ترنم همدلی,original,1405
یازدهم,انسانی,روان‌شناسی,روان‌شناسی یازدهم,بخش 2,حافظه,,متوسط,"در میان گزینه‌های زیر، پاسخ درست را پیدا کنید:
حافظه کوتاه‌مدت چه ویژگی دارد؟",ظرفیت نامحدود,بدون فراموشی,فقط برای مهارت حرکتی,ظرفیت و دوام محدودتر,D,حافظه کوتاه‌مدت ظرفیت و دوام محدودتری دارد. سؤال بازطراحی‌شده برای تنوع بیشتر آزمون.,ترنم همدلی,original,1405
یازدهم,انسانی,روان‌شناسی,روان‌شناسی یازدهم,بخش 2,حافظه,,متوسط,"کدام گزینه با محتوای سؤال زیر هماهنگ است؟
حافظه کوتاه‌مدت چه ویژگی دارد؟",بدون فراموشی,فقط برای مهارت حرکتی,ظرفیت و دوام محدودتر,ظرفیت نامحدود,C,حافظه کوتاه‌مدت ظرفیت و دوام محدودتری دارد. سؤال بازطراحی‌شده برای تنوع بیشتر آزمون.,ترنم همدلی,original,1405
یازدهم,انسانی,روان‌شناسی,روان‌شناسی یازدهم,بخش 2,حافظه,,متوسط,"با توجه به پرسش زیر، گزینه صحیح را انتخاب کنید:
حافظه کوتاه‌مدت چه ویژگی دارد؟",فقط برای مهارت حرکتی,ظرفیت و دوام محدودتر,ظرفیت نامحدود,بدون فراموشی,B,حافظه کوتاه‌مدت ظرفیت و دوام محدودتری دارد. سؤال بازطراحی‌شده برای تنوع بیشتر آزمون.,ترنم همدلی,original,1405
یازدهم,انسانی,روان‌شناسی,روان‌شناسی یازدهم,بخش 2,حافظه,,متوسط,"کدام گزینه از نظر محتوایی درست است؟
حافظه کوتاه‌مدت چه ویژگی دارد؟",ظرفیت و دوام محدودتر,ظرفیت نامحدود,بدون فراموشی,فقط برای مهارت حرکتی,A,حافظه کوتاه‌مدت ظرفیت و دوام محدودتری دارد. سؤال بازطراحی‌شده برای تنوع بیشتر آزمون.,ترنم همدلی,original,1405
یازدهم,انسانی,روان‌شناسی,روان‌شناسی یازدهم,بخش 2,حافظه,,متوسط,"گزینه درست برای پرسش زیر را مشخص کنید:
حافظه کوتاه‌مدت چه ویژگی دارد؟",ظرفیت نامحدود,بدون فراموشی,فقط برای مهارت حرکتی,ظرفیت و دوام محدودتر,D,حافظه کوتاه‌مدت ظرفیت و دوام محدودتری دارد. سؤال بازطراحی‌شده برای تنوع بیشتر آزمون.,ترنم همدلی,original,1405
یازدهم,انسانی,روان‌شناسی,روان‌شناسی یازدهم,بخش 3,انگیزه,,متوسط,"در سؤال زیر، گزینه درست را انتخاب کنید:
انگیزه چه نقشی دارد؟",جهت‌دهی و فعال‌سازی رفتار,حذف هدف,کاهش همه رفتارها,تغییر رنگ چشم,A,انگیزه رفتار را فعال و جهت‌دهی می‌کند. سؤال بازطراحی‌شده برای تنوع بیشتر آزمون.,ترنم همدلی,original,1405
یازدهم,انسانی,روان‌شناسی,روان‌شناسی یازدهم,بخش 3,انگیزه,,متوسط,"کدام گزینه پاسخ صحیح این پرسش است؟
انگیزه چه نقشی دارد؟",حذف هدف,کاهش همه رفتارها,تغییر رنگ چشم,جهت‌دهی و فعال‌سازی رفتار,D,انگیزه رفتار را فعال و جهت‌دهی می‌کند. سؤال بازطراحی‌شده برای تنوع بیشتر آزمون.,ترنم همدلی,original,1405
یازدهم,انسانی,روان‌شناسی,روان‌شناسی یازدهم,بخش 3,انگیزه,,متوسط,"با دقت به پرسش زیر، گزینه درست را مشخص کنید:
انگیزه چه نقشی دارد؟",کاهش همه رفتارها,تغییر رنگ چشم,جهت‌دهی و فعال‌سازی رفتار,حذف هدف,C,انگیزه رفتار را فعال و جهت‌دهی می‌کند. سؤال بازطراحی‌شده برای تنوع بیشتر آزمون.,ترنم همدلی,original,1405
یازدهم,انسانی,روان‌شناسی,روان‌شناسی یازدهم,بخش 3,انگیزه,,متوسط,"کدام گزینه با صورت سؤال زیر سازگار است؟
انگیزه چه نقشی دارد؟",تغییر رنگ چشم,جهت‌دهی و فعال‌سازی رفتار,حذف هدف,کاهش همه رفتارها,B,انگیزه رفتار را فعال و جهت‌دهی می‌کند. سؤال بازطراحی‌شده برای تنوع بیشتر آزمون.,ترنم همدلی,original,1405
یازدهم,انسانی,روان‌شناسی,روان‌شناسی یازدهم,بخش 3,انگیزه,,متوسط,"پاسخ صحیح پرسش زیر کدام است؟
انگیزه چه نقشی دارد؟",جهت‌دهی و فعال‌سازی رفتار,حذف هدف,کاهش همه رفتارها,تغییر رنگ چشم,A,انگیزه رفتار را فعال و جهت‌دهی می‌کند. سؤال بازطراحی‌شده برای تنوع بیشتر آزمون.,ترنم همدلی,original,1405
یازدهم,انسانی,روان‌شناسی,روان‌شناسی یازدهم,بخش 3,انگیزه,,متوسط,"در میان گزینه‌های زیر، پاسخ درست را پیدا کنید:
انگیزه چه نقشی دارد؟",حذف هدف,کاهش همه رفتارها,تغییر رنگ چشم,جهت‌دهی و فعال‌سازی رفتار,D,انگیزه رفتار را فعال و جهت‌دهی می‌کند. سؤال بازطراحی‌شده برای تنوع بیشتر آزمون.,ترنم همدلی,original,1405
یازدهم,انسانی,روان‌شناسی,روان‌شناسی یازدهم,بخش 3,انگیزه,,متوسط,"کدام گزینه با محتوای سؤال زیر هماهنگ است؟
انگیزه چه نقشی دارد؟",کاهش همه رفتارها,تغییر رنگ چشم,جهت‌دهی و فعال‌سازی رفتار,حذف هدف,C,انگیزه رفتار را فعال و جهت‌دهی می‌کند. سؤال بازطراحی‌شده برای تنوع بیشتر آزمون.,ترنم همدلی,original,1405
یازدهم,انسانی,روان‌شناسی,روان‌شناسی یازدهم,بخش 3,انگیزه,,متوسط,"با توجه به پرسش زیر، گزینه صحیح را انتخاب کنید:
انگیزه چه نقشی دارد؟",تغییر رنگ چشم,جهت‌دهی و فعال‌سازی رفتار,حذف هدف,کاهش همه رفتارها,B,انگیزه رفتار را فعال و جهت‌دهی می‌کند. سؤال بازطراحی‌شده برای تنوع بیشتر آزمون.,ترنم همدلی,original,1405
یازدهم,انسانی,روان‌شناسی,روان‌شناسی یازدهم,بخش 3,انگیزه,,متوسط,"کدام گزینه از نظر محتوایی درست است؟
انگیزه چه نقشی دارد؟",جهت‌دهی و فعال‌سازی رفتار,حذف هدف,کاهش همه رفتارها,تغییر رنگ چشم,A,انگیزه رفتار را فعال و جهت‌دهی می‌کند. سؤال بازطراحی‌شده برای تنوع بیشتر آزمون.,ترنم همدلی,original,1405
یازدهم,انسانی,روان‌شناسی,روان‌شناسی یازدهم,بخش 3,انگیزه,,متوسط,"گزینه درست برای پرسش زیر را مشخص کنید:
انگیزه چه نقشی دارد؟",حذف هدف,کاهش همه رفتارها,تغییر رنگ چشم,جهت‌دهی و فعال‌سازی رفتار,D,انگیزه رفتار را فعال و جهت‌دهی می‌کند. سؤال بازطراحی‌شده برای تنوع بیشتر آزمون.,ترنم همدلی,original,1405
یازدهم,انسانی,روان‌شناسی,روان‌شناسی یازدهم,بخش 4,ادراک,,متوسط,"در سؤال زیر، گزینه درست را انتخاب کنید:
ادراک چیست؟",تفسیر اطلاعات حسی,فقط دریافت نور,حرکت عضله,تنفس,A,ادراک تفسیر و سازمان‌دهی اطلاعات حسی است. سؤال بازطراحی‌شده برای تنوع بیشتر آزمون.,ترنم همدلی,original,1405
یازدهم,انسانی,روان‌شناسی,روان‌شناسی یازدهم,بخش 4,ادراک,,متوسط,"کدام گزینه پاسخ صحیح این پرسش است؟
ادراک چیست؟",فقط دریافت نور,حرکت عضله,تنفس,تفسیر اطلاعات حسی,D,ادراک تفسیر و سازمان‌دهی اطلاعات حسی است. سؤال بازطراحی‌شده برای تنوع بیشتر آزمون.,ترنم همدلی,original,1405
یازدهم,انسانی,روان‌شناسی,روان‌شناسی یازدهم,بخش 4,ادراک,,متوسط,"با دقت به پرسش زیر، گزینه درست را مشخص کنید:
ادراک چیست؟",حرکت عضله,تنفس,تفسیر اطلاعات حسی,فقط دریافت نور,C,ادراک تفسیر و سازمان‌دهی اطلاعات حسی است. سؤال بازطراحی‌شده برای تنوع بیشتر آزمون.,ترنم همدلی,original,1405
یازدهم,انسانی,روان‌شناسی,روان‌شناسی یازدهم,بخش 4,ادراک,,متوسط,"کدام گزینه با صورت سؤال زیر سازگار است؟
ادراک چیست؟",تنفس,تفسیر اطلاعات حسی,فقط دریافت نور,حرکت عضله,B,ادراک تفسیر و سازمان‌دهی اطلاعات حسی است. سؤال بازطراحی‌شده برای تنوع بیشتر آزمون.,ترنم همدلی,original,1405
یازدهم,انسانی,روان‌شناسی,روان‌شناسی یازدهم,بخش 4,ادراک,,متوسط,"پاسخ صحیح پرسش زیر کدام است؟
ادراک چیست؟",تفسیر اطلاعات حسی,فقط دریافت نور,حرکت عضله,تنفس,A,ادراک تفسیر و سازمان‌دهی اطلاعات حسی است. سؤال بازطراحی‌شده برای تنوع بیشتر آزمون.,ترنم همدلی,original,1405
یازدهم,انسانی,روان‌شناسی,روان‌شناسی یازدهم,بخش 4,ادراک,,متوسط,"در میان گزینه‌های زیر، پاسخ درست را پیدا کنید:
ادراک چیست؟",فقط دریافت نور,حرکت عضله,تنفس,تفسیر اطلاعات حسی,D,ادراک تفسیر و سازمان‌دهی اطلاعات حسی است. سؤال بازطراحی‌شده برای تنوع بیشتر آزمون.,ترنم همدلی,original,1405
یازدهم,انسانی,روان‌شناسی,روان‌شناسی یازدهم,بخش 4,ادراک,,متوسط,"کدام گزینه با محتوای سؤال زیر هماهنگ است؟
ادراک چیست؟",حرکت عضله,تنفس,تفسیر اطلاعات حسی,فقط دریافت نور,C,ادراک تفسیر و سازمان‌دهی اطلاعات حسی است. سؤال بازطراحی‌شده برای تنوع بیشتر آزمون.,ترنم همدلی,original,1405
یازدهم,انسانی,روان‌شناسی,روان‌شناسی یازدهم,بخش 4,ادراک,,متوسط,"با توجه به پرسش زیر، گزینه صحیح را انتخاب کنید:
ادراک چیست؟",تنفس,تفسیر اطلاعات حسی,فقط دریافت نور,حرکت عضله,B,ادراک تفسیر و سازمان‌دهی اطلاعات حسی است. سؤال بازطراحی‌شده برای تنوع بیشتر آزمون.,ترنم همدلی,original,1405
یازدهم,انسانی,روان‌شناسی,روان‌شناسی یازدهم,بخش 4,ادراک,,متوسط,"کدام گزینه از نظر محتوایی درست است؟
ادراک چیست؟",تفسیر اطلاعات حسی,فقط دریافت نور,حرکت عضله,تنفس,A,ادراک تفسیر و سازمان‌دهی اطلاعات حسی است. سؤال بازطراحی‌شده برای تنوع بیشتر آزمون.,ترنم همدلی,original,1405
یازدهم,انسانی,روان‌شناسی,روان‌شناسی یازدهم,بخش 4,ادراک,,متوسط,"گزینه درست برای پرسش زیر را مشخص کنید:
ادراک چیست؟",فقط دریافت نور,حرکت عضله,تنفس,تفسیر اطلاعات حسی,D,ادراک تفسیر و سازمان‌دهی اطلاعات حسی است. سؤال بازطراحی‌شده برای تنوع بیشتر آزمون.,ترنم همدلی,original,1405
یازدهم,انسانی,روان‌شناسی,روان‌شناسی یازدهم,بخش 5,شخصیت,,متوسط,"در سؤال زیر، گزینه درست را انتخاب کنید:
شخصیت به چه چیزی اشاره دارد؟",الگوهای نسبتاً پایدار ویژگی و رفتار,یک هیجان لحظه‌ای,قد,وزن,A,شخصیت مجموعه الگوهای نسبتاً پایدار ویژگی‌ها و رفتار است. سؤال بازطراحی‌شده برای تنوع بیشتر آزمون.,ترنم همدلی,original,1405
یازدهم,انسانی,روان‌شناسی,روان‌شناسی یازدهم,بخش 5,شخصیت,,متوسط,"کدام گزینه پاسخ صحیح این پرسش است؟
شخصیت به چه چیزی اشاره دارد؟",یک هیجان لحظه‌ای,قد,وزن,الگوهای نسبتاً پایدار ویژگی و رفتار,D,شخصیت مجموعه الگوهای نسبتاً پایدار ویژگی‌ها و رفتار است. سؤال بازطراحی‌شده برای تنوع بیشتر آزمون.,ترنم همدلی,original,1405
یازدهم,انسانی,روان‌شناسی,روان‌شناسی یازدهم,بخش 5,شخصیت,,متوسط,"با دقت به پرسش زیر، گزینه درست را مشخص کنید:
شخصیت به چه چیزی اشاره دارد؟",قد,وزن,الگوهای نسبتاً پایدار ویژگی و رفتار,یک هیجان لحظه‌ای,C,شخصیت مجموعه الگوهای نسبتاً پایدار ویژگی‌ها و رفتار است. سؤال بازطراحی‌شده برای تنوع بیشتر آزمون.,ترنم همدلی,original,1405
یازدهم,انسانی,روان‌شناسی,روان‌شناسی یازدهم,بخش 5,شخصیت,,متوسط,"کدام گزینه با صورت سؤال زیر سازگار است؟
شخصیت به چه چیزی اشاره دارد؟",وزن,الگوهای نسبتاً پایدار ویژگی و رفتار,یک هیجان لحظه‌ای,قد,B,شخصیت مجموعه الگوهای نسبتاً پایدار ویژگی‌ها و رفتار است. سؤال بازطراحی‌شده برای تنوع بیشتر آزمون.,ترنم همدلی,original,1405
یازدهم,انسانی,روان‌شناسی,روان‌شناسی یازدهم,بخش 5,شخصیت,,متوسط,"پاسخ صحیح پرسش زیر کدام است؟
شخصیت به چه چیزی اشاره دارد؟",الگوهای نسبتاً پایدار ویژگی و رفتار,یک هیجان لحظه‌ای,قد,وزن,A,شخصیت مجموعه الگوهای نسبتاً پایدار ویژگی‌ها و رفتار است. سؤال بازطراحی‌شده برای تنوع بیشتر آزمون.,ترنم همدلی,original,1405
یازدهم,انسانی,روان‌شناسی,روان‌شناسی یازدهم,بخش 5,شخصیت,,متوسط,"در میان گزینه‌های زیر، پاسخ درست را پیدا کنید:
شخصیت به چه چیزی اشاره دارد؟",یک هیجان لحظه‌ای,قد,وزن,الگوهای نسبتاً پایدار ویژگی و رفتار,D,شخصیت مجموعه الگوهای نسبتاً پایدار ویژگی‌ها و رفتار است. سؤال بازطراحی‌شده برای تنوع بیشتر آزمون.,ترنم همدلی,original,1405
یازدهم,انسانی,روان‌شناسی,روان‌شناسی یازدهم,بخش 5,شخصیت,,متوسط,"کدام گزینه با محتوای سؤال زیر هماهنگ است؟
شخصیت به چه چیزی اشاره دارد؟",قد,وزن,الگوهای نسبتاً پایدار ویژگی و رفتار,یک هیجان لحظه‌ای,C,شخصیت مجموعه الگوهای نسبتاً پایدار ویژگی‌ها و رفتار است. سؤال بازطراحی‌شده برای تنوع بیشتر آزمون.,ترنم همدلی,original,1405
یازدهم,انسانی,روان‌شناسی,روان‌شناسی یازدهم,بخش 5,شخصیت,,متوسط,"با توجه به پرسش زیر، گزینه صحیح را انتخاب کنید:
شخصیت به چه چیزی اشاره دارد؟",وزن,الگوهای نسبتاً پایدار ویژگی و رفتار,یک هیجان لحظه‌ای,قد,B,شخصیت مجموعه الگوهای نسبتاً پایدار ویژگی‌ها و رفتار است. سؤال بازطراحی‌شده برای تنوع بیشتر آزمون.,ترنم همدلی,original,1405
یازدهم,انسانی,روان‌شناسی,روان‌شناسی یازدهم,بخش 5,شخصیت,,متوسط,"کدام گزینه از نظر محتوایی درست است؟
شخصیت به چه چیزی اشاره دارد؟",الگوهای نسبتاً پایدار ویژگی و رفتار,یک هیجان لحظه‌ای,قد,وزن,A,شخصیت مجموعه الگوهای نسبتاً پایدار ویژگی‌ها و رفتار است. سؤال بازطراحی‌شده برای تنوع بیشتر آزمون.,ترنم همدلی,original,1405
یازدهم,انسانی,روان‌شناسی,روان‌شناسی یازدهم,بخش 5,شخصیت,,متوسط,"گزینه درست برای پرسش زیر را مشخص کنید:
شخصیت به چه چیزی اشاره دارد؟",یک هیجان لحظه‌ای,قد,وزن,الگوهای نسبتاً پایدار ویژگی و رفتار,D,شخصیت مجموعه الگوهای نسبتاً پایدار ویژگی‌ها و رفتار است. سؤال بازطراحی‌شده برای تنوع بیشتر آزمون.,ترنم همدلی,original,1405
یازدهم,انسانی,روان‌شناسی,روان‌شناسی یازدهم,بخش 6,استرس,,متوسط,"در سؤال زیر، گزینه درست را انتخاب کنید:
استرس چه زمانی می‌تواند مشکل‌زا شود؟",وقتی طولانی و ناتوان‌کننده باشد,هرگز,فقط هنگام ورزش,فقط در خواب,A,استرس شدید یا مزمن می‌تواند مشکل‌زا شود. سؤال بازطراحی‌شده برای تنوع بیشتر آزمون.,ترنم همدلی,original,1405
یازدهم,انسانی,روان‌شناسی,روان‌شناسی یازدهم,بخش 6,استرس,,متوسط,"کدام گزینه پاسخ صحیح این پرسش است؟
استرس چه زمانی می‌تواند مشکل‌زا شود؟",هرگز,فقط هنگام ورزش,فقط در خواب,وقتی طولانی و ناتوان‌کننده باشد,D,استرس شدید یا مزمن می‌تواند مشکل‌زا شود. سؤال بازطراحی‌شده برای تنوع بیشتر آزمون.,ترنم همدلی,original,1405
یازدهم,انسانی,روان‌شناسی,روان‌شناسی یازدهم,بخش 6,استرس,,متوسط,"با دقت به پرسش زیر، گزینه درست را مشخص کنید:
استرس چه زمانی می‌تواند مشکل‌زا شود؟",فقط هنگام ورزش,فقط در خواب,وقتی طولانی و ناتوان‌کننده باشد,هرگز,C,استرس شدید یا مزمن می‌تواند مشکل‌زا شود. سؤال بازطراحی‌شده برای تنوع بیشتر آزمون.,ترنم همدلی,original,1405
یازدهم,انسانی,روان‌شناسی,روان‌شناسی یازدهم,بخش 6,استرس,,متوسط,"کدام گزینه با صورت سؤال زیر سازگار است؟
استرس چه زمانی می‌تواند مشکل‌زا شود؟",فقط در خواب,وقتی طولانی و ناتوان‌کننده باشد,هرگز,فقط هنگام ورزش,B,استرس شدید یا مزمن می‌تواند مشکل‌زا شود. سؤال بازطراحی‌شده برای تنوع بیشتر آزمون.,ترنم همدلی,original,1405
یازدهم,انسانی,روان‌شناسی,روان‌شناسی یازدهم,بخش 6,استرس,,متوسط,"پاسخ صحیح پرسش زیر کدام است؟
استرس چه زمانی می‌تواند مشکل‌زا شود؟",وقتی طولانی و ناتوان‌کننده باشد,هرگز,فقط هنگام ورزش,فقط در خواب,A,استرس شدید یا مزمن می‌تواند مشکل‌زا شود. سؤال بازطراحی‌شده برای تنوع بیشتر آزمون.,ترنم همدلی,original,1405
یازدهم,انسانی,روان‌شناسی,روان‌شناسی یازدهم,بخش 6,استرس,,متوسط,"در میان گزینه‌های زیر، پاسخ درست را پیدا کنید:
استرس چه زمانی می‌تواند مشکل‌زا شود؟",هرگز,فقط هنگام ورزش,فقط در خواب,وقتی طولانی و ناتوان‌کننده باشد,D,استرس شدید یا مزمن می‌تواند مشکل‌زا شود. سؤال بازطراحی‌شده برای تنوع بیشتر آزمون.,ترنم همدلی,original,1405
یازدهم,انسانی,روان‌شناسی,روان‌شناسی یازدهم,بخش 6,استرس,,متوسط,"کدام گزینه با محتوای سؤال زیر هماهنگ است؟
استرس چه زمانی می‌تواند مشکل‌زا شود؟",فقط هنگام ورزش,فقط در خواب,وقتی طولانی و ناتوان‌کننده باشد,هرگز,C,استرس شدید یا مزمن می‌تواند مشکل‌زا شود. سؤال بازطراحی‌شده برای تنوع بیشتر آزمون.,ترنم همدلی,original,1405
یازدهم,انسانی,روان‌شناسی,روان‌شناسی یازدهم,بخش 6,استرس,,متوسط,"با توجه به پرسش زیر، گزینه صحیح را انتخاب کنید:
استرس چه زمانی می‌تواند مشکل‌زا شود؟",فقط در خواب,وقتی طولانی و ناتوان‌کننده باشد,هرگز,فقط هنگام ورزش,B,استرس شدید یا مزمن می‌تواند مشکل‌زا شود. سؤال بازطراحی‌شده برای تنوع بیشتر آزمون.,ترنم همدلی,original,1405
یازدهم,انسانی,روان‌شناسی,روان‌شناسی یازدهم,بخش 6,استرس,,متوسط,"کدام گزینه از نظر محتوایی درست است؟
استرس چه زمانی می‌تواند مشکل‌زا شود؟",وقتی طولانی و ناتوان‌کننده باشد,هرگز,فقط هنگام ورزش,فقط در خواب,A,استرس شدید یا مزمن می‌تواند مشکل‌زا شود. سؤال بازطراحی‌شده برای تنوع بیشتر آزمون.,ترنم همدلی,original,1405
یازدهم,انسانی,روان‌شناسی,روان‌شناسی یازدهم,بخش 6,استرس,,متوسط,"گزینه درست برای پرسش زیر را مشخص کنید:
استرس چه زمانی می‌تواند مشکل‌زا شود؟",هرگز,فقط هنگام ورزش,فقط در خواب,وقتی طولانی و ناتوان‌کننده باشد,D,استرس شدید یا مزمن می‌تواند مشکل‌زا شود. سؤال بازطراحی‌شده برای تنوع بیشتر آزمون.,ترنم همدلی,original,1405
یازدهم,انسانی,تاریخ,تاریخ یازدهم,بخش 1,منبع تاریخی,,متوسط,"در سؤال زیر، گزینه درست را انتخاب کنید:
منبع دست‌اول چیست؟",اثر یا گزارش نزدیک به زمان رویداد,خلاصه امروزی,نظر شخص ثالث,داستان تخیلی,A,منبع دست‌اول به دوره یا شاهد نزدیک‌تر است. سؤال بازطراحی‌شده برای تنوع بیشتر آزمون.,ترنم همدلی,original,1405
یازدهم,انسانی,تاریخ,تاریخ یازدهم,بخش 1,منبع تاریخی,,متوسط,"کدام گزینه پاسخ صحیح این پرسش است؟
منبع دست‌اول چیست؟",خلاصه امروزی,نظر شخص ثالث,داستان تخیلی,اثر یا گزارش نزدیک به زمان رویداد,D,منبع دست‌اول به دوره یا شاهد نزدیک‌تر است. سؤال بازطراحی‌شده برای تنوع بیشتر آزمون.,ترنم همدلی,original,1405
یازدهم,انسانی,تاریخ,تاریخ یازدهم,بخش 1,منبع تاریخی,,متوسط,"با دقت به پرسش زیر، گزینه درست را مشخص کنید:
منبع دست‌اول چیست؟",نظر شخص ثالث,داستان تخیلی,اثر یا گزارش نزدیک به زمان رویداد,خلاصه امروزی,C,منبع دست‌اول به دوره یا شاهد نزدیک‌تر است. سؤال بازطراحی‌شده برای تنوع بیشتر آزمون.,ترنم همدلی,original,1405
یازدهم,انسانی,تاریخ,تاریخ یازدهم,بخش 1,منبع تاریخی,,متوسط,"کدام گزینه با صورت سؤال زیر سازگار است؟
منبع دست‌اول چیست؟",داستان تخیلی,اثر یا گزارش نزدیک به زمان رویداد,خلاصه امروزی,نظر شخص ثالث,B,منبع دست‌اول به دوره یا شاهد نزدیک‌تر است. سؤال بازطراحی‌شده برای تنوع بیشتر آزمون.,ترنم همدلی,original,1405
یازدهم,انسانی,تاریخ,تاریخ یازدهم,بخش 1,منبع تاریخی,,متوسط,"پاسخ صحیح پرسش زیر کدام است؟
منبع دست‌اول چیست؟",اثر یا گزارش نزدیک به زمان رویداد,خلاصه امروزی,نظر شخص ثالث,داستان تخیلی,A,منبع دست‌اول به دوره یا شاهد نزدیک‌تر است. سؤال بازطراحی‌شده برای تنوع بیشتر آزمون.,ترنم همدلی,original,1405
یازدهم,انسانی,تاریخ,تاریخ یازدهم,بخش 1,منبع تاریخی,,متوسط,"در میان گزینه‌های زیر، پاسخ درست را پیدا کنید:
منبع دست‌اول چیست؟",خلاصه امروزی,نظر شخص ثالث,داستان تخیلی,اثر یا گزارش نزدیک به زمان رویداد,D,منبع دست‌اول به دوره یا شاهد نزدیک‌تر است. سؤال بازطراحی‌شده برای تنوع بیشتر آزمون.,ترنم همدلی,original,1405
یازدهم,انسانی,تاریخ,تاریخ یازدهم,بخش 1,منبع تاریخی,,متوسط,"کدام گزینه با محتوای سؤال زیر هماهنگ است؟
منبع دست‌اول چیست؟",نظر شخص ثالث,داستان تخیلی,اثر یا گزارش نزدیک به زمان رویداد,خلاصه امروزی,C,منبع دست‌اول به دوره یا شاهد نزدیک‌تر است. سؤال بازطراحی‌شده برای تنوع بیشتر آزمون.,ترنم همدلی,original,1405
یازدهم,انسانی,تاریخ,تاریخ یازدهم,بخش 1,منبع تاریخی,,متوسط,"با توجه به پرسش زیر، گزینه صحیح را انتخاب کنید:
منبع دست‌اول چیست؟",داستان تخیلی,اثر یا گزارش نزدیک به زمان رویداد,خلاصه امروزی,نظر شخص ثالث,B,منبع دست‌اول به دوره یا شاهد نزدیک‌تر است. سؤال بازطراحی‌شده برای تنوع بیشتر آزمون.,ترنم همدلی,original,1405
یازدهم,انسانی,تاریخ,تاریخ یازدهم,بخش 1,منبع تاریخی,,متوسط,"کدام گزینه از نظر محتوایی درست است؟
منبع دست‌اول چیست؟",اثر یا گزارش نزدیک به زمان رویداد,خلاصه امروزی,نظر شخص ثالث,داستان تخیلی,A,منبع دست‌اول به دوره یا شاهد نزدیک‌تر است. سؤال بازطراحی‌شده برای تنوع بیشتر آزمون.,ترنم همدلی,original,1405
یازدهم,انسانی,تاریخ,تاریخ یازدهم,بخش 1,منبع تاریخی,,متوسط,"گزینه درست برای پرسش زیر را مشخص کنید:
منبع دست‌اول چیست؟",خلاصه امروزی,نظر شخص ثالث,داستان تخیلی,اثر یا گزارش نزدیک به زمان رویداد,D,منبع دست‌اول به دوره یا شاهد نزدیک‌تر است. سؤال بازطراحی‌شده برای تنوع بیشتر آزمون.,ترنم همدلی,original,1405
یازدهم,انسانی,تاریخ,تاریخ یازدهم,بخش 2,علت و معلول,,متوسط,"در سؤال زیر، گزینه درست را انتخاب کنید:
در تحلیل تاریخی چرا علت و معلول مهم است؟",برای فهم چرایی رویدادها,برای حفظ تاریخ‌ها فقط,برای حذف زمینه,برای شمارش جمعیت,A,تحلیل علت و معلول فهم رویداد را عمیق‌تر می‌کند. سؤال بازطراحی‌شده برای تنوع بیشتر آزمون.,ترنم همدلی,original,1405
یازدهم,انسانی,تاریخ,تاریخ یازدهم,بخش 2,علت و معلول,,متوسط,"کدام گزینه پاسخ صحیح این پرسش است؟
در تحلیل تاریخی چرا علت و معلول مهم است؟",برای حفظ تاریخ‌ها فقط,برای حذف زمینه,برای شمارش جمعیت,برای فهم چرایی رویدادها,D,تحلیل علت و معلول فهم رویداد را عمیق‌تر می‌کند. سؤال بازطراحی‌شده برای تنوع بیشتر آزمون.,ترنم همدلی,original,1405
یازدهم,انسانی,تاریخ,تاریخ یازدهم,بخش 2,علت و معلول,,متوسط,"با دقت به پرسش زیر، گزینه درست را مشخص کنید:
در تحلیل تاریخی چرا علت و معلول مهم است؟",برای حذف زمینه,برای شمارش جمعیت,برای فهم چرایی رویدادها,برای حفظ تاریخ‌ها فقط,C,تحلیل علت و معلول فهم رویداد را عمیق‌تر می‌کند. سؤال بازطراحی‌شده برای تنوع بیشتر آزمون.,ترنم همدلی,original,1405
یازدهم,انسانی,تاریخ,تاریخ یازدهم,بخش 2,علت و معلول,,متوسط,"کدام گزینه با صورت سؤال زیر سازگار است؟
در تحلیل تاریخی چرا علت و معلول مهم است؟",برای شمارش جمعیت,برای فهم چرایی رویدادها,برای حفظ تاریخ‌ها فقط,برای حذف زمینه,B,تحلیل علت و معلول فهم رویداد را عمیق‌تر می‌کند. سؤال بازطراحی‌شده برای تنوع بیشتر آزمون.,ترنم همدلی,original,1405
یازدهم,انسانی,تاریخ,تاریخ یازدهم,بخش 2,علت و معلول,,متوسط,"پاسخ صحیح پرسش زیر کدام است؟
در تحلیل تاریخی چرا علت و معلول مهم است؟",برای فهم چرایی رویدادها,برای حفظ تاریخ‌ها فقط,برای حذف زمینه,برای شمارش جمعیت,A,تحلیل علت و معلول فهم رویداد را عمیق‌تر می‌کند. سؤال بازطراحی‌شده برای تنوع بیشتر آزمون.,ترنم همدلی,original,1405
یازدهم,انسانی,تاریخ,تاریخ یازدهم,بخش 2,علت و معلول,,متوسط,"در میان گزینه‌های زیر، پاسخ درست را پیدا کنید:
در تحلیل تاریخی چرا علت و معلول مهم است؟",برای حفظ تاریخ‌ها فقط,برای حذف زمینه,برای شمارش جمعیت,برای فهم چرایی رویدادها,D,تحلیل علت و معلول فهم رویداد را عمیق‌تر می‌کند. سؤال بازطراحی‌شده برای تنوع بیشتر آزمون.,ترنم همدلی,original,1405
یازدهم,انسانی,تاریخ,تاریخ یازدهم,بخش 2,علت و معلول,,متوسط,"کدام گزینه با محتوای سؤال زیر هماهنگ است؟
در تحلیل تاریخی چرا علت و معلول مهم است؟",برای حذف زمینه,برای شمارش جمعیت,برای فهم چرایی رویدادها,برای حفظ تاریخ‌ها فقط,C,تحلیل علت و معلول فهم رویداد را عمیق‌تر می‌کند. سؤال بازطراحی‌شده برای تنوع بیشتر آزمون.,ترنم همدلی,original,1405
یازدهم,انسانی,تاریخ,تاریخ یازدهم,بخش 2,علت و معلول,,متوسط,"با توجه به پرسش زیر، گزینه صحیح را انتخاب کنید:
در تحلیل تاریخی چرا علت و معلول مهم است؟",برای شمارش جمعیت,برای فهم چرایی رویدادها,برای حفظ تاریخ‌ها فقط,برای حذف زمینه,B,تحلیل علت و معلول فهم رویداد را عمیق‌تر می‌کند. سؤال بازطراحی‌شده برای تنوع بیشتر آزمون.,ترنم همدلی,original,1405
یازدهم,انسانی,تاریخ,تاریخ یازدهم,بخش 2,علت و معلول,,متوسط,"کدام گزینه از نظر محتوایی درست است؟
در تحلیل تاریخی چرا علت و معلول مهم است؟",برای فهم چرایی رویدادها,برای حفظ تاریخ‌ها فقط,برای حذف زمینه,برای شمارش جمعیت,A,تحلیل علت و معلول فهم رویداد را عمیق‌تر می‌کند. سؤال بازطراحی‌شده برای تنوع بیشتر آزمون.,ترنم همدلی,original,1405
یازدهم,انسانی,تاریخ,تاریخ یازدهم,بخش 2,علت و معلول,,متوسط,"گزینه درست برای پرسش زیر را مشخص کنید:
در تحلیل تاریخی چرا علت و معلول مهم است؟",برای حفظ تاریخ‌ها فقط,برای حذف زمینه,برای شمارش جمعیت,برای فهم چرایی رویدادها,D,تحلیل علت و معلول فهم رویداد را عمیق‌تر می‌کند. سؤال بازطراحی‌شده برای تنوع بیشتر آزمون.,ترنم همدلی,original,1405
یازدهم,انسانی,تاریخ,تاریخ یازدهم,بخش 3,دوره‌بندی,,متوسط,"در سؤال زیر، گزینه درست را انتخاب کنید:
دوره‌بندی تاریخی چه فایده‌ای دارد؟",سازمان‌دهی مطالعه گذشته,تغییر واقعیت,حذف منابع,ساختن رویداد,A,دوره‌بندی مطالعه گذشته را منظم می‌کند. سؤال بازطراحی‌شده برای تنوع بیشتر آزمون.,ترنم همدلی,original,1405
یازدهم,انسانی,تاریخ,تاریخ یازدهم,بخش 3,دوره‌بندی,,متوسط,"کدام گزینه پاسخ صحیح این پرسش است؟
دوره‌بندی تاریخی چه فایده‌ای دارد؟",تغییر واقعیت,حذف منابع,ساختن رویداد,سازمان‌دهی مطالعه گذشته,D,دوره‌بندی مطالعه گذشته را منظم می‌کند. سؤال بازطراحی‌شده برای تنوع بیشتر آزمون.,ترنم همدلی,original,1405
یازدهم,انسانی,تاریخ,تاریخ یازدهم,بخش 3,دوره‌بندی,,متوسط,"با دقت به پرسش زیر، گزینه درست را مشخص کنید:
دوره‌بندی تاریخی چه فایده‌ای دارد؟",حذف منابع,ساختن رویداد,سازمان‌دهی مطالعه گذشته,تغییر واقعیت,C,دوره‌بندی مطالعه گذشته را منظم می‌کند. سؤال بازطراحی‌شده برای تنوع بیشتر آزمون.,ترنم همدلی,original,1405
یازدهم,انسانی,تاریخ,تاریخ یازدهم,بخش 3,دوره‌بندی,,متوسط,"کدام گزینه با صورت سؤال زیر سازگار است؟
دوره‌بندی تاریخی چه فایده‌ای دارد؟",ساختن رویداد,سازمان‌دهی مطالعه گذشته,تغییر واقعیت,حذف منابع,B,دوره‌بندی مطالعه گذشته را منظم می‌کند. سؤال بازطراحی‌شده برای تنوع بیشتر آزمون.,ترنم همدلی,original,1405
یازدهم,انسانی,تاریخ,تاریخ یازدهم,بخش 3,دوره‌بندی,,متوسط,"پاسخ صحیح پرسش زیر کدام است؟
دوره‌بندی تاریخی چه فایده‌ای دارد؟",سازمان‌دهی مطالعه گذشته,تغییر واقعیت,حذف منابع,ساختن رویداد,A,دوره‌بندی مطالعه گذشته را منظم می‌کند. سؤال بازطراحی‌شده برای تنوع بیشتر آزمون.,ترنم همدلی,original,1405
یازدهم,انسانی,تاریخ,تاریخ یازدهم,بخش 3,دوره‌بندی,,متوسط,"در میان گزینه‌های زیر، پاسخ درست را پیدا کنید:
دوره‌بندی تاریخی چه فایده‌ای دارد؟",تغییر واقعیت,حذف منابع,ساختن رویداد,سازمان‌دهی مطالعه گذشته,D,دوره‌بندی مطالعه گذشته را منظم می‌کند. سؤال بازطراحی‌شده برای تنوع بیشتر آزمون.,ترنم همدلی,original,1405
یازدهم,انسانی,تاریخ,تاریخ یازدهم,بخش 3,دوره‌بندی,,متوسط,"کدام گزینه با محتوای سؤال زیر هماهنگ است؟
دوره‌بندی تاریخی چه فایده‌ای دارد؟",حذف منابع,ساختن رویداد,سازمان‌دهی مطالعه گذشته,تغییر واقعیت,C,دوره‌بندی مطالعه گذشته را منظم می‌کند. سؤال بازطراحی‌شده برای تنوع بیشتر آزمون.,ترنم همدلی,original,1405
یازدهم,انسانی,تاریخ,تاریخ یازدهم,بخش 3,دوره‌بندی,,متوسط,"با توجه به پرسش زیر، گزینه صحیح را انتخاب کنید:
دوره‌بندی تاریخی چه فایده‌ای دارد؟",ساختن رویداد,سازمان‌دهی مطالعه گذشته,تغییر واقعیت,حذف منابع,B,دوره‌بندی مطالعه گذشته را منظم می‌کند. سؤال بازطراحی‌شده برای تنوع بیشتر آزمون.,ترنم همدلی,original,1405
یازدهم,انسانی,تاریخ,تاریخ یازدهم,بخش 3,دوره‌بندی,,متوسط,"کدام گزینه از نظر محتوایی درست است؟
دوره‌بندی تاریخی چه فایده‌ای دارد؟",سازمان‌دهی مطالعه گذشته,تغییر واقعیت,حذف منابع,ساختن رویداد,A,دوره‌بندی مطالعه گذشته را منظم می‌کند. سؤال بازطراحی‌شده برای تنوع بیشتر آزمون.,ترنم همدلی,original,1405
یازدهم,انسانی,تاریخ,تاریخ یازدهم,بخش 3,دوره‌بندی,,متوسط,"گزینه درست برای پرسش زیر را مشخص کنید:
دوره‌بندی تاریخی چه فایده‌ای دارد؟",تغییر واقعیت,حذف منابع,ساختن رویداد,سازمان‌دهی مطالعه گذشته,D,دوره‌بندی مطالعه گذشته را منظم می‌کند. سؤال بازطراحی‌شده برای تنوع بیشتر آزمون.,ترنم همدلی,original,1405
یازدهم,انسانی,تاریخ,تاریخ یازدهم,بخش 4,منبع,,متوسط,"در سؤال زیر، گزینه درست را انتخاب کنید:
کدام مورد منبع مادی است؟",سکه تاریخی,نظر دانش‌آموز,پست شبکه اجتماعی امروز,فرمول ریاضی,A,سکه تاریخی یک منبع مادی است. سؤال بازطراحی‌شده برای تنوع بیشتر آزمون.,ترنم همدلی,original,1405
یازدهم,انسانی,تاریخ,تاریخ یازدهم,بخش 4,منبع,,متوسط,"کدام گزینه پاسخ صحیح این پرسش است؟
کدام مورد منبع مادی است؟",نظر دانش‌آموز,پست شبکه اجتماعی امروز,فرمول ریاضی,سکه تاریخی,D,سکه تاریخی یک منبع مادی است. سؤال بازطراحی‌شده برای تنوع بیشتر آزمون.,ترنم همدلی,original,1405
یازدهم,انسانی,تاریخ,تاریخ یازدهم,بخش 4,منبع,,متوسط,"با دقت به پرسش زیر، گزینه درست را مشخص کنید:
کدام مورد منبع مادی است؟",پست شبکه اجتماعی امروز,فرمول ریاضی,سکه تاریخی,نظر دانش‌آموز,C,سکه تاریخی یک منبع مادی است. سؤال بازطراحی‌شده برای تنوع بیشتر آزمون.,ترنم همدلی,original,1405
یازدهم,انسانی,تاریخ,تاریخ یازدهم,بخش 4,منبع,,متوسط,"کدام گزینه با صورت سؤال زیر سازگار است؟
کدام مورد منبع مادی است؟",فرمول ریاضی,سکه تاریخی,نظر دانش‌آموز,پست شبکه اجتماعی امروز,B,سکه تاریخی یک منبع مادی است. سؤال بازطراحی‌شده برای تنوع بیشتر آزمون.,ترنم همدلی,original,1405
یازدهم,انسانی,تاریخ,تاریخ یازدهم,بخش 4,منبع,,متوسط,"پاسخ صحیح پرسش زیر کدام است؟
کدام مورد منبع مادی است؟",سکه تاریخی,نظر دانش‌آموز,پست شبکه اجتماعی امروز,فرمول ریاضی,A,سکه تاریخی یک منبع مادی است. سؤال بازطراحی‌شده برای تنوع بیشتر آزمون.,ترنم همدلی,original,1405
یازدهم,انسانی,تاریخ,تاریخ یازدهم,بخش 4,منبع,,متوسط,"در میان گزینه‌های زیر، پاسخ درست را پیدا کنید:
کدام مورد منبع مادی است؟",نظر دانش‌آموز,پست شبکه اجتماعی امروز,فرمول ریاضی,سکه تاریخی,D,سکه تاریخی یک منبع مادی است. سؤال بازطراحی‌شده برای تنوع بیشتر آزمون.,ترنم همدلی,original,1405
یازدهم,انسانی,تاریخ,تاریخ یازدهم,بخش 4,منبع,,متوسط,"کدام گزینه با محتوای سؤال زیر هماهنگ است؟
کدام مورد منبع مادی است؟",پست شبکه اجتماعی امروز,فرمول ریاضی,سکه تاریخی,نظر دانش‌آموز,C,سکه تاریخی یک منبع مادی است. سؤال بازطراحی‌شده برای تنوع بیشتر آزمون.,ترنم همدلی,original,1405
یازدهم,انسانی,تاریخ,تاریخ یازدهم,بخش 4,منبع,,متوسط,"با توجه به پرسش زیر، گزینه صحیح را انتخاب کنید:
کدام مورد منبع مادی است؟",فرمول ریاضی,سکه تاریخی,نظر دانش‌آموز,پست شبکه اجتماعی امروز,B,سکه تاریخی یک منبع مادی است. سؤال بازطراحی‌شده برای تنوع بیشتر آزمون.,ترنم همدلی,original,1405
یازدهم,انسانی,تاریخ,تاریخ یازدهم,بخش 4,منبع,,متوسط,"کدام گزینه از نظر محتوایی درست است؟
کدام مورد منبع مادی است؟",سکه تاریخی,نظر دانش‌آموز,پست شبکه اجتماعی امروز,فرمول ریاضی,A,سکه تاریخی یک منبع مادی است. سؤال بازطراحی‌شده برای تنوع بیشتر آزمون.,ترنم همدلی,original,1405
یازدهم,انسانی,تاریخ,تاریخ یازدهم,بخش 4,منبع,,متوسط,"گزینه درست برای پرسش زیر را مشخص کنید:
کدام مورد منبع مادی است؟",نظر دانش‌آموز,پست شبکه اجتماعی امروز,فرمول ریاضی,سکه تاریخی,D,سکه تاریخی یک منبع مادی است. سؤال بازطراحی‌شده برای تنوع بیشتر آزمون.,ترنم همدلی,original,1405
یازدهم,انسانی,تاریخ,تاریخ یازدهم,بخش 5,نقد منبع,,متوسط,"در سؤال زیر، گزینه درست را انتخاب کنید:
در نقد منبع چه چیزی بررسی می‌شود؟",اعتبار و زمینه منبع,فقط طول متن,رنگ کاغذ,تعداد صفحات تنها,A,اعتبار، نویسنده، زمان و زمینه اهمیت دارند. سؤال بازطراحی‌شده برای تنوع بیشتر آزمون.,ترنم همدلی,original,1405
یازدهم,انسانی,تاریخ,تاریخ یازدهم,بخش 5,نقد منبع,,متوسط,"کدام گزینه پاسخ صحیح این پرسش است؟
در نقد منبع چه چیزی بررسی می‌شود؟",فقط طول متن,رنگ کاغذ,تعداد صفحات تنها,اعتبار و زمینه منبع,D,اعتبار، نویسنده، زمان و زمینه اهمیت دارند. سؤال بازطراحی‌شده برای تنوع بیشتر آزمون.,ترنم همدلی,original,1405
یازدهم,انسانی,تاریخ,تاریخ یازدهم,بخش 5,نقد منبع,,متوسط,"با دقت به پرسش زیر، گزینه درست را مشخص کنید:
در نقد منبع چه چیزی بررسی می‌شود؟",رنگ کاغذ,تعداد صفحات تنها,اعتبار و زمینه منبع,فقط طول متن,C,اعتبار، نویسنده، زمان و زمینه اهمیت دارند. سؤال بازطراحی‌شده برای تنوع بیشتر آزمون.,ترنم همدلی,original,1405
یازدهم,انسانی,تاریخ,تاریخ یازدهم,بخش 5,نقد منبع,,متوسط,"کدام گزینه با صورت سؤال زیر سازگار است؟
در نقد منبع چه چیزی بررسی می‌شود؟",تعداد صفحات تنها,اعتبار و زمینه منبع,فقط طول متن,رنگ کاغذ,B,اعتبار، نویسنده، زمان و زمینه اهمیت دارند. سؤال بازطراحی‌شده برای تنوع بیشتر آزمون.,ترنم همدلی,original,1405
یازدهم,انسانی,تاریخ,تاریخ یازدهم,بخش 5,نقد منبع,,متوسط,"پاسخ صحیح پرسش زیر کدام است؟
در نقد منبع چه چیزی بررسی می‌شود؟",اعتبار و زمینه منبع,فقط طول متن,رنگ کاغذ,تعداد صفحات تنها,A,اعتبار، نویسنده، زمان و زمینه اهمیت دارند. سؤال بازطراحی‌شده برای تنوع بیشتر آزمون.,ترنم همدلی,original,1405
یازدهم,انسانی,تاریخ,تاریخ یازدهم,بخش 5,نقد منبع,,متوسط,"در میان گزینه‌های زیر، پاسخ درست را پیدا کنید:
در نقد منبع چه چیزی بررسی می‌شود؟",فقط طول متن,رنگ کاغذ,تعداد صفحات تنها,اعتبار و زمینه منبع,D,اعتبار، نویسنده، زمان و زمینه اهمیت دارند. سؤال بازطراحی‌شده برای تنوع بیشتر آزمون.,ترنم همدلی,original,1405
یازدهم,انسانی,تاریخ,تاریخ یازدهم,بخش 5,نقد منبع,,متوسط,"کدام گزینه با محتوای سؤال زیر هماهنگ است؟
در نقد منبع چه چیزی بررسی می‌شود؟",رنگ کاغذ,تعداد صفحات تنها,اعتبار و زمینه منبع,فقط طول متن,C,اعتبار، نویسنده، زمان و زمینه اهمیت دارند. سؤال بازطراحی‌شده برای تنوع بیشتر آزمون.,ترنم همدلی,original,1405
یازدهم,انسانی,تاریخ,تاریخ یازدهم,بخش 5,نقد منبع,,متوسط,"با توجه به پرسش زیر، گزینه صحیح را انتخاب کنید:
در نقد منبع چه چیزی بررسی می‌شود؟",تعداد صفحات تنها,اعتبار و زمینه منبع,فقط طول متن,رنگ کاغذ,B,اعتبار، نویسنده، زمان و زمینه اهمیت دارند. سؤال بازطراحی‌شده برای تنوع بیشتر آزمون.,ترنم همدلی,original,1405
یازدهم,انسانی,تاریخ,تاریخ یازدهم,بخش 5,نقد منبع,,متوسط,"کدام گزینه از نظر محتوایی درست است؟
در نقد منبع چه چیزی بررسی می‌شود؟",اعتبار و زمینه منبع,فقط طول متن,رنگ کاغذ,تعداد صفحات تنها,A,اعتبار، نویسنده، زمان و زمینه اهمیت دارند. سؤال بازطراحی‌شده برای تنوع بیشتر آزمون.,ترنم همدلی,original,1405
یازدهم,انسانی,تاریخ,تاریخ یازدهم,بخش 5,نقد منبع,,متوسط,"گزینه درست برای پرسش زیر را مشخص کنید:
در نقد منبع چه چیزی بررسی می‌شود؟",فقط طول متن,رنگ کاغذ,تعداد صفحات تنها,اعتبار و زمینه منبع,D,اعتبار، نویسنده، زمان و زمینه اهمیت دارند. سؤال بازطراحی‌شده برای تنوع بیشتر آزمون.,ترنم همدلی,original,1405
یازدهم,انسانی,تاریخ,تاریخ یازدهم,بخش 6,تحلیل,,متوسط,"در سؤال زیر، گزینه درست را انتخاب کنید:
یک رویداد تاریخی را باید چگونه بررسی کرد؟",با توجه به زمینه و شواهد,فقط با یک نظر,بدون منبع,صرفاً با حدس,A,تحلیل تاریخی باید مبتنی بر شواهد و زمینه باشد. سؤال بازطراحی‌شده برای تنوع بیشتر آزمون.,ترنم همدلی,original,1405
یازدهم,انسانی,تاریخ,تاریخ یازدهم,بخش 6,تحلیل,,متوسط,"کدام گزینه پاسخ صحیح این پرسش است؟
یک رویداد تاریخی را باید چگونه بررسی کرد؟",فقط با یک نظر,بدون منبع,صرفاً با حدس,با توجه به زمینه و شواهد,D,تحلیل تاریخی باید مبتنی بر شواهد و زمینه باشد. سؤال بازطراحی‌شده برای تنوع بیشتر آزمون.,ترنم همدلی,original,1405
یازدهم,انسانی,تاریخ,تاریخ یازدهم,بخش 6,تحلیل,,متوسط,"با دقت به پرسش زیر، گزینه درست را مشخص کنید:
یک رویداد تاریخی را باید چگونه بررسی کرد؟",بدون منبع,صرفاً با حدس,با توجه به زمینه و شواهد,فقط با یک نظر,C,تحلیل تاریخی باید مبتنی بر شواهد و زمینه باشد. سؤال بازطراحی‌شده برای تنوع بیشتر آزمون.,ترنم همدلی,original,1405
یازدهم,انسانی,تاریخ,تاریخ یازدهم,بخش 6,تحلیل,,متوسط,"کدام گزینه با صورت سؤال زیر سازگار است؟
یک رویداد تاریخی را باید چگونه بررسی کرد؟",صرفاً با حدس,با توجه به زمینه و شواهد,فقط با یک نظر,بدون منبع,B,تحلیل تاریخی باید مبتنی بر شواهد و زمینه باشد. سؤال بازطراحی‌شده برای تنوع بیشتر آزمون.,ترنم همدلی,original,1405
یازدهم,انسانی,تاریخ,تاریخ یازدهم,بخش 6,تحلیل,,متوسط,"پاسخ صحیح پرسش زیر کدام است؟
یک رویداد تاریخی را باید چگونه بررسی کرد؟",با توجه به زمینه و شواهد,فقط با یک نظر,بدون منبع,صرفاً با حدس,A,تحلیل تاریخی باید مبتنی بر شواهد و زمینه باشد. سؤال بازطراحی‌شده برای تنوع بیشتر آزمون.,ترنم همدلی,original,1405
یازدهم,انسانی,تاریخ,تاریخ یازدهم,بخش 6,تحلیل,,متوسط,"در میان گزینه‌های زیر، پاسخ درست را پیدا کنید:
یک رویداد تاریخی را باید چگونه بررسی کرد؟",فقط با یک نظر,بدون منبع,صرفاً با حدس,با توجه به زمینه و شواهد,D,تحلیل تاریخی باید مبتنی بر شواهد و زمینه باشد. سؤال بازطراحی‌شده برای تنوع بیشتر آزمون.,ترنم همدلی,original,1405
یازدهم,انسانی,تاریخ,تاریخ یازدهم,بخش 6,تحلیل,,متوسط,"کدام گزینه با محتوای سؤال زیر هماهنگ است؟
یک رویداد تاریخی را باید چگونه بررسی کرد؟",بدون منبع,صرفاً با حدس,با توجه به زمینه و شواهد,فقط با یک نظر,C,تحلیل تاریخی باید مبتنی بر شواهد و زمینه باشد. سؤال بازطراحی‌شده برای تنوع بیشتر آزمون.,ترنم همدلی,original,1405
یازدهم,انسانی,تاریخ,تاریخ یازدهم,بخش 6,تحلیل,,متوسط,"با توجه به پرسش زیر، گزینه صحیح را انتخاب کنید:
یک رویداد تاریخی را باید چگونه بررسی کرد؟",صرفاً با حدس,با توجه به زمینه و شواهد,فقط با یک نظر,بدون منبع,B,تحلیل تاریخی باید مبتنی بر شواهد و زمینه باشد. سؤال بازطراحی‌شده برای تنوع بیشتر آزمون.,ترنم همدلی,original,1405
یازدهم,انسانی,تاریخ,تاریخ یازدهم,بخش 6,تحلیل,,متوسط,"کدام گزینه از نظر محتوایی درست است؟
یک رویداد تاریخی را باید چگونه بررسی کرد؟",با توجه به زمینه و شواهد,فقط با یک نظر,بدون منبع,صرفاً با حدس,A,تحلیل تاریخی باید مبتنی بر شواهد و زمینه باشد. سؤال بازطراحی‌شده برای تنوع بیشتر آزمون.,ترنم همدلی,original,1405
یازدهم,انسانی,تاریخ,تاریخ یازدهم,بخش 6,تحلیل,,متوسط,"گزینه درست برای پرسش زیر را مشخص کنید:
یک رویداد تاریخی را باید چگونه بررسی کرد؟",فقط با یک نظر,بدون منبع,صرفاً با حدس,با توجه به زمینه و شواهد,D,تحلیل تاریخی باید مبتنی بر شواهد و زمینه باشد. سؤال بازطراحی‌شده برای تنوع بیشتر آزمون.,ترنم همدلی,original,1405
یازدهم,انسانی,جغرافیا,جغرافیا یازدهم,بخش 1,نقشه,,متوسط,"در سؤال زیر، گزینه درست را انتخاب کنید:
مقیاس چه چیزی را نشان می‌دهد؟",رابطه فاصله نقشه و واقعیت,فقط جهت,فقط ارتفاع,نوع خاک,A,مقیاس رابطه فاصله روی نقشه با واقعیت است. سؤال بازطراحی‌شده برای تنوع بیشتر آزمون.,ترنم همدلی,original,1405
یازدهم,انسانی,جغرافیا,جغرافیا یازدهم,بخش 1,نقشه,,متوسط,"کدام گزینه پاسخ صحیح این پرسش است؟
مقیاس چه چیزی را نشان می‌دهد؟",فقط جهت,فقط ارتفاع,نوع خاک,رابطه فاصله نقشه و واقعیت,D,مقیاس رابطه فاصله روی نقشه با واقعیت است. سؤال بازطراحی‌شده برای تنوع بیشتر آزمون.,ترنم همدلی,original,1405
یازدهم,انسانی,جغرافیا,جغرافیا یازدهم,بخش 1,نقشه,,متوسط,"با دقت به پرسش زیر، گزینه درست را مشخص کنید:
مقیاس چه چیزی را نشان می‌دهد؟",فقط ارتفاع,نوع خاک,رابطه فاصله نقشه و واقعیت,فقط جهت,C,مقیاس رابطه فاصله روی نقشه با واقعیت است. سؤال بازطراحی‌شده برای تنوع بیشتر آزمون.,ترنم همدلی,original,1405
یازدهم,انسانی,جغرافیا,جغرافیا یازدهم,بخش 1,نقشه,,متوسط,"کدام گزینه با صورت سؤال زیر سازگار است؟
مقیاس چه چیزی را نشان می‌دهد؟",نوع خاک,رابطه فاصله نقشه و واقعیت,فقط جهت,فقط ارتفاع,B,مقیاس رابطه فاصله روی نقشه با واقعیت است. سؤال بازطراحی‌شده برای تنوع بیشتر آزمون.,ترنم همدلی,original,1405
یازدهم,انسانی,جغرافیا,جغرافیا یازدهم,بخش 1,نقشه,,متوسط,"پاسخ صحیح پرسش زیر کدام است؟
مقیاس چه چیزی را نشان می‌دهد؟",رابطه فاصله نقشه و واقعیت,فقط جهت,فقط ارتفاع,نوع خاک,A,مقیاس رابطه فاصله روی نقشه با واقعیت است. سؤال بازطراحی‌شده برای تنوع بیشتر آزمون.,ترنم همدلی,original,1405
یازدهم,انسانی,جغرافیا,جغرافیا یازدهم,بخش 1,نقشه,,متوسط,"در میان گزینه‌های زیر، پاسخ درست را پیدا کنید:
مقیاس چه چیزی را نشان می‌دهد؟",فقط جهت,فقط ارتفاع,نوع خاک,رابطه فاصله نقشه و واقعیت,D,مقیاس رابطه فاصله روی نقشه با واقعیت است. سؤال بازطراحی‌شده برای تنوع بیشتر آزمون.,ترنم همدلی,original,1405
یازدهم,انسانی,جغرافیا,جغرافیا یازدهم,بخش 1,نقشه,,متوسط,"کدام گزینه با محتوای سؤال زیر هماهنگ است؟
مقیاس چه چیزی را نشان می‌دهد؟",فقط ارتفاع,نوع خاک,رابطه فاصله نقشه و واقعیت,فقط جهت,C,مقیاس رابطه فاصله روی نقشه با واقعیت است. سؤال بازطراحی‌شده برای تنوع بیشتر آزمون.,ترنم همدلی,original,1405
یازدهم,انسانی,جغرافیا,جغرافیا یازدهم,بخش 1,نقشه,,متوسط,"با توجه به پرسش زیر، گزینه صحیح را انتخاب کنید:
مقیاس چه چیزی را نشان می‌دهد؟",نوع خاک,رابطه فاصله نقشه و واقعیت,فقط جهت,فقط ارتفاع,B,مقیاس رابطه فاصله روی نقشه با واقعیت است. سؤال بازطراحی‌شده برای تنوع بیشتر آزمون.,ترنم همدلی,original,1405
یازدهم,انسانی,جغرافیا,جغرافیا یازدهم,بخش 1,نقشه,,متوسط,"کدام گزینه از نظر محتوایی درست است؟
مقیاس چه چیزی را نشان می‌دهد؟",رابطه فاصله نقشه و واقعیت,فقط جهت,فقط ارتفاع,نوع خاک,A,مقیاس رابطه فاصله روی نقشه با واقعیت است. سؤال بازطراحی‌شده برای تنوع بیشتر آزمون.,ترنم همدلی,original,1405
یازدهم,انسانی,جغرافیا,جغرافیا یازدهم,بخش 1,نقشه,,متوسط,"گزینه درست برای پرسش زیر را مشخص کنید:
مقیاس چه چیزی را نشان می‌دهد؟",فقط جهت,فقط ارتفاع,نوع خاک,رابطه فاصله نقشه و واقعیت,D,مقیاس رابطه فاصله روی نقشه با واقعیت است. سؤال بازطراحی‌شده برای تنوع بیشتر آزمون.,ترنم همدلی,original,1405
یازدهم,انسانی,جغرافیا,جغرافیا یازدهم,بخش 2,آب‌وهوا,,متوسط,"در سؤال زیر، گزینه درست را انتخاب کنید:
اقلیم چیست؟",الگوی بلندمدت وضعیت جوی,وضعیت یک ساعت,فقط بارش امروز,باد لحظه‌ای,A,اقلیم الگوی بلندمدت شرایط جوی است. سؤال بازطراحی‌شده برای تنوع بیشتر آزمون.,ترنم همدلی,original,1405
یازدهم,انسانی,جغرافیا,جغرافیا یازدهم,بخش 2,آب‌وهوا,,متوسط,"کدام گزینه پاسخ صحیح این پرسش است؟
اقلیم چیست؟",وضعیت یک ساعت,فقط بارش امروز,باد لحظه‌ای,الگوی بلندمدت وضعیت جوی,D,اقلیم الگوی بلندمدت شرایط جوی است. سؤال بازطراحی‌شده برای تنوع بیشتر آزمون.,ترنم همدلی,original,1405
یازدهم,انسانی,جغرافیا,جغرافیا یازدهم,بخش 2,آب‌وهوا,,متوسط,"با دقت به پرسش زیر، گزینه درست را مشخص کنید:
اقلیم چیست؟",فقط بارش امروز,باد لحظه‌ای,الگوی بلندمدت وضعیت جوی,وضعیت یک ساعت,C,اقلیم الگوی بلندمدت شرایط جوی است. سؤال بازطراحی‌شده برای تنوع بیشتر آزمون.,ترنم همدلی,original,1405
یازدهم,انسانی,جغرافیا,جغرافیا یازدهم,بخش 2,آب‌وهوا,,متوسط,"کدام گزینه با صورت سؤال زیر سازگار است؟
اقلیم چیست؟",باد لحظه‌ای,الگوی بلندمدت وضعیت جوی,وضعیت یک ساعت,فقط بارش امروز,B,اقلیم الگوی بلندمدت شرایط جوی است. سؤال بازطراحی‌شده برای تنوع بیشتر آزمون.,ترنم همدلی,original,1405
یازدهم,انسانی,جغرافیا,جغرافیا یازدهم,بخش 2,آب‌وهوا,,متوسط,"پاسخ صحیح پرسش زیر کدام است؟
اقلیم چیست؟",الگوی بلندمدت وضعیت جوی,وضعیت یک ساعت,فقط بارش امروز,باد لحظه‌ای,A,اقلیم الگوی بلندمدت شرایط جوی است. سؤال بازطراحی‌شده برای تنوع بیشتر آزمون.,ترنم همدلی,original,1405
یازدهم,انسانی,جغرافیا,جغرافیا یازدهم,بخش 2,آب‌وهوا,,متوسط,"در میان گزینه‌های زیر، پاسخ درست را پیدا کنید:
اقلیم چیست؟",وضعیت یک ساعت,فقط بارش امروز,باد لحظه‌ای,الگوی بلندمدت وضعیت جوی,D,اقلیم الگوی بلندمدت شرایط جوی است. سؤال بازطراحی‌شده برای تنوع بیشتر آزمون.,ترنم همدلی,original,1405
یازدهم,انسانی,جغرافیا,جغرافیا یازدهم,بخش 2,آب‌وهوا,,متوسط,"کدام گزینه با محتوای سؤال زیر هماهنگ است؟
اقلیم چیست؟",فقط بارش امروز,باد لحظه‌ای,الگوی بلندمدت وضعیت جوی,وضعیت یک ساعت,C,اقلیم الگوی بلندمدت شرایط جوی است. سؤال بازطراحی‌شده برای تنوع بیشتر آزمون.,ترنم همدلی,original,1405
یازدهم,انسانی,جغرافیا,جغرافیا یازدهم,بخش 2,آب‌وهوا,,متوسط,"با توجه به پرسش زیر، گزینه صحیح را انتخاب کنید:
اقلیم چیست؟",باد لحظه‌ای,الگوی بلندمدت وضعیت جوی,وضعیت یک ساعت,فقط بارش امروز,B,اقلیم الگوی بلندمدت شرایط جوی است. سؤال بازطراحی‌شده برای تنوع بیشتر آزمون.,ترنم همدلی,original,1405
یازدهم,انسانی,جغرافیا,جغرافیا یازدهم,بخش 2,آب‌وهوا,,متوسط,"کدام گزینه از نظر محتوایی درست است؟
اقلیم چیست؟",الگوی بلندمدت وضعیت جوی,وضعیت یک ساعت,فقط بارش امروز,باد لحظه‌ای,A,اقلیم الگوی بلندمدت شرایط جوی است. سؤال بازطراحی‌شده برای تنوع بیشتر آزمون.,ترنم همدلی,original,1405
یازدهم,انسانی,جغرافیا,جغرافیا یازدهم,بخش 2,آب‌وهوا,,متوسط,"گزینه درست برای پرسش زیر را مشخص کنید:
اقلیم چیست؟",وضعیت یک ساعت,فقط بارش امروز,باد لحظه‌ای,الگوی بلندمدت وضعیت جوی,D,اقلیم الگوی بلندمدت شرایط جوی است. سؤال بازطراحی‌شده برای تنوع بیشتر آزمون.,ترنم همدلی,original,1405
یازدهم,انسانی,جغرافیا,جغرافیا یازدهم,بخش 3,جمعیت,,متوسط,"در سؤال زیر، گزینه درست را انتخاب کنید:
تراکم جمعیت چگونه محاسبه می‌شود؟",جمعیت تقسیم بر مساحت,مساحت تقسیم بر جمعیت,جمعیت ضربدر مساحت,جمعیت منهای مساحت,A,تراکم=جمعیت/مساحت. سؤال بازطراحی‌شده برای تنوع بیشتر آزمون.,ترنم همدلی,original,1405
یازدهم,انسانی,جغرافیا,جغرافیا یازدهم,بخش 3,جمعیت,,متوسط,"کدام گزینه پاسخ صحیح این پرسش است؟
تراکم جمعیت چگونه محاسبه می‌شود؟",مساحت تقسیم بر جمعیت,جمعیت ضربدر مساحت,جمعیت منهای مساحت,جمعیت تقسیم بر مساحت,D,تراکم=جمعیت/مساحت. سؤال بازطراحی‌شده برای تنوع بیشتر آزمون.,ترنم همدلی,original,1405
یازدهم,انسانی,جغرافیا,جغرافیا یازدهم,بخش 3,جمعیت,,متوسط,"با دقت به پرسش زیر، گزینه درست را مشخص کنید:
تراکم جمعیت چگونه محاسبه می‌شود؟",جمعیت ضربدر مساحت,جمعیت منهای مساحت,جمعیت تقسیم بر مساحت,مساحت تقسیم بر جمعیت,C,تراکم=جمعیت/مساحت. سؤال بازطراحی‌شده برای تنوع بیشتر آزمون.,ترنم همدلی,original,1405
یازدهم,انسانی,جغرافیا,جغرافیا یازدهم,بخش 3,جمعیت,,متوسط,"کدام گزینه با صورت سؤال زیر سازگار است؟
تراکم جمعیت چگونه محاسبه می‌شود؟",جمعیت منهای مساحت,جمعیت تقسیم بر مساحت,مساحت تقسیم بر جمعیت,جمعیت ضربدر مساحت,B,تراکم=جمعیت/مساحت. سؤال بازطراحی‌شده برای تنوع بیشتر آزمون.,ترنم همدلی,original,1405
یازدهم,انسانی,جغرافیا,جغرافیا یازدهم,بخش 3,جمعیت,,متوسط,"پاسخ صحیح پرسش زیر کدام است؟
تراکم جمعیت چگونه محاسبه می‌شود؟",جمعیت تقسیم بر مساحت,مساحت تقسیم بر جمعیت,جمعیت ضربدر مساحت,جمعیت منهای مساحت,A,تراکم=جمعیت/مساحت. سؤال بازطراحی‌شده برای تنوع بیشتر آزمون.,ترنم همدلی,original,1405
یازدهم,انسانی,جغرافیا,جغرافیا یازدهم,بخش 3,جمعیت,,متوسط,"در میان گزینه‌های زیر، پاسخ درست را پیدا کنید:
تراکم جمعیت چگونه محاسبه می‌شود؟",مساحت تقسیم بر جمعیت,جمعیت ضربدر مساحت,جمعیت منهای مساحت,جمعیت تقسیم بر مساحت,D,تراکم=جمعیت/مساحت. سؤال بازطراحی‌شده برای تنوع بیشتر آزمون.,ترنم همدلی,original,1405
یازدهم,انسانی,جغرافیا,جغرافیا یازدهم,بخش 3,جمعیت,,متوسط,"کدام گزینه با محتوای سؤال زیر هماهنگ است؟
تراکم جمعیت چگونه محاسبه می‌شود؟",جمعیت ضربدر مساحت,جمعیت منهای مساحت,جمعیت تقسیم بر مساحت,مساحت تقسیم بر جمعیت,C,تراکم=جمعیت/مساحت. سؤال بازطراحی‌شده برای تنوع بیشتر آزمون.,ترنم همدلی,original,1405
یازدهم,انسانی,جغرافیا,جغرافیا یازدهم,بخش 3,جمعیت,,متوسط,"با توجه به پرسش زیر، گزینه صحیح را انتخاب کنید:
تراکم جمعیت چگونه محاسبه می‌شود؟",جمعیت منهای مساحت,جمعیت تقسیم بر مساحت,مساحت تقسیم بر جمعیت,جمعیت ضربدر مساحت,B,تراکم=جمعیت/مساحت. سؤال بازطراحی‌شده برای تنوع بیشتر آزمون.,ترنم همدلی,original,1405
یازدهم,انسانی,جغرافیا,جغرافیا یازدهم,بخش 3,جمعیت,,متوسط,"کدام گزینه از نظر محتوایی درست است؟
تراکم جمعیت چگونه محاسبه می‌شود؟",جمعیت تقسیم بر مساحت,مساحت تقسیم بر جمعیت,جمعیت ضربدر مساحت,جمعیت منهای مساحت,A,تراکم=جمعیت/مساحت. سؤال بازطراحی‌شده برای تنوع بیشتر آزمون.,ترنم همدلی,original,1405
یازدهم,انسانی,جغرافیا,جغرافیا یازدهم,بخش 3,جمعیت,,متوسط,"گزینه درست برای پرسش زیر را مشخص کنید:
تراکم جمعیت چگونه محاسبه می‌شود؟",مساحت تقسیم بر جمعیت,جمعیت ضربدر مساحت,جمعیت منهای مساحت,جمعیت تقسیم بر مساحت,D,تراکم=جمعیت/مساحت. سؤال بازطراحی‌شده برای تنوع بیشتر آزمون.,ترنم همدلی,original,1405
یازدهم,انسانی,جغرافیا,جغرافیا یازدهم,بخش 4,منابع,,متوسط,"در سؤال زیر، گزینه درست را انتخاب کنید:
کدام منبع تجدیدپذیر است؟",خورشید,نفت,زغال‌سنگ,گاز طبیعی,A,انرژی خورشیدی تجدیدپذیر است. سؤال بازطراحی‌شده برای تنوع بیشتر آزمون.,ترنم همدلی,original,1405
یازدهم,انسانی,جغرافیا,جغرافیا یازدهم,بخش 4,منابع,,متوسط,"کدام گزینه پاسخ صحیح این پرسش است؟
کدام منبع تجدیدپذیر است؟",نفت,زغال‌سنگ,گاز طبیعی,خورشید,D,انرژی خورشیدی تجدیدپذیر است. سؤال بازطراحی‌شده برای تنوع بیشتر آزمون.,ترنم همدلی,original,1405
یازدهم,انسانی,جغرافیا,جغرافیا یازدهم,بخش 4,منابع,,متوسط,"با دقت به پرسش زیر، گزینه درست را مشخص کنید:
کدام منبع تجدیدپذیر است؟",زغال‌سنگ,گاز طبیعی,خورشید,نفت,C,انرژی خورشیدی تجدیدپذیر است. سؤال بازطراحی‌شده برای تنوع بیشتر آزمون.,ترنم همدلی,original,1405
یازدهم,انسانی,جغرافیا,جغرافیا یازدهم,بخش 4,منابع,,متوسط,"کدام گزینه با صورت سؤال زیر سازگار است؟
کدام منبع تجدیدپذیر است؟",گاز طبیعی,خورشید,نفت,زغال‌سنگ,B,انرژی خورشیدی تجدیدپذیر است. سؤال بازطراحی‌شده برای تنوع بیشتر آزمون.,ترنم همدلی,original,1405
یازدهم,انسانی,جغرافیا,جغرافیا یازدهم,بخش 4,منابع,,متوسط,"پاسخ صحیح پرسش زیر کدام است؟
کدام منبع تجدیدپذیر است؟",خورشید,نفت,زغال‌سنگ,گاز طبیعی,A,انرژی خورشیدی تجدیدپذیر است. سؤال بازطراحی‌شده برای تنوع بیشتر آزمون.,ترنم همدلی,original,1405
یازدهم,انسانی,جغرافیا,جغرافیا یازدهم,بخش 4,منابع,,متوسط,"در میان گزینه‌های زیر، پاسخ درست را پیدا کنید:
کدام منبع تجدیدپذیر است؟",نفت,زغال‌سنگ,گاز طبیعی,خورشید,D,انرژی خورشیدی تجدیدپذیر است. سؤال بازطراحی‌شده برای تنوع بیشتر آزمون.,ترنم همدلی,original,1405
یازدهم,انسانی,جغرافیا,جغرافیا یازدهم,بخش 4,منابع,,متوسط,"کدام گزینه با محتوای سؤال زیر هماهنگ است؟
کدام منبع تجدیدپذیر است؟",زغال‌سنگ,گاز طبیعی,خورشید,نفت,C,انرژی خورشیدی تجدیدپذیر است. سؤال بازطراحی‌شده برای تنوع بیشتر آزمون.,ترنم همدلی,original,1405
یازدهم,انسانی,جغرافیا,جغرافیا یازدهم,بخش 4,منابع,,متوسط,"با توجه به پرسش زیر، گزینه صحیح را انتخاب کنید:
کدام منبع تجدیدپذیر است؟",گاز طبیعی,خورشید,نفت,زغال‌سنگ,B,انرژی خورشیدی تجدیدپذیر است. سؤال بازطراحی‌شده برای تنوع بیشتر آزمون.,ترنم همدلی,original,1405
یازدهم,انسانی,جغرافیا,جغرافیا یازدهم,بخش 4,منابع,,متوسط,"کدام گزینه از نظر محتوایی درست است؟
کدام منبع تجدیدپذیر است؟",خورشید,نفت,زغال‌سنگ,گاز طبیعی,A,انرژی خورشیدی تجدیدپذیر است. سؤال بازطراحی‌شده برای تنوع بیشتر آزمون.,ترنم همدلی,original,1405
یازدهم,انسانی,جغرافیا,جغرافیا یازدهم,بخش 4,منابع,,متوسط,"گزینه درست برای پرسش زیر را مشخص کنید:
کدام منبع تجدیدپذیر است؟",نفت,زغال‌سنگ,گاز طبیعی,خورشید,D,انرژی خورشیدی تجدیدپذیر است. سؤال بازطراحی‌شده برای تنوع بیشتر آزمون.,ترنم همدلی,original,1405
یازدهم,انسانی,جغرافیا,جغرافیا یازدهم,بخش 5,شهرنشینی,,متوسط,"در سؤال زیر، گزینه درست را انتخاب کنید:
شهرنشینی به چه معناست؟",افزایش سهم جمعیت شهری,کاهش ارتباط,تخلیه همه شهرها,افزایش کشاورزی روستایی,A,شهرنشینی با افزایش سهم جمعیت شهری مرتبط است. سؤال بازطراحی‌شده برای تنوع بیشتر آزمون.,ترنم همدلی,original,1405
یازدهم,انسانی,جغرافیا,جغرافیا یازدهم,بخش 5,شهرنشینی,,متوسط,"کدام گزینه پاسخ صحیح این پرسش است؟
شهرنشینی به چه معناست؟",کاهش ارتباط,تخلیه همه شهرها,افزایش کشاورزی روستایی,افزایش سهم جمعیت شهری,D,شهرنشینی با افزایش سهم جمعیت شهری مرتبط است. سؤال بازطراحی‌شده برای تنوع بیشتر آزمون.,ترنم همدلی,original,1405
یازدهم,انسانی,جغرافیا,جغرافیا یازدهم,بخش 5,شهرنشینی,,متوسط,"با دقت به پرسش زیر، گزینه درست را مشخص کنید:
شهرنشینی به چه معناست؟",تخلیه همه شهرها,افزایش کشاورزی روستایی,افزایش سهم جمعیت شهری,کاهش ارتباط,C,شهرنشینی با افزایش سهم جمعیت شهری مرتبط است. سؤال بازطراحی‌شده برای تنوع بیشتر آزمون.,ترنم همدلی,original,1405
یازدهم,انسانی,جغرافیا,جغرافیا یازدهم,بخش 5,شهرنشینی,,متوسط,"کدام گزینه با صورت سؤال زیر سازگار است؟
شهرنشینی به چه معناست؟",افزایش کشاورزی روستایی,افزایش سهم جمعیت شهری,کاهش ارتباط,تخلیه همه شهرها,B,شهرنشینی با افزایش سهم جمعیت شهری مرتبط است. سؤال بازطراحی‌شده برای تنوع بیشتر آزمون.,ترنم همدلی,original,1405
یازدهم,انسانی,جغرافیا,جغرافیا یازدهم,بخش 5,شهرنشینی,,متوسط,"پاسخ صحیح پرسش زیر کدام است؟
شهرنشینی به چه معناست؟",افزایش سهم جمعیت شهری,کاهش ارتباط,تخلیه همه شهرها,افزایش کشاورزی روستایی,A,شهرنشینی با افزایش سهم جمعیت شهری مرتبط است. سؤال بازطراحی‌شده برای تنوع بیشتر آزمون.,ترنم همدلی,original,1405
یازدهم,انسانی,جغرافیا,جغرافیا یازدهم,بخش 5,شهرنشینی,,متوسط,"در میان گزینه‌های زیر، پاسخ درست را پیدا کنید:
شهرنشینی به چه معناست؟",کاهش ارتباط,تخلیه همه شهرها,افزایش کشاورزی روستایی,افزایش سهم جمعیت شهری,D,شهرنشینی با افزایش سهم جمعیت شهری مرتبط است. سؤال بازطراحی‌شده برای تنوع بیشتر آزمون.,ترنم همدلی,original,1405
یازدهم,انسانی,جغرافیا,جغرافیا یازدهم,بخش 5,شهرنشینی,,متوسط,"کدام گزینه با محتوای سؤال زیر هماهنگ است؟
شهرنشینی به چه معناست؟",تخلیه همه شهرها,افزایش کشاورزی روستایی,افزایش سهم جمعیت شهری,کاهش ارتباط,C,شهرنشینی با افزایش سهم جمعیت شهری مرتبط است. سؤال بازطراحی‌شده برای تنوع بیشتر آزمون.,ترنم همدلی,original,1405
یازدهم,انسانی,جغرافیا,جغرافیا یازدهم,بخش 5,شهرنشینی,,متوسط,"با توجه به پرسش زیر، گزینه صحیح را انتخاب کنید:
شهرنشینی به چه معناست؟",افزایش کشاورزی روستایی,افزایش سهم جمعیت شهری,کاهش ارتباط,تخلیه همه شهرها,B,شهرنشینی با افزایش سهم جمعیت شهری مرتبط است. سؤال بازطراحی‌شده برای تنوع بیشتر آزمون.,ترنم همدلی,original,1405
یازدهم,انسانی,جغرافیا,جغرافیا یازدهم,بخش 5,شهرنشینی,,متوسط,"کدام گزینه از نظر محتوایی درست است؟
شهرنشینی به چه معناست؟",افزایش سهم جمعیت شهری,کاهش ارتباط,تخلیه همه شهرها,افزایش کشاورزی روستایی,A,شهرنشینی با افزایش سهم جمعیت شهری مرتبط است. سؤال بازطراحی‌شده برای تنوع بیشتر آزمون.,ترنم همدلی,original,1405
یازدهم,انسانی,جغرافیا,جغرافیا یازدهم,بخش 5,شهرنشینی,,متوسط,"گزینه درست برای پرسش زیر را مشخص کنید:
شهرنشینی به چه معناست؟",کاهش ارتباط,تخلیه همه شهرها,افزایش کشاورزی روستایی,افزایش سهم جمعیت شهری,D,شهرنشینی با افزایش سهم جمعیت شهری مرتبط است. سؤال بازطراحی‌شده برای تنوع بیشتر آزمون.,ترنم همدلی,original,1405
یازدهم,انسانی,جغرافیا,جغرافیا یازدهم,بخش 6,محیط زیست,,متوسط,"در سؤال زیر، گزینه درست را انتخاب کنید:
توسعه پایدار بر چه تأکیدی است؟",تأمین نیاز امروز بدون آسیب جدی به آینده,مصرف بی‌حد,حذف منابع,تخریب محیط,A,توسعه پایدار تعادل میان نیازهای امروز و آینده را دنبال می‌کند. سؤال بازطراحی‌شده برای تنوع بیشتر آزمون.,ترنم همدلی,original,1405
یازدهم,انسانی,جغرافیا,جغرافیا یازدهم,بخش 6,محیط زیست,,متوسط,"کدام گزینه پاسخ صحیح این پرسش است؟
توسعه پایدار بر چه تأکیدی است؟",مصرف بی‌حد,حذف منابع,تخریب محیط,تأمین نیاز امروز بدون آسیب جدی به آینده,D,توسعه پایدار تعادل میان نیازهای امروز و آینده را دنبال می‌کند. سؤال بازطراحی‌شده برای تنوع بیشتر آزمون.,ترنم همدلی,original,1405
یازدهم,انسانی,جغرافیا,جغرافیا یازدهم,بخش 6,محیط زیست,,متوسط,"با دقت به پرسش زیر، گزینه درست را مشخص کنید:
توسعه پایدار بر چه تأکیدی است؟",حذف منابع,تخریب محیط,تأمین نیاز امروز بدون آسیب جدی به آینده,مصرف بی‌حد,C,توسعه پایدار تعادل میان نیازهای امروز و آینده را دنبال می‌کند. سؤال بازطراحی‌شده برای تنوع بیشتر آزمون.,ترنم همدلی,original,1405
یازدهم,انسانی,جغرافیا,جغرافیا یازدهم,بخش 6,محیط زیست,,متوسط,"کدام گزینه با صورت سؤال زیر سازگار است؟
توسعه پایدار بر چه تأکیدی است؟",تخریب محیط,تأمین نیاز امروز بدون آسیب جدی به آینده,مصرف بی‌حد,حذف منابع,B,توسعه پایدار تعادل میان نیازهای امروز و آینده را دنبال می‌کند. سؤال بازطراحی‌شده برای تنوع بیشتر آزمون.,ترنم همدلی,original,1405
یازدهم,انسانی,جغرافیا,جغرافیا یازدهم,بخش 6,محیط زیست,,متوسط,"پاسخ صحیح پرسش زیر کدام است؟
توسعه پایدار بر چه تأکیدی است؟",تأمین نیاز امروز بدون آسیب جدی به آینده,مصرف بی‌حد,حذف منابع,تخریب محیط,A,توسعه پایدار تعادل میان نیازهای امروز و آینده را دنبال می‌کند. سؤال بازطراحی‌شده برای تنوع بیشتر آزمون.,ترنم همدلی,original,1405
یازدهم,انسانی,جغرافیا,جغرافیا یازدهم,بخش 6,محیط زیست,,متوسط,"در میان گزینه‌های زیر، پاسخ درست را پیدا کنید:
توسعه پایدار بر چه تأکیدی است؟",مصرف بی‌حد,حذف منابع,تخریب محیط,تأمین نیاز امروز بدون آسیب جدی به آینده,D,توسعه پایدار تعادل میان نیازهای امروز و آینده را دنبال می‌کند. سؤال بازطراحی‌شده برای تنوع بیشتر آزمون.,ترنم همدلی,original,1405
یازدهم,انسانی,جغرافیا,جغرافیا یازدهم,بخش 6,محیط زیست,,متوسط,"کدام گزینه با محتوای سؤال زیر هماهنگ است؟
توسعه پایدار بر چه تأکیدی است؟",حذف منابع,تخریب محیط,تأمین نیاز امروز بدون آسیب جدی به آینده,مصرف بی‌حد,C,توسعه پایدار تعادل میان نیازهای امروز و آینده را دنبال می‌کند. سؤال بازطراحی‌شده برای تنوع بیشتر آزمون.,ترنم همدلی,original,1405
یازدهم,انسانی,جغرافیا,جغرافیا یازدهم,بخش 6,محیط زیست,,متوسط,"با توجه به پرسش زیر، گزینه صحیح را انتخاب کنید:
توسعه پایدار بر چه تأکیدی است؟",تخریب محیط,تأمین نیاز امروز بدون آسیب جدی به آینده,مصرف بی‌حد,حذف منابع,B,توسعه پایدار تعادل میان نیازهای امروز و آینده را دنبال می‌کند. سؤال بازطراحی‌شده برای تنوع بیشتر آزمون.,ترنم همدلی,original,1405
یازدهم,انسانی,جغرافیا,جغرافیا یازدهم,بخش 6,محیط زیست,,متوسط,"کدام گزینه از نظر محتوایی درست است؟
توسعه پایدار بر چه تأکیدی است؟",تأمین نیاز امروز بدون آسیب جدی به آینده,مصرف بی‌حد,حذف منابع,تخریب محیط,A,توسعه پایدار تعادل میان نیازهای امروز و آینده را دنبال می‌کند. سؤال بازطراحی‌شده برای تنوع بیشتر آزمون.,ترنم همدلی,original,1405
یازدهم,انسانی,جغرافیا,جغرافیا یازدهم,بخش 6,محیط زیست,,متوسط,"گزینه درست برای پرسش زیر را مشخص کنید:
توسعه پایدار بر چه تأکیدی است؟",مصرف بی‌حد,حذف منابع,تخریب محیط,تأمین نیاز امروز بدون آسیب جدی به آینده,D,توسعه پایدار تعادل میان نیازهای امروز و آینده را دنبال می‌کند. سؤال بازطراحی‌شده برای تنوع بیشتر آزمون.,ترنم همدلی,original,1405
یازدهم,انسانی,ریاضی و آمار,ریاضی و آمار یازدهم,بخش 1,آمار,,متوسط,"در سؤال زیر، گزینه درست را انتخاب کنید:
میانگین 3،5 و7 چیست؟",4,5,6,7,B,میانگین 15÷3=5. سؤال بازطراحی‌شده برای تنوع بیشتر آزمون.,ترنم همدلی,original,1405
یازدهم,انسانی,ریاضی و آمار,ریاضی و آمار یازدهم,بخش 1,آمار,,متوسط,"کدام گزینه پاسخ صحیح این پرسش است؟
میانگین 3،5 و7 چیست؟",5,6,7,4,A,میانگین 15÷3=5. سؤال بازطراحی‌شده برای تنوع بیشتر آزمون.,ترنم همدلی,original,1405
یازدهم,انسانی,ریاضی و آمار,ریاضی و آمار یازدهم,بخش 1,آمار,,متوسط,"با دقت به پرسش زیر، گزینه درست را مشخص کنید:
میانگین 3،5 و7 چیست؟",6,7,4,5,D,میانگین 15÷3=5. سؤال بازطراحی‌شده برای تنوع بیشتر آزمون.,ترنم همدلی,original,1405
یازدهم,انسانی,ریاضی و آمار,ریاضی و آمار یازدهم,بخش 1,آمار,,متوسط,"کدام گزینه با صورت سؤال زیر سازگار است؟
میانگین 3،5 و7 چیست؟",7,4,5,6,C,میانگین 15÷3=5. سؤال بازطراحی‌شده برای تنوع بیشتر آزمون.,ترنم همدلی,original,1405
یازدهم,انسانی,ریاضی و آمار,ریاضی و آمار یازدهم,بخش 1,آمار,,متوسط,"پاسخ صحیح پرسش زیر کدام است؟
میانگین 3،5 و7 چیست؟",4,5,6,7,B,میانگین 15÷3=5. سؤال بازطراحی‌شده برای تنوع بیشتر آزمون.,ترنم همدلی,original,1405
یازدهم,انسانی,ریاضی و آمار,ریاضی و آمار یازدهم,بخش 1,آمار,,متوسط,"در میان گزینه‌های زیر، پاسخ درست را پیدا کنید:
میانگین 3،5 و7 چیست؟",5,6,7,4,A,میانگین 15÷3=5. سؤال بازطراحی‌شده برای تنوع بیشتر آزمون.,ترنم همدلی,original,1405
یازدهم,انسانی,ریاضی و آمار,ریاضی و آمار یازدهم,بخش 1,آمار,,متوسط,"کدام گزینه با محتوای سؤال زیر هماهنگ است؟
میانگین 3،5 و7 چیست؟",6,7,4,5,D,میانگین 15÷3=5. سؤال بازطراحی‌شده برای تنوع بیشتر آزمون.,ترنم همدلی,original,1405
یازدهم,انسانی,ریاضی و آمار,ریاضی و آمار یازدهم,بخش 1,آمار,,متوسط,"با توجه به پرسش زیر، گزینه صحیح را انتخاب کنید:
میانگین 3،5 و7 چیست؟",7,4,5,6,C,میانگین 15÷3=5. سؤال بازطراحی‌شده برای تنوع بیشتر آزمون.,ترنم همدلی,original,1405
یازدهم,انسانی,ریاضی و آمار,ریاضی و آمار یازدهم,بخش 1,آمار,,متوسط,"کدام گزینه از نظر محتوایی درست است؟
میانگین 3،5 و7 چیست؟",4,5,6,7,B,میانگین 15÷3=5. سؤال بازطراحی‌شده برای تنوع بیشتر آزمون.,ترنم همدلی,original,1405
یازدهم,انسانی,ریاضی و آمار,ریاضی و آمار یازدهم,بخش 1,آمار,,متوسط,"گزینه درست برای پرسش زیر را مشخص کنید:
میانگین 3،5 و7 چیست؟",5,6,7,4,A,میانگین 15÷3=5. سؤال بازطراحی‌شده برای تنوع بیشتر آزمون.,ترنم همدلی,original,1405
یازدهم,انسانی,ریاضی و آمار,ریاضی و آمار یازدهم,بخش 2,احتمال,,متوسط,"در سؤال زیر، گزینه درست را انتخاب کنید:
احتمال رویداد غیرممکن چیست؟",0,1,1/2,2,A,رویداد غیرممکن احتمال صفر دارد. سؤال بازطراحی‌شده برای تنوع بیشتر آزمون.,ترنم همدلی,original,1405
یازدهم,انسانی,ریاضی و آمار,ریاضی و آمار یازدهم,بخش 2,احتمال,,متوسط,"کدام گزینه پاسخ صحیح این پرسش است؟
احتمال رویداد غیرممکن چیست؟",1,1/2,2,0,D,رویداد غیرممکن احتمال صفر دارد. سؤال بازطراحی‌شده برای تنوع بیشتر آزمون.,ترنم همدلی,original,1405
یازدهم,انسانی,ریاضی و آمار,ریاضی و آمار یازدهم,بخش 2,احتمال,,متوسط,"با دقت به پرسش زیر، گزینه درست را مشخص کنید:
احتمال رویداد غیرممکن چیست؟",1/2,2,0,1,C,رویداد غیرممکن احتمال صفر دارد. سؤال بازطراحی‌شده برای تنوع بیشتر آزمون.,ترنم همدلی,original,1405
یازدهم,انسانی,ریاضی و آمار,ریاضی و آمار یازدهم,بخش 2,احتمال,,متوسط,"کدام گزینه با صورت سؤال زیر سازگار است؟
احتمال رویداد غیرممکن چیست؟",2,0,1,1/2,B,رویداد غیرممکن احتمال صفر دارد. سؤال بازطراحی‌شده برای تنوع بیشتر آزمون.,ترنم همدلی,original,1405
یازدهم,انسانی,ریاضی و آمار,ریاضی و آمار یازدهم,بخش 2,احتمال,,متوسط,"پاسخ صحیح پرسش زیر کدام است؟
احتمال رویداد غیرممکن چیست؟",0,1,1/2,2,A,رویداد غیرممکن احتمال صفر دارد. سؤال بازطراحی‌شده برای تنوع بیشتر آزمون.,ترنم همدلی,original,1405
یازدهم,انسانی,ریاضی و آمار,ریاضی و آمار یازدهم,بخش 2,احتمال,,متوسط,"در میان گزینه‌های زیر، پاسخ درست را پیدا کنید:
احتمال رویداد غیرممکن چیست؟",1,1/2,2,0,D,رویداد غیرممکن احتمال صفر دارد. سؤال بازطراحی‌شده برای تنوع بیشتر آزمون.,ترنم همدلی,original,1405
یازدهم,انسانی,ریاضی و آمار,ریاضی و آمار یازدهم,بخش 2,احتمال,,متوسط,"کدام گزینه با محتوای سؤال زیر هماهنگ است؟
احتمال رویداد غیرممکن چیست؟",1/2,2,0,1,C,رویداد غیرممکن احتمال صفر دارد. سؤال بازطراحی‌شده برای تنوع بیشتر آزمون.,ترنم همدلی,original,1405
یازدهم,انسانی,ریاضی و آمار,ریاضی و آمار یازدهم,بخش 2,احتمال,,متوسط,"با توجه به پرسش زیر، گزینه صحیح را انتخاب کنید:
احتمال رویداد غیرممکن چیست؟",2,0,1,1/2,B,رویداد غیرممکن احتمال صفر دارد. سؤال بازطراحی‌شده برای تنوع بیشتر آزمون.,ترنم همدلی,original,1405
یازدهم,انسانی,ریاضی و آمار,ریاضی و آمار یازدهم,بخش 2,احتمال,,متوسط,"کدام گزینه از نظر محتوایی درست است؟
احتمال رویداد غیرممکن چیست؟",0,1,1/2,2,A,رویداد غیرممکن احتمال صفر دارد. سؤال بازطراحی‌شده برای تنوع بیشتر آزمون.,ترنم همدلی,original,1405
یازدهم,انسانی,ریاضی و آمار,ریاضی و آمار یازدهم,بخش 2,احتمال,,متوسط,"گزینه درست برای پرسش زیر را مشخص کنید:
احتمال رویداد غیرممکن چیست؟",1,1/2,2,0,D,رویداد غیرممکن احتمال صفر دارد. سؤال بازطراحی‌شده برای تنوع بیشتر آزمون.,ترنم همدلی,original,1405
یازدهم,انسانی,ریاضی و آمار,ریاضی و آمار یازدهم,بخش 3,تابع,,متوسط,"در سؤال زیر، گزینه درست را انتخاب کنید:
اگر f(x)=x+2 باشد f(5) چند است؟",5,6,7,8,C,5+2=7. سؤال بازطراحی‌شده برای تنوع بیشتر آزمون.,ترنم همدلی,original,1405
یازدهم,انسانی,ریاضی و آمار,ریاضی و آمار یازدهم,بخش 3,تابع,,متوسط,"کدام گزینه پاسخ صحیح این پرسش است؟
اگر f(x)=x+2 باشد f(5) چند است؟",6,7,8,5,B,5+2=7. سؤال بازطراحی‌شده برای تنوع بیشتر آزمون.,ترنم همدلی,original,1405
یازدهم,انسانی,ریاضی و آمار,ریاضی و آمار یازدهم,بخش 3,تابع,,متوسط,"با دقت به پرسش زیر، گزینه درست را مشخص کنید:
اگر f(x)=x+2 باشد f(5) چند است؟",7,8,5,6,A,5+2=7. سؤال بازطراحی‌شده برای تنوع بیشتر آزمون.,ترنم همدلی,original,1405
یازدهم,انسانی,ریاضی و آمار,ریاضی و آمار یازدهم,بخش 3,تابع,,متوسط,"کدام گزینه با صورت سؤال زیر سازگار است؟
اگر f(x)=x+2 باشد f(5) چند است؟",8,5,6,7,D,5+2=7. سؤال بازطراحی‌شده برای تنوع بیشتر آزمون.,ترنم همدلی,original,1405
یازدهم,انسانی,ریاضی و آمار,ریاضی و آمار یازدهم,بخش 3,تابع,,متوسط,"پاسخ صحیح پرسش زیر کدام است؟
اگر f(x)=x+2 باشد f(5) چند است؟",5,6,7,8,C,5+2=7. سؤال بازطراحی‌شده برای تنوع بیشتر آزمون.,ترنم همدلی,original,1405
یازدهم,انسانی,ریاضی و آمار,ریاضی و آمار یازدهم,بخش 3,تابع,,متوسط,"در میان گزینه‌های زیر، پاسخ درست را پیدا کنید:
اگر f(x)=x+2 باشد f(5) چند است؟",6,7,8,5,B,5+2=7. سؤال بازطراحی‌شده برای تنوع بیشتر آزمون.,ترنم همدلی,original,1405
یازدهم,انسانی,ریاضی و آمار,ریاضی و آمار یازدهم,بخش 3,تابع,,متوسط,"کدام گزینه با محتوای سؤال زیر هماهنگ است؟
اگر f(x)=x+2 باشد f(5) چند است؟",7,8,5,6,A,5+2=7. سؤال بازطراحی‌شده برای تنوع بیشتر آزمون.,ترنم همدلی,original,1405
یازدهم,انسانی,ریاضی و آمار,ریاضی و آمار یازدهم,بخش 3,تابع,,متوسط,"با توجه به پرسش زیر، گزینه صحیح را انتخاب کنید:
اگر f(x)=x+2 باشد f(5) چند است؟",8,5,6,7,D,5+2=7. سؤال بازطراحی‌شده برای تنوع بیشتر آزمون.,ترنم همدلی,original,1405
یازدهم,انسانی,ریاضی و آمار,ریاضی و آمار یازدهم,بخش 3,تابع,,متوسط,"کدام گزینه از نظر محتوایی درست است؟
اگر f(x)=x+2 باشد f(5) چند است؟",5,6,7,8,C,5+2=7. سؤال بازطراحی‌شده برای تنوع بیشتر آزمون.,ترنم همدلی,original,1405
یازدهم,انسانی,ریاضی و آمار,ریاضی و آمار یازدهم,بخش 3,تابع,,متوسط,"گزینه درست برای پرسش زیر را مشخص کنید:
اگر f(x)=x+2 باشد f(5) چند است؟",6,7,8,5,B,5+2=7. سؤال بازطراحی‌شده برای تنوع بیشتر آزمون.,ترنم همدلی,original,1405
یازدهم,انسانی,ریاضی و آمار,ریاضی و آمار یازدهم,بخش 4,معادله,,متوسط,"در سؤال زیر، گزینه درست را انتخاب کنید:
حل 3x=12 چیست؟",2,3,4,6,C,x=4. سؤال بازطراحی‌شده برای تنوع بیشتر آزمون.,ترنم همدلی,original,1405
یازدهم,انسانی,ریاضی و آمار,ریاضی و آمار یازدهم,بخش 4,معادله,,متوسط,"کدام گزینه پاسخ صحیح این پرسش است؟
حل 3x=12 چیست؟",3,4,6,2,B,x=4. سؤال بازطراحی‌شده برای تنوع بیشتر آزمون.,ترنم همدلی,original,1405
یازدهم,انسانی,ریاضی و آمار,ریاضی و آمار یازدهم,بخش 4,معادله,,متوسط,"با دقت به پرسش زیر، گزینه درست را مشخص کنید:
حل 3x=12 چیست؟",4,6,2,3,A,x=4. سؤال بازطراحی‌شده برای تنوع بیشتر آزمون.,ترنم همدلی,original,1405
یازدهم,انسانی,ریاضی و آمار,ریاضی و آمار یازدهم,بخش 4,معادله,,متوسط,"کدام گزینه با صورت سؤال زیر سازگار است؟
حل 3x=12 چیست؟",6,2,3,4,D,x=4. سؤال بازطراحی‌شده برای تنوع بیشتر آزمون.,ترنم همدلی,original,1405
یازدهم,انسانی,ریاضی و آمار,ریاضی و آمار یازدهم,بخش 4,معادله,,متوسط,"پاسخ صحیح پرسش زیر کدام است؟
حل 3x=12 چیست؟",2,3,4,6,C,x=4. سؤال بازطراحی‌شده برای تنوع بیشتر آزمون.,ترنم همدلی,original,1405
یازدهم,انسانی,ریاضی و آمار,ریاضی و آمار یازدهم,بخش 4,معادله,,متوسط,"در میان گزینه‌های زیر، پاسخ درست را پیدا کنید:
حل 3x=12 چیست؟",3,4,6,2,B,x=4. سؤال بازطراحی‌شده برای تنوع بیشتر آزمون.,ترنم همدلی,original,1405
یازدهم,انسانی,ریاضی و آمار,ریاضی و آمار یازدهم,بخش 4,معادله,,متوسط,"کدام گزینه با محتوای سؤال زیر هماهنگ است؟
حل 3x=12 چیست؟",4,6,2,3,A,x=4. سؤال بازطراحی‌شده برای تنوع بیشتر آزمون.,ترنم همدلی,original,1405
یازدهم,انسانی,ریاضی و آمار,ریاضی و آمار یازدهم,بخش 4,معادله,,متوسط,"با توجه به پرسش زیر، گزینه صحیح را انتخاب کنید:
حل 3x=12 چیست؟",6,2,3,4,D,x=4. سؤال بازطراحی‌شده برای تنوع بیشتر آزمون.,ترنم همدلی,original,1405
یازدهم,انسانی,ریاضی و آمار,ریاضی و آمار یازدهم,بخش 4,معادله,,متوسط,"کدام گزینه از نظر محتوایی درست است؟
حل 3x=12 چیست؟",2,3,4,6,C,x=4. سؤال بازطراحی‌شده برای تنوع بیشتر آزمون.,ترنم همدلی,original,1405
یازدهم,انسانی,ریاضی و آمار,ریاضی و آمار یازدهم,بخش 4,معادله,,متوسط,"گزینه درست برای پرسش زیر را مشخص کنید:
حل 3x=12 چیست؟",3,4,6,2,B,x=4. سؤال بازطراحی‌شده برای تنوع بیشتر آزمون.,ترنم همدلی,original,1405
یازدهم,انسانی,ریاضی و آمار,ریاضی و آمار یازدهم,بخش 5,دنباله,,متوسط,"در سؤال زیر، گزینه درست را انتخاب کنید:
جمله بعدی 2،4،6،8 چیست؟",9,10,12,16,B,الگو هر بار 2 واحد افزایش دارد. سؤال بازطراحی‌شده برای تنوع بیشتر آزمون.,ترنم همدلی,original,1405
یازدهم,انسانی,ریاضی و آمار,ریاضی و آمار یازدهم,بخش 5,دنباله,,متوسط,"کدام گزینه پاسخ صحیح این پرسش است؟
جمله بعدی 2،4،6،8 چیست؟",10,12,16,9,A,الگو هر بار 2 واحد افزایش دارد. سؤال بازطراحی‌شده برای تنوع بیشتر آزمون.,ترنم همدلی,original,1405
یازدهم,انسانی,ریاضی و آمار,ریاضی و آمار یازدهم,بخش 5,دنباله,,متوسط,"با دقت به پرسش زیر، گزینه درست را مشخص کنید:
جمله بعدی 2،4،6،8 چیست؟",12,16,9,10,D,الگو هر بار 2 واحد افزایش دارد. سؤال بازطراحی‌شده برای تنوع بیشتر آزمون.,ترنم همدلی,original,1405
یازدهم,انسانی,ریاضی و آمار,ریاضی و آمار یازدهم,بخش 5,دنباله,,متوسط,"کدام گزینه با صورت سؤال زیر سازگار است؟
جمله بعدی 2،4،6،8 چیست؟",16,9,10,12,C,الگو هر بار 2 واحد افزایش دارد. سؤال بازطراحی‌شده برای تنوع بیشتر آزمون.,ترنم همدلی,original,1405
یازدهم,انسانی,ریاضی و آمار,ریاضی و آمار یازدهم,بخش 5,دنباله,,متوسط,"پاسخ صحیح پرسش زیر کدام است؟
جمله بعدی 2،4،6،8 چیست؟",9,10,12,16,B,الگو هر بار 2 واحد افزایش دارد. سؤال بازطراحی‌شده برای تنوع بیشتر آزمون.,ترنم همدلی,original,1405
یازدهم,انسانی,ریاضی و آمار,ریاضی و آمار یازدهم,بخش 5,دنباله,,متوسط,"در میان گزینه‌های زیر، پاسخ درست را پیدا کنید:
جمله بعدی 2،4،6،8 چیست؟",10,12,16,9,A,الگو هر بار 2 واحد افزایش دارد. سؤال بازطراحی‌شده برای تنوع بیشتر آزمون.,ترنم همدلی,original,1405
یازدهم,انسانی,ریاضی و آمار,ریاضی و آمار یازدهم,بخش 5,دنباله,,متوسط,"کدام گزینه با محتوای سؤال زیر هماهنگ است؟
جمله بعدی 2،4،6،8 چیست؟",12,16,9,10,D,الگو هر بار 2 واحد افزایش دارد. سؤال بازطراحی‌شده برای تنوع بیشتر آزمون.,ترنم همدلی,original,1405
یازدهم,انسانی,ریاضی و آمار,ریاضی و آمار یازدهم,بخش 5,دنباله,,متوسط,"با توجه به پرسش زیر، گزینه صحیح را انتخاب کنید:
جمله بعدی 2،4،6،8 چیست؟",16,9,10,12,C,الگو هر بار 2 واحد افزایش دارد. سؤال بازطراحی‌شده برای تنوع بیشتر آزمون.,ترنم همدلی,original,1405
یازدهم,انسانی,ریاضی و آمار,ریاضی و آمار یازدهم,بخش 5,دنباله,,متوسط,"کدام گزینه از نظر محتوایی درست است؟
جمله بعدی 2،4،6،8 چیست؟",9,10,12,16,B,الگو هر بار 2 واحد افزایش دارد. سؤال بازطراحی‌شده برای تنوع بیشتر آزمون.,ترنم همدلی,original,1405
یازدهم,انسانی,ریاضی و آمار,ریاضی و آمار یازدهم,بخش 5,دنباله,,متوسط,"گزینه درست برای پرسش زیر را مشخص کنید:
جمله بعدی 2،4،6،8 چیست؟",10,12,16,9,A,الگو هر بار 2 واحد افزایش دارد. سؤال بازطراحی‌شده برای تنوع بیشتر آزمون.,ترنم همدلی,original,1405
یازدهم,انسانی,ریاضی و آمار,ریاضی و آمار یازدهم,بخش 6,نمودار,,متوسط,"در سؤال زیر، گزینه درست را انتخاب کنید:
نمودار ستونی برای چه داده‌هایی مناسب است؟",مقایسه دسته‌ها,فقط تابع پیوسته,فقط هندسه,فقط متن,A,نمودار ستونی برای مقایسه دسته‌ها مناسب است. سؤال بازطراحی‌شده برای تنوع بیشتر آزمون.,ترنم همدلی,original,1405
یازدهم,انسانی,ریاضی و آمار,ریاضی و آمار یازدهم,بخش 6,نمودار,,متوسط,"کدام گزینه پاسخ صحیح این پرسش است؟
نمودار ستونی برای چه داده‌هایی مناسب است؟",فقط تابع پیوسته,فقط هندسه,فقط متن,مقایسه دسته‌ها,D,نمودار ستونی برای مقایسه دسته‌ها مناسب است. سؤال بازطراحی‌شده برای تنوع بیشتر آزمون.,ترنم همدلی,original,1405
یازدهم,انسانی,ریاضی و آمار,ریاضی و آمار یازدهم,بخش 6,نمودار,,متوسط,"با دقت به پرسش زیر، گزینه درست را مشخص کنید:
نمودار ستونی برای چه داده‌هایی مناسب است؟",فقط هندسه,فقط متن,مقایسه دسته‌ها,فقط تابع پیوسته,C,نمودار ستونی برای مقایسه دسته‌ها مناسب است. سؤال بازطراحی‌شده برای تنوع بیشتر آزمون.,ترنم همدلی,original,1405
یازدهم,انسانی,ریاضی و آمار,ریاضی و آمار یازدهم,بخش 6,نمودار,,متوسط,"کدام گزینه با صورت سؤال زیر سازگار است؟
نمودار ستونی برای چه داده‌هایی مناسب است؟",فقط متن,مقایسه دسته‌ها,فقط تابع پیوسته,فقط هندسه,B,نمودار ستونی برای مقایسه دسته‌ها مناسب است. سؤال بازطراحی‌شده برای تنوع بیشتر آزمون.,ترنم همدلی,original,1405
یازدهم,انسانی,ریاضی و آمار,ریاضی و آمار یازدهم,بخش 6,نمودار,,متوسط,"پاسخ صحیح پرسش زیر کدام است؟
نمودار ستونی برای چه داده‌هایی مناسب است؟",مقایسه دسته‌ها,فقط تابع پیوسته,فقط هندسه,فقط متن,A,نمودار ستونی برای مقایسه دسته‌ها مناسب است. سؤال بازطراحی‌شده برای تنوع بیشتر آزمون.,ترنم همدلی,original,1405
یازدهم,انسانی,ریاضی و آمار,ریاضی و آمار یازدهم,بخش 6,نمودار,,متوسط,"در میان گزینه‌های زیر، پاسخ درست را پیدا کنید:
نمودار ستونی برای چه داده‌هایی مناسب است؟",فقط تابع پیوسته,فقط هندسه,فقط متن,مقایسه دسته‌ها,D,نمودار ستونی برای مقایسه دسته‌ها مناسب است. سؤال بازطراحی‌شده برای تنوع بیشتر آزمون.,ترنم همدلی,original,1405
یازدهم,انسانی,ریاضی و آمار,ریاضی و آمار یازدهم,بخش 6,نمودار,,متوسط,"کدام گزینه با محتوای سؤال زیر هماهنگ است؟
نمودار ستونی برای چه داده‌هایی مناسب است؟",فقط هندسه,فقط متن,مقایسه دسته‌ها,فقط تابع پیوسته,C,نمودار ستونی برای مقایسه دسته‌ها مناسب است. سؤال بازطراحی‌شده برای تنوع بیشتر آزمون.,ترنم همدلی,original,1405
یازدهم,انسانی,ریاضی و آمار,ریاضی و آمار یازدهم,بخش 6,نمودار,,متوسط,"با توجه به پرسش زیر، گزینه صحیح را انتخاب کنید:
نمودار ستونی برای چه داده‌هایی مناسب است؟",فقط متن,مقایسه دسته‌ها,فقط تابع پیوسته,فقط هندسه,B,نمودار ستونی برای مقایسه دسته‌ها مناسب است. سؤال بازطراحی‌شده برای تنوع بیشتر آزمون.,ترنم همدلی,original,1405
یازدهم,انسانی,ریاضی و آمار,ریاضی و آمار یازدهم,بخش 6,نمودار,,متوسط,"کدام گزینه از نظر محتوایی درست است؟
نمودار ستونی برای چه داده‌هایی مناسب است؟",مقایسه دسته‌ها,فقط تابع پیوسته,فقط هندسه,فقط متن,A,نمودار ستونی برای مقایسه دسته‌ها مناسب است. سؤال بازطراحی‌شده برای تنوع بیشتر آزمون.,ترنم همدلی,original,1405
یازدهم,انسانی,ریاضی و آمار,ریاضی و آمار یازدهم,بخش 6,نمودار,,متوسط,"گزینه درست برای پرسش زیر را مشخص کنید:
نمودار ستونی برای چه داده‌هایی مناسب است؟",فقط تابع پیوسته,فقط هندسه,فقط متن,مقایسه دسته‌ها,D,نمودار ستونی برای مقایسه دسته‌ها مناسب است. سؤال بازطراحی‌شده برای تنوع بیشتر آزمون.,ترنم همدلی,original,1405
یازدهم,تجربی,سلامت و بهداشت,سلامت و بهداشت,بخش 1,سلامت جسم,,متوسط,"در سؤال زیر، گزینه درست را انتخاب کنید:
کدام عامل در سلامت جسم نقش مستقیم دارد؟",فعالیت بدنی منظم,کم‌خوابی مداوم,کم‌تحرکی,مصرف بی‌رویه قند,A,فعالیت بدنی منظم از عوامل مهم سلامت جسم است. سؤال بازطراحی‌شده برای تنوع بیشتر آزمون.,ترنم همدلی,original,1405
یازدهم,تجربی,سلامت و بهداشت,سلامت و بهداشت,بخش 1,سلامت جسم,,متوسط,"کدام گزینه پاسخ صحیح این پرسش است؟
کدام عامل در سلامت جسم نقش مستقیم دارد؟",کم‌خوابی مداوم,کم‌تحرکی,مصرف بی‌رویه قند,فعالیت بدنی منظم,D,فعالیت بدنی منظم از عوامل مهم سلامت جسم است. سؤال بازطراحی‌شده برای تنوع بیشتر آزمون.,ترنم همدلی,original,1405
یازدهم,تجربی,سلامت و بهداشت,سلامت و بهداشت,بخش 1,سلامت جسم,,متوسط,"با دقت به پرسش زیر، گزینه درست را مشخص کنید:
کدام عامل در سلامت جسم نقش مستقیم دارد؟",کم‌تحرکی,مصرف بی‌رویه قند,فعالیت بدنی منظم,کم‌خوابی مداوم,C,فعالیت بدنی منظم از عوامل مهم سلامت جسم است. سؤال بازطراحی‌شده برای تنوع بیشتر آزمون.,ترنم همدلی,original,1405
یازدهم,تجربی,سلامت و بهداشت,سلامت و بهداشت,بخش 1,سلامت جسم,,متوسط,"کدام گزینه با صورت سؤال زیر سازگار است؟
کدام عامل در سلامت جسم نقش مستقیم دارد؟",مصرف بی‌رویه قند,فعالیت بدنی منظم,کم‌خوابی مداوم,کم‌تحرکی,B,فعالیت بدنی منظم از عوامل مهم سلامت جسم است. سؤال بازطراحی‌شده برای تنوع بیشتر آزمون.,ترنم همدلی,original,1405
یازدهم,تجربی,سلامت و بهداشت,سلامت و بهداشت,بخش 1,سلامت جسم,,متوسط,"پاسخ صحیح پرسش زیر کدام است؟
کدام عامل در سلامت جسم نقش مستقیم دارد؟",فعالیت بدنی منظم,کم‌خوابی مداوم,کم‌تحرکی,مصرف بی‌رویه قند,A,فعالیت بدنی منظم از عوامل مهم سلامت جسم است. سؤال بازطراحی‌شده برای تنوع بیشتر آزمون.,ترنم همدلی,original,1405
یازدهم,تجربی,سلامت و بهداشت,سلامت و بهداشت,بخش 1,سلامت جسم,,متوسط,"در میان گزینه‌های زیر، پاسخ درست را پیدا کنید:
کدام عامل در سلامت جسم نقش مستقیم دارد؟",کم‌خوابی مداوم,کم‌تحرکی,مصرف بی‌رویه قند,فعالیت بدنی منظم,D,فعالیت بدنی منظم از عوامل مهم سلامت جسم است. سؤال بازطراحی‌شده برای تنوع بیشتر آزمون.,ترنم همدلی,original,1405
یازدهم,تجربی,سلامت و بهداشت,سلامت و بهداشت,بخش 1,سلامت جسم,,متوسط,"کدام گزینه با محتوای سؤال زیر هماهنگ است؟
کدام عامل در سلامت جسم نقش مستقیم دارد؟",کم‌تحرکی,مصرف بی‌رویه قند,فعالیت بدنی منظم,کم‌خوابی مداوم,C,فعالیت بدنی منظم از عوامل مهم سلامت جسم است. سؤال بازطراحی‌شده برای تنوع بیشتر آزمون.,ترنم همدلی,original,1405
یازدهم,تجربی,سلامت و بهداشت,سلامت و بهداشت,بخش 1,سلامت جسم,,متوسط,"با توجه به پرسش زیر، گزینه صحیح را انتخاب کنید:
کدام عامل در سلامت جسم نقش مستقیم دارد؟",مصرف بی‌رویه قند,فعالیت بدنی منظم,کم‌خوابی مداوم,کم‌تحرکی,B,فعالیت بدنی منظم از عوامل مهم سلامت جسم است. سؤال بازطراحی‌شده برای تنوع بیشتر آزمون.,ترنم همدلی,original,1405
یازدهم,تجربی,سلامت و بهداشت,سلامت و بهداشت,بخش 1,سلامت جسم,,متوسط,"کدام گزینه از نظر محتوایی درست است؟
کدام عامل در سلامت جسم نقش مستقیم دارد؟",فعالیت بدنی منظم,کم‌خوابی مداوم,کم‌تحرکی,مصرف بی‌رویه قند,A,فعالیت بدنی منظم از عوامل مهم سلامت جسم است. سؤال بازطراحی‌شده برای تنوع بیشتر آزمون.,ترنم همدلی,original,1405
یازدهم,تجربی,سلامت و بهداشت,سلامت و بهداشت,بخش 1,سلامت جسم,,متوسط,"گزینه درست برای پرسش زیر را مشخص کنید:
کدام عامل در سلامت جسم نقش مستقیم دارد؟",کم‌خوابی مداوم,کم‌تحرکی,مصرف بی‌رویه قند,فعالیت بدنی منظم,D,فعالیت بدنی منظم از عوامل مهم سلامت جسم است. سؤال بازطراحی‌شده برای تنوع بیشتر آزمون.,ترنم همدلی,original,1405
یازدهم,تجربی,سلامت و بهداشت,سلامت و بهداشت,بخش 2,تغذیه,,متوسط,"در سؤال زیر، گزینه درست را انتخاب کنید:
کدام گزینه منبع مناسب پروتئین است؟",تخم‌مرغ,نوشابه,شکر,نمک,A,تخم‌مرغ منبع پروتئین است. سؤال بازطراحی‌شده برای تنوع بیشتر آزمون.,ترنم همدلی,original,1405
یازدهم,تجربی,سلامت و بهداشت,سلامت و بهداشت,بخش 2,تغذیه,,متوسط,"کدام گزینه پاسخ صحیح این پرسش است؟
کدام گزینه منبع مناسب پروتئین است؟",نوشابه,شکر,نمک,تخم‌مرغ,D,تخم‌مرغ منبع پروتئین است. سؤال بازطراحی‌شده برای تنوع بیشتر آزمون.,ترنم همدلی,original,1405
یازدهم,تجربی,سلامت و بهداشت,سلامت و بهداشت,بخش 2,تغذیه,,متوسط,"با دقت به پرسش زیر، گزینه درست را مشخص کنید:
کدام گزینه منبع مناسب پروتئین است؟",شکر,نمک,تخم‌مرغ,نوشابه,C,تخم‌مرغ منبع پروتئین است. سؤال بازطراحی‌شده برای تنوع بیشتر آزمون.,ترنم همدلی,original,1405
یازدهم,تجربی,سلامت و بهداشت,سلامت و بهداشت,بخش 2,تغذیه,,متوسط,"کدام گزینه با صورت سؤال زیر سازگار است؟
کدام گزینه منبع مناسب پروتئین است؟",نمک,تخم‌مرغ,نوشابه,شکر,B,تخم‌مرغ منبع پروتئین است. سؤال بازطراحی‌شده برای تنوع بیشتر آزمون.,ترنم همدلی,original,1405
یازدهم,تجربی,سلامت و بهداشت,سلامت و بهداشت,بخش 2,تغذیه,,متوسط,"پاسخ صحیح پرسش زیر کدام است؟
کدام گزینه منبع مناسب پروتئین است؟",تخم‌مرغ,نوشابه,شکر,نمک,A,تخم‌مرغ منبع پروتئین است. سؤال بازطراحی‌شده برای تنوع بیشتر آزمون.,ترنم همدلی,original,1405
یازدهم,تجربی,سلامت و بهداشت,سلامت و بهداشت,بخش 2,تغذیه,,متوسط,"در میان گزینه‌های زیر، پاسخ درست را پیدا کنید:
کدام گزینه منبع مناسب پروتئین است؟",نوشابه,شکر,نمک,تخم‌مرغ,D,تخم‌مرغ منبع پروتئین است. سؤال بازطراحی‌شده برای تنوع بیشتر آزمون.,ترنم همدلی,original,1405
یازدهم,تجربی,سلامت و بهداشت,سلامت و بهداشت,بخش 2,تغذیه,,متوسط,"کدام گزینه با محتوای سؤال زیر هماهنگ است؟
کدام گزینه منبع مناسب پروتئین است؟",شکر,نمک,تخم‌مرغ,نوشابه,C,تخم‌مرغ منبع پروتئین است. سؤال بازطراحی‌شده برای تنوع بیشتر آزمون.,ترنم همدلی,original,1405
یازدهم,تجربی,سلامت و بهداشت,سلامت و بهداشت,بخش 2,تغذیه,,متوسط,"با توجه به پرسش زیر، گزینه صحیح را انتخاب کنید:
کدام گزینه منبع مناسب پروتئین است؟",نمک,تخم‌مرغ,نوشابه,شکر,B,تخم‌مرغ منبع پروتئین است. سؤال بازطراحی‌شده برای تنوع بیشتر آزمون.,ترنم همدلی,original,1405
یازدهم,تجربی,سلامت و بهداشت,سلامت و بهداشت,بخش 2,تغذیه,,متوسط,"کدام گزینه از نظر محتوایی درست است؟
کدام گزینه منبع مناسب پروتئین است؟",تخم‌مرغ,نوشابه,شکر,نمک,A,تخم‌مرغ منبع پروتئین است. سؤال بازطراحی‌شده برای تنوع بیشتر آزمون.,ترنم همدلی,original,1405
یازدهم,تجربی,سلامت و بهداشت,سلامت و بهداشت,بخش 2,تغذیه,,متوسط,"گزینه درست برای پرسش زیر را مشخص کنید:
کدام گزینه منبع مناسب پروتئین است؟",نوشابه,شکر,نمک,تخم‌مرغ,D,تخم‌مرغ منبع پروتئین است. سؤال بازطراحی‌شده برای تنوع بیشتر آزمون.,ترنم همدلی,original,1405
یازدهم,تجربی,سلامت و بهداشت,سلامت و بهداشت,بخش 3,خواب,,متوسط,"در سؤال زیر، گزینه درست را انتخاب کنید:
خواب کافی چه اثری دارد؟",بهبود توجه و یادگیری,کاهش تمرکز,افزایش خستگی,اختلال حافظه,A,خواب کافی به عملکرد شناختی کمک می‌کند. سؤال بازطراحی‌شده برای تنوع بیشتر آزمون.,ترنم همدلی,original,1405
یازدهم,تجربی,سلامت و بهداشت,سلامت و بهداشت,بخش 3,خواب,,متوسط,"کدام گزینه پاسخ صحیح این پرسش است؟
خواب کافی چه اثری دارد؟",کاهش تمرکز,افزایش خستگی,اختلال حافظه,بهبود توجه و یادگیری,D,خواب کافی به عملکرد شناختی کمک می‌کند. سؤال بازطراحی‌شده برای تنوع بیشتر آزمون.,ترنم همدلی,original,1405
یازدهم,تجربی,سلامت و بهداشت,سلامت و بهداشت,بخش 3,خواب,,متوسط,"با دقت به پرسش زیر، گزینه درست را مشخص کنید:
خواب کافی چه اثری دارد؟",افزایش خستگی,اختلال حافظه,بهبود توجه و یادگیری,کاهش تمرکز,C,خواب کافی به عملکرد شناختی کمک می‌کند. سؤال بازطراحی‌شده برای تنوع بیشتر آزمون.,ترنم همدلی,original,1405
یازدهم,تجربی,سلامت و بهداشت,سلامت و بهداشت,بخش 3,خواب,,متوسط,"کدام گزینه با صورت سؤال زیر سازگار است؟
خواب کافی چه اثری دارد؟",اختلال حافظه,بهبود توجه و یادگیری,کاهش تمرکز,افزایش خستگی,B,خواب کافی به عملکرد شناختی کمک می‌کند. سؤال بازطراحی‌شده برای تنوع بیشتر آزمون.,ترنم همدلی,original,1405
یازدهم,تجربی,سلامت و بهداشت,سلامت و بهداشت,بخش 3,خواب,,متوسط,"پاسخ صحیح پرسش زیر کدام است؟
خواب کافی چه اثری دارد؟",بهبود توجه و یادگیری,کاهش تمرکز,افزایش خستگی,اختلال حافظه,A,خواب کافی به عملکرد شناختی کمک می‌کند. سؤال بازطراحی‌شده برای تنوع بیشتر آزمون.,ترنم همدلی,original,1405
یازدهم,تجربی,سلامت و بهداشت,سلامت و بهداشت,بخش 3,خواب,,متوسط,"در میان گزینه‌های زیر، پاسخ درست را پیدا کنید:
خواب کافی چه اثری دارد؟",کاهش تمرکز,افزایش خستگی,اختلال حافظه,بهبود توجه و یادگیری,D,خواب کافی به عملکرد شناختی کمک می‌کند. سؤال بازطراحی‌شده برای تنوع بیشتر آزمون.,ترنم همدلی,original,1405
یازدهم,تجربی,سلامت و بهداشت,سلامت و بهداشت,بخش 3,خواب,,متوسط,"کدام گزینه با محتوای سؤال زیر هماهنگ است؟
خواب کافی چه اثری دارد؟",افزایش خستگی,اختلال حافظه,بهبود توجه و یادگیری,کاهش تمرکز,C,خواب کافی به عملکرد شناختی کمک می‌کند. سؤال بازطراحی‌شده برای تنوع بیشتر آزمون.,ترنم همدلی,original,1405
یازدهم,تجربی,سلامت و بهداشت,سلامت و بهداشت,بخش 3,خواب,,متوسط,"با توجه به پرسش زیر، گزینه صحیح را انتخاب کنید:
خواب کافی چه اثری دارد؟",اختلال حافظه,بهبود توجه و یادگیری,کاهش تمرکز,افزایش خستگی,B,خواب کافی به عملکرد شناختی کمک می‌کند. سؤال بازطراحی‌شده برای تنوع بیشتر آزمون.,ترنم همدلی,original,1405
یازدهم,تجربی,سلامت و بهداشت,سلامت و بهداشت,بخش 3,خواب,,متوسط,"کدام گزینه از نظر محتوایی درست است؟
خواب کافی چه اثری دارد؟",بهبود توجه و یادگیری,کاهش تمرکز,افزایش خستگی,اختلال حافظه,A,خواب کافی به عملکرد شناختی کمک می‌کند. سؤال بازطراحی‌شده برای تنوع بیشتر آزمون.,ترنم همدلی,original,1405
یازدهم,تجربی,سلامت و بهداشت,سلامت و بهداشت,بخش 3,خواب,,متوسط,"گزینه درست برای پرسش زیر را مشخص کنید:
خواب کافی چه اثری دارد؟",کاهش تمرکز,افزایش خستگی,اختلال حافظه,بهبود توجه و یادگیری,D,خواب کافی به عملکرد شناختی کمک می‌کند. سؤال بازطراحی‌شده برای تنوع بیشتر آزمون.,ترنم همدلی,original,1405
یازدهم,تجربی,سلامت و بهداشت,سلامت و بهداشت,بخش 4,سلامت روان,,متوسط,"در سؤال زیر، گزینه درست را انتخاب کنید:
کدام رفتار برای مدیریت استرس مناسب‌تر است؟",برنامه‌ریزی و فعالیت بدنی,حذف خواب,انزوا,مصرف خودسرانه دارو,A,برنامه‌ریزی و فعالیت بدنی از راهکارهای سالم مدیریت استرس‌اند. سؤال بازطراحی‌شده برای تنوع بیشتر آزمون.,ترنم همدلی,original,1405
یازدهم,تجربی,سلامت و بهداشت,سلامت و بهداشت,بخش 4,سلامت روان,,متوسط,"کدام گزینه پاسخ صحیح این پرسش است؟
کدام رفتار برای مدیریت استرس مناسب‌تر است؟",حذف خواب,انزوا,مصرف خودسرانه دارو,برنامه‌ریزی و فعالیت بدنی,D,برنامه‌ریزی و فعالیت بدنی از راهکارهای سالم مدیریت استرس‌اند. سؤال بازطراحی‌شده برای تنوع بیشتر آزمون.,ترنم همدلی,original,1405
یازدهم,تجربی,سلامت و بهداشت,سلامت و بهداشت,بخش 4,سلامت روان,,متوسط,"با دقت به پرسش زیر، گزینه درست را مشخص کنید:
کدام رفتار برای مدیریت استرس مناسب‌تر است؟",انزوا,مصرف خودسرانه دارو,برنامه‌ریزی و فعالیت بدنی,حذف خواب,C,برنامه‌ریزی و فعالیت بدنی از راهکارهای سالم مدیریت استرس‌اند. سؤال بازطراحی‌شده برای تنوع بیشتر آزمون.,ترنم همدلی,original,1405
یازدهم,تجربی,سلامت و بهداشت,سلامت و بهداشت,بخش 4,سلامت روان,,متوسط,"کدام گزینه با صورت سؤال زیر سازگار است؟
کدام رفتار برای مدیریت استرس مناسب‌تر است؟",مصرف خودسرانه دارو,برنامه‌ریزی و فعالیت بدنی,حذف خواب,انزوا,B,برنامه‌ریزی و فعالیت بدنی از راهکارهای سالم مدیریت استرس‌اند. سؤال بازطراحی‌شده برای تنوع بیشتر آزمون.,ترنم همدلی,original,1405
یازدهم,تجربی,سلامت و بهداشت,سلامت و بهداشت,بخش 4,سلامت روان,,متوسط,"پاسخ صحیح پرسش زیر کدام است؟
کدام رفتار برای مدیریت استرس مناسب‌تر است؟",برنامه‌ریزی و فعالیت بدنی,حذف خواب,انزوا,مصرف خودسرانه دارو,A,برنامه‌ریزی و فعالیت بدنی از راهکارهای سالم مدیریت استرس‌اند. سؤال بازطراحی‌شده برای تنوع بیشتر آزمون.,ترنم همدلی,original,1405
یازدهم,تجربی,سلامت و بهداشت,سلامت و بهداشت,بخش 4,سلامت روان,,متوسط,"در میان گزینه‌های زیر، پاسخ درست را پیدا کنید:
کدام رفتار برای مدیریت استرس مناسب‌تر است؟",حذف خواب,انزوا,مصرف خودسرانه دارو,برنامه‌ریزی و فعالیت بدنی,D,برنامه‌ریزی و فعالیت بدنی از راهکارهای سالم مدیریت استرس‌اند. سؤال بازطراحی‌شده برای تنوع بیشتر آزمون.,ترنم همدلی,original,1405
یازدهم,تجربی,سلامت و بهداشت,سلامت و بهداشت,بخش 4,سلامت روان,,متوسط,"کدام گزینه با محتوای سؤال زیر هماهنگ است؟
کدام رفتار برای مدیریت استرس مناسب‌تر است؟",انزوا,مصرف خودسرانه دارو,برنامه‌ریزی و فعالیت بدنی,حذف خواب,C,برنامه‌ریزی و فعالیت بدنی از راهکارهای سالم مدیریت استرس‌اند. سؤال بازطراحی‌شده برای تنوع بیشتر آزمون.,ترنم همدلی,original,1405
یازدهم,تجربی,سلامت و بهداشت,سلامت و بهداشت,بخش 4,سلامت روان,,متوسط,"با توجه به پرسش زیر، گزینه صحیح را انتخاب کنید:
کدام رفتار برای مدیریت استرس مناسب‌تر است؟",مصرف خودسرانه دارو,برنامه‌ریزی و فعالیت بدنی,حذف خواب,انزوا,B,برنامه‌ریزی و فعالیت بدنی از راهکارهای سالم مدیریت استرس‌اند. سؤال بازطراحی‌شده برای تنوع بیشتر آزمون.,ترنم همدلی,original,1405
یازدهم,تجربی,سلامت و بهداشت,سلامت و بهداشت,بخش 4,سلامت روان,,متوسط,"کدام گزینه از نظر محتوایی درست است؟
کدام رفتار برای مدیریت استرس مناسب‌تر است؟",برنامه‌ریزی و فعالیت بدنی,حذف خواب,انزوا,مصرف خودسرانه دارو,A,برنامه‌ریزی و فعالیت بدنی از راهکارهای سالم مدیریت استرس‌اند. سؤال بازطراحی‌شده برای تنوع بیشتر آزمون.,ترنم همدلی,original,1405
یازدهم,تجربی,سلامت و بهداشت,سلامت و بهداشت,بخش 4,سلامت روان,,متوسط,"گزینه درست برای پرسش زیر را مشخص کنید:
کدام رفتار برای مدیریت استرس مناسب‌تر است؟",حذف خواب,انزوا,مصرف خودسرانه دارو,برنامه‌ریزی و فعالیت بدنی,D,برنامه‌ریزی و فعالیت بدنی از راهکارهای سالم مدیریت استرس‌اند. سؤال بازطراحی‌شده برای تنوع بیشتر آزمون.,ترنم همدلی,original,1405
یازدهم,تجربی,سلامت و بهداشت,سلامت و بهداشت,بخش 5,پیشگیری,,متوسط,"در سؤال زیر، گزینه درست را انتخاب کنید:
کدام مورد از اصول پیشگیری است؟",رعایت بهداشت و واکسیناسیون مناسب,نادیده گرفتن علائم,خوددرمانی دائمی,حذف مراجعه پزشکی,A,پیشگیری شامل رفتارهای بهداشتی و واکسیناسیون مناسب است. سؤال بازطراحی‌شده برای تنوع بیشتر آزمون.,ترنم همدلی,original,1405
یازدهم,تجربی,سلامت و بهداشت,سلامت و بهداشت,بخش 5,پیشگیری,,متوسط,"کدام گزینه پاسخ صحیح این پرسش است؟
کدام مورد از اصول پیشگیری است؟",نادیده گرفتن علائم,خوددرمانی دائمی,حذف مراجعه پزشکی,رعایت بهداشت و واکسیناسیون مناسب,D,پیشگیری شامل رفتارهای بهداشتی و واکسیناسیون مناسب است. سؤال بازطراحی‌شده برای تنوع بیشتر آزمون.,ترنم همدلی,original,1405
یازدهم,تجربی,سلامت و بهداشت,سلامت و بهداشت,بخش 5,پیشگیری,,متوسط,"با دقت به پرسش زیر، گزینه درست را مشخص کنید:
کدام مورد از اصول پیشگیری است؟",خوددرمانی دائمی,حذف مراجعه پزشکی,رعایت بهداشت و واکسیناسیون مناسب,نادیده گرفتن علائم,C,پیشگیری شامل رفتارهای بهداشتی و واکسیناسیون مناسب است. سؤال بازطراحی‌شده برای تنوع بیشتر آزمون.,ترنم همدلی,original,1405
یازدهم,تجربی,سلامت و بهداشت,سلامت و بهداشت,بخش 5,پیشگیری,,متوسط,"کدام گزینه با صورت سؤال زیر سازگار است؟
کدام مورد از اصول پیشگیری است؟",حذف مراجعه پزشکی,رعایت بهداشت و واکسیناسیون مناسب,نادیده گرفتن علائم,خوددرمانی دائمی,B,پیشگیری شامل رفتارهای بهداشتی و واکسیناسیون مناسب است. سؤال بازطراحی‌شده برای تنوع بیشتر آزمون.,ترنم همدلی,original,1405
یازدهم,تجربی,سلامت و بهداشت,سلامت و بهداشت,بخش 5,پیشگیری,,متوسط,"پاسخ صحیح پرسش زیر کدام است؟
کدام مورد از اصول پیشگیری است؟",رعایت بهداشت و واکسیناسیون مناسب,نادیده گرفتن علائم,خوددرمانی دائمی,حذف مراجعه پزشکی,A,پیشگیری شامل رفتارهای بهداشتی و واکسیناسیون مناسب است. سؤال بازطراحی‌شده برای تنوع بیشتر آزمون.,ترنم همدلی,original,1405
یازدهم,تجربی,سلامت و بهداشت,سلامت و بهداشت,بخش 5,پیشگیری,,متوسط,"در میان گزینه‌های زیر، پاسخ درست را پیدا کنید:
کدام مورد از اصول پیشگیری است؟",نادیده گرفتن علائم,خوددرمانی دائمی,حذف مراجعه پزشکی,رعایت بهداشت و واکسیناسیون مناسب,D,پیشگیری شامل رفتارهای بهداشتی و واکسیناسیون مناسب است. سؤال بازطراحی‌شده برای تنوع بیشتر آزمون.,ترنم همدلی,original,1405
یازدهم,تجربی,سلامت و بهداشت,سلامت و بهداشت,بخش 5,پیشگیری,,متوسط,"کدام گزینه با محتوای سؤال زیر هماهنگ است؟
کدام مورد از اصول پیشگیری است؟",خوددرمانی دائمی,حذف مراجعه پزشکی,رعایت بهداشت و واکسیناسیون مناسب,نادیده گرفتن علائم,C,پیشگیری شامل رفتارهای بهداشتی و واکسیناسیون مناسب است. سؤال بازطراحی‌شده برای تنوع بیشتر آزمون.,ترنم همدلی,original,1405
یازدهم,تجربی,سلامت و بهداشت,سلامت و بهداشت,بخش 5,پیشگیری,,متوسط,"با توجه به پرسش زیر، گزینه صحیح را انتخاب کنید:
کدام مورد از اصول پیشگیری است؟",حذف مراجعه پزشکی,رعایت بهداشت و واکسیناسیون مناسب,نادیده گرفتن علائم,خوددرمانی دائمی,B,پیشگیری شامل رفتارهای بهداشتی و واکسیناسیون مناسب است. سؤال بازطراحی‌شده برای تنوع بیشتر آزمون.,ترنم همدلی,original,1405
یازدهم,تجربی,سلامت و بهداشت,سلامت و بهداشت,بخش 5,پیشگیری,,متوسط,"کدام گزینه از نظر محتوایی درست است؟
کدام مورد از اصول پیشگیری است؟",رعایت بهداشت و واکسیناسیون مناسب,نادیده گرفتن علائم,خوددرمانی دائمی,حذف مراجعه پزشکی,A,پیشگیری شامل رفتارهای بهداشتی و واکسیناسیون مناسب است. سؤال بازطراحی‌شده برای تنوع بیشتر آزمون.,ترنم همدلی,original,1405
یازدهم,تجربی,سلامت و بهداشت,سلامت و بهداشت,بخش 5,پیشگیری,,متوسط,"گزینه درست برای پرسش زیر را مشخص کنید:
کدام مورد از اصول پیشگیری است؟",نادیده گرفتن علائم,خوددرمانی دائمی,حذف مراجعه پزشکی,رعایت بهداشت و واکسیناسیون مناسب,D,پیشگیری شامل رفتارهای بهداشتی و واکسیناسیون مناسب است. سؤال بازطراحی‌شده برای تنوع بیشتر آزمون.,ترنم همدلی,original,1405
یازدهم,تجربی,سلامت و بهداشت,سلامت و بهداشت,بخش 6,مواد و دخانیات,,متوسط,"در سؤال زیر، گزینه درست را انتخاب کنید:
مصرف دخانیات چه اثری می‌تواند داشته باشد؟",افزایش خطر بیماری‌ها,تقویت قطعی سلامت,افزایش ظرفیت ریه,کاهش همه خطرها,A,دخانیات خطر بیماری‌های مختلف را افزایش می‌دهد. سؤال بازطراحی‌شده برای تنوع بیشتر آزمون.,ترنم همدلی,original,1405
یازدهم,تجربی,سلامت و بهداشت,سلامت و بهداشت,بخش 6,مواد و دخانیات,,متوسط,"کدام گزینه پاسخ صحیح این پرسش است؟
مصرف دخانیات چه اثری می‌تواند داشته باشد؟",تقویت قطعی سلامت,افزایش ظرفیت ریه,کاهش همه خطرها,افزایش خطر بیماری‌ها,D,دخانیات خطر بیماری‌های مختلف را افزایش می‌دهد. سؤال بازطراحی‌شده برای تنوع بیشتر آزمون.,ترنم همدلی,original,1405
یازدهم,تجربی,سلامت و بهداشت,سلامت و بهداشت,بخش 6,مواد و دخانیات,,متوسط,"با دقت به پرسش زیر، گزینه درست را مشخص کنید:
مصرف دخانیات چه اثری می‌تواند داشته باشد؟",افزایش ظرفیت ریه,کاهش همه خطرها,افزایش خطر بیماری‌ها,تقویت قطعی سلامت,C,دخانیات خطر بیماری‌های مختلف را افزایش می‌دهد. سؤال بازطراحی‌شده برای تنوع بیشتر آزمون.,ترنم همدلی,original,1405
یازدهم,تجربی,سلامت و بهداشت,سلامت و بهداشت,بخش 6,مواد و دخانیات,,متوسط,"کدام گزینه با صورت سؤال زیر سازگار است؟
مصرف دخانیات چه اثری می‌تواند داشته باشد؟",کاهش همه خطرها,افزایش خطر بیماری‌ها,تقویت قطعی سلامت,افزایش ظرفیت ریه,B,دخانیات خطر بیماری‌های مختلف را افزایش می‌دهد. سؤال بازطراحی‌شده برای تنوع بیشتر آزمون.,ترنم همدلی,original,1405
یازدهم,تجربی,سلامت و بهداشت,سلامت و بهداشت,بخش 6,مواد و دخانیات,,متوسط,"پاسخ صحیح پرسش زیر کدام است؟
مصرف دخانیات چه اثری می‌تواند داشته باشد؟",افزایش خطر بیماری‌ها,تقویت قطعی سلامت,افزایش ظرفیت ریه,کاهش همه خطرها,A,دخانیات خطر بیماری‌های مختلف را افزایش می‌دهد. سؤال بازطراحی‌شده برای تنوع بیشتر آزمون.,ترنم همدلی,original,1405
یازدهم,تجربی,سلامت و بهداشت,سلامت و بهداشت,بخش 6,مواد و دخانیات,,متوسط,"در میان گزینه‌های زیر، پاسخ درست را پیدا کنید:
مصرف دخانیات چه اثری می‌تواند داشته باشد؟",تقویت قطعی سلامت,افزایش ظرفیت ریه,کاهش همه خطرها,افزایش خطر بیماری‌ها,D,دخانیات خطر بیماری‌های مختلف را افزایش می‌دهد. سؤال بازطراحی‌شده برای تنوع بیشتر آزمون.,ترنم همدلی,original,1405
یازدهم,تجربی,سلامت و بهداشت,سلامت و بهداشت,بخش 6,مواد و دخانیات,,متوسط,"کدام گزینه با محتوای سؤال زیر هماهنگ است؟
مصرف دخانیات چه اثری می‌تواند داشته باشد؟",افزایش ظرفیت ریه,کاهش همه خطرها,افزایش خطر بیماری‌ها,تقویت قطعی سلامت,C,دخانیات خطر بیماری‌های مختلف را افزایش می‌دهد. سؤال بازطراحی‌شده برای تنوع بیشتر آزمون.,ترنم همدلی,original,1405
یازدهم,تجربی,سلامت و بهداشت,سلامت و بهداشت,بخش 6,مواد و دخانیات,,متوسط,"با توجه به پرسش زیر، گزینه صحیح را انتخاب کنید:
مصرف دخانیات چه اثری می‌تواند داشته باشد؟",کاهش همه خطرها,افزایش خطر بیماری‌ها,تقویت قطعی سلامت,افزایش ظرفیت ریه,B,دخانیات خطر بیماری‌های مختلف را افزایش می‌دهد. سؤال بازطراحی‌شده برای تنوع بیشتر آزمون.,ترنم همدلی,original,1405
یازدهم,تجربی,سلامت و بهداشت,سلامت و بهداشت,بخش 6,مواد و دخانیات,,متوسط,"کدام گزینه از نظر محتوایی درست است؟
مصرف دخانیات چه اثری می‌تواند داشته باشد؟",افزایش خطر بیماری‌ها,تقویت قطعی سلامت,افزایش ظرفیت ریه,کاهش همه خطرها,A,دخانیات خطر بیماری‌های مختلف را افزایش می‌دهد. سؤال بازطراحی‌شده برای تنوع بیشتر آزمون.,ترنم همدلی,original,1405
یازدهم,تجربی,سلامت و بهداشت,سلامت و بهداشت,بخش 6,مواد و دخانیات,,متوسط,"گزینه درست برای پرسش زیر را مشخص کنید:
مصرف دخانیات چه اثری می‌تواند داشته باشد؟",تقویت قطعی سلامت,افزایش ظرفیت ریه,کاهش همه خطرها,افزایش خطر بیماری‌ها,D,دخانیات خطر بیماری‌های مختلف را افزایش می‌دهد. سؤال بازطراحی‌شده برای تنوع بیشتر آزمون.,ترنم همدلی,original,1405
یازدهم,تجربی,هویت اجتماعی,هویت اجتماعی,بخش 1,هویت,,متوسط,"در سؤال زیر، گزینه درست را انتخاب کنید:
هویت اجتماعی به چه چیزی مربوط است؟",تعلق‌ها و نقش‌های اجتماعی,فقط ویژگی جسمی,فقط نمره مدرسه,فقط درآمد,A,هویت اجتماعی با تعلقات و نقش‌های فرد مرتبط است. سؤال بازطراحی‌شده برای تنوع بیشتر آزمون.,ترنم همدلی,original,1405
یازدهم,تجربی,هویت اجتماعی,هویت اجتماعی,بخش 1,هویت,,متوسط,"کدام گزینه پاسخ صحیح این پرسش است؟
هویت اجتماعی به چه چیزی مربوط است؟",فقط ویژگی جسمی,فقط نمره مدرسه,فقط درآمد,تعلق‌ها و نقش‌های اجتماعی,D,هویت اجتماعی با تعلقات و نقش‌های فرد مرتبط است. سؤال بازطراحی‌شده برای تنوع بیشتر آزمون.,ترنم همدلی,original,1405
یازدهم,تجربی,هویت اجتماعی,هویت اجتماعی,بخش 1,هویت,,متوسط,"با دقت به پرسش زیر، گزینه درست را مشخص کنید:
هویت اجتماعی به چه چیزی مربوط است؟",فقط نمره مدرسه,فقط درآمد,تعلق‌ها و نقش‌های اجتماعی,فقط ویژگی جسمی,C,هویت اجتماعی با تعلقات و نقش‌های فرد مرتبط است. سؤال بازطراحی‌شده برای تنوع بیشتر آزمون.,ترنم همدلی,original,1405
یازدهم,تجربی,هویت اجتماعی,هویت اجتماعی,بخش 1,هویت,,متوسط,"کدام گزینه با صورت سؤال زیر سازگار است؟
هویت اجتماعی به چه چیزی مربوط است؟",فقط درآمد,تعلق‌ها و نقش‌های اجتماعی,فقط ویژگی جسمی,فقط نمره مدرسه,B,هویت اجتماعی با تعلقات و نقش‌های فرد مرتبط است. سؤال بازطراحی‌شده برای تنوع بیشتر آزمون.,ترنم همدلی,original,1405
یازدهم,تجربی,هویت اجتماعی,هویت اجتماعی,بخش 1,هویت,,متوسط,"پاسخ صحیح پرسش زیر کدام است؟
هویت اجتماعی به چه چیزی مربوط است؟",تعلق‌ها و نقش‌های اجتماعی,فقط ویژگی جسمی,فقط نمره مدرسه,فقط درآمد,A,هویت اجتماعی با تعلقات و نقش‌های فرد مرتبط است. سؤال بازطراحی‌شده برای تنوع بیشتر آزمون.,ترنم همدلی,original,1405
یازدهم,تجربی,هویت اجتماعی,هویت اجتماعی,بخش 1,هویت,,متوسط,"در میان گزینه‌های زیر، پاسخ درست را پیدا کنید:
هویت اجتماعی به چه چیزی مربوط است؟",فقط ویژگی جسمی,فقط نمره مدرسه,فقط درآمد,تعلق‌ها و نقش‌های اجتماعی,D,هویت اجتماعی با تعلقات و نقش‌های فرد مرتبط است. سؤال بازطراحی‌شده برای تنوع بیشتر آزمون.,ترنم همدلی,original,1405
یازدهم,تجربی,هویت اجتماعی,هویت اجتماعی,بخش 1,هویت,,متوسط,"کدام گزینه با محتوای سؤال زیر هماهنگ است؟
هویت اجتماعی به چه چیزی مربوط است؟",فقط نمره مدرسه,فقط درآمد,تعلق‌ها و نقش‌های اجتماعی,فقط ویژگی جسمی,C,هویت اجتماعی با تعلقات و نقش‌های فرد مرتبط است. سؤال بازطراحی‌شده برای تنوع بیشتر آزمون.,ترنم همدلی,original,1405
یازدهم,تجربی,هویت اجتماعی,هویت اجتماعی,بخش 1,هویت,,متوسط,"با توجه به پرسش زیر، گزینه صحیح را انتخاب کنید:
هویت اجتماعی به چه چیزی مربوط است؟",فقط درآمد,تعلق‌ها و نقش‌های اجتماعی,فقط ویژگی جسمی,فقط نمره مدرسه,B,هویت اجتماعی با تعلقات و نقش‌های فرد مرتبط است. سؤال بازطراحی‌شده برای تنوع بیشتر آزمون.,ترنم همدلی,original,1405
یازدهم,تجربی,هویت اجتماعی,هویت اجتماعی,بخش 1,هویت,,متوسط,"کدام گزینه از نظر محتوایی درست است؟
هویت اجتماعی به چه چیزی مربوط است؟",تعلق‌ها و نقش‌های اجتماعی,فقط ویژگی جسمی,فقط نمره مدرسه,فقط درآمد,A,هویت اجتماعی با تعلقات و نقش‌های فرد مرتبط است. سؤال بازطراحی‌شده برای تنوع بیشتر آزمون.,ترنم همدلی,original,1405
یازدهم,تجربی,هویت اجتماعی,هویت اجتماعی,بخش 1,هویت,,متوسط,"گزینه درست برای پرسش زیر را مشخص کنید:
هویت اجتماعی به چه چیزی مربوط است؟",فقط ویژگی جسمی,فقط نمره مدرسه,فقط درآمد,تعلق‌ها و نقش‌های اجتماعی,D,هویت اجتماعی با تعلقات و نقش‌های فرد مرتبط است. سؤال بازطراحی‌شده برای تنوع بیشتر آزمون.,ترنم همدلی,original,1405
یازدهم,تجربی,هویت اجتماعی,هویت اجتماعی,بخش 2,ارزش‌ها,,متوسط,"در سؤال زیر، گزینه درست را انتخاب کنید:
ارزش اجتماعی چیست؟",باور درباره مطلوب و مهم بودن امور,یک قانون فیزیک,واحد اندازه‌گیری,نوع غذا,A,ارزش‌ها درباره مطلوبیت و اهمیت امور داوری ایجاد می‌کنند. سؤال بازطراحی‌شده برای تنوع بیشتر آزمون.,ترنم همدلی,original,1405
یازدهم,تجربی,هویت اجتماعی,هویت اجتماعی,بخش 2,ارزش‌ها,,متوسط,"کدام گزینه پاسخ صحیح این پرسش است؟
ارزش اجتماعی چیست؟",یک قانون فیزیک,واحد اندازه‌گیری,نوع غذا,باور درباره مطلوب و مهم بودن امور,D,ارزش‌ها درباره مطلوبیت و اهمیت امور داوری ایجاد می‌کنند. سؤال بازطراحی‌شده برای تنوع بیشتر آزمون.,ترنم همدلی,original,1405
یازدهم,تجربی,هویت اجتماعی,هویت اجتماعی,بخش 2,ارزش‌ها,,متوسط,"با دقت به پرسش زیر، گزینه درست را مشخص کنید:
ارزش اجتماعی چیست؟",واحد اندازه‌گیری,نوع غذا,باور درباره مطلوب و مهم بودن امور,یک قانون فیزیک,C,ارزش‌ها درباره مطلوبیت و اهمیت امور داوری ایجاد می‌کنند. سؤال بازطراحی‌شده برای تنوع بیشتر آزمون.,ترنم همدلی,original,1405
یازدهم,تجربی,هویت اجتماعی,هویت اجتماعی,بخش 2,ارزش‌ها,,متوسط,"کدام گزینه با صورت سؤال زیر سازگار است؟
ارزش اجتماعی چیست؟",نوع غذا,باور درباره مطلوب و مهم بودن امور,یک قانون فیزیک,واحد اندازه‌گیری,B,ارزش‌ها درباره مطلوبیت و اهمیت امور داوری ایجاد می‌کنند. سؤال بازطراحی‌شده برای تنوع بیشتر آزمون.,ترنم همدلی,original,1405
یازدهم,تجربی,هویت اجتماعی,هویت اجتماعی,بخش 2,ارزش‌ها,,متوسط,"پاسخ صحیح پرسش زیر کدام است؟
ارزش اجتماعی چیست؟",باور درباره مطلوب و مهم بودن امور,یک قانون فیزیک,واحد اندازه‌گیری,نوع غذا,A,ارزش‌ها درباره مطلوبیت و اهمیت امور داوری ایجاد می‌کنند. سؤال بازطراحی‌شده برای تنوع بیشتر آزمون.,ترنم همدلی,original,1405
یازدهم,تجربی,هویت اجتماعی,هویت اجتماعی,بخش 2,ارزش‌ها,,متوسط,"در میان گزینه‌های زیر، پاسخ درست را پیدا کنید:
ارزش اجتماعی چیست؟",یک قانون فیزیک,واحد اندازه‌گیری,نوع غذا,باور درباره مطلوب و مهم بودن امور,D,ارزش‌ها درباره مطلوبیت و اهمیت امور داوری ایجاد می‌کنند. سؤال بازطراحی‌شده برای تنوع بیشتر آزمون.,ترنم همدلی,original,1405
یازدهم,تجربی,هویت اجتماعی,هویت اجتماعی,بخش 2,ارزش‌ها,,متوسط,"کدام گزینه با محتوای سؤال زیر هماهنگ است؟
ارزش اجتماعی چیست؟",واحد اندازه‌گیری,نوع غذا,باور درباره مطلوب و مهم بودن امور,یک قانون فیزیک,C,ارزش‌ها درباره مطلوبیت و اهمیت امور داوری ایجاد می‌کنند. سؤال بازطراحی‌شده برای تنوع بیشتر آزمون.,ترنم همدلی,original,1405
یازدهم,تجربی,هویت اجتماعی,هویت اجتماعی,بخش 2,ارزش‌ها,,متوسط,"با توجه به پرسش زیر، گزینه صحیح را انتخاب کنید:
ارزش اجتماعی چیست؟",نوع غذا,باور درباره مطلوب و مهم بودن امور,یک قانون فیزیک,واحد اندازه‌گیری,B,ارزش‌ها درباره مطلوبیت و اهمیت امور داوری ایجاد می‌کنند. سؤال بازطراحی‌شده برای تنوع بیشتر آزمون.,ترنم همدلی,original,1405
یازدهم,تجربی,هویت اجتماعی,هویت اجتماعی,بخش 2,ارزش‌ها,,متوسط,"کدام گزینه از نظر محتوایی درست است؟
ارزش اجتماعی چیست؟",باور درباره مطلوب و مهم بودن امور,یک قانون فیزیک,واحد اندازه‌گیری,نوع غذا,A,ارزش‌ها درباره مطلوبیت و اهمیت امور داوری ایجاد می‌کنند. سؤال بازطراحی‌شده برای تنوع بیشتر آزمون.,ترنم همدلی,original,1405
یازدهم,تجربی,هویت اجتماعی,هویت اجتماعی,بخش 2,ارزش‌ها,,متوسط,"گزینه درست برای پرسش زیر را مشخص کنید:
ارزش اجتماعی چیست؟",یک قانون فیزیک,واحد اندازه‌گیری,نوع غذا,باور درباره مطلوب و مهم بودن امور,D,ارزش‌ها درباره مطلوبیت و اهمیت امور داوری ایجاد می‌کنند. سؤال بازطراحی‌شده برای تنوع بیشتر آزمون.,ترنم همدلی,original,1405
یازدهم,تجربی,هویت اجتماعی,هویت اجتماعی,بخش 3,نقش اجتماعی,,متوسط,"در سؤال زیر، گزینه درست را انتخاب کنید:
نقش اجتماعی چیست؟",انتظارات رفتاری مرتبط با یک جایگاه,قد فرد,نام خانوادگی,محل تولد,A,نقش مجموعه انتظارات رفتاری از یک جایگاه است. سؤال بازطراحی‌شده برای تنوع بیشتر آزمون.,ترنم همدلی,original,1405
یازدهم,تجربی,هویت اجتماعی,هویت اجتماعی,بخش 3,نقش اجتماعی,,متوسط,"کدام گزینه پاسخ صحیح این پرسش است؟
نقش اجتماعی چیست؟",قد فرد,نام خانوادگی,محل تولد,انتظارات رفتاری مرتبط با یک جایگاه,D,نقش مجموعه انتظارات رفتاری از یک جایگاه است. سؤال بازطراحی‌شده برای تنوع بیشتر آزمون.,ترنم همدلی,original,1405
یازدهم,تجربی,هویت اجتماعی,هویت اجتماعی,بخش 3,نقش اجتماعی,,متوسط,"با دقت به پرسش زیر، گزینه درست را مشخص کنید:
نقش اجتماعی چیست؟",نام خانوادگی,محل تولد,انتظارات رفتاری مرتبط با یک جایگاه,قد فرد,C,نقش مجموعه انتظارات رفتاری از یک جایگاه است. سؤال بازطراحی‌شده برای تنوع بیشتر آزمون.,ترنم همدلی,original,1405
یازدهم,تجربی,هویت اجتماعی,هویت اجتماعی,بخش 3,نقش اجتماعی,,متوسط,"کدام گزینه با صورت سؤال زیر سازگار است؟
نقش اجتماعی چیست؟",محل تولد,انتظارات رفتاری مرتبط با یک جایگاه,قد فرد,نام خانوادگی,B,نقش مجموعه انتظارات رفتاری از یک جایگاه است. سؤال بازطراحی‌شده برای تنوع بیشتر آزمون.,ترنم همدلی,original,1405
یازدهم,تجربی,هویت اجتماعی,هویت اجتماعی,بخش 3,نقش اجتماعی,,متوسط,"پاسخ صحیح پرسش زیر کدام است؟
نقش اجتماعی چیست؟",انتظارات رفتاری مرتبط با یک جایگاه,قد فرد,نام خانوادگی,محل تولد,A,نقش مجموعه انتظارات رفتاری از یک جایگاه است. سؤال بازطراحی‌شده برای تنوع بیشتر آزمون.,ترنم همدلی,original,1405
یازدهم,تجربی,هویت اجتماعی,هویت اجتماعی,بخش 3,نقش اجتماعی,,متوسط,"در میان گزینه‌های زیر، پاسخ درست را پیدا کنید:
نقش اجتماعی چیست؟",قد فرد,نام خانوادگی,محل تولد,انتظارات رفتاری مرتبط با یک جایگاه,D,نقش مجموعه انتظارات رفتاری از یک جایگاه است. سؤال بازطراحی‌شده برای تنوع بیشتر آزمون.,ترنم همدلی,original,1405
یازدهم,تجربی,هویت اجتماعی,هویت اجتماعی,بخش 3,نقش اجتماعی,,متوسط,"کدام گزینه با محتوای سؤال زیر هماهنگ است؟
نقش اجتماعی چیست؟",نام خانوادگی,محل تولد,انتظارات رفتاری مرتبط با یک جایگاه,قد فرد,C,نقش مجموعه انتظارات رفتاری از یک جایگاه است. سؤال بازطراحی‌شده برای تنوع بیشتر آزمون.,ترنم همدلی,original,1405
یازدهم,تجربی,هویت اجتماعی,هویت اجتماعی,بخش 3,نقش اجتماعی,,متوسط,"با توجه به پرسش زیر، گزینه صحیح را انتخاب کنید:
نقش اجتماعی چیست؟",محل تولد,انتظارات رفتاری مرتبط با یک جایگاه,قد فرد,نام خانوادگی,B,نقش مجموعه انتظارات رفتاری از یک جایگاه است. سؤال بازطراحی‌شده برای تنوع بیشتر آزمون.,ترنم همدلی,original,1405
یازدهم,تجربی,هویت اجتماعی,هویت اجتماعی,بخش 3,نقش اجتماعی,,متوسط,"کدام گزینه از نظر محتوایی درست است؟
نقش اجتماعی چیست؟",انتظارات رفتاری مرتبط با یک جایگاه,قد فرد,نام خانوادگی,محل تولد,A,نقش مجموعه انتظارات رفتاری از یک جایگاه است. سؤال بازطراحی‌شده برای تنوع بیشتر آزمون.,ترنم همدلی,original,1405
یازدهم,تجربی,هویت اجتماعی,هویت اجتماعی,بخش 3,نقش اجتماعی,,متوسط,"گزینه درست برای پرسش زیر را مشخص کنید:
نقش اجتماعی چیست؟",قد فرد,نام خانوادگی,محل تولد,انتظارات رفتاری مرتبط با یک جایگاه,D,نقش مجموعه انتظارات رفتاری از یک جایگاه است. سؤال بازطراحی‌شده برای تنوع بیشتر آزمون.,ترنم همدلی,original,1405
یازدهم,تجربی,هویت اجتماعی,هویت اجتماعی,بخش 4,عضویت گروهی,,متوسط,"در سؤال زیر، گزینه درست را انتخاب کنید:
عضویت در گروه چه اثری می‌تواند داشته باشد؟",شکل‌گیری احساس تعلق,حذف کامل هویت فردی,بی‌اثر بودن همیشگی,قطع ارتباط,A,گروه‌ها می‌توانند احساس تعلق و هویت اجتماعی را شکل دهند. سؤال بازطراحی‌شده برای تنوع بیشتر آزمون.,ترنم همدلی,original,1405
یازدهم,تجربی,هویت اجتماعی,هویت اجتماعی,بخش 4,عضویت گروهی,,متوسط,"کدام گزینه پاسخ صحیح این پرسش است؟
عضویت در گروه چه اثری می‌تواند داشته باشد؟",حذف کامل هویت فردی,بی‌اثر بودن همیشگی,قطع ارتباط,شکل‌گیری احساس تعلق,D,گروه‌ها می‌توانند احساس تعلق و هویت اجتماعی را شکل دهند. سؤال بازطراحی‌شده برای تنوع بیشتر آزمون.,ترنم همدلی,original,1405
یازدهم,تجربی,هویت اجتماعی,هویت اجتماعی,بخش 4,عضویت گروهی,,متوسط,"با دقت به پرسش زیر، گزینه درست را مشخص کنید:
عضویت در گروه چه اثری می‌تواند داشته باشد؟",بی‌اثر بودن همیشگی,قطع ارتباط,شکل‌گیری احساس تعلق,حذف کامل هویت فردی,C,گروه‌ها می‌توانند احساس تعلق و هویت اجتماعی را شکل دهند. سؤال بازطراحی‌شده برای تنوع بیشتر آزمون.,ترنم همدلی,original,1405
یازدهم,تجربی,هویت اجتماعی,هویت اجتماعی,بخش 4,عضویت گروهی,,متوسط,"کدام گزینه با صورت سؤال زیر سازگار است؟
عضویت در گروه چه اثری می‌تواند داشته باشد؟",قطع ارتباط,شکل‌گیری احساس تعلق,حذف کامل هویت فردی,بی‌اثر بودن همیشگی,B,گروه‌ها می‌توانند احساس تعلق و هویت اجتماعی را شکل دهند. سؤال بازطراحی‌شده برای تنوع بیشتر آزمون.,ترنم همدلی,original,1405
یازدهم,تجربی,هویت اجتماعی,هویت اجتماعی,بخش 4,عضویت گروهی,,متوسط,"پاسخ صحیح پرسش زیر کدام است؟
عضویت در گروه چه اثری می‌تواند داشته باشد؟",شکل‌گیری احساس تعلق,حذف کامل هویت فردی,بی‌اثر بودن همیشگی,قطع ارتباط,A,گروه‌ها می‌توانند احساس تعلق و هویت اجتماعی را شکل دهند. سؤال بازطراحی‌شده برای تنوع بیشتر آزمون.,ترنم همدلی,original,1405
یازدهم,تجربی,هویت اجتماعی,هویت اجتماعی,بخش 4,عضویت گروهی,,متوسط,"در میان گزینه‌های زیر، پاسخ درست را پیدا کنید:
عضویت در گروه چه اثری می‌تواند داشته باشد؟",حذف کامل هویت فردی,بی‌اثر بودن همیشگی,قطع ارتباط,شکل‌گیری احساس تعلق,D,گروه‌ها می‌توانند احساس تعلق و هویت اجتماعی را شکل دهند. سؤال بازطراحی‌شده برای تنوع بیشتر آزمون.,ترنم همدلی,original,1405
یازدهم,تجربی,هویت اجتماعی,هویت اجتماعی,بخش 4,عضویت گروهی,,متوسط,"کدام گزینه با محتوای سؤال زیر هماهنگ است؟
عضویت در گروه چه اثری می‌تواند داشته باشد؟",بی‌اثر بودن همیشگی,قطع ارتباط,شکل‌گیری احساس تعلق,حذف کامل هویت فردی,C,گروه‌ها می‌توانند احساس تعلق و هویت اجتماعی را شکل دهند. سؤال بازطراحی‌شده برای تنوع بیشتر آزمون.,ترنم همدلی,original,1405
یازدهم,تجربی,هویت اجتماعی,هویت اجتماعی,بخش 4,عضویت گروهی,,متوسط,"با توجه به پرسش زیر، گزینه صحیح را انتخاب کنید:
عضویت در گروه چه اثری می‌تواند داشته باشد؟",قطع ارتباط,شکل‌گیری احساس تعلق,حذف کامل هویت فردی,بی‌اثر بودن همیشگی,B,گروه‌ها می‌توانند احساس تعلق و هویت اجتماعی را شکل دهند. سؤال بازطراحی‌شده برای تنوع بیشتر آزمون.,ترنم همدلی,original,1405
یازدهم,تجربی,هویت اجتماعی,هویت اجتماعی,بخش 4,عضویت گروهی,,متوسط,"کدام گزینه از نظر محتوایی درست است؟
عضویت در گروه چه اثری می‌تواند داشته باشد؟",شکل‌گیری احساس تعلق,حذف کامل هویت فردی,بی‌اثر بودن همیشگی,قطع ارتباط,A,گروه‌ها می‌توانند احساس تعلق و هویت اجتماعی را شکل دهند. سؤال بازطراحی‌شده برای تنوع بیشتر آزمون.,ترنم همدلی,original,1405
یازدهم,تجربی,هویت اجتماعی,هویت اجتماعی,بخش 4,عضویت گروهی,,متوسط,"گزینه درست برای پرسش زیر را مشخص کنید:
عضویت در گروه چه اثری می‌تواند داشته باشد؟",حذف کامل هویت فردی,بی‌اثر بودن همیشگی,قطع ارتباط,شکل‌گیری احساس تعلق,D,گروه‌ها می‌توانند احساس تعلق و هویت اجتماعی را شکل دهند. سؤال بازطراحی‌شده برای تنوع بیشتر آزمون.,ترنم همدلی,original,1405
یازدهم,تجربی,هویت اجتماعی,هویت اجتماعی,بخش 5,مسئولیت اجتماعی,,متوسط,"در سؤال زیر، گزینه درست را انتخاب کنید:
نمونه مسئولیت اجتماعی کدام است؟",رعایت حقوق دیگران,تخریب اموال عمومی,بی‌توجهی به قانون,انتشار شایعه,A,مسئولیت اجتماعی با رعایت حقوق و منافع عمومی مرتبط است. سؤال بازطراحی‌شده برای تنوع بیشتر آزمون.,ترنم همدلی,original,1405
یازدهم,تجربی,هویت اجتماعی,هویت اجتماعی,بخش 5,مسئولیت اجتماعی,,متوسط,"کدام گزینه پاسخ صحیح این پرسش است؟
نمونه مسئولیت اجتماعی کدام است؟",تخریب اموال عمومی,بی‌توجهی به قانون,انتشار شایعه,رعایت حقوق دیگران,D,مسئولیت اجتماعی با رعایت حقوق و منافع عمومی مرتبط است. سؤال بازطراحی‌شده برای تنوع بیشتر آزمون.,ترنم همدلی,original,1405
یازدهم,تجربی,هویت اجتماعی,هویت اجتماعی,بخش 5,مسئولیت اجتماعی,,متوسط,"با دقت به پرسش زیر، گزینه درست را مشخص کنید:
نمونه مسئولیت اجتماعی کدام است؟",بی‌توجهی به قانون,انتشار شایعه,رعایت حقوق دیگران,تخریب اموال عمومی,C,مسئولیت اجتماعی با رعایت حقوق و منافع عمومی مرتبط است. سؤال بازطراحی‌شده برای تنوع بیشتر آزمون.,ترنم همدلی,original,1405
یازدهم,تجربی,هویت اجتماعی,هویت اجتماعی,بخش 5,مسئولیت اجتماعی,,متوسط,"کدام گزینه با صورت سؤال زیر سازگار است؟
نمونه مسئولیت اجتماعی کدام است؟",انتشار شایعه,رعایت حقوق دیگران,تخریب اموال عمومی,بی‌توجهی به قانون,B,مسئولیت اجتماعی با رعایت حقوق و منافع عمومی مرتبط است. سؤال بازطراحی‌شده برای تنوع بیشتر آزمون.,ترنم همدلی,original,1405
یازدهم,تجربی,هویت اجتماعی,هویت اجتماعی,بخش 5,مسئولیت اجتماعی,,متوسط,"پاسخ صحیح پرسش زیر کدام است؟
نمونه مسئولیت اجتماعی کدام است؟",رعایت حقوق دیگران,تخریب اموال عمومی,بی‌توجهی به قانون,انتشار شایعه,A,مسئولیت اجتماعی با رعایت حقوق و منافع عمومی مرتبط است. سؤال بازطراحی‌شده برای تنوع بیشتر آزمون.,ترنم همدلی,original,1405
یازدهم,تجربی,هویت اجتماعی,هویت اجتماعی,بخش 5,مسئولیت اجتماعی,,متوسط,"در میان گزینه‌های زیر، پاسخ درست را پیدا کنید:
نمونه مسئولیت اجتماعی کدام است؟",تخریب اموال عمومی,بی‌توجهی به قانون,انتشار شایعه,رعایت حقوق دیگران,D,مسئولیت اجتماعی با رعایت حقوق و منافع عمومی مرتبط است. سؤال بازطراحی‌شده برای تنوع بیشتر آزمون.,ترنم همدلی,original,1405
یازدهم,تجربی,هویت اجتماعی,هویت اجتماعی,بخش 5,مسئولیت اجتماعی,,متوسط,"کدام گزینه با محتوای سؤال زیر هماهنگ است؟
نمونه مسئولیت اجتماعی کدام است؟",بی‌توجهی به قانون,انتشار شایعه,رعایت حقوق دیگران,تخریب اموال عمومی,C,مسئولیت اجتماعی با رعایت حقوق و منافع عمومی مرتبط است. سؤال بازطراحی‌شده برای تنوع بیشتر آزمون.,ترنم همدلی,original,1405
یازدهم,تجربی,هویت اجتماعی,هویت اجتماعی,بخش 5,مسئولیت اجتماعی,,متوسط,"با توجه به پرسش زیر، گزینه صحیح را انتخاب کنید:
نمونه مسئولیت اجتماعی کدام است؟",انتشار شایعه,رعایت حقوق دیگران,تخریب اموال عمومی,بی‌توجهی به قانون,B,مسئولیت اجتماعی با رعایت حقوق و منافع عمومی مرتبط است. سؤال بازطراحی‌شده برای تنوع بیشتر آزمون.,ترنم همدلی,original,1405
یازدهم,تجربی,هویت اجتماعی,هویت اجتماعی,بخش 5,مسئولیت اجتماعی,,متوسط,"کدام گزینه از نظر محتوایی درست است؟
نمونه مسئولیت اجتماعی کدام است؟",رعایت حقوق دیگران,تخریب اموال عمومی,بی‌توجهی به قانون,انتشار شایعه,A,مسئولیت اجتماعی با رعایت حقوق و منافع عمومی مرتبط است. سؤال بازطراحی‌شده برای تنوع بیشتر آزمون.,ترنم همدلی,original,1405
یازدهم,تجربی,هویت اجتماعی,هویت اجتماعی,بخش 5,مسئولیت اجتماعی,,متوسط,"گزینه درست برای پرسش زیر را مشخص کنید:
نمونه مسئولیت اجتماعی کدام است؟",تخریب اموال عمومی,بی‌توجهی به قانون,انتشار شایعه,رعایت حقوق دیگران,D,مسئولیت اجتماعی با رعایت حقوق و منافع عمومی مرتبط است. سؤال بازطراحی‌شده برای تنوع بیشتر آزمون.,ترنم همدلی,original,1405
یازدهم,تجربی,هویت اجتماعی,هویت اجتماعی,بخش 6,رسانه,,متوسط,"در سؤال زیر، گزینه درست را انتخاب کنید:
رسانه‌ها چگونه می‌توانند بر هویت اثر بگذارند؟",با انتقال الگوها و ارزش‌ها,فقط با تغییر دما,بدون هیچ اثر ممکن,فقط با کاهش جمعیت,A,رسانه‌ها در انتقال الگوها، ارزش‌ها و سبک زندگی نقش دارند. سؤال بازطراحی‌شده برای تنوع بیشتر آزمون.,ترنم همدلی,original,1405
یازدهم,تجربی,هویت اجتماعی,هویت اجتماعی,بخش 6,رسانه,,متوسط,"کدام گزینه پاسخ صحیح این پرسش است؟
رسانه‌ها چگونه می‌توانند بر هویت اثر بگذارند؟",فقط با تغییر دما,بدون هیچ اثر ممکن,فقط با کاهش جمعیت,با انتقال الگوها و ارزش‌ها,D,رسانه‌ها در انتقال الگوها، ارزش‌ها و سبک زندگی نقش دارند. سؤال بازطراحی‌شده برای تنوع بیشتر آزمون.,ترنم همدلی,original,1405
یازدهم,تجربی,هویت اجتماعی,هویت اجتماعی,بخش 6,رسانه,,متوسط,"با دقت به پرسش زیر، گزینه درست را مشخص کنید:
رسانه‌ها چگونه می‌توانند بر هویت اثر بگذارند؟",بدون هیچ اثر ممکن,فقط با کاهش جمعیت,با انتقال الگوها و ارزش‌ها,فقط با تغییر دما,C,رسانه‌ها در انتقال الگوها، ارزش‌ها و سبک زندگی نقش دارند. سؤال بازطراحی‌شده برای تنوع بیشتر آزمون.,ترنم همدلی,original,1405
یازدهم,تجربی,هویت اجتماعی,هویت اجتماعی,بخش 6,رسانه,,متوسط,"کدام گزینه با صورت سؤال زیر سازگار است؟
رسانه‌ها چگونه می‌توانند بر هویت اثر بگذارند؟",فقط با کاهش جمعیت,با انتقال الگوها و ارزش‌ها,فقط با تغییر دما,بدون هیچ اثر ممکن,B,رسانه‌ها در انتقال الگوها، ارزش‌ها و سبک زندگی نقش دارند. سؤال بازطراحی‌شده برای تنوع بیشتر آزمون.,ترنم همدلی,original,1405
یازدهم,تجربی,هویت اجتماعی,هویت اجتماعی,بخش 6,رسانه,,متوسط,"پاسخ صحیح پرسش زیر کدام است؟
رسانه‌ها چگونه می‌توانند بر هویت اثر بگذارند؟",با انتقال الگوها و ارزش‌ها,فقط با تغییر دما,بدون هیچ اثر ممکن,فقط با کاهش جمعیت,A,رسانه‌ها در انتقال الگوها، ارزش‌ها و سبک زندگی نقش دارند. سؤال بازطراحی‌شده برای تنوع بیشتر آزمون.,ترنم همدلی,original,1405
یازدهم,تجربی,هویت اجتماعی,هویت اجتماعی,بخش 6,رسانه,,متوسط,"در میان گزینه‌های زیر، پاسخ درست را پیدا کنید:
رسانه‌ها چگونه می‌توانند بر هویت اثر بگذارند؟",فقط با تغییر دما,بدون هیچ اثر ممکن,فقط با کاهش جمعیت,با انتقال الگوها و ارزش‌ها,D,رسانه‌ها در انتقال الگوها، ارزش‌ها و سبک زندگی نقش دارند. سؤال بازطراحی‌شده برای تنوع بیشتر آزمون.,ترنم همدلی,original,1405
یازدهم,تجربی,هویت اجتماعی,هویت اجتماعی,بخش 6,رسانه,,متوسط,"کدام گزینه با محتوای سؤال زیر هماهنگ است؟
رسانه‌ها چگونه می‌توانند بر هویت اثر بگذارند؟",بدون هیچ اثر ممکن,فقط با کاهش جمعیت,با انتقال الگوها و ارزش‌ها,فقط با تغییر دما,C,رسانه‌ها در انتقال الگوها، ارزش‌ها و سبک زندگی نقش دارند. سؤال بازطراحی‌شده برای تنوع بیشتر آزمون.,ترنم همدلی,original,1405
یازدهم,تجربی,هویت اجتماعی,هویت اجتماعی,بخش 6,رسانه,,متوسط,"با توجه به پرسش زیر، گزینه صحیح را انتخاب کنید:
رسانه‌ها چگونه می‌توانند بر هویت اثر بگذارند؟",فقط با کاهش جمعیت,با انتقال الگوها و ارزش‌ها,فقط با تغییر دما,بدون هیچ اثر ممکن,B,رسانه‌ها در انتقال الگوها، ارزش‌ها و سبک زندگی نقش دارند. سؤال بازطراحی‌شده برای تنوع بیشتر آزمون.,ترنم همدلی,original,1405
یازدهم,تجربی,هویت اجتماعی,هویت اجتماعی,بخش 6,رسانه,,متوسط,"کدام گزینه از نظر محتوایی درست است؟
رسانه‌ها چگونه می‌توانند بر هویت اثر بگذارند؟",با انتقال الگوها و ارزش‌ها,فقط با تغییر دما,بدون هیچ اثر ممکن,فقط با کاهش جمعیت,A,رسانه‌ها در انتقال الگوها، ارزش‌ها و سبک زندگی نقش دارند. سؤال بازطراحی‌شده برای تنوع بیشتر آزمون.,ترنم همدلی,original,1405
یازدهم,تجربی,هویت اجتماعی,هویت اجتماعی,بخش 6,رسانه,,متوسط,"گزینه درست برای پرسش زیر را مشخص کنید:
رسانه‌ها چگونه می‌توانند بر هویت اثر بگذارند؟",فقط با تغییر دما,بدون هیچ اثر ممکن,فقط با کاهش جمعیت,با انتقال الگوها و ارزش‌ها,D,رسانه‌ها در انتقال الگوها، ارزش‌ها و سبک زندگی نقش دارند. سؤال بازطراحی‌شده برای تنوع بیشتر آزمون.,ترنم همدلی,original,1405
یازدهم,ریاضی,سلامت و بهداشت,سلامت و بهداشت,بخش 1,سلامت جسم,,متوسط,"در سؤال زیر، گزینه درست را انتخاب کنید:
کدام عامل در سلامت جسم نقش مستقیم دارد؟",فعالیت بدنی منظم,کم‌خوابی مداوم,کم‌تحرکی,مصرف بی‌رویه قند,A,فعالیت بدنی منظم از عوامل مهم سلامت جسم است. سؤال بازطراحی‌شده برای تنوع بیشتر آزمون.,ترنم همدلی,original,1405
یازدهم,ریاضی,سلامت و بهداشت,سلامت و بهداشت,بخش 1,سلامت جسم,,متوسط,"کدام گزینه پاسخ صحیح این پرسش است؟
کدام عامل در سلامت جسم نقش مستقیم دارد؟",کم‌خوابی مداوم,کم‌تحرکی,مصرف بی‌رویه قند,فعالیت بدنی منظم,D,فعالیت بدنی منظم از عوامل مهم سلامت جسم است. سؤال بازطراحی‌شده برای تنوع بیشتر آزمون.,ترنم همدلی,original,1405
یازدهم,ریاضی,سلامت و بهداشت,سلامت و بهداشت,بخش 1,سلامت جسم,,متوسط,"با دقت به پرسش زیر، گزینه درست را مشخص کنید:
کدام عامل در سلامت جسم نقش مستقیم دارد؟",کم‌تحرکی,مصرف بی‌رویه قند,فعالیت بدنی منظم,کم‌خوابی مداوم,C,فعالیت بدنی منظم از عوامل مهم سلامت جسم است. سؤال بازطراحی‌شده برای تنوع بیشتر آزمون.,ترنم همدلی,original,1405
یازدهم,ریاضی,سلامت و بهداشت,سلامت و بهداشت,بخش 1,سلامت جسم,,متوسط,"کدام گزینه با صورت سؤال زیر سازگار است؟
کدام عامل در سلامت جسم نقش مستقیم دارد؟",مصرف بی‌رویه قند,فعالیت بدنی منظم,کم‌خوابی مداوم,کم‌تحرکی,B,فعالیت بدنی منظم از عوامل مهم سلامت جسم است. سؤال بازطراحی‌شده برای تنوع بیشتر آزمون.,ترنم همدلی,original,1405
یازدهم,ریاضی,سلامت و بهداشت,سلامت و بهداشت,بخش 1,سلامت جسم,,متوسط,"پاسخ صحیح پرسش زیر کدام است؟
کدام عامل در سلامت جسم نقش مستقیم دارد؟",فعالیت بدنی منظم,کم‌خوابی مداوم,کم‌تحرکی,مصرف بی‌رویه قند,A,فعالیت بدنی منظم از عوامل مهم سلامت جسم است. سؤال بازطراحی‌شده برای تنوع بیشتر آزمون.,ترنم همدلی,original,1405
یازدهم,ریاضی,سلامت و بهداشت,سلامت و بهداشت,بخش 1,سلامت جسم,,متوسط,"در میان گزینه‌های زیر، پاسخ درست را پیدا کنید:
کدام عامل در سلامت جسم نقش مستقیم دارد؟",کم‌خوابی مداوم,کم‌تحرکی,مصرف بی‌رویه قند,فعالیت بدنی منظم,D,فعالیت بدنی منظم از عوامل مهم سلامت جسم است. سؤال بازطراحی‌شده برای تنوع بیشتر آزمون.,ترنم همدلی,original,1405
یازدهم,ریاضی,سلامت و بهداشت,سلامت و بهداشت,بخش 1,سلامت جسم,,متوسط,"کدام گزینه با محتوای سؤال زیر هماهنگ است؟
کدام عامل در سلامت جسم نقش مستقیم دارد؟",کم‌تحرکی,مصرف بی‌رویه قند,فعالیت بدنی منظم,کم‌خوابی مداوم,C,فعالیت بدنی منظم از عوامل مهم سلامت جسم است. سؤال بازطراحی‌شده برای تنوع بیشتر آزمون.,ترنم همدلی,original,1405
یازدهم,ریاضی,سلامت و بهداشت,سلامت و بهداشت,بخش 1,سلامت جسم,,متوسط,"با توجه به پرسش زیر، گزینه صحیح را انتخاب کنید:
کدام عامل در سلامت جسم نقش مستقیم دارد؟",مصرف بی‌رویه قند,فعالیت بدنی منظم,کم‌خوابی مداوم,کم‌تحرکی,B,فعالیت بدنی منظم از عوامل مهم سلامت جسم است. سؤال بازطراحی‌شده برای تنوع بیشتر آزمون.,ترنم همدلی,original,1405
یازدهم,ریاضی,سلامت و بهداشت,سلامت و بهداشت,بخش 1,سلامت جسم,,متوسط,"کدام گزینه از نظر محتوایی درست است؟
کدام عامل در سلامت جسم نقش مستقیم دارد؟",فعالیت بدنی منظم,کم‌خوابی مداوم,کم‌تحرکی,مصرف بی‌رویه قند,A,فعالیت بدنی منظم از عوامل مهم سلامت جسم است. سؤال بازطراحی‌شده برای تنوع بیشتر آزمون.,ترنم همدلی,original,1405
یازدهم,ریاضی,سلامت و بهداشت,سلامت و بهداشت,بخش 1,سلامت جسم,,متوسط,"گزینه درست برای پرسش زیر را مشخص کنید:
کدام عامل در سلامت جسم نقش مستقیم دارد؟",کم‌خوابی مداوم,کم‌تحرکی,مصرف بی‌رویه قند,فعالیت بدنی منظم,D,فعالیت بدنی منظم از عوامل مهم سلامت جسم است. سؤال بازطراحی‌شده برای تنوع بیشتر آزمون.,ترنم همدلی,original,1405
یازدهم,ریاضی,سلامت و بهداشت,سلامت و بهداشت,بخش 2,تغذیه,,متوسط,"در سؤال زیر، گزینه درست را انتخاب کنید:
کدام گزینه منبع مناسب پروتئین است؟",تخم‌مرغ,نوشابه,شکر,نمک,A,تخم‌مرغ منبع پروتئین است. سؤال بازطراحی‌شده برای تنوع بیشتر آزمون.,ترنم همدلی,original,1405
یازدهم,ریاضی,سلامت و بهداشت,سلامت و بهداشت,بخش 2,تغذیه,,متوسط,"کدام گزینه پاسخ صحیح این پرسش است؟
کدام گزینه منبع مناسب پروتئین است؟",نوشابه,شکر,نمک,تخم‌مرغ,D,تخم‌مرغ منبع پروتئین است. سؤال بازطراحی‌شده برای تنوع بیشتر آزمون.,ترنم همدلی,original,1405
یازدهم,ریاضی,سلامت و بهداشت,سلامت و بهداشت,بخش 2,تغذیه,,متوسط,"با دقت به پرسش زیر، گزینه درست را مشخص کنید:
کدام گزینه منبع مناسب پروتئین است؟",شکر,نمک,تخم‌مرغ,نوشابه,C,تخم‌مرغ منبع پروتئین است. سؤال بازطراحی‌شده برای تنوع بیشتر آزمون.,ترنم همدلی,original,1405
یازدهم,ریاضی,سلامت و بهداشت,سلامت و بهداشت,بخش 2,تغذیه,,متوسط,"کدام گزینه با صورت سؤال زیر سازگار است؟
کدام گزینه منبع مناسب پروتئین است؟",نمک,تخم‌مرغ,نوشابه,شکر,B,تخم‌مرغ منبع پروتئین است. سؤال بازطراحی‌شده برای تنوع بیشتر آزمون.,ترنم همدلی,original,1405
یازدهم,ریاضی,سلامت و بهداشت,سلامت و بهداشت,بخش 2,تغذیه,,متوسط,"پاسخ صحیح پرسش زیر کدام است؟
کدام گزینه منبع مناسب پروتئین است؟",تخم‌مرغ,نوشابه,شکر,نمک,A,تخم‌مرغ منبع پروتئین است. سؤال بازطراحی‌شده برای تنوع بیشتر آزمون.,ترنم همدلی,original,1405
یازدهم,ریاضی,سلامت و بهداشت,سلامت و بهداشت,بخش 2,تغذیه,,متوسط,"در میان گزینه‌های زیر، پاسخ درست را پیدا کنید:
کدام گزینه منبع مناسب پروتئین است؟",نوشابه,شکر,نمک,تخم‌مرغ,D,تخم‌مرغ منبع پروتئین است. سؤال بازطراحی‌شده برای تنوع بیشتر آزمون.,ترنم همدلی,original,1405
یازدهم,ریاضی,سلامت و بهداشت,سلامت و بهداشت,بخش 2,تغذیه,,متوسط,"کدام گزینه با محتوای سؤال زیر هماهنگ است؟
کدام گزینه منبع مناسب پروتئین است؟",شکر,نمک,تخم‌مرغ,نوشابه,C,تخم‌مرغ منبع پروتئین است. سؤال بازطراحی‌شده برای تنوع بیشتر آزمون.,ترنم همدلی,original,1405
یازدهم,ریاضی,سلامت و بهداشت,سلامت و بهداشت,بخش 2,تغذیه,,متوسط,"با توجه به پرسش زیر، گزینه صحیح را انتخاب کنید:
کدام گزینه منبع مناسب پروتئین است؟",نمک,تخم‌مرغ,نوشابه,شکر,B,تخم‌مرغ منبع پروتئین است. سؤال بازطراحی‌شده برای تنوع بیشتر آزمون.,ترنم همدلی,original,1405
یازدهم,ریاضی,سلامت و بهداشت,سلامت و بهداشت,بخش 2,تغذیه,,متوسط,"کدام گزینه از نظر محتوایی درست است؟
کدام گزینه منبع مناسب پروتئین است؟",تخم‌مرغ,نوشابه,شکر,نمک,A,تخم‌مرغ منبع پروتئین است. سؤال بازطراحی‌شده برای تنوع بیشتر آزمون.,ترنم همدلی,original,1405
یازدهم,ریاضی,سلامت و بهداشت,سلامت و بهداشت,بخش 2,تغذیه,,متوسط,"گزینه درست برای پرسش زیر را مشخص کنید:
کدام گزینه منبع مناسب پروتئین است؟",نوشابه,شکر,نمک,تخم‌مرغ,D,تخم‌مرغ منبع پروتئین است. سؤال بازطراحی‌شده برای تنوع بیشتر آزمون.,ترنم همدلی,original,1405
یازدهم,ریاضی,سلامت و بهداشت,سلامت و بهداشت,بخش 3,خواب,,متوسط,"در سؤال زیر، گزینه درست را انتخاب کنید:
خواب کافی چه اثری دارد؟",بهبود توجه و یادگیری,کاهش تمرکز,افزایش خستگی,اختلال حافظه,A,خواب کافی به عملکرد شناختی کمک می‌کند. سؤال بازطراحی‌شده برای تنوع بیشتر آزمون.,ترنم همدلی,original,1405
یازدهم,ریاضی,سلامت و بهداشت,سلامت و بهداشت,بخش 3,خواب,,متوسط,"کدام گزینه پاسخ صحیح این پرسش است؟
خواب کافی چه اثری دارد؟",کاهش تمرکز,افزایش خستگی,اختلال حافظه,بهبود توجه و یادگیری,D,خواب کافی به عملکرد شناختی کمک می‌کند. سؤال بازطراحی‌شده برای تنوع بیشتر آزمون.,ترنم همدلی,original,1405
یازدهم,ریاضی,سلامت و بهداشت,سلامت و بهداشت,بخش 3,خواب,,متوسط,"با دقت به پرسش زیر، گزینه درست را مشخص کنید:
خواب کافی چه اثری دارد؟",افزایش خستگی,اختلال حافظه,بهبود توجه و یادگیری,کاهش تمرکز,C,خواب کافی به عملکرد شناختی کمک می‌کند. سؤال بازطراحی‌شده برای تنوع بیشتر آزمون.,ترنم همدلی,original,1405
یازدهم,ریاضی,سلامت و بهداشت,سلامت و بهداشت,بخش 3,خواب,,متوسط,"کدام گزینه با صورت سؤال زیر سازگار است؟
خواب کافی چه اثری دارد؟",اختلال حافظه,بهبود توجه و یادگیری,کاهش تمرکز,افزایش خستگی,B,خواب کافی به عملکرد شناختی کمک می‌کند. سؤال بازطراحی‌شده برای تنوع بیشتر آزمون.,ترنم همدلی,original,1405
یازدهم,ریاضی,سلامت و بهداشت,سلامت و بهداشت,بخش 3,خواب,,متوسط,"پاسخ صحیح پرسش زیر کدام است؟
خواب کافی چه اثری دارد؟",بهبود توجه و یادگیری,کاهش تمرکز,افزایش خستگی,اختلال حافظه,A,خواب کافی به عملکرد شناختی کمک می‌کند. سؤال بازطراحی‌شده برای تنوع بیشتر آزمون.,ترنم همدلی,original,1405
یازدهم,ریاضی,سلامت و بهداشت,سلامت و بهداشت,بخش 3,خواب,,متوسط,"در میان گزینه‌های زیر، پاسخ درست را پیدا کنید:
خواب کافی چه اثری دارد؟",کاهش تمرکز,افزایش خستگی,اختلال حافظه,بهبود توجه و یادگیری,D,خواب کافی به عملکرد شناختی کمک می‌کند. سؤال بازطراحی‌شده برای تنوع بیشتر آزمون.,ترنم همدلی,original,1405
یازدهم,ریاضی,سلامت و بهداشت,سلامت و بهداشت,بخش 3,خواب,,متوسط,"کدام گزینه با محتوای سؤال زیر هماهنگ است؟
خواب کافی چه اثری دارد؟",افزایش خستگی,اختلال حافظه,بهبود توجه و یادگیری,کاهش تمرکز,C,خواب کافی به عملکرد شناختی کمک می‌کند. سؤال بازطراحی‌شده برای تنوع بیشتر آزمون.,ترنم همدلی,original,1405
یازدهم,ریاضی,سلامت و بهداشت,سلامت و بهداشت,بخش 3,خواب,,متوسط,"با توجه به پرسش زیر، گزینه صحیح را انتخاب کنید:
خواب کافی چه اثری دارد؟",اختلال حافظه,بهبود توجه و یادگیری,کاهش تمرکز,افزایش خستگی,B,خواب کافی به عملکرد شناختی کمک می‌کند. سؤال بازطراحی‌شده برای تنوع بیشتر آزمون.,ترنم همدلی,original,1405
یازدهم,ریاضی,سلامت و بهداشت,سلامت و بهداشت,بخش 3,خواب,,متوسط,"کدام گزینه از نظر محتوایی درست است؟
خواب کافی چه اثری دارد؟",بهبود توجه و یادگیری,کاهش تمرکز,افزایش خستگی,اختلال حافظه,A,خواب کافی به عملکرد شناختی کمک می‌کند. سؤال بازطراحی‌شده برای تنوع بیشتر آزمون.,ترنم همدلی,original,1405
یازدهم,ریاضی,سلامت و بهداشت,سلامت و بهداشت,بخش 3,خواب,,متوسط,"گزینه درست برای پرسش زیر را مشخص کنید:
خواب کافی چه اثری دارد؟",کاهش تمرکز,افزایش خستگی,اختلال حافظه,بهبود توجه و یادگیری,D,خواب کافی به عملکرد شناختی کمک می‌کند. سؤال بازطراحی‌شده برای تنوع بیشتر آزمون.,ترنم همدلی,original,1405
یازدهم,ریاضی,سلامت و بهداشت,سلامت و بهداشت,بخش 4,سلامت روان,,متوسط,"در سؤال زیر، گزینه درست را انتخاب کنید:
کدام رفتار برای مدیریت استرس مناسب‌تر است؟",برنامه‌ریزی و فعالیت بدنی,حذف خواب,انزوا,مصرف خودسرانه دارو,A,برنامه‌ریزی و فعالیت بدنی از راهکارهای سالم مدیریت استرس‌اند. سؤال بازطراحی‌شده برای تنوع بیشتر آزمون.,ترنم همدلی,original,1405
یازدهم,ریاضی,سلامت و بهداشت,سلامت و بهداشت,بخش 4,سلامت روان,,متوسط,"کدام گزینه پاسخ صحیح این پرسش است؟
کدام رفتار برای مدیریت استرس مناسب‌تر است؟",حذف خواب,انزوا,مصرف خودسرانه دارو,برنامه‌ریزی و فعالیت بدنی,D,برنامه‌ریزی و فعالیت بدنی از راهکارهای سالم مدیریت استرس‌اند. سؤال بازطراحی‌شده برای تنوع بیشتر آزمون.,ترنم همدلی,original,1405
یازدهم,ریاضی,سلامت و بهداشت,سلامت و بهداشت,بخش 4,سلامت روان,,متوسط,"با دقت به پرسش زیر، گزینه درست را مشخص کنید:
کدام رفتار برای مدیریت استرس مناسب‌تر است؟",انزوا,مصرف خودسرانه دارو,برنامه‌ریزی و فعالیت بدنی,حذف خواب,C,برنامه‌ریزی و فعالیت بدنی از راهکارهای سالم مدیریت استرس‌اند. سؤال بازطراحی‌شده برای تنوع بیشتر آزمون.,ترنم همدلی,original,1405
یازدهم,ریاضی,سلامت و بهداشت,سلامت و بهداشت,بخش 4,سلامت روان,,متوسط,"کدام گزینه با صورت سؤال زیر سازگار است؟
کدام رفتار برای مدیریت استرس مناسب‌تر است؟",مصرف خودسرانه دارو,برنامه‌ریزی و فعالیت بدنی,حذف خواب,انزوا,B,برنامه‌ریزی و فعالیت بدنی از راهکارهای سالم مدیریت استرس‌اند. سؤال بازطراحی‌شده برای تنوع بیشتر آزمون.,ترنم همدلی,original,1405
یازدهم,ریاضی,سلامت و بهداشت,سلامت و بهداشت,بخش 4,سلامت روان,,متوسط,"پاسخ صحیح پرسش زیر کدام است؟
کدام رفتار برای مدیریت استرس مناسب‌تر است؟",برنامه‌ریزی و فعالیت بدنی,حذف خواب,انزوا,مصرف خودسرانه دارو,A,برنامه‌ریزی و فعالیت بدنی از راهکارهای سالم مدیریت استرس‌اند. سؤال بازطراحی‌شده برای تنوع بیشتر آزمون.,ترنم همدلی,original,1405
یازدهم,ریاضی,سلامت و بهداشت,سلامت و بهداشت,بخش 4,سلامت روان,,متوسط,"در میان گزینه‌های زیر، پاسخ درست را پیدا کنید:
کدام رفتار برای مدیریت استرس مناسب‌تر است؟",حذف خواب,انزوا,مصرف خودسرانه دارو,برنامه‌ریزی و فعالیت بدنی,D,برنامه‌ریزی و فعالیت بدنی از راهکارهای سالم مدیریت استرس‌اند. سؤال بازطراحی‌شده برای تنوع بیشتر آزمون.,ترنم همدلی,original,1405
یازدهم,ریاضی,سلامت و بهداشت,سلامت و بهداشت,بخش 4,سلامت روان,,متوسط,"کدام گزینه با محتوای سؤال زیر هماهنگ است؟
کدام رفتار برای مدیریت استرس مناسب‌تر است؟",انزوا,مصرف خودسرانه دارو,برنامه‌ریزی و فعالیت بدنی,حذف خواب,C,برنامه‌ریزی و فعالیت بدنی از راهکارهای سالم مدیریت استرس‌اند. سؤال بازطراحی‌شده برای تنوع بیشتر آزمون.,ترنم همدلی,original,1405
یازدهم,ریاضی,سلامت و بهداشت,سلامت و بهداشت,بخش 4,سلامت روان,,متوسط,"با توجه به پرسش زیر، گزینه صحیح را انتخاب کنید:
کدام رفتار برای مدیریت استرس مناسب‌تر است؟",مصرف خودسرانه دارو,برنامه‌ریزی و فعالیت بدنی,حذف خواب,انزوا,B,برنامه‌ریزی و فعالیت بدنی از راهکارهای سالم مدیریت استرس‌اند. سؤال بازطراحی‌شده برای تنوع بیشتر آزمون.,ترنم همدلی,original,1405
یازدهم,ریاضی,سلامت و بهداشت,سلامت و بهداشت,بخش 4,سلامت روان,,متوسط,"کدام گزینه از نظر محتوایی درست است؟
کدام رفتار برای مدیریت استرس مناسب‌تر است؟",برنامه‌ریزی و فعالیت بدنی,حذف خواب,انزوا,مصرف خودسرانه دارو,A,برنامه‌ریزی و فعالیت بدنی از راهکارهای سالم مدیریت استرس‌اند. سؤال بازطراحی‌شده برای تنوع بیشتر آزمون.,ترنم همدلی,original,1405
یازدهم,ریاضی,سلامت و بهداشت,سلامت و بهداشت,بخش 4,سلامت روان,,متوسط,"گزینه درست برای پرسش زیر را مشخص کنید:
کدام رفتار برای مدیریت استرس مناسب‌تر است؟",حذف خواب,انزوا,مصرف خودسرانه دارو,برنامه‌ریزی و فعالیت بدنی,D,برنامه‌ریزی و فعالیت بدنی از راهکارهای سالم مدیریت استرس‌اند. سؤال بازطراحی‌شده برای تنوع بیشتر آزمون.,ترنم همدلی,original,1405
یازدهم,ریاضی,سلامت و بهداشت,سلامت و بهداشت,بخش 5,پیشگیری,,متوسط,"در سؤال زیر، گزینه درست را انتخاب کنید:
کدام مورد از اصول پیشگیری است؟",رعایت بهداشت و واکسیناسیون مناسب,نادیده گرفتن علائم,خوددرمانی دائمی,حذف مراجعه پزشکی,A,پیشگیری شامل رفتارهای بهداشتی و واکسیناسیون مناسب است. سؤال بازطراحی‌شده برای تنوع بیشتر آزمون.,ترنم همدلی,original,1405
یازدهم,ریاضی,سلامت و بهداشت,سلامت و بهداشت,بخش 5,پیشگیری,,متوسط,"کدام گزینه پاسخ صحیح این پرسش است؟
کدام مورد از اصول پیشگیری است؟",نادیده گرفتن علائم,خوددرمانی دائمی,حذف مراجعه پزشکی,رعایت بهداشت و واکسیناسیون مناسب,D,پیشگیری شامل رفتارهای بهداشتی و واکسیناسیون مناسب است. سؤال بازطراحی‌شده برای تنوع بیشتر آزمون.,ترنم همدلی,original,1405
یازدهم,ریاضی,سلامت و بهداشت,سلامت و بهداشت,بخش 5,پیشگیری,,متوسط,"با دقت به پرسش زیر، گزینه درست را مشخص کنید:
کدام مورد از اصول پیشگیری است؟",خوددرمانی دائمی,حذف مراجعه پزشکی,رعایت بهداشت و واکسیناسیون مناسب,نادیده گرفتن علائم,C,پیشگیری شامل رفتارهای بهداشتی و واکسیناسیون مناسب است. سؤال بازطراحی‌شده برای تنوع بیشتر آزمون.,ترنم همدلی,original,1405
یازدهم,ریاضی,سلامت و بهداشت,سلامت و بهداشت,بخش 5,پیشگیری,,متوسط,"کدام گزینه با صورت سؤال زیر سازگار است؟
کدام مورد از اصول پیشگیری است؟",حذف مراجعه پزشکی,رعایت بهداشت و واکسیناسیون مناسب,نادیده گرفتن علائم,خوددرمانی دائمی,B,پیشگیری شامل رفتارهای بهداشتی و واکسیناسیون مناسب است. سؤال بازطراحی‌شده برای تنوع بیشتر آزمون.,ترنم همدلی,original,1405
یازدهم,ریاضی,سلامت و بهداشت,سلامت و بهداشت,بخش 5,پیشگیری,,متوسط,"پاسخ صحیح پرسش زیر کدام است؟
کدام مورد از اصول پیشگیری است؟",رعایت بهداشت و واکسیناسیون مناسب,نادیده گرفتن علائم,خوددرمانی دائمی,حذف مراجعه پزشکی,A,پیشگیری شامل رفتارهای بهداشتی و واکسیناسیون مناسب است. سؤال بازطراحی‌شده برای تنوع بیشتر آزمون.,ترنم همدلی,original,1405
یازدهم,ریاضی,سلامت و بهداشت,سلامت و بهداشت,بخش 5,پیشگیری,,متوسط,"در میان گزینه‌های زیر، پاسخ درست را پیدا کنید:
کدام مورد از اصول پیشگیری است؟",نادیده گرفتن علائم,خوددرمانی دائمی,حذف مراجعه پزشکی,رعایت بهداشت و واکسیناسیون مناسب,D,پیشگیری شامل رفتارهای بهداشتی و واکسیناسیون مناسب است. سؤال بازطراحی‌شده برای تنوع بیشتر آزمون.,ترنم همدلی,original,1405
یازدهم,ریاضی,سلامت و بهداشت,سلامت و بهداشت,بخش 5,پیشگیری,,متوسط,"کدام گزینه با محتوای سؤال زیر هماهنگ است؟
کدام مورد از اصول پیشگیری است؟",خوددرمانی دائمی,حذف مراجعه پزشکی,رعایت بهداشت و واکسیناسیون مناسب,نادیده گرفتن علائم,C,پیشگیری شامل رفتارهای بهداشتی و واکسیناسیون مناسب است. سؤال بازطراحی‌شده برای تنوع بیشتر آزمون.,ترنم همدلی,original,1405
یازدهم,ریاضی,سلامت و بهداشت,سلامت و بهداشت,بخش 5,پیشگیری,,متوسط,"با توجه به پرسش زیر، گزینه صحیح را انتخاب کنید:
کدام مورد از اصول پیشگیری است؟",حذف مراجعه پزشکی,رعایت بهداشت و واکسیناسیون مناسب,نادیده گرفتن علائم,خوددرمانی دائمی,B,پیشگیری شامل رفتارهای بهداشتی و واکسیناسیون مناسب است. سؤال بازطراحی‌شده برای تنوع بیشتر آزمون.,ترنم همدلی,original,1405
یازدهم,ریاضی,سلامت و بهداشت,سلامت و بهداشت,بخش 5,پیشگیری,,متوسط,"کدام گزینه از نظر محتوایی درست است؟
کدام مورد از اصول پیشگیری است؟",رعایت بهداشت و واکسیناسیون مناسب,نادیده گرفتن علائم,خوددرمانی دائمی,حذف مراجعه پزشکی,A,پیشگیری شامل رفتارهای بهداشتی و واکسیناسیون مناسب است. سؤال بازطراحی‌شده برای تنوع بیشتر آزمون.,ترنم همدلی,original,1405
یازدهم,ریاضی,سلامت و بهداشت,سلامت و بهداشت,بخش 5,پیشگیری,,متوسط,"گزینه درست برای پرسش زیر را مشخص کنید:
کدام مورد از اصول پیشگیری است؟",نادیده گرفتن علائم,خوددرمانی دائمی,حذف مراجعه پزشکی,رعایت بهداشت و واکسیناسیون مناسب,D,پیشگیری شامل رفتارهای بهداشتی و واکسیناسیون مناسب است. سؤال بازطراحی‌شده برای تنوع بیشتر آزمون.,ترنم همدلی,original,1405
یازدهم,ریاضی,سلامت و بهداشت,سلامت و بهداشت,بخش 6,مواد و دخانیات,,متوسط,"در سؤال زیر، گزینه درست را انتخاب کنید:
مصرف دخانیات چه اثری می‌تواند داشته باشد؟",افزایش خطر بیماری‌ها,تقویت قطعی سلامت,افزایش ظرفیت ریه,کاهش همه خطرها,A,دخانیات خطر بیماری‌های مختلف را افزایش می‌دهد. سؤال بازطراحی‌شده برای تنوع بیشتر آزمون.,ترنم همدلی,original,1405
یازدهم,ریاضی,سلامت و بهداشت,سلامت و بهداشت,بخش 6,مواد و دخانیات,,متوسط,"کدام گزینه پاسخ صحیح این پرسش است؟
مصرف دخانیات چه اثری می‌تواند داشته باشد؟",تقویت قطعی سلامت,افزایش ظرفیت ریه,کاهش همه خطرها,افزایش خطر بیماری‌ها,D,دخانیات خطر بیماری‌های مختلف را افزایش می‌دهد. سؤال بازطراحی‌شده برای تنوع بیشتر آزمون.,ترنم همدلی,original,1405
یازدهم,ریاضی,سلامت و بهداشت,سلامت و بهداشت,بخش 6,مواد و دخانیات,,متوسط,"با دقت به پرسش زیر، گزینه درست را مشخص کنید:
مصرف دخانیات چه اثری می‌تواند داشته باشد؟",افزایش ظرفیت ریه,کاهش همه خطرها,افزایش خطر بیماری‌ها,تقویت قطعی سلامت,C,دخانیات خطر بیماری‌های مختلف را افزایش می‌دهد. سؤال بازطراحی‌شده برای تنوع بیشتر آزمون.,ترنم همدلی,original,1405
یازدهم,ریاضی,سلامت و بهداشت,سلامت و بهداشت,بخش 6,مواد و دخانیات,,متوسط,"کدام گزینه با صورت سؤال زیر سازگار است؟
مصرف دخانیات چه اثری می‌تواند داشته باشد؟",کاهش همه خطرها,افزایش خطر بیماری‌ها,تقویت قطعی سلامت,افزایش ظرفیت ریه,B,دخانیات خطر بیماری‌های مختلف را افزایش می‌دهد. سؤال بازطراحی‌شده برای تنوع بیشتر آزمون.,ترنم همدلی,original,1405
یازدهم,ریاضی,سلامت و بهداشت,سلامت و بهداشت,بخش 6,مواد و دخانیات,,متوسط,"پاسخ صحیح پرسش زیر کدام است؟
مصرف دخانیات چه اثری می‌تواند داشته باشد؟",افزایش خطر بیماری‌ها,تقویت قطعی سلامت,افزایش ظرفیت ریه,کاهش همه خطرها,A,دخانیات خطر بیماری‌های مختلف را افزایش می‌دهد. سؤال بازطراحی‌شده برای تنوع بیشتر آزمون.,ترنم همدلی,original,1405
یازدهم,ریاضی,سلامت و بهداشت,سلامت و بهداشت,بخش 6,مواد و دخانیات,,متوسط,"در میان گزینه‌های زیر، پاسخ درست را پیدا کنید:
مصرف دخانیات چه اثری می‌تواند داشته باشد؟",تقویت قطعی سلامت,افزایش ظرفیت ریه,کاهش همه خطرها,افزایش خطر بیماری‌ها,D,دخانیات خطر بیماری‌های مختلف را افزایش می‌دهد. سؤال بازطراحی‌شده برای تنوع بیشتر آزمون.,ترنم همدلی,original,1405
یازدهم,ریاضی,سلامت و بهداشت,سلامت و بهداشت,بخش 6,مواد و دخانیات,,متوسط,"کدام گزینه با محتوای سؤال زیر هماهنگ است؟
مصرف دخانیات چه اثری می‌تواند داشته باشد؟",افزایش ظرفیت ریه,کاهش همه خطرها,افزایش خطر بیماری‌ها,تقویت قطعی سلامت,C,دخانیات خطر بیماری‌های مختلف را افزایش می‌دهد. سؤال بازطراحی‌شده برای تنوع بیشتر آزمون.,ترنم همدلی,original,1405
یازدهم,ریاضی,سلامت و بهداشت,سلامت و بهداشت,بخش 6,مواد و دخانیات,,متوسط,"با توجه به پرسش زیر، گزینه صحیح را انتخاب کنید:
مصرف دخانیات چه اثری می‌تواند داشته باشد؟",کاهش همه خطرها,افزایش خطر بیماری‌ها,تقویت قطعی سلامت,افزایش ظرفیت ریه,B,دخانیات خطر بیماری‌های مختلف را افزایش می‌دهد. سؤال بازطراحی‌شده برای تنوع بیشتر آزمون.,ترنم همدلی,original,1405
یازدهم,ریاضی,سلامت و بهداشت,سلامت و بهداشت,بخش 6,مواد و دخانیات,,متوسط,"کدام گزینه از نظر محتوایی درست است؟
مصرف دخانیات چه اثری می‌تواند داشته باشد؟",افزایش خطر بیماری‌ها,تقویت قطعی سلامت,افزایش ظرفیت ریه,کاهش همه خطرها,A,دخانیات خطر بیماری‌های مختلف را افزایش می‌دهد. سؤال بازطراحی‌شده برای تنوع بیشتر آزمون.,ترنم همدلی,original,1405
یازدهم,ریاضی,سلامت و بهداشت,سلامت و بهداشت,بخش 6,مواد و دخانیات,,متوسط,"گزینه درست برای پرسش زیر را مشخص کنید:
مصرف دخانیات چه اثری می‌تواند داشته باشد؟",تقویت قطعی سلامت,افزایش ظرفیت ریه,کاهش همه خطرها,افزایش خطر بیماری‌ها,D,دخانیات خطر بیماری‌های مختلف را افزایش می‌دهد. سؤال بازطراحی‌شده برای تنوع بیشتر آزمون.,ترنم همدلی,original,1405
یازدهم,ریاضی,هویت اجتماعی,هویت اجتماعی,بخش 1,هویت,,متوسط,"در سؤال زیر، گزینه درست را انتخاب کنید:
هویت اجتماعی به چه چیزی مربوط است؟",تعلق‌ها و نقش‌های اجتماعی,فقط ویژگی جسمی,فقط نمره مدرسه,فقط درآمد,A,هویت اجتماعی با تعلقات و نقش‌های فرد مرتبط است. سؤال بازطراحی‌شده برای تنوع بیشتر آزمون.,ترنم همدلی,original,1405
یازدهم,ریاضی,هویت اجتماعی,هویت اجتماعی,بخش 1,هویت,,متوسط,"کدام گزینه پاسخ صحیح این پرسش است؟
هویت اجتماعی به چه چیزی مربوط است؟",فقط ویژگی جسمی,فقط نمره مدرسه,فقط درآمد,تعلق‌ها و نقش‌های اجتماعی,D,هویت اجتماعی با تعلقات و نقش‌های فرد مرتبط است. سؤال بازطراحی‌شده برای تنوع بیشتر آزمون.,ترنم همدلی,original,1405
یازدهم,ریاضی,هویت اجتماعی,هویت اجتماعی,بخش 1,هویت,,متوسط,"با دقت به پرسش زیر، گزینه درست را مشخص کنید:
هویت اجتماعی به چه چیزی مربوط است؟",فقط نمره مدرسه,فقط درآمد,تعلق‌ها و نقش‌های اجتماعی,فقط ویژگی جسمی,C,هویت اجتماعی با تعلقات و نقش‌های فرد مرتبط است. سؤال بازطراحی‌شده برای تنوع بیشتر آزمون.,ترنم همدلی,original,1405
یازدهم,ریاضی,هویت اجتماعی,هویت اجتماعی,بخش 1,هویت,,متوسط,"کدام گزینه با صورت سؤال زیر سازگار است؟
هویت اجتماعی به چه چیزی مربوط است؟",فقط درآمد,تعلق‌ها و نقش‌های اجتماعی,فقط ویژگی جسمی,فقط نمره مدرسه,B,هویت اجتماعی با تعلقات و نقش‌های فرد مرتبط است. سؤال بازطراحی‌شده برای تنوع بیشتر آزمون.,ترنم همدلی,original,1405
یازدهم,ریاضی,هویت اجتماعی,هویت اجتماعی,بخش 1,هویت,,متوسط,"پاسخ صحیح پرسش زیر کدام است؟
هویت اجتماعی به چه چیزی مربوط است؟",تعلق‌ها و نقش‌های اجتماعی,فقط ویژگی جسمی,فقط نمره مدرسه,فقط درآمد,A,هویت اجتماعی با تعلقات و نقش‌های فرد مرتبط است. سؤال بازطراحی‌شده برای تنوع بیشتر آزمون.,ترنم همدلی,original,1405
یازدهم,ریاضی,هویت اجتماعی,هویت اجتماعی,بخش 1,هویت,,متوسط,"در میان گزینه‌های زیر، پاسخ درست را پیدا کنید:
هویت اجتماعی به چه چیزی مربوط است؟",فقط ویژگی جسمی,فقط نمره مدرسه,فقط درآمد,تعلق‌ها و نقش‌های اجتماعی,D,هویت اجتماعی با تعلقات و نقش‌های فرد مرتبط است. سؤال بازطراحی‌شده برای تنوع بیشتر آزمون.,ترنم همدلی,original,1405
یازدهم,ریاضی,هویت اجتماعی,هویت اجتماعی,بخش 1,هویت,,متوسط,"کدام گزینه با محتوای سؤال زیر هماهنگ است؟
هویت اجتماعی به چه چیزی مربوط است؟",فقط نمره مدرسه,فقط درآمد,تعلق‌ها و نقش‌های اجتماعی,فقط ویژگی جسمی,C,هویت اجتماعی با تعلقات و نقش‌های فرد مرتبط است. سؤال بازطراحی‌شده برای تنوع بیشتر آزمون.,ترنم همدلی,original,1405
یازدهم,ریاضی,هویت اجتماعی,هویت اجتماعی,بخش 1,هویت,,متوسط,"با توجه به پرسش زیر، گزینه صحیح را انتخاب کنید:
هویت اجتماعی به چه چیزی مربوط است؟",فقط درآمد,تعلق‌ها و نقش‌های اجتماعی,فقط ویژگی جسمی,فقط نمره مدرسه,B,هویت اجتماعی با تعلقات و نقش‌های فرد مرتبط است. سؤال بازطراحی‌شده برای تنوع بیشتر آزمون.,ترنم همدلی,original,1405
یازدهم,ریاضی,هویت اجتماعی,هویت اجتماعی,بخش 1,هویت,,متوسط,"کدام گزینه از نظر محتوایی درست است؟
هویت اجتماعی به چه چیزی مربوط است؟",تعلق‌ها و نقش‌های اجتماعی,فقط ویژگی جسمی,فقط نمره مدرسه,فقط درآمد,A,هویت اجتماعی با تعلقات و نقش‌های فرد مرتبط است. سؤال بازطراحی‌شده برای تنوع بیشتر آزمون.,ترنم همدلی,original,1405
یازدهم,ریاضی,هویت اجتماعی,هویت اجتماعی,بخش 1,هویت,,متوسط,"گزینه درست برای پرسش زیر را مشخص کنید:
هویت اجتماعی به چه چیزی مربوط است؟",فقط ویژگی جسمی,فقط نمره مدرسه,فقط درآمد,تعلق‌ها و نقش‌های اجتماعی,D,هویت اجتماعی با تعلقات و نقش‌های فرد مرتبط است. سؤال بازطراحی‌شده برای تنوع بیشتر آزمون.,ترنم همدلی,original,1405
یازدهم,ریاضی,هویت اجتماعی,هویت اجتماعی,بخش 2,ارزش‌ها,,متوسط,"در سؤال زیر، گزینه درست را انتخاب کنید:
ارزش اجتماعی چیست؟",باور درباره مطلوب و مهم بودن امور,یک قانون فیزیک,واحد اندازه‌گیری,نوع غذا,A,ارزش‌ها درباره مطلوبیت و اهمیت امور داوری ایجاد می‌کنند. سؤال بازطراحی‌شده برای تنوع بیشتر آزمون.,ترنم همدلی,original,1405
یازدهم,ریاضی,هویت اجتماعی,هویت اجتماعی,بخش 2,ارزش‌ها,,متوسط,"کدام گزینه پاسخ صحیح این پرسش است؟
ارزش اجتماعی چیست؟",یک قانون فیزیک,واحد اندازه‌گیری,نوع غذا,باور درباره مطلوب و مهم بودن امور,D,ارزش‌ها درباره مطلوبیت و اهمیت امور داوری ایجاد می‌کنند. سؤال بازطراحی‌شده برای تنوع بیشتر آزمون.,ترنم همدلی,original,1405
یازدهم,ریاضی,هویت اجتماعی,هویت اجتماعی,بخش 2,ارزش‌ها,,متوسط,"با دقت به پرسش زیر، گزینه درست را مشخص کنید:
ارزش اجتماعی چیست؟",واحد اندازه‌گیری,نوع غذا,باور درباره مطلوب و مهم بودن امور,یک قانون فیزیک,C,ارزش‌ها درباره مطلوبیت و اهمیت امور داوری ایجاد می‌کنند. سؤال بازطراحی‌شده برای تنوع بیشتر آزمون.,ترنم همدلی,original,1405
یازدهم,ریاضی,هویت اجتماعی,هویت اجتماعی,بخش 2,ارزش‌ها,,متوسط,"کدام گزینه با صورت سؤال زیر سازگار است؟
ارزش اجتماعی چیست؟",نوع غذا,باور درباره مطلوب و مهم بودن امور,یک قانون فیزیک,واحد اندازه‌گیری,B,ارزش‌ها درباره مطلوبیت و اهمیت امور داوری ایجاد می‌کنند. سؤال بازطراحی‌شده برای تنوع بیشتر آزمون.,ترنم همدلی,original,1405
یازدهم,ریاضی,هویت اجتماعی,هویت اجتماعی,بخش 2,ارزش‌ها,,متوسط,"پاسخ صحیح پرسش زیر کدام است؟
ارزش اجتماعی چیست؟",باور درباره مطلوب و مهم بودن امور,یک قانون فیزیک,واحد اندازه‌گیری,نوع غذا,A,ارزش‌ها درباره مطلوبیت و اهمیت امور داوری ایجاد می‌کنند. سؤال بازطراحی‌شده برای تنوع بیشتر آزمون.,ترنم همدلی,original,1405
یازدهم,ریاضی,هویت اجتماعی,هویت اجتماعی,بخش 2,ارزش‌ها,,متوسط,"در میان گزینه‌های زیر، پاسخ درست را پیدا کنید:
ارزش اجتماعی چیست؟",یک قانون فیزیک,واحد اندازه‌گیری,نوع غذا,باور درباره مطلوب و مهم بودن امور,D,ارزش‌ها درباره مطلوبیت و اهمیت امور داوری ایجاد می‌کنند. سؤال بازطراحی‌شده برای تنوع بیشتر آزمون.,ترنم همدلی,original,1405
یازدهم,ریاضی,هویت اجتماعی,هویت اجتماعی,بخش 2,ارزش‌ها,,متوسط,"کدام گزینه با محتوای سؤال زیر هماهنگ است؟
ارزش اجتماعی چیست؟",واحد اندازه‌گیری,نوع غذا,باور درباره مطلوب و مهم بودن امور,یک قانون فیزیک,C,ارزش‌ها درباره مطلوبیت و اهمیت امور داوری ایجاد می‌کنند. سؤال بازطراحی‌شده برای تنوع بیشتر آزمون.,ترنم همدلی,original,1405
یازدهم,ریاضی,هویت اجتماعی,هویت اجتماعی,بخش 2,ارزش‌ها,,متوسط,"با توجه به پرسش زیر، گزینه صحیح را انتخاب کنید:
ارزش اجتماعی چیست؟",نوع غذا,باور درباره مطلوب و مهم بودن امور,یک قانون فیزیک,واحد اندازه‌گیری,B,ارزش‌ها درباره مطلوبیت و اهمیت امور داوری ایجاد می‌کنند. سؤال بازطراحی‌شده برای تنوع بیشتر آزمون.,ترنم همدلی,original,1405
یازدهم,ریاضی,هویت اجتماعی,هویت اجتماعی,بخش 2,ارزش‌ها,,متوسط,"کدام گزینه از نظر محتوایی درست است؟
ارزش اجتماعی چیست؟",باور درباره مطلوب و مهم بودن امور,یک قانون فیزیک,واحد اندازه‌گیری,نوع غذا,A,ارزش‌ها درباره مطلوبیت و اهمیت امور داوری ایجاد می‌کنند. سؤال بازطراحی‌شده برای تنوع بیشتر آزمون.,ترنم همدلی,original,1405
یازدهم,ریاضی,هویت اجتماعی,هویت اجتماعی,بخش 2,ارزش‌ها,,متوسط,"گزینه درست برای پرسش زیر را مشخص کنید:
ارزش اجتماعی چیست؟",یک قانون فیزیک,واحد اندازه‌گیری,نوع غذا,باور درباره مطلوب و مهم بودن امور,D,ارزش‌ها درباره مطلوبیت و اهمیت امور داوری ایجاد می‌کنند. سؤال بازطراحی‌شده برای تنوع بیشتر آزمون.,ترنم همدلی,original,1405
یازدهم,ریاضی,هویت اجتماعی,هویت اجتماعی,بخش 3,نقش اجتماعی,,متوسط,"در سؤال زیر، گزینه درست را انتخاب کنید:
نقش اجتماعی چیست؟",انتظارات رفتاری مرتبط با یک جایگاه,قد فرد,نام خانوادگی,محل تولد,A,نقش مجموعه انتظارات رفتاری از یک جایگاه است. سؤال بازطراحی‌شده برای تنوع بیشتر آزمون.,ترنم همدلی,original,1405
یازدهم,ریاضی,هویت اجتماعی,هویت اجتماعی,بخش 3,نقش اجتماعی,,متوسط,"کدام گزینه پاسخ صحیح این پرسش است؟
نقش اجتماعی چیست؟",قد فرد,نام خانوادگی,محل تولد,انتظارات رفتاری مرتبط با یک جایگاه,D,نقش مجموعه انتظارات رفتاری از یک جایگاه است. سؤال بازطراحی‌شده برای تنوع بیشتر آزمون.,ترنم همدلی,original,1405
یازدهم,ریاضی,هویت اجتماعی,هویت اجتماعی,بخش 3,نقش اجتماعی,,متوسط,"با دقت به پرسش زیر، گزینه درست را مشخص کنید:
نقش اجتماعی چیست؟",نام خانوادگی,محل تولد,انتظارات رفتاری مرتبط با یک جایگاه,قد فرد,C,نقش مجموعه انتظارات رفتاری از یک جایگاه است. سؤال بازطراحی‌شده برای تنوع بیشتر آزمون.,ترنم همدلی,original,1405
یازدهم,ریاضی,هویت اجتماعی,هویت اجتماعی,بخش 3,نقش اجتماعی,,متوسط,"کدام گزینه با صورت سؤال زیر سازگار است؟
نقش اجتماعی چیست؟",محل تولد,انتظارات رفتاری مرتبط با یک جایگاه,قد فرد,نام خانوادگی,B,نقش مجموعه انتظارات رفتاری از یک جایگاه است. سؤال بازطراحی‌شده برای تنوع بیشتر آزمون.,ترنم همدلی,original,1405
یازدهم,ریاضی,هویت اجتماعی,هویت اجتماعی,بخش 3,نقش اجتماعی,,متوسط,"پاسخ صحیح پرسش زیر کدام است؟
نقش اجتماعی چیست؟",انتظارات رفتاری مرتبط با یک جایگاه,قد فرد,نام خانوادگی,محل تولد,A,نقش مجموعه انتظارات رفتاری از یک جایگاه است. سؤال بازطراحی‌شده برای تنوع بیشتر آزمون.,ترنم همدلی,original,1405
یازدهم,ریاضی,هویت اجتماعی,هویت اجتماعی,بخش 3,نقش اجتماعی,,متوسط,"در میان گزینه‌های زیر، پاسخ درست را پیدا کنید:
نقش اجتماعی چیست؟",قد فرد,نام خانوادگی,محل تولد,انتظارات رفتاری مرتبط با یک جایگاه,D,نقش مجموعه انتظارات رفتاری از یک جایگاه است. سؤال بازطراحی‌شده برای تنوع بیشتر آزمون.,ترنم همدلی,original,1405
یازدهم,ریاضی,هویت اجتماعی,هویت اجتماعی,بخش 3,نقش اجتماعی,,متوسط,"کدام گزینه با محتوای سؤال زیر هماهنگ است؟
نقش اجتماعی چیست؟",نام خانوادگی,محل تولد,انتظارات رفتاری مرتبط با یک جایگاه,قد فرد,C,نقش مجموعه انتظارات رفتاری از یک جایگاه است. سؤال بازطراحی‌شده برای تنوع بیشتر آزمون.,ترنم همدلی,original,1405
یازدهم,ریاضی,هویت اجتماعی,هویت اجتماعی,بخش 3,نقش اجتماعی,,متوسط,"با توجه به پرسش زیر، گزینه صحیح را انتخاب کنید:
نقش اجتماعی چیست؟",محل تولد,انتظارات رفتاری مرتبط با یک جایگاه,قد فرد,نام خانوادگی,B,نقش مجموعه انتظارات رفتاری از یک جایگاه است. سؤال بازطراحی‌شده برای تنوع بیشتر آزمون.,ترنم همدلی,original,1405
یازدهم,ریاضی,هویت اجتماعی,هویت اجتماعی,بخش 3,نقش اجتماعی,,متوسط,"کدام گزینه از نظر محتوایی درست است؟
نقش اجتماعی چیست؟",انتظارات رفتاری مرتبط با یک جایگاه,قد فرد,نام خانوادگی,محل تولد,A,نقش مجموعه انتظارات رفتاری از یک جایگاه است. سؤال بازطراحی‌شده برای تنوع بیشتر آزمون.,ترنم همدلی,original,1405
یازدهم,ریاضی,هویت اجتماعی,هویت اجتماعی,بخش 3,نقش اجتماعی,,متوسط,"گزینه درست برای پرسش زیر را مشخص کنید:
نقش اجتماعی چیست؟",قد فرد,نام خانوادگی,محل تولد,انتظارات رفتاری مرتبط با یک جایگاه,D,نقش مجموعه انتظارات رفتاری از یک جایگاه است. سؤال بازطراحی‌شده برای تنوع بیشتر آزمون.,ترنم همدلی,original,1405
یازدهم,ریاضی,هویت اجتماعی,هویت اجتماعی,بخش 4,عضویت گروهی,,متوسط,"در سؤال زیر، گزینه درست را انتخاب کنید:
عضویت در گروه چه اثری می‌تواند داشته باشد؟",شکل‌گیری احساس تعلق,حذف کامل هویت فردی,بی‌اثر بودن همیشگی,قطع ارتباط,A,گروه‌ها می‌توانند احساس تعلق و هویت اجتماعی را شکل دهند. سؤال بازطراحی‌شده برای تنوع بیشتر آزمون.,ترنم همدلی,original,1405
یازدهم,ریاضی,هویت اجتماعی,هویت اجتماعی,بخش 4,عضویت گروهی,,متوسط,"کدام گزینه پاسخ صحیح این پرسش است؟
عضویت در گروه چه اثری می‌تواند داشته باشد؟",حذف کامل هویت فردی,بی‌اثر بودن همیشگی,قطع ارتباط,شکل‌گیری احساس تعلق,D,گروه‌ها می‌توانند احساس تعلق و هویت اجتماعی را شکل دهند. سؤال بازطراحی‌شده برای تنوع بیشتر آزمون.,ترنم همدلی,original,1405
یازدهم,ریاضی,هویت اجتماعی,هویت اجتماعی,بخش 4,عضویت گروهی,,متوسط,"با دقت به پرسش زیر، گزینه درست را مشخص کنید:
عضویت در گروه چه اثری می‌تواند داشته باشد؟",بی‌اثر بودن همیشگی,قطع ارتباط,شکل‌گیری احساس تعلق,حذف کامل هویت فردی,C,گروه‌ها می‌توانند احساس تعلق و هویت اجتماعی را شکل دهند. سؤال بازطراحی‌شده برای تنوع بیشتر آزمون.,ترنم همدلی,original,1405
یازدهم,ریاضی,هویت اجتماعی,هویت اجتماعی,بخش 4,عضویت گروهی,,متوسط,"کدام گزینه با صورت سؤال زیر سازگار است؟
عضویت در گروه چه اثری می‌تواند داشته باشد؟",قطع ارتباط,شکل‌گیری احساس تعلق,حذف کامل هویت فردی,بی‌اثر بودن همیشگی,B,گروه‌ها می‌توانند احساس تعلق و هویت اجتماعی را شکل دهند. سؤال بازطراحی‌شده برای تنوع بیشتر آزمون.,ترنم همدلی,original,1405
یازدهم,ریاضی,هویت اجتماعی,هویت اجتماعی,بخش 4,عضویت گروهی,,متوسط,"پاسخ صحیح پرسش زیر کدام است؟
عضویت در گروه چه اثری می‌تواند داشته باشد؟",شکل‌گیری احساس تعلق,حذف کامل هویت فردی,بی‌اثر بودن همیشگی,قطع ارتباط,A,گروه‌ها می‌توانند احساس تعلق و هویت اجتماعی را شکل دهند. سؤال بازطراحی‌شده برای تنوع بیشتر آزمون.,ترنم همدلی,original,1405
یازدهم,ریاضی,هویت اجتماعی,هویت اجتماعی,بخش 4,عضویت گروهی,,متوسط,"در میان گزینه‌های زیر، پاسخ درست را پیدا کنید:
عضویت در گروه چه اثری می‌تواند داشته باشد؟",حذف کامل هویت فردی,بی‌اثر بودن همیشگی,قطع ارتباط,شکل‌گیری احساس تعلق,D,گروه‌ها می‌توانند احساس تعلق و هویت اجتماعی را شکل دهند. سؤال بازطراحی‌شده برای تنوع بیشتر آزمون.,ترنم همدلی,original,1405
یازدهم,ریاضی,هویت اجتماعی,هویت اجتماعی,بخش 4,عضویت گروهی,,متوسط,"کدام گزینه با محتوای سؤال زیر هماهنگ است؟
عضویت در گروه چه اثری می‌تواند داشته باشد؟",بی‌اثر بودن همیشگی,قطع ارتباط,شکل‌گیری احساس تعلق,حذف کامل هویت فردی,C,گروه‌ها می‌توانند احساس تعلق و هویت اجتماعی را شکل دهند. سؤال بازطراحی‌شده برای تنوع بیشتر آزمون.,ترنم همدلی,original,1405
یازدهم,ریاضی,هویت اجتماعی,هویت اجتماعی,بخش 4,عضویت گروهی,,متوسط,"با توجه به پرسش زیر، گزینه صحیح را انتخاب کنید:
عضویت در گروه چه اثری می‌تواند داشته باشد؟",قطع ارتباط,شکل‌گیری احساس تعلق,حذف کامل هویت فردی,بی‌اثر بودن همیشگی,B,گروه‌ها می‌توانند احساس تعلق و هویت اجتماعی را شکل دهند. سؤال بازطراحی‌شده برای تنوع بیشتر آزمون.,ترنم همدلی,original,1405
یازدهم,ریاضی,هویت اجتماعی,هویت اجتماعی,بخش 4,عضویت گروهی,,متوسط,"کدام گزینه از نظر محتوایی درست است؟
عضویت در گروه چه اثری می‌تواند داشته باشد؟",شکل‌گیری احساس تعلق,حذف کامل هویت فردی,بی‌اثر بودن همیشگی,قطع ارتباط,A,گروه‌ها می‌توانند احساس تعلق و هویت اجتماعی را شکل دهند. سؤال بازطراحی‌شده برای تنوع بیشتر آزمون.,ترنم همدلی,original,1405
یازدهم,ریاضی,هویت اجتماعی,هویت اجتماعی,بخش 4,عضویت گروهی,,متوسط,"گزینه درست برای پرسش زیر را مشخص کنید:
عضویت در گروه چه اثری می‌تواند داشته باشد؟",حذف کامل هویت فردی,بی‌اثر بودن همیشگی,قطع ارتباط,شکل‌گیری احساس تعلق,D,گروه‌ها می‌توانند احساس تعلق و هویت اجتماعی را شکل دهند. سؤال بازطراحی‌شده برای تنوع بیشتر آزمون.,ترنم همدلی,original,1405
یازدهم,ریاضی,هویت اجتماعی,هویت اجتماعی,بخش 5,مسئولیت اجتماعی,,متوسط,"در سؤال زیر، گزینه درست را انتخاب کنید:
نمونه مسئولیت اجتماعی کدام است؟",رعایت حقوق دیگران,تخریب اموال عمومی,بی‌توجهی به قانون,انتشار شایعه,A,مسئولیت اجتماعی با رعایت حقوق و منافع عمومی مرتبط است. سؤال بازطراحی‌شده برای تنوع بیشتر آزمون.,ترنم همدلی,original,1405
یازدهم,ریاضی,هویت اجتماعی,هویت اجتماعی,بخش 5,مسئولیت اجتماعی,,متوسط,"کدام گزینه پاسخ صحیح این پرسش است؟
نمونه مسئولیت اجتماعی کدام است؟",تخریب اموال عمومی,بی‌توجهی به قانون,انتشار شایعه,رعایت حقوق دیگران,D,مسئولیت اجتماعی با رعایت حقوق و منافع عمومی مرتبط است. سؤال بازطراحی‌شده برای تنوع بیشتر آزمون.,ترنم همدلی,original,1405
یازدهم,ریاضی,هویت اجتماعی,هویت اجتماعی,بخش 5,مسئولیت اجتماعی,,متوسط,"با دقت به پرسش زیر، گزینه درست را مشخص کنید:
نمونه مسئولیت اجتماعی کدام است؟",بی‌توجهی به قانون,انتشار شایعه,رعایت حقوق دیگران,تخریب اموال عمومی,C,مسئولیت اجتماعی با رعایت حقوق و منافع عمومی مرتبط است. سؤال بازطراحی‌شده برای تنوع بیشتر آزمون.,ترنم همدلی,original,1405
یازدهم,ریاضی,هویت اجتماعی,هویت اجتماعی,بخش 5,مسئولیت اجتماعی,,متوسط,"کدام گزینه با صورت سؤال زیر سازگار است؟
نمونه مسئولیت اجتماعی کدام است؟",انتشار شایعه,رعایت حقوق دیگران,تخریب اموال عمومی,بی‌توجهی به قانون,B,مسئولیت اجتماعی با رعایت حقوق و منافع عمومی مرتبط است. سؤال بازطراحی‌شده برای تنوع بیشتر آزمون.,ترنم همدلی,original,1405
یازدهم,ریاضی,هویت اجتماعی,هویت اجتماعی,بخش 5,مسئولیت اجتماعی,,متوسط,"پاسخ صحیح پرسش زیر کدام است؟
نمونه مسئولیت اجتماعی کدام است؟",رعایت حقوق دیگران,تخریب اموال عمومی,بی‌توجهی به قانون,انتشار شایعه,A,مسئولیت اجتماعی با رعایت حقوق و منافع عمومی مرتبط است. سؤال بازطراحی‌شده برای تنوع بیشتر آزمون.,ترنم همدلی,original,1405
یازدهم,ریاضی,هویت اجتماعی,هویت اجتماعی,بخش 5,مسئولیت اجتماعی,,متوسط,"در میان گزینه‌های زیر، پاسخ درست را پیدا کنید:
نمونه مسئولیت اجتماعی کدام است؟",تخریب اموال عمومی,بی‌توجهی به قانون,انتشار شایعه,رعایت حقوق دیگران,D,مسئولیت اجتماعی با رعایت حقوق و منافع عمومی مرتبط است. سؤال بازطراحی‌شده برای تنوع بیشتر آزمون.,ترنم همدلی,original,1405
یازدهم,ریاضی,هویت اجتماعی,هویت اجتماعی,بخش 5,مسئولیت اجتماعی,,متوسط,"کدام گزینه با محتوای سؤال زیر هماهنگ است؟
نمونه مسئولیت اجتماعی کدام است؟",بی‌توجهی به قانون,انتشار شایعه,رعایت حقوق دیگران,تخریب اموال عمومی,C,مسئولیت اجتماعی با رعایت حقوق و منافع عمومی مرتبط است. سؤال بازطراحی‌شده برای تنوع بیشتر آزمون.,ترنم همدلی,original,1405
یازدهم,ریاضی,هویت اجتماعی,هویت اجتماعی,بخش 5,مسئولیت اجتماعی,,متوسط,"با توجه به پرسش زیر، گزینه صحیح را انتخاب کنید:
نمونه مسئولیت اجتماعی کدام است؟",انتشار شایعه,رعایت حقوق دیگران,تخریب اموال عمومی,بی‌توجهی به قانون,B,مسئولیت اجتماعی با رعایت حقوق و منافع عمومی مرتبط است. سؤال بازطراحی‌شده برای تنوع بیشتر آزمون.,ترنم همدلی,original,1405
یازدهم,ریاضی,هویت اجتماعی,هویت اجتماعی,بخش 5,مسئولیت اجتماعی,,متوسط,"کدام گزینه از نظر محتوایی درست است؟
نمونه مسئولیت اجتماعی کدام است؟",رعایت حقوق دیگران,تخریب اموال عمومی,بی‌توجهی به قانون,انتشار شایعه,A,مسئولیت اجتماعی با رعایت حقوق و منافع عمومی مرتبط است. سؤال بازطراحی‌شده برای تنوع بیشتر آزمون.,ترنم همدلی,original,1405
یازدهم,ریاضی,هویت اجتماعی,هویت اجتماعی,بخش 5,مسئولیت اجتماعی,,متوسط,"گزینه درست برای پرسش زیر را مشخص کنید:
نمونه مسئولیت اجتماعی کدام است؟",تخریب اموال عمومی,بی‌توجهی به قانون,انتشار شایعه,رعایت حقوق دیگران,D,مسئولیت اجتماعی با رعایت حقوق و منافع عمومی مرتبط است. سؤال بازطراحی‌شده برای تنوع بیشتر آزمون.,ترنم همدلی,original,1405
یازدهم,ریاضی,هویت اجتماعی,هویت اجتماعی,بخش 6,رسانه,,متوسط,"در سؤال زیر، گزینه درست را انتخاب کنید:
رسانه‌ها چگونه می‌توانند بر هویت اثر بگذارند؟",با انتقال الگوها و ارزش‌ها,فقط با تغییر دما,بدون هیچ اثر ممکن,فقط با کاهش جمعیت,A,رسانه‌ها در انتقال الگوها، ارزش‌ها و سبک زندگی نقش دارند. سؤال بازطراحی‌شده برای تنوع بیشتر آزمون.,ترنم همدلی,original,1405
یازدهم,ریاضی,هویت اجتماعی,هویت اجتماعی,بخش 6,رسانه,,متوسط,"کدام گزینه پاسخ صحیح این پرسش است؟
رسانه‌ها چگونه می‌توانند بر هویت اثر بگذارند؟",فقط با تغییر دما,بدون هیچ اثر ممکن,فقط با کاهش جمعیت,با انتقال الگوها و ارزش‌ها,D,رسانه‌ها در انتقال الگوها، ارزش‌ها و سبک زندگی نقش دارند. سؤال بازطراحی‌شده برای تنوع بیشتر آزمون.,ترنم همدلی,original,1405
یازدهم,ریاضی,هویت اجتماعی,هویت اجتماعی,بخش 6,رسانه,,متوسط,"با دقت به پرسش زیر، گزینه درست را مشخص کنید:
رسانه‌ها چگونه می‌توانند بر هویت اثر بگذارند؟",بدون هیچ اثر ممکن,فقط با کاهش جمعیت,با انتقال الگوها و ارزش‌ها,فقط با تغییر دما,C,رسانه‌ها در انتقال الگوها، ارزش‌ها و سبک زندگی نقش دارند. سؤال بازطراحی‌شده برای تنوع بیشتر آزمون.,ترنم همدلی,original,1405
یازدهم,ریاضی,هویت اجتماعی,هویت اجتماعی,بخش 6,رسانه,,متوسط,"کدام گزینه با صورت سؤال زیر سازگار است؟
رسانه‌ها چگونه می‌توانند بر هویت اثر بگذارند؟",فقط با کاهش جمعیت,با انتقال الگوها و ارزش‌ها,فقط با تغییر دما,بدون هیچ اثر ممکن,B,رسانه‌ها در انتقال الگوها، ارزش‌ها و سبک زندگی نقش دارند. سؤال بازطراحی‌شده برای تنوع بیشتر آزمون.,ترنم همدلی,original,1405
یازدهم,ریاضی,هویت اجتماعی,هویت اجتماعی,بخش 6,رسانه,,متوسط,"پاسخ صحیح پرسش زیر کدام است؟
رسانه‌ها چگونه می‌توانند بر هویت اثر بگذارند؟",با انتقال الگوها و ارزش‌ها,فقط با تغییر دما,بدون هیچ اثر ممکن,فقط با کاهش جمعیت,A,رسانه‌ها در انتقال الگوها، ارزش‌ها و سبک زندگی نقش دارند. سؤال بازطراحی‌شده برای تنوع بیشتر آزمون.,ترنم همدلی,original,1405
یازدهم,ریاضی,هویت اجتماعی,هویت اجتماعی,بخش 6,رسانه,,متوسط,"در میان گزینه‌های زیر، پاسخ درست را پیدا کنید:
رسانه‌ها چگونه می‌توانند بر هویت اثر بگذارند؟",فقط با تغییر دما,بدون هیچ اثر ممکن,فقط با کاهش جمعیت,با انتقال الگوها و ارزش‌ها,D,رسانه‌ها در انتقال الگوها، ارزش‌ها و سبک زندگی نقش دارند. سؤال بازطراحی‌شده برای تنوع بیشتر آزمون.,ترنم همدلی,original,1405
یازدهم,ریاضی,هویت اجتماعی,هویت اجتماعی,بخش 6,رسانه,,متوسط,"کدام گزینه با محتوای سؤال زیر هماهنگ است؟
رسانه‌ها چگونه می‌توانند بر هویت اثر بگذارند؟",بدون هیچ اثر ممکن,فقط با کاهش جمعیت,با انتقال الگوها و ارزش‌ها,فقط با تغییر دما,C,رسانه‌ها در انتقال الگوها، ارزش‌ها و سبک زندگی نقش دارند. سؤال بازطراحی‌شده برای تنوع بیشتر آزمون.,ترنم همدلی,original,1405
یازدهم,ریاضی,هویت اجتماعی,هویت اجتماعی,بخش 6,رسانه,,متوسط,"با توجه به پرسش زیر، گزینه صحیح را انتخاب کنید:
رسانه‌ها چگونه می‌توانند بر هویت اثر بگذارند؟",فقط با کاهش جمعیت,با انتقال الگوها و ارزش‌ها,فقط با تغییر دما,بدون هیچ اثر ممکن,B,رسانه‌ها در انتقال الگوها، ارزش‌ها و سبک زندگی نقش دارند. سؤال بازطراحی‌شده برای تنوع بیشتر آزمون.,ترنم همدلی,original,1405
یازدهم,ریاضی,هویت اجتماعی,هویت اجتماعی,بخش 6,رسانه,,متوسط,"کدام گزینه از نظر محتوایی درست است؟
رسانه‌ها چگونه می‌توانند بر هویت اثر بگذارند؟",با انتقال الگوها و ارزش‌ها,فقط با تغییر دما,بدون هیچ اثر ممکن,فقط با کاهش جمعیت,A,رسانه‌ها در انتقال الگوها، ارزش‌ها و سبک زندگی نقش دارند. سؤال بازطراحی‌شده برای تنوع بیشتر آزمون.,ترنم همدلی,original,1405
یازدهم,ریاضی,هویت اجتماعی,هویت اجتماعی,بخش 6,رسانه,,متوسط,"گزینه درست برای پرسش زیر را مشخص کنید:
رسانه‌ها چگونه می‌توانند بر هویت اثر بگذارند؟",فقط با تغییر دما,بدون هیچ اثر ممکن,فقط با کاهش جمعیت,با انتقال الگوها و ارزش‌ها,D,رسانه‌ها در انتقال الگوها، ارزش‌ها و سبک زندگی نقش دارند. سؤال بازطراحی‌شده برای تنوع بیشتر آزمون.,ترنم همدلی,original,1405
یازدهم,انسانی,سلامت و بهداشت,سلامت و بهداشت,بخش 1,سلامت جسم,,متوسط,"در سؤال زیر، گزینه درست را انتخاب کنید:
کدام عامل در سلامت جسم نقش مستقیم دارد؟",فعالیت بدنی منظم,کم‌خوابی مداوم,کم‌تحرکی,مصرف بی‌رویه قند,A,فعالیت بدنی منظم از عوامل مهم سلامت جسم است. سؤال بازطراحی‌شده برای تنوع بیشتر آزمون.,ترنم همدلی,original,1405
یازدهم,انسانی,سلامت و بهداشت,سلامت و بهداشت,بخش 1,سلامت جسم,,متوسط,"کدام گزینه پاسخ صحیح این پرسش است؟
کدام عامل در سلامت جسم نقش مستقیم دارد؟",کم‌خوابی مداوم,کم‌تحرکی,مصرف بی‌رویه قند,فعالیت بدنی منظم,D,فعالیت بدنی منظم از عوامل مهم سلامت جسم است. سؤال بازطراحی‌شده برای تنوع بیشتر آزمون.,ترنم همدلی,original,1405
یازدهم,انسانی,سلامت و بهداشت,سلامت و بهداشت,بخش 1,سلامت جسم,,متوسط,"با دقت به پرسش زیر، گزینه درست را مشخص کنید:
کدام عامل در سلامت جسم نقش مستقیم دارد؟",کم‌تحرکی,مصرف بی‌رویه قند,فعالیت بدنی منظم,کم‌خوابی مداوم,C,فعالیت بدنی منظم از عوامل مهم سلامت جسم است. سؤال بازطراحی‌شده برای تنوع بیشتر آزمون.,ترنم همدلی,original,1405
یازدهم,انسانی,سلامت و بهداشت,سلامت و بهداشت,بخش 1,سلامت جسم,,متوسط,"کدام گزینه با صورت سؤال زیر سازگار است؟
کدام عامل در سلامت جسم نقش مستقیم دارد؟",مصرف بی‌رویه قند,فعالیت بدنی منظم,کم‌خوابی مداوم,کم‌تحرکی,B,فعالیت بدنی منظم از عوامل مهم سلامت جسم است. سؤال بازطراحی‌شده برای تنوع بیشتر آزمون.,ترنم همدلی,original,1405
یازدهم,انسانی,سلامت و بهداشت,سلامت و بهداشت,بخش 1,سلامت جسم,,متوسط,"پاسخ صحیح پرسش زیر کدام است؟
کدام عامل در سلامت جسم نقش مستقیم دارد؟",فعالیت بدنی منظم,کم‌خوابی مداوم,کم‌تحرکی,مصرف بی‌رویه قند,A,فعالیت بدنی منظم از عوامل مهم سلامت جسم است. سؤال بازطراحی‌شده برای تنوع بیشتر آزمون.,ترنم همدلی,original,1405
یازدهم,انسانی,سلامت و بهداشت,سلامت و بهداشت,بخش 1,سلامت جسم,,متوسط,"در میان گزینه‌های زیر، پاسخ درست را پیدا کنید:
کدام عامل در سلامت جسم نقش مستقیم دارد؟",کم‌خوابی مداوم,کم‌تحرکی,مصرف بی‌رویه قند,فعالیت بدنی منظم,D,فعالیت بدنی منظم از عوامل مهم سلامت جسم است. سؤال بازطراحی‌شده برای تنوع بیشتر آزمون.,ترنم همدلی,original,1405
یازدهم,انسانی,سلامت و بهداشت,سلامت و بهداشت,بخش 1,سلامت جسم,,متوسط,"کدام گزینه با محتوای سؤال زیر هماهنگ است؟
کدام عامل در سلامت جسم نقش مستقیم دارد؟",کم‌تحرکی,مصرف بی‌رویه قند,فعالیت بدنی منظم,کم‌خوابی مداوم,C,فعالیت بدنی منظم از عوامل مهم سلامت جسم است. سؤال بازطراحی‌شده برای تنوع بیشتر آزمون.,ترنم همدلی,original,1405
یازدهم,انسانی,سلامت و بهداشت,سلامت و بهداشت,بخش 1,سلامت جسم,,متوسط,"با توجه به پرسش زیر، گزینه صحیح را انتخاب کنید:
کدام عامل در سلامت جسم نقش مستقیم دارد؟",مصرف بی‌رویه قند,فعالیت بدنی منظم,کم‌خوابی مداوم,کم‌تحرکی,B,فعالیت بدنی منظم از عوامل مهم سلامت جسم است. سؤال بازطراحی‌شده برای تنوع بیشتر آزمون.,ترنم همدلی,original,1405
یازدهم,انسانی,سلامت و بهداشت,سلامت و بهداشت,بخش 1,سلامت جسم,,متوسط,"کدام گزینه از نظر محتوایی درست است؟
کدام عامل در سلامت جسم نقش مستقیم دارد؟",فعالیت بدنی منظم,کم‌خوابی مداوم,کم‌تحرکی,مصرف بی‌رویه قند,A,فعالیت بدنی منظم از عوامل مهم سلامت جسم است. سؤال بازطراحی‌شده برای تنوع بیشتر آزمون.,ترنم همدلی,original,1405
یازدهم,انسانی,سلامت و بهداشت,سلامت و بهداشت,بخش 1,سلامت جسم,,متوسط,"گزینه درست برای پرسش زیر را مشخص کنید:
کدام عامل در سلامت جسم نقش مستقیم دارد؟",کم‌خوابی مداوم,کم‌تحرکی,مصرف بی‌رویه قند,فعالیت بدنی منظم,D,فعالیت بدنی منظم از عوامل مهم سلامت جسم است. سؤال بازطراحی‌شده برای تنوع بیشتر آزمون.,ترنم همدلی,original,1405
یازدهم,انسانی,سلامت و بهداشت,سلامت و بهداشت,بخش 2,تغذیه,,متوسط,"در سؤال زیر، گزینه درست را انتخاب کنید:
کدام گزینه منبع مناسب پروتئین است؟",تخم‌مرغ,نوشابه,شکر,نمک,A,تخم‌مرغ منبع پروتئین است. سؤال بازطراحی‌شده برای تنوع بیشتر آزمون.,ترنم همدلی,original,1405
یازدهم,انسانی,سلامت و بهداشت,سلامت و بهداشت,بخش 2,تغذیه,,متوسط,"کدام گزینه پاسخ صحیح این پرسش است؟
کدام گزینه منبع مناسب پروتئین است؟",نوشابه,شکر,نمک,تخم‌مرغ,D,تخم‌مرغ منبع پروتئین است. سؤال بازطراحی‌شده برای تنوع بیشتر آزمون.,ترنم همدلی,original,1405
یازدهم,انسانی,سلامت و بهداشت,سلامت و بهداشت,بخش 2,تغذیه,,متوسط,"با دقت به پرسش زیر، گزینه درست را مشخص کنید:
کدام گزینه منبع مناسب پروتئین است؟",شکر,نمک,تخم‌مرغ,نوشابه,C,تخم‌مرغ منبع پروتئین است. سؤال بازطراحی‌شده برای تنوع بیشتر آزمون.,ترنم همدلی,original,1405
یازدهم,انسانی,سلامت و بهداشت,سلامت و بهداشت,بخش 2,تغذیه,,متوسط,"کدام گزینه با صورت سؤال زیر سازگار است؟
کدام گزینه منبع مناسب پروتئین است؟",نمک,تخم‌مرغ,نوشابه,شکر,B,تخم‌مرغ منبع پروتئین است. سؤال بازطراحی‌شده برای تنوع بیشتر آزمون.,ترنم همدلی,original,1405
یازدهم,انسانی,سلامت و بهداشت,سلامت و بهداشت,بخش 2,تغذیه,,متوسط,"پاسخ صحیح پرسش زیر کدام است؟
کدام گزینه منبع مناسب پروتئین است؟",تخم‌مرغ,نوشابه,شکر,نمک,A,تخم‌مرغ منبع پروتئین است. سؤال بازطراحی‌شده برای تنوع بیشتر آزمون.,ترنم همدلی,original,1405
یازدهم,انسانی,سلامت و بهداشت,سلامت و بهداشت,بخش 2,تغذیه,,متوسط,"در میان گزینه‌های زیر، پاسخ درست را پیدا کنید:
کدام گزینه منبع مناسب پروتئین است؟",نوشابه,شکر,نمک,تخم‌مرغ,D,تخم‌مرغ منبع پروتئین است. سؤال بازطراحی‌شده برای تنوع بیشتر آزمون.,ترنم همدلی,original,1405
یازدهم,انسانی,سلامت و بهداشت,سلامت و بهداشت,بخش 2,تغذیه,,متوسط,"کدام گزینه با محتوای سؤال زیر هماهنگ است؟
کدام گزینه منبع مناسب پروتئین است؟",شکر,نمک,تخم‌مرغ,نوشابه,C,تخم‌مرغ منبع پروتئین است. سؤال بازطراحی‌شده برای تنوع بیشتر آزمون.,ترنم همدلی,original,1405
یازدهم,انسانی,سلامت و بهداشت,سلامت و بهداشت,بخش 2,تغذیه,,متوسط,"با توجه به پرسش زیر، گزینه صحیح را انتخاب کنید:
کدام گزینه منبع مناسب پروتئین است؟",نمک,تخم‌مرغ,نوشابه,شکر,B,تخم‌مرغ منبع پروتئین است. سؤال بازطراحی‌شده برای تنوع بیشتر آزمون.,ترنم همدلی,original,1405
یازدهم,انسانی,سلامت و بهداشت,سلامت و بهداشت,بخش 2,تغذیه,,متوسط,"کدام گزینه از نظر محتوایی درست است؟
کدام گزینه منبع مناسب پروتئین است؟",تخم‌مرغ,نوشابه,شکر,نمک,A,تخم‌مرغ منبع پروتئین است. سؤال بازطراحی‌شده برای تنوع بیشتر آزمون.,ترنم همدلی,original,1405
یازدهم,انسانی,سلامت و بهداشت,سلامت و بهداشت,بخش 2,تغذیه,,متوسط,"گزینه درست برای پرسش زیر را مشخص کنید:
کدام گزینه منبع مناسب پروتئین است؟",نوشابه,شکر,نمک,تخم‌مرغ,D,تخم‌مرغ منبع پروتئین است. سؤال بازطراحی‌شده برای تنوع بیشتر آزمون.,ترنم همدلی,original,1405
یازدهم,انسانی,سلامت و بهداشت,سلامت و بهداشت,بخش 3,خواب,,متوسط,"در سؤال زیر، گزینه درست را انتخاب کنید:
خواب کافی چه اثری دارد؟",بهبود توجه و یادگیری,کاهش تمرکز,افزایش خستگی,اختلال حافظه,A,خواب کافی به عملکرد شناختی کمک می‌کند. سؤال بازطراحی‌شده برای تنوع بیشتر آزمون.,ترنم همدلی,original,1405
یازدهم,انسانی,سلامت و بهداشت,سلامت و بهداشت,بخش 3,خواب,,متوسط,"کدام گزینه پاسخ صحیح این پرسش است؟
خواب کافی چه اثری دارد؟",کاهش تمرکز,افزایش خستگی,اختلال حافظه,بهبود توجه و یادگیری,D,خواب کافی به عملکرد شناختی کمک می‌کند. سؤال بازطراحی‌شده برای تنوع بیشتر آزمون.,ترنم همدلی,original,1405
یازدهم,انسانی,سلامت و بهداشت,سلامت و بهداشت,بخش 3,خواب,,متوسط,"با دقت به پرسش زیر، گزینه درست را مشخص کنید:
خواب کافی چه اثری دارد؟",افزایش خستگی,اختلال حافظه,بهبود توجه و یادگیری,کاهش تمرکز,C,خواب کافی به عملکرد شناختی کمک می‌کند. سؤال بازطراحی‌شده برای تنوع بیشتر آزمون.,ترنم همدلی,original,1405
یازدهم,انسانی,سلامت و بهداشت,سلامت و بهداشت,بخش 3,خواب,,متوسط,"کدام گزینه با صورت سؤال زیر سازگار است؟
خواب کافی چه اثری دارد؟",اختلال حافظه,بهبود توجه و یادگیری,کاهش تمرکز,افزایش خستگی,B,خواب کافی به عملکرد شناختی کمک می‌کند. سؤال بازطراحی‌شده برای تنوع بیشتر آزمون.,ترنم همدلی,original,1405
یازدهم,انسانی,سلامت و بهداشت,سلامت و بهداشت,بخش 3,خواب,,متوسط,"پاسخ صحیح پرسش زیر کدام است؟
خواب کافی چه اثری دارد؟",بهبود توجه و یادگیری,کاهش تمرکز,افزایش خستگی,اختلال حافظه,A,خواب کافی به عملکرد شناختی کمک می‌کند. سؤال بازطراحی‌شده برای تنوع بیشتر آزمون.,ترنم همدلی,original,1405
یازدهم,انسانی,سلامت و بهداشت,سلامت و بهداشت,بخش 3,خواب,,متوسط,"در میان گزینه‌های زیر، پاسخ درست را پیدا کنید:
خواب کافی چه اثری دارد؟",کاهش تمرکز,افزایش خستگی,اختلال حافظه,بهبود توجه و یادگیری,D,خواب کافی به عملکرد شناختی کمک می‌کند. سؤال بازطراحی‌شده برای تنوع بیشتر آزمون.,ترنم همدلی,original,1405
یازدهم,انسانی,سلامت و بهداشت,سلامت و بهداشت,بخش 3,خواب,,متوسط,"کدام گزینه با محتوای سؤال زیر هماهنگ است؟
خواب کافی چه اثری دارد؟",افزایش خستگی,اختلال حافظه,بهبود توجه و یادگیری,کاهش تمرکز,C,خواب کافی به عملکرد شناختی کمک می‌کند. سؤال بازطراحی‌شده برای تنوع بیشتر آزمون.,ترنم همدلی,original,1405
یازدهم,انسانی,سلامت و بهداشت,سلامت و بهداشت,بخش 3,خواب,,متوسط,"با توجه به پرسش زیر، گزینه صحیح را انتخاب کنید:
خواب کافی چه اثری دارد؟",اختلال حافظه,بهبود توجه و یادگیری,کاهش تمرکز,افزایش خستگی,B,خواب کافی به عملکرد شناختی کمک می‌کند. سؤال بازطراحی‌شده برای تنوع بیشتر آزمون.,ترنم همدلی,original,1405
یازدهم,انسانی,سلامت و بهداشت,سلامت و بهداشت,بخش 3,خواب,,متوسط,"کدام گزینه از نظر محتوایی درست است؟
خواب کافی چه اثری دارد؟",بهبود توجه و یادگیری,کاهش تمرکز,افزایش خستگی,اختلال حافظه,A,خواب کافی به عملکرد شناختی کمک می‌کند. سؤال بازطراحی‌شده برای تنوع بیشتر آزمون.,ترنم همدلی,original,1405
یازدهم,انسانی,سلامت و بهداشت,سلامت و بهداشت,بخش 3,خواب,,متوسط,"گزینه درست برای پرسش زیر را مشخص کنید:
خواب کافی چه اثری دارد؟",کاهش تمرکز,افزایش خستگی,اختلال حافظه,بهبود توجه و یادگیری,D,خواب کافی به عملکرد شناختی کمک می‌کند. سؤال بازطراحی‌شده برای تنوع بیشتر آزمون.,ترنم همدلی,original,1405
یازدهم,انسانی,سلامت و بهداشت,سلامت و بهداشت,بخش 4,سلامت روان,,متوسط,"در سؤال زیر، گزینه درست را انتخاب کنید:
کدام رفتار برای مدیریت استرس مناسب‌تر است؟",برنامه‌ریزی و فعالیت بدنی,حذف خواب,انزوا,مصرف خودسرانه دارو,A,برنامه‌ریزی و فعالیت بدنی از راهکارهای سالم مدیریت استرس‌اند. سؤال بازطراحی‌شده برای تنوع بیشتر آزمون.,ترنم همدلی,original,1405
یازدهم,انسانی,سلامت و بهداشت,سلامت و بهداشت,بخش 4,سلامت روان,,متوسط,"کدام گزینه پاسخ صحیح این پرسش است؟
کدام رفتار برای مدیریت استرس مناسب‌تر است؟",حذف خواب,انزوا,مصرف خودسرانه دارو,برنامه‌ریزی و فعالیت بدنی,D,برنامه‌ریزی و فعالیت بدنی از راهکارهای سالم مدیریت استرس‌اند. سؤال بازطراحی‌شده برای تنوع بیشتر آزمون.,ترنم همدلی,original,1405
یازدهم,انسانی,سلامت و بهداشت,سلامت و بهداشت,بخش 4,سلامت روان,,متوسط,"با دقت به پرسش زیر، گزینه درست را مشخص کنید:
کدام رفتار برای مدیریت استرس مناسب‌تر است؟",انزوا,مصرف خودسرانه دارو,برنامه‌ریزی و فعالیت بدنی,حذف خواب,C,برنامه‌ریزی و فعالیت بدنی از راهکارهای سالم مدیریت استرس‌اند. سؤال بازطراحی‌شده برای تنوع بیشتر آزمون.,ترنم همدلی,original,1405
یازدهم,انسانی,سلامت و بهداشت,سلامت و بهداشت,بخش 4,سلامت روان,,متوسط,"کدام گزینه با صورت سؤال زیر سازگار است؟
کدام رفتار برای مدیریت استرس مناسب‌تر است؟",مصرف خودسرانه دارو,برنامه‌ریزی و فعالیت بدنی,حذف خواب,انزوا,B,برنامه‌ریزی و فعالیت بدنی از راهکارهای سالم مدیریت استرس‌اند. سؤال بازطراحی‌شده برای تنوع بیشتر آزمون.,ترنم همدلی,original,1405
یازدهم,انسانی,سلامت و بهداشت,سلامت و بهداشت,بخش 4,سلامت روان,,متوسط,"پاسخ صحیح پرسش زیر کدام است؟
کدام رفتار برای مدیریت استرس مناسب‌تر است؟",برنامه‌ریزی و فعالیت بدنی,حذف خواب,انزوا,مصرف خودسرانه دارو,A,برنامه‌ریزی و فعالیت بدنی از راهکارهای سالم مدیریت استرس‌اند. سؤال بازطراحی‌شده برای تنوع بیشتر آزمون.,ترنم همدلی,original,1405
یازدهم,انسانی,سلامت و بهداشت,سلامت و بهداشت,بخش 4,سلامت روان,,متوسط,"در میان گزینه‌های زیر، پاسخ درست را پیدا کنید:
کدام رفتار برای مدیریت استرس مناسب‌تر است؟",حذف خواب,انزوا,مصرف خودسرانه دارو,برنامه‌ریزی و فعالیت بدنی,D,برنامه‌ریزی و فعالیت بدنی از راهکارهای سالم مدیریت استرس‌اند. سؤال بازطراحی‌شده برای تنوع بیشتر آزمون.,ترنم همدلی,original,1405
یازدهم,انسانی,سلامت و بهداشت,سلامت و بهداشت,بخش 4,سلامت روان,,متوسط,"کدام گزینه با محتوای سؤال زیر هماهنگ است؟
کدام رفتار برای مدیریت استرس مناسب‌تر است؟",انزوا,مصرف خودسرانه دارو,برنامه‌ریزی و فعالیت بدنی,حذف خواب,C,برنامه‌ریزی و فعالیت بدنی از راهکارهای سالم مدیریت استرس‌اند. سؤال بازطراحی‌شده برای تنوع بیشتر آزمون.,ترنم همدلی,original,1405
یازدهم,انسانی,سلامت و بهداشت,سلامت و بهداشت,بخش 4,سلامت روان,,متوسط,"با توجه به پرسش زیر، گزینه صحیح را انتخاب کنید:
کدام رفتار برای مدیریت استرس مناسب‌تر است؟",مصرف خودسرانه دارو,برنامه‌ریزی و فعالیت بدنی,حذف خواب,انزوا,B,برنامه‌ریزی و فعالیت بدنی از راهکارهای سالم مدیریت استرس‌اند. سؤال بازطراحی‌شده برای تنوع بیشتر آزمون.,ترنم همدلی,original,1405
یازدهم,انسانی,سلامت و بهداشت,سلامت و بهداشت,بخش 4,سلامت روان,,متوسط,"کدام گزینه از نظر محتوایی درست است؟
کدام رفتار برای مدیریت استرس مناسب‌تر است؟",برنامه‌ریزی و فعالیت بدنی,حذف خواب,انزوا,مصرف خودسرانه دارو,A,برنامه‌ریزی و فعالیت بدنی از راهکارهای سالم مدیریت استرس‌اند. سؤال بازطراحی‌شده برای تنوع بیشتر آزمون.,ترنم همدلی,original,1405
یازدهم,انسانی,سلامت و بهداشت,سلامت و بهداشت,بخش 4,سلامت روان,,متوسط,"گزینه درست برای پرسش زیر را مشخص کنید:
کدام رفتار برای مدیریت استرس مناسب‌تر است؟",حذف خواب,انزوا,مصرف خودسرانه دارو,برنامه‌ریزی و فعالیت بدنی,D,برنامه‌ریزی و فعالیت بدنی از راهکارهای سالم مدیریت استرس‌اند. سؤال بازطراحی‌شده برای تنوع بیشتر آزمون.,ترنم همدلی,original,1405
یازدهم,انسانی,سلامت و بهداشت,سلامت و بهداشت,بخش 5,پیشگیری,,متوسط,"در سؤال زیر، گزینه درست را انتخاب کنید:
کدام مورد از اصول پیشگیری است؟",رعایت بهداشت و واکسیناسیون مناسب,نادیده گرفتن علائم,خوددرمانی دائمی,حذف مراجعه پزشکی,A,پیشگیری شامل رفتارهای بهداشتی و واکسیناسیون مناسب است. سؤال بازطراحی‌شده برای تنوع بیشتر آزمون.,ترنم همدلی,original,1405
یازدهم,انسانی,سلامت و بهداشت,سلامت و بهداشت,بخش 5,پیشگیری,,متوسط,"کدام گزینه پاسخ صحیح این پرسش است؟
کدام مورد از اصول پیشگیری است؟",نادیده گرفتن علائم,خوددرمانی دائمی,حذف مراجعه پزشکی,رعایت بهداشت و واکسیناسیون مناسب,D,پیشگیری شامل رفتارهای بهداشتی و واکسیناسیون مناسب است. سؤال بازطراحی‌شده برای تنوع بیشتر آزمون.,ترنم همدلی,original,1405
یازدهم,انسانی,سلامت و بهداشت,سلامت و بهداشت,بخش 5,پیشگیری,,متوسط,"با دقت به پرسش زیر، گزینه درست را مشخص کنید:
کدام مورد از اصول پیشگیری است؟",خوددرمانی دائمی,حذف مراجعه پزشکی,رعایت بهداشت و واکسیناسیون مناسب,نادیده گرفتن علائم,C,پیشگیری شامل رفتارهای بهداشتی و واکسیناسیون مناسب است. سؤال بازطراحی‌شده برای تنوع بیشتر آزمون.,ترنم همدلی,original,1405
یازدهم,انسانی,سلامت و بهداشت,سلامت و بهداشت,بخش 5,پیشگیری,,متوسط,"کدام گزینه با صورت سؤال زیر سازگار است؟
کدام مورد از اصول پیشگیری است؟",حذف مراجعه پزشکی,رعایت بهداشت و واکسیناسیون مناسب,نادیده گرفتن علائم,خوددرمانی دائمی,B,پیشگیری شامل رفتارهای بهداشتی و واکسیناسیون مناسب است. سؤال بازطراحی‌شده برای تنوع بیشتر آزمون.,ترنم همدلی,original,1405
یازدهم,انسانی,سلامت و بهداشت,سلامت و بهداشت,بخش 5,پیشگیری,,متوسط,"پاسخ صحیح پرسش زیر کدام است؟
کدام مورد از اصول پیشگیری است؟",رعایت بهداشت و واکسیناسیون مناسب,نادیده گرفتن علائم,خوددرمانی دائمی,حذف مراجعه پزشکی,A,پیشگیری شامل رفتارهای بهداشتی و واکسیناسیون مناسب است. سؤال بازطراحی‌شده برای تنوع بیشتر آزمون.,ترنم همدلی,original,1405
یازدهم,انسانی,سلامت و بهداشت,سلامت و بهداشت,بخش 5,پیشگیری,,متوسط,"در میان گزینه‌های زیر، پاسخ درست را پیدا کنید:
کدام مورد از اصول پیشگیری است؟",نادیده گرفتن علائم,خوددرمانی دائمی,حذف مراجعه پزشکی,رعایت بهداشت و واکسیناسیون مناسب,D,پیشگیری شامل رفتارهای بهداشتی و واکسیناسیون مناسب است. سؤال بازطراحی‌شده برای تنوع بیشتر آزمون.,ترنم همدلی,original,1405
یازدهم,انسانی,سلامت و بهداشت,سلامت و بهداشت,بخش 5,پیشگیری,,متوسط,"کدام گزینه با محتوای سؤال زیر هماهنگ است؟
کدام مورد از اصول پیشگیری است؟",خوددرمانی دائمی,حذف مراجعه پزشکی,رعایت بهداشت و واکسیناسیون مناسب,نادیده گرفتن علائم,C,پیشگیری شامل رفتارهای بهداشتی و واکسیناسیون مناسب است. سؤال بازطراحی‌شده برای تنوع بیشتر آزمون.,ترنم همدلی,original,1405
یازدهم,انسانی,سلامت و بهداشت,سلامت و بهداشت,بخش 5,پیشگیری,,متوسط,"با توجه به پرسش زیر، گزینه صحیح را انتخاب کنید:
کدام مورد از اصول پیشگیری است؟",حذف مراجعه پزشکی,رعایت بهداشت و واکسیناسیون مناسب,نادیده گرفتن علائم,خوددرمانی دائمی,B,پیشگیری شامل رفتارهای بهداشتی و واکسیناسیون مناسب است. سؤال بازطراحی‌شده برای تنوع بیشتر آزمون.,ترنم همدلی,original,1405
یازدهم,انسانی,سلامت و بهداشت,سلامت و بهداشت,بخش 5,پیشگیری,,متوسط,"کدام گزینه از نظر محتوایی درست است؟
کدام مورد از اصول پیشگیری است؟",رعایت بهداشت و واکسیناسیون مناسب,نادیده گرفتن علائم,خوددرمانی دائمی,حذف مراجعه پزشکی,A,پیشگیری شامل رفتارهای بهداشتی و واکسیناسیون مناسب است. سؤال بازطراحی‌شده برای تنوع بیشتر آزمون.,ترنم همدلی,original,1405
یازدهم,انسانی,سلامت و بهداشت,سلامت و بهداشت,بخش 5,پیشگیری,,متوسط,"گزینه درست برای پرسش زیر را مشخص کنید:
کدام مورد از اصول پیشگیری است؟",نادیده گرفتن علائم,خوددرمانی دائمی,حذف مراجعه پزشکی,رعایت بهداشت و واکسیناسیون مناسب,D,پیشگیری شامل رفتارهای بهداشتی و واکسیناسیون مناسب است. سؤال بازطراحی‌شده برای تنوع بیشتر آزمون.,ترنم همدلی,original,1405
یازدهم,انسانی,سلامت و بهداشت,سلامت و بهداشت,بخش 6,مواد و دخانیات,,متوسط,"در سؤال زیر، گزینه درست را انتخاب کنید:
مصرف دخانیات چه اثری می‌تواند داشته باشد؟",افزایش خطر بیماری‌ها,تقویت قطعی سلامت,افزایش ظرفیت ریه,کاهش همه خطرها,A,دخانیات خطر بیماری‌های مختلف را افزایش می‌دهد. سؤال بازطراحی‌شده برای تنوع بیشتر آزمون.,ترنم همدلی,original,1405
یازدهم,انسانی,سلامت و بهداشت,سلامت و بهداشت,بخش 6,مواد و دخانیات,,متوسط,"کدام گزینه پاسخ صحیح این پرسش است؟
مصرف دخانیات چه اثری می‌تواند داشته باشد؟",تقویت قطعی سلامت,افزایش ظرفیت ریه,کاهش همه خطرها,افزایش خطر بیماری‌ها,D,دخانیات خطر بیماری‌های مختلف را افزایش می‌دهد. سؤال بازطراحی‌شده برای تنوع بیشتر آزمون.,ترنم همدلی,original,1405
یازدهم,انسانی,سلامت و بهداشت,سلامت و بهداشت,بخش 6,مواد و دخانیات,,متوسط,"با دقت به پرسش زیر، گزینه درست را مشخص کنید:
مصرف دخانیات چه اثری می‌تواند داشته باشد؟",افزایش ظرفیت ریه,کاهش همه خطرها,افزایش خطر بیماری‌ها,تقویت قطعی سلامت,C,دخانیات خطر بیماری‌های مختلف را افزایش می‌دهد. سؤال بازطراحی‌شده برای تنوع بیشتر آزمون.,ترنم همدلی,original,1405
یازدهم,انسانی,سلامت و بهداشت,سلامت و بهداشت,بخش 6,مواد و دخانیات,,متوسط,"کدام گزینه با صورت سؤال زیر سازگار است؟
مصرف دخانیات چه اثری می‌تواند داشته باشد؟",کاهش همه خطرها,افزایش خطر بیماری‌ها,تقویت قطعی سلامت,افزایش ظرفیت ریه,B,دخانیات خطر بیماری‌های مختلف را افزایش می‌دهد. سؤال بازطراحی‌شده برای تنوع بیشتر آزمون.,ترنم همدلی,original,1405
یازدهم,انسانی,سلامت و بهداشت,سلامت و بهداشت,بخش 6,مواد و دخانیات,,متوسط,"پاسخ صحیح پرسش زیر کدام است؟
مصرف دخانیات چه اثری می‌تواند داشته باشد؟",افزایش خطر بیماری‌ها,تقویت قطعی سلامت,افزایش ظرفیت ریه,کاهش همه خطرها,A,دخانیات خطر بیماری‌های مختلف را افزایش می‌دهد. سؤال بازطراحی‌شده برای تنوع بیشتر آزمون.,ترنم همدلی,original,1405
یازدهم,انسانی,سلامت و بهداشت,سلامت و بهداشت,بخش 6,مواد و دخانیات,,متوسط,"در میان گزینه‌های زیر، پاسخ درست را پیدا کنید:
مصرف دخانیات چه اثری می‌تواند داشته باشد؟",تقویت قطعی سلامت,افزایش ظرفیت ریه,کاهش همه خطرها,افزایش خطر بیماری‌ها,D,دخانیات خطر بیماری‌های مختلف را افزایش می‌دهد. سؤال بازطراحی‌شده برای تنوع بیشتر آزمون.,ترنم همدلی,original,1405
یازدهم,انسانی,سلامت و بهداشت,سلامت و بهداشت,بخش 6,مواد و دخانیات,,متوسط,"کدام گزینه با محتوای سؤال زیر هماهنگ است؟
مصرف دخانیات چه اثری می‌تواند داشته باشد؟",افزایش ظرفیت ریه,کاهش همه خطرها,افزایش خطر بیماری‌ها,تقویت قطعی سلامت,C,دخانیات خطر بیماری‌های مختلف را افزایش می‌دهد. سؤال بازطراحی‌شده برای تنوع بیشتر آزمون.,ترنم همدلی,original,1405
یازدهم,انسانی,سلامت و بهداشت,سلامت و بهداشت,بخش 6,مواد و دخانیات,,متوسط,"با توجه به پرسش زیر، گزینه صحیح را انتخاب کنید:
مصرف دخانیات چه اثری می‌تواند داشته باشد؟",کاهش همه خطرها,افزایش خطر بیماری‌ها,تقویت قطعی سلامت,افزایش ظرفیت ریه,B,دخانیات خطر بیماری‌های مختلف را افزایش می‌دهد. سؤال بازطراحی‌شده برای تنوع بیشتر آزمون.,ترنم همدلی,original,1405
یازدهم,انسانی,سلامت و بهداشت,سلامت و بهداشت,بخش 6,مواد و دخانیات,,متوسط,"کدام گزینه از نظر محتوایی درست است؟
مصرف دخانیات چه اثری می‌تواند داشته باشد؟",افزایش خطر بیماری‌ها,تقویت قطعی سلامت,افزایش ظرفیت ریه,کاهش همه خطرها,A,دخانیات خطر بیماری‌های مختلف را افزایش می‌دهد. سؤال بازطراحی‌شده برای تنوع بیشتر آزمون.,ترنم همدلی,original,1405
یازدهم,انسانی,سلامت و بهداشت,سلامت و بهداشت,بخش 6,مواد و دخانیات,,متوسط,"گزینه درست برای پرسش زیر را مشخص کنید:
مصرف دخانیات چه اثری می‌تواند داشته باشد؟",تقویت قطعی سلامت,افزایش ظرفیت ریه,کاهش همه خطرها,افزایش خطر بیماری‌ها,D,دخانیات خطر بیماری‌های مختلف را افزایش می‌دهد. سؤال بازطراحی‌شده برای تنوع بیشتر آزمون.,ترنم همدلی,original,1405
یازدهم,انسانی,هویت اجتماعی,هویت اجتماعی,بخش 1,هویت,,متوسط,"در سؤال زیر، گزینه درست را انتخاب کنید:
هویت اجتماعی به چه چیزی مربوط است؟",تعلق‌ها و نقش‌های اجتماعی,فقط ویژگی جسمی,فقط نمره مدرسه,فقط درآمد,A,هویت اجتماعی با تعلقات و نقش‌های فرد مرتبط است. سؤال بازطراحی‌شده برای تنوع بیشتر آزمون.,ترنم همدلی,original,1405
یازدهم,انسانی,هویت اجتماعی,هویت اجتماعی,بخش 1,هویت,,متوسط,"کدام گزینه پاسخ صحیح این پرسش است؟
هویت اجتماعی به چه چیزی مربوط است؟",فقط ویژگی جسمی,فقط نمره مدرسه,فقط درآمد,تعلق‌ها و نقش‌های اجتماعی,D,هویت اجتماعی با تعلقات و نقش‌های فرد مرتبط است. سؤال بازطراحی‌شده برای تنوع بیشتر آزمون.,ترنم همدلی,original,1405
یازدهم,انسانی,هویت اجتماعی,هویت اجتماعی,بخش 1,هویت,,متوسط,"با دقت به پرسش زیر، گزینه درست را مشخص کنید:
هویت اجتماعی به چه چیزی مربوط است؟",فقط نمره مدرسه,فقط درآمد,تعلق‌ها و نقش‌های اجتماعی,فقط ویژگی جسمی,C,هویت اجتماعی با تعلقات و نقش‌های فرد مرتبط است. سؤال بازطراحی‌شده برای تنوع بیشتر آزمون.,ترنم همدلی,original,1405
یازدهم,انسانی,هویت اجتماعی,هویت اجتماعی,بخش 1,هویت,,متوسط,"کدام گزینه با صورت سؤال زیر سازگار است؟
هویت اجتماعی به چه چیزی مربوط است؟",فقط درآمد,تعلق‌ها و نقش‌های اجتماعی,فقط ویژگی جسمی,فقط نمره مدرسه,B,هویت اجتماعی با تعلقات و نقش‌های فرد مرتبط است. سؤال بازطراحی‌شده برای تنوع بیشتر آزمون.,ترنم همدلی,original,1405
یازدهم,انسانی,هویت اجتماعی,هویت اجتماعی,بخش 1,هویت,,متوسط,"پاسخ صحیح پرسش زیر کدام است؟
هویت اجتماعی به چه چیزی مربوط است؟",تعلق‌ها و نقش‌های اجتماعی,فقط ویژگی جسمی,فقط نمره مدرسه,فقط درآمد,A,هویت اجتماعی با تعلقات و نقش‌های فرد مرتبط است. سؤال بازطراحی‌شده برای تنوع بیشتر آزمون.,ترنم همدلی,original,1405
یازدهم,انسانی,هویت اجتماعی,هویت اجتماعی,بخش 1,هویت,,متوسط,"در میان گزینه‌های زیر، پاسخ درست را پیدا کنید:
هویت اجتماعی به چه چیزی مربوط است؟",فقط ویژگی جسمی,فقط نمره مدرسه,فقط درآمد,تعلق‌ها و نقش‌های اجتماعی,D,هویت اجتماعی با تعلقات و نقش‌های فرد مرتبط است. سؤال بازطراحی‌شده برای تنوع بیشتر آزمون.,ترنم همدلی,original,1405
یازدهم,انسانی,هویت اجتماعی,هویت اجتماعی,بخش 1,هویت,,متوسط,"کدام گزینه با محتوای سؤال زیر هماهنگ است؟
هویت اجتماعی به چه چیزی مربوط است؟",فقط نمره مدرسه,فقط درآمد,تعلق‌ها و نقش‌های اجتماعی,فقط ویژگی جسمی,C,هویت اجتماعی با تعلقات و نقش‌های فرد مرتبط است. سؤال بازطراحی‌شده برای تنوع بیشتر آزمون.,ترنم همدلی,original,1405
یازدهم,انسانی,هویت اجتماعی,هویت اجتماعی,بخش 1,هویت,,متوسط,"با توجه به پرسش زیر، گزینه صحیح را انتخاب کنید:
هویت اجتماعی به چه چیزی مربوط است؟",فقط درآمد,تعلق‌ها و نقش‌های اجتماعی,فقط ویژگی جسمی,فقط نمره مدرسه,B,هویت اجتماعی با تعلقات و نقش‌های فرد مرتبط است. سؤال بازطراحی‌شده برای تنوع بیشتر آزمون.,ترنم همدلی,original,1405
یازدهم,انسانی,هویت اجتماعی,هویت اجتماعی,بخش 1,هویت,,متوسط,"کدام گزینه از نظر محتوایی درست است؟
هویت اجتماعی به چه چیزی مربوط است؟",تعلق‌ها و نقش‌های اجتماعی,فقط ویژگی جسمی,فقط نمره مدرسه,فقط درآمد,A,هویت اجتماعی با تعلقات و نقش‌های فرد مرتبط است. سؤال بازطراحی‌شده برای تنوع بیشتر آزمون.,ترنم همدلی,original,1405
یازدهم,انسانی,هویت اجتماعی,هویت اجتماعی,بخش 1,هویت,,متوسط,"گزینه درست برای پرسش زیر را مشخص کنید:
هویت اجتماعی به چه چیزی مربوط است؟",فقط ویژگی جسمی,فقط نمره مدرسه,فقط درآمد,تعلق‌ها و نقش‌های اجتماعی,D,هویت اجتماعی با تعلقات و نقش‌های فرد مرتبط است. سؤال بازطراحی‌شده برای تنوع بیشتر آزمون.,ترنم همدلی,original,1405
یازدهم,انسانی,هویت اجتماعی,هویت اجتماعی,بخش 2,ارزش‌ها,,متوسط,"در سؤال زیر، گزینه درست را انتخاب کنید:
ارزش اجتماعی چیست؟",باور درباره مطلوب و مهم بودن امور,یک قانون فیزیک,واحد اندازه‌گیری,نوع غذا,A,ارزش‌ها درباره مطلوبیت و اهمیت امور داوری ایجاد می‌کنند. سؤال بازطراحی‌شده برای تنوع بیشتر آزمون.,ترنم همدلی,original,1405
یازدهم,انسانی,هویت اجتماعی,هویت اجتماعی,بخش 2,ارزش‌ها,,متوسط,"کدام گزینه پاسخ صحیح این پرسش است؟
ارزش اجتماعی چیست؟",یک قانون فیزیک,واحد اندازه‌گیری,نوع غذا,باور درباره مطلوب و مهم بودن امور,D,ارزش‌ها درباره مطلوبیت و اهمیت امور داوری ایجاد می‌کنند. سؤال بازطراحی‌شده برای تنوع بیشتر آزمون.,ترنم همدلی,original,1405
یازدهم,انسانی,هویت اجتماعی,هویت اجتماعی,بخش 2,ارزش‌ها,,متوسط,"با دقت به پرسش زیر، گزینه درست را مشخص کنید:
ارزش اجتماعی چیست؟",واحد اندازه‌گیری,نوع غذا,باور درباره مطلوب و مهم بودن امور,یک قانون فیزیک,C,ارزش‌ها درباره مطلوبیت و اهمیت امور داوری ایجاد می‌کنند. سؤال بازطراحی‌شده برای تنوع بیشتر آزمون.,ترنم همدلی,original,1405
یازدهم,انسانی,هویت اجتماعی,هویت اجتماعی,بخش 2,ارزش‌ها,,متوسط,"کدام گزینه با صورت سؤال زیر سازگار است؟
ارزش اجتماعی چیست؟",نوع غذا,باور درباره مطلوب و مهم بودن امور,یک قانون فیزیک,واحد اندازه‌گیری,B,ارزش‌ها درباره مطلوبیت و اهمیت امور داوری ایجاد می‌کنند. سؤال بازطراحی‌شده برای تنوع بیشتر آزمون.,ترنم همدلی,original,1405
یازدهم,انسانی,هویت اجتماعی,هویت اجتماعی,بخش 2,ارزش‌ها,,متوسط,"پاسخ صحیح پرسش زیر کدام است؟
ارزش اجتماعی چیست؟",باور درباره مطلوب و مهم بودن امور,یک قانون فیزیک,واحد اندازه‌گیری,نوع غذا,A,ارزش‌ها درباره مطلوبیت و اهمیت امور داوری ایجاد می‌کنند. سؤال بازطراحی‌شده برای تنوع بیشتر آزمون.,ترنم همدلی,original,1405
یازدهم,انسانی,هویت اجتماعی,هویت اجتماعی,بخش 2,ارزش‌ها,,متوسط,"در میان گزینه‌های زیر، پاسخ درست را پیدا کنید:
ارزش اجتماعی چیست؟",یک قانون فیزیک,واحد اندازه‌گیری,نوع غذا,باور درباره مطلوب و مهم بودن امور,D,ارزش‌ها درباره مطلوبیت و اهمیت امور داوری ایجاد می‌کنند. سؤال بازطراحی‌شده برای تنوع بیشتر آزمون.,ترنم همدلی,original,1405
یازدهم,انسانی,هویت اجتماعی,هویت اجتماعی,بخش 2,ارزش‌ها,,متوسط,"کدام گزینه با محتوای سؤال زیر هماهنگ است؟
ارزش اجتماعی چیست؟",واحد اندازه‌گیری,نوع غذا,باور درباره مطلوب و مهم بودن امور,یک قانون فیزیک,C,ارزش‌ها درباره مطلوبیت و اهمیت امور داوری ایجاد می‌کنند. سؤال بازطراحی‌شده برای تنوع بیشتر آزمون.,ترنم همدلی,original,1405
یازدهم,انسانی,هویت اجتماعی,هویت اجتماعی,بخش 2,ارزش‌ها,,متوسط,"با توجه به پرسش زیر، گزینه صحیح را انتخاب کنید:
ارزش اجتماعی چیست؟",نوع غذا,باور درباره مطلوب و مهم بودن امور,یک قانون فیزیک,واحد اندازه‌گیری,B,ارزش‌ها درباره مطلوبیت و اهمیت امور داوری ایجاد می‌کنند. سؤال بازطراحی‌شده برای تنوع بیشتر آزمون.,ترنم همدلی,original,1405
یازدهم,انسانی,هویت اجتماعی,هویت اجتماعی,بخش 2,ارزش‌ها,,متوسط,"کدام گزینه از نظر محتوایی درست است؟
ارزش اجتماعی چیست؟",باور درباره مطلوب و مهم بودن امور,یک قانون فیزیک,واحد اندازه‌گیری,نوع غذا,A,ارزش‌ها درباره مطلوبیت و اهمیت امور داوری ایجاد می‌کنند. سؤال بازطراحی‌شده برای تنوع بیشتر آزمون.,ترنم همدلی,original,1405
یازدهم,انسانی,هویت اجتماعی,هویت اجتماعی,بخش 2,ارزش‌ها,,متوسط,"گزینه درست برای پرسش زیر را مشخص کنید:
ارزش اجتماعی چیست؟",یک قانون فیزیک,واحد اندازه‌گیری,نوع غذا,باور درباره مطلوب و مهم بودن امور,D,ارزش‌ها درباره مطلوبیت و اهمیت امور داوری ایجاد می‌کنند. سؤال بازطراحی‌شده برای تنوع بیشتر آزمون.,ترنم همدلی,original,1405
یازدهم,انسانی,هویت اجتماعی,هویت اجتماعی,بخش 3,نقش اجتماعی,,متوسط,"در سؤال زیر، گزینه درست را انتخاب کنید:
نقش اجتماعی چیست؟",انتظارات رفتاری مرتبط با یک جایگاه,قد فرد,نام خانوادگی,محل تولد,A,نقش مجموعه انتظارات رفتاری از یک جایگاه است. سؤال بازطراحی‌شده برای تنوع بیشتر آزمون.,ترنم همدلی,original,1405
یازدهم,انسانی,هویت اجتماعی,هویت اجتماعی,بخش 3,نقش اجتماعی,,متوسط,"کدام گزینه پاسخ صحیح این پرسش است؟
نقش اجتماعی چیست؟",قد فرد,نام خانوادگی,محل تولد,انتظارات رفتاری مرتبط با یک جایگاه,D,نقش مجموعه انتظارات رفتاری از یک جایگاه است. سؤال بازطراحی‌شده برای تنوع بیشتر آزمون.,ترنم همدلی,original,1405
یازدهم,انسانی,هویت اجتماعی,هویت اجتماعی,بخش 3,نقش اجتماعی,,متوسط,"با دقت به پرسش زیر، گزینه درست را مشخص کنید:
نقش اجتماعی چیست؟",نام خانوادگی,محل تولد,انتظارات رفتاری مرتبط با یک جایگاه,قد فرد,C,نقش مجموعه انتظارات رفتاری از یک جایگاه است. سؤال بازطراحی‌شده برای تنوع بیشتر آزمون.,ترنم همدلی,original,1405
یازدهم,انسانی,هویت اجتماعی,هویت اجتماعی,بخش 3,نقش اجتماعی,,متوسط,"کدام گزینه با صورت سؤال زیر سازگار است؟
نقش اجتماعی چیست؟",محل تولد,انتظارات رفتاری مرتبط با یک جایگاه,قد فرد,نام خانوادگی,B,نقش مجموعه انتظارات رفتاری از یک جایگاه است. سؤال بازطراحی‌شده برای تنوع بیشتر آزمون.,ترنم همدلی,original,1405
یازدهم,انسانی,هویت اجتماعی,هویت اجتماعی,بخش 3,نقش اجتماعی,,متوسط,"پاسخ صحیح پرسش زیر کدام است؟
نقش اجتماعی چیست؟",انتظارات رفتاری مرتبط با یک جایگاه,قد فرد,نام خانوادگی,محل تولد,A,نقش مجموعه انتظارات رفتاری از یک جایگاه است. سؤال بازطراحی‌شده برای تنوع بیشتر آزمون.,ترنم همدلی,original,1405
یازدهم,انسانی,هویت اجتماعی,هویت اجتماعی,بخش 3,نقش اجتماعی,,متوسط,"در میان گزینه‌های زیر، پاسخ درست را پیدا کنید:
نقش اجتماعی چیست؟",قد فرد,نام خانوادگی,محل تولد,انتظارات رفتاری مرتبط با یک جایگاه,D,نقش مجموعه انتظارات رفتاری از یک جایگاه است. سؤال بازطراحی‌شده برای تنوع بیشتر آزمون.,ترنم همدلی,original,1405
یازدهم,انسانی,هویت اجتماعی,هویت اجتماعی,بخش 3,نقش اجتماعی,,متوسط,"کدام گزینه با محتوای سؤال زیر هماهنگ است؟
نقش اجتماعی چیست؟",نام خانوادگی,محل تولد,انتظارات رفتاری مرتبط با یک جایگاه,قد فرد,C,نقش مجموعه انتظارات رفتاری از یک جایگاه است. سؤال بازطراحی‌شده برای تنوع بیشتر آزمون.,ترنم همدلی,original,1405
یازدهم,انسانی,هویت اجتماعی,هویت اجتماعی,بخش 3,نقش اجتماعی,,متوسط,"با توجه به پرسش زیر، گزینه صحیح را انتخاب کنید:
نقش اجتماعی چیست؟",محل تولد,انتظارات رفتاری مرتبط با یک جایگاه,قد فرد,نام خانوادگی,B,نقش مجموعه انتظارات رفتاری از یک جایگاه است. سؤال بازطراحی‌شده برای تنوع بیشتر آزمون.,ترنم همدلی,original,1405
یازدهم,انسانی,هویت اجتماعی,هویت اجتماعی,بخش 3,نقش اجتماعی,,متوسط,"کدام گزینه از نظر محتوایی درست است؟
نقش اجتماعی چیست؟",انتظارات رفتاری مرتبط با یک جایگاه,قد فرد,نام خانوادگی,محل تولد,A,نقش مجموعه انتظارات رفتاری از یک جایگاه است. سؤال بازطراحی‌شده برای تنوع بیشتر آزمون.,ترنم همدلی,original,1405
یازدهم,انسانی,هویت اجتماعی,هویت اجتماعی,بخش 3,نقش اجتماعی,,متوسط,"گزینه درست برای پرسش زیر را مشخص کنید:
نقش اجتماعی چیست؟",قد فرد,نام خانوادگی,محل تولد,انتظارات رفتاری مرتبط با یک جایگاه,D,نقش مجموعه انتظارات رفتاری از یک جایگاه است. سؤال بازطراحی‌شده برای تنوع بیشتر آزمون.,ترنم همدلی,original,1405
یازدهم,انسانی,هویت اجتماعی,هویت اجتماعی,بخش 4,عضویت گروهی,,متوسط,"در سؤال زیر، گزینه درست را انتخاب کنید:
عضویت در گروه چه اثری می‌تواند داشته باشد؟",شکل‌گیری احساس تعلق,حذف کامل هویت فردی,بی‌اثر بودن همیشگی,قطع ارتباط,A,گروه‌ها می‌توانند احساس تعلق و هویت اجتماعی را شکل دهند. سؤال بازطراحی‌شده برای تنوع بیشتر آزمون.,ترنم همدلی,original,1405
یازدهم,انسانی,هویت اجتماعی,هویت اجتماعی,بخش 4,عضویت گروهی,,متوسط,"کدام گزینه پاسخ صحیح این پرسش است؟
عضویت در گروه چه اثری می‌تواند داشته باشد؟",حذف کامل هویت فردی,بی‌اثر بودن همیشگی,قطع ارتباط,شکل‌گیری احساس تعلق,D,گروه‌ها می‌توانند احساس تعلق و هویت اجتماعی را شکل دهند. سؤال بازطراحی‌شده برای تنوع بیشتر آزمون.,ترنم همدلی,original,1405
یازدهم,انسانی,هویت اجتماعی,هویت اجتماعی,بخش 4,عضویت گروهی,,متوسط,"با دقت به پرسش زیر، گزینه درست را مشخص کنید:
عضویت در گروه چه اثری می‌تواند داشته باشد؟",بی‌اثر بودن همیشگی,قطع ارتباط,شکل‌گیری احساس تعلق,حذف کامل هویت فردی,C,گروه‌ها می‌توانند احساس تعلق و هویت اجتماعی را شکل دهند. سؤال بازطراحی‌شده برای تنوع بیشتر آزمون.,ترنم همدلی,original,1405
یازدهم,انسانی,هویت اجتماعی,هویت اجتماعی,بخش 4,عضویت گروهی,,متوسط,"کدام گزینه با صورت سؤال زیر سازگار است؟
عضویت در گروه چه اثری می‌تواند داشته باشد؟",قطع ارتباط,شکل‌گیری احساس تعلق,حذف کامل هویت فردی,بی‌اثر بودن همیشگی,B,گروه‌ها می‌توانند احساس تعلق و هویت اجتماعی را شکل دهند. سؤال بازطراحی‌شده برای تنوع بیشتر آزمون.,ترنم همدلی,original,1405
یازدهم,انسانی,هویت اجتماعی,هویت اجتماعی,بخش 4,عضویت گروهی,,متوسط,"پاسخ صحیح پرسش زیر کدام است؟
عضویت در گروه چه اثری می‌تواند داشته باشد؟",شکل‌گیری احساس تعلق,حذف کامل هویت فردی,بی‌اثر بودن همیشگی,قطع ارتباط,A,گروه‌ها می‌توانند احساس تعلق و هویت اجتماعی را شکل دهند. سؤال بازطراحی‌شده برای تنوع بیشتر آزمون.,ترنم همدلی,original,1405
یازدهم,انسانی,هویت اجتماعی,هویت اجتماعی,بخش 4,عضویت گروهی,,متوسط,"در میان گزینه‌های زیر، پاسخ درست را پیدا کنید:
عضویت در گروه چه اثری می‌تواند داشته باشد؟",حذف کامل هویت فردی,بی‌اثر بودن همیشگی,قطع ارتباط,شکل‌گیری احساس تعلق,D,گروه‌ها می‌توانند احساس تعلق و هویت اجتماعی را شکل دهند. سؤال بازطراحی‌شده برای تنوع بیشتر آزمون.,ترنم همدلی,original,1405
یازدهم,انسانی,هویت اجتماعی,هویت اجتماعی,بخش 4,عضویت گروهی,,متوسط,"کدام گزینه با محتوای سؤال زیر هماهنگ است؟
عضویت در گروه چه اثری می‌تواند داشته باشد؟",بی‌اثر بودن همیشگی,قطع ارتباط,شکل‌گیری احساس تعلق,حذف کامل هویت فردی,C,گروه‌ها می‌توانند احساس تعلق و هویت اجتماعی را شکل دهند. سؤال بازطراحی‌شده برای تنوع بیشتر آزمون.,ترنم همدلی,original,1405
یازدهم,انسانی,هویت اجتماعی,هویت اجتماعی,بخش 4,عضویت گروهی,,متوسط,"با توجه به پرسش زیر، گزینه صحیح را انتخاب کنید:
عضویت در گروه چه اثری می‌تواند داشته باشد؟",قطع ارتباط,شکل‌گیری احساس تعلق,حذف کامل هویت فردی,بی‌اثر بودن همیشگی,B,گروه‌ها می‌توانند احساس تعلق و هویت اجتماعی را شکل دهند. سؤال بازطراحی‌شده برای تنوع بیشتر آزمون.,ترنم همدلی,original,1405
یازدهم,انسانی,هویت اجتماعی,هویت اجتماعی,بخش 4,عضویت گروهی,,متوسط,"کدام گزینه از نظر محتوایی درست است؟
عضویت در گروه چه اثری می‌تواند داشته باشد؟",شکل‌گیری احساس تعلق,حذف کامل هویت فردی,بی‌اثر بودن همیشگی,قطع ارتباط,A,گروه‌ها می‌توانند احساس تعلق و هویت اجتماعی را شکل دهند. سؤال بازطراحی‌شده برای تنوع بیشتر آزمون.,ترنم همدلی,original,1405
یازدهم,انسانی,هویت اجتماعی,هویت اجتماعی,بخش 4,عضویت گروهی,,متوسط,"گزینه درست برای پرسش زیر را مشخص کنید:
عضویت در گروه چه اثری می‌تواند داشته باشد؟",حذف کامل هویت فردی,بی‌اثر بودن همیشگی,قطع ارتباط,شکل‌گیری احساس تعلق,D,گروه‌ها می‌توانند احساس تعلق و هویت اجتماعی را شکل دهند. سؤال بازطراحی‌شده برای تنوع بیشتر آزمون.,ترنم همدلی,original,1405
یازدهم,انسانی,هویت اجتماعی,هویت اجتماعی,بخش 5,مسئولیت اجتماعی,,متوسط,"در سؤال زیر، گزینه درست را انتخاب کنید:
نمونه مسئولیت اجتماعی کدام است؟",رعایت حقوق دیگران,تخریب اموال عمومی,بی‌توجهی به قانون,انتشار شایعه,A,مسئولیت اجتماعی با رعایت حقوق و منافع عمومی مرتبط است. سؤال بازطراحی‌شده برای تنوع بیشتر آزمون.,ترنم همدلی,original,1405
یازدهم,انسانی,هویت اجتماعی,هویت اجتماعی,بخش 5,مسئولیت اجتماعی,,متوسط,"کدام گزینه پاسخ صحیح این پرسش است؟
نمونه مسئولیت اجتماعی کدام است؟",تخریب اموال عمومی,بی‌توجهی به قانون,انتشار شایعه,رعایت حقوق دیگران,D,مسئولیت اجتماعی با رعایت حقوق و منافع عمومی مرتبط است. سؤال بازطراحی‌شده برای تنوع بیشتر آزمون.,ترنم همدلی,original,1405
یازدهم,انسانی,هویت اجتماعی,هویت اجتماعی,بخش 5,مسئولیت اجتماعی,,متوسط,"با دقت به پرسش زیر، گزینه درست را مشخص کنید:
نمونه مسئولیت اجتماعی کدام است؟",بی‌توجهی به قانون,انتشار شایعه,رعایت حقوق دیگران,تخریب اموال عمومی,C,مسئولیت اجتماعی با رعایت حقوق و منافع عمومی مرتبط است. سؤال بازطراحی‌شده برای تنوع بیشتر آزمون.,ترنم همدلی,original,1405
یازدهم,انسانی,هویت اجتماعی,هویت اجتماعی,بخش 5,مسئولیت اجتماعی,,متوسط,"کدام گزینه با صورت سؤال زیر سازگار است؟
نمونه مسئولیت اجتماعی کدام است؟",انتشار شایعه,رعایت حقوق دیگران,تخریب اموال عمومی,بی‌توجهی به قانون,B,مسئولیت اجتماعی با رعایت حقوق و منافع عمومی مرتبط است. سؤال بازطراحی‌شده برای تنوع بیشتر آزمون.,ترنم همدلی,original,1405
یازدهم,انسانی,هویت اجتماعی,هویت اجتماعی,بخش 5,مسئولیت اجتماعی,,متوسط,"پاسخ صحیح پرسش زیر کدام است؟
نمونه مسئولیت اجتماعی کدام است؟",رعایت حقوق دیگران,تخریب اموال عمومی,بی‌توجهی به قانون,انتشار شایعه,A,مسئولیت اجتماعی با رعایت حقوق و منافع عمومی مرتبط است. سؤال بازطراحی‌شده برای تنوع بیشتر آزمون.,ترنم همدلی,original,1405
یازدهم,انسانی,هویت اجتماعی,هویت اجتماعی,بخش 5,مسئولیت اجتماعی,,متوسط,"در میان گزینه‌های زیر، پاسخ درست را پیدا کنید:
نمونه مسئولیت اجتماعی کدام است؟",تخریب اموال عمومی,بی‌توجهی به قانون,انتشار شایعه,رعایت حقوق دیگران,D,مسئولیت اجتماعی با رعایت حقوق و منافع عمومی مرتبط است. سؤال بازطراحی‌شده برای تنوع بیشتر آزمون.,ترنم همدلی,original,1405
یازدهم,انسانی,هویت اجتماعی,هویت اجتماعی,بخش 5,مسئولیت اجتماعی,,متوسط,"کدام گزینه با محتوای سؤال زیر هماهنگ است؟
نمونه مسئولیت اجتماعی کدام است؟",بی‌توجهی به قانون,انتشار شایعه,رعایت حقوق دیگران,تخریب اموال عمومی,C,مسئولیت اجتماعی با رعایت حقوق و منافع عمومی مرتبط است. سؤال بازطراحی‌شده برای تنوع بیشتر آزمون.,ترنم همدلی,original,1405
یازدهم,انسانی,هویت اجتماعی,هویت اجتماعی,بخش 5,مسئولیت اجتماعی,,متوسط,"با توجه به پرسش زیر، گزینه صحیح را انتخاب کنید:
نمونه مسئولیت اجتماعی کدام است؟",انتشار شایعه,رعایت حقوق دیگران,تخریب اموال عمومی,بی‌توجهی به قانون,B,مسئولیت اجتماعی با رعایت حقوق و منافع عمومی مرتبط است. سؤال بازطراحی‌شده برای تنوع بیشتر آزمون.,ترنم همدلی,original,1405
یازدهم,انسانی,هویت اجتماعی,هویت اجتماعی,بخش 5,مسئولیت اجتماعی,,متوسط,"کدام گزینه از نظر محتوایی درست است؟
نمونه مسئولیت اجتماعی کدام است؟",رعایت حقوق دیگران,تخریب اموال عمومی,بی‌توجهی به قانون,انتشار شایعه,A,مسئولیت اجتماعی با رعایت حقوق و منافع عمومی مرتبط است. سؤال بازطراحی‌شده برای تنوع بیشتر آزمون.,ترنم همدلی,original,1405
یازدهم,انسانی,هویت اجتماعی,هویت اجتماعی,بخش 5,مسئولیت اجتماعی,,متوسط,"گزینه درست برای پرسش زیر را مشخص کنید:
نمونه مسئولیت اجتماعی کدام است؟",تخریب اموال عمومی,بی‌توجهی به قانون,انتشار شایعه,رعایت حقوق دیگران,D,مسئولیت اجتماعی با رعایت حقوق و منافع عمومی مرتبط است. سؤال بازطراحی‌شده برای تنوع بیشتر آزمون.,ترنم همدلی,original,1405
یازدهم,انسانی,هویت اجتماعی,هویت اجتماعی,بخش 6,رسانه,,متوسط,"در سؤال زیر، گزینه درست را انتخاب کنید:
رسانه‌ها چگونه می‌توانند بر هویت اثر بگذارند؟",با انتقال الگوها و ارزش‌ها,فقط با تغییر دما,بدون هیچ اثر ممکن,فقط با کاهش جمعیت,A,رسانه‌ها در انتقال الگوها، ارزش‌ها و سبک زندگی نقش دارند. سؤال بازطراحی‌شده برای تنوع بیشتر آزمون.,ترنم همدلی,original,1405
یازدهم,انسانی,هویت اجتماعی,هویت اجتماعی,بخش 6,رسانه,,متوسط,"کدام گزینه پاسخ صحیح این پرسش است؟
رسانه‌ها چگونه می‌توانند بر هویت اثر بگذارند؟",فقط با تغییر دما,بدون هیچ اثر ممکن,فقط با کاهش جمعیت,با انتقال الگوها و ارزش‌ها,D,رسانه‌ها در انتقال الگوها، ارزش‌ها و سبک زندگی نقش دارند. سؤال بازطراحی‌شده برای تنوع بیشتر آزمون.,ترنم همدلی,original,1405
یازدهم,انسانی,هویت اجتماعی,هویت اجتماعی,بخش 6,رسانه,,متوسط,"با دقت به پرسش زیر، گزینه درست را مشخص کنید:
رسانه‌ها چگونه می‌توانند بر هویت اثر بگذارند؟",بدون هیچ اثر ممکن,فقط با کاهش جمعیت,با انتقال الگوها و ارزش‌ها,فقط با تغییر دما,C,رسانه‌ها در انتقال الگوها، ارزش‌ها و سبک زندگی نقش دارند. سؤال بازطراحی‌شده برای تنوع بیشتر آزمون.,ترنم همدلی,original,1405
یازدهم,انسانی,هویت اجتماعی,هویت اجتماعی,بخش 6,رسانه,,متوسط,"کدام گزینه با صورت سؤال زیر سازگار است؟
رسانه‌ها چگونه می‌توانند بر هویت اثر بگذارند؟",فقط با کاهش جمعیت,با انتقال الگوها و ارزش‌ها,فقط با تغییر دما,بدون هیچ اثر ممکن,B,رسانه‌ها در انتقال الگوها، ارزش‌ها و سبک زندگی نقش دارند. سؤال بازطراحی‌شده برای تنوع بیشتر آزمون.,ترنم همدلی,original,1405
یازدهم,انسانی,هویت اجتماعی,هویت اجتماعی,بخش 6,رسانه,,متوسط,"پاسخ صحیح پرسش زیر کدام است؟
رسانه‌ها چگونه می‌توانند بر هویت اثر بگذارند؟",با انتقال الگوها و ارزش‌ها,فقط با تغییر دما,بدون هیچ اثر ممکن,فقط با کاهش جمعیت,A,رسانه‌ها در انتقال الگوها، ارزش‌ها و سبک زندگی نقش دارند. سؤال بازطراحی‌شده برای تنوع بیشتر آزمون.,ترنم همدلی,original,1405
یازدهم,انسانی,هویت اجتماعی,هویت اجتماعی,بخش 6,رسانه,,متوسط,"در میان گزینه‌های زیر، پاسخ درست را پیدا کنید:
رسانه‌ها چگونه می‌توانند بر هویت اثر بگذارند؟",فقط با تغییر دما,بدون هیچ اثر ممکن,فقط با کاهش جمعیت,با انتقال الگوها و ارزش‌ها,D,رسانه‌ها در انتقال الگوها، ارزش‌ها و سبک زندگی نقش دارند. سؤال بازطراحی‌شده برای تنوع بیشتر آزمون.,ترنم همدلی,original,1405
یازدهم,انسانی,هویت اجتماعی,هویت اجتماعی,بخش 6,رسانه,,متوسط,"کدام گزینه با محتوای سؤال زیر هماهنگ است؟
رسانه‌ها چگونه می‌توانند بر هویت اثر بگذارند؟",بدون هیچ اثر ممکن,فقط با کاهش جمعیت,با انتقال الگوها و ارزش‌ها,فقط با تغییر دما,C,رسانه‌ها در انتقال الگوها، ارزش‌ها و سبک زندگی نقش دارند. سؤال بازطراحی‌شده برای تنوع بیشتر آزمون.,ترنم همدلی,original,1405
یازدهم,انسانی,هویت اجتماعی,هویت اجتماعی,بخش 6,رسانه,,متوسط,"با توجه به پرسش زیر، گزینه صحیح را انتخاب کنید:
رسانه‌ها چگونه می‌توانند بر هویت اثر بگذارند؟",فقط با کاهش جمعیت,با انتقال الگوها و ارزش‌ها,فقط با تغییر دما,بدون هیچ اثر ممکن,B,رسانه‌ها در انتقال الگوها، ارزش‌ها و سبک زندگی نقش دارند. سؤال بازطراحی‌شده برای تنوع بیشتر آزمون.,ترنم همدلی,original,1405
یازدهم,انسانی,هویت اجتماعی,هویت اجتماعی,بخش 6,رسانه,,متوسط,"کدام گزینه از نظر محتوایی درست است؟
رسانه‌ها چگونه می‌توانند بر هویت اثر بگذارند؟",با انتقال الگوها و ارزش‌ها,فقط با تغییر دما,بدون هیچ اثر ممکن,فقط با کاهش جمعیت,A,رسانه‌ها در انتقال الگوها، ارزش‌ها و سبک زندگی نقش دارند. سؤال بازطراحی‌شده برای تنوع بیشتر آزمون.,ترنم همدلی,original,1405
یازدهم,انسانی,هویت اجتماعی,هویت اجتماعی,بخش 6,رسانه,,متوسط,"گزینه درست برای پرسش زیر را مشخص کنید:
رسانه‌ها چگونه می‌توانند بر هویت اثر بگذارند؟",فقط با تغییر دما,بدون هیچ اثر ممکن,فقط با کاهش جمعیت,با انتقال الگوها و ارزش‌ها,D,رسانه‌ها در انتقال الگوها، ارزش‌ها و سبک زندگی نقش دارند. سؤال بازطراحی‌شده برای تنوع بیشتر آزمون.,ترنم همدلی,original,1405
